tree
version=v4
num_class=3
num_tree_per_iteration=3
label_index=0
max_feature_idx=416
objective=multiclass num_class:3
feature_names=Column_0 Column_1 Column_2 Column_3 Column_4 Column_5 Column_6 Column_7 Column_8 Column_9 Column_10 Column_11 Column_12 Column_13 Column_14 Column_15 Column_16 Column_17 Column_18 Column_19 Column_20 Column_21 Column_22 Column_23 Column_24 Column_25 Column_26 Column_27 Column_28 Column_29 Column_30 Column_31 Column_32 Column_33 Column_34 Column_35 Column_36 Column_37 Column_38 Column_39 Column_40 Column_41 Column_42 Column_43 Column_44 Column_45 Column_46 Column_47 Column_48 Column_49 Column_50 Column_51 Column_52 Column_53 Column_54 Column_55 Column_56 Column_57 Column_58 Column_59 Column_60 Column_61 Column_62 Column_63 Column_64 Column_65 Column_66 Column_67 Column_68 Column_69 Column_70 Column_71 Column_72 Column_73 Column_74 Column_75 Column_76 Column_77 Column_78 Column_79 Column_80 Column_81 Column_82 Column_83 Column_84 Column_85 Column_86 Column_87 Column_88 Column_89 Column_90 Column_91 Column_92 Column_93 Column_94 Column_95 Column_96 Column_97 Column_98 Column_99 Column_100 Column_101 Column_102 Column_103 Column_104 Column_105 Column_106 Column_107 Column_108 Column_109 Column_110 Column_111 Column_112 Column_113 Column_114 Column_115 Column_116 Column_117 Column_118 Column_119 Column_120 Column_121 Column_122 Column_123 Column_124 Column_125 Column_126 Column_127 Column_128 Column_129 Column_130 Column_131 Column_132 Column_133 Column_134 Column_135 Column_136 Column_137 Column_138 Column_139 Column_140 Column_141 Column_142 Column_143 Column_144 Column_145 Column_146 Column_147 Column_148 Column_149 Column_150 Column_151 Column_152 Column_153 Column_154 Column_155 Column_156 Column_157 Column_158 Column_159 Column_160 Column_161 Column_162 Column_163 Column_164 Column_165 Column_166 Column_167 Column_168 Column_169 Column_170 Column_171 Column_172 Column_173 Column_174 Column_175 Column_176 Column_177 Column_178 Column_179 Column_180 Column_181 Column_182 Column_183 Column_184 Column_185 Column_186 Column_187 Column_188 Column_189 Column_190 Column_191 Column_192 Column_193 Column_194 Column_195 Column_196 Column_197 Column_198 Column_199 Column_200 Column_201 Column_202 Column_203 Column_204 Column_205 Column_206 Column_207 Column_208 Column_209 Column_210 Column_211 Column_212 Column_213 Column_214 Column_215 Column_216 Column_217 Column_218 Column_219 Column_220 Column_221 Column_222 Column_223 Column_224 Column_225 Column_226 Column_227 Column_228 Column_229 Column_230 Column_231 Column_232 Column_233 Column_234 Column_235 Column_236 Column_237 Column_238 Column_239 Column_240 Column_241 Column_242 Column_243 Column_244 Column_245 Column_246 Column_247 Column_248 Column_249 Column_250 Column_251 Column_252 Column_253 Column_254 Column_255 Column_256 Column_257 Column_258 Column_259 Column_260 Column_261 Column_262 Column_263 Column_264 Column_265 Column_266 Column_267 Column_268 Column_269 Column_270 Column_271 Column_272 Column_273 Column_274 Column_275 Column_276 Column_277 Column_278 Column_279 Column_280 Column_281 Column_282 Column_283 Column_284 Column_285 Column_286 Column_287 Column_288 Column_289 Column_290 Column_291 Column_292 Column_293 Column_294 Column_295 Column_296 Column_297 Column_298 Column_299 Column_300 Column_301 Column_302 Column_303 Column_304 Column_305 Column_306 Column_307 Column_308 Column_309 Column_310 Column_311 Column_312 Column_313 Column_314 Column_315 Column_316 Column_317 Column_318 Column_319 Column_320 Column_321 Column_322 Column_323 Column_324 Column_325 Column_326 Column_327 Column_328 Column_329 Column_330 Column_331 Column_332 Column_333 Column_334 Column_335 Column_336 Column_337 Column_338 Column_339 Column_340 Column_341 Column_342 Column_343 Column_344 Column_345 Column_346 Column_347 Column_348 Column_349 Column_350 Column_351 Column_352 Column_353 Column_354 Column_355 Column_356 Column_357 Column_358 Column_359 Column_360 Column_361 Column_362 Column_363 Column_364 Column_365 Column_366 Column_367 Column_368 Column_369 Column_370 Column_371 Column_372 Column_373 Column_374 Column_375 Column_376 Column_377 Column_378 Column_379 Column_380 Column_381 Column_382 Column_383 Column_384 Column_385 Column_386 Column_387 Column_388 Column_389 Column_390 Column_391 Column_392 Column_393 Column_394 Column_395 Column_396 Column_397 Column_398 Column_399 Column_400 Column_401 Column_402 Column_403 Column_404 Column_405 Column_406 Column_407 Column_408 Column_409 Column_410 Column_411 Column_412 Column_413 Column_414 Column_415 Column_416
feature_infos=[-0.049719128197650703:0.040311895433337103] [-0.0663450541940942:0.057486427184079814] [-0.068833943183390048:0.053953720345921156] [-0.053472960505976386:0.042815180811951681] [-0.090941664224045024:0.066644223323080842] [-0.032640272088618527:0.027580819487770691] [-0.14102183937784124:0.10771373887558632] [-0.018400887210564654:0.012559096588611096] [-0.17361110922614467:0.10416621457909471] [-0.014399856179255099:0.006968144381240382] [-0.25449262965092723:0.13420680106132052] [-0.011720807712765513:0.0050191302758746392] [-0.066167925241260014:0.046192020590157451] [-0.093195848862744068:0.065622859036283496] [-0.12806610244598229:0.085421952182455713] [-0.043583112270491192:0.027113695525148113] [-0.035588119281630463:0.023474672401552623] [-0.0091067524376987497:0.0088244755501383412] [0:1] [0:0.94578860401361153] [0:0.60871645327379609] [0:0.61772574708543393] [-1:1] [-1:1] [-0.43895427820383559:1.4465208862477081] [0.003668215843286084:0.20359145520402042] [-0.86514848050753834:7.8412157475408808] [-0.78756101371909237:1.7606378447215103] [0:0.25570811971040008] [-0.68717581848495901:2.2529369165860209] [8.6321868350440075e-06:0.17697390390373938] [0:0.11948542405056904] [0:0.99967045641621433] [0:0.28372867067022128] [0:0.18204629130220673] [0:0.99683390160659369] [0:0.38567288839555819] [0:0.18204629130220673] [0:0.99776209330292154] [-0.69440674831807525:1.606450048713548] [-0.081098762163562807:0.060327934790790613] [0:0.031201761921062287] [0.018765575276342331:0.96865094053593481] [0.092131965996841952:0.90948112606654119] [0:0.82607159662162988] [0:0.99954117916724161] [0.034535480065782484:0.9661588305299591] [-1:1] [0:0.99967045641621444] [0:0.96604375962309197] [-1:1] [-2:1.9623876711233428] [-0.08745167733752568:0.073665593005866725] [-0.11271347801589315:0.090344716611904463] [-0.13433861405844971:0.11839831515282451] [-0.19760076606810273:0.16720771222580488] [0.057287087310282772:0.92755118985812646] [-0.99999999999892497:-0.00045882083046423647] [0:1] [0:1] [0:1] [0:1] [0.060408973859549443:2.6362011103549414] [-0.83582223455415305:4.8748921551852451] [0:1.9601975137783092] [-0.76117532712038483:3.7900851509358819] [0:1.5440785157389447] [-0.4624066762824941:0.8475792936619031] [0:1.3438946361017476] [-0.32188173122553176:0.48432499656927175] [0.0019500431139822694:0.040837844571790974] [0:2.1802860858257631] [0:0.032653306659132707] [0:1.8865993191658648] [-1.6983146995057705:0.79090715247844967] [0:0.99819494583031809] [0:0.93781021897536088] [0:0.93675641827841793] [0:4.1653987221172333] [0.99999999999973366:0.99999999999999967] [0.1136691453906792:4.407047694737261] [0.046059013973821263:7.632607118375371] [0.06468082200247359:12.955565383516138] [-0.95917109048822058:0.94014005242424059] [0:1] [0:1] [-1923716.2307379988:131958.95802699999] [-90.645246470779057:273.73246762256281] [-0.081098762163562807:0.060327934790790613] [0:1] [0:1] [0:1] [0:0.99819494583031809] [0:1] [0:1] [0:1] [0:1] [0:1] [-10:8] none none none [0:1] [-0.013446888546824699:0.5] [-0.57731239500987042:0.45472215312808523] [-0.59030066086561073:0.96054081294611549] [0:1] [0:1] [0:1] [0:1] [0:60] [0:60] [0:120] [0:120] [-1:1] [-1:1] [-1:1] [-3.6344486977574446:1.3823335888374582] [0:1] [-0.3802519433220824:0.14011798923420121] [-0.055549792352493688:0.019885663134572296] [-1:1] [0:1] [0:1] [-56:45] [-0.26924553261649115:0.10465952599047634] [-0.021871608001581833:0.0027529361497291571] [-1:1] [0:1] [0:1] [-55:27] [-0.22731140269428446:0] [-0.013120832168030616:0] [-1:0] none [0:1] [-8:0] [-0.22526898705323445:0.0021101615466320093] [-0.060555556557755574:0] [-1:1] none [0:0.66666666666666663] [0.95468968184688852:1.0736148072435614] [-0.045128994422597102:0.037247499169487996] [0:1] [0:1] [-0.035263545305607567:0.060806085425941028] [0:1] [-0.10050279699162351:0.034274653133758763] [0:1] [0:1] [0:1] [-0.12720922373370533:0.094509011804546419] [0.0011824524062906915:0.12720922373370533] [0:1] [0:1] [0:1] [0:1] [0:1] none [0:1] [-1:1] [0:5] [-0.057489275264020596:0.021516100228950737] [0:1] [-0.013026180174074595:0.012063196282199286] [-1:1] [-0.99196220395079693:0] [0:1] [0:1] [0:1] [0:1] [0:1] [0:1] [-1:1] [0:1] [0:1] [0:0.99683390160740304] [0:0.99653226754437707] [-0.76053226754437597:0.23283390160740358] [0:1] [-0.61453226754437618:0.37883390160740271] [0:1] [-0.49653226754437835:0.49683390160740204] [0:1] [-0.37853226754437785:0.61483390160740325] [0:1] [-0.21053226754437693:0.78283390160740352] [0:1] [0.23599999999999999:0.78600000000000003] [-0.80765817167490739:0.734021016099492] [0:2.9919523099851015] [0:0.99653226754437707] none [0:1.6145322675443763] none [0:2.6145322675443761] none [0:0.99683390160740304] none [0:1.6148339016074034] none [0:2.6148339016074034] none none none [0.0019500431139822694:0.040837844571790974] [0.0019294377067237153:6.7651646587647649] [0:7.2976800594655824] [1.5334793789884715:7.8165807803386391] [0.00045882083046528912:1] [0:12.221339525788323] [0:12.904201680672228] [0:16.778666164989303] [0:1] [0:22.644668499846833] [0:24.707037069494277] [0:29.909035141530037] [0:0.99653226754437707] [0:34.917238117758977] [0:31.82718409481912] [0:47.492804063587833] [0:0.99437518262394087] [-12.162411891055889:6.7325419740077717] [-9.1525045106967244:9.7525194987292583] [-6.7110458015266108:13.281785645429803] [-19.172135002722062:9.1783080435546651] [-14.7244135353957:12.447927643133173] [-10.36806518580048:15.71754724271168] [-34.764956254434303:4.8852337770917789] [0:119] [0:119] [0:2] [0:1] [0:2] [0:1] [0:2] [0:1] [0:2] [0:1] [0:2] [0:1] [0:2] [0:1] [0:1.1636363636363636] [0:1] [0:1] [0:1] [0:2] [0:1] [0:2] [0:1] [0:2] [0:1] [0:2] [0:1] [0:2] [0:1] [0:2] [0:1] [0:1.1636363636363636] [0:1] [0:1] [0:1] [0:119] [0:1] [-0.61775308641975213:0.60714640001587206] [0:1] [-1.2618024691358019:0.24515301140960363] [0:1] [-1.617753086419752:-0.39285359998412928] none [-2.2618024691358016:-0.75484698859039634] none [-0.26180246913580185:1.2451530114096037] [0:1] [0.38224691358024793:1.6071464000158722] none [0.73819753086419815:2.2451530114096037] none [0.24606584362133863:0.74838433713646491] [0:1] [0:1] [0:1] [-0.99975308641975336:0.22514640001587166] [0:1] [-1.2357530864197508:-0.010853599984127535] [0:1] [-1.617753086419752:-0.39285359998412928] none [-0.23575308641975087:0.98914640001587251] [0:1] [0.00024691358024668899:1.2251464000158716] [0:1] [0.38224691358024793:1.6071464000158722] none [0.19112345679005319:0.80357320000769639] [-1.4558518518518515:0.35200016737802386] [0:1] [-1.1808518518518516:0.627000167378024] [0:1] [-1.0891851851851848:0.71866683404469089] [0:1] [-0.99751851851851825:0.81033350071135724] [0:1] [-0.8141851851851849:0.99366683404469114] [0:1] [-0.72251851851851823:1.0853335007113574] [0:1] [-0.63085185185185155:1.1770001673780244] [0:1] [-0.35585185185185159:1.4520001673780245] [0:1] [0:1] [0:1] [0:1] [0:1] none none [0.018765575276342331:0.96865094053593481] [-0.48123442472365768:0.46865094053593481] [0:1] [0:1] [0:0.93744808241219224] [0:0.89550313511978274] [0:1] [-4.4506634786829826:4.6185235708022976] [0.092131965996841952:0.90948112606654119] [-0.40786803400315808:0.40948112606654119] [0:1] [0:1] [0:0.69289344667719344] [0:0.69827042022180408] [0:1] [-3.0035491680486226:2.8717343157789927] [0:0.82607159662162988] [-0.31894356136377439:0.32607159662162988] [0:1] [0:1] [0:0.39647853787924797] [0:0.42023865540543281] [0:1] [-1.9366440835069576:1.682763489606399] [0:1] [0:1] [-1:1] [0:1] [0:1] [-0.42212542999265901:0.42216802830844269] [-58:55] [0:0.81896225213308238] [0:0.81573606800631604] [-0.81573606800631604:0.81896225213308238] [0:0.36910562020106014] [0:0.46187142454519914] [-0.46187142454519914:0.36469647447268883] [0:1] [0:1] [-0.64928916518350943:0.60291111854190893] [-0.58878360315365952:0.61960458894523995] none none none none [0.27393449094216182:0.67949485650289221] [0.077254521860803727:0.5] [0:1] [0:1] [0:1] [0:1] [-0.47031228230434685:1.4838070122188811] [-2:2] [-0.19411434818411577:0.13603659196020179] [-0.30870035166775778:0.12295327064258021] [0:1] [-0.40122398648134339:0.1937775538480917] [0:1] [-0.38320645641348527:0.22151592015177757] [0:0.75] [-0.36887477025419901:0.20584361763255177] [0:0.66666666666666663] [0:54.324397893387527] [0:3] [0:13] none [0:7] [-0.31922231594196415:1] [-0.34381446741153948:1.5335589270811805] [-0.44135012901771081:0.28030174166125149] [-1:1] [-0.030001590938405376:0.0082693848157595617] [0:3] [0:15] [-0.23516431764578571:0.037088129519990742] [-0.071329341347747599:0.031698198348466322] [0:1] [0:1] [-0.057489275264020596:0.021516100228950737] [0:1] [-0.29999999999999999:0.11012469635149096] [0:1] [-1:1] [0:1] none none [-0.036431238347979261:0.026502841747831785] [-0.079302919264366389:0.07701847538030604] [0.0044113783947419445:0.99003414232400022] none none none [0:1] [-1:1] [0:1] [0:1] none none
tree_sizes=2131 359 2368 2350 358 2313 2316 355 2364 2154 357 2588 2238 358 2467 2067 359 2364 2230 357 2451 2142 356 2554 2290 358 2269 2282 359 2277 2257 367 2674 2380 368 2218 1940 368 2266 2177 367 1958 2184 365 2358 2112 226 2027 2473 226 2244 1825 226 2252 2059 226 1926 2059 226 1911 2060 226 1953 1911 226 2005 2258 226 1958 2055 226 2000 1845 226 2147 1607 226 1912 2051 226 2155 1728 226 1905 1854 226 2017 1827 226 2247 1945 226 2122 1742 226 2230 1790 226 1922 1831 227 1826 1632 227 2168 2086 227 1621 2292 227 1939 1849 227 1543 2063 227 2057 2012 227 1504 1621 227 2164 1852 227 2711 2088 227 2449 1331 227 1504 1216 227 1791 2380 227 1335 1208 227 1868 1768 227 1827 1335 227 2233 1822 227 1811 1967 227 1304 1103 227 2047 1606 227 1979 1938 227 1416 1554 227 1420 1237 227 1414 1401 227 1654 1521 227 989 1634 227 1834 1117 227 1419 1727 227 1417 1283 227 1736 1518 227 1097 1735 227 1949 1331 227 1076 1927 227 1916 2111 227 1687 1522 227 1308 1508 227 1532 2019 227 994 1827 227 1641 1319 227 1546 1519 227 1643 1940 227 1309 1445 227 1311 2192 227 1745 1498 227 1618 1309 227 1695 2024 227 1653 1425 227 1680 1894 227 886 1413 227 1728 1638 227 1641 1703 227 1296 2013 227 1498 1849 227 1722 1409 227 1827 1301 227 2196 1613 227 1321 1825 227 1627 1600 227 1291 1404 227 1529 1639 227 1757 1728 227 1314 1727 227 1452 1294 227 1833 1436 227 883 1051 227 1410 1514 227 1314 1226 227 1408 1876 227 1168 1413 227 1701 1609 227 1299 1604 227 1326 1488 227 1190 1536 227 799 1321 227 1544 1511 227 1817 1395 227 1831 969 227 1388 1513 227 1521 1562 227 1712 1189 227 1188 1375 227 1406 1604 227 1062 1294 227 1321 1636 227 1004 1638 227 1324 1515 227 1497 1721 227 1620 1627 227 1498 1720 227 1383 1440 227 1411 1419 227 1366 1076 227 1078 1609 227 1271 1188 227 1336 1521 227 1528 1435 227 1259 1096 227 1273 1496 227 1373 1408 227 1406 1630 227 1199 1482 227 1386 1407 227 1084 1305 227 1169 1390 227 1322 1499 227 1216 1180 227 1324 1276 227 1274 1474 227 1376 1313 227 1262 1230 227 1278 1311 227 1291 1405 227 1299 1341 227 1401 1402 227 1174 1300 227 1296 1218 227 1293 1364 227 982 1296 227 1339 1280 227 1394 1418 227 1076 1197 227 1284 1416 227 1301 1182 227 1289 1396 227 995 1103 227 1167 1262 227 1189 1169 227 1405 1224 227 1270 1193 227 1342 1318 227 1312 1343 227 1026 1203 227 1264 1299 227 1194 1165 227 996 1175 227 974 1103 227 1089 1101 227 951 1171 227 1072 1175 227 1260 1112 227 1155 1173 227 1091 1315 227 1276 1121 227 1054 1198 227 1186 1193 227 1186 1167 227 1108 1164 227 1065 1190 227 1076 1109 227 1073 1095 227 1198 949 227 1091 1102 227 1066 1100 227 1054 1187 227 1009 950 227 1219 1103 227 884 1003 227 975 1089 227 983 1123 227 1007 1117 227 1075 1086 227 1087 1070 227 1110 982 227 1006 1192 227 1023 1175 227 1055 1123 227 1086 945 227 1061

Tree=0
num_leaves=19
num_cat=0
split_feature=303 274 299 162 393 68 397 162 86 393 86 399 221 72 349 311 126 83
split_gain=911.81 144.167 94.4754 59.4991 42.5523 34.0433 32.6881 25.7468 26.0584 25.4661 15.8258 13.3259 9.80962 7.69765 6.97117 5.36972 1.7808 1.69372
threshold=-0.091666666666667243 0.68176908075438414 -0.42905285399313881 0.32698971413760997 -0.075681566419969815 0.50799525128785161 0.014052721568580806 1.8735691408252155 -1641390.1316639991 1.0000000180025095e-35 -958507.95445399871 0.024742943269745309 10.845556361158133 0.005697609347315156 -29.499999999999996 0.69680012468961827 0.0010136152644455445 0.49667811765101649
decision_type=2 2 2 2 2 2 2 2 2 2 2 2 2 2 2 2 2 2
left_child=2 3 14 5 6 -2 -5 9 -9 10 -4 15 -10 -6 -1 -3 17 -16
right_child=1 11 7 4 13 -7 -8 8 12 -11 -12 -13 -14 -15 16 -17 -18 -19
leaf_value=-0.71010245102953617 -0.74948103226774365 -0.67862209913389204 -0.70461916524283763 -0.70412003411814361 -0.68855831376931143 -0.65724656578154139 -0.64876052557553943 -0.73554194243138826 -0.69345275733848821 -0.66486428350575533 -0.74267944220524518 -0.6805697492805044 -0.64118233452989271 -0.64026851495609272 -0.75818766588311515 -0.62948990629150658 -0.72332025746467876 -0.73529411986708271
leaf_weight=14.999998807907103 39.374996870756149 10.499999165534971 52.874995797872543 95.249992430210114 12.374999016523359 10.124999195337294 33.374997347593307 11.249999105930327 10.499999165534971 15.37499877810478 71.624994307756424 18.374998539686203 24.749998033046722 85.874993175268173 310.87497529387474 345.74997252225876 18.749998509883881 45.374996393918991
leaf_count=40 105 28 141 254 33 27 89 30 28 41 191 49 66 229 829 922 50 121
internal_value=-0.693453 -0.652989 -0.739128 -0.680815 -0.669833 -0.728672 -0.689444 -0.709142 -0.678282 -0.719855 -0.727551 -0.632857 -0.656833 -0.645532 -0.753102 -0.630663 -0.754544 -0.755785
internal_weight=1227.37 651 576.375 276.375 226.875 49.5 128.625 186.375 46.5 139.875 124.5 374.625 35.25 98.25 390 356.25 375 356.25
internal_count=3273 1736 1537 737 605 132 343 497 124 373 332 999 94 262 1040 950 1000 950
is_linear=0
shrinkage=1


Tree=1
num_leaves=2
num_cat=0
split_feature=74
split_gain=7.54925
threshold=-0.053909888507711896
decision_type=2
left_child=-1
right_child=-2
leaf_value=-5.4091196304608502 -5.3573779747608468
leaf_weight=12.385688736103477 10.011194818187503
leaf_count=1810 1463
internal_value=-5.38541
internal_weight=22.3969
internal_count=3273
is_linear=0
shrinkage=1


Tree=2
num_leaves=21
num_cat=0
split_feature=303 274 311 165 394 225 373 394 130 111 260 399 221 220 349 307 104 190 126 120
split_gain=912.033 135.477 100.352 57.11 44.9573 54.9986 19.8845 22.3239 27.008 18.9592 18.072 13.373 9.65867 8.04303 6.85721 5.41768 3.96154 1.23918 0.954321 0.833972
threshold=-0.091666666666667243 0.68176908075438414 0.39472091887645827 -0.0016679095989189034 -0.014351166550820247 2.6356969501567136 -0.060545305650491481 0.019264417474466392 16.500000000000004 24.500000000000004 0.84545454545454557 0.024742943269745309 13.459978536175095 0.90608743105846845 -29.499999999999996 0.32976207151069764 -0.30669305065661012 -0.085229752128591116 0.0010136152644455445 -0.030162295048645812
decision_type=2 2 2 2 2 2 2 2 2 2 2 2 2 2 2 2 2 2 2 2
left_child=2 3 14 13 10 -6 9 8 -8 19 -5 15 -11 -2 -1 -3 -16 -15 -18 -4
right_child=1 11 6 4 5 -7 7 -9 -10 12 -12 -13 -14 17 16 -17 18 -19 -20 -21
leaf_value=-0.68488700868525865 -0.70474363680418717 -0.71640330584698386 -0.71640330584698386 -0.75652235504719423 -0.66465521365276492 -0.73301671549681846 -0.65900143621121254 -0.73405814740141573 -0.72377266761212655 -0.67088739546471132 -0.69157382996588901 -0.71440558497006446 -0.71945888569173599 -0.71873523267982387 -0.68403572948425806 -0.76540901571657238 -0.63824180981627909 -0.75584360841060083 -0.66995814036983092 -0.75308217819045764
leaf_weight=14.998822212219237 12.748998880386351 10.499175548553465 10.499175548553469 35.622202754020691 97.492344379425049 38.246996641159058 98.242285490036011 11.624087214469908 16.123733878135681 24.748056650161743 11.999057769775389 18.373557209968567 12.37402832508087 10.124204993247984 11.249116659164427 345.72285199165344 344.597940325737 70.119493842124939 18.373557209968567 13.498939990997313
leaf_count=40 34 28 28 95 260 102 262 31 43 66 32 49 33 27 30 922 919 187 49 36
internal_value=-0.702047 -0.742517 -0.656364 -0.715513 -0.699454 -0.684531 -0.687132 -0.675887 -0.668881 -0.709672 -0.739519 -0.762042 -0.688415 -0.746791 -0.641928 -0.764236 -0.640489 -0.752533 -0.639434 -0.742266
internal_weight=1227.28 650.949 576.33 276.353 183.361 135.739 187.11 125.99 114.366 61.1202 47.6213 374.596 37.1221 92.9927 389.219 356.222 374.221 80.2437 362.971 23.9981
internal_count=3273 1736 1537 737 489 362 499 336 305 163 127 999 99 248 1038 950 998 214 968 64
is_linear=0
shrinkage=1


Tree=3
num_leaves=21
num_cat=0
split_feature=301 301 268 13 225 162 162 86 125 373 399 264 399 349 268 305 104 264 86 113
split_gain=800.123 112.12 98.0215 47.6482 47.1051 35.4806 28.6607 26.6229 21.5448 24.3315 11.5317 10.2804 7.34344 5.94038 5.62174 4.49993 3.76781 1.63844 0.778535 0.559269
threshold=-0.17352893976385916 -0.33738618732647702 -0.31806894829042648 -0.0073216424534712681 2.675620980794347 1.4660564270614354 1.8613191136163278 -1357172.4486105011 0.082926105565626518 -0.012230025869534976 0.024742943269745309 45.500000000000007 -0.25854130119029689 -29.499999999999996 -0.5352139222323955 0.23809540484403113 -0.30669305065661012 59.500000000000007 -1366929.4989190002 117.50000000000001
decision_type=2 2 2 2 2 2 2 2 2 2 2 2 2 2 2 2 2 2 2 2
left_child=1 13 3 14 5 -5 8 12 9 -3 15 -6 -8 -1 -2 -4 -15 -9 -16 -18
right_child=2 6 10 4 11 -7 7 17 -10 -11 -12 -13 -14 16 18 -17 19 -19 -20 -21
leaf_value=-0.015720756844622871 0.013800146743951797 0.00099242157902016607 0.014078039544411303 -0.038825047414026724 0 0.024394614213396084 -0.043307876693143177 0.013560266790746015 0.039444564653738218 -0.039189764257333747 0.012165383703881837 0.051290037116667277 0.0055193440906768565 -0.015726665796724906 0.019388899311882039 0.060013594577029997 -0.059122089738168397 0.052073823959135679 0.057008044792886604 -0.024006492567177334
leaf_weight=14.995616316795347 18.348115831613541 51.71347776055336 10.497866809368132 74.548897176980972 11.616882681846617 27.710707247257233 12.73745718598366 10.488360017538069 10.118839621543883 114.57440337538719 18.372245490550995 34.08357647061348 10.864368557929991 11.23595806956291 10.11062231659889 344.00536271929741 350.7499857544899 24.715568006038666 50.90727287530899 11.61368668079376
leaf_count=40 49 138 28 199 31 74 34 28 27 306 49 91 29 30 27 921 939 66 136 31
internal_value=0 -0.0395446 0.0411239 0.0146789 -0.00192781 -0.0210115 -0.0118164 0.0173306 -0.0219387 -0.0266021 0.0568674 0.0384112 -0.0208645 -0.0559814 0.045188 0.0589227 -0.0573265 0.0438741 0.0527563 -0.0583398
internal_weight=1224.01 623.808 600.202 227.326 147.96 102.26 235.212 58.8058 176.407 166.288 372.875 45.7005 23.6018 388.595 79.366 354.503 373.6 35.2039 61.0179 362.364
internal_count=3273 1668 1605 607 395 273 628 157 471 444 998 122 63 1040 212 949 1000 94 163 970
is_linear=0
shrinkage=0.05


Tree=4
num_leaves=2
num_cat=0
split_feature=74
split_gain=7.38893
threshold=-0.047331435835598172
decision_type=2
left_child=-1
right_child=-2
leaf_value=-0.023615968349496884 0.027577217698296765
leaf_weight=12.247530655004086 10.107860351912676
leaf_count=1834 1439
internal_value=0
internal_weight=22.3554
internal_count=3273
is_linear=0
shrinkage=0.05


Tree=5
num_leaves=21
num_cat=0
split_feature=303 274 311 162 165 225 162 86 86 130 373 105 399 348 221 349 311 104 30 126
split_gain=799.894 118.669 88.6162 54.7634 60.9931 34.2767 24.8816 23.7477 19.9229 18.07 20.6816 12.0249 11.614 9.27669 8.24171 5.81309 4.56279 3.66349 1.18681 0.570587
threshold=-0.091666666666667243 0.68176908075438414 0.39472091887645827 1.5132013098852151 -0.0016679095989189034 2.675620980794347 1.8735691408252155 -1395733.5468515002 -1624295.8014059993 16.500000000000004 -0.012230025869534976 0.052407317391359301 0.024742943269745309 -0.057521006932340614 10.845556361158133 -29.499999999999996 0.69680012468961827 -0.30669305065661012 0.0088463886866293421 0.0010136152644455445
decision_type=2 2 2 2 2 2 2 2 2 2 2 2 2 2 2 2 2 2 2 2
left_child=2 3 15 4 13 -6 9 11 -8 10 -4 -5 16 -2 -10 -1 -3 -17 -9 -19
right_child=1 12 6 7 5 -7 8 18 14 -11 -12 -13 -14 -15 -16 17 -18 19 -20 -21
leaf_value=0.01622285538945974 -0.049380762482952333 -0.013609707638945015 0 -0.029348799689470569 0.037635546419702501 -0.022637932860897325 0.03201487813299727 -0.018744692935005847 0 -0.020733728445407371 0.044370382972889207 0.035772879761670394 -0.01164174228611952 0 -0.049675227162007854 0.01620225884017772 -0.059482932037910774 0.059832788758838407 -0.057399952149132565 0.03033621174937844
leaf_weight=14.999038457870482 41.893013060092926 10.494273871183394 38.611214697360992 10.864895522594454 95.194548338651657 27.712707757949829 11.989769130945204 10.102268844842909 10.121406614780424 16.109807640314102 85.409023135900497 11.245645791292189 18.366558253765106 10.1106541454792 24.695307523012161 11.24220898747444 343.95182022452354 343.62381860613823 68.812765836715698 18.36618435382843
leaf_count=40 112 28 103 29 254 74 32 27 27 43 228 30 49 27 66 30 922 919 184 49
internal_value=0 -0.0379949 0.0427949 -0.0127021 0.0040576 0.0234326 0.0138587 -0.0414798 -0.0163374 0.0244252 0.0310359 0.00209831 -0.0563315 -0.0396054 -0.0355294 0.0563871 -0.0583902 0.057726 -0.0539296 0.0587349
internal_weight=1223.92 648.749 575.168 275.936 174.911 122.907 186.937 101.026 46.8065 140.13 124.02 22.1105 372.813 52.0037 34.8167 388.231 354.446 373.232 78.915 361.99
internal_count=3273 1736 1537 737 467 328 499 270 125 374 331 59 999 139 93 1038 950 998 211 968
is_linear=0
shrinkage=0.05


Tree=6
num_leaves=21
num_cat=0
split_feature=303 272 297 162 392 353 68 162 124 388 66 72 399 221 349 297 365 83 126 266
split_gain=706.604 114.357 70.9811 50.0472 36.3795 31.1082 30.6528 18.4711 18.948 18.6458 15.4511 11.3808 10.1751 6.04073 5.17375 3.86225 3.78596 5.22994 1.77954 0.432573
threshold=-0.091666666666667604 -1.3180689482904262 -0.70405285399314299 0.32698971413760997 3.5000000000000004 0.18909246988443665 0.50799525128785161 1.8735691408252155 -21.499999999999996 -0.3896505953556349 0.60100449077226625 0.005697609347315156 0.024742943269745309 12.130568223940484 -29.499999999999996 -0.40166311575772501 0.10831633295322228 0.035659382081966111 0.0010136152644455445 0.15123244842313369
decision_type=2 2 2 2 2 2 2 2 2 2 2 2 2 2 2 2 2 2 2 2
left_child=2 3 14 6 11 -6 -2 9 -9 -4 -11 -5 15 -10 -1 -3 17 -16 -18 -17
right_child=1 12 7 4 5 -7 -8 8 13 10 -12 -13 -14 -15 16 19 18 -19 -20 -21
leaf_value=-0.01484941516709614 -0.052547862990434541 0.013368258828675445 0.020924513965769581 0 -0.0066235270828616357 0.048746627115355448 0.033992903987747528 -0.029488062772471096 0 -0.041785766087461693 -0.00061963079160498645 0.052700980111217655 0.011491642229322349 0.049158058554359833 -0.042312821456727358 0.030792079885555414 -0.057030627415215335 0 -0.02629216102254698 0.05794032860552796
leaf_weight=14.983711242675779 39.545882523059845 10.49173456430435 17.228330373764038 10.848310410976408 115.08452641963959 29.079005271196365 10.446603208780287 14.194236636161802 10.474738508462908 83.891879379749298 34.41025972366333 75.948732405900955 18.364351391792297 19.738151729106903 13.296717524528505 20.68819922208786 327.79909855127335 10.023216038942335 18.671250849962234 319.55501100420952
leaf_count=40 106 28 46 29 308 78 28 38 28 225 92 204 49 53 36 56 887 27 50 865
internal_value=0 0.0355051 -0.0407618 0.0110668 0.0210337 0.00497139 -0.0326198 -0.0141436 0.0125162 -0.0233216 -0.0305355 0.0460978 0.0537336 0.0346366 -0.0528749 0.0556878 -0.0541497 -0.0247345 -0.0557571 0.0567188
internal_weight=1214.76 650.052 564.712 280.953 230.961 144.164 49.9925 179.938 44.4071 135.53 118.302 86.797 369.099 30.2129 384.774 350.735 369.79 23.3199 346.47 340.243
internal_count=3273 1751 1522 753 619 386 134 482 119 363 317 233 998 81 1040 949 1000 63 937 921
is_linear=0
shrinkage=0.05


Tree=7
num_leaves=2
num_cat=0
split_feature=62
split_gain=5.80104
threshold=0.42984608462427926
decision_type=2
left_child=-1
right_child=-2
leaf_value=-0.022731357452201197 0.022566901915561106
leaf_weight=10.99316961457953 11.279653783887623
leaf_count=1651 1622
internal_value=0
internal_weight=22.2728
internal_count=3273
is_linear=0
shrinkage=0.05


Tree=8
num_leaves=21
num_cat=0
split_feature=307 274 162 311 68 392 162 86 364 163 66 111 399 370 393 349 297 104 266 126
split_gain=709.484 124.657 57.0676 55.2619 44.2756 34.1142 50.0434 18.1484 18.1398 17.4969 14.7797 11.7571 10.2798 9.52821 5.23458 5.03805 3.93417 3.09715 0.505368 0.436971
threshold=0.16388279541380615 0.68176908075438414 0.32698971413760997 0.39472091887645827 0.50799525128785161 6.5000000000000009 1.5268559270645079 -1395733.5468515002 0.55241141722816767 -0.0099009461670979491 0.37027128453476293 41.500000000000007 0.024742943269745309 0.1678965784342453 -0.083765273654082317 -29.499999999999996 -0.40166311575772501 -0.30669305065661012 0.15123244842313369 0.0010136152644455445
decision_type=2 2 2 2 2 2 2 2 2 2 2 2 2 2 2 2 2 2 2 2
left_child=3 2 4 15 -2 7 -7 -4 9 11 -10 -5 16 -11 -12 -1 -3 -17 -18 -19
right_child=1 12 5 8 -6 6 -8 -9 10 13 14 -13 -14 -15 -16 17 18 19 -20 -21
leaf_value=0.015344357300296131 0.054539732605945773 -0.012905229445585479 -0.0014373397765478427 -0.038360372978741925 -0.043524308310117353 0.026513133900292165 -0.047342731094281644 -0.043499764917305742 0.027685918944459195 0 -0.0026955019688301631 0.021900434589285967 -0.010968144762698501 0.045603036030977692 -0.050468072915346954 0.015375458784027393 -0.030312444757703172 0.056485972376067312 -0.057466757265638747 0.028491251778127592
leaf_weight=14.991407394409178 47.050315052270889 10.485551863908766 35.547518759965897 12.66153520345688 11.931519061326979 67.673351764678955 30.867041379213333 123.62355571985245 12.302596807479857 13.447974592447279 12.712847560644148 13.088171631097792 18.354636788368225 66.115254551172256 14.196839541196825 11.230146229267119 20.639504313468933 340.25464054942131 319.17991814017296 18.317711561918259
leaf_count=40 126 28 95 34 32 181 83 332 33 36 34 35 49 177 38 30 56 919 866 49
internal_value=0 -0.0335623 -0.0102074 0.0433063 0.0327491 -0.0204943 0.0021707 -0.0346147 0.0160073 0.0267564 -0.011527 -0.00690248 -0.0532462 0.0381102 -0.0321048 0.0532275 -0.0552079 0.0544933 -0.056243 0.0554424
internal_weight=1214.67 685.353 316.693 529.319 58.9818 257.711 98.5404 159.171 144.525 105.313 39.2123 25.7497 368.66 79.5632 26.9097 384.794 350.305 369.802 339.819 358.572
internal_count=3273 1848 849 1425 158 691 264 427 387 282 105 69 999 213 72 1038 950 998 922 968
is_linear=0
shrinkage=0.05


Tree=9
num_leaves=19
num_cat=0
split_feature=301 297 274 68 165 162 162 392 86 162 68 412 69 112 365 126 355 297
split_gain=628.415 88.7483 77.5877 41.5144 30.9777 28.7728 23.2596 24.9689 25.7555 17.9428 8.93228 6.37008 5.11185 5.12915 4.28975 3.40135 2.19273 0.457459
threshold=-0.17352893976385916 -0.70405285399314299 0.70431978117430194 0.36613247980126234 -0.001135056025866012 1.4660564270614354 0.32698971413760997 5.5000000000000009 -1641390.1316639991 1.7537374534293995 0.47037367083430748 0.80000000000000016 -0.083589305757291052 113.50000000000001 0.10831633295322228 -0.0067684378072799803 0.094590991282077333 -0.36268665019508139
decision_type=2 2 2 2 2 2 2 2 2 2 2 2 2 2 2 2 2 2
left_child=1 12 3 16 15 -6 10 8 -8 -9 -3 17 -1 14 -14 -5 -2 -4
right_child=2 6 11 4 5 -7 7 9 -10 -11 -12 -13 13 -15 -16 -17 -18 -19
leaf_value=-0.011463994678607096 -0.048364019036678169 -0.053760402321615788 0.020271033824590067 0.016238727273850055 -0.012488000802559589 0.034099103831174316 -0.042904319402122561 -0.032947739121580159 0.023199566182932663 0.025599044407720834 0 0.007450549621335587 -0.02276731654694299 -0.0127210694605219 -0.05440287091330466 0.049443179420408725 -0.0085567353963171659 0.05468140183761977
leaf_weight=13.54299360513687 18.514180719852451 33.625182628631592 10.313489168882368 18.234637498855591 77.684660106897354 52.565413296222687 14.164903193712233 70.291622936725616 92.64935302734375 12.620173305273054 10.046387583017347 11.178671747446058 23.078164398670197 13.917843818664549 328.50417584180832 76.394129514694214 10.038594633340834 313.66620609164238
leaf_count=37 50 91 28 49 209 142 38 189 249 34 27 30 63 38 902 207 27 863
internal_value=5.44374e-06 -0.0353244 0.0368442 0.0154247 0.0228519 0.00628248 -0.0106039 -0.00250281 0.0130454 -0.0228715 -0.0423035 0.0526122 -0.0502126 -0.0514076 -0.0526775 0.0442525 -0.0380974 0.0539349
internal_weight=1201.03 612.441 588.59 253.432 224.879 130.25 233.398 189.726 106.814 82.9118 43.6716 335.158 379.043 365.5 351.582 94.6288 28.5528 323.98
internal_count=3273 1668 1605 684 607 351 628 510 287 223 118 921 1040 1003 965 256 77 891
is_linear=0
shrinkage=0.05


Tree=10
num_leaves=2
num_cat=0
split_feature=70
split_gain=5.56901
threshold=0.008080085038583578
decision_type=2
left_child=-1
right_child=-2
leaf_value=-0.022518204893148822 0.021964459153092877
leaf_weight=10.723439441993834 11.434573662001638
leaf_count=1638 1635
internal_value=0
internal_weight=22.158
internal_count=3273
is_linear=0
shrinkage=0.05


Tree=11
num_leaves=23
num_cat=0
split_feature=311 274 311 162 390 211 216 364 394 124 66 125 270 64 370 69 393 297 365 372 71 268
split_gain=627.769 111.481 50.8579 49.5893 39.9767 31.6867 32.8592 17.159 17.617 13.9317 13.7608 9.07749 7.39113 17.1049 6.53589 4.99885 4.55375 3.61626 3.54331 4.6414 2.65391 1.20872
threshold=0.53100513627440493 0.68176908075438414 0.39472091887645827 0.32698971413760997 -0.012852590058130218 2.7016641744342085 5.1520507801008453 0.55241141722816767 -0.013606748251183408 -21.499999999999996 0.37027128453476293 -0.1829284941954262 -0.82970664106699343 0.34007688416065124 0.23347031915335933 -0.083589305757291052 -0.083765273654082317 -0.40166311575772501 0.10831633295322228 1.0000000180025095e-35 0.50724434619623937 -0.62996760175377464
decision_type=2 2 2 2 2 2 2 2 2 2 2 2 2 2 2 2 2 2 2 2 2 2
left_child=2 3 15 4 -2 6 -5 8 9 -4 -9 -7 13 -3 -10 -1 -12 -14 19 -17 -19 -20
right_child=1 12 7 5 -6 11 -8 10 14 -11 16 -13 17 -15 -16 18 -18 20 21 -21 -22 -23
leaf_value=0.011931926464613727 -0.041790500767680469 0.023088927454636744 0.034932827523583232 0.016090083848674736 0.051643902723090274 0.0011686139494121262 -0.031916084480838096 0.026135340883567955 0.0042054164162576178 -0.02410264392278158 -0.0038633454710238976 -0.042979359877731271 -0.012237300628385937 -0.046435937267318372 0.04740457352385305 0.042314964320892351 -0.048978097630067122 -0.014691423719030948 0.054266567511345724 0 -0.055068251079170683 0.02265148886170407
leaf_weight=13.577407836914061 11.858371138572691 10.667030125856401 12.677180618047712 85.367610573768616 46.288835227489471 10.443255037069319 56.406222760677338 12.230229228734968 14.162444800138472 24.162911713123322 13.071230620145796 103.50196200609207 10.473569154739378 20.844460666179657 54.54304701089859 11.350916355848314 14.140559345483782 10.220182895660399 328.0662467777729 11.783399552106856 310.46229809522629 14.635408908128737
leaf_count=37 32 29 34 229 125 28 152 33 38 65 35 280 28 57 147 31 38 28 898 32 857 40
internal_value=-1.21057e-05 -0.0318217 0.0408785 -0.00966123 0.030656 -0.0192713 -0.00292989 0.0147943 0.0252698 -0.00143197 -0.0118645 -0.0385794 -0.0506269 -0.0214909 0.0397456 0.0505212 -0.0314977 -0.0530319 0.0517091 0.0232215 -0.054084 0.0532693
internal_weight=1200.93 676.534 524.401 313.866 58.1472 255.719 141.774 144.988 105.546 36.8401 39.442 113.945 362.668 31.5115 68.7055 379.413 27.2118 331.156 365.836 23.1343 320.682 342.702
internal_count=3273 1845 1428 846 157 689 381 390 284 99 106 308 999 86 185 1038 73 913 1001 63 885 938
is_linear=0
shrinkage=0.05


Tree=12
num_leaves=20
num_cat=0
split_feature=301 297 274 28 42 393 34 141 260 393 78 399 349 191 297 83 69 113 266
split_gain=559.618 79.7327 70.5007 37.1945 24.4201 20.4414 22.6471 20.1789 16.3294 10.4883 9.79713 8.98276 4.89641 3.58308 3.10946 2.01391 5.26688 0.927612 0.311266
threshold=-0.17352893976385916 -0.70405285399314299 0.68176908075438414 0.060497965862431578 0.39899937404419561 -0.17617475469593066 0.070040406163029242 1.0000000180025095e-35 0.46363636363636368 -0.16019135291234141 0.86971390808659266 0.024742943269745309 -29.499999999999996 0.7274168267498996 -0.40166311575772501 0.49667811765101649 -0.013965636327772033 117.50000000000001 0.15123244842313369
decision_type=2 2 2 2 2 2 2 2 2 2 2 2 2 2 2 2 2 2 2
left_child=1 12 3 4 10 -3 7 -7 -6 -5 -2 14 -1 -11 -4 17 -17 -14 -16
right_child=2 5 11 9 8 6 -8 -9 -10 13 -12 -13 15 -15 18 16 -18 -19 -20
leaf_value=-0.01174036089119466 -0.011656807986408493 -0.0450598882185511 0.011905457539014203 0 0.0095387926211451743 -0.020871091970597003 0.045150993293544439 0.013833675623183798 -0.035339786348190051 0.006638031399722643 0.038257197657898777 0.0092589010103049617 -0.05207419605851378 0.047054103988457233 0.027518587421093428 0 -0.039608908221990133 -0.018869460972321665 0.052781460039072574
leaf_weight=14.874623805284498 10.339135736227034 32.766194522380829 10.465528428554533 18.564143002033234 26.547879189252853 122.65381798148155 18.133548319339752 58.57537117600441 57.756504207849503 10.331343859434126 30.848569571971893 18.291110545396805 302.18477657437325 68.835021704435349 20.266280829906464 10.194731265306471 33.322862565517426 11.417585611343382 307.7840701341629
leaf_count=40 28 89 28 50 72 332 49 158 156 28 84 49 848 188 56 28 93 31 866
internal_value=0 -0.0335681 0.0350175 0.0124431 -0.00525955 -0.0101142 -0.00354076 -0.0093401 -0.0207924 0.0351505 0.0246553 0.0487799 -0.0478723 0.0428232 0.0506688 -0.0491281 -0.0306916 -0.0512135 0.0516353
internal_weight=1184.15 604.124 580.03 223.223 125.492 232.129 199.363 181.229 84.3044 97.7305 41.1877 356.807 371.995 79.1664 338.516 357.12 43.5176 313.602 328.05
internal_count=3273 1668 1605 606 340 628 539 490 228 266 112 999 1040 216 950 1000 121 879 922
is_linear=0
shrinkage=0.05


Tree=13
num_leaves=2
num_cat=0
split_feature=74
split_gain=6.78001
threshold=-0.047331435835598172
decision_type=2
left_child=-1
right_child=-2
leaf_value=-0.023157012157296465 0.026067654273958962
leaf_weight=11.578782019205393 10.43912941450253
leaf_count=1834 1439
internal_value=0
internal_weight=22.0179
internal_count=3273
is_linear=0
shrinkage=0.05


Tree=14
num_leaves=22
num_cat=0
split_feature=307 274 28 311 162 207 393 364 394 191 66 207 125 86 370 349 393 65 307 104 126
split_gain=560.611 100.774 48.8652 44.7482 31.7214 23.6174 16.6194 15.3337 15.2085 13.6303 12.8268 11.6728 8.74823 8.51218 6.0781 4.75177 4.59155 4.27207 3.19576 3.14864 0.714105
threshold=0.16388279541380615 0.68176908075438414 0.060497965862431578 0.39472091887645827 0.32698971413760997 2.9331779780928326 -0.17204861663414409 0.55241141722816767 -0.013606748251183408 0.71769451813877994 0.37027128453476293 1.7203936173869974 -0.1829284941954262 46304.474944999965 0.1678965784342453 -29.499999999999996 -0.083765273654082317 0.16285437224818913 0.32976207151069764 -0.30669305065661012 0.0010136152644455445
decision_type=2 2 2 2 2 2 2 2 2 2 2 2 2 2 2 2 2 2 2 2 2
left_child=3 2 4 15 17 -6 11 8 12 -8 -9 -4 -5 18 -10 -1 -12 -2 -3 -17 -21
right_child=1 13 6 7 5 -7 9 10 14 -11 16 -13 -14 -15 -16 19 -18 -19 -20 20 -22
leaf_value=0.012225749352329205 0.048428645928234995 -0.011440627440699958 0.040134371851616613 0.030305871229434414 0.0068469650485647755 -0.040811396025637284 0 0.025580315151790541 2.5885711008574032e-05 -0.047498157559497906 -0.0024266505533530403 -0.021968450061951202 -0.017784157859996642 -0.010532863638806669 0.04432579645696174 0.011900586933429486 -0.047546990170369792 0.0046596000129362639 -0.051246088335569831 0.051366502240056358 0.02449031635111798
leaf_weight=14.897764176130293 38.414671450853348 10.45378991961479 10.090617805719377 11.109970569610594 98.466344803571701 31.603629857301712 18.077455878257751 12.195288985967634 11.533255666494368 91.554418951272964 12.68869164586067 14.421825766563414 25.223276406526566 19.292955279350281 56.28038814663887 11.101260691881178 14.05915153026581 10.279916673898695 325.60724830627441 328.62593936920166 18.059663444757462
leaf_count=40 105 28 27 30 265 86 49 33 31 250 34 39 68 52 153 30 38 28 919 919 49
internal_value=0 -0.0302103 -0.00918143 0.0389959 0.00770254 -0.00501605 -0.0317224 0.0143284 0.0243004 -0.0398928 -0.0109787 0.00336768 -0.000618109 -0.048356 0.0378179 0.0481437 -0.0302268 0.0409624 -0.0502675 0.0493866 0.0503316
internal_weight=1184.04 668.263 312.909 515.775 178.765 130.07 134.144 143.09 104.147 109.632 38.9431 24.5124 36.3332 355.354 67.8136 372.685 26.7478 48.6946 336.061 357.787 346.686
internal_count=3273 1848 849 1425 484 351 365 387 282 299 105 66 98 999 184 1038 72 133 947 998 968
is_linear=0
shrinkage=0.05


Tree=15
num_leaves=18
num_cat=0
split_feature=311 297 268 68 165 225 381 393 357 412 112 365 221 266 126 364 299
split_gain=499.484 72.4886 64.479 35.0307 26.0082 24.9087 20.1771 27.7512 21.2042 5.67022 4.80143 3.5594 4.51344 3.47489 3.22121 1.47201 0.600842
threshold=0.55980439356947298 -0.70405285399314299 -0.29555636345336728 0.36613247980126234 -0.001135056025866012 2.675620980794347 12.753815021768448 -0.17617475469593066 0.51041666666666685 0.80000000000000016 113.50000000000001 0.10831633295322228 20.229562782199434 -0.037457054275369009 -0.0067684378072799803 0.54263526608359902 -0.087254534716128443
decision_type=2 2 2 2 2 2 2 2 2 2 2 2 2 2 2 2 2
left_child=1 10 3 15 14 -6 -3 -8 -9 16 11 12 -1 -13 -5 -2 -4
right_child=2 6 9 4 5 -7 7 8 -10 -11 -12 13 -14 -15 -16 -17 -18
leaf_value=0.0016085604131649196 -0.045007399473283444 -0.043484201424617765 0.017201926881494443 0.01381180171016781 -0.0086422916781701154 0.03748407716280415 -0.043226681597236374 0.023885455339068839 -0.011277560573791831 0.0057383642971044436 -0.0090415430180720898 -0.049870481987285151 -0.036838295011368365 -0.01536088085295704 0.045639385607172733 -0.0093153133729625744 0.050251098333977243
leaf_weight=10.132952958345415 17.76527959108353 34.186014831066132 10.068418353796003 18.028281569480896 90.128086090087891 39.216395497322083 32.413735121488571 78.721606284379959 85.561796545982361 11.104082524776457 13.541451066732405 312.37740015983582 12.37793308496475 15.214682519435881 74.496748983860016 10.322783201932905 298.98515027761459
leaf_count=28 49 94 28 49 245 107 89 213 232 30 38 896 35 43 207 28 862
internal_value=0 -0.0319607 0.0333739 0.0138215 0.0207006 0.00549779 -0.00959721 -0.00289249 0.0053992 0.0482143 -0.0458285 -0.0470208 -0.0194181 -0.0485729 0.0405898 -0.0356631 0.0495104
internal_weight=1164.64 594.528 570.115 249.958 221.87 129.344 230.883 196.697 164.283 320.158 363.644 350.103 22.5109 327.592 92.525 28.0881 309.054
internal_count=3273 1668 1605 685 608 352 628 534 445 920 1040 1002 63 939 256 77 890
is_linear=0
shrinkage=0.05


Tree=16
num_leaves=2
num_cat=0
split_feature=74
split_gain=6.45009
threshold=-0.047331435835598172
decision_type=2
left_child=-1
right_child=-2
leaf_value=-0.022894442597936326 0.025219857929776116
leaf_weight=11.221603360027077 10.632607762236146
leaf_count=1834 1439
internal_value=0
internal_weight=21.8542
internal_count=3273
is_linear=0
shrinkage=0.05


Tree=17
num_leaves=21
num_cat=0
split_feature=305 274 28 311 162 211 393 162 86 393 217 86 211 399 148 69 112 104 305 266
split_gain=501.796 90.967 43.457 40.5818 29.6136 21.9747 14.9635 13.0498 13.9786 12.8846 12.3326 12.0749 10.9506 8.44887 4.75054 4.68994 5.09715 3.35246 2.90431 0.571407
threshold=0.072296094338287806 0.68176908075438414 0.060497965862431578 0.39472091887645827 0.32698971413760997 2.7016641744342085 -0.17204861663414409 1.9264417474466391 -1353323.2099550003 1.0000000180025095e-35 7.1765356205072441 -958507.95445399871 1.731772180440134 0.024742943269745309 -0.0089265076806723017 -0.083589305757291052 113.50000000000001 -0.30669305065661012 0.23809540484403113 0.15123244842313369
decision_type=2 2 2 2 2 2 2 2 2 2 2 2 2 2 2 2 2 2 2 2
left_child=3 2 4 15 14 -6 12 9 -9 11 -8 -5 -4 18 -2 -1 17 -17 -3 -20
right_child=1 13 6 7 5 -7 10 8 -10 -11 -12 -13 -14 -15 -16 16 -18 -19 19 -21
leaf_value=0.0091724805243550284 0.0032747686746312839 -0.010854255724525391 0.038710620440979088 0.0057873885699796625 0.0095484321650972145 -0.032292788866650872 0 0.023628731056817544 -0.035534953728903133 -0.021450535048728615 -0.045340328653823252 0.043261057566301761 -0.0214836729259218 -0.0081203208560915521 0.047638826244329337 0.010805240398462392 0.0095191198455574985 0.049523132901988128 -0.025158768389445793 -0.050350997944393294
leaf_weight=13.318905234336851 10.593100041151045 10.436444610357283 10.082066237926485 41.084220826625824 84.333437412977219 45.367306053638458 18.070050150156021 13.33204200863838 21.303906947374344 11.464760452508925 90.340326517820358 55.43654465675354 14.383715987205504 18.234763532876968 37.30224135518074 11.035407960414885 13.594244837760924 326.67227855324745 19.857868880033493 298.26326525211334
leaf_count=37 29 28 27 111 227 124 49 36 58 31 250 152 39 49 103 30 38 933 56 866
internal_value=0 -0.0288199 -0.00882538 0.0371997 0.00712334 -0.00510937 -0.0301963 0.0137009 -0.011365 0.0222811 -0.0380208 0.028468 0.00302008 -0.0463482 0.0395806 0.0460684 0.0472366 0.048511 -0.0482264 -0.0491839
internal_weight=1164.51 657.265 310.472 507.242 177.596 129.701 132.876 142.621 34.6359 107.986 108.41 96.5208 24.4658 346.792 47.8953 364.621 351.302 337.708 328.558 318.121
internal_count=3273 1847 848 1426 483 351 365 388 94 294 299 263 66 999 132 1038 1001 963 950 922
is_linear=0
shrinkage=0.05


Tree=18
num_leaves=20
num_cat=0
split_feature=303 272 299 162 393 163 68 162 86 393 373 399 221 72 69 83 228 305 266
split_gain=447.14 75.6311 49.052 34.8284 28.8112 22.0755 19.3115 14.2198 17.564 16.477 13.7539 7.99454 7.86171 5.10475 4.76095 4.93644 6.8252 2.66279 0.542878
threshold=-0.091666666666667243 -1.3180689482904262 -0.42905285399313881 0.32698971413760997 -0.075681566419969815 0.014052721568580806 0.4756282896011087 1.8735691408252155 -1641390.1316639991 1.0000000180025095e-35 -0.012230025869534976 0.024742943269745309 12.620490809901993 0.005697609347315156 -0.083589305757291052 0.48874974127137322 5.0967570861879574 0.23809540484403113 0.15123244842313369
decision_type=2 2 2 2 2 2 2 2 2 2 2 2 2 2 2 2 2 2 2
left_child=2 3 14 6 5 -5 -2 9 -9 10 -4 17 -10 -6 -1 -16 -17 -3 -19
right_child=1 11 7 4 13 -7 -8 8 12 -11 -12 -13 -14 -15 15 16 -18 18 -20
leaf_value=-0.0073665519768873512 -0.044792475356737672 0.01058015398707904 0 -0.01061248020551611 0.0025492432483788514 0.035586006810524255 0.024829306265121715 -0.035443152375296182 0 0.024569817847073981 -0.03708217959474603 0.0077105370925102728 0.047733853493700726 0.042425212732240161 -0.047862094796833371 -0.035146203129012628 0.0048301349437993232 0.024197043742478136 0.048927195255240065
leaf_weight=13.122830182313917 37.119493663311005 10.426557987928389 38.312882989645004 93.870217055082321 12.295653283596037 32.147973746061325 10.086283743381498 11.019804507493971 14.432258069515226 15.15878117084503 82.558502912521362 18.204410582780838 20.022453486919403 82.330118030309677 297.05586749315262 33.000237226486206 11.341638088226317 19.65063887834549 290.86230421066284
leaf_count=37 104 28 103 254 33 89 28 30 39 41 229 49 55 230 875 96 32 56 865
internal_value=0 0.0293302 -0.0331709 0.00908162 0.017581 0.0013389 -0.028326 -0.0114029 0.0115839 -0.0195312 -0.0259267 0.0449562 0.0295939 0.0379935 -0.0439865 -0.0451725 -0.0242069 0.0468235 0.0477682
internal_weight=1143.02 606.994 536.025 267.85 220.644 126.018 47.2058 181.505 45.4745 136.03 120.871 339.144 34.4547 94.6258 354.521 341.398 44.3419 320.94 310.513
internal_count=3273 1736 1537 738 606 343 132 497 124 373 332 998 94 263 1040 1003 128 949 921
is_linear=0
shrinkage=0.05


Tree=19
num_leaves=2
num_cat=0
split_feature=74
split_gain=6.14898
threshold=-0.047331435835598172
decision_type=2
left_child=-1
right_child=-2
leaf_value=-0.0226187928345719 0.024490446603494198
leaf_weight=10.864700336009266 10.803563925437627
leaf_count=1834 1439
internal_value=0
internal_weight=21.6683
internal_count=3273
is_linear=0
shrinkage=0.05


Tree=20
num_leaves=22
num_cat=0
split_feature=305 268 381 299 126 86 207 364 163 66 355 399 370 393 86 349 365 388 305 113 266
split_gain=449.427 83.0131 40.0243 37.0806 34.8562 22.6654 19.313 14.6999 13.1002 11.3746 9.31226 8.12614 7.15313 5.62804 5.58979 5.02983 2.9978 4.56047 2.74871 1.39286 0.624473
threshold=0.072296094338287806 -0.31806894829042648 12.753815021768448 -0.46243409643299749 -0.0075836680681798376 10633.353242499963 2.9331779780928326 0.55241141722816767 -0.0099009461670979491 0.37027128453476293 -0.10196182945120685 0.024742943269745309 0.18724805244892959 -0.083765273654082317 -28612.211779000037 -30.499999999999996 0.10831633295322228 -1.0000000180025095e-35 0.23809540484403113 117.50000000000001 0.15123244842313369
decision_type=2 2 2 2 2 2 2 2 2 2 2 2 2 2 2 2 2 2 2 2 2
left_child=3 2 14 15 6 -6 -4 8 10 -9 -5 18 -10 -11 -2 -1 17 -17 -3 -18 -20
right_child=1 11 4 7 5 -7 -8 9 12 13 -12 -13 -14 -15 -16 16 19 -19 20 -21 -22
leaf_value=0.007257386459203318 0.049823682924255777 -0.010124304931418342 0.020343779403516886 0.017432307242350602 -0.034274201379670896 0.022364868147047415 -0.03259404854242736 0.022564396710668452 0 0 -0.03554305967275305 -0.0071948448422940944 0.039341887941948227 -0.045564759755867767 0.0031352392953737131 -0.0011384180625498338 0.048640599959656534 0.038082184189054749 -0.023738538470844714 0.014977066304608121 -0.04859244420078275
leaf_weight=12.906175166368483 25.780922502279282 10.410086274147032 75.472342729568481 15.758504420518877 159.7899663746357 16.644771814346313 18.698850303888321 14.530548542737959 15.072070211172102 13.642807096242903 11.39090648293495 18.171673685312271 73.596445858478546 14.923629492521288 11.880557358264921 10.396740287542343 293.21626678109169 11.152095437049866 19.552521497011185 10.837543457746504 289.03398129343987
leaf_count=35 71 28 205 43 443 46 51 40 41 37 31 49 205 41 33 29 862 32 56 30 865
internal_value=0 -0.0275038 -0.00841831 0.0355673 -0.0153541 -0.0283677 0.008636 0.0147868 0.0240144 -0.00887547 -0.00446088 -0.0445782 0.0331394 -0.0270762 0.0376431 0.0449608 0.0462232 0.0192959 -0.0464656 0.0477616 -0.0474219
internal_weight=1142.86 645.436 308.267 497.424 270.606 176.435 94.1712 158.915 115.818 43.097 27.1494 337.168 88.6685 28.5664 37.6615 338.509 325.603 21.5488 318.997 304.054 308.587
internal_count=3273 1847 849 1426 745 489 256 438 320 118 74 998 246 78 104 988 953 61 949 892 921
is_linear=0
shrinkage=0.05


Tree=21
num_leaves=19
num_cat=0
split_feature=301 297 274 162 165 86 37 225 370 36 276 162 70 69 83 74 207 299
split_gain=401.268 60.3472 55.4864 31.0923 33.9811 27.5696 23.1753 20.3789 17.0118 14.6192 8.6793 6.60688 5.91781 4.69077 4.96962 15.2457 0.705114 0.550631
threshold=-0.17352893976385916 -0.70405285399314299 0.70431978117430194 1.5132013098852151 -0.0016070126166839109 -1395733.5468515002 0.090374895579949918 2.8292145546976468 0.29267203559001698 0.11011494584478557 0.90196360110119789 0.38845299970942665 0.0033430108163606648 -0.083589305757291052 0.48874974127137322 -0.55703924247775649 1.3881763714660103 -0.083493602140349552
decision_type=2 2 2 2 2 2 2 2 2 2 2 2 2 2 2 2 2 2
left_child=1 13 3 4 10 -5 8 -6 11 -10 -2 -3 -4 -1 -15 -16 -8 -14
right_child=2 6 12 5 7 -7 16 -9 9 -11 -12 -13 17 14 15 -17 -18 -19
leaf_value=-0.0061973109156559713 0 -0.025296858631974947 0.0078506863068864285 -0.015175103363296319 -0.030025807508549891 0.048715718107055814 0.011418836001756983 0.017691374258751429 -0.031494393093928368 0.011663957275516543 0.045334521519588195 0.01249238033044551 0.015822507491250207 -0.04624886561003063 0.022303272694839549 -0.039218581553832434 0.04495553663010686 0.047247200865155527
leaf_weight=12.970609068870543 14.193099707365034 10.794796228408812 14.92300111055374 18.808313012123108 78.841163069009781 72.461410909891129 10.210222452878954 27.106454610824585 115.22240641713142 20.028494209051132 33.30858787894249 58.106944054365158 10.130088329315184 288.28428506851196 10.633562713861464 32.836416184902191 13.0666446685791 277.38143491744995
leaf_count=37 40 30 44 51 217 206 28 75 320 55 95 159 29 875 30 98 36 848
internal_value=0 -0.0291906 0.0305388 0.0123339 -0.00121362 0.0349552 -0.0087541 -0.0172076 -0.0144354 -0.0246273 0.0323722 0.00506811 0.04484 -0.0423378 -0.0435333 -0.0226249 0.0351309 0.0464869
internal_weight=1119.31 572.154 547.154 244.719 153.449 91.2697 227.43 105.948 204.153 135.251 47.5017 68.9017 302.435 344.725 331.754 43.47 23.2769 287.512
internal_count=3273 1668 1605 684 427 257 628 292 564 375 135 189 921 1040 1003 128 64 877
is_linear=0
shrinkage=0.05


Tree=22
num_leaves=2
num_cat=0
split_feature=37
split_gain=5.27382
threshold=0.040380848017201418
decision_type=2
left_child=-1
right_child=-2
leaf_value=-0.019622485136979312 0.024193971956427127
leaf_weight=11.462795830331745 10.0106467702426
leaf_count=1775 1498
internal_value=0
internal_weight=21.4734
internal_count=3273
is_linear=0
shrinkage=0.05


Tree=23
num_leaves=23
num_cat=0
split_feature=305 268 28 297 370 25 260 364 264 385 163 163 70 37 364 370 268 30 349 393 104 74
split_gain=402.877 76.3392 35.4023 34.4995 18.526 16.0612 14.5179 13.7986 12.9165 12.8094 14.393 11.8382 10.8156 9.95163 8.63242 6.65566 5.20981 9.3847 4.96769 4.50733 2.15657 1.2082
threshold=0.072296094338287806 -0.34825094661875111 0.060497965862431578 -0.73743409643299729 0.30061461857350913 0.028648654969436048 0.46363636363636368 0.55241141722816767 79.500000000000014 3.5000000000000004 0.018468350357072106 -0.0099009461670979491 0.0033430108163606648 0.017058220528568726 0.45786109705155814 0.18724805244892959 -0.25796106980941702 0.0066832160656339042 -30.499999999999996 -0.089418159437206365 -0.30669305065661012 -1.0777024147500722
decision_type=2 2 2 2 2 2 2 2 2 2 2 2 2 2 2 2 2 2 2 2 2 2
left_child=3 2 4 18 5 -2 -6 11 19 13 -11 14 -3 -4 -5 -13 17 -14 -1 -9 -20 -22
right_child=1 12 9 7 6 -7 -8 8 -10 10 -12 15 16 -15 -16 -17 -18 -19 20 -21 21 -23
leaf_value=0.0061341618632405077 0.023371132155844417 -0.0016858498067481437 -0.0012633679469298965 0.016906743347098373 -0.0057572845737261123 -0.034382805961330198 0.032552007145373353 0 0.02303304957731786 0.023046430487601452 -0.039486899970518019 0 0.0010854802971737517 -0.045482787957026261 -0.034250450945005909 0.037763211104904305 -0.047627357844822728 -0.037085732964748215 0.010546792184454753 -0.043297768952339145 0.014016373206847961 0.046277874282501713
leaf_weight=12.824489533901213 14.534432470798491 19.160639822483063 18.753067433834076 15.687749117612841 31.940304189920425 32.98410353064537 75.708888441324234 10.255044311285017 15.536332964897154 21.805828660726547 11.627323418855665 15.003493994474409 17.386179864406586 65.376892060041428 11.273021936416624 72.513433277606964 255.47777900099754 67.857614815235138 10.446257174015043 16.974266618490223 10.721843928098677 295.28742891550064
leaf_count=35 40 56 53 43 88 92 208 28 43 59 33 41 49 185 31 205 788 196 29 47 32 892
internal_value=0 -0.026295 -0.00601971 0.0340547 0.00937951 -0.0153891 0.0208856 0.0139491 -0.00901584 -0.026487 0 0.0229649 -0.0413458 -0.0365828 -0.00410231 0.0317153 -0.0433964 -0.0289616 0.0432928 -0.0294272 0.0445704 0.0454564
internal_weight=1119.14 632.613 272.731 486.523 155.168 47.5185 107.649 157.243 42.7656 117.563 33.4332 114.478 359.882 84.13 26.9608 87.5169 340.722 85.2438 329.28 27.2293 316.456 306.009
internal_count=3273 1847 758 1426 428 132 296 438 118 330 92 320 1089 238 74 246 1033 245 988 75 953 924
is_linear=0
shrinkage=0.05


Tree=24
num_leaves=20
num_cat=0
split_feature=303 274 297 162 165 225 124 105 37 393 36 162 70 69 83 74 299 299 268
split_gain=360.007 64.6971 41.8119 32.5728 37.1329 23.226 19.4035 17.4115 14.2294 12.3544 11.3227 7.73901 5.46538 4.67337 4.99068 14.4088 0.520029 0.165196 0.145421
threshold=-0.091666666666667243 0.70431978117430194 -0.70405285399314299 1.5132013098852151 -0.0016070126166839109 2.675620980794347 -20.499999999999996 0.045063893482528233 0.090374895579949918 1.0000000180025095e-35 0.11458732622675467 0.26423737967377631 0.0033430108163606648 -0.083589305757291052 0.48874974127137322 -0.55703924247775649 -0.083493602140349552 -0.26483397151543436 -0.6543829353889441
decision_type=2 2 2 2 2 2 2 2 2 2 2 2 2 2 2 2 2 2 2
left_child=2 3 13 4 11 -6 7 -5 9 10 -4 -2 -3 -1 18 -16 -14 -8 -15
right_child=1 12 8 6 5 -7 17 -9 -10 -11 -12 -13 16 14 15 -17 -18 -19 -20
leaf_value=-0.0050120854527459964 -0.0033357356223782061 0.0075996565128430976 -0.02547965895695066 0.026948159759719606 -0.030258158941066302 0.017168229198136969 0.017976599704155154 -0.042937836641466623 0.027996887708136797 0.023267886309504007 0.012798628979254807 0.038626704723968119 0.015032714979219651 -0.045967784139595326 0.022244956210433955 -0.037722667808034613 0.045776699115263608 0.047412035924331748 -0.023388477842637846
leaf_weight=12.809644550085066 10.940151661634443 14.883103191852568 126.54444423317909 18.325905531644825 95.530752718448639 31.307478696107864 11.544814079999922 12.223472356796263 17.987562149763107 15.003437042236326 18.954010516405106 44.819909155368805 10.04143714904785 259.18056026101112 10.624461680650709 31.925730854272842 267.92710384726524 64.456636786460876 19.918653726577759
leaf_count=37 31 44 354 51 265 87 32 33 50 41 52 129 29 814 30 98 848 187 61
internal_value=0 0.0268771 -0.0304194 0.0097177 -0.00291886 -0.0180406 0.0313165 -0.000863475 -0.0102666 -0.0152956 -0.0199986 0.0297928 0.0433802 -0.0408392 -0.0420525 -0.0211726 0.0450164 0.0444261 -0.0447995
internal_weight=1094.95 582.001 512.949 289.149 182.598 126.838 106.551 30.5494 178.489 160.502 145.498 55.7601 292.852 334.459 321.649 42.5502 277.969 76.0015 279.099
internal_count=3273 1736 1537 815 512 352 303 84 497 447 406 160 921 1040 1003 128 877 219 875
is_linear=0
shrinkage=0.05


Tree=25
num_leaves=2
num_cat=0
split_feature=74
split_gain=5.90061
threshold=-0.047331435835598172
decision_type=2
left_child=-1
right_child=-2
leaf_value=-0.02223444396421257 0.024209065881381893
leaf_weight=10.395324688870462 10.870590936858205
leaf_count=1834 1439
internal_value=0
internal_weight=21.2659
internal_count=3273
is_linear=0
shrinkage=0.05


Tree=26
num_leaves=20
num_cat=0
split_feature=305 274 68 297 165 162 356 36 264 104 373 70 104 69 83 74 260 231 301
split_gain=362.234 70.3405 36.7518 32.2522 27.0439 38.3888 11.9291 12.8838 10.0871 10.3607 7.36343 5.52562 5.51213 4.47967 4.28903 15.0478 3.5343 2.3151 0.460406
threshold=0.072296094338287806 0.70431978117430194 0.36613247980126234 -0.73743409643299729 -0.0016679095989189034 1.4660564270614354 0.55208333333333337 0.11458732622675467 79.500000000000014 -0.15049823739272841 -0.1062468296736112 0.0033430108163606648 0.16403784128293325 -0.087989473424620088 0.48874974127137322 -0.55703924247775649 0.70000000000000007 116.50000000000001 0.0089198243934145698
decision_type=2 2 2 2 2 2 2 2 2 2 2 2 2 2 2 2 2 2 2
left_child=3 2 16 13 12 -6 7 10 9 -8 -5 -3 -4 -1 -15 -16 -2 -10 -13
right_child=1 11 4 6 5 -7 8 -9 17 -11 -12 18 -14 14 15 -17 -18 -19 -20
leaf_value=0.0044550935452678632 0.0059824642243764756 -0.0071832339064631552 -0.0440860922940556 -0.00064470115451004551 0.015190923626856208 -0.029413342983934873 0.019743725321755841 -0.010610159978994607 0.034830553909528987 -0.031378214820998708 0.03995875047072403 -0.015355147963422794 -0.014576515322459158 0.045608601149721845 -0.021790456405813993 0.040138975663561414 0.046406936185851011 0 -0.045470322880529913
leaf_weight=11.486370593309401 11.790064185857771 14.815458744764326 68.464536249637604 10.447473019361494 110.05841475725174 80.637624144554138 10.244960635900496 17.327455788850784 11.764625728130342 31.785864502191544 62.955560684204102 10.303566992282866 33.191199451684952 267.97276872396469 10.656372636556624 29.475056618452072 24.674253612756729 11.236547052860258 265.47830614447594
leaf_count=33 33 44 199 29 303 226 29 48 33 88 180 30 95 835 30 90 70 31 847
internal_value=-1.48037e-05 -0.0252051 -0.00903505 0.0326574 -0.015137 -0.00357571 0.0131807 0.0246574 -0.00247748 -0.0173218 0.0337268 -0.0430523 -0.0356228 0.0417841 0.0429587 0.0221633 0.0360518 0.0215939 -0.0447019
internal_weight=1094.77 619.413 328.816 475.353 292.352 190.696 155.762 90.7305 65.032 42.0308 73.403 290.597 101.656 319.591 308.104 40.1314 36.4643 23.0012 275.782
internal_count=3273 1847 926 1426 823 529 438 257 181 117 209 921 294 988 955 120 103 64 877
is_linear=0
shrinkage=0.05


Tree=27
num_leaves=20
num_cat=0
split_feature=301 301 268 68 37 165 216 370 36 81 399 349 365 126 126 20 262 207 301
split_gain=324.358 51.5511 47.5455 25.669 20.0867 19.2986 21.1086 14.4273 12.6734 6.2731 5.53068 4.8779 3.85479 3.37532 3.35871 3.26178 1.30036 0.651332 0.315004
threshold=-0.17352893976385916 -0.33738618732647702 -0.29555636345336728 0.36613247980126234 0.090374895579949918 -0.001135056025866012 6.1782983601842991 0.29267203559001698 0.11011494584478557 0.57932866108169112 0.024742943269745309 -29.499999999999996 0.10831633295322228 0.0010136152644455445 -0.0067684378072799803 0.27432340678938349 0.30898876404494385 1.3881763714660103 0.0089198243934145698
decision_type=2 2 2 2 2 2 2 2 2 2 2 2 2 2 2 2 2 2 2
left_child=1 11 3 16 7 14 -7 9 -9 -3 18 -1 15 -14 -5 -13 -2 -6 -4
right_child=2 4 10 5 17 6 -8 8 -10 -11 -12 12 13 -15 -16 -17 -18 -19 -20
leaf_value=-0.005231393156630822 -0.0081971210020160626 0.023460166228707086 0.015604507226611154 0.0091861536346095635 0.010360871453860641 -0.0075606543603433237 0.037713983259789946 -0.029243543012101504 0.010982309107074208 -0.0060526105479661203 0.0069098462080706058 -0.030171746769218133 -0.043976773563080662 -0.012772958878950186 0.040259997900816906 0.0029109321675158655 -0.041359415972148976 0.04267789015630901 0.044520099481349183
leaf_weight=14.262606799602507 10.863308906555178 25.348491460084915 10.571182847023008 17.363203972578049 10.102065414190294 93.825362771749496 31.734423696994781 112.9353660941124 19.91364187002182 42.858172506093979 15.267865806818007 10.555465221405031 271.92177581787109 16.811741828918457 69.425394266843796 10.306303232908247 16.056390374898911 12.815103054046629 256.72608980536461
leaf_count=40 31 70 31 49 28 262 90 320 55 119 42 33 887 50 207 30 46 36 847
internal_value=0 -0.0267674 0.0281614 0.0112644 -0.00788867 0.0173246 0.00410634 -0.0132376 -0.0227364 0.00473971 0.0420255 -0.0394783 -0.0408307 -0.0424813 0.0351148 -0.0134214 -0.0318118 0.0332098 0.0437474
internal_weight=1069.66 547.831 521.833 239.268 223.973 212.348 125.56 201.056 132.849 68.2067 282.565 323.858 309.595 288.734 86.7886 20.8618 26.9197 22.9172 267.297
internal_count=3273 1668 1605 685 628 608 352 564 375 189 920 1040 1000 937 256 63 77 64 878
is_linear=0
shrinkage=0.05


Tree=28
num_leaves=2
num_cat=0
split_feature=74
split_gain=5.63683
threshold=-0.047331435835598172
decision_type=2
left_child=-1
right_child=-2
leaf_value=-0.021932259309755606 0.023615695564392344
leaf_weight=10.047861622646453 11.014198544900863
leaf_count=1834 1439
internal_value=0
internal_weight=21.0621
internal_count=3273
is_linear=0
shrinkage=0.05


Tree=29
num_leaves=20
num_cat=0
split_feature=305 274 68 297 165 162 364 394 264 125 413 104 349 6 393 401 104 113 30
split_gain=325.712 65.0259 33.9386 30.3676 24.4962 34.2445 12.1625 12.3868 11.609 8.47655 5.75724 5.32043 5.10935 4.52442 4.15089 2.92391 1.98893 1.94493 0.808655
threshold=0.072296094338287806 0.70431978117430194 0.36613247980126234 -0.73743409643299729 -0.0016679095989189034 1.4660564270614354 0.55241141722816767 -0.013606748251183408 79.500000000000014 -0.1829284941954262 1.0000000180025095e-35 0.16403784128293325 -30.499999999999996 -0.0098272683656619227 -0.089418159437206365 1.0000000180025095e-35 -0.30669305065661012 117.50000000000001 0.0028656687507522282
decision_type=2 2 2 2 2 2 2 2 2 2 2 2 2 2 2 2 2 2 2
left_child=3 2 15 12 11 -6 7 9 14 -5 18 -4 -1 -9 -8 -2 -14 -18 -3
right_child=1 10 4 6 5 -7 8 13 -10 -11 -12 -13 16 -15 -16 -17 17 -19 -20
leaf_value=0.0035296960289754875 0.043619853543079651 -0.018815975884756819 -0.042648146293806179 0.029210470060870575 0.014192372636489044 -0.028100167972155411 0 0.013050028988484525 0.021363826905547275 -0.016841524777583688 -0.00058616992111336038 -0.01357421251532432 0.0090503205179822237 0.043337326562959459 -0.041974189785400816 0.0045564918831208839 0.043565381551351111 0.0097407212544715367 -0.044317234827250918
leaf_weight=12.565809249877928 25.715562641620636 16.54474800825119 66.955398112535477 11.822762370109556 109.65708261728287 79.678001344203949 10.176782101392744 29.399665772914886 15.309360295534132 27.175793826580048 10.723789036273955 32.817078828811646 10.229615181684492 43.658240020275116 16.77972120046616 10.326844632625578 276.43707457184792 10.25022169947624 253.24538668990135
leaf_count=35 74 52 199 33 303 226 28 84 43 75 30 95 29 128 47 29 894 30 839
internal_value=-2.84634e-05 -0.024172 -0.00862642 0.0313452 -0.0145291 -0.00350635 0.0124241 0.02103 -0.00916894 -0.000600652 -0.041733 -0.0342471 0.0404103 0.0328021 -0.0285814 0.0349182 0.0417535 0.042642 -0.0431608
internal_weight=1069.47 605.664 325.15 463.805 289.108 189.335 154.322 112.056 42.2659 38.9986 280.514 99.7725 309.483 73.0579 26.9565 36.0424 296.917 286.687 269.79
internal_count=3273 1847 926 1426 823 529 438 320 118 108 921 294 988 212 75 103 953 924 891
is_linear=0
shrinkage=0.05


Tree=30
num_leaves=20
num_cat=0
split_feature=274 274 309 13 225 370 394 46 206 36 126 37 112 69 274 64 365 364 399
split_gain=293.848 56.3767 35.1484 27.1364 27.4498 20.6412 17.306 15.3722 9.56082 9.24351 8.0435 8.03675 5.59529 5.06618 4.52001 12.5563 4.51158 3.97247 1.95816
threshold=0.47561326694814537 0.65133158060785401 0.12316327977633372 -0.007095475878649002 2.675620980794347 0.31380813844660599 -0.014351166550820247 0.76677007342625936 0.0033430108163606648 0.11309948060608976 -0.013428561054148745 0.018063710899972229 107.50000000000001 -0.083589305757291052 0.74145548255593863 0.33463723872703149 0.10831633295322228 0.55349531259034057 -0.24364370782376385
decision_type=2 2 2 2 2 2 2 2 2 2 2 2 2 2 2 2 2 2 2
left_child=2 3 12 18 6 10 -5 -6 -3 17 -4 -12 13 -1 15 -10 -15 -7 -2
right_child=1 8 5 4 7 9 -8 -9 14 -11 11 -13 -14 16 -16 -17 -18 -19 -20
leaf_value=-0.0029815487066727365 0.008469887857199156 0.00029319472708840786 -0.023173229291030769 0.012155467459743189 0.039178510866669174 -0.039182586349700767 -0.029484675466367502 -0.01104999926072097 -0.0077142765764346144 0.0084049880307377721 -0.00623888209777183 0.025583565376727235 -0.0018915606395139999 -0.012165274039302863 0.044135566503173435 0.036353041135700342 -0.042828906841098573 0 0.042522928991677304
leaf_weight=12.494462579488752 11.048154026269911 18.736544996500015 14.723751246929167 30.724165499210358 41.079928398132324 58.96724146604538 86.244130879640579 19.59929096698761 17.82553094625473 11.895668178796766 27.343925714492798 48.139837294816971 13.368989676237105 20.469491899013519 230.53030160069466 63.712244212627411 268.63677644729614 10.0526165664196 38.620539486408234
leaf_count=37 32 56 42 85 117 172 244 55 52 33 77 136 41 63 789 193 904 28 117
internal_value=0 0.024723 -0.0282978 0.00518711 -0.0038425 -0.0094398 -0.0180998 0.0224133 0.0378302 -0.0274323 0.00652641 0.013621 -0.0382004 -0.0396113 0.039901 0.0261959 -0.0409762 -0.034396 0.0368115
internal_weight=1044.21 558.121 486.093 227.316 177.648 171.123 116.968 60.6792 330.805 80.9155 90.2075 75.4838 314.97 301.601 312.068 81.5378 289.106 69.0199 49.6687
internal_count=3273 1740 1533 650 501 488 329 172 1090 233 255 213 1045 1004 1034 245 967 200 149
is_linear=0
shrinkage=0.05


Tree=31
num_leaves=2
num_cat=0
split_feature=80
split_gain=5.01596
threshold=0.82332318457149001
decision_type=2
left_child=-1
right_child=-2
leaf_value=0.024081328176071014 -0.018980410629371641
leaf_weight=10.036241931375118 10.823911684565244
leaf_count=1547 1726
internal_value=6.48152e-05
internal_weight=20.8602
internal_count=3273
is_linear=0
shrinkage=0.05


Tree=32
num_leaves=24
num_cat=0
split_feature=307 272 297 28 162 78 393 112 357 36 86 219 264 162 373 264 377 349 231 307 78 20 29
split_gain=293.06 60.3709 28.6916 28.5155 22.2808 15.0759 11.2004 10.8743 10.7458 11.2507 10.4488 14.1637 9.06151 7.87739 6.6021 5.74585 5.13224 4.80056 2.27341 1.79962 1.3948 2.88126 0.0228013
threshold=0.16388279541380615 -1.3482509466187509 -0.73743409643299729 0.060497965862431578 0.32698971413760997 1.3289596862883875 -0.17204861663414409 13.500000000000002 0.44791666666666669 0.11458732622675467 33585.234654999971 5.5740736498703445 79.500000000000014 0.33932096016429664 -0.1062468296736112 51.500000000000007 0.17775234998968795 -30.499999999999996 116.50000000000001 0.31746313051256075 2.4493814990455465 0.33062368905582967 0.047495372862939707
decision_type=2 2 2 2 2 2 2 2 2 2 2 2 2 2 2 2 2 2 2 2 2 2 2
left_child=2 3 17 4 22 -6 15 -8 12 14 16 -12 13 -4 -10 -5 19 -1 -14 -3 21 -19 -2
right_child=1 10 8 6 5 -7 7 -9 9 -11 11 -13 18 -15 -16 -17 -18 20 -20 -21 -22 -23 -24
leaf_value=0.0032992511791450699 0.04459375620376408 -0.012016942752341041 0.013572470316724584 -0.015875392680640876 0.0097649724386951568 -0.028064051026746285 4.5272961635832992e-05 -0.039825193875627704 -0.00088997755017254068 -0.0099878238521546193 -0.036493463629562024 0.03475565978047044 0.032920676456014375 -0.030131977542871554 0.037599444396834839 0.02919852536835937 -0.0072755006744478854 0.043640561974125469 0 -0.042444816585199802 0.012130264403063926 0.020098135479031581 0.01501446420777728
leaf_weight=12.544554740190504 29.24924623966217 12.608712106943129 10.999481678009031 10.174649596214296 76.178815841674805 36.095169067382812 18.856272757053375 72.962745636701584 10.308624714612959 17.250769942998886 11.757393568754198 10.0816233754158 11.4869781434536 30.513479977846146 60.699344128370285 11.065488934516905 16.653554320335388 243.97875362634659 11.139835864305494 276.52065053582191 12.171988129615782 30.597820550203323 10.100677013397215
leaf_count=35 87 35 32 29 211 102 54 217 29 48 34 28 33 85 179 30 54 815 31 938 39 99 29
internal_value=-3.23414e-05 -0.0231655 0.030145 -0.00508765 0.00880087 -0.00237686 -0.0238904 -0.0313676 0.0116976 0.0228028 -0.0374405 -0.0013643 -0.00317486 -0.0172943 0.0315265 0.00625156 -0.0398168 0.0391635 0.0197707 -0.0414261 0.0405096 0.0414428 0.0397832
internal_weight=1044 592.305 451.692 264.683 151.624 112.274 113.059 91.819 152.399 88.2587 327.622 21.839 64.1398 41.513 71.008 21.2401 305.783 299.293 22.6268 289.129 286.749 274.577 39.3499
internal_count=3273 1848 1425 759 429 313 330 271 437 256 1089 62 181 117 208 59 1027 988 64 973 953 914 116
is_linear=0
shrinkage=0.05


Tree=33
num_leaves=21
num_cat=0
split_feature=274 274 309 30 260 370 37 104 244 36 163 120 112 413 359 37 270 191 104 30
split_gain=265.564 52.4855 32.4318 31.7672 38.2598 18.8049 12.9573 10.7125 8.84103 8.56135 7.53969 10.7178 5.46033 5.42109 4.46762 3.70406 3.40535 2.98247 2.14205 0.965175
threshold=0.47561326694814537 0.70431978117430194 0.12316327977633372 0.018561856016557094 0.44545454545454549 0.31380813844660599 0.10185044601837699 -0.072820986424163528 0.62727272727272732 0.11309948060608976 0.01426749536684694 -0.031533830093156072 107.50000000000001 1.0000000180025095e-35 -0.1522569601409528 0.064328501459824036 -1.0364756493071996 0.75820751304742739 -0.30024309517652081 0.0028656687507522282
decision_type=2 2 2 2 2 2 2 2 2 2 2 2 2 2 2 2 2 2 2 2
left_child=2 3 12 4 8 10 -6 17 -2 15 11 -4 16 19 -9 -7 18 -5 -1 -3
right_child=1 13 5 7 6 9 -8 14 -10 -11 -12 -13 -14 -15 -16 -17 -18 -19 -20 -21
leaf_value=-0.0076786843079432003 -0.0045291459453660936 0.016794440693462243 -0.037667609158622162 -0.017907858078217469 -0.02785230408531289 -0.039056804100011819 0.023005636856666095 0.0042157979785376869 0.037722022198137257 0.0079299098812453585 0.034988054605901479 0.0081629407975680312 -0.0011526101214025632 0 0.040772157065709053 -0.004324350441547253 -0.0072439986728352265 0.014268704584685408 -0.040702680115866058 0.042438309586741225
leaf_weight=10.441406488418577 13.373504936695097 15.901951581239699 12.859661251306532 11.331101655960085 101.59625408053398 54.230319261550903 10.854831814765928 13.668600022792814 43.230384826660156 11.882216244935988 15.228265404701231 61.498993426561356 13.21310058236122 10.605924487113951 76.863220870494843 13.699204683303831 13.771032899618147 11.056120574474333 266.9261511862278 236.30582821369171
leaf_count=31 38 52 35 33 287 161 31 41 124 33 44 176 41 30 232 39 44 33 929 839
internal_value=0 0.0237614 -0.0272735 0.00840648 -0.0050842 -0.00912162 -0.0220397 0.028644 0.0271752 -0.0264387 0.00612265 -0.000270093 -0.0370263 0.0397668 0.0360997 -0.0332365 -0.0384561 -0.000239361 -0.0397333 0.0412338
internal_weight=1018.54 544.788 473.75 281.974 169.055 169.399 112.451 112.919 56.6039 79.8117 89.5869 74.3587 304.352 262.814 90.5318 67.9295 291.139 22.3872 277.368 252.208
internal_count=3273 1740 1533 819 480 488 318 339 162 233 255 211 1045 921 273 200 1004 66 960 891
is_linear=0
shrinkage=0.05


Tree=34
num_leaves=2
num_cat=0
split_feature=37
split_gain=4.94835
threshold=0.039493000262980645
decision_type=2
left_child=-1
right_child=-2
leaf_value=-0.018760558237865942 0.024122992673995952
leaf_weight=10.620037986431273 10.026548355817793
leaf_count=1749 1524
internal_value=0.000368756
internal_weight=20.6466
internal_count=3273
is_linear=0
shrinkage=0.05


Tree=35
num_leaves=20
num_cat=0
split_feature=305 268 381 309 126 86 397 364 394 264 86 86 399 69 83 74 393 7 162
split_gain=265.032 56.1344 30.1607 26.9586 26.0789 21.264 15.8957 12.7764 10.4912 9.29697 9.21226 5.93913 5.52344 5.17274 4.83817 13.828 4.6634 4.61091 0.598934
threshold=0.072296094338287806 -0.29555636345336728 12.753815021768448 0.059671697710593836 -0.0075836680681798376 10633.353242499963 0.0083235521771361232 0.55241141722816767 -0.013606748251183408 79.500000000000014 -1641390.1316639991 -31469.022928000002 0.024742943269745309 -0.087989473424620088 0.48874974127137322 -0.55703924247775649 -0.089418159437206365 -0.0039143537716972978 0.13626093329167646
decision_type=2 2 2 2 2 2 2 2 2 2 2 2 2 2 2 2 2 2 2
left_child=3 2 11 13 6 -6 -4 8 10 16 -5 -2 18 -1 -15 -16 -9 -10 -3
right_child=1 12 4 7 5 -7 -8 9 17 -11 -12 -13 -14 14 15 -17 -18 -19 -20
leaf_value=0 0.045911864333512124 -0.016354044224320803 0.018155135424943052 0.035218469447991195 -0.030469260859332534 0.022964383646237541 -0.026878380277592803 0 0 0.016969101971719042 -0.013443432838313618 0.0012474757137303941 -0.0048009867887765616 0.04293424026853352 -0.023359596695910104 0.037595250414519311 -0.040064891279764495 0.035858280109231429 -0.042336976879046306
leaf_weight=10.434452623128889 23.945453673601151 13.861503899097441 74.667856782674789 10.588139742612837 165.46877330541611 17.649579405784607 22.7315693795681 10.661266863346102 10.254482865333555 16.592828214168549 31.177328854799271 13.818058639764784 14.983133643865584 229.72734615206718 10.476542979478834 24.841603428125381 17.777334004640579 67.720415204763412 230.92957732081413
leaf_count=31 70 49 209 30 491 51 65 30 30 48 88 41 42 798 30 83 51 207 829
internal_value=-2.17905e-05 -0.0222842 -0.0078821 0.0290491 -0.0137221 -0.0247634 0.00665788 0.0122873 0.0208148 -0.00923067 0 0.0320899 -0.0394482 0.0386549 0.0400077 0.0177959 -0.0262682 0.031315 -0.0412833
internal_weight=1018.31 578.056 318.281 440.252 280.518 183.118 97.3994 164.772 119.74 45.0314 41.7655 37.7635 259.774 275.48 265.045 35.3181 28.4386 77.9749 244.791
internal_count=3273 1847 927 1426 816 542 274 484 355 129 118 111 920 942 911 113 81 237 878
is_linear=0
shrinkage=0.05


Tree=36
num_leaves=17
num_cat=0
split_feature=305 297 162 290 165 207 68 383 383 162 64 112 377 365 266 206
split_gain=240.289 63.1918 26.7141 25.2411 38.3092 22.7384 15.5903 14.3996 14.2739 6.7493 6.10766 4.88412 4.35684 4.19459 4.10549 3.51213
threshold=0.18603712079704873 -0.70405285399314299 0.32698971413760997 0.51263233513337525 -0.0015723336182415146 1.3204792639562808 0.50799525128785161 4.5000000000000009 6.5000000000000009 1.2980438251703865 0.48102436708082613 113.50000000000001 0.17775234998968795 0.10831633295322228 -0.037457054275369009 0.0033430108163606648
decision_type=2 2 2 2 2 2 2 2 2 2 2 2 2 2 2 2
left_child=1 11 6 4 -2 7 -3 -4 -7 10 -6 13 15 -1 -15 -5
right_child=3 2 5 12 9 8 -8 -9 -10 -11 -12 -13 -14 14 -16 -17
leaf_value=-0.0094267104267278003 0.039687262804323324 -0.04574336458640775 0.0040472110902862388 0.0080727100760298459 -0.044204905832788632 0.024018892019429666 0.013557782684023679 -0.033295918413465873 -0.0058192360305903863 0.006740581154568371 0 -0.00031895226132709593 0.0064638774924893633 -0.04060811447671514 -0.0056702809167926199 0.041630386302530888
leaf_weight=19.572421789169312 45.556204110383987 47.405715435743332 43.810437381267548 13.586948633193968 25.955271005630493 113.92653414607048 11.19627410173416 51.670326203107834 55.8998002409935 11.395329058170317 10.484176009893416 12.082937657833098 14.920747995376585 246.9944766163826 13.278132230043409 255.16136142611504
leaf_count=63 147 146 125 43 74 326 32 147 161 33 30 38 51 896 43 918
internal_value=0 -0.0192136 -0.00375765 0.031297 0.00775646 0.00292518 -0.0334934 -0.0160523 0.0139776 -0.0222173 -0.0323646 -0.0359807 0.0387105 -0.0373239 -0.0391006 0.0402257
internal_weight=992.897 615.837 323.909 377.06 93.391 265.307 58.602 95.4808 169.826 47.8348 36.4394 291.928 283.669 279.845 260.273 268.748
internal_count=3273 1977 937 1296 284 759 178 272 487 137 104 1040 1012 1002 939 961
is_linear=0
shrinkage=0.05


Tree=37
num_leaves=2
num_cat=0
split_feature=72
split_gain=4.87423
threshold=0.0085622658996191928
decision_type=2
left_child=-1
right_child=-2
leaf_value=-0.01852379742152286 0.024153909162025367
leaf_weight=10.410110679455103 10.018467219546435
leaf_count=1814 1459
internal_value=0.000684664
internal_weight=20.4286
internal_count=3273
is_linear=0
shrinkage=0.05


Tree=38
num_leaves=20
num_cat=0
split_feature=307 274 381 28 309 244 393 86 229 394 63 69 86 356 68 377 299 221 112
split_gain=239.026 61.0058 31.1911 21.8792 16.5865 16.1863 13.4057 9.89395 13.2834 9.68303 8.28028 5.33582 7.17048 5.22366 5.10171 5.05093 1.95057 1.66665 0.823502
threshold=0.12807579438080574 0.65133158060785401 12.753815021768448 0.060497965862431578 0.059671697710593836 0.33636363636363642 -0.17204861663414409 33585.234654999971 -4.2660488049378609 0.016976798509967143 0.26820878147426247 -0.039652891685849394 -927522.15726599877 0.51041666666666685 0.68828398878760255 0.17775234998968795 -0.15176323266231787 10.440222156908154 107.50000000000001
decision_type=2 2 2 2 2 2 2 2 2 2 2 2 2 2 2 2 2 2 2
left_child=4 2 17 5 11 -4 -5 15 -9 10 14 12 -1 -12 -6 16 -3 -2 -13
right_child=1 7 3 6 9 -7 -8 8 -10 -11 13 18 -14 -15 -16 -17 -18 -19 -20
leaf_value=-0.0068286487925441732 0.042859151034904994 -0.0082727597265524738 0.035048013655337967 0.0053226047639873958 0.032640158078182088 -0.0052214536145329315 -0.033748416426077177 0.034710875090615816 -0.034822605483723172 -0.02472364996421993 0.011570902447636831 0.041277494629074658 0.035578297963784596 -0.027542170369685905 0 -0.0053193804720832807 -0.040359840670339479 0.0085823595974713063 0.011670682404521068
leaf_weight=16.177903681993484 29.012505918741226 10.657780826091765 28.638855218887329 24.628438681364059 66.127387315034866 111.00929939746857 95.025279432535172 10.003885775804521 11.465572148561476 10.844975233078001 18.463725775480274 223.37550616264343 15.886952310800551 10.679282099008558 15.951286494731901 15.976674914360045 258.11058217287064 10.501946270465849 10.110575348138807
leaf_count=52 88 30 82 69 203 317 288 28 34 31 56 803 55 30 46 54 944 31 32
internal_value=-2.077e-05 -0.0196772 -0.00334525 -0.00990293 0.0304483 0.00324985 -0.0253653 -0.0352657 -9.61467e-05 0.0140358 0.018803 0.0375654 0.0140028 -0.00243918 0.026753 -0.037715 -0.0393768 0.0361738 0.0403712
internal_weight=992.648 605.031 298.816 259.302 387.618 139.648 119.654 306.214 21.4695 122.067 111.222 265.551 32.0649 29.143 82.0787 284.745 268.768 39.5145 233.486
internal_count=3273 1965 875 756 1308 399 357 1090 62 366 335 942 107 86 249 1028 974 119 835
is_linear=0
shrinkage=0.05


Tree=39
num_leaves=19
num_cat=0
split_feature=305 299 162 270 13 124 163 126 68 162 83 74 126 385 305 399 163 68
split_gain=217.622 58.2702 24.7862 23.8625 31.5588 23.1433 24.8405 24.5616 14.5129 8.52956 4.8146 12.2941 4.10487 4.03302 2.40809 2.04349 1.4616 0.563685
threshold=0.18603712079704873 -0.42905285399313881 0.32698971413760997 -0.86579726071135443 -0.0064368575115263654 -21.499999999999996 0.018468350357072106 -0.013428561054148745 0.50799525128785161 1.5268559270645079 0.48874974127137322 -0.55703924247775649 0.0010136152644455445 1.0000000180025095e-35 0.22579646384589039 0.024742943269745309 0.017967505730611229 0.36007721974994883
decision_type=2 2 2 2 2 2 2 2 2 2 2 2 2 2 2 2 2 2
left_child=1 10 8 4 -2 6 -4 -7 -3 13 12 -12 16 -6 -5 17 -1 -16
right_child=3 2 5 14 9 7 -8 -9 -10 -11 11 -13 -14 -15 15 -17 -18 -19
leaf_value=-0.040929078790481709 0.035615007890934337 -0.044655796507189177 -0.027570757804273968 0.0099623261980554736 -0.044256714486830252 -0.01730114211923724 0.040775083331185437 0.024819862684699667 0.012811827012084534 0.012901480786797846 0.025107263054996859 -0.031818614202157605 -0.0067147551230914634 -0.0043836080086380666 0.012622791663853605 0.010542490108812903 -0.015108851431392437 0.041105098227809625
leaf_weight=211.75750309228897 47.382621884346008 46.219067186117172 80.056638866662979 14.636883080005644 22.199983566999435 43.228818148374557 12.575980275869368 127.76165249943733 11.0900841653347 10.826535195112227 10.286613017320631 27.255672752857208 15.312992185354231 13.480149716138838 10.261374413967131 13.265392214059828 16.912676632404327 233.11723601818085
leaf_count=803 155 146 228 42 64 126 37 368 32 33 30 98 50 39 38 38 59 887
internal_value=0 -0.0184477 -0.00363207 0.0302997 0.00758855 0.00277865 -0.0167811 0.013769 -0.0326219 -0.0203837 -0.034945 -0.0142839 -0.0377097 -0.0319935 0.0378087 0.0390708 -0.0394556 0.0402755
internal_weight=967.628 602.458 320.932 365.17 93.8893 263.623 92.6326 170.99 57.3092 46.5067 281.525 37.5423 243.983 35.6801 271.281 256.644 228.67 243.379
internal_count=3273 1977 937 1296 291 759 265 494 178 136 1040 128 912 103 1005 963 862 925
is_linear=0
shrinkage=0.05


Tree=40
num_leaves=2
num_cat=0
split_feature=66
split_gain=4.79974
threshold=0.52318647757736392
decision_type=2
left_child=-1
right_child=-2
leaf_value=-0.018288103855279344 0.024177959090134905
leaf_weight=10.201243097893895 10.013503374997525
leaf_count=1777 1496
internal_value=0.000999979
internal_weight=20.2147
internal_count=3273
is_linear=0
shrinkage=0.05


Tree=41
num_leaves=17
num_cat=0
split_feature=311 274 381 126 110 86 272 394 178 71 365 399 220 165 78 301
split_gain=216.379 59.0979 32.8557 25.1783 37.0936 22.7157 13.3363 9.95571 9.68726 5.89308 5.73859 5.42872 5.19881 4.58572 2.9795 0.878704
threshold=0.48268283342790863 0.70431978117430194 12.753815021768448 -0.0039213191313864906 41.500000000000007 10633.353242499963 -1.7187760550336735 0.016976798509967143 0.82944442867609147 1.1080561622780014 0.10831633295322228 0.024742943269745309 1.7036016802305725 -0.0013531825870293621 2.4493814990455465 0.0089198243934145698
decision_type=2 2 2 2 2 2 2 2 2 2 2 2 2 2 2 2
left_child=6 2 13 4 -4 -5 10 8 9 -8 -1 15 -10 -2 -12 -3
right_child=1 11 3 5 -6 -7 7 -9 12 -11 14 -13 -14 -15 -16 -17
leaf_value=0.00510279491832935 0.00041550489192352562 -0.010893679856972227 0.029357922969630659 -0.029914507976493889 -0.021231236067726096 0.022509844505240573 0.035912638313754817 -0.021170483017225194 0.012682833408550462 0.0060292994876153501 0.040976029672258947 -0.0033649580168122711 -0.030233752704874769 0.042050450135777677 0.004986424295769995 -0.040406233671645621
leaf_weight=17.299894332885742 11.2001696228981 10.012359559535978 71.107966661453247 159.69332286715508 67.310450553894043 20.337064772844315 64.931389898061752 12.44677150249481 10.70805883407593 29.418063431978226 209.3175573348999 14.72252771258354 10.219994038343428 33.11140638589859 10.113625854253767 215.40169721841812
leaf_count=56 35 32 204 486 194 60 211 37 32 92 780 42 29 101 35 847
internal_value=-9.64996e-06 -0.0184198 -0.00542513 -0.0112264 0.00447522 -0.0234473 0.0302108 0.0159282 0.020792 0.0275816 0.0374124 -0.0375352 -0.0073484 0.0332773 0.0396317 -0.0394746
internal_weight=967.352 602.897 362.76 318.449 138.418 180.03 364.455 127.724 115.278 94.3495 236.731 240.137 20.9281 44.3116 219.431 225.414
internal_count=3273 2001 1080 944 398 546 1272 401 364 303 871 921 61 136 815 879
is_linear=0
shrinkage=0.05


Tree=42
num_leaves=19
num_cat=0
split_feature=272 272 272 165 370 225 394 46 163 120 36 364 365 70 78 359 30 270
split_gain=198.303 42.7355 25.944 25.9154 23.3598 19.0296 20.8872 10.2529 10.0595 9.43146 6.96437 7.23599 5.79408 5.28188 2.9332 1.51258 1.33618 0.718623
threshold=-1.5240197615509332 -1.2955563634533671 -1.7187760550336735 -0.0016679095989189034 0.30061461857350913 2.675620980794347 -0.014351166550820247 0.76677007342625936 0.01426749536684694 -0.031533830093156072 0.11309948060608976 0.55857304482888204 0.10831633295322228 0.0033430108163606648 2.3884370225842804 -0.12968790402560895 0.0028656687507522282 -0.84209591305729625
decision_type=2 2 2 2 2 2 2 2 2 2 2 2 2 2 2 2 2 2
left_child=2 3 12 15 8 6 -5 -7 9 -4 11 -6 -1 -3 -14 -2 -15 -18
right_child=1 13 4 5 10 7 -8 -9 -10 -11 -12 -13 14 16 -16 -17 17 -19
leaf_value=-0.003988282136497559 0.0082749418362375836 0.0018898855749421039 -0.037305846823288642 0.015211321587572388 -0.035899436367704866 0.034216139098738878 -0.023857029518370546 -0.0034362599510212848 0.038102270092545985 0.0070897366703167944 0.0034907809818077954 -0.00051393227407813739 -0.040134884802267068 0.0095647872664910375 -0.0045942423152231697 0.040944848410745527 0.011679687203009706 0.040836755383009342
leaf_weight=16.944041579961777 10.121319711208342 13.471496284008024 11.708486214280127 47.433940947055817 87.539610728621483 44.396375507116318 98.854816675186157 24.797266095876694 17.850099965929985 59.640255242586136 14.593739956617354 20.745460540056229 198.15823125839233 10.455639734864233 10.137959748506544 46.418958693742752 10.041294008493422 198.81025247275829
leaf_count=56 32 44 33 140 291 130 289 72 53 177 43 66 779 38 36 156 36 802
internal_value=0 0.0212659 -0.0245837 0.00743737 -0.0114437 -0.000396298 -0.0108031 0.0204478 0.00748194 -0.000734506 -0.0254301 -0.0297661 -0.0364237 0.0369135 -0.0387315 0.036648 0.0387855 0.0398562
internal_weight=942.119 504.801 437.318 272.023 212.078 215.482 146.289 69.1936 89.1988 71.3487 122.879 108.285 225.24 232.779 208.296 56.5403 219.307 208.852
internal_count=3273 1739 1534 819 663 631 429 202 263 210 400 357 871 920 815 188 876 838
is_linear=0
shrinkage=0.05


Tree=43
num_leaves=2
num_cat=0
split_feature=37
split_gain=4.73211
threshold=0.039760530846533755
decision_type=2
left_child=-1
right_child=-2
leaf_value=-0.018052890900538101 0.024230169244011567
leaf_weight=10.00023766513914 10.001913376618175
leaf_count=1762 1511
internal_value=0.0013193
internal_weight=20.0022
internal_count=3273
is_linear=0
shrinkage=0.05


Tree=44
num_leaves=21
num_cat=0
split_feature=274 274 274 162 13 225 370 399 381 112 231 162 71 70 83 67 21 7 274 162
split_gain=196.818 39.8798 29.0297 23.1492 28.0475 22.5005 22.4055 15.0355 9.52919 9.76329 6.61397 6.58097 6.60426 5.35538 3.96056 7.88641 3.57318 1.6843 1.34265 3.02959
threshold=0.47561326694814537 0.70431978117430194 0.30733315301590142 1.4660564270614354 -0.007095475878649002 2.675620980794347 0.35720876884364927 -0.2988130030439376 12.753815021768448 10.500000000000002 94.500000000000014 1.4660564270614354 1.111281362559662 0.0033430108163606648 0.48874974127137322 -0.015270745278425145 0.38561972019915031 -0.0037698049585321298 0.74145548255593863 1.4497620813608949
decision_type=2 2 2 2 2 2 2 2 2 2 2 2 2 2 2 2 2 2 2 2
left_child=2 3 14 4 -2 -6 8 -5 -4 -10 -9 17 -13 -3 16 -16 -1 -8 19 -15
right_child=1 13 6 7 5 -7 11 10 9 -11 -12 12 -14 18 15 -17 -18 -19 -20 -21
leaf_value=0.040659351365082863 -0.038438429556575421 -0.0014710803486857273 0.032050490752012419 0.024311808100586765 0.02816726108897637 -0.013983718322900763 0.0069706541703796355 -0.040605928554640562 0.025778087190485667 -0.01789648235943583 -0.0095175446448575122 0.023264772946355056 -0.021501993881569897 0 -0.011431508711034474 0.034024124680868434 0.010307959134503344 0.039603917954106671 -0.040500885745175449 -0.033128637446956211
leaf_weight=193.37584379315376 28.492016017436981 13.392843991518019 11.071223437786101 10.310817033052443 88.905779600143433 44.246941953897476 10.000064611434935 67.60331666469574 11.469746410846708 83.692301884293556 31.791777431964874 16.830450177192692 10.529585748910902 11.849336609244348 12.968045771121981 18.404911458492279 17.526903197169304 54.42510487139225 192.4668006002903 12.464271664619444
leaf_count=754 91 44 35 30 262 129 30 212 33 247 95 51 32 43 42 66 60 183 789 45
internal_value=-4.83707e-06 -0.0214147 0.0242495 -0.00804406 0.00375076 0.0137937 0.00949077 -0.0255039 -0.00574454 -0.0114961 -0.0317207 0.0272755 0.00396699 -0.0366566 0.0358448 0.0144225 0.0385507 0.0358157 -0.0385532 -0.0185495
internal_weight=941.818 501.524 440.294 271.351 161.645 133.153 198.018 109.706 106.233 95.162 99.3951 91.7852 27.36 230.173 242.276 31.373 210.903 64.4252 216.78 24.3136
internal_count=3273 1740 1533 819 482 391 611 337 315 280 307 296 83 921 922 108 814 213 877 88
is_linear=0
shrinkage=0.05


Tree=45
num_leaves=19
num_cat=0
split_feature=305 274 207 270 30 162 392 86 125 387 112 162 69 86 392 72 72 70
split_gain=180.065 50.1514 21.9704 21.9043 34.0843 17.7544 15.1139 10.9342 10.6252 6.67972 6.63093 5.37626 4.68439 5.23853 4.37764 3.89906 3.79803 2.62387
threshold=0.18603712079704873 0.34841580215254259 1.3076719104155095 -0.86579726071135443 0.02324491325817344 0.32698971413760997 4.5000000000000009 -206224.89714599997 -0.21266793939173412 -0.2640950572555652 107.50000000000001 1.2980438251703865 -0.039652891685849394 -927522.15726599877 13.500000000000002 0.0083449533277201674 0.0064243990999602874 0.0033430108163606648
decision_type=2 2 2 2 2 2 2 2 2 2 2 2 2 2 2 2 2 2
left_child=1 10 6 4 11 15 7 -3 -7 -8 12 16 13 -1 17 -4 -2 -5
right_child=3 2 5 14 -6 8 9 -9 -10 -11 -12 -13 -14 -15 -16 -17 -18 -19
leaf_value=0.0030967567413133831 -0.046262598793227791 0.022759673337708657 -0.038229531094890662 0.0076231738460038794 0.036074012389748354 -0.026452770085624289 0 -0.021430704743659698 0.018622538030296842 -0.040286078145343761 0 0.0033276498396062567 -0.037209964736164246 -0.03265551833196511 0.0037767780969499226 0 -0.0068529070012257054 0.039139324689747068
leaf_weight=18.383533343672752 19.194889277219772 26.574907124042511 18.387548208236698 12.613068222999571 45.90911078453064 10.863929212093351 13.546672433614729 23.307127445936203 144.01463940739632 59.114273205399513 13.077920258045195 10.645722508430479 223.60183139145374 14.513349309563635 14.017689943313597 10.116654455661772 14.80288392305374 224.63194990158081
leaf_count=62 56 78 61 42 159 31 41 73 429 180 42 32 891 57 51 32 44 912
internal_value=0 -0.0170706 -0.00296346 0.0285765 0.00653067 0.00776812 -0.0192232 0.00112202 0.0147015 -0.0333418 -0.0326877 -0.0231592 -0.0344415 -0.0126944 0.0361542 -0.0261299 -0.0324018 0.037788
internal_weight=917.318 575.502 305.926 341.815 90.5526 183.383 122.543 49.882 154.879 72.6609 269.577 44.6435 256.499 32.8969 251.263 28.5042 33.9978 237.245
internal_count=3273 1977 925 1296 291 553 372 151 460 221 1052 132 1010 119 1005 93 100 954
is_linear=0
shrinkage=0.05


Tree=46
num_leaves=1
num_cat=0
split_feature=
split_gain=
threshold=
decision_type=
left_child=
right_child=
leaf_value=0
leaf_weight=
leaf_count=3273
internal_value=
internal_weight=
internal_count=
is_linear=0
shrinkage=1


Tree=47
num_leaves=18
num_cat=0
split_feature=307 274 165 162 112 309 41 112 394 260 33 69 86 399 78 162 112
split_gain=179.433 48.8149 24.815 31.392 14.7748 14.0543 12.3972 12.1317 8.41885 7.89254 6.83221 5.83312 6.68111 5.5135 4.15995 1.2245 0.501565
threshold=0.12807579438080574 0.70431978117430194 -0.0016679095989189034 1.4660564270614354 10.500000000000002 0.059671697710593836 0.018392580260765082 47.500000000000007 0.016976798509967143 0.19090909090909094 0.067334283374414175 -0.039652891685849394 -927522.15726599877 0.024742943269745309 2.7577764507082567 0.13626093329167646 101.50000000000001
decision_type=2 2 2 2 2 2 2 2 2 2 2 2 2 2 2 2 2
left_child=5 2 4 7 -2 11 -5 -4 9 -7 -11 12 -1 15 -6 -3 -13
right_child=1 13 3 6 14 8 -8 -9 -10 10 -12 16 -14 -15 -16 -17 -18
leaf_value=-0.0098732871971174141 0.020667776673425935 -0.011044225273866387 0.0050917873763871302 -0.029261711309575368 -0.03594049466818524 -0.017522421316052621 0.01585716221085184 0.034861173648098591 -0.023748452592186314 0.029266415828809029 0 0.038775103395929038 0.032602704257354849 -0.0016950476468419837 0 -0.039130400907090253 0.012228411861795269
leaf_weight=15.322797968983652 11.969606429338453 12.060308024287222 93.847168028354645 69.755517542362213 82.680309101939201 10.903293222188948 15.631186217069624 57.075863838195801 10.721633315086363 72.143459916114807 23.905155226588249 196.73817917704582 14.159844577312468 14.433859735727308 10.506342321634291 194.18287920951843 10.963048607110975
leaf_count=52 38 49 278 211 270 32 45 169 31 233 70 797 55 42 33 830 38
internal_value=-1.66586e-05 -0.0176134 -0.00549356 0.00335936 -0.0253917 0.0276332 -0.0201785 0.0171348 0.0123853 0.0170115 0.0218485 0.0347407 0.0101147 -0.0358183 -0.0322878 -0.0379089 0.0378053
internal_weight=917 562.143 341.466 236.31 105.156 354.857 85.3867 150.923 117.674 106.952 96.0486 237.184 29.4826 220.677 93.1867 206.243 207.701
internal_count=3273 1965 1044 703 341 1308 256 447 366 335 303 942 107 921 303 879 835
is_linear=0
shrinkage=0.05


Tree=48
num_leaves=22
num_cat=0
split_feature=274 274 207 165 260 268 33 28 162 83 103 41 213 68 399 297 207 372 162 270 72
split_gain=164.563 37.5343 23.926 23.2246 19.854 13.1168 12.2549 10.5907 10.1297 9.86335 8.03988 6.94771 6.9055 5.89494 5.3699 4.98687 4.71319 4.17462 1.22349 0.971719 0.85766
threshold=0.47561326694814537 0.70431978117430194 1.2959275600383215 -0.0017112768905048509 0.44545454545454549 -0.76821815200581678 0.076255588758628437 0.026231573540012258 0.26423737967377631 -0.22445713609639298 0.11488067542369385 0.010497946648042265 3.9621673320255177 0.47742695768719617 0.024742943269745309 -0.43077211595963899 1.9042017863598439 0.095133188582693942 0.13626093329167646 -0.99588124714816784 0.0081171532160742108
decision_type=2 2 2 2 2 2 2 2 2 2 2 2 2 2 2 2 2 2 2 2 2
left_child=3 2 4 5 13 20 -6 15 -7 -10 11 -5 -9 -2 18 -4 -13 19 -3 -12 -1
right_child=1 14 7 10 6 8 -8 12 9 -11 17 16 -14 -15 -16 -17 -18 -19 -20 -21 -22
leaf_value=-0.0068501463379291279 -0.00064564783049456597 0.010632627856585766 0.010960527672469236 -0.029472848683752845 -0.028316996974006567 -0.027552053088532619 0.020132638424386 0 0.00054614910553864554 0.039998182213253131 -0.03729504166811981 -0.011870228883881879 0.031626942114360075 0.039195978776612239 0.0015673302059493759 -0.02895411265822001 0.02749885572043384 -0.0072318735566168401 0.038668189100252111 -0.0090974823405020906 -0.035282664720741229
leaf_weight=10.193946093320845 11.912329763174059 11.916661709547041 12.352980822324755 18.120251327753067 78.940944254398346 15.69857808947563 12.056299090385435 17.866599813103676 55.779676720499992 20.801208585500717 215.93752257525921 10.341807171702387 101.55257974565029 18.716145366430283 14.378278136253355 11.456011265516279 12.552086919546126 19.401937380433083 188.18463638424873 10.239330366253851 24.998920232057571
leaf_count=40 36 49 36 67 236 51 38 54 172 62 852 38 328 57 42 34 37 72 830 34 108
internal_value=0 0.0198454 0.00688252 -0.0230426 -0.00903217 -0.00467021 -0.0209283 0.0206468 0.00492156 0.0129944 -0.0309086 -0.00802423 0.0267069 0.0235383 0.0353072 -0.00747078 0.00846896 -0.0343864 0.0374265 -0.0363725 -0.029541
internal_weight=893.399 479.333 264.854 414.065 121.626 127.472 90.9972 143.228 92.2795 76.5809 286.593 41.0141 119.419 30.6285 214.48 23.809 22.8939 245.579 200.101 226.177 35.1929
internal_count=3273 1740 819 1533 367 433 274 452 285 234 1100 142 382 93 921 70 75 958 879 886 148
is_linear=0
shrinkage=0.05


Tree=49
num_leaves=1
num_cat=0
split_feature=
split_gain=
threshold=
decision_type=
left_child=
right_child=
leaf_value=0
leaf_weight=
leaf_count=3273
internal_value=
internal_weight=
internal_count=
is_linear=0
shrinkage=1


Tree=50
num_leaves=20
num_cat=0
split_feature=309 272 381 126 8 153 272 370 412 260 230 399 83 78 372 24 78 272 392
split_gain=162.69 49.3431 27.4527 23.0612 26.725 14.5868 9.28636 10.9845 8.33527 6.1091 5.91204 5.48905 4.11445 5.89667 4.04081 2.87554 2.69226 1.14864 0.820233
threshold=0.19125888021743756 -1.2955563634533671 12.753815021768448 -0.0039213191313864906 -0.0068245317774298479 0.0041172939668610862 -1.7322866297619408 0.28382235747797563 1.0000000180025095e-35 0.26363636363636367 29.500000000000004 0.024742943269745309 0.54691000078554153 1.0303483035311531 0.064395058475503988 0.16331232085161493 2.0202782654076947 -1.257961069809417 5.5000000000000009
decision_type=2 2 2 2 2 2 2 2 2 2 2 2 2 2 2 2 2 2 2
left_child=6 2 8 4 -4 -5 12 10 -2 -9 -8 17 16 -14 -11 -12 -1 18 -3
right_child=1 11 3 5 -6 -7 7 9 -10 14 15 -13 13 -15 -16 -17 -18 -19 -20
leaf_value=0.039331521817080134 0.0417394259946713 -0.025162510681182776 0.03785675275601938 0.017929552279219847 -0.0086582329394563652 -0.026510020375599987 0.016314157691236474 -0.0055779309207106172 -0.0039771904359768469 0.035741638517217539 0 -0.0010339109796227988 -0.013384172035696801 0.031177932947604445 0 -0.037453998746293127 0.0050826389353482125 -0.039126932081455221 -0.00050542485188036451
leaf_weight=171.00892639160156 34.589722648262978 12.491881772875788 40.699124127626419 17.32087367773056 99.985405564308167 161.0623582303524 12.082078859210013 10.200344964861868 10.318097144365309 58.980135828256607 10.071018710732462 14.29875001311302 10.141995027661325 12.286060646176336 11.744369551539419 11.073836058378218 10.442832738161085 174.08918924629688 10.19211235642433
leaf_count=725 112 49 124 52 292 512 37 34 33 210 30 42 33 48 40 32 39 790 39
internal_value=-8.98475e-06 -0.015915 -0.00451341 -0.00984984 0.00495972 -0.0216941 0.0284757 0.0156082 0.0306005 0.025416 -0.00702533 -0.0350038 0.0351076 0.00985892 0.0306095 -0.0228023 0.0377462 -0.0371693 -0.0173837
internal_weight=893.079 575.048 363.976 319.068 140.685 178.383 318.032 114.152 44.9078 80.9249 33.2269 211.072 203.88 22.4281 70.7245 21.1449 181.452 196.773 22.684
internal_count=3273 2045 1125 980 416 564 1228 383 145 284 99 920 845 81 250 62 764 878 88
is_linear=0
shrinkage=0.05


Tree=51
num_leaves=16
num_cat=0
split_feature=305 297 162 276 165 393 357 68 0 349 11 377 126 73 70
split_gain=150.022 42.9109 20.1491 20.0718 29.7903 18.9378 15.8992 11.639 5.48335 5.13383 4.49856 4.30398 2.93636 2.98661 2.90742
threshold=0.18603712079704873 -0.73743409643299729 0.32698971413760997 1.1342027392886458 -0.0015723336182415146 1.0000000180025095e-35 0.44791666666666669 0.50799525128785161 -0.0021217956689407623 -30.499999999999996 -0.0005991215829269646 0.17775234998968795 0.0010136152644455445 0.58674866749247723 0.0033430108163606648
decision_type=2 2 2 2 2 2 2 2 2 2 2 2 2 2 2
left_child=1 9 7 4 -2 6 -4 -3 -6 -1 -10 14 13 -11 -5
right_child=3 2 5 11 8 -7 -8 -9 10 12 -12 -13 -14 -15 -16
leaf_value=0 0.035728665362613481 -0.041762905025254309 0.012230225671044419 0.0054067381578651293 0.0043847742997244884 0.047157647915376827 -0.012940478311295535 0.0094784159659939728 0 -0.013682443441688813 -0.041038134616560452 0.002316535423448307 -0.0044430196319027717 -0.038079646358445247 0.037843204581905668
leaf_weight=11.281671464443205 41.187827304005623 44.085302218794823 107.06345677375793 12.039019435644148 11.992488265037535 18.278686612844467 141.33461160957813 11.306329712271689 10.170875221490858 25.544700369238853 24.098458647727966 13.414792254567145 12.721032902598379 178.81095671653748 206.94364082813263
leaf_count=35 152 154 318 42 35 53 430 34 31 104 73 51 46 803 912
internal_value=0 -0.0158578 -0.00384234 0.0270303 0.00566478 0.00178656 -0.00187614 -0.0304978 -0.0206325 -0.0323184 -0.0303771 0.0346829 -0.034005 -0.0355132 0.0363824
internal_weight=870.274 550.427 322.068 319.847 87.4496 266.677 248.398 55.3916 46.2618 228.358 34.2693 232.397 217.077 204.356 218.983
internal_count=3273 1977 989 1296 291 801 748 188 139 988 104 1005 953 907 954
is_linear=0
shrinkage=0.05


Tree=52
num_leaves=1
num_cat=0
split_feature=
split_gain=
threshold=
decision_type=
left_child=
right_child=
leaf_value=0
leaf_weight=
leaf_count=3273
internal_value=
internal_weight=
internal_count=
is_linear=0
shrinkage=1


Tree=53
num_leaves=20
num_cat=0
split_feature=305 274 381 126 8 141 268 30 74 276 64 392 365 83 301 113 162 113 226
split_gain=148.475 45.4614 22.72 20.5134 22.5868 10.3263 9.82421 9.39274 12.1521 8.49938 16.951 6.17487 5.08781 4.48499 4.29703 3.45845 2.33797 2.32887 2.19165
threshold=0.013500667543322591 0.65133158060785401 12.753815021768448 -0.0039213191313864906 -0.0068245317774298479 1.0000000180025095e-35 -0.73228662976194092 0.015212838764814262 -0.17214621022317952 1.1702933589330067 0.33463723872703149 5.5000000000000009 0.10831633295322228 -0.15519466745090579 -0.050122077684240658 4.5000000000000009 1.6976798509967141 115.50000000000001 -10.414046154962596
decision_type=2 2 2 2 2 2 2 2 2 2 2 2 2 2 2 2 2 2 2
left_child=6 2 15 4 -4 -5 12 16 13 10 -3 -10 -1 -9 -11 -2 -8 -14 -16
right_child=1 9 3 5 -6 -7 7 8 11 14 -12 -13 17 -15 18 -17 -18 -19 -20
leaf_value=0.0024749149572468698 0.0031050054320311497 0.030095721363959244 0.040238586350911446 -0.010200674904534059 -0.0062447339043763955 -0.040169717395514483 0.034015783732513023 0 0 -0.0031888039815402857 -0.031907561792551539 0.037680230293491726 0.038267439980161203 -0.044910743668660012 -0.0088375917155605905 0.040807166331351806 0.0019234550184603497 0.0060568061341908916 -0.03842755023141612
leaf_weight=15.371854469180105 12.044545233249663 14.659388169646261 33.76214474439621 100.17971159517765 84.276639968156815 44.005673989653587 44.365603074431419 10.037842303514482 24.410654798150063 13.998177468776701 25.260895863175392 16.519853785634041 169.67329984903336 11.536747828125952 13.26651683449745 27.509719491004944 10.744172126054762 10.960151076316832 187.36684602499008
leaf_count=54 40 45 104 316 246 141 166 31 78 41 93 56 749 33 54 92 35 42 857
internal_value=-6.38588e-06 -0.0155513 -0.00218106 -0.00775371 0.00730541 -0.0203193 0.0272968 0.0145499 0.000264423 -0.0309979 -0.00746184 0.0167173 0.0343598 -0.027145 -0.0349825 0.0315298 0.0290418 0.0367162 -0.0368755
internal_weight=869.95 556.33 301.778 262.224 118.039 144.185 313.62 117.615 62.5051 254.552 39.9203 40.9305 196.005 21.5746 214.632 39.5543 55.1098 180.633 200.633
internal_count=3273 2029 939 807 350 457 1244 399 198 1090 138 134 845 64 952 132 201 791 911
is_linear=0
shrinkage=0.05


Tree=54
num_leaves=18
num_cat=0
split_feature=307 297 290 30 162 125 393 68 8 69 390 162 392 112 70 72 250
split_gain=136.108 39.9946 19.0434 28.3695 18.7491 18.6687 20.5638 11.0082 8.84908 5.00395 5.6533 4.25901 4.23978 4.07593 3.66824 2.92583 0.788837
threshold=0.27770378746371766 -0.73743409643299729 0.51263233513337525 0.02324491325817344 0.32698971413760997 -0.1829284941954262 -0.17617475469593066 0.50799525128785161 0.00943278680322991 -0.039652891685849394 -0.0090320453092662106 1.2980438251703865 13.500000000000002 105.50000000000001 0.0033430108163606648 0.0064243990999602874 0.50000000000000011
decision_type=2 2 2 2 2 2 2 2 2 2 2 2 2 2 2 2 2
left_child=1 9 3 11 7 8 -7 -3 -6 10 -1 15 14 16 -4 -2 -11
right_child=2 4 12 -5 5 6 -8 -9 -10 13 -12 -13 -14 -15 -16 -17 -18
leaf_value=0.0091252321209913719 -0.043358851366708244 -0.040962727612062808 0.0031981496116218894 0.03365101030039306 -0.044443316144861494 -0.031485463352903718 0.012947161201529304 0.0090900792410116265 0.0048393348338029059 -0.010048430921061372 -0.030446972335086517 0.0014191735544824002 0.0016130513953847309 0 0.037165899574523022 -0.0067400668131621065 -0.037402100207401166
leaf_weight=15.641859143972399 18.187819987535477 42.728677034378052 12.276127964258192 41.508045420050621 25.884684965014458 26.436592668294907 202.63807952404022 11.219960480928419 10.015090048313139 10.560340315103529 13.004807993769644 10.170131489634512 13.20122718811035 10.07793143391609 199.53830696642399 14.100067466497419 170.16789123415947
leaf_count=56 55 154 43 155 76 84 612 34 29 47 57 31 51 36 918 43 792
internal_value=-1.03493e-05 -0.0152275 0.0262355 0.00497316 -0.00366253 0.00173471 0.0072632 -0.0297445 -0.0300965 -0.0315337 -0.00844281 -0.0223337 0.0337806 -0.0345581 0.0355021 -0.0307169 -0.0362661
internal_weight=847.358 538.376 308.982 83.9661 318.923 264.974 229.075 53.9486 35.8998 219.453 28.6467 42.458 225.016 190.806 211.814 32.2879 180.728
internal_count=3273 1977 1296 284 989 801 696 188 105 988 113 129 1012 875 961 98 839
is_linear=0
shrinkage=0.05


Tree=55
num_leaves=1
num_cat=0
split_feature=
split_gain=
threshold=
decision_type=
left_child=
right_child=
leaf_value=0
leaf_weight=
leaf_count=3273
internal_value=
internal_weight=
internal_count=
is_linear=0
shrinkage=1


Tree=56
num_leaves=17
num_cat=0
split_feature=309 274 381 126 110 86 272 370 412 70 246 365 390 78 42 207
split_gain=134.959 43.1679 24.611 23.0957 38.2687 19.9496 8.70903 9.63509 7.62295 6.52998 5.29881 5.05585 4.83235 2.70083 2.24804 2.09418
threshold=0.19125888021743756 0.74145548255593863 12.753815021768448 -0.0039213191313864906 41.500000000000007 10633.353242499963 -1.7322866297619408 0.28382235747797563 1.0000000180025095e-35 0.0033430108163606648 0.66853932584269671 0.10831633295322228 1.0000000180025095e-35 2.2921460175606536 0.32558383182213974 1.6378341517069652
decision_type=2 2 2 2 2 2 2 2 2 2 2 2 2 2 2 2
left_child=6 2 8 4 -4 -5 11 10 -2 -3 14 -1 15 -13 -8 -9
right_child=1 9 3 5 -6 -7 7 12 -10 -11 -12 13 -14 -15 -16 -17
leaf_value=0.0018603443825384895 0.040057089288253224 0 0.029149862765616416 -0.027239007136732669 -0.020866352703666925 0.021117908519722121 0 0.034355002713323153 -0.0040194502737233512 -0.038027673137427553 0.015306557121641119 0.03764025431110981 -0.0036457420042496505 0.0035978298801449173 -0.035575736708343061 0.0084286831173475234
leaf_weight=15.217068791389464 32.904551476240158 11.836099088191984 75.812718793749809 166.92308656871319 70.671479970216751 20.960580676794052 10.424188315868379 48.735936567187309 10.107365712523459 159.34740689396858 11.850956231355665 162.84718351066113 10.036658361554144 10.138362914323805 10.498894914984701 18.716674894094467
leaf_count=54 112 41 231 557 217 65 31 185 33 789 37 752 35 39 31 64
internal_value=-6.011e-06 -0.0147677 -0.00506564 -0.0098184 0.0047505 -0.0213352 0.0268362 0.0142722 0.0290261 -0.0354135 -0.00688736 0.0335962 0.0237659 0.0360245 -0.0218912 0.0285359
internal_weight=847.029 548.563 377.38 334.368 146.484 187.884 298.466 110.263 43.0119 171.184 32.774 188.203 77.4893 172.986 20.9231 67.4526
internal_count=3273 2045 1215 1070 448 622 1228 383 145 830 99 845 284 791 62 249
is_linear=0
shrinkage=0.05


Tree=57
num_leaves=18
num_cat=0
split_feature=305 297 270 165 37 393 36 162 358 69 29 305 38 226 6 41 165
split_gain=124.005 31.6485 22.6065 26.872 16.035 15.825 13.4682 11.1121 8.63447 4.97699 8.04255 4.91248 3.50059 2.44287 2.42477 2.33906 0.928472
threshold=0.15042455024499538 -0.73743409643299729 -0.82970664106699343 -0.0016070126166839109 0.090919879389000452 1.0000000180025095e-35 0.11011494584478557 1.5132013098852151 -0.18683373812356022 -0.039652891685849394 -0.0033808664776432402 0.22579646384589039 0.8689140160717731 3.5417958859254357 -0.01149179785406468 0.0016787676511061604 -0.0033694202491304265
decision_type=2 2 2 2 2 2 2 2 2 2 2 2 2 2 2 2 2
left_child=1 9 3 -2 5 6 -3 8 -5 10 -1 -4 -6 16 -7 -13 -11
right_child=2 4 11 7 12 14 -8 -9 -10 13 -12 15 -14 -15 -16 -17 -18
leaf_value=-0.029424375388033459 0.033678038729950434 -0.01859765481653964 0.0044011763852393592 0.014209543471526627 0.0399535346237197 0.0026632183655372252 0.014213776842463341 0.021634411760147076 -0.028591125769034338 -0.010798546735022369 0.018873355620532908 0.0086822524254238538 0 -0.0067705040756711092 0.041732825549828878 0.037588640492977304 -0.037025064048880542
leaf_weight=16.238504886627201 52.303123131394386 190.09080931544304 18.245076537132263 11.113700315356253 18.536472424864773 10.108480185270311 33.265315845608711 16.707095727324486 54.964069858193398 12.215443745255468 11.777101024985312 14.286164596676825 10.022089749574659 13.880211874842642 11.848299056291578 172.30319501459599 156.7119132578373
leaf_count=73 200 603 55 32 59 31 101 57 171 53 40 62 30 62 35 849 760
internal_value=-4.31097e-05 -0.0163029 0.0229356 0.00638827 -0.00477367 -0.00914571 -0.0133664 -0.0108452 -0.0203641 -0.030769 -0.00764736 0.0333583 0.0284963 -0.0338626 0.0282317 0.0358116 -0.0356409
internal_weight=824.617 484.695 339.922 135.088 273.871 245.313 223.356 82.7849 66.0778 210.823 28.0156 204.834 28.5586 182.808 21.9568 186.589 168.927
internal_count=3273 1847 1426 460 859 770 704 260 203 988 113 966 89 875 66 911 813
is_linear=0
shrinkage=0.05


Tree=58
num_leaves=1
num_cat=0
split_feature=
split_gain=
threshold=
decision_type=
left_child=
right_child=
leaf_value=0
leaf_weight=
leaf_count=3273
internal_value=
internal_weight=
internal_count=
is_linear=0
shrinkage=1


Tree=59
num_leaves=17
num_cat=0
split_feature=305 272 381 126 110 86 272 370 70 365 86 260 372 163 78 191
split_gain=123.113 39.7862 22.1841 19.7012 33.2435 16.8721 8.986 9.00154 6.31747 5.06044 4.44142 4.24917 4.29824 3.5834 2.45708 1.86833
threshold=0.013500667543322591 -1.257961069809417 12.753815021768448 -0.0075836680681798376 41.500000000000007 24475.925389500004 -1.7322866297619408 0.28382235747797563 0.0033430108163606648 0.10831633295322228 -31469.022928000002 0.28181818181818186 0.064395058475503988 0.0089932224006893328 2.2211863357187154 0.76375739921635011
decision_type=2 2 2 2 2 2 2 2 2 2 2 2 2 2 2 2
left_child=6 2 10 4 -4 -5 9 13 -3 -1 -2 -9 -13 15 -11 -8
right_child=1 8 3 5 -6 -7 7 11 -10 14 -12 12 -14 -15 -16 -17
leaf_value=0.0011267881537299293 0.040355938646511588 0 0.033728672372662506 -0.023668369537765337 -0.017926991231206387 0.021131610000953236 -0.0066662140629508114 -0.0016056701836757469 -0.037476378406377138 0.037007316999514976 0.0031547445941274123 0.032775305454128927 0 -0.024455959722137904 0.0041031482275278915 0.018284998903201798
leaf_weight=14.991481289267538 24.960360676050186 11.820798531174658 55.823772102594376 187.06755286455154 62.325799897313118 20.114097982645035 10.190459296107294 11.267205715179442 151.39477506279945 155.34067188203335 16.418943375349045 55.955344870686531 11.816445186734198 13.596003681421278 10.306180879473684 10.889567911624907
leaf_count=54 86 41 171 632 191 63 32 40 788 751 57 213 41 40 40 33
internal_value=0 -0.0144267 -0.00502439 -0.00958544 0.00629761 -0.0188416 0.0257304 0.0134207 -0.034779 0.0328615 0.0279326 0.0226262 0.0272585 -0.00636561 0.035366 0.00481894
internal_weight=824.279 529.926 366.711 325.331 118.15 207.182 294.353 113.715 163.216 180.638 41.3793 79.039 67.7718 34.676 165.647 21.08
internal_count=3273 2029 1200 1057 362 695 1244 399 829 845 143 294 254 105 791 65
is_linear=0
shrinkage=0.05


Tree=60
num_leaves=18
num_cat=0
split_feature=305 268 276 30 393 37 141 46 68 399 406 301 83 74 113 226 381
split_gain=112.773 29.5693 21.4602 29.6263 16.7614 16.742 15.1589 11.4491 9.60212 8.35281 5.27031 4.70361 4.68696 7.95867 2.81145 2.42889 1.06408
threshold=0.15042455024499538 -0.7187760550336727 1.1702933589330067 0.025785249385370339 -0.17617475469593066 0.078860563227777722 1.0000000180025095e-35 0.75502351697526204 0.49216779680950834 -0.18166404018677509 -0.0032757071486003149 -0.050122077684240658 0.48874974127137322 -0.47257082717278348 115.50000000000001 -10.414046154962596 13.783138383818228
decision_type=2 2 2 2 2 2 2 2 2 2 2 2 2 2 2 2 2
left_child=1 12 3 8 -3 6 -6 -7 10 -10 -2 -4 14 -14 -1 -13 -5
right_child=2 4 11 16 5 7 -8 -9 9 -11 -12 15 13 -15 -16 -17 -18
leaf_value=-0.036952550538083745 0 -0.034361435194623619 0.0042628723276337916 0.0093457678682502387 -0.016572740800798645 0.041206484627796532 0.010692262955994401 -0.010927143959680388 -0.015916102999575212 0.031490596769413175 -0.035879153137577051 0.0063400519575714867 0.020407960604675101 -0.030478989578050397 -0.0026743124892049676 0.036907256239527814 0.037313802878168788
leaf_weight=142.37379364669323 10.387934207916258 40.728402107954025 18.150334760546684 11.919814705848692 137.4693696051836 31.866356208920479 75.25171235203743 11.662803426384924 15.214276582002642 14.948373794555662 36.058244824409485 12.388313278555868 10.190336316823961 14.124375149607657 10.063927367329596 165.96349154412746 44.248164042830467
leaf_count=729 33 151 55 43 448 102 234 41 46 49 115 54 34 66 42 857 174
internal_value=-3.72335e-05 -0.0156838 0.0222613 0.00606326 -0.0057249 -0.000635591 -0.00668119 0.0263598 -0.0135562 0.00679393 -0.0273934 0.0326999 -0.0317638 -0.00742259 -0.0351065 0.0351998 0.0329984
internal_weight=803.01 473.731 329.279 132.777 296.979 256.25 212.721 43.5292 76.6088 30.1627 46.4462 196.502 176.752 24.3147 152.438 178.352 56.168
internal_count=3273 1847 1426 460 976 825 682 143 243 95 148 966 871 100 771 911 217
is_linear=0
shrinkage=0.05


Tree=61
num_leaves=1
num_cat=0
split_feature=
split_gain=
threshold=
decision_type=
left_child=
right_child=
leaf_value=0
leaf_weight=
leaf_count=3273
internal_value=
internal_weight=
internal_count=
is_linear=0
shrinkage=1


Tree=62
num_leaves=17
num_cat=0
split_feature=309 274 381 30 373 125 268 394 392 364 70 365 86 165 266 387
split_gain=111.674 37.8647 21.1982 19.1258 15.4475 11.8891 8.15351 9.57128 6.3453 8.59063 6.2568 5.03079 4.12128 2.17927 2.66613 0.962875
threshold=0.19125888021743756 0.74145548255593863 12.753815021768448 0.0088463886866293421 0.018034535816862655 -0.21620614612837899 -0.73228662976194092 0.016976798509967143 5.5000000000000009 0.45544193008477324 0.0033430108163606648 0.10831633295322228 -31469.022928000002 -0.0025883892610643368 -0.30443387465676547 -0.25262946009355597
decision_type=2 2 2 2 2 2 2 2 2 2 2 2 2 2 2 2
left_child=6 2 12 4 -4 -5 11 8 9 -8 -3 -1 -2 14 -13 -10
right_child=1 10 3 5 -6 -7 7 -9 15 -11 -12 13 -14 -15 -16 -17
leaf_value=0.00050036589013803252 0.039762396043997526 0 -0.012093381695057824 0.022503813695443395 0.031930228888237371 -0.018651485035120634 0.029631303808998338 -0.024048074898140911 0.0083415219812117743 -0.0094204905037737277 -0.036954912819131304 0.026554982063473384 0.0036574663357573341 0.037744287320753647 -0.0011818328087935797 0.03754948608966447
leaf_weight=14.780407115817068 24.660208135843277 11.661973908543585 31.585873708128929 15.363260090351103 41.816193833947182 236.97513283789158 19.548983693122864 11.581876710057257 10.575974076986311 32.453591912984848 144.04970474541187 15.054645135998728 16.637150153517723 133.42445421218872 10.107638999819754 32.400902226567268
leaf_count=54 87 41 100 47 131 792 70 36 41 107 789 68 58 678 45 129
internal_value=-1.73381e-06 -0.0136938 -0.00467049 -0.00912549 0.0126009 -0.015715 0.0252648 0.0130158 0.0186437 0.0051664 -0.0341579 0.0321607 0.0275786 0.034738 0.0146987 0.0324626
internal_weight=802.678 522.749 367.038 325.74 73.4021 252.338 279.928 106.561 94.9795 52.0026 155.712 173.367 41.2974 158.587 25.1623 42.9769
internal_count=3273 2045 1215 1070 231 839 1228 383 347 177 830 845 145 791 113 170
is_linear=0
shrinkage=0.05


Tree=63
num_leaves=17
num_cat=0
split_feature=297 297 290 30 37 388 33 7 83 74 69 30 392 104 70 221
split_gain=103.272 31.9757 17.1542 24.2957 16.6327 13.5748 16.4651 6.27146 5.39882 9.49497 4.92673 4.31209 4.26368 3.94772 3.54533 0.769393
threshold=-0.45490237724266175 -0.73743409643299729 0.51263233513337525 0.02324491325817344 0.091796821550178112 -0.3896505953556349 0.078279673057118984 -0.0016570618387194422 0.48874974127137322 -0.52415235135099392 -0.080799972044646715 0.012884888565987728 13.500000000000002 -0.031642273510671011 0.0033430108163606648 7.4071427935833141
decision_type=2 2 2 2 2 2 2 2 2 2 2 2 2 2 2 2
left_child=1 8 3 13 5 7 -7 -3 10 -10 -1 -6 14 -2 -4 -12
right_child=2 4 12 -5 11 6 -8 -9 9 -11 15 -13 -14 -15 -16 -17
leaf_value=0 -0.035376954333995646 -0.0019304614283225524 0.0020533349048656863 0.031533740547054205 0 -0.017576907572520468 0.014491732672125959 0.040417319955056957 0.025834688866201879 -0.027564238318438284 -0.010175024268548608 0.039889341015790523 0 -0.0018010427142812189 0.035666443458891237 -0.036363237028030855
leaf_weight=10.319997742772101 21.437772810459137 11.385640352964403 11.935431867837904 38.248571485280991 10.071760818362234 204.05013655126095 45.499418497085571 16.863473892211914 10.228412732481958 18.159367129206657 11.318450048565863 22.132781520485878 12.257430911064146 19.42822553217411 174.50398817658424 144.61004254221916
leaf_count=40 67 36 43 155 31 659 142 52 33 87 61 72 51 61 916 767
internal_value=-6.15221e-05 -0.0135832 0.024205 0.00360221 -0.0033461 -0.00751928 -0.0114293 0.0232025 -0.0293369 -0.00610078 -0.0328306 0.0288049 0.0319849 -0.0217692 0.0338451 -0.0350049
internal_weight=782.451 504.639 277.811 79.1146 310.003 277.799 249.55 28.2491 194.636 28.3878 166.248 32.2045 198.697 40.866 186.439 155.928
internal_count=3273 1980 1293 283 992 889 801 88 988 120 868 103 1010 128 959 828
is_linear=0
shrinkage=0.05


Tree=64
num_leaves=1
num_cat=0
split_feature=
split_gain=
threshold=
decision_type=
left_child=
right_child=
leaf_value=0
leaf_weight=
leaf_count=3273
internal_value=
internal_weight=
internal_count=
is_linear=0
shrinkage=1


Tree=65
num_leaves=18
num_cat=0
split_feature=305 272 36 357 162 381 272 370 399 230 83 260 372 119 353 165 221
split_gain=101.88 34.8304 20.3762 28.3341 14.345 12.4056 8.34823 8.25645 6.38078 5.43111 4.80396 4.02119 4.07226 4.00291 3.19644 2.51963 2.40914
threshold=0.013500667543322591 -1.257961069809417 0.10844399554042118 0.48958333333333343 1.4351166550820251 12.753815021768448 -1.7322866297619408 0.28382235747797563 0.024742943269745309 29.500000000000004 0.54691000078554153 0.28181818181818186 0.064395058475503988 -0.22943151052449987 0.070092243326552298 -0.0027763274413984372 10.481219395443093
decision_type=2 2 2 2 2 2 2 2 2 2 2 2 2 2 2 2 2
left_child=6 2 3 5 -5 -2 10 9 -3 -8 15 -9 -13 -4 -11 16 -1
right_child=1 8 13 4 -6 -7 7 11 -10 14 -12 12 -14 -15 -16 -17 -18
leaf_value=-0.00034089235890641758 0.017866438881132974 -0.036609084078763905 -0.00026699324934104069 0.029272473857659784 -0.0035804808123338369 -0.018421423375339554 0.015625665962331867 -0.0022654013126994815 0 0 0.0043267090911013155 0.03155426937728794 0 -0.040821311193385806 -0.03618642472571916 0.037669218123742396 0.027296486887036172
leaf_weight=11.416643649339678 23.962217018008232 135.92175567150116 10.143697842955588 85.820351257920265 48.144668787717819 151.24064043164253 12.224279448390005 11.005376160144804 12.239453583955763 10.054763838648798 19.606089249253273 53.448351472616196 11.606227934360502 38.278728321194649 11.898429006338118 125.03019960224628 10.086520403623579
leaf_count=49 83 790 37 286 154 499 39 40 39 31 81 213 41 141 35 665 50
internal_value=0 -0.013374 -0.00466265 2.32425e-05 0.0172808 -0.0129606 0.0242065 0.0122736 -0.0335586 -0.00667641 0.0314705 0.0213515 0.0260052 -0.0338094 -0.0214843 0.0346083 0.0123372
internal_weight=782.128 505.752 357.59 309.168 133.965 175.203 276.377 110.237 148.161 34.1775 166.139 76.06 65.0546 48.4224 21.9532 146.533 21.5032
internal_count=3273 2029 1200 1022 440 582 1244 399 829 105 845 294 254 178 66 764 99
is_linear=0
shrinkage=0.05


Tree=66
num_leaves=20
num_cat=0
split_feature=274 274 30 260 11 165 264 268 117 103 62 70 41 359 372 387 230 63 33
split_gain=94.44 26.5453 18.4338 21.5158 20.781 18.3999 9.94801 8.06591 8.25394 7.29782 6.50204 6.0669 6.00178 4.67483 3.9587 3.28167 3.16551 1.8508 1.01163
threshold=0.47561326694814537 0.74145548255593863 0.02324491325817344 0.46363636363636368 0.0026423024638081443 -0.0017112768905048509 42.500000000000007 -0.76821815200581678 -0.46595305593152625 0.11659188102025041 0.54658692594030056 0.0033430108163606648 0.0095053927299196522 -0.13714580701823206 0.095133188582693942 -0.24118174408657697 86.500000000000014 0.26820878147426247 0.053508056171531836
decision_type=2 2 2 2 2 2 2 2 2 2 2 2 2 2 2 2 2 2 2
left_child=5 2 3 6 -5 7 -2 18 -9 12 -10 -3 -7 -4 17 -15 -14 -11 -1
right_child=1 11 13 4 -6 9 -8 8 10 14 -12 -13 16 15 -16 -17 -18 -19 -20
leaf_value=-0.0035054495908306994 -0.0036908994304628295 0 0 -0.022199108383613914 0.036782797897806516 -0.027345295046752552 0.033664079635257693 0.032012208829510634 -0.02191319178667284 -0.036357605197870506 0.0083590305918407968 0.036207536547640529 0.02705619346011718 0.00095310178166901167 -0.0034697264567253904 0.037012493078258789 -0.0046255359111810968 -0.018280904485014945 -0.031567145020561814
leaf_weight=10.039288565516474 24.363920480012894 11.472267314791678 12.222486212849615 108.70491307973862 13.925747126340864 15.004866704344748 43.660264566540718 18.973852798342705 25.296717509627342 141.52604922652245 42.472231343388557 132.79217378795147 10.701771631836893 10.565866872668265 17.071605324745178 52.727787166833878 12.098712682723997 41.153847083449364 17.683649495244026
leaf_count=56 78 41 46 341 47 66 148 61 84 689 140 789 34 40 72 210 49 190 92
internal_value=-5.58019e-05 0.0161219 0.00638312 -0.00174225 -0.0143848 -0.0190356 0.0199901 -0.00200202 0.00516436 -0.026908 -0.00268434 0.0332545 -0.00469228 0.0268167 -0.0307344 0.0320627 0.00972378 -0.0329158 -0.0243672
internal_weight=762.458 410.435 266.171 190.655 122.631 352.023 68.0242 114.466 86.7428 237.557 67.7689 144.264 37.8054 75.5161 199.752 63.2937 22.8005 182.68 27.7229
internal_count=3273 1740 910 614 388 1533 226 433 285 1100 224 830 149 296 951 250 83 879 148
is_linear=0
shrinkage=0.05


Tree=67
num_leaves=1
num_cat=0
split_feature=
split_gain=
threshold=
decision_type=
left_child=
right_child=
leaf_value=0
leaf_weight=
leaf_count=3273
internal_value=
internal_weight=
internal_count=
is_linear=0
shrinkage=1


Tree=68
num_leaves=17
num_cat=0
split_feature=309 268 36 216 165 68 110 167 127 399 297 119 297 74 104 69
split_gain=92.48 33.2082 19.1185 18.6218 26.8182 9.49821 8.05395 9.34846 9.59408 6.40203 4.7842 3.67282 3.55841 2.91696 2.03574 1.77264
threshold=0.19125888021743756 -0.25796106980941702 0.10906749020691207 5.8762443833932041 -0.0016679095989189034 0.39624800045896436 48.500000000000007 -0.33262783028258819 -1.0000000180025095e-35 0.024742943269745309 -0.78322571036281696 -0.22943151052449987 -0.69037957179169374 -0.16645497615113988 -0.020389924379887875 -0.043842762051785104
decision_type=2 2 2 2 2 2 2 2 2 2 2 2 2 2 2 2
left_child=6 2 3 4 -2 -5 12 8 -8 -3 -10 -4 15 -14 -9 -1
right_child=1 9 11 5 -6 -7 7 14 10 -11 -12 -13 13 -15 -16 -17
leaf_value=0.011065000439947723 -0.01640918044583704 -0.03619000351925352 -0.00083575718617224116 0.016061239636743926 0.018513304803190411 -0.029673561501485163 -0.031274347616693697 0.035512279281915124 0.029585927956668708 0 -0.0088695447682362871 -0.039964603651815235 -0.002694950392763136 0.022848404566425173 0.0042450227588762641 0.035646520717431428
leaf_weight=17.94251437485218 78.217366248369217 129.15861247479916 10.352600440382956 10.328299567103384 162.87665304541588 59.680394619703293 18.362886384129524 23.560984879732132 14.698284015059473 12.106387406587599 10.172112613916395 36.900375604629517 14.578510165214537 20.272390648722649 12.550810396671293 130.38694541156292
leaf_count=77 275 790 38 31 528 206 67 107 81 39 33 138 48 64 51 700
internal_value=-6.63096e-06 -0.0126813 -0.00432657 0.000134775 0.00691625 -0.0218588 0.0237974 0.00908292 -0.00565222 -0.032998 0.0128017 -0.0329485 0.0296534 0.0114757 0.0270827 0.0332818
internal_weight=762.146 499.621 358.356 311.103 241.094 70.0087 262.525 79.3451 43.2333 141.265 24.8704 47.253 183.18 34.8509 36.1118 148.329
internal_count=3273 2045 1216 1040 803 237 1228 339 181 829 114 176 889 112 158 777
is_linear=0
shrinkage=0.05


Tree=69
num_leaves=18
num_cat=0
split_feature=274 274 207 392 162 125 373 64 266 103 112 174 69 399 207 399 27
split_gain=86.8312 34.2899 20.5324 14.5261 13.4456 10.5014 9.50559 7.57589 13.6678 6.43307 5.89688 5.30992 5.10128 4.04602 3.18349 2.95954 0.275356
threshold=0.65133158060785401 0.34841580215254259 1.3076719104155095 4.5000000000000009 0.32698971413760997 -0.21620614612837899 0.092660362326324033 0.32582364166962424 0.17105638800973033 0.28833637973322973 107.50000000000001 0.50000000000000011 -0.039652891685849394 -0.024174085528081934 0.3698182051312589 -0.042992084694941431 0.022338675351747318
decision_type=2 2 2 2 2 2 2 2 2 2 2 2 2 2 2 2 2
left_child=1 10 3 9 15 -6 -5 8 -2 -3 12 -10 13 -1 -9 -4 -14
right_child=7 2 4 6 5 -7 -8 14 11 -11 -12 -13 16 -15 -16 -17 -18
leaf_value=0.007492674913345725 -0.02743743778471815 0.012341109845908133 0 -0.038141780069635922 -0.026607266679152919 0.01722895877864658 0.0082141365739950775 0.0045526507632028422 0.03245253309666099 -0.02565295031871654 0.0036559555954958686 -0.0030835119326251548 -0.01469867457070826 -0.027033428143803825 0.03606941195233964 -0.032400982149037701 -0.033847733145487439
leaf_weight=16.57892790436745 14.048567265272139 41.907577216625214 10.209044709801676 61.805205225944519 11.332640588283537 170.80101028084755 10.1640607714653 13.458549484610556 36.440992340445518 11.514123290777205 11.411738529801367 10.340715155005453 18.604986414313316 10.699633061885832 131.28131486475468 17.595529302954674 145.19107961654663
leaf_count=62 45 136 36 213 35 566 31 62 206 44 42 43 77 57 734 70 814
internal_value=-6.11675e-05 -0.010697 -0.000681673 -0.0166038 0.00869334 0.0138444 -0.0308614 0.0272783 0.0105131 0.00233739 -0.0267875 0.0238807 -0.0288917 -0.00573506 0.0336292 -0.0214875 -0.0322759
internal_weight=743.386 537.816 335.329 125.391 209.938 182.134 71.9693 205.57 60.8303 53.4217 202.486 46.7817 191.075 27.2786 144.74 27.8046 163.796
internal_count=3273 2183 1131 424 707 601 244 1090 294 180 1052 249 1010 119 796 106 891
is_linear=0
shrinkage=0.05


Tree=70
num_leaves=1
num_cat=0
split_feature=
split_gain=
threshold=
decision_type=
left_child=
right_child=
leaf_value=0
leaf_weight=
leaf_count=3273
internal_value=
internal_weight=
internal_count=
is_linear=0
shrinkage=1


Tree=71
num_leaves=18
num_cat=0
split_feature=305 268 36 357 68 126 268 30 74 110 399 365 399 83 165 69 266
split_gain=84.5005 30.4391 17.8179 25.4484 12.0967 11.406 8.22657 7.57948 9.8174 6.57505 6.41332 5.04616 3.69672 2.88589 2.57201 2.37987 1.12338
threshold=0.013500667543322591 -0.25796106980941702 0.10844399554042118 0.48958333333333343 0.38224270791634191 0.00025369488418935943 -0.73228662976194092 0.015212838764814262 -0.17214621022317952 49.500000000000007 0.024742943269745309 0.10831633295322228 -0.26300415071656819 -0.12111919838868758 -0.0027763274413984372 0.0099019367184869384 -0.33348800617506363
decision_type=2 2 2 2 2 2 2 2 2 2 2 2 2 2 2 2 2
left_child=6 2 3 4 -2 -5 11 15 13 -10 -3 -1 -4 -9 16 -8 -13
right_child=1 10 12 5 -6 -7 7 8 9 -11 -12 14 -14 -15 -16 -17 -18
leaf_value=0 0.013534151332947634 -0.035773966800753017 -0.0015283706528898035 0.021691605569408065 -0.018919003730608432 -0.022339721056399676 0.030669812728410725 -0.0008990845496494454 0.02652025864921825 -0.014404807313543251 0 0.020166656773699485 -0.039846557155363171 -0.042098747594141291 0.036180890147791821 0 0
leaf_weight=13.85098524391651 31.828750655055046 122.45561654865742 11.18612129986286 118.27540577948093 139.09081074595451 13.183385968208311 37.16670948266983 10.188498437404634 27.07301352918148 10.531470999121664 11.970596849918364 10.319409891963007 35.086181700229645 10.680763006210325 119.38482059538364 10.773112103343008 10.04677441716194
leaf_count=54 102 790 39 393 480 47 158 33 100 34 39 51 139 31 692 43 48
internal_value=-1.38853e-05 -0.0124334 -0.00437081 7.48888e-06 -0.0124589 0.0165041 0.0227485 0.0108599 -0.000572191 0.01361 -0.0324289 0.0302997 -0.0322551 -0.0267206 0.0330987 0.0249981 0.0105657
internal_weight=743.092 483.077 348.651 302.378 170.92 131.459 260.016 106.414 58.4737 37.6045 134.426 153.602 46.2723 20.8693 139.751 47.9398 20.3662
internal_count=3273 2029 1200 1022 582 440 1244 399 198 134 829 845 178 64 791 201 99
is_linear=0
shrinkage=0.05


Tree=72
num_leaves=16
num_cat=0
split_feature=274 274 207 392 163 390 373 64 399 103 112 270 365 207 21
split_gain=79.6413 31.4514 18.8894 13.6941 12.087 12.7529 8.88509 7.49296 12.7652 6.03162 5.68317 5.0624 4.88443 3.14106 3.09814
threshold=0.65133158060785401 0.34841580215254259 1.3076719104155095 4.5000000000000009 0.014052721568580806 -0.024383521000521154 0.092660362326324033 0.32582364166962424 -0.026103219261140041 0.28833637973322973 107.50000000000001 -0.79261030705680657 0.10831633295322228 0.3698182051312589 0.38561972019915031
decision_type=2 2 2 2 2 2 2 2 2 2 2 2 2 2 2
left_child=1 10 3 9 5 -4 -5 8 11 -3 12 -2 -1 -9 -14
right_child=7 2 4 6 -6 -7 -8 13 -10 -11 -12 -13 14 -15 -16
leaf_value=0 -0.0017566603862739006 0.01200164841840661 -0.02278775563293672 -0.037286204308798386 0.035888528021118353 0.0096454052251328855 0.0076006428572726326 0.0041352269698064952 -0.025880978737843341 -0.024997083090402415 0.0038553257416875687 0.032587201787962476 -0.032843171498075724 0.035601118543830058 -0.0045688291878047274
leaf_weight=15.027534782886503 11.034378871321676 41.616764023900032 34.895517036318779 60.531318247318268 30.668409585952759 142.45103211700916 10.114394083619116 13.263529330492018 14.579728797078131 11.313629597425459 11.279100745916365 33.455299243330956 153.06867781281471 125.69464614987373 15.932585150003431
leaf_count=61 41 136 110 213 104 493 31 62 49 44 42 204 883 734 66
internal_value=-7.78021e-05 -0.0103112 -0.000728645 -0.0161285 0.0082823 0.00271356 -0.030133 0.0266494 0.009801 0.00228276 -0.0260711 0.0234435 -0.028205 0.0331008 -0.0305945
internal_weight=724.927 526.899 331.591 123.576 208.015 177.347 70.6457 198.028 59.0694 52.9304 195.308 44.4897 184.029 138.958 169.001
internal_count=3273 2183 1131 424 707 603 244 1090 294 180 1052 245 1010 796 949
is_linear=0
shrinkage=0.05


Tree=73
num_leaves=1
num_cat=0
split_feature=
split_gain=
threshold=
decision_type=
left_child=
right_child=
leaf_value=0
leaf_weight=
leaf_count=3273
internal_value=
internal_weight=
internal_count=
is_linear=0
shrinkage=1


Tree=74
num_leaves=19
num_cat=0
split_feature=274 274 162 44 356 309 119 394 66 141 34 399 231 83 74 126 365 73
split_gain=77.3107 21.5263 16.766 19.4465 22.7245 16.2446 12.3127 11.4235 11.9469 11.8776 7.7676 6.34253 5.89192 5.28092 8.71591 3.50629 3.38537 0.409995
threshold=0.47561326694814537 0.74145548255593863 1.4660564270614354 0.45059967092881065 0.57291666666666685 0.059671697710593836 -0.27769101867689477 0.016976798509967143 0.67243341617837704 1.0000000180025095e-35 0.03032437559947793 0.024742943269745309 94.500000000000014 0.48874974127137322 -0.52415235135099392 0.0010136152644455445 0.28146733509972405 0.90970014775675756
decision_type=2 2 2 2 2 2 2 2 2 2 2 2 2 2 2 2 2 2
left_child=5 2 3 17 -5 13 -4 8 9 -7 -10 -3 -8 15 -15 16 -1 -2
right_child=1 11 6 4 -6 7 12 -9 10 -11 -12 -13 -14 14 -16 -17 -18 -19
leaf_value=0.036654174458143368 -0.0085089416427153192 -0.035385141246014176 0.021533936973279794 0.035491369614192234 -0.0063939030290273251 0.030745817102199542 -0.036298685013825514 -0.034107701696223951 -0.031618932531201772 -0.00017175363297136404 0.0086513376228507435 0 -0.0064179557791335497 -0.025318675133404633 0.027590638665465062 0 0.0008229340858460373 -0.035469383373057661
leaf_weight=120.82657657563686 10.039624467492105 116.42608584463596 11.093414708971975 56.670743525028229 65.682307511568069 70.617767855525017 64.329562768340111 12.781585380434988 21.166229486465454 48.201805517077446 18.925205275416374 11.853477180004118 29.733765840530396 10.089011088013651 15.310889303684233 10.133831739425657 10.149447143077849 20.604774802923203
leaf_count=736 39 791 38 188 219 251 246 42 67 168 63 39 100 33 80 43 50 80
internal_value=-1.02698e-05 -0.0153025 -0.00658662 0.00372088 0.0129925 0.0172971 -0.021733 0.00596444 0.0100686 0.0180976 -0.0121701 -0.0319103 -0.0278587 0.0283753 0.00435962 0.0321704 0.0343314 -0.0296691
internal_weight=724.636 386.434 258.154 152.997 122.353 338.202 105.157 171.693 158.911 118.82 40.0914 128.28 94.0633 166.51 25.3999 141.11 130.976 30.6444
internal_count=3273 1740 910 526 407 1533 384 591 549 419 130 830 346 942 113 829 786 119
is_linear=0
shrinkage=0.05


Tree=75
num_leaves=14
num_cat=0
split_feature=274 274 162 125 33 68 86 365 41 21 274 64 207
split_gain=72.8004 29.3079 18.4587 17.2385 18.4093 8.36641 7.56961 5.26473 5.25612 4.52765 3.99671 6.33567 2.92491
threshold=0.65133158060785401 0.30733315301590142 0.32698971413760997 -0.1829284941954262 0.083412736164923437 0.50799525128785161 10633.353242499963 0.10831633295322228 0.011347617726157682 0.38561972019915031 0.74145548255593863 0.33463723872703149 1.2001699414088447
decision_type=2 2 2 2 2 2 2 2 2 2 2 2 2
left_child=1 7 5 8 -5 -3 10 -1 -4 -9 11 -2 -13
right_child=6 2 3 4 -6 -7 -8 9 -10 -11 -12 12 -14
leaf_value=0 -0.0070997111440055148 -0.037716487115606753 -0.0041983079315897663 0.0016333884570589588 0.037737407071493055 0.0049710142815206602 -0.00096622044268062182 -0.033650066234543898 -0.044715146791784267 0 0.035551077395597153 0.005493863266805437 0.036342240153039378
leaf_weight=14.254812553524969 16.612358450889587 43.008861050009727 18.676512092351913 229.22716410458088 39.600272938609123 11.833608463406561 19.534788951277733 127.12711130082607 18.55957980453968 13.827200710773466 110.61313618719578 18.085653081536293 25.746644988656044
leaf_count=58 58 181 62 774 146 42 73 804 56 60 775 66 118
internal_value=-7.03805e-05 -0.0098987 -0.00186767 0.00285345 0.00749351 -0.0278611 0.0260269 -0.0278676 -0.027464 -0.0307398 0.0293603 0.0160978 0.0258488
internal_weight=706.708 516.115 360.906 306.064 268.827 54.8425 190.593 155.209 37.2361 140.954 171.058 60.4447 43.8323
internal_count=3273 2183 1261 1038 920 223 1090 922 118 864 1017 242 184
is_linear=0
shrinkage=0.05


Tree=76
num_leaves=1
num_cat=0
split_feature=
split_gain=
threshold=
decision_type=
left_child=
right_child=
leaf_value=0
leaf_weight=
leaf_count=3273
internal_value=
internal_weight=
internal_count=
is_linear=0
shrinkage=1


Tree=77
num_leaves=17
num_cat=0
split_feature=305 268 162 377 392 221 112 268 30 231 70 83 83 165 69 73
split_gain=70.353 26.7405 16.3092 22.9786 13.0167 15.9158 12.8667 7.66706 6.93519 7.29713 6.30572 5.7908 4.89493 2.95501 2.29539 1.67716
threshold=0.013500667543322591 -0.25796106980941702 0.32698971413760997 -1.0000000180025095e-35 3.5000000000000004 12.130568223940484 76.500000000000014 -0.73228662976194092 0.015212838764814262 50.500000000000007 0.0036677014883771796 -0.22445713609639298 0.54691000078554153 -0.0027763274413984372 0.0099019367184869384 1.0954937003084468
decision_type=2 2 2 2 2 2 2 2 2 2 2 2 2 2 2 2
left_child=7 2 3 -2 6 -6 -4 12 14 15 -3 -11 13 -1 -9 -10
right_child=1 10 4 -5 5 -7 -8 8 9 11 -12 -13 -14 -15 -16 -17
leaf_value=0.0090095758467657189 -0.031472583803314476 0 -0.031343841025956692 0.035878063817057569 0.010430633952066361 -0.020634791923451738 0.0092229089387968321 0.029534700865865363 0.028091519323448767 0.0025455505041152835 -0.03561379333756786 -0.034503390733942645 0.0013440646265037593 0.036155391775937011 0 0
leaf_weight=19.424529045820236 13.761889755725859 15.410024508833883 85.53493669629097 45.906072676181793 111.87565320730209 61.171493679285049 21.363264992833138 35.209568589925766 13.349412947893144 16.649532422423363 106.69870115816593 17.117425352334976 17.941726624965668 104.30020575225353 10.48423796892166 10.218191578984259
leaf_count=99 50 73 322 176 365 214 73 158 49 57 756 54 81 665 43 38
internal_value=-3.12557e-05 -0.0115722 -0.00408376 0.0187834 -0.00928188 -0.000431359 -0.0227513 0.0214203 0.00986556 -0.00104557 -0.0314024 -0.0161585 0.0290991 0.0326023 0.0238041 0.0181054
internal_weight=706.417 461.722 339.613 59.668 279.945 173.047 106.898 244.695 103.028 57.3346 122.109 33.767 141.666 123.725 45.6938 23.5676
internal_count=3273 2029 1200 226 974 579 395 1244 399 198 829 111 845 764 201 87
is_linear=0
shrinkage=0.05


Tree=78
num_leaves=18
num_cat=0
split_feature=274 274 207 163 392 120 387 64 270 87 83 74 165 207 349 231 221
split_gain=66.8558 26.995 16.8831 12.9173 12.8789 12.5211 9.28611 7.35014 11.6891 5.87064 5.22726 7.8789 3.78879 3.18997 2.66055 0.801123 0.750384
threshold=0.65133158060785401 0.30733315301590142 1.3204792639562808 0.014052721568580806 4.5000000000000009 -0.032792582007094111 -0.30479182628210771 0.32582364166962424 -0.75799874391462174 -0.087494243777370126 0.48874974127137322 -0.51999095223569824 -0.0030099980778930482 0.3698182051312589 4.5000000000000009 46.500000000000007 11.102080025050798
decision_type=2 2 2 2 2 2 2 2 2 2 2 2 2 2 2 2 2
left_child=1 10 4 5 9 -4 -6 8 14 -3 12 -12 -1 -9 -2 -10 -5
right_child=7 2 3 16 6 -7 -8 13 15 -11 11 -13 -14 -15 -16 -17 -18
leaf_value=-0.0056345335461675259 0 -0.020379555047772446 -0.030597725715723313 0.010461547901056238 0.0090183832693517471 0.0060025193065279727 -0.0362148462432954 0.0028606102793306059 0.006135716915330631 0.012972735697120284 0.024134543375654474 -0.02790408146970071 -0.034824804198935508 0.034757796083671258 -0.032045322318424725 0.032205389890030689 0.04113743579649224
leaf_weight=18.506725311279297 10.324451953172685 16.099657878279686 23.879705369472504 10.540689125657083 10.363321676850317 171.6661643832922 64.756919220089912 12.721742421388624 11.259804204106329 37.956165388226509 10.34399273991585 12.495804265141485 107.79878725111485 115.20459896326065 11.033216103911398 23.10574808716774 21.404003694653511
leaf_count=90 43 60 77 36 34 605 243 62 69 132 35 73 724 734 36 146 74
internal_value=-9.05956e-05 -0.00955115 -0.00186191 0.00616751 -0.0161998 0.00088634 -0.0292279 0.0254327 0.0084038 0.0016137 -0.0272113 -0.00233535 -0.0311644 0.0321059 -0.0178482 0.0261803 0.0342133
internal_weight=689.461 505.812 356.667 227.491 129.176 195.546 75.1202 183.65 55.7232 54.0558 149.145 22.8398 126.306 127.926 21.3577 34.3656 31.9447
internal_count=3273 2183 1261 792 469 682 277 1090 294 192 922 108 814 796 79 215 110
is_linear=0
shrinkage=0.05


Tree=79
num_leaves=1
num_cat=0
split_feature=
split_gain=
threshold=
decision_type=
left_child=
right_child=
leaf_value=0
leaf_weight=
leaf_count=3273
internal_value=
internal_weight=
internal_count=
is_linear=0
shrinkage=1


Tree=80
num_leaves=19
num_cat=0
split_feature=274 165 274 386 364 44 30 284 103 70 117 86 372 86 372 303 63 27
split_gain=64.368 19.6564 18.989 17.1231 9.78505 13.6921 8.45707 8.33788 6.78917 6.34259 5.86783 5.74774 5.57836 5.78613 3.76275 2.84175 2.04691 1.68837
threshold=0.47561326694814537 -0.0017112768905048509 0.74145548255593863 -0.17905369552242092 0.55349531259034057 0.45059967092881065 0.0125278707329024 -0.6941801886249791 0.11659188102025041 0.0036677014883771796 -0.41993324538684923 -978227.10601999867 1.0000000180025095e-35 -827175.233463499 0.095133188582693942 -0.091666666666667243 0.26820878147426247 0.18835179263098531
decision_type=2 2 2 2 2 2 2 2 2 2 2 2 2 2 2 2 2 2
left_child=1 7 3 6 5 -5 -2 -1 12 -4 17 -12 -3 -14 16 -6 -10 -9
right_child=2 8 9 4 15 -7 -8 10 14 -11 11 -13 13 -15 -16 -17 -18 -19
leaf_value=0.02566862930924408 0.045402904036918691 0.025445275978649224 0 -0.026361307479889268 -0.0049308507538993315 0.0037914742659579887 -0.00074698280612228284 -0.038549197959566073 0.034807887423591068 -0.035273326643753926 -0.011829374310431554 0.017092110001820381 -0.034109633502378181 0.010849358529482402 0.0016011995851463472 -0.03805513637913395 0.015849115887779323 -0.0040483884646836952
leaf_weight=20.006840109825134 18.58197432756424 14.190219029784201 15.145107373595236 50.460062235593796 13.445847466588019 118.86005403101444 14.410652175545691 13.435932517051699 124.80924034118652 101.25360056012869 38.393456220626831 26.35919563472271 10.78450110554695 10.344877257943155 15.7756210565567 35.467474445700645 37.293240532279015 10.153759166598318
leaf_count=109 59 64 73 218 42 409 52 45 689 757 141 96 35 50 72 130 190 42
internal_value=-2.46743e-05 0.016162 -0.0143336 -0.00619663 -0.0114911 -0.00520687 0.0254741 -0.000755619 0.0248821 -0.0308801 -0.0079338 0 0.00292302 -0.0114135 0.0288451 -0.0307238 0.0311163 -0.0277116
internal_weight=689.172 321.547 367.625 251.226 218.233 169.32 32.9926 108.349 213.198 116.399 88.3423 64.7527 35.3196 21.1294 177.878 48.9133 162.102 23.5897
internal_count=3273 1533 1740 910 799 627 111 433 1100 830 324 237 149 85 951 172 879 87
is_linear=0
shrinkage=0.05


Tree=81
num_leaves=15
num_cat=0
split_feature=274 274 162 125 392 86 68 41 83 78 392 348 221 112
split_gain=61.1541 25.4045 16.6309 15.9573 18.2239 7.42974 7.41665 5.11365 5.0276 6.3636 4.28727 3.71435 3.78822 2.65623
threshold=0.65133158060785401 0.30733315301590142 0.32698971413760997 -0.1829284941954262 6.5000000000000009 10633.353242499963 0.50799525128785161 0.011347617726157682 0.48874974127137322 0.78330275922068127 13.500000000000002 -0.15453889546669228 10.46350461650424 76.500000000000014
decision_type=2 2 2 2 2 2 2 2 2 2 2 2 2 2
left_child=1 8 6 7 -5 10 -3 -4 11 -10 13 12 -1 -2
right_child=5 2 3 4 -6 -7 -8 -9 9 -11 -12 -13 -14 -15
leaf_value=0.0069509391358329072 0.032918448830561067 -0.036681591234607083 -0.0035960218828984692 0.018010126802244075 -0.0082782569167248049 -0.0022073813286904785 0.0039417310244091062 -0.043823627432564724 0.021774365303480057 -0.025296388721060083 0 -0.035227648311354665 -0.027162077763577638 0.004641589439604645
leaf_weight=12.645315244793894 132.08149214833975 40.618615537881851 18.326487228274345 157.46773207187653 106.54132270812988 18.845399148762226 11.560657769441603 18.174832046031952 10.094679668545725 12.329692915081976 11.693472772836683 96.970092780888081 11.655722491443155 14.487222768366335
leaf_count=63 880 181 62 545 375 73 42 56 38 70 54 677 74 83
internal_value=-8.56513e-05 -0.00916671 -0.00172628 0.00273 0.00724033 0.0248173 -0.0270501 -0.0266991 -0.0266791 -0.00207114 0.0283265 -0.0306672 -0.00876634 0.0306069
internal_weight=673.493 496.385 352.69 300.51 264.009 177.108 52.1793 36.5013 143.696 22.4244 158.262 121.271 24.301 146.569
internal_count=3273 2183 1261 1038 920 1090 223 118 922 108 1017 814 137 963
is_linear=0
shrinkage=0.05


Tree=82
num_leaves=1
num_cat=0
split_feature=
split_gain=
threshold=
decision_type=
left_child=
right_child=
leaf_value=0
leaf_weight=
leaf_count=3273
internal_value=
internal_weight=
internal_count=
is_linear=0
shrinkage=1


Tree=83
num_leaves=17
num_cat=0
split_feature=309 274 381 126 110 110 220 162 153 70 113 301 74 375 386 73
split_gain=58.896 23.7399 15.0327 14.5902 28.5816 8.09845 9.51775 7.96981 7.79155 6.22633 3.77366 3.33466 2.48816 2.45527 2.03814 3.37646
threshold=0.19125888021743756 0.74145548255593863 12.753815021768448 -0.0039213191313864906 41.500000000000007 48.500000000000007 3.2533606037080625 1.7537374534293995 0.0041172939668610862 0.0036677014883771796 2.5000000000000004 -0.32371290512502554 -0.16645497615113988 0.014611234180036627 -0.17905369552242092 0.87470700517642219
decision_type=2 2 2 2 2 2 2 2 2 2 2 2 2 2 2 2
left_child=5 2 10 4 -4 11 -7 13 -5 -3 -2 14 -13 -8 15 -1
right_child=1 9 3 8 -6 6 7 -9 -10 -11 -12 12 -14 -15 -16 -17
leaf_value=-0.0061169212881078683 0 0 0.026409509708129681 0.011610460415860828 -0.018655856941615867 -0.032079537756035399 0.03063029324887432 -0.013231288986678028 -0.021256374346515845 -0.034933229401315539 0.03494546929996252 -0.0036741287756192815 0.020284569240819166 0 0.034323072678056343 0.027287049307673918
leaf_weight=10.03476554900408 12.126650020480154 14.977982535958288 69.129002124071121 16.483801692724228 64.974803790450096 10.465021729469298 34.065695367753506 15.626942142844198 148.43388292193413 96.131043210625648 24.928427711129189 13.99173918366432 19.29258306324482 10.352406665682791 100.55607425421476 11.646352790296076
leaf_count=50 46 73 231 58 217 40 194 58 564 757 99 48 64 47 654 73
internal_value=-4.29421e-05 -0.0106178 -0.00372146 -0.00763507 0.0042797 0.0205253 0.00526313 0.0137813 -0.0175248 -0.0303931 0.0248182 0.0268989 0.00936398 0.0245751 0.0309356 0.0109364
internal_weight=673.217 447.186 336.077 299.021 134.104 226.032 70.5101 60.045 164.918 111.109 37.0551 155.522 33.2843 44.4181 122.237 21.6811
internal_count=3273 2045 1215 1070 448 1228 339 299 622 830 145 889 112 241 777 123
is_linear=0
shrinkage=0.05


Tree=84
num_leaves=16
num_cat=0
split_feature=268 268 207 162 260 182 86 392 69 383 268 30 379 165 83
split_gain=55.6735 23.5824 16.0581 12.8586 12.5091 8.80816 7.28576 6.70034 5.29584 5.04902 4.22289 5.54783 2.03446 0.431445 0.31051
threshold=-0.34825094661875111 -0.73228662976194092 1.3204792639562808 0.32698971413760997 0.22727272727272729 1.0000000180025095e-35 10633.353242499963 4.5000000000000009 -0.039652891685849394 2.5000000000000004 -0.25796106980941702 0.0066832160656339042 1.0000000180025095e-35 -0.0034872384947954192 0.55730380030475823
decision_type=2 2 2 2 2 2 2 2 2 2 2 2 2 2 2
left_child=1 8 4 9 -3 -5 10 -6 -1 -4 11 -2 -13 -10 -15
right_child=6 2 3 5 7 -7 -8 -9 13 -11 -12 12 -14 14 -16
leaf_value=0 -0.0086211163271338632 0.025864184280853054 -0.03453838828748499 0.014180227969413213 -0.0050425835905294593 -0.017494878142224737 -0.002680099146806295 -0.031065657361584655 -0.0085892215361396806 0.002251106403181994 0.034621246952894549 0.029798969335442523 0.00053480876643966825 -0.035330699496369411 -0.012422645803174219
leaf_weight=16.998434022068977 14.796119153499601 12.288307785987852 21.872926086187363 180.10497266054153 46.939041167497635 21.017181426286697 18.642939262092113 70.89774563908577 10.217479780316351 10.541980519890783 95.084849998354912 30.484825432300568 11.723754703998564 82.671931430697441 13.248278424143789
leaf_count=91 52 43 100 630 175 73 73 279 54 39 774 143 47 629 71
internal_value=-0.000124022 -0.00882404 -0.00219379 0.00548627 -0.0161659 0.0104168 0.024118 -0.021496 -0.0274911 -0.0219847 0.0277136 0.0142033 0.0233515 -0.0315402 -0.0331449
internal_weight=657.531 486.798 363.662 233.537 130.125 201.122 170.732 117.837 123.136 32.4149 152.09 57.0047 42.2086 106.138 95.9202
internal_count=3273 2184 1339 842 497 703 1089 454 845 139 1016 242 190 754 700
is_linear=0
shrinkage=0.05


Tree=85
num_leaves=1
num_cat=0
split_feature=
split_gain=
threshold=
decision_type=
left_child=
right_child=
leaf_value=0
leaf_weight=
leaf_count=3273
internal_value=
internal_weight=
internal_count=
is_linear=0
shrinkage=1


Tree=86
num_leaves=18
num_cat=0
split_feature=309 268 165 162 225 110 220 162 177 86 29 381 297 386 256 69 221
split_gain=53.6562 22.3677 14.2083 19.9891 12.3918 7.79013 8.83912 7.56808 6.74138 6.36381 6.1555 4.2075 3.25688 2.33206 2.28297 2.07365 1.10593
threshold=0.19125888021743756 -0.25796106980941702 -0.0016679095989189034 1.4497620813608949 2.675620980794347 48.500000000000007 3.2533606037080625 1.7537374534293995 0.34891615578904184 10633.353242499963 0.31294003818088928 12.89120121965342 -0.69037957179169374 -0.090784501766179956 0.97619047619047628 -0.043842762051785104 12.906784157598247
decision_type=2 2 2 2 2 2 2 2 2 2 2 2 2 2 2 2 2
left_child=5 2 10 4 -4 12 -7 13 -5 -3 11 -2 15 -8 -14 -1 -16
right_child=1 9 3 8 -6 6 7 -9 -10 -11 -12 -13 14 -15 16 -17 -18
leaf_value=0.0068093597185312467 0 -0.034463792339833696 0.022573615763644368 0.0061576517842953232 -0.0086850134234907114 -0.03096243172881142 0.0015917399897647157 -0.012957347803304556 -0.023554182803492398 0 0.0060615587681035407 -0.029830047681911644 0.023843009364314244 0.031385853193473999 0.0085131193583978804 0.033200095129114392 -0.011588865395860565
leaf_weight=15.281585961580275 11.914976283907889 92.547369413077831 110.46814177930355 21.735042035579681 39.414177939295769 10.499631509184836 13.25283476710319 15.576771214604376 65.186468958854675 13.535056963562964 15.226147815585135 67.7473174482584 12.142963975667952 29.944522723555568 10.586532935500147 101.92545215040445 10.255052372813223
leaf_count=77 52 774 388 79 134 40 55 58 231 55 56 276 43 186 34 700 35
internal_value=-1.8758e-05 -0.0101972 -0.00353214 0.00287423 0.0140174 0.0199236 0.00485896 0.0132605 -0.015611 -0.0299086 -0.0196288 -0.0251857 0.0263143 0.0240244 0.00897904 0.030431 0
internal_weight=657.24 437.775 331.692 236.804 149.882 219.465 69.2738 58.7741 86.9215 106.082 94.8884 79.6623 150.192 43.1974 32.9845 117.207 20.8416
internal_count=3273 2045 1216 832 522 1228 339 299 310 829 384 328 889 241 112 777 69
is_linear=0
shrinkage=0.05


Tree=87
num_leaves=16
num_cat=0
split_feature=274 272 381 126 110 86 64 270 69 45 86 113 231 165 83
split_gain=51.3556 21.8748 13.2367 23.2987 23.0409 10.5106 7.33718 10.6082 5.15094 3.14487 2.87073 2.84415 0.95404 0.203745 0.374364
threshold=0.65133158060785401 -1.7322866297619408 12.753815021768448 -0.0039213191313864906 39.500000000000007 10633.353242499963 0.32582364166962424 -0.75799874391462174 -0.039652891685849394 0.88335851541395549 -820306.06183949893 1.0000000180025095e-35 46.500000000000007 -0.0033694202491304265 0.55730380030475823
decision_type=2 2 2 2 2 2 2 2 2 2 2 2 2 2 2
left_child=1 8 11 4 -4 -5 7 10 -1 -8 -2 -3 -9 -10 -15
right_child=6 2 3 5 -6 -7 9 12 13 -11 -12 -13 -14 14 -16
leaf_value=0 0 -0.0032470059293203224 -0.031895674964661579 0.019238492954875119 0.0064854465791174187 -0.01383544351142905 0.033748166266752255 0.0038818540637060046 -0.0096992926754936714 0.0028091412427884584 -0.033638685681726059 -0.036318132207829666 0.03097351620458888 -0.034976611513099755 -0.01173850623434927
leaf_weight=16.871249414980412 10.126861274242403 13.490293800830839 75.222793109714985 144.41147281229496 73.067909263074398 24.644693776965141 99.985958822071552 10.292691521346571 10.724801175296305 13.458209857344626 10.6239847689867 28.26216633617878 20.507060453295708 77.852821469306946 12.919433176517485
leaf_count=91 45 55 296 527 245 87 722 69 58 74 34 128 146 625 71
internal_value=-0.000150892 -0.00854696 -0.00217361 0.00125446 -0.0128999 0.0139693 0.0235671 0.00618364 -0.0269384 0.0306741 -0.0186257 -0.027684 0.0245474 -0.0310817 -0.0326837
internal_weight=642.462 477.468 359.099 317.347 148.291 169.056 164.995 51.5506 118.368 113.444 20.7508 41.7525 30.7998 101.497 90.7723
internal_count=3273 2183 1338 1155 541 614 1090 294 845 796 79 183 215 754 696
is_linear=0
shrinkage=0.05


Tree=88
num_leaves=1
num_cat=0
split_feature=
split_gain=
threshold=
decision_type=
left_child=
right_child=
leaf_value=0
leaf_weight=
leaf_count=3273
internal_value=
internal_weight=
internal_count=
is_linear=0
shrinkage=1


Tree=89
num_leaves=20
num_cat=0
split_feature=268 165 162 167 7 268 104 266 112 120 264 103 125 7 167 372 264 244 63
split_gain=49.4773 16.933 15.8097 17.4986 18.3963 13.5744 9.30068 7.0091 6.97299 8.18312 6.853 6.44652 5.89169 5.73113 4.81444 3.79927 3.75582 3.27512 2.26621
threshold=-0.52401976155093333 -0.0017112768905048509 1.3718600302298769 -0.74725891746014417 0.0019531835769120991 -0.1494119576908769 0.1369097052804388 -0.31218018862497976 10.500000000000002 0.0081875398990293186 72.500000000000014 0.11659188102025041 -0.21620614612837899 1.0000000180025095e-35 -0.40226035595519538 0.095133188582693942 70.500000000000014 0.22727272727272729 0.26820878147426247
decision_type=2 2 2 2 2 2 2 2 2 2 2 2 2 2 2 2 2 2 2
left_child=1 7 3 -2 5 -5 12 -1 -9 -10 -6 13 -4 -3 -15 18 -8 -14 -13
right_child=2 11 6 4 10 -7 16 8 9 -11 -12 15 17 14 -16 -17 -18 -19 -20
leaf_value=0.024047511811165448 -0.032762016538192003 0.026664753139037625 0 0.025380726356263452 -0.032455092819416546 -0.02269990209044296 -0.013184405189866239 0.022278943228748231 -0.022458777862703259 0.015723814773906827 8.946688742229392e-05 0.033693751112856753 -0.0012585063555202935 -0.032724183331961802 0.007933696764238142 0 0.023760023627764526 -0.035676497409105418 0.013838669145619022
leaf_weight=18.331550538539886 36.69193471968174 12.043414190411566 12.587923355400561 83.561827130615711 30.543507322669029 14.158724412322043 10.038170464336874 12.257069885730742 59.249655179679394 14.195702411234377 25.441013924777508 112.7833187431097 10.851794332265852 10.915947094559668 10.324455082416536 14.824656121432779 10.2852226793766 108.58012433350086 34.504108376801014
leaf_count=109 208 63 64 301 165 114 61 52 220 53 124 689 51 36 50 72 42 609 190
internal_value=-6.3321e-06 0.0146867 -0.0130033 -0.00299384 0.0042844 0.0174493 -0.0248918 -0.00116586 -0.00775354 -0.0140972 -0.0175658 0.023269 -0.0297032 0.00141807 -0.0123627 0.0273452 0.00401986 -0.0330651 0.0297442
internal_weight=642.17 299.43 342.74 190.397 153.705 97.7206 152.343 104.034 85.7024 73.4454 55.9845 195.396 132.02 33.2838 21.2404 162.112 20.3234 119.432 147.287
internal_count=3273 1534 1739 912 704 415 827 434 325 273 289 1100 724 149 86 951 103 660 879
is_linear=0
shrinkage=0.05


Tree=90
num_leaves=17
num_cat=0
split_feature=307 268 270 30 393 37 125 210 28 63 83 356 21 167 381 110
split_gain=47.1417 15.3802 13.3185 20.0938 11.6582 12.6445 10.8212 8.7562 6.90893 8.51555 4.99094 4.74994 2.98444 1.93118 1.11842 0.180915
threshold=0.24209121691166322 -0.73228662976194092 -0.82970664106699343 0.025785249385370339 -0.17617475469593066 0.077103926294824474 -0.1829284941954262 0.21874932810351314 0.059658243962299372 0.37959385687962494 0.54691000078554153 0.15625000000000003 0.38561972019915031 -0.16625207359334723 13.783138383818228 41.500000000000007
decision_type=2 2 2 2 2 2 2 2 2 2 2 2 2 2 2 2
left_child=1 10 3 8 15 6 -6 -7 9 -2 12 -4 -1 -13 -5 -3
right_child=2 4 11 14 5 7 -8 -9 -10 -11 -12 13 -14 -15 -16 -17
leaf_value=-0.033574752640580741 -0.031747075254028832 -0.035464711169312588 0.0015219817414102222 0.0051462436337601433 -0.036529036607685375 -0.011736281299291084 -0.00093289022503067901 0.035261220347726482 0.014352906518651365 0.010080793606688804 0 0.034408450834835971 -0.00033743173889707272 0.0088629980149807653 0.033396650844276614 -0.010014896326938029
leaf_weight=87.271478526294231 41.932338610291481 23.49729160964489 19.503078877925873 10.160385385155676 22.072336472570896 10.028744518756865 168.34463103860617 33.317350134253502 14.022161506116388 12.861399084329603 16.153024941682816 95.290401257574558 10.683300644159315 16.760099500417709 34.915681473910809 10.440255306661127
leaf_count=710 148 115 139 43 77 38 611 121 51 44 81 719 54 108 174 40
internal_value=-0.000182018 -0.0112208 0.0167165 0.00352228 -0.0043308 0 -0.00582014 0.023253 -0.012842 -0.0210503 -0.0264329 0.0274344 -0.0305628 0.0313528 0.0287874 -0.0304384
internal_weight=627.254 381.808 245.446 113.892 267.701 233.763 190.417 43.3461 68.8159 54.7937 114.108 131.554 97.9548 112.051 45.0761 33.9375
internal_count=3273 1847 1426 460 1002 847 688 159 243 192 845 966 764 827 217 155
is_linear=0
shrinkage=0.05


Tree=91
num_leaves=1
num_cat=0
split_feature=
split_gain=
threshold=
decision_type=
left_child=
right_child=
leaf_value=0
leaf_weight=
leaf_count=3273
internal_value=
internal_weight=
internal_count=
is_linear=0
shrinkage=1


Tree=92
num_leaves=19
num_cat=0
split_feature=274 274 165 162 399 225 165 206 191 206 162 365 268 390 268 266 162 274
split_gain=45.6849 19.1077 14.9966 14.9346 14.1862 10.4035 9.42887 6.44566 6.18595 7.54949 5.2113 4.71194 3.92208 3.86442 2.49105 1.78094 1.31209 0.410668
threshold=0.40534840423067847 0.74145548255593863 -0.0016679095989189034 1.4497620813608949 -0.2988130030439376 2.675620980794347 -0.0017112768905048509 0.0036677014883771796 0.73246784084701488 0.0090020057160454334 1.1331027466489398 0.10831633295322228 -0.67842719283650588 -0.024383521000521154 -0.66426203986147214 -0.12004025764894403 1.8944549986912753 0.38399956885375686
decision_type=2 2 2 2 2 2 2 2 2 2 2 2 2 2 2 2 2 2
left_child=6 2 13 5 -5 -4 8 -3 9 -1 12 -8 -10 -2 -13 -15 -12 -16
right_child=1 7 3 4 -6 -7 11 -9 10 -11 16 14 -14 15 17 -17 -18 -19
leaf_value=-0.040058903402013207 0 0 0.020535866160951408 0.035113015495135562 -0.020166804445213297 -0.0074888267140835732 0 -0.03410625611807646 0.014239058167192793 0.0067082371767452883 0.037234391025792707 0.033474262282940453 -0.022752969640855814 -0.0082180095550772516 0.0054431524420310547 -0.036348856805274103 0.0050849639958719488 0.02266346043920256
leaf_weight=12.053716741502287 17.370767019689083 13.858017683029173 105.56587149202824 10.03953482210636 84.401239782571793 42.638239458203316 13.756939142942427 83.145736403763294 11.533018708229067 15.282993823289869 15.707274712622167 93.544986627995968 10.431594252586363 14.972383037209509 25.210833877325058 37.330286368727684 10.024932898581026 10.094619795680044
leaf_count=38 69 73 384 32 308 149 63 757 72 69 70 714 33 57 106 184 51 44
internal_value=0 -0.00989557 -0.00358437 0.00216968 -0.012877 0.0121539 0.0182933 -0.0289984 0.00299518 -0.0141871 0.014086 0.0257716 -0.00194965 -0.0235738 0.0286848 -0.0300828 0.0282883 0.0130615
internal_weight=626.963 409.322 312.318 242.645 94.4408 148.204 217.641 97.0038 75.0335 27.3367 47.6968 142.607 21.9646 69.6734 128.85 52.3027 25.7322 35.3055
internal_count=3273 2013 1183 873 340 533 1260 830 333 107 226 927 105 310 864 241 121 150
is_linear=0
shrinkage=0.05


Tree=93
num_leaves=15
num_cat=0
split_feature=274 268 207 163 120 260 36 70 162 41 130 72 311 9
split_gain=43.5892 18.8538 14.354 11.9635 10.8727 10.7229 8.04204 6.8914 10.4818 10.4199 5.19451 7.98241 2.52643 1.29774
threshold=0.65133158060785401 -0.73228662976194092 1.2633847015110884 0.014052721568580806 -0.032792582007094111 0.20909090909090913 0.10761120758221278 0.0062630149973219671 1.2980438251703865 0.011031410776921253 -6.4999999999999991 0.0060833413125384256 0.71427646340965889 0.00015509463337248788
decision_type=2 2 2 2 2 2 2 2 2 2 2 2 2 2
left_child=1 10 5 4 -4 -3 -7 8 9 -2 11 -1 -9 -5
right_child=7 2 3 13 -6 6 -8 12 -10 -11 -12 -13 -14 -15
leaf_value=0.01760319680557448 -0.035635994590315287 0.024590380681804674 -0.030046111393127441 0.0064621647647090099 0.0045116293377454163 -0.026805007034073288 0.010166829515727933 0.0058676439888593916 0.029558253352693908 0.020187073111336034 -0.034165394163000587 -0.024947178566094613 0.033342372368663609 0.0383092326427662
leaf_weight=13.893012575805185 17.461704239249233 10.803611807525156 23.066892117261887 10.017570510506628 176.28947027772665 92.433200255036354 13.61000272631645 15.901054650545118 22.77544841915369 10.413979917764662 69.759628169238567 25.887826442718506 87.449013516306877 23.114639341831207
leaf_count=65 69 39 80 35 669 378 50 58 170 76 570 210 717 87
internal_value=-0.00019245 -0.00800801 -0.00209899 0.00492692 0 -0.0162689 -0.0214522 0.0224851 0.00565679 -0.0132267 -0.0258499 -0.00872584 0.0298701 0.0314001
internal_weight=612.877 458.876 349.335 232.489 199.356 116.847 106.043 154.001 50.6511 27.8757 109.54 39.7808 103.35 33.1322
internal_count=3273 2183 1338 871 749 467 428 1090 315 145 845 275 775 122
is_linear=0
shrinkage=0.05


Tree=94
num_leaves=1
num_cat=0
split_feature=
split_gain=
threshold=
decision_type=
left_child=
right_child=
leaf_value=0
leaf_weight=
leaf_count=3273
internal_value=
internal_weight=
internal_count=
is_linear=0
shrinkage=1


Tree=95
num_leaves=20
num_cat=0
split_feature=268 268 165 260 11 20 165 206 191 206 103 162 20 390 268 266 162 309 11
split_gain=41.5408 17.8702 13.8522 14.9473 15.9629 12.0367 9.10097 6.36534 5.6872 7.13219 5.42142 5.15937 3.96965 3.83781 3.74197 1.74037 1.03624 0.946836 2.02587
threshold=-0.59404294193861362 -0.25796106980941702 -0.0016679095989189034 0.46363636363636368 0.0026423024638081443 0.14026543732310223 -0.0017112768905048509 0.0036677014883771796 0.73246784084701488 0.0090020057160454334 0.11488067542369385 1.1331027466489398 0.22538483166349035 -0.024383521000521154 -0.67842719283650588 -0.12004025764894403 1.8776166852879308 0.030355514383049783 -0.001565257461289715
decision_type=2 2 2 2 2 2 2 2 2 2 2 2 2 2 2 2 2 2 2
left_child=6 2 13 5 -5 -4 8 -3 9 -1 12 14 -8 -2 -10 -15 -13 -12 -19
right_child=1 7 3 4 -6 -7 10 -9 11 -11 17 16 -14 15 -16 -17 -18 18 -20
leaf_value=-0.039042892720448863 0 0 0.027665765773155056 0.015965607632809478 -0.034457198538901106 -0.023741009166621939 0.019060300647836828 -0.033799802237263026 0.013565858234002057 0.006500016730894816 0.034197332036983462 0.036385527249273332 -0.017942842773435982 -0.007875350402811454 -0.022538508808942963 -0.035821862773136953 0.0058785534881167457 0 0.023812554687360543
leaf_weight=11.99352987110615 17.055025920271873 13.668670505285261 10.171415776014326 149.20829676836729 14.14471724629402 66.505302429199219 12.679013013839723 78.89911001175642 11.218316629529001 15.122245147824286 76.355652242898941 14.996404752135279 10.152541466057299 14.857020884752272 10.582224875688551 36.065197877585888 10.240635961294172 10.681523032486437 27.992093101143837
leaf_count=38 68 73 36 529 55 253 72 756 72 69 634 69 41 57 34 185 52 42 138
internal_value=0 -0.00953334 -0.00345101 0.00207222 0.0107563 -0.0155093 0.0176752 -0.0285047 0.00261569 -0.0138664 0.0251923 0.013378 0.000497559 -0.0229214 -0.00254992 -0.0294873 0.0277169 0.029533 0.0173253
internal_weight=612.589 400.575 308.007 240.03 163.353 76.6767 212.014 92.5678 74.1534 27.1158 137.861 47.0376 22.8316 67.9772 21.8005 50.9222 25.237 115.029 38.6736
internal_count=3273 2012 1183 873 584 289 1261 829 334 107 927 227 113 310 106 242 121 814 180
is_linear=0
shrinkage=0.05


Tree=96
num_leaves=16
num_cat=0
split_feature=274 274 162 125 167 64 270 68 83 74 21 209 207 228 258
split_gain=39.8457 17.582 13.8778 13.6668 14.0183 6.87292 8.99719 5.96652 4.89951 5.98625 4.76342 3.6808 3.40902 1.02092 0.826757
threshold=0.65133158060785401 0.30733315301590142 0.32698971413760997 -0.1829284941954262 -0.75374150841626986 0.32582364166962424 -0.75799874391462174 0.50799525128785161 0.48874974127137322 -0.49182417153129959 0.38561972019915031 3.6797145206336688 0.3698182051312589 0.366411753802034 0.63235294117647067
decision_type=2 2 2 2 2 2 2 2 2 2 2 2 2 2 2
left_child=1 8 7 11 -5 6 13 -3 10 -10 -1 -4 -7 -2 -8
right_child=5 2 3 4 -6 12 14 -9 9 -11 -12 -13 -14 -15 -16
leaf_value=-0.032422992004795155 -0.00032337465303280879 -0.035136218893570353 -0.034701037403430078 0.02521583591550064 -0.0004011874311379996 0 0.0036663187852782548 0.0022545345249106747 0.022719939423812844 -0.025026480031751848 0 0 0.032456722497010579 -0.027840220485315245 0.029768118244910949
leaf_weight=86.419230565428734 10.001869797706606 36.22597611695528 24.646228015422821 70.893477231264114 179.14441017061472 11.237092174589632 10.453547157347204 10.8675040602684 10.142933130264284 10.062381349503992 12.372520469129084 10.047638252377508 89.641712255775928 10.032643660902975 17.208239495754242
leaf_count=754 46 181 85 271 649 62 77 42 36 72 60 33 734 33 138
internal_value=-0.000171105 -0.00766536 -0.00152217 0.00256255 0.00687728 0.0219405 0.00461276 -0.0258913 -0.0239272 0 -0.0283987 -0.0252796 0.0292821 -0.0181048 0.0228586
internal_weight=599.397 450.822 331.825 284.732 250.038 148.575 47.6963 47.0935 118.997 20.2053 98.7918 34.6939 100.879 20.0345 27.6618
internal_count=3273 2183 1261 1038 920 1090 294 223 922 108 814 118 796 79 215
is_linear=0
shrinkage=0.05


Tree=97
num_leaves=1
num_cat=0
split_feature=
split_gain=
threshold=
decision_type=
left_child=
right_child=
leaf_value=0
leaf_weight=
leaf_count=3273
internal_value=
internal_weight=
internal_count=
is_linear=0
shrinkage=1


Tree=98
num_leaves=17
num_cat=0
split_feature=272 272 165 162 112 119 165 110 103 79 381 86 191 244 105 297
split_gain=38.281 16.6969 13.3029 16.3508 15.1301 12.892 8.63058 5.42813 5.27724 5.02477 3.48782 2.87733 2.1244 1.1321 0.902927 4.845
threshold=-1.5940429419386135 -1.1791129655089982 -0.0016679095989189034 1.4660564270614354 43.500000000000007 -0.2773019808215661 -0.0017112768905048509 53.500000000000007 0.11488067542369385 0.99999999999996037 13.057334584860032 -827175.233463499 0.66488263645783874 0.26363636363636367 0.1225362976823999 -0.79820105706010602
decision_type=2 2 2 2 2 2 2 2 2 2 2 2 2 2 2 2
left_child=6 2 10 4 -4 -5 7 9 11 -1 -2 -8 -11 -12 -10 -16
right_child=1 -3 3 5 -6 -7 8 -9 14 12 13 -13 -14 -15 15 -17
leaf_value=-0.014498358350812117 0 -0.03158533468036482 -0.001661223664071522 0.030784394026280672 0.029052201780464526 -0.020933912050387228 -0.013123557411825771 -0.020855695910032238 0.032906480041644544 0 -0.0067691336087337449 0.018427482825848385 0.023210203243968403 -0.033451843342405738 0.029332096182481344 -0.0070967408776891217
leaf_weight=11.759286820888518 16.577672205865383 66.795680560171604 90.351169861853123 10.437492772936819 64.902230270206928 90.180405989289284 11.921354785561563 15.10132823884487 80.985007852315903 10.321522928774355 11.909956626594065 10.61858147382736 35.821408294141293 41.649501018226147 18.872610703110698 10.915990859270094
leaf_count=54 72 647 362 36 244 382 47 61 599 49 57 66 170 212 167 48
internal_value=-3.1731e-05 -0.00925925 -0.0042866 0.000891048 0.0111696 -0.0143505 0.0171784 0.00242286 0.0246608 0.0100433 -0.0231209 0.000201055 0.0178184 -0.0290762 0.0290618 0.01503
internal_weight=599.121 392.804 326.008 255.871 155.253 100.618 206.317 73.0035 133.314 57.9022 70.1371 22.5399 46.1429 53.5595 110.774 29.7886
internal_count=3273 2012 1365 1024 606 418 1261 334 927 273 341 113 219 269 814 215
is_linear=0
shrinkage=0.05


Tree=99
num_leaves=16
num_cat=0
split_feature=274 272 207 397 120 260 36 64 272 399 130 72 246 356 297
split_gain=36.6395 16.3709 12.7919 11.1858 10.1604 9.86885 7.58663 6.76372 8.42018 8.7407 5.27206 7.20062 3.61321 1.27496 0.571318
threshold=0.65133158060785401 -1.7322866297619408 1.2633847015110884 0.014052721568580806 -0.032792582007094111 0.19090909090909094 0.10761120758221278 0.41675419788710305 -1.156430847070719 -0.11325034615391694 -6.4999999999999991 0.0060833413125384256 0.28651685393258436 0.51041666666666685 -0.38862352015529239
decision_type=2 2 2 2 2 2 2 2 2 2 2 2 2 2 2
left_child=1 10 5 4 -4 -3 -7 8 9 -2 11 -1 -11 -5 -9
right_child=7 2 3 13 -6 6 -8 14 -10 12 -12 -13 -14 -15 -16
leaf_value=0.017426586359680453 0.022226420800711105 0.024801346129273896 -0.029293762703873145 0.0066905283821021254 0.0043663121799335288 -0.025741883575891612 0.010288869168870955 0.0082347095529802447 0.028328826189383333 -0.038614961007744864 -0.033562859029413299 -0.023736767815574208 0 0.037968974022429269 0.033642850864114303
leaf_weight=13.672457709908484 13.216641232371328 10.070844754576681 22.694104112684727 10.486110329627989 172.83938109129667 90.408584326505661 13.46813580393791 10.359704017639158 26.72003448009491 13.345096267759802 63.589750722050667 23.790141031146049 12.074212290346621 21.807793453335762 68.04464403539896
leaf_count=65 84 37 80 38 669 380 50 40 246 47 570 210 57 84 616
internal_value=-0.00017247 -0.00738842 -0.00192488 0.00475354 0 -0.0154847 -0.0204448 0.0214109 0.0079308 -0.00600001 -0.0247982 -0.00729976 -0.0232326 0.0306613 0.031327
internal_weight=586.588 442.827 341.775 227.827 195.533 113.948 103.877 143.76 65.356 38.6359 101.052 37.4626 25.4193 32.2939 78.4043
internal_count=3273 2183 1338 871 749 467 430 1090 434 188 845 275 104 122 656
is_linear=0
shrinkage=0.05


Tree=100
num_leaves=1
num_cat=0
split_feature=
split_gain=
threshold=
decision_type=
left_child=
right_child=
leaf_value=0
leaf_weight=
leaf_count=3273
internal_value=
internal_weight=
internal_count=
is_linear=0
shrinkage=1


Tree=101
num_leaves=16
num_cat=0
split_feature=274 165 274 386 381 399 30 112 120 14 393 73 399 372 72
split_gain=35.3942 13.0469 12.831 13.1113 8.62398 9.59283 6.84584 5.43506 7.39303 6.8862 5.40486 4.08902 4.47341 3.75104 2.26678
threshold=0.47561326694814537 -0.0017112768905048509 0.84336971968861796 -0.17905369552242092 12.753815021768448 0.01925498917272633 0.0125278707329024 10.500000000000002 0.0081875398990293186 -0.03451305011556445 1.0000000180025095e-35 0.58674866749247723 -0.023230590186395905 0.095133188582693942 0.0090716633920981792
decision_type=2 2 2 2 2 2 2 2 2 2 2 2 2 2 2
left_child=1 7 3 6 14 -6 -2 -1 9 -9 11 12 -3 -13 -5
right_child=2 10 -4 4 5 -7 -8 8 -10 -11 -12 13 -14 -15 -16
leaf_value=0.024506818274788261 0.040197198939481885 -0.018423938338600631 -0.03227097413790541 0 -0.018314940046064477 0.013813101897432579 -0.0013323650587103622 0.01262764640422125 0.019234730887734093 -0.022734393343147766 -0.0065659462168170916 0.028989320457391495 0.022185446387604051 0 0.030087067555950722
leaf_weight=13.620396889746187 17.885692439973354 10.290065802633764 58.620607517659664 12.143821604549887 176.87049244344234 22.642232082784176 14.363901190459726 14.084407933056353 17.439817734062672 53.398685067892075 12.361860789358614 129.32680375874043 10.559308864176272 12.217007666826246 10.494395963847635
leaf_count=67 66 51 596 53 831 87 65 58 80 228 68 844 75 62 42
internal_value=-4.57007e-05 0.012941 -0.0115578 -0.00627022 -0.0107944 -0.0142713 0.0217424 -0.00114224 -0.00652048 -0.0144212 0.021049 0.0235344 0.000250068 0.0265419 0.015982
internal_weight=586.319 273.298 313.021 254.401 222.151 199.513 32.2496 98.5433 84.9229 67.4831 174.755 162.393 20.8494 141.544 22.6382
internal_count=3273 1533 1740 1144 1013 918 131 433 366 286 1100 1032 126 906 95
is_linear=0
shrinkage=0.05


Tree=102
num_leaves=14
num_cat=0
split_feature=266 272 165 261 11 57 266 381 126 216 21 219 0
split_gain=33.6828 13.3038 12.2783 13.1442 11.4227 11.4226 7.47101 7.2554 8.3939 4.84966 1.35624 1.18783 0.790687
threshold=-0.039973973677002402 -1.1791129655089982 -0.0016679095989189034 1.0000000180025095e-35 0.0026423024638081443 -0.56515243859085063 -0.30095888049134467 12.753815021768448 -0.013428561054148745 5.6043831173540868 0.28858490410405729 4.5988102467190553 0.0012366450214115476
decision_type=2 2 2 2 2 2 2 2 2 2 2 2 2
left_child=5 2 12 4 -4 6 11 -8 -9 -5 -7 -1 -2
right_child=1 -3 3 9 -6 10 7 8 -10 -11 -12 -13 -14
leaf_value=-0.0019547881114169614 0.034922456914568932 0.031026086698800349 -0.0096338787394430851 0 0.032755103886239222 -0.030241282847741236 -0.02831987500857458 -0.01944104901106344 0.011965369488375755 0.03932490482803442 -0.0038531591800425782 -0.02885156850283338 0.0070288695552461408
leaf_weight=10.060708813369272 28.898710057139397 62.40420962870121 161.60163063555956 13.093711212277411 14.27812312543392 78.305774636566639 15.952017493546007 23.536120787262917 94.049111746251583 22.689696833491325 10.958676286041735 28.987485930323601 10.084036082029341
leaf_count=81 169 647 656 61 62 594 98 102 364 108 57 225 49
internal_value=-0.00017705 0.010758 0.00520735 6.92938e-05 -0.00542155 -0.0134128 -0.00535238 6.31307e-05 0.00493708 0.0266784 -0.0277743 -0.0237447 0.0299158
internal_weight=574.9 313.05 250.646 211.663 175.88 261.85 172.585 133.537 117.585 35.7834 89.2645 39.0482 38.9827
internal_count=3273 1752 1105 887 718 1521 870 564 466 169 651 306 218
is_linear=0
shrinkage=0.05


Tree=103
num_leaves=1
num_cat=0
split_feature=
split_gain=
threshold=
decision_type=
left_child=
right_child=
leaf_value=0
leaf_weight=
leaf_count=3273
internal_value=
internal_weight=
internal_count=
is_linear=0
shrinkage=1


Tree=104
num_leaves=19
num_cat=0
split_feature=266 370 162 167 216 399 266 301 167 104 104 104 86 70 36 20 231 31
split_gain=32.5421 13.0875 12.7399 15.8173 16.1334 11.6254 9.06999 8.22924 6.73637 6.60467 11.2079 5.20192 6.15368 4.89908 4.35997 3.43778 2.17914 0.66145
threshold=-0.039973973677002402 0.36621641251785136 1.3718600302298769 -0.74725891746014417 5.4511216661683806 -0.2988130030439376 -0.30095888049134467 0.18872720528612727 -0.16625207359334723 0.11611287755699191 -0.047632858180065858 0.034815466574127346 -266815.54490299989 0.010929801927102157 0.11458732622675467 0.34073798296900487 95.500000000000014 0.0043978534473437829
decision_type=2 2 2 2 2 2 2 2 2 2 2 2 2 2 2 2 2 2
left_child=1 6 3 -2 7 -4 17 -5 -6 10 -8 16 -13 -11 15 -3 -7 -1
right_child=2 14 5 4 8 11 9 -9 -10 13 -12 12 -14 -15 -16 -17 -18 -19
leaf_value=0.005468416481517792 -0.032975338321034733 0.032039170260412267 0.013927139048973839 0.025709176244796256 -0.029270948265679577 -0.040168108429571692 0.0065906742906379594 -0.015446380446910197 0.002933442374983105 0.029639673280585088 -0.028231244188949945 -0.021440439231992112 0.017789007619651159 -0.0058085452436864712 0 0.0022072398254671605 -0.01392270194570313 0.030197504885197558
leaf_weight=11.066833958029745 29.757569253444672 88.751674026250839 16.119642652571201 72.408750057220459 30.437596954405308 61.856428578495979 39.639351204037666 10.803009107708929 25.721649304032326 18.001391768455509 44.556910090148449 30.88919660449028 10.271570973098276 13.053276553750036 12.428869463503359 15.425059020519255 21.533228300511837 21.936534732580185
leaf_count=62 194 642 96 289 192 387 167 110 121 75 168 221 41 53 84 98 101 172
internal_value=-5.52187e-05 0.0126494 -0.0110939 -0.00144775 0.00548562 -0.0220711 0.00229814 0.0194346 -0.014275 -0.00407896 -0.0116011 -0.0273401 -0.00997517 0.0140723 0.0250043 0.028274 -0.0346885 0.0244406
internal_weight=574.659 264.86 309.799 169.129 139.371 140.67 148.254 83.2118 56.1592 115.251 84.1963 124.55 41.1608 31.0547 116.606 104.177 83.3897 33.0034
internal_count=3273 1521 1752 906 712 846 697 399 313 463 335 750 262 128 824 740 488 234
is_linear=0
shrinkage=0.05


Tree=105
num_leaves=18
num_cat=0
split_feature=274 278 207 392 163 120 64 274 86 387 86 130 68 67 210 364 297
split_gain=31.2594 14.3094 11.5717 9.82192 9.71892 9.58845 6.7843 7.59442 9.54231 6.77543 6.07287 5.39969 5.82512 5.05923 2.9838 0.690007 0.595698
threshold=0.65133158060785401 1.2677133702380592 1.3204792639562808 4.5000000000000009 0.014052721568580806 -0.032792582007094111 0.41675419788710305 0.84336971968861796 -1093871.9946849996 -0.30479182628210771 -52216.400231000043 -6.4999999999999991 0.52559465068811206 -0.0059378385024723137 0.36856426948109816 0.52275694211901158 -0.38862352015529239
decision_type=2 2 2 2 2 2 2 2 2 2 2 2 2 2 2 2 2
left_child=1 11 3 10 5 -4 7 8 -2 -5 -3 12 13 -1 -10 -6 -8
right_child=6 2 4 9 15 -7 16 -9 14 -11 -12 -13 -14 -15 -16 -17 -18
leaf_value=0.031541970902108821 0.023709564796604785 0.013855500396932001 -0.028380253843014715 0.0055293720070024033 0.0076448910450392718 0.0047440304904239096 0.0075876416619962556 0.027235836910375139 -0.039053123267628401 -0.033107747800212868 -0.020619989547935879 -0.033036903364073875 -0.027495328114030618 -0.010999743064732162 -0.0009025566867871057 0.035808851484821734 0.03314711274108436
leaf_weight=10.229406185448171 12.711294569075106 34.656026013195515 22.138709425926208 10.431860476732252 10.269051522016527 162.55760435760021 10.088603034615515 24.300125986337662 12.816212192177774 56.918264701962471 15.987415857613085 58.645625703036785 15.291992597281931 10.186123460531233 12.014201909303663 20.815805092453957 62.968809977173805
leaf_count=44 84 127 80 40 39 641 40 246 44 255 74 570 157 74 60 82 616
internal_value=-0.000175815 -0.00688967 -0.00179064 -0.0142922 0.00491918 0.000117037 0.0204556 0.00670595 -0.00638147 -0.0264319 0.00149548 -0.0238029 -0.00596026 0.00949103 -0.0244777 0.0294634 0.0307135
internal_weight=563.027 428.128 333.775 117.994 215.781 184.696 134.899 61.8418 37.5417 67.3501 50.6434 94.3531 35.7075 20.4155 24.8304 31.0849 73.0574
internal_count=3273 2183 1338 496 842 721 1090 434 188 295 201 845 275 118 104 121 656
is_linear=0
shrinkage=0.05


Tree=106
num_leaves=1
num_cat=0
split_feature=
split_gain=
threshold=
decision_type=
left_child=
right_child=
leaf_value=0
leaf_weight=
leaf_count=3273
internal_value=
internal_weight=
internal_count=
is_linear=0
shrinkage=1


Tree=107
num_leaves=14
num_cat=0
split_feature=274 274 36 356 394 119 392 28 69 242 37 32 138
split_gain=30.4861 15.6879 13.7083 20.1535 10.9313 8.94402 8.29391 5.68638 4.60783 3.28521 4.10368 2.67939 0.729937
threshold=0.34841580215254259 0.74145548255593863 0.10844399554042118 0.55208333333333337 -0.014351166550820247 -0.25188631825287083 14.500000000000002 0.021022652840768232 -0.039652891685849394 0.36764705882352949 0.045158534640264501 0.34297071561590958 -0.028104763643369664
decision_type=2 2 2 2 2 2 2 2 2 2 2 2 2
left_child=8 2 3 4 -2 -4 -5 -3 11 10 -10 -1 -11
right_child=1 7 5 6 -6 -7 -8 -9 9 12 -12 -13 -14
leaf_value=-0.017348785207679133 -0.0033638780221034413 0 0.0095376383544470769 -0.014917720607291858 0.024434774912745438 -0.037610273352818496 0.019866958924337211 -0.032714796094340366 0.021476923084434961 0.010600265210974548 -0.015511658735154827 0.013764096450677797 0.030727158366289475
leaf_weight=10.21097978949547 48.82916122674942 13.585860051214693 10.044439300894735 135.98947802186012 98.38475289195776 36.500679157674313 15.768270716071127 64.268217027187347 13.159343689680101 18.10073309391737 10.06978055089712 11.369124449789522 76.504958540201187
leaf_count=42 178 93 43 541 407 168 54 737 98 124 55 79 654
internal_value=-7.18378e-05 -0.00684893 -0.00203373 0.00182941 0.0149984 -0.0264651 -0.0106653 -0.026732 0.0198683 0.0236766 0.00359596 0 0.0278328
internal_weight=562.786 423.371 345.517 298.972 147.214 46.5451 151.758 77.8541 139.415 117.835 23.2291 21.5801 94.6057
internal_count=3273 2221 1391 1180 585 211 595 830 1052 931 153 121 778
is_linear=0
shrinkage=0.05


Tree=108
num_leaves=20
num_cat=0
split_feature=307 25 270 268 393 37 37 46 120 174 130 72 219 70 290 17 125 393 110
split_gain=28.8669 10.7997 12.246 10.0724 9.49857 10.385 11.1428 7.93507 7.08362 6.36972 5.31788 6.54349 3.45726 1.51974 1.44678 0.850967 0.712702 0.823446 0.0771104
threshold=0.24209121691166322 0.027904215612277121 -0.86579726071135443 -0.73228662976194092 -0.17617475469593066 0.077103926294824474 0.033456600124164494 0.75502351697526204 -0.035670254340677159 0.50000000000000011 -6.4999999999999991 0.0060833413125384256 9.5008802816901277 0.0070384054904688428 0.54834577883978064 0.00075096055118646654 -0.178133472366726 -0.17204861663414409 39.500000000000007
decision_type=2 2 2 2 2 2 2 2 2 2 2 2 2 2 2 2 2 2 2
left_child=3 2 12 10 18 6 -6 -7 14 15 11 -1 13 -2 -3 -4 -10 -18 -5
right_child=1 8 9 4 5 7 -8 -9 16 -11 -12 -13 -14 -15 -16 -17 17 -19 -20
leaf_value=0.017827781824942612 -0.035907923785984362 -0.01326994522282585 0.030971348673884569 -0.03356148700448524 0.0057681104793315986 0.035762728078664922 -0.018586625954905775 -0.0079349976833288337 0.0075851685296593864 -0.0092801150917348908 -0.032722685805740601 -0.022365246038693616 0.0020374850299917282 -0.0054649184772292327 0.0097037564059023352 0.0060293394513665239 0.010735929326751936 0.035439445269075352 -0.0093869899679533964
leaf_weight=13.352972775697706 17.68723322451115 10.054504096508028 30.472862809896469 20.276880770921711 98.850463517010212 28.357134357094765 81.638355769217014 11.676639720797537 10.928183659911154 13.619698561727999 55.885947614908218 21.611561886966228 10.382083937525747 12.200150221586226 10.998653210699556 11.864305846393107 13.610096327960489 67.607973977923393 10.367778964340685
leaf_count=65 67 43 285 112 390 111 298 48 82 66 570 210 41 45 90 104 82 521 43
internal_value=-0.000181918 0.0142277 0.00124414 -0.00919721 -0.00368808 0 -0.00509926 0.0221909 0.0245172 0.0164881 -0.0232904 -0.00550267 -0.0184573 -0.0266334 0 0.0259461 0.0303352 0.0324234 -0.0284351
internal_weight=551.443 209.426 96.2263 342.018 251.167 220.523 180.489 40.0338 113.199 55.9569 90.8505 34.9645 40.2695 29.8874 21.0532 42.3372 92.1463 81.2181 30.6447
internal_count=3273 1426 608 1847 1002 847 688 159 818 455 845 275 153 112 133 389 685 603 155
is_linear=0
shrinkage=0.05


Tree=109
num_leaves=1
num_cat=0
split_feature=
split_gain=
threshold=
decision_type=
left_child=
right_child=
leaf_value=0
leaf_weight=
leaf_count=3273
internal_value=
internal_weight=
internal_count=
is_linear=0
shrinkage=1


Tree=110
num_leaves=17
num_cat=0
split_feature=268 268 165 112 10 254 165 229 64 365 390 82 268 266 115 230
split_gain=27.7545 13.0488 11.5352 11.8012 15.1489 11.2576 7.08722 4.9645 6.84365 4.47697 3.70407 3.61572 2.48311 1.57611 1.01648 0.712181
threshold=-0.59404294193861362 -0.15643084707072027 -0.0016679095989189034 63.500000000000007 0.060717894244796351 1.1153846153846156 -0.0017112768905048509 -2.6182466542646039 0.54154809597590292 0.10831633295322228 -0.024383521000521154 0.52301841318242437 -0.66426203986147214 -0.12004025764894403 -1.0000000180025095e-35 75.500000000000014
decision_type=2 2 2 2 2 2 2 2 2 2 2 2 2 2 2 2
left_child=6 2 10 5 -5 -4 7 11 -9 -8 -2 -1 -11 -12 -14 -13
right_child=1 -3 3 4 -6 -7 9 8 -10 12 13 15 14 -15 -16 -17
leaf_value=-0.006147487045373109 0 -0.03120874530232309 0.013780206527712195 0.035474759493568063 -0.020410264760304653 -0.012482797501389656 -0.0020780256009318189 -0.040585039110172916 0.0047828449237320263 0.031549169478760519 -0.0071594924790193389 0.027884257463548924 0 -0.034603796763238708 0.016850784688336895 0.0035973209362856282
leaf_weight=12.52543845772743 16.720528230071068 50.412872068583965 52.972084209322929 41.569085776805878 13.188246123492716 139.51810301095247 12.138454236090181 10.380218692123892 16.416756547987461 72.917169153690338 14.099541515111921 19.258074045181278 12.69885967671871 35.662187054753304 19.970364131033421 10.76909915357828
leaf_count=60 76 595 233 156 58 614 63 38 80 714 57 104 49 223 101 52
internal_value=-8.16942e-05 -0.0081994 -0.00408361 0.00077105 0.0207882 -0.00489906 0.0153365 0.00172178 -0.0134299 0.0227004 -0.0221115 0.012617 0.0259882 -0.0286246 0.0105648 0.0218057
internal_weight=551.217 364.143 313.73 247.248 54.7573 192.49 187.074 69.3496 26.797 117.725 66.4823 42.5526 105.586 49.7617 32.6692 30.0272
internal_count=3273 2012 1417 1061 214 847 1261 334 118 927 356 216 864 280 150 156
is_linear=0
shrinkage=0.05


Tree=111
num_leaves=16
num_cat=0
split_feature=274 268 207 221 381 392 163 70 399 86 373 130 68 6 297
split_gain=26.5923 12.2766 10.581 9.17115 10.8236 8.99247 8.86703 6.38253 8.28712 6.12551 5.84997 5.28507 5.42878 3.32038 2.37098
threshold=0.65133158060785401 -0.73228662976194092 1.2882917369326974 11.626604233074897 23.637074020770758 4.5000000000000009 0.0083235521771361232 0.0062630149973219671 -0.026103219261140041 -52216.400231000043 0.092660362326324033 -6.4999999999999991 0.52559465068811206 -0.0033650003217468856 -0.38432407070290736
decision_type=2 2 2 2 2 2 2 2 2 2 2 2 2 2 2
left_child=1 11 5 4 -4 9 -5 8 13 -3 -7 12 -1 -2 -9
right_child=7 2 3 6 -6 10 -8 14 -10 -11 -12 -13 -14 -15 -16
leaf_value=0.0097875684960123509 0 0.014016945488613984 -0.022713422668614008 0.0035541324525902064 0.0067132039303587051 -0.032370030703632417 0.037441960804801354 0.0041138705422784742 -0.025968329923616213 -0.021540118099911985 0.0037765155625854203 -0.032426453029725959 -0.026750994113212773 0.029374282825656933 0.031495415409501286
leaf_weight=19.995701193809509 11.754624195396902 33.156818948686123 45.20334554463625 55.817277997732162 82.821943685412407 53.893481023609638 30.74446065723896 14.93553191423416 13.127912029623984 14.907774642109869 10.246164567768572 53.282312296330929 14.16003631800413 18.325783886015415 68.233312964439392
leaf_count=118 97 123 187 229 316 255 120 59 48 72 36 570 157 170 716
internal_value=-0.0001826 -0.00641321 -0.00171856 0.00461324 -0.00357735 -0.0140667 0.0169995 0.0195283 0.00236339 0.00139182 -0.0259403 -0.0227671 -0.00495148 0.0174733 0.0274729
internal_weight=540.606 414.229 326.791 214.587 128.025 112.204 86.5617 126.377 43.2083 48.0646 64.1396 87.438 34.1557 30.0804 83.1688
internal_count=3273 2183 1338 852 503 486 349 1090 315 195 291 845 275 267 775
is_linear=0
shrinkage=0.05


Tree=112
num_leaves=1
num_cat=0
split_feature=
split_gain=
threshold=
decision_type=
left_child=
right_child=
leaf_value=0
leaf_weight=
leaf_count=3273
internal_value=
internal_weight=
internal_count=
is_linear=0
shrinkage=1


Tree=113
num_leaves=13
num_cat=0
split_feature=274 274 36 364 174 392 119 207 115 81 278 274
split_gain=25.7175 13.9143 12.7231 11.9738 11.7014 10.5814 8.43081 4.11053 6.20638 4.12774 0.755994 0.481578
threshold=0.34841580215254259 0.84336971968861796 0.10844399554042118 0.54702793876050559 0.50000000000000011 14.500000000000002 -0.25188631825287083 2.0352764288849214 1.0000000180025095e-35 0.45013672624657891 1.2677133702380592 0.30733315301590142
decision_type=2 2 2 2 2 2 2 2 2 2 2 2
left_child=7 2 3 4 -2 -5 -4 11 9 -9 -11 -1
right_child=1 -3 6 5 -6 -7 -8 8 -10 10 -12 -13
leaf_value=0.030363898179069801 0.0015558759183022736 -0.030885825534612821 0.0085038319367662339 -0.020279379115626741 0.031286468056770038 0.023661742054272676 -0.036889590227697625 -0.0067228230753264484 -0.018274176725094692 0.029910681546618502 0.0079476192634022388 0.0069043298558784166
leaf_weight=55.295881859958172 178.66386914253235 48.168266035616398 10.239523969590662 83.41798060387373 38.983065284788609 12.698073282837866 37.00660002976656 10.638258896768091 13.01342039555311 25.107573859393597 16.60504724085331 10.556715860962866
leaf_count=574 790 596 48 373 177 46 191 54 70 226 64 64
internal_value=-9.68445e-05 -0.00637717 -0.00274211 0.000836869 0.00746055 -0.0134293 -0.0261362 0.0188195 0.00822374 0.0163474 0.0234057 0.027794
internal_weight=540.394 409.177 361.009 313.763 217.647 96.1161 47.2461 131.217 65.3643 52.3509 41.7126 65.8526
internal_count=3273 2221 1625 1386 967 419 239 1052 414 344 290 638
is_linear=0
shrinkage=0.05


Tree=114
num_leaves=18
num_cat=0
split_feature=297 25 270 266 126 231 393 8 120 86 354 226 383 70 266 31 104
split_gain=24.5329 10.0052 10.7067 8.90303 8.84356 8.82601 7.55749 6.98116 6.54572 6.3128 5.30128 2.64291 1.72208 1.17363 1.07461 0.861929 0.128045
threshold=-0.49114742551754703 0.027529767590752267 -0.86579726071135443 -0.30095888049134467 1.0000000180025095e-35 44.500000000000007 -0.19571759629894289 -0.062513175433054652 -0.035670254340677159 -927522.15726599877 0.086771935447383583 -3.7981191404239865 9.5000000000000018 0.0070384054904688428 0.17553348416674455 0.0043978534473437829 -0.080523656183767084
decision_type=2 2 2 2 2 2 2 2 2 2 2 2 2 2 2 2 2
left_child=3 2 11 15 5 7 -7 -5 14 -4 -11 -2 16 -13 -3 -1 -10
right_child=1 8 9 4 -6 6 -8 -9 12 10 -12 13 -14 -15 -16 -17 -18
leaf_value=-0.0058024403523804302 0 -0.011617824354936003 0.029504346029979131 0.0052390925639695081 0.026785651562024448 -0.027020723368070956 0.0030069592312128354 -0.028098358435726101 0.013171093955935098 0.017421623480933974 -0.025347977655923826 -0.034878539789750654 0.0066027380607408155 -0.0052908785115234752 0.0082696288125382513 -0.030344854051838316 0.035477322156900977
leaf_weight=11.531791053712366 11.824984505772589 10.123108237981798 30.107246823608875 16.37916412204504 17.294061042368412 20.980100944638252 158.06611351668835 63.306849800050259 13.556592896580694 10.95045315474272 11.34307501465082 15.665826410055162 14.346823200583456 11.201776802539824 10.383567899465559 43.491422355175018 59.704856887459755
leaf_count=81 48 44 310 77 66 127 709 323 119 81 58 62 95 40 90 465 478
internal_value=-0.000200698 0.01345 0.00057694 -0.00861169 -0.00459324 -0.00716467 -0.000624239 -0.0206998 0.023538 0.0154561 -0.0027884 -0.0180366 0.0293263 -0.0259872 0 -0.0266289 0.0326858
internal_weight=530.258 199.208 91.0934 331.05 276.026 258.732 179.046 79.686 108.115 52.4008 22.2935 38.6926 87.6083 26.8676 20.5067 55.0232 73.2614
internal_count=3273 1425 599 1848 1302 1236 836 400 826 449 139 150 692 102 134 546 597
is_linear=0
shrinkage=0.05


Tree=115
num_leaves=1
num_cat=0
split_feature=
split_gain=
threshold=
decision_type=
left_child=
right_child=
leaf_value=0
leaf_weight=
leaf_count=3273
internal_value=
internal_weight=
internal_count=
is_linear=0
shrinkage=1


Tree=116
num_leaves=18
num_cat=0
split_feature=274 274 165 162 399 355 165 68 103 365 162 390 20 266 105 309 162
split_gain=23.6258 11.6734 10.5954 12.5072 10.8337 10.2512 6.49395 5.26413 5.01927 3.94008 3.8914 3.47317 2.64144 1.51951 1.49195 4.31892 0.659979
threshold=0.40534840423067847 0.84336971968861796 -0.0016679095989189034 1.4660564270614354 -0.2988130030439376 0.096018640928851887 -0.0017112768905048509 0.51074236376576831 0.11488067542369385 0.20213887128135247 1.2371722321486425 -0.024383521000521154 0.21572037357315824 -0.12004025764894403 0.1225362976823999 0.030355514383049783 2.0034090039947277
decision_type=2 2 2 2 2 2 2 2 2 2 2 2 2 2 2 2 2
left_child=6 2 11 5 -5 -4 7 9 12 -1 -9 -2 -8 -13 -10 -16 -12
right_child=1 -3 3 4 -6 -7 8 10 14 -11 16 13 -14 -15 15 -17 -18
leaf_value=-0.029491401190038014 0 -0.030553863678591919 0.019609136543680156 0.028683110614338786 -0.019226330276736522 -0.0071492107057038847 0.015137024829321123 -0.0040252256481971447 0.031228968571515567 0.0034284256831398582 0.034423461099431604 -0.0067936960974681482 -0.016600633636602483 -0.034046619742971955 0.026866849006023475 -0.0097727295057871508 0.0079093013394625818
leaf_weight=14.824215821921827 16.638563178479671 45.855855662375689 96.262002050876617 10.177137084305285 84.662620298564434 50.601856842637062 10.179841198027136 14.89762459695339 66.063557125627995 12.675855681300161 11.789099149405958 13.918730825185774 10.004230134189127 33.71754339709878 14.570994123816492 10.070697195827959 13.147211402654646
leaf_count=51 77 596 408 41 395 216 68 82 599 68 59 57 45 223 169 46 73
internal_value=-9.43105e-05 -0.00768772 -0.00383565 0.000840862 -0.0128523 0.0100974 0.0144992 0.00132007 0.0218172 -0.0138333 0.0131849 -0.021418 0 -0.0279454 0.0266914 0.0106484 0.0245847
internal_weight=530.058 351.834 305.978 241.704 94.8398 146.864 178.223 67.334 110.889 27.5001 39.8339 64.2748 20.1841 47.6363 90.7052 24.6417 24.9363
internal_count=3273 2013 1417 1060 436 624 1260 333 927 119 214 357 113 280 814 215 132
is_linear=0
shrinkage=0.05


Tree=117
num_leaves=18
num_cat=0
split_feature=305 25 162 393 68 37 264 264 110 393 120 297 19 244 28 383 266
split_gain=22.6556 9.59743 11.6575 8.7374 8.26175 7.66783 10.0921 15.3692 11.0048 9.06723 6.39115 3.97698 3.47084 3.33347 2.12239 1.66631 0.980704
threshold=0.15042455024499538 0.027904215612277121 1.3303422119746391 1.0000000180025095e-35 0.49216779680950834 0.077103926294824474 34.500000000000007 28.500000000000004 48.500000000000007 -0.14527149268220935 -0.035670254340677159 -0.70405285399314299 0.36439525307642917 0.86363636363636365 0.040837039087355156 9.5000000000000018 0.17553348416674455
decision_type=2 2 2 2 2 2 2 2 2 2 2 2 2 2 2 2 2
left_child=3 2 4 5 12 6 7 -1 -8 -7 16 -11 -2 -5 -4 -12 -3
right_child=1 10 14 13 -6 9 8 -9 -10 11 15 -13 -14 -15 -16 -17 -18
leaf_value=-0.016323499862209826 -0.030483388119654189 -0.011198601823691532 0.031821794576144646 0 0.016510548629396864 -0.019331838562188772 -0.027964063611389846 0.033219000035789897 -0.00090538962997059071 -0.002266962070976603 0.032604576197861099 0.029480488358436554 0 0.034936014734712674 0 0.0066915536340880341 0.0078386827639820335
leaf_weight=36.012964498251677 33.281109102070332 10.094503775238993 22.051506709307432 10.1534446105361 14.317447125911711 19.590924099087715 131.08568326756358 22.828129418194294 57.911708008497953 10.08658993989229 69.598615005612373 26.527817651629448 10.400357767939566 11.724418275058268 10.086461979895828 14.374922692775725 10.175933577120302
leaf_count=235 157 44 184 59 116 128 817 98 290 73 589 103 62 44 89 96 89
internal_value=-0.000201444 0.0130934 0.000477113 -0.00832966 -0.0122161 -0.0106808 -0.0144857 0.00276768 -0.020077 0.00513642 0.0232177 0.0199631 -0.0231588 0.0196827 0.0238945 0.0291274 0
internal_weight=520.303 194.381 90.1369 325.922 57.9989 304.044 247.838 58.8411 188.997 56.2053 104.244 36.6144 43.6815 21.8779 32.138 83.9735 20.2704
internal_count=3273 1426 608 1847 335 1744 1440 333 1107 304 818 176 219 103 273 685 133
is_linear=0
shrinkage=0.05


Tree=118
num_leaves=1
num_cat=0
split_feature=
split_gain=
threshold=
decision_type=
left_child=
right_child=
leaf_value=0
leaf_weight=
leaf_count=3273
internal_value=
internal_weight=
internal_count=
is_linear=0
shrinkage=1


Tree=119
num_leaves=13
num_cat=0
split_feature=274 274 381 126 110 86 110 165 372 231 355 9
split_gain=21.7319 12.3684 11.6167 10.8035 20.9872 17.4309 5.68357 5.35399 3.50557 3.38035 1.86459 0.207113
threshold=0.34841580215254259 0.84336971968861796 12.753815021768448 -0.0039213191313864906 41.500000000000007 10633.353242499963 48.500000000000007 -0.0022711185964656823 -1.0000000180025095e-35 109.50000000000001 0.068233631937742664 0.0014237167187297619
decision_type=2 2 2 2 2 2 2 2 2 2 2 2
left_child=6 2 8 4 -4 -5 9 -8 -2 11 -9 -1
right_child=1 -3 3 5 -6 -7 7 10 -10 -11 -12 -13
leaf_value=0.031293516722694675 0.03439558233945849 -0.030222110340820514 0.022646239295855408 -0.02109038008101459 -0.015007670778642096 0.020150975843867054 -0.023323647214637033 0 0.00015383168829440964 0 0.022404685593913121 0.0085212781136189374
leaf_weight=60.774452663958073 21.722516521811485 43.72981683537364 72.764933988451958 147.04747321084142 68.344728551805019 27.202838614583015 11.527710564434527 10.057883284986021 15.094737306237219 14.244896061718462 17.224432356655598 10.368678741157053
leaf_count=577 109 596 309 748 286 102 54 65 71 112 154 90
internal_value=-0.000109333 -0.00594127 -0.00255574 -0.00584517 0.0041293 -0.0141379 0.0177897 0.000452515 0.0226818 0.0248213 0.0134652 0.0291281
internal_weight=520.105 395.907 352.177 315.36 141.11 174.25 124.198 38.81 36.8173 85.388 27.2823 71.1431
internal_count=3273 2221 1625 1445 595 850 1052 273 180 779 219 667
is_linear=0
shrinkage=0.05


Tree=120
num_leaves=14
num_cat=0
split_feature=274 284 381 126 397 86 64 41 399 104 244 31 301
split_gain=21.3351 9.967 10.7435 14.4801 17.5056 8.60732 6.19554 6.34728 4.83334 2.98803 1.58759 0.851756 0.344287
threshold=0.65133158060785401 -0.68295888049134323 12.753815021768448 -0.0039213191313864906 -0.0014459939329926439 10633.353242499963 0.41675419788710305 0.0079298114337188058 -0.026103219261140041 0.073493662886107453 0.60909090909090924 0.0043978534473437829 -0.014782709173762995
decision_type=2 2 2 2 2 2 2 2 2 2 2 2 2
left_child=1 11 9 4 -4 -5 7 8 -2 -3 -9 -1 -8
right_child=6 2 3 5 -6 -7 12 10 -10 -11 -12 -13 -14
leaf_value=-0.0051550856449587611 0.0044246545727302669 -0.033234706310250654 -0.03314968428626297 0.016122338302859921 0.0021434105316017952 -0.013961075694429788 0.0078858378552840083 0 -0.035571212721136031 0 0.026603480263757057 -0.029663269464479149 0.031705717155114929
leaf_weight=11.218864452093838 12.299040678888561 29.934179369360209 51.423368524760008 135.52065427601337 91.631361659616232 24.520739860832691 10.211654387414454 12.173105601221321 10.06711572408676 10.130151167511938 19.982288081198931 40.288547202944756 50.828164536505938
leaf_count=81 101 197 264 603 407 109 44 95 39 57 199 465 612
internal_value=-0.000202888 -0.00584745 -0.0025074 0.000646118 -0.0106212 0.0110344 0.018313 0.00452647 -0.0136844 -0.0259086 0.0187024 -0.02582 0.0290576
internal_weight=510.229 394.668 343.16 303.096 143.055 160.041 115.561 54.5216 22.3662 40.0643 32.1554 51.5074 61.0398
internal_count=3273 2183 1637 1383 671 712 1090 434 140 254 294 546 656
is_linear=0
shrinkage=0.05


Tree=121
num_leaves=1
num_cat=0
split_feature=
split_gain=
threshold=
decision_type=
left_child=
right_child=
leaf_value=0
leaf_weight=
leaf_count=3273
internal_value=
internal_weight=
internal_count=
is_linear=0
shrinkage=1


Tree=122
num_leaves=19
num_cat=0
split_feature=266 370 165 112 28 111 28 268 112 71 20 372 30 124 167 394 190 125
split_gain=20.302 10.2809 9.07095 9.27731 11.7018 11.9968 10.0602 7.21684 6.44242 6.36215 6.1711 6.13842 5.76039 4.8034 2.00757 1.37126 1.17374 0.334062
threshold=-0.039973973677002402 0.36621641251785136 -0.0016679095989189034 45.500000000000007 0.045105684139346597 24.500000000000004 0.045823636368171307 -0.76821815200581678 10.500000000000002 1.3091079277633622 0.2483140281388018 0.049086970532994274 0.01562992637460733 -3.4999999999999996 -0.54030780849199134 -0.014351166550820247 -0.047650827917102005 -0.0087879022546512187
decision_type=2 2 2 2 2 2 2 2 2 2 2 2 2 2 2 2 2 2
left_child=1 7 16 4 9 -6 10 17 -9 -4 -5 15 -10 -8 -13 -3 -2 -1
right_child=2 11 3 6 5 -7 13 8 12 -11 -12 14 -14 -15 -16 -17 -18 -19
leaf_value=0.0067661642202416815 -0.0051154943036445435 0.010260458972967887 -0.033696705511076022 0.03689630064980242 -0.025283645731492874 0.014170704303642645 0.010596344000430838 0.024718598115760507 0.019481517604045859 0.00086013314053968884 0 -0.014408338178876696 -0.014524251193933866 -0.025637743304568625 0.012777308674616784 0.033247438817662171 -0.03389164641830588 0.028175598504158513
leaf_weight=13.047352463006975 10.040166292339562 19.045374318957329 56.968428049236536 27.504276785999537 25.94960318878293 54.247667104005814 10.489485219120981 12.345798395574091 10.727524615824221 13.375779826194046 19.766221165657043 10.905806466937067 83.942795217037201 20.403848987072706 10.059428520500658 58.638480246067047 35.54941363632679 17.025773357599974
leaf_count=98 77 157 380 117 172 308 55 45 44 75 103 56 330 130 86 525 335 180
internal_value=-0.0001236 0.0104668 -0.00942041 -0.00491582 -0.0122271 0.000352034 0.00848092 0.00111927 -0.0046904 -0.0266777 0.0227853 0.0225484 -0.00967895 -0.0120107 0 0.0288226 -0.0292904 0.0218551
internal_weight=510.033 235.738 274.295 228.705 150.541 80.1973 78.1638 137.089 107.016 70.3442 47.2705 98.6491 94.6703 30.8933 20.9652 77.6839 45.5896 30.0731
internal_count=3273 1521 1752 1340 935 480 405 697 419 455 220 824 374 185 142 682 412 278
is_linear=0
shrinkage=0.05


Tree=123
num_leaves=16
num_cat=0
split_feature=274 207 266 221 381 64 41 260 397 36 364 399 244 8 299
split_gain=19.8965 10.636 8.94936 8.33602 11.4504 5.9924 5.90307 5.49448 5.07031 4.17576 5.38934 3.85915 1.5405 0.815613 0.386876
threshold=0.65133158060785401 1.3204792639562808 -0.30095888049134467 11.626604233074897 23.637074020770758 0.41675419788710305 0.0079298114337188058 0.17272727272727276 0.0083235521771361232 0.10761120758221278 0.56018360201422213 -0.029540033692411694 0.60909090909090924 0.0063548125521646799 -0.06353991975524155
decision_type=2 2 2 2 2 2 2 2 2 2 2 2 2 2 2
left_child=1 7 13 4 -4 6 11 -1 -5 10 -9 -2 -8 -3 -7
right_child=5 2 3 8 -6 14 12 9 -10 -11 -12 -13 -14 -15 -16
leaf_value=0.010964713104478711 0.0032668327539554297 -0.026732885443198681 -0.022999747364320082 0.0055493409848783168 0.0071677528636070673 0.011299211052480107 0 -0.030046272925280882 0.031651697914390743 0.00035295174212297527 -0.0017934935009013915 -0.032257388985704731 0.026106362463219179 -0.0025531033333203389 0.032646595011726426
leaf_weight=11.897952444851397 11.692640632390978 25.441428281366825 46.155680350959301 58.888216827064753 81.568452145904303 15.441735632717608 12.030967324972154 80.22330803796649 30.834198985248804 16.611481562256813 26.541106708347797 10.400826074182985 19.250896170735359 10.36979218199849 43.506001386791468
leaf_count=82 96 257 232 278 336 84 95 530 141 93 131 44 199 103 572
internal_value=-0.000243376 -0.00571542 0.000177518 0.00426383 -0.00362904 0.0179074 0.00423061 -0.0168742 0.0157928 -0.0201511 -0.0237193 -0.0133213 0.0181664 -0.021758 0.0286797
internal_weight=500.855 388.532 253.258 217.447 127.724 112.323 53.3753 135.274 89.7224 123.376 106.764 22.0935 31.2819 35.8112 58.9477
internal_count=3273 2183 1347 987 568 1090 434 836 419 754 661 140 294 360 656
is_linear=0
shrinkage=0.05


Tree=124
num_leaves=1
num_cat=0
split_feature=
split_gain=
threshold=
decision_type=
left_child=
right_child=
leaf_value=0
leaf_weight=
leaf_count=3273
internal_value=
internal_weight=
internal_count=
is_linear=0
shrinkage=1


Tree=125
num_leaves=24
num_cat=0
split_feature=286 165 393 110 103 213 104 394 36 383 48 290 231 104 103 394 86 296 370 260 113 365 25
split_gain=18.6526 12.5748 9.26886 10.0221 8.62167 7.25208 7.19683 7.69454 5.86498 5.44194 5.51463 5.02196 4.81059 4.76043 4.39562 3.72872 3.37777 3.12958 2.78488 2.46568 2.11335 0.916136 0.336793
threshold=-0.56367746255171036 -0.0016679095989189034 -0.17204861663414409 40.500000000000007 0.12894116141670467 4.0817013128905382 -0.095333337927758596 0.0026664204278996633 0.11011494584478557 1.5000000000000002 0.74286150989415589 0.16195442727184531 98.500000000000014 0.12087590294789603 0.2284194234085303 -0.014351166550820247 -849891.68493549875 0.57895204347059137 0.28961788982938391 0.59090909090909094 53.500000000000007 0.13896438151209639 0.046948129270431738
decision_type=2 2 2 2 2 2 2 2 2 2 2 2 2 2 2 2 2 2 2 2 2 2 2
left_child=1 11 3 19 5 20 7 17 15 10 -8 12 22 18 -15 -6 -7 -4 -13 -2 -3 -11 -1
right_child=2 4 6 -5 8 16 9 -9 -10 21 -12 13 -14 14 -16 -17 -18 -19 -20 -21 -22 -23 -24
leaf_value=0.0045821804605225809 0.00028343760990309986 0.031308097567909372 0.0027237300734025104 -0.024571811604299082 0.0023770221414912852 -0.029908283845302575 -0.022082291696153014 0.026842812989107418 -0.0037242972974733594 -0.0076455353836187932 0.015127623351065864 -0.031626122238156966 -0.01236086641118226 0.024788608306384588 -0.012379404380582252 0.02813101091983369 0.00059161633037601745 -0.025160261603077029 -0.0016468578055544416 0.036752519250123288 0 -0.034769590301355728 0.026643959775424622
leaf_weight=10.797400668263437 10.008224349468948 10.054814860224726 11.628130063414572 11.316588990390299 21.684339970350266 18.592791810631756 19.450926136225462 13.785537671297787 17.149604361504316 10.559816230088471 13.817359566688536 29.628124713897705 14.01421708986163 10.305434107780458 15.842320844531057 110.19466219097376 10.19901107251644 20.469654906541109 15.471296317875384 15.938542425632475 10.615355193614958 64.74095768481493 14.400574669241903
leaf_count=71 81 47 45 88 136 67 177 60 103 60 77 132 77 39 76 825 64 218 83 65 59 542 81
internal_value=-9.94875e-05 0.00738066 -0.0123385 0.00864165 0.0148971 -0.00221671 -0.017786 -1.81106e-06 0.0208376 -0.0246516 -0.00527627 -0.00572207 0.00749859 -0.0136807 0.0015976 0.0244141 -0.0184952 -0.0142647 -0.0231254 0.0259002 0.0178157 -0.0320431 0.0204569
internal_weight=500.666 308.95 191.716 37.2634 198.491 49.462 154.452 45.8833 149.029 108.569 33.2683 110.459 39.2122 71.2472 26.1478 131.879 28.7918 32.0978 45.0994 25.9468 20.6702 75.3008 25.198
internal_count=3273 1860 1413 234 1301 237 1179 323 1064 856 254 559 229 330 115 961 131 263 215 146 106 602 152
is_linear=0
shrinkage=0.05


Tree=126
num_leaves=18
num_cat=0
split_feature=266 165 260 274 57 209 225 222 389 229 112 393 113 104 112 143 359
split_gain=18.5267 9.25383 10.6407 9.24769 8.44856 7.99451 7.28629 6.9349 6.53378 9.68302 6.82693 5.89552 5.4198 2.50107 2.32501 1.20099 0.849875
threshold=-0.039973973677002402 -0.0016679095989189034 0.57272727272727286 0.84336971968861796 -0.56515243859085063 3.6685451010321093 2.675620980794347 0.44581814281512172 -1.0000000180025095e-35 -1.8470866246644202 23.500000000000004 1.0000000180025095e-35 8.5000000000000018 0.10401057012043853 62.500000000000007 -0.0015690049159821082 -0.10817311161656774
decision_type=2 2 2 2 2 2 2 2 2 2 2 2 2 2 2 2 2
left_child=4 16 6 5 8 -4 7 -3 9 10 -1 12 -10 -8 -11 -6 -2
right_child=1 2 3 -5 15 -7 13 -9 11 14 -12 -13 -14 -15 -16 -17 -18
leaf_value=-0.026639865154115174 0.006065887239125118 -0.026889021612538984 -0.020925144757094977 0.026958292459543117 -0.0059131641038102419 0.0052394783365727216 0.036645300520891814 0.013089034706641176 0.0015574467912179667 0.039971373286694263 0.0086009211964588553 0.010980209983736352 -0.02863594033127595 0.0023951182031507617 0.0034362272484573363 -0.028543588789018061 0.033289532514298462
leaf_weight=20.846888575702906 10.060684122145174 11.529773227870463 69.433962192386389 15.666128996759651 15.223139517009256 43.001572493463755 34.925170194357634 37.866213493049145 16.359001323580742 16.341536041349176 27.135334894061089 14.903706554323433 47.48584533855319 10.497764881700276 10.630129918456076 56.023387897759676 33.875776246190071
leaf_count=134 79 55 309 229 102 193 228 254 88 65 138 72 315 72 58 549 333
internal_value=-0.00023434 0.00852917 0.00396093 -0.00512167 -0.0108253 -0.0106091 0.0165236 0.001798 -0.00367011 0.00633525 -0.00639608 -0.013688 -0.0204288 0.030401 0.0290255 -0.0248159 0.0289072
internal_weight=491.806 266.857 222.921 128.102 224.949 112.436 94.8189 49.396 153.702 74.9539 47.9822 78.7486 63.8448 45.4229 26.9717 71.2465 43.9365
internal_count=3273 1752 1340 731 1521 502 609 309 870 395 272 475 403 300 123 651 412
is_linear=0
shrinkage=0.05


Tree=127
num_leaves=1
num_cat=0
split_feature=
split_gain=
threshold=
decision_type=
left_child=
right_child=
leaf_value=0
leaf_weight=
leaf_count=3273
internal_value=
internal_weight=
internal_count=
is_linear=0
shrinkage=1


Tree=128
num_leaves=22
num_cat=0
split_feature=266 207 46 386 162 41 37 266 381 229 223 309 390 41 41 272 68 66 68 297 372
split_gain=17.6378 9.32457 8.04524 6.93656 6.52634 7.16024 6.51686 5.86256 5.83213 5.17336 5.7123 4.4944 4.32924 3.99118 2.94823 5.23051 2.00584 1.70945 1.38558 0.673048 0.479573
threshold=-0.039973973677002402 1.2882917369326974 0.48604894973023222 -0.14909532729913713 1.3606748251183411 0.010360588913311502 0.016498797997372583 -0.36197183928360827 23.637074020770758 -3.9327938807200704 -2.7896533557997643 0.296351063856851 1.0000000180025095e-35 0.0039140123798483617 0.018500879311035886 -1.4170717798686088 0.48304116348577492 0.61641365506988743 0.40418459934599821 -0.43914773559042314 0.049086970532994274
decision_type=2 2 2 2 2 2 2 2 2 2 2 2 2 2 2 2 2 2 2 2 2
left_child=2 3 6 19 5 -5 9 -8 -9 12 -11 -6 -1 16 18 -16 -3 20 -15 -2 -4
right_child=1 13 17 4 11 -7 7 8 -10 10 -12 -13 -14 14 15 -17 -18 -19 -20 -21 -22
leaf_value=0.038416201385792707 0.031368954938210999 -0.01497151576966472 0.031995192041725878 0.022167786346550436 0 -0.010912551439668532 0.024012441730063158 0.0070300246853347605 -0.017551897183522683 -0.025794961079242947 0.020428469032200327 -0.02890242796817237 0 -0.006381588273531154 0.01747478072131264 -0.024392948983196341 0.010278974483213518 0.002022214725007744 -0.030766550544930868 0.0046707866223908287 0.0089048654737149541
leaf_weight=24.503930825740099 13.046641491353514 10.862378548830749 40.976404670625925 30.389021255075932 23.333372041583061 27.35051366686821 12.883016481995581 33.198173802345991 60.680866602808237 10.185158722102644 10.237203024327753 30.968311481177807 10.193114295601843 14.392708238214253 10.448286741971971 12.687980141490696 15.052714113146065 12.308493815362452 65.183652646839619 10.24541139602661 12.501764185726641
leaf_count=168 50 74 392 161 79 185 142 187 276 40 65 265 49 99 38 117 95 111 504 85 91
internal_value=-0.000124237 -0.00897226 0.00990077 0 -0.00505958 0.00590981 0.0033828 -0.00347894 -0.00839445 0.0170273 -0.000840857 -0.0172948 0.0281006 -0.0184491 -0.022764 -0.00373696 0 0.0243656 -0.0273537 0.0234 0.0282423
internal_weight=491.629 263.961 227.668 135.333 112.041 57.7395 161.881 106.762 93.879 55.1194 20.4224 54.3017 34.697 128.628 102.713 23.1363 25.9151 65.7867 79.5764 23.2921 53.4782
internal_count=3273 1752 1521 825 690 346 927 605 463 322 105 344 217 927 758 155 169 594 603 135 483
is_linear=0
shrinkage=0.05


Tree=129
num_leaves=11
num_cat=0
split_feature=268 267 207 260 224 167 124 86 223 31
split_gain=17.2431 10.5491 11.1807 10.7922 7.70815 13.145 6.08059 5.5669 3.08789 0.907166
threshold=-0.25796106980941702 1.0000000180025095e-35 1.2882917369326974 0.22727272727272729 1.7766743597304673 -0.43491172161185115 -21.499999999999996 5796.6966359999524 2.0419099647681969 0.0043978534473437829
decision_type=2 2 2 2 2 2 2 2 2 2
left_child=1 9 3 -3 5 -4 -5 -2 -6 -1
right_child=7 2 4 6 8 -7 -8 -9 -10 -11
leaf_value=-0.0040227177038475379 0.031066614993292319 0.021690713087781477 0.0078192363645514969 -0.034266146100311749 0.035093330518635175 -0.023771409618811617 -0.0087802061591086399 -0.00455739304688878 0.00026722687432139167 -0.028879759151942144
leaf_weight=10.672924056649206 49.055630210787058 16.697775326669216 161.84095123037696 36.900935836136341 24.747049316763878 37.936491921544075 84.518865518271923 10.059509098529814 12.186464399099348 38.600748270750046
leaf_count=81 772 98 791 188 118 177 461 57 56 474
internal_value=-0.000233571 -0.00391298 -0.000833233 -0.0121064 0.00560511 0.00131086 -0.017567 0.0242723 0.0257376 -0.024992
internal_weight=483.217 424.102 374.829 138.118 236.711 199.777 121.42 59.1151 36.9335 49.2737
internal_count=3273 2444 1889 747 1142 968 649 829 174 555
is_linear=0
shrinkage=0.05


Tree=130
num_leaves=1
num_cat=0
split_feature=
split_gain=
threshold=
decision_type=
left_child=
right_child=
leaf_value=0
leaf_weight=
leaf_count=3273
internal_value=
internal_weight=
internal_count=
is_linear=0
shrinkage=1


Tree=131
num_leaves=13
num_cat=0
split_feature=274 274 381 30 125 260 110 165 383 231 229 297
split_gain=16.3245 10.2262 9.53505 9.68272 9.41513 7.93617 5.3642 4.28461 3.21444 3.17466 1.73523 0.0241019
threshold=0.34841580215254259 0.84336971968861796 12.753815021768448 0.0088463886866293421 -0.21620614612837899 0.4272727272727273 48.500000000000007 -0.0022711185964656823 1.0000000180025095e-35 109.50000000000001 -0.0046411575725491252 -0.73743409643299729
decision_type=2 2 2 2 2 2 2 2 2 2 2 2
left_child=6 2 8 5 -5 -4 9 -8 -2 11 -9 -1
right_child=1 -3 3 4 -6 -7 7 10 -10 -11 -12 -13
leaf_value=0.030957222129365816 0 -0.029206652739950479 -0.012194742716054897 0.022125036931554636 -0.013620032493286166 0.021016017846690459 -0.021936171012282256 0.021330680100994561 0.033126202445023199 0 -0.00045961903199664354 0.011905650947747787
leaf_weight=48.109293185174465 14.226226344704626 37.417791936546564 22.786903120577335 16.499694380909204 208.96955192089081 50.055568251758814 11.458112455904482 14.779586322605608 19.828518994152546 13.46193043142557 10.05256585404277 15.403927884995936
leaf_count=599 71 596 127 76 1031 211 54 143 109 112 76 68
internal_value=-0.000140382 -0.00534221 -0.00226923 -0.00532687 -0.0105292 0.0098962 0.0161119 0 0.0214284 0.0233468 0.0116143 0.0278338
internal_weight=483.05 369.784 332.366 298.312 225.469 72.8425 113.265 36.2903 34.0547 76.9752 24.8322 63.5132
internal_count=3273 2221 1625 1445 1107 338 1052 273 180 779 219 667
is_linear=0
shrinkage=0.05


Tree=132
num_leaves=10
num_cat=0
split_feature=278 267 381 126 354 141 70 104 31
split_gain=15.9366 9.78262 9.55506 13.6957 20.6957 8.76491 5.58148 2.90168 0.904329
threshold=1.742038930190583 1.0000000180025095e-35 12.753815021768448 -0.0039213191313864906 0.079886564510898844 1.0000000180025095e-35 0.0036677014883771796 0.073493662886107453 0.0043978534473437829
decision_type=2 2 2 2 2 2 2 2 2
left_child=1 8 7 4 -4 -5 -2 -3 -1
right_child=6 2 3 5 -6 -7 -8 -9 -10
leaf_value=-0.0036330295112640752 -0.0048446449421068434 -0.030588512463730972 0.0038257250689515015 0.0032299256095558826 -0.033930990385247835 0.027520731609052374 0.030925091977732824 0 -0.028407324991331091
leaf_weight=10.549792665988205 10.105479221791027 29.289894811809063 103.6366590000689 121.6811659000814 50.983042366802692 55.180175967514515 46.634337723255157 10.452544767409561 37.067760020494461
leaf_count=81 73 204 462 600 296 266 756 61 474
internal_value=-0.000264221 -0.00378793 -0.000829615 0.00188392 -0.00871551 0.0114192 0.0237941 -0.023176 -0.0244469
internal_weight=475.581 418.841 371.223 331.481 154.62 176.861 56.7398 39.7424 47.6176
internal_count=3273 2444 1889 1624 758 866 829 265 555
is_linear=0
shrinkage=0.05


Tree=133
num_leaves=1
num_cat=0
split_feature=
split_gain=
threshold=
decision_type=
left_child=
right_child=
leaf_value=0
leaf_weight=
leaf_count=3273
internal_value=
internal_weight=
internal_count=
is_linear=0
shrinkage=1


Tree=134
num_leaves=16
num_cat=0
split_feature=274 274 386 86 364 110 30 125 112 299 221 5 153 386 63
split_gain=15.27 8.57113 8.67346 9.79273 9.27937 5.02181 5.01914 4.9798 6.5763 3.46225 3.33144 2.91658 2.78684 2.52672 2.2638
threshold=0.40534840423067847 0.84336971968861796 -0.17905369552242092 10633.353242499963 0.5546917606093773 48.500000000000007 0.0125278707329024 -1.0000000180025095e-35 62.500000000000007 -0.43745743817526889 12.280146264003475 -0.0014284360618841971 0.0062830506404091928 -0.17905369552242092 0.23718047803907308
decision_type=2 2 2 2 2 2 2 2 2 2 2 2 2 2 2
left_child=5 2 6 4 -4 9 -2 8 -7 13 14 -9 -5 -1 -11
right_child=1 -3 3 12 -6 7 -8 11 -10 10 -12 -13 -14 -15 -16
leaf_value=0.00088772060395418131 0.036251865558617612 -0.028842722173323284 -0.0048674684060414797 0.034686238117286647 -0.031150571861640643 -0.039075769520348427 0 -0.0049745673339084496 0.0076130099603601764 0.027946941104371865 -0.0080063241452190247 0.023009868523562935 0 0.030965576040382192 0
leaf_weight=12.297090873122213 16.626521050930023 35.584993425756693 181.43246493861079 12.909224554896356 40.942303817719221 12.014038529247047 18.430780183523893 10.024994596838953 10.686989851295946 15.003517322242262 18.723126262426376 19.931065279990435 11.058431997895239 49.662140235304832 10.096704244613646
leaf_count=118 71 596 960 49 205 51 84 49 71 65 77 170 48 621 38
internal_value=-0.000125112 -0.00655182 -0.00328266 -0.00679215 -0.0102786 0.0123057 0.0186557 0 -0.0168276 0.0184429 0.0055949 0.0125272 0.0212467 0.0260824 0.0172915
internal_weight=475.424 316.985 281.4 246.342 222.375 158.44 35.0573 52.6571 22.701 105.783 43.8233 29.9561 23.9677 61.9592 25.1002
internal_count=3273 2013 1417 1262 1165 1260 155 341 122 919 180 219 97 739 103
is_linear=0
shrinkage=0.05


Tree=135
num_leaves=21
num_cat=0
split_feature=266 207 167 229 264 124 86 7 74 381 66 290 209 70 162 225 225 104 146 167
split_gain=14.8694 10.2564 8.00125 10.5668 7.25781 6.90927 15.7242 9.46121 6.89581 5.95119 5.51242 2.97316 5.05132 2.28763 2.04296 2.00219 2.02309 1.36564 1.25783 1.149
threshold=-0.039973973677002402 1.2882917369326974 -0.4573179876166712 -3.1459870065905946 33.500000000000007 -21.499999999999996 -915019.18953199999 0.0017678190765765269 -0.22453288288901044 13.783138383818228 0.67945950424893831 0.48941231117058231 3.7030875607065936 0.0095029480680171741 0.5413501106928621 3.3004550401302439 4.2843302849051073 -0.043409686342956312 0.011613823468494643 -0.24770867928027454
decision_type=2 2 2 2 2 2 2 2 2 2 2 2 2 2 2 2 2 2 2 2
left_child=2 5 3 4 -1 8 18 -8 -2 -5 -6 12 13 -3 -11 -4 -17 -14 -7 -13
right_child=1 11 15 9 10 6 7 -9 -10 14 -12 19 17 -15 -16 16 -18 -19 -20 -21
leaf_value=0.013306367799157058 0.0061182316920759469 0.0050293609060559344 -0.030372735381543333 -0.011037933715665775 -0.026465577821638987 0.037372927415190237 -0.022822504394424088 0.018095574481007626 -0.034226623667663346 0 0.0035736339947207139 0.030199741303895085 0.0016689742970574112 -0.01858528824578087 0.029243700582579094 0.0056358350089289874 -0.020626252935925821 0.029732362554959531 0.0062805843720005281 0.0034611638958689478
leaf_weight=16.491892222315073 13.088672965764998 22.561365254223347 45.196612078696489 13.727126434445379 62.023395180702209 24.515107776969671 41.682689547538757 16.771101843565702 24.075643565505743 10.766486354172228 15.468319267034529 46.525276180356741 10.652604475617411 12.637145183980463 30.307095147669315 10.001715939491989 10.12917749211192 21.090303651988506 10.110150091350077 10.100023653358219
leaf_count=108 88 96 404 89 445 201 238 101 125 48 99 554 47 56 143 82 103 111 72 63
internal_value=-0.00029336 0.00774253 -0.0100248 -0.00306433 -0.0133581 -0.00172328 0.00519008 -0.00995873 -0.0193772 0.0135016 -0.0199385 0.0179192 0.00896442 -0.00293371 0.0230304 -0.0243151 -0.00637806 0.022711 0.0308479 0.0266832
internal_weight=467.922 253.81 214.112 148.784 93.9836 130.243 93.079 58.4538 37.1643 54.8007 77.4917 123.567 66.9414 35.1985 41.0736 65.3275 20.1309 31.7429 34.6253 56.6253
internal_count=3273 1752 1521 932 652 825 612 339 213 280 544 927 310 152 191 589 185 158 273 617
is_linear=0
shrinkage=0.05


Tree=136
num_leaves=1
num_cat=0
split_feature=
split_gain=
threshold=
decision_type=
left_child=
right_child=
leaf_value=0
leaf_weight=
leaf_count=3273
internal_value=
internal_weight=
internal_count=
is_linear=0
shrinkage=1


Tree=137
num_leaves=11
num_cat=0
split_feature=309 274 162 68 260 73 69 110 125 225
split_gain=14.1026 9.47422 9.48223 13.6291 9.38549 7.91714 5.16662 1.82685 2.2705 1.57357
threshold=0.059671697710593836 0.84336971968861796 0.32698971413760997 0.50799525128785161 0.19090909090909094 1.2615622748416466 -0.039652891685849394 48.500000000000007 -1.0000000180025095e-35 2.5714303476629152
decision_type=2 2 2 2 2 2 2 2 2 2
left_child=6 2 3 -2 9 -6 -1 -8 -9 -4
right_child=1 -3 4 -5 5 -7 7 8 -10 -11
leaf_value=-0.0051860906878500651 0.031006681047898346 -0.028466300291833019 -0.0067135837109111021 -0.023230651472348568 0.002852236866704513 -0.017203659400699123 0.030164750268575971 -0.0049163419621851868 0.021696585920074549 -0.03757546397458017
leaf_weight=14.783360712230204 40.993723690509796 33.859850373119116 12.266098786145447 12.204906385391949 204.05087979882956 60.823521707206964 45.056026089936495 11.107654802501202 11.490479156374931 21.135188098996878
leaf_count=107 235 596 63 65 957 294 621 81 133 121
internal_value=-0.000112151 -0.00426232 -0.00156836 0.0170979 -0.00520062 -0.00170767 0.0181701 0.0239849 0.00761914 -0.0291028
internal_weight=467.772 385.334 351.474 53.1986 298.276 264.874 82.4375 67.6542 22.5981 33.4013
internal_count=3273 2331 1735 300 1435 1251 942 835 214 184
is_linear=0
shrinkage=0.05


Tree=138
num_leaves=10
num_cat=0
split_feature=280 162 280 124 112 163 68 206 110
split_gain=13.9072 8.28454 9.18755 9.65618 13.5177 10.8118 9.15677 5.11268 4.74934
threshold=0.58067964339663103 0.32698971413760997 0.42257112341254605 -20.499999999999996 51.500000000000007 0.018468350357072106 0.49489570270423339 0.0038369834120227614 48.500000000000007
decision_type=2 2 2 2 2 2 2 2 2
left_child=1 6 8 5 -5 -4 -1 -2 -3
right_child=7 2 3 4 -6 -7 -8 -9 -10
leaf_value=-0.030881437470708768 -0.0039145193962769219 -0.029679623302765253 -0.015469258962888977 0.021309978897290215 -0.0047982406839885017 0.030448727487022334 0.0090205013033814122 0.030439955448967562 0
leaf_weight=46.429753180593252 10.177132427692412 33.384791951626539 89.156195648014545 107.8241424113512 83.437425017356873 11.468284502625464 16.284597225487232 42.589830491691828 19.381433602422476
leaf_count=364 82 496 384 506 366 58 100 747 170
internal_value=-0.000248803 -0.00353684 -0.000284463 0.00309226 0.00976473 -0.00902342 -0.0198207 0.0230633 -0.0190215
internal_weight=460.134 407.367 344.652 291.886 191.262 100.624 62.7144 52.767 52.7662
internal_count=3273 2444 1980 1314 872 442 464 829 666
is_linear=0
shrinkage=0.05


Tree=139
num_leaves=1
num_cat=0
split_feature=
split_gain=
threshold=
decision_type=
left_child=
right_child=
leaf_value=0
leaf_weight=
leaf_count=3273
internal_value=
internal_weight=
internal_count=
is_linear=0
shrinkage=1


Tree=140
num_leaves=16
num_cat=0
split_feature=270 32 393 381 125 120 104 394 297 383 49 290 266 365 50
split_gain=12.9817 10.4624 7.8905 6.63628 7.53148 10.0513 6.58795 6.3211 5.26088 5.03742 4.63643 2.76712 1.06898 0.914611 0.573013
threshold=-0.94567746255171126 0.56317100205568493 -0.17204861663414409 12.753815021768448 -0.18728272043467867 0.0073977683414612203 -0.095333337927758596 0.0026664204278996633 -0.42175696239574895 1.5000000000000002 0.7551096551611044 0.53171119621598251 -0.0043105711941598531 0.13992516867721141 1.0000000180025095e-35
decision_type=2 2 2 2 2 2 2 2 2 2 2 2 2 2 2
left_child=1 3 8 -1 -5 -6 7 11 14 10 -8 -4 -3 -11 -2
right_child=2 12 6 4 5 -7 9 -9 -10 13 -12 -13 -14 -15 -16
leaf_value=0.02422492841621254 0.0061572693614403672 0.028845893829743199 0.0042123622298207812 0.025123319497334859 -0.011875994039798143 0.015298133242195963 -0.018872167665586137 0.025843787486889952 -0.011432348161535402 -0.0065653896151961532 0.01720426913971301 -0.023214494159383609 0.0069384568889886344 -0.033756835969548864 0.033630726447288033
leaf_weight=24.343412220478058 10.631878934800625 43.796942483633757 10.004646494984629 19.382411397993565 141.79396215453744 40.424354955554008 19.269124314188961 13.067420516163109 13.689930304884909 10.09213215857744 11.043372061103581 18.818634476512671 16.597679823637009 56.853066761046648 10.174958288669586
leaf_count=214 41 465 41 107 753 245 189 60 150 62 65 222 76 540 43
internal_value=-0.00017281 0.0062395 -0.0109561 0.00095854 -0.00192052 -0.00542744 -0.0163319 0 0.00896647 -0.0232906 -0.00386224 -0.0126237 0.0242272 -0.0308299 0.0242375
internal_weight=459.984 286.339 173.645 225.944 201.601 182.218 139.148 41.8907 34.4968 97.2577 30.3125 28.8233 60.3946 66.9452 20.8068
internal_count=3273 1860 1413 1319 1105 998 1179 323 234 856 254 263 541 602 84
is_linear=0
shrinkage=0.05


Tree=141
num_leaves=15
num_cat=0
split_feature=274 207 266 261 104 112 112 11 163 70 124 86 220 74
split_gain=12.9702 9.08429 8.32243 7.76219 6.84571 6.23099 5.77867 5.02935 6.27722 4.96108 4.57545 10.1795 3.89283 1.80607
threshold=0.74145548255593863 1.2882917369326974 -0.17125988633983985 1.0000000180025095e-35 -0.07131695935596423 52.500000000000007 11.500000000000002 0.000690552282746837 -0.0058397623130124242 0.0038369834120227614 -21.499999999999996 -915019.18953199999 6.4720694004616162 -0.26687460042984218
decision_type=2 2 2 2 2 2 2 2 2 2 2 2 2 2
left_child=1 3 7 10 5 -4 -6 8 -3 -2 13 -12 -9 -1
right_child=9 2 4 -5 6 -7 -8 12 -10 -11 11 -13 -14 -15
leaf_value=-0.0065832572903699801 -0.0038428755682571297 0.0014035126494313457 0.0068437230772965905 0.016127635883015797 -0.0041004455255336447 -0.026238401838462152 0.02185392377388427 0.021685246265900304 -0.029326213987412204 0.030181127324730134 0.0092564769655078694 -0.023537738806201733 -0.0089146175595658499 -0.039411363640827757
leaf_weight=11.129138089716433 10.103448353707789 22.248126447200775 33.977326072752476 15.541168514639137 23.053620249032974 19.093625623732805 87.12103484198451 15.94566887244582 38.795616880059242 40.721973828971386 35.582204688340425 53.980802781879902 17.839050244539976 27.269453078508377
leaf_count=92 82 141 165 119 101 85 443 91 353 748 209 371 129 144
internal_value=-0.000287582 -0.00346087 0.00199494 -0.0134538 0.00893875 -0.00493373 0.0160165 -0.00935517 -0.0178046 0.0226514 -0.0177154 -0.0100911 0.0047593 -0.0322711
internal_weight=452.402 401.577 258.074 143.503 163.246 53.071 110.175 94.8285 61.0437 50.8254 127.962 89.563 33.7847 38.3986
internal_count=3273 2443 1508 935 794 250 544 714 494 830 816 580 220 236
is_linear=0
shrinkage=0.05


Tree=142
num_leaves=1
num_cat=0
split_feature=
split_gain=
threshold=
decision_type=
left_child=
right_child=
leaf_value=0
leaf_weight=
leaf_count=3273
internal_value=
internal_weight=
internal_count=
is_linear=0
shrinkage=1


Tree=143
num_leaves=16
num_cat=0
split_feature=309 356 394 390 104 104 258 244 125 130 393 71 66 124 348
split_gain=12.3032 8.57778 12.1358 14.4288 12.5032 10.1596 18.0134 9.04011 7.95986 5.04029 4.76385 5.1848 3.97051 3.533 3.42472
threshold=0.059671697710593836 0.55208333333333337 -0.003255332168629665 -0.01408110320095207 0.1090541491101791 -0.041920178432188253 1.8088235294117649 0.33636363636363642 -0.17491537071463389 -6.4999999999999991 -0.17617475469593066 1.3438137412142941 0.44396825130390016 -11.499999999999998 -0.12359205692840473
decision_type=2 2 2 2 2 2 2 2 2 2 2 2 2 2 2
left_child=9 2 4 -4 8 6 13 -6 -2 12 -7 -12 -1 -3 -5
right_child=1 5 3 14 7 10 -8 -9 -10 -11 11 -13 -14 -15 -16
leaf_value=-0.01386665087758911 0.0024930136952388098 7.5771260347981892e-05 -0.022414657422430349 0 -0.012314711894130428 0.0040374789870853845 0.030056498214587269 0.038134854753929942 -0.025295193112402477 0.02745162317879268 -0.032678272994184632 0 0.018340051685466732 -0.027098221733261485 0.033318263935438346
leaf_weight=16.790414106100801 35.607054330408573 12.979866452515123 14.335078373551367 11.401704397052525 10.661860741674902 10.014939051121472 29.236034739762545 19.930676534771919 65.561741061508656 46.293107591569424 68.56666599214077 12.303580988198517 15.205194145441054 30.752201538532972 52.626706477254629
leaf_count=107 207 84 96 61 59 61 125 97 502 635 443 76 200 204 316
internal_value=-0.000150672 -0.00406185 0.00242957 0.0178166 -0.00654356 -0.0125801 0.000730418 0.0195346 -0.0152448 0.017378 -0.023481 -0.0275076 0.000270246 -0.0184758 0.0281699
internal_weight=452.267 373.978 210.125 78.3635 131.761 163.853 72.9681 30.5925 101.169 78.2887 90.8852 80.8702 31.9956 43.7321 64.0284
internal_count=3273 2331 1338 473 865 993 413 156 709 942 580 519 307 288 377
is_linear=0
shrinkage=0.05


Tree=144
num_leaves=11
num_cat=0
split_feature=272 393 167 224 261 264 162 126 244 28
split_gain=12.2522 8.37299 7.927 11.4608 8.2803 8.19733 7.70956 7.65855 6.4095 4.68878
threshold=-1.257961069809417 1.0000000180025095e-35 -0.75374150841626986 1.7766743597304673 1.0000000180025095e-35 34.500000000000007 1.4660564270614354 -0.0039213191313864906 0.60909090909090924 0.021022652840768232
decision_type=2 2 2 2 2 2 2 2 2 2
left_child=1 2 5 6 -5 -1 -4 -7 -3 -2
right_child=9 8 3 4 -6 7 -8 -9 -10 -11
leaf_value=0.030538963803468849 -0.0031576296587294455 -0.0072700341609294008 -0.025599468435545111 -0.0037661400080729194 0.030974761262559006 -0.024401737767790116 -0.0037893074031802622 0.0082759161945082822 0.0349421574614356 0.029935198021590472
leaf_weight=22.655072782188654 10.170912019908426 10.34560499340296 108.44576892256737 63.065252114087343 19.54156181588769 23.095361914485693 74.950440641492605 52.638030704110861 20.734884053468704 38.991868007928133
leaf_count=110 93 64 767 395 112 133 448 307 108 736
internal_value=-0.000321664 -0.00341162 -0.00569354 -0.0102189 0.00466562 0.00598848 -0.0171588 -0.00160436 0.020021 0.0223425
internal_weight=444.635 395.472 364.391 266.003 82.6068 98.3885 183.396 75.7334 31.0805 49.1628
internal_count=3273 2444 2272 1722 507 550 1215 440 172 829
is_linear=0
shrinkage=0.05


Tree=145
num_leaves=1
num_cat=0
split_feature=
split_gain=
threshold=
decision_type=
left_child=
right_child=
leaf_value=0
leaf_weight=
leaf_count=3273
internal_value=
internal_weight=
internal_count=
is_linear=0
shrinkage=1


Tree=146
num_leaves=20
num_cat=0
split_feature=276 165 162 104 103 112 213 112 393 120 63 394 103 274 20 387 112 83 117
split_gain=11.5116 9.68535 7.44237 7.48808 7.22442 6.84343 6.27965 5.98337 5.88744 5.67988 5.2069 5.00247 4.13317 3.0417 2.28061 2.1473 1.7175 1.24304 0.410433
threshold=1.0543225374482887 -0.0016679095989189034 1.3718600302298769 0.1090541491101791 0.12894116141670467 43.500000000000007 4.0817013128905382 10.500000000000002 -0.19571759629894289 0.0081875398990293186 0.26820878147426247 -0.016007551224170632 0.21909648306369747 0.30733315301590142 0.20821883380650216 -0.2640950572555652 16.500000000000004 -0.38785572310082622 -0.40584283227623114
decision_type=2 2 2 2 2 2 2 2 2 2 2 2 2 2 2 2 2 2 2
left_child=1 7 5 17 6 8 -3 -1 -2 11 15 -9 18 -12 -8 -6 -10 -4 -7
right_child=2 4 3 -5 10 12 14 9 16 -11 13 -13 -14 -15 -16 -17 -18 -19 -20
leaf_value=0.021400689255694466 0.012070705446751805 0.016567699959938387 -0.0072438269821425583 0.0080596504594480003 0 0.034111937806587604 0 0.0027670101418912369 -0.00049660878239465237 0.011638176910957393 0.020257466605544817 -0.024889381668890417 -0.0064585598300519595 -0.0094571228192176678 -0.029501045282654927 0.026996820401436052 -0.029011474263270803 -0.03243854467208028 0.0092155916066935396
leaf_weight=13.175054680556057 13.616852149367331 18.540666230022907 13.711707130074499 13.819233894348143 10.57513143494725 13.091250751167534 11.650036647915842 17.921582505106926 11.11790196970105 17.252604093402624 10.23544141277671 53.436860170215368 10.653791077435015 21.295205634087324 15.305818263441322 88.387865591794252 25.959016673266888 51.409492745995522 13.341437909752132
leaf_count=77 85 106 120 120 77 56 67 93 66 98 139 291 127 95 64 753 267 481 91
internal_value=-0.000134541 0.00596745 -0.0105216 -0.0213626 0.0130758 0 -0.00302506 -0.00586841 -0.012042 -0.0110367 0.0190058 -0.0174397 0.0152499 0 -0.01848 0.0245069 -0.0223858 -0.0284202 0.0254649
internal_weight=444.497 277.776 166.721 78.9404 175.99 87.7803 45.4965 101.786 50.6938 88.611 130.494 71.3584 37.0865 31.5306 26.9559 98.963 37.0769 65.1212 26.4327
internal_count=3273 1860 1413 721 1301 692 237 559 418 482 1064 384 274 234 131 830 333 601 147
is_linear=0
shrinkage=0.05


Tree=147
num_leaves=16
num_cat=0
split_feature=270 167 260 11 274 34 207 381 120 41 221 113 124 231 19
split_gain=11.6263 9.63632 11.0742 8.8789 8.8429 8.13793 6.47475 4.25753 7.45692 4.87197 4.15546 3.04975 2.73728 0.963308 0.840595
threshold=-1.0949934146726115 -0.7778503886215411 0.50000000000000011 0.0026423024638081443 0.84336971968861796 0.020461286855870151 1.7761336337328459 23.637074020770758 0.0073977683414612203 0.0068800777907708143 11.357872211008795 96.500000000000014 -27.499999999999996 105.50000000000001 0.31468967093619299
decision_type=2 2 2 2 2 2 2 2 2 2 2 2 2 2 2
left_child=6 11 5 4 -4 -3 13 10 9 -9 14 -2 -7 -1 -8
right_child=1 2 3 -5 -6 12 7 8 -10 -11 -12 -13 -14 -15 -16
leaf_value=-0.029298944648098769 0.034800217345820166 -0.012465575271625376 -0.01579737638118054 0.0260479371666156 0.02441794710038377 0 -0.0076592899103664625 -0.0096145409174439363 -0.021022784048904987 0.02049119113183144 0.0025746134353957974 0 0.027632624883233321 -0.005482323848586268 -0.036767590731220177
leaf_weight=39.045921955257654 30.777252532541752 16.169203314930201 116.57813718542457 14.680470936000345 11.847687825560568 10.830883137881754 11.397913482040169 14.10972837358713 19.566460981965065 44.498152837157249 13.627390567213295 10.417006667703388 57.364964786916971 12.767047166824339 13.91620499268174
leaf_count=480 298 100 567 114 233 69 96 84 132 227 105 96 443 136 93
internal_value=-0.000326494 0.00599835 0.00159132 -0.00661115 -0.0112343 0.0158265 -0.0106055 -0.0033722 0.00288739 0.0123165 -0.0164381 0.0274423 0.0234795 -0.0249638 -0.0276274
internal_weight=437.594 268.666 227.471 143.106 128.426 84.3651 168.929 117.116 78.1743 58.6079 38.9415 41.1943 68.1958 51.813 25.3141
internal_count=3273 1920 1526 914 800 612 1353 737 443 311 294 394 512 616 189
is_linear=0
shrinkage=0.05


Tree=148
num_leaves=1
num_cat=0
split_feature=
split_gain=
threshold=
decision_type=
left_child=
right_child=
leaf_value=0
leaf_weight=
leaf_count=3273
internal_value=
internal_weight=
internal_count=
is_linear=0
shrinkage=1


Tree=149
num_leaves=16
num_cat=0
split_feature=309 37 110 37 162 357 377 86 388 130 68 162 349 72 244
split_gain=11.0311 7.91317 7.85069 7.6577 10.2863 10.5494 8.72816 9.72976 6.41393 4.8547 4.64434 4.19017 5.3898 2.03134 1.86298
threshold=0.059671697710593836 0.018063710899972229 24.500000000000004 0.033456600124164494 1.7537374534293995 0.44791666666666669 0.10146504794285806 -1357172.4486105011 -1.0000000180025095e-35 -6.4999999999999991 0.52559465068811206 0.41300203258349827 -11.499999999999998 0.00615679495737335 0.79090909090909112
decision_type=2 2 2 2 2 2 2 2 2 2 2 2 2 2 2
left_child=9 2 14 6 5 -5 7 -3 -6 10 13 -4 -13 -1 -2
right_child=1 3 11 4 8 -7 -8 -9 -10 -11 -12 12 -14 -15 -16
leaf_value=-0.025740368637854651 0.033231375135795736 0.0086441365312684808 0.017815212971745039 -0.0036892562289125943 0 0.025455968909336091 0.011757207687569741 -0.034255661125771684 -0.030246300152752755 0.026995374849470427 0.023956517969163663 0.0056109352833435952 -0.032571957300607211 0 0.0017430852513717098
leaf_weight=10.064791385084396 25.309799622744322 12.996974583715199 10.437642153352497 84.503265224397182 29.76103051751852 43.68719857186079 14.690682224929331 63.923489905893803 37.808033905923367 43.869673531502485 10.996663257479666 13.095631521195171 15.826105471700432 10.228603694587944 10.270088993012903
leaf_count=41 153 68 73 524 155 245 94 461 313 635 173 64 98 93 83
internal_value=-0.000145881 -0.00390392 0.010013 -0.00777127 -0.00181281 0.00621727 -0.0195139 -0.026329 -0.0173725 0.0167847 0 -0.00433191 -0.0148141 -0.0123937 0.0262806
internal_weight=437.47 362.31 74.9393 287.371 195.76 128.19 91.6111 76.9205 67.5691 75.1597 31.2901 39.3594 28.9217 20.2934 35.5799
internal_count=3273 2331 471 1860 1237 769 623 529 468 942 307 235 162 134 236
is_linear=0
shrinkage=0.05


Tree=150
num_leaves=17
num_cat=0
split_feature=274 207 266 264 113 390 64 392 373 41 399 71 264 11 297 301
split_gain=11.0069 7.39461 5.68848 6.9476 9.46744 6.29807 5.41132 4.7572 4.33733 4.20767 3.89785 3.08922 2.45704 0.939787 0.532317 0.346645
threshold=0.65133158060785401 1.3204792639562808 -0.30095888049134467 34.500000000000007 6.5000000000000009 -0.0060180157896861921 0.41675419788710305 4.5000000000000009 0.092660362326324033 0.010300982948056153 -0.026103219261140041 1.0610904786088475 76.500000000000014 0.00085795848017422582 -0.20926256406132562 0.030138869714336037
decision_type=2 2 2 2 2 2 2 2 2 2 2 2 2 2 2 2
left_child=1 7 13 5 -5 -4 9 11 -9 10 -2 12 -1 -3 -11 -8
right_child=6 2 3 4 -6 -7 15 8 -10 14 -12 -13 -14 -15 -16 -17
leaf_value=0 0.0035742681423392669 -0.024899501526805451 0.034919553862421925 0.021768385245071818 -0.007170017168771344 -0.0045136753031225314 0.0093114585589797027 -0.029408743409384454 0.00033940430129390467 0.0014498059547211348 -0.03189845790787145 0.013906832522874136 -0.024976656367455531 -0.00030204035166313693 0.024002283675528896 0.03108218291035025
leaf_weight=22.463647592812777 12.632592193782331 19.016740836203102 26.322555560618639 33.080485064536333 125.75074822083116 11.377983897924421 13.585808701813219 52.655999559909105 11.441457469016312 10.283275280147793 10.095594011247156 15.283429507166145 13.933094527572392 10.065582696348427 11.031242486089466 31.446762055158615
leaf_count=170 129 255 110 157 640 80 85 407 69 70 43 79 111 105 192 571
internal_value=-0.000361009 -0.00457557 0.000521182 0.00386556 -0.000542115 0.0223347 0.0148716 -0.0146908 -0.0235757 0.000939271 -0.0121211 -0.00206781 -0.0105931 -0.018769 0.0166995 0.026547
internal_weight=430.467 341.392 225.614 196.532 158.831 37.7005 89.0753 115.778 64.0975 44.0427 22.7282 51.6802 36.3967 29.0823 21.3145 45.0326
internal_count=3273 2183 1347 987 797 190 1090 836 476 434 172 360 281 360 262 656
is_linear=0
shrinkage=0.05


Tree=151
num_leaves=1
num_cat=0
split_feature=
split_gain=
threshold=
decision_type=
left_child=
right_child=
leaf_value=0
leaf_weight=
leaf_count=3273
internal_value=
internal_weight=
internal_count=
is_linear=0
shrinkage=1


Tree=152
num_leaves=11
num_cat=0
split_feature=266 381 357 36 86 399 392 86 383 238
split_gain=10.4051 9.54304 8.69108 12.0809 13.024 9.40024 6.52 6.95375 3.15573 0.642364
threshold=-0.30095888049134467 12.753815021768448 0.44791666666666669 0.10844399554042118 -950998.07847049891 -0.27438978325733271 14.500000000000002 -1731683.3844219984 1.0000000180025095e-35 0.88461538461538469
decision_type=2 2 2 2 2 2 2 2 2 2
left_child=9 8 6 4 -4 -5 7 -3 -2 -1
right_child=1 2 3 5 -6 -7 -8 -9 -10 -11
leaf_value=0.0037136299761544853 0 0.010512075597426682 -0.0039574469375405659 0.01504539692593649 0.024174566662968661 -0.032808214699318182 0.012480574372417161 -0.022726234273694006 0.030680547746912142 0.027171038613629746
leaf_weight=10.224307764321564 16.276521191000938 14.151918914169071 94.014454454183578 10.363102234899996 66.215588197112083 35.480469577014446 15.239045724272726 115.98603128641844 22.393570631742477 29.993164654821157
leaf_count=107 132 78 636 80 449 283 70 816 183 439
internal_value=-0.000128811 -0.00280165 -0.005553 0.00085092 0.00759252 -0.0207074 -0.0148013 -0.0185807 0.0196034 0.0230363
internal_weight=430.338 390.121 351.451 206.074 160.23 45.8436 145.377 130.138 38.6701 40.2175
internal_count=3273 2727 2412 1448 1085 363 964 894 315 546
is_linear=0
shrinkage=0.05


Tree=153
num_leaves=9
num_cat=0
split_feature=274 162 393 68 260 30 224 246
split_gain=10.5923 8.18062 7.77812 7.74566 7.43347 7.38301 4.14603 3.09643
threshold=0.84336971968861796 0.32698971413760997 1.0000000180025095e-35 0.49489570270423339 0.19090909090909094 0.0088463886866293421 1.7059048469925109 0.19662921348314608
decision_type=2 2 2 2 2 2 2 2
left_child=1 3 4 -1 6 -6 -3 -4
right_child=-2 2 7 -5 5 -7 -8 -9
leaf_value=-0.029598016750696388 0.027331611688765009 -0.00057461229604441235 0 0.0077371216640828647 -0.021226807864250949 -0.00052400718485709724 0.033261947295809634 0.034479941064136516
leaf_weight=44.493973262608051 28.625563707202673 10.657095585018398 10.06881617754698 15.488302934914826 51.964253686368465 225.36160601302981 18.55259595811367 18.815680723637342
leaf_count=386 596 77 76 107 374 1425 127 105
internal_value=-0.000384012 -0.00270671 0.000249157 -0.0192543 -0.00202673 -0.00476723 0.0204607 0.0238883
internal_weight=424.028 395.402 335.42 59.9823 306.536 277.326 29.2097 28.8845
internal_count=3273 2677 2184 493 2003 1799 204 181
is_linear=0
shrinkage=0.05


Tree=154
num_leaves=1
num_cat=0
split_feature=
split_gain=
threshold=
decision_type=
left_child=
right_child=
leaf_value=0
leaf_weight=
leaf_count=3273
internal_value=
internal_weight=
internal_count=
is_linear=0
shrinkage=1


Tree=155
num_leaves=18
num_cat=0
split_feature=274 165 112 11 220 8 28 165 110 381 9 264 83 390 264 266 375
split_gain=9.83324 6.75172 7.93371 12.2491 8.55078 6.58797 5.96788 4.60515 4.26799 5.2105 5.36557 4.1414 3.54439 3.36387 1.94941 1.07643 0.70572
threshold=0.40534840423067847 -0.0016679095989189034 47.500000000000007 0.0026423024638081443 5.5759064818444548 -0.022038970790927887 0.044280649455949998 0.0040006181267168523 48.500000000000007 23.637074020770758 0.0014966987928126676 32.500000000000007 -0.6912499997124667 -0.024383521000521154 27.500000000000004 -0.12004025764894403 0.091707469039858505
decision_type=2 2 2 2 2 2 2 2 2 2 2 2 2 2 2 2 2
left_child=8 13 4 5 6 -4 -3 -6 11 -10 -11 14 -13 -2 -1 -15 -14
right_child=1 2 3 -5 7 -7 -8 -9 9 10 -12 12 16 15 -16 -17 -18
leaf_value=0.010867446264727056 0 -0.011655053872171989 -0.0086635482284424994 -0.029209800046724622 -0.029001699981029763 0.027578173203638319 0.013615905143109045 0.0013163655764807138 0.024173198502101388 -0.026970901419541029 0.0076943363795623377 0 0.030493761010572273 -0.0059506925205652797 -0.01564290719946539 -0.032304120489780076 0.0067089398016882329
leaf_weight=10.284304209053516 15.536876091733573 40.340797398239374 12.107486877590416 11.95816816575825 48.079477043822408 53.73675649240613 46.583138411864638 12.20555675216019 11.30859389901161 20.319070365279913 16.255764592438936 12.415805120021103 47.147855821996927 11.914118573069571 10.558707762509584 31.479459743946791 11.670760065317152
leaf_count=123 109 285 82 80 373 284 287 86 135 100 106 79 509 57 72 370 136
internal_value=-0.000121195 -0.00557231 -0.00129164 0.0110997 -0.00826446 0.0201006 0.00133424 -0.0223019 0.0104727 -0.000685715 -0.0108851 0.0166399 0.0222244 -0.0202553 -0.000743662 -0.026999 0.0271378
internal_weight=423.903 283.942 225.011 77.8024 147.209 65.8442 86.9239 60.285 139.961 47.8834 36.5748 92.0774 71.2344 58.9305 20.843 43.3936 58.8186
internal_count=3273 2013 1477 446 1031 366 572 459 1260 341 206 919 724 536 195 427 645
is_linear=0
shrinkage=0.05


Tree=156
num_leaves=14
num_cat=0
split_feature=274 393 390 113 64 10 28 64 162 41 244 230 303
split_gain=10.0713 7.03418 7.89145 10.97 9.04441 10.9327 8.47762 5.0195 3.99371 4.17739 3.29936 3.17062 0.39408
threshold=0.65133158060785401 1.0000000180025095e-35 -0.0060180157896861921 11.500000000000002 0.53798946044277796 -0.045818601784282716 0.078787310577826633 0.41675419788710305 1.3718600302298769 0.01081934473973593 0.9545454545454547 101.50000000000001 0.11979341357809097
decision_type=2 2 2 2 2 2 2 2 2 2 2 2 2
left_child=1 2 4 -4 5 -1 -6 8 9 -2 -5 -3 -9
right_child=7 11 3 10 6 -7 -8 12 -10 -11 -12 -13 -14
leaf_value=-0.03267869722381752 -0.0229209091435848 0 0.010837721936529399 -0.034670830720437397 -0.023615951074226971 0.014792335250557988 0.0015868996760899211 0.0086360148291061405 0.021365422250392358 0.011366007440171714 0 0.032920130305854757 0.030785675516489752
leaf_weight=10.472805108875034 17.878380868583921 10.239656891673805 18.443252686411142 51.950950976461172 61.176851194351912 94.590829152613878 61.67298473790288 13.137512471526859 13.874924652278422 10.855901479721068 10.225993255153297 13.938582751899956 29.658816464245319
leaf_count=59 109 71 99 461 394 574 368 84 189 136 88 69 572
internal_value=-0.000359994 -0.004426 -0.00663906 -0.0198355 -0.00155749 0.00882186 -0.0108301 0.0145269 0.000865498 -0.00854171 -0.0297811 0.0195902 0.0260892
internal_weight=418.117 332.712 308.534 80.6202 227.913 105.064 122.85 85.4055 42.6092 28.7343 62.1769 24.1782 42.7963
internal_count=3273 2183 2043 648 1395 633 762 1090 434 245 549 140 656
is_linear=0
shrinkage=0.05


Tree=157
num_leaves=1
num_cat=0
split_feature=
split_gain=
threshold=
decision_type=
left_child=
right_child=
leaf_value=0
leaf_weight=
leaf_count=3273
internal_value=
internal_weight=
internal_count=
is_linear=0
shrinkage=1


Tree=158
num_leaves=17
num_cat=0
split_feature=290 165 393 63 112 11 112 120 119 309 191 70 301 348 264 379
split_gain=9.41802 8.7003 5.6602 5.36606 6.05242 6.26703 4.94663 4.80527 4.98057 4.77211 4.34621 3.8379 3.58187 2.71725 1.16943 0.463301
threshold=0.52546919070305331 -0.0016679095989189034 -0.17204861663414409 0.26820878147426247 63.500000000000007 0.00085795848017422582 10.500000000000002 0.0081875398990293186 -0.25273284020271142 0.030355514383049783 0.81674660519148568 0.0036677014883771796 -0.054342623017321949 0.13214262782225369 73.500000000000014 -0.17242161370463507
decision_type=2 2 2 2 2 2 2 2 2 2 2 2 2 2 2 2
left_child=1 6 12 4 5 -3 -1 8 -8 -5 -11 -4 -2 -13 -15 -6
right_child=2 3 11 9 15 -7 7 -9 -10 10 -12 13 -14 14 -16 -17
leaf_value=0.017037664439865718 0.021091178951909189 0.013384023568915122 0.0027047074476733725 0.020506738484943179 0.0099773282246186784 -0.016126522708012108 0.0055121730062442633 0.0085191100481994807 -0.02393952805065892 5.7124369027969719e-05 -0.028681553532345951 -0.032062803866218577 -0.012158002778123343 -0.016075953865849198 0.0022374943310877545 0.036547426916842124
leaf_weight=13.495303384959696 14.393160656094553 94.42667169496417 11.254918985068796 13.328742079436777 11.0077659599483 18.020921561866999 14.044280622154472 17.84331264719367 59.61729659512639 29.671510569751263 16.679923214018345 42.816751588135958 10.688023760914801 11.964489210397007 10.479566877707837 28.254851751029491
leaf_count=83 54 728 88 172 102 111 68 105 373 127 76 639 142 126 80 199
internal_value=-0.000160662 0.00398511 -0.0132933 0.00988513 0.0148472 0.00792538 -0.00737471 -0.0119307 -0.0176761 -0.00203789 -0.0103864 -0.0200069 0.00535673 -0.024603 -0.00630434 0.0315183
internal_weight=417.987 316.391 101.597 211.39 151.71 112.448 105 91.5049 73.6616 59.6802 46.3514 76.5157 25.0812 65.2608 22.4441 39.2626
internal_count=3273 2144 1129 1515 1140 839 629 546 441 375 203 933 196 845 206 301
is_linear=0
shrinkage=0.05


Tree=159
num_leaves=17
num_cat=0
split_feature=266 167 260 393 112 11 207 141 79 399 112 113 19 216 64 242
split_gain=9.49017 8.44917 9.46944 8.31266 6.66276 5.74145 5.61661 5.34983 3.89538 4.20658 3.7 2.60548 2.48681 2.08052 1.0031 0.945557
threshold=-0.094993414672611728 -0.7778503886215411 0.50000000000000011 -0.089418159437206365 47.500000000000007 0.00090659778033508342 1.7761336337328459 1.0000000180025095e-35 0.99999999999996525 -0.026103219261140041 81.500000000000014 86.500000000000014 0.32096714362625162 5.527977959475276 0.45030011289137317 0.36764705882352949
decision_type=2 2 2 2 2 2 2 2 2 2 2 2 2 2 2 2
left_child=6 11 4 5 13 -4 15 -5 9 14 12 -2 -10 -3 -8 -1
right_child=1 2 3 7 -6 -7 8 -9 10 -11 -12 -13 -14 -15 -16 -17
leaf_value=-0.0029352977740348444 0.033702477490478402 0.0085256155579786271 -0.027749789448151548 -0.0039163534777644981 -0.0088463952209965179 0.001111531558054165 0.030442488606246737 0.023881365235725975 0 -0.01154405094014877 0.010483446487421524 0 -0.02104277791513785 0.031588088978122916 0.0024232302954937026 -0.027843610637930866
leaf_weight=10.290441915392874 27.863800870254636 27.600926831364632 47.442807639017701 44.594232559204102 17.978905186057091 20.958248991519213 12.958236671984197 22.738239604979753 20.616162557154894 10.364047203212975 13.903833672404287 10.145591577515004 43.988946080207825 33.328133324161172 10.108028944581745 37.264202438294888
leaf_count=94 297 211 285 299 113 167 62 163 173 98 72 97 275 288 57 522
internal_value=-0.000368237 0.00551485 0.00127715 -0.00645034 0.0149294 -0.0185312 -0.00992497 0.00537829 -0.00306801 0.00997238 -0.00939691 0.0263821 -0.0146904 0.0228132 0.0217742 -0.0239367
internal_weight=412.145 252.651 214.641 135.734 78.908 68.4011 159.494 67.3325 111.939 33.4303 78.5089 38.0094 64.6051 60.9291 23.0663 47.5546
internal_count=3273 1920 1526 914 612 452 1353 462 737 217 520 394 448 499 119 616
is_linear=0
shrinkage=0.05


Tree=160
num_leaves=1
num_cat=0
split_feature=
split_gain=
threshold=
decision_type=
left_child=
right_child=
leaf_value=0
leaf_weight=
leaf_count=3273
internal_value=
internal_weight=
internal_count=
is_linear=0
shrinkage=1


Tree=161
num_leaves=12
num_cat=0
split_feature=270 381 356 36 86 399 137 55 66 372 238
split_gain=9.22714 8.62025 7.55571 10.9004 11.6338 7.11053 6.71997 7.74708 6.3526 2.76708 0.56938
threshold=-1.3009588804913446 12.753815021768448 0.55208333333333337 0.10844399554042118 -950998.07847049891 -0.27290215419155639 -1.0000000180025095e-35 0.012476124021595371 0.33112427419379947 -1.0000000180025095e-35 0.96153846153846168
decision_type=2 2 2 2 2 2 2 2 2 2 2
left_child=10 9 3 4 -3 -5 7 -4 -8 -2 -1
right_child=1 2 6 5 -6 -7 8 -9 -10 -11 -12
leaf_value=0.0034858325160796789 0.029927986342012131 -0.0037511548571849693 -0.028795921513867784 0.0077631630476312392 0.023352216818593854 -0.032167270852416073 0.0062019690610361881 0.010751794007118684 -0.028476285292000525 0 0.026435652248930699
leaf_weight=10.047076735645531 20.869220092892647 91.507766421884298 14.271720100194214 12.339641487225888 62.873292723670602 31.813601916655898 12.153086036443709 40.649362886324525 71.977211564779282 15.722252005711196 27.814545402303338
leaf_count=109 183 636 86 92 449 271 75 252 551 132 437
internal_value=-0.000167174 -0.0027294 -0.00539112 0.000659936 0.00720401 -0.0201635 -0.0142142 0 -0.0228519 0.019112 0.0222723
internal_weight=412.039 374.177 337.586 198.534 154.381 44.1532 139.051 54.9211 84.1303 36.5915 37.8616
internal_count=3273 2727 2412 1448 1085 363 964 338 626 315 546
is_linear=0
shrinkage=0.05


Tree=162
num_leaves=13
num_cat=0
split_feature=268 207 290 260 10 364 126 167 225 37 41 231
split_gain=9.2815 7.66712 7.50433 5.5363 4.4731 6.27801 5.10649 4.15765 7.6727 5.40893 3.96143 0.907282
threshold=-0.15643084707072027 1.2882917369326974 0.40742252954479047 0.17272727272727276 -1.0000000180025095e-35 0.56018360201422213 -0.002657267262821061 -0.43491172161185115 2.4882970513749649 0.018063710899972229 0.0040188135406088081 29.500000000000004
decision_type=2 2 2 2 2 2 2 2 2 2 2 2
left_child=1 3 7 -1 6 -6 -5 9 -9 -3 -4 -12
right_child=-2 2 10 4 5 -7 -8 8 -10 -11 11 -13
leaf_value=0.013292949065864968 0.026675062674135538 -0.010043087678855697 -0.0016877408000420741 -0.023485300320671022 -0.035507064109668467 -0.00053037295706985033 0.0055693360529144118 -0.03118804608101974 0.0079586255023983629 0.0098007507440208402 0.0031080607056649581 0.027918200158666358
leaf_weight=14.80849453806877 26.162006629630923 53.00623188354075 15.767700415104626 19.755254087969661 41.815668096765876 22.268688395619392 38.240339981392026 26.804636906832457 17.021200098097324 82.916651245206594 10.239253796637056 37.242501504719257
leaf_count=143 595 355 99 157 321 143 272 209 136 486 103 254
internal_value=-0.000372682 -0.0025604 0.00261114 -0.0119572 -0.0156652 -0.0246656 -0.00417625 -0.00241115 -0.0153806 0.00165252 0.0171016 0.0240611
internal_weight=406.049 379.887 242.998 136.888 122.08 64.0844 57.9956 179.749 43.8258 135.923 63.2495 47.4818
internal_count=3273 2678 1642 1036 893 464 429 1186 345 841 456 357
is_linear=0
shrinkage=0.05


Tree=163
num_leaves=1
num_cat=0
split_feature=
split_gain=
threshold=
decision_type=
left_child=
right_child=
leaf_value=0
leaf_weight=
leaf_count=3273
internal_value=
internal_weight=
internal_count=
is_linear=0
shrinkage=1


Tree=164
num_leaves=12
num_cat=0
split_feature=266 381 357 126 83 10 137 126 66 383 230
split_gain=8.68614 8.14426 7.06534 8.92054 13.5081 10.4041 6.22868 6.39386 6.04401 2.6006 0.479663
threshold=-0.30095888049134467 12.753815021768448 0.44791666666666669 -0.0039213191313864906 0.52085014125170648 -0.0053155323576099872 -1.0000000180025095e-35 -0.0075836680681798376 0.33112427419379947 1.0000000180025095e-35 24.500000000000004
decision_type=2 2 2 2 2 2 2 2 2 2 2
left_child=10 9 6 4 -4 -5 7 -3 -8 -2 -1
right_child=1 2 3 5 -6 -7 8 -9 -10 -11 -12
leaf_value=0.0037172212783095401 0 0.011001764368657348 0.024519546040748103 -0.013195711445673192 -0.030503645009316599 0.024883441513679397 0.0060264101237481353 -0.023428782726174491 -0.02788738142163398 0.029437986885675067 0.025978984762419478
leaf_weight=10.105418507009743 15.6420731395483 37.047530381008983 59.371227111667395 108.98480727523565 10.182180441915987 17.813940364867449 12.055422613397239 17.290018361061811 70.406298415735364 20.265897080302238 26.762658085674047
leaf_count=111 132 210 435 839 54 120 75 128 551 183 435
internal_value=-0.000177975 -0.00267349 -0.00527662 0.000588972 0.0148471 -0.00700929 -0.0138853 0 -0.0223068 0.0187377 0.0218701
internal_weight=405.927 369.059 333.151 196.352 69.5534 126.799 136.799 54.3375 82.4617 35.908 36.8681
internal_count=3273 2727 2412 1448 489 959 964 338 626 315 546
is_linear=0
shrinkage=0.05


Tree=165
num_leaves=10
num_cat=0
split_feature=268 162 113 221 357 354 399 379 146
split_gain=8.85048 7.1117 7.1145 8.74225 13.3592 8.36025 7.65429 6.34657 0.0852482
threshold=-0.15643084707072027 0.32698971413760997 93.500000000000014 12.57481073219803 0.42708333333333343 0.15055818075129615 -0.0024212480255516857 -1.0000000180025095e-35 0.0051942661639077844
decision_type=2 2 2 2 2 2 2 2 2
left_child=1 7 3 4 -3 -4 -5 -1 -9
right_child=-2 2 5 6 -6 -7 -8 8 -10
leaf_value=0.0073828607256183273 0.02638729663113068 0.0041484036331053036 0.034965635417605577 0.014331049979879088 -0.023495322609393902 -0.0058846085781594721 -0.017770571704437823 -0.031383149242073617 -0.0086938729867253716
leaf_weight=13.509223567321895 25.368433848023415 80.143087865784764 26.505850702524185 90.462974362075329 85.154267054051161 17.312793239951134 19.258067646995187 31.896706441417336 10.324236003682016
leaf_count=91 595 462 157 701 579 137 149 328 74
internal_value=-0.000399111 -0.00254096 0.000247765 -0.00263442 -0.00996036 0.0184148 0.00793005 -0.0185445 -0.0278855
internal_weight=399.936 374.567 318.837 275.018 165.297 43.8186 109.721 55.7302 42.2209
internal_count=3273 2678 2185 1891 1041 294 850 493 402
is_linear=0
shrinkage=0.05


Tree=166
num_leaves=1
num_cat=0
split_feature=
split_gain=
threshold=
decision_type=
left_child=
right_child=
leaf_value=0
leaf_weight=
leaf_count=3273
internal_value=
internal_weight=
internal_count=
is_linear=0
shrinkage=1


Tree=167
num_leaves=12
num_cat=0
split_feature=266 381 356 36 86 399 137 55 66 372 230
split_gain=8.22184 7.65019 6.54853 9.73469 10.7335 6.73918 5.88139 7.15761 5.83765 2.5202 0.456292
threshold=-0.30095888049134467 12.753815021768448 0.55208333333333337 0.10844399554042118 -950998.07847049891 -0.27290215419155639 -1.0000000180025095e-35 0.012476124021595371 0.33112427419379947 -1.0000000180025095e-35 24.500000000000004
decision_type=2 2 2 2 2 2 2 2 2 2 2
left_child=10 9 3 4 -3 -5 7 -4 -8 -2 -1
right_child=1 2 6 5 -6 -7 8 -9 -10 -11 -12
leaf_value=0.0035765276003935941 0.029017135293292581 -0.0037718215223203674 -0.028085059389623419 0.0076914652017195835 0.022553862863786304 -0.031467610834936176 0.0060473910053042484 0.010343439286197898 -0.027364190806726491 0 0.025606541441090754
leaf_weight=10.036067567765711 19.71848121099174 90.121608836576343 13.878440326079724 12.180094053968785 61.005237072706223 30.618715999647975 11.974762909114359 39.816482156515121 68.939881643280387 15.486211556941269 26.034703889861703
leaf_count=111 183 636 86 92 449 271 75 252 551 132 435
internal_value=-0.000168371 -0.002612 -0.00515178 0.000513817 0.00676279 -0.0194578 -0.0135105 0 -0.0217843 0.0183243 0.0215021
internal_weight=399.811 363.74 328.535 193.926 151.127 42.7988 134.61 53.6949 80.9146 35.2047 36.0708
internal_count=3273 2727 2412 1448 1085 363 964 338 626 315 546
is_linear=0
shrinkage=0.05


Tree=168
num_leaves=12
num_cat=0
split_feature=274 393 390 209 73 19 364 71 70 230 30
split_gain=8.54341 6.533 6.38144 8.69041 8.01334 8.3473 3.98823 3.83706 3.73089 3.15425 1.25598
threshold=0.69127245867450748 1.0000000180025095e-35 -0.0060180157896861921 3.7030875607065936 0.81824857258862782 0.20386556754855387 0.52108212059368542 0.93651787521327734 0.0036677014883771796 101.50000000000001 0.0060474250686332514
decision_type=2 2 2 2 2 2 2 2 2 2 2
left_child=1 2 4 -4 7 -6 -5 -1 -2 -3 -10
right_child=8 9 3 6 5 -7 -8 -9 10 -11 -12
leaf_value=0 -0.0054324526023952482 0 -0.031090297809663398 -0.020050895421869566 0.020972363087370893 -0.0097557888169258217 0.013037918440227253 0.030835909018074023 0.0010016928050299351 0.032301283560750335 0.027195204530010914
leaf_weight=19.108297200873494 10.444744180887936 10.204064320772888 46.350784156471491 10.781182024627922 21.665113365277648 170.21587350964546 23.091390609741211 21.734957318753004 10.09176631271839 14.485068581998346 36.30964813195169
leaf_count=163 87 75 444 102 151 1065 131 104 125 78 748
internal_value=-0.000420146 -0.00359947 -0.00573401 -0.0176691 -0.00123521 -0.00576029 0.000375683 0.0178226 0.0168617 0.019341 0.0229173
internal_weight=394.483 337.637 312.948 80.2234 232.724 191.881 33.8726 40.8433 56.8462 24.6891 46.4014
internal_count=3273 2313 2160 677 1483 1216 233 267 960 153 873
is_linear=0
shrinkage=0.05


Tree=169
num_leaves=1
num_cat=0
split_feature=
split_gain=
threshold=
decision_type=
left_child=
right_child=
leaf_value=0
leaf_weight=
leaf_count=3273
internal_value=
internal_weight=
internal_count=
is_linear=0
shrinkage=1


Tree=170
num_leaves=14
num_cat=0
split_feature=309 37 37 28 393 74 74 104 125 399 266 178 230
split_gain=7.92153 6.09949 6.83031 8.46544 8.10484 6.33585 5.25861 5.17365 4.20158 3.70099 2.80276 2.60717 1.32468
threshold=0.059671697710593836 0.018063710899972229 0.033456600124164494 0.025472182584801262 -0.16019135291234141 -0.24735820512710269 -0.10541728059513227 0.058628117826669192 -0.013672919605650374 -0.12625472796496187 -0.033229312091101366 0.82944442867609147 94.500000000000014
decision_type=2 2 2 2 2 2 2 2 2 2 2 2 2
left_child=8 6 4 -4 -3 -5 12 -6 9 -1 11 -8 -2
right_child=1 2 3 5 7 -7 10 -9 -10 -11 -12 -13 -14
leaf_value=0.015052870077377276 0.034161804329964532 0.010048274859400628 0.027009835466114823 -0.021211676373676533 -0.032135810901192718 0.00036053239864559223 0.021792939852097702 0.0016563331281279174 0.025608318827174709 -0.017706205699897806 -0.018157211153409063 -0.0046939089619972996 0.0036121531196109851
leaf_weight=16.36452350765467 16.114326586946849 15.564185755327342 19.767866089940071 42.860107241198421 56.389352675527334 115.20040490850806 12.989756222814323 10.251704808324574 37.068064540624619 12.516859963536261 13.910203719511626 15.035034544765947 10.313853688538073
leaf_count=212 93 107 97 326 429 814 86 87 634 96 148 71 73
internal_value=-0.000162516 -0.00349248 -0.00709125 -0.00119007 -0.0187786 -0.00546475 0.00921818 -0.026372 0.0151245 0 -0.000962127 0.00689155 0.0255222
internal_weight=394.346 328.397 260.034 177.828 82.2052 158.061 68.3632 66.6411 65.9494 28.8814 41.935 28.0248 26.4282
internal_count=3273 2331 1860 1237 623 1140 471 516 942 308 305 157 166
is_linear=0
shrinkage=0.05


Tree=171
num_leaves=13
num_cat=0
split_feature=272 207 266 260 381 86 66 393 126 209 70 28
split_gain=8.1994 7.06238 6.47298 5.11055 4.42075 5.52745 4.5496 4.0707 4.39648 3.02573 2.22819 1.72
threshold=-1.156430847070719 1.2882917369326974 -0.039973973677002402 0.17272727272727276 23.637074020770758 -978227.10601999867 0.73289971618463867 1.0000000180025095e-35 -0.0014707323615413823 3.7030875607065936 0.0093599510535625034 0.02771530635922655
decision_type=2 2 2 2 2 2 2 2 2 2 2 2
left_child=1 3 4 -1 6 -6 -3 8 -5 10 -4 -11
right_child=-2 2 9 7 5 -7 -8 -9 -10 11 -12 -13
leaf_value=0.012979342357526812 0.025983412452504247 -0.026466105700194337 0.01058708707246124 -0.029656302009054787 0.014424242192027845 -0.0083955575430833939 0.0041771035446203563 0.0099295264748992043 -0.0074962261148170273 0 -0.011273282926481505 0.026073544430103419
leaf_weight=14.098462127149103 24.05856809951365 31.110936917364597 27.82401155680418 47.829357422888279 45.816682977601886 53.45552503503859 13.731960738077758 10.044034037739037 59.296780293807387 10.102912630885838 14.674158567562698 37.26039713807404
leaf_count=143 595 289 188 384 257 381 106 59 450 38 104 279
internal_value=-0.000427226 -0.00250017 0.00254151 -0.011715 -0.00375709 0.00176165 -0.0163638 -0.0153522 -0.0183826 0.0129763 0.00169437 0.0214027
internal_weight=389.304 365.245 233.977 131.269 144.115 99.2722 44.8429 117.17 107.126 89.8615 42.4982 47.3633
internal_count=3273 2678 1642 1036 1033 638 395 893 834 609 292 317
is_linear=0
shrinkage=0.05


Tree=172
num_leaves=1
num_cat=0
split_feature=
split_gain=
threshold=
decision_type=
left_child=
right_child=
leaf_value=0
leaf_weight=
leaf_count=3273
internal_value=
internal_weight=
internal_count=
is_linear=0
shrinkage=1


Tree=173
num_leaves=8
num_cat=0
split_feature=266 381 399 36 364 372 31
split_gain=7.62328 6.95906 6.10236 9.79136 11.4889 2.48408 0.440093
threshold=-0.30095888049134467 12.753815021768448 -0.2988130030439376 0.10906749020691207 0.453904972916575 -1.0000000180025095e-35 0.0046494690068464304
decision_type=2 2 2 2 2 2 2
left_child=6 5 -3 4 -4 -2 -1
right_child=1 2 3 -5 -6 -7 -8
leaf_value=0.0034085789207759457 0.028520421932477443 0.019627447566102275 0.017723175492740977 -0.031596653323930045 -0.0084235487840254707 0 0.025230220879709928
leaf_weight=10.00994063913822 18.941767629235983 19.5590013358742 48.089207222685218 33.061041668057442 219.761704236269 14.952827213332055 24.788918238133192
leaf_count=95 183 142 418 284 1568 132 451
internal_value=-0.000170566 -0.002553 -0.0050008 -0.00694408 -0.00340032 0.0177603 0.0210447
internal_weight=389.164 354.366 320.471 300.912 267.851 33.8946 34.7989
internal_count=3273 2727 2412 2270 1986 315 546
is_linear=0
shrinkage=0.05


Tree=174
num_leaves=14
num_cat=0
split_feature=274 207 266 260 381 120 66 10 36 73 209 70 41
split_gain=7.89916 6.66747 6.01614 4.86262 4.12924 5.34602 4.26062 4.12398 5.96919 3.85021 2.89456 2.08672 1.98503
threshold=0.84336971968861796 1.2882917369326974 -0.039973973677002402 0.17272727272727276 23.637074020770758 0.0073977683414612203 0.73289971618463867 -1.0000000180025095e-35 0.038016658554125171 1.1900670424024729 3.7030875607065936 0.0093599510535625034 0.0078489669517034406
decision_type=2 2 2 2 2 2 2 2 2 2 2 2 2
left_child=1 3 4 -1 6 -6 -3 8 -5 -9 11 -4 -12
right_child=-2 2 10 7 5 -7 -8 9 -10 -11 12 -13 -14
leaf_value=0.012657910404203075 0.025766169038152532 -0.0258635533911067 0.01016138507643183 0.024807158784069833 0.008698135791005604 -0.016966190942076954 0.0038743044329410713 -0.030220780411496659 -0.012516654517453915 0 0.0044898733937571147 -0.011080181838417883 0.029545971309577673
leaf_weight=13.965678144246338 23.488996075466275 30.460452863946557 27.654021739959717 10.399511026218532 74.797093184664845 23.960720146074891 13.618990525603293 47.470084141939878 44.660870011895895 13.379963036626576 19.744447257369757 14.527399152517317 26.940663842484355
leaf_count=143 596 289 188 68 445 193 106 374 360 90 120 104 197
internal_value=-0.000439493 -0.00247703 0.00243829 -0.0114795 -0.00364619 0.00166345 -0.0159522 -0.0150542 -0.00368842 -0.0238989 0.012562 0.00148912 0.0208663
internal_weight=385.069 361.58 231.704 129.876 142.837 98.7578 44.0794 115.91 55.0604 60.85 88.8665 42.1814 46.6851
internal_count=3273 2677 1642 1035 1033 638 395 892 428 464 609 292 317
is_linear=0
shrinkage=0.05


Tree=175
num_leaves=1
num_cat=0
split_feature=
split_gain=
threshold=
decision_type=
left_child=
right_child=
leaf_value=0
leaf_weight=
leaf_count=3273
internal_value=
internal_weight=
internal_count=
is_linear=0
shrinkage=1


Tree=176
num_leaves=16
num_cat=0
split_feature=290 165 21 20 165 36 112 112 120 119 264 348 297 111 244
split_gain=7.30332 7.59698 4.96729 4.45577 6.15654 4.94884 4.69419 4.37189 4.13385 4.47735 3.23816 3.22314 2.62077 1.29297 0.701731
threshold=0.52546919070305331 -0.0016679095989189034 0.10051702659397545 0.33062368905582967 0.0019129733067324475 0.10906749020691207 47.500000000000007 10.500000000000002 0.0081875398990293186 -0.25273284020271142 68.500000000000014 0.15673954468601628 -0.50012277103731562 46.500000000000007 0.77272727272727282
decision_type=2 2 2 2 2 2 2 2 2 2 2 2 2 2 2
left_child=1 7 12 5 -5 6 -3 -1 9 -9 -7 13 -2 -4 -15
right_child=2 3 11 4 -6 10 -8 8 -10 -11 -12 -13 -14 14 -16
leaf_value=0.01606921843244662 0.02139038803359529 0.0072138640651646518 -0.03306880958064648 -0.029413903377295842 0.013032273822440144 -0.02537950290226685 0.026779507581531626 0.0046999352604939057 0.0076715732069251828 -0.023534415998219652 0.0071466782114278544 0 -0.0067759779188672018 0 -0.017177365523873379
leaf_weight=12.705183599144219 10.977168142795565 85.505362059921026 29.407539088279009 13.731142349541189 13.078313261270521 10.376411937177183 59.577586729079485 13.722163941711186 16.561734296381474 55.347198329865932 12.111040845513342 17.551917433738708 14.119692737236617 10.026866320520641 10.144534690305589
leaf_count=83 46 696 488 67 120 47 478 68 105 373 107 143 172 124 156
internal_value=-0.000171124 0.0035779 -0.0123329 0.00937369 -0.0078026 0.0125038 0.0159658 -0.00732349 -0.0117849 -0.0172691 -0.00712087 -0.0193553 0.00473271 -0.0255527 -0.00957445
internal_weight=384.944 292.716 92.2277 194.38 26.8095 167.57 145.083 98.3363 85.6311 69.0694 22.4875 67.1309 25.0969 49.5789 20.1714
internal_count=3273 2144 1129 1515 187 1328 1174 629 546 441 154 911 218 768 280
is_linear=0
shrinkage=0.05


Tree=177
num_leaves=9
num_cat=0
split_feature=274 162 113 221 356 354 399 68
split_gain=7.39075 6.14389 6.24482 7.80806 11.8682 7.54838 6.5261 5.64441
threshold=0.84336971968861796 0.32698971413760997 93.500000000000014 12.57481073219803 0.57291666666666685 0.15055818075129615 -0.0024212480255516857 0.49489570270423339
decision_type=2 2 2 2 2 2 2 2
left_child=1 7 3 4 -3 -4 -5 -1
right_child=-2 2 5 6 -6 -7 -8 -9
leaf_value=-0.02749005160463476 0.025390611681071956 -0.02258601034732528 0.033787510574579876 0.013724483357528829 0.0039360590360650862 -0.0056684486687369239 -0.016586509488102735 0.0056408224522988297
leaf_weight=37.969113897532225 22.582566877827048 81.814302882179618 25.184297062456608 86.572727723047137 77.144422918558121 16.679663872346282 18.145137168467045 14.170560231432317
leaf_count=386 596 579 157 700 462 137 149 107
internal_value=-0.000419175 -0.00238497 0.000224204 -0.00251821 -0.00957135 0.0176249 0.00769246 -0.0177619
internal_weight=380.263 357.68 305.541 263.677 158.959 41.864 104.718 52.1397
internal_count=3273 2677 2184 1890 1041 294 849 493
is_linear=0
shrinkage=0.05


Tree=178
num_leaves=1
num_cat=0
split_feature=
split_gain=
threshold=
decision_type=
left_child=
right_child=
leaf_value=0
leaf_weight=
leaf_count=3273
internal_value=
internal_weight=
internal_count=
is_linear=0
shrinkage=1


Tree=179
num_leaves=12
num_cat=0
split_feature=270 381 356 399 399 381 137 11 258 372 8
split_gain=7.21169 6.30043 5.6405 8.26657 6.82924 6.55692 5.45461 5.79244 4.38538 2.35248 0.368862
threshold=-1.3009588804913446 12.753815021768448 0.55208333333333337 -0.089976425271268021 -0.2988130030439376 52.185497705263991 -1.0000000180025095e-35 0.00090659778033508342 1.8088235294117649 -1.0000000180025095e-35 0.0081179443639831025
decision_type=2 2 2 2 2 2 2 2 2 2 2
left_child=10 9 3 4 -3 -5 7 -4 -8 -2 -1
right_child=1 2 6 5 -6 -7 8 -9 -10 -11 -12
leaf_value=0.025035606437262787 0.027911482989758131 0.018050031320704801 0.012965607455659356 0.029279648418605843 -0.012128789324007178 -0.00092139072970866601 -0.0305981888717516 -0.019288483101170477 -0.0039571572852992974 0 0.0039505416028141407
leaf_weight=23.303918708115816 17.953450640663505 18.856162205338478 31.225816642865539 33.510603409260511 103.88827221281826 29.044835731387138 45.818401513621211 20.458150800317526 31.046431241557002 14.56504633463919 10.485138960182665
leaf_count=385 183 140 200 250 804 254 392 138 234 132 161
internal_value=-0.000205651 -0.00254919 -0.00489074 0.000465061 -0.00677502 0.015094 -0.0128256 0 -0.0210165 0.0171466 0.0207075
internal_weight=380.156 346.367 313.849 185.3 122.744 62.5554 128.549 51.684 76.8648 32.5185 33.7891
internal_count=3273 2727 2412 1448 944 504 964 338 626 315 546
is_linear=0
shrinkage=0.05


Tree=180
num_leaves=15
num_cat=0
split_feature=309 25 162 393 83 212 390 120 231 105 83 28 111 383
split_gain=7.1726 6.39637 5.15498 4.79269 5.51025 5.75905 5.85358 3.81969 3.66753 5.69525 3.03797 2.81947 1.88688 1.54426
threshold=0.33253559691690882 0.027904215612277121 1.3303422119746391 1.0000000180025095e-35 -0.18783666598194176 3.9534628932500113 -0.0060180157896861921 -0.035670254340677159 105.50000000000001 0.20283145377562439 0.21913673955798882 0.03343538326269252 27.500000000000004 9.5000000000000018
decision_type=2 2 2 2 2 2 2 2 2 2 2 2 2 2
left_child=3 2 10 4 8 6 -6 -3 9 -1 11 -2 -7 -9
right_child=1 7 -4 -5 5 12 -8 13 -10 -11 -12 -13 -14 -15
leaf_value=-0.028062963818354821 -0.031736533590812709 -0.00065897254366768495 0.016280205210131883 0.017338677641823407 0.013387114599774697 0 -0.012744457557690384 0.028878834542857713 0.00069599098464645905 0.00029915999458232509 0.0051493346352188664 0 -0.026173846812848074 0.0012557994244878148
leaf_weight=61.699142687022686 18.171730184927586 14.53094541095197 20.094457723200321 16.878640851005912 68.685677621513605 10.642428109422328 26.187559928745031 44.096394516527653 19.753298185765743 19.561032323166728 11.841938178986309 12.63326623290777 20.607117960229516 10.353614889085291
leaf_count=484 118 134 274 103 477 88 240 592 132 129 100 118 188 96
internal_value=-0.000433156 0.00870701 -0.0021642 -0.00561537 -0.00774215 -0.000299606 0.00549369 0.0189676 -0.0162774 -0.0208746 -0.012449 -0.0205498 -0.0182884 0.0248365
internal_weight=375.737 131.722 62.7414 244.015 227.136 126.123 94.8732 68.981 101.013 81.2602 42.6469 30.805 31.2495 54.45
internal_count=3273 1432 610 1841 1738 993 717 822 745 613 336 236 276 688
is_linear=0
shrinkage=0.05


Tree=181
num_leaves=1
num_cat=0
split_feature=
split_gain=
threshold=
decision_type=
left_child=
right_child=
leaf_value=0
leaf_weight=
leaf_count=3273
internal_value=
internal_weight=
internal_count=
is_linear=0
shrinkage=1


Tree=182
num_leaves=12
num_cat=0
split_feature=266 381 357 10 264 137 126 66 383 226 266
split_gain=6.9151 5.88208 5.09922 6.83335 7.58768 5.26838 5.49343 5.12413 2.30419 0.635841 0.414316
threshold=-0.30095888049134467 12.753815021768448 0.44791666666666669 0.009968324179241159 35.500000000000007 -1.0000000180025095e-35 -0.0075836680681798376 0.33112427419379947 1.0000000180025095e-35 0.09072459410471026 -0.36197183928360827
decision_type=2 2 2 2 2 2 2 2 2 2 2
left_child=10 8 5 4 -4 6 -3 -7 -2 -5 -1
right_child=1 2 3 9 -6 7 -8 -9 -10 -11 -12
leaf_value=0.026679472441008822 0 0.010993397574680749 -0.025380679701141929 0.0048232009282557532 0.0016146500798890316 0.0059239255978798429 -0.02184252707992405 -0.02598017772849941 0.027484823652228981 0.031145539977031372 0.0063352839375939787
leaf_weight=18.711039025336504 14.411811290308835 35.274857059121132 28.678573256358504 10.178916217759253 130.59514378383756 11.324413632974027 16.090258108451962 64.242995603010058 17.477804800495505 14.111346671357749 14.532385936006902
leaf_count=351 132 210 193 84 1087 75 128 551 183 84 195
internal_value=-0.000205539 -0.00251352 -0.0047852 0.000311916 -0.00331732 -0.0123782 0 -0.020519 0.0166815 0.02369 0.0204261
internal_weight=375.63 342.386 310.497 183.564 159.274 126.933 51.3651 75.5674 31.8896 24.2903 33.2434
internal_count=3273 2727 2412 1448 1280 964 338 626 315 168 546
is_linear=0
shrinkage=0.05


Tree=183
num_leaves=11
num_cat=0
split_feature=274 209 386 71 130 364 36 264 268 383
split_gain=6.91638 5.14428 6.57054 5.38939 4.84977 4.50907 7.64135 5.84829 4.17068 2.36929
threshold=0.84336971968861796 3.7030875607065936 0.40531112610665548 1.3503774478174404 -44.499999999999993 0.55349531259034057 0.08277452551694002 79.500000000000014 -0.58478958455809849 4.5000000000000009
decision_type=2 2 2 2 2 2 2 2 2 2
left_child=1 2 5 4 -3 6 -1 -7 -6 -5
right_child=-2 3 -4 9 8 7 -8 -9 -10 -11
leaf_value=-0.022850310404136574 0.024997596889519219 -0.018417233892729482 0.017444570102800896 0 0 0.017693031812654515 0.0036931128773675798 -0.016487332707144108 0.019783999592260921 -0.027554960592406641
leaf_weight=96.306862875819206 21.608747875317931 10.706050815060733 18.631785130128264 18.155675349757079 48.226086316630244 24.69260561093688 32.100154351443052 19.30342261493206 68.64984480664134 12.655400503426788
leaf_count=855 596 69 169 136 372 170 232 145 440 89
internal_value=-0.00046259 -0.00237832 -0.00793654 0.00403846 0.00881298 -0.011216 -0.0159015 0.0015372 0.0121229 -0.0132808
internal_weight=371.037 349.428 191.035 158.393 127.582 172.403 128.407 43.996 116.876 30.8111
internal_count=3273 2677 1571 1106 881 1402 1087 315 812 225
is_linear=0
shrinkage=0.05


Tree=184
num_leaves=1
num_cat=0
split_feature=
split_gain=
threshold=
decision_type=
left_child=
right_child=
leaf_value=0
leaf_weight=
leaf_count=3273
internal_value=
internal_weight=
internal_count=
is_linear=0
shrinkage=1


Tree=185
num_leaves=15
num_cat=0
split_feature=309 37 37 162 162 393 388 162 383 69 104 19 372 138
split_gain=6.5947 5.26 6.22181 7.69952 7.64963 7.05212 5.70194 5.13727 5.43751 3.90754 3.81498 2.33561 1.66255 0.674143
threshold=0.059671697710593836 0.018063710899972229 0.033456600124164494 1.7537374534293995 1.2446685230977863 -0.16019135291234141 -1.0000000180025095e-35 0.35817841081498553 1.0000000180025095e-35 -0.039652891685849394 0.054003755325248294 0.32535095537747721 0.057281253885151935 -0.028104763643369664
decision_type=2 2 2 2 2 2 2 2 2 2 2 2 2 2
left_child=9 7 5 4 -4 -3 -5 -2 -9 -1 -7 -10 13 -11
right_child=1 2 3 6 -6 10 -8 8 11 12 -12 -13 -14 -15
leaf_value=-0.0072861905575240058 0.027789947324310695 0.0091339743131014367 -0.0029574338998224589 3.8135560513506987e-05 0.023266622111996975 -0.030841648371442262 -0.028983966902903557 -0.024022013957253251 -0.0044443890504135943 0.0052926695265975415 0 0.020236865668716828 0 0.029794422585586552
leaf_weight=11.855366192758082 20.385542407631874 14.68516757711768 70.174271618947387 26.671531638130546 39.885709905996919 52.145822133868933 31.440600488334894 14.036045035347341 10.245689673349263 10.771029077470301 10.304397594183682 19.809769358485937 10.547430399805306 27.978576114401221
leaf_count=107 145 107 542 155 227 425 313 120 77 119 91 129 126 590
internal_value=-0.000190741 -0.0033147 -0.00676644 -0.000968009 0.00646911 -0.0182749 -0.0154976 0.00879369 -0.00013826 0.0142701 -0.0256072 0.0106708 0.0205308 0.0250511
internal_weight=370.937 309.785 245.308 168.172 110.06 77.1354 58.1121 64.477 44.0915 61.1524 62.4502 30.0555 49.297 38.7496
internal_count=3273 2331 1860 1237 769 623 468 471 326 942 516 206 835 709
is_linear=0
shrinkage=0.05


Tree=186
num_leaves=13
num_cat=0
split_feature=268 207 20 392 268 126 373 86 355 246 7 260
split_gain=6.56922 5.85595 5.63314 5.13196 4.47115 4.14327 3.55085 3.03775 4.77899 2.62866 1.50551 1.3504
threshold=-0.25796106980941702 1.2882917369326974 0.31441054812220243 4.5000000000000009 -0.80389886373492436 -0.0075836680681798376 0.092660362326324033 -52216.400231000043 -0.11538871364323459 0.12921348314606743 0.003633896642308621 0.44545454545454549
decision_type=2 2 2 2 2 2 2 2 2 2 2 2
left_child=1 3 4 7 -3 -6 11 8 -1 -2 -4 -5
right_child=9 2 10 6 5 -7 -8 -9 -10 -11 -12 -13
leaf_value=-0.01161722681394413 0 -0.02162334352074325 0.030995591814674317 -0.0024817870074839033 -0.0099998162617246332 0.0067415579132518852 0.00090262561503084244 -0.016256434883522117 0.022200216467713432 0.027163174303686918 0.0009181662152589181 -0.029857701218279121
leaf_weight=13.364092033356426 10.073633927851914 20.495523171499372 16.146235562860969 10.217390073463319 48.733695767819881 119.78598238900304 10.992260584607719 15.942004714161156 22.01271547563374 24.647222993895411 10.206901229918001 43.602861991152167
leaf_count=100 181 365 88 104 266 723 75 170 140 648 66 347
internal_value=-0.000471807 -0.00282933 0.00186824 -0.0117885 -0.00102914 0.00151843 -0.0208166 0 0.00821283 0.0191461 0.0223341 -0.025946
internal_weight=366.221 331.5 215.368 116.131 189.015 168.52 64.8125 51.3188 35.3768 34.7209 26.3531 53.8203
internal_count=3273 2444 1508 936 1354 989 526 410 240 829 154 451
is_linear=0
shrinkage=0.05


Tree=187
num_leaves=1
num_cat=0
split_feature=
split_gain=
threshold=
decision_type=
left_child=
right_child=
leaf_value=0
leaf_weight=
leaf_count=3273
internal_value=
internal_weight=
internal_count=
is_linear=0
shrinkage=1


Tree=188
num_leaves=9
num_cat=0
split_feature=270 381 399 126 110 86 372 270
split_gain=6.31358 5.46176 5.1187 7.43 11.8044 7.67543 2.25231 0.431507
threshold=-1.3009588804913446 12.753815021768448 -0.2988130030439376 -0.0075836680681798376 41.500000000000007 10633.353242499963 -1.0000000180025095e-35 -1.3619718392836089
decision_type=2 2 2 2 2 2 2 2
left_child=7 6 -3 4 -4 -5 -2 -1
right_child=1 2 3 5 -6 -7 -8 -9
leaf_value=0.026238152079137097 0.027118238877415674 0.018175318053975594 0.020334727595070292 -0.017383573602963647 -0.011762573981180632 0.0094036566086953249 0 0.0057926485154958518
leaf_weight=17.791815917938951 16.932306477800012 18.881367357447743 51.976352099329233 148.91728889942169 55.457319932058454 27.848607949912548 14.116781780496241 14.192355455830691
leaf_count=351 183 142 419 1327 352 172 132 195
internal_value=-0.000198344 -0.00242737 -0.00464829 -0.00651274 0.00344388 -0.0127987 0.0162828 0.0198698
internal_weight=366.114 334.13 303.081 284.2 107.434 176.766 31.0491 31.9842
internal_count=3273 2727 2412 2270 771 1499 315 546
is_linear=0
shrinkage=0.05


Tree=189
num_leaves=15
num_cat=0
split_feature=274 207 206 20 104 71 372 392 372 73 112 303 5 34
split_gain=6.4072 5.13306 4.11292 4.03788 3.92488 5.29936 3.93319 3.75528 2.89373 2.48641 1.99529 1.82692 1.77846 1.686
threshold=0.65133158060785401 1.2633847015110884 0.0060896506474005978 0.31441054812220243 -0.06398374494421806 1.22802752819322 -0.07934199194236273 4.5000000000000009 0.057281253885151935 0.9698075778781351 42.500000000000007 0.11979341357809097 0.0028600626358156194 0.033760839677938768
decision_type=2 2 2 2 2 2 2 2 2 2 2 2 2 2
left_child=1 7 10 4 6 -6 -3 9 -9 -1 -2 -4 -5 -11
right_child=2 3 11 12 5 -7 -8 8 -10 13 -12 -13 -14 -15
leaf_value=-0.014068079570054168 0.0084376549781607774 0.0099164042559688817 0.0035545177422700493 0.031191138065584795 0.0088473029825704881 -0.014752148415024502 -0.019134602410201249 -0.028619115688168884 0 0.021181536039776391 -0.01649783897331604 0.028701275166209562 0.00024513709250740363 -0.001431277880221078
leaf_weight=18.165104394778609 12.775473637506368 10.672580072656272 17.097396314144135 11.165224160999061 92.272161623463035 27.86308709718287 46.593226989731193 38.473319225013256 12.793673599138854 10.87894417718053 11.66371697373688 28.604354355484247 12.13745649717748 10.773660192266105
leaf_count=186 200 59 111 54 644 171 382 351 105 80 96 683 81 70
internal_value=-0.000516513 -0.00392892 0.0125745 0.000342562 -0.00208291 0.00274174 -0.0126666 -0.0135833 -0.0221957 -0.00054858 -0.00214334 0.0211188 0.0188399 0.00909695
internal_weight=361.929 291.788 70.1409 200.704 177.401 120.135 57.2658 91.0847 51.267 39.8177 24.4392 45.7018 23.3027 21.6526
internal_count=3273 2183 1090 1391 1256 815 441 792 456 336 296 794 135 150
is_linear=0
shrinkage=0.05


Tree=190
num_leaves=1
num_cat=0
split_feature=
split_gain=
threshold=
decision_type=
left_child=
right_child=
leaf_value=0
leaf_weight=
leaf_count=3273
internal_value=
internal_weight=
internal_count=
is_linear=0
shrinkage=1


Tree=191
num_leaves=17
num_cat=0
split_feature=305 36 231 41 103 110 297 10 167 74 52 36 68 38 56 216
split_gain=5.98614 4.8259 5.00794 5.80267 4.34331 4.31449 3.79976 3.59479 3.35337 2.67628 2.66108 2.22602 1.75882 1.39516 1.12019 0.18963
threshold=0.013500667543322591 0.10844399554042118 50.500000000000007 0.0032713682836930653 0.19399711450139392 49.500000000000007 -0.38432407070290736 0.0081144081390478774 -0.33262783028258819 -0.17214621022317952 -0.0025826625846041003 0.067707577103342922 0.49489570270423339 0.15516686053430842 0.55091848916387165 1.127025877682341
decision_type=2 2 2 2 2 2 2 2 2 2 2 2 2 2 2 2
left_child=5 2 4 -4 11 9 -6 -5 10 12 -7 -2 -1 -3 -14 -11
right_child=1 13 3 7 6 8 -8 -9 -10 15 -12 -13 14 -15 -16 -17
leaf_value=0.017430526687408961 0.0014035913378547043 -0.0026314400311236935 0.015638375389480302 -0.020281981302483126 0.0083656521385166455 0 -0.020233102065362 -0.0024327837670501656 0.012069698119819556 0.0064309282381965821 -0.030296830941587527 0.037457470775808292 0.0040922332464039257 -0.031628139180362946 -0.014375423730724396 0.028204552550606107
leaf_weight=12.524123799055813 10.528649052605035 11.141879118978979 19.258253389969468 58.968134766444564 35.43452163040638 14.005447590723632 13.633978383615611 66.99764122068882 15.69975910708308 10.106968715786932 10.876944126561286 12.513083104044197 12.999411119148137 17.267671182751656 10.315658619627355 29.553088432177901
leaf_count=204 93 121 127 509 187 94 231 525 157 95 79 58 157 178 97 361
internal_value=-0.000168187 -0.00471265 -0.00178819 -0.00727981 0.00845481 0.00890889 0 -0.0114536 -0.00312514 0.0158866 -0.0147728 0.0249626 0.0037243 -0.0231854 -0.00288599 0.0246703
internal_weight=361.825 245.744 217.334 145.224 72.1102 116.081 49.0685 125.966 40.5822 75.4993 24.8824 23.0417 35.8392 28.4096 23.3151 39.6601
internal_count=3273 2029 1730 1161 569 1244 418 1034 330 914 173 151 458 299 254 456
is_linear=0
shrinkage=0.05


Tree=192
num_leaves=11
num_cat=0
split_feature=274 162 124 112 163 104 364 119 68 178
split_gain=6.07675 5.19919 5.74119 8.56996 11.6672 9.95118 6.53311 4.99437 4.76715 4.1563
threshold=0.84336971968861796 0.32698971413760997 -21.499999999999996 51.500000000000007 0.0083235521771361232 0.10618978446020312 0.53787589952320447 -0.085852464638549994 0.49489570270423339 0.84769938839609893
decision_type=2 2 2 2 2 2 2 2 2 2
left_child=1 8 6 5 -5 -4 9 -8 -1 -3
right_child=-2 2 3 4 -6 -7 7 -9 -10 -11
leaf_value=-0.026358912201052399 0.024269361036806821 -0.024349024913169117 0.022222851773268978 -0.021886687684716109 0.015284650159287545 -0.010079847436261885 0.026605264611439378 -0.0095660070783106857 0.0046854883459981614 0.0054616476491481485
leaf_weight=34.966480476781726 19.848869932815433 53.326104752719402 87.182726224884391 49.252578094601631 31.30897106602788 27.990647081285715 15.161488568410279 15.124164396896957 13.500372748821972 10.31392056122422
leaf_count=386 596 390 718 314 257 199 107 109 107 90
internal_value=-0.00051352 -0.00231555 0.000114627 0.00514505 -0.00681217 0.0138926 -0.00968737 0.00780562 -0.016971 -0.018739
internal_weight=357.976 338.127 289.661 195.735 80.5615 115.173 93.9257 30.2857 48.4669 63.64
internal_count=3273 2677 2184 1488 571 917 696 216 493 480
is_linear=0
shrinkage=0.05


Tree=193
num_leaves=1
num_cat=0
split_feature=
split_gain=
threshold=
decision_type=
left_child=
right_child=
leaf_value=0
leaf_weight=
leaf_count=3273
internal_value=
internal_weight=
internal_count=
is_linear=0
shrinkage=1


Tree=194
num_leaves=9
num_cat=0
split_feature=266 381 399 162 86 71 383 266
split_gain=5.76399 5.13192 4.71002 6.24751 7.71887 4.21188 2.12692 0.439192
threshold=-0.30095888049134467 12.753815021768448 -0.2988130030439376 1.8613191136163278 -978227.10601999867 1.164119177990341 1.0000000180025095e-35 -0.36197183928360827
decision_type=2 2 2 2 2 2 2 2
left_child=7 6 -3 4 -4 -5 -2 -1
right_child=1 2 3 5 -6 -7 -8 -9
leaf_value=0.025789794631940977 0 0.017514611507258911 -0.011414709986672721 -0.026559567116968209 0.0072921685070807818 0 0.026732546525902859 0.0052968970636090079
leaf_weight=16.923407956957821 13.91019798256457 18.552549041807652 105.62159516662359 49.045802215114236 106.9056480973959 16.695546098053455 16.368502367287874 13.861722486093639
leaf_count=351 132 142 846 437 846 141 183 195
internal_value=-0.000185157 -0.00233249 -0.00451122 -0.00632863 -0.00180225 -0.0195168 0.0160044 0.019332
internal_weight=357.885 327.1 296.821 278.269 212.527 65.7413 30.2787 30.7851
internal_count=3273 2727 2412 2270 1692 578 315 546
is_linear=0
shrinkage=0.05


Tree=195
num_leaves=17
num_cat=0
split_feature=309 25 162 126 372 244 74 399 10 112 385 83 28 111 110 309
split_gain=6.02742 5.84676 4.26623 4.17657 4.6266 4.36771 4.06439 4.89377 3.35613 2.94878 2.73014 2.72152 2.51058 1.73005 1.05425 2.66326
threshold=0.33253559691690882 0.027904215612277121 1.3303422119746391 1.0000000180025095e-35 1.0000000180025095e-35 0.3727272727272728 -0.21698025837039855 -0.22524615877698656 -0.070223770839792782 62.500000000000007 4.5000000000000009 0.21913673955798882 0.03343538326269252 31.500000000000004 38.500000000000007 0.41967140663821739
decision_type=2 2 2 2 2 2 2 2 2 2 2 2 2 2 2 2
left_child=3 2 11 4 6 13 7 -1 -8 -7 14 12 -2 -6 15 -3
right_child=1 10 -4 -5 5 9 8 -9 -10 -11 -12 -13 -14 -15 -16 -17
leaf_value=0.015894839221021032 -0.030860133924515462 -0.0052160575592795815 0.014841106425099643 0.016011406744317749 0 0.018887344150162452 0.00040484217386026617 -0.015186902779318699 -0.024118219700226703 -0.00079585452105677404 0 0.0046940748240537284 0 -0.025593126496370435 0.030664556874676265 0.023004813129138574
leaf_weight=19.973839996382594 17.071604620665315 10.357112441211941 18.396591559052467 16.705359984189272 10.215707382187249 30.000883476808667 12.27024677954614 24.885802999138832 69.672298483550549 33.881277322769165 11.523219820111988 11.241972489282487 11.888776576146482 13.613168098032473 28.212225830182433 13.945510862395166
leaf_count=144 118 57 274 89 86 240 84 273 569 218 121 100 118 138 332 312
internal_value=-0.000535711 0.00814778 -0.00253523 -0.00540023 -0.00749538 0.000821661 -0.0135196 -0.000174123 -0.0199728 0.00813291 0.0183452 -0.0121224 -0.0200426 -0.0156329 0.0230076 0.0098949
internal_weight=353.856 122.637 58.5989 231.219 214.513 87.711 126.802 44.8596 81.9425 63.8822 64.0381 40.2024 28.9604 23.8289 52.5148 24.3026
internal_count=3273 1432 610 1841 1752 682 1070 417 653 458 822 336 236 224 701 369
is_linear=0
shrinkage=0.05


Tree=196
num_leaves=1
num_cat=0
split_feature=
split_gain=
threshold=
decision_type=
left_child=
right_child=
leaf_value=0
leaf_weight=
leaf_count=3273
internal_value=
internal_weight=
internal_count=
is_linear=0
shrinkage=1


Tree=197
num_leaves=17
num_cat=0
split_feature=290 165 21 63 112 11 112 120 377 56 207 357 297 30 112 113
split_gain=5.63327 6.63897 4.25914 4.07066 4.23876 4.96459 3.96455 3.36174 4.10151 3.19434 2.82768 2.5876 2.09128 1.33895 0.694576 0.208918
threshold=0.52546919070305331 -0.0016679095989189034 0.10051702659397545 0.26820878147426247 63.500000000000007 0.00085795848017422582 10.500000000000002 0.0081875398990293186 -0.2423016896749646 0.38138175719860606 1.2465745642058541 0.82291666666666685 -0.50012277103731562 0.0083426358220290205 25.500000000000004 12.500000000000002
decision_type=2 2 2 2 2 2 2 2 2 2 2 2 2 2 2 2
left_child=1 6 12 4 5 -3 -1 8 -8 -5 -11 13 -2 14 -4 -6
right_child=2 3 11 9 15 -7 7 -9 -10 10 -12 -13 -14 -15 -16 -17
leaf_value=0.015409260700840817 0.019907770963418562 0.012647561642427125 -0.015766851233541414 0.017911656512247267 0.009114195942749044 -0.015135706927527704 0 0.006176967918893491 -0.026836029079996489 0.0089701019671149292 -0.016981247758998796 0 -0.005805048036203922 -0.030750723582806533 0 0.034263559797980507
leaf_weight=11.953559244051574 10.284897595643999 79.067664625123143 10.202807015739383 10.784699419513343 10.290312236174939 15.865372877568005 26.764594845473766 15.373438334092496 37.785403423011303 10.160266840830444 30.996679050847888 10.393682641908525 12.876013807952402 28.370813108049333 10.705219410359858 21.909491788595915
leaf_count=83 46 728 100 71 105 111 192 105 249 99 205 161 172 554 96 196
internal_value=-0.000177835 0.00318366 -0.0114829 0.00886826 0.0136555 0.0071724 -0.00729907 -0.011733 -0.0168235 -0.0020449 -0.00926824 -0.0184759 0.00467536 -0.023086 -0.00804062 0.0291086
internal_weight=353.785 270.951 82.8334 179.074 127.133 94.933 91.877 79.9234 64.55 51.9416 41.1569 59.6725 23.1609 49.2788 20.908 32.1998
internal_count=3273 2144 1129 1515 1140 839 629 546 441 375 304 911 218 750 196 301
is_linear=0
shrinkage=0.05


Tree=198
num_leaves=19
num_cat=0
split_feature=266 167 260 393 216 81 11 264 141 11 69 213 29 51 113 354 63 266
split_gain=5.59042 6.51734 6.6323 6.33459 5.38135 4.34332 3.87852 3.69408 3.48406 3.40989 3.32672 2.74786 2.69282 2.56696 1.49444 0.933163 0.844153 0.761716
threshold=-0.098036398898802127 -0.7778503886215411 0.48181818181818187 -0.089418159437206365 5.527977959475276 0.57932866108169112 0.00090659778033508342 49.500000000000007 1.0000000180025095e-35 0.0007902439969309506 -0.0011301181160826566 5.6489993031518937 0.012313169260616321 -0.72142765732393288 81.500000000000014 0.044203517725219778 0.26820878147426247 -0.18772634094645888
decision_type=2 2 2 2 2 2 2 2 2 2 2 2 2 2 2 2 2 2
left_child=5 14 4 6 7 10 -4 -3 -5 13 12 -11 -1 -7 -2 -6 -15 -12
right_child=1 2 3 8 15 9 -8 -9 -10 11 17 -13 -14 16 -16 -17 -18 -19
leaf_value=0 0.031263214121070131 -0.015925507281400384 -0.025592188920718281 -0.003289875037757046 0.03302346741002498 0 0 0.015505750409734231 0.020354964937599862 0.010215079413872046 -0.017524298527326839 -0.017356851142503429 0.027824795860057389 -0.031927015423765075 0.0015706972302099763 0.005804531892629668 -0.0079845266974892491 0
leaf_weight=11.92039977759123 21.571277308277789 17.469740176573399 41.738567208871245 39.06339467689395 21.644519224762917 10.189901916310189 18.276039192453027 13.844951763749121 19.946917556226254 18.567907940596346 10.891820490360262 12.332508232444523 13.886616880074142 32.797474766150117 10.058772288262842 11.104450503364204 13.961269641295074 10.187140217050908
leaf_count=128 291 108 293 310 235 63 168 153 169 159 111 129 84 443 106 100 149 74
internal_value=-0.00053784 0.00430282 0.00025856 -0.00641512 0.0131356 -0.0085408 -0.0176389 -0.000431226 0.00449442 -0.0150284 0.00278526 0 0.0148375 -0.0220106 0.0242185 0.0264544 -0.0266955 -0.00990403
internal_weight=349.454 214.719 183.089 119.025 64.0637 134.735 60.0146 31.3147 59.0103 87.8491 46.886 30.9004 25.807 56.9486 31.63 32.749 46.7587 21.079
internal_count=3273 1933 1536 940 596 1340 461 261 479 943 397 288 212 655 397 335 592 185
is_linear=0
shrinkage=0.05


Tree=199
num_leaves=1
num_cat=0
split_feature=
split_gain=
threshold=
decision_type=
left_child=
right_child=
leaf_value=0
leaf_weight=
leaf_count=3273
internal_value=
internal_weight=
internal_count=
is_linear=0
shrinkage=1


Tree=200
num_leaves=15
num_cat=0
split_feature=268 165 244 20 386 110 104 125 258 394 167 52 63 78
split_gain=5.5202 5.22888 4.85192 4.79656 5.37374 4.08999 3.81406 2.51045 2.44173 2.07628 1.73235 1.76282 0.466523 0.0855506
threshold=-0.6255039669299628 -0.0016679095989189034 0.33636363636363642 0.1461926720228949 -0.20888057431009191 48.500000000000007 0.16403784128293325 -0.0087879022546512187 1.9264705882352944 -0.0030360814000650045 -0.39269027934515638 -0.0048441616584736216 0.39548369818089241 0.78330275922068127
decision_type=2 2 2 2 2 2 2 2 2 2 2 2 2 2
left_child=5 6 9 7 -5 8 13 -4 12 -3 11 -7 -1 -2
right_child=1 2 3 4 -6 10 -8 -9 -10 -11 -12 -13 -14 -15
leaf_value=0.026459087467957873 -0.0073240941768715102 0 0.025707120921874937 0.016960704028168971 -0.011689113419340445 0 0 -0.00017202082105623173 0 0.025233678609030724 0.0083336039003831224 -0.02458227498056282 0.0047174525415246901 -0.028860730398203846
leaf_weight=34.385530006140471 10.180384966544805 12.571196088567374 15.164786269888284 14.873089801520107 121.32873489055783 10.79955850355327 18.272257763892412 11.814603414386509 16.768881870433688 20.382367203012109 12.966015364974735 10.148153765127065 10.780796244740484 28.967744373716414
leaf_count=525 144 94 99 97 983 70 135 118 192 154 153 84 120 305
internal_value=-0.00019076 -0.00419417 0 -0.00382556 -0.00790329 0.00969976 -0.0170601 0.0138234 0.0171994 0.0164234 -0.00292665 -0.0121552 0.0229247 -0.0253664
internal_weight=349.404 253.555 196.135 163.181 136.202 95.8489 57.4204 26.9794 61.9352 32.9536 33.9137 20.9477 45.1663 39.1481
internal_count=3273 2129 1545 1297 1080 1144 584 217 837 248 307 154 645 449
is_linear=0
shrinkage=0.05


Tree=201
num_leaves=13
num_cat=0
split_feature=274 207 225 167 260 15 73 10 381 167 1 53
split_gain=5.43745 5.43268 4.72898 8.26743 4.0015 3.94945 3.89482 3.59103 2.69481 2.41971 1.28399 0.111425
threshold=0.84336971968861796 1.2633847015110884 2.5714303476629152 -0.43491172161185115 0.17272727272727276 -0.00048704892608604933 1.1708279010695242 -0.0070183822887972978 28.48574157369654 -0.19916256815232766 0.0024075710797729637 0.00093574928940720625
decision_type=2 2 2 2 2 2 2 2 2 2 2 2
left_child=1 4 3 5 -1 -3 7 -6 -8 11 -5 -4
right_child=-2 2 9 10 6 -7 8 -9 -10 -11 -12 -13
leaf_value=0.011784790028276832 0.023595784723079022 -0.00016478302902708797 0.0085803333083764241 -0.02946751528156076 -0.0029658868128647421 0.018195993033601573 -0.01559376586723742 -0.029024050184533631 0.012223339602340767 0 -0.0022101343688601953 0.033883491695745831
leaf_weight=12.251495592296122 18.550086686387658 113.24111899733543 10.017741702497007 21.730042273178697 25.610488884150982 34.244109399616718 11.957563929259779 45.13826303370297 17.747323771938682 10.882051063701509 11.037353785708545 12.804363505914806
leaf_count=143 596 880 113 178 242 245 86 408 128 88 83 83
internal_value=-0.00054532 -0.00227014 0.0022288 -0.000825191 -0.0110793 0.00404385 -0.014612 -0.0207735 0 0.0186565 -0.0226395 0.0270003
internal_weight=345.212 326.662 213.957 180.253 112.705 147.485 100.454 70.7488 29.7049 33.7042 32.7674 22.8221
internal_count=3273 2677 1670 1386 1007 1125 864 650 214 284 261 196
is_linear=0
shrinkage=0.05


Tree=202
num_leaves=1
num_cat=0
split_feature=
split_gain=
threshold=
decision_type=
left_child=
right_child=
leaf_value=0
leaf_weight=
leaf_count=3273
internal_value=
internal_weight=
internal_count=
is_linear=0
shrinkage=1


Tree=203
num_leaves=11
num_cat=0
split_feature=284 381 356 399 393 399 104 231 387 383
split_gain=5.31401 4.7787 4.73605 5.84747 7.49901 5.56439 4.46979 12.9621 3.96949 1.95118
threshold=-0.74397183928360955 12.753815021768448 0.55208333333333337 -0.09408816914980131 1.0000000180025095e-35 -0.2988130030439376 -0.05091102319360058 95.500000000000014 0.68697937201842951 1.0000000180025095e-35
decision_type=2 2 2 2 2 2 2 2 2 2
left_child=-1 9 3 5 -5 -3 7 -4 -8 -2
right_child=1 2 6 4 -6 -7 8 -9 -10 -11
leaf_value=0.025312117815016383 0 0.017197779488718919 -0.020870343354255833 0.025203421095642598 -0.0092342805384354864 -0.01040902781532908 -0.024764295711934271 0.026915143314223712 0.0019493263788059271 0.026378102419041191
leaf_weight=16.056916531175375 13.709947364404799 18.470303349196911 29.615611840970814 41.726733369752765 19.866711908951402 96.55698424577713 57.736570269800723 22.121809391304851 13.162379894405602 16.146044114604592
leaf_count=351 141 148 276 400 180 822 492 126 138 199
internal_value=-0.000198133 -0.00181069 -0.00389759 0.00110822 0.0134086 -0.00522803 -0.0113592 0 -0.0192505 0.0160312
internal_weight=345.17 329.113 299.257 176.621 61.5934 115.027 122.636 51.7374 70.899 29.856
internal_count=3273 2922 2582 1550 580 970 1032 402 630 340
is_linear=0
shrinkage=0.05


Tree=204
num_leaves=13
num_cat=0
split_feature=274 207 20 104 71 392 86 355 105 387 266 19
split_gain=5.21971 5.10929 4.71768 4.01644 4.49111 3.64029 3.66565 3.5967 3.31707 2.514 1.62601 1.23003
threshold=0.84336971968861796 1.2633847015110884 0.31441054812220243 -0.06398374494421806 1.22802752819322 4.5000000000000009 -52216.400231000043 -0.12259856656669606 0.19695414555350765 -0.30479182628210771 0.1987736253809346 0.42112669741078185
decision_type=2 2 2 2 2 2 2 2 2 2 2 2
left_child=1 5 3 8 -5 6 7 -1 -3 -7 -11 -4
right_child=-2 2 11 4 -6 9 -8 -9 -10 10 -12 -13
leaf_value=-0.0091336352208826275 0.023347571605246226 -0.017757533977573989 0.030845457068483878 0.0096323674621739165 -0.011685830813010478 0 -0.017655183487505745 0.020805279416833411 0.0063346355430479936 -0.028878876933395799 -0.0033603969588364238 0.0032552438430838992
leaf_weight=12.060198238119481 18.086360620334744 45.628111084923148 13.40631494857371 97.155845919623971 28.326979381963611 10.147896014153956 17.487534468993545 21.288294337689877 14.755518360063432 36.2507135393098 14.108552828431128 12.586770659312604
leaf_count=101 596 404 85 778 194 76 184 168 114 381 97 95
internal_value=-0.000565362 -0.00225922 0.00211494 -0.0005421 0.00427027 -0.0108566 0 0.00874233 -0.0110603 -0.0188551 -0.0232576 0.0209291
internal_weight=341.289 323.203 211.86 185.866 125.483 111.343 50.836 33.3485 60.3836 60.5072 50.3593 25.9931
internal_count=3273 2677 1670 1490 972 1007 453 269 518 554 478 180
is_linear=0
shrinkage=0.05


Tree=205
num_leaves=1
num_cat=0
split_feature=
split_gain=
threshold=
decision_type=
left_child=
right_child=
leaf_value=0
leaf_weight=
leaf_count=3273
internal_value=
internal_weight=
internal_count=
is_linear=0
shrinkage=1


Tree=206
num_leaves=13
num_cat=0
split_feature=309 356 104 231 10 349 126 74 69 86 110 393
split_gain=5.12606 3.73499 6.46148 9.71668 6.06254 5.36632 5.16095 3.40188 3.22996 2.45065 1.86849 1.38443
threshold=0.059671697710593836 0.55208333333333337 -0.041920178432188253 95.500000000000014 0.009968324179241159 24.500000000000004 -0.0039213191313864906 0.28647901754961963 -0.039652891685849394 -1083899.026017999 48.500000000000007 -0.14767707701302479
decision_type=2 2 2 2 2 2 2 2 2 2 2 2
left_child=8 4 3 9 5 6 -2 11 -1 -3 -10 -4
right_child=1 2 7 -5 -6 -7 -8 -9 10 -11 -12 -13
leaf_value=-0.0067355197554977812 0.016213907731878901 0.0020016369467520793 -0.0062466238888559591 0.026322148260145718 0.024787316555320033 -0.030544326699321458 -0.0050430877439163139 0 0.02678970260331941 -0.022828771778362941 0.0017335942741925723 -0.030465357727034778
leaf_weight=10.924512015655635 37.240931164473295 10.229379929602148 15.744865250773726 22.710482804104686 21.495586970821023 11.859330831095575 92.629990234971046 13.745014023035763 27.904875885695219 21.725371117703617 16.395707041025162 38.637598223984241
leaf_count=107 255 90 153 125 152 113 818 103 621 198 214 324
internal_value=-0.000192459 -0.0030587 -0.00959932 0.00240675 0.00164538 -0.00196003 0.00090458 -0.0196311 0.0131862 -0.01396 0.0192716 -0.025018
internal_weight=341.244 286.019 122.793 54.6652 163.226 141.73 129.871 68.1275 55.2251 31.9548 44.3006 54.3825
internal_count=3273 2331 993 413 1338 1186 1073 580 942 288 835 477
is_linear=0
shrinkage=0.05


Tree=207
num_leaves=18
num_cat=0
split_feature=270 167 356 394 86 260 223 167 137 209 126 29 117 86 323 256 73
split_gain=5.08701 6.16911 5.84082 5.21503 4.47212 4.09882 4.19581 7.39631 3.83401 3.7438 2.61429 2.30172 2.17144 2.11162 1.82458 1.44468 0.745198
threshold=-1.0980363988988018 -0.7778503886215411 0.63541666666666685 -0.013606748251183408 -1395733.5468515002 0.80909090909090919 -3.9822251888774178 -0.55281688432119613 -1.0000000180025095e-35 3.6562896150889403 -0.01076736222896185 0.050283477232135672 -0.16168556195015685 5796.6966359999524 0.15835697294344822 0.88095238095238104 0.80906090503769734
decision_type=2 2 2 2 2 2 2 2 2 2 2 2 2 2 2 2 2
left_child=5 15 3 4 -3 11 14 12 10 -5 -4 16 -8 -10 -7 -2 -1
right_child=1 2 8 9 -6 6 7 -9 13 -11 -12 -13 -14 -15 -16 -17 -18
leaf_value=-0.006757502757436063 0.001770933186149891 -0.01619545027490021 -0.019937336126778591 -0.026427107860226062 0.015696342046362357 0 0.031372876515844167 -0.016196512101912572 0.026198442131505031 -0.0002209895706107504 0.00821016969565261 0 0.0024494691110558383 0 -0.028381281864087827 0.031195037732208542 -0.029161790280009564
leaf_weight=14.404748743399976 10.233410951681437 12.152681546285747 10.387392275035383 34.723618067800999 31.539988901466131 10.387435933575036 18.756148889660835 17.261208506301045 32.125936932861805 27.633294727653265 16.576798534020782 13.595437819138168 15.93185239471495 11.204343032091854 12.056575652211903 20.208045859821141 27.926884545013309
leaf_count=224 139 64 65 284 336 105 106 234 339 232 142 139 123 74 70 258 339
internal_value=-0.000561745 0.00413901 0.000116494 -0.00694133 0.00528449 -0.00832099 0 0.00729337 0.0112947 -0.0161222 -0.00187491 -0.0181809 0.0206677 0.0201601 -0.0172448 0.023845 -0.0235927
internal_weight=337.106 206.786 176.344 106.05 43.6927 130.32 74.3932 51.9492 70.2945 62.3569 26.9642 55.9271 34.688 43.3303 22.444 30.4415 42.3316
internal_count=3273 1933 1536 916 400 1340 638 463 620 516 207 702 229 413 175 397 563
is_linear=0
shrinkage=0.05


Tree=208
num_leaves=1
num_cat=0
split_feature=
split_gain=
threshold=
decision_type=
left_child=
right_child=
leaf_value=0
leaf_weight=
leaf_count=3273
internal_value=
internal_weight=
internal_count=
is_linear=0
shrinkage=1


Tree=209
num_leaves=8
num_cat=0
split_feature=266 381 399 36 364 372 266
split_gain=4.96367 4.50544 4.41936 7.19425 9.9137 1.8052 0.334217
threshold=-0.36197183928360827 12.753815021768448 -0.2988130030439376 0.10906749020691207 0.453904972916575 -1.0000000180025095e-35 -0.082853856798677558
decision_type=2 2 2 2 2 2 2
left_child=-1 5 -3 4 -4 -2 -5
right_child=1 2 3 6 -6 -7 -8
leaf_value=0.024894304281244561 0.025900444709696702 0.017437508198784358 0.018093932417665725 -0.0079357490697604584 -0.0073569993899518559 0 -0.033809747361168589
leaf_weight=15.377381119877098 15.568789213895798 18.666328785941005 43.534186355769634 10.016650047153236 201.22294076159596 13.51186198182404 19.14439676143229
leaf_count=351 199 150 453 69 1686 141 224
internal_value=-0.00021281 -0.00178601 -0.00383873 -0.00564237 -0.00246403 0.0157357 -0.0280461
internal_weight=337.043 321.665 292.585 273.918 244.757 29.0807 29.161
internal_count=3273 2922 2582 2432 2139 340 293
is_linear=0
shrinkage=0.05


Tree=210
num_leaves=16
num_cat=0
split_feature=309 28 126 372 120 11 37 264 397 41 126 110 120 86 37
split_gain=4.95483 4.22649 3.78502 4.28023 4.69275 4.67389 3.44545 4.74608 3.66415 3.04771 2.88216 8.09241 2.96781 1.70394 0.0983678
threshold=0.33253559691690882 0.025789912814689033 1.0000000180025095e-35 1.0000000180025095e-35 0.0092555133930736239 0.0016620553171199373 0.077103926294824474 35.500000000000007 0.0074353790779662287 0.0079298114337188058 -0.0050577446059618105 39.500000000000007 -0.040555544132321146 -797804.83324599883 0.017058220528568726
decision_type=2 2 2 2 2 2 2 2 2 2 2 2 2 2 2
left_child=2 9 3 6 5 -5 7 -1 -8 -2 11 -3 -12 -6 -14
right_child=1 10 -4 4 13 -7 8 -9 -10 -11 12 -13 14 -15 -16
leaf_value=0 -0.023716432567739504 -0.019891788845104667 0.015542819933915167 0.02048396039787477 -0.026748088917786753 -0.0054966555817666934 0.021459937183552144 -0.02329905535631473 -0.014487306832993044 0.0059360392565941059 0 0.022528837766563781 0.0087268799872079351 0 0.031200876193574641
leaf_weight=24.728319744579494 13.247915765270593 18.564456362277269 16.07002967223525 34.402449345216155 12.638941418379547 26.017888322472572 11.350348580628635 73.565684018656611 10.074112445116041 12.470292553305624 12.363022562116383 20.132865695282817 10.800162198022006 10.067620810121296 26.767659769393504
leaf_count=210 74 170 89 235 182 176 86 685 89 163 146 213 165 89 501
internal_value=-0.000589372 0.00755623 -0.00511402 -0.00719609 0.000982263 0.00877714 -0.0131674 -0.0171227 0.00280657 -0.0084793 0.0128804 0.00101208 0.0205552 -0.016418 0.0270956
internal_weight=333.262 114.346 218.915 202.845 83.1269 60.4203 119.718 98.294 21.4245 25.7182 88.6282 38.6973 49.9308 22.7066 37.5678
internal_count=3273 1432 1841 1752 682 411 1070 895 175 237 1195 383 812 271 666
is_linear=0
shrinkage=0.05


Tree=211
num_leaves=1
num_cat=0
split_feature=
split_gain=
threshold=
decision_type=
left_child=
right_child=
leaf_value=0
leaf_weight=
leaf_count=3273
internal_value=
internal_weight=
internal_count=
is_linear=0
shrinkage=1


Tree=212
num_leaves=14
num_cat=0
split_feature=266 165 162 83 104 125 393 104 389 65 221 120 310
split_gain=4.68706 4.312 5.81354 6.93118 6.34544 6.93686 4.58391 4.16962 4.04553 4.04106 3.4782 2.45118 1.92761
threshold=-0.36197183928360827 -0.0016679095989189034 1.4351166550820251 0.16263096146541631 0.052212243640489951 -0.21620614612837899 1.0000000180025095e-35 0.12489597695598294 1.0000000180025095e-35 -0.020438119116910177 10.759613398381537 0.0092555133930736239 1.0000000180025095e-35
decision_type=2 2 2 2 2 2 2 2 2 2 2 2 2
left_child=-1 7 3 6 5 -4 -3 11 -5 -9 -6 12 -2
right_child=1 2 4 8 10 -7 -8 9 -10 -11 -12 -13 -14
leaf_value=0.024542256585357573 -0.030487136230756731 0.02448077801623906 0.016724835128151913 -0.013154402091049469 0.030251545107415012 -0.022122927290247545 -0.0069201781119055178 -0.016515872724805924 0.01068331689560428 0.017661162953139475 -0.0026434917987990941 0 -0.0059950119196821037
leaf_weight=14.877896296791731 30.586850993335247 59.833780220709741 10.282716326415537 38.400636976584792 11.190014958381655 59.12835553009063 10.035262661054729 10.727734464220704 26.8237788323313 18.409380710683763 12.03526898473501 10.220622008666394 20.660745073109865
leaf_count=351 389 578 62 345 73 570 88 89 245 137 153 69 124
internal_value=-0.000200765 -0.0017311 0.00177369 0.00848722 -0.00745308 -0.0152229 0.0191853 -0.0108488 -0.00257948 0.00315489 0.0129464 -0.0181003 -0.0224123
internal_weight=333.213 318.335 227.73 135.093 92.6364 69.4111 69.869 90.6053 65.2244 29.1371 23.2253 61.4682 51.2476
internal_count=3273 2922 2114 1256 858 632 666 808 590 226 226 582 513
is_linear=0
shrinkage=0.05


Tree=213
num_leaves=11
num_cat=0
split_feature=274 207 20 260 73 377 272 264 68 16
split_gain=4.79476 4.77001 4.46031 3.48681 3.33471 3.70515 3.31504 4.08686 1.83294 1.03671
threshold=0.84336971968861796 1.2882917369326974 0.31441054812220243 0.20909090909090913 1.1708279010695242 -0.33664917594199756 -1.8038988637349245 34.500000000000007 0.43021253059980563 0.0032545792785435125
decision_type=2 2 2 2 2 2 2 2 2 2
left_child=1 3 6 -1 5 -5 -3 -8 -6 -4
right_child=-2 2 9 4 8 -7 7 -9 -10 -11
leaf_value=0.0097597046543526824 0.022865708594475582 -0.019633849600029975 0.030987248919689632 0.0028628586676439486 0.01446136191277358 -0.024925474332876174 0.018035380273307196 -0.0018911962063429778 -0.0089351145655378918 0.0042371100602481967
leaf_weight=13.396897202357648 17.130404848605394 17.542510598897934 11.93556425906718 10.41079814173281 10.612119158729913 56.890080612152815 28.221883624792099 130.82447890564799 18.739980317652225 13.111583173274992
leaf_count=166 596 365 74 88 80 558 194 905 143 104
internal_value=-0.000583786 -0.00223717 0.00213921 -0.0105419 -0.0140668 -0.0199769 -0.000519622 0.00160454 0 0.0207179
internal_weight=328.816 311.686 201.636 110.05 96.653 67.3009 176.589 159.046 29.3521 25.0471
internal_count=3273 2677 1642 1035 869 646 1464 1099 223 178
is_linear=0
shrinkage=0.05


Tree=214
num_leaves=1
num_cat=0
split_feature=
split_gain=
threshold=
decision_type=
left_child=
right_child=
leaf_value=0
leaf_weight=
leaf_count=3273
internal_value=
internal_weight=
internal_count=
is_linear=0
shrinkage=1


Tree=215
num_leaves=13
num_cat=0
split_feature=309 36 356 86 120 399 393 137 55 381 130 399
split_gain=4.522 3.64729 6.22384 4.98841 6.55131 3.76391 3.17591 3.11607 5.61112 3.84672 3.05387 2.68829
threshold=0.059671697710593836 0.11011494584478557 0.55208333333333337 -978227.10601999867 -0.038414732563894487 -0.26300415071656819 1.0000000180025095e-35 -1.0000000180025095e-35 0.012476124021595371 12.753815021768448 -6.4999999999999991 -0.12625472796496187
decision_type=2 2 2 2 2 2 2 2 2 2 2 2
left_child=10 2 3 4 -2 -3 -5 8 -4 -9 11 -1
right_child=1 5 7 6 -6 -7 -8 9 -10 -11 -12 -13
leaf_value=0.013367803935811008 0.022135952894715566 0.0015202192781446798 -0.024040904488710269 0.02359668092408275 -0.010944508831986433 -0.029486454985058953 -0.0010701010171859351 0.0052732513907505375 0.013281986435529787 -0.020185559758088039 0.02310644880104519 -0.016292648544795587
leaf_weight=13.459552837535741 17.181525276973844 11.21313684992492 11.264076784253119 44.164405461400747 52.612230991944671 20.997111928649247 12.529948350042103 14.146286858245729 30.057506922632456 61.993043367750943 27.916898767463863 11.23785883001983
leaf_count=211 105 98 84 370 439 221 112 108 219 575 635 96
internal_value=-0.000224581 -0.00296227 -0.000570817 0.00682992 -0.00153737 -0.0180624 0.0175277 -0.00892701 0.00104121 -0.0148031 0.0126305 0
internal_weight=328.774 276.159 243.949 126.488 69.7938 32.2102 56.6944 117.461 41.3216 76.1393 52.6143 24.6974
internal_count=3273 2331 2012 1026 544 319 482 986 303 683 942 307
is_linear=0
shrinkage=0.05


Tree=216
num_leaves=13
num_cat=0
split_feature=274 125 33 138 393 221 64 381 9 260 83 299
split_gain=4.68818 4.98483 6.31725 5.11417 5.57838 4.61136 3.55836 1.65936 1.36071 1.1714 0.896878 0.301833
threshold=0.65133158060785401 -0.18728272043467867 0.083412736164923437 -0.028104763643369664 1.0000000180025095e-35 8.7541297464755559 0.41675419788710305 34.42667532536602 -0.00050561025265083426 0.68181818181818199 -0.32610736530183831 -0.06353991975524155
decision_type=2 2 2 2 2 2 2 2 2 2 2 2
left_child=1 9 3 5 -5 -3 7 -2 -9 -1 -4 -8
right_child=6 2 10 4 -6 -7 11 8 -10 -11 -12 -13
leaf_value=-0.0017146601260515171 0.013188959225124223 0.035884317952520513 0.0023139645178521838 -0.010642635157260508 0.01620994683984715 0 0.0055627411806973351 -0.019352907594131066 0.00094523216273872468 -0.029603346686262067 0.028942275721007712 0.028316954608996033
leaf_weight=10.0173945594579 11.116687460802497 10.628412723541262 10.049768054857852 161.34071182273328 17.886991631239653 21.251870462670922 10.229005916044118 10.571151847019793 10.115664727054535 18.27464485168457 14.622721714898942 18.929617050103843
leaf_count=79 211 41 99 1502 127 132 84 91 132 114 89 572
internal_value=-0.000559553 -0.00360974 -0.0008876 -0.00398014 -0.00746561 0.0131381 0.011421 0 -0.00845381 -0.0224377 0.0213294 0.023153
internal_weight=325.035 264.073 235.78 211.108 179.228 31.8803 60.9621 31.8035 20.6868 28.292 24.6725 29.1586
internal_count=3273 2183 1990 1802 1629 173 1090 434 223 193 188 656
is_linear=0
shrinkage=0.05


Tree=217
num_leaves=1
num_cat=0
split_feature=
split_gain=
threshold=
decision_type=
left_child=
right_child=
leaf_value=0
leaf_weight=
leaf_count=3273
internal_value=
internal_weight=
internal_count=
is_linear=0
shrinkage=1


Tree=218
num_leaves=14
num_cat=0
split_feature=290 165 365 63 112 36 393 162 213 112 104 87 356
split_gain=4.55483 5.71317 3.60042 3.85199 3.40533 3.35832 3.27134 3.20673 4.09606 2.65185 2.08815 1.8872 0.797568
threshold=0.52546919070305331 -0.0016679095989189034 0.11661903789385132 0.27550824132514445 10.500000000000002 0.10906749020691207 -0.17204861663414409 1.1331027466489398 6.3987338624644297 45.500000000000007 -0.072820986424163528 -0.026188101218920953 0.42708333333333343
decision_type=2 2 2 2 2 2 2 2 2 2 2 2 2
left_child=1 4 -3 5 -1 -4 -2 12 -9 11 -5 -8 -6
right_child=6 2 3 10 7 -7 9 8 -10 -11 -12 -13 -14
leaf_value=0.014202556088557068 0.0041587438181119379 -0.011634465584781119 0.019547893092388816 0.011555217949696158 -0.0030808001522565397 -0.0032195249858729021 -0.00056611233717459685 -0.0125364865939235 0.017928602996747253 0 -0.0094792151450610387 -0.031647004135623671 -0.028046073879342454
leaf_weight=11.261508557945488 19.766846985556185 15.361676866188644 91.521605166606605 15.605622556060551 10.202429389581082 14.255579508841036 10.12689011543989 27.721300417557359 13.908011201769112 19.684746119193733 27.601486029103398 25.45440317504108 22.493033826351166
leaf_count=83 196 134 932 133 78 121 120 194 98 314 195 499 176
internal_value=-0.000264535 0.00283999 0.00838639 0.0109686 -0.00716932 0.0160157 -0.010958 -0.0114796 -0.000717021 -0.0171586 -0.000542904 -0.0248288 -0.0225702
internal_weight=324.965 249.932 164.346 148.984 85.5863 105.777 75.0329 74.3248 41.6293 55.266 43.2071 35.5813 32.6955
internal_count=3273 2144 1515 1381 629 1053 1129 546 292 933 328 619 254
is_linear=0
shrinkage=0.05


Tree=219
num_leaves=17
num_cat=0
split_feature=276 167 10 82 207 372 55 37 162 41 276 290 211 370 225 56
split_gain=4.36107 4.58671 5.51931 4.57374 4.44935 3.89337 2.79189 5.18556 4.08701 2.32281 2.25365 1.90307 2.03426 1.53977 1.24095 0.782617
threshold=0.96021684829675968 -0.4573179876166712 0.014799710280412817 0.4426751655792418 1.3204792639562808 0.042602884806234982 0.032533946266801179 0.041279143795195414 0.38717153259674736 0.0039140123798483617 1.1987257371071018 0.45751440492344747 2.2036444031029618 0.31866870080679288 3.3004550401302439 0.65425785431521633
decision_type=2 2 2 2 2 2 2 2 2 2 2 2 2 2 2 2
left_child=1 2 3 13 6 -5 7 8 -2 -6 -9 12 -11 -1 -3 -8
right_child=4 14 -4 5 9 -7 15 10 -10 11 -12 -13 -14 -15 -16 -17
leaf_value=0.020342620075461209 -0.017613747148821437 -0.026188382781262332 0.023559217735653018 -0.018275608662685936 -0.00036042499186217901 0.0095206544773338286 0.019808028662877911 -0.03140705874580383 0.014521537756754192 -0.005538449726409482 0 0.026766435047267674 0.016402459252291456 -8.5957704757162002e-05 -0.0025259693396659302 0
leaf_weight=13.926411639899017 10.853948013857005 28.246152832172811 15.819317913614212 57.243376254104078 17.341777592897415 11.32873599976301 10.417003835551442 19.540499784052376 27.700239975936711 13.590758416801689 11.726184193976222 30.178437800146639 19.04772786423564 10.316397286020218 13.730350804515181 10.596503491513429
leaf_count=81 112 404 130 524 161 92 126 99 276 79 132 537 123 105 186 106
internal_value=-0.000488748 -0.00676099 -0.000698837 -0.0059634 0.00476979 -0.0127782 -0.00235069 -0.00758586 0.00365294 0.0132336 -0.0220098 0.0175915 0.00616608 0.0107618 -0.0202449 0.0117365
internal_weight=321.604 150.611 108.634 92.8149 170.993 68.5721 90.8344 69.8209 38.5542 80.1587 31.2667 62.8169 32.6385 24.2428 41.9765 21.0135
internal_count=3273 1522 932 802 1751 616 851 619 388 900 231 739 202 186 590 232
is_linear=0
shrinkage=0.05


Tree=220
num_leaves=1
num_cat=0
split_feature=
split_gain=
threshold=
decision_type=
left_child=
right_child=
leaf_value=0
leaf_weight=
leaf_count=3273
internal_value=
internal_weight=
internal_count=
is_linear=0
shrinkage=1


Tree=221
num_leaves=11
num_cat=0
split_feature=266 165 37 112 11 28 112 209 383 65
split_gain=4.30783 3.86404 4.63978 5.97452 6.10938 4.28059 3.72832 3.20095 2.38037 1.5271
threshold=-0.36197183928360827 -0.0016679095989189034 0.017058220528568726 63.500000000000007 0.0026423024638081443 0.041118691031432758 10.500000000000002 5.2583416896137658 6.5000000000000009 0.006120865335513038
decision_type=2 2 2 2 2 2 2 2 2 2
left_child=-1 6 9 5 -5 -4 -2 8 -8 -3
right_child=1 2 3 4 -6 -7 7 -9 -10 -11
leaf_value=0.023970749023181137 0.011863885017721794 0.026186336461101051 -0.015827953818932702 0.023176060046299091 -0.014697071948863253 0.00078715101345731885 -0.026401955396778937 0.0030042940191182337 -0.0022687365185828415 0
leaf_weight=13.986048443242906 11.220753907226024 19.836839965544645 64.450401588343084 36.695474383421242 10.52651539351791 78.157709586434066 41.730262036435306 14.633182741701601 20.288555675186217 10.023625805974005
leaf_count=351 93 211 630 318 97 748 422 114 179 110
internal_value=-0.000350247 -0.00183808 0.0015325 -0.0012059 0.0133644 -0.0065499 -0.0105875 -0.0148248 -0.0197451 0.0189835
internal_weight=321.549 307.563 219.691 189.83 47.222 142.608 87.8728 76.652 62.0188 29.8605
internal_count=3273 2922 2114 1793 415 1378 808 715 601 321
is_linear=0
shrinkage=0.05


Tree=222
num_leaves=12
num_cat=0
split_feature=274 162 124 112 163 104 28 365 16 389 270
split_gain=4.27224 4.15589 4.67523 6.74481 9.03524 7.89479 5.0755 6.90778 5.00388 3.80947 0.806195
threshold=0.84336971968861796 0.32698971413760997 -21.499999999999996 51.500000000000007 0.0083235521771361232 0.10618978446020312 0.036386917520834887 0.2293254389153058 0.0013292471635486726 -1.0000000180025095e-35 -0.95868770526107805
decision_type=2 2 2 2 2 2 2 2 2 2 2
left_child=1 9 6 5 -5 -4 8 -8 -3 -1 -11
right_child=-2 2 3 4 -6 -7 7 -9 -10 10 -12
leaf_value=0.0018454185376568938 0.022262231201188521 -0.010599771074720534 0.021027625674511257 -0.020339290577754951 0.014097392978736058 -0.0088981838637899793 -0.02609579098530437 0.0081346216381489381 0.031230909584597084 -0.032885593525645289 -0.0051819486452794623
leaf_weight=14.356281541287897 16.023637797683477 10.347507230937483 78.121847148984671 43.702681134454906 27.939699844457209 25.6072399597615 46.412803625687957 16.588405454531312 10.637039834633468 18.129428884014487 10.018051037564875
leaf_count=165 596 77 718 314 257 199 402 171 46 263 65
internal_value=-0.000514087 -0.0020943 0.00015937 0.00497567 -0.00621269 0.013129 -0.00914754 -0.0163652 0.00977365 -0.0160489 -0.0260796
internal_weight=317.885 301.861 259.357 175.371 71.6424 103.729 83.9858 63.0012 20.9845 42.5038 28.1475
internal_count=3273 2677 2184 1488 571 917 696 573 123 493 328
is_linear=0
shrinkage=0.05


Tree=223
num_leaves=1
num_cat=0
split_feature=
split_gain=
threshold=
decision_type=
left_child=
right_child=
leaf_value=0
leaf_weight=
leaf_count=3273
internal_value=
internal_weight=
internal_count=
is_linear=0
shrinkage=1


Tree=224
num_leaves=11
num_cat=0
split_feature=276 381 110 124 229 206 120 162 372 5
split_gain=4.08195 3.82614 3.94992 6.19112 4.46814 4.40278 5.89142 3.39267 1.68943 1.04181
threshold=0.63802816071639179 12.753815021768448 40.500000000000007 9.5000000000000018 -7.3526006046552661 0.00658755126014936 -0.030162295048645812 1.5675260959661599 -1.0000000180025095e-35 0.0015244063799162435
decision_type=2 2 2 2 2 2 2 2 2 2
left_child=-1 8 3 4 -3 7 -7 -4 -2 -5
right_child=1 2 5 9 -6 6 -8 -9 -10 -11
leaf_value=0.023644015408697466 0.024989043522198939 -0.013195876195919935 0.013655268518188476 0.028016186855922682 0.0048649254069274908 0.0090445045608798687 -0.02257741898618253 -0.016229928197932064 0 0.0016822864176797112
leaf_weight=13.55508624203503 14.380153716541827 59.554801097139716 25.152303413487971 18.501995893195275 68.208250106312335 14.126300862990318 70.67266627214849 10.554934959858654 12.821459076367319 10.319239297881721
leaf_count=351 199 643 193 201 653 120 573 83 141 116
internal_value=-0.000340816 -0.00179236 -0.0037425 0.00122674 -0.00328107 -0.0104773 -0.0166111 0.00295634 0.0148158 0.0212063
internal_weight=317.847 304.292 277.09 156.584 127.763 120.506 84.799 35.7072 27.2016 28.8212
internal_count=3273 2922 2582 1613 1296 969 693 276 340 317
is_linear=0
shrinkage=0.05


Tree=225
num_leaves=20
num_cat=0
split_feature=309 25 83 392 212 217 365 270 270 381 6 167 385 221 307 260 73 125 355
split_gain=4.15 4.50194 3.76895 4.826 3.98269 3.36174 3.06443 3.03351 2.9404 2.46884 2.39089 2.21165 2.13741 2.08769 1.51456 1.50008 1.35213 1.1756 0.591502
threshold=0.33253559691690882 0.027904215612277121 -0.18783666598194176 3.5000000000000004 3.9534628932500113 7.4513366503481793 0.26186122196054024 -0.86579726071135443 -1.0653203574118837 36.025145505045721 -0.014163276409122785 -0.55281688432119613 4.5000000000000009 10.759613398381537 0.077112130909734858 0.91818181818181832 0.92850430593557787 -0.017451545543813642 0.02735567085710703
decision_type=2 2 2 2 2 2 2 2 2 2 2 2 2 2 2 2 2 2 2
left_child=2 7 3 5 8 10 16 18 11 -9 -1 -4 17 -6 -7 -10 -5 -3 -2
right_child=1 12 4 6 13 14 -8 9 15 -11 -12 -13 -14 -15 -16 -17 -18 -19 -20
leaf_value=0.027162873370739971 -0.0016980652588526178 0.0068072455135507722 0.0089795911066982027 -0.0081767068796364233 -0.026999559943385293 -0.023837585079254684 0 0.02331742497886281 0.022816298037179647 -0.0032734723555603142 -0.00059358383312333417 -0.01096256235507264 0 0 0 0 -0.037775094605651059 0.028983125068009929 -0.022288715211577236
leaf_weight=10.834143279120328 13.031256182119252 19.681066757999361 23.433971787802875 12.848853411152957 12.451548932120206 11.001807325519623 11.171416364610193 11.237000684253873 26.035273142158985 14.504920911975203 10.051048818975685 25.361198166385293 10.384716180153189 15.362960116006432 16.28393480181694 10.397813282907007 22.377619806677103 25.226704633794725 12.405276667326687
leaf_count=63 88 246 199 142 110 160 80 267 152 188 84 344 121 176 80 66 185 455 67
internal_value=-0.000558624 0.00716355 -0.00480188 -0.0120495 0.000985181 0 -0.0230438 -0.00269328 0.0067541 0.00781675 0.0133149 -0.000454582 0.0168138 -0.0140057 -0.0117339 0.0169768 -0.0297761 0.021343 -0.0147903
internal_weight=314.083 106.471 207.612 94.5688 113.043 48.1709 46.3979 51.1785 85.2283 25.7419 20.8852 48.7952 55.2925 27.8145 27.2857 36.4331 35.2265 44.9078 25.4365
internal_count=3273 1432 1841 794 1047 387 407 610 761 455 147 543 822 286 240 218 327 701 155
is_linear=0
shrinkage=0.05


Tree=226
num_leaves=1
num_cat=0
split_feature=
split_gain=
threshold=
decision_type=
left_child=
right_child=
leaf_value=0
leaf_weight=
leaf_count=3273
internal_value=
internal_weight=
internal_count=
is_linear=0
shrinkage=1


Tree=227
num_leaves=15
num_cat=0
split_feature=305 364 394 68 246 120 229 221 353 260 120 364 19 8
split_gain=4.04131 3.3388 4.40428 3.3325 3.89941 6.60824 4.93861 7.35861 4.20637 3.06126 2.99349 2.35503 2.00674 1.3536
threshold=0.013500667543322591 0.45544193008477324 -0.011258374583162365 0.36798744305287606 0.42134831460674166 -0.032667492801398405 -7.3526006046552661 9.648970811729944 0.0097549769106614753 0.75454545454545474 0.0060353522895945097 0.55747140890807023 0.35699073233771 -0.0046522259481001377
decision_type=2 2 2 2 2 2 2 2 2 2 2 2 2 2
left_child=1 -1 -3 9 6 -6 8 -8 -5 -2 -7 13 -13 -4
right_child=3 2 11 4 5 10 7 -9 -10 -11 -12 12 -14 -15
leaf_value=0.02214712732282317 -0.0041480735797485646 -0.016835572956705885 0 0.0012421902025107859 0.0072296836973009138 -0.03205455487425355 -0.011627223316075602 0.018888506929026504 -0.02648104705467292 0.027042470183383169 -0.0018742003182011743 -0.013668526898161233 0.01100926369185588 0.025272861416974074
leaf_weight=26.06126085203141 10.179325968958439 19.502821641042829 10.161837336607279 20.253988879732788 18.34699967969209 37.127908457070589 28.287069181911647 46.49041692353785 24.65317792724818 12.241303067654369 15.451556991785763 13.750473281368615 12.587234817445276 18.960824421606958
leaf_count=364 94 142 115 189 170 387 231 400 336 93 129 105 133 385
internal_value=-0.000313176 0.0076148 0.00126344 -0.00435778 -0.00670888 -0.0157796 -0.000671485 0.00669883 -0.0136389 0.0120962 -0.0246649 0.00902063 -0.000250542 0.0182021
internal_weight=314.056 101.024 74.9632 213.032 190.611 70.9265 119.685 74.7775 44.9072 22.4206 52.5795 55.4604 26.3377 29.1227
internal_count=3273 1244 880 2029 1842 686 1156 631 525 187 516 738 238 500
is_linear=0
shrinkage=0.05


Tree=228
num_leaves=13
num_cat=0
split_feature=274 207 225 167 73 260 73 10 167 385 53 1
split_gain=3.9478 4.18816 3.96968 7.0233 3.4536 3.0683 3.07311 2.90825 2.49712 1.91258 0.537752 0.405477
threshold=0.84336971968861796 1.2633847015110884 2.4481315138180908 -0.43491172161185115 1.2805464536532916 0.17272727272727276 1.1708279010695242 -0.0070183822887972978 -0.19916256815232766 1.0000000180025095e-35 0.0011312776819725203 0.00093622223995293307
decision_type=2 2 2 2 2 2 2 2 2 2 2 2
left_child=1 5 3 4 -3 -1 7 -7 10 -8 -4 -5
right_child=-2 2 8 11 -6 6 9 -9 -10 -11 -12 -13
leaf_value=0.010415207462203323 0.021721586763021078 0 0.0063385126860060099 -0.028925276255778648 0.020218570557976323 -0.0021818604400446659 0.01077273230862787 -0.027361209480793902 0 -0.013526366483528751 0.033632445894899818 -0.0051136774759856229
leaf_weight=10.809099038131533 15.292603762820361 111.61886422988027 10.126079144887628 17.100756296887997 22.054923349060118 22.721425767056644 16.013689806684855 39.833735196851194 10.537314372137187 11.073196612298487 12.509885910898445 10.113859700039027
leaf_count=143 596 944 121 158 179 242 126 408 93 88 86 89
internal_value=-0.000595537 -0.00212976 0.00195968 -0.00109617 0.00343029 -0.0103412 -0.01364 -0.0194966 0.0170244 0 0.0255436 -0.0231173
internal_weight=309.805 294.513 194.062 160.888 133.674 100.451 89.642 62.5552 33.1733 27.0869 22.636 27.2146
internal_count=3273 2677 1670 1370 1123 1007 864 650 300 214 207 247
is_linear=0
shrinkage=0.05


Tree=229
num_leaves=1
num_cat=0
split_feature=
split_gain=
threshold=
decision_type=
left_child=
right_child=
leaf_value=0
leaf_weight=
leaf_count=3273
internal_value=
internal_weight=
internal_count=
is_linear=0
shrinkage=1


Tree=230
num_leaves=14
num_cat=0
split_feature=266 165 162 83 104 51 104 25 65 353 221 223 348
split_gain=3.79162 3.62048 4.94277 6.02714 5.56997 4.80551 3.62647 3.34707 3.3012 3.21041 2.96974 2.11059 0.945158
threshold=-0.36197183928360827 -0.0016679095989189034 1.4351166550820251 0.16263096146541631 0.052212243640489951 0.18211579183705415 0.12489597695598294 0.032224187879917952 0.027492407186559546 0.13165051851240711 10.759613398381537 -4.4490260221681988 -0.13666341290161244
decision_type=2 2 2 2 2 2 2 2 2 2 2 2 2
left_child=-1 6 3 9 5 -4 11 -5 -8 -3 -6 -2 -13
right_child=1 2 4 7 10 -7 8 -9 -10 -11 -12 12 -14
leaf_value=0.023209757037797572 0 0.024567764691780521 -0.0013070949891282654 -0.012340922833408308 0.028817551395477176 -0.029762958183015078 -0.010834633617108007 0.0099929803897023176 0.019941967401391744 0 -0.0021389419773899221 -0.02978025563355462 -0.008847274247405645
leaf_weight=13.009354139678178 10.920805740170179 48.376420595683157 37.752151359803975 36.459717871621251 10.460178358480336 27.068600304424763 14.216552051715555 24.646998983807862 13.322399030439554 16.020418379455805 11.275833066552876 23.889167929999527 22.36897587962449
leaf_count=351 111 527 393 339 73 239 129 251 97 139 153 221 250
internal_value=-0.000296555 -0.00171571 0.00159517 0.0080457 -0.00715572 -0.0147182 -0.0103444 -0.00250665 0.00291319 0.0184667 0.0124254 -0.0173874 -0.0218281
internal_weight=309.788 296.778 212.06 125.504 86.5568 64.8208 84.7179 61.1067 27.539 64.3968 21.736 57.1789 46.2581
internal_count=3273 2922 2114 1256 858 632 808 590 226 666 226 582 471
is_linear=0
shrinkage=0.05


Tree=231
num_leaves=11
num_cat=0
split_feature=274 393 110 126 389 229 113 33 73 70
split_gain=3.82885 3.70345 3.60866 7.25231 5.04879 5.33329 4.99336 4.15559 3.67905 2.77502
threshold=0.69127245867450748 1.0000000180025095e-35 41.500000000000007 -0.0039213191313864906 1.0000000180025095e-35 -2.0989874740524135 10.500000000000002 0.08538768280989055 0.81589712610372278 0.0060896506474005978
decision_type=2 2 2 2 2 2 2 2 2 2
left_child=1 2 3 8 5 -4 -6 -5 -1 -2
right_child=9 -3 4 7 6 -7 -8 -9 -10 -11
leaf_value=0 -0.00076120414138164904 0.01618505696267921 -0.0089911753079950571 -0.0080014524536743525 0.017499060398572998 0.021338903332400107 -0.016440777402349491 0.015580512467740929 -0.030675894093412405 0.023075271033560919
leaf_weight=16.184648809954524 15.053252632729707 19.288908088579774 16.727697547525167 52.958089196123183 10.102110750973223 41.43546998873353 44.518912266939878 25.038276091217995 41.435570257715881 23.882741620764136
leaf_count=187 264 153 135 521 59 262 399 196 401 696
internal_value=-0.000584089 -0.00290899 -0.00476602 -0.0102227 0.00145837 0.0117853 -0.00871163 0 -0.0231959 0.0132722
internal_weight=306.626 267.69 248.401 135.617 112.784 58.1632 54.621 77.9964 57.6202 38.936
internal_count=3273 2313 2160 1305 855 397 458 717 588 960
is_linear=0
shrinkage=0.05


Tree=232
num_leaves=1
num_cat=0
split_feature=
split_gain=
threshold=
decision_type=
left_child=
right_child=
leaf_value=0
leaf_weight=
leaf_count=3273
internal_value=
internal_weight=
internal_count=
is_linear=0
shrinkage=1


Tree=233
num_leaves=15
num_cat=0
split_feature=270 32 112 162 120 240 112 393 110 19 86 10 41 392
split_gain=3.74774 5.00479 4.05772 3.55268 3.45922 4.27316 3.42368 2.65502 2.57777 2.32294 2.26467 1.49883 0.860084 0.476353
threshold=-0.94567746255171126 0.56317100205568493 10.500000000000002 1.3718600302298769 0.0073977683414612203 1.7380952380952384 43.500000000000007 -0.17204861663414409 39.500000000000007 0.43955080647659889 -1127743.7641959994 0.009968324179241159 0.0080523417703734692 4.5000000000000009
decision_type=2 2 2 2 2 2 2 2 2 2 2 2 2 2
left_child=1 2 10 6 5 -4 7 -2 -6 11 -1 -5 -8 -3
right_child=3 13 4 9 8 -7 12 -9 -10 -11 -12 -13 -14 -15
leaf_value=0.030799907063664252 0.0063325913897329666 0.0061165950791532628 -0.016792420495276735 -0.031062609192013892 0.02660870626116614 0.0022016969230665953 0.021526424239649667 -0.019110227633879276 -0.00026113012995609785 0 0 -0.003010405513931563 0 0.025544044220777724
leaf_weight=11.44007749669254 11.486802937462924 16.018954889848828 60.157776884734631 22.975210689939559 10.884005442261698 46.92575654014945 13.308450348675253 22.215943654067814 15.345674267038701 16.677880052477121 14.596934866160153 11.938028208911417 11.681770479306577 20.954850378446281
leaf_count=86 127 216 453 371 140 408 98 291 99 241 133 109 176 325
internal_value=-0.000322828 0.00363882 -1.80538e-05 -0.00772619 -0.00393216 -0.00818152 0 -0.00926752 0.0107646 -0.0169283 0.0166365 -0.0237866 0.0138986 0.0194686
internal_weight=306.608 196.324 159.35 110.284 133.313 107.084 58.693 33.7027 26.2297 51.5911 26.037 34.9132 24.9902 36.9738
internal_count=3273 1860 1319 1413 1100 861 692 418 239 721 219 480 274 541
is_linear=0
shrinkage=0.05


Tree=234
num_leaves=18
num_cat=0
split_feature=266 167 364 394 399 260 223 167 264 74 113 117 57 37 244 215 397
split_gain=3.72891 4.96952 5.158 4.39075 5.66751 3.65996 3.41969 5.83831 3.07754 2.75136 2.03 1.63956 1.16915 1.05399 0.795321 0.805637 0.653428
threshold=-0.098036398898802127 -0.7778503886215411 0.55349531259034057 -0.013606748251183408 -0.24811712437159592 0.80909090909090919 -3.9822251888774178 -0.55281688432119613 79.500000000000014 0.10835791184777561 5.5000000000000009 -0.16168556195015685 -0.80729763470656268 0.078860563227777722 0.80909090909090919 5.9607692944852646 -0.0045768657925236772
decision_type=2 2 2 2 2 2 2 2 2 2 2 2 2 2 2 2 2
left_child=5 16 3 4 -3 10 12 11 -4 -5 -1 -8 -7 -10 15 -12 -2
right_child=1 2 8 9 -6 6 7 -9 13 -11 14 -13 -14 -15 -16 -17 -18
leaf_value=0 0.0046752166750891081 -0.014489272218630458 0.025676184897997553 -0.019833035212150244 0.018493833868105405 -0.025449958774900489 0.029522578743592681 -0.014388821412652783 -0.010107411351440934 0.00045845851043786702 -0.035413741542010567 0.0023743736197619279 0 0.0091052900459951958 -0.0050989045008720466 -0.0065510885085645221 0.029665482219606621
leaf_weight=10.244696351699529 11.025414122268559 17.516674297861755 22.702715664170682 48.295049388892949 29.686435509473085 10.351997831836345 17.233985932543877 15.276429224759339 10.125801226124169 17.674680921249092 16.299475373700265 14.593611854128538 10.438241728581486 12.608396280556915 13.34066284354776 10.275141513906418 15.427251311019061
leaf_count=96 217 164 248 423 329 68 106 234 79 179 262 123 107 114 216 128 180
internal_value=-0.000613022 0.00362109 0 -0.00560055 0.0051237 -0.00758873 0 0.00750752 0.01382 -0.0138881 -0.0174143 0.019787 -0.015513 0 -0.0222241 -0.0277411 0.0224844
internal_weight=303.117 185.062 158.61 113.173 47.2031 118.054 67.8943 47.104 45.4369 65.9697 50.16 31.8276 20.7902 22.7342 39.9153 26.5746 26.4527
internal_count=3273 1933 1536 1095 493 1340 638 463 441 602 702 229 175 193 606 390 397
is_linear=0
shrinkage=0.05


Tree=235
num_leaves=1
num_cat=0
split_feature=
split_gain=
threshold=
decision_type=
left_child=
right_child=
leaf_value=0
leaf_weight=
leaf_count=3273
internal_value=
internal_weight=
internal_count=
is_linear=0
shrinkage=1


Tree=236
num_leaves=14
num_cat=0
split_feature=309 37 73 37 162 125 162 86 392 79 63 230 242
split_gain=3.63315 3.37831 4.43868 4.27288 5.21331 6.53967 4.91114 4.20069 5.35422 2.92349 2.28894 1.09037 0.0612518
threshold=0.030355514383049783 0.018063710899972229 1.2533290168399305 0.033456600124164494 1.7537374534293995 -0.21620614612837899 1.2371722321486425 -1357172.4486105011 10.500000000000002 0.99999999999995015 0.47777477175372679 89.500000000000014 0.66176470588235314
decision_type=2 2 2 2 2 2 2 2 2 2 2 2 2
left_child=9 2 10 7 6 -6 -5 -3 -9 -1 11 -2 -11
right_child=1 3 -4 4 5 -7 -8 8 -10 12 -12 -13 -14
leaf_value=-0.0027863610132530911 0.029928508938869038 0.0076359346722421513 -0.015690739186462091 -0.0024130752987331452 0.014428694365219791 -0.023922282089847112 0.019972272263246715 -0.029863557168322653 0.0052303050318620488 0.006674602844922297 -0.00020158772082124723 0.0049149592957129212 0.026188282176824132
leaf_weight=14.669907676056026 18.153403708711267 10.486745522357522 11.300640904344617 57.19268000125885 11.337215470150111 37.177565027959645 35.54759690258652 42.369407786987722 10.26320920139551 11.792006041854622 11.396643359214066 14.308254805393515 17.116269612684846
leaf_count=259 152 72 111 543 80 393 248 465 101 216 91 127 415
internal_value=-0.000310343 -0.00274748 0.00758042 -0.00584535 -0.000552065 -0.0136713 0.00600201 -0.0163725 -0.0222086 0.0123729 0.0152643 0.0216617 0.0211714
internal_weight=303.112 259.533 55.1589 204.374 141.255 48.5148 92.7403 63.1194 52.6326 43.5782 43.8583 32.4617 28.9083
internal_count=3273 2383 481 1902 1264 473 791 638 566 890 370 279 631
is_linear=0
shrinkage=0.05


Tree=237
num_leaves=12
num_cat=0
split_feature=274 207 20 104 71 260 73 126 105 381 74
split_gain=3.60511 3.87589 3.87991 3.09675 3.38453 2.86974 2.80804 2.7165 2.64963 1.91754 0.635013
threshold=0.84336971968861796 1.2633847015110884 0.30815753323032896 -0.06398374494421806 1.22802752819322 0.17272727272727276 1.1708279010695242 -0.002657267262821061 0.19695414555350765 28.48574157369654 -0.12264119478590176
decision_type=2 2 2 2 2 2 2 2 2 2 2
left_child=1 5 3 8 -5 -1 7 -7 -3 -8 -4
right_child=-2 2 10 4 -6 6 9 -9 -10 -11 -12
leaf_value=0.010114954855296038 0.021152867992315087 -0.017130210182414809 0.027304250916781223 0.0087163393923852771 -0.010700610797704194 -0.030054395139987623 -0.014067670759536381 -0.0059028487487460231 0.0053725861848428055 0.010639641737959185 0.0036263086024816791
leaf_weight=10.388652502559124 14.492002572864292 39.558596782386303 12.619233785197141 85.340315889567137 25.497622330673039 28.852222225628793 10.540924245491626 31.2989336932078 13.018043630756436 15.675660438835619 11.793948663398622
leaf_count=143 596 402 77 775 191 322 86 328 114 128 111
internal_value=-0.000641938 -0.00213475 0.00184565 -0.000768666 0.00364608 -0.010186 -0.013445 -0.0191566 -0.0106696 0 0.0193381
internal_weight=299.076 284.584 187.828 163.415 110.838 96.7564 86.3677 60.1512 52.5766 26.2166 24.4132
internal_count=3273 2677 1670 1482 966 1007 864 650 516 214 188
is_linear=0
shrinkage=0.05


Tree=238
num_leaves=1
num_cat=0
split_feature=
split_gain=
threshold=
decision_type=
left_child=
right_child=
leaf_value=0
leaf_weight=
leaf_count=3273
internal_value=
internal_weight=
internal_count=
is_linear=0
shrinkage=1


Tree=239
num_leaves=15
num_cat=0
split_feature=303 364 11 78 162 104 165 112 364 86 7 392 11 399
split_gain=3.47855 3.99426 5.13373 3.31429 3.2294 4.56011 3.36857 3.2119 4.19864 3.19513 2.33253 2.0232 1.3599 0.928943
threshold=-0.09166666666666666 0.45478778702112582 -0.0010893067207508598 1.8301177468064835 1.5132013098852151 0.1369097052804388 -0.0016070126166839109 47.500000000000007 0.53787589952320447 -958507.95445399871 -0.0053073349120746896 3.5000000000000004 0.00087937068990873179 -0.25162202916151549
decision_type=2 2 2 2 2 2 2 2 2 2 2 2 2 2
left_child=1 10 11 9 6 13 -2 8 -8 -4 -1 -3 -9 -6
right_child=4 2 3 -5 5 -7 7 12 -10 -11 -12 -13 -14 -15
leaf_value=0 -0.0165205463860453 -0.03034283134273599 -0.009190348540501039 0.026231344571258055 -0.0044144566003755641 0.0069402166398610451 0.0066026034661065451 0.024345927481433476 -0.023413539259458535 0.010361956679255786 0.026799618612565558 0 0 -0.029370123583589893
leaf_weight=14.961218513548372 21.445518099702895 13.41596330329776 36.514984518289566 13.054233485832809 11.550327828153963 12.056042521260677 29.666761856526136 18.53575531765819 14.305558068677781 40.472831632941961 23.921293404884636 10.479008720256386 11.555267445743082 27.13289848621935
leaf_count=134 309 76 329 102 168 93 326 156 137 521 299 103 90 430
internal_value=-0.000301199 0.00475185 0 0.00546453 -0.0059057 -0.0157194 0 0.00476473 -0.00296981 0.00046641 0.0179563 -0.0193364 0.0168228 -0.0239722
internal_weight=299.068 152.82 113.937 90.042 146.248 50.7393 95.5089 74.0633 43.9723 76.9878 38.8825 23.895 30.091 38.6832
internal_count=3273 1564 1131 952 1709 691 1018 709 463 850 433 179 246 598
is_linear=0
shrinkage=0.05


Tree=240
num_leaves=17
num_cat=0
split_feature=299 28 83 392 214 258 83 399 10 191 126 110 120 19 112 74
split_gain=3.49263 3.43008 3.3443 4.04054 3.64265 2.9858 2.90103 2.80119 2.21669 2.14692 2.14188 6.75025 2.80235 1.6938 1.56553 0.385845
threshold=-0.22186058281958165 0.025472182584801262 -0.18783666598194176 3.5000000000000004 0.24472288151592378 0.51470588235294124 -0.65651742281490499 -0.074702148585761546 0.017609966154339494 0.73505411361499629 -0.0050577446059618105 39.500000000000007 -0.040555544132321146 0.3850987959939558 39.500000000000007 -0.23132871433182287
decision_type=2 2 2 2 2 2 2 2 2 2 2 2 2 2 2 2
left_child=2 14 3 6 13 -6 -1 -7 15 -8 11 -3 -12 -4 -2 -5
right_child=1 10 4 8 5 7 9 -9 -10 -11 12 -13 -14 -15 -16 -17
leaf_value=0.018712438417628121 0.0012231626226409556 -0.018816810885864111 0 -0.0076459909482066296 -0.011859559448048847 0.019226077292573897 0.0039597646912698228 0 0 -0.017916383336891963 0 0.021325656142176842 0.025547889481686598 -0.022712748887855242 -0.020443083903293011 -0.032945044639092577
leaf_weight=10.676204236224292 10.466897305101158 17.202905082143843 10.947426479309799 10.219610237516461 12.647535044699906 40.318882871419191 14.077251281589268 25.74411329254508 10.008713506162165 20.56197914481163 11.615338823758064 18.418243725784123 32.882548091001809 15.781047526746987 11.12352182343602 23.202724029310048
leaf_count=76 158 174 144 124 144 305 111 295 74 197 148 219 676 149 72 207
internal_value=-0.000627278 0.00656414 -0.00469009 -0.0117213 0.000927445 0.00677072 0 0.0114216 -0.0221141 -0.00809059 0.0115447 0.000688842 0.0185899 -0.0135448 -0.00903832 -0.027849
internal_weight=295.895 101.709 194.185 88.7465 105.439 78.7105 45.3154 66.063 43.431 34.6392 80.119 35.6211 44.4979 26.7285 21.5904 33.4223
internal_count=3273 1447 1826 789 1037 744 384 600 405 308 1217 393 824 293 230 331
is_linear=0
shrinkage=0.05


Tree=241
num_leaves=1
num_cat=0
split_feature=
split_gain=
threshold=
decision_type=
left_child=
right_child=
leaf_value=0
leaf_weight=
leaf_count=3273
internal_value=
internal_weight=
internal_count=
is_linear=0
shrinkage=1


Tree=242
num_leaves=7
num_cat=0
split_feature=270 381 399 36 364 372
split_gain=3.42789 3.44391 3.55729 5.55513 7.77547 1.39454
threshold=-1.3619718392836089 12.753815021768448 -0.2988130030439376 0.10906749020691207 0.453904972916575 -1.0000000180025095e-35
decision_type=2 2 2 2 2 2
left_child=-1 5 -3 4 -4 -2
right_child=1 2 3 -5 -6 -7
leaf_value=0.022602719306642895 0.024125310820777134 0.015995510765759915 0.016960763610861587 -0.026553488659465635 -0.0070270671840556038 0
leaf_weight=12.184618718922136 13.268794550560415 17.200313065201044 37.908773527480662 25.084830416366458 178.3109337715432 11.924660381861031
leaf_count=351 199 150 453 293 1686 141
internal_value=-0.000331125 -0.00171672 -0.00364382 -0.00542761 -0.00241876 0.014567
internal_weight=295.883 283.698 258.505 241.305 216.22 25.1935
internal_count=3273 2922 2582 2432 2139 340
is_linear=0
shrinkage=0.05


Tree=243
num_leaves=12
num_cat=0
split_feature=274 207 264 113 163 229 260 73 10 399 21
split_gain=3.41312 3.59531 3.57494 4.76491 3.1244 3.01774 2.69171 2.6283 2.62522 2.16711 1.74619
threshold=0.84336971968861796 1.2633847015110884 33.500000000000007 6.5000000000000009 -0.0058397623130124242 -1.8470866246644202 0.17272727272727276 1.1708279010695242 -0.0070183822887972978 -0.050413430554083656 0.14990315917056954
decision_type=2 2 2 2 2 2 2 2 2 2 2
left_child=1 6 9 5 -5 -4 -1 8 -8 -3 -9
right_child=-2 2 3 4 -6 -7 7 10 -10 -11 -12
leaf_value=0.0097362399388382908 0.020824479946711903 0.022917130019184249 -0.0027321931201281747 0.0034185020714597261 -0.012402100753673609 0.02551408061866095 -0.0016588960327422277 -0.012482079280212997 -0.026440975565483329 0 0.011064439369507626
leaf_weight=10.189027475193141 13.995086076669393 24.754030739888549 10.350691718980672 43.269295728765428 75.687560178339481 19.810284184291959 21.304190069437027 11.608718209899964 37.462655821815133 10.512934905476866 14.067329635843633
leaf_count=143 596 199 101 408 704 142 242 98 408 116 116
internal_value=-0.000680988 -0.00214702 0.0017066 -0.00146079 -0.00629501 0.0149425 -0.00998941 -0.0131937 -0.0187834 0.0154704 0
internal_weight=293.012 279.017 184.385 149.118 118.957 30.161 94.6319 84.4429 58.7668 35.267 25.676
internal_count=3273 2677 1670 1355 1112 243 1007 864 650 315 214
is_linear=0
shrinkage=0.05


Tree=244
num_leaves=1
num_cat=0
split_feature=
split_gain=
threshold=
decision_type=
left_child=
right_child=
leaf_value=0
leaf_weight=
leaf_count=3273
internal_value=
internal_weight=
internal_count=
is_linear=0
shrinkage=1


Tree=245
num_leaves=15
num_cat=0
split_feature=270 32 112 104 71 112 393 112 28 264 222 297 266 292
split_gain=3.34387 4.4824 3.80045 4.45799 3.85762 3.12276 2.78294 3.55111 4.20335 3.8657 2.01706 1.23277 0.313766 0.0838803
threshold=-0.94567746255171126 0.56317100205568493 10.500000000000002 -0.055476713523751144 1.22802752819322 61.500000000000007 -0.17204861663414409 45.500000000000007 0.033895489651608247 92.500000000000014 0.66763416413236498 -0.45023419584138219 -0.0043105711941598531 0.74631319279723651
decision_type=2 2 2 2 2 2 2 2 2 2 2 2 2 2
left_child=1 2 10 5 -5 -4 11 9 -9 13 -1 -2 -3 -8
right_child=6 12 3 4 -6 -7 7 8 -10 -11 -12 -13 -14 -15
leaf_value=0.026867297196044283 0.015980147956864407 0.022810756407963144 -0.00082611712745331908 -0.016731658876974951 0.0078274743325009912 0.023335964289860889 -0.0094364606254414216 0.019783498552740926 -0.013298161161805364 0.00080547290075428735 0 -0.0029714500565785509 0.0033185807225792809 -0.031904471950489476
leaf_weight=14.433037304319443 12.395032517611982 24.282958967611194 31.359558724798262 64.348241308704019 15.891855660825966 16.31935116648674 11.301708023995159 13.720397341065107 19.416981450282037 12.183805266860871 10.555418230593203 10.13384475186467 10.711060851812361 25.970138392411172
leaf_count=135 73 465 309 528 118 145 78 92 333 173 84 161 76 503
internal_value=-0.000292482 0.0035136 0 -0.00386897 -0.0111602 0.00734922 -0.00746687 -0.0118505 0 -0.0199598 0.0164149 0.00614944 0.0188937 -0.0275437
internal_weight=293.023 187.901 152.907 127.919 80.2401 47.6789 105.122 82.593 33.1374 49.4557 24.9885 22.5289 34.994 37.2718
internal_count=3273 1860 1319 1100 646 454 1413 1179 425 754 219 234 541 581
is_linear=0
shrinkage=0.05


Tree=246
num_leaves=14
num_cat=0
split_feature=162 124 74 207 389 309 126 29 215 86 163 230 270
split_gain=3.29311 4.3398 4.12128 4.75367 3.90979 3.88463 4.28208 5.24849 3.34386 3.04101 1.67315 1.38486 1.34537
threshold=0.32698971413760997 -21.499999999999996 -0.25484279346879862 2.1609657333419601 -1.0000000180025095e-35 0.030355514383049783 -0.013428561054148745 0.34205542359188307 2.9650264947361991 -781591.72590499942 0.01315664794910772 54.500000000000007 -0.94567746255171126
decision_type=2 2 2 2 2 2 2 2 2 2 2 2 2
left_child=4 2 8 10 -1 11 9 -8 -2 -7 -4 -3 -6
right_child=1 5 3 -5 12 6 7 -9 -10 -11 -12 -13 -14
leaf_value=0.0046421130003314664 0.023826047955596192 0 -0.033848939512165388 0.0028565335284761635 -0.032158376173151391 -0.015826795608654669 0.017321161253500764 -0.015132502742943275 -0.0067751311319636095 0.01251923534917794 -0.0033625451644966734 -0.022931863934575445 -0.0029282475445959869
leaf_weight=14.52556414157152 12.154839760623874 10.151110582053663 23.1786157656461 16.745821586810052 16.858555416576564 22.957595741376281 104.66455975268036 10.11488800216466 15.700262142345307 10.480420173145829 11.058525063097475 10.241462980397044 10.900831599719824
leaf_count=221 109 169 190 172 266 172 1065 57 169 109 169 299 106
internal_value=-0.000691419 0.0013798 -0.00785213 -0.0162456 -0.0132046 0.00604959 0.00908859 0.0137241 0.00597578 -0.0052709 -0.0264089 -0.0122339 -0.0237106
internal_weight=289.733 247.448 78.8381 50.983 42.285 168.61 148.217 114.779 27.8551 33.438 34.2371 20.3926 27.7594
internal_count=3273 2680 809 531 593 1871 1403 1122 278 281 359 468 372
is_linear=0
shrinkage=0.05


Tree=247
num_leaves=1
num_cat=0
split_feature=
split_gain=
threshold=
decision_type=
left_child=
right_child=
leaf_value=0
leaf_weight=
leaf_count=3273
internal_value=
internal_weight=
internal_count=
is_linear=0
shrinkage=1


Tree=248
num_leaves=14
num_cat=0
split_feature=309 37 110 37 162 125 356 126 79 78 381 110 268
split_gain=3.25892 2.97684 4.97812 3.91042 4.08858 6.03099 4.45182 3.39462 2.67751 2.59592 1.62666 0.89531 0.0495915
threshold=0.030355514383049783 0.018063710899972229 24.500000000000004 0.031609659423213289 1.7537374534293995 -0.21620614612837899 0.55208333333333337 -0.0050577446059618105 0.99999999999994249 1.4698357542233149 27.394565015261424 53.500000000000007 -0.47703624133501238
decision_type=2 2 2 2 2 2 2 2 2 2 2 2 2
left_child=8 2 12 7 6 -6 -5 -3 -1 -4 -9 -10 -2
right_child=1 3 9 4 5 -7 -8 10 11 -11 -12 -13 -14
leaf_value=-0.0046704410457205775 0.028711018767563452 0 -0.02083109295932653 0.018941008317756872 0.014319333128458667 -0.022186095705938252 -0.0026118783776130504 -0.0035858505252654815 0.02562263453383597 0.0055421943355129649 -0.032505905052078822 0.0010495581436680574 0.0067602710104318377
leaf_weight=11.32653056271374 13.900966221466662 16.701567949727178 12.743203709833326 33.232390171848238 11.542963098734615 37.892907198052853 60.237459447234869 12.112133547663687 19.841039680875841 16.113871295936406 23.836964387446642 10.142148836515842 10.119410132989286
leaf_count=210 112 152 115 287 85 415 556 135 527 125 272 153 129
internal_value=-0.000298571 -0.00266287 0.00719287 -0.00564804 -0.000876586 -0.0123772 0.00488349 -0.016955 0.0120093 -0.0053996 -0.0250725 0.0196779 0.0230913
internal_weight=289.744 248.434 52.8775 195.556 142.906 49.4359 93.4698 52.6507 41.3097 28.8571 35.9491 29.9832 24.0204
internal_count=3273 2383 481 1902 1343 500 843 559 890 240 407 680 241
is_linear=0
shrinkage=0.05


Tree=249
num_leaves=15
num_cat=0
split_feature=209 399 110 127 68 268 64 260 244 209 104 82 217 66
split_gain=3.26214 3.82719 5.88857 4.69083 4.37102 3.45409 3.65769 3.31347 2.65839 2.44205 2.8548 2.17124 1.85267 1.1221
threshold=3.7030875607065936 -0.0098011130107906307 48.500000000000007 -1.0000000180025095e-35 0.5905615170343943 -0.58478958455809849 0.60160842875998854 0.48181818181818187 0.80909090909090919 5.1672802424814384 -0.12786377411376407 0.68889211673132034 6.9650594735497693 0.35352163609134485
decision_type=2 2 2 2 2 2 2 2 2 2 2 2 2 2
left_child=1 2 3 7 -5 6 11 -1 -3 10 -7 -2 -4 -12
right_child=5 8 12 4 -6 9 -8 -9 -10 -11 13 -13 -14 -15
leaf_value=0 0.019405491602631553 -0.03005832492320978 0.027224361873434091 -0.013138893367551445 0.014091209079201725 -0.0036818172918175111 -0.021073191537823308 -0.028513679112442864 0 -0.0019025387203360151 8.4454996491720169e-05 -0.0040166232538268306 0 0.024232369350884193
leaf_weight=12.547797016799448 12.280796166509392 20.590332953259352 15.84174670185894 22.627729672938585 30.382177072577178 10.180344916880129 18.691203563474119 28.29531220626086 11.003597347065805 19.751392498612404 10.18156732060015 19.664992179721594 12.171021845191715 41.76661079376936
leaf_count=191 102 276 156 344 447 105 197 271 107 192 77 207 158 443
internal_value=-0.000745919 -0.00580371 -0.00116693 -0.00757554 0.00149394 0.00474105 -0.00469095 -0.0197839 -0.0205914 0.0111228 0.0159283 0.0044496 0.0173478 0.0206725
internal_weight=285.977 153.46 121.866 93.853 53.0099 132.517 50.637 40.8431 31.5939 81.8799 62.1285 31.9458 28.0128 51.9482
internal_count=3273 1950 1567 1253 791 1323 506 462 383 817 625 309 314 520
is_linear=0
shrinkage=0.05


Tree=250
num_leaves=1
num_cat=0
split_feature=
split_gain=
threshold=
decision_type=
left_child=
right_child=
leaf_value=0
leaf_weight=
leaf_count=3273
internal_value=
internal_weight=
internal_count=
is_linear=0
shrinkage=1


Tree=251
num_leaves=11
num_cat=0
split_feature=276 381 364 126 110 372 36 112 301 385
split_gain=3.10153 3.16317 3.29251 4.99186 8.40754 4.86981 4.63467 3.40596 2.25915 1.27035
threshold=0.63802816071639179 12.753815021768448 0.453904972916575 -0.0075836680681798376 41.500000000000007 -0.015729894348964043 0.11011494584478557 15.500000000000002 -0.059784504831663227 1.0000000180025095e-35
decision_type=2 2 2 2 2 2 2 2 2 2
left_child=-1 9 6 4 -4 -5 8 -8 -3 -2
right_child=1 2 3 5 -6 -7 7 -9 -10 -11
leaf_value=0.022039467872032554 0 0.022112523544710154 0.01947386225291348 -0.029934580978256062 -0.011394309418634513 -0.0054109853764481783 0.004745697908413336 -0.027062089698846655 0 0.023526845401306829
leaf_weight=11.524482453241943 11.493829524144532 30.929666447453201 35.619863585568964 32.34927965188399 47.517308660782874 67.623538905754685 13.120426098816099 11.807427651248871 11.258869697339831 12.737214597873388
leaf_count=351 141 288 349 367 380 685 168 137 208 199
internal_value=-0.000264826 -0.00160977 -0.00349438 -0.00705949 0.00146822 -0.0144728 0.0054049 -0.00981877 0.0155612 0.0142568
internal_weight=285.982 274.457 250.226 183.11 83.1372 99.9728 67.1164 24.9279 42.1885 24.231
internal_count=3273 2922 2582 1781 729 1052 801 305 496 340
is_linear=0
shrinkage=0.05


Tree=252
num_leaves=18
num_cat=0
split_feature=309 28 83 392 167 365 41 386 83 110 41 262 191 105 125 37 73
split_gain=3.14249 3.2458 3.20012 3.60051 3.00014 2.80037 2.76919 2.73068 2.66318 2.30365 2.14391 2.11578 1.85879 1.77216 1.73804 1.27101 1.12876
threshold=0.33253559691690882 0.025472182584801262 -0.18783666598194176 3.5000000000000004 -0.22643381033183779 0.26186122196054024 0.0080523417703734692 -0.17905369552242092 -0.65651742281490499 44.500000000000007 0.0077489605564924477 0.43258426966292141 0.73505411361499629 -0.011847250002157911 -0.178133472366726 0.022131026347341549 0.92850430593557787
decision_type=2 2 2 2 2 2 2 2 2 2 2 2 2 2 2 2 2
left_child=2 10 3 8 6 16 9 -3 -1 -4 -2 -8 -10 -6 -9 -16 -5
right_child=1 7 4 5 13 -7 11 14 12 -11 -12 -13 -14 -15 15 -17 -18
leaf_value=0.018066802476454581 -0.022885967046267882 -0.0056994222284629638 -0.020589557046916458 -0.0068912124882133307 -0.020152764203956466 0 0.019982009867616835 0 0.0031636507806315803 0.0073025076050371555 0.0036396872992054356 0 -0.017256100308477081 0 0.0026485552211888384 0.025395666961179189 -0.03609374928883901
leaf_weight=10.098933602683244 10.58644391410053 13.099712157621978 10.899683588184418 11.507652409374716 17.41184470616281 10.595386861823497 34.857160435058177 12.295359483920036 13.560480289161204 10.047407631762324 10.038557372055946 13.503620957955716 20.055176762863994 15.331565337255595 14.61469138227403 33.906238761730492 20.143766201101243
leaf_count=76 66 139 191 142 179 80 284 173 111 94 163 123 200 176 242 649 185
internal_value=-0.000763406 0.00633465 -0.00463781 -0.0116226 0.000933629 -0.0215521 0.00718455 0.0114589 -0.000188271 -0.0058842 -0.0090363 0.0138317 -0.00806898 -0.0103913 0.0160324 0.0200678 -0.0284352
internal_weight=282.554 94.541 188.013 85.9614 102.051 42.2468 69.3079 73.916 43.7146 20.9471 20.625 48.3608 33.6157 32.7434 60.8163 48.5209 31.6514
internal_count=3273 1432 1841 794 1047 407 692 1203 387 285 229 407 311 355 1064 891 327
is_linear=0
shrinkage=0.05


Tree=253
num_leaves=1
num_cat=0
split_feature=
split_gain=
threshold=
decision_type=
left_child=
right_child=
leaf_value=0
leaf_weight=
leaf_count=3273
internal_value=
internal_weight=
internal_count=
is_linear=0
shrinkage=1


Tree=254
num_leaves=13
num_cat=0
split_feature=290 167 125 264 376 260 228 21 10 348 86 111
split_gain=3.06956 3.62639 5.1741 3.70312 4.54845 3.19211 4.15543 2.88694 2.79689 2.2958 1.36244 1.05044
threshold=0.52546919070305331 -0.4894306429280047 -0.18728272043467867 33.500000000000007 0.75000000000000011 0.4272727272727273 3.0138566361435548 0.10051702659397545 0.054880287348430264 0.15673954468601628 -1005932.4777869988 46.500000000000007
decision_type=2 2 2 2 2 2 2 2 2 2 2 2
left_child=1 2 -1 -4 -5 6 -3 -2 10 11 -7 -9
right_child=7 5 3 4 -6 8 -8 9 -10 -11 -12 -13
leaf_value=0.0217458265146151 0.0041810516057540431 0.013379527264848715 -0.024063029760360895 -0.0069640564025490286 0.018905247242785785 0.0064009822275465124 -0.02178566102621321 -0.030920978057155424 0 0 0.0309743735388677 -0.0051294775822991016
leaf_weight=15.626226399093865 18.929128200747073 14.476062370464208 21.02843370474875 82.258032838813961 17.853078417479992 16.974642464891076 12.500950539484618 19.179749941918999 12.78344622440636 12.706247501075266 25.194171726703644 13.042645514942704
leaf_count=125 218 229 156 754 173 179 102 488 122 143 304 280
internal_value=-0.000265969 0.0023891 -0.0023086 -0.00626477 -0.00144998 0.0106243 -0.00179728 -0.00980587 0.0173624 -0.0166348 0.0232717 -0.023227
internal_weight=282.553 218.695 136.766 121.14 100.111 81.9293 26.977 63.8578 54.9523 44.9286 42.1688 32.2224
internal_count=3273 2144 1208 1083 927 936 331 1129 605 911 483 768
is_linear=0
shrinkage=0.05


Tree=255
num_leaves=16
num_cat=0
split_feature=209 386 272 64 386 110 112 217 41 209 104 46 113 162 381
split_gain=3.06345 3.86838 3.20119 3.47238 3.09201 2.6049 5.58938 5.24611 3.03278 2.30561 2.4451 1.76123 1.45047 1.33297 1.0103
threshold=3.7030875607065936 0.40531112610665548 -1.5847895845580984 0.60160842875998854 -0.096002195311148827 47.500000000000007 46.500000000000007 8.6346838103766128 0.0071488653347457657 5.1672802424814384 -0.10805523134202678 0.71573918052483065 22.500000000000004 0.62517390106117132 28.48574157369654
decision_type=2 2 2 2 2 2 2 2 2 2 2 2 2 2 2
left_child=1 5 3 4 -2 7 13 14 -9 10 -4 -12 -8 -7 -1
right_child=2 -3 9 -5 -6 6 12 8 -10 -11 11 -13 -14 -15 -16
leaf_value=-0.034632034109066567 0.018977788918935246 0.01550215674117033 -0.00098350377616233009 -0.020723252983743952 -0.0090002688011861509 8.154583814140481e-06 0 -0.016567874519353858 0.006317354567617302 -0.0018819147825015908 0.026367336736891685 0.0014093347223940707 -0.024897884190225126 0.029417982313707604 -0.0092095799419881844
leaf_weight=22.724661317653954 16.177448643371466 14.658155579119919 11.956189416348932 18.249973303638399 15.225642504170535 10.479320964775981 10.201812391169371 20.088171516545117 33.068532706238329 19.461459227837622 34.150654713623226 14.6593513302505 12.033763080835341 10.424859524704514 15.688796842470763
leaf_count=220 126 243 124 197 183 122 126 274 503 192 350 151 128 112 222
internal_value=-0.000782737 -0.00576197 0.0045681 -0.00456685 0.00435745 -0.00872616 0.000346736 -0.0134046 -0.00186379 0.0107833 0.0155214 0.0203523 -0.0150202 0.0186178 -0.0268756
internal_weight=279.249 149.368 129.881 49.6531 31.4031 134.71 43.1398 91.5702 53.1567 80.2277 60.7662 48.81 22.2356 20.9042 38.4135
internal_count=3273 1950 1323 506 309 1707 488 1219 777 817 625 501 254 234 442
is_linear=0
shrinkage=0.05


Tree=256
num_leaves=1
num_cat=0
split_feature=
split_gain=
threshold=
decision_type=
left_child=
right_child=
leaf_value=0
leaf_weight=
leaf_count=3273
internal_value=
internal_weight=
internal_count=
is_linear=0
shrinkage=1


Tree=257
num_leaves=15
num_cat=0
split_feature=266 165 83 394 240 124 167 209 162 213 110 299 262 20
split_gain=2.92677 3.00406 3.89072 3.55226 4.09402 3.46664 3.16064 3.99552 3.06865 2.56795 1.6081 1.38195 0.991863 0.47607
threshold=-0.36197183928360827 -0.0016679095989189034 0.36074412908804471 -0.01466056427061435 0.92857142857142871 -21.499999999999996 -0.19090903138135051 3.4770734644828494 1.4975261412655152 6.5982486102491853 25.500000000000004 -0.27500000000000108 0.26404494382022475 0.10653267522524013
decision_type=2 2 2 2 2 2 2 2 2 2 2 2 2 2
left_child=-1 8 3 5 -5 -3 7 -4 10 11 -2 -10 -8 -12
right_child=1 2 6 4 -6 -7 12 -9 9 -11 13 -13 -14 -15
leaf_value=0.021702824717944262 0 0.014409145949608718 0.0014711221319946117 -0.0023474708347140955 0.018566543698947498 -0.013650653582306922 0.014408876624317311 -0.030354609053602433 0 0.018125279716080092 -0.00665504646112694 -0.019479555682798515 -0.003233602840017568 -0.030760600739793684
leaf_weight=11.119866369292138 10.495035236701368 11.953012080863116 11.465572056360541 28.794615030288696 64.909042078070343 32.001468564383686 10.028887202963235 21.167470941320062 15.139922162517903 11.094585797749458 11.490942471660675 10.820721218362452 10.686148395296184 18.091395282186568
leaf_count=351 129 117 153 272 754 393 101 204 103 103 128 162 120 183
internal_value=-0.000265324 -0.00159081 0.00157226 0.0062127 0.0117493 -0.0045221 -0.00920772 -0.0185871 -0.00981323 0 -0.0189004 -0.00786059 0.00394164 -0.0244065
internal_weight=279.259 268.139 191.006 137.658 93.7037 43.9545 53.3481 32.633 77.1326 37.0552 40.0774 25.9606 20.715 29.5823
internal_count=3273 2922 2114 1536 1026 510 578 357 808 368 440 265 221 311
is_linear=0
shrinkage=0.05


Tree=258
num_leaves=12
num_cat=0
split_feature=274 207 225 167 191 260 10 355 355 167 1
split_gain=3.01059 3.19071 3.30002 5.61672 2.60684 2.44811 2.26285 2.45583 2.37816 1.71485 0.077122
threshold=0.84336971968861796 1.2633847015110884 2.4481315138180908 -0.43491172161185115 0.64474845167730366 0.20909090909090913 -1.0000000180025095e-35 -0.10811903795124249 0.15150724959440084 -0.20987994965611653 0.00020150311466315965
decision_type=2 2 2 2 2 2 2 2 2 2 2
left_child=1 5 3 4 -3 -1 7 -7 -8 -4 -5
right_child=-2 2 9 10 -6 6 8 -9 -10 -11 -12
leaf_value=0.0081525416142375715 0.020053996749991827 0.01377870343903184 0.023715869943208796 -0.027495556635896763 -0.0014980719552048641 -0.013176423079619705 -0.027976308095386981 0.010634165221332488 0 0 -0.0060133343178431281
leaf_weight=10.992585919797419 12.91807927796617 35.46787785179913 19.497877077199522 14.282584946602585 84.914967834949493 21.792050363030285 29.549084207974374 14.892241050489245 11.893015431240199 10.034695180132983 10.002931150607763
leaf_count=165 596 289 198 144 834 226 332 173 111 102 103
internal_value=-0.000780976 -0.00220524 0.00150488 -0.00138859 0.0028232 -0.00981302 -0.0131651 -0.00217722 -0.020963 0.0160367 -0.0221138
internal_weight=276.238 263.32 174.201 144.668 120.383 89.119 78.1264 36.6843 41.4421 29.5326 24.2855
internal_count=3273 2677 1670 1370 1123 1007 842 399 443 300 247
is_linear=0
shrinkage=0.05


Tree=259
num_leaves=1
num_cat=0
split_feature=
split_gain=
threshold=
decision_type=
left_child=
right_child=
leaf_value=0
leaf_weight=
leaf_count=3273
internal_value=
internal_weight=
internal_count=
is_linear=0
shrinkage=1


Tree=260
num_leaves=16
num_cat=0
split_feature=276 165 365 162 104 104 41 65 104 264 36 358 393 103 3
split_gain=2.88639 3.94781 2.84123 2.80598 4.53267 2.67478 2.37917 2.33521 2.21971 2.41443 1.93701 2.19629 1.48905 1.43164 1.28312
threshold=1.0543225374482887 -0.0016679095989189034 0.11388129079174898 1.3718600302298769 0.077055124044068293 0.12489597695598294 0.0071488653347457657 0.02154571762111324 -0.055476713523751144 66.500000000000014 0.11011494584478557 -0.21786033647260764 -0.14527149268220935 0.1930662563901446 0.0001365308723557668
decision_type=2 2 2 2 2 2 2 2 2 2 2 2 2 2 2
left_child=1 5 -3 6 14 8 13 -7 -1 -10 11 -4 -8 -2 -5
right_child=3 2 10 4 -6 7 12 -9 9 -11 -12 -13 -14 -15 -16
leaf_value=0.00021917073065874103 0.022450615249471995 -0.011140402420640134 -0.0015779335653658981 -0.0042346408599413894 0.0082826490593488136 -0.0061948237318692591 0.0015498192371859055 0.020845908157255996 0 -0.02917240209937836 -0.0021375714121513174 0.018294767576930611 -0.016787290323160311 0 -0.031261132841102678
leaf_weight=15.834147108718751 11.749906252138318 10.179719425737856 10.976956613361834 12.250209259800611 10.33875392610207 10.883641198277475 13.815458217635753 11.964338995516298 11.612152978777887 19.502759454771876 13.081767615862189 73.163485001772642 17.491778356488794 10.2076428392902 23.193471743259579
leaf_count=136 90 105 96 265 169 82 196 80 116 145 135 965 294 112 287
internal_value=-0.0002842 0.003337 0.00942135 -0.00716027 -0.0158446 -0.00534103 0 0.00680666 -0.0123075 -0.0196066 0.0123422 0.0151633 -0.00781003 0.0124288 -0.0242801
internal_weight=276.246 177.199 107.402 99.0472 45.7824 69.797 53.2648 22.848 46.9491 31.1149 97.2222 84.1404 31.3072 21.9575 35.4437
internal_count=3273 1860 1301 1413 721 559 692 162 397 261 1196 1061 490 202 552
is_linear=0
shrinkage=0.05


Tree=261
num_leaves=11
num_cat=0
split_feature=274 125 167 187 167 331 126 64 86 399
split_gain=2.89662 3.18152 4.28963 3.90464 4.90679 3.11842 3.13351 2.5224 1.53645 0.681383
threshold=0.69127245867450748 -0.18728272043467867 -0.75374150841626986 0.14643756712413974 -0.4894306429280047 0.065523314417012812 -0.0014707323615413823 0.41032701775011288 -813109.62821949902 -0.24811712437159592
decision_type=2 2 2 2 2 2 2 2 2 2
left_child=1 9 5 8 -5 6 -3 -2 -4 -1
right_child=7 2 3 4 -6 -7 -8 -9 -10 -11
leaf_value=-0.02751901619483263 0 -0.0014846216861965865 -0.026972218661936071 0.014692679145547109 -0.0069690868182273082 -0.0083645497312444996 0.023788572598280894 0.02578991550660667 0 -0.0046997310296737586
leaf_weight=11.840196220204236 19.108904217369854 12.487355088815091 21.305093233473603 33.256884661503136 88.977145877666771 12.024447388947008 34.494814629666507 14.554124050308017 10.591339049860833 14.715970689430831
leaf_count=65 370 120 243 277 939 99 281 590 145 144
internal_value=-0.000752419 -0.00289102 -0.000508856 -0.00511209 -0.000465416 0.0103744 0.0163849 0.012102 -0.0199155 -0.0183261
internal_weight=273.356 239.693 213.137 154.13 122.234 59.0066 46.9822 33.663 31.8964 26.5562
internal_count=3273 2313 2104 1604 1216 500 401 960 388 209
is_linear=0
shrinkage=0.05


Tree=262
num_leaves=1
num_cat=0
split_feature=
split_gain=
threshold=
decision_type=
left_child=
right_child=
leaf_value=0
leaf_weight=
leaf_count=3273
internal_value=
internal_weight=
internal_count=
is_linear=0
shrinkage=1


Tree=263
num_leaves=19
num_cat=0
split_feature=303 25 120 34 126 104 104 412 226 105 37 44 111 103 231 386 120 390
split_gain=2.82479 2.72319 4.68904 1.97944 2.04853 1.92673 2.31135 3.59822 3.80932 2.44466 1.84695 1.72974 1.42915 1.40855 0.916206 0.681684 0.433106 0.130569
threshold=-0.09166666666666666 0.027904215612277121 -0.035670254340677159 0.021789007155890692 -0.0066049287759964983 0.11611287755699191 -0.053194239205252521 -0.54999999999999993 -4.3161009961935495 -0.094548746756833044 0.062274633118597357 0.45059967092881065 21.500000000000004 0.2215239493942136 8.5000000000000018 -0.12280379611040075 0.0067474500971188575 -0.013336042520208034
decision_type=2 2 2 2 2 2 2 2 2 2 2 2 2 2 2 2 2 2
left_child=5 3 13 11 -5 6 7 8 -1 17 -7 -2 -11 -3 -4 -16 -9 -8
right_child=1 2 14 4 -6 10 9 16 -10 12 -12 -13 -14 -15 15 -17 -18 -19
leaf_value=0.018673103766580185 -0.001554438982159948 0.017890701565620108 -0.00021229625919327199 0.006104074876806558 -0.016701712426803711 0.028619042743276604 -0.0039970844638766182 0.028199893309497459 -0.014166184218714179 -0.0087350677545958225 0 0.019321609868797201 0.009003634863587474 -0.003413300695915584 -0.005162818517299086 -0.027373814572492938 0.0048246060124884412 -0.024328510242218899
leaf_weight=10.299961719661949 10.14348080288619 10.248828503303232 10.117439878638832 12.403602582402529 17.719166736584157 11.672175663523378 10.117995886132123 14.609488949179651 21.730642855167389 14.517896430566905 11.075291927903889 18.888242890127003 25.377787915058434 10.05106301885098 12.540022742003201 30.924702770076692 10.771181221120058 10.152635578066109
leaf_count=132 143 70 161 120 260 163 91 243 175 124 99 184 298 119 120 532 145 94
internal_value=-0.0003297 -0.0056508 -0.0119557 0.00161637 -0.00609915 0.00437885 0.00117024 0.00845933 -0.00148405 -0.00506495 0.0169529 0.0110043 0.00122351 0.00611521 -0.0196469 -0.0227889 0.0216001 -0.0181524
internal_weight=273.362 133.037 73.8821 59.1545 30.1228 140.325 117.578 57.4113 32.0306 60.1663 22.7475 29.0317 39.8957 20.2999 53.5822 43.4647 25.3807 20.2706
internal_count=3273 1709 1002 707 380 1564 1302 695 307 607 262 327 422 189 813 652 388 185
is_linear=0
shrinkage=0.05


Tree=264
num_leaves=14
num_cat=0
split_feature=162 68 221 9 73 393 111 110 307 125 68 62 268
split_gain=2.87448 3.77885 5.51426 4.27757 4.12124 4.59237 3.82397 3.20135 3.12506 2.44086 2.36122 0.927251 0.886155
threshold=0.32698971413760997 0.44133049420217774 12.57481073219803 0.0013907183356851596 1.3017559648675376 -0.083765273654082317 38.500000000000007 36.500000000000007 0.065092363768785036 -0.1829284941954262 0.49489570270423339 0.31952294785435231 -0.36450679804155789
decision_type=2 2 2 2 2 2 2 2 2 2 2 2 2
left_child=10 3 4 7 5 -3 -6 -2 11 -10 12 -4 -1
right_child=1 2 8 -5 6 -7 -8 -9 9 -11 -12 -13 -14
leaf_value=-0.02764947446214689 0 -0.024123076319649082 0.00049009958883463125 -0.0069465101580922705 0.024194572186917934 0 -0.011159830670749793 0.030028400903287306 -0.0012054163023056163 0.020110062755922 0.0023678105688257865 -0.015594557336730104 -0.0028724727873334212
leaf_weight=16.517883121501654 12.700543053448198 49.654778193682432 10.741995030082764 15.011464625596998 12.528104236349465 29.309215609449893 10.393942043185232 26.7232865979895 12.926488795317708 40.156041831709445 11.609003669582306 10.586948538199065 11.57732215896249
leaf_count=326 219 539 146 137 107 317 108 265 150 507 151 185 116
internal_value=-0.000776985 0.00121714 -0.00213848 0.0124994 -0.00979109 -0.0152893 0.00679814 0.0210501 0.00766715 0.014241 -0.0128077 -0.00637708 -0.0203096
internal_weight=270.437 230.733 176.298 54.4353 101.886 78.964 22.922 39.4238 74.4115 53.0825 39.7042 21.3289 28.0952
internal_count=3273 2680 2059 621 1071 856 215 484 988 657 593 331 442
is_linear=0
shrinkage=0.05


Tree=265
num_leaves=1
num_cat=0
split_feature=
split_gain=
threshold=
decision_type=
left_child=
right_child=
leaf_value=0
leaf_weight=
leaf_count=3273
internal_value=
internal_weight=
internal_count=
is_linear=0
shrinkage=1


Tree=266
num_leaves=11
num_cat=0
split_feature=381 266 264 393 264 36 219 383 264 399
split_gain=2.79998 2.77014 2.68222 3.84504 5.14569 3.11069 1.58625 1.18566 0.094317 0.07867
threshold=12.753815021768448 -0.30095888049134467 34.500000000000007 -0.17204861663414409 43.500000000000007 0.029326580499907863 6.4675755455181365 1.0000000180025095e-35 64.500000000000014 -0.25318109153058072
decision_type=2 2 2 2 2 2 2 2 2 2
left_child=7 8 5 6 -5 -3 -4 -1 -2 -7
right_child=1 2 3 4 -6 9 -8 -9 -10 -11
leaf_value=0 0.018906179341177248 0.0030764803392937068 0.00061402630637091826 0.015515295450278599 -0.0084962602797528496 -0.0061201167369933796 0.026513064978695128 0.023565124346720326 0.0018852019424577496 -0.026797928990333487
leaf_weight=11.025451360270383 10.075455545447769 12.007064318284391 16.953479778021578 22.804160519503057 130.96890356903896 10.109704083763061 12.237247144803403 12.91869651339948 10.007901788689194 21.343004132620994
leaf_count=149 280 113 167 233 1417 101 136 230 202 245
internal_value=-0.000323362 -0.0021495 -0.00395793 -0.000922961 -0.00438771 -0.0147742 0.0144836 0.0147672 0.0139377 -0.0227145
internal_weight=270.451 246.507 226.424 182.964 153.773 43.4598 29.1907 23.9441 20.0834 31.4527
internal_count=3273 2894 2412 1953 1650 459 303 379 482 346
is_linear=0
shrinkage=0.05


Tree=267
num_leaves=16
num_cat=0
split_feature=266 167 260 393 216 260 223 167 264 167 268 29 117 28 397
split_gain=2.74077 3.81812 4.06021 3.79895 3.54183 3.09669 2.58859 4.49725 2.26643 1.94171 1.7878 1.56194 1.21367 0.732614 0.140187
threshold=-0.098036398898802127 -0.7778503886215411 0.50000000000000011 -0.089418159437206365 5.4511216661683806 0.80909090909090919 -3.9822251888774178 -0.55281688432119613 49.500000000000007 -0.38177636049114688 -0.34825094661875111 0.050283477232135672 -0.16168556195015685 0.042382257639239099 -0.0034576972132963741
decision_type=2 2 2 2 2 2 2 2 2 2 2 2 2 2 2
left_child=5 14 4 10 8 11 -7 12 -3 -5 -4 13 -8 -1 -2
right_child=1 2 3 9 -6 6 7 -9 -10 -11 -12 -13 -14 -15 -16
leaf_value=-0.0065709470232658222 0.0052967055553521589 -0.014149964037297558 -0.022033999578265715 0.011900447863169005 0.02328614416206275 -0.013785334907755931 0.027512728779232366 -0.01280005046336123 0.012487417402723388 -0.0072427639857370668 0 0 0.0017981924241828582 -0.02922631556165883 0.0268326801453341
leaf_weight=15.374010878149418 10.194131475407632 14.443850079551341 33.111302137374878 25.976237231865525 24.720235942862928 18.845510611310601 15.301475652493538 13.435275819152592 11.041920974850653 18.795664565637708 12.106311823707072 10.717330859042702 12.864045447669922 18.338895991444588 12.309203222859649
leaf_count=277 220 111 254 297 342 175 106 234 162 170 200 139 123 286 177
internal_value=-0.000832328 0.00300565 0 -0.0065239 0.0107885 -0.00716782 0 0.00721238 -0.000754149 0.00286715 -0.0164592 -0.0167355 0.0186761 -0.0216379 0.020808
internal_weight=267.575 162.699 140.196 89.9895 50.206 104.877 60.4463 41.6008 25.4858 44.7719 45.2176 44.4302 28.1655 33.7129 22.5033
internal_count=3273 1933 1536 921 615 1340 638 463 273 467 454 702 229 563 397
is_linear=0
shrinkage=0.05


Tree=268
num_leaves=1
num_cat=0
split_feature=
split_gain=
threshold=
decision_type=
left_child=
right_child=
leaf_value=0
leaf_weight=
leaf_count=3273
internal_value=
internal_weight=
internal_count=
is_linear=0
shrinkage=1


Tree=269
num_leaves=14
num_cat=0
split_feature=303 162 104 167 355 64 71 71 113 141 71 112 26
split_gain=2.66092 2.67888 3.68711 2.72234 3.72052 2.77352 2.17042 2.27636 2.57946 2.44045 1.31419 1.25693 1.20723
threshold=-0.09166666666666666 1.5132013098852151 0.1369097052804388 -0.64872301051733328 0.088428186578713069 0.36757405666531889 0.79273754519196027 1.3744448482538336 4.5000000000000009 1.0000000180025095e-35 1.0813515609328899 37.500000000000007 -0.13447180266847433
decision_type=2 2 2 2 2 2 2 2 2 2 2 2 2
left_child=6 3 12 5 10 -2 -1 8 -8 -10 -5 -6 -3
right_child=1 2 -4 4 11 -7 7 -9 9 -11 -12 -13 -14
leaf_value=0.019496166758999511 0.0034712587831650524 -0.0030275274205379381 0.005539582508675988 0.024916299086345274 -0.017549744613171183 -0.022851059498766632 -0.017587502349780047 0.018398107741260959 0.0093069896665887528 -0.0066244965244136762 0 0.0011736362635233111 -0.02987941588240205
leaf_weight=17.665406505111605 12.239946055691691 11.333065669983624 11.155270246788858 19.079056380316619 11.132145328447224 18.457326260861009 16.924261633306742 14.058138008229433 51.577178693376482 37.327821971848607 12.309323349967597 12.225430543534456 22.111652253195643
leaf_count=347 157 194 93 188 175 247 108 146 561 402 121 130 404
internal_value=-0.000284935 -0.00551863 -0.0150273 0 0.00638151 -0.0114971 0.00431947 0.00125495 -0.00100727 0.00207603 0.0174086 -0.00683471 -0.0231505
internal_weight=267.596 130.043 44.6 85.4432 54.746 30.6973 137.553 119.887 105.829 88.905 31.3884 23.3576 33.4447
internal_count=3273 1709 691 1018 614 404 1564 1217 1071 963 309 305 598
is_linear=0
shrinkage=0.05


Tree=270
num_leaves=14
num_cat=0
split_feature=209 86 125 392 381 71 19 229 355 260 231 260 383
split_gain=2.72047 3.4299 4.64821 5.31021 4.37288 2.91743 2.71192 2.33634 2.78685 1.83619 1.82083 1.42886 1.22714
threshold=3.7030875607065936 10633.353242499963 -0.21163960254655531 9.5000000000000018 12.753815021768448 1.3503774478174404 0.33861101762280471 -2.3186308046312361 -0.13421291026894369 0.77272727272727282 55.500000000000007 0.59090909090909094 4.5000000000000009
decision_type=2 2 2 2 2 2 2 2 2 2 2 2 2
left_child=1 2 -1 4 -4 6 10 8 -8 -9 -2 -5 -7
right_child=5 -3 3 11 -6 12 7 9 -10 -11 -12 -13 -14
leaf_value=-0.028071136854846569 0 -0.025749629880465159 -0.017698513085800682 0 0.01253399604166055 0 -0.0040569767748840366 -0.021076367263122713 0.021956052773883038 0.00089556180631051143 0.025025141208348468 -0.022987247236126329 -0.020620045426786839
leaf_weight=12.390379137359558 14.579910408705471 16.016366697847843 10.273025426547973 10.026729389093818 73.08939171815291 14.340136123821141 13.616493127308788 12.882497789338233 17.876132269389927 13.524794050492345 26.532258595339954 19.261021422222257 10.033321432769297
leaf_count=115 180 180 201 172 1031 169 184 123 164 132 265 251 106
internal_value=-0.000830591 -0.00567248 -0.00216725 0.000903846 0.00774401 0.0043124 0.00838377 0.000344801 0.00988457 -0.00917957 0.0177785 -0.0159274 -0.00950634
internal_weight=264.442 141.057 125.041 112.65 83.3624 123.386 99.0121 57.8999 31.4926 26.4073 41.1122 29.2878 24.3735
internal_count=3273 1950 1770 1655 1232 1323 1048 603 348 255 445 423 275
is_linear=0
shrinkage=0.05


Tree=271
num_leaves=1
num_cat=0
split_feature=
split_gain=
threshold=
decision_type=
left_child=
right_child=
leaf_value=0
leaf_weight=
leaf_count=3273
internal_value=
internal_weight=
internal_count=
is_linear=0
shrinkage=1


Tree=272
num_leaves=11
num_cat=0
split_feature=270 381 364 55 112 86 162 119 105 383
split_gain=2.58722 2.71814 2.85356 4.13285 3.55185 5.78788 3.49521 3.4712 1.82024 1.04812
threshold=-1.3619718392836089 12.753815021768448 0.453904972916575 -0.051682364973659682 54.500000000000007 -1357172.4486105011 1.6976798509967141 -0.20095127058566517 -0.022618238627597768 1.0000000180025095e-35
decision_type=2 2 2 2 2 2 2 2 2 2
left_child=-1 9 3 7 5 -4 -6 -3 -5 -2
right_child=1 2 4 8 6 -7 -8 -9 -10 -11
leaf_value=0.020932444601567221 0 0.010610182826815712 0.0044737757351997701 0 0.010365626801955581 -0.019924435326722306 -0.012487211459122982 -0.019201985468014979 0.025735146758474371 0.022384376227256766
leaf_weight=10.322364126797764 10.620599396526815 12.520810131914915 29.709080254659057 10.518728414550425 42.86571167781949 74.375368356704712 22.505975214764476 19.404138191137463 20.031242084689438 11.599088624119757
leaf_count=351 141 141 233 153 426 905 217 260 247 199
internal_value=-0.000305552 -0.00159672 -0.00342521 0.00509676 -0.00689102 -0.0125632 0.00156393 -0.0061711 0.017861 0.0136438
internal_weight=264.473 254.151 231.931 62.4749 169.456 104.084 65.3717 31.9249 30.55 22.2197
internal_count=3273 2922 2582 801 1781 1138 643 401 400 340
is_linear=0
shrinkage=0.05


Tree=273
num_leaves=12
num_cat=0
split_feature=290 207 216 167 73 260 73 19 21 146 55
split_gain=2.71017 3.17559 3.12003 3.81361 2.88464 1.96467 2.11703 1.62831 1.31802 1.06837 0.975844
threshold=0.67003243097971821 1.2633847015110884 5.8762443833932041 -0.43052588346246862 1.2805464536532916 0.22727272727272729 1.1708279010695242 0.40053722176702145 0.17891621376225889 0.0038040792389413066 -0.019918485839567176
decision_type=2 2 2 2 2 2 2 2 2 2 2
left_child=1 5 3 4 -3 -1 10 -4 -8 -5 -7
right_child=-2 2 7 9 -6 6 8 -9 -10 -11 -12
leaf_value=0.0054578985303901468 0.017328695537536298 -0.0012007239471556674 0.026067692865476 -0.027129515031998203 0.018487042008855495 -0.0029834310484796516 -0.011218504255299638 0 0.010256544251849667 -0.0010388825659581212 -0.024092053793648392
leaf_weight=10.651287967804818 15.356965126935391 94.442639087792486 14.408917744643988 13.318038378842177 19.169329550117254 14.457807013764976 11.463749838992955 12.750907474197446 11.018766431137918 11.210429176688192 33.550747280474752
leaf_count=159 648 932 153 141 181 174 113 141 89 124 418
internal_value=-0.00090411 -0.00243547 0.001302 -0.00152061 0.00208249 -0.0104185 -0.0136227 0.0160394 0 -0.0184341 -0.0192647
internal_weight=261.8 246.443 165.3 138.14 113.612 81.1424 70.4911 27.1598 22.4825 24.5285 48.0086
internal_count=3273 2625 1672 1378 1113 953 794 294 202 265 592
is_linear=0
shrinkage=0.05


Tree=274
num_leaves=1
num_cat=0
split_feature=
split_gain=
threshold=
decision_type=
left_child=
right_child=
leaf_value=0
leaf_weight=
leaf_count=3273
internal_value=
internal_weight=
internal_count=
is_linear=0
shrinkage=1


Tree=275
num_leaves=13
num_cat=0
split_feature=290 104 112 30 276 221 112 110 162 21 244 83
split_gain=2.64349 3.15972 3.17526 4.72165 3.94321 2.71175 2.49312 2.96929 3.4143 2.48906 2.07026 0.666769
threshold=0.52546919070305331 -0.074266817778013805 11.500000000000002 0.0088463886866293421 0.8287401136601602 12.57481073219803 63.500000000000007 44.500000000000007 0.63821639916363815 0.10051702659397545 0.60909090909090924 -0.044438670915700508
decision_type=2 2 2 2 2 2 2 2 2 2 2 2
left_child=1 6 5 -4 -5 -3 7 11 -9 -2 -11 -1
right_child=9 2 3 4 -6 -7 -8 8 -10 10 -12 -13
leaf_value=0.022359641295848803 0.0037105033761346581 0.022104972490731015 0.015396908754550763 0.00049415559831678005 -0.019154962538418266 -0.0046724756410851482 0.026135401000168659 0.0091179347569463002 -0.023802856801087218 0 -0.023705506299383585 0.00017193214391373476
leaf_weight=13.327185040339829 17.655393165536225 19.142663098871711 16.855935192201287 37.291229055263102 54.140424891375005 10.518939973786471 17.819632840808481 10.701360402628781 12.692472837865351 14.54233880760148 26.655620008241385 10.490174696780739
leaf_count=195 218 187 257 397 455 106 202 127 95 300 611 123
internal_value=-0.000247848 0.00228335 -0.00172116 -0.00601049 -0.0108503 0.0115211 0.0112143 0.00336164 -0.00752439 -0.00947343 -0.016123 0.0155641
internal_weight=261.833 202.98 137.949 108.288 91.4317 29.6616 65.0308 47.2112 23.3938 58.8534 41.198 23.8174
internal_count=3273 2144 1402 1109 852 293 742 540 222 1129 911 318
is_linear=0
shrinkage=0.05


Tree=276
num_leaves=14
num_cat=0
split_feature=162 68 219 389 74 383 37 16 386 62 62 270 71
split_gain=2.5827 3.40015 4.31881 3.22143 3.07774 4.18988 4.00733 3.88692 3.60416 2.64731 1.65037 1.34477 0.188999
threshold=0.32698971413760997 0.44133049420217774 2.8341156285743989 -1.0000000180025095e-35 -0.24735820512710269 2.5000000000000004 0.095686111108438096 0.0012913214995789819 -0.10873200737906429 0.2882997242815134 0.61744164181599082 -0.94567746255171126 0.98853945644238184
decision_type=2 2 2 2 2 2 2 2 2 2 2 2 2
left_child=3 2 -2 -1 7 10 -7 8 -3 -4 -6 -5 -9
right_child=1 4 9 11 5 6 -8 12 -10 -11 -12 -13 -14
leaf_value=0.0041794504163779368 -0.0068611182566126723 0.014545130137281627 0 -0.031261473138998769 -0.001755548431326828 -0.017643398689020894 0.0098357207027179316 0.0056818931658008951 -0.013853947417585138 0.029300311715412822 0.020020461655937821 -0.0015499707838348006 0.028090243008756732
leaf_weight=13.012275890912859 15.704689393751321 14.197922837920485 10.880673058331011 14.975735576823352 10.504571705125274 71.258701259735972 11.620623040013013 10.426400656811895 26.343037087470293 25.411370487883687 12.706604683306066 10.102645708248021 11.961878985166548
leaf_count=221 167 160 199 266 150 761 192 167 336 255 196 106 97
internal_value=-0.000928732 0.000990582 0.0119522 -0.0125414 -0.0022406 -0.00756827 -0.0129993 0.00591846 -0.00244301 0.0212681 0.00918484 -0.0225176 0.0215284
internal_weight=259.107 221.016 51.9967 38.0907 169.02 106.091 82.8793 62.9292 40.541 36.292 23.2112 25.0784 22.3883
internal_count=3273 2680 621 593 2059 1299 953 760 496 454 346 372 264
is_linear=0
shrinkage=0.05


Tree=277
num_leaves=1
num_cat=0
split_feature=
split_gain=
threshold=
decision_type=
left_child=
right_child=
leaf_value=0
leaf_weight=
leaf_count=3273
internal_value=
internal_weight=
internal_count=
is_linear=0
shrinkage=1


Tree=278
num_leaves=15
num_cat=0
split_feature=290 165 348 112 365 63 162 348 36 213 104 73 365 103
split_gain=2.49128 3.47733 2.89566 2.88096 2.36199 2.66138 2.23043 3.03263 2.06911 2.05324 1.54701 0.895345 0.726659 0.508121
threshold=0.51263233513337525 -0.0016679095989189034 0.15673954468601628 43.500000000000007 0.11661903789385132 0.27550824132514445 1.4975261412655152 -0.11784110789021422 0.10906749020691207 6.5982486102491853 -0.028205304742643836 1.0125772477037229 0.18811528874498579 0.20741034833083263
decision_type=2 2 2 2 2 2 2 2 2 2 2 2 2 2
left_child=1 6 3 12 -3 8 7 -1 -6 11 -7 -8 -2 -4
right_child=2 4 13 -5 5 10 9 -9 -10 -11 -12 -13 -14 -15
leaf_value=-0.024679696312033279 -0.032676626486767418 -0.010132184437674312 0.011214202743678854 0 0.017913154451026782 0.0070170909425988533 0.0022941653344644222 0.001282322325441714 -0.0015859778451118565 0.018627509711770102 -0.012466300987139333 -0.013313971781172466 -0.0053829979576681649 -1.6375992326083377e-05
leaf_weight=22.700723765417933 16.286285614129159 11.946342295035718 10.459012877196075 15.469396412838249 69.575279443059117 19.240390832535923 10.684921066276731 13.45884591899812 10.581228760071097 10.418919647112487 14.889271300286053 12.710286658257244 10.155824609100817 10.559132627677171
leaf_count=204 366 132 98 320 918 186 89 128 115 81 133 119 219 165
internal_value=-0.000240003 0.00235501 -0.0088283 -0.0163156 0.00742943 0.00990366 -0.00604314 -0.0143817 0.0147735 0.00196094 -0.000456514 -0.00484068 -0.0255087 0.00419308
internal_weight=259.136 196.206 62.9297 41.9115 126.233 114.286 69.9737 36.1596 80.1565 33.8141 34.1297 23.3952 26.4421 21.0181
internal_count=3273 2105 1168 905 1484 1352 621 332 1033 289 319 208 585 263
is_linear=0
shrinkage=0.05


Tree=279
num_leaves=15
num_cat=0
split_feature=266 167 364 219 221 113 167 223 264 56 353 213 163 146
split_gain=2.53892 3.38239 3.76821 2.84068 3.33797 2.66848 2.82612 2.17124 2.1492 1.93874 1.34928 1.10362 0.512018 0.0104287
threshold=-0.098036398898802127 -0.7778503886215411 0.55349531259034057 8.8721416974419078 9.0511230327780563 4.5000000000000009 -0.81277691505163097 -4.2000744727850359 79.500000000000014 0.56141023422001435 0.0097549769106614753 5.041338511932917 -0.0030614791557599984 -0.00079619725150538727
decision_type=2 2 2 2 2 2 2 2 2 2 2 2 2 2
left_child=5 13 3 4 -3 11 7 -7 -4 12 -5 -1 -8 -2
right_child=1 2 8 10 -6 6 9 -9 -10 -11 -12 -13 -14 -15
leaf_value=0.017216353578344456 0.025756542816743194 0.0030356462706866739 0.023298478579080129 -0.0032232873526865848 -0.018205493690663987 -0.011508865444504073 -0.0048037495464630757 0.013770622141543842 0 0 0.015711709352648952 -0.00099190107591918403 -0.026970943425453323 0.0054559496676530369
leaf_weight=10.102682941593232 11.215341866482051 22.280993658583611 18.779808737803251 10.332115688361229 47.622253139037639 13.18625855445862 11.064403053373097 14.319698886014519 19.402313875965774 12.701726680155842 15.800842152442781 10.127774458378552 29.454662818927318 10.025340073276309
leaf_count=88 226 226 248 102 504 129 164 97 193 302 263 114 446 171
internal_value=-0.000869761 0.0029038 0 -0.00547718 -0.0109029 -0.00707756 -0.0113264 7.26926e-05 0.0125144 -0.0177966 0.00694815 0.00699767 -0.0228152 0.0200986
internal_weight=256.416 155.459 134.218 96.0362 69.9032 100.957 80.7267 27.506 38.1821 53.2208 26.133 20.2305 40.5191 21.2407
internal_count=3273 1933 1536 1095 730 1340 1138 226 441 912 365 202 610 397
is_linear=0
shrinkage=0.05


Tree=280
num_leaves=1
num_cat=0
split_feature=
split_gain=
threshold=
decision_type=
left_child=
right_child=
leaf_value=0
leaf_weight=
leaf_count=3273
internal_value=
internal_weight=
internal_count=
is_linear=0
shrinkage=1


Tree=281
num_leaves=11
num_cat=0
split_feature=309 37 74 37 28 393 167 385 130 126
split_gain=2.52146 2.50922 3.05603 3.01366 4.09754 3.48472 2.64425 2.32195 1.85571 1.36237
threshold=0.030355514383049783 0.018063710899972229 -0.10541728059513227 0.033456600124164494 0.025472182584801262 -0.083765273654082317 -0.81277691505163097 3.5000000000000004 -6.4999999999999991 -1.0000000180025095e-35
decision_type=2 2 2 2 2 2 2 2 2 2
left_child=8 2 -2 5 -5 9 -4 -6 -1 -3
right_child=1 3 6 4 7 -7 -8 -9 -10 -11
leaf_value=0 0.021638110935743835 0.0097409328133669388 -0.017483504347585981 0.02203925884257522 -0.0088422294293591316 -0.0262944745947295 0.0095401911597841667 0.0070587763361074493 0.021305743870140736 -0.011265888356310524
leaf_weight=18.151363896206021 18.219499505124986 12.166126166470349 13.479331806302072 13.676692464388905 80.910905489232391 28.117571603041142 15.563347723335026 25.693564453627914 17.972002781461924 12.497008696198463
leaf_count=292 170 136 139 99 866 389 172 299 598 113
internal_value=-0.000315458 -0.00254706 0.00692631 -0.00549211 -0.000583026 -0.01515 -0.00190429 -0.00446531 0.0111692 0
internal_weight=256.447 220.324 47.2622 173.062 120.281 52.7807 29.0427 106.604 36.1234 24.6631
internal_count=3273 2383 481 1902 1264 638 311 1165 890 249
is_linear=0
shrinkage=0.05


Tree=282
num_leaves=15
num_cat=0
split_feature=209 386 71 19 372 260 66 229 364 260 15 111 381 104
split_gain=2.50017 3.17249 2.73349 2.50462 2.36278 2.73579 2.69851 2.06133 1.94449 1.7004 1.6151 1.58206 1.01333 0.0015112
threshold=3.7030875607065936 0.40531112610665548 1.3503774478174404 0.33861101762280471 0.095133188582693942 0.35454545454545461 0.41297515842915306 -2.3186308046312361 0.45079758215773147 0.77272727272727282 0.0013045143628482613 46.500000000000007 28.48574157369654 -0.025833524841741298
decision_type=2 2 2 2 2 2 2 2 2 2 2 2 2 2
left_child=1 4 3 11 5 10 -7 8 -5 -9 -1 13 -4 -2
right_child=2 -3 12 7 -6 6 -8 9 -10 -11 -12 -13 -14 -15
leaf_value=-0.0072494585520921336 0.0079310564756963509 0.014262901715419033 -0.017441118275547004 -0.0014124851077937481 0.008581726202514163 -0.00038078386508386824 -0.021353173233469191 -0.020456228003257974 0.020085501827091182 0.0008837559103838697 0.015070341846834024 0 0 0.029540321361442613
leaf_weight=13.422495654784145 10.835194596089423 13.281120101921259 13.07693872973323 13.94574692938477 12.523141783662139 27.5009173322469 56.758985620457679 12.367741256020965 16.313697239384055 13.159618210047482 11.326485451310871 13.625332616269587 10.412400623783467 15.224172018002719
leaf_count=249 113 243 143 196 147 434 693 123 152 132 184 180 132 152
internal_value=-0.00086369 -0.00562628 0.00412922 0.00815954 -0.00849253 -0.0110778 -0.0153296 0.00023653 0.00944062 -0.00876649 0.00168838 0.0173265 -0.0094332 0.0240224
internal_weight=253.774 134.813 118.961 95.4715 121.532 109.009 84.2599 55.7868 30.2594 25.5274 24.749 39.6847 23.4893 26.0594
internal_count=3273 1950 1323 1048 1707 1560 1127 603 348 255 433 445 275 265
is_linear=0
shrinkage=0.05


Tree=283
num_leaves=1
num_cat=0
split_feature=
split_gain=
threshold=
decision_type=
left_child=
right_child=
leaf_value=0
leaf_weight=
leaf_count=3273
internal_value=
internal_weight=
internal_count=
is_linear=0
shrinkage=1


Tree=284
num_leaves=12
num_cat=0
split_feature=309 37 110 37 162 5 162 79 393 349 120
split_gain=2.37534 2.40771 3.72609 2.87967 3.28368 4.19166 3.40307 2.19214 2.15126 1.68551 1.27821
threshold=0.030355514383049783 0.018063710899972229 24.500000000000004 0.031609659423213289 1.7537374534293995 -0.00064093082340249674 1.2446685230977863 0.99999999999995015 -0.083765273654082317 -10.499999999999998 -0.028094130765088762
decision_type=2 2 2 2 2 2 2 2 2 2 2
left_child=7 2 -2 8 6 -6 -5 -1 10 -4 -3
right_child=1 3 9 4 5 -7 -8 -9 -10 -11 -12
leaf_value=-0.0027157129952613684 0.02141089275723957 -0.012986657915590998 0.0053652532667931279 -0.0026859463538982838 0.0015941357822335717 -0.026461092894663592 0.016990992030524756 0.019449836609623343 -0.025168331071077462 -0.016516884064378592 0.0082144377702043705
leaf_weight=12.247678029816596 21.103770470246673 10.849484496284278 12.749434670433404 51.667228864971548 21.977172673214227 21.365441268309951 30.942400838248432 23.266134502366185 24.705013328697532 12.870412489399312 10.057923104614018
leaf_count=259 241 108 106 589 230 270 254 631 338 134 113
internal_value=-0.0003388 -0.00251468 0.00680669 -0.00541302 -0.000969641 -0.0119743 0.00443737 0.0108913 -0.0158372 -0.00445949 -0.000945105
internal_weight=253.802 218.288 46.7236 171.565 125.952 43.3426 82.6096 35.5138 45.6124 25.6198 20.9074
internal_count=3273 2383 481 1902 1343 500 843 890 559 240 221
is_linear=0
shrinkage=0.05


Tree=285
num_leaves=11
num_cat=0
split_feature=309 28 125 33 25 119 254 38 213 167
split_gain=2.53565 2.39541 2.3184 2.66349 3.58987 3.84647 1.74728 1.19021 1.14699 2.14875
threshold=0.32539821530650737 0.025472182584801262 -0.18728272043467867 0.083412736164923437 0.054517063088107005 -0.085852464638549994 0.96153846153846168 0.58983043421512737 3.9527067953094619 -0.22643381033183779
decision_type=2 2 2 2 2 2 2 2 2 2
left_child=2 -2 -1 4 5 -4 -3 -6 -8 -10
right_child=1 6 3 -5 7 -7 8 -9 9 -11
leaf_value=-0.021094351522071151 -0.0080922236203683807 -7.0426603531996033e-05 0.017097843103703016 0.015295161047889087 -0.027588188060626691 -0.0052887944684899988 0 -0.00030527287704811186 0.025700460099041228 0
leaf_weight=16.627489731647074 18.182419850490987 19.716302673798054 21.526784682646394 15.291291967965661 16.661301806569103 84.450860639102757 10.251176792196928 10.003254043869672 27.50268111703917 11.264373889658602
leaf_count=164 230 360 182 127 155 1080 166 107 529 173
internal_value=-0.000824332 0.00571672 -0.00461805 -0.0020524 -0.00471493 0 0.0102523 -0.0201044 0.0151301 0.0188085
internal_weight=251.478 86.917 164.561 147.933 132.642 105.978 68.7345 26.6646 49.0182 38.7671
internal_count=3273 1458 1815 1651 1524 1262 1228 262 868 702
is_linear=0
shrinkage=0.05


Tree=286
num_leaves=1
num_cat=0
split_feature=
split_gain=
threshold=
decision_type=
left_child=
right_child=
leaf_value=0
leaf_weight=
leaf_count=3273
internal_value=
internal_weight=
internal_count=
is_linear=0
shrinkage=1


Tree=287
num_leaves=16
num_cat=0
split_feature=305 103 28 112 41 399 162 110 221 356 9 119 209 290 30
split_gain=2.34738 2.45057 2.81277 3.84583 2.52647 4.799 2.37377 2.18497 2.47215 2.14837 1.73732 1.51155 0.850202 0.789964 0.604378
threshold=0.032808099129130609 0.20206607018336933 0.058189554168879547 13.500000000000002 0.010497946648042265 -0.25162202916151549 1.3303422119746391 48.500000000000007 12.620490809901993 0.76041666666666685 0.0014237167187297619 -0.0090645791471368024 3.7368517725055956 0.43543016792104722 0.010520995053965801
decision_type=2 2 2 2 2 2 2 2 2 2 2 2 2 2 2
left_child=7 4 11 -4 6 -6 -2 8 -1 -7 -9 -3 -10 -13 -5
right_child=1 2 3 14 5 9 -8 10 12 -11 -12 13 -14 -15 -16
leaf_value=0.0220574316213119 0.02049799426576766 -0.010741939878055886 0.0050496988980196743 -0.0050006744560244223 0.019070601937046166 -0.021829565927817065 -0.0031480206819080657 -0.013999404590387466 0.008310936171593987 0.00042165226981694153 0.0062446426925269532 0.0169196260798186 -0.0073329735132597815 0 -0.029283717995203441
leaf_weight=26.648582171648741 23.051311222836375 13.334525518584995 10.05084013706073 10.319447425659744 10.752206203062086 25.795783688314259 11.327396884560583 16.966415573842824 15.44143416779116 10.495987165719269 16.360648508183658 10.514905493706467 12.839386118575929 10.011782860849051 27.580570894759148
leaf_count=474 215 185 105 106 106 322 168 173 327 93 183 108 139 138 431
internal_value=-0.000392415 -0.00410465 -0.010147 -0.0175898 0.00151915 -0.00520834 0.0117419 0.00583487 0.0119298 -0.0145809 -0.00298999 0 0 0.00897254 -0.0247462
internal_weight=251.491 163.235 81.8121 47.9509 81.4227 47.044 34.3787 88.2565 54.9294 36.2918 33.3271 33.8612 28.2808 20.5267 37.9
internal_count=3273 1977 1073 642 904 521 383 1296 940 415 356 431 466 246 537
is_linear=0
shrinkage=0.05


Tree=288
num_leaves=12
num_cat=0
split_feature=268 207 20 28 33 268 126 364 141 21 352
split_gain=2.42584 2.72071 3.07799 1.96975 2.96975 2.07128 1.71443 3.20885 2.50994 1.65567 0.268287
threshold=-0.15643084707072027 1.2882917369326974 0.31441054812220243 0.081377415742462308 0.050519768992187679 -0.62234945076420234 -0.002657267262821061 0.55241141722816767 1.0000000180025095e-35 0.15258284986865109 0.18835087964362865
decision_type=2 2 2 2 2 2 2 2 2 2 2
left_child=1 6 3 4 -3 -5 7 10 9 -8 -1
right_child=-2 2 -4 5 -6 -7 8 -9 -10 -11 -12
leaf_value=-0.031662424927000166 0.018802958739056744 0.00018205735101686437 0.018694215201142953 -0.0037969271991709326 -0.017277256360822498 0.019517571047680551 -0.019253099374658852 0.0017228605263705052 0.01518332924293346 0 -0.0071100418438050277
leaf_weight=16.79467199603096 11.323110463563351 77.505895188078284 19.529890679754317 10.766067842021586 29.282053105533123 17.578389834612608 16.373575505800545 10.956533550284801 11.404884319752453 17.252200466580689 10.07521424256265
leaf_count=221 595 822 178 125 312 205 193 107 132 253 130
internal_value=-0.000849655 -0.00221727 0.00144271 -0.00104043 -0.00449128 0.00955102 -0.00944311 -0.0170396 -0.00135518 -0.00911391 -0.0257689
internal_weight=248.842 237.519 154.662 135.132 106.788 28.3445 82.8571 37.8264 45.0307 33.6258 26.8699
internal_count=3273 2678 1642 1464 1134 330 1036 458 578 446 351
is_linear=0
shrinkage=0.05


Tree=289
num_leaves=1
num_cat=0
split_feature=
split_gain=
threshold=
decision_type=
left_child=
right_child=
leaf_value=0
leaf_weight=
leaf_count=3273
internal_value=
internal_weight=
internal_count=
is_linear=0
shrinkage=1


Tree=290
num_leaves=7
num_cat=0
split_feature=266 381 119 36 364 113
split_gain=2.2534 2.2853 2.2626 4.75315 5.19565 0.337896
threshold=-0.30095888049134467 12.753815021768448 -0.27769101867689477 0.10906749020691207 0.453904972916575 20.500000000000004
decision_type=2 2 2 2 2 2
left_child=-1 5 -3 4 -4 -2
right_child=1 2 3 -5 -6 -7
leaf_value=0.014329312381228171 0 0.011452150840330242 0.014836543897166888 -0.026566511004144696 -0.0067059392335691668 0.018389186499741767
leaf_weight=19.881544449366629 10.065722365863623 17.121081372257322 31.088589893188328 21.224203951656818 139.40978836314753 10.057457370683549
leaf_count=546 110 160 418 300 1534 205
internal_value=-0.000385684 -0.00204775 -0.0038347 -0.00561202 -0.00230109 0.0124268
internal_weight=248.848 228.967 208.844 191.723 170.498 20.1232
internal_count=3273 2727 2412 2252 1952 315
is_linear=0
shrinkage=0.05


Tree=291
num_leaves=9
num_cat=0
split_feature=274 125 33 25 86 64 38 260
split_gain=2.38123 2.62832 3.2891 3.17171 4.18792 2.11974 1.97717 1.31836
threshold=0.69127245867450748 -0.18728272043467867 0.083412736164923437 0.057318099882887961 -978227.10601999867 0.41032701775011288 0.61582974882854324 0.70000000000000007
decision_type=2 2 2 2 2 2 2 2
left_child=1 7 3 4 -3 -2 -5 -1
right_child=5 2 -4 6 -6 -7 -8 -9
leaf_value=0 0 0.0091599239273406092 0.017405161802884313 -0.025656983174257943 -0.0076440163926133108 0.024686924510301723 0 -0.025932373538208788
leaf_weight=10.000359330326321 17.331182183697823 66.354451801627874 18.854908913373947 19.085996820591394 76.592461437452585 12.703167604282497 11.729364040307699 14.353318762034176
leaf_count=95 370 639 201 173 970 590 121 114
internal_value=-0.000861436 -0.00291391 -0.000574461 -0.00307058 0 0.0113704 -0.0168455 -0.0174968
internal_weight=247.005 216.971 192.617 173.762 142.947 30.0343 30.8154 24.3537
internal_count=3273 2313 2104 1903 1609 960 294 209
is_linear=0
shrinkage=0.05


Tree=292
num_leaves=1
num_cat=0
split_feature=
split_gain=
threshold=
decision_type=
left_child=
right_child=
leaf_value=0
leaf_weight=
leaf_count=3273
internal_value=
internal_weight=
internal_count=
is_linear=0
shrinkage=1


Tree=293
num_leaves=12
num_cat=0
split_feature=290 165 20 21 162 163 229 111 349 209 348
split_gain=2.19818 3.20324 2.28153 2.22477 2.15596 1.89316 2.02952 1.85955 1.79946 1.81129 1.64926
threshold=0.52546919070305331 -0.0016679095989189034 0.33062368905582967 0.10313204235919503 1.1331027466489398 -0.0141472219103229 -0.21632466234225264 46.500000000000007 -13.499999999999998 4.4322064557881715 -0.1214282616108488
decision_type=2 2 2 2 2 2 2 2 2 2 2
left_child=1 4 5 -2 10 -3 -7 -5 -6 -10 -1
right_child=3 2 -4 7 8 6 -8 -9 9 -11 -12
leaf_value=-0.024387615034597215 0.0030775791439717928 -0.0056968504547654265 -0.0071880939228014078 -0.025771345341038122 0.012046314998336582 0.016037754387857213 0 -0.00095480524304371577 0.0026574247586881889 -0.021282057631918233 0
leaf_weight=17.652004472911361 17.848891225643456 11.234019910916684 18.184364221990108 19.240234741475433 17.819115841761231 74.542037424165756 20.398590705357492 18.628935528453439 11.26337647251785 10.043941432610152 10.169438227079807
leaf_count=177 230 113 187 528 139 1015 200 371 123 82 108
internal_value=-0.00038626 0.00197149 0.00685834 -0.00902019 -0.00629608 0.00985344 0.0123221 -0.015753 0.000263387 -0.00780415 -0.0162709
internal_weight=247.025 191.307 124.359 55.7181 66.9479 106.175 94.9406 37.8692 39.1264 21.3073 27.8214
internal_count=3273 2144 1515 1129 629 1328 1215 899 344 205 285
is_linear=0
shrinkage=0.05


Tree=294
num_leaves=13
num_cat=0
split_feature=393 299 64 399 113 37 33 65 41 126 110 381
split_gain=2.30183 2.46431 2.15388 4.61453 3.89081 3.12493 4.73333 2.65678 2.14986 1.71027 2.70952 1.56743
threshold=1.0000000180025095e-35 -0.22186058281958165 0.54154809597590292 -0.068780185297630789 21.500000000000004 0.077103926294824474 0.072183218140329825 -0.070148445827528036 0.0033602860465616505 -0.0039213191313864906 42.500000000000007 13.057334584860032
decision_type=2 2 2 2 2 2 2 2 2 2 2 2
left_child=1 2 3 7 -5 6 -4 -1 -3 10 -10 -11
right_child=-2 8 5 4 -6 -7 -8 -9 9 11 -12 -13
leaf_value=-0.0072995377666579741 0.013979460218865911 -0.010938686207111211 -0.029806092422298515 0.0052140085273185369 -0.025002779277225842 0.00288351246913992 0 0.016502352885020527 -0.014180773513046252 0 0.013597388479074017 0.024082359381429903
leaf_weight=11.579939388670025 19.902668165042996 12.931690788362173 31.834697131067514 12.543442039284853 23.303770155180246 17.622633293271065 19.168807927519083 34.689153610728681 14.382673984393479 12.668983524199573 14.730852049309759 19.727344000246376
leaf_count=156 251 158 365 138 440 174 169 283 176 218 184 561
internal_value=-0.000824442 -0.00251858 -0.00629369 -0.000130302 -0.0135563 -0.0126562 -0.0188133 0.00944878 0.00442795 0.00879213 0 0.0161764
internal_weight=245.087 225.184 150.742 82.1163 35.8472 68.6261 51.0035 46.2691 74.4415 61.5099 29.1135 32.3963
internal_count=3273 3022 1725 1017 578 708 534 439 1297 1139 360 779
is_linear=0
shrinkage=0.05


Tree=295
num_leaves=1
num_cat=0
split_feature=
split_gain=
threshold=
decision_type=
left_child=
right_child=
leaf_value=0
leaf_weight=
leaf_count=3273
internal_value=
internal_weight=
internal_count=
is_linear=0
shrinkage=1


Tree=296
num_leaves=11
num_cat=0
split_feature=309 37 37 162 41 357 74 126 167 79
split_gain=2.16749 2.09717 2.66692 3.18182 4.2562 3.16078 2.653 2.31289 2.22717 2.04355
threshold=0.030355514383049783 0.018063710899972229 0.031609659423213289 1.7537374534293995 0.016701814494050476 0.44791666666666669 -0.10541728059513227 -0.0050577446059618105 -0.81277691505163097 0.99999999999995015
decision_type=2 2 2 2 2 2 2 2 2 2
left_child=9 6 7 5 -5 -4 -2 -3 -8 -1
right_child=1 2 3 4 -6 -7 8 -9 -10 -11
leaf_value=-0.0027176154827617737 0.020293756324225067 0 -0.0021856243374947936 -0.022462882740856061 0.008065892973950951 0.017211428011535478 -0.016670704864068724 -0.022873413818502476 0.0085083550190253408 0.018916021168418784
leaf_weight=11.855721506290136 17.34536341112107 14.218344266060738 52.050437479279935 28.81016156449914 12.870733354706315 28.270344817079604 12.85828396305442 29.694463544059545 14.811241589952258 22.333129936829209
leaf_count=259 170 152 556 373 127 287 139 407 172 631
internal_value=-0.00043769 -0.00255892 -0.00531327 -0.000949176 -0.0120082 0.00441532 0.0062493 -0.015536 -0.00204843 0.0104555
internal_weight=245.118 210.929 165.914 122.002 41.6809 80.3208 45.0149 43.9128 27.6695 34.1889
internal_count=3273 2383 1902 1343 500 843 481 559 311 890
is_linear=0
shrinkage=0.05


Tree=297
num_leaves=10
num_cat=0
split_feature=274 207 20 7 10 167 225 73 120
split_gain=2.21679 2.6299 2.78745 1.75129 2.52208 1.67693 3.45077 1.98854 1.53327
threshold=0.84336971968861796 1.2882917369326974 0.31441054812220243 0.0026750582235631763 1.0000000180025095e-35 -0.43491172161185115 2.4882970513749649 1.2805464536532916 -0.0043842592179207931
decision_type=2 2 2 2 2 2 2 2 2
left_child=1 3 5 4 8 7 -7 -3 -1
right_child=-2 2 -4 -5 -6 6 -8 -9 -10
leaf_value=0.0057450721572550774 0.018294882008898221 -0.00093225106346415856 0.018052724858369198 0.00256756895984845 -0.02460984266618407 -0.023406257503514858 0.0069145539937274392 0.01625878369442291 -0.012150080390012084
leaf_weight=17.591998901218176 10.815102647989987 85.011999943293631 19.093133406713605 16.373871251940727 25.938433799427003 18.72935347631574 11.163457184098659 16.822709010448307 20.718040227890015
leaf_count=196 596 919 178 208 320 209 168 168 311
internal_value=-0.000820108 -0.00214928 0.00148495 -0.00935516 -0.0131162 -0.000893841 -0.010965 0.0018147 -0.0029018
internal_weight=242.258 231.443 150.821 80.6223 64.2485 131.728 29.8928 101.835 38.31
internal_count=3273 2677 1642 1035 827 1464 377 1087 507
is_linear=0
shrinkage=0.05


Tree=298
num_leaves=1
num_cat=0
split_feature=
split_gain=
threshold=
decision_type=
left_child=
right_child=
leaf_value=0
leaf_weight=
leaf_count=3273
internal_value=
internal_weight=
internal_count=
is_linear=0
shrinkage=1


Tree=299
num_leaves=12
num_cat=0
split_feature=167 23 104 112 105 221 244 65 375 266 174
split_gain=2.12309 4.66671 2.70497 3.36327 3.13272 3.04886 2.57801 2.49777 1.34494 0.913083 0.563369
threshold=-0.16625207359334723 1.0000000180025095e-35 -0.06398374494421806 27.500000000000004 0.057772747386609404 12.620490809901993 0.31818181818181823 0.0036932100699812458 0.069263363824821469 0.19590605679994999 1.0000000180025095e-35
decision_type=2 2 2 2 2 2 2 2 2 2 2
left_child=1 2 4 5 8 -4 -5 -6 -1 -2 -3
right_child=9 10 3 6 7 -7 -8 -9 -10 -11 -12
leaf_value=0.022243284080577588 0.017172987947971466 -0.025718467629625714 0.0130732105043809 0.0020634653134153549 0.0083197289714806427 -0.0088818288393065197 -0.01820973963727375 -0.019531070310439217 0 0 -0.0037207367114230972
leaf_weight=29.0731300143525 18.560091445222501 18.352062155026942 36.471845061518252 16.607305483426899 12.767698203213515 21.235956641845405 43.65504675777629 11.513993764296172 11.483850180171428 10.815040147397665 11.76233526133001
leaf_count=405 271 205 407 286 207 323 579 136 129 137 188
internal_value=-0.00046231 -0.00243907 0.000416654 -0.00378898 0.00863477 0.00413067 -0.0119995 -0.00374943 0.0169447 0.0112199 -0.0197518
internal_weight=242.298 212.923 182.809 117.97 64.8387 57.7078 60.2624 24.2817 40.557 29.3751 30.1144
internal_count=3273 2865 2472 1595 877 730 865 343 534 408 393
is_linear=0
shrinkage=0.05


Tree=300
num_leaves=16
num_cat=0
split_feature=126 163 110 141 126 73 113 264 112 219 167 34 167 301 383
split_gain=2.14609 6.64623 4.49036 4.36092 3.55561 3.14744 2.18372 2.86085 3.48396 2.07518 1.85348 2.1769 1.22887 0.775101 0.639227
threshold=-0.0039213191313864906 -0.0014459939329926439 42.500000000000007 1.0000000180025095e-35 0.0019769583060404998 0.84826992123766698 50.500000000000007 67.500000000000014 23.500000000000004 4.0617641304939083 -0.71665993753623491 0.04306189609102689 -0.42553160980070553 -0.093757119625754823 2.5000000000000004
decision_type=2 2 2 2 2 2 2 2 2 2 2 2 2 2 2
left_child=1 13 5 6 -5 -3 10 8 -8 12 14 -12 -4 -1 -2
right_child=3 2 9 4 -6 -7 7 -9 -10 -11 11 -13 -14 -15 -16
leaf_value=-0.029127281594539201 0.023061582535582176 0.0061975519832957729 0.033615435213184532 0.025741812463226585 -0.0034432408976692143 -0.021991777328224989 0.018561186120861415 -0.022376205593878491 -0.014336429137351881 -0.00056766342510243615 -0.014869499658449191 0.0090145468354660002 0.0057428532772459198 -0.0037613617078691808 0.0010212426644410474
leaf_weight=23.29814091976732 10.040516556706281 11.82662840280682 10.651794719509779 27.817308603785932 10.645356601104139 19.837471939623356 12.237422276288273 21.258687103167176 13.835867426358162 10.747175015974788 16.445548812393103 13.866018734406678 15.569490921683611 10.126229526009409 11.989924390800295
leaf_count=294 173 175 71 439 106 276 185 297 229 100 262 205 206 115 140
internal_value=-0.000798036 -0.00635812 0.00205774 0.00300338 0.0167936 -0.0103954 -0.00216629 -0.00996104 0 0.0139547 0.00413677 -0.00261489 0.0210652 -0.0237579 0.0146239
internal_weight=240.194 102.057 68.6326 138.137 38.4627 31.6641 99.674 47.332 26.0733 36.9685 52.342 30.3116 26.2213 33.4244 22.0304
internal_count=3273 1237 828 2036 545 451 1491 711 414 377 780 467 277 409 313
is_linear=0
shrinkage=0.05


Tree=301
num_leaves=1
num_cat=0
split_feature=
split_gain=
threshold=
decision_type=
left_child=
right_child=
leaf_value=0
leaf_weight=
leaf_count=3273
internal_value=
internal_weight=
internal_count=
is_linear=0
shrinkage=1


Tree=302
num_leaves=10
num_cat=0
split_feature=268 21 13 73 86 162 130 16 356
split_gain=2.05907 2.09072 2.73774 2.61865 3.48817 2.14281 1.8148 1.15703 1.03904
threshold=-0.74094947947035006 0.10313204235919503 0.0052476337334764712 1.2723011698004518 -1357172.4486105011 1.3606748251183411 -6.4999999999999991 -3.63666152731843e-05 0.57291666666666685
decision_type=2 2 2 2 2 2 2 2 2
left_child=6 8 3 4 -3 -4 -1 -5 -2
right_child=1 2 5 7 -6 -7 -8 -9 -10
leaf_value=0 0.016563635839804906 0.016936591261899777 -7.6799600974120343e-05 -0.023860823666858422 -0.0026511212761591869 -0.029258010066166698 0.022304587329594991 0 0
leaf_weight=15.567169743590059 15.347656531259419 25.731745522934943 14.942672609351577 13.723686658777298 97.615959130693227 15.673360757995395 13.968187642283736 12.125724280718712 15.54139906587079
leaf_count=268 180 227 220 169 1203 183 551 87 185
internal_value=-0.000499129 -0.00246993 -0.00473248 -0.00142865 0.00134449 -0.0177809 0.0109549 -0.0151583 0.00847855
internal_weight=240.238 210.702 179.813 149.197 123.348 30.616 29.5354 25.8494 30.8891
internal_count=3273 2454 2089 1686 1430 403 819 256 365
is_linear=0
shrinkage=0.05


Tree=303
num_leaves=12
num_cat=0
split_feature=274 393 83 111 216 167 264 70 34 119 299
split_gain=2.12136 2.18849 2.31646 2.69529 4.1199 2.64299 2.4147 2.1146 1.6703 1.49758 1.0429
threshold=0.65133158060785401 1.0000000180025095e-35 -0.20285468437017273 22.500000000000004 3.0384480198573423 -0.72398447294756774 96.500000000000014 0.0060896506474005978 0.040916868611253245 -0.10780701839917806 -0.06353991975524155
decision_type=2 2 2 2 2 2 2 2 2 2 2
left_child=1 2 5 9 -5 6 -1 -2 -7 -4 -9
right_child=7 -3 3 4 -6 8 -8 10 -10 -11 -12
leaf_value=0.0043030152991334501 -0.0032650429706664822 0.013173597781083585 0.024721893172135197 0.0080257420137272387 -0.015647461654858804 -0.027506468908008605 -0.020267443300550154 1.1692944819681737e-05 0 0.0012614251631367921 0.024462366795933801
leaf_weight=32.817310400307178 15.462561046238987 14.252694205380974 10.1719519700855 25.957022593356669 41.193602262064815 24.716448142193258 10.308959750458596 11.340591475367546 10.030220884829758 25.829795512370765 15.604113548994064
leaf_count=343 296 140 98 249 557 350 76 111 87 283 683
internal_value=-0.00077557 -0.00318571 -0.00493919 0 -0.00583197 -0.0112747 -0.00142253 0.00869877 -0.0210934 0.0105637 0.0168734
internal_weight=237.685 195.278 181.025 103.152 67.1506 77.8729 43.1263 42.4073 34.7467 36.0017 26.9447
internal_count=3273 2183 2043 1187 806 856 419 1090 437 381 794
is_linear=0
shrinkage=0.05


Tree=304
num_leaves=1
num_cat=0
split_feature=
split_gain=
threshold=
decision_type=
left_child=
right_child=
leaf_value=0
leaf_weight=
leaf_count=3273
internal_value=
internal_weight=
internal_count=
is_linear=0
shrinkage=1


Tree=305
num_leaves=15
num_cat=0
split_feature=165 83 394 240 264 104 268 229 21 113 68 65 120 70
split_gain=2.08328 3.0465 2.72888 3.21752 2.59854 2.2682 2.01102 2.32722 1.89465 2.12606 1.69727 1.4895 1.20374 0.901901
threshold=-0.001629250190089385 0.36074412908804471 -0.01466056427061435 0.92857142857142871 70.500000000000014 0.12489597695598294 -0.6255039669299628 -3.0347596547349993 0.10482989108824846 53.500000000000007 0.42554697569878241 0.0084262541120584417 -0.028094130765088762 0.010797486955377437
decision_type=2 2 2 2 2 2 2 2 2 2 2 2 2 2
left_child=5 2 4 10 -2 6 7 -1 -3 -10 -4 -7 -5 -6
right_child=1 8 3 12 13 11 -8 -9 9 -11 -12 -13 -14 -15
leaf_value=0.010848752812434184 -0.016382777404714392 0.0028931928638509939 0.0101660909216432 0 0.016253699024682072 -0.0069769517515357515 -0.023703748969248033 -0.016731974763148007 -0.023874178812340843 0 -0.0128653073306258 0.014846944548090563 0.021551476493710246 0
leaf_weight=12.277696862816812 18.213216819334775 18.075120631605387 10.666036759968849 10.016361655201761 10.12143664294854 10.163546287920328 23.341438005212694 11.449506105855106 19.497091657482091 10.830776936374603 14.357691568322478 12.271449386142192 46.43436047853902 10.028355996590106
leaf_count=136 315 256 124 130 100 124 419 91 188 204 191 119 731 145
internal_value=-0.000540419 0.00225075 0.00671342 0.0118936 -0.00314406 -0.00779992 -0.0139891 -0.00097372 -0.00757232 -0.0150089 -0.00122688 0.00333764 0.0183192 0.00723477
internal_weight=237.744 168.24 119.837 81.4745 38.363 69.5036 47.0686 23.7272 48.403 30.3279 25.0237 22.435 56.4507 20.1498
internal_count=3273 2384 1736 1176 560 889 646 227 648 392 315 243 861 245
is_linear=0
shrinkage=0.05


Tree=306
num_leaves=14
num_cat=0
split_feature=209 386 266 64 386 141 126 55 397 383 208 63 378
split_gain=2.05131 2.76917 2.2702 2.35862 2.51475 2.06096 5.09772 2.74335 2.5272 2.56993 1.98151 1.28884 1.22949
threshold=3.7030875607065936 0.40531112610665548 -0.039973973677002402 0.60160842875998854 -0.096002195311148827 1.0000000180025095e-35 -0.0014707323615413823 0.0054838647948990413 0.01532768734617646 1.5000000000000002 3.935210447605789 0.040083815881873271 0.37500000000000006
decision_type=2 2 2 2 2 2 2 2 2 2 2 2 2
left_child=1 5 3 4 -2 8 7 -7 9 -1 11 -4 -5
right_child=2 -3 10 12 -6 6 -8 -9 -10 -11 -12 -13 -14
leaf_value=0 0.017010607755464181 0.01384503360835064 0.0011220184954905006 0 -0.0068046956509755854 -0.024874054409303462 0.018272685034268189 0.00032519640131050174 0.0037875252959385232 -0.026055243427222076 -0.0041382688686136633 0.022508287204502295 -0.024669203668233542
leaf_weight=15.827733681071548 18.422969597857445 12.19581981282681 16.592214438598603 11.347247427329423 16.919668237213045 16.783754112198949 19.043488111812621 15.534803264308719 10.47233668528497 34.206235223915428 10.410365102812646 26.588430385105312 10.899142761714755
leaf_count=288 162 243 255 140 213 285 292 212 171 459 115 331 107
internal_value=-0.000749849 -0.00528298 0.0038766 -0.00230804 0.00466505 -0.00811071 0 -0.0123469 -0.0141464 -0.0188447 0.0111762 0.01598 -0.0146046
internal_weight=235.244 124.064 111.18 57.589 35.3426 111.868 51.362 32.3186 60.5063 50.034 53.591 43.1806 22.2464
internal_count=3273 1950 1323 622 375 1707 789 497 918 747 701 586 247
is_linear=0
shrinkage=0.05


Tree=307
num_leaves=1
num_cat=0
split_feature=
split_gain=
threshold=
decision_type=
left_child=
right_child=
leaf_value=0
leaf_weight=
leaf_count=3273
internal_value=
internal_weight=
internal_count=
is_linear=0
shrinkage=1


Tree=308
num_leaves=11
num_cat=0
split_feature=266 165 162 104 4 104 379 392 65 394
split_gain=2.02547 2.13324 2.74741 3.38957 2.76706 2.57397 2.36242 2.46453 1.26372 1.04808
threshold=-0.30095888049134467 -0.0016679095989189034 1.4660564270614354 0.052212243640489951 0.0013004206797222475 0.11835554969829722 -0.26472672283454585 6.5000000000000009 0.027492407186559546 0.011106316318112099
decision_type=2 2 2 2 2 2 2 2 2 2
left_child=-1 5 6 4 -4 9 -3 -8 -7 -2
right_child=1 2 3 -5 -6 8 7 -9 -10 -11
leaf_value=0.013722666807390949 -0.022471361463587667 -0.0078512409564993318 0 0.010494001587973912 -0.02432254399074223 -0.0065967155193713649 0.0015690390177157979 0.020927687344593743 0.013976919007223665 0
leaf_weight=18.615600246936083 27.368000818416476 17.76731446525082 22.215735031757504 15.124236207455395 25.044463722035289 11.351080087479206 46.814989245031029 29.869147569872439 10.336496273055671 10.806139388587324
leaf_count=546 419 196 273 189 300 131 608 411 94 106
internal_value=-0.000584348 -0.00221159 0.00060014 -0.00699041 -0.013873 -0.0100507 0.00618757 0.0102409 0.00169045 -0.0175726
internal_weight=235.313 216.698 156.836 62.3844 47.2602 59.8617 94.4515 76.6841 21.6876 38.1741
internal_count=3273 2727 1977 762 573 750 1215 1019 225 525
is_linear=0
shrinkage=0.05


Tree=309
num_leaves=14
num_cat=0
split_feature=309 83 27 36 28 8 86 28 386 229 125 37 83
split_gain=2.04443 2.41356 2.60165 2.34665 3.48186 3.43636 2.43636 2.05647 2.20303 1.44356 1.11658 1.10052 0.943961
threshold=0.32539821530650737 -0.37922985135750259 0.12717261822061313 0.093312920388683399 0.039587110212679091 0.016766555431560051 -817667.58400049887 0.025472182584801262 -0.17905369552242092 -3.9616224735015053 -0.178133472366726 0.022131026347341549 -0.62240318352145974
decision_type=2 2 2 2 2 2 2 2 2 2 2 2 2
left_child=1 2 9 4 6 -6 -3 -2 -9 -1 -10 -12 -4
right_child=7 3 12 -5 5 -7 -8 8 10 -11 11 -13 -14
leaf_value=-0.01057729392405413 -0.0076584040251831548 0.014818539408476715 -0.0025835748644402346 0.016588729164951774 -0.026411740791924366 0 -0.0072961543697090004 -0.0059712111447081714 0 0.012330992152138015 0.00038257159921797803 0.023197947610994214 -0.029177429259767625
leaf_weight=11.576987850479783 17.010620887391269 28.183297425508499 10.116835082881154 15.069325615651904 20.620664421468973 24.647879669442773 14.955302149057387 11.661666627041994 10.874669320415704 10.008840911090372 12.068772600032387 28.326157976407558 17.778730562888086
leaf_count=111 230 275 113 156 322 291 266 143 177 67 246 662 214
internal_value=-0.000751045 -0.00429654 -0.0130319 0 -0.00312771 -0.0127823 0.00609221 0.00533998 0.00980047 0 0.014441 0.0180313 -0.0223384
internal_weight=232.9 152.958 49.4814 103.476 88.4071 45.2685 43.1386 79.9419 62.9313 21.5858 51.2696 40.3949 27.8956
internal_count=3273 1815 505 1310 1154 613 541 1458 1228 178 1085 908 327
is_linear=0
shrinkage=0.05


Tree=310
num_leaves=1
num_cat=0
split_feature=
split_gain=
threshold=
decision_type=
left_child=
right_child=
leaf_value=0
leaf_weight=
leaf_count=3273
internal_value=
internal_weight=
internal_count=
is_linear=0
shrinkage=1


Tree=311
num_leaves=11
num_cat=0
split_feature=167 23 165 162 36 262 213 231 356 21
split_gain=1.96889 4.23524 3.05293 2.17324 2.07751 2.16428 1.47591 0.949027 0.853668 0.417083
threshold=-0.16625207359334723 1.0000000180025095e-35 -0.0016679095989189034 1.4975261412655152 0.10844399554042118 0.14044943820224723 6.3987338624644297 71.500000000000014 0.46875000000000006 0.10745761045964561
decision_type=2 2 2 2 2 2 2 2 2 2
left_child=1 2 3 8 5 -4 -5 -2 -1 -3
right_child=7 9 4 6 -6 -7 -8 -9 -10 -11
leaf_value=-0.0027024988367616298 0 -0.0027900169242050395 -0.0046918461910441592 -0.0062132411809411557 -0.0081849030125561214 0.012474369656701886 0.013816513478119272 0.017334140984001576 -0.023523261692687127 -0.024287128046152458
leaf_weight=15.739548447541891 11.387362195178868 10.013745521660896 17.330317347310483 20.222603532485667 16.992692008148879 75.739974088501185 11.642149174353106 17.047727056778967 18.023159366566688 18.832755220122635
leaf_count=178 187 145 256 259 257 1115 127 221 280 248
internal_value=-0.000600627 -0.00255626 0.00020172 -0.0078272 0.00551203 0.00871076 0.000229912 0.0107773 -0.0161897 -0.0193605
internal_weight=232.972 204.537 175.69 65.6275 110.063 93.0703 31.8648 28.4351 33.7627 28.8465
internal_count=3273 2865 2472 844 1628 1371 386 408 458 393
is_linear=0
shrinkage=0.05


Tree=312
num_leaves=13
num_cat=0
split_feature=278 207 264 113 163 219 64 260 381 126 226 10
split_gain=2.01704 2.28357 2.1374 2.89088 2.14946 1.79769 1.74183 1.60986 1.70727 1.5501 1.21148 0.667278
threshold=1.6920049880367327 1.2633847015110884 33.500000000000007 6.5000000000000009 -0.0058397623130124242 3.7135116769734031 0.41032701775011288 0.3727272727272728 31.263000217419201 -0.0014707323615413823 -2.0795001355762808 -1.0000000180025095e-35
decision_type=2 2 2 2 2 2 2 2 2 2 2 2
left_child=1 7 10 5 -5 -4 -2 -1 11 -10 -3 -9
right_child=6 2 3 4 -6 -7 -8 8 9 -11 -12 -13
leaf_value=0.0030987147990630924 0 0.021507228860728214 0.025208066365624799 0.0025652211072121033 -0.01220949650367798 0 0.023668440073671925 -0.0067277684050730951 -0.013825873103986853 0.0073665365706498303 0 -0.031367877730184734
leaf_weight=11.128373451530932 16.421890737488869 14.152621090412142 10.036949107423426 31.879085849039257 57.865043861791492 13.12103224173188 11.310852242168037 13.684827588964254 13.534208442084493 12.68017658498138 11.699934141244738 13.358057460747659
leaf_count=188 370 135 80 322 644 143 589 166 195 134 141 166
internal_value=-0.000734484 -0.00270332 0.000616674 -0.00206031 -0.00650886 0.0120371 0.0109163 -0.010309 -0.0140153 -0.0021596 0.0130391 -0.0224802
internal_weight=230.873 203.14 138.755 112.902 89.7441 23.158 27.7327 64.3856 53.2573 26.2144 25.8526 27.0429
internal_count=3273 2314 1465 1189 966 223 959 849 661 329 276 332
is_linear=0
shrinkage=0.05


Tree=313
num_leaves=1
num_cat=0
split_feature=
split_gain=
threshold=
decision_type=
left_child=
right_child=
leaf_value=0
leaf_weight=
leaf_count=3273
internal_value=
internal_weight=
internal_count=
is_linear=0
shrinkage=1


Tree=314
num_leaves=10
num_cat=0
split_feature=272 21 73 231 126 392 104 11 356
split_gain=1.98356 1.86233 2.48249 3.45368 3.46438 1.91576 1.84491 1.72835 0.916527
threshold=-1.7409494794703499 0.10313204235919503 1.2615622748416466 23.500000000000004 -0.0075836680681798376 6.5000000000000009 0.058628117826669192 0.00085795848017422582 0.57291666666666685
decision_type=2 2 2 2 2 2 2 2 2
left_child=7 8 3 6 -5 -4 -3 -1 -2
right_child=1 2 5 4 -6 -7 -8 -9 -10
leaf_value=0.020187481648205198 0.015537944869949178 0.00068091047671722978 -0.02366745714722987 0.0052323048219574848 -0.012615209490221647 0 0.026931369613451162 -0.00044452799099247147 0
leaf_weight=16.559191679582003 14.802756807766857 22.988623204641044 23.404796455521137 36.531746772583574 69.705607798416167 10.006242902018128 10.09292756160721 11.767162724863736 15.108511715196071
leaf_count=574 180 304 272 369 950 100 94 245 185
internal_value=-0.000633513 -0.00260895 -0.00479998 -0.00133537 -0.00604513 -0.0165733 0.0116488 0.0107988 0.00780864
internal_weight=230.968 202.641 172.73 139.319 106.237 33.411 33.0816 28.3264 29.9113
internal_count=3273 2454 2089 1717 1319 372 398 819 365
is_linear=0
shrinkage=0.05


Tree=315
num_leaves=13
num_cat=0
split_feature=393 11 126 104 372 364 112 8 167 167 209 20
split_gain=2.00057 2.28425 4.93493 3.40737 2.83105 4.44202 2.74675 2.63031 2.31331 2.08586 1.62778 0.636682
threshold=1.0000000180025095e-35 0.00085795848017422582 -0.0039213191313864906 -0.055476713523751144 -0.038893352136121988 0.453904972916575 65.500000000000014 0.016766555431560051 -0.77100867968014486 -0.43491172161185115 4.1851602823416245 0.32087246840230838
decision_type=2 2 2 2 2 2 2 2 2 2 2 2
left_child=1 2 7 6 5 -4 -3 10 -6 -5 -1 -11
right_child=-2 3 4 9 8 -7 -8 -9 -10 11 -12 -13
leaf_value=-0.029714508336766476 0.013369746030344468 0.007473263759311022 -0.0045339467630031048 0.024318986340226688 0.0089263154556136117 0.023918985556429906 -0.021506813781450505 0 -0.013370048527234099 -0.0056265324070569368 -0.00055841357185848451 0.0093749857677606022
leaf_weight=29.094256046693772 18.766576366964728 10.018991585820915 22.408873275388032 19.805044426582754 10.993399996310471 23.076920138206333 14.227397396229206 11.121221689041702 38.497133319731802 10.693161162547769 10.010520164389161 10.177891334518788
leaf_count=422 251 117 387 225 139 353 185 126 608 200 113 147
internal_value=-0.00074607 -0.00241183 -0.00601814 0.00482728 0.00029213 0.00945702 -0.00819235 -0.018234 -0.00723767 0.0137625 -0.0240099 0
internal_weight=228.891 210.125 145.202 64.9225 94.9763 45.4858 24.2464 50.226 49.4905 40.6761 39.1048 20.8711
internal_count=3273 3022 2148 874 1487 740 302 661 747 572 535 347
is_linear=0
shrinkage=0.05


Tree=316
num_leaves=1
num_cat=0
split_feature=
split_gain=
threshold=
decision_type=
left_child=
right_child=
leaf_value=0
leaf_weight=
leaf_count=3273
internal_value=
internal_weight=
internal_count=
is_linear=0
shrinkage=1


Tree=317
num_leaves=6
num_cat=0
split_feature=381 266 399 36 110
split_gain=1.94449 1.92875 2.00231 3.1947 3.82517
threshold=12.753815021768448 -0.30095888049134467 -0.2988130030439376 0.10906749020691207 40.500000000000007
decision_type=2 2 2 2 2
left_child=-1 -2 -3 4 -4
right_child=1 2 3 -5 -6
leaf_value=0.012911881727957712 0.011998412660224575 0.011939096679584265 0.0044865434629047475 -0.024372417738984176 -0.010434623932678641
leaf_weight=19.85202878061682 16.792249150574207 13.392498864792286 79.256151209119707 17.966884880093858 81.741629115305841
leaf_count=379 482 142 1100 284 886
internal_value=-0.000637776 -0.00232396 -0.00399526 -0.00563964 -0.00283663
internal_weight=229.001 209.149 192.357 178.965 160.998
internal_count=3273 2894 2412 2270 1986
is_linear=0
shrinkage=0.05


Tree=318
num_leaves=11
num_cat=0
split_feature=290 209 386 71 25 104 141 126 42 11
split_gain=1.99515 1.99997 2.2835 2.28288 2.36847 2.15882 2.05412 4.15903 2.34024 1.09822
threshold=0.67003243097971821 3.7368517725055956 0.40531112610665548 1.3503774478174404 0.055007037362365341 -0.096214894250032573 1.0000000180025095e-35 -0.0014707323615413823 0.41033159957097581 -0.0010688327635473558
decision_type=2 2 2 2 2 2 2 2 2 2
left_child=1 2 6 4 5 -3 8 -8 -1 -6
right_child=-2 3 -4 -5 9 -7 7 -9 -10 -11
leaf_value=0 0.015943851263431178 -0.0011167285154912367 0.010912200046136009 -0.010691882855719422 0.0041139664734874647 0.018048054636896804 -0.012312354764217326 0.016450038660057151 -0.02228761542458756 -0.013569222944823567
leaf_weight=17.998593480326235 12.982177533209322 14.509044819511471 11.150034474674611 19.890611880458891 10.115810595452787 41.495900675654411 29.715927762910724 17.1307263080962 38.020665616728365 13.81977796461433
leaf_count=211 648 170 165 222 123 403 458 180 554 139
internal_value=-0.000756425 -0.00220739 -0.00677823 0.00257212 0.00674264 0.0124314 -0.00942295 -0.00043451 -0.0156883 -0.00461372
internal_weight=226.829 213.847 114.016 99.8311 79.9405 56.0049 102.866 46.8467 56.0193 23.9356
internal_count=3273 2625 1568 1057 835 573 1403 638 765 262
is_linear=0
shrinkage=0.05


Tree=319
num_leaves=1
num_cat=0
split_feature=
split_gain=
threshold=
decision_type=
left_child=
right_child=
leaf_value=0
leaf_weight=
leaf_count=3273
internal_value=
internal_weight=
internal_count=
is_linear=0
shrinkage=1


Tree=320
num_leaves=13
num_cat=0
split_feature=290 165 167 223 4 365 306 231 74 70 365 3
split_gain=2.00951 2.69639 2.53973 2.68099 1.85859 1.85789 1.95371 1.75012 1.16573 1.08026 0.358247 0.155567
threshold=0.51263233513337525 -0.0016679095989189034 -0.176482681822793 -2.8596478953063422 -0.015910918528746796 0.11661903789385132 1.0000000180025095e-35 44.500000000000007 -0.047331435835598172 0.011055765592575579 0.18671379184071837 0.0025453329005371565
decision_type=2 2 2 2 2 2 2 2 2 2 2 2
left_child=1 4 3 -2 9 -3 11 -8 -6 -1 -5 -7
right_child=2 5 -4 10 8 6 7 -9 -10 -11 -12 -13
leaf_value=0.010452894046770992 0.00040243846014034003 -0.0095967576185498546 0.0052504037490634769 -0.029851324968767964 0 0.024384341247340544 0.013749789671092387 -0.0014118235739078188 -0.022235218152275318 -0.0062228852407463274 -0.006308903286596031 0.0045178991811737337
leaf_weight=16.589596049860123 12.183739873114972 10.282494915183632 15.914881275966762 16.537201139144603 14.796570726670327 18.151357821188871 24.247885667718947 46.726829109713435 16.764146884903312 13.553915650583802 10.924431683495639 10.277649287134407
leaf_count=147 285 132 185 407 162 466 255 404 163 149 291 227
internal_value=-0.000643488 0.00182159 -0.00880525 -0.0155925 -0.00595108 0.00667985 0.00908362 0.00343965 -0.0140858 0.00156154 -0.0236711 0.0199099
internal_weight=226.951 171.39 55.5603 39.6454 61.7042 109.686 99.4037 70.9747 31.5607 30.1435 27.4616 28.429
internal_count=3273 2105 1168 983 621 1484 1352 659 325 296 698 693
is_linear=0
shrinkage=0.05


Tree=321
num_leaves=13
num_cat=0
split_feature=266 167 372 229 81 86 167 216 392 117 210 225
split_gain=1.9797 2.29084 2.98748 2.56209 2.29684 2.14939 2.25566 3.531 2.53037 1.19124 1.04983 0.348602
threshold=-0.039973973677002402 -0.4573179876166712 0.049086970532994274 -3.7881712807766315 0.57932866108169112 -1641390.1316639991 -0.74362333120384483 5.4511216661683806 4.5000000000000009 -0.16563322716585596 0.20770624904866339 3.1057409836121583
decision_type=2 2 2 2 2 2 2 2 2 2 2 2
left_child=1 2 3 4 -1 -2 -7 8 -8 -5 -9 -3
right_child=5 11 -4 9 -6 6 7 10 -10 -11 -12 -13
leaf_value=0 -0.010156312066373052 -0.022200205280402188 0.018382428522855758 0.01419486610761901 -0.022362864187928273 0.023250230884602492 0.0037789915548266948 0 -0.016315766775965329 -0.002975883456915877 0.021113522494163563 -0.0021354864431360073
leaf_weight=12.574468079488723 18.639900305774063 17.64255247684196 12.765723302960394 13.604082577861847 24.564475261606276 14.848224731162189 29.277889291290194 10.729481059126558 23.693339036777616 15.504594806581734 21.129867821466178 10.06515874294564
leaf_count=155 164 384 125 130 366 374 411 150 282 156 371 205
internal_value=-0.000744772 -0.00577751 -0.000582158 -0.00559668 -0.0141554 0.00341313 0.00666017 0.0024921 -0.00470857 0.00406822 0.0152736 -0.0174604
internal_weight=225.04 106.721 79.0133 66.2476 37.1389 118.319 99.6788 84.8306 52.9712 29.1087 31.8593 27.7077
internal_count=3273 1521 932 807 521 1752 1588 1214 693 286 521 589
is_linear=0
shrinkage=0.05


Tree=322
num_leaves=1
num_cat=0
split_feature=
split_gain=
threshold=
decision_type=
left_child=
right_child=
leaf_value=0
leaf_weight=
leaf_count=3273
internal_value=
internal_weight=
internal_count=
is_linear=0
shrinkage=1


Tree=323
num_leaves=16
num_cat=0
split_feature=270 165 112 28 111 28 162 103 63 357 213 213 78 393 265
split_gain=1.94119 2.5643 2.16433 2.62951 2.50471 1.97528 1.82228 1.79213 1.81801 1.73527 1.68555 1.43229 1.13889 1.09101 0.0647878
threshold=-0.94567746255171126 -0.0016679095989189034 43.500000000000007 0.045823636368171307 42.500000000000007 0.045823636368171307 1.1331027466489398 0.12894116141670467 0.26820878147426247 0.48958333333333343 6.3987338624644297 4.3051730618925808 1.2019179983712742 -0.14767707701302479 0.09039836567926457
decision_type=2 2 2 2 2 2 2 2 2 2 2 2 2 2 2
left_child=1 6 3 14 -5 -4 9 11 13 -1 12 -3 -8 -9 -2
right_child=2 7 5 4 -6 -7 10 8 -10 -11 -12 -13 -14 -15 -16
leaf_value=-0.024869879219610272 -0.031036783989088393 0.0071759426826499516 0.013413099463209531 -0.013838054763674237 0.013570097961720913 -0.0094447568985047744 0.0022660258812258315 0 0 0 0.015834868660075701 -0.013977246111220233 -0.016000688850259286 0.021351910096908819 -0.0076462410590512984
leaf_weight=13.646943510510029 12.790128694381567 12.358198870904745 17.434050011215735 15.699897739337759 11.579809929244218 12.954727278556673 12.31079355068505 10.001212327741085 16.803534529171884 10.370500431396065 11.50996791385114 11.658636943437157 10.336277369409798 35.546523871365935 10.162962347269056
leaf_count=143 242 135 212 325 182 285 116 212 234 118 97 102 85 618 167
internal_value=-0.000668799 0.00254605 -0.00691505 -0.0131806 -0.000360663 0.00219821 -0.00490641 0.00812145 0.0125549 -0.0148502 0.0013744 -0.0016537 -0.00501792 0.0174872 -0.0246877
internal_weight=225.164 144.543 80.6216 50.2328 27.2797 30.3888 58.1745 86.3681 62.3513 24.0174 34.157 24.0168 22.6471 45.5477 22.9531
internal_count=3273 1860 1413 916 507 497 559 1301 1064 261 298 237 201 830 409
is_linear=0
shrinkage=0.05


Tree=324
num_leaves=12
num_cat=0
split_feature=299 83 33 28 8 48 71 25 223 270 390
split_gain=1.88655 2.42016 2.52994 3.36026 3.56695 2.28631 2.17095 2.14254 1.64865 1.16603 0.957176
threshold=-0.21289520010780402 -0.37922985135750259 0.070912552881002719 0.039587110212679091 0.016766555431560051 0.2810665334588292 0.9598227620056442 0.027529767590752267 -3.9822251888774178 -0.86579726071135443 -0.024383521000521154
decision_type=2 2 2 2 2 2 2 2 2 2 2
left_child=1 5 3 6 -5 8 -3 9 -1 -2 -9
right_child=7 2 -4 4 -6 -7 -8 10 -10 -11 -12
leaf_value=-0.015619791385904792 -0.011329286524770351 -0.0075709651752810221 0.019761798751501608 -0.025406222901074894 0 -0.026312141643460896 0.013934780977669415 0 0.0048200943885107206 0.0048409245693649145 0.01920732513687996
leaf_weight=12.602120316587387 17.129909077659249 12.351474812719969 11.582844974007456 21.700454485602677 26.032330438494682 17.345881483517587 30.740895708557218 11.976501283235846 19.487676604650915 17.836083183530718 23.832945029716939
leaf_count=131 148 255 117 353 313 215 306 200 172 449 614
internal_value=-0.000722542 -0.00403997 0 -0.00259093 -0.0117683 -0.01279 0.00659429 0.0055919 -0.00243117 -0.00203318 0.0139074
internal_weight=222.619 151.844 102.408 90.8252 47.7328 49.4357 43.0924 70.7754 32.0898 34.966 35.8094
internal_count=3273 1862 1344 1227 666 518 561 1411 303 597 814
is_linear=0
shrinkage=0.05


Tree=325
num_leaves=1
num_cat=0
split_feature=
split_gain=
threshold=
decision_type=
left_child=
right_child=
leaf_value=0
leaf_weight=
leaf_count=3273
internal_value=
internal_weight=
internal_count=
is_linear=0
shrinkage=1


Tree=326
num_leaves=16
num_cat=0
split_feature=311 41 399 215 37 103 43 110 74 74 372 29 386 86 163
split_gain=1.86992 1.99839 3.03307 3.10781 3.39936 2.18032 2.11085 1.5914 2.05605 1.5032 1.31262 1.21278 0.497494 0.437832 0.118248
threshold=0.48268283342790863 0.010497946648042265 -0.27290215419155639 2.7138577525229608 0.021861456805084604 0.19476549597327689 0.55687767652682318 49.500000000000007 -0.047331435835598172 -0.17214621022317952 -0.018274186029737346 0.014504815450518628 -0.096002195311148827 -958507.95445399871 -0.0053879728937879
decision_type=2 2 2 2 2 2 2 2 2 2 2 2 2 2 2
left_child=7 5 -3 6 -5 10 -4 9 -9 12 -2 13 -1 -7 -11
right_child=1 2 3 4 -6 11 -8 8 -10 14 -12 -13 -14 -15 -16
leaf_value=-0.005714083187431866 0 0.0078285027069082622 0.013318551357518669 0 -0.032039116805781392 -0.0031859903506514459 -0.011168047003883817 0.008134123224629702 -0.01549407985158586 0.004705767536627708 0.019166512989255806 -0.014729740280549467 0.0074184399578832751 0.0086607813710137174 0.024120322082679266
leaf_weight=10.88683566870168 10.269549477845432 15.135003233794121 11.183004454709591 10.384207534603773 26.351986807305366 10.267976338509472 19.156507461564615 14.284141765441747 14.497188052162526 10.912934700492771 18.285901803988963 16.050066908355802 11.360776135232298 10.041734528262166 13.682190550956873
leaf_count=190 158 142 127 179 404 182 259 186 153 140 187 250 278 113 325
internal_value=-0.000711789 -0.00416457 -0.00931456 -0.0140658 -0.0233319 0.00174468 -0.000256388 0.00527222 -0.0025333 0.0109351 0.011992 -0.00533343 0 0.000887182 0.018766
internal_weight=222.75 147.126 82.2107 67.0757 36.7362 64.9152 30.3395 75.6241 28.7813 46.8427 28.5555 36.3598 22.2476 20.3097 24.5951
internal_count=3273 2001 1111 969 583 890 386 1272 339 933 345 545 468 295 465
is_linear=0
shrinkage=0.05


Tree=327
num_leaves=8
num_cat=0
split_feature=162 393 260 167 83 20 364
split_gain=1.95001 2.51837 2.12921 2.13978 3.50501 1.60829 1.10743
threshold=0.32698971413760997 1.0000000180025095e-35 0.19090909090909094 -0.23017448253934378 -0.20285468437017273 0.23189102355789007 0.56982644389576376
decision_type=2 2 2 2 2 2 2
left_child=5 2 -2 4 -4 -1 -5
right_child=1 -3 3 6 -6 -7 -8
leaf_value=-0.019471822407301831 0.015057427457182679 0.018752381995823308 -0.0077265563896060582 -0.021818976689665311 0.0083607269441953094 0 0
leaf_weight=20.269178769784048 15.640820128144695 15.313728612847624 66.478058823384345 16.471811164403338 63.017141327261925 12.220892890356479 10.880766453221439
leaf_count=367 257 220 878 259 917 226 149
internal_value=-0.00075149 0.00102207 -0.000560791 -0.0026844 0 -0.0116319 -0.0146353
internal_weight=220.292 187.802 172.489 156.848 129.495 32.4901 27.3526
internal_count=3273 2680 2460 2203 1795 593 408
is_linear=0
shrinkage=0.05


Tree=328
num_leaves=1
num_cat=0
split_feature=
split_gain=
threshold=
decision_type=
left_child=
right_child=
leaf_value=0
leaf_weight=
leaf_count=3273
internal_value=
internal_weight=
internal_count=
is_linear=0
shrinkage=1


Tree=329
num_leaves=12
num_cat=0
split_feature=167 14 165 162 394 28 83 349 83 231 162
split_gain=1.88018 3.29222 2.03084 1.97338 1.85942 2.29736 2.08002 1.41505 1.39503 0.856195 0.267214
threshold=-0.16625207359334723 0.011558874207757305 -0.0016679095989189034 1.1331027466489398 -0.01466056427061435 0.041118691031432758 0.16263096146541631 -13.499999999999998 -0.51022537267463142 71.500000000000014 1.477428530538172
decision_type=2 2 2 2 2 2 2 2 2 2 2
left_child=1 2 3 8 5 -4 -6 -5 -1 -2 -3
right_child=9 10 4 7 6 -7 -8 -9 -10 -11 -12
leaf_value=0 0 -0.0046041558017467597 -0.017586206429716568 0.010381973084430365 0.015303441699446085 0.0046003159539134498 -0.00015895428775575889 -0.0079546014447854779 -0.025828818673593681 0.016899065629759662 -0.027377210760482468
leaf_weight=10.54609498055652 10.837647241540255 10.248756849672647 16.130223498214036 16.150568096898496 42.835919663775712 22.160215761745349 29.616619309876114 20.28672602865845 14.846316618612034 16.379701744765043 10.388131173327563
leaf_count=149 187 212 239 162 710 337 408 273 228 221 147
internal_value=-0.000702741 -0.0026872 0 -0.0073316 0.00374159 -0.00413372 0.00856516 0 -0.017219 0.010598 -0.0202027
internal_weight=220.427 193.21 172.573 61.8297 110.743 38.2904 72.4525 36.4373 25.3924 27.2173 20.6369
internal_count=3273 2865 2506 812 1694 576 1118 435 377 408 359
is_linear=0
shrinkage=0.05


Tree=330
num_leaves=13
num_cat=0
split_feature=266 167 357 226 266 81 11 258 406 372 37 69
split_gain=1.82028 2.30476 2.39651 2.14762 2.08558 2.05233 2.24759 1.93003 1.39111 1.20344 1.05124 0.882828
threshold=-0.098036398898802127 -0.7778503886215411 0.36458333333333343 -4.7387475112077686 0.1987736253809346 0.44691554944502271 0.00075468255534794093 1.220588235294118 -0.012605227651118321 -1.0000000180025095e-35 0.054996012530773276 -0.0019135951646158664
decision_type=2 2 2 2 2 2 2 2 2 2 2 2
left_child=5 -2 7 -4 -5 11 8 -3 -7 -9 -8 -1
right_child=1 2 3 4 -6 6 10 9 -10 -11 -12 -13
leaf_value=0.01399866548598108 0.018292605459942921 0.021474783284747279 0.0071285479625720852 -0.017404211359845049 0.0013048585504733168 0 0.010599361543450269 -0.0079538890497315422 -0.022487106479793979 0.010174149254513173 -0.0080457634233248431 -0.0019499576016955541
leaf_weight=11.215316980145873 17.159909981768578 15.174907953478394 17.058486238121986 36.504824581556022 15.869154745712875 10.490628156345336 11.810954464599492 16.055153486784548 31.174336961470544 14.418798132799568 11.893644232768564 10.066847565583883
leaf_count=127 397 263 267 334 315 116 128 188 634 169 214 121
internal_value=-0.000719796 0.00269738 0 -0.00579769 -0.0110689 -0.0064083 -0.010941 0.00855027 -0.0175795 0 0 0.00508668
internal_weight=218.893 132.241 115.081 69.4325 52.374 86.6517 65.3696 45.6489 41.665 30.474 23.7046 21.2822
internal_count=3273 1933 1536 916 649 1340 1092 620 750 357 342 248
is_linear=0
shrinkage=0.05


Tree=331
num_leaves=1
num_cat=0
split_feature=
split_gain=
threshold=
decision_type=
left_child=
right_child=
leaf_value=0
leaf_weight=
leaf_count=3273
internal_value=
internal_weight=
internal_count=
is_linear=0
shrinkage=1


Tree=332
num_leaves=13
num_cat=0
split_feature=272 162 399 36 41 262 38 68 357 162 130 10
split_gain=1.79951 1.75177 4.59936 2.79604 2.19494 3.12364 4.25568 2.66345 2.64022 1.79028 1.41736 0.799644
threshold=-1.7409494794703499 1.8613191136163278 -0.27365535881282571 0.073627055869516664 0.010400570185281493 0.48876404494382025 0.64984762807147456 0.44199431035115572 0.28125000000000006 0.48743520337664054 -6.4999999999999991 0.00857617683958946
decision_type=2 2 2 2 2 2 2 2 2 2 2 2
left_child=10 4 3 -3 7 6 -6 9 -9 -2 -1 -4
right_child=1 2 11 -5 5 -7 -8 8 -10 -11 -12 -13
leaf_value=0 0.0059454684741488163 -0.010339266942734989 -0.033769830990285653 0.020274549178977648 -0.02243866388251415 0.010018790040831243 0.0038322435821692975 -0.004508223881392776 0.019681646883924649 -0.017140312889120542 0.020993467181118209 -0.0082087059656818662
leaf_weight=14.386128588579597 10.907100782264026 10.114422268234195 12.321796068688856 11.924495758023111 33.941830284660682 17.377823250833899 20.322090691421181 10.267221659421919 36.139974553138018 13.201415049377827 12.331288460642098 15.786511392798273
leaf_count=268 164 122 239 103 433 251 264 110 420 165 551 183
internal_value=-0.000745339 -0.00268558 -0.0104358 0.00467248 0 -0.00583304 -0.0120416 0.00633218 0.0133691 -0.00534936 0.0103988 -0.0231973
internal_weight=219.022 192.305 50.1472 22.0389 142.157 71.6417 54.2639 70.5157 46.4072 24.1085 26.7174 28.1083
internal_count=3273 2454 647 225 1807 948 697 859 530 329 819 422
is_linear=0
shrinkage=0.05


Tree=333
num_leaves=14
num_cat=0
split_feature=126 163 16 86 221 86 9 104 37 303 74 104 297
split_gain=1.80437 5.38535 3.83905 2.64159 2.54374 2.7891 2.31824 1.56908 1.56791 1.40265 0.990087 0.694771 0.620939
threshold=-0.0039213191313864906 -0.0014459939329926439 0.00012164480427169157 10633.353242499963 12.526058544813898 -1159774.0796425003 0.0016313152207374506 0.07516548888213602 0.018395340417258831 -0.091666666666666258 -0.061784080224537248 -0.052192891756739766 -0.47660611965551675
decision_type=2 2 2 2 2 2 2 2 2 2 2 2 2
left_child=1 12 11 4 5 9 -4 -7 -6 -2 -5 -3 -1
right_child=3 2 6 10 8 7 -8 -9 -10 -11 -12 -13 -14
leaf_value=-0.028502732459750508 -0.02173950999526552 -0.018475310709184976 0.023096639526423664 -0.02082743386099872 0 0.014781930816720993 0 -0.0039949321014622289 0.021678417200387906 0 0 0 -0.0041398224870746363
leaf_weight=19.289140309207145 12.486976778600367 13.79314058693126 18.732437483500689 10.058866181410851 10.134600284043698 28.455841187620535 19.715385507792234 10.131199192255734 28.480776228010654 14.659534451551734 10.069350590929387 10.023495805915443 10.405010306276379
leaf_count=278 189 195 207 126 174 460 281 149 591 213 134 145 131
internal_value=-0.000698569 -0.00608591 0.00172968 0.00293871 0.00648557 0 0.011827 0.00871713 0.0161652 -0.0112459 -0.0117433 -0.0122058 -0.0226584
internal_weight=216.436 91.9586 62.2645 124.477 104.349 65.7336 38.4478 38.587 38.6154 27.1465 20.1282 23.8166 29.6942
internal_count=3273 1237 828 2036 1776 1011 488 609 765 402 260 340 409
is_linear=0
shrinkage=0.05


Tree=334
num_leaves=1
num_cat=0
split_feature=
split_gain=
threshold=
decision_type=
left_child=
right_child=
leaf_value=0
leaf_weight=
leaf_count=3273
internal_value=
internal_weight=
internal_count=
is_linear=0
shrinkage=1


Tree=335
num_leaves=15
num_cat=0
split_feature=311 103 28 41 83 120 364 392 231 162 111 62 126 26
split_gain=1.71814 1.92313 2.20911 1.96385 2.39909 1.94516 1.45069 1.78851 1.47278 1.39968 1.38444 1.28681 0.78585 0.729221
threshold=0.48268283342790863 0.20206607018336933 0.058189554168879547 0.010497946648042265 0.15789071820295605 -0.026857975424844912 0.45544193008477324 5.5000000000000009 88.500000000000014 1.2690834894516947 42.500000000000007 0.38144544626836568 -0.0098983922529248241 0.1670885214040905
decision_type=2 2 2 2 2 2 2 2 2 2 2 2 2 2
left_child=6 3 12 9 5 -5 -1 8 -8 -2 13 -9 -3 -4
right_child=1 2 10 4 -6 -7 7 11 -10 -11 -12 -13 -14 -15
leaf_value=0.016344209417520954 0.0179454703831037 0.0098100816639233226 -0.027550411526029484 0.018390490062816324 -0.019568304320462724 -0.0059181733352068663 -0.015359600785503772 0 0.0031468245606527099 -0.00016045716878568877 0 0.020116245303886712 -0.0053285845661302025 -0.0034407153345801115
leaf_weight=17.749125600792468 19.760295251384381 11.133752528578045 20.558305764570836 10.058110577054322 15.146486373152582 15.849246876314282 18.804306722246114 12.395075249485673 12.597836969420312 10.377959610195829 11.039663482457398 12.004470333456991 18.287195870652795 10.795428701676427
leaf_count=371 214 111 358 109 166 252 233 234 193 171 174 241 323 123
internal_value=-0.000788323 -0.00415094 -0.00983579 0.0010755 -0.00514153 0.00271875 0.00500298 0 -0.00685486 0.0107519 -0.0167663 0.0102073 0 -0.02173
internal_weight=216.557 143.006 71.8143 71.1921 41.0538 25.9074 73.5508 55.8017 31.4021 30.1383 42.3934 24.3995 29.4209 31.3537
internal_count=3273 2001 1089 912 527 361 1272 901 426 385 655 475 434 481
is_linear=0
shrinkage=0.05


Tree=336
num_leaves=10
num_cat=0
split_feature=274 125 162 167 260 33 70 309 68
split_gain=1.7368 2.07243 2.81132 3.12638 2.72256 2.44787 1.78362 0.854539 0.117411
threshold=0.65133158060785401 -0.18728272043467867 0.32698971413760997 -0.43491172161185115 0.4272727272727273 0.050519768992187679 0.0060896506474005978 0.48748146359547412 0.44603202942605974
decision_type=2 2 2 2 2 2 2 2 2
left_child=1 -1 8 5 -5 -4 -2 -8 -3
right_child=6 2 3 4 -6 -7 7 -9 -10
leaf_value=-0.017670348902833241 -0.0029214035008846831 -0.022177397248368105 0.016319582689385964 0.0070736367446158901 -0.01465546021647727 0 0 0.023471650075592088 -0.003182907580034497
leaf_weight=18.737069617956877 14.086980949155985 10.979356599971654 40.40469831880182 16.734393663238734 37.00722334580496 42.153414405416697 10.274732731282713 13.74121708772145 10.030365749262272
leaf_count=193 296 276 398 215 477 482 111 683 142
internal_value=-0.000748112 -0.00307232 -0.000723519 0.00169069 -0.00699188 0.00797404 0.00821441 0.0161962 -0.0167224
internal_weight=214.149 176.047 157.309 136.3 53.7416 82.5581 38.1029 24.0159 21.0097
internal_count=3273 2183 1990 1572 692 880 1090 794 418
is_linear=0
shrinkage=0.05


Tree=337
num_leaves=1
num_cat=0
split_feature=
split_gain=
threshold=
decision_type=
left_child=
right_child=
leaf_value=0
leaf_weight=
leaf_count=3273
internal_value=
internal_weight=
internal_count=
is_linear=0
shrinkage=1


Tree=338
num_leaves=10
num_cat=0
split_feature=167 23 165 112 37 104 278 258 130
split_gain=1.78753 3.50611 2.50781 1.86736 2.88634 1.80903 2.19432 0.745786 0.15089
threshold=-0.16625207359334723 1.0000000180025095e-35 -0.0016679095989189034 63.500000000000007 0.017058220528568726 0.18836926779971969 1.3744960330700373 1.1029411764705885 -1.0000000180025095e-35
decision_type=2 2 2 2 2 2 2 2 2
left_child=1 2 5 4 -4 6 -1 -2 -3
right_child=7 8 3 -5 -6 -7 -8 -9 -10
leaf_value=0 0 -0.025320011612699485 0.018345613092066681 0.018375110730687434 -0.0033381200781383022 0.0064318567018130067 -0.021603299615576159 0.016294947883261877 -0.0063507565297160548
leaf_weight=23.97955093998462 10.497922712238505 12.396447731647642 16.352032419294119 18.205857019405812 65.955338994972408 11.625321872998027 25.102637206669897 15.970059060491621 14.19420299422927
leaf_count=249 187 154 317 284 1027 140 455 221 239
internal_value=-0.000759759 -0.00272961 0 0.00497041 0.000877342 -0.00763347 -0.0121035 0.010376 -0.0185543
internal_weight=214.279 187.811 161.221 100.513 82.3074 60.7075 49.0822 26.468 26.5907
internal_count=3273 2865 2472 1628 1344 844 704 408 393
is_linear=0
shrinkage=0.05


Tree=339
num_leaves=12
num_cat=0
split_feature=126 110 86 221 104 372 36 28 356 37 240
split_gain=1.71291 4.46773 2.36048 2.43631 2.67725 2.79041 2.23014 1.89905 1.78224 1.41781 0.857254
threshold=-0.0039213191313864906 41.500000000000007 10633.353242499963 12.526058544813898 0.11835554969829722 -0.018274186029737346 0.034359086182872832 0.042382257639239099 0.76041666666666685 0.018395340417258831 1.7857142857142858
decision_type=2 2 2 2 2 2 2 2 2 2 2
left_child=1 7 3 4 5 -2 8 -1 -3 -5 -6
right_child=2 6 -4 9 10 -7 -8 -9 -10 -11 -12
leaf_value=-0.00058111283227639846 0.019777540848034691 0.0215637752521276 -0.011171005990734742 0 0 -0.0029397472568583761 -0.009120807602699444 -0.024705780628147229 0 0.021061606203478793 -0.022328911401993473
leaf_weight=17.441790257580578 20.233959679957479 17.155097216833386 19.711045068688691 10.048367864917962 10.770244766958058 23.619335377123207 14.569465219974516 27.380120855756104 13.555136899463831 27.832496031885967 10.025495700538158
leaf_count=306 339 199 260 174 152 415 129 430 173 591 105
internal_value=-0.000771817 -0.00607494 0.00278967 0.00618864 0 0.00707008 0.00407743 -0.0169889 0.0120766 0.0157434 -0.0135223
internal_weight=212.343 90.1016 122.241 102.53 64.649 43.8533 45.2797 44.8219 30.7102 37.8809 20.7957
internal_count=3273 1237 2036 1776 1011 754 501 736 372 765 257
is_linear=0
shrinkage=0.05


Tree=340
num_leaves=1
num_cat=0
split_feature=
split_gain=
threshold=
decision_type=
left_child=
right_child=
leaf_value=0
leaf_weight=
leaf_count=3273
internal_value=
internal_weight=
internal_count=
is_linear=0
shrinkage=1


Tree=341
num_leaves=12
num_cat=0
split_feature=309 162 119 112 112 63 162 28 86 79 71
split_gain=1.72028 1.82211 4.87532 2.27369 3.4018 2.72678 2.64785 2.18682 1.6738 1.59504 0.743032
threshold=0.030355514383049783 1.8613191136163278 -0.27769101867689477 51.500000000000007 16.500000000000004 0.26356674087536841 0.32698971413760997 0.042732979728097552 -1096546.8625344995 0.99999999999995015 1.1312455860364721
decision_type=2 2 2 2 2 2 2 2 2 2 2
left_child=9 3 -3 4 7 8 -6 -2 -5 -1 -4
right_child=1 2 10 5 6 -7 -8 -9 -10 -11 -12
leaf_value=-0.0023935934930096967 -0.0040606782764914104 0.0096157472924920263 -0.026433311541860585 0 0.00090328200690304589 -0.0074299923695116859 -0.020043784093886782 0.018471735598355753 0.02231278754690225 0.017631834481400304 -0.0024150201981869551
leaf_weight=10.047017264645548 15.893811617977915 14.78668447374366 23.244605598272756 11.560275455005462 17.335039485944435 13.387607266660778 35.405833936063573 16.801435458939523 24.835107363760475 19.125346404034644 10.05843603890389
leaf_count=259 193 143 381 170 251 149 538 168 274 631 116
internal_value=-0.00075261 -0.00279672 -0.0108483 0 -0.00466308 0.00844147 -0.0125838 0.00669684 0.01567 0.00960082 -0.0213555
internal_weight=212.481 183.309 48.0897 135.219 85.4361 49.783 52.7409 32.6952 36.3954 29.1724 33.303
internal_count=3273 2383 640 1743 1150 593 789 361 444 890 497
is_linear=0
shrinkage=0.05


Tree=342
num_leaves=14
num_cat=0
split_feature=299 83 27 167 260 28 41 19 215 117 254 126 71
split_gain=1.72845 2.19116 2.1444 2.11439 2.17013 1.76007 1.64869 1.28248 1.22126 1.21929 1.19414 1.14446 1.09256
threshold=-0.21289520010780402 -0.37922985135750259 0.12278609332741398 -0.40838531564239827 0.35454545454545461 0.025472182584801262 0.0066431937819818052 0.35699073233771 6.6814760689002366 -0.055869319584572648 0.80769230769230782 -0.0077379172886182781 0.88683247364878659
decision_type=2 2 2 2 2 2 2 2 2 2 2 2 2
left_child=1 2 8 6 -5 -2 -3 -6 -1 -8 -7 -12 -4
right_child=5 3 12 4 7 10 9 -9 -10 -11 11 -13 -14
leaf_value=0.010480920370807187 -0.0068436347245068394 -0.0054689670121126138 -0.0014623700046618869 0.0060920745999313956 0 -0.00025424341240570613 0.017954946990450468 -0.021257993026989046 -0.010965803730409729 0 0.0012695421834688194 0.021602345037641541 -0.028783445886653228
leaf_weight=10.374730494339021 15.259081270080058 11.716179236304013 10.066231569740923 14.435382032301275 12.511017885059116 11.715351991122587 26.569365663221106 20.163461275398731 10.172214814461766 11.148826499003915 18.235017057042565 21.376603261800486 16.294387101661414
leaf_count=89 228 205 143 206 184 278 320 292 94 137 259 646 192
internal_value=-0.000813337 -0.00408409 -0.0125979 0 -0.00703951 0.00538687 0.00731119 -0.014267 0 0.0126194 0.0101204 0.014164 -0.0212689
internal_weight=210.038 143.452 46.9076 96.5442 47.1099 66.5861 49.4344 32.6745 20.5469 37.7182 51.327 39.6116 26.3606
internal_count=3273 1862 518 1344 682 1411 662 476 183 457 1183 905 335
is_linear=0
shrinkage=0.05


Tree=343
num_leaves=1
num_cat=0
split_feature=
split_gain=
threshold=
decision_type=
left_child=
right_child=
leaf_value=0
leaf_weight=
leaf_count=3273
internal_value=
internal_weight=
internal_count=
is_linear=0
shrinkage=1


Tree=344
num_leaves=9
num_cat=0
split_feature=167 14 167 264 110 260 231 264
split_gain=1.67097 3.0436 1.69409 1.93195 2.54075 1.59062 0.672481 0.0384528
threshold=-0.16625207359334723 0.011558874207757305 -0.39150910727876292 33.500000000000007 57.500000000000007 0.50000000000000011 71.500000000000014 27.500000000000004
decision_type=2 2 2 2 2 2 2 2
left_child=1 2 3 7 -5 -4 -2 -1
right_child=6 -3 5 4 -6 -7 -8 -9
leaf_value=-0.0027812462066620258 0 -0.019793465486756825 0 0.003554424276491404 -0.015515781831244572 0.019818527828610513 0.015761986412488896 -0.019474192297858354
leaf_weight=10.152393626049161 10.335585806053134 19.823912309482694 14.365748944692315 93.801598786143586 18.304712434997782 15.339378783712162 15.678435591515152 12.380096891894937
leaf_count=203 187 359 278 1473 195 206 221 151
internal_value=-0.00073399 -0.00266869 0 -0.00270694 0 0.00993275 0.0100992 -0.0151217
internal_weight=210.182 184.168 164.344 134.639 112.106 29.7051 26.014 22.5325
internal_count=3273 2865 2506 2022 1668 484 408 354
is_linear=0
shrinkage=0.05


Tree=345
num_leaves=11
num_cat=0
split_feature=393 299 83 214 105 231 25 266 381 254
split_gain=1.76151 1.82767 2.51314 1.87854 1.73085 2.65348 1.57461 1.36413 1.00095 0.987135
threshold=1.0000000180025095e-35 -0.22186058281958165 -0.18783666598194176 0.22993193256406838 0.20283145377562439 104.50000000000001 0.027529767590752267 -0.065320357411884064 36.025145505045721 0.96153846153846168
decision_type=2 2 2 2 2 2 2 2 2 2
left_child=1 2 4 -4 5 -1 8 -5 -3 -8
right_child=-2 6 3 7 -6 -7 9 -9 -10 -11
leaf_value=-0.024061825592070551 0.012949163673432696 0.0033962007139711481 -0.012519177100145504 -0.00041989640312415456 6.2035027840334908e-05 0 0 0.013889690513897905 -0.012303869207376056 0.016273594033247057
leaf_weight=34.998687220737338 16.969349317252636 14.735793580301108 17.487650483846664 30.488705598283559 11.649021570570765 11.680851783603428 10.062150864861904 22.345511863939464 14.391924689989535 23.738432900514454
leaf_count=474 251 329 264 519 147 121 244 200 205 519
internal_value=-0.000824684 -0.00248253 -0.00601082 0 -0.0134166 -0.0175873 0.0039176 0.00515776 -0.00322941 0.0111964
internal_weight=208.548 191.579 128.65 70.3219 58.3286 46.6795 62.9283 52.8342 29.1277 33.8006
internal_count=3273 3022 1725 983 742 595 1297 719 534 763
is_linear=0
shrinkage=0.05


Tree=346
num_leaves=1
num_cat=0
split_feature=
split_gain=
threshold=
decision_type=
left_child=
right_child=
leaf_value=0
leaf_weight=
leaf_count=3273
internal_value=
internal_weight=
internal_count=
is_linear=0
shrinkage=1


Tree=347
num_leaves=11
num_cat=0
split_feature=309 66 390 20 393 9 120 71 79 365
split_gain=1.70054 1.4762 3.63285 2.50367 1.59422 2.65084 2.27905 1.72822 1.38328 1.06174
threshold=0.030355514383049783 0.59883477097175219 -0.025096344690349711 0.14983138919396013 1.0000000180025095e-35 -0.00072039586826111435 -0.0031689376787682462 1.3592657454084949 0.99999999999995237 0.22654579979281711
decision_type=2 2 2 2 2 2 2 2 2 2
left_child=8 4 9 -4 5 6 -2 -7 -1 -3
right_child=1 2 3 -5 -6 7 -8 -9 -10 -11
leaf_value=-0.0011139101486821238 -0.00051082205150839322 0.012692629179668319 0 -0.028921517819026989 -0.013327379327462941 -0.0065194039591399081 0.021875804130890832 0.012637471129113183 0.017242769944366514 -0.0046148033619359957
leaf_weight=10.253635641653092 12.443076056893913 14.51098674349487 15.082224807702003 20.925022708950564 14.817193625960497 57.922318790573627 23.557929776143283 10.551237310282884 18.456843284424394 10.194171227514742
leaf_count=270 199 159 218 298 190 787 277 102 620 153
internal_value=-0.00073754 -0.00279425 -0.0089632 -0.018777 7.93763e-05 0.00276497 0.0134122 -0.00246138 0.00962496 0.0040199
internal_weight=208.715 180.004 60.7124 36.0072 119.292 104.475 36.001 68.4736 28.7105 24.7052
internal_count=3273 2383 828 516 1555 1365 476 889 890 312
is_linear=0
shrinkage=0.05


Tree=348
num_leaves=14
num_cat=0
split_feature=126 163 16 141 126 66 37 228 37 10 297 56 353
split_gain=1.72397 4.85119 3.4348 3.11003 2.50807 2.31819 2.07281 2.21856 1.17 0.915703 0.606317 0.474121 0.468724
threshold=-0.0039213191313864906 -0.0014459939329926439 0.00012164480427169157 1.0000000180025095e-35 0.0018093569739497941 0.56377938553535101 0.073132527477502193 1.1017763284793622 0.018063710899972229 0.024578838346696791 -0.47660611965551675 0.35232807444585307 0.13413637246876511
decision_type=2 2 2 2 2 2 2 2 2 2 2 2 2
left_child=1 10 11 6 -5 9 7 8 -2 -4 -1 -3 -8
right_child=3 2 5 4 -6 -7 12 -9 -10 -11 -12 -13 -14
leaf_value=-0.028011048922966703 -0.0084937965754486953 0 0.02630889763919745 0.023793254566343403 -0.0011290395119069447 -0.0043171430097965714 0 -0.021564256112822561 0.0059898570480179485 0.0012162566746361863 -0.0036832361702542459 -0.017611218440420885 0.016047861158354049
leaf_weight=18.440533426124606 23.42530717747286 10.076226017437877 15.525480512529613 22.984156772028655 10.219307668507097 10.533956589177249 10.445716701913627 15.477422954747452 25.399623902980238 10.541681719943879 10.096365383826194 12.740712617058305 10.958563033258541
leaf_count=278 349 125 159 428 117 164 163 311 480 165 131 215 188
internal_value=-0.000803446 -0.00618233 0.00138574 0.00281928 0.0152837 0.0112478 -0.00179946 -0.00672775 -8.37723e-05 0.0190543 -0.0221585 -0.0119663 0.00996421
internal_weight=206.865 87.955 59.4181 118.91 33.2035 36.6011 85.7066 64.3024 48.8249 26.0672 28.5369 22.8169 21.4043
internal_count=3273 1237 828 2036 545 488 1491 1140 829 324 409 340 351
is_linear=0
shrinkage=0.05


Tree=349
num_leaves=1
num_cat=0
split_feature=
split_gain=
threshold=
decision_type=
left_child=
right_child=
leaf_value=0
leaf_weight=
leaf_count=3273
internal_value=
internal_weight=
internal_count=
is_linear=0
shrinkage=1


Tree=350
num_leaves=8
num_cat=0
split_feature=381 266 66 124 20 221 348
split_gain=1.66891 1.6107 1.53225 3.28159 1.78204 3.34187 1.2597
threshold=12.753815021768448 -0.30095888049134467 0.59883477097175219 -8.4999999999999982 0.33474878233223054 10.150140473273881 0.095732104561626105
decision_type=2 2 2 2 2 2 2
left_child=-1 -2 4 6 5 -3 -4
right_child=1 2 3 -5 -6 -7 -8
leaf_value=0.012188603517635212 0.01105501072114165 -0.0081018022503252882 -0.0064814868782186634 -0.023521332865244063 -0.014126046972718923 0.0099041544133487529 0.012164256850158289
leaf_weight=18.164368690922856 15.234586211387066 39.634325995109975 24.058079435955733 24.078551512910053 17.166953038889915 58.090226203436032 10.601223607314749
leaf_count=379 482 464 322 392 202 887 145
internal_value=-0.000773948 -0.00245234 -0.00408821 -0.0104774 -0.000214156 0.00208124 0
internal_weight=207.028 188.864 173.629 58.7379 114.892 97.7246 34.6593
internal_count=3273 2894 2412 859 1553 1351 467
is_linear=0
shrinkage=0.05


Tree=351
num_leaves=14
num_cat=0
split_feature=126 163 16 141 126 66 37 228 37 112 297 56 207
split_gain=1.67395 4.62921 3.22468 2.92696 2.38045 2.26269 1.9331 2.11031 1.07742 0.756894 0.577791 0.455745 0.426197
threshold=-0.0039213191313864906 -0.0014459939329926439 0.00012164480427169157 1.0000000180025095e-35 0.0018093569739497941 0.56377938553535101 0.073132527477502193 1.1017763284793622 0.018063710899972229 64.500000000000014 -0.47660611965551675 0.35232807444585307 1.2882917369326974
decision_type=2 2 2 2 2 2 2 2 2 2 2 2 2
left_child=1 10 11 6 -5 9 7 8 -2 -4 -1 -3 -8
right_child=3 2 5 4 -6 -7 12 -9 -10 -11 -12 -13 -14
leaf_value=-0.027671020091417732 -0.0081565916556120745 0 0.02585058998184794 0.023286524720193425 -0.00096668541952905354 -0.0044804980214718524 0 -0.021085859026526186 0.0057795337844404352 0.0020394929623245334 -0.0035933306991310708 -0.017274830440532626 0.015326758183193788
leaf_weight=18.120018562301997 23.282108168117702 10.046109167393299 14.742413168307396 22.642227842705324 10.202030991204081 10.492748660501091 10.087161264847966 15.260003176052122 25.291272603906691 11.065457158721982 10.03941582655534 12.610427186358718 11.127996089402584
leaf_count=278 349 125 168 428 117 164 174 311 480 156 131 215 177
internal_value=-0.000830764 -0.00615716 0.00123319 0.0027467 0.0149077 0.010862 -0.00172973 -0.00652204 -1.67152e-05 0.0186525 -0.0218639 -0.0117116 0.00964643
internal_weight=205.009 87.1166 58.9572 117.893 32.8443 36.3006 85.0485 63.8334 48.5734 25.8079 28.1594 22.6565 21.2152
internal_count=3273 1237 828 2036 545 488 1491 1140 829 324 409 340 351
is_linear=0
shrinkage=0.05


Tree=352
num_leaves=1
num_cat=0
split_feature=
split_gain=
threshold=
decision_type=
left_child=
right_child=
leaf_value=0
leaf_weight=
leaf_count=3273
internal_value=
internal_weight=
internal_count=
is_linear=0
shrinkage=1


Tree=353
num_leaves=11
num_cat=0
split_feature=290 165 167 224 20 381 394 306 260 223
split_gain=1.66394 2.39364 2.16458 2.27252 1.96626 1.73397 2.50963 1.22198 1.58503 1.06131
threshold=0.51263233513337525 -0.0016679095989189034 -0.176482681822793 -1.561547453122085 0.33062368905582967 23.637074020770758 0.011106316318112099 1.0000000180025095e-35 0.46363636363636368 -3.8621163471552999
decision_type=2 2 2 2 2 2 2 2 2 2
left_child=1 5 3 -2 7 -1 9 -3 -9 -7
right_child=2 4 -4 -5 -6 6 -8 8 -10 -11
leaf_value=0.0037498980912929513 0 0.018911631562208108 0.0046190648457905712 -0.023383979278556025 -0.0077455778670642711 -0.0022707819301357132 0.0019082595197987126 -0.0058870511187437725 0.0099245074165524184 -0.030290832575262435
leaf_weight=19.957950195297599 11.857956912368534 25.208389099687338 14.654672229895366 23.72440721699968 14.410151559859512 10.332694511860607 12.936734537594019 18.347692444454879 40.444054338149726 13.306843389756979
leaf_count=229 322 676 185 661 180 121 138 195 433 133
internal_value=-0.000764291 0.00155991 -0.00855589 -0.0152152 0.00645004 -0.00600868 -0.0124775 0.00964312 0.00413463 -0.0215553
internal_weight=205.182 154.945 50.237 35.5824 98.4103 56.5342 36.5763 84.0001 58.7917 23.6395
internal_count=3273 2105 1168 983 1484 621 392 1304 628 254
is_linear=0
shrinkage=0.05


Tree=354
num_leaves=13
num_cat=0
split_feature=73 221 399 74 399 165 307 125 73 163 5 64
split_gain=1.60173 2.49139 3.58117 3.87824 2.15174 1.9072 1.70786 1.19028 1.09259 0.891285 0.637925 0.608056
threshold=1.2615622748416466 12.57481073219803 -0.14304103869399423 1.0000000180025095e-35 -0.0024212480255516857 0.0011346898426898558 0.065092363768785036 -0.1829284941954262 0.84826992123766698 0.013922032004930899 -0.0012046417061445378 0.58319507133070037
decision_type=2 2 2 2 2 2 2 2 2 2 2 2
left_child=1 2 9 8 6 10 -3 -8 -4 11 -2 -1
right_child=5 4 3 -5 -6 -7 7 -9 -10 -11 -12 -13
leaf_value=-0.0050177443263537255 0.022511368366629699 -0.0027187877502238677 0 0.015641305700349582 -0.013330740157571434 -0.004756605875669867 0 0.01741654764176109 -0.016238052132235122 -0.00087160442170810181 0.0013419552220896129 -0.030490207293993699
leaf_weight=10.215312581975015 13.521606642752886 19.140721436589956 10.189181604888288 20.488601888995618 11.410485500935463 12.975236873608081 10.130265327170489 32.063414281001315 22.336488236207515 10.293450851924716 12.234513795468956 18.090154889505357
leaf_count=181 205 404 173 306 189 175 155 596 338 172 160 219
internal_value=-0.000852255 -0.00323869 -0.00875257 0 0.00311687 0.00758135 0.00743288 0.0130192 -0.0105434 -0.0197347 0.0153834 -0.0242563
internal_weight=203.089 164.358 91.6132 53.0143 72.7449 38.7314 61.3344 42.1937 32.5257 38.5989 25.7561 28.3055
internal_count=3273 2733 1389 817 1344 540 1155 751 511 572 365 400
is_linear=0
shrinkage=0.05


Tree=355
num_leaves=1
num_cat=0
split_feature=
split_gain=
threshold=
decision_type=
left_child=
right_child=
leaf_value=0
leaf_weight=
leaf_count=3273
internal_value=
internal_weight=
internal_count=
is_linear=0
shrinkage=1


Tree=356
num_leaves=13
num_cat=0
split_feature=309 63 71 112 104 220 87 365 130 14 17 25
split_gain=1.55785 1.49563 1.62564 1.55644 2.83689 1.88105 1.84832 1.383 1.13151 1.0343 0.741226 0.598827
threshold=0.030355514383049783 0.26356674087536841 1.3744448482538336 47.500000000000007 -0.057278444271563235 2.6150344141300619 0.0064268877953111989 0.19316367921702432 -6.4999999999999991 -0.0016574134002477342 -0.00054286294520610064 0.05238281826936849
decision_type=2 2 2 2 2 2 2 2 2 2 2 2
left_child=8 3 7 5 -5 11 -7 10 -1 -6 -3 -2
right_child=1 2 -4 4 9 6 -8 -9 -10 -11 -12 -13
leaf_value=0 0 -0.0028581267826297274 0.003206290080322827 0.020605542964899339 -0.012501026199436419 -0.0014309899547056142 -0.02277674358063058 0 0.018392552450770133 0.0045206682355478887 -0.027542905385520417 0.013989451192751457
leaf_weight=14.571926281321796 11.376804505940529 10.607856756541878 12.164473955053834 19.680940457852557 11.908571544568987 37.56776076904498 15.16115836217068 16.464454955887049 13.206580148544161 14.734864367404951 15.72774485941045 10.093714184127746
leaf_count=292 150 122 114 229 197 612 232 224 598 215 174 114
internal_value=-0.000761011 -0.00276076 -0.00937954 7.42778e-06 0.00732202 -0.00401864 -0.00936146 -0.014024 0.00928542 -0.00189583 -0.0206135 0.00659845
internal_weight=203.267 175.488 54.9645 120.524 46.3244 74.1994 52.7289 42.8001 27.7785 26.6434 26.3356 21.4705
internal_count=3273 2383 634 1749 641 1108 844 520 890 412 296 264
is_linear=0
shrinkage=0.05


Tree=357
num_leaves=15
num_cat=0
split_feature=126 397 16 167 141 126 37 303 229 167 113 74 373 311
split_gain=1.62475 4.36512 3.03524 2.72681 2.69194 2.26636 1.77851 2.0316 1.23727 1.07763 0.847656 0.444164 0.390721 0.371277
threshold=-0.0039213191313864906 -0.0014459939329926439 0.00012164480427169157 -0.43491172161185115 1.0000000180025095e-35 0.0018093569739497941 0.073132527477502193 -0.091666666666666258 -6.0050743832065896 -0.74362333120384483 15.500000000000002 0.05148022468163465 0.026799726733673927 0.62105375825843501
decision_type=2 2 2 2 2 2 2 2 2 2 2 2 2 2
left_child=1 13 12 -4 6 -6 7 8 -2 -9 -5 -8 -3 -1
right_child=4 2 3 10 5 -7 11 9 -10 -11 -12 -13 -14 -15
leaf_value=-0.027006101908258112 0 0 0.027020384677573041 -0.0083554571699691795 0.022754214305166397 -0.0010106583189327884 0.01532369084528078 0.013418208727066564 -0.021175186002773388 -0.0035894620056233189 0.0086018598937196624 0 -0.017768175584861136 -0.004442608345043739
leaf_weight=17.405219621025029 11.050099340267481 11.433100603520872 12.179720427840946 12.197795720770957 22.1152637549676 10.033228158950804 10.564302974147724 10.74827313097194 20.848342466633767 20.086189445108175 11.300555644556878 10.351080319844185 10.827955160522832 10.219839253928511
leaf_count=277 201 168 118 197 428 117 200 226 369 344 173 151 172 132
internal_value=-0.000873614 -0.00616716 0.00104377 0.0105018 0.00267395 0.0144617 -0.00162321 -0.00628906 -0.0147573 0.00152537 0 0.00931406 -0.0115824 -0.0215443
internal_weight=201.361 85.5642 57.9391 35.6781 115.797 32.1485 83.6483 62.7329 31.8984 30.8345 23.4984 20.9154 22.2611 27.6251
internal_count=3273 1237 828 488 2036 545 1491 1140 570 570 370 351 340 409
is_linear=0
shrinkage=0.05


Tree=358
num_leaves=1
num_cat=0
split_feature=
split_gain=
threshold=
decision_type=
left_child=
right_child=
leaf_value=0
leaf_weight=
leaf_count=3273
internal_value=
internal_weight=
internal_count=
is_linear=0
shrinkage=1


Tree=359
num_leaves=14
num_cat=0
split_feature=270 167 412 217 356 28 348 209 208 225 86 167 83
split_gain=1.52701 2.36867 2.1829 2.23281 2.17923 2.0514 1.82711 1.94842 1.34832 1.04711 0.906645 0.329752 0.313657
threshold=-0.94567746255171126 -0.39150910727876292 -1.0000000180025095e-35 6.5676771610295246 0.38541666666666669 0.081377415742462308 0.15673954468601628 3.3823316391491756 0.8566685755961202 3.3004550401302439 -1052204.1377244999 -0.22643381033183779 0.15066176281649357
decision_type=2 2 2 2 2 2 2 2 2 2 2 2 2
left_child=1 2 3 8 -4 -5 7 10 -1 -3 -2 -8 -9
right_child=6 9 4 5 -6 -7 11 12 -10 -11 -12 -13 -14
leaf_value=-0.019001346217330104 -0.0098117418662946529 0.020410062644806819 0.00066429532236955322 0.016458587304512995 -0.023502354851818435 -0.0021161574639279087 0 -0.0050733541260038414 0.00048952690043326788 0 0.0073520198672621011 0.0093839341694360624 -0.026353001267629309
leaf_weight=11.352150226477535 11.760108649032192 18.689886673353616 10.758018059190364 31.719132397789508 15.914652668638153 17.564162716269493 10.453262664610522 11.560499926330523 11.292606428731231 12.069572853390126 12.645127890398724 10.35655403556302 15.411177644971756
leaf_count=100 325 379 175 434 205 211 175 325 127 229 261 123 204
internal_value=-0.00075817 0.00220806 -0.00121261 0.00283201 -0.0129884 0.00914079 -0.00661474 -0.0117487 -0.0084116 0.0137876 0 0.00384374 -0.0203212
internal_weight=201.547 129.36 98.6007 71.9281 26.6727 49.2833 72.1867 51.3769 22.6448 30.7595 24.4052 20.8098 26.9717
internal_count=3273 1860 1252 872 380 645 1413 1115 227 608 586 298 529
is_linear=0
shrinkage=0.05


Tree=360
num_leaves=14
num_cat=0
split_feature=126 397 16 167 141 70 274 6 260 240 112 30 311
split_gain=1.57767 4.18129 2.86195 2.59501 2.56305 1.87787 1.58648 1.46941 1.70601 1.2101 0.481076 0.408278 0.336694
threshold=-0.0039213191313864906 -0.0014459939329926439 0.00012164480427169157 -0.43491172161185115 1.0000000180025095e-35 0.0067511806900993577 0.62390402781089371 -0.016344897792669563 0.31818181818181823 1.7380952380952384 61.500000000000007 0.02025996798737208 0.62105375825843501
decision_type=2 2 2 2 2 2 2 2 2 2 2 2 2
left_child=1 12 11 -4 6 -6 7 9 -9 -2 -5 -3 -1
right_child=4 2 3 10 5 -7 -8 8 -10 -11 -12 -13 -14
leaf_value=-0.026665760268954536 0.013658522674998159 -0.016870845898133421 0.026474266892238797 0.0060318155605902897 0 0.021906246402575706 0.0090245726924088644 0.0018076829779880368 -0.017420591128902065 -0.0058842098016033588 -0.0067771490043702313 0 -0.0044182972195319246
leaf_weight=17.084008145146075 11.36939137103036 11.908219465520235 11.942259093746541 12.124155336059632 10.465911866165699 21.369669846259058 19.831181739689782 10.267284904140977 30.167640624102205 11.296918861102313 11.204975090455262 10.121775195468215 10.174326572101561
leaf_count=277 110 199 118 183 201 344 551 184 502 144 187 141 132
internal_value=-0.000884988 -0.00613558 0.000937522 0.0102045 0.00261677 0.0141754 -0.00157841 -0.00592543 -0.0115993 0.00242102 0 -0.0113467 -0.0212756
internal_weight=199.328 84.5597 57.3014 35.2714 114.768 31.8356 82.9324 63.1012 40.4349 22.6663 23.3291 22.03 27.2583
internal_count=3273 1237 828 488 2036 545 1491 940 686 254 370 340 409
is_linear=0
shrinkage=0.05


Tree=361
num_leaves=1
num_cat=0
split_feature=
split_gain=
threshold=
decision_type=
left_child=
right_child=
leaf_value=0
leaf_weight=
leaf_count=3273
internal_value=
internal_weight=
internal_count=
is_linear=0
shrinkage=1


Tree=362
num_leaves=13
num_cat=0
split_feature=167 290 104 223 230 385 373 104 351 126 231 87
split_gain=1.52242 2.60067 2.46655 1.98096 1.83882 2.37412 1.55106 1.30267 0.83943 0.512255 0.478274 0.312825
threshold=-0.16625207359334723 0.51263233513337525 -0.06398374494421806 -2.8596478953063422 57.500000000000007 1.0000000180025095e-35 -0.035798732182244823 0.12362885540997658 0.053836952503881021 -0.0098983922529248241 74.500000000000014 -0.010142727423143037
decision_type=2 2 2 2 2 2 2 2 2 2 2 2
left_child=1 2 6 -3 7 -6 8 -4 -1 -8 -2 -5
right_child=10 3 4 11 5 -7 9 -9 -10 -11 -12 -13
leaf_value=-0.0094630011215518124 0 0 -0.015777987302125821 -0.0068759876133258988 -0.0082383883210858464 0.013857007311401874 0.0023700231544550769 0 0.0073854081536506525 0.023730603881166008 0.014763470768547674 -0.029377750035422607
leaf_weight=10.385019384790214 10.015060460194947 10.843256818130611 34.589480400085449 12.905863292515278 18.974339925218374 21.578213536646217 11.420085413381457 15.073486818000672 13.499759948812423 13.811457303818315 14.644914981443433 11.780415122397244
leaf_count=113 192 285 379 303 310 253 165 204 150 292 216 411
internal_value=-0.00076785 -0.00267767 0.000147766 -0.0142043 -0.00436929 0.00251529 0.00917787 -0.0107634 0 0.0171128 0.00978844 -0.0214396
internal_weight=199.521 174.861 139.332 35.5295 90.2155 40.5526 49.1163 49.663 23.8848 25.2315 24.66 24.6863
internal_count=3273 2865 1866 999 1146 563 720 583 263 457 408 714
is_linear=0
shrinkage=0.05


Tree=363
num_leaves=15
num_cat=0
split_feature=126 163 16 167 141 70 37 44 37 83 113 353 372 311
split_gain=1.53703 3.99966 2.73112 2.46386 2.36467 1.81475 1.67929 1.94907 1.48376 1.26787 0.780706 0.465011 0.376829 0.312953
threshold=-0.0039213191313864906 -0.0014459939329926439 0.00012164480427169157 -0.43491172161185115 1.0000000180025095e-35 0.0067511806900993577 0.073132527477502193 0.44563462717686508 0.038053599136037668 -0.56915156141959444 15.500000000000002 0.13413637246876511 0.026913862823899851 0.62105375825843501
decision_type=2 2 2 2 2 2 2 2 2 2 2 2 2 2
left_child=1 13 12 -4 6 -6 7 9 -9 -2 -5 -8 -3 -1
right_child=4 2 3 10 5 -7 11 8 -10 -11 -12 -13 -14 -15
leaf_value=-0.026328668312978032 -0.0059450218229677963 0 0.025949171874549801 -0.0080867218290804396 0 0.021413851380397392 0 -0.00047835314317931665 -0.024101499099550613 0.012507094776293274 0.0082700625852037465 0.015283264550459509 -0.017276434717758072 -0.0043478453771887398
leaf_weight=16.823373154038567 13.900239120237531 11.27244372200221 11.712225983850656 12.06071365857497 10.418714628787713 21.048087856499478 10.021406988380479 17.771248852135614 15.617208659881724 14.349748527165501 11.136775378603486 10.550082628149537 10.608770754421128 10.135878407862036
leaf_count=277 155 168 118 197 201 344 163 388 323 274 173 188 172 132
internal_value=-0.000911256 -0.00611823 0.000807453 0.00994179 0.00255507 0.0137226 -0.00146529 -0.0060663 -0.013978 0.00212873 0 0.00921701 -0.0111977 -0.0209964
internal_weight=197.427 83.7502 56.7909 34.9097 113.677 31.4668 82.2099 61.6384 33.3885 28.25 23.1975 20.5715 21.8812 26.9593
internal_count=3273 1237 828 488 2036 545 1491 1140 711 429 370 351 340 409
is_linear=0
shrinkage=0.05


Tree=364
num_leaves=1
num_cat=0
split_feature=
split_gain=
threshold=
decision_type=
left_child=
right_child=
leaf_value=0
leaf_weight=
leaf_count=3273
internal_value=
internal_weight=
internal_count=
is_linear=0
shrinkage=1


Tree=365
num_leaves=12
num_cat=0
split_feature=309 162 119 112 112 73 162 28 112 67 19
split_gain=1.49638 1.79696 4.31881 1.96571 3.06266 2.26911 2.12352 1.86841 1.36523 1.06517 0.536301
threshold=0.030355514383049783 1.8613191136163278 -0.27769101867689477 51.500000000000007 16.500000000000004 0.91598994021052904 0.32698971413760997 0.042732979728097552 81.500000000000014 -0.023380688171931781 0.30635615979026526
decision_type=2 2 2 2 2 2 2 2 2 2 2
left_child=9 3 -3 4 7 -5 -6 -2 -7 -1 -4
right_child=1 2 10 5 6 8 -8 -9 -10 -11 -12
leaf_value=0 -0.003328441996866062 0.0085712167689706159 -0.004868281599201065 0.019832579287667323 0 0.0078762025679592253 -0.019124496609746435 0.017905372402222123 -0.012539875270270001 0.016606925779588042 -0.027239940868001716
leaf_weight=11.192715248558672 14.833418322727086 13.93881694623269 12.016676112776624 19.973722269525751 16.308972374303266 14.42750543029979 32.568801189307123 15.654018094763158 11.829822238069026 15.855869285762308 19.033694164594635
leaf_count=313 193 143 190 242 251 198 538 168 153 577 307
internal_value=-0.000759889 -0.00275704 -0.0110049 0 -0.00433912 0.00826565 -0.0121833 0.00670848 0 0.00918917 -0.0212421
internal_weight=197.634 170.585 44.9892 125.596 79.3652 46.231 48.8778 30.4874 26.2573 27.0486 31.0504
internal_count=3273 2383 640 1743 1150 593 789 361 351 890 497
is_linear=0
shrinkage=0.05


Tree=366
num_leaves=12
num_cat=0
split_feature=290 207 20 70 29 165 124 162 28 86 383
split_gain=1.54361 1.97087 2.03131 2.15012 2.10236 1.72733 1.17428 1.3591 1.14519 0.850415 0.80987
threshold=0.67003243097971821 1.2633847015110884 0.14983138919396013 0.0094537381513765707 -0.079654152879258019 -0.001629250190089385 -21.499999999999996 0.43809347978084895 0.081377415742462308 -915019.18953199999 3.5000000000000004
decision_type=2 2 2 2 2 2 2 2 2 2 2
left_child=1 6 5 4 -4 10 -1 -8 -5 -9 -3
right_child=-2 2 3 8 -6 -7 7 9 -10 -11 -12
leaf_value=-0.01936849729456612 0.01459035538385467 0.0077821075456357179 -0.00062960848242707554 -0.011890382859391792 0.019920226809374404 -0.017044619441835912 -0.015837570168329353 0.010046551550915188 0.0062620599420545112 -0.0045604315486127284 -0.0060392731445968731
leaf_weight=19.498947052750736 11.034886371809987 17.947506362572312 12.16736905928701 15.434554766863586 31.562064654193819 18.196379854809493 11.624058412853627 15.365855294978244 10.206568932160733 14.484907270641999 17.729627575492486
leaf_count=259 648 240 177 213 395 268 222 216 165 256 214
internal_value=-0.000952576 -0.00236957 0.000942466 0.00680444 0.0134591 -0.00568736 -0.00957589 -0.00285183 -0.00301991 0.00166738 0
internal_weight=195.253 184.218 123.244 69.3706 43.7294 53.8735 60.9738 41.4748 25.6411 29.8508 35.6771
internal_count=3273 2625 1672 950 572 722 953 694 378 472 454
is_linear=0
shrinkage=0.05


Tree=367
num_leaves=1
num_cat=0
split_feature=
split_gain=
threshold=
decision_type=
left_child=
right_child=
leaf_value=0
leaf_weight=
leaf_count=3273
internal_value=
internal_weight=
internal_count=
is_linear=0
shrinkage=1


Tree=368
num_leaves=12
num_cat=0
split_feature=165 162 83 104 3 4 355 124 365 112 190
split_gain=1.46273 2.36483 2.73777 2.56403 3.38368 1.68326 1.49062 0.843934 0.730197 0.974796 0.708078
threshold=-0.001629250190089385 1.4660564270614354 0.16840983888756142 0.052212243640489951 0.00029325766267862546 -0.015910918528746796 0.096018640928851887 -13.499999999999998 0.18566397841145962 46.500000000000007 0.26936869247371686
decision_type=2 2 2 2 2 2 2 2 2 2 2
left_child=5 2 6 4 -3 10 -2 -7 9 -4 -1
right_child=1 3 8 -5 -6 7 -8 -9 -10 -11 -12
leaf_value=0.0074336689861598942 0.02167554497627586 0.0014625271242940223 -0.015857182662867345 0.01036119633538455 -0.023676765684823721 0 0 -0.020892984918648754 0.0051092639512809067 6.8458040436436007e-05 -0.0071405580416257237
leaf_weight=17.053355845157061 29.272991631412879 19.607460431288928 12.159732683096083 13.461053748149423 23.375222110655159 12.006480629788713 12.59795848932117 19.055127928033471 15.923575028311459 10.939415101427583 10.009558779187499
leaf_count=246 630 341 172 242 336 208 173 316 336 154 119
internal_value=-0.000741263 0.00180093 0.00743319 -0.0053977 -0.0117743 -0.00735958 0.0159646 -0.0148562 -0.00101733 -0.00725834 0.000205386
internal_weight=195.462 137.337 80.8937 56.4437 42.9827 58.1245 41.871 31.0616 39.0227 23.0991 27.0629
internal_count=3273 2384 1465 919 677 889 803 524 662 326 365
is_linear=0
shrinkage=0.05


Tree=369
num_leaves=12
num_cat=0
split_feature=297 83 48 33 110 112 74 25 40 270 190
split_gain=1.54352 1.6233 2.25614 1.73471 2.42788 2.95144 2.37571 1.48718 1.31272 0.838737 0.326018
threshold=-0.45490237724266175 -0.37922985135750259 0.2810665334588292 0.070912552881002719 49.500000000000007 54.500000000000007 -0.10903126638433809 0.027904215612277121 -0.017763125410783884 -0.86579726071135443 -0.027286446963283469
decision_type=2 2 2 2 2 2 2 2 2 2 2
left_child=1 2 8 4 6 -6 -3 9 -1 -2 -9
right_child=7 3 -4 -5 5 -7 -8 10 -10 -11 -12
leaf_value=-0.012298549644129179 -0.010651680575089867 0 -0.025038440443003712 0.016297789438057056 0.021418890685521979 -0.0042425321618095374 -0.020650446283176499 0.0014705005412117347 0.006336676325373357 0.004952639366591822 0.020481902705326627
leaf_weight=13.659695691894738 11.602476453408601 27.084041404072195 15.840536981821058 10.980679093860088 15.348000380676238 21.068244545720518 23.170386966550723 10.84490152844228 16.66188615211286 15.253874976653604 12.26191242225468
leaf_count=141 113 530 222 128 179 244 358 300 178 445 435
internal_value=-0.000979648 -0.00381837 -0.0112289 0 -0.00263637 0.00611128 -0.00990131 0.0060007 -0.000909293 -0.000506963 0.0146687
internal_weight=193.777 143.813 46.1621 97.6514 86.6707 36.4162 50.2544 49.9632 30.3216 26.8564 23.1068
internal_count=3273 1980 541 1439 1311 423 888 1293 319 558 735
is_linear=0
shrinkage=0.05


Tree=370
num_leaves=1
num_cat=0
split_feature=
split_gain=
threshold=
decision_type=
left_child=
right_child=
leaf_value=0
leaf_weight=
leaf_count=3273
internal_value=
internal_weight=
internal_count=
is_linear=0
shrinkage=1


Tree=371
num_leaves=12
num_cat=0
split_feature=309 162 119 112 112 63 162 28 86 79 264
split_gain=1.4704 1.68426 4.04908 1.86274 2.83192 2.1787 1.93247 1.6773 1.30868 1.15508 0.389809
threshold=0.030355514383049783 1.8613191136163278 -0.27769101867689477 51.500000000000007 16.500000000000004 0.26356674087536841 0.32698971413760997 0.042732979728097552 -1096546.8625344995 0.99999999999996525 47.500000000000007
decision_type=2 2 2 2 2 2 2 2 2 2 2
left_child=9 3 -3 4 7 8 -6 -2 -5 -1 -4
right_child=1 2 10 5 6 -7 -8 -9 -10 -11 -12
leaf_value=0 -0.0030515960984207522 0.008155997784526468 -0.0063909762613212117 0 0 -0.0061918725157014132 -0.018604247318701982 0.017113853943409842 0.021096155816851665 0.017609274471792308 -0.02744470948436898
leaf_weight=12.159030065871775 14.614149946253749 13.795374329900367 13.791290885303171 10.51160042919218 16.117808329174295 12.425516247516496 31.872888347832486 15.317838047165422 22.365723007824275 14.399276127340272 16.619762603193521
leaf_count=369 193 143 142 170 251 149 538 168 274 521 355
internal_value=-0.000728706 -0.00273304 -0.0107779 0 -0.00429811 0.00809074 -0.011915 0.00636881 0.0149487 0.00921057 -0.0208246
internal_weight=193.99 167.432 44.2064 123.226 77.9227 45.3028 47.9907 29.932 32.8773 26.5583 30.4111
internal_count=3273 2383 640 1743 1150 593 789 361 444 890 497
is_linear=0
shrinkage=0.05


Tree=372
num_leaves=9
num_cat=0
split_feature=274 207 216 167 73 392 56 206
split_gain=1.48497 1.77003 1.60586 2.04182 1.43991 1.19595 1.58471 1.02402
threshold=0.69127245867450748 1.2633847015110884 5.8762443833932041 -0.43052588346246862 1.2805464536532916 3.5000000000000004 0.56930944304506159 0.0062630149973219671
decision_type=2 2 2 2 2 2 2 2
left_child=1 5 3 4 -3 -1 -7 -2
right_child=7 2 -4 -5 -6 6 -8 -9
leaf_value=0 0 -0.0015814748475613278 0.012997297669203326 -0.016397241372644207 0.01450651921393249 -0.026166006866059518 -0.0017126706376460036 0.018198457303930615
leaf_weight=19.611331622581929 10.639957477338614 65.774552254006267 18.525741999037564 17.114012429956347 13.688770009204744 15.567416884470729 18.67776619666256 12.237030607881023
leaf_count=325 282 812 237 255 160 253 271 678
internal_value=-0.000967572 -0.00286208 0.000281897 -0.00197318 0.00101052 -0.0101212 -0.0153835 0.00980193
internal_weight=191.837 168.96 115.103 96.5773 79.4633 53.8565 34.2452 22.877
internal_count=3273 2313 1464 1227 972 849 524 960
is_linear=0
shrinkage=0.05


Tree=373
num_leaves=1
num_cat=0
split_feature=
split_gain=
threshold=
decision_type=
left_child=
right_child=
leaf_value=0
leaf_weight=
leaf_count=3273
internal_value=
internal_weight=
internal_count=
is_linear=0
shrinkage=1


Tree=374
num_leaves=9
num_cat=0
split_feature=167 14 167 37 123 110 258 258
split_gain=1.42422 2.61854 1.31661 1.48329 2.22323 1.99718 1.19357 0.830057
threshold=-0.17823952009724051 0.011558874207757305 -0.39269027934515638 0.018063710899972229 1.0000000180025095e-35 24.500000000000004 1.3088235294117649 1.0441176470588236
decision_type=2 2 2 2 2 2 2 2
left_child=1 2 3 5 -5 -1 -4 -2
right_child=7 -3 6 4 -6 -7 -8 -9
leaf_value=0.017358423568553827 0 -0.020145520161661712 0 -0.0148075208323556 0.00010567013825535615 -0.003219951471061978 0.019424119962898868 0.015383318582355013
leaf_weight=15.45145660988055 10.700207615504041 16.276120309252292 14.85635362705216 39.609293160261586 45.002976595889777 23.0572432174813 11.222821011673657 15.878959191730246
leaf_count=283 213 327 305 717 667 346 166 249
internal_value=-0.000761752 -0.0027577 -0.000172662 -0.0026917 -0.00657289 0.00449027 0.00905119 0.00899358
internal_weight=192.055 165.476 149.2 123.121 84.6123 38.5087 26.0792 26.5792
internal_count=3273 2811 2484 2013 1384 629 471 462
is_linear=0
shrinkage=0.05


Tree=375
num_leaves=14
num_cat=0
split_feature=126 397 16 167 141 70 37 227 37 268 113 8 297
split_gain=1.5398 3.72395 2.50338 2.22537 2.15646 1.65065 1.52092 1.77985 1.26013 1.02501 0.699562 0.323853 0.150734
threshold=-0.0039213191313864906 -0.0014459939329926439 0.00012164480427169157 -0.43491172161185115 1.0000000180025095e-35 0.0067511806900993577 0.073132527477502193 -2.1684237986289072 0.018063710899972229 -0.46986618648403028 15.500000000000002 -0.0068245317774298479 -0.49114742551754703
decision_type=2 2 2 2 2 2 2 2 2 2 2 2 2
left_child=1 12 11 -4 6 -6 7 8 -2 -9 -5 -3 -1
right_child=4 2 3 10 5 -7 -8 9 -10 -11 -12 -13 -14
leaf_value=-0.025952972828010817 -0.0056191650179270199 -0.017085502807588842 0.024982146037006964 -0.0078301498307863752 0 0.020885744180956609 0.0088927541944775392 -0.020921140615016091 0.012558965022449157 0 0.0078525206262170019 0 -0.0051722912697990597
leaf_weight=15.753708259202542 16.858496850356463 10.003656949382277 11.179424717556683 11.709663511719556 10.18826768663712 20.139652771409601 20.010892004473135 17.753856337396432 13.366551606915889 11.52912787767127 10.736772865522651 11.147467495873569 10.335224696435032
leaf_count=272 257 190 118 197 201 344 351 391 298 194 173 150 137
internal_value=-0.00098916 -0.0062877 0.000490931 0.00947205 0.00253185 0.0133808 -0.00133598 -0.00583723 0.00132306 -0.0142128 0 -0.0111199 -0.0208219
internal_weight=190.713 80.8659 54.777 33.6259 109.847 30.3279 79.5189 59.508 30.225 29.283 22.4464 21.1511 26.0889
internal_count=3273 1237 828 488 2036 545 1491 1140 555 585 370 340 409
is_linear=0
shrinkage=0.05


Tree=376
num_leaves=1
num_cat=0
split_feature=
split_gain=
threshold=
decision_type=
left_child=
right_child=
leaf_value=0
leaf_weight=
leaf_count=3273
internal_value=
internal_weight=
internal_count=
is_linear=0
shrinkage=1


Tree=377
num_leaves=11
num_cat=0
split_feature=309 66 385 399 244 71 258 64 79 364
split_gain=1.38864 1.42796 3.41171 2.49265 1.83538 2.09629 2.1825 1.3838 1.10662 0.415492
threshold=0.030355514383049783 0.59883477097175219 3.5000000000000004 -0.2723239593111067 0.31818181818181823 1.3592657454084949 0.57352941176470595 0.64569365742138685 0.99999999999996525 0.47161225828853076
decision_type=2 2 2 2 2 2 2 2 2 2
left_child=8 4 3 -3 9 6 -6 -5 -1 -2
right_child=1 2 -4 7 5 -7 -8 -9 -10 -11
leaf_value=0 0 0 0.0063248448962443223 -0.0055171062462126977 0.0065083576372923259 0.011099758091883474 -0.011737672071123568 -0.034960971670889074 0.017278996943786911 0.019697912838674822
leaf_weight=12.077950448263438 10.143847868777813 10.19267298071645 18.01598338317126 13.007524813758211 16.783448831643909 16.939350968692452 54.903810021933168 14.754106988664715 14.094422949710859 10.035430422518401
leaf_count=369 155 143 241 201 274 188 804 243 521 134
internal_value=-0.000751253 -0.0027228 -0.00902941 -0.017468 0.000229375 -0.00250556 -0.00670661 -0.0246741 0.00895084 0.0131679
internal_weight=190.949 164.776 55.9703 37.9543 108.806 88.6266 71.6873 27.7616 26.1724 20.1793
internal_count=3273 2383 828 587 1555 1266 1078 444 890 289
is_linear=0
shrinkage=0.05


Tree=378
num_leaves=10
num_cat=0
split_feature=297 28 162 31 113 20 206 209 52
split_gain=1.44131 1.7554 1.36853 2.33316 1.86043 1.89029 1.09486 0.607774 0.158152
threshold=-0.45490237724266175 0.025472182584801262 0.32698971413760997 0.025430723764963966 92.500000000000014 0.14983138919396013 0.010887623155140403 3.1386600097164079 0.0027440139040946225
decision_type=2 2 2 2 2 2 2 2 2
left_child=2 -2 -1 4 5 -4 -5 -3 -9
right_child=1 7 3 6 -6 -7 -8 8 -10
leaf_value=-0.016300038918143377 -0.0070641552723373219 0 -0.009768167731059315 -0.021729782330943564 0.01703894901233478 0.005160429131284428 0 0.02150574837565359 0.0036021233958623807
leaf_weight=16.897659348323941 12.515916458796708 12.01291231298819 32.901036518625915 14.771488320082428 14.389792141504584 46.709525705780834 14.497855918947606 12.227876441786067 11.978597808862103
leaf_count=392 216 388 405 210 163 622 188 385 304
internal_value=-0.00105299 0.00574607 -0.00383709 -0.00138603 0.0020839 -0.000534615 -0.0132371 0.0116494 0.0158581
internal_weight=188.903 48.7353 140.167 123.27 94.0004 79.6106 29.2693 36.2194 24.2065
internal_count=3273 1293 1980 1588 1190 1027 398 1077 689
is_linear=0
shrinkage=0.05


Tree=379
num_leaves=1
num_cat=0
split_feature=
split_gain=
threshold=
decision_type=
left_child=
right_child=
leaf_value=0
leaf_weight=
leaf_count=3273
internal_value=
internal_weight=
internal_count=
is_linear=0
shrinkage=1


Tree=380
num_leaves=11
num_cat=0
split_feature=290 348 104 71 386 258 373 69 110 375
split_gain=1.38426 2.08824 1.96695 2.13037 2.53394 2.03103 1.62945 1.25391 0.880468 0.841919
threshold=0.51263233513337525 0.15673954468601628 -0.054108370075913334 1.3744448482538336 0.023235282430235763 0.63235294117647067 -0.035798732182244823 0.0027609851355382413 40.500000000000007 0.069263363824821469
decision_type=2 2 2 2 2 2 2 2 2 2
left_child=2 7 6 4 5 -4 8 -2 -1 -8
right_child=1 -3 3 -5 -6 -7 9 -9 -10 -11
leaf_value=0.0085243417143706229 -0.0037484642115602537 0.0038241272600258178 0.0042631560578292108 0.013762821046324262 0.0070365513063427448 -0.016150627511174489 0.023747207591119503 -0.028305959933586328 -0.0083006764632416082 0.0010698101472711508
leaf_weight=11.726486445404591 19.852943508420143 16.093212603125721 10.022220348240806 12.042299261316655 19.710604353807867 47.482075327541679 16.075917435344312 10.719833793817086 13.415956771932541 11.998175887390969
leaf_count=184 555 263 184 143 319 601 362 350 118 194
internal_value=-0.000706045 -0.00807397 0.00148028 -0.00263364 -0.00623322 -0.0117314 0.00904209 -0.0156084 0 0.0167035
internal_weight=189.14 46.666 142.474 89.2572 77.2149 57.5043 53.2165 30.5728 25.1424 28.0741
internal_count=3273 1168 2105 1247 1104 785 858 905 302 556
is_linear=0
shrinkage=0.05


Tree=381
num_leaves=13
num_cat=0
split_feature=126 163 110 86 381 364 303 73 19 364 219 68
split_gain=1.50851 3.56204 2.39047 1.67816 2.07885 2.31262 2.06059 1.54288 1.45119 1.1969 1.11374 0.155689
threshold=-0.0039213191313864906 -0.0014459939329926439 42.500000000000007 10633.353242499963 13.783138383818228 0.453904972916575 -0.091666666666665467 0.87200939953370249 0.32535095537747721 0.52108212059368542 3.6560693266819819 0.40176715744456376
decision_type=2 2 2 2 2 2 2 2 2 2 2 2
left_child=1 11 7 4 8 6 -6 -3 -2 -7 -4 -1
right_child=3 2 10 -5 5 9 -8 -9 -10 -11 -12 -13
leaf_value=-0.0056191075912082819 0.0062957293651046443 0.00177360348240071 0.01736775775350996 -0.0098092785782306572 -0.010037466040930908 0.028423313000992285 0.014869779702773867 -0.018670238679275711 -0.011821646423849218 0.0011598118992246598 0 -0.026300938576605794
leaf_weight=11.034003173932435 15.237901963293551 10.019382123369725 17.776752498932186 17.443097445648164 15.972079992992805 17.470051973359663 11.653432935941963 15.115962370531632 19.885649499483407 10.432092308998106 10.911567780189214 14.625369733897967
leaf_count=205 350 193 250 260 202 313 354 258 349 208 127 204
internal_value=-0.00108482 -0.00636922 0.000300395 0.00241785 0.00554336 0.0115307 0 -0.00942367 -0.00277322 0.0209502 0.0104836 -0.0206712
internal_weight=187.577 79.483 53.8237 108.094 90.6512 55.5277 27.6255 25.1353 35.1236 27.9021 28.6883 25.6594
internal_count=3273 1237 828 2036 1776 1077 556 451 699 521 377 409
is_linear=0
shrinkage=0.05


Tree=382
num_leaves=1
num_cat=0
split_feature=
split_gain=
threshold=
decision_type=
left_child=
right_child=
leaf_value=0
leaf_weight=
leaf_count=3273
internal_value=
internal_weight=
internal_count=
is_linear=0
shrinkage=1


Tree=383
num_leaves=13
num_cat=0
split_feature=165 162 83 41 399 4 355 264 74 349 399 213
split_gain=1.37947 2.23536 2.4756 2.31596 2.76396 1.55358 1.26811 1.07855 1.05044 0.865898 0.832765 0.645763
threshold=-0.001629250190089385 1.4660564270614354 0.16840983888756142 0.017124505015796845 -0.10242626467852521 -0.015910918528746796 0.096018640928851887 60.500000000000007 -0.047331435835598172 -11.499999999999998 -0.066828341911728081 4.8913479786020941
decision_type=2 2 2 2 2 2 2 2 2 2 2 2
left_child=5 2 6 4 11 9 -2 10 -7 -1 -4 -3
right_child=1 3 7 -5 -6 8 -8 -9 -10 -11 -12 -13
leaf_value=0.0098075823139001962 0.021108140709771312 -0.030174600914212625 -0.016787609933898461 0.0099101272431705561 0.00073105374449824491 -7.6461391765733188e-05 0 0.0073568783738519649 -0.022378469026382911 -0.0062762033201763136 0 -0.0042626425136819629
leaf_weight=12.814249946735801 27.957692956319079 12.473785548238082 10.561237299581988 12.846825757296754 18.503305292455483 13.907262527383866 11.986359041649846 15.015982928220181 16.163906851317734 13.344221634557469 11.782491976628082 10.454448106465859
leaf_count=143 630 210 164 227 291 268 173 271 256 222 227 191
internal_value=-0.000687396 0.00183136 0.00744637 -0.00526381 -0.0114456 -0.00721989 0.015728 -0.000680187 -0.0145187 8.64209e-05 -0.00828582 -0.0221483
internal_weight=187.812 131.582 77.3038 54.2784 41.4315 56.2296 39.9441 37.3597 30.0712 26.1585 22.3437 22.9282
internal_count=3273 2384 1465 919 692 889 803 662 524 365 391 401
is_linear=0
shrinkage=0.05


Tree=384
num_leaves=12
num_cat=0
split_feature=126 163 141 115 126 37 228 212 37 82 297
split_gain=1.45882 3.40038 1.84437 1.78283 1.57705 1.39167 1.71081 1.33798 0.883678 0.861981 0.160494
threshold=-0.0039213191313864906 -0.0014459939329926439 1.0000000180025095e-35 1.0000000180025095e-35 0.0016427302610420027 0.073132527477502193 1.1017763284793622 3.6976597884405673 0.018063710899972229 0.61731817933320232 -0.49114742551754703
decision_type=2 2 2 2 2 2 2 2 2 2 2
left_child=1 10 5 9 -4 6 8 -5 -2 -3 -1
right_child=2 3 4 7 -6 -7 -8 -9 -10 -11 -12
leaf_value=-0.025495418332363434 -0.007270469268653431 0.00011034407689418634 0.020185579089078157 0.017961336422217589 0 0.0086387668074968844 -0.019417103321883462 -0.00038511060530354798 0.0059132965181425664 -0.013902657856153267 -0.0047638736989225137
leaf_weight=15.220475723035635 21.444683286128566 10.160727241542192 19.242787973722447 16.005762980785224 10.153157466556875 19.62497664289549 13.393560173222793 10.372816517250611 23.226266561308876 16.795477071311325 10.157069352921097
leaf_count=272 349 171 408 184 137 351 311 196 480 277 137
internal_value=-0.0010751 -0.00629961 0.00237796 0.000221202 0.012572 -0.0011836 -0.00558354 0.00974243 0 -0.00746949 -0.0203406
internal_weight=185.798 78.7123 107.085 53.3348 29.3959 77.6895 58.0645 26.3786 44.6709 26.9562 25.3775
internal_count=3273 1237 2036 828 545 1491 1140 380 829 448 409
is_linear=0
shrinkage=0.05


Tree=385
num_leaves=1
num_cat=0
split_feature=
split_gain=
threshold=
decision_type=
left_child=
right_child=
leaf_value=0
leaf_weight=
leaf_count=3273
internal_value=
internal_weight=
internal_count=
is_linear=0
shrinkage=1


Tree=386
num_leaves=11
num_cat=0
split_feature=266 165 162 83 41 399 381 74 264 353
split_gain=1.36115 1.46348 2.14921 2.2382 1.65146 2.21785 1.43624 1.31075 1.11781 0.976196
threshold=-0.30095888049134467 -0.001629250190089385 1.4660564270614354 0.16840983888756142 0.017124505015796845 -0.10242626467852521 23.637074020770758 -0.064204735371011415 60.500000000000007 0.12818447150279169
decision_type=2 2 2 2 2 2 2 2 2 2
left_child=-1 6 3 9 5 -4 -2 -8 -5 -3
right_child=1 2 4 8 -6 -7 7 -9 -10 -11
leaf_value=0.012077571993306932 0 0.018926089056850667 -0.021943807942344115 -0.0095933522012142669 0.0062426637473027534 0 0 -0.022197005658470589 0.006409734880203858 0
leaf_weight=14.718855856684966 18.056617617257871 26.878222677623853 21.353829786181446 20.890723520657048 10.99775906675495 17.246107270708311 10.996932301903145 20.197261740919203 14.407576996833084 10.300462938845156
leaf_count=546 269 502 367 337 162 233 173 322 227 135
internal_value=-0.000716497 -0.00229141 0.000310037 0.00607517 -0.00702992 -0.0121909 -0.00934393 -0.0154408 -0.00176546 0.0143397
internal_weight=186.044 171.325 122.075 72.477 49.5977 38.5999 49.2508 31.1942 35.2983 37.1787
internal_count=3273 2727 1963 1201 762 600 764 495 564 637
is_linear=0
shrinkage=0.05


Tree=387
num_leaves=9
num_cat=0
split_feature=274 125 7 25 119 206 392 303
split_gain=1.42235 1.48586 1.73533 1.81645 1.69781 1.26468 0.62611 0.573671
threshold=0.65133158060785401 -0.18728272043467867 -0.0063253940813222101 0.055007037362365341 -0.085852464638549994 0.0060896506474005978 3.5000000000000004 0.14614066498669812
decision_type=2 2 2 2 2 2 2 2
left_child=1 -1 -3 4 -4 -2 -5 -7
right_child=5 2 3 6 -6 7 -8 -9
leaf_value=-0.01664779970886086 -0.001804092353125459 0.01526818225972526 0.012353471760159281 0 -0.0032645284256072795 2.4803132491847083e-05 -0.019130467187197468 0.022131413860312973
leaf_weight=16.243472903966904 12.538907924201338 10.606843959540127 19.177713333629072 10.225177783519031 77.698043215088546 10.072389380075039 17.353067552205175 10.34971337742172
leaf_count=193 296 158 223 153 1278 145 178 649
internal_value=-0.00111335 -0.00341035 -0.00112899 -0.00324526 0 0.00744525 -0.013871 0.0147626
internal_weight=184.265 151.304 135.061 124.454 96.8758 32.961 27.5782 20.4221
internal_count=3273 2183 1990 1832 1501 1090 331 794
is_linear=0
shrinkage=0.05


Tree=388
num_leaves=1
num_cat=0
split_feature=
split_gain=
threshold=
decision_type=
left_child=
right_child=
leaf_value=0
leaf_weight=
leaf_count=3273
internal_value=
internal_weight=
internal_count=
is_linear=0
shrinkage=1


Tree=389
num_leaves=11
num_cat=0
split_feature=290 348 112 230 375 11 113 112 379 221
split_gain=1.34695 1.97051 1.879 1.46681 2.43446 2.4005 1.43747 1.36169 1.35398 1.24422
threshold=0.51263233513337525 0.15673954468601628 43.500000000000007 57.500000000000007 0.069263363824821469 -0.0010893067207508598 4.5000000000000009 43.500000000000007 1.0000000180025095e-35 14.723374261959881
decision_type=2 2 2 2 2 2 2 2 2 2
left_child=3 2 -2 5 8 -1 -7 -8 9 -5
right_child=1 -3 -4 4 -6 6 7 -9 -10 -11
leaf_value=-0.020230042391581705 -0.0239615312022795 0.0034949651027827927 0 0.023475810632038411 -0.0064956035513448855 -0.0089815610737436682 -0.0016538297455215654 0.014117716529868825 0 0
leaf_weight=13.153922211378811 18.838787479908209 15.837557479273526 10.909908823668955 24.261117873480543 17.826560458634049 17.898742141202092 17.120851641986519 23.620894034858793 13.162648497149346 11.880282303085549
leaf_count=132 585 263 320 416 352 232 246 348 138 241
internal_value=-0.000694641 -0.00804573 -0.0154739 0.0014843 0.00688155 -0.00296744 0.00088978 0.00668811 0.0127693 0.0174462
internal_weight=184.511 45.5863 29.7487 138.925 67.1306 71.7944 58.6405 40.7417 49.304 36.1414
internal_count=3273 1168 905 2105 1147 958 826 594 795 657
is_linear=0
shrinkage=0.05


Tree=390
num_leaves=13
num_cat=0
split_feature=126 163 16 167 167 266 216 372 165 393 30 68
split_gain=1.3658 3.26761 2.18973 2.05416 1.79724 1.6062 1.5817 1.37543 1.155 0.365733 0.277988 0.145448
threshold=-0.0039213191313864906 -0.0014459939329926439 0.00012164480427169157 -0.43491172161185115 -0.74362333120384483 -0.17125988633983985 6.5587892239517034 -0.038893352136121988 0.0012009779338059035 -0.1429417045074341 0.018165493007470213 0.40176715744456376
decision_type=2 2 2 2 2 2 2 2 2 2 2 2
left_child=1 11 10 -4 5 -2 7 -6 -9 -5 -3 -1
right_child=4 2 3 9 6 -7 -8 8 -10 -11 -12 -13
leaf_value=-0.0051584475540825186 0 -0.015928367846370965 0.02408927963494166 -0.0060311145163936628 0.0038604885082001738 0.020640666519752215 0.010147738849722178 -0.016553247786721882 0 0.0054344137668455158 0 -0.025606960335757378
leaf_weight=10.731717523420231 17.985224399250001 10.367489712312819 10.640951027860863 11.441795849706976 14.78261126228608 17.684492627158761 15.024607971077783 27.695687014842406 12.219325466081498 10.172470198245721 10.017387710046021 14.148357493570073
leaf_count=205 196 188 118 201 342 411 332 498 257 169 152 204
internal_value=-0.00108975 -0.00618454 0.000215159 0.00888054 0.00226384 0.0111376 -0.0018606 -0.00638182 -0.0113449 0 -0.0107383 -0.0200843
internal_weight=182.912 77.5202 52.6401 32.2552 105.392 35.6697 69.7222 54.6976 39.915 21.6143 20.3849 24.8801
internal_count=3273 1237 828 488 2036 607 1429 1097 755 370 340 409
is_linear=0
shrinkage=0.05


Tree=391
num_leaves=1
num_cat=0
split_feature=
split_gain=
threshold=
decision_type=
left_child=
right_child=
leaf_value=0
leaf_weight=
leaf_count=3273
internal_value=
internal_weight=
internal_count=
is_linear=0
shrinkage=1


Tree=392
num_leaves=12
num_cat=0
split_feature=309 162 119 112 112 63 66 28 79 86 87
split_gain=1.3432 1.63212 3.73605 1.70013 2.54035 1.9326 1.76821 1.38991 0.987248 0.945569 0.209861
threshold=0.030355514383049783 1.8613191136163278 -0.27769101867689477 51.500000000000007 16.500000000000004 0.26356674087536841 0.43045410937411893 0.042996917159399094 0.99999999999996525 -1093871.9946849996 0.0030425652126527818
decision_type=2 2 2 2 2 2 2 2 2 2 2
left_child=8 3 -3 4 7 9 -6 -2 -1 -5 -4
right_child=1 2 10 5 6 -7 -8 -9 -10 -11 -12
leaf_value=0 -0.0023776863834172428 0.007588195540080213 -0.0087122881997456613 0 0 -0.0055566942916136395 -0.019343329564039394 0.016188154406848877 0.016914756802039698 0.020121420710550932 -0.029076948816802485
leaf_weight=11.538612368050964 13.820089837536218 13.128879796713589 16.655647188657898 10.236099242698399 18.932582333916798 11.834471377776934 26.211420267354697 14.367976729758082 13.537282340228556 20.853326390963051 12.044207311235366
leaf_count=369 195 143 269 171 293 149 496 166 521 273 228
internal_value=-0.000734085 -0.00272366 -0.0108479 0 -0.00417447 0.00797412 -0.0116278 0.00612935 0.0089786 0.0146272 -0.0207788
internal_weight=183.161 158.085 41.8287 116.256 73.3321 42.9239 45.144 28.1881 25.0759 31.0894 28.6999
internal_count=3273 2383 640 1743 1150 593 789 361 890 444 497
is_linear=0
shrinkage=0.05


Tree=393
num_leaves=12
num_cat=0
split_feature=297 83 167 167 111 41 215 103 274 104 78
split_gain=1.36818 1.48915 2.02194 1.62908 1.90396 1.89102 1.50376 1.3124 1.06857 1.06609 0.645175
threshold=-0.45490237724266175 -0.37922985135750259 -0.72398447294756774 -0.40838531564239827 25.500000000000004 0.0066431937819818052 7.1007548136389369 0.21002817113166025 0.45553614994902775 -0.07131695935596423 0.86260977717431053
decision_type=2 2 2 2 2 2 2 2 2 2 2
left_child=1 2 6 5 8 -3 -1 10 -5 -7 -2
right_child=7 3 -4 4 -6 9 -8 -9 -10 -11 -12
leaf_value=0.0084026106264656394 -0.0071273287891311854 -0.0077664710947297341 -0.023230366116841265 -0.0065599327975378379 -0.016519463465310247 0 -0.012950499765295255 0.015227723821209675 0.012035578138633755 0.01724144078995693 0.0064643035548791576
leaf_weight=14.225643233861776 16.272794058313597 11.458641557721419 17.04721951065585 10.244436806533487 22.11490576271899 10.079816874116657 12.1644164128229 18.028295808006078 12.038947443477808 25.333478895481676 12.169746286468579
leaf_count=150 340 217 244 203 396 174 147 631 126 323 322
internal_value=-0.00108167 -0.00384969 -0.0111408 0 -0.00676744 0.00617549 -5.60189e-05 0.00567832 0.00174501 0.0122425 0
internal_weight=181.178 134.708 43.4373 91.2702 44.3983 46.8719 26.3901 46.4708 22.2834 35.4133 28.4425
internal_count=3273 1980 541 1439 725 714 297 1293 329 497 662
is_linear=0
shrinkage=0.05


Tree=394
num_leaves=1
num_cat=0
split_feature=
split_gain=
threshold=
decision_type=
left_child=
right_child=
leaf_value=0
leaf_weight=
leaf_count=3273
internal_value=
internal_weight=
internal_count=
is_linear=0
shrinkage=1


Tree=395
num_leaves=12
num_cat=0
split_feature=309 63 71 399 141 276 230 74 68 79 392
split_gain=1.31111 1.1533 1.6892 1.32051 1.61772 1.69547 1.58115 1.57035 0.998686 0.942764 0.517185
threshold=0.030355514383049783 0.38758810528303961 1.38168625123515 -0.11325034615391694 1.0000000180025095e-35 1.1283131927972392 37.500000000000007 -0.023280362780779752 0.41303480409046794 0.99999999999996525 5.5000000000000009
decision_type=2 2 2 2 2 2 2 2 2 2 2
left_child=9 3 10 4 5 -2 8 -8 -5 -1 -3
right_child=1 2 -4 6 -6 -7 7 -9 -10 -11 -12
leaf_value=0 0.0067562346506373468 -0.021693579870617999 0.0035750035543198016 0.0042137389628929892 -0.017558573665707847 -0.012705342807303593 0.018099408406315593 -0.0005876078473670064 -0.013251703800940418 0.016684433050669946 -0.0022971498543645258
leaf_weight=11.452759304549547 29.386716441251338 16.847768505569551 10.301089620916171 10.271584388334306 15.675583448261021 14.099619177402927 24.928729071747512 10.397396052256225 11.657086277147753 13.328482582001014 13.084975469391791
leaf_count=369 300 238 102 134 287 412 364 194 193 521 159
internal_value=-0.00076149 -0.00273733 -0.00971386 0 -0.00525017 0 0.00513341 0.0116793 -0.00354244 0.0088755 -0.0157144
internal_weight=181.432 156.651 40.2338 116.417 59.1619 43.4863 57.2548 35.3261 21.9287 24.7812 29.9327
internal_count=3273 2383 499 1884 999 712 885 558 327 890 397
is_linear=0
shrinkage=0.05


Tree=396
num_leaves=14
num_cat=0
split_feature=126 163 110 141 206 68 113 221 221 219 82 373 68
split_gain=1.32345 3.10875 2.11255 1.63216 1.33492 1.3055 1.68843 1.25089 1.15509 0.981737 0.85941 0.510497 0.170938
threshold=-0.0039213191313864906 -0.0014459939329926439 42.500000000000007 1.0000000180025095e-35 0.0068936870989266567 0.68481832723403324 46.500000000000007 12.437197102967607 13.031542128580632 3.6560693266819819 0.77421956622538113 -0.012230025869534976 0.40176715744456376
decision_type=2 2 2 2 2 2 2 2 2 2 2 2 2
left_child=1 12 7 5 -5 6 10 -3 -7 -4 -2 -8 -1
right_child=3 2 9 4 -6 8 11 -9 -10 -11 -12 -13 -14
leaf_value=-0.004779925014671612 -0.0041511041631006615 -0.01771063113549564 0.016529724556890651 0 0.019235071283400119 -0.00040085096661166561 -0.0012276521333688304 0.00048047820521055152 0.018023925800149231 0 0.011555542289191444 -0.019181776171370162 -0.025327650123641771
leaf_weight=10.58934678277001 11.674089855281638 14.134253875119613 17.080389162758369 10.00317633082159 18.24709280859679 10.012539920862766 13.913395390147345 10.022532238857819 10.549003632273523 10.578647385817019 12.464507728116585 16.42253211280331 13.943666897714136
leaf_count=205 249 234 250 209 336 218 188 217 245 127 213 378 204
internal_value=-0.00107837 -0.00612986 0.000140507 0.00225287 0.0120317 -0.00110904 -0.00566399 -0.00910275 0.00802113 0.00994498 0.00249781 -0.0132986 -0.0197617
internal_weight=179.635 76.3488 51.8158 103.286 28.2503 75.0361 54.4745 24.1568 20.5615 27.659 24.1386 30.3359 24.533
internal_count=3273 1237 828 2036 545 1491 1028 451 463 377 462 566 409
is_linear=0
shrinkage=0.05


Tree=397
num_leaves=1
num_cat=0
split_feature=
split_gain=
threshold=
decision_type=
left_child=
right_child=
leaf_value=0
leaf_weight=
leaf_count=3273
internal_value=
internal_weight=
internal_count=
is_linear=0
shrinkage=1


Tree=398
num_leaves=10
num_cat=0
split_feature=167 23 165 162 36 262 211 260 83
split_gain=1.3088 3.01887 2.02625 1.6112 1.25109 1.31326 0.797451 0.535252 0.244594
threshold=-0.17823952009724051 1.0000000180025095e-35 -0.0016679095989189034 1.1331027466489398 0.10844399554042118 0.14044943820224723 5.0570549351381962 0.59090909090909094 -0.45054027103645067
decision_type=2 2 2 2 2 2 2 2 2
left_child=1 2 3 8 5 -4 -5 -2 -1
right_child=7 -3 4 6 -6 -7 -8 -9 -10
leaf_value=-0.0027520520627469266 0 -0.019098707988421001 -0.0030876506912130689 -0.00623071225275223 -0.0065560683763738296 0.011427646555208018 0.0086006135868989687 0.014010222846789192 -0.023016703987725901
leaf_weight=10.135702298954131 10.300181746948512 21.050633531063795 13.122465671738608 17.800434319186028 12.490277085686101 56.003246209584177 13.034987486433236 14.815657034283502 11.141468235291539
leaf_count=185 216 363 256 298 257 1094 155 246 203
internal_value=-0.000783869 -0.00278702 0 -0.00731831 0.00499826 0.00796509 0 0.00876263 -0.0169559
internal_weight=179.895 154.779 133.729 52.1126 81.616 69.1257 30.8354 25.1158 21.2772
internal_count=3273 2811 2448 841 1607 1350 453 462 388
is_linear=0
shrinkage=0.05


Tree=399
num_leaves=13
num_cat=0
split_feature=274 221 221 86 230 104 162 8 260 70 113 78
split_gain=1.33983 1.55811 2.31583 2.77709 2.16281 1.21382 1.07285 0.938806 0.931957 0.819558 0.592959 0.162051
threshold=0.69127245867450748 12.57481073219803 8.9343471592023658 -1088014.5662194972 24.500000000000004 -0.054108370075913334 0.68102484760804727 -0.0048402075515744545 0.62727272727272732 0.0062630149973219671 46.500000000000007 0.93185954386033798
decision_type=2 2 2 2 2 2 2 2 2 2 2 2
left_child=1 2 6 11 -5 8 -1 -7 -3 -2 -8 -4
right_child=9 5 3 4 -6 7 10 -9 -10 -11 -12 -13
leaf_value=-0.006088813579559431 0 0.0030031681534465181 -0.0055329685716107059 0.014107635299773137 -0.011110783964651179 0.015256528578016418 0 0 -0.013340800324016173 0.017271625166631287 0.015815063268225592 -0.026530355671053985
leaf_weight=15.156433551572261 10.081208391580732 10.006903098663317 10.10632465966046 10.943625168874862 18.319626949029043 19.936185279861093 10.728211577981712 16.200081198010594 12.463901524664832 11.117540319683028 11.463938107714055 21.723987919278443
leaf_count=238 282 188 137 108 340 287 142 282 197 678 122 272
internal_value=-0.00106787 -0.002951 -0.00687327 -0.0127723 0 0.0028395 0.00176908 0.0087431 -0.00460287 0.00945325 0.00920648 -0.0223499
internal_weight=178.248 157.049 98.4421 61.0936 29.2633 58.6071 37.3486 36.1363 22.4708 21.1987 22.1921 31.8303
internal_count=3273 2313 1359 857 448 954 502 569 385 960 264 409
is_linear=0
shrinkage=0.05


Tree=400
num_leaves=1
num_cat=0
split_feature=
split_gain=
threshold=
decision_type=
left_child=
right_child=
leaf_value=0
leaf_weight=
leaf_count=3273
internal_value=
internal_weight=
internal_count=
is_linear=0
shrinkage=1


Tree=401
num_leaves=12
num_cat=0
split_feature=268 112 28 83 348 230 110 81 9 113 319
split_gain=1.29493 1.44953 1.87346 1.74462 1.7871 1.35676 1.09398 1.04694 0.587063 0.57548 0.451625
threshold=-0.58478958455809849 44.500000000000007 0.045823636368171307 -0.51022537267463142 0.15673954468601628 100.50000000000001 49.500000000000007 0.57229541206067147 0.0014966987928126676 21.500000000000004 0.30268774483801114
decision_type=2 2 2 2 2 2 2 2 2 2 2
left_child=6 3 9 -2 5 -5 7 -1 -8 -3 -9
right_child=1 2 -4 4 -6 -7 8 10 -10 -11 -12
leaf_value=0 0.0048131329107899412 0 -0.0073339961973623198 -0.024357565343965007 0 -0.0029376299669923644 -0.0097406882343827762 0.0015040246342046064 0.0029214540710932055 0.018706843224153905 0.020360564814923612
leaf_weight=14.347761440556495 12.924511752091346 10.489974269410597 18.529806616250426 25.882524236338213 14.403912300011141 19.226955947699025 13.206511621829124 12.306820157449694 10.17307079117745 11.845086237997746 15.185580736258997
leaf_count=266 192 142 405 458 230 375 180 151 161 171 542
internal_value=-0.000811018 -0.00423116 0.00229317 -0.00851939 -0.0123067 -0.0170196 0.00432246 0.00923849 -0.00262999 0.0121764 0.0145377
internal_weight=178.523 113.303 40.8649 72.4379 59.5134 45.1095 65.2197 41.8402 23.3796 22.3351 27.4924
internal_count=3273 1973 718 1255 1063 833 1300 959 341 313 693
is_linear=0
shrinkage=0.05


Tree=402
num_leaves=12
num_cat=0
split_feature=297 83 68 167 41 163 260 103 167 78 163
split_gain=1.30363 1.38853 1.90779 1.65076 1.52078 1.30229 1.18956 1.18264 0.981085 0.565707 0.517501
threshold=-0.45490237724266175 -0.18783666598194176 0.44133049420217774 -0.23017448253934378 0.0089891760377112159 -0.0061642666119228005 0.59090909090909094 0.21002817113166025 -0.42108147326425388 0.86260977717431053 0.0083235521771361232
decision_type=2 2 2 2 2 2 2 2 2 2 2
left_child=1 2 -1 4 -3 -4 -5 9 -6 -2 -7
right_child=7 3 5 6 8 10 -8 -9 -10 -11 -12
leaf_value=0.0028654186898058143 -0.0066374207555998143 -0.0039759429414898979 -0.00062167704447398911 0 0.017846384966371528 -0.02893367929447567 -0.017920915652241645 0.014747464389550642 0 0.0062340272821965982 -0.0057505026012250526
leaf_weight=15.80157188978046 15.955255238106476 15.653171419166027 17.787381961941719 10.48921609669924 21.764844547724348 13.812642392469572 13.125731922220437 17.489121659658849 10.395133569836618 11.903258854290469 12.738270832225679
leaf_count=245 340 334 211 167 264 185 213 631 162 322 199
internal_value=-0.00108958 -0.0038292 -0.00928103 0.000278321 0.00615921 -0.0145734 -0.00910217 0.00556916 0.0124327 0 -0.0212161
internal_weight=176.916 131.568 60.1399 71.4281 47.8131 44.3383 23.6149 45.3476 32.16 27.8585 26.5509
internal_count=3273 1980 840 1140 760 595 380 1293 426 662 384
is_linear=0
shrinkage=0.05


Tree=403
num_leaves=1
num_cat=0
split_feature=
split_gain=
threshold=
decision_type=
left_child=
right_child=
leaf_value=0
leaf_weight=
leaf_count=3273
internal_value=
internal_weight=
internal_count=
is_linear=0
shrinkage=1


Tree=404
num_leaves=9
num_cat=0
split_feature=309 21 13 73 86 67 48 357
split_gain=1.25299 1.23958 1.99836 1.37799 2.07434 0.835672 0.634786 0.580281
threshold=0.030355514383049783 0.10313204235919503 0.0052476337334764712 1.3017559648675376 -1357172.4486105011 -0.023380688171931781 0.80819135854803859 0.42708333333333343
decision_type=2 2 2 2 2 2 2 2
left_child=5 7 3 4 -3 -1 -4 -2
right_child=1 2 6 -5 -6 -7 -8 -9
leaf_value=0 0 0.014799052828069452 -0.024965711129670828 -0.013015618317924674 -0.002614014023362365 0.015581873003303871 -0.0016552263653315229 0.013268255770116638
leaf_weight=10.047017053468155 11.098579491255807 18.676886031404138 12.280490891076626 18.095412037568167 70.772749026655219 14.080447720596565 10.559258409193715 11.586313388310371
leaf_count=313 173 227 235 233 1191 577 151 173
internal_value=-0.000804013 -0.00276257 -0.00487722 -0.0013263 0.000843209 0.00870971 -0.0175672 0.00659509
internal_weight=177.197 153.07 130.385 107.545 89.4496 24.1275 22.8397 22.6849
internal_count=3273 2383 2037 1651 1418 890 386 346
is_linear=0
shrinkage=0.05


Tree=405
num_leaves=11
num_cat=0
split_feature=209 270 64 386 260 41 30 46 126 3
split_gain=1.37445 1.41093 1.45178 1.58593 1.38539 2.4648 2.45074 1.35223 1.23288 0.137803
threshold=3.7030875607065936 -1.0397831517032403 0.60160842875998854 -0.096002195311148827 0.57272727272727286 0.010400570185281493 0.014619771811732867 0.75502351697526204 -0.0014707323615413823 0.00082076984729917435
decision_type=2 2 2 2 2 2 2 2 2 2
left_child=4 2 3 -2 5 -1 -6 9 -8 -3
right_child=1 7 -4 -5 6 -7 8 -9 -10 -11
leaf_value=-0.010498282080023588 0.014729893620024529 0.0039655986268042299 -0.013042095270330654 -0.0061535718877731831 -0.021311828227184616 0.01414951113782127 -0.0098539403451775188 0 0.0080955567143512 0.022507990492563176
leaf_weight=15.828621927881612 14.342509769136088 11.469196748686956 17.477783312555403 12.719470730051397 24.249785703141242 17.691053569316864 15.702755777630953 18.053798377979547 16.319323644274846 11.972966107539831
leaf_count=349 162 274 247 213 502 450 242 255 407 172
internal_value=-0.00109266 0.00301161 -0.00227916 0.00361661 -0.00553432 0.00123495 -0.0102686 0.00958496 0 0.0168061
internal_weight=175.827 86.0357 44.5398 27.062 89.7915 33.5197 56.2719 41.496 32.0221 23.4422
internal_count=3273 1323 622 375 1950 799 1151 701 649 446
is_linear=0
shrinkage=0.05


Tree=406
num_leaves=1
num_cat=0
split_feature=
split_gain=
threshold=
decision_type=
left_child=
right_child=
leaf_value=0
leaf_weight=
leaf_count=3273
internal_value=
internal_weight=
internal_count=
is_linear=0
shrinkage=1


Tree=407
num_leaves=10
num_cat=0
split_feature=167 13 104 19 120 191 266 231 393
split_gain=1.22507 2.41399 1.67674 1.25092 1.53124 1.23154 1.12607 0.556251 0.416557
threshold=-0.17823952009724051 0.0046332179003302871 -0.06398374494421806 0.23307171551761638 -0.031533830093156072 0.65690234073325227 0.12871534081482403 73.500000000000014 -0.089418159437206365
decision_type=2 2 2 2 2 2 2 2 2
left_child=1 2 5 -4 -5 -1 -3 -2 -7
right_child=7 6 3 4 -6 8 -8 -9 -10
leaf_value=-0.0012062594056974543 0 0 -0.016431099275159376 0.010960904810138693 -0.005263976635126579 0 -0.02319154026156392 0.013936301258005998 0.017613434731086165
leaf_weight=14.705233581131322 10.134104189579377 11.706198390573265 13.462207586155271 16.763106302125379 49.513306733919308 10.311631369870154 15.674190970370544 14.393006734317167 19.459748383611444
leaf_count=265 222 212 293 249 893 266 326 240 307
internal_value=-0.000813325 -0.00277876 0 -0.00399208 -0.000141568 0.00777944 -0.0154253 0.00849704 0.0134477
internal_weight=176.123 151.596 124.215 79.7386 66.2764 44.4766 27.3804 24.5271 29.7714
internal_count=3273 2811 2273 1435 1142 838 538 462 573
is_linear=0
shrinkage=0.05


Tree=408
num_leaves=12
num_cat=0
split_feature=209 270 64 386 46 390 125 126 231 41 3
split_gain=1.32186 1.34596 1.35444 1.50338 1.3158 1.06297 1.97412 1.61943 1.09754 0.820041 0.102298
threshold=3.7030875607065936 -1.0397831517032403 0.60160842875998854 -0.096002195311148827 0.75502351697526204 -0.0060180157896861921 -0.18728272043467867 -0.0086116828104376136 48.500000000000007 0.01081934473973593 0.00082076984729917435
decision_type=2 2 2 2 2 2 2 2 2 2 2
left_child=5 2 3 -2 10 6 -1 -8 -9 -7 -3
right_child=1 4 -4 -5 -6 9 7 8 -10 -11 -12
leaf_value=-0.016558943668624902 0.014338172863643042 0.003992692632049457 -0.012646815064712125 -0.0060022931362819247 0 -0.019635230830593917 -0.0096926261753540587 0 0.015630558866948186 0 0.022118162315914718
leaf_weight=13.165162415942175 14.266243836842479 11.427290898980575 17.379948423244059 12.69418193772435 17.97875640518032 16.22510554059409 11.627422439632936 15.726173634175209 21.394572570221499 10.986978471046312 11.755514783086253
leaf_count=233 162 274 247 213 255 406 224 363 484 240 172
internal_value=-0.00108049 0.00294692 -0.0022048 0.00345006 0.00940149 -0.00545706 -0.000774036 0.00323553 0.00895325 -0.0133221 0.0165746
internal_weight=174.627 85.5019 44.3404 26.9604 41.1616 89.1254 61.9133 48.7482 37.1207 27.2121 23.1828
internal_count=3273 1323 622 375 701 1950 1304 1071 847 646 446
is_linear=0
shrinkage=0.05


Tree=409
num_leaves=1
num_cat=0
split_feature=
split_gain=
threshold=
decision_type=
left_child=
right_child=
leaf_value=0
leaf_weight=
leaf_count=3273
internal_value=
internal_weight=
internal_count=
is_linear=0
shrinkage=1


Tree=410
num_leaves=11
num_cat=0
split_feature=165 3 138 381 394 78 256 167 73 356
split_gain=1.24317 1.91861 1.91204 1.37021 2.00285 1.23212 1.12889 1.30578 1.04256 0.604749
threshold=-0.001629250190089385 0.00029325766267862546 -0.028104763643369664 23.637074020770758 0.011106316318112099 0.49963879760926305 1.2619047619047621 -0.19090903138135051 1.1900670424024729 0.40625000000000006
decision_type=2 2 2 2 2 2 2 2 2 2
left_child=3 5 -3 -1 9 -2 -4 -8 -7 -5
right_child=1 2 6 4 -6 8 7 -9 -10 -11
leaf_value=0.0013567262472212566 -0.0016021926171307121 -0.017871215401922987 0.010690172984819628 -0.003881596614613013 1.9135412517627708e-05 0.018927775437171997 -0.0099780637338447546 0.0056735717201924349 0 -0.029278718661371602
leaf_weight=18.858091978705488 10.087839128915219 13.761504648020489 18.104868879076093 10.405083476100119 11.879476518137379 25.444302138872445 27.631498682545494 16.937312819296498 10.121343252481891 11.703690880443899
leaf_count=313 271 230 376 191 183 509 500 300 198 202
internal_value=-0.000838565 0.00162595 -0.002725 -0.00720903 -0.013038 0.00965705 0.000503816 -0.00299623 0.0140233 -0.0212093
internal_weight=174.935 122.089 76.4352 52.8463 33.9883 45.6535 62.6737 44.5688 35.5656 22.1088
internal_count=3273 2384 1406 889 576 978 1176 800 707 393
is_linear=0
shrinkage=0.05


Tree=411
num_leaves=13
num_cat=0
split_feature=126 163 16 167 167 216 266 270 21 113 74 68
split_gain=1.30374 2.86958 1.87354 1.8413 1.52986 1.3847 1.36163 0.890099 1.09987 0.500534 0.449905 0.0958855
threshold=-0.0039213191313864906 -0.0014459939329926439 0.00012164480427169157 -0.43491172161185115 -0.74362333120384483 6.5587892239517034 -0.17125988633983985 -0.94567746255171126 0.14847518992344486 13.500000000000002 -0.17214621022317952 0.40176715744456376
decision_type=2 2 2 2 2 2 2 2 2 2 2 2
left_child=1 11 -3 -4 6 7 -2 10 -9 -5 -6 -1
right_child=4 2 3 9 5 -7 -8 8 -10 -11 -12 -13
leaf_value=-0.0047850146223301446 0 -0.010334636036936908 0.02302462624848545 -0.0075384678556988912 0 0.0098646130799941584 0.019731210576041082 -0.0089284684896192689 0.010384932037768455 0.00610096148891872 -0.016037798644008006 -0.024668484072053774
leaf_weight=10.344636236317458 17.199084213003516 19.376365028554574 10.010337957413869 10.490367619786413 11.084423758788033 14.158388710580764 16.481014373479411 10.745667645940562 12.335671503562478 10.021869818214325 17.659670599037781 13.515162827214224
leaf_count=205 196 340 118 192 232 332 411 169 334 178 362 204
internal_value=-0.00109111 -0.00619086 0 0.00827226 0.00226669 -0.00157822 0.0106755 -0.00598504 0 0 -0.0114876 -0.0194066
internal_weight=173.423 73.7587 49.8989 30.5226 99.6639 65.9838 33.6801 51.8254 23.0813 20.5122 28.7441 23.8598
internal_count=3273 1237 828 488 2036 1429 607 1097 503 370 594 409
is_linear=0
shrinkage=0.05


Tree=412
num_leaves=1
num_cat=0
split_feature=
split_gain=
threshold=
decision_type=
left_child=
right_child=
leaf_value=0
leaf_weight=
leaf_count=3273
internal_value=
internal_weight=
internal_count=
is_linear=0
shrinkage=1


Tree=413
num_leaves=10
num_cat=0
split_feature=270 165 104 394 264 216 11 260 104
split_gain=1.21923 1.33574 1.71765 1.69938 2.4709 1.58633 1.20125 0.858849 0.432405
threshold=-1.3009588804913446 -0.001629250190089385 0.11835554969829722 -0.01466056427061435 70.500000000000014 5.4511216661683806 0.00087937068990873179 0.3727272727272728 -0.047632858180065858
decision_type=2 2 2 2 2 2 2 2 2
left_child=-1 2 8 4 -3 6 -5 -7 -2
right_child=1 3 -4 5 -6 7 -8 -9 -10
leaf_value=0.01155884298345974 -0.0015942981907401442 -0.019917460291481386 0.00065688180215903657 0.014494891321423868 0.0037717280544594654 -0.013835652263485074 0 0.0009631167504005185 -0.021314346632144446
leaf_weight=13.703864683397113 10.763418357470075 18.376218814752065 17.412103720242158 36.465265616541728 15.315093614161013 10.015248243464159 14.231590854702516 19.296573077561334 18.152192850247957
leaf_count=546 192 368 233 628 225 212 219 311 339
internal_value=-0.000841303 -0.00240304 -0.00931281 0.000150966 -0.00835839 0.00450914 0.0099242 -0.00336101 -0.0163803
internal_weight=173.732 160.028 46.3277 113.7 33.6913 80.0087 50.6969 29.3118 28.9156
internal_count=3273 2727 764 1963 593 1370 847 523 531
is_linear=0
shrinkage=0.05


Tree=414
num_leaves=10
num_cat=0
split_feature=307 103 56 388 32 220 33 219 390
split_gain=1.26548 1.28814 1.27541 2.16599 2.0191 1.87441 2.15841 0.765171 0.436434
threshold=0.30688216183500666 0.18584638606970713 0.55797271691418737 -0.15772769406180923 0.77403270833640914 8.37990409462342 0.075266963887001853 7.221436149147185 -0.0078346914962932872
decision_type=2 2 2 2 2 2 2 2 2
left_child=2 -2 3 7 8 6 -5 -1 -4
right_child=1 -3 4 5 -6 -7 -8 -9 -10
leaf_value=0.010802600965150082 -0.0010846987908098482 0.014602123700183441 0.014710617094761244 -0.021590176608431613 -0.0089938105015185 0.0017500597917364819 0 -0.0034215562675469964 0
leaf_weight=14.844112788094209 18.368857827503234 19.40558180748485 18.959381020162258 39.595405456842855 17.208559726830572 12.152078147511927 10.860543922288342 10.53377929702401 10.021394421346484
leaf_count=148 488 730 264 635 278 201 153 193 183
internal_value=-0.00109621 0.00622915 -0.00361415 -0.00721201 0.00224477 -0.012234 -0.0164465 0.00339899 0.0106993
internal_weight=171.95 37.7744 134.175 87.9859 46.1893 62.608 50.4559 25.3779 28.9808
internal_count=3273 1218 2055 1330 725 989 788 341 447
is_linear=0
shrinkage=0.05


Tree=415
num_leaves=1
num_cat=0
split_feature=
split_gain=
threshold=
decision_type=
left_child=
right_child=
leaf_value=0
leaf_weight=
leaf_count=3273
internal_value=
internal_weight=
internal_count=
is_linear=0
shrinkage=1


Tree=416
num_leaves=11
num_cat=0
split_feature=20 167 15 120 120 9 33 66 357 41
split_gain=1.19451 2.00646 1.77183 1.63906 1.91785 1.43077 1.38466 1.25444 0.549927 0.143939
threshold=0.14983138919396013 -0.19090903138135051 -0.0035626253645240583 0.0073977683414612203 -0.040555544132321146 0.00087594067708884904 0.052982074454419575 0.67243341617837704 0.28125000000000006 0.010226631337943543
decision_type=2 2 2 2 2 2 2 2 2 2
left_child=2 3 6 4 -2 -6 -1 -8 -3 -4
right_child=1 8 9 -5 5 -7 7 -9 -10 -11
leaf_value=-0.015648343747526029 0.0045201954004345868 0 0.019382067213186208 0.0047208998802419659 -0.0063879473785191923 -0.024999176330857086 0.012846156365551201 -0.0058554069978773845 0.012507249036974527 0.0019705413666272638
leaf_weight=10.085565211018546 10.519037653924896 11.171735738404097 12.583095295820387 14.190383134409783 41.057510611717589 22.023988281027414 15.087825414258988 11.204762372421099 14.15769090480171 10.185293293674475
leaf_count=147 215 212 225 294 854 309 254 218 280 265
internal_value=-0.000854345 -0.00406621 0.0043837 -0.00787252 -0.0110431 -0.0144824 -0.00141152 0.00338599 0.006798 0.0146697
internal_weight=172.267 113.12 59.1465 87.7909 73.6005 63.0815 36.3782 26.2926 25.3294 22.7684
internal_count=3273 2164 1109 1672 1378 1163 619 472 492 490
is_linear=0
shrinkage=0.05


Tree=417
num_leaves=11
num_cat=0
split_feature=126 397 16 167 167 266 216 372 41 68
split_gain=1.28307 2.75723 1.70779 1.51893 1.4577 1.26123 1.2454 1.12797 0.848 0.107437
threshold=-0.0039213191313864906 -0.0014459939329926439 0.00012164480427169157 -0.42553160980070553 -0.74362333120384483 -0.17125988633983985 6.5587892239517034 -0.038893352136121988 0.00891375311052214 0.40176715744456376
decision_type=2 2 2 2 2 2 2 2 2 2
left_child=1 9 -3 -4 5 -2 7 -6 -9 -1
right_child=4 2 3 -5 6 -7 -8 8 -10 -11
leaf_value=-0.0045769985840010859 0 -0.0099798133301822467 0.021208950493381683 0 0.0035479020914107361 0.019335617399675677 0.0093354351730882794 -0.016609940199106468 0 -0.024477054266532294
leaf_weight=10.280046763131397 17.029210669919848 19.036157482070848 10.054280162556099 19.985836933599785 13.809252783423288 16.144646463682875 13.970316797727717 20.622456589480862 16.590373902581632 13.332586844684554
leaf_count=205 196 340 121 367 342 411 332 346 409 204
internal_value=-0.00109571 -0.00619184 0 0.0079243 0.00225529 0.0105214 -0.00150666 -0.00575444 -0.010457 -0.0191847
internal_weight=170.855 72.6889 49.0763 30.0401 98.1663 33.1739 64.9924 51.0221 37.2128 23.6126
internal_count=3273 1237 828 488 2036 607 1429 1097 755 409
is_linear=0
shrinkage=0.05


Tree=418
num_leaves=1
num_cat=0
split_feature=
split_gain=
threshold=
decision_type=
left_child=
right_child=
leaf_value=0
leaf_weight=
leaf_count=3273
internal_value=
internal_weight=
internal_count=
is_linear=0
shrinkage=1


Tree=419
num_leaves=11
num_cat=0
split_feature=309 162 399 112 112 66 73 28 112 79
split_gain=1.21242 1.62358 3.27234 1.5543 2.30101 1.59838 1.56853 1.23843 0.889465 0.817423
threshold=0.030355514383049783 1.8613191136163278 -0.27365535881282571 51.500000000000007 16.500000000000004 0.43045410937411893 0.91598994021052904 0.042996917159399094 77.500000000000014 0.99999999999996525
decision_type=2 2 2 2 2 2 2 2 2 2
left_child=9 3 -3 4 7 -6 -5 -2 -8 -1
right_child=1 2 -4 6 5 -7 8 -9 -10 -11
leaf_value=0 -0.0020868656265184741 0.0025398751482799005 -0.023192769183051409 0.018125941258459968 0 -0.018926486206028451 0.0078476673888328557 0.015745995797263459 -0.009688857403216497 0.016082283115418965
leaf_weight=10.742758740903811 12.982989446725698 17.536283165798523 21.754222988267429 17.109279118594714 17.915494378190488 24.653960506664589 11.345727527514102 13.412069368408991 11.276253609452395 12.454644785728304
leaf_count=369 195 223 417 242 293 496 188 166 163 521
internal_value=-0.00086608 -0.00282865 -0.0111599 0 -0.00408378 -0.0113883 0.00792767 0.00595576 0 0.00863559
internal_weight=171.184 147.986 39.2905 108.696 68.9645 42.5695 39.7313 26.3951 22.622 23.1974
internal_count=3273 2383 640 1743 1150 789 593 361 351 890
is_linear=0
shrinkage=0.05


Tree=420
num_leaves=13
num_cat=0
split_feature=126 163 110 167 266 49 260 72 120 394 21 68
split_gain=1.26629 2.64986 1.72579 1.38322 1.19925 1.16905 1.30955 0.967047 0.947375 0.640617 0.57862 0.10629
threshold=-0.0039213191313864906 -0.0014459939329926439 42.500000000000007 -0.74362333120384483 -0.17125988633983985 0.49188978387297894 0.4272727272727273 0.0081171532160742108 -0.027239618160561582 -0.014351166550820247 0.12667458065993634 0.40176715744456376
decision_type=2 2 2 2 2 2 2 2 2 2 2 2
left_child=1 11 7 4 -2 9 -7 -3 -4 -5 -8 -1
right_child=3 2 8 5 -6 6 10 -9 -10 -11 -12 -13
leaf_value=-0.0044425621073719782 0 0 0 0 0.019015574559273066 0.01520943534315123 -0.0097462350096817144 -0.017873808203987679 0.016695306357551742 -0.01520565575949729 0.0025607003500574747 -0.024239187847961075
leaf_weight=10.233371315058323 16.94612989993766 12.153229523217307 11.929143428336831 10.636835200712087 15.850633483030832 12.489365624496712 12.161250350298362 10.69874395849183 13.948658631416036 15.376511716982348 13.785915003623812 13.188115454046054
leaf_count=205 196 254 163 221 411 296 220 197 214 361 331 204
internal_value=-0.00111385 -0.00619263 0 0.00222809 0.0103277 -0.00142831 0.00315671 -0.0087045 0.00903191 -0.00955223 -0.00189246 -0.0189685
internal_weight=169.398 72.1513 48.7298 97.2466 32.7968 64.4499 38.4365 22.852 25.8778 26.0133 25.9472 23.4215
internal_count=3273 1237 828 2036 607 1429 847 451 377 582 551 409
is_linear=0
shrinkage=0.05


Tree=421
num_leaves=1
num_cat=0
split_feature=
split_gain=
threshold=
decision_type=
left_child=
right_child=
leaf_value=0
leaf_weight=
leaf_count=3273
internal_value=
internal_weight=
internal_count=
is_linear=0
shrinkage=1


Tree=422
num_leaves=12
num_cat=0
split_feature=309 162 119 112 112 66 220 20 66 130 118
split_gain=1.17496 1.5445 3.27597 1.47606 2.19757 1.51152 1.4888 1.71957 0.865604 0.663931 0.570904
threshold=0.030355514383049783 1.8613191136163278 -0.27769101867689477 51.500000000000007 16.500000000000004 0.43045410937411893 4.8158569699292135 0.27215596430969097 0.4248883728224932 -6.4999999999999991 1.0000000180025095e-35
decision_type=2 2 2 2 2 2 2 2 2 2 2
left_child=9 3 -3 4 8 -6 -5 -8 -2 -1 -4
right_child=1 2 10 6 5 -7 7 -9 -10 -11 -12
leaf_value=0 -0.00034755164126306054 0.0065994646732193286 -0.0044153005246371961 -0.0017899439511295688 0 -0.018569355624829306 0.024762508692233964 0 0.013980324575431967 0.016056434066112606 -0.027666160025596728
leaf_weight=12.190978088416161 13.133016026811676 12.269086595741099 11.759810850257054 15.217589300358666 17.877799197798595 24.418601263780147 14.111583857331427 10.021065323846413 13.067906211595981 10.75349923991598 14.906851300853305
leaf_count=292 187 143 264 274 293 496 189 130 174 598 233
internal_value=-0.00086435 -0.00280738 -0.0109648 0 -0.00402829 -0.0111938 0.00772908 0.0151086 0.00578843 0.00852595 -0.0205814
internal_weight=169.728 146.783 38.9357 107.848 68.4973 42.2964 39.3502 24.1326 26.2009 22.9445 26.6667
internal_count=3273 2383 640 1743 1150 789 593 319 361 890 497
is_linear=0
shrinkage=0.05


Tree=423
num_leaves=11
num_cat=0
split_feature=274 126 163 110 141 83 221 19 29 82
split_gain=1.27278 1.48137 3.11741 1.72656 1.61446 1.59276 1.23588 1.23493 0.915696 0.70666
threshold=0.69127245867450748 -0.0039213191313864906 -0.0014459939329926439 52.500000000000007 1.0000000180025095e-35 0.16263096146541631 12.526058544813898 0.28780790468482531 0.012313169260616321 0.79218010823627816
decision_type=2 2 2 2 2 2 2 2 2 2
left_child=1 2 -1 5 6 -4 7 -3 -8 -6
right_child=-2 4 3 -5 9 -7 8 -9 -10 -11
leaf_value=-0.023679228274738433 0.0093671292277321284 0.00092329795617139088 -0.016975046706858104 0.010619691108961819 0.018919790485902793 0.0033950503129478679 -0.0015205401639283086 -0.014628579113812318 0.014353775162427296 0
leaf_weight=19.858982610749081 19.943246830720454 12.65085683017969 17.477973317028958 16.900569747202098 12.044164864346387 10.290151469409464 12.581438209163027 25.338587668491527 10.762316909153013 10.054165125824509
leaf_count=332 960 200 304 193 152 152 269 427 149 135
internal_value=-0.0011259 -0.0030295 -0.00862519 0 0.000868993 -0.00820634 -0.0027397 -0.00854129 0.00470127 0.0120073
internal_weight=167.902 147.959 64.5277 44.6687 83.4315 27.7681 61.3332 37.9894 23.3438 22.0983
internal_count=3273 2313 981 649 1332 456 1045 627 418 287
is_linear=0
shrinkage=0.05


Tree=424
num_leaves=1
num_cat=0
split_feature=
split_gain=
threshold=
decision_type=
left_child=
right_child=
leaf_value=0
leaf_weight=
leaf_count=3273
internal_value=
internal_weight=
internal_count=
is_linear=0
shrinkage=1


Tree=425
num_leaves=11
num_cat=0
split_feature=305 103 28 104 68 364 392 66 231 28
split_gain=1.14364 1.45911 1.58445 1.62146 1.49961 1.13683 1.32044 0.92495 0.789073 0.348219
threshold=0.032808099129130609 0.20206607018336933 0.058189554168879547 0.12489597695598294 0.57615078805327069 0.45544193008477324 5.5000000000000009 0.41236146389779904 88.500000000000014 0.040837039087355156
decision_type=2 2 2 2 2 2 2 2 2 2
left_child=5 4 9 -4 7 -1 8 -2 -7 -3
right_child=1 2 3 -5 -6 6 -8 -9 -10 -11
leaf_value=0.015191335581829751 0 -0.0047068799595683082 -0.024768026598573502 0 -0.0086534046969843504 -0.013550175931632073 0.0091340916005816838 0.014330929351061384 0 0.0063162891260078978
leaf_weight=14.07950234110467 16.919224603101611 12.127380566089416 19.012882695649751 13.132713565602897 18.692755381809548 15.552681976929309 19.382067464990541 18.837579389102757 10.080183668062089 10.420188857940955
leaf_count=382 290 237 407 235 357 240 479 257 195 194
internal_value=-0.000870161 -0.00410452 -0.00975417 -0.0163978 0.000913091 0.00420792 0 0.00748702 -0.00707621 0
internal_weight=168.237 109.143 54.6932 32.1456 54.4496 59.0944 45.0149 35.7568 25.6329 22.5476
internal_count=3273 1977 1073 642 904 1296 914 547 435 431
is_linear=0
shrinkage=0.05


Tree=426
num_leaves=11
num_cat=0
split_feature=305 28 207 56 383 392 112 62 5 112
split_gain=1.21884 1.37419 1.20205 1.04544 1.18063 0.994487 0.735176 0.70908 0.588011 0.454384
threshold=0.21521549516833838 0.025789912814689033 1.2633847015110884 0.49798284614675403 6.5000000000000009 4.5000000000000009 13.500000000000002 0.44080537512084034 0.002463282269428269 23.500000000000004
decision_type=2 2 2 2 2 2 2 2 2 2
left_child=2 -2 5 4 6 -1 -4 -7 -5 -3
right_child=1 9 3 8 -6 7 -8 -9 -10 -11
leaf_value=0 -0.0055206332491258628 0 -0.0092123523967104649 0.011616843103780543 -0.015496242827177735 0 0.0042484328873698641 -0.022711990853601583 0 0.017600742026356607
leaf_weight=17.830427379114553 10.033615211723371 11.17288042441942 11.510809001512824 19.391246846877042 13.713581921067087 10.00571914878674 30.59952722559683 14.453227152116595 12.471098112873731 15.357520775753072
leaf_count=324 210 361 176 263 237 256 412 195 192 647
internal_value=-0.00109845 0.0061834 -0.00361624 0 -0.0042488 -0.0102347 0 -0.0162269 0.00667152 0.0124141
internal_weight=166.54 36.564 129.976 87.6863 55.8239 42.2894 42.1103 24.4589 31.8623 26.5304
internal_count=3273 1218 2055 1280 825 775 588 451 455 1008
is_linear=0
shrinkage=0.05


Tree=427
num_leaves=1
num_cat=0
split_feature=
split_gain=
threshold=
decision_type=
left_child=
right_child=
leaf_value=0
leaf_weight=
leaf_count=3273
internal_value=
internal_weight=
internal_count=
is_linear=0
shrinkage=1


Tree=428
num_leaves=11
num_cat=0
split_feature=167 13 165 268 104 270 112 231 229 231
split_gain=1.14453 2.16528 1.75938 1.42224 1.07979 1.07626 0.988122 1.70896 0.710243 0.449676
threshold=-0.17823952009724051 0.0046332179003302871 -0.0016679095989189034 -0.6255039669299628 0.12489597695598294 -0.87168680720276104 63.500000000000007 50.500000000000007 -2.7199637245045101 75.500000000000014
decision_type=2 2 2 2 2 2 2 2 2 2
left_child=1 2 3 8 -5 -3 7 -4 -1 -2
right_child=9 5 6 4 -6 -7 -8 -9 -10 -11
leaf_value=0.0093894588873464375 0 0 0.010625801561029258 -0.022286423390903257 0 -0.022842765746679157 0.016198623661809179 -0.0058547905363322003 -0.0059341690255635742 0.013374895189911399
leaf_weight=11.995565763209017 10.255490200361239 11.191881206817927 25.168324136640877 14.558169075753542 11.628543892409651 14.868876848020589 13.561895125079898 30.322416963754222 10.077498198486863 13.251941308262756
leaf_count=184 228 212 554 373 166 326 274 621 101 234
internal_value=-0.000913425 -0.00288699 0 -0.00694546 -0.0143634 -0.015108 0.00516976 0.000926903 0.000526308 0.00820167
internal_weight=166.881 143.373 117.312 48.2598 26.1867 26.0608 69.0526 55.4907 22.0731 23.5074
internal_count=3273 2811 2273 824 539 538 1449 1175 285 462
is_linear=0
shrinkage=0.05


Tree=429
num_leaves=11
num_cat=0
split_feature=297 372 167 260 104 167 276 230 191 246
split_gain=1.17028 1.21939 1.45957 1.87865 1.27175 1.29839 0.895248 0.885534 0.866704 0.610832
threshold=-0.45490237724266175 1.0000000180025095e-35 -0.75374150841626986 0.35454545454545461 -0.057278444271563235 -0.43491172161185115 1.1342027392886458 57.500000000000007 0.57528937797060264 0.23033707865168543
decision_type=2 2 2 2 2 2 2 2 2 2
left_child=1 2 7 -4 -3 -6 -2 -1 -5 -8
right_child=6 4 3 8 5 -7 9 -9 -10 -11
leaf_value=0.0095872084655323625 -0.00063815557581776083 -0.0064228904943253971 0.00086616025450560782 0 0.017258433377487597 -0.00034413543617803355 0 -0.0070606572310851967 -0.021772198436157915 0.01750740848422282
leaf_weight=13.873538335785272 18.590986895840615 18.721550444606692 12.903158239787443 10.355166934197767 16.034925488289449 11.789120555389671 10.099119077203797 10.49633226636797 29.120063223876059 13.51540978765115
leaf_count=162 290 308 260 139 246 169 323 143 553 680
internal_value=-0.00111372 -0.00380551 -0.00770576 -0.0122972 0.00169356 0.00887046 0.00537439 0.000602018 -0.0175343 0.0115249
internal_weight=165.499 123.294 76.7483 52.3784 46.5456 27.824 42.2055 24.3699 39.4752 23.6145
internal_count=3273 1980 1257 952 723 415 1293 305 692 1003
is_linear=0
shrinkage=0.05


Tree=430
num_leaves=1
num_cat=0
split_feature=
split_gain=
threshold=
decision_type=
left_child=
right_child=
leaf_value=0
leaf_weight=
leaf_count=3273
internal_value=
internal_weight=
internal_count=
is_linear=0
shrinkage=1


Tree=431
num_leaves=11
num_cat=0
split_feature=309 162 119 41 264 68 231 397 79 118
split_gain=1.11452 1.4935 3.09993 1.12856 2.0005 1.85339 1.68558 1.01114 0.742708 0.522497
threshold=0.030355514383049783 1.8613191136163278 -0.27769101867689477 0.010497946648042265 71.500000000000014 0.44133049420217774 52.500000000000007 -0.0058397623130124242 0.99999999999996525 1.0000000180025095e-35
decision_type=2 2 2 2 2 2 2 2 2 2
left_child=8 3 -3 5 6 -2 -5 -7 -1 -4
right_child=1 2 9 4 -6 7 -8 -9 -10 -11
leaf_value=0 -0.0051359981557607872 0.0062148231782274653 -0.0043246838537345711 0.00097001799573787507 0.0069156124019423924 0 -0.018630982936443677 0.017278221148424238 0.015542809731174388 -0.027320389326289198
leaf_weight=10.440965909976514 19.054613121785223 12.037660089205017 11.525025262264535 10.311543695395811 16.657590155489743 10.606190694496034 24.455873971921392 24.243500655982643 11.940563384909181 14.565539910690859
leaf_count=369 317 143 264 222 232 161 453 358 521 233
internal_value=-0.000910246 -0.00283081 -0.0109233 0 -0.00482633 0.0052252 -0.0118784 0.0121694 0.00830954 -0.0203748
internal_weight=165.839 143.458 38.1282 105.329 51.425 53.9043 34.7674 34.8497 22.3815 26.0906
internal_count=3273 2383 640 1743 907 836 675 519 890 497
is_linear=0
shrinkage=0.05


Tree=432
num_leaves=12
num_cat=0
split_feature=209 25 268 69 390 387 37 225 162 375 70
split_gain=1.25222 1.25689 1.24312 1.02747 1.40563 1.0033 1.17459 2.06864 1.62219 1.08075 0.2179
threshold=3.7030875607065936 0.055007037362365341 -0.57505948206072566 -0.0023020460067637023 -0.0008986662119460086 0.44524863751091431 0.036569688886983524 2.675620980794347 1.4660564270614354 0.069263363824821469 0.0086865058050329264
decision_type=2 2 2 2 2 2 2 2 2 2 2
left_child=5 3 -3 -2 -5 6 8 10 9 -1 -8
right_child=1 2 -4 4 -6 -7 7 -9 -10 -11 -12
leaf_value=-0.017915801321323106 0.014718941966412597 -0.015002861756522793 0.003072104883623316 -0.006901523299070603 0.013057752750702879 0.0044106695375056397 -0.0051115009201723564 0.00048268825687198353 0.0124449471382548 0 -0.026381416609097263
leaf_weight=11.163187337340789 23.626828921260312 12.912457277532669 13.806556233670561 19.11581178964116 11.43176480126567 12.722427162807433 10.54998229024932 10.950046538258901 11.277814337750895 10.814670698717235 15.893413073266855
leaf_count=331 330 192 284 325 192 375 191 255 264 291 243
internal_value=-0.00112349 0.0028683 -0.00461324 0.00748119 0 -0.00554063 -0.00811821 -0.0138875 0 -0.00859255 -0.0209791
internal_weight=164.265 80.8934 26.719 54.1744 30.5476 83.3715 70.6491 37.3934 33.2557 21.9779 26.4434
internal_count=3273 1323 476 847 517 1950 1575 689 886 622 434
is_linear=0
shrinkage=0.05


Tree=433
num_leaves=1
num_cat=0
split_feature=
split_gain=
threshold=
decision_type=
left_child=
right_child=
leaf_value=0
leaf_weight=
leaf_count=3273
internal_value=
internal_weight=
internal_count=
is_linear=0
shrinkage=1


Tree=434
num_leaves=11
num_cat=0
split_feature=20 21 377 120 15 73 351 126 220 112
split_gain=1.10474 1.93336 1.80787 2.0778 1.59428 1.36264 1.09622 0.898176 0.471241 0.453947
threshold=0.14983138919396013 0.10313204235919503 0.10146504794285806 -0.036362213625491517 -0.0035626253645240583 0.92334437631042121 0.42341670763690081 -0.0014707323615413823 8.37990409462342 34.500000000000007
decision_type=2 2 2 2 2 2 2 2 2 2
left_child=4 8 3 -3 6 -5 7 -1 -2 -6
right_child=1 2 -4 5 9 -7 -8 -9 -10 -11
leaf_value=0 0.012305041764500148 0.0036721535624697696 0.0063180386031979523 -0.0031325687668171502 0.00030000331249257838 -0.02157963680522279 0.0089411425234860627 -0.015292435330883409 0 0.020622382667181031
leaf_weight=10.280202318681402 13.30042301840149 12.808142810361458 12.550255966372786 25.150872881873511 10.288154324050995 34.367087778169662 10.257193295983596 14.073879559524359 10.162904877681283 11.361868481151758
leaf_count=151 283 266 270 554 253 604 162 306 187 237
internal_value=-0.000915418 -0.00407304 -0.00783209 -0.0111051 0.00421972 -0.0151085 -0.00133195 -0.00799262 0.00698191 0.0142054
internal_weight=164.601 108.34 84.8764 72.3261 56.2613 59.518 34.6113 24.3541 23.4633 21.65
internal_count=3273 2164 1694 1424 1109 1158 619 457 470 490
is_linear=0
shrinkage=0.05


Tree=435
num_leaves=11
num_cat=0
split_feature=126 110 268 73 16 364 163 375 33 28
split_gain=1.20556 2.39471 1.2346 1.21253 1.23407 1.01924 2.21564 1.22479 0.886807 0.546517
threshold=-0.0070948007468681342 41.500000000000007 -0.73228662976194092 1.2038609892762289 0.0010661905664548206 0.453904972916575 -0.0056981012614493879 -0.12479924567601079 0.072183218140329825 0.040837039087355156
decision_type=2 2 2 2 2 2 2 2 2 2
left_child=1 9 -2 4 -3 8 -7 -8 -4 -1
right_child=2 3 5 -5 -6 6 7 -9 -10 -11
leaf_value=-0.0011275452241176107 -0.011778034045062407 -0.01517278162707609 -0.009550342803534749 0.014141045579811454 0.0042365176550791216 0.025084777860575242 0.011759459333952331 -0.0031355237527322432 0.0050065064280217916 -0.022739528545969952
leaf_weight=10.036062851315366 10.188539876602588 11.037214878946545 18.124943911330778 10.315935197984798 11.458815465914084 11.942657439387402 17.597730711800978 31.947240895358846 13.802966891322283 16.760113399941474
leaf_count=264 501 120 331 145 190 276 309 544 278 315
internal_value=-0.00116086 -0.00682757 0.00173082 0.00102124 -0.00398998 0.00404341 0.00786932 0.00157275 -0.00193617 -0.0172517
internal_weight=163.212 59.6081 103.604 32.812 22.496 93.4155 61.4876 49.545 31.9279 26.7962
internal_count=3273 1034 2239 455 310 1738 1129 853 609 579
is_linear=0
shrinkage=0.05


Tree=436
num_leaves=1
num_cat=0
split_feature=
split_gain=
threshold=
decision_type=
left_child=
right_child=
leaf_value=0
leaf_weight=
leaf_count=3273
internal_value=
internal_weight=
internal_count=
is_linear=0
shrinkage=1


Tree=437
num_leaves=12
num_cat=0
split_feature=165 83 162 260 167 29 162 364 72 357 167
split_gain=1.09836 1.75039 1.46457 1.35681 1.31897 1.25444 1.23008 0.948528 0.692488 0.633625 0.36216
threshold=-0.001629250190089385 0.36074412908804471 1.4660564270614354 0.79090909090909112 -0.19090903138135051 0.020008347378038364 1.4975261412655152 0.54702793876050559 0.0098381800723160943 0.48958333333333343 -0.65124524880350765
decision_type=2 2 2 2 2 2 2 2 2 2 2
left_child=6 2 7 -4 5 -3 9 10 -8 -1 -2
right_child=1 4 3 -5 -6 -7 8 -9 -10 -11 -12
leaf_value=-0.021446922777732337 0.0028132639113356101 0 -0.010567622454284338 0.0076420357294985546 0.0021203317810333292 -0.024918927497003824 0.0086857585321788115 0 -0.0064978348070418891 -0.0012511585450279948 0.020167510859371744
leaf_weight=12.76980590738822 13.543615766568104 10.369090182008224 18.043565186788328 15.332608238328246 13.484426651732063 10.173633651342241 11.989920915220866 12.453561795409767 11.218806354911065 13.597751236287875 20.579643990844492
leaf_count=247 307 238 444 250 244 166 171 215 222 249 520
internal_value=-0.000887719 0.0014816 0.00582221 -0.000887449 -0.00701247 -0.0146374 -0.0070597 0.0114015 0 -0.0139263 0.0154104
internal_weight=163.556 113.98 79.953 33.3762 34.0272 20.5427 49.5763 46.5768 23.2087 26.3676 34.1233
internal_count=3273 2384 1736 694 648 404 889 1042 393 496 827
is_linear=0
shrinkage=0.05


Tree=438
num_leaves=12
num_cat=0
split_feature=301 74 392 365 30 25 365 274 364 11 266
split_gain=1.19517 1.17159 2.23233 2.15874 1.14635 1.00555 0.986918 0.8783 0.828868 0.448964 0.332463
threshold=-0.059784504831663227 -0.24735820512710269 3.5000000000000004 0.2284021129790508 0.0093097186384737234 0.029037603388333531 0.21264494873613168 0.36945817692078703 0.45786109705155814 -0.00031835795767803926 0.15123244842313369
decision_type=2 2 2 2 2 2 2 2 2 2 2
left_child=1 4 6 9 -1 10 8 -6 -3 -4 -2
right_child=5 2 3 -5 7 -7 -8 -9 -10 -11 -12
leaf_value=-0.0070255222064419644 -0.0065318535456245323 -0.00048403776340292485 -0.032659659236716446 0 0 0.015161111293085401 -0.0085628668603636125 0.015770670522717103 0.013297993231475506 -0.0097895036131571255 0.0043678016067830372
leaf_weight=12.878281072014941 10.220133181661369 10.045314433285968 10.52136388467625 19.0021728198044 11.916874222923072 14.25759454758372 11.334106100490315 15.199714720249174 16.880628953687847 18.722959172446281 11.00167151307687
leaf_count=350 116 162 150 254 232 659 188 175 228 316 443
internal_value=-0.00115274 -0.00368049 -0.0070388 -0.0139587 0.00240471 0.00614482 0.000855961 0.00879726 0.00695243 -0.0218414 0
internal_weight=161.981 126.501 86.5065 48.2465 39.9949 35.4794 38.26 27.1166 26.9259 29.2443 21.2218
internal_count=3273 2055 1298 720 757 1218 578 407 390 466 559
is_linear=0
shrinkage=0.05


Tree=439
num_leaves=1
num_cat=0
split_feature=
split_gain=
threshold=
decision_type=
left_child=
right_child=
leaf_value=0
leaf_weight=
leaf_count=3273
internal_value=
internal_weight=
internal_count=
is_linear=0
shrinkage=1


Tree=440
num_leaves=10
num_cat=0
split_feature=268 120 25 348 167 215 81 34 37
split_gain=1.10306 1.69978 2.74036 1.82483 1.22117 1.0686 1.09813 0.906008 1.08092
threshold=-0.56886167595185266 -0.036362213625491517 0.028395583074709619 0.11462168803512725 -0.39269027934515638 5.0840067783521237 0.57932866108169112 0.028831988152307208 0.032604024868715623
decision_type=2 2 2 2 2 2 2 2 2
left_child=4 -2 7 -4 5 -1 -7 8 -3
right_child=1 2 3 -5 -6 6 -8 -9 -10
leaf_value=-0.009061669817630463 0.0081101402541937217 0 -0.02388067087901815 0 0.014862244823235754 -0.0035511483655670919 0.012326932182542796 -0.0088572684563125899 0.016634591865969488
leaf_weight=18.577423763927072 15.806411004625259 20.759365449426699 25.804657291388139 11.043057994102126 14.866675082361324 12.041110161459075 19.739604854723439 13.390754064777864 10.304341410985215
leaf_count=321 278 427 624 238 473 170 401 226 115
internal_value=-0.000911568 -0.00447135 -0.00771205 -0.0172556 0.00361903 0 0.00508605 0 0.00536139
internal_weight=162.333 97.1086 81.3022 36.8477 65.2248 50.3581 31.7807 44.4545 31.0637
internal_count=3273 1908 1630 862 1365 892 571 768 542
is_linear=0
shrinkage=0.05


Tree=441
num_leaves=11
num_cat=0
split_feature=209 260 30 221 209 74 126 373 165 348
split_gain=1.17943 1.19637 1.99158 1.16642 1.49483 1.1183 0.90049 0.834521 0.784337 0.684136
threshold=3.7030875607065936 0.59090909090909094 0.014619771811732867 12.57481073219803 5.1672802424814384 -0.040681113847637417 -0.0014707323615413823 -0.035798732182244823 -0.00084749073371061169 -0.063976705523885527
decision_type=2 2 2 2 2 2 2 2 2 2
left_child=1 7 -3 4 5 -2 -4 -1 -7 -5
right_child=3 2 6 9 -6 8 -8 -9 -10 -11
leaf_value=0.0099666786461548862 -0.0060931291694507469 -0.020645870223174431 -0.0090601058263754305 0 -0.013490276772303864 0.016700089521678077 0.0070403829262916402 -0.0045334731794373483 0 0.01641149744063208
leaf_weight=13.937560842488894 11.672438107896594 21.699892606353387 13.988647151505576 10.160381210269408 14.944028496043755 13.937210108386351 14.283730907365678 17.569331767270342 12.263420822564514 16.260665737325326
leaf_count=375 192 487 237 175 207 195 401 450 258 296
internal_value=-0.00118624 -0.00552355 -0.0102353 0.00270454 -0.000849835 0.00353863 0 0.000740742 0.00972704 0.0108715
internal_weight=160.717 81.4792 49.9723 79.2381 52.8171 37.8731 28.2724 31.5069 26.2006 26.421
internal_count=3273 1950 1125 1323 852 645 638 825 453 471
is_linear=0
shrinkage=0.05


Tree=442
num_leaves=1
num_cat=0
split_feature=
split_gain=
threshold=
decision_type=
left_child=
right_child=
leaf_value=0
leaf_weight=
leaf_count=3273
internal_value=
internal_weight=
internal_count=
is_linear=0
shrinkage=1


Tree=443
num_leaves=11
num_cat=0
split_feature=20 21 377 120 15 66 33 66 112 220
split_gain=1.07402 1.82113 1.71764 1.95219 1.47717 1.33349 1.07347 1.05616 0.383163 0.370208
threshold=0.14983138919396013 0.10313204235919503 0.10146504794285806 -0.036362213625491517 -0.0035626253645240583 0.38338956487551429 0.05517847021620708 0.67243341617837704 34.500000000000007 8.327341932622824
decision_type=2 2 2 2 2 2 2 2 2 2
left_child=4 9 3 -3 6 -5 -1 -8 -6 -2
right_child=1 2 -4 5 8 -7 7 -9 -10 -11
leaf_value=-0.013673290772610178 0.011537077251901555 0.0033972229220373146 0.0061267604390074799 0 0.00035082016964608207 -0.019547265227390379 0.012427078230805197 -0.0052033588194360207 0.020044012687201945 0
leaf_weight=10.07075179973617 12.818796620937066 12.527371518313883 12.242412306950426 17.032092680223286 10.063374479999768 41.26908897946123 13.623853737954052 10.252930599846875 11.024005934246814 10.156970516312866
leaf_count=162 280 266 270 337 253 821 242 215 237 190
internal_value=-0.000893711 -0.00404623 -0.00774135 -0.0109672 0.00421447 -0.0148846 -0.00111223 0.00326029 0.0139359 0.00674003
internal_weight=161.082 106.047 83.071 70.8286 55.0349 58.3012 33.9475 23.8768 21.0874 22.9758
internal_count=3273 2164 1694 1424 1109 1158 619 457 490 470
is_linear=0
shrinkage=0.05


Tree=444
num_leaves=10
num_cat=0
split_feature=274 126 72 381 364 105 355 207 206
split_gain=1.16467 1.36545 3.00669 1.31452 1.70057 1.75377 1.16286 0.965835 0.927888
threshold=0.65133158060785401 -0.0070948007468681342 0.008206249443002708 12.753815021768448 0.453904972916575 0.17126689957489741 -0.18986944763354791 1.7313606808197386 0.0060896506474005978
decision_type=2 2 2 2 2 2 2 2 2
left_child=1 2 7 -3 6 -6 -5 -1 -2
right_child=8 3 -4 4 5 -7 -8 -9 -10
leaf_value=-0.0092060178950223569 -0.00082868966019534302 -0.013938410145849662 -0.023764482957354026 0.00070046564395646004 0.00071251620692460707 0.022781895257241901 -0.016794711754926597 0.0074606546291704273 0.013693580684069765
leaf_weight=11.897246404783802 10.865787151735278 10.31909791077487 19.235994738759473 15.700986607931556 32.773219798924401 13.166387496748937 10.556381942238657 17.697215669322759 17.46507355500944
leaf_count=290 296 318 267 238 472 172 202 224 794
internal_value=-0.0012223 -0.00348047 -0.00986209 0 0.00304818 0.00906811 -0.00562512 0 0.00698192
internal_weight=159.677 131.347 48.8305 82.5161 72.197 45.9396 26.2574 29.5945 28.3309
internal_count=3273 2183 781 1402 1084 644 440 514 1090
is_linear=0
shrinkage=0.05


Tree=445
num_leaves=1
num_cat=0
split_feature=
split_gain=
threshold=
decision_type=
left_child=
right_child=
leaf_value=0
leaf_weight=
leaf_count=3273
internal_value=
internal_weight=
internal_count=
is_linear=0
shrinkage=1


Tree=446
num_leaves=11
num_cat=0
split_feature=290 165 348 20 381 394 111 260 16 5
split_gain=1.0732 1.69566 1.67676 1.38298 1.10912 1.60843 0.994344 0.842717 1.02042 0.27311
threshold=0.51263233513337525 -0.001629250190089385 0.15673954468601628 0.33062368905582967 23.637074020770758 0.011106316318112099 46.500000000000007 0.46363636363636368 -0.0040075947135334196 0.00049326941666227875
decision_type=2 2 2 2 2 2 2 2 2 2
left_child=1 4 6 7 -1 -6 -2 9 -9 -3
right_child=2 3 -4 -5 5 -7 -8 8 -10 -11
leaf_value=0.002200768828261515 -0.022311146349237955 0.0056762634209065934 0.0030012872096344904 -0.0064105894205427052 -0.01933756625343816 0.00047002548731931397 0 0 0.017477342741531721 -0.0044270236859992778
leaf_weight=16.910073987208307 15.406724700704219 10.238964082440363 14.081576609518377 11.503145055379717 19.033188141882423 10.362711945082991 10.160583072341977 11.290658371523021 30.985962028149515 10.073256060946731
leaf_count=234 577 222 263 180 254 138 328 231 636 210
internal_value=-0.000869194 0.00116492 -0.00786582 0.00609297 -0.00559709 -0.0114146 -0.0152879 0.00934142 0.0131507 0
internal_weight=160.047 120.398 39.6489 74.092 46.306 29.3959 25.5673 62.5888 42.2766 20.3122
internal_count=3273 2105 1168 1479 626 392 905 1299 867 432
is_linear=0
shrinkage=0.05


Tree=447
num_leaves=12
num_cat=0
split_feature=209 303 265 208 167 17 386 113 381 112 244
split_gain=1.10535 1.18112 1.23807 0.904767 0.83037 0.720117 0.709618 0.683649 0.495972 0.434605 0.432741
threshold=3.7030875607065936 -0.091666666666666258 0.083443489755452752 1.4354225328516568 -0.23017448253934378 -0.001324436208694291 -0.041098481424308601 81.500000000000014 34.42667532536602 26.500000000000004 0.57272727272727286
decision_type=2 2 2 2 2 2 2 2 2 2 2
left_child=3 2 -2 8 5 -3 -4 10 9 -1 -5
right_child=1 4 6 7 -6 -7 -8 -9 -10 -11 -12
leaf_value=0 -0.01188170703525392 0 0.010859010033191892 -0.00098359107965675019 0 0.019976199246606728 -0.0028649934491525226 0 -0.0054036460253157927 0.011399704522109859 -0.018292453209342762
leaf_weight=10.02280527923722 17.928444668650627 10.992454435676336 14.185189669020476 12.720987410983069 10.094040930271147 14.885205076308921 10.097146989777682 10.009382196469231 17.829963216558099 10.221824957174247 19.457630129065365
leaf_count=311 280 229 152 296 163 330 169 260 407 288 388
internal_value=-0.00122162 0.00254869 -0.00220246 -0.00545423 0.00914725 0.0135943 0.00363205 -0.0102406 0 0.00521311 -0.0135386
internal_weight=158.445 78.1825 42.2108 80.2626 35.9717 25.8777 24.2823 42.188 38.0746 20.2446 32.1786
internal_count=3273 1323 601 1950 722 559 321 944 1006 599 684
is_linear=0
shrinkage=0.05


Tree=448
num_leaves=1
num_cat=0
split_feature=
split_gain=
threshold=
decision_type=
left_child=
right_child=
leaf_value=0
leaf_weight=
leaf_count=3273
internal_value=
internal_weight=
internal_count=
is_linear=0
shrinkage=1


Tree=449
num_leaves=8
num_cat=0
split_feature=266 167 23 165 104 36 29
split_gain=1.06546 1.1764 1.98729 1.69071 1.38574 0.978539 0.320097
threshold=-0.30095888049134467 -0.17823952009724051 1.0000000180025095e-35 -0.0016679095989189034 0.11835554969829722 0.10844399554042118 0.1400826772591002
decision_type=2 2 2 2 2 2 2
left_child=-1 2 3 4 -2 -5 -3
right_child=1 6 -4 5 -6 -7 -8
leaf_value=0.011040320327343395 -0.016053241669235531 0 -0.018948649514977253 0.0062483202954686399 0 -0.0076880341322305883 0.012300086329164284
leaf_weight=12.566024574218316 24.985820053727366 11.30912572774105 17.758887417730875 55.951534278341569 15.646624071290715 10.58369279745966 10.021216342225669
leaf_count=546 495 215 325 1100 222 220 150
internal_value=-0.000885303 -0.00244623 -0.00456371 -0.00127502 -0.00926793 0.00307637 0.00693386
internal_weight=158.823 146.257 124.927 107.168 40.6324 66.5352 21.3303
internal_count=3273 2727 2362 2037 717 1320 365
is_linear=0
shrinkage=0.05


Tree=450
num_leaves=11
num_cat=0
split_feature=307 56 388 28 21 220 28 219 112 30
split_gain=1.10619 1.15617 1.8725 2.25449 1.47409 1.08587 0.896495 0.697707 0.505578 0.0836659
threshold=0.30688216183500666 0.55797271691418737 -0.13338099287628025 0.079402534438877417 0.11719498807087804 7.5233439456703213 0.028086077305995171 7.221436149147185 23.500000000000004 0.010219208002604134
decision_type=2 2 2 2 2 2 2 2 2 2
left_child=1 2 7 5 -3 -4 -2 -1 -8 -6
right_child=6 4 3 -5 9 -7 8 -9 -10 -11
leaf_value=0.0090819946514084735 -0.0025925455575829936 -0.0067897067557582116 -0.023911606041404129 0.00035159878732140149 2.4896310556279898e-05 0 0 -0.0045117107819304132 0.016878392831097717 0.013359907935928204
leaf_weight=15.719806778477507 10.462221085559575 17.871667713858187 27.378586686449125 15.984328301856292 10.202884552767502 10.150571817765011 10.355050258454868 11.59242740832269 13.482061858521773 14.469287273008375
leaf_count=177 241 313 529 230 179 178 346 216 631 233
internal_value=-0.00124019 -0.00370202 -0.00727494 -0.0126342 0.00202013 -0.0190154 0.0058597 0.00178728 0.0113076 0.0102528
internal_weight=157.669 123.37 80.8257 53.5135 42.5438 37.5292 34.2993 27.3122 23.8371 24.6722
internal_count=3273 2055 1330 937 725 707 1218 393 977 412
is_linear=0
shrinkage=0.05


Tree=451
num_leaves=1
num_cat=0
split_feature=
split_gain=
threshold=
decision_type=
left_child=
right_child=
leaf_value=0
leaf_weight=
leaf_count=3273
internal_value=
internal_weight=
internal_count=
is_linear=0
shrinkage=1


Tree=452
num_leaves=11
num_cat=0
split_feature=20 167 130 74 260 105 125 126 364 381
split_gain=1.06827 1.78464 1.70181 1.24311 1.12973 1.08479 1.60261 0.851371 0.891217 0.58852
threshold=0.14983138919396013 -0.22303275382657731 -7.4999999999999991 -0.0061735616476093986 0.50000000000000011 0.16603062442656957 -1.0000000180025095e-35 -0.013428561054148745 0.44615203697449063 27.394565015261424
decision_type=2 2 2 2 2 2 2 2 2 2
left_child=5 2 3 -2 -3 6 -1 -4 -9 -8
right_child=1 4 7 -5 -6 -7 9 8 -10 -11
leaf_value=0.019697930543098804 -0.0025750764788082226 -0.0042579028780796281 0.008255209906891459 -0.029366215152391142 0.012768651224521808 -0.005093829147431784 0.0080603180549363076 0.0013823917543963615 -0.01121723559167684 -0.0059450299499078053
leaf_weight=15.859463943750596 13.86529751121998 10.088342634844595 10.312792051583527 11.470876858918926 18.206941686337814 13.786697273375465 10.39980923116673 14.953285971190779 25.106170112616383 13.996988762170075
leaf_count=247 248 245 241 151 354 270 258 318 607 334
internal_value=-0.000875159 -0.00405485 -0.00824485 -0.0182941 0.00527412 0.00425895 0.00874906 -0.00150931 -0.00558426 0
internal_weight=158.047 104.004 75.7084 25.3362 28.2953 54.043 40.2563 50.3722 40.0595 24.3968
internal_count=3273 2164 1565 399 599 1109 839 1166 925 592
is_linear=0
shrinkage=0.05


Tree=453
num_leaves=11
num_cat=0
split_feature=126 163 110 375 373 209 73 364 56 55
split_gain=1.11643 2.45627 1.42682 1.23798 1.46207 1.23063 1.18459 1.1271 0.832831 0.764612
threshold=-0.0039213191313864906 -0.0014459939329926439 52.500000000000007 0.069263363824821469 -0.012230025869534976 3.7030875607065936 0.87690989407647046 0.453904972916575 0.34305496398437757 -0.053332367975393861
decision_type=2 2 2 2 2 2 2 2 2 2
left_child=1 -1 6 4 7 -6 -3 9 -9 -2
right_child=3 2 -4 -5 5 -7 -8 8 -10 -11
leaf_value=-0.018767803033043637 0.0039268707273836011 0.0039855891811491229 0.011252252882523585 0.014836041089217409 -0.0171237258366384 0 -0.013420732400902455 0 0.017564105177430324 -0.011793630244909196
leaf_weight=21.952388624195009 10.412289736792447 10.028622328070925 16.678592577809468 12.772904781159012 16.11995421466418 13.193463297910055 18.264004963217303 11.071956216590481 16.165541472844779 10.06609586603008
leaf_count=409 270 218 254 300 432 257 356 142 439 196
internal_value=-0.0012104 -0.00615421 0 0.00201496 0 -0.00884817 -0.00586246 0.00471055 0.0112552 -0.00219046
internal_weight=156.726 66.9236 44.9712 89.8022 77.0293 29.3134 28.2926 47.7159 27.2375 20.4784
internal_count=3273 1237 828 2036 1736 689 574 1047 581 466
is_linear=0
shrinkage=0.05


Tree=454
num_leaves=1
num_cat=0
split_feature=
split_gain=
threshold=
decision_type=
left_child=
right_child=
leaf_value=0
leaf_weight=
leaf_count=3273
internal_value=
internal_weight=
internal_count=
is_linear=0
shrinkage=1


Tree=455
num_leaves=12
num_cat=0
split_feature=278 386 41 112 167 364 162 20 112 54 112
split_gain=1.04537 1.57924 1.42725 1.17583 1.11782 1.46908 1.05609 0.800184 0.701507 0.654621 0.495774
threshold=1.4311383240481474 -0.17905369552242092 0.0084393374002944641 21.500000000000004 -0.39269027934515638 0.44615203697449063 1.3303422119746391 0.14026543732310223 41.500000000000007 0.0041635014995056183 52.500000000000007
decision_type=2 2 2 2 2 2 2 2 2 2 2
left_child=4 -2 6 9 5 -1 8 -7 -3 -4 -5
right_child=1 2 3 10 -6 7 -8 -9 -10 -11 -12
leaf_value=0.012971483508081874 0.0091036567415834681 0 0.0050951524066969664 -0.024848017635564761 0.014482395377629588 0 -0.0096372156347158556 -0.012486215550072788 0.015162667812411518 -0.0099143614249027623 -0.0033262931788506458
leaf_weight=12.126488798763601 12.474812399130313 10.576542152324693 10.450066489283929 16.702588054467927 14.278931714594362 19.797089939005673 11.965964532573706 17.063326084055007 10.066236596554516 10.158476300537584 11.447282496024853
leaf_count=287 206 178 250 392 473 283 292 322 168 173 249
internal_value=-0.000915162 -0.00445033 -0.00737083 -0.0125497 0.00353809 0 0 -0.00531854 0.0072719 -0.00050523 -0.0188645
internal_weight=157.108 93.842 81.3672 48.7584 63.2658 48.9869 32.6087 36.8604 20.6428 20.6085 28.1499
internal_count=3273 1908 1702 1064 1365 892 638 605 346 423 641
is_linear=0
shrinkage=0.05


Tree=456
num_leaves=12
num_cat=0
split_feature=126 163 16 141 66 386 37 303 224 208 11
split_gain=1.09144 2.32978 1.42659 1.30037 1.13113 1.00386 0.950744 1.31011 0.526956 0.455303 0.105336
threshold=-0.0039213191313864906 -0.0014459939329926439 0.00012164480427169157 1.0000000180025095e-35 0.54354135696699157 0.043218161436085596 0.073132527477502193 -0.091666666666666258 -2.0459006991596937 1.7151717916668685 -0.00068952863225391059
decision_type=2 2 2 2 2 2 2 2 2 2 2
left_child=1 10 -3 6 -4 -5 7 8 -2 -9 -1
right_child=3 2 4 5 -6 -7 -8 9 -10 -11 -12
leaf_value=-0.023981156621324971 0 -0.0095681190270655355 0.014880921278999383 0.019206662091080014 -0.0018601372990140312 0 0.0073075514666794371 0.0082601047265931336 -0.0185046352970499 -0.0029419063722065653 -0.0041294067304242258
leaf_weight=11.696374797495084 10.165523868519815 17.339570170035586 17.263166305609051 13.387572335894221 10.042574778664855 10.724637850187717 16.661429315572605 12.685729432036171 14.373847073176874 11.10782718262635 10.067825859994626
leaf_count=171 164 340 283 352 205 193 351 354 406 216 238
internal_value=-0.00119569 -0.00610487 0 0.00199986 0.00749936 0.0114196 -0.00110909 -0.00524203 -0.0129687 0.00142056 -0.0184298
internal_weight=155.516 66.4095 44.6453 89.1066 27.3057 24.1122 64.9944 48.3329 24.5394 23.7936 21.7642
internal_count=3273 1237 828 2036 488 545 1491 1140 570 570 409
is_linear=0
shrinkage=0.05


Tree=457
num_leaves=1
num_cat=0
split_feature=
split_gain=
threshold=
decision_type=
left_child=
right_child=
leaf_value=0
leaf_weight=
leaf_count=3273
internal_value=
internal_weight=
internal_count=
is_linear=0
shrinkage=1


Tree=458
num_leaves=9
num_cat=0
split_feature=309 66 390 20 244 71 258 244
split_gain=1.05138 1.20727 2.64959 1.77776 1.2266 1.48702 1.4831 0.521186
threshold=0.030355514383049783 0.59883477097175219 -0.025096344690349711 0.14983138919396013 0.31818181818181823 1.3592657454084949 0.57352941176470595 0.59090909090909094
decision_type=2 2 2 2 2 2 2 2
left_child=7 4 -3 -4 -2 6 -6 -1
right_child=1 2 3 -5 5 -7 -8 -9
leaf_value=0 0.011715800687620277 0.0028643526652820835 0 -0.02818843652902683 0.0050584245624656632 0.0096682753691249377 -0.011044012004779637 0.014774310772762977
leaf_weight=10.655570716364311 16.445179319474846 19.012981122359633 11.211131899501199 15.944662028341552 13.511878093355334 14.295151416328734 44.42002187797334 10.403559832135214
leaf_count=402 289 312 218 298 274 188 804 488
internal_value=-0.00094475 -0.0028853 -0.0092042 -0.0187563 5.28724e-05 -0.00229929 -0.00640359 0.00821274
internal_weight=155.9 134.841 46.1688 27.1558 88.6722 72.2271 57.9319 21.0591
internal_count=3273 2383 828 516 1555 1266 1078 890
is_linear=0
shrinkage=0.05


Tree=459
num_leaves=10
num_cat=0
split_feature=274 126 11 141 111 19 335 11 399
split_gain=1.08169 1.28519 2.62116 1.3553 1.26221 1.04951 1.44842 0.772997 0.201228
threshold=0.69127245867450748 -0.0039213191313864906 0.00085795848017422582 1.0000000180025095e-35 51.500000000000007 0.27534225657290873 0.4511356530676971 0.0014412363003523112 -0.12055272070658095
decision_type=2 2 2 2 2 2 2 2 2
left_child=1 2 4 5 -1 -3 -7 -4 -5
right_child=-2 3 7 8 -6 6 -8 -9 -10
leaf_value=-0.022886313685310602 0.0086921011913918423 0.0053933231541877834 0.011946476112853066 0.016280580578828811 0 4.9687124230773401e-05 -0.016272831832795345 -0.0029020389036383569 0
leaf_weight=23.933652678504586 18.268139035790227 17.431575743248686 10.435387309174986 10.105463185347618 10.66535349213518 19.25663475622423 20.026882629375905 14.316321111982687 10.000056933145968
leaf_count=350 960 297 117 147 257 290 458 257 140
internal_value=-0.00125767 -0.00311035 -0.00852352 0.000608562 -0.017067 -0.00273654 -0.00765326 0.00217114 0.0113388
internal_weight=154.439 136.171 59.3507 76.8206 34.599 56.7151 39.2835 24.7517 20.1055
internal_count=3273 2313 981 1332 607 1045 748 374 287
is_linear=0
shrinkage=0.05


Tree=460
num_leaves=1
num_cat=0
split_feature=
split_gain=
threshold=
decision_type=
left_child=
right_child=
leaf_value=0
leaf_weight=
leaf_count=3273
internal_value=
internal_weight=
internal_count=
is_linear=0
shrinkage=1


Tree=461
num_leaves=11
num_cat=0
split_feature=309 162 119 112 112 63 162 28 244 228
split_gain=1.01005 1.37182 2.91154 1.25677 1.92456 1.42932 1.13637 0.938494 0.498613 0.332743
threshold=0.030355514383049783 1.8613191136163278 -0.27769101867689477 51.500000000000007 16.500000000000004 0.26356674087536841 0.32698971413760997 0.042996917159399094 0.59090909090909094 1.3770560938983292
decision_type=2 2 2 2 2 2 2 2 2 2
left_child=8 3 -3 4 7 9 -6 -2 -1 -5
right_child=1 2 -4 5 6 -7 -8 -9 -10 -11
leaf_value=0 -0.001217804649309779 0.0060392786909003486 -0.02026068961467679 0.00050584568797663496 0 -0.0042746967036643322 -0.016686147057587718 0.014473328440600654 0.014568144869573347 0.018728740068237337
leaf_weight=10.628516325028615 11.888778470689433 11.433551830239592 24.440025193034671 10.274135540938007 13.636181297013534 10.13934433320537 25.010934449383058 12.091849820921196 10.268815207760779 15.016749985050408
leaf_count=402 195 143 497 227 251 149 538 166 488 217
internal_value=-0.000894973 -0.00281105 -0.010773 0 -0.00387205 0.00749355 -0.010911 0.00557058 0.00810417 0.0139319
internal_weight=154.829 133.932 35.8736 98.058 62.6277 35.4302 38.6471 23.9806 20.8973 25.2909
internal_count=3273 2383 640 1743 1150 593 789 361 890 444
is_linear=0
shrinkage=0.05


Tree=462
num_leaves=12
num_cat=0
split_feature=209 86 74 303 387 216 37 73 74 266 70
split_gain=1.05591 1.12471 1.68433 1.01985 0.840872 1.03105 1.77629 0.842096 0.770031 0.419338 0.304653
threshold=3.7030875607065936 -1098963.7088034998 -0.24525145663384859 -0.091666666666666258 0.44524863751091431 6.2738978151723037 0.037726355552235656 0.91806162501994637 -0.040681113847637417 -0.12004025764894403 0.0086865058050329264
decision_type=2 2 2 2 2 2 2 2 2 2 2
left_child=4 2 -2 -4 5 6 7 -1 -3 -10 -8
right_child=1 8 3 -5 -6 -7 10 -9 9 -11 -12
leaf_value=-0.0099998732943292947 0.010576786868259228 0 -0.018141241839013462 0 0.0036491505498484952 0.0023154202969234124 -0.0041157051059937276 0.0053950814296031512 0.00018500866155580573 0.019672175366000709 -0.025270450791736867
leaf_weight=12.560246533947067 10.009487070841713 16.962302958359942 14.087519975844769 12.044282404240223 11.809973813826216 11.037093219463712 10.684277837164702 15.885314575163646 10.324001693865286 12.365034050075336 15.448844252619891
leaf_count=362 173 298 207 219 375 352 194 417 153 273 250
internal_value=-0.0012498 0.00246795 -0.00285249 -0.0102722 -0.00546713 -0.00792445 -0.0108763 -0.000118067 0.00834924 0.0138086 -0.0196522
internal_weight=153.218 75.7926 36.1413 26.1318 77.4258 65.6158 54.5787 28.4456 39.6513 22.689 26.1331
internal_count=3273 1323 599 426 1950 1575 1223 779 724 426 444
is_linear=0
shrinkage=0.05


Tree=463
num_leaves=1
num_cat=0
split_feature=
split_gain=
threshold=
decision_type=
left_child=
right_child=
leaf_value=0
leaf_weight=
leaf_count=3273
internal_value=
internal_weight=
internal_count=
is_linear=0
shrinkage=1


Tree=464
num_leaves=11
num_cat=0
split_feature=305 41 399 66 10 213 397 115 394 356
split_gain=0.989725 1.03924 1.53377 2.43767 2.05399 0.993681 0.987621 0.663676 0.684022 0.523423
threshold=0.032808099129130609 0.010497946648042265 -0.27290215419155639 0.46756877543132108 0.0081144081390478774 6.0221039767608975 -0.0028782484200503416 1.0000000180025095e-35 -0.014351166550820247 0.63541666666666685
decision_type=2 2 2 2 2 2 2 2 2 2
left_child=5 6 -3 -4 -5 7 -2 8 -1 -8
right_child=1 2 3 4 -6 -7 9 -9 -10 -11
leaf_value=-0.001600821980935356 -0.0062253312168299834 0.0044483620823743495 0 -0.0341890029105478 -0.0018069863651611557 0.013723779294153082 0.012968999646461969 -0.0082161478288825252 0.011357461904613758 0
leaf_weight=11.14898705575615 18.5084682344459 10.817767296917735 19.046421286766417 13.278409857186491 12.618346665403804 14.929294781060888 14.640203752089294 14.036127226660026 13.923238103743644 10.666760076070203
leaf_count=180 391 140 424 282 255 349 270 297 470 215
internal_value=-0.000916756 -0.00408689 -0.00854291 -0.0127955 -0.0219666 0.00395601 0.000700011 0 0.00425884 0.00765425
internal_weight=153.614 99.5764 55.7609 44.9432 25.8968 54.0376 43.8154 39.1084 25.0722 25.307
internal_count=3273 1977 1101 961 537 1296 876 947 650 485
is_linear=0
shrinkage=0.05


Tree=465
num_leaves=10
num_cat=0
split_feature=73 56 167 78 167 16 37 191 74
split_gain=1.03361 1.78487 1.71023 2.3169 1.55849 1.16359 0.900562 0.743878 0.189168
threshold=1.2615622748416466 0.55797271691418737 -0.75374150841626986 0.51002288270745011 -0.17932605943906615 -0.00034719363553614458 0.039493000262980645 0.76086396654838717 -0.23683080778991905
decision_type=2 2 2 2 2 2 2 2 2
left_child=1 2 7 -4 5 -3 -2 -1 -5
right_child=6 4 3 8 -6 -7 -8 -9 -10
leaf_value=0.0093365305587243437 0.014684095749914503 0 0.0017042118372314946 -0.0059151710830536719 -0.0076925000502551556 0.017164037985812314 0 -0.0048244977257602692 -0.024113564180036896
leaf_weight=12.467114743776621 13.381798889022322 11.438308495562525 11.992269020178354 13.292212060419841 12.983197516179642 19.124530518311076 15.375002729706464 18.971915753092617 23.24922309583053
leaf_count=202 274 273 370 284 265 440 266 409 490
internal_value=-0.00121467 -0.00348006 -0.00801923 -0.0136568 0.00376154 0.0103697 0.00635091 0 -0.0197093
internal_weight=152.276 123.519 79.9727 48.5337 43.546 30.5628 28.7568 31.439 36.5414
internal_count=3273 2733 1755 1144 978 713 540 611 774
is_linear=0
shrinkage=0.05


Tree=466
num_leaves=1
num_cat=0
split_feature=
split_gain=
threshold=
decision_type=
left_child=
right_child=
leaf_value=0
leaf_weight=
leaf_count=3273
internal_value=
internal_weight=
internal_count=
is_linear=0
shrinkage=1


Tree=467
num_leaves=11
num_cat=0
split_feature=167 23 165 162 394 83 225 72 356 231
split_gain=1.00251 1.90467 1.43997 1.17868 1.0144 1.01814 0.964681 0.550029 0.355063 0.235737
threshold=-0.17823952009724051 1.0000000180025095e-35 -0.0016679095989189034 1.4975261412655152 -0.01466056427061435 0.18423023759965815 -0.24286105329120575 0.0098381800723160943 0.46875000000000006 82.500000000000014
decision_type=2 2 2 2 2 2 2 2 2 2
left_child=1 2 3 8 6 -6 -4 -5 -1 -2
right_child=9 -3 4 7 5 -7 -8 -9 -10 -11
leaf_value=-0.00083359420963379372 0 -0.016827800918468191 0.0055601934348608042 0.0080099259583152269 0.013950722835275037 0 -0.011234516866270555 -0.0058219452498008174 -0.019911774053010513 0.012052882669045518
leaf_weight=10.449543648632245 10.070231655379759 17.85308771498967 10.635270429076629 11.26973726693541 28.639279029564932 15.160790784284471 13.977292659343219 10.557816908694802 12.627502522431312 11.42747266369406
leaf_count=178 243 363 218 169 690 380 319 214 280 219
internal_value=-0.000960789 -0.00291925 0 -0.00703515 0.00414844 0.00878562 -0.00235099 0 -0.0142801 0.00784208
internal_weight=152.668 131.17 113.317 44.9046 68.4126 43.8001 24.6126 21.8276 23.077 21.4977
internal_count=3273 2811 2448 841 1607 1070 537 383 458 462
is_linear=0
shrinkage=0.05


Tree=468
num_leaves=12
num_cat=0
split_feature=297 83 167 167 260 41 215 28 386 112 8
split_gain=1.05197 1.06406 1.51174 1.422 1.26947 1.17908 0.984483 0.877961 0.505695 0.320284 0.210452
threshold=-0.45490237724266175 -0.37922985135750259 -0.72398447294756774 -0.40838531564239827 0.35454545454545461 0.0069972106327185549 7.1007548136389369 0.025789912814689033 -0.041098481424308601 23.500000000000004 0.033940104170596584
decision_type=2 2 2 2 2 2 2 2 2 2 2
left_child=1 2 6 5 -5 -3 -1 -2 -7 -9 -6
right_child=7 3 -4 4 10 8 -8 9 -10 -11 -12
leaf_value=0.0070650138408045798 -0.0035765383584631556 -0.0047376871677728251 -0.021573209602336392 0.0032654411930216824 -0.017423592267044496 0.016698111388109251 -0.011356859426493145 0 0 0.014201973804797733 -0.00087445246221890005
leaf_weight=12.349377139937134 10.351313698804004 10.019247340271248 14.588816298637537 11.25937578990124 15.288123715668918 16.582938921172172 10.142155235167591 11.573131155455487 12.296286660945045 16.495337338652462 10.445690141059456
leaf_count=150 221 230 244 224 353 234 147 379 250 693 148
internal_value=-0.00120394 -0.00388057 -0.0104854 0 -0.00709719 0.00606367 0 0.00517047 0.0114727 0.0100395 -0.0132388
internal_weight=151.392 112.972 37.0803 75.8917 36.9932 38.8985 22.4915 38.4198 28.8792 28.0685 25.7338
internal_count=3273 1980 541 1439 725 714 297 1293 484 1072 501
is_linear=0
shrinkage=0.05


Tree=469
num_leaves=1
num_cat=0
split_feature=
split_gain=
threshold=
decision_type=
left_child=
right_child=
leaf_value=0
leaf_weight=
leaf_count=3273
internal_value=
internal_weight=
internal_count=
is_linear=0
shrinkage=1


Tree=470
num_leaves=8
num_cat=0
split_feature=266 167 23 230 112 229 29
split_gain=0.973896 1.05805 1.58619 1.20693 1.6058 1.09383 0.221649
threshold=-0.30095888049134467 -0.17823952009724051 1.0000000180025095e-35 58.500000000000007 52.500000000000007 -7.4045976332677066 0.11576243359915962
decision_type=2 2 2 2 2 2 2
left_child=-1 2 3 4 -2 -5 -3
right_child=1 6 -4 5 -6 -7 -8
leaf_value=0.010577007238987007 -0.015457881932939411 0 -0.017769348570701116 -0.00359851802746266 0.00088545957932210711 0.0089956013600884111 0.01068781472366901
leaf_weight=11.974147816421462 25.461554583976977 10.058068214915695 16.985375096672215 24.878479746286757 20.198759375489317 31.831510300864466 10.399364313576369
leaf_count=546 435 200 325 616 359 627 165
internal_value=-0.000980725 -0.00252208 -0.00458934 -0.00148433 -0.00759169 0.00273002 0.00645196
internal_weight=151.787 139.813 119.356 102.37 45.6603 56.71 20.4574
internal_count=3273 2727 2362 2037 794 1243 365
is_linear=0
shrinkage=0.05


Tree=471
num_leaves=9
num_cat=0
split_feature=274 162 125 28 167 124 224 70
split_gain=1.00867 1.23833 1.88703 1.76467 1.26879 1.44304 1.0556 0.819681
threshold=0.65133158060785401 0.32698971413760997 -0.071442958438646356 0.041118691031432758 -0.44019712618369161 -2.4999999999999996 1.9094647973213748 0.0060896506474005978
decision_type=2 2 2 2 2 2 2 2
left_child=1 -1 3 -3 5 -4 -6 -2
right_child=7 2 4 -5 6 -7 -8 -9
leaf_value=-0.015751124162083577 -0.00067015946289085448 0.00086299572946119606 0 -0.018957845144269229 -0.014154704346005909 0.015444909281472408 0.0025294319196552326 0.013079651343853017
leaf_weight=15.097874694853088 10.35959513182752 12.511989606777204 23.921060885302722 20.628518756479025 12.622591258841569 25.915293343714438 13.060207334812729 16.384068983374164
leaf_count=418 296 154 323 346 267 432 243 794
internal_value=-0.00122876 -0.00341754 -0.000878898 -0.0106407 0.003011 0.007891 -0.00455011 0.00654203
internal_weight=150.501 123.758 108.66 33.1405 75.5192 49.8364 25.6828 26.7437
internal_count=3273 2183 1765 500 1265 755 510 1090
is_linear=0
shrinkage=0.05


Tree=472
num_leaves=1
num_cat=0
split_feature=
split_gain=
threshold=
decision_type=
left_child=
right_child=
leaf_value=0
leaf_weight=
leaf_count=3273
internal_value=
internal_weight=
internal_count=
is_linear=0
shrinkage=1


Tree=473
num_leaves=10
num_cat=0
split_feature=290 167 412 264 230 34 167 224 225
split_gain=0.952608 1.41554 1.49021 1.55252 1.58116 1.53861 1.3189 1.17014 1.0705
threshold=0.51263233513337525 -0.39150910727876292 -1.0000000180025095e-35 36.500000000000007 57.500000000000007 0.015286065547993099 -0.176482681822793 -1.0986944801809908 3.3004550401302439
decision_type=2 2 2 2 2 2 2 2 2
left_child=1 2 3 -1 -5 -4 7 -2 -3
right_child=6 8 5 4 -6 -7 -8 -9 -10
leaf_value=-0.01143672677350715 0 0.016634231111451007 0 -0.00087351487942027373 0.015095074100964841 -0.022028212631743739 0.002727263638506088 -0.021300597462783993 0
leaf_weight=12.157978290226309 10.102572303381748 18.653870347654451 10.09851952432655 24.389934888808057 23.278630599845201 12.970642779953776 11.583798271138219 15.796296431333758 11.878218375146387
leaf_count=232 381 427 227 312 437 198 185 602 272
internal_value=-0.000966671 0.000977709 -0.00197436 0.00158205 0.00636987 -0.012236 -0.00772215 -0.013924 0.00994335
internal_weight=150.91 113.428 82.8957 59.8265 47.6686 23.0692 37.4827 25.8989 30.5321
internal_count=3273 2105 1406 981 749 425 1168 983 699
is_linear=0
shrinkage=0.05


Tree=474
num_leaves=11
num_cat=0
split_feature=221 68 365 365 162 71 264 5 56 264
split_gain=1.01332 1.87739 1.6637 1.72854 1.48654 0.920995 0.896536 0.512408 0.269912 0.259303
threshold=12.57481073219803 0.44518902662242693 0.22736917975227441 0.16741838096551234 0.35817841081498553 0.83184757202454951 78.500000000000014 -0.0012355957849122798 0.4325948906292863 44.500000000000007
decision_type=2 2 2 2 2 2 2 2 2 2
left_child=1 4 3 -3 -1 -2 9 -6 -4 -7
right_child=5 2 8 -5 7 6 -8 -9 -10 -11
leaf_value=-0.0080456610192119055 -0.003313202233770979 0 -0.003305318961039977 -0.022588492829958264 0.018861175203514637 0.0014800174097817605 0 0 0.0063282342131238296 0.018520851705531166
leaf_weight=10.109682855196295 19.830581814749166 14.208916782052254 10.369633958791384 25.801724479999393 10.140474521322176 11.760215541464278 11.710967930499462 11.88171603938099 10.202484203269703 13.391390599310396
leaf_count=242 709 322 152 479 165 242 207 274 217 264
internal_value=-0.0012226 -0.00462527 -0.00988685 -0.0155308 0.00386906 0.00345722 0.00832898 0.0116458 0 0.0133359
internal_weight=149.408 92.7146 60.5828 40.0106 32.1319 56.6932 36.8626 22.0222 20.5721 25.1516
internal_count=3273 1851 1170 801 681 1422 713 439 369 506
is_linear=0
shrinkage=0.05


Tree=475
num_leaves=1
num_cat=0
split_feature=
split_gain=
threshold=
decision_type=
left_child=
right_child=
leaf_value=0
leaf_weight=
leaf_count=3273
internal_value=
internal_weight=
internal_count=
is_linear=0
shrinkage=1


Tree=476
num_leaves=10
num_cat=0
split_feature=309 66 385 64 71 209 104 221 63
split_gain=0.952223 1.24172 2.5665 1.19247 0.787427 1.54911 0.801252 0.719456 0.403987
threshold=0.030355514383049783 0.59883477097175219 3.5000000000000004 0.65114303180758093 1.3592657454084949 3.6562896150889403 -0.068651622674426746 9.648970811729944 -0.047288125801397733
decision_type=2 2 2 2 2 2 2 2 2
left_child=8 4 3 -3 5 7 -7 -2 -1
right_child=1 2 -4 -5 -6 6 -8 -9 -10
leaf_value=0 -0.0029312275525653709 -0.00018875945963107085 0.0048313011813857385 -0.025023483565492357 0.010037331420722957 0 -0.014799520070287521 0.0091140217622151087 0.013672634081688893
leaf_weight=10.202775279525669 11.152874925290233 11.873268596944401 14.382579583092591 18.078824033204 14.77384089224506 11.70454717427492 21.108598331920803 26.52451107033994 10.021105478284879
leaf_count=422 219 237 241 350 206 179 344 607 468
internal_value=-0.000988163 -0.00288751 -0.00942845 -0.0176096 0.000151945 -0.0015647 -0.00956611 0.00436611 0.00783105
internal_weight=149.823 129.599 44.3347 29.9521 85.2644 70.4905 32.8131 37.6774 20.2239
internal_count=3273 2383 828 587 1555 1349 523 826 890
is_linear=0
shrinkage=0.05


Tree=477
num_leaves=10
num_cat=0
split_feature=126 11 28 375 373 104 209 104 274
split_gain=1.04148 2.18996 1.13078 1.00742 1.35231 1.15341 1.07465 0.862759 0.534106
threshold=-0.0039213191313864906 0.00085795848017422582 0.040837039087355156 0.069263363824821469 -0.012230025869534976 0.1090541491101791 3.7030875607065936 -0.055476713523751144 0.41223374457288159
decision_type=2 2 2 2 2 2 2 2 2
left_child=1 2 -1 4 5 8 -6 -3 -2
right_child=3 7 -4 -5 6 -7 -8 -9 -10
leaf_value=0 0 -0.0034364531972125413 -0.019690122257298048 0.013776396382870718 -0.016571137692773012 -0.0030718808571848282 0 0.011607136910572149 0.015701417933135047
leaf_weight=13.467626592144368 10.177735903067516 11.835532003547998 23.974721741280518 12.047966366866602 15.104643984930592 17.319194260402583 12.619328664266503 14.195040967082603 17.779587874538265
leaf_count=316 174 214 419 300 432 301 257 288 572
internal_value=-0.00121818 -0.00612181 -0.0137365 0.0019575 0 0.00476435 -0.00862383 0.00339654 0.0110612
internal_weight=148.521 63.4729 37.4423 85.0485 73.0005 45.2765 27.724 26.0306 27.9573
internal_count=3273 1237 735 2036 1736 1047 689 502 746
is_linear=0
shrinkage=0.05


Tree=478
num_leaves=1
num_cat=0
split_feature=
split_gain=
threshold=
decision_type=
left_child=
right_child=
leaf_value=0
leaf_weight=
leaf_count=3273
internal_value=
internal_weight=
internal_count=
is_linear=0
shrinkage=1


Tree=479
num_leaves=12
num_cat=0
split_feature=309 162 119 112 112 63 162 28 118 63 228
split_gain=0.940008 1.32955 2.76325 1.16897 1.68569 1.24191 1.01805 0.840569 0.390001 0.336614 0.212882
threshold=0.030355514383049783 1.8613191136163278 -0.27769101867689477 51.500000000000007 16.500000000000004 0.23718047803907308 0.32698971413760997 0.042996917159399094 1.0000000180025095e-35 -0.053527344698368888 1.7531546572993641
decision_type=2 2 2 2 2 2 2 2 2 2 2
left_child=9 3 -3 4 7 10 -6 -2 -4 -1 -5
right_child=1 2 8 5 6 -7 -8 -9 -10 -11 -12
leaf_value=0 -0.0012723305999962854 0.0056818798105435645 -0.0039159243459854914 0.00091382221835078516 0 -0.0030740451030385496 -0.016152524312412063 0.013737134235272614 -0.026781281955519605 0.013104186487664052 0.018227951621334688
leaf_weight=10.057835785206409 11.428604923654349 11.002978595206512 10.256620449945331 10.013265119749123 13.335042249644173 10.551375165698117 23.992478317115456 11.525580318644641 13.252700054901652 10.035791804781182 13.476220606476998
leaf_count=419 195 143 264 236 251 163 538 166 233 471 194
internal_value=-0.00100133 -0.00289562 -0.0108662 0 -0.00386666 0.00730442 -0.0105603 0.00505436 -0.0202638 0.00777762 0.0136741
internal_weight=148.928 128.835 34.5123 94.3226 60.2817 34.0409 37.3275 22.9542 23.5093 20.0936 23.4895
internal_count=3273 2383 640 1743 1150 593 789 361 497 890 430
is_linear=0
shrinkage=0.05


Tree=480
num_leaves=10
num_cat=0
split_feature=126 72 268 364 37 211 104 110 8
split_gain=1.01173 2.45327 0.98633 0.932103 0.921493 1.09453 1.29675 0.830414 0.000166481
threshold=-0.0070948007468681342 0.008206249443002708 -0.68595707916167925 0.53787589952320447 0.018063710899972229 0.96838366127301734 -0.078900442657233547 24.500000000000004 0.011792686777769137
decision_type=2 2 2 2 2 2 2 2 2
left_child=1 3 -2 -1 7 -6 -7 -4 -3
right_child=2 8 4 -5 5 6 -8 -9 -10
leaf_value=-0.0053028252643938087 -0.0087110972019982906 -0.024620462860260595 -0.012397621077413653 0.0097259509314702869 -0.0027746468808092753 0 0.016617202328692581 0.0033585579198165075 -0.0050563487361067914
leaf_weight=17.408645400195383 13.776952918968162 10.724289614940064 10.630934125510977 15.735873144352807 11.058316696202381 15.025670766481193 31.038298608502377 11.874896021327002 10.115251672221346
leaf_count=418 558 160 191 244 200 344 756 190 212
internal_value=-0.00122859 -0.00667227 0.0015087 0.000664021 0.00413409 0.00766146 0.0112023 -0.00270656 -0.019053
internal_weight=147.389 53.9841 93.4051 33.1445 79.6281 57.1223 46.064 22.5058 20.8395
internal_count=3273 1034 2239 662 1681 1300 1100 381 372
is_linear=0
shrinkage=0.05


Tree=481
num_leaves=1
num_cat=0
split_feature=
split_gain=
threshold=
decision_type=
left_child=
right_child=
leaf_value=0
leaf_weight=
leaf_count=3273
internal_value=
internal_weight=
internal_count=
is_linear=0
shrinkage=1


Tree=482
num_leaves=11
num_cat=0
split_feature=305 103 191 28 191 364 392 110 258 30
split_gain=0.915062 1.23176 1.37286 1.35522 1.11272 0.840643 0.958397 0.601926 0.512459 0.397527
threshold=0.032808099129130609 0.19476549597327689 0.68827918098062268 0.058189554168879547 0.63930437202716683 0.45544193008477324 5.5000000000000009 22.500000000000004 1.4852941176470591 0.014426621073587874
decision_type=2 2 2 2 2 2 2 2 2 2
left_child=5 4 -3 -4 -2 -1 8 -6 -7 -5
right_child=1 2 3 9 7 6 -8 -9 -10 -11
leaf_value=0.013774085646316509 -0.0073541283755918039 0.00020098810587874266 0 -0.0037415692730285487 0 -0.012198332683303871 0.0081081345220949952 0.012826024422143584 0 -0.026617701055253851
leaf_weight=12.105211000423877 15.869815786369143 15.945096700219436 11.163790438789873 10.007234064047227 11.168788764218336 12.808927132282408 17.151270434493199 17.170737344538793 10.006949089001862 14.408927283715455
leaf_count=382 296 270 261 199 248 222 479 294 213 409
internal_value=-0.00100539 -0.00411988 -0.0092874 -0.0145206 0.00105111 0.00372517 0 0.0076068 -0.0064416 -0.0205008
internal_weight=147.807 95.7344 51.525 35.58 44.2093 52.0724 39.9671 28.3395 22.8159 24.4162
internal_count=3273 1977 1139 869 838 1296 914 542 435 608
is_linear=0
shrinkage=0.05


Tree=483
num_leaves=10
num_cat=0
split_feature=301 221 110 69 13 103 104 68 56
split_gain=0.989801 1.04399 2.25715 1.30415 1.17957 0.993599 0.801426 0.529603 0.461452
threshold=-0.059784504831663227 12.620490809901993 49.500000000000007 0.011068953435780184 -0.012261390965275629 0.16175160448282003 -0.054108370075913334 0.5784753497253684 0.57205992265294303
decision_type=2 2 2 2 2 2 2 2 2
left_child=1 2 4 -4 -1 -2 -3 -8 -6
right_child=5 6 3 -5 8 -7 7 -9 -10
leaf_value=0 -0.0022596308914694992 -0.0051619729180102519 0.012358425334916706 -0.007199681707986353 -0.024937878140945925 0.012481596391320434 0 0.013040795172977435 -0.0050252847407492229
leaf_weight=13.586596387438474 12.436176406685265 16.0762062901631 15.270541741745548 10.347190099069847 18.243795377085917 19.479069461463951 12.410975769744256 14.193732085870577 14.359141673892735
leaf_count=200 387 352 227 127 398 831 269 225 257
internal_value=-0.00127661 -0.00371462 -0.00742701 0.00278497 -0.0139317 0.00560485 0.0015142 0.00735156 -0.0187347
internal_weight=146.403 114.488 71.8073 25.6177 46.1895 31.9152 42.6809 26.6047 32.6029
internal_count=3273 2055 1209 354 855 1218 846 494 655
is_linear=0
shrinkage=0.05


Tree=484
num_leaves=1
num_cat=0
split_feature=
split_gain=
threshold=
decision_type=
left_child=
right_child=
leaf_value=0
leaf_weight=
leaf_count=3273
internal_value=
internal_weight=
internal_count=
is_linear=0
shrinkage=1


Tree=485
num_leaves=11
num_cat=0
split_feature=20 167 130 74 105 125 26 264 260 264
split_gain=0.922177 1.58345 1.58264 1.01199 1.0082 1.30621 0.889997 0.943762 0.739034 0.419786
threshold=0.14983138919396013 -0.22303275382657731 -7.4999999999999991 -0.0061735616476093986 0.16603062442656957 -1.0000000180025095e-35 0.18069685463389409 53.500000000000007 0.55454545454545456 66.500000000000014
decision_type=2 2 2 2 2 2 2 2 2 2
left_child=4 2 3 -2 5 -1 7 -4 -3 -7
right_child=1 8 6 -5 -6 9 -8 -9 -10 -11
leaf_value=0.018690747551523015 -0.0024918123288228617 -0.0019364822628464601 -0.0045947283458061504 -0.028290869640351754 -0.0052828615944157968 0.0064703540742010335 -0.011624374127821035 0.010071733443708054 0.011422910749464948 -0.0056112988132065653
leaf_weight=14.633427663356992 12.894160417141395 10.044697808101775 15.837174021173267 10.969731075223534 12.795026857755145 11.271373229450552 13.007143164868465 17.753961075504776 16.271938171819784 11.354898716905153
leaf_count=247 248 269 427 151 270 298 263 476 330 294
internal_value=-0.000971788 -0.00404431 -0.00814593 -0.0180473 0.00391916 0.00847928 -0.00128223 0.00198072 0.00494193 0
internal_weight=146.834 96.7788 70.4622 23.8639 50.0547 37.2597 46.5983 33.5911 26.3166 22.6263
internal_count=3273 2164 1565 399 1109 839 1166 903 599 592
is_linear=0
shrinkage=0.05


Tree=486
num_leaves=11
num_cat=0
split_feature=297 372 167 260 28 104 167 28 246 388
split_gain=0.961319 0.985752 1.18218 1.51658 1.34717 0.883355 0.952373 0.768205 0.33827 0.286222
threshold=-0.45490237724266175 1.0000000180025095e-35 -0.75374150841626986 0.35454545454545461 0.040837039087355156 -0.057278444271563235 -0.43491172161185115 0.025789912814689033 0.37640449438202256 -1.0000000180025095e-35
decision_type=2 2 2 2 2 2 2 2 2 2
left_child=1 2 8 -4 -5 -3 -7 -2 -1 -9
right_child=7 5 3 4 -6 6 -8 9 -10 -11
leaf_value=-0.0036211145806560926 -0.0031585941621150742 -0.0056905122456504375 9.1294688141814334e-05 0 -0.023656864684259735 0.0152646573140695 -5.4885593067401931e-06 0 0.006853875442682446 0.014110910177372107
leaf_weight=10.218288372736426 10.027913887985049 16.443022953346372 11.293323561083524 12.155072592198847 22.368987453053705 14.264760104357267 10.488021694589404 12.529539672075769 11.312782298540695 14.398130756337197
leaf_count=154 221 308 260 273 419 246 169 398 151 674
internal_value=-0.00126227 -0.00388288 -0.00761834 -0.0120074 -0.0169885 0.00119527 0.00769172 0.00489707 9.50184e-06 0.00958361
internal_weight=145.5 108.544 67.3485 45.8174 34.5241 41.1958 24.7528 36.9556 21.5311 26.9277
internal_count=3273 1980 1257 952 692 723 415 1293 305 1072
is_linear=0
shrinkage=0.05


Tree=487
num_leaves=1
num_cat=0
split_feature=
split_gain=
threshold=
decision_type=
left_child=
right_child=
leaf_value=0
leaf_weight=
leaf_count=3273
internal_value=
internal_weight=
internal_count=
is_linear=0
shrinkage=1


Tree=488
num_leaves=11
num_cat=0
split_feature=266 162 399 167 41 37 260 68 63 56
split_gain=0.886107 0.984377 2.20137 1.32802 2.05488 2.54262 1.25063 1.09362 0.532638 0.00386793
threshold=-0.30095888049134467 1.8613191136163278 -0.27365535881282571 -0.48883651996391814 0.0084393374002944641 0.021010317776942764 0.4272727272727273 0.45950654307285338 0.23718047803907308 0.47700126045063668
decision_type=2 2 2 2 2 2 2 2 2 2
left_child=-1 3 -3 4 7 -6 -5 -2 -8 -4
right_child=1 2 9 6 5 -7 8 -9 -10 -11
leaf_value=0.010142961081314196 -0.0035651168550335818 0.0023459069904880978 -0.025013482799969896 -0.0029926608296986616 0.0020977526224442086 -0.022638366924187255 0.016657108898369796 0.01438770322612181 0 -0.005117745237847319
leaf_weight=11.514496915042399 10.061097680358218 15.347912347991949 10.42931164999027 13.988739979104137 11.684233297361059 20.860611497191712 19.420935601228852 12.332300994079558 10.277638891478999 10.019799452042205
leaf_count=546 215 249 213 340 256 418 400 211 167 258
internal_value=-0.000997822 -0.00251656 -0.00926626 0 -0.00492471 -0.0129234 0.00640431 0.00488443 0.0122281 -0.0192991
internal_weight=145.937 134.423 35.797 98.6256 54.9382 32.5448 43.6873 22.3934 29.6986 20.4491
internal_count=3273 2727 720 2007 1100 674 907 426 567 471
is_linear=0
shrinkage=0.05


Tree=489
num_leaves=11
num_cat=0
split_feature=56 406 73 221 167 167 209 120 356 359
split_gain=0.975321 1.26113 1.6223 1.15289 1.24081 1.03458 1.05096 0.635293 0.521154 0.272034
threshold=0.48402604651051456 -0.013170167558130273 1.3017559648675376 12.390226327841456 -0.75374150841626986 -0.22643381033183779 3.7094609361452338 -0.0026394840032093465 0.71875000000000011 0.0015768647977908066
decision_type=2 2 2 2 2 2 2 2 2 2
left_child=1 -1 3 4 -3 6 7 -2 -7 -5
right_child=5 2 -4 9 -6 8 -8 -9 -10 -11
leaf_value=0.0072080981416495736 0.0077863731254179634 -0.00064737842153633806 0.0055769753543373811 0.0021688641481692797 -0.025717100060254044 -0.010616638450845772 0.015320563461634989 -0.0057058539956559408 7.3099681223681901e-05 -0.0067579114134001849
leaf_weight=10.00916346895974 13.200576510862449 12.220348617527632 10.203042747220023 10.679207057924943 18.704560966696594 13.530423448304647 18.58831925096456 15.614596856990827 11.114375007920897 10.620625054812988
leaf_count=212 334 245 190 337 375 319 365 418 238 240
internal_value=-0.00126653 -0.00547485 -0.0085098 -0.0123208 -0.0182176 0.00234797 0.00695739 0 -0.00450232 -0.000509412
internal_weight=144.485 72.4369 62.4278 52.2247 30.9249 72.0483 47.4035 28.8152 24.6448 21.2998
internal_count=3273 1599 1387 1197 620 1674 1117 752 557 577
is_linear=0
shrinkage=0.05


Tree=490
num_leaves=1
num_cat=0
split_feature=
split_gain=
threshold=
decision_type=
left_child=
right_child=
leaf_value=0
leaf_weight=
leaf_count=3273
internal_value=
internal_weight=
internal_count=
is_linear=0
shrinkage=1


Tree=491
num_leaves=8
num_cat=0
split_feature=20 138 165 20 260 165 266
split_gain=0.918799 1.61489 1.49842 0.921356 1.39157 0.915326 1.13825
threshold=0.14983138919396013 -0.028104763643369664 -0.00099425805483548016 0.33474878233223054 0.59090909090909094 -0.001629250190089385 -0.15126541039670646
decision_type=2 2 2 2 2 2 2
left_child=5 -2 -3 4 -4 6 -1
right_child=1 2 3 -5 -6 -7 -8
leaf_value=0.0050462182728333816 -0.016475523112469245 -0.01170779423386095 -0.00062715278966019104 -0.0041418364577800633 0.015187165853396715 0.011647070821067043 -0.013131741238719699
leaf_weight=19.429029330145571 17.94054465694353 19.376594352535903 17.247414811165072 17.536768280202523 23.454197740647942 19.730161916115321 10.208516011363825
leaf_count=268 374 360 522 318 590 512 329
internal_value=-0.00100397 -0.00408887 -9.892e-05 0.00333134 0.00775866 0.00390452 -0.000314639
internal_weight=144.923 95.5555 77.615 58.2384 40.7016 49.3677 29.6375
internal_count=3273 2164 1790 1430 1112 1109 597
is_linear=0
shrinkage=0.05


Tree=492
num_leaves=10
num_cat=0
split_feature=126 364 20 268 21 83 112 86 381
split_gain=0.983742 2.03656 2.11062 0.897497 1.15199 0.905646 0.872868 0.597315 0.464163
threshold=-0.0039213191313864906 0.55349531259034057 0.29640901351390941 -0.68595707916167925 0.11284330167938635 -0.38785572310082622 51.500000000000007 -856674.02492549887 26.370973300626421
decision_type=2 2 2 2 2 2 2 2 2
left_child=1 2 7 -2 -5 8 -7 -1 -6
right_child=3 -3 -4 4 5 6 -8 -9 -10
leaf_value=-0.022955416585388876 -0.008172590141596877 0.0054702876356263093 0.0032258192382734288 -0.0061790443654075522 -0.006917579134682654 0.017605061314314618 0 -0.0013180496374669353 0.0059186077599286272
leaf_weight=22.485680563841012 12.154171510366721 18.58520945510827 10.298158281482754 12.536150413798167 10.152960841194728 23.681590621359646 11.535418767016379 10.092319449177014 12.158452395931816
leaf_count=443 499 349 195 239 130 655 227 250 286
internal_value=-0.00122784 -0.00607055 -0.0121936 0.00189179 0.00458587 0.00794772 0.0126209 -0.0183341 0
internal_weight=143.68 61.4614 42.8762 82.2187 70.0646 57.5284 35.217 32.578 22.3114
internal_count=3273 1237 888 2036 1537 1298 882 693 416
is_linear=0
shrinkage=0.05


Tree=493
num_leaves=1
num_cat=0
split_feature=
split_gain=
threshold=
decision_type=
left_child=
right_child=
leaf_value=0
leaf_weight=
leaf_count=3273
internal_value=
internal_weight=
internal_count=
is_linear=0
shrinkage=1


Tree=494
num_leaves=11
num_cat=0
split_feature=290 167 412 355 167 223 246 141 394 224
split_gain=0.903574 1.21445 1.28037 1.30577 1.18525 1.12356 0.803924 0.94823 0.844059 0.73317
threshold=0.51263233513337525 -0.39150910727876292 -1.0000000180025095e-35 0.02735567085710703 -0.176482681822793 -2.012008694359952 0.35393258426966295 1.0000000180025095e-35 -0.0068502932861132506 1.9094647973213748
decision_type=2 2 2 2 2 2 2 2 2 2
left_child=1 2 6 -4 5 -2 7 -1 -8 -3
right_child=4 9 3 -5 -6 -7 8 -9 -10 -11
leaf_value=0.01455871479329913 0 0.016706774730264013 0 -0.02183857865935921 0.0021066505023113967 -0.021298606750953759 -0.012685551574798969 0 0.0019053666132428722 0
leaf_weight=16.528692643390968 10.087234923383221 13.702806409448387 11.067724431632088 10.912936206441371 11.17341581743676 14.735914032848086 11.956507991068067 13.135738965589555 15.310348489088936 15.511009849840773
leaf_count=329 404 352 263 162 185 579 145 257 250 347
internal_value=-0.00105106 0.000874806 -0.0018883 -0.0116165 -0.00774039 -0.013719 0.00142688 0.0073584 -0.00346397 0.00937137
internal_weight=144.122 108.126 78.9119 21.9807 35.9966 24.8231 56.9313 29.6644 27.2669 29.2138
internal_count=3273 2105 1406 425 1168 983 981 586 395 699
is_linear=0
shrinkage=0.05


Tree=495
num_leaves=11
num_cat=0
split_feature=56 78 78 167 209 399 65 55 399 260
split_gain=0.913206 1.08584 1.07401 0.970653 0.966697 0.751611 0.728299 0.612259 0.165746 0.15811
threshold=0.48402604651051456 1.1849250522082804 1.6366222408171189 -0.22643381033183779 3.9327345980355561 -0.066828341911728081 -0.040293844342200173 0.035611206816455028 -0.15668244778573129 0.51818181818181819
decision_type=2 2 2 2 2 2 2 2 2 2
left_child=1 6 -3 4 5 8 -1 -5 -2 -8
right_child=3 2 -4 7 -6 -7 9 -9 -10 -11
leaf_value=0 0 0.011757875078555476 -0.0053252843607351236 -0.011857811799113174 0.016218294073831737 -0.0079155014562872321 -0.0021759114479467422 0.00021011298180429982 0.010407932786740244 -0.019374371082746648
leaf_weight=14.929433350800535 10.895122665795499 12.070663236896509 18.397072750842199 11.584277218440549 14.870648284791967 10.788021797896365 10.464817110914739 12.885859264060853 10.196403028676285 15.624560783384366
leaf_count=482 335 279 280 294 285 335 224 263 162 334
internal_value=-0.00124074 -0.00534676 0.000396008 0.00225649 0.00677539 0 -0.0104845 -0.00435381 0.00649127 -0.0151305
internal_weight=142.707 71.4865 30.4677 71.2203 46.7502 31.8795 41.0188 24.4701 21.0915 26.0894
internal_count=3273 1599 559 1674 1117 832 1040 557 497 558
is_linear=0
shrinkage=0.05


Tree=496
num_leaves=1
num_cat=0
split_feature=
split_gain=
threshold=
decision_type=
left_child=
right_child=
leaf_value=0
leaf_weight=
leaf_count=3273
internal_value=
internal_weight=
internal_count=
is_linear=0
shrinkage=1


Tree=497
num_leaves=10
num_cat=0
split_feature=268 386 28 385 244 167 9 25 207
split_gain=0.873443 1.40022 1.22579 1.26628 1.50802 0.880017 1.17887 0.786654 0.078893
threshold=-0.56886167595185266 -0.17905369552242092 0.028086077305995171 3.5000000000000004 0.35454545454545461 -0.39269027934515638 0.00087594067708884904 0.054517063088107005 2.6247622097745293
decision_type=2 2 2 2 2 2 2 2 2
left_child=5 -2 -3 4 -4 6 7 8 -1
right_child=1 2 3 -5 -6 -7 -8 -9 -10
leaf_value=0.0016638732248804291 0.0086159061383822896 0.0015850593837006142 0 0.00039324724356218653 -0.019285590774399442 0.013276560649741071 -0.01139614871594139 0.014407787684322472 -0.0033907137340707483
leaf_weight=10.155161055037757 11.392385291168464 18.080923414090648 10.156306286575271 10.71991803019773 34.988671944942325 12.844695900334044 13.461706481873987 10.372354683466254 10.987443297170101
leaf_count=374 206 323 254 229 896 473 207 172 139
internal_value=-0.00105033 -0.0044534 -0.00737414 -0.0110562 -0.0146686 0.0031221 0 0.00484217 0
internal_weight=143.16 85.3382 73.9458 55.8649 45.145 57.8214 44.9767 31.515 21.1426
internal_count=3273 1908 1702 1379 1150 1365 892 685 513
is_linear=0
shrinkage=0.05


Tree=498
num_leaves=10
num_cat=0
split_feature=301 74 383 26 11 103 63 71 72
split_gain=0.905463 1.00131 1.87978 1.65156 1.46983 0.917012 0.780743 0.760722 0.340766
threshold=-0.059784504831663227 -0.24735820512710269 3.5000000000000004 -0.11843823480684905 0.0010246538758453829 0.16175160448282003 0.31653009059428644 0.94854935939766005 0.0077106601967443953
decision_type=2 2 2 2 2 2 2 2 2
left_child=1 7 6 -4 -5 -2 8 -1 -3
right_child=5 2 3 4 -6 -7 -8 -9 -10
leaf_value=-0.0036157151954206504 -0.0021706542226719696 0 0 -0.027741973829038737 0 0.012101146949553519 0.010593620247466797 0.0091070782878272076 -0.0082709404014734891
leaf_weight=15.929932530620134 12.042123196180912 11.402142407954672 10.314238999970256 18.264686255948622 10.05612514738459 18.778299913508818 11.073610043851657 19.136391128296964 14.89787812612485
leaf_count=459 387 218 208 284 148 831 145 298 295
internal_value=-0.00130022 -0.00367553 -0.00699213 -0.0143404 -0.0201295 0.00534858 0 0.00218441 -0.00356533
internal_weight=141.895 111.075 76.0087 38.6351 28.3208 30.8204 37.3736 35.0663 26.3
internal_count=3273 2055 1298 640 432 1218 658 757 513
is_linear=0
shrinkage=0.05


Tree=499
num_leaves=1
num_cat=0
split_feature=
split_gain=
threshold=
decision_type=
left_child=
right_child=
leaf_value=0
leaf_weight=
leaf_count=3273
internal_value=
internal_weight=
internal_count=
is_linear=0
shrinkage=1


Tree=500
num_leaves=8
num_cat=0
split_feature=309 21 20 392 120 231 72
split_gain=0.85 0.923318 1.46837 1.67941 1.82125 0.508397 0.431195
threshold=0.030355514383049783 0.10313204235919503 0.14983138919396013 10.500000000000002 -0.036362213625491517 79.500000000000014 0.0074313295498858031
decision_type=2 2 2 2 2 2 2
left_child=-1 -2 5 4 -4 6 -3
right_child=1 2 3 -5 -6 -7 -8
leaf_value=0.0074699111485547658 0.0057300170441886194 0.012153750366542369 0.00099400399115593752 0.0041119016796705597 -0.018082303832543164 -0.0034906623586918421 0
leaf_weight=19.175360883818939 18.366851303377189 11.865385569282809 10.348301621968856 11.071179914404636 42.049955115478951 16.241562843206339 13.223484752117654
leaf_count=890 346 174 191 197 845 311 319
internal_value=-0.00100018 -0.00286142 -0.00494851 -0.00968083 -0.0135625 0.00135417 0.00630843
internal_weight=142.342 123.167 104.8 63.4694 52.3983 41.3304 25.0889
internal_count=3273 2383 2037 1233 1036 804 493
is_linear=0
shrinkage=0.05


Tree=501
num_leaves=10
num_cat=0
split_feature=126 397 16 141 81 10 68 63 303
split_gain=0.926571 2.01082 1.18216 1.04769 0.886013 0.858806 0.852377 0.959755 0.632129
threshold=-0.0039213191313864906 -0.0014459939329926439 0.00012164480427169157 1.0000000180025095e-35 0.81490925767172684 0.024578838346696791 0.68481832723403324 0.19226699175239617 -0.091666666666666258
decision_type=2 2 2 2 2 2 2 2 2
left_child=1 -1 -3 6 -5 -4 7 8 -2
right_child=3 2 5 4 -6 -7 -8 -9 -10
leaf_value=-0.017905477687292864 -0.018383992237753589 -0.009135646767711161 0.015784294802985047 0.018724022654969114 0 0 0.0067936457743903549 0.0016278152697780186 0
leaf_weight=19.971531830029562 12.595956343691796 15.686484782374462 11.220019471948037 11.239177772542464 10.532094322261399 13.561802353244273 15.830992407747543 16.492150181089528 14.005045146914199
leaf_count=409 385 340 181 273 272 307 463 297 346
internal_value=-0.00134381 -0.00607043 0 0.00168965 0.0105881 0.00708817 -0.00114438 -0.00539768 -0.011166
internal_weight=141.135 60.4398 40.4683 80.6954 21.7713 24.7818 58.9241 43.0932 26.601
internal_count=3273 1237 828 2036 545 488 1491 1028 731
is_linear=0
shrinkage=0.05


Tree=502
num_leaves=1
num_cat=0
split_feature=
split_gain=
threshold=
decision_type=
left_child=
right_child=
leaf_value=0
leaf_weight=
leaf_count=3273
internal_value=
internal_weight=
internal_count=
is_linear=0
shrinkage=1


Tree=503
num_leaves=8
num_cat=0
split_feature=11 264 69 190 349 20 290
split_gain=0.836445 2.40876 2.07255 0.862152 0.943774 1.74129 0.501931
threshold=-0.0013432937250913433 86.500000000000014 -0.0042702013475588432 0.23980281484746879 -10.499999999999998 0.3232544698225272 0.51263233513337525
decision_type=2 2 2 2 2 2 2
left_child=1 2 -1 4 -2 6 -6
right_child=3 -3 -4 -5 5 -7 -8
leaf_value=0 -0.0046299196071709365 0.0079936231168776014 -0.025938494792693209 -0.0092424566135720955 0.014243794440737617 -0.0043201007434741766 0
leaf_weight=14.245997986174189 19.030592775670812 12.546772592293562 15.280968088074587 11.825147692114113 36.97642295062542 18.907579241553321 12.786443236167541
leaf_count=291 470 284 335 183 950 377 383
internal_value=-0.000962132 -0.0068089 -0.0147932 0.00114876 0.00336048 0.0063736 0.011399
internal_weight=141.6 42.0737 29.527 99.5262 87.701 68.6704 49.7629
internal_count=3273 910 626 2363 2180 1710 1333
is_linear=0
shrinkage=0.05


Tree=504
num_leaves=9
num_cat=0
split_feature=209 25 104 268 208 141 206 381
split_gain=0.895599 0.934004 1.00678 0.922397 0.805944 0.585802 0.498261 0.396721
threshold=3.7030875607065936 0.055007037362365341 -0.096214894250032573 -0.55155053276877242 1.4354225328516568 1.0000000180025095e-35 0.008080085038583578 34.42667532536602
decision_type=2 2 2 2 2 2 2 2
left_child=4 2 -2 -3 7 -6 -4 -1
right_child=1 3 6 -5 5 -7 -8 -9
leaf_value=0.0051363741366852664 -0.0026859612992275756 -0.013570626719531362 0.015859217966344281 0.0025518542147130487 -0.015075923617785526 0 6.0414538828148679e-05 -0.0049107452749697538
leaf_weight=17.441917452029884 11.783004321740007 11.975162044866012 20.045820950297639 10.771407498512415 21.717210912378505 15.668466385337522 15.088343428564256 15.76383841014467
leaf_count=599 247 202 345 274 579 365 255 407
internal_value=-0.00131168 0.00218534 0.00654835 -0.00458623 -0.00539058 -0.0101411 0.0109241 0
internal_weight=140.255 69.6637 46.9172 22.7466 70.5914 37.3857 35.1342 33.2058
internal_count=3273 1323 847 476 1950 944 600 1006
is_linear=0
shrinkage=0.05


Tree=505
num_leaves=1
num_cat=0
split_feature=
split_gain=
threshold=
decision_type=
left_child=
right_child=
leaf_value=0
leaf_weight=
leaf_count=3273
internal_value=
internal_weight=
internal_count=
is_linear=0
shrinkage=1


Tree=506
num_leaves=9
num_cat=0
split_feature=165 83 381 167 266 307 306 262
split_gain=0.826331 1.43797 1.02887 0.99267 0.855769 0.620512 0.491921 0.446743
threshold=-0.001629250190089385 0.36074412908804471 23.637074020770758 -0.19090903138135051 0.14468349846072764 0.12807579438080574 1.0000000180025095e-35 0.38764044943820231
decision_type=2 2 2 2 2 2 2 2
left_child=2 4 -1 -3 6 -4 -2 -8
right_child=1 3 5 -5 -6 -7 7 -9
leaf_value=0.00096136980543839307 0.016915392816823582 -0.01390266335626196 0 0.00096341222097764956 -0.0014539658708538317 -0.018643946611004002 0 0.0090843877169701059
leaf_weight=15.4051849944517 14.791773373028262 17.880014928523455 12.936815960798414 11.727421951130962 18.446996462182142 14.792588896001687 19.442912786267698 15.29161060368642
leaf_count=313 622 404 172 244 569 404 286 259
internal_value=-0.00100365 0.00114733 -0.00671165 -0.00693398 0.00551614 -0.0122792 0.00899896 0.00322588
internal_weight=140.715 97.5807 43.1346 29.6074 67.9733 27.7294 49.5263 34.7345
internal_count=3273 2384 889 648 1736 576 1167 545
is_linear=0
shrinkage=0.05


Tree=507
num_leaves=9
num_cat=0
split_feature=126 72 268 21 20 390 364 64
split_gain=0.929096 2.25954 0.815696 0.993438 1.29338 1.15661 0.792513 0.624599
threshold=-0.0070948007468681342 0.008206249443002708 -0.68595707916167925 0.11492287019402322 0.1461926720228949 -0.025096344690349711 0.53787589952320447 0.45319750210717974
decision_type=2 2 2 2 2 2 2 2
left_child=1 6 -2 -4 7 -6 -1 -5
right_child=2 -3 3 4 5 -7 -8 -9
leaf_value=-0.0049600881447893147 -0.0080316299567209561 -0.018736364067179632 -0.0059631387995098357 -0.0097640811833660645 0 0.017854997516032482 0.0091803772783482455 0.0041034637816048259
leaf_weight=16.472955036908392 13.047497203107921 19.897685990436003 13.045179020962676 10.00192093360238 10.221883564139711 25.891668541007679 14.93677097908221 16.118760448414832
leaf_count=418 558 372 261 204 235 605 244 376
internal_value=-0.00130999 -0.00664625 0.00135876 0.00387048 0.00687765 0.0127106 0.000525397 0
internal_weight=139.634 51.3074 88.3269 75.2794 62.2342 36.1136 31.4097 26.1207
internal_count=3273 1034 2239 1681 1420 840 662 580
is_linear=0
shrinkage=0.05


Tree=508
num_leaves=1
num_cat=0
split_feature=
split_gain=
threshold=
decision_type=
left_child=
right_child=
leaf_value=0
leaf_weight=
leaf_count=3273
internal_value=
internal_weight=
internal_count=
is_linear=0
shrinkage=1


Tree=509
num_leaves=8
num_cat=0
split_feature=73 385 386 71 37 20 65
split_gain=0.814828 2.69234 1.70158 1.63581 1.61693 1.54901 0.960066
threshold=0.92334437631042121 3.5000000000000004 -0.10873200737906429 1.3592657454084949 0.016225157251658563 0.20498870664271321 -0.075829783830309125
decision_type=2 2 2 2 2 2 2
left_child=2 3 -1 4 -2 -4 -6
right_child=1 -3 5 -5 6 -7 -8
leaf_value=-0.0073230376513511277 0 0.010469190005658043 0.018021855960480844 0.0036054780624551318 0 0 -0.021452539865850877
leaf_weight=17.305654802592471 11.9652344310889 18.502740081981756 20.508743442827836 12.848076862050219 11.353925237897782 15.213264091406016 32.388346088700928
leaf_count=434 293 371 514 254 321 432 654
internal_value=-0.00101285 -0.00419659 0.00326647 -0.00912653 -0.0129488 0.00985775 -0.0172359
internal_weight=140.086 87.0583 53.0277 68.5556 55.7075 35.722 43.7423
internal_count=3273 1893 1380 1522 1268 946 975
is_linear=0
shrinkage=0.05


Tree=510
num_leaves=10
num_cat=0
split_feature=126 163 110 141 68 113 82 264 119
split_gain=0.918618 1.94255 1.05685 0.958465 0.820819 0.94 0.777169 0.770412 0.622861
threshold=-0.0039213191313864906 -0.0014459939329926439 41.500000000000007 1.0000000180025095e-35 0.68481832723403324 46.500000000000007 0.77421956622538113 66.500000000000014 -0.0043616286145252399
decision_type=2 2 2 2 2 2 2 2 2
left_child=1 -1 -3 4 5 -2 -5 -7 -4
right_child=3 2 8 6 -6 7 -8 -9 -10
leaf_value=-0.017784376662315939 0.00098532289794365136 -0.0079174637477767828 0 0.018403763042410298 0.0068210476063362245 0 0 -0.020486588491231222 0.014244013466969692
leaf_weight=19.679191233008169 18.653210165444762 17.529401228530332 10.970260612433778 10.334950354183094 15.650677050231023 13.595022232038902 10.938222812488673 10.101946020731701 11.354331975802777
leaf_count=409 462 433 196 274 463 365 271 201 199
internal_value=-0.00134669 -0.00608666 0 0.00169735 -0.000988368 -0.00523721 0.0102969 -0.0115685 0.00731534
internal_weight=138.807 59.5332 39.854 79.274 58.0009 42.3502 21.2732 23.697 22.3246
internal_count=3273 1237 828 2036 1491 1028 545 566 395
is_linear=0
shrinkage=0.05


Tree=511
num_leaves=1
num_cat=0
split_feature=
split_gain=
threshold=
decision_type=
left_child=
right_child=
leaf_value=0
leaf_weight=
leaf_count=3273
internal_value=
internal_weight=
internal_count=
is_linear=0
shrinkage=1


Tree=512
num_leaves=9
num_cat=0
split_feature=112 9 104 104 290 56 55 265
split_gain=0.819669 1.6333 1.50074 1.38285 1.35391 0.954345 0.901804 0.703267
threshold=51.500000000000007 0.00078474962909991241 0.1090541491101791 -0.066667986209635752 0.27964687686940465 0.51352549793108304 0.011214198030223612 0.11500330469266359
decision_type=2 2 2 2 2 2 2 2
left_child=1 2 4 -2 -1 -3 -6 -5
right_child=3 5 -4 7 6 -7 -8 -9
leaf_value=0.0043799101280352602 0.014070806547155857 -0.024145063671068993 0.012065141151389031 0.003204516093006992 -0.014897679400623849 0 0 -0.0099869829729778963
leaf_weight=19.540521228918806 17.533051496604457 10.662205490865746 16.030472342623398 16.39671644137707 24.883533061074559 10.718706907937301 10.0326533135958 13.464100596145725
leaf_count=542 368 199 292 413 718 219 222 300
internal_value=-0.000984429 -0.00397071 0 0.00370376 -0.00413336 -0.015127 -0.010186 -0.00159064
internal_weight=139.262 91.8681 70.4872 47.3939 54.4567 21.3809 34.9162 29.8608
internal_count=3273 2192 1774 1081 1482 418 940 713
is_linear=0
shrinkage=0.05


Tree=513
num_leaves=10
num_cat=0
split_feature=274 207 225 69 0 386 364 10 70
split_gain=0.883744 0.949252 0.682474 0.756393 1.24832 0.660116 0.63458 0.850176 0.512304
threshold=0.65133158060785401 1.2633847015110884 2.4481315138180908 -0.00017868615975497046 -0.0078636385838263528 0.023235282430235763 0.53687875219414039 -0.0086533905700453828 0.0062630149973219671
decision_type=2 2 2 2 2 2 2 2 2
left_child=1 6 3 5 -5 -3 7 -1 -2
right_child=8 2 -4 4 -6 -7 -8 -9 -10
leaf_value=0 0 0.0082291320164139675 0.0092100420390570457 0.0024448640949574565 -0.013857971680187859 -0.0045163063281024414 0 -0.021870614739490295 0.011674290387174484
leaf_weight=11.42411463544704 10.591779610840605 19.322058699792255 12.280761631904168 11.640000506071372 24.006423838087358 11.048139653401448 10.938646402675657 12.712878828169778 13.975649050087666
leaf_count=272 315 338 224 178 471 180 211 309 775
internal_value=-0.00134324 -0.00350644 0 -0.00243733 -0.00746412 0.00210504 -0.00999526 -0.0140939 0.00612093
internal_weight=137.94 113.373 78.2974 66.0166 35.6464 30.3702 35.0756 24.137 24.5674
internal_count=3273 2183 1391 1167 649 518 792 581 1090
is_linear=0
shrinkage=0.05


Tree=514
num_leaves=1
num_cat=0
split_feature=
split_gain=
threshold=
decision_type=
left_child=
right_child=
leaf_value=0
leaf_weight=
leaf_count=3273
internal_value=
internal_weight=
internal_count=
is_linear=0
shrinkage=1


Tree=515
num_leaves=11
num_cat=0
split_feature=305 68 35 265 165 20 364 392 31 105
split_gain=0.818344 0.979644 0.93414 1.13509 0.806114 0.7513 0.691532 0.880187 0.28682 0.261276
threshold=0.032808099129130609 0.57615078805327069 0.23293465805035105 0.093073593073593086 -0.0015049518337428857 0.18621843573091679 0.45544193008477324 5.5000000000000009 0.025997744998444133 0.0073380381082085817
decision_type=2 2 2 2 2 2 2 2 2 2
left_child=6 4 -3 -4 -2 -6 -1 9 -7 -8
right_child=1 2 3 -5 5 8 7 -9 -10 -11
leaf_value=0.012986897518415037 -0.0094865595001572267 0 -0.024404564355405192 0 0.011931951355265827 -0.0048154953700725554 0 0.0080448225145445112 0.0041846225306494461 -0.010582403501579171
leaf_weight=11.163620418286881 13.067559768795034 10.908285566198172 12.361135640530849 10.878097849548793 14.191209759446791 17.830208858707923 10.061822977615522 16.168200709857047 10.363963610026984 11.404368090908973
leaf_count=382 316 252 295 278 276 370 230 479 190 205
internal_value=-0.000997843 -0.00406035 -0.0103453 -0.0155088 0 0.00354167 0.00356957 0 0 -0.00626374
internal_weight=138.398 89.6005 34.1475 23.2392 55.4529 42.3854 48.798 37.6344 28.1942 21.4662
internal_count=3273 1977 825 573 1152 836 1296 914 560 435
is_linear=0
shrinkage=0.05


Tree=516
num_leaves=9
num_cat=0
split_feature=126 72 268 37 112 17 211 29
split_gain=0.874776 2.19365 0.758185 0.768923 0.949967 1.12197 0.75169 0.350933
threshold=-0.0070948007468681342 0.008206249443002708 -0.68595707916167925 0.018063710899972229 63.500000000000007 0.0016975379353318554 2.4678463307696821 0.042441000268321878
decision_type=2 2 2 2 2 2 2 2
left_child=1 6 -2 7 5 -5 -1 -4
right_child=2 -3 3 4 -6 -7 -8 -9
leaf_value=-0.0057181911833826399 -0.0078009617038722542 -0.018546572689137172 -0.0087904627683703263 0.016127373776420682 -0.0010966273745631851 0 0.0081597943804420075 0.00044276562506408395
leaf_weight=13.758849908481354 12.875102883437647 19.581439631758258 10.31223094451707 27.758626698283479 13.87414404330775 11.129603047622366 17.146676577744074 10.780564487911759
leaf_count=389 558 372 203 750 287 263 273 178
internal_value=-0.00133377 -0.00654825 0.00126188 0.0037352 0.00713723 0.0111366 0.000547475 -0.00252852
internal_weight=137.217 50.487 86.7303 73.8552 52.7624 38.8882 30.9055 21.0928
internal_count=3273 1034 2239 1681 1300 1013 662 381
is_linear=0
shrinkage=0.05


Tree=517
num_leaves=1
num_cat=0
split_feature=
split_gain=
threshold=
decision_type=
left_child=
right_child=
leaf_value=0
leaf_weight=
leaf_count=3273
internal_value=
internal_weight=
internal_count=
is_linear=0
shrinkage=1


Tree=518
num_leaves=10
num_cat=0
split_feature=11 399 64 165 83 25 209 354 64
split_gain=0.793071 1.59416 1.8612 0.910431 1.00069 0.747411 0.828644 0.50093 0.470621
threshold=-0.0013432937250913433 -0.27290215419155639 0.6370517039739928 -0.001629250190089385 0.16840983888756142 0.032490011543962617 3.7030875607065936 0.025075308584559339 0.54993275099233618
decision_type=2 2 2 2 2 2 2 2 2
left_child=1 -1 -3 8 7 6 -6 -5 -2
right_child=3 2 -4 4 5 -7 -8 -9 -10
leaf_value=0.0049743627489765713 -0.010816757267263589 0 -0.027254988237918734 0 0 0.0067808325064265809 -0.014824716997294216 0.014144468583548299 0
leaf_weight=12.148367024841717 14.947301090694966 17.969955301901795 10.838765101914758 10.113754164427517 10.591846288414674 13.527640796848571 11.473012629896401 23.076825105468743 12.985263665439559
leaf_count=205 315 442 263 238 289 366 173 674 308
internal_value=-0.00101356 -0.0067728 -0.0133003 0.00105433 0.00451544 -0.000120869 -0.00665217 0.0104667 -0.00546347
internal_weight=137.673 40.9571 28.8087 96.7156 68.7831 35.5925 22.0649 33.1906 27.9326
internal_count=3273 910 705 2363 1740 828 462 912 623
is_linear=0
shrinkage=0.05


Tree=519
num_leaves=10
num_cat=0
split_feature=297 83 68 167 41 163 270 167 163
split_gain=0.879185 0.951386 1.34056 0.987385 1.00496 0.93295 0.569172 0.432546 0.0247129
threshold=-0.45490237724266175 -0.20285468437017273 0.44133049420217774 -0.23017448253934378 0.0080523417703734692 -0.0061642666119228005 -0.86579726071135443 -0.4894306429280047 0.007658868663639005
decision_type=2 2 2 2 2 2 2 2 2
left_child=1 2 -1 4 -3 -4 -2 -6 -7
right_child=6 3 5 -5 7 8 -8 -9 -10
leaf_value=0.0016213825975465144 0 -0.0036264432084537773 0 -0.0081078094614300891 0.016213347045728695 -0.026385353835348749 0.0099634796351724918 0 -0.0056847283132699326
leaf_weight=12.515215112129225 14.883099388564004 11.675835789530536 13.547710405895485 18.422018657787703 13.970235425513236 10.345467639504934 19.581275967531838 11.271806637989359 10.267338603618553
leaf_count=238 290 316 210 380 230 176 1003 229 201
internal_value=-0.001358 -0.00394752 -0.00899013 0 0.00515372 -0.0140404 0.00467479 0.0109392 -0.020224
internal_weight=136.48 102.016 46.6757 55.3399 36.9179 34.1605 34.4644 25.242 20.6128
internal_count=3273 1980 825 1155 775 587 1293 459 377
is_linear=0
shrinkage=0.05


Tree=520
num_leaves=1
num_cat=0
split_feature=
split_gain=
threshold=
decision_type=
left_child=
right_child=
leaf_value=0
leaf_weight=
leaf_count=3273
internal_value=
internal_weight=
internal_count=
is_linear=0
shrinkage=1


Tree=521
num_leaves=9
num_cat=0
split_feature=381 73 385 264 64 386 260 264
split_gain=0.81316 0.953561 1.67152 1.49463 1.93927 1.4123 1.34318 0.347469
threshold=12.753815021768448 0.92334437631042121 3.5000000000000004 92.500000000000014 0.65114303180758093 -0.10873200737906429 0.64545454545454561 104.50000000000001
decision_type=2 2 2 2 2 2 2 2
left_child=-1 5 3 4 -3 -2 -7 -5
right_child=1 2 -4 7 -6 6 -8 -9
leaf_value=0.0093681893387980806 -0.0069983734445130579 -0.0053043889698001275 0.0061878352394108601 0.0064203042578906471 -0.03166408851743778 0 0.019651492573427489 -0.0046316559009725129
leaf_weight=12.03348440187983 16.889656184997875 30.143123227870092 15.152461026678791 10.302778199838942 11.077089886995962 16.420466406620111 12.984093461185692 11.932156041031702
leaf_count=379 434 689 301 264 231 464 279 232
internal_value=-0.000995564 -0.00258128 -0.00604074 -0.00986071 -0.0151863 0.0022887 0.00932013 0
internal_weight=136.935 124.902 78.6076 63.4551 41.2202 46.2942 29.4046 22.2349
internal_count=3273 2894 1717 1416 920 1177 743 496
is_linear=0
shrinkage=0.05


Tree=522
num_leaves=11
num_cat=0
split_feature=209 260 41 30 303 265 126 386 385 64
split_gain=0.86131 1.00386 1.4309 1.39297 0.911573 0.925939 0.578216 0.430681 0.283229 0.106398
threshold=3.7030875607065936 0.59090909090909094 0.010400570185281493 0.014619771811732867 -0.091666666666666258 0.083443489755452752 -0.0014707323615413823 -0.096002195311148827 2.5000000000000004 0.45702107713125956
decision_type=2 2 2 2 2 2 2 2 2 2
left_child=1 2 -1 -3 5 -2 -5 -7 9 -6
right_child=4 3 -4 6 8 7 -8 -9 -10 -11
leaf_value=-0.0087318629087667736 -0.011194666232278315 -0.019557722230870947 0.011932834371817627 -0.0082331776142588881 0.00053804867191258607 0.0094968823167847112 0.0054499035375723866 -0.0010180768025807344 0 0.015808524188955654
leaf_weight=12.451938680140303 15.45210460340604 18.161095377174206 13.917315090075133 11.809517976013014 10.008057377883238 10.953726683510466 11.87041070894338 10.33931626728736 10.344820180092936 10.448004894889889
leaf_count=356 280 487 469 237 205 122 401 199 180 337
internal_value=-0.00137779 -0.00544588 0.000577043 -0.0101414 0.00207844 -0.00220476 0 0.0028377 0.00840967 0.0114935
internal_weight=135.756 68.2103 26.3693 41.841 67.546 36.7451 23.6799 21.293 30.8009 20.4561
internal_count=3273 1950 825 1125 1323 601 638 321 722 542
is_linear=0
shrinkage=0.05


Tree=523
num_leaves=1
num_cat=0
split_feature=
split_gain=
threshold=
decision_type=
left_child=
right_child=
leaf_value=0
leaf_weight=
leaf_count=3273
internal_value=
internal_weight=
internal_count=
is_linear=0
shrinkage=1


Tree=524
num_leaves=11
num_cat=0
split_feature=305 103 28 381 68 213 221 71 62 86
split_gain=0.78818 1.09435 1.20796 1.1922 1.00066 0.812894 0.623269 0.521261 0.773353 0.102412
threshold=0.032808099129130609 0.19476549597327689 0.058189554168879547 15.548467852536136 0.57615078805327069 6.0221039767608975 9.4142396761205394 0.9598227620056442 0.43209082277902833 -921758.27995749924
decision_type=2 2 2 2 2 2 2 2 2 2
left_child=5 4 9 -4 6 7 -2 -1 -9 -3
right_child=1 2 3 -5 -6 -7 -8 8 -10 -11
leaf_value=0.0073287394774771159 0 -0.0027983484522853394 0 -0.022464063341569793 -0.0074250997259342564 0.012852446822350545 0.01270296851418925 -0.013571123154169 0.00052960594784520309 0.0034282670774358733
leaf_weight=10.430859158979727 10.170574823976496 10.002933582873085 10.238902101060377 17.141843490884639 14.002090622670947 13.146953701623714 16.604553194483742 10.63085584563669 13.715783443185499 10.120554250199346
leaf_count=418 206 262 226 439 334 349 298 215 314 212
internal_value=-0.00097958 -0.00401165 -0.00907996 -0.0153772 0.000968245 0.00353123 0.00734268 0 -0.00461239 0
internal_weight=136.206 88.2815 47.5042 27.3807 40.7772 47.9245 26.7751 34.7775 24.3466 20.1235
internal_count=3273 1977 1139 665 838 1296 504 947 529 474
is_linear=0
shrinkage=0.05


Tree=525
num_leaves=9
num_cat=0
split_feature=126 72 364 163 105 226 301 364
split_gain=0.85581 2.09201 0.74536 2.13233 0.863277 1.04427 0.840047 0.674146
threshold=-0.0070948007468681342 0.008148435350425887 0.453904972916575 -0.0056981012614493879 -0.05719638658554204 -0.4867657436756464 -0.17352893976385916 0.53787589952320447
decision_type=2 2 2 2 2 2 2 2
left_child=1 7 6 -4 -5 -6 -2 -1
right_child=2 -3 3 4 5 -7 -8 -9
leaf_value=-0.0044528074018026931 -0.011582646619963628 -0.018123667514224302 0.021894198366410572 -0.0088560941134246084 0.01367327320366302 -0.0019304159222615106 0.0024973880097396172 0.008783136384769314
leaf_weight=15.667291155201385 16.211534251808192 19.79390182485804 11.084595423191784 15.821106570074333 14.240583970677106 15.639745899825359 12.295264592044985 14.173080664593725
leaf_count=411 344 388 305 451 339 367 433 235
internal_value=-0.00136505 -0.00656222 0.00121324 0.00487475 0 0.00455448 -0.00426328 0.000539326
internal_weight=134.927 49.6343 85.2928 56.786 45.7014 29.8803 28.5068 29.8404
internal_count=3273 1034 2239 1462 1157 706 777 646
is_linear=0
shrinkage=0.05


Tree=526
num_leaves=1
num_cat=0
split_feature=
split_gain=
threshold=
decision_type=
left_child=
right_child=
leaf_value=0
leaf_weight=
leaf_count=3273
internal_value=
internal_weight=
internal_count=
is_linear=0
shrinkage=1


Tree=527
num_leaves=9
num_cat=0
split_feature=266 165 104 3 21 392 104 34
split_gain=0.765725 0.882592 1.1275 1.0308 1.18416 1.30795 0.416172 0.131753
threshold=-0.30095888049134467 -0.001629250190089385 0.11835554969829722 0.00029325766267862546 0.10313204235919503 6.5000000000000009 -0.049134252586831642 0.013764415563236217
decision_type=2 2 2 2 2 2 2 2
left_child=-1 2 7 6 -5 -6 -3 -2
right_child=1 3 -4 4 5 -7 -8 -9
leaf_value=0.0095608122915661811 -0.0024908815157660426 0.011659155165198908 0 0.0046490380232217434 -0.015776569343827183 0 0 -0.020056316220317356
leaf_weight=10.701995075680314 10.539484264969362 17.722218116628941 13.810781388427129 18.70398742845282 23.362812923791353 15.452670795843003 12.991871445090508 12.094020766962783
leaf_count=546 215 383 233 401 489 323 367 316
internal_value=-0.00100308 -0.00250481 -0.008732 0 -0.003637 -0.0088726 0.00725892 -0.0150762
internal_weight=135.38 124.678 36.4443 88.2336 57.5195 38.8155 30.7141 22.6335
internal_count=3273 2727 764 1963 1213 812 750 531
is_linear=0
shrinkage=0.05


Tree=528
num_leaves=10
num_cat=0
split_feature=274 126 397 130 141 373 240 246 209
split_gain=0.841057 1.07594 1.91379 1.02375 0.75909 0.67928 0.966791 0.643821 0.640783
threshold=0.65133158060785401 -0.0070948007468681342 -0.0014459939329926439 -14.499999999999998 1.0000000180025095e-35 -0.012230025869534976 1.7857142857142858 0.27528089887640456 3.7030875607065936
decision_type=2 2 2 2 2 2 2 2 2
left_child=1 2 -1 -4 5 6 -3 -2 -7
right_child=7 4 3 -5 -6 8 -8 -9 -10
leaf_value=-0.024130267123903926 0 0.010896448688958079 -0.0096240370049268317 0.0072024096839101992 0.0080914366978882147 -0.015514502091070474 -0.0056642818504137535 0.012851318799985377 0
leaf_weight=12.254714374314061 11.415856420178899 13.115445527248085 15.375270374352112 13.563167461194098 19.185124176088721 12.426454187138008 13.69981997134164 12.521188178332521 10.595640775747595
leaf_count=266 438 187 259 256 332 382 297 652 204
internal_value=-0.00137966 -0.00352883 -0.00963158 -0.000236379 0 -0.00290285 0.00104003 0.00595073 -0.00900725
internal_weight=134.153 110.216 41.1932 28.9384 69.0225 49.8374 26.8153 23.937 23.0221
internal_count=3273 2183 781 515 1402 1070 484 1090 586
is_linear=0
shrinkage=0.05


Tree=529
num_leaves=1
num_cat=0
split_feature=
split_gain=
threshold=
decision_type=
left_child=
right_child=
leaf_value=0
leaf_weight=
leaf_count=3273
internal_value=
internal_weight=
internal_count=
is_linear=0
shrinkage=1


Tree=530
num_leaves=10
num_cat=0
split_feature=290 348 165 20 83 394 372 34 119
split_gain=0.787776 1.41921 1.25355 0.929838 0.689009 0.687599 0.609463 0.608576 0.596604
threshold=0.51263233513337525 0.15673954468601628 -0.001629250190089385 0.32824571010282472 -0.56915156141959444 -0.014351166550820247 -0.0029159571433294835 0.032603724278822604 0.029164094666290268
decision_type=2 2 2 2 2 2 2 2 2
left_child=2 7 4 5 -1 -4 -6 -2 -7
right_child=1 -3 3 -5 6 8 -8 -9 -10
leaf_value=8.5635418140248205e-05 -0.00030605734206758881 0.0029233421133604363 0 -0.0045437559499766451 -0.017386099391285829 0.016180940406524152 0 -0.022239341962675178 0
leaf_weight=16.312543914653361 10.701614063524177 12.052096076426094 15.0646977473516 10.078749744687228 11.646016767248513 24.845043593086302 11.524845452513544 11.097724512335843 11.287292821682056
leaf_count=245 503 263 271 185 172 677 209 402 346
internal_value=-0.000994903 -0.00742753 0.00083661 0.00561345 -0.00527272 0.00867641 -0.010533 -0.0148277 0.0121733
internal_weight=134.611 33.8514 100.759 61.2758 39.4834 51.197 23.1709 21.7993 36.1323
internal_count=3273 1168 2105 1479 626 1294 381 905 1023
is_linear=0
shrinkage=0.05


Tree=531
num_leaves=10
num_cat=0
split_feature=56 34 221 167 209 191 399 55 66
split_gain=0.83943 0.970708 1.38019 0.819365 0.823036 0.586263 0.579256 0.536061 0.176291
threshold=0.48402604651051456 0.017845486297984464 12.390226327841456 -0.22643381033183779 3.9327345980355561 0.7452324044685501 -0.068780185297630789 0.035611206816455028 0.62149934297096177
decision_type=2 2 2 2 2 2 2 2 2
left_child=1 5 8 4 6 -1 -2 -5 -3
right_child=3 2 -4 7 -6 -7 -8 -9 -10
leaf_value=0.0064091924629367499 0.005837148126739646 -0.0037490580747980085 0 -0.011347961462006784 0.01527409717115274 -0.0054448062782951221 -0.007195321532753771 3.9265823399793665e-05 -0.024454486910311858
leaf_weight=17.170063413097523 19.731666200677864 10.019330540089873 10.388510875171049 10.768207011627966 14.008444173377937 18.490847124136053 10.011129460646773 12.017223797622135 10.697204817784948
leaf_count=343 495 246 369 294 285 460 337 263 181
internal_value=-0.0013613 -0.00542894 -0.011465 0.00205943 0.0063925 0 0 -0.00409733 -0.0182897
internal_weight=133.303 66.766 31.105 66.5367 43.7512 35.6609 29.7428 22.7854 20.7165
internal_count=3273 1599 796 1674 1117 803 832 557 427
is_linear=0
shrinkage=0.05


Tree=532
num_leaves=1
num_cat=0
split_feature=
split_gain=
threshold=
decision_type=
left_child=
right_child=
leaf_value=0
leaf_weight=
leaf_count=3273
internal_value=
internal_weight=
internal_count=
is_linear=0
shrinkage=1


Tree=533
num_leaves=10
num_cat=0
split_feature=272 120 74 242 381 242 64 165 383
split_gain=0.760983 1.20869 1.83586 1.25358 0.785076 0.667959 0.732737 0.62662 0.16243
threshold=-1.5688616759518526 -0.036362213625491517 -0.067455036455286929 1.9852941176470591 34.42667532536602 0.69117647058823539 0.48508975220401579 -0.0027763274413984372 2.5000000000000004
decision_type=2 2 2 2 2 2 2 2 2
left_child=5 -2 4 8 -3 7 -7 -1 -4
right_child=1 2 3 -5 -6 6 -8 -9 -10
leaf_value=-0.0088991988457873504 0.0067356226887922976 -0.007068676626856756 -0.0059586631837175354 0 0.0066183628677612301 0 0.016074586465717487 0.0043007232565505328 -0.029295083788204796
leaf_weight=14.086675544269385 13.140046583488582 16.311038990970701 10.00162895320682 10.037805013125764 19.779179224395193 16.240928610553969 12.255550133762879 11.508951946743762 10.409277330734765
leaf_count=157 278 468 274 251 405 494 391 323 232
internal_value=-0.00102276 -0.00433029 -0.0074309 -0.0158749 0 0.00294506 0.00818499 -0.00138688 -0.0222246
internal_weight=133.771 79.679 66.5389 30.4487 36.0902 54.0921 28.4965 25.5956 20.4109
internal_count=3273 1908 1630 757 873 1365 885 480 506
is_linear=0
shrinkage=0.05


Tree=534
num_leaves=10
num_cat=0
split_feature=73 221 399 221 399 264 165 397 399
split_gain=0.829349 1.46879 1.73428 0.934733 0.825988 0.832814 0.799148 0.367878 0.230228
threshold=1.2615622748416466 12.57481073219803 -0.13066241024354455 10.440222156908154 -0.11325034615391694 72.500000000000014 -0.0003543786839399796 0.012971448982182386 -0.026103219261140041
decision_type=2 2 2 2 2 2 2 2 2
left_child=1 2 7 8 5 -3 -2 -1 -4
right_child=6 4 3 -5 -6 -7 -8 -9 -10
leaf_value=-0.02285517745800885 0.014545844456922375 0.013445693211225244 0.0097894190466585145 -0.010417603904234518 -0.004264719157831276 0 0 -0.002779853746266478 0
leaf_weight=16.133431057445708 10.765202209120618 19.103237573057417 10.353377810679374 12.044379151659085 18.137397815706208 10.200436854152938 14.380029676947741 11.028887593653051 10.575435174861925
leaf_count=342 256 496 210 303 553 295 284 261 273
internal_value=-0.00135772 -0.0035696 -0.00876242 0 0.00215114 0.00769729 0.00570048 -0.0174488 0.00542454
internal_weight=132.722 107.577 60.1355 32.9732 47.4411 29.3037 25.1452 27.1623 20.9288
internal_count=3273 2733 1389 786 1344 791 540 603 483
is_linear=0
shrinkage=0.05


Tree=535
num_leaves=1
num_cat=0
split_feature=
split_gain=
threshold=
decision_type=
left_child=
right_child=
leaf_value=0
leaf_weight=
leaf_count=3273
internal_value=
internal_weight=
internal_count=
is_linear=0
shrinkage=1


Tree=536
num_leaves=9
num_cat=0
split_feature=309 66 381 71 63 163 20 11
split_gain=0.756926 1.22935 2.33131 0.66814 1.00576 0.834039 0.597031 0.302981
threshold=0.059671697710593836 0.59883477097175219 21.577765190406826 1.3438137412142941 0.39548369818089241 0.0083235521771361232 0.17777850214969435 0.00058925169572943148
decision_type=2 2 2 2 2 2 2 2
left_child=7 3 -3 4 5 -2 -4 -1
right_child=1 2 6 -5 -6 -7 -8 -9
leaf_value=0.011657864004570447 0.0057532239622726383 0.00085191320068439395 -0.0037002950695954975 0.009648925305088811 -0.012381607980965367 -0.0079793213195403691 -0.029347433036605721 0
leaf_weight=10.073746270267295 36.204152664286084 18.387065089656971 10.410643358249219 13.613166893948799 13.672831619333008 10.735704213962888 10.011677841423078 10.073061652947215
leaf_count=586 814 406 202 210 242 254 203 356
internal_value=-0.0010269 -0.00295989 -0.00988445 0.000256539 -0.00142248 0.00132056 -0.0205566 0.00663614
internal_weight=133.182 113.035 38.8094 74.2259 60.6127 46.9399 20.4223 20.1468
internal_count=3273 2331 811 1520 1310 1068 405 942
is_linear=0
shrinkage=0.05


Tree=537
num_leaves=10
num_cat=0
split_feature=126 354 375 373 83 146 72 167 258
split_gain=0.835865 1.859 0.771223 1.15185 1.54797 0.694348 0.456402 0.593627 0.295227
threshold=-0.0039213191313864906 0.075923075239772569 0.069263363824821469 -0.012230025869534976 -0.57619082251012632 0.0041612890236494273 0.008148435350425887 -0.41742531676537725 0.75000000000000011
decision_type=2 2 2 2 2 2 2 2 2
left_child=1 6 3 4 -2 -5 7 -1 -6
right_child=2 -3 -4 5 8 -7 -8 -9 -10
leaf_value=0.012215366295168398 -0.0063927164893451405 -0.017749805164371048 0.012512037685990277 -0.014768741421605747 0 0 -0.0051711585555817849 0 0.015846614379462037
leaf_weight=11.138859737315217 13.454021638608536 18.568347501917742 10.556484479806384 14.277787858387457 10.594132383819671 10.4253221321851 16.271667213877663 10.666229783091692 16.045144766336307
leaf_count=151 246 461 300 464 366 225 362 263 435
internal_value=-0.00136707 -0.00600071 0.00157444 0 0.00443325 -0.00856586 0 0.00502227 0.0116814
internal_weight=131.998 56.6451 75.3529 64.7964 40.0933 24.7031 38.0768 21.8051 26.6393
internal_count=3273 1237 2036 1736 1047 689 776 414 801
is_linear=0
shrinkage=0.05


Tree=538
num_leaves=1
num_cat=0
split_feature=
split_gain=
threshold=
decision_type=
left_child=
right_child=
leaf_value=0
leaf_weight=
leaf_count=3273
internal_value=
internal_weight=
internal_count=
is_linear=0
shrinkage=1


Tree=539
num_leaves=9
num_cat=0
split_feature=381 66 390 20 29 70 209 110
split_gain=0.741288 0.952014 1.62797 1.23749 0.984631 1.12365 0.656913 0.523964
threshold=12.753815021768448 0.59883477097175219 -0.025096344690349711 0.15155139776360985 -0.10427066318004795 0.0081495761445472114 3.124122109099349 42.500000000000007
decision_type=2 2 2 2 2 2 2 2
left_child=-1 4 -3 -4 -2 6 -6 -7
right_child=1 2 3 -5 5 7 -8 -9
leaf_value=0.0089251424857634872 0.011066969950027898 0.0010166789353803771 0 -0.024606877697234433 0 0.011336894845262855 -0.011266687231924954 0
leaf_weight=11.678562498535028 14.701550738536751 16.468364984670188 10.032458071538715 14.092451687494757 11.15993148786947 12.230667108204218 29.279663357534446 12.809052963508291
leaf_count=379 380 399 257 360 385 304 580 229
internal_value=-0.00102438 -0.00258344 -0.00857565 -0.0163552 4.90177e-05 -0.00207107 -0.00751803 0.00480586
internal_weight=132.453 120.774 40.5933 24.1249 80.1809 65.4793 40.4396 25.0397
internal_count=3273 2894 1016 617 1878 1498 965 533
is_linear=0
shrinkage=0.05


Tree=540
num_leaves=10
num_cat=0
split_feature=309 83 68 167 163 103 71 87 290
split_gain=0.822393 0.908699 1.26994 0.95254 0.858965 0.645439 0.564388 0.45511 0.0324452
threshold=0.37076789480244771 -0.20285468437017273 0.44133049420217774 -0.23017448253934378 -0.0061642666119228005 0.16114428137512021 0.9598227620056442 0.0059418764805982969 0.55153700961515439
decision_type=2 2 2 2 2 2 2 2 2
left_child=1 2 -1 6 -4 -2 -3 -8 -7
right_child=5 3 4 -5 -6 8 7 -9 -10
leaf_value=0.0014383837988612711 -0.0012172291138949024 -0.00095699458439065974 0 -0.008120085960276793 -0.019996261455454127 0.00034643234736528858 0.014039330250777941 0 0.013528383659545819
leaf_weight=12.016139206243677 12.860258919070473 10.394535369821822 13.035140904830767 17.687577252159826 19.854269691510126 10.062570330686869 15.03006634861231 10.143540298100559 10.157061060774138
leaf_count=238 402 352 210 381 377 218 240 186 669
internal_value=-0.0013855 -0.00394622 -0.00896136 0 -0.0139567 0.00452367 0.00513582 0.00926035 0.0100139
internal_weight=131.241 98.1613 44.9055 53.2557 32.8894 33.0799 35.5681 25.1736 20.2196
internal_count=3273 1984 825 1159 587 1289 778 426 887
is_linear=0
shrinkage=0.05


Tree=541
num_leaves=1
num_cat=0
split_feature=
split_gain=
threshold=
decision_type=
left_child=
right_child=
leaf_value=0
leaf_weight=
leaf_count=3273
internal_value=
internal_weight=
internal_count=
is_linear=0
shrinkage=1


Tree=542
num_leaves=9
num_cat=0
split_feature=305 103 191 117 68 213 221 110
split_gain=0.755715 1.01103 1.17777 0.963437 0.912329 0.748179 0.527347 0.484174
threshold=0.032808099129130609 0.19476549597327689 0.68827918098062268 -0.27102530793822027 0.57615078805327069 6.0031699977461814 9.4804616205659666 39.500000000000007
decision_type=2 2 2 2 2 2 2 2
left_child=5 4 -3 -4 6 7 -2 -1
right_child=1 2 3 -5 -6 -7 -8 -9
leaf_value=0.0052393637940587236 0 0 -0.0017505746710803469 -0.022900816315241237 -0.0072767091328048376 0.012449427948435281 0.012075877025356334 -0.0057909528635562051
leaf_weight=15.22004551172722 10.071907670469956 14.336019204638431 17.009133204759564 14.603454159805553 13.57244922837708 12.869740252615882 15.835325119434854 18.180076126358472
leaf_count=570 210 270 506 363 334 354 294 372
internal_value=-0.00101111 -0.00403233 -0.0089722 -0.0141036 0.000767522 0.00345805 0.00702928 0
internal_weight=131.698 85.4283 45.9486 31.6126 39.4797 46.2699 25.9072 33.4001
internal_count=3273 1977 1139 869 838 1296 504 942
is_linear=0
shrinkage=0.05


Tree=543
num_leaves=9
num_cat=0
split_feature=126 11 141 110 167 303 221 21
split_gain=0.827734 1.812 0.827971 0.733595 0.683429 0.615194 0.945577 0.536492
threshold=-0.0039213191313864906 -0.00054021190792985496 1.0000000180025095e-35 40.500000000000007 -0.51124686899091409 -0.091666666666666258 12.526058544813898 0.16848860947461503
decision_type=2 2 2 2 2 2 2 2
left_child=1 -1 5 -3 -5 6 -2 -7
right_child=2 3 -4 4 -6 7 -8 -9
leaf_value=-0.019240726164083587 -0.013699233645834606 -0.0075897259711740469 0.0098013404881006766 0.013541401605965767 0 -0.0021347872402686283 0.00091177464142925635 0.0092062515454310028
leaf_weight=14.994520478998309 16.288881445187148 16.540744305355474 19.994084204430692 10.180688381660731 14.35902942647226 10.020453276578339 12.324269765173083 15.900915102916768
leaf_count=289 412 478 545 158 312 239 288 552
internal_value=-0.00137386 -0.00600703 0.00156475 0 0.00507164 -0.000939609 -0.00633504 0.00332663
internal_weight=130.604 56.075 74.5286 41.0805 24.5397 54.5345 28.6132 25.9214
internal_count=3273 1237 2036 948 470 1491 700 791
is_linear=0
shrinkage=0.05


Tree=544
num_leaves=1
num_cat=0
split_feature=
split_gain=
threshold=
decision_type=
left_child=
right_child=
leaf_value=0
leaf_weight=
leaf_count=3273
internal_value=
internal_weight=
internal_count=
is_linear=0
shrinkage=1


Tree=545
num_leaves=9
num_cat=0
split_feature=297 162 399 112 112 63 246 148
split_gain=0.738001 1.13506 2.2619 0.980827 1.41292 0.864843 0.861969 0.412262
threshold=-0.79820105706010602 1.8613191136163278 -0.27365535881282571 51.500000000000007 16.500000000000004 0.20691422874926049 0.23033707865168543 -0.0038823985533872397
decision_type=2 2 2 2 2 2 2 2
left_child=-1 3 -3 4 7 -5 -6 -2
right_child=1 2 -4 5 6 -7 -8 -9
leaf_value=0.0071018223008236627 0.010895472169434869 0.0016277895830152046 -0.021603984251179167 0.013032744744334088 0 -0.00077777030270801209 -0.01542762487781707 0
leaf_weight=17.494543764274567 10.104809114476668 13.672547167225277 17.142273154342547 19.543747732066553 11.055977366049772 10.052149490336886 21.954033235670067 10.043792937183751
leaf_count=884 157 223 417 417 283 178 508 206
internal_value=-0.00102729 -0.002859 -0.0105875 0 -0.00372005 0.00716824 -0.0102515 0.00476246
internal_weight=131.064 113.569 30.8148 82.7545 53.1586 29.5959 33.01 20.1486
internal_count=3273 2389 640 1749 1154 595 791 363
is_linear=0
shrinkage=0.05


Tree=546
num_leaves=9
num_cat=0
split_feature=209 25 268 208 69 383 141 399
split_gain=0.788729 0.804916 0.756325 0.749801 0.662966 0.497689 0.43534 0.282092
threshold=3.7030875607065936 0.055007037362365341 -0.57505948206072566 1.4354225328516568 -0.0023020460067637023 2.5000000000000004 1.0000000180025095e-35 -0.10242626467852521
decision_type=2 2 2 2 2 2 2 2
left_child=3 4 -3 7 -2 -6 -5 -1
right_child=1 2 -4 6 5 -7 -8 -9
leaf_value=0.004538689733313392 0.012465010375553663 -0.013296110001918514 0.0013888721119891324 -0.014616302793863813 0.0059402249575125684 -0.0069119020213845002 0 -0.0042356849019442614
leaf_weight=16.198696258128624 19.182614634977654 10.262887354590932 10.708852850832043 20.088336280430667 14.459552845102737 10.148035699385217 14.498444170108995 14.264469844754784
leaf_count=550 330 192 284 579 283 234 365 456
internal_value=-0.00138595 0.00194855 -0.00447631 -0.00537998 0.00618382 0 -0.0101131 0
internal_weight=129.812 64.7619 20.9717 65.0499 43.7902 24.6076 34.5868 30.4632
internal_count=3273 1323 476 1950 847 517 944 1006
is_linear=0
shrinkage=0.05


Tree=547
num_leaves=1
num_cat=0
split_feature=
split_gain=
threshold=
decision_type=
left_child=
right_child=
leaf_value=0
leaf_weight=
leaf_count=3273
internal_value=
internal_weight=
internal_count=
is_linear=0
shrinkage=1


Tree=548
num_leaves=10
num_cat=0
split_feature=165 83 162 381 167 268 355 113 41
split_gain=0.721278 1.25319 1.06804 0.903604 0.88138 0.785701 0.673404 0.395388 0.0468733
threshold=-0.001629250190089385 0.35398814600908662 1.4660564270614354 23.637074020770758 -0.19090903138135051 -0.6255039669299628 0.096018640928851887 65.500000000000014 0.01344368753672622
decision_type=2 2 2 2 2 2 2 2 2
left_child=3 2 6 -1 -3 -5 8 -4 -2
right_child=1 4 7 5 -6 -7 -8 -9 -10
leaf_value=0.00066652711758637801 0.018247459008334195 -0.013342101178971486 0.0033528973034773462 0 0.00083459700916812011 -0.019324874494453338 0 -0.0069178655746024373 0.002329116066795324
leaf_weight=14.277879886503795 15.805177004891449 16.941832861164588 12.044669349619655 12.544462428893892 10.888941366109064 13.225244056899102 10.084393823752178 14.402976945857516 10.060875917784868
leaf_count=313 505 412 367 175 249 401 231 326 294
internal_value=-0.00102054 0.00102663 0.00535467 -0.00654449 -0.00663215 -0.0119306 0.0107864 -0.000677413 0.0146735
internal_weight=130.276 90.2289 62.3981 40.0476 27.8308 25.7697 35.9504 26.4476 25.8661
internal_count=3273 2384 1723 889 661 576 1030 693 799
is_linear=0
shrinkage=0.05


Tree=549
num_leaves=8
num_cat=0
split_feature=297 83 82 167 63 262 270
split_gain=0.804804 0.864468 1.14326 0.870185 0.653409 0.598619 0.499746
threshold=-0.45490237724266175 -0.20285468437017273 0.42861881892335402 -0.23017448253934378 0.27550824132514445 0.30898876404494385 -0.86579726071135443
decision_type=2 2 2 2 2 2 2
left_child=1 2 -1 5 -4 -3 -2
right_child=6 3 4 -5 -6 -7 -8
leaf_value=0.0016763233228521556 0 0.010769185462400011 -0.017556802846148901 -0.0078845910380950773 0 0 0.0095296392785238042
leaf_weight=10.280801674351094 14.090235844254492 17.718601503991522 23.537755381432362 17.415453209774569 10.376113083213566 17.269104428356513 18.559748306171969
leaf_count=211 290 353 448 380 166 422 1003
internal_value=-0.001405 -0.00396336 -0.00888497 0 -0.0133171 0.00488444 0.0044582
internal_weight=129.248 96.5978 44.1947 52.4032 33.9139 34.9877 32.65
internal_count=3273 1980 825 1155 614 775 1293
is_linear=0
shrinkage=0.05


Tree=550
num_leaves=1
num_cat=0
split_feature=
split_gain=
threshold=
decision_type=
left_child=
right_child=
leaf_value=0
leaf_weight=
leaf_count=3273
internal_value=
internal_weight=
internal_count=
is_linear=0
shrinkage=1


Tree=551
num_leaves=9
num_cat=0
split_feature=309 162 119 167 62 216 37 260
split_gain=0.72423 1.15289 1.93042 0.852651 1.44471 0.912463 0.741155 0.561046
threshold=0.059671697710593836 1.8613191136163278 -0.2773019808215661 -0.65124524880350765 0.41401281894745556 5.4511216661683806 0.036569688886983524 0.60909090909090924
decision_type=2 2 2 2 2 2 2 2
left_child=-1 3 -3 4 -2 6 -5 -7
right_child=1 2 -4 5 -6 7 -8 -9
leaf_value=0.0065524842579198356 0.0027829884683494375 0.0028056142391547929 -0.019273164312354072 0 -0.015570746952135124 -0.010149746928070625 0.015814242537445414 0.0030755992940684081
leaf_weight=19.6231436728267 14.751422590750737 10.170269112044481 20.093896232603583 11.268092541606167 16.117405132565182 10.082313627935948 17.122477499418892 10.474432168062775
leaf_count=942 370 156 477 285 298 260 285 200
internal_value=-0.00100669 -0.00293445 -0.0107666 0 -0.00585406 0.0043233 0.0100643 -0.00175492
internal_weight=129.703 110.08 30.2642 79.8161 30.8688 48.9473 28.3906 20.5567
internal_count=3273 2331 633 1698 668 1030 570 460
is_linear=0
shrinkage=0.05


Tree=552
num_leaves=9
num_cat=0
split_feature=126 11 141 207 37 226 86 146
split_gain=0.850421 1.79608 0.764313 0.672981 0.592412 0.94722 0.615063 0.426146
threshold=-0.0039213191313864906 -0.00054021190792985496 1.0000000180025095e-35 1.7313606808197386 0.073132527477502193 -2.3161270783689782 -1148316.0474199988 -0.00051049679424486794
decision_type=2 2 2 2 2 2 2 2
left_child=1 -1 4 -3 5 6 -2 -5
right_child=2 3 -4 7 -6 -7 -8 -9
leaf_value=-0.019360906498562348 -0.0052256327705125089 -0.006456931354983624 0.0095489605400061843 0 0.0059973581886392964 -0.013464016816851729 0.0086263575299525466 0.011678742670713081
leaf_weight=14.855795981246045 12.71465213736519 19.561608298681676 19.646191229461692 10.616872122045608 13.913638407480901 15.079575925716201 11.896823935443534 10.249792351503855
leaf_count=289 247 550 545 193 351 478 415 205
internal_value=-0.00142682 -0.0061479 0.00158224 0 -0.000805591 -0.00461543 0 0.00557509
internal_weight=128.535 55.2841 73.2509 40.4283 53.6047 39.6911 24.6115 20.8667
internal_count=3273 1237 2036 948 1491 1140 662 398
is_linear=0
shrinkage=0.05


Tree=553
num_leaves=1
num_cat=0
split_feature=
split_gain=
threshold=
decision_type=
left_child=
right_child=
leaf_value=0
leaf_weight=
leaf_count=3273
internal_value=
internal_weight=
internal_count=
is_linear=0
shrinkage=1


Tree=554
num_leaves=9
num_cat=0
split_feature=165 162 104 3 29 216 74 216
split_gain=0.704648 1.16518 1.22655 1.68779 0.875387 0.868965 0.819838 0.396187
threshold=-0.001629250190089385 1.4660564270614354 0.040610940212467993 0.00029325766267862546 0.12272456107105491 5.4511216661683806 -0.047331435835598172 2.5692013182133779
decision_type=2 2 2 2 2 2 2 2
left_child=4 5 3 -3 6 7 -1 -2
right_child=1 2 -4 -5 -6 -7 -8 -9
leaf_value=0 0 0 0.0063371055251656705 -0.020614714139930011 0.00090623332330144702 -0.00053881087909498607 -0.018374542858265799 0.014625480531201549
leaf_weight=11.535772104631178 12.860980959143488 12.573317443835551 10.034413496206978 15.065088553237727 13.302738473052157 17.228432648698799 14.820634069677908 21.564778019441292
leaf_count=322 359 331 265 323 255 504 312 602
internal_value=-0.000990865 0.0010366 -0.00474213 -0.0106231 -0.00648131 0.00619499 -0.0116248 0.010674
internal_weight=128.986 89.327 37.6728 27.6384 39.6591 51.6542 26.3564 34.4258
internal_count=3273 2384 919 654 889 1465 634 961
is_linear=0
shrinkage=0.05


Tree=555
num_leaves=9
num_cat=0
split_feature=126 72 364 11 301 105 364 365
split_gain=0.829833 1.9418 0.675637 1.26776 0.722457 0.691079 0.593899 0.498164
threshold=-0.0070948007468681342 0.008206249443002708 0.453904972916575 -0.0011542822775900683 -0.17352893976385916 -0.022618238627597768 0.53787589952320447 0.17114500672132996
decision_type=2 2 2 2 2 2 2 2
left_child=1 6 4 -4 -2 -5 -1 -7
right_child=2 -3 3 5 -6 7 -8 -9
leaf_value=-0.0045408398937104811 -0.011108717028247662 -0.018197668624609923 0.016586124952192763 -0.0064283625017252559 0.00201670151377244 0 0.0081488030586264505 0.012300832291175023
leaf_weight=15.04363658570219 15.28354336123448 18.389150383067317 13.219079162692649 18.881232844782062 11.65934168093372 10.980469915550204 13.767272816388866 10.673145164677406
leaf_count=418 344 372 322 545 433 291 244 304
internal_value=-0.00143044 -0.00666399 0.00116244 0.0047721 -0.00412596 0 0.000147746 0.00577945
internal_weight=127.897 47.2001 80.6968 53.7539 26.9429 40.5348 28.8109 21.6536
internal_count=3273 1034 2239 1462 777 1140 662 595
is_linear=0
shrinkage=0.05


Tree=556
num_leaves=1
num_cat=0
split_feature=
split_gain=
threshold=
decision_type=
left_child=
right_child=
leaf_value=0
leaf_weight=
leaf_count=3273
internal_value=
internal_weight=
internal_count=
is_linear=0
shrinkage=1


Tree=557
num_leaves=9
num_cat=0
split_feature=266 162 399 112 112 71 46 148
split_gain=0.711381 0.785879 1.72017 0.963039 1.50544 1.03352 0.828934 0.360602
threshold=-0.30095888049134467 1.8613191136163278 -0.27365535881282571 47.500000000000007 16.500000000000004 0.99325530856251687 0.59823754553276298 -0.0044105539953273295
decision_type=2 2 2 2 2 2 2 2
left_child=-1 3 -3 4 7 -5 -6 -2
right_child=1 2 -4 5 6 -7 -8 -9
leaf_value=0.0093477304828090482 0.010263383871703552 0.0016222034291735348 -0.018108236609533292 0.014981271468761629 -0.016784252863153 0 0 0
leaf_weight=10.160487998859024 10.017760467249902 13.653481230023319 18.280715887551196 15.10044227313483 19.346110618906099 18.545822208980098 12.416656136512755 10.832138997386208
leaf_count=546 167 249 471 420 469 360 339 252
internal_value=-0.000988441 -0.00249895 -0.00882633 0 -0.00408709 0.00635206 -0.0110216 0.00443802
internal_weight=128.354 118.193 31.9342 86.2589 52.6127 33.6463 31.7628 20.8499
internal_count=3273 2727 720 2007 1227 780 808 419
is_linear=0
shrinkage=0.05


Tree=558
num_leaves=10
num_cat=0
split_feature=126 66 110 364 397 311 375 372 64
split_gain=0.806216 1.58829 0.735628 0.636905 1.78537 0.689636 0.628029 0.688054 0.243986
threshold=-0.0070948007468681342 0.56698654805955495 40.500000000000007 0.453904972916575 -0.0056981012614493879 0.55980439356947298 -0.12479924567601079 -1.0000000180025095e-35 0.44360679976183431
decision_type=2 2 2 2 2 2 2 2 2
left_child=1 2 -1 5 -5 -2 -6 -8 -4
right_child=3 -3 8 4 6 -7 7 -9 -10
leaf_value=-0.0089798150665892935 -0.010867974201048729 -0.020082865863366803 0 0.020713598886562337 0.0072041234786223082 0.0019378715917521374 -0.012665599683913013 0 0.0094606682750361087
leaf_weight=12.816982468706554 15.167379082413392 12.246849801740607 11.758957691956313 10.246825218782758 14.938842223258684 11.610788875608703 11.706588971777817 16.519965006795253 10.112225763848981
leaf_count=435 344 212 189 305 370 433 385 402 198
internal_value=-0.00143404 -0.00660529 0 0.00112068 0.00465074 -0.00400054 0 -0.00452385 0.00476048
internal_weight=127.125 46.935 34.6882 80.1904 53.4122 26.7782 43.1654 28.2266 21.8712
internal_count=3273 1034 822 2239 1462 777 1157 787 387
is_linear=0
shrinkage=0.05


Tree=559
num_leaves=1
num_cat=0
split_feature=
split_gain=
threshold=
decision_type=
left_child=
right_child=
leaf_value=0
leaf_weight=
leaf_count=3273
internal_value=
internal_weight=
internal_count=
is_linear=0
shrinkage=1


Tree=560
num_leaves=8
num_cat=0
split_feature=309 162 399 112 112 220 28
split_gain=0.701332 1.04965 1.93885 0.946141 1.39062 0.896623 0.880163
threshold=0.059671697710593836 1.8613191136163278 -0.27365535881282571 51.500000000000007 14.500000000000002 4.8158569699292135 0.059034884607473963
decision_type=2 2 2 2 2 2 2
left_child=-1 3 -3 4 -2 -5 -6
right_child=1 2 -4 5 6 -7 -8
leaf_value=0.0064829069888037083 0.0053684221377078185 0.00086810476090118079 -0.020699080545840652 -0.00026790618173124907 -0.0010959098421591327 0.013936723208340657 -0.020351481521301625
leaf_weight=19.319087357376702 17.541910737054422 13.157305462635124 16.61097240971867 11.002723447280006 22.14319280278869 16.746192680962849 11.064585589687338
leaf_count=942 322 218 415 271 520 303 282
internal_value=-0.000989974 -0.00291164 -0.010434 0 -0.00378629 0.00720174 -0.0100473
internal_weight=127.586 108.267 29.7683 78.4986 50.7497 27.7489 33.2078
internal_count=3273 2331 633 1698 1124 574 802
is_linear=0
shrinkage=0.05


Tree=561
num_leaves=8
num_cat=0
split_feature=297 83 68 167 163 262 20
split_gain=0.797902 0.833411 1.18932 0.849764 0.757251 0.555997 0.476403
threshold=-0.45490237724266175 -0.20285468437017273 0.44133049420217774 -0.23017448253934378 -0.0061642666119228005 0.30898876404494385 0.23189102355789007
decision_type=2 2 2 2 2 2 2
left_child=1 2 -1 5 -4 -3 -2
right_child=6 3 4 -5 -6 -7 -8
leaf_value=0.0011888130529522931 0 0.01053235251639242 0 -0.0079295951693693061 -0.019592470336116569 0 0.010798428337789151
leaf_weight=11.616185184335334 18.774183428846303 17.345132021815516 12.442516475333834 16.999027804355137 19.095926479902118 16.829837223514915 13.210627789376302
leaf_count=238 814 353 210 380 377 422 479
internal_value=-0.0014099 -0.00399396 -0.00887584 0 -0.0138118 0.00482902 0.00447071
internal_weight=126.313 94.3286 43.1546 51.174 31.5384 34.175 31.9848
internal_count=3273 1980 825 1155 587 775 1293
is_linear=0
shrinkage=0.05


Tree=562
num_leaves=1
num_cat=0
split_feature=
split_gain=
threshold=
decision_type=
left_child=
right_child=
leaf_value=0
leaf_weight=
leaf_count=3273
internal_value=
internal_weight=
internal_count=
is_linear=0
shrinkage=1


Tree=563
num_leaves=10
num_cat=0
split_feature=290 348 165 29 74 20 306 260 34
split_gain=0.682725 1.29902 1.12248 0.801174 0.898961 0.752532 0.58896 0.503666 0.502294
threshold=0.51263233513337525 0.15673954468601628 -0.001629250190089385 0.12272456107105491 -0.047331435835598172 0.30815753323032896 1.0000000180025095e-35 0.46363636363636368 0.032603724278822604
decision_type=2 2 2 2 2 2 2 2 2
left_child=2 8 3 4 -1 6 -4 -8 -2
right_child=1 -3 5 -5 -6 -7 7 -9 -10
leaf_value=0 -0.00020060824636261663 0.002807787123050097 0.017228651624045778 0.0019523387698098882 -0.017595757041718046 -0.0025954663333393 -0.0033472863073564308 0.0072766706855665227 -0.021430608571070611
leaf_weight=10.686026148498058 10.155335023184309 11.413459403207524 13.236250487272626 12.670864426065235 14.02378839161247 11.785497242351992 10.472416044678537 21.87035974022001 10.462553566438144
leaf_count=201 503 263 643 206 219 242 187 407 402
internal_value=-0.00101941 -0.00715587 0.000699618 -0.00517194 -0.0104454 0.00542091 0.00855526 0.00242984 -0.0144446
internal_weight=126.777 32.0313 94.7452 37.3807 24.7098 57.3645 45.579 32.3428 20.6179
internal_count=3273 1168 2105 626 420 1479 1237 594 905
is_linear=0
shrinkage=0.05


Tree=564
num_leaves=9
num_cat=0
split_feature=126 66 20 74 268 37 112 17
split_gain=0.806407 1.5577 0.611871 0.984908 0.608631 0.645497 0.737392 1.06104
threshold=-0.0070948007468681342 0.56698654805955495 0.29837000722055201 -0.10903126638433809 -0.68595707916167925 0.018063710899972229 63.500000000000007 0.0016975379353318554
decision_type=2 2 2 2 2 2 2 2
left_child=1 2 3 -1 -2 -6 7 -7
right_child=4 -3 -4 -5 5 6 -8 -9
leaf_value=-0.013393237407479981 -0.007083331791932209 -0.019979431265792765 0.0080060149938317796 0.0031325198752230003 -0.0021587082790135988 0.015651317368521211 -0.00023732793594728816 0
leaf_weight=13.679253940703346 11.743110384792088 12.143672240199519 10.606134178815408 10.038146822713317 19.565196841373108 25.167789340484887 12.587904450483618 10.237890702788716
leaf_count=404 558 212 213 205 381 750 287 263
internal_value=-0.00139108 -0.00659382 0 -0.00496107 0.00117919 0.00356412 0.00686736 0.0105164
internal_weight=125.769 46.4672 34.3235 23.7174 79.3019 67.5588 47.9936 35.4057
internal_count=3273 1034 822 609 2239 1681 1300 1013
is_linear=0
shrinkage=0.05


Tree=565
num_leaves=1
num_cat=0
split_feature=
split_gain=
threshold=
decision_type=
left_child=
right_child=
leaf_value=0
leaf_weight=
leaf_count=3273
internal_value=
internal_weight=
internal_count=
is_linear=0
shrinkage=1


Tree=566
num_leaves=7
num_cat=0
split_feature=309 66 381 244 71 9
split_gain=0.670012 0.946925 2.04584 0.728134 1.00963 0.719089
threshold=0.030355514383049783 0.59883477097175219 21.577765190406826 0.31818181818181823 1.3592657454084949 -0.00069392017015856833
decision_type=2 2 2 2 2 2
left_child=-1 3 -3 -2 5 -5
right_child=1 2 -4 4 -6 -7
leaf_value=0.0067680035021277923 0.0099274798230284383 0.0010539712884082761 -0.019205900872265397 0 0.0083398198739857623 -0.010511555050779667
leaf_weight=16.874627418117598 13.243287300923837 17.73655847349437 19.671762305835728 18.060160618741062 11.955205271951852 28.686171156470667
leaf_count=890 289 417 411 434 188 644
internal_value=-0.00103833 -0.00283653 -0.00899755 0 -0.00188604 -0.00585159
internal_weight=126.228 109.353 37.4083 71.9448 58.7015 46.7463
internal_count=3273 2383 828 1555 1266 1078
is_linear=0
shrinkage=0.05


Tree=567
num_leaves=8
num_cat=0
split_feature=297 74 68 174 103 86 37
split_gain=0.773782 0.834976 1.43745 1.46459 0.575554 0.472141 0.271582
threshold=-0.45490237724266175 -0.25484279346879862 0.44133049420217774 -0.49999999999999994 0.16114428137512021 -1005932.4777869988 0.073132527477502193
decision_type=2 2 2 2 2 2 2
left_child=1 5 -3 -4 -2 -1 -5
right_child=4 2 3 6 -6 -7 -8
leaf_value=0.0073879613168980566 -0.00097023941958901253 0.001911228809308847 0 -0.022576985971357932 0.0096523185656783115 -0.0033696734192334129 -0.0032964832127200618
leaf_weight=17.453132928349081 12.335949480766432 19.645030195591971 15.572685634251682 19.072635970660489 19.286434563109651 10.903171950601971 10.823980475193819
leaf_count=323 403 368 289 400 890 392 208
internal_value=-0.00146164 -0.00401638 -0.00721905 -0.0120695 0.00433928 0.00173036 -0.0180537
internal_weight=125.093 93.4706 65.1143 45.4693 31.6224 28.3563 29.8966
internal_count=3273 1980 1265 897 1293 715 608
is_linear=0
shrinkage=0.05


Tree=568
num_leaves=1
num_cat=0
split_feature=
split_gain=
threshold=
decision_type=
left_child=
right_child=
leaf_value=0
leaf_weight=
leaf_count=3273
internal_value=
internal_weight=
internal_count=
is_linear=0
shrinkage=1


Tree=569
num_leaves=8
num_cat=0
split_feature=258 71 112 162 119 34 364
split_gain=0.678762 1.15263 1.19646 1.47491 1.20172 1.30022 0.371367
threshold=0.54411764705882371 1.3592657454084949 51.500000000000007 1.6976798509967141 -0.2341895881797065 0.015128874453365629 0.53739969295647183
decision_type=2 2 2 2 2 2 2
left_child=-1 2 4 6 -2 -6 -4
right_child=1 -3 3 -5 5 -7 -8
leaf_value=0.0062443892912369767 0.00062848461862332662 0.0074559590741494174 0 -0.010639940954825655 0 -0.018326302647658992 0.014208327011022166
leaf_weight=19.848194606078323 12.011464964132754 15.739549577352589 10.389193148992492 11.37834385113092 11.605496731586753 32.69495812401874 11.893898707116021
leaf_count=640 256 332 374 247 358 802 264
internal_value=-0.000970816 -0.00292037 -0.00545536 0.000715866 -0.00983695 -0.0135915 0.00906651
internal_weight=125.561 105.713 89.9734 33.6614 56.3119 44.3005 22.2831
internal_count=3273 2633 2301 885 1416 1160 638
is_linear=0
shrinkage=0.05


Tree=570
num_leaves=9
num_cat=0
split_feature=126 11 141 110 68 113 373 372
split_gain=0.779719 1.7534 0.733234 0.620678 0.592286 0.828923 0.357658 0.347841
threshold=-0.0039213191313864906 -0.00054021190792985496 1.0000000180025095e-35 40.500000000000007 0.68481832723403324 46.500000000000007 -0.012230025869534976 0.020764691824674667
decision_type=2 2 2 2 2 2 2 2
left_child=1 -1 4 -3 5 -2 -7 -5
right_child=2 3 -4 7 -6 6 -8 -9
leaf_value=-0.019291616776768862 0.0010765408103687816 -0.0071561954309523768 0.0093481010475377005 0 0.0057643210772042649 0 -0.016547035496217204 0.0098179819900622231
leaf_weight=14.398330180672927 16.763407844351605 15.70033989578951 19.036381104728207 11.303994382848034 13.829011861351317 10.038780237722674 11.302475348464215 12.18403119931463
leaf_count=289 462 478 545 242 463 188 378 228
internal_value=-0.00149706 -0.00607965 0.00139336 0 -0.000963548 -0.00486415 -0.0111422 0.00473564
internal_weight=124.557 53.5867 70.9701 39.1884 51.9337 38.1047 21.3413 23.488
internal_count=3273 1237 2036 948 1491 1028 566 470
is_linear=0
shrinkage=0.05


Tree=571
num_leaves=1
num_cat=0
split_feature=
split_gain=
threshold=
decision_type=
left_child=
right_child=
leaf_value=0
leaf_weight=
leaf_count=3273
internal_value=
internal_weight=
internal_count=
is_linear=0
shrinkage=1


Tree=572
num_leaves=8
num_cat=0
split_feature=167 53 65 397 190 19 82
split_gain=0.639535 1.36728 1.03352 1.09009 0.664585 0.806854 0.749601
threshold=-0.17823952009724051 0.0041132807379481448 -0.03600661511155611 0.0011414206583709185 0.26936869247371686 0.22817915367602662 0.4426751655792418
decision_type=2 2 2 2 2 2 2
left_child=1 4 -3 -4 5 -1 -7
right_child=-2 2 3 -5 -6 6 -8
leaf_value=-0.0059324177005897188 0.006478109973508399 0 -0.025400284291654057 0 -0.0084096147285869904 -0.00093707661400297673 0.0097982986828604197
leaf_weight=11.676065082254352 17.777284402865916 10.056508199661041 11.807090954040179 10.091133291192817 11.736147425370289 13.314149756159166 38.580323915753979
leaf_count=390 462 291 252 239 211 403 1025
internal_value=-0.000932753 -0.00275732 -0.011019 -0.01656 0.000397654 0.00308041 0.00623248
internal_weight=125.039 107.261 31.9547 21.8982 75.3067 63.5705 51.8945
internal_count=3273 2811 782 491 2029 1818 1428
is_linear=0
shrinkage=0.05


Tree=573
num_leaves=9
num_cat=0
split_feature=126 72 364 163 301 364 163 20
split_gain=0.758801 1.81526 0.594628 1.44035 0.637282 0.522242 0.374603 0.754158
threshold=-0.0070948007468681342 0.008206249443002708 0.453904972916575 -0.0006475763763395811 -0.17352893976385916 0.53787589952320447 0.014052721568580806 0.23980054117996649
decision_type=2 2 2 2 2 2 2 2
left_child=1 5 4 -4 -2 -1 7 -5
right_child=2 -3 3 6 -6 -7 -8 -9
leaf_value=-0.0042335313328101939 -0.010600009367987523 -0.017834594761625727 0.016063636480962606 -0.01113987446633012 0.001694638310171429 0.0077742982216762518 0.0056720540872572962 0.0025446816478033821
leaf_weight=14.654284837306479 14.807984034763651 17.791230205330066 15.316270851646548 15.539283808786424 11.359382474678567 13.36996032448951 10.43388171342667 10.750119254109448
leaf_count=418 344 372 423 466 433 244 313 260
internal_value=-0.00144715 -0.00652003 0.00104002 0.00452198 -0.00392325 8.13875e-05 0 -0.00414947
internal_weight=124.022 45.8155 78.2069 52.0396 26.1674 28.0242 36.7233 26.2894
internal_count=3273 1034 2239 1462 777 662 1039 726
is_linear=0
shrinkage=0.05


Tree=574
num_leaves=1
num_cat=0
split_feature=
split_gain=
threshold=
decision_type=
left_child=
right_child=
leaf_value=0
leaf_weight=
leaf_count=3273
internal_value=
internal_weight=
internal_count=
is_linear=0
shrinkage=1


Tree=575
num_leaves=8
num_cat=0
split_feature=73 377 64 364 379 394 379
split_gain=0.660882 1.8467 1.3295 0.986185 0.902554 1.02949 0.552281
threshold=0.92334437631042121 -0.30141913398192821 0.65385559735815801 0.55241141722816767 -0.23942667380441776 -0.0026012835105242433 1.0000000180025095e-35
decision_type=2 2 2 2 2 2 2
left_child=4 -2 3 6 -1 -6 -3
right_child=1 2 -4 -5 5 -7 -8
leaf_value=-0.0062336265725277647 0.0076996744878942971 0.0077236154386999562 -0.019660373539171296 -0.012680481516856829 0 0.015077880575907469 -0.0039492829264559546
leaf_weight=11.172549493028781 18.276478204526938 18.226762642734688 17.197803930088412 12.865488760289734 17.851944757567253 17.831432475359179 11.085682764183728
leaf_count=312 431 470 459 249 498 570 284
internal_value=-0.000982523 -0.00404375 -0.00865656 -0.0020555 0.00302587 0.00747619 0.00180485
internal_weight=124.508 77.6522 59.3757 42.1779 46.8559 35.6834 29.3124
internal_count=3273 1893 1462 1003 1380 1068 754
is_linear=0
shrinkage=0.05


Tree=576
num_leaves=9
num_cat=0
split_feature=297 372 178 83 103 167 354 71
split_gain=0.752373 0.820364 1.02352 0.789744 0.55022 0.458521 1.01308 0.268776
threshold=-0.45490237724266175 1.0000000180025095e-35 0.81253169693462179 -0.29268687466863891 0.16114428137512021 -0.43491172161185115 0.077482630678249925 1.0247580807384298
decision_type=2 2 2 2 2 2 2 2
left_child=1 2 3 -1 -2 6 -3 -5
right_child=4 5 -4 7 -6 -7 -8 -9
leaf_value=-0.020937363270914153 -0.00079881667877353124 0.015952426220607371 0.00066394593615914845 -0.0084550943705917515 0.0095443576773027641 -0.003751443840067926 -0.0013108311712586027 0
leaf_weight=14.507063511060549 12.153140742972029 10.512554934015499 15.196355541818773 11.397372903535144 19.074745560297742 14.468307031202128 10.169654923258348 15.80994267517235
leaf_count=282 403 132 257 421 890 312 279 297
internal_value=-0.00140165 -0.00395112 -0.00765074 -0.0116393 0.00434104 0.000858795 0.00626187 -0.00343927
internal_weight=123.289 92.0613 56.9107 41.7144 31.2279 35.1505 20.6822 27.2073
internal_count=3273 1980 1257 1000 1293 723 411 718
is_linear=0
shrinkage=0.05


Tree=577
num_leaves=1
num_cat=0
split_feature=
split_gain=
threshold=
decision_type=
left_child=
right_child=
leaf_value=0
leaf_weight=
leaf_count=3273
internal_value=
internal_weight=
internal_count=
is_linear=0
shrinkage=1


Tree=578
num_leaves=9
num_cat=0
split_feature=305 103 191 117 68 213 66 110
split_gain=0.656082 0.976899 0.956897 0.797033 0.72832 0.669477 0.45166 0.399084
threshold=0.032808099129130609 0.20019828508797866 0.68827918098062268 -0.27102530793822027 0.57615078805327069 6.0031699977461814 0.41236146389779904 39.500000000000007
decision_type=2 2 2 2 2 2 2 2
left_child=5 4 -3 -4 6 7 -2 -1
right_child=1 2 3 -5 -6 -7 -8 -9
leaf_value=0.004672765398222564 0 0 -0.0014591538041482312 -0.022331228783118596 -0.0065129621877965047 0.011966729902983794 0.011774533048964735 -0.0055541129727188073
leaf_weight=14.259153273655103 12.450829198758585 12.934976968914269 15.166652689513283 13.186455075687265 13.196072622493373 12.002636459656058 13.44629554345738 17.126332418178208
leaf_count=570 286 258 487 347 347 354 252 372
internal_value=-0.0010328 -0.00394961 -0.00917202 -0.013969 0.000638753 0.00319902 0.00631106 0
internal_weight=123.769 80.3813 41.2881 28.3531 39.0932 43.3881 25.8971 31.3855
internal_count=3273 1977 1092 834 885 1296 538 942
is_linear=0
shrinkage=0.05


Tree=579
num_leaves=9
num_cat=0
split_feature=126 163 16 141 10 68 82 307
split_gain=0.755948 1.70105 0.941601 0.655401 0.610215 0.527948 0.6771 0.308578
threshold=-0.0039213191313864906 -0.0014459939329926439 0.00012164480427169157 1.0000000180025095e-35 0.029554575009129298 0.68481832723403324 1.1750772570592054 0.18333333333333365
decision_type=2 2 2 2 2 2 2 2
left_child=1 -1 -3 5 -4 6 7 -2
right_child=3 2 4 -5 -6 -7 -8 -9
leaf_value=-0.017338612242941216 -0.015506519938425518 -0.0084749371025819153 0.014331510001068562 0.0090047614183076247 0 0.0056131523386321195 0.0015408853877644842 0
leaf_weight=17.746377438306808 10.519797838060187 13.67310355522204 10.057955776806923 18.749435095407534 11.376939920824951 13.602068201813379 13.578114669071509 13.436958564328959
leaf_count=409 379 340 195 545 293 463 288 361
internal_value=-0.00140655 -0.00596042 0 0.00145507 0.00687956 -0.00073506 -0.00451423 -0.0095905
internal_weight=122.741 52.8544 35.108 69.8864 21.4349 51.1369 37.5349 23.9568
internal_count=3273 1237 828 2036 488 1491 1028 740
is_linear=0
shrinkage=0.05


Tree=580
num_leaves=1
num_cat=0
split_feature=
split_gain=
threshold=
decision_type=
left_child=
right_child=
leaf_value=0
leaf_weight=
leaf_count=3273
internal_value=
internal_weight=
internal_count=
is_linear=0
shrinkage=1


Tree=581
num_leaves=9
num_cat=0
split_feature=165 290 348 29 305 220 110 226
split_gain=0.647891 1.06572 1.03471 0.832996 0.733504 0.732978 0.275244 0.598509
threshold=-0.001629250190089385 0.51263233513337525 0.15673954468601628 0.12272456107105491 0.03649399812490401 9.3695294989581335 42.500000000000007 -4.7952608380694333
decision_type=2 2 2 2 2 2 2 2
left_child=3 5 -3 4 -1 6 7 -2
right_child=1 2 -4 -5 -6 -7 -8 -9
leaf_value=0 0 -0.012788296771025741 0.0028903616043601346 0.00087401418189243904 -0.018070670769782332 -0.0025721210035892571 0.00018948762052165263 0.01771561272297793
leaf_weight=11.297727373195814 11.624623220995998 18.445416673144795 11.050170987960881 12.69166998186847 14.089861293090506 11.409932874026707 17.693537998013198 14.921016518725084
leaf_count=207 359 645 260 255 427 275 363 482
internal_value=-0.00102966 0.000935457 -0.00565124 -0.00638822 -0.0114888 0.00538961 0.00853444 0.0118203
internal_weight=123.224 85.1447 29.4956 38.0793 25.3876 55.6491 44.2392 26.5456
internal_count=3273 2384 905 889 634 1479 1204 841
is_linear=0
shrinkage=0.05


Tree=582
num_leaves=9
num_cat=0
split_feature=56 34 221 167 209 226 57 105
split_gain=0.760349 0.928747 1.05187 0.685782 0.742682 0.454318 0.383289 0.357977
threshold=0.48212280344130748 0.017845486297984464 11.411509519492951 -0.19090903138135051 3.9327345980355561 -4.3161009961935495 -0.39991522670161822 -0.046482537846585834
decision_type=2 2 2 2 2 2 2 2
left_child=1 5 -3 4 6 -1 -2 -7
right_child=3 2 -4 -5 -6 7 -8 -9
leaf_value=-0.0062333495547546016 0.0051018138828758698 -0.018872196446555162 0 -0.0045830895345512976 0.01375030271694808 0 -0.0054553835133261796 0.010443754138402331
leaf_weight=12.454072444816118 16.869877929857466 16.282819461775947 12.260964574932585 17.362724040402099 14.878076252760364 10.043745316797867 11.819236364448445 10.113118515815586
leaf_count=396 499 360 425 457 336 206 395 199
internal_value=-0.00141975 -0.00546524 -0.0115912 0.00192449 0.00571984 0 0 0.00480808
internal_weight=122.085 61.1547 28.5438 60.9299 43.5672 32.6109 28.6891 20.1569
internal_count=3273 1586 785 1687 1230 801 894 405
is_linear=0
shrinkage=0.05


Tree=583
num_leaves=1
num_cat=0
split_feature=
split_gain=
threshold=
decision_type=
left_child=
right_child=
leaf_value=0
leaf_weight=
leaf_count=3273
internal_value=
internal_weight=
internal_count=
is_linear=0
shrinkage=1


Tree=584
num_leaves=9
num_cat=0
split_feature=20 167 130 15 228 209 55 68
split_gain=0.651782 1.17529 1.17572 0.841854 0.619577 0.531553 0.444693 0.390119
threshold=0.14983138919396013 -0.22303275382657731 -7.4999999999999991 -0.0035626253645240583 -2.5721085129430774 3.9327345980355561 0.032533946266801179 0.49598524264157245
decision_type=2 2 2 2 2 2 2 2
left_child=3 2 -2 4 -1 7 -3 -4
right_child=1 6 5 -5 -6 -7 -8 -9
leaf_value=0.0056838503632315081 -0.016916318468662633 0.010787975908725066 0.0086568361004434654 0.011731181403499985 -0.0077893354834608856 -0.008550289973985584 0 -0.0010522358104610209
leaf_weight=10.140684577636419 20.276060315954965 10.425681160879323 11.351049288059587 15.739738068252334 15.801947639731226 14.051496357831637 11.5204187274212 13.260474207549121
leaf_count=277 399 303 391 490 342 319 296 456
internal_value=-0.00102177 -0.00389074 -0.00778855 0.00331393 -0.000752005 -0.000928171 0.00425077 0.00206888
internal_weight=122.568 80.8852 58.9391 41.6824 25.9426 38.663 21.9461 24.6115
internal_count=3273 2164 1565 1109 619 1166 599 847
is_linear=0
shrinkage=0.05


Tree=585
num_leaves=8
num_cat=0
split_feature=56 34 86 167 216 219 389
split_gain=0.721615 0.888626 0.650126 0.623698 0.772416 0.522282 0.295212
threshold=0.48212280344130748 0.017845486297984464 -1083899.026017999 -0.19090903138135051 5.4929132357246884 7.221436149147185 1.0000000180025095e-35
decision_type=2 2 2 2 2 2 2
left_child=1 5 -3 4 6 -1 -2
right_child=3 2 -4 -5 -6 -7 -8
leaf_value=0.0062378719326011446 0.004845445825774705 -0.016468842694764115 0 -0.0043262657313049794 0.014614534790003547 -0.0053867428182273686 -0.0040117952935643476
leaf_weight=16.045579332974739 16.687684298842214 17.988034998590596 10.427393764373845 17.320118731586263 12.549775518418754 16.458297669887543 14.136028025648558
leaf_count=321 453 430 355 457 388 480 389
internal_value=-0.00142418 -0.00537338 -0.0113782 0.00182109 0.00547516 0 0
internal_weight=121.613 60.9193 28.4154 60.6936 43.3735 32.5039 30.8237
internal_count=3273 1586 785 1687 1230 801 842
is_linear=0
shrinkage=0.05


Tree=586
num_leaves=1
num_cat=0
split_feature=
split_gain=
threshold=
decision_type=
left_child=
right_child=
leaf_value=0
leaf_weight=
leaf_count=3273
internal_value=
internal_weight=
internal_count=
is_linear=0
shrinkage=1


Tree=587
num_leaves=8
num_cat=0
split_feature=268 21 72 399 11 244 71
split_gain=0.65132 0.861612 1.01824 1.46442 0.892798 0.614375 0.573165
threshold=-0.74094947947035006 0.10313204235919503 0.0096023537702187439 -0.27438978325733271 -0.00051103798713147952 0.31818181818181823 1.3438137412142941
decision_type=2 2 2 2 2 2 2
left_child=-1 -2 5 -4 -5 -3 -7
right_child=1 2 3 4 -6 6 -8
leaf_value=0.0072396227384164602 0.0058928058100468569 0.008332235219867732 0 -0.028687936986613628 -0.0020601053483823377 -0.0066017004458849213 0.003767917236286051
leaf_weight=14.550137758255003 16.273761828197166 10.731745556462554 10.160422178974843 10.001890555256981 10.921915534941942 38.857111215998884 10.599368673516436
leaf_count=819 365 260 170 262 270 961 166
internal_value=-0.00101772 -0.00275332 -0.00496376 -0.0119491 -0.0188799 -0.000168871 -0.00333775
internal_weight=122.096 107.546 91.2725 31.0842 20.9238 60.1882 49.4565
internal_count=3273 2454 2089 702 532 1387 1127
is_linear=0
shrinkage=0.05


Tree=588
num_leaves=10
num_cat=0
split_feature=126 66 364 397 113 105 112 20 221
split_gain=0.76081 1.43236 0.560874 1.29289 0.584844 0.831108 0.583848 0.528978 0.537593
threshold=-0.0070948007468681342 0.56698654805955495 0.453904972916575 -0.0006475763763395811 4.5000000000000009 0.078605699280139843 15.500000000000002 0.29837000722055201 10.684121591606049
decision_type=2 2 2 2 2 2 2 2 2
left_child=1 7 6 -4 -5 -6 -2 8 -1
right_child=2 -3 3 4 5 -7 -8 -9 -10
leaf_value=0 -0.011655897990420626 -0.019512320994361051 0.015520391200478082 0.0077454775435351194 -0.012027176097687923 0.0024784084027031101 0.00014090841725623756 0.007470393762830041 -0.011868367864595561
leaf_weight=12.03528156061657 10.706595820141958 11.839226487907579 14.946064019051844 10.231825938215477 15.418853488983588 10.305288359639233 14.841366063803433 10.159078279277308 10.716352336981798
leaf_count=239 327 212 423 284 480 275 450 213 370
internal_value=-0.00144193 -0.00658231 0.00107259 0.00449827 0 -0.0048235 -0.00375679 0 -0.00477876
internal_weight=121.2 44.7499 76.45 50.902 35.956 25.7241 25.548 32.9107 22.7516
internal_count=3273 1034 2239 1462 1039 755 777 822 609
is_linear=0
shrinkage=0.05


Tree=589
num_leaves=1
num_cat=0
split_feature=
split_gain=
threshold=
decision_type=
left_child=
right_child=
leaf_value=0
leaf_weight=
leaf_count=3273
internal_value=
internal_weight=
internal_count=
is_linear=0
shrinkage=1


Tree=590
num_leaves=8
num_cat=0
split_feature=309 66 381 162 37 231 15
split_gain=0.636233 0.996785 1.99244 0.545874 0.832446 1.15739 0.605376
threshold=0.059671697710593836 0.59883477097175219 21.577765190406826 0.32698971413760997 0.039760530846533755 23.500000000000004 0.0028756003854861598
decision_type=2 2 2 2 2 2 2
left_child=-1 3 -3 -2 5 -5 -6
right_child=1 2 -4 4 6 -7 -8
leaf_value=0.0062380636827943691 0.0087388211739637001 0.00080114817193732788 -0.019561037111220821 0.0023803014298412369 0.011218304641890765 -0.014072146182291754 -0.00096898830791868431
leaf_weight=18.294407591572963 13.147610946616622 16.741376926045632 18.810799646249507 10.424209926568439 12.333027462766042 20.230774870375171 11.682808138779363
leaf_count=942 348 406 405 225 240 480 227
internal_value=-0.00099506 -0.00288506 -0.00935942 5.56493e-05 -0.00151151 -0.00727836 0.00398963
internal_weight=121.665 103.371 35.5522 67.8184 54.6708 30.655 24.0158
internal_count=3273 2331 811 1520 1172 705 467
is_linear=0
shrinkage=0.05


Tree=591
num_leaves=10
num_cat=0
split_feature=126 397 16 167 211 40 10 266 268
split_gain=0.740602 1.58212 0.890211 0.595608 0.563688 0.632638 0.536019 0.474939 0.193207
threshold=-0.0039213191313864906 -0.0014459939329926439 0.00012164480427169157 -0.74362333120384483 2.0464236690443944 0.011636752908676573 0.034901044964972226 -0.17125988633983985 -0.5352139222323955
decision_type=2 2 2 2 2 2 2 2 2
left_child=1 -1 -3 7 5 -5 -4 -2 -6
right_child=3 2 6 4 8 -7 -8 -9 -10
leaf_value=-0.017054508876623676 0 -0.0084751889878705491 0.013200568405087499 0.0094954519749609629 -0.01152562335173524 -0.0035598692681242401 0 0.014198394054033215 0
leaf_weight=17.367655997164547 12.365409052930774 13.468127846368587 10.673571629682558 14.76058352168184 10.267378854332494 10.109203908767084 10.353770653600803 10.693996910995336 10.44590774347307
leaf_count=409 196 340 219 445 370 263 269 411 351
internal_value=-0.00144427 -0.00599042 0 0.0013997 -0.00107453 0.00258264 0.0065874 0.00777001 -0.00734532
internal_weight=120.506 51.8631 34.4955 68.6425 45.5831 24.8698 21.0273 23.0594 20.7133
internal_count=3273 1237 828 2036 1429 708 488 607 721
is_linear=0
shrinkage=0.05


Tree=592
num_leaves=1
num_cat=0
split_feature=
split_gain=
threshold=
decision_type=
left_child=
right_child=
leaf_value=0
leaf_weight=
leaf_count=3273
internal_value=
internal_weight=
internal_count=
is_linear=0
shrinkage=1


Tree=593
num_leaves=9
num_cat=0
split_feature=73 385 264 37 74 386 266 26
split_gain=0.639517 1.98415 1.27868 1.38739 1.42167 1.13746 0.806285 0.108808
threshold=0.92334437631042121 3.5000000000000004 92.500000000000014 0.021442754496261932 -0.064204735371011415 -0.10873200737906429 0.019236718265320734 0.087959692665589242
decision_type=2 2 2 2 2 2 2 2
left_child=5 2 3 -2 -5 -1 -7 -4
right_child=1 -3 7 4 -6 6 -8 -9
leaf_value=-0.0058719628330164177 0 0.0091125033768451463 0.0041786650535513316 0 -0.027862421282281016 0.015973445295464343 0 -0.0016923713851595705
leaf_weight=14.828707486332858 11.956701159302609 15.942374025005845 10.418497158563698 10.757280149613505 16.187988712277733 15.328924157656731 15.380956166074609 10.168901450000702
leaf_count=434 329 371 303 299 372 529 417 219
internal_value=-0.000993525 -0.00405419 -0.0086509 -0.0137076 -0.0194615 0.00298339 0.0088846 0
internal_weight=120.97 75.4317 59.4894 38.902 26.9453 45.5386 30.7099 20.5874
internal_count=3273 1893 1522 1000 671 1380 946 522
is_linear=0
shrinkage=0.05


Tree=594
num_leaves=9
num_cat=0
split_feature=126 72 364 163 105 41 303 207
split_gain=0.732691 1.74009 0.549293 1.2196 0.558233 0.57922 0.556704 0.418163
threshold=-0.0070948007468681342 0.008148435350425887 0.453904972916575 -0.0006475763763395811 -0.05719638658554204 0.0086668654703708943 -0.09166666666666666 1.7313606808197386
decision_type=2 2 2 2 2 2 2 2
left_child=1 7 6 -4 -5 -6 -2 -1
right_child=2 -3 3 4 5 -7 -8 -9
leaf_value=-0.0041613827181331067 -0.010780819951947301 -0.01748693891235575 0.015228213396956073 -0.0084818575899183162 -0.0018149318724968591 0.010302147360254534 0.00059001211171626688 0.0066964415541683519
leaf_weight=11.930850717704745 12.375884290493561 17.774330601445399 14.699669687950516 11.847209837986155 10.455392899049913 13.311182011384515 12.868129853508433 14.570039278245529
leaf_count=380 325 388 423 390 261 388 452 266
internal_value=-0.00144046 -0.00650987 0.0010288 0.00444957 0 0.00349763 -0.00376725 0.00018724
internal_weight=119.833 44.2752 75.5575 50.3135 35.6138 23.7666 25.244 26.5009
internal_count=3273 1034 2239 1462 1039 649 777 646
is_linear=0
shrinkage=0.05


Tree=595
num_leaves=1
num_cat=0
split_feature=
split_gain=
threshold=
decision_type=
left_child=
right_child=
leaf_value=0
leaf_weight=
leaf_count=3273
internal_value=
internal_weight=
internal_count=
is_linear=0
shrinkage=1


Tree=596
num_leaves=9
num_cat=0
split_feature=165 290 348 29 220 309 103 16
split_gain=0.616624 1.01778 0.942125 0.791145 0.706611 0.68485 0.448377 0.100008
threshold=-0.001629250190089385 0.51263233513337525 0.15673954468601628 0.12272456107105491 9.3695294989581335 0.2188913773150761 0.11659188102025041 -0.0020354498512605633
decision_type=2 2 2 2 2 2 2 2
left_child=3 4 -3 5 6 -1 -2 -8
right_child=1 2 -4 -5 -6 -7 7 -9
leaf_value=0 0 -0.012402688297648276 0.0025225090036391207 0.00078923813314785726 -0.0024355016197115452 -0.017669690654185655 0.00021689115786908107 0.013649737817426731
leaf_weight=11.045500183943661 10.46919767395593 18.069340564601593 10.862286288058383 12.364111910341306 11.153429858852176 13.880478910083182 10.222581160138356 22.214763829484586
leaf_count=206 208 645 260 255 275 428 314 682
internal_value=-0.00099836 0.000930573 -0.0055227 -0.00628197 0.00536927 -0.0112879 0.00851384 0.0112041
internal_weight=120.282 82.9916 28.9316 37.2901 54.06 24.926 42.9065 32.4373
internal_count=3273 2384 905 889 1479 634 1204 996
is_linear=0
shrinkage=0.05


Tree=597
num_leaves=8
num_cat=0
split_feature=56 34 221 57 219 104 211
split_gain=0.715806 0.841419 1.00112 0.557288 0.473962 0.449861 0.263935
threshold=0.48212280344130748 0.017845486297984464 11.411509519492951 -0.22883813666775341 7.221436149147185 -0.057278444271563235 1.8374856492898333
decision_type=2 2 2 2 2 2 2
left_child=1 4 -3 5 -1 -2 -7
right_child=3 2 -4 -5 -6 6 -8
leaf_value=0.0058986777894496252 0 -0.01846698093279318 0 -0.0034155883196373051 -0.0052892555967939464 0 0.013115951202299986
leaf_weight=15.712401509110352 14.349317978951147 15.904511827393437 12.011637797055299 19.465168623486534 16.081123567302711 10.557543747534512 15.136598046461584
leaf_count=321 460 360 425 530 480 298 399
internal_value=-0.0014459 -0.00541774 -0.011295 0.00180821 0 0.0055702 0.00925946
internal_weight=119.218 59.7097 27.9161 59.5086 31.7935 40.0435 25.6941
internal_count=3273 1586 785 1687 801 1157 697
is_linear=0
shrinkage=0.05


Tree=598
num_leaves=1
num_cat=0
split_feature=
split_gain=
threshold=
decision_type=
left_child=
right_child=
leaf_value=0
leaf_weight=
leaf_count=3273
internal_value=
internal_weight=
internal_count=
is_linear=0
shrinkage=1


Tree=599
num_leaves=9
num_cat=0
split_feature=73 385 71 120 230 383 73 165
split_gain=0.64236 1.92058 1.30114 1.16736 1.51737 0.789411 0.753291 0.336703
threshold=0.92334437631042121 3.5000000000000004 1.3592657454084949 0.0060353522895945097 99.500000000000014 4.5000000000000009 0.80273749470693312 0.00071958607440708437
decision_type=2 2 2 2 2 2 2 2
left_child=5 2 3 4 -2 7 -7 -1
right_child=1 -3 -4 -5 -6 6 -8 -9
leaf_value=0.013475663215297329 -0.022224347184166618 0.0089017241439192634 0.0029718173725979385 0 0 -0.011574446255106827 0.0038761467540870073 0
leaf_weight=14.20728221931495 26.247224059945438 15.769819336594081 11.193399094569029 11.091404311300719 10.334527262108166 10.503565639664886 10.306769948219879 10.015809654199982
leaf_count=405 660 371 254 297 311 312 297 366
internal_value=-0.000996007 -0.00408006 -0.00862897 -0.0123542 -0.016405 0.00301001 -0.00229805 0.0091576
internal_weight=119.67 74.6364 58.8666 47.6732 36.5818 45.0334 20.8103 24.2231
internal_count=3273 1893 1522 1268 971 1380 609 771
is_linear=0
shrinkage=0.05


end of trees

feature_importances:
Column_162=163
Column_167=137
Column_112=121
Column_274=120
Column_126=117
Column_165=101
Column_104=97
Column_86=95
Column_399=93
Column_266=86
Column_381=84
Column_37=78
Column_83=78
Column_260=78
Column_68=72
Column_268=71
Column_393=71
Column_110=70
Column_364=66
Column_28=65
Column_309=62
Column_74=61
Column_207=60
Column_264=58
Column_297=57
Column_163=54
Column_221=53
Column_20=52
Column_41=49
Column_73=49
Column_120=47
Column_392=47
Column_70=45
Column_36=44
Column_66=44
Column_113=44
Column_209=44
Column_372=43
Column_71=42
Column_125=42
Column_64=41
Column_270=41
Column_365=40
Column_11=39
Column_394=38
Column_231=37
Column_30=36
Column_290=36
Column_305=36
Column_69=35
Column_103=35
Column_141=34
Column_386=33
Column_63=31
Column_21=30
Column_272=29
Column_383=29
Column_72=28
Column_119=27
Column_225=27
Column_356=27
Column_10=26
Column_244=26
Column_25=25
Column_301=25
Column_390=24
Column_303=23
Column_16=22
Column_56=22
Column_78=22
Column_216=22
Column_348=22
Column_349=22
Column_373=22
Column_397=22
Column_105=21
Column_130=21
Column_124=20
Column_230=20
Column_370=20
Column_19=19
Column_29=19
Column_191=19
Column_229=19
Column_299=19
Column_33=18
Column_307=18
Column_311=18
Column_357=18
Column_34=17
Column_111=17
Column_213=17
Column_355=16
Column_385=16
Column_8=15
Column_206=15
Column_220=15
Column_258=15
Column_79=14
Column_219=14
Column_9=13
Column_276=13
Column_55=12
Column_65=12
Column_223=12
Column_226=12
Column_375=11
Column_377=11
Column_7=10
Column_82=10
Column_117=10
Column_246=10
Column_387=10
Column_13=9
Column_46=9
Column_62=9
Column_211=9
Column_228=9
Column_262=9
Column_3=8
Column_5=8
Column_31=8
Column_81=8
Column_224=8
Column_353=8
Column_354=8
Column_388=8
Column_412=8
Column_15=7
Column_23=7
Column_137=7
Column_215=7
Column_379=7
Column_389=7
Column_87=6
Column_146=6
Column_190=6
Column_208=6
Column_240=6
Column_278=6
Column_6=5
Column_14=5
Column_17=5
Column_26=5
Column_32=5
Column_38=5
Column_57=5
Column_138=5
Column_174=5
Column_217=5
Column_242=5
Column_265=5
Column_359=5
Column_4=4
Column_27=4
Column_44=4
Column_48=4
Column_67=4
Column_115=4
Column_178=4
Column_254=4
Column_306=4
Column_0=3
Column_1=3
Column_42=3
Column_52=3
Column_53=3
Column_118=3
Column_148=3
Column_153=3
Column_210=3
Column_212=3
Column_256=3
Column_261=3
Column_284=3
Column_406=3
Column_40=2
Column_49=2
Column_51=2
Column_127=2
Column_214=2
Column_222=2
Column_238=2
Column_267=2
Column_280=2
Column_351=2
Column_358=2
Column_413=2
Column_24=1
Column_35=1
Column_43=1
Column_45=1
Column_50=1
Column_54=1
Column_80=1
Column_123=1
Column_143=1
Column_177=1
Column_182=1
Column_187=1
Column_227=1
Column_250=1
Column_286=1
Column_292=1
Column_296=1
Column_310=1
Column_319=1
Column_323=1
Column_331=1
Column_335=1
Column_352=1
Column_376=1
Column_378=1
Column_401=1

parameters:
[boosting: gbdt]
[objective: multiclass]
[metric: multi_logloss]
[tree_learner: serial]
[device_type: cpu]
[data_sample_strategy: bagging]
[data: ]
[valid: ]
[num_iterations: 200]
[learning_rate: 0.05]
[num_leaves: 31]
[num_threads: 8]
[seed: 42]
[deterministic: 0]
[force_col_wise: 0]
[force_row_wise: 0]
[histogram_pool_size: -1]
[max_depth: 5]
[min_data_in_leaf: 20]
[min_sum_hessian_in_leaf: 10]
[bagging_fraction: 0.8]
[pos_bagging_fraction: 1]
[neg_bagging_fraction: 1]
[bagging_freq: 0]
[bagging_seed: 400]
[bagging_by_query: 0]
[feature_fraction: 0.7]
[feature_fraction_bynode: 1]
[feature_fraction_seed: 30056]
[extra_trees: 0]
[extra_seed: 12879]
[early_stopping_round: 0]
[early_stopping_min_delta: 0]
[first_metric_only: 0]
[max_delta_step: 0]
[lambda_l1: 1]
[lambda_l2: 3]
[linear_lambda: 0]
[min_gain_to_split: 0]
[drop_rate: 0.1]
[max_drop: 50]
[skip_drop: 0.5]
[xgboost_dart_mode: 0]
[uniform_drop: 0]
[drop_seed: 17869]
[top_rate: 0.2]
[other_rate: 0.1]
[min_data_per_group: 100]
[max_cat_threshold: 32]
[cat_l2: 10]
[cat_smooth: 10]
[max_cat_to_onehot: 4]
[top_k: 20]
[monotone_constraints: ]
[monotone_constraints_method: basic]
[monotone_penalty: 0]
[feature_contri: ]
[forcedsplits_filename: ]
[refit_decay_rate: 0.9]
[cegb_tradeoff: 1]
[cegb_penalty_split: 0]
[cegb_penalty_feature_lazy: ]
[cegb_penalty_feature_coupled: ]
[path_smooth: 0]
[interaction_constraints: ]
[verbosity: -1]
[saved_feature_importance_type: 0]
[use_quantized_grad: 0]
[num_grad_quant_bins: 4]
[quant_train_renew_leaf: 0]
[stochastic_rounding: 1]
[linear_tree: 0]
[max_bin: 255]
[max_bin_by_feature: ]
[min_data_in_bin: 3]
[bin_construct_sample_cnt: 200000]
[data_random_seed: 175]
[is_enable_sparse: 1]
[enable_bundle: 1]
[use_missing: 1]
[zero_as_missing: 0]
[feature_pre_filter: 1]
[pre_partition: 0]
[two_round: 0]
[header: 0]
[label_column: ]
[weight_column: ]
[group_column: ]
[ignore_column: ]
[categorical_feature: ]
[forcedbins_filename: ]
[precise_float_parser: 0]
[parser_config_file: ]
[objective_seed: 16083]
[num_class: 3]
[is_unbalance: 0]
[scale_pos_weight: 1]
[sigmoid: 1]
[boost_from_average: 1]
[reg_sqrt: 0]
[alpha: 0.9]
[fair_c: 1]
[poisson_max_delta_step: 0.7]
[tweedie_variance_power: 1.5]
[lambdarank_truncation_level: 30]
[lambdarank_norm: 1]
[label_gain: ]
[lambdarank_position_bias_regularization: 0]
[eval_at: ]
[multi_error_top_k: 1]
[auc_mu_weights: ]
[num_machines: 1]
[local_listen_port: 12400]
[time_out: 120]
[machine_list_filename: ]
[machines: ]
[gpu_platform_id: -1]
[gpu_device_id: -1]
[gpu_use_dp: 0]
[num_gpu: 1]

end of parameters

pandas_categorical:null
