tree
version=v4
num_class=3
num_tree_per_iteration=3
label_index=0
max_feature_idx=416
objective=multiclass num_class:3
feature_names=Column_0 Column_1 Column_2 Column_3 Column_4 Column_5 Column_6 Column_7 Column_8 Column_9 Column_10 Column_11 Column_12 Column_13 Column_14 Column_15 Column_16 Column_17 Column_18 Column_19 Column_20 Column_21 Column_22 Column_23 Column_24 Column_25 Column_26 Column_27 Column_28 Column_29 Column_30 Column_31 Column_32 Column_33 Column_34 Column_35 Column_36 Column_37 Column_38 Column_39 Column_40 Column_41 Column_42 Column_43 Column_44 Column_45 Column_46 Column_47 Column_48 Column_49 Column_50 Column_51 Column_52 Column_53 Column_54 Column_55 Column_56 Column_57 Column_58 Column_59 Column_60 Column_61 Column_62 Column_63 Column_64 Column_65 Column_66 Column_67 Column_68 Column_69 Column_70 Column_71 Column_72 Column_73 Column_74 Column_75 Column_76 Column_77 Column_78 Column_79 Column_80 Column_81 Column_82 Column_83 Column_84 Column_85 Column_86 Column_87 Column_88 Column_89 Column_90 Column_91 Column_92 Column_93 Column_94 Column_95 Column_96 Column_97 Column_98 Column_99 Column_100 Column_101 Column_102 Column_103 Column_104 Column_105 Column_106 Column_107 Column_108 Column_109 Column_110 Column_111 Column_112 Column_113 Column_114 Column_115 Column_116 Column_117 Column_118 Column_119 Column_120 Column_121 Column_122 Column_123 Column_124 Column_125 Column_126 Column_127 Column_128 Column_129 Column_130 Column_131 Column_132 Column_133 Column_134 Column_135 Column_136 Column_137 Column_138 Column_139 Column_140 Column_141 Column_142 Column_143 Column_144 Column_145 Column_146 Column_147 Column_148 Column_149 Column_150 Column_151 Column_152 Column_153 Column_154 Column_155 Column_156 Column_157 Column_158 Column_159 Column_160 Column_161 Column_162 Column_163 Column_164 Column_165 Column_166 Column_167 Column_168 Column_169 Column_170 Column_171 Column_172 Column_173 Column_174 Column_175 Column_176 Column_177 Column_178 Column_179 Column_180 Column_181 Column_182 Column_183 Column_184 Column_185 Column_186 Column_187 Column_188 Column_189 Column_190 Column_191 Column_192 Column_193 Column_194 Column_195 Column_196 Column_197 Column_198 Column_199 Column_200 Column_201 Column_202 Column_203 Column_204 Column_205 Column_206 Column_207 Column_208 Column_209 Column_210 Column_211 Column_212 Column_213 Column_214 Column_215 Column_216 Column_217 Column_218 Column_219 Column_220 Column_221 Column_222 Column_223 Column_224 Column_225 Column_226 Column_227 Column_228 Column_229 Column_230 Column_231 Column_232 Column_233 Column_234 Column_235 Column_236 Column_237 Column_238 Column_239 Column_240 Column_241 Column_242 Column_243 Column_244 Column_245 Column_246 Column_247 Column_248 Column_249 Column_250 Column_251 Column_252 Column_253 Column_254 Column_255 Column_256 Column_257 Column_258 Column_259 Column_260 Column_261 Column_262 Column_263 Column_264 Column_265 Column_266 Column_267 Column_268 Column_269 Column_270 Column_271 Column_272 Column_273 Column_274 Column_275 Column_276 Column_277 Column_278 Column_279 Column_280 Column_281 Column_282 Column_283 Column_284 Column_285 Column_286 Column_287 Column_288 Column_289 Column_290 Column_291 Column_292 Column_293 Column_294 Column_295 Column_296 Column_297 Column_298 Column_299 Column_300 Column_301 Column_302 Column_303 Column_304 Column_305 Column_306 Column_307 Column_308 Column_309 Column_310 Column_311 Column_312 Column_313 Column_314 Column_315 Column_316 Column_317 Column_318 Column_319 Column_320 Column_321 Column_322 Column_323 Column_324 Column_325 Column_326 Column_327 Column_328 Column_329 Column_330 Column_331 Column_332 Column_333 Column_334 Column_335 Column_336 Column_337 Column_338 Column_339 Column_340 Column_341 Column_342 Column_343 Column_344 Column_345 Column_346 Column_347 Column_348 Column_349 Column_350 Column_351 Column_352 Column_353 Column_354 Column_355 Column_356 Column_357 Column_358 Column_359 Column_360 Column_361 Column_362 Column_363 Column_364 Column_365 Column_366 Column_367 Column_368 Column_369 Column_370 Column_371 Column_372 Column_373 Column_374 Column_375 Column_376 Column_377 Column_378 Column_379 Column_380 Column_381 Column_382 Column_383 Column_384 Column_385 Column_386 Column_387 Column_388 Column_389 Column_390 Column_391 Column_392 Column_393 Column_394 Column_395 Column_396 Column_397 Column_398 Column_399 Column_400 Column_401 Column_402 Column_403 Column_404 Column_405 Column_406 Column_407 Column_408 Column_409 Column_410 Column_411 Column_412 Column_413 Column_414 Column_415 Column_416
feature_infos=[-0.04063660470469526:0.034449883649438684] [-0.048761215487234666:0.043171400584702813] [-0.051367673547936872:0.039230492109516131] [-0.047571557351155924:0.030467837539056353] [-0.065875721562552642:0.054250553057818361] [-0.029708246198123622:0.018624669612478773] [-0.11598358804918732:0.070286994425755339] [-0.016442726197193003:0.0087387276372734579] [-0.14975674235391956:0.086906277274575838] [-0.0093174367883737119:0.0066669629425193389] [-0.19504176045692903:0.099355201025301793] [-0.0082757057785466381:0.0038265814483118277] [-0.047572310307886882:0.035815662941282286] [-0.070952128046979299:0.05204566916839419] [-0.10175491425471364:0.065756056591848647] [-0.039801139982624342:0.019211351543573976] [-0.033941845245365566:0.016797091351263407] [-0.0071444477262215169:0.0083975104117655543] [0:1] [0:0.94082847167009342] [0:0.54075710103240782] [0.00010176341459826542:0.62762871122785802] [-1:1] [-1:1] [-0.48671390300951417:1.4387741235342244] [0:0.18312646161216714] [-0.81762988474174025:4.7842838041366837] [-0.94303463070557203:1.8096946825645837] [0:0.24296345950597031] [-0.57430633157026911:2.3879274887791877] [0:0.13342729362854705] [0:0.10870792358655931] [0:0.99999999999997502] [0:0.2356036030361249] [0:0.14411163066705093] [0:0.99999999999997879] [0:0.24938171422991637] [0:0.16099170780137878] [0:0.99999999999998046] [-0.87926644224314499:1.6011276990001668] [-0.059502383705306597:0.045207791355349677] [0:0.0083200268930162195] [0.017189028068134746:0.96377361867944489] [0.11374079500395511:0.88542054235052403] [0:0.75456964013246564] [0:0.99999999999996281] [0:0.98505890665877771] [-1:1] [0:0.99999999999997502] [0:0.98596068980022433] [-1:1] [-1.9995182389452313:2] [-0.065823819375271264:0.052396442426251744] [-0.087963163521265542:0.076042366146962026] [-0.10801428491378073:0.081222834096746688] [-0.18930167241159201:0.12189064911341374] [0.060019549078468515:0.95938108215961648] [-0.99999999999988021:0] [0:1] [0:1] [0:1] [0:1] [0.046319404699849964:1.8680202863145685] [-0.82134294922056594:4.74931637792728] [0:1.6484132923234378] [-0.77760882885862459:2.9739973907805064] [0:1.1770970365443689] [-0.47160633191745061:0.76549039142324626] [0:1.027909504799652] [-0.32356909851148974:0.38104681572523869] [0.0012902996677373966:0.033431865530819484] [0:2.313602482035761] [0:0.024965591666927342] [0:2.040730711895054] [-1.837766062514298:0.78227132515917275] [0:0.99999999999972977] [0:0.96802557953559487] [0:0.96631059983493839] [0:4.2645849998577736] [0.99999999999091715:0.99999999999998723] [0.065103323444986011:4.3966487294255501] [0.077657468372529237:7.3045150904908915] [0:10.936566725614869] [-0.94957817141010814:0.89459903553127751] [0:1] [0:1] [-37428.978496479947:12548.823676110007] [-114.5621994923717:3048.1136213215395] [-0.059502383705306597:0.045207791355349677] [0:1] [0:1] [0:1] [0:0.99999999999972977] [0:1] [0:1] [0:1] [0:1] [0:1] [-8:8] none none none [0:1] [-0.062810367394121283:0.5] [-0.49037428421319718:0.48482283355462585] [-0.515523579549516:0.97405304450672336] [0:1] [0:1] [0:1] [0:1] [0:60] [0:60] [0:120] [0:120] [-1:1] [-1:1] [-1:1] [-5.2721011267688169:1.4138584074536245] [0:1] [-0.28553556918398532:0.11452492414237961] [-0.035667674599388688:0.015618318844834445] [-1:1] [0:1] [0:1] [-46:47] [-0.17869479265769836:0.14595424858447698] [-0.013429070901836315:0.0060811973412338016] [-1:1] [0:1] [0:1] [-40:42] [-0.16541851017220238:0] [-0.0081722503188584872:0] [-1:0] none [0:1] [-8:0] [-0.15380863452982432:0.077455917125933083] [-0.034550518748081682:0] [-1:1] none [0:0.66666666666666663] [0.96439512987607512:1.0512846577683166] [-0.039553771875762589:0.025075604693543196] [0:1] [0:1] [-0.037147710898982229:0.043404424358066171] [0:1] [-0.090927549744643232:0.0264629367966581] [0:1] [0:1] [0:1] [-0.12117669565948587:0.069867361154724278] [0.00061706765044880648:0.12117669565948587] [0:1] [0:1] [0:1] [0:1] [0:1] [0:1] [0:1] [-1:1] [0:5] [-0.036307036513576724:0.016590805760463047] [0:1] [-0.0098024542221824395:0.0089411965446552968] [-1:1] [-0.99709237307088316:0] [0:1] [0:1] [0:1] [0:1] [0:1] [0:1] [-1:1] [0:1] [0:1] [0:1] [0:0.99997961596477525] [-0.76397961596477426:0.23600000000000104] [0:1] [-0.61797961596477569:0.38200000000000056] [0:1] [-0.49997961596477369:0.5] [0:1] [-0.38197961596477475:0.61799999999999977] [0:1] [-0.21397961596477411:0.78600000000000037] [0:1] [0.23599999999999999:0.78600000000000003] [-0.83950459652707154:0.83330369412335203] [0:2.6936125735521896] [0:0.99997961596477525] none [0:1.6179796159647757] none [0:2.6179796159647757] none [0:1] none [0:1.6179999999999997] none [0:2.6179999999999999] none none none [0.0012902996677373966:0.033431865530819484] [0:6.8461238687700998] [0:6.9553614326271989] [1.5396908111863741:7.7017590203130712] [0:1] [0:13.140568763623424] [0:11.535518878589174] [0:19.049802938014892] [0:0.99996747332812719] [0:22.226261891777408] [0:21.755229522375636] [0:26.936125735521895] [0:0.99997961596477525] [0:33.752767753378983] [0:30.683535929876463] [0:46.676449197860606] [0:0.99986193923600575] [-12.660753196388615:6.3896069635993795] [-9.7059625522632942:8.5860268443476393] [-7.3383528569103671:11.693958676362229] [-17.31832511371783:8.8111660124097355] [-12.257122336605237:11.936760641238244] [-8.1289097770418639:15.075286677722497] [-30.915774665116718:5.2031612442752593] [0:119] [0:119] [0:2] [0:1] [0:2] [0:1] [0:2] [0:1] [0:2] [0:1] [0:2] [0:1] [0:2] [0:1] [0:1.1636363636363636] [0:1] [0:1] [0:1] [0:2] [0:1] [0:2] [0:1] [0:2] [0:1] [0:2] [0:1] [0:2] [0:1] [0:2] [0:1] [0:1.1636363636363636] [0:1] [0:1] [0:1] [1:119] [0:0.33707865168539325] [-0.63411094812221447:0.63675479523069101] [0:1] [-1.2924020883610197:0.2906168999481627] [0:1] [-1.6341109481222145:-0.36324520476930899] none [-2.292402088361023:-0.70938310005183736] none [-0.2924020883610231:1.2906168999481626] [0:1] [0.36588905187778559:1.6367547952306909] none [0.7075979116389769:2.2906168999481626] none [0.23586597054632191:0.76353896664937437] [0:1] [0:1] [0:1] [-1.0161109481222179:0.25475479523069255] [0:1] [-1.2521109481222146:0.018754795230689417] [0:1] [-1.6341109481222145:-0.36324520476930899] none [-0.25211094812221446:1.0187547952306895] [0:1] [-0.016110948122214374:1.2547547952306926] [0:1] [0.36588905187778559:1.6367547952306909] none [0.18294452593888846:0.81837739761532424] [-1.5006932285998271:0.39447900466562835] [0:1] [-1.2256932285998261:0.66947900466562382] [0:1] [-1.1340265619331613:0.76114567133229649] [0:1] [-1.0423598952664896:0.85281233799896172] [0:1] [-0.85902656193316018:1.0361456713322921] [0:1] [-0.76735989526649195:1.1278123379989571] [0:1] [-0.67569322859982384:1.2194790046656299] [0:1] [-0.40069322859982609:1.4944790046656253] [0:1] [0:1] [0:1] [0:1] [0:1] none none [0.017189028068134746:0.96377361867944489] [-0.48281097193186523:0.46377361867944489] [0:1] [0:1] [0:0.94270323977288417] [0:0.87924539559814952] [0:1] [-5.5200563381704626:3.9805350218063693] [0.11374079500395511:0.88542054235052403] [-0.38625920499604488:0.38542054235052403] [0:1] [0:1] [0:0.62086401665348301] [0:0.61806847450174685] [0:1] [-3.4888554571416863:2.5349513781860544] [0:0.75456964013246564] [-0.28809772812944018:0.25456964013246564] [0:1] none [0:0.29365909376480059] none [0:1] [-1.9637439099585876:1.4640030451158039] [0:1] none [-1:1] [0:1] [0:1] [-0.42941428361881639:0.46557420497316893] [-48:54] [0:0.77084108470104806] [0:0.77251840999208976] [-0.77251840999208976:0.77084108470104806] [0:0.34519650928467677] [0:0.47888868933462825] [-0.47888868933462825:0.34519650928467677] [0:1] [0:1] [-0.5676280458591032:0.65311114439696272] [-0.52197590335898902:0.60129463438858377] none none none none [0.28107829441152676:0.65953142654844565] [0.082583208001600031:0.5] [0:1] [0:1] [0:1] [0:1] [-0.4982591232348566:1.4592797421505588] [-2:2] [-0.14047333391240147:0.10358145428749865] [-0.18845509468446975:0.11176135488184658] [0:1] [-0.26513411924961128:0.19134104445508138] [0:1] [-0.28148695993209305:0.19580785335697093] [0:0.75] [-0.27879297028199501:0.19431156383329529] [0:0.5] [0:66.858621655229726] [0:6] [0:12] none [0:6] [-0.30213180145624041:1] [-0.26340467008671109:1.2236487417185031] [-0.33420312505240424:0.39400581581073996] [-1:1] [-0.01984823486369991:0.0076317706274826591] [0:5] [0:13] [-0.15379483030424296:0.087617261365806012] [-0.050539533924206292:0.018156285401297767] [0:1] [0:1] [-0.036307036513576724:0.016590805760463047] [0:1] [-0.28567001987801172:0.088377885216553348] [0:1] [-1:1] [0:1] none none [-0.029335528873588191:0.018723092405253564] [-0.063768572236705845:0.060871730856497663] [0.0029501761485536803:0.99013095432160303] none none none none [-1:1] [0:1] [0:1] none none
tree_sizes=2147 243 2156 2056 225 2153 2088 225 2282 2042 226 2576 2501 226 2600 2039 226 2599 2912 226 2404 2473 226 2610 2474 226 2401 2356 226 2183 2340 226 2253 2584 226 2483 2557 226 2556 2472 226 2254 2404 226 2376 2265 226 2777 2469 226 2393 2243 226 2116 2211 226 2053 2220 226 2245 2488 226 2334 2374 226 2274 2224 226 2052 2489 226 2149 2239 226 2235 2079 226 1882 1924 226 2241 2590 226 1989 2729 226 1977 2077 226 1921 2417 226 2083 2698 226 2141 2073 226 2061 2164 227 1742 2040 227 2054 2376 227 1745 2135 227 2178 2034 227 1607 2234 227 2268 1689 227 1608 1904 227 1445 1631 227 2182 1101 227 1811 1100 227 1420 1953 227 2270 1217 227 1399 2354 227 1929 1210 227 1832 2216 227 1001 2262 227 2020 1431 227 1398 2443 227 2106 2239 227 1928 1616 227 1312 1930 227 1745 1313 227 1536 995 227 1814 1221 227 997 1937 227 1842 1416 227 1276 2041 227 1845 1203 227 2048 1623 227 1097 1704 227 1313 2153 227 1100 1515 227 1760 1731 227 2068 1710 227 1316 1513 227 1703 1097 227 2470 2478 227 1187 2113 227 1233 2075 227 1202 1925 227 1449 1487 227 2291 2045 227 1718 1293 227 1420 1453 227 1834 1941 227 1839 2174 227 1641 2084 227 1318 1513 227 1670 2213 227 1238 1434 227 1448 2204 227 1201 1931 227 1816 1833 227 1738 1710 227 1644 1766 227 1522 1853 227 982 2118 227 1710 1959 227 1453 1852 227 1753 1816 227 1827 1914 227 1740 1933 227 1432 1336 227 1103 1906 227 1552 1546 227 1804 1832 227 1131 1834 227 1605 1997 227 1468 1653 227 1696 1634 227 1399 1635 227 1694 2035 227 1342 1563 227 1023 1298 227 1308 1516 227 1286 1438 227 1927 1906 227 1425 1801 227 974 1612 227 1527 1841 227 1748 1712 227 1444 1665 227 1026 1434 227 1500 1524 227 1000 1319 227 1540 1744 227 1527 1788 227 1217 1491 227 1716 1406 227 1302 1633 227 1177 1522 227 1404 1518 227 1728 1294 227 1285 1738 227 1527 1740 227 1497 1511 227 1395 1196 227 1391 1751 227 1840 1930 227 1616 1534 227 1408 1597 227 1517 1403 227 1629 1411 227 985 1852 227 1665 1467 227 1418 1293 227 1298 1619 227 1372 1619 227 1440 1326 227 1539 1382 227 1183 1499 227 1497 1193 227 1614 1480 227 1514 1314 227 1406 1379 227 1400 1325 227 1336 1405 227 1198 1635 227 1195 1639 227 1300 1548 227 1197 1263 227 1514 1200 227 1497 1393 227 1276 1416 227 907 1392 227 1070 1430 227 910 1480 227 1301 1407 227 1211 1396 227 1174 1469 227 1519 1365 227 1631 1305 227 1413 1470 227 1294 1404 227 1239 1334 227 1327 912 227 1200 1454 227 1108 1424 227 1184 1274 227 1085 1193 227 1345 1128 227 1529 1477 227 1009 1417 227 906 1387 227 1301 1249 227 1224 1192 227 1183 1397 227 1380 1389 227 1338 1194 227 1216 1357 227 1190 1081 227 1113 1189 227 1396 1176 227 1080 1169 227 1107 1413 227 1314 1258 227 1104 1390 227 1305 987 227 1324 1374 227 1215 1190 227 1213 1300 227 1295 1276 227 1173 1332 227 1211 1329 227 999 1196 227 1187 1302 227 1235

Tree=0
num_leaves=19
num_cat=0
split_feature=301 272 301 381 126 124 112 126 33 27 284 162 37 167 266 353 167 386
split_gain=954.499 159.496 45.2863 41.8304 60.2127 49.7336 26.7297 18.3985 20.5662 12.3141 9.16439 5.53853 4.98395 4.06041 3.20556 2.81684 2.53909 2.02873
threshold=-0.20861454631854517 -1.2792406163371226 -0.31531264240216872 1.0000000180025095e-35 -0.0033248512320200869 -33.499999999999993 117.50000000000001 -0.0019584198887366284 0.038522822379274339 0.7940383936626132 -0.41240283988959986 1.1138878189696446 0.013506328729144099 -0.258572609806687 0.16109194877627961 0.10870413067844541 -0.90244390831184784 -0.18262555824944879
decision_type=2 2 2 2 2 2 2 2 2 2 2 2 2 2 2 2 2 2
left_child=2 3 10 15 6 -6 -5 9 11 -4 16 -9 -10 -12 -3 -2 -1 -18
right_child=1 14 7 4 5 -7 -8 8 12 -11 13 -13 -14 -15 -16 -17 17 -19
leaf_value=-0.7053355994593975 -0.73459693434294149 -0.65823941160970223 -0.73559191828201731 -0.7012839852521513 -0.72051168459225112 -0.63914256221712051 -0.63409602886256633 -0.71699075646888122 -0.67973616149993965 -0.67852558564539456 -0.68598367912697844 -0.67852558564539456 -0.63473650990952979 -0.7260674652267769 -0.61727299331605034 -0.68995576517880797 -0.71003120484589666 -0.74220508072872238
leaf_weight=16.122060239315033 16.871923506259922 12.747675538063048 35.61850517988205 93.732908368110657 17.621786773204803 207.33719331026077 14.247402071952818 25.120419442653656 10.123154103755953 10.123154103755949 19.871376574039463 10.123154103755949 16.122060239315033 11.247949004173277 343.062444627285 10.123154103755949 19.871376574039459 359.55943650007248
leaf_count=43 45 34 95 250 47 553 38 67 27 27 53 27 43 30 915 27 53 959
internal_value=-0.679736 -0.642058 -0.730175 -0.665888 -0.660833 -0.646189 -0.690974 -0.699663 -0.680595 -0.722639 -0.737534 -0.705407 -0.64977 -0.704737 -0.618409 -0.72222 -0.739781 -0.740902
internal_weight=1249.65 715.744 533.903 359.934 332.939 224.959 107.98 107.23 61.4888 45.7417 426.672 35.2436 26.2452 31.1193 355.81 26.9951 395.553 379.431
internal_count=3333 1909 1424 960 888 600 288 286 164 122 1138 94 70 83 949 72 1055 1012
is_linear=0
shrinkage=1


Tree=1
num_leaves=1
num_cat=0
split_feature=
split_gain=
threshold=
decision_type=
left_child=
right_child=
leaf_value=-5.7137328055093688
leaf_weight=
leaf_count=3333
internal_value=
internal_weight=
internal_count=
is_linear=0
shrinkage=1


Tree=2
num_leaves=19
num_cat=0
split_feature=301 274 301 381 126 124 354 126 111 167 27 284 165 266 348 353 105 105
split_gain=957.178 152.981 44.0792 43.2084 53.7769 51.7165 29.597 18.3592 22.2055 16.3515 12.3215 8.76289 8.4372 3.24745 3.1567 2.77546 1.72917 0.712008
threshold=-0.20861454631854517 0.72075938366287728 -0.31531264240216872 1.0000000180025095e-35 -0.001557696012491727 -33.499999999999993 0.10584353702921258 -0.0019584198887366284 57.500000000000007 -0.52402169223193262 0.7940383936626132 -0.41240283988959986 0.0002280301890154961 0.16109194877627961 -0.19938654290433999 0.10870413067844541 -0.28422485993805041 -0.040573223097779935
decision_type=2 2 2 2 2 2 2 2 2 2 2 2 2 2 2 2 2 2
left_child=2 3 11 15 6 -6 -5 10 9 -9 -4 14 -13 -3 17 -2 -16 -1
right_child=1 13 7 4 5 -7 -8 8 -10 -11 -12 12 -14 -15 16 -17 -18 -19
leaf_value=-0.66621973098179232 -0.65820912897031603 -0.73459825364667852 -0.65718078252028145 -0.7206051134083461 -0.66155848608349821 -0.75590167591596791 -0.66507247931981905 -0.7558276511427432 -0.67047263960656434 -0.69749207920813416 -0.71432520046158754 -0.71982106684049019 -0.67099920683229941 -0.77549448790851194 -0.69015904477605461 -0.70289306507255878 -0.65076106010722412 -0.69620073190518006
leaf_weight=11.620302110910417 16.868180483579639 12.74484747648239 35.610603243112564 103.45817363262177 12.74484747648239 188.92362141609192 27.738785684108734 25.114846497774124 19.117271214723587 17.243028938770294 10.12090829014778 10.495756745338442 20.616665035486221 342.98633649945259 11.620302110910414 10.12090829014778 353.48209324479103 18.742422759532928
leaf_count=31 45 34 95 276 34 504 74 67 51 46 27 28 55 915 31 27 943 50
internal_value=-0.713454 -0.751189 -0.662939 -0.727833 -0.732967 -0.749022 -0.708417 -0.693095 -0.712176 -0.731493 -0.670129 -0.655672 -0.688046 -0.774358 -0.653461 -0.670566 -0.651679 -0.680012
internal_weight=1249.37 715.586 533.784 359.855 332.865 201.668 131.197 107.207 61.4751 42.3579 45.7315 426.578 31.1124 355.731 395.465 26.9891 365.102 30.3627
internal_count=3333 1909 1424 960 888 538 350 286 164 113 122 1138 83 949 1055 72 974 81
is_linear=0
shrinkage=1


Tree=3
num_leaves=18
num_cat=0
split_feature=301 272 301 381 126 385 126 111 167 112 83 284 111 266 167 386 256
split_gain=837.621 122.516 60.1124 38.5768 45.1958 39.5665 24.5133 30.4262 23.4399 22.4222 14.14 7.76266 5.57719 2.60363 2.43186 1.9552 1.16014
threshold=-0.18333333333333626 -1.2792406163371226 -0.31531264240216872 1.0000000180025095e-35 -0.0033248512320200869 5.5000000000000009 -0.0019584198887366284 57.500000000000007 -0.52402169223193262 117.50000000000001 0.28360340477420126 -0.41240283988959986 33.500000000000007 0.16109194877627961 -0.90244390831184784 -0.18262555824944879 1.9285714285714286
decision_type=2 2 2 2 2 2 2 2 2 2 2 2 2 2 2 2 2
left_child=2 3 11 16 9 -6 10 8 -8 -5 -4 14 -13 -3 -1 -16 -2
right_child=1 13 6 4 5 -7 7 -9 -10 -11 -12 12 -14 -15 15 -17 -18
leaf_value=-0.023299630895336806 -0.05094519711908984 0.020367409510976882 -0.051082146436726789 -0.017969716463969252 0.038883936264033407 -0.047444190346840803 0.046659657297915325 -0.041180403444346259 -0.014723723728119351 0.045958881579059987 0.0053096619565499723 0 -0.03858523391981445 0.058692047636444304 -0.02781331243410223 -0.058582871049140652 -0.013074700878356505
leaf_weight=16.111840128898621 15.349989354610443 12.734615385532377 47.187693387269974 83.238795071840286 192.21438145637512 11.238005161285399 34.788850545883179 24.727189898490906 22.857633650302887 13.104154020547865 11.61652961373329 11.995904684066774 19.116191416978836 341.17446675896645 19.856360733509064 358.81668570637703 10.121712505817413
leaf_count=43 41 34 126 222 514 30 93 66 61 35 31 32 51 915 53 959 27
internal_value=-5.92366e-06 0.0373364 -0.044779 0.0147722 0.0199991 0.0332532 -0.0155739 0.00164778 0.0219715 -0.00764581 -0.0394162 -0.0541668 -0.0235907 0.0576359 -0.0562547 -0.0573317 -0.040616
internal_weight=1246.25 679.176 567.075 325.267 299.795 203.452 141.178 82.3737 57.6465 96.3429 58.8042 425.897 31.1121 353.909 394.785 378.673 25.4717
internal_count=3333 1818 1515 869 801 544 377 220 154 257 157 1138 83 949 1055 1012 68
is_linear=0
shrinkage=0.05


Tree=4
num_leaves=1
num_cat=0
split_feature=
split_gain=
threshold=
decision_type=
left_child=
right_child=
leaf_value=0
leaf_weight=
leaf_count=3333
internal_value=
internal_weight=
internal_count=
is_linear=0
shrinkage=1


Tree=5
num_leaves=19
num_cat=0
split_feature=301 272 381 301 68 130 124 28 33 112 284 165 230 348 266 353 105 394
split_gain=838.461 135.344 38.8463 38.394 37.9139 31.8646 32.7479 25.1755 16.1362 9.83006 7.37041 7.82473 6.32489 2.92584 2.65342 2.31173 1.70901 1.42671
threshold=-0.20861454631854517 -1.2792406163371226 11.726461352729901 -0.31531264240216872 0.64751687181585027 -9.4999999999999982 19.500000000000004 0.041305941069889829 0.065251185771098549 110.50000000000001 -0.41240283988959986 0.0002280301890154961 110.50000000000001 -0.19938654290433999 0.16109194877627961 0.11246614900114986 -0.28422485993805041 -0.0046805414806573289
decision_type=2 2 2 2 2 2 2 2 2 2 2 2 2 2 2 2 2 2
left_child=3 2 4 10 15 7 -7 -4 9 12 13 -12 -5 17 -3 -2 -15 -1
right_child=1 14 5 8 -6 6 -8 -9 -10 -11 11 -13 -14 16 -16 -17 -18 -19
leaf_value=0.0065236896810673146 0.057316530569482396 -0.020019247850189527 -0.016736748228603739 0.039264254176543049 -0.035108929849924496 -0.039989239923128757 0.0020557638531656453 0.042053504445477119 -0.022457946584622936 -0.012739256317042928 -0.0064365521259746941 0.040444901969808739 0 0.021034989614837865 -0.058314936808567946 0.016652422998107753 0.05874237689313383 0.039006078224543148
leaf_weight=10.495478391647341 28.843852698802948 12.728217542171476 37.852716594934464 67.819094628095627 16.437756419181824 175.66165211796761 59.146551460027695 29.239521205425262 16.078411042690277 10.104689627885817 10.496028780937197 20.618704825639725 13.115589290857313 11.619080752134321 340.81917732954025 11.996882885694502 353.02924200892448 19.860851347446442
leaf_count=28 77 34 101 181 44 470 158 78 43 27 28 55 35 31 915 32 943 53
internal_value=5.41104e-06 -0.0353724 -0.0133974 0.047318 0.0231007 -0.0206452 -0.0292958 0.00887464 0.0191071 0.0274618 0.05411 0.0239893 0.0333525 0.0561583 -0.0572565 0.0484689 0.0578583 0.0308713
internal_weight=1245.96 712.726 359.179 533.237 57.2785 301.9 234.808 67.0922 107.118 91.0394 426.119 31.1147 80.9347 395.005 353.547 40.8407 364.648 30.3563
internal_count=3333 1909 960 1424 153 807 628 179 286 243 1138 83 216 1055 949 109 974 81
is_linear=0
shrinkage=0.05


Tree=6
num_leaves=18
num_cat=0
split_feature=309 272 303 381 126 124 165 207 126 111 266 165 266 167 103 262 394
split_gain=740.287 99.5661 63.0768 32.1375 42.3505 31.5519 22.5651 18.5665 15.9813 14.4098 6.90234 8.14768 2.18108 1.9799 2.02023 0.585463 0.145588
threshold=0.27499999999999952 -1.2792406163371226 -0.21735012550882096 1.0000000180025095e-35 -0.0033248512320200869 -33.499999999999993 -0.0028583984117052075 2.3770703749183251 0.00059127264019054337 35.500000000000007 -0.030285845431526143 0.00012386962814927825 0.16109194877627961 -0.90244390831184784 0.084076057070597024 0.36516853932584276 0.0013625712544782511
decision_type=2 2 2 2 2 2 2 2 2 2 2 2 2 2 2 2 2
left_child=2 3 10 15 7 -6 -4 -5 9 -8 13 -12 -3 -1 -15 -2 -13
right_child=1 12 6 4 5 -7 8 -9 -10 -11 11 16 -14 14 -16 -17 -18
leaf_value=-0.022243543993865255 -0.013099703819867959 0.019310639552424728 0.038368348344675292 -0.021776553050851955 -0.033293790104288609 0.039087532156072774 -0.0031603956773559047 0.026191298614678383 0.026949995409637769 -0.038664174524284341 0.0093247812960065898 -0.014769817477886547 0.05552616216981069 -0.026167961439054612 -0.055168242299758211 -0.04679757316956118 -0.047656724193916492
leaf_weight=16.426454126834869 10.476383209228517 12.711682856082914 15.630960702896116 65.576398611068726 13.431478291749952 176.34845679998398 50.446815371513367 25.066289067268372 13.05270531773567 76.94437175989151 10.117095291614531 10.098746240139009 337.05213859677315 21.155587434768677 356.9602587223053 13.382907748222349 12.331716507673262
leaf_count=44 28 34 42 175 36 474 135 67 35 206 27 27 915 57 962 36 33
internal_value=-3.21763e-05 0.0363703 -0.0409217 0.0150082 0.0199524 0.0332671 -0.0129652 -0.00756348 -0.01971 -0.0253844 -0.0508601 -0.022556 0.0545271 -0.0528814 -0.0538956 -0.0369785 -0.0383055
internal_weight=1237.21 654.046 583.165 304.282 280.423 189.78 156.075 90.6427 140.444 127.391 427.09 32.5476 349.764 394.542 378.116 23.8593 22.4305
internal_count=3333 1765 1568 816 752 510 418 242 376 341 1150 87 949 1063 1019 64 60
is_linear=0
shrinkage=0.05


Tree=7
num_leaves=1
num_cat=0
split_feature=
split_gain=
threshold=
decision_type=
left_child=
right_child=
leaf_value=0
leaf_weight=
leaf_count=3333
internal_value=
internal_weight=
internal_count=
is_linear=0
shrinkage=1


Tree=8
num_leaves=20
num_cat=0
split_feature=307 272 301 163 162 372 165 231 124 111 354 209 284 165 348 266 236 266 301
split_gain=740.683 101.616 54.7461 29.837 32.0147 30.0893 21.618 18.6402 15.8715 13.125 9.41131 6.82591 6.43638 7.20436 2.82126 6.84864 2.56035 2.23586 0.518614
threshold=0.18333333333333185 -1.2792406163371226 -0.31531264240216872 -0.0034666264531106948 1.1736885256911191 -0.012699267579872052 -0.0028583984117052075 40.500000000000007 -10.499999999999998 35.500000000000007 0.20103278705342867 3.5912644374096092 -0.41240283988959986 0.0002280301890154961 -0.19938654290433999 -0.28814001037884485 0.43750000000000006 0.16109194877627961 0.060060003595006503
decision_type=2 2 2 2 2 2 2 2 2 2 2 2 2 2 2 2 2 2 2
left_child=2 3 12 8 5 -5 -4 -6 -2 11 -11 -8 14 -14 15 -1 -16 -3 -10
right_child=1 17 6 4 7 -7 9 -9 18 10 -12 -13 13 -15 16 -17 -18 -19 -20
leaf_value=0.043677097347851586 0.0089215715455331478 -0.018966009243542442 -0.0385182545150266 -0.024173724494362041 0.016457474065762586 0.025325325548245833 0.01511892659836965 -0.038738280563451702 -0.049033773111240048 0.038942904215997637 -0.0068991793064022968 -0.020816168471451121 -0.00644748087749452 0.038416706962037223 0.030432161920898509 -0.00098091861030284852 0.056362270637420588 -0.055185645707614708 -0.016193593884504344
leaf_weight=20.157424658536915 12.682935923337935 12.701919913291929 13.757313162088392 40.616567969322205 16.022292345762253 97.448431223630905 29.139262080192566 71.217558592557907 70.252737641334534 74.009565979242325 10.051794141530989 19.427954494953156 10.49535968899727 20.569898515939713 30.844174683094025 10.086975663900374 330.96798342466354 336.44065573811531 10.029924750328062
leaf_count=54 34 34 37 109 43 261 78 191 189 198 27 52 28 55 83 27 891 915 27
internal_value=3.00447e-05 -0.0355982 0.0418383 -0.0147397 -0.00447861 0.0102046 0.0146099 -0.0278369 -0.0381693 0.0212195 0.0328381 0 0.0509719 0.0225587 0.0529083 0.0285345 0.0545572 -0.0541828 -0.0462624
internal_weight=1236.92 667.413 569.508 318.27 225.305 138.065 146.386 87.2399 92.9656 132.629 84.0614 48.5672 423.122 31.0653 392.057 30.2444 361.812 349.143 80.2827
internal_count=3333 1803 1530 854 604 370 392 234 250 355 225 130 1138 83 1055 81 974 949 216
is_linear=0
shrinkage=0.05


Tree=9
num_leaves=18
num_cat=0
split_feature=307 274 305 165 162 391 165 365 162 130 167 72 284 165 167 226 191
split_gain=657.682 95.2593 48.8173 27.6193 24.9236 31.042 19.7656 14.588 11.6668 16.0514 7.77561 6.62419 6.06211 6.56497 2.35658 2.57235 2.22797
threshold=0.18333333333333185 0.72075938366287728 -0.040312642402171577 -0.0019715911473182379 1.1736885256911191 2.5000000000000004 -0.0028583984117052075 0.18416550881576779 1.1252079450142063 -4.4999999999999991 -0.77207482476716482 0.0058174196371188975 -0.41240283988959986 0.0002280301890154961 -0.90244390831184784 5.5349291802951708 0.4695786615139958
decision_type=2 2 2 2 2 2 2 2 2 2 2 2 2 2 2 2 2
left_child=2 3 12 11 5 -5 -4 -6 10 -10 -8 -2 14 -14 -1 -16 -3
right_child=1 16 6 4 7 -7 8 -9 9 -11 -12 -13 13 -15 15 -17 -18
leaf_value=-0.019371946668934117 0.010497400122441955 0.014837486934848954 0.036983140693022887 -0.020443705829219623 0.037375970066841978 0.031989530586367214 0 0 -0.043364953854010735 0.011458510238209129 -0.040777262894135025 0.052117013308390026 0.0065452636247126175 -0.036171400233087979 -0.052306179454033624 -0.01734752240539433 0.05274885954657367
leaf_weight=15.954736441373823 18.17941603064537 10.539855152368544 13.668973833322523 112.08878627419472 67.489375501871109 34.027625113725662 12.271784037351607 38.992184907197952 15.240005910396574 45.491490989923477 59.247305691242218 46.185461968183517 10.495541244745256 20.443682998418808 356.86729627847672 13.561532795429228 333.29848766326904
leaf_count=43 49 29 37 301 182 92 33 105 41 122 159 125 28 55 975 37 920
internal_value=-3.76271e-05 0.0336893 -0.0396636 0.0135102 0.00562222 -0.00749981 -0.0139119 0.0237974 -0.0202456 -0.00290809 -0.0335872 0.0420951 -0.0483853 -0.0209097 -0.0502789 -0.0513099 0.0518693
internal_weight=1224.04 660.801 563.242 316.963 252.598 146.116 145.92 106.482 132.251 60.7315 71.5191 64.3649 417.323 30.9392 386.384 370.429 343.838
internal_count=3333 1803 1530 854 680 393 392 287 355 163 192 174 1138 83 1055 1012 949
is_linear=0
shrinkage=0.05


Tree=10
num_leaves=1
num_cat=0
split_feature=
split_gain=
threshold=
decision_type=
left_child=
right_child=
leaf_value=0
leaf_weight=
leaf_count=3333
internal_value=
internal_weight=
internal_count=
is_linear=0
shrinkage=1


Tree=11
num_leaves=23
num_cat=0
split_feature=303 278 370 305 372 381 266 387 33 364 399 278 162 28 230 266 105 348 120 33 103 348
split_gain=653.071 110.459 38.6419 30.3556 20.9892 17.9416 14.5288 13.055 12.9034 12.682 10.8546 10.3535 10.9399 13.3417 7.49876 6.07516 7.00666 5.29114 5.10039 2.40061 3.85282 2.78757
threshold=-0.11708730419453468 1.6468042358485124 0.38906657537435679 -0.040312642402171577 -0.0029314083486354776 1.0000000180025095e-35 0.056606458452835524 -0.21918521266967653 0.065251185771098549 0.55412658145284832 -0.1899034414309938 1.7713782250510366 0.4668811514755678 0.023796768405213446 110.50000000000001 -0.086840092532080512 -0.0091603771925369542 0.056964724810513089 -0.029586090440900877 0.0046472265430307549 0.15205443646550007 -0.19938654290433999
decision_type=2 2 2 2 2 2 2 2 2 2 2 2 2 2 2 2 2 2 2 2 2 2
left_child=3 2 5 15 10 -2 -6 -7 9 14 -4 12 13 -3 -5 19 -17 -18 -14 20 -1 -21
right_child=1 11 4 8 6 7 -8 -9 -10 -11 -12 -13 18 -15 -16 16 17 -19 -20 21 -22 -23
leaf_value=0 0.027935515796947682 0.030740593060592326 0.03218470507687677 0.040309062458210636 0.050681083002273357 0.0083752180323726968 0.0034827696520949754 -0.036984176233195491 -0.02027937860840693 -0.011500923168715666 -0.016432040791327721 -0.053296941124614063 -0.0028476917775634922 -0.030147699094929339 0 0.044213631804241059 -0.010353301611809751 0.028749352172845712 -0.044891347693668537 0.027424326766219444 0.040970513487317006 0.054179860911495903
leaf_weight=10.289304614067079 11.169531583786009 11.816762596368791 10.76321032643318 60.645125567913055 37.594384044408798 15.314720660448073 32.115066468715668 109.41098240017891 15.928400695323942 16.459635823965073 58.287197828292847 291.0223796069622 11.054629325866697 19.144205540418625 13.065505087375639 29.92702043056488 15.210824668407442 12.215430617332457 91.858003705739975 28.178300738334656 10.254084080457686 312.03459110856056
leaf_count=28 30 32 29 163 101 41 86 296 43 44 157 806 30 52 35 81 41 33 250 76 28 851
internal_value=3.30218e-05 -0.0314904 -0.00645639 0.0421353 0.0117491 -0.0252579 0.0306654 -0.0309573 0.0168729 0.0244141 -0.00713541 -0.0473969 -0.0333187 -0.00477374 0.0332219 0.0482613 0.0282456 0.00653684 -0.0410558 0.0510467 0.0231487 0.0523686
internal_weight=1223.76 699.551 274.655 524.208 138.76 135.895 69.7095 124.726 106.099 90.1703 69.0504 424.896 133.874 30.961 73.7106 418.11 57.3533 27.4263 102.913 360.756 20.5434 340.213
internal_count=3333 1910 740 1423 373 367 187 337 285 242 186 1170 364 84 198 1138 155 74 280 983 56 927
is_linear=0
shrinkage=0.05


Tree=12
num_leaves=22
num_cat=0
split_feature=307 268 301 126 381 68 207 126 111 381 399 110 355 268 16 284 165 266 226 165 307
split_gain=584.3 87.2852 44.0846 26.2454 39.4507 30.208 19.5017 18.9124 27.3796 22.4324 11.7474 10.0387 9.45817 7.4626 6.86287 5.59716 6.05841 4.14232 2.16654 2.12825 0.455472
threshold=0.18333333333333185 -0.29317543734241319 -0.31531264240216872 -0.0033248512320200869 11.726461352729901 0.64751687181585027 2.3770703749183251 -0.0019584198887366284 57.500000000000007 11.726461352729901 -0.20359847811242004 53.500000000000007 0.028094529845785473 -0.48792230566405154 0.0029536240794854683 -0.41240283988959986 0.0002280301890154961 0.16109194877627961 5.5349291802951708 -0.0020840720551956833 0.39567104035685524
decision_type=2 2 2 2 2 2 2 2 2 2 2 2 2 2 2 2 2 2 2 2 2
left_child=2 3 15 6 5 -5 11 12 9 -9 -6 -2 -4 -8 -14 18 -17 -3 19 -1 -19
right_child=1 17 7 4 10 -7 13 8 -10 -11 -12 -13 14 -15 -16 16 -18 20 -20 -21 -22
leaf_value=-0.027594431663368682 -0.042416435672288436 0.015546396825548757 -0.049602832006163666 -0.041670257346131834 -0.0071061329339339009 0.037220032872702931 -0.001640962239826279 -0.027302592458208444 -0.037402006117463735 0.038435970813355043 0.037655308882961314 -0.002628267731546828 0.015363915005651572 0.047056981602730391 -0.031878191887300851 0.0065982370737425735 -0.034367323566328566 0.026198380905617342 -0.015919046798127331 -0.050493685040873863 0.051301544670829181
leaf_weight=33.429909855127335 33.272738873958588 16.653202772140503 35.752725750207901 34.3023621737957 13.257376492023466 14.692184865474699 11.188896179199221 14.518978416919706 26.704734206199646 44.465557008981705 146.41423645615578 34.049386620521545 12.69301098585129 13.368421226739882 11.189778119325636 10.492530435323717 20.28549787402153 20.145302712917328 13.429258942604063 332.85812222957611 314.60608693957329
leaf_count=92 89 45 97 93 36 40 30 39 72 120 399 91 34 36 30 28 55 56 37 926 888
internal_value=-4.4387e-05 0.0319588 -0.0376421 0.0117803 0.0215661 -0.0162689 -0.00989646 -0.0131362 0.00152278 0.0209096 0.0335689 -0.0239745 -0.0340619 0.0252915 -0.00599783 -0.0460386 -0.0195758 0.04883 -0.0478826 -0.0487803 0.050185
internal_weight=1207.77 651.95 555.82 300.546 208.666 48.9945 91.8794 145.325 85.6893 58.9845 159.672 67.3221 59.6355 24.5573 23.8828 410.495 30.778 351.405 379.717 366.288 334.751
internal_count=3333 1803 1530 814 568 133 246 392 231 159 435 180 161 66 64 1138 83 989 1055 1018 944
is_linear=0
shrinkage=0.05


Tree=13
num_leaves=1
num_cat=0
split_feature=
split_gain=
threshold=
decision_type=
left_child=
right_child=
leaf_value=0
leaf_weight=
leaf_count=3333
internal_value=
internal_weight=
internal_count=
is_linear=0
shrinkage=1


Tree=14
num_leaves=23
num_cat=0
split_feature=307 268 305 165 270 165 126 163 364 355 284 165 224 230 111 224 372 206 270 105 348 307
split_gain=581.639 83.8363 44.4175 24.4861 19.711 18.0246 17.5435 17.0768 10.2888 13.7273 5.97724 17.0102 5.65701 4.72028 4.37243 4.32847 5.9822 3.77054 2.75232 2.7449 2.5868 0.623291
threshold=0.18333333333333185 -0.28886475709894605 -0.040312642402171577 -0.0019715911473182379 -1.0741341037753875 -0.0022315015258672836 -0.0033248512320200869 -0.0023351101161529419 0.55412658145284832 -0.20247988598401759 -0.54029319876853521 -0.00040235892212272997 2.1062447841029486 99.500000000000014 20.500000000000004 -3.04371615964804 -0.019358347035412612 0.0085616429839793558 -0.83890805122372025 -0.24040778283223627 -0.19938654290433999 0.39567104035685524
decision_type=2 2 2 2 2 2 2 2 2 2 2 2 2 2 2 2 2 2 2 2 2 2
left_child=2 3 10 15 7 17 -6 -5 9 -7 19 14 -10 -13 -12 16 -2 -4 -3 -1 -21 -20
right_child=1 18 5 4 6 8 -8 -9 12 -11 11 13 -14 -15 -16 -17 -18 -19 21 20 -22 -23
leaf_value=0.019728781119712657 -0.038341029597937504 -0.016903389799510865 0 -0.025666155083676031 0.0073853543245412726 -0.020442755054650569 -0.023175938534832737 0.038468478747023548 -0.032114087663875246 0.033986566722917715 -0.026810724471908388 0.049184431549996306 0.012416905779622272 0.013576941037342983 0.012549064662424473 -0.050143321566949298 0.0057503411360254053 -0.04041746175113814 -0.024329515240223035 0.024480202538814264 0.053178550116161155 -0.05099283062521423
leaf_weight=17.508628308773041 11.286210089921953 15.161426931619642 11.87954565882683 10.643152117729185 69.140445321798325 10.017616868019102 124.96163588762283 37.431618630886078 10.0964592397213 90.10312157869339 10.320414990186693 61.038903832435608 11.199530333280562 19.265189170837402 10.578842997550963 39.809033453464508 11.783374279737471 12.092288643121718 17.863864481449127 22.762129366397858 270.05424726009369 312.49338534474373
leaf_count=48 31 41 32 29 185 27 340 101 27 243 28 168 30 53 29 109 32 33 50 62 750 885
internal_value=3.69107e-05 -0.0319619 0.0374773 -0.0124555 -0.00480336 0.0128918 -0.0120894 0.0226173 0.0209286 0.0276195 0.0458863 0.0318155 -0.00799583 0.0420389 -0.00572102 -0.0396081 -0.0158322 -0.0237611 -0.048785 0.049967 0.0513876 -0.0499329
internal_weight=1207.49 650.574 556.917 305.055 242.177 145.389 194.102 48.0748 121.417 100.121 411.528 101.203 21.296 80.3041 20.8993 62.8786 23.0696 23.9718 345.519 310.325 292.816 330.357
internal_count=3333 1803 1530 827 655 392 525 130 327 270 1138 278 57 221 57 172 63 65 976 860 812 935
is_linear=0
shrinkage=0.05


Tree=15
num_leaves=18
num_cat=0
split_feature=307 268 301 381 319 266 33 111 167 392 284 211 111 266 167 103 256
split_gain=520.398 80.0456 40.2049 23.3947 20.9737 17.2696 15.3299 13.984 11.9107 9.79991 5.33048 4.36554 4.30917 3.83521 2.67379 2.61467 0.931627
threshold=0.18333333333333185 -0.29317543734241319 -0.31531264240216872 1.0000000180025095e-35 0.49279539703059971 0.045846783303281569 0.066481870503312682 33.500000000000007 -0.258572609806687 10.500000000000002 -0.41240283988959986 4.5095220161912382 35.500000000000007 0.16109194877627961 -0.90244390831184784 0.084076057070597024 1.6904761904761907
decision_type=2 2 2 2 2 2 2 2 2 2 2 2 2 2 2 2 2
left_child=2 3 10 16 9 -6 7 8 -4 -5 14 -9 -12 -3 -1 -16 -2
right_child=1 13 6 4 5 -7 -8 11 -10 -11 12 -13 -14 -15 15 -17 -18
leaf_value=-0.015421520536549363 -0.043152701037137101 0.014665882402744128 0.015923671933786708 0.032566199175760778 -0.031475338446149116 0.010566280916936434 0.026881145570198696 -0.035908576473626289 -0.037770597416216051 -0.0080473540921959363 0 0 -0.033548927767692575 0.048159929764853303 -0.019632514842891861 -0.048137166652657243 -0.0097919124164216505
leaf_weight=15.611250549554823 13.423141688108444 16.591067492961884 37.481374442577362 130.69636508822441 28.789185643196106 101.8409711420536 17.897257775068283 67.983085691928864 10.754416614770888 13.379744648933409 14.115593373775484 10.285356611013411 16.439292371273041 326.40301713347435 20.279075235128403 335.9870333969593 10.375536143779755
leaf_count=43 37 45 101 359 78 276 49 185 29 36 38 28 45 944 57 955 28
internal_value=-4.53813e-05 0.0303973 -0.0358201 0.0110768 0.0154097 0.000428075 -0.0123657 -0.0187983 0.00146576 0.0283674 -0.043959 -0.0314951 -0.0181933 0.0468255 -0.0457801 -0.0468313 -0.0331985
internal_weight=1188.33 641.499 546.834 298.505 274.706 130.63 144.401 126.504 48.2358 144.076 402.432 78.2684 30.5549 342.994 371.877 356.266 23.7987
internal_count=3333 1803 1530 814 749 354 392 343 130 395 1138 213 83 989 1055 1012 65
is_linear=0
shrinkage=0.05


Tree=16
num_leaves=1
num_cat=0
split_feature=
split_gain=
threshold=
decision_type=
left_child=
right_child=
leaf_value=0
leaf_weight=
leaf_count=3333
internal_value=
internal_weight=
internal_count=
is_linear=0
shrinkage=1


Tree=17
num_leaves=23
num_cat=0
split_feature=301 272 165 272 165 162 391 365 244 364 214 53 268 162 68 27 165 120 187 20 165 112
split_gain=518.62 91.7951 33.5132 25.2402 19.6432 19.3475 31.6099 12.1898 11.2028 11.0582 9.58904 9.40339 8.75523 10.1205 10.5043 6.12422 5.83221 4.73859 3.51327 2.49658 1.9065 1.17105
threshold=-0.20861454631854517 -1.3531957641514876 -0.0019715911473182379 -1.7117263601167145 -0.00033580621961670825 1.297226055098555 2.5000000000000004 0.21596294245998576 1.0636363636363637 0.48334811388311993 0.70803132599171492 0.0025176540421512077 -0.22891406029957626 0.4668811514755678 0.32340334767044332 -0.060944529680435004 -0.0017532637232443649 -0.029586090440900877 0.67405970618505184 0.060757783663726278 -8.420920341587592e-06 115.50000000000001
decision_type=2 2 2 2 2 2 2 2 2 2 2 2 2 2 2 2 2 2 2 2 2 2
left_child=3 2 15 18 7 6 -4 10 20 -7 -5 -10 13 14 -3 -2 -9 -15 19 -1 -6 -21
right_child=1 12 5 4 8 9 -8 16 11 -11 -12 -13 -14 17 -16 -17 -18 -19 -20 21 -22 -23
leaf_value=0.013287103742591783 -0.0062267745069782702 0.025929708026606796 0.025036715743461557 -0.010364186185916346 0.015327544470971361 0.0084427589943507908 -0.032527458396592095 -0.036830420537375862 0.03014382928530554 -0.033107602132618964 0.037020923414885373 -0.0293816522843676 -0.049012450873999525 -0.0012672939261526037 -0.027745888044865594 -0.046246430554178056 0.0036412572623080899 -0.041561338867780559 0.010972940538391776 0.050180521117506642 0.044108103821663677 0.015798662934026923
leaf_weight=11.498899102210997 17.034763365983963 13.166426241397859 120.31827908754349 13.656161248683928 16.769512057304382 20.972939997911453 26.190471798181534 19.076016366481785 10.218936234712602 41.147604584693909 24.080838918685913 10.317892313003538 277.22156438231468 10.941976785659788 17.34503972530365 45.488413155078888 10.656031191349028 89.277485758066177 12.132467716932295 280.24458190798759 90.0082106590271 10.30211955308914
leaf_count=32 47 36 325 37 46 57 72 52 28 112 66 28 807 30 48 126 29 249 34 794 249 29
internal_value=3.40124e-05 -0.028472 -0.00561147 0.0381111 0.0228997 0.00391614 0.0139657 0.000235369 0.0342448 -0.018569 0.0191455 0 -0.0433931 -0.0302708 -0.00284382 -0.0368903 -0.0217934 -0.0378111 0.0470783 0.0482425 0.040586 0.0493057
internal_weight=1188.07 679.105 271.152 508.962 194.784 208.629 146.509 67.469 127.315 62.1205 37.737 20.5368 407.952 130.731 30.5115 62.5232 29.732 100.219 314.178 302.046 106.778 290.547
internal_count=3333 1909 739 1424 535 566 397 184 351 169 103 56 1170 363 84 173 81 279 889 855 295 823
is_linear=0
shrinkage=0.05


Tree=18
num_leaves=26
num_cat=0
split_feature=311 303 274 126 111 381 33 284 110 126 244 401 126 381 284 165 112 228 216 52 165 103 104 266 153
split_gain=465.099 77.3367 38.1714 26.7813 38.1484 25.9973 21.3451 37.7479 17.8974 10.5447 18.1521 10.1856 8.65347 8.29113 7.27965 8.51017 4.64402 4.56411 3.16418 3.08991 2.78984 7.09778 3.18151 1.7935 0.271871
threshold=0.60074480183274603 -0.20025645467055606 0.72075938366287728 -0.0019584198887366284 57.500000000000007 11.726461352729901 0.017478035434505022 -0.27940680602473211 50.500000000000007 -0.001557696012491727 0.3727272727272728 -1.0000000180025095e-35 0.001721188402613816 12.092213198541524 -0.41240283988959986 -8.420920341587592e-06 38.500000000000007 3.5545755233189533 6.2703898658809303 -0.0015019081694658818 -0.0020840720551956833 0.2446913608315758 -0.18883921161544462 0.16109194877627961 0.0020945154737554493
decision_type=2 2 2 2 2 2 2 2 2 2 2 2 2 2 2 2 2 2 2 2 2 2 2 2 2
left_child=1 14 6 8 5 -5 7 19 18 10 -8 -9 -6 -11 20 -16 -17 -10 -3 -2 21 -1 -22 -4 -25
right_child=2 3 23 4 12 -7 9 11 17 13 -12 -13 -14 -15 15 16 -18 -19 -20 -21 22 -23 -24 24 -26
leaf_value=-0.037373350552724685 -0.0075682361324275697 -0.050129467436062017 0.0145787868323015 -0.016086990674174708 -0.041040376309440268 0.03958498020996145 -0.041502578085516363 -0.004739805460113173 0.020896283790670551 0.004007921514244831 0.030611025134626164 0.040094325076510527 0.0059085839502227627 0.047556643456901637 0.013411689155702775 0 -0.045379908545084661 -0.01230626185026793 -0.0098824256579836053 -0.049014472896606369 -0.026847463891855439 0.0055404763819580588 -0.047876113647296131 0.017488151711117644 0.047463623090057028
leaf_weight=23.997889310121536 10.566189676523207 42.732393264770508 12.463891059160231 25.268927127122879 33.278059631586075 75.255543142557144 10.421558976173403 15.559875071048735 14.081838011741636 16.687036782503128 21.344141602516174 34.059379786252975 10.131801873445509 67.487794309854507 11.950202554464338 10.218999892473223 17.640790522098541 23.091594815254211 11.094669967889784 24.869925409555435 46.022721588611603 11.062484383583067 291.21772283315659 10.733139008283613 296.05380213260651
leaf_count=68 29 117 34 69 91 207 28 42 38 46 58 93 28 189 32 28 49 62 30 68 133 31 848 32 883
internal_value=-5.57196e-05 -0.0283418 0.0349897 -0.00510335 0.00804242 0.025047 0.0171495 -0.00137188 -0.0260209 0.0308493 0.00397431 0.0256161 -0.0293316 0.039932 -0.0413364 -0.0169573 -0.0316415 0 -0.0436734 -0.0395124 -0.0436536 -0.0231498 -0.0454153 0.0458022 0.0467558
internal_weight=1167.29 647.046 520.247 234.935 143.934 100.524 200.996 85.0554 91.0005 115.941 31.7657 49.6193 43.4099 84.1748 412.111 39.81 27.8598 37.1734 53.8271 35.4361 372.301 35.0604 337.24 319.251 306.787
internal_count=3333 1831 1502 642 395 276 553 232 247 321 86 135 119 235 1189 109 77 100 147 97 1080 99 981 949 915
is_linear=0
shrinkage=0.05


Tree=19
num_leaves=1
num_cat=0
split_feature=
split_gain=
threshold=
decision_type=
left_child=
right_child=
leaf_value=0
leaf_weight=
leaf_count=3333
internal_value=
internal_weight=
internal_count=
is_linear=0
shrinkage=1


Tree=20
num_leaves=21
num_cat=0
split_feature=303 272 165 272 165 163 162 124 270 37 163 68 73 268 162 68 72 120 226 406
split_gain=462.216 84.5735 30.8356 23.9396 21.5307 19.0859 32.1731 12.7803 9.89411 10.497 9.81857 14.2797 10.1796 8.42092 9.60223 9.81991 7.54195 4.57556 4.33469 1.55659
threshold=-0.11708730419453468 -1.3531957641514876 -0.0019715911473182379 -1.7630708466778071 -0.00040235892212272997 -0.0034666264531106948 1.1938959433423826 -9.4999999999999982 -0.97665800295815575 0.029603442119661583 0.0049891780008746141 0.39759725526744211 1.1051626524198424 -0.22891406029957626 0.4668811514755678 0.32340334767044332 0.0058174196371188975 -0.029586090440900877 5.5349291802951708 -0.0056228371827757298
decision_type=2 2 2 2 2 2 2 2 2 2 2 2 2 2 2 2 2 2 2 2
left_child=3 2 16 18 10 7 -7 -4 19 -10 12 -12 -5 14 15 -3 -2 -16 -1 -6
right_child=1 13 5 4 8 6 -8 -9 9 -11 11 -13 -14 -15 17 -17 -18 -19 -20 -21
leaf_value=0.048276605785159694 -0.0033909230959440228 0.025663611061204041 0.018667022696398479 0.034516143406191489 0.014433950899886841 0.028725615163739365 -0.01726141132728783 -0.0359888697634465 0.036171416606203398 -0.0091714478441757164 -0.053541285969321895 0.005064984829169907 -0.015161601040510307 -0.047257891760446438 -0.00047035125484622896 -0.026412875835933092 -0.045894878880402126 -0.039903108234765693 0.008047459441312587 0.04537129147216943
leaf_weight=254.92494213581085 17.441163748502731 13.135662049055101 11.063791513442991 28.572573840618134 13.173647880554197 104.39711439609528 55.004633396863937 37.609189838171005 20.221854239702225 23.575799971818924 12.422959446907042 26.720610946416855 11.593684673309324 268.98882594704628 10.899088740348814 17.157496899366379 44.309418469667435 87.903012275695801 11.333856284618376 96.583633571863174
leaf_count=740 48 36 30 79 37 283 150 104 56 64 34 74 32 807 30 48 125 249 32 275
internal_value=3.99758e-05 -0.02707 -0.00515245 0.0363621 0.023705 0.00395527 0.0125233 -0.022235 0.0344794 0.0116721 0.00174061 -0.0148357 0.0189616 -0.0416516 -0.0287835 -0.00205202 -0.0353753 -0.0361864 0.0468586 0.0425843
internal_weight=1167.03 667.909 269.825 499.124 232.865 208.075 159.402 48.673 153.555 43.7977 79.3098 39.1436 40.1663 398.084 129.095 30.2932 61.7506 98.8021 266.259 109.757
internal_count=3333 1910 740 1423 651 567 433 134 432 120 219 108 111 1170 363 84 173 279 772 312
is_linear=0
shrinkage=0.05


Tree=21
num_leaves=22
num_cat=0
split_feature=299 303 272 36 165 191 110 270 28 394 78 284 165 70 87 112 236 399 165 52 191
split_gain=417.2 70.3054 35.6516 21.9972 19.4544 17.9008 20.1627 14.0844 13.3657 14.564 10.6596 6.84121 7.87229 5.34009 5.2059 4.46365 3.46957 3.79485 3.68873 3.44472 1.77852
threshold=-0.22425519816725206 -0.20025645467055606 -1.2792406163371226 0.0095214963206318899 -0.0022315015258672836 0.95269290604931467 58.500000000000007 -0.84173543245694293 0.019898723807020378 -0.0043897844684569467 0.43482665626904299 -0.41240283988959986 -8.420920341587592e-06 0.0081453274693481115 -0.40543205542157784 38.500000000000007 0.31250000000000006 -0.057972521808199312 -0.0020840720551956833 -0.0085500629674219435 0.4751810566878758
decision_type=2 2 2 2 2 2 2 2 2 2 2 2 2 2 2 2 2 2 2 2 2
left_child=1 11 3 7 13 6 -6 -2 9 -5 -7 16 -13 19 -10 -14 17 -1 -18 -3 -4
right_child=2 4 20 8 5 10 -8 -9 14 -11 -12 12 15 -15 -16 -17 18 -19 -20 -21 -22
leaf_value=0.0018426664938910279 -0.043755195820704869 -0.012714203609543506 0.012446795418122422 0.029155131825245702 -0.032956043535880386 -0.025111735058261121 0.0074954259479128073 0.013351019560811859 0 -0.036980106194953129 0.023769883440892717 0.01310412436412935 0 0.042602107345275364 0.033496260376992715 -0.043822811039507067 -0.021456996305891075 -0.033076071922086447 -0.045441157272596781 0.022504373115411539 0.04512575708493094
leaf_weight=11.016886144876482 19.538246303796768 10.148510545492174 11.350535959005354 12.0881444811821 99.639242082834244 11.229457944631575 40.053505778312683 16.805376321077347 11.579135060310362 14.995660215616224 42.363526999950409 11.937885016202925 10.170122444629671 19.371498942375183 123.90269365906715 17.351495802402496 34.226964622735977 11.384283572435377 306.14355263113976 10.406551092863081 298.25429984927177
leaf_count=32 54 28 34 34 274 31 109 46 32 41 116 32 28 55 346 49 98 34 916 29 915
internal_value=-5.84678e-05 -0.0270585 0.0335441 0.0162713 -0.00487406 -0.0116612 -0.0210934 -0.0170738 0.0242023 -0.00583652 0.0118559 -0.0396663 -0.0159554 0.0253364 0.0305647 -0.0302476 -0.0419567 -0.0157452 -0.0433835 0.00358875 0.0442186
internal_weight=1143.96 635.443 508.514 198.909 233.212 193.286 139.693 36.3436 162.566 27.0838 53.593 402.231 39.4595 39.9266 135.482 27.5216 362.772 22.4012 340.371 20.5551 309.605
internal_count=3333 1831 1502 553 642 530 383 100 453 75 147 1189 109 112 378 77 1080 66 1014 57 949
is_linear=0
shrinkage=0.05


Tree=22
num_leaves=1
num_cat=0
split_feature=
split_gain=
threshold=
decision_type=
left_child=
right_child=
leaf_value=0
leaf_weight=
leaf_count=3333
internal_value=
internal_weight=
internal_count=
is_linear=0
shrinkage=1


Tree=23
num_leaves=23
num_cat=0
split_feature=301 268 370 272 370 365 372 270 399 270 72 390 110 37 268 162 68 242 191 226 230 68
split_gain=415.203 76.6432 27.0759 22.4014 17.2344 17.2362 15.8169 13.2325 10.4422 10.3591 10.2588 19.7129 10.1965 9.92998 7.76824 9.17803 7.80013 4.55894 4.46003 4.27668 3.31193 1.75244
threshold=-0.20861454631854517 -0.34880887165094937 0.38906657537435679 -1.7630708466778071 0.33306653250997692 0.21596294245998576 -0.0029314083486354776 -0.94295876136696199 -0.1899034414309938 -0.97665800295815575 0.0063074023784771048 1.0000000180025095e-35 59.500000000000007 0.029603442119661583 -0.22891406029957626 0.4668811514755678 0.32340334767044332 0.72058823529411786 0.58143247301887613 5.5349291802951708 41.500000000000007 0.47876046778613723
decision_type=2 2 2 2 2 2 2 2 2 2 2 2 2 2 2 2 2 2 2 2 2 2
left_child=3 2 10 19 5 12 8 -8 -4 21 11 -2 -5 -11 15 16 -3 -12 -17 -1 -7 -6
right_child=1 14 6 4 9 20 7 -9 -10 13 17 -13 -14 -15 -16 18 -18 -19 -20 -21 -22 -23
leaf_value=0.046574498776776427 0.016002948598946683 0.023778652032908874 0.031172869237226952 0.039340731998482828 0.044170234027775979 -0.0013254475560395525 0.045786053056244308 0.0010245607651780694 -0.015594724089552984 0.034493716937360808 -0.047708812031913135 -0.034285898603197335 -0.0058013647366540102 -0.0086546802690930878 -0.045699579940756102 -0.0018682389712271757 -0.023524606703953423 -0.013756090763964397 -0.039092309578214246 0.0068660889889455672 -0.039776787192806751 0.018604727382074138
leaf_weight=247.90837615728378 38.208502352237701 12.734996020793917 11.424618005752562 26.690890669822693 88.252583205699921 12.231699496507646 36.682857662439346 32.562094360589981 58.803808271884918 19.907855838537216 36.503239750862122 33.165236949920654 17.5036960542202 26.84654226899147 260.2481917142868 12.40602922439575 16.203237622976303 24.229783624410629 81.472218334674835 11.200533151626585 16.1939976811409 22.329566061496735
leaf_count=740 105 35 31 75 257 34 101 88 161 56 104 93 49 73 807 35 46 68 235 32 45 63
internal_value=3.767e-05 -0.0259098 -0.00528271 0.0348178 0.022533 0.00152667 0.0097506 0.0263459 -0.00633848 0.0317068 -0.0213885 -0.0071329 0.0211701 0.00968487 -0.0402495 -0.0274891 -0.000863906 -0.0362328 -0.0348994 0.045147 -0.0265281 0.0400758
internal_weight=1143.71 654.645 271.58 489.066 229.957 72.6203 139.473 69.245 70.2284 157.337 132.107 71.3737 44.1946 46.7544 383.065 122.816 28.9382 60.733 93.8782 259.109 28.4257 110.582
internal_count=3333 1909 751 1424 652 203 381 189 192 449 370 198 124 129 1158 351 81 172 270 772 79 320
is_linear=0
shrinkage=0.05


Tree=24
num_leaves=22
num_cat=0
split_feature=299 303 274 36 125 373 394 113 266 25 221 381 284 10 110 236 399 399 266 86 153
split_gain=375.21 64.0341 33.2426 20.0305 17.284 22.4605 17.7462 13.1676 12.7431 12.621 10.0792 7.20957 6.4633 3.75653 3.88466 3.4309 3.65963 3.01849 2.0164 1.49825 0.594457
threshold=-0.22425519816725206 -0.20025645467055606 0.72075938366287728 0.0095214963206318899 -0.1308499349912445 -0.031472285102520363 0.011905455420257118 57.500000000000007 0.15826456754305704 0.017983895372298251 17.990061219292933 12.092213198541524 -0.41240283988959986 -1.0000000180025095e-35 59.500000000000007 0.31250000000000006 -0.057972521808199312 0.071553886417543289 0.16109194877627961 -19811.322451634907 0.0020945154737554493
decision_type=2 2 2 2 2 2 2 2 2 2 2 2 2 2 2 2 2 2 2 2 2
left_child=1 12 3 8 19 7 -7 -6 -2 10 -5 -11 15 -14 -15 16 -1 -17 -4 -3 -20
right_child=2 4 18 9 5 6 -8 -9 -10 11 -12 -13 13 14 -16 17 -18 -19 20 -21 -22
leaf_value=0.0026532684497626831 -0.042051696493402901 -0.048440392316608787 0.011875532229991966 -0.017230252305648491 -0.0017729641683539921 -0.023922924864920609 0.017335757682113265 0.037433030717624209 0.012432082801423652 0.0039025007746800351 0.027589160193101071 0.038070497838277581 0.0037879132864629852 -0.040235933336331728 0 -0.042808138907037864 -0.031829107104194558 -0.0075627309041040106 0.014284546723541392 -0.011433949057602616 0.04451690674140707
leaf_weight=10.912325441837313 19.233769595623016 18.443351328372959 12.203395485877989 28.097305476665497 33.330867052078247 90.953579366207123 32.190766185522079 46.254083275794983 16.721991300582886 23.37200340628624 17.975631952285767 91.4351726770401 12.636062979698179 14.5258609354496 11.928016424179077 319.52591213583946 11.107170969247816 11.196314334869383 10.175042778253554 10.55214089155197 277.21081253886223
leaf_count=32 54 51 34 78 92 252 89 129 46 65 51 259 35 41 33 980 34 34 32 29 883
internal_value=-5.89752e-05 -0.0258721 0.0322252 0.0155188 -0.00469464 0.000445879 -0.0125855 0.0209398 -0.0164233 0.0231327 0 0.0318156 -0.0381387 -0.0150192 -0.0251711 -0.0404119 -0.0144729 -0.0418435 0.0427737 -0.0388704 0.0437773
internal_weight=1119.98 623.556 496.425 196.836 231.725 202.729 123.144 79.585 35.9558 160.88 46.0729 114.807 391.832 39.0899 26.4539 352.742 22.0195 330.722 299.589 28.9955 287.386
internal_count=3333 1831 1502 553 642 562 341 221 100 453 129 324 1189 109 74 1080 66 1014 949 80 915
is_linear=0
shrinkage=0.05


Tree=25
num_leaves=1
num_cat=0
split_feature=
split_gain=
threshold=
decision_type=
left_child=
right_child=
leaf_value=0
leaf_weight=
leaf_count=3333
internal_value=
internal_weight=
internal_count=
is_linear=0
shrinkage=1


Tree=26
num_leaves=21
num_cat=0
split_feature=303 272 165 272 162 126 165 119 364 83 163 230 37 268 37 379 226 266 63 153
split_gain=371.533 71.1768 22.9115 21.3627 19.1222 21.6167 18.7833 13.5372 10.2265 10.6174 8.91026 8.79295 9.94627 6.37889 7.3229 4.87498 4.25226 2.07629 1.58765 0.634571
threshold=-0.11708730419453468 -1.2792406163371226 -0.0014937796126720437 -1.7630708466778071 0.46435387618676832 -0.0033248512320200869 -0.00040235892212272997 0.0043220019443452632 0.50000859552347088 -0.40159551875970895 0.0049891780008746141 113.50000000000001 0.030262780666426393 -0.55521794306898697 0.011235280375550034 0.069274442460784083 5.5349291802951708 0.16109194877627961 0.63560878630052586 0.0020945154737554493
decision_type=2 2 2 2 2 2 2 2 2 2 2 2 2 2 2 2 2 2 2 2
left_child=3 2 13 16 7 -6 8 -4 9 -5 -10 15 -13 14 -2 -8 -1 -3 -15 -19
right_child=1 17 4 6 5 -7 11 -9 10 -11 -12 12 -14 18 -16 -17 -18 19 -20 -21
leaf_value=0.045055196365642168 0.010596471674823367 -0.011541974554320246 0.035013393415858705 -0.012613950358283017 0.0097547559261274668 -0.023283351022997358 0.040287437695381095 -0.013707547161852643 0.014514825192312251 0.040717527411168741 -0.028722683031897341 0.029513077316679837 -0.029789361621362205 -0.046695655771233066 -0.03145775631378997 0.0048075925993683608 0.0057216194197681246 -0.013972791481547262 -0.011203982770270765 -0.044298927385766115
leaf_weight=240.49134117364883 16.452536314725876 12.16995248198509 47.486543834209442 11.361303657293318 81.985037595033646 112.16822776198387 110.75150975584984 16.253062158823013 14.429575204849241 21.552106350660324 30.648994952440262 12.161923855543138 10.140268236398695 42.314547538757324 17.332595705986023 15.124534726142882 11.063524752855299 10.11709415912628 10.144957602024077 275.59257206320763
leaf_count=740 46 34 131 32 222 316 325 45 40 62 85 35 28 122 50 44 32 32 29 883
internal_value=3.27811e-05 -0.0247206 -0.0089171 0.0333496 -0.00114492 -0.0091426 0.0212985 0.0217831 0.000679649 0.0214 -0.0138004 0.0315914 0.00023851 -0.0307778 -0.0104251 0.0366235 0.0436095 -0.042541 -0.0417109 -0.0435546
internal_weight=1119.74 642.017 344.138 477.725 257.893 194.153 226.17 63.7396 77.992 32.9134 45.0786 148.178 22.3022 86.2446 33.7851 125.876 251.555 297.88 52.4595 285.71
internal_count=3333 1910 961 1423 714 538 651 176 219 94 125 432 63 247 96 369 772 949 151 915
is_linear=0
shrinkage=0.05


Tree=27
num_leaves=21
num_cat=0
split_feature=299 301 278 165 364 372 33 266 391 412 167 386 364 124 86 105 191 70 81 299
split_gain=337.904 58.7715 31.1874 17.0178 17.9217 16.6253 16.5816 17.9615 13.5343 9.76685 9.28796 5.67588 9.85604 6.14707 5.52462 4.69958 1.99188 1.84114 0.319078 0.156952
threshold=-0.22425519816725206 -0.31531264240216872 1.7207593836628774 -0.0028583984117052075 0.55326843987561092 -0.019358347035412612 0.016857581047567675 0.14374684357125125 2.5000000000000004 -1.0000000180025095e-35 -0.17818205700774228 -0.18262555824944879 0.45201190370961275 -41.499999999999993 -10233.559555569873 -0.29067776176484811 0.4751810566878758 0.0085616429839793558 3.0657645549774641 -0.19122943089283781
decision_type=2 2 2 2 2 2 2 2 2 2 2 2 2 2 2 2 2 2 2 2
left_child=1 11 5 17 8 14 7 -7 -5 -8 -6 12 -1 -13 19 -15 -4 -3 -18 -2
right_child=2 3 16 4 10 6 9 -9 -10 -11 -12 13 -14 15 -16 -17 18 -19 -20 -21
leaf_value=-0.036265410638625491 0.017362689706630349 0.0049747203254365338 0.0096272125436631835 -0.022805572563633216 0.029170692196590547 -0.03865949452926596 -0.001799692574442174 0.013589740288435509 0.017671652988593248 0.034569148371654451 -0.017208315776363579 0 0.02153502499875511 -0.0033483279039601349 0 -0.041592032270918157 0.04315571058276535 0.040466515724965145 0.015088346813303097 0.045036499182824763
leaf_weight=12.617631137371065 12.739103823900221 10.191287189722063 10.839007765054701 156.55672192573547 34.296490788459778 32.744674444198608 26.727138578891754 26.447934448719025 20.056015104055405 41.721330493688583 11.436223208904265 11.009328961372374 10.270377308130263 11.736058861017225 11.726636081933973 317.59070160984993 267.674251049757 15.644741892814634 10.776828736066816 42.733344882726669
leaf_count=39 36 29 34 437 94 92 75 73 56 120 31 33 30 35 33 1001 880 46 35 124
internal_value=-5.50919e-05 -0.0247585 0.0310004 -0.00566002 -0.0103921 0.0148048 0.0035272 -0.0149806 -0.0177122 0.0201891 0.0162015 -0.0375182 -0.00890767 -0.039202 0.0344477 -0.0404221 0.0414733 0.0301744 0.0424195 0.0407533
internal_weight=1095.54 611.406 484.13 248.181 222.345 194.84 127.641 59.1926 176.613 68.4485 45.7327 363.224 22.888 340.336 67.1991 329.327 289.29 25.836 278.451 55.4724
internal_count=3333 1831 1502 693 618 553 360 165 493 195 125 1138 69 1069 193 1036 949 75 915 160
is_linear=0
shrinkage=0.05


Tree=28
num_leaves=1
num_cat=0
split_feature=
split_gain=
threshold=
decision_type=
left_child=
right_child=
leaf_value=0
leaf_weight=
leaf_count=3333
internal_value=
internal_weight=
internal_count=
is_linear=0
shrinkage=1


Tree=29
num_leaves=19
num_cat=0
split_feature=301 272 165 381 272 165 111 216 262 163 83 270 34 72 103 191 104 81
split_gain=334.962 65.6891 21.1377 21.8536 20.2308 17.3729 12.33 10.8856 10.7614 15.0544 9.78754 8.44175 9.49213 6.77774 4.14109 2.04066 1.91582 0.357444
threshold=-0.20861454631854517 -1.2792406163371226 -0.0019715911473182379 11.726461352729901 -1.7630708466778071 -0.00040235892212272997 42.500000000000007 5.068424759751875 0.30898876404494385 0.0049891780008746141 -0.40159551875970895 -0.97665800295815575 0.032063939007312171 0.0058174196371188975 0.084076057070597024 0.4751810566878758 -0.18152510833825383 3.0657645549774641
decision_type=2 2 2 2 2 2 2 2 2 2 2 2 2 2 2 2 2 2
left_child=4 2 13 7 14 8 -5 -4 9 -6 -10 16 -13 -2 -1 -3 -7 -17
right_child=1 15 3 6 5 11 -8 -9 10 -11 -12 12 -14 -15 -16 17 -18 -19
leaf_value=0.00837935442525394 -0.0035520779790756477 -0.0092877868813268875 0.040012723016551704 -0.020760671422866597 0.020565159669252403 0.010606604653670448 0.0019714865135846845 -0.010585714349950606 -0.014881966322531455 -0.040420632386032801 0.033144354005304959 0.027850295035984032 -0.016367979788508531 -0.043183782652956249 0.043901730576138692 -0.042944385371290542 0.041095732503803037 -0.01478235399916966
leaf_weight=13.82120507955551 18.143924444913864 10.779808193445204 36.658306151628494 109.39328461885452 12.710672885179518 13.036934077739714 118.51860281825066 11.150418788194655 12.03743541240692 23.740540564060211 29.187327027320862 25.583123326301575 17.073103457689285 47.094654887914658 229.95235019922256 265.97504466772079 89.74077844619751 10.711211204528807
leaf_count=42 51 34 103 305 36 39 330 31 34 66 84 73 47 140 730 880 273 35
internal_value=2.30408e-05 -0.023719 -0.00856243 -0.00217689 0.0320336 0.0202738 -0.00885094 0.0272993 0.000437113 -0.0179406 0.0179321 0.0303087 0.00914426 -0.033535 0.0422167 -0.0412497 0.0381115 -0.0422032
internal_weight=1095.31 628.425 340.959 275.721 466.883 223.11 227.912 47.8087 77.676 36.4512 41.2248 145.434 42.6562 65.2386 243.774 287.466 102.778 276.686
internal_count=3333 1909 960 769 1424 652 635 134 220 102 118 432 120 191 772 949 312 915
is_linear=0
shrinkage=0.05


Tree=30
num_leaves=21
num_cat=0
split_feature=311 301 274 125 162 167 372 381 33 104 353 386 28 130 86 104 266 86 81 301
split_gain=304.837 53.989 29.1708 16.6237 18.3891 17.5758 15.5132 15.4432 14.1393 12.1026 10.2907 5.46966 9.89145 5.93818 5.21207 4.07531 2.23468 1.75928 0.178533 0.167598
threshold=0.60074480183274603 -0.31531264240216872 0.72075938366287728 -0.1308499349912445 1.1938959433423826 -0.258572609806687 -0.019358347035412612 37.661653933459313 0.0441235224752052 0.048151706079414561 0.11246614900114986 -0.18262555824944879 0.06244186097958173 -35.499999999999993 -10233.559555569873 -0.22629895639052758 0.16109194877627961 -19655.380736029882 3.0657645549774641 -0.101286004141408
decision_type=2 2 2 2 2 2 2 2 2 2 2 2 2 2 2 2 2 2 2 2
left_child=1 11 6 17 8 -6 14 10 -5 -9 -8 12 -1 -13 19 -15 -4 -3 -18 -2
right_child=2 3 16 4 5 -7 7 9 -10 -11 -12 13 -14 15 -16 -17 18 -19 -20 -21
leaf_value=0.022703762152375278 0.016553865680888867 -0.045786557594308878 0.0094627459176507053 -0.019289904651142161 0.031007470463655148 -0.017431709203908668 -0.041849765060156509 0.00053246291772377841 0.023392626183267547 0.039570131419880604 0.005527927486840895 0 -0.035659970266315635 -0.014999420725961346 0 -0.041025352764598129 0.042086937285881143 -0.0089371856188140801 0.015364273426429875 0.043773558030140443
leaf_weight=10.060083717107775 12.629869282245634 21.907780110836033 11.931324899196623 109.46049347519875 62.700360149145126 22.504324197769165 22.291944086551666 57.908709734678268 19.834955781698227 29.608110725879669 16.836781412363052 10.900529474020002 12.434607595205305 27.2870092689991 11.719047397375105 291.83333250880241 255.8921237885952 10.062847405672072 11.172726929187773 41.914303988218307
leaf_count=30 36 62 34 307 177 62 64 163 57 86 47 33 39 86 33 950 878 28 37 124
internal_value=-3.14627e-05 -0.0237058 0.0298729 -0.00541046 0 0.0174891 0.0141992 0.00326994 -0.0119821 0.0151656 -0.0213347 -0.0362032 -0.00799714 -0.0378863 0.0333195 -0.0391156 0.0402666 -0.0373796 0.0413372 0.0395313
internal_weight=1070.89 598.986 471.905 246.471 214.5 85.2047 192.909 126.646 129.295 87.5168 39.1287 352.516 22.4947 330.021 66.2632 319.12 278.996 31.9706 267.065 54.5442
internal_count=3333 1831 1502 693 603 239 553 360 364 249 111 1138 69 1069 193 1036 949 90 915 160
is_linear=0
shrinkage=0.05


Tree=31
num_leaves=1
num_cat=0
split_feature=
split_gain=
threshold=
decision_type=
left_child=
right_child=
leaf_value=0
leaf_weight=
leaf_count=3333
internal_value=
internal_weight=
internal_count=
is_linear=0
shrinkage=1


Tree=32
num_leaves=20
num_cat=0
split_feature=309 272 272 370 126 385 162 112 74 354 365 20 28 33 20 163 266 112 81
split_gain=301.35 49.2348 29.9947 18.7458 15.8318 18.7873 18.7935 13.7721 13.6641 12.8423 12.4675 10.8263 9.35845 5.41406 3.49492 3.38382 2.29487 1.43775 0.218119
threshold=0.27499999999999952 -1.2792406163371226 -1.7117263601167145 0.38199358387717608 -0.0033248512320200869 5.5000000000000009 0.4668811514755678 117.50000000000001 -0.54696134072126867 0.24356218968233936 0.21596294245998576 0.16514000376699642 0.022401127917227304 0.0051490533102563274 0.060757783663726278 0.0040994866811883525 0.16109194877627961 114.50000000000001 3.0657645549774641
decision_type=2 2 2 2 2 2 2 2 2 2 2 2 2 2 2 2 2 2 2
left_child=2 4 13 10 7 6 -6 8 -2 12 11 -4 -5 -1 -15 -12 -3 -16 -18
right_child=1 16 3 9 5 -7 -8 -9 -10 -11 15 -13 -14 14 17 -17 18 -19 -20
leaf_value=0.0087463223976314668 -0.030390865201118968 -0.0091263427906618354 0.03028400867236429 0 0.00050710717411684347 0.039632495838442222 -0.032492414652818873 -0.036442690412451982 0.024259354203148904 -0.017507801089220783 -0.0037264323049233448 -0.013848949836920619 0.03522601593692061 0.0050727946189450162 0.043549056900918863 -0.03981978605352781 -0.041888615868396414 0.011098629517495812 -0.015057023386144164
leaf_weight=19.602558314800262 10.303786009550093 11.890839040279387 28.303151696920395 25.497902572154999 59.787115871906281 10.023323059082029 128.09401300549507 11.970759153366087 66.261594861745834 13.078276008367537 14.986546933650969 20.78809255361557 112.70466256141663 10.413958579301832 232.6650011241436 18.935773611068726 254.08144408464432 10.188258141279219 11.100294560194014
leaf_count=62 28 34 81 72 171 28 375 34 180 37 43 59 333 32 763 54 878 32 37
internal_value=0 -0.0250625 0.0279146 0.0141847 -0.0101272 -0.0179766 -0.0218865 0.00688639 0.0154078 0.0245521 -0.00432442 0.0109144 0.0291737 0.0392399 0.0412749 -0.0268267 -0.0400503 0.0425431 -0.0411329
internal_weight=1070.68 563.513 507.164 234.294 286.441 197.904 187.881 88.5361 76.5654 151.281 83.0136 49.0912 138.203 272.87 253.267 33.9223 277.073 242.853 265.182
internal_count=3333 1765 1568 679 816 574 546 242 208 442 237 140 405 889 827 97 949 795 915
is_linear=0
shrinkage=0.05


Tree=33
num_leaves=23
num_cat=0
split_feature=311 303 274 126 381 83 36 119 25 270 386 51 381 364 284 1 174 38 270 386 412 307
split_gain=275.22 49.7173 27.46 20.9109 23.9853 16.5629 16.4155 13.5892 11.0277 10.6798 9.09243 6.37002 6.26162 5.84406 5.69598 8.93334 6.79919 4.76324 2.12926 1.97658 0.320314 0.232649
threshold=0.60074480183274603 -0.21735012550882096 0.72075938366287728 -0.0019584198887366284 11.726461352729901 0.27433629293204354 0.0095214963206318899 -0.17455771583318427 0.017983895372298251 -0.84173543245694293 0.084641579176401929 0.45696939784245133 12.092213198541524 0.5464533987249206 -0.54029319876853521 -0.0039541673953086267 -1.0000000180025095e-35 0.91930414379219594 -0.83890805122372025 -0.18262555824944879 0.80000000000000016 0.68184011270523726
decision_type=2 2 2 2 2 2 2 2 2 2 2 2 2 2 2 2 2 2 2 2 2 2
left_child=1 14 6 5 13 11 9 -6 10 -2 -8 -3 -10 -5 17 -16 -17 19 -4 -1 -20 -22
right_child=2 3 18 4 7 -7 8 -9 12 -11 -12 -13 -14 -15 15 16 -18 -19 20 -21 21 -23
leaf_value=-0.015189781176390521 -0.039502888525238367 -0.039359981641891049 0.0090037702917587087 -0.036984473047404459 -0.015769290160229706 0.015411135409982233 -0.018322350931246411 0.02756961911027056 0.0026957850586523976 0.010764685230792576 0.024329826311114897 0 0.03492774980653799 0.00090325766438378863 0.014943491128846713 0.0038666736873513227 -0.03332308679630562 -0.00053132546200419664 0.041531315606074946 -0.041976307461684667 0.005066716749841175 0.027637783793504695
leaf_weight=17.935054779052734 18.567804366350174 63.761351436376572 11.876642346382139 27.016775012016296 18.928214490413666 18.990870267152786 26.453952759504318 87.562942057847977 22.855496436357498 16.489186763763428 18.6966812312603 12.658701568841932 87.715749502182007 11.422078460454939 11.055371910333632 11.345037043094633 67.878701388835907 10.423869729042051 235.41829255223274 227.49974343180656 10.366914570331575 10.924510031938551
leaf_count=57 54 181 34 78 53 52 74 250 65 46 55 35 259 32 33 34 217 33 840 776 36 39
internal_value=-1.70723e-05 -0.0227158 0.0288139 -0.00490426 0.00678609 -0.0228356 0.0135939 0.0191887 0.0206425 -0.0155608 0 -0.0331928 0.0289527 -0.0252692 -0.0347916 -0.0214024 -0.0274426 -0.03902 0.0391711 -0.0404272 0.0402542 0.0206892
internal_weight=1045.84 586.479 459.365 240.341 144.93 95.4109 190.779 106.491 155.722 35.057 45.1506 76.4201 110.571 38.4389 346.138 90.2791 79.2237 255.859 268.586 245.435 256.71 21.2914
internal_count=3333 1831 1502 681 413 268 553 303 453 100 129 216 324 110 1150 284 251 866 949 833 915 75
is_linear=0
shrinkage=0.05


Tree=34
num_leaves=1
num_cat=0
split_feature=
split_gain=
threshold=
decision_type=
left_child=
right_child=
leaf_value=0
leaf_weight=
leaf_count=3333
internal_value=
internal_weight=
internal_count=
is_linear=0
shrinkage=1


Tree=35
num_leaves=22
num_cat=0
split_feature=301 272 163 162 372 272 165 124 354 365 36 230 1 126 28 163 38 266 165 413 297
split_gain=272.578 56.477 19.0632 23.8522 18.793 18.7035 15.078 14.1711 13.4183 8.83822 10.4626 8.4251 8.77052 8.12146 6.16152 5.70293 5.02731 2.18973 0.401319 0.36605 0.40952
threshold=-0.20861454631854517 -1.2792406163371226 -0.0034666264531106948 1.1736885256911191 -0.012699267579872052 -1.7630708466778071 -0.00040235892212272997 -10.499999999999998 0.13703898801765971 0.21596294245998576 0.02372571860020559 113.50000000000001 0.0014697231315764505 0.005763284778787515 0.023796768405213446 0.0040994866811883525 0.89794903596716236 0.16109194877627961 -0.0025432452620232594 1.0000000180025095e-35 -0.058620148626646391
decision_type=2 2 2 2 2 2 2 2 2 2 2 2 2 2 2 2 2 2 2 2 2
left_child=5 2 7 4 -4 16 9 -2 -5 10 -7 14 -13 -9 -8 -11 18 -3 -1 -19 -21
right_child=1 17 3 8 -6 6 11 13 -10 15 -12 12 -14 -15 -16 -17 -18 19 -20 20 -22
leaf_value=0.018247927469803759 0.016829226414085696 -0.008666543992944517 -0.014441279226241138 -0.028222508730574455 0.023200761896892064 -0.019123350501058095 0.004852529315199576 -0.040165255159935298 0.021149987730259681 0.0020113444231247674 0.029999612434183937 0.026714312200998121 -0.029807996574314793 0.0024099341195790019 0.038257961856941747 -0.035268756729645453 0.0031295414316205427 -0.041344409206488755 0.042861780402896843 -0.003875811246294881 -0.027728297736498039
leaf_weight=15.395141780376433 12.819323778152464 11.834872394800184 43.509205371141434 77.946665495634079 106.20704454183578 12.186576277017592 21.240931153297424 71.313803881406784 13.107196688652037 14.81557574868202 31.010401904582977 11.064751565456392 10.380645453929899 10.243134647607802 97.036604195833206 18.123342752456665 12.308044254779814 233.61109909415245 200.36032009124756 10.016786277294161 11.115719825029371
leaf_count=49 36 34 124 224 298 34 64 212 37 43 91 34 29 29 305 52 39 840 684 35 40
internal_value=0 -0.0218636 -0.00789158 -0.000130519 0.0118654 0.0296302 0.018242 -0.0265639 -0.0201358 0 0.014717 0.0278281 0 -0.0343309 0.0329395 -0.0183411 0.0398157 -0.0389607 0.0416084 -0.0400569 -0.0203815
internal_weight=1045.65 601.725 335.146 240.77 149.716 443.922 215.859 94.3763 91.0539 76.1359 43.197 139.723 21.4454 81.5569 118.278 32.9389 228.064 266.578 215.755 254.744 21.1325
internal_count=3333 1909 960 683 422 1424 652 277 261 220 125 432 63 241 369 95 772 949 733 915 75
is_linear=0
shrinkage=0.05


Tree=36
num_leaves=23
num_cat=0
split_feature=311 301 266 33 126 381 83 394 399 240 387 113 87 297 222 386 364 124 104 63 124 153
split_gain=249.274 45.8198 26.0549 35.2356 18.5654 21.1092 17.5517 13.1281 11.2185 11.1257 8.87041 8.00282 7.91149 5.93601 7.45569 5.26801 8.78248 5.80954 4.25425 3.51998 3.01933 0.747517
threshold=0.60074480183274603 -0.31531264240216872 0.16757649374762612 0.017478035434505022 -0.0019584198887366284 11.726461352729901 0.27433629293204354 -0.0043897844684569467 -0.20811204036817751 0.59523809523809534 -0.21918521266967653 11.500000000000002 -0.40543205542157784 -0.33707029420724449 0.54897303808112796 -0.18262555824944879 0.45201190370961275 -41.499999999999993 -0.22629895639052758 0.15081474133974129 27.500000000000004 0.0021705548444142428
decision_type=2 2 2 2 2 2 2 2 2 2 2 2 2 2 2 2 2 2 2 2 2 2
left_child=1 15 3 7 6 11 9 -2 -7 -3 -5 -6 -12 14 20 16 -1 -17 -19 -9 -4 -15
right_child=2 4 13 10 5 8 -8 19 -10 -11 12 -13 -14 21 -16 17 -18 18 -20 -21 -22 -23
leaf_value=-0.033391934472912228 0.018998444655626584 0.0079324782141606542 0.036642168262509649 -0.010150122950557595 0 -0.024514838118439471 0.016890905230075134 -0.045453875373773406 0.023227298780621977 -0.04030683628407189 -0.0044322500358327721 -0.043308888564754025 0.037035899756058081 0.012256155134655089 -0.0082199834536549107 0 0.022315741225929744 -0.01243942055087869 -0.038837168964553054 -0.0052619930325907838 0 0.041274481987378001
leaf_weight=11.695081740617754 11.092227667570112 11.409216552972792 30.54079994559288 10.930201619863508 17.50078684091568 10.557957023382185 19.694415420293808 27.608895599842072 97.064019769430161 65.537724405527115 10.153010547161101 20.518101453781128 83.460800647735596 10.42036399245262 14.811100155115126 10.572244077920912 10.018962502479551 26.041041940450668 272.90860828757286 11.344713002443312 10.089966624975203 226.45158797502518
leaf_count=39 32 31 91 31 50 30 54 80 279 189 29 60 254 37 44 33 30 86 950 32 30 842
internal_value=-1.39911e-05 -0.0218296 0.0278301 0.0104919 -0.00496337 0.00603793 -0.021727 -0.0226039 0.0175539 -0.0324995 0.0269886 -0.0242416 0.0320229 0.0366303 0.018522 -0.0338616 -0.00607628 -0.0355738 -0.0368497 -0.0361536 0.0293112 0.0403756
internal_weight=1020.42 573.518 446.904 154.59 242.282 145.641 96.6414 50.0458 107.622 76.9469 104.544 38.0189 93.6138 292.314 55.4419 331.236 21.714 309.522 298.95 38.9536 40.6308 236.872
internal_count=3333 1831 1502 458 693 419 274 144 309 220 314 110 283 1044 165 1138 69 1069 1036 112 121 879
is_linear=0
shrinkage=0.05


Tree=37
num_leaves=1
num_cat=0
split_feature=
split_gain=
threshold=
decision_type=
left_child=
right_child=
leaf_value=0
leaf_weight=
leaf_count=3333
internal_value=
internal_weight=
internal_count=
is_linear=0
shrinkage=1


Tree=38
num_leaves=23
num_cat=0
split_feature=309 272 272 165 126 381 68 354 30 104 365 219 119 163 230 33 86 20 191 265 266 386
split_gain=245.305 43.0512 26.7088 16.1652 14.2021 24.3742 20.2753 12.501 11.1022 14.2665 10.4018 12.2565 9.52739 5.79186 5.75406 5.53364 4.54144 3.66255 2.29301 0.455321 1.30999 0.417823
threshold=0.27499999999999952 -1.2792406163371226 -1.7117263601167145 -8.420920341587592e-06 -0.0033248512320200869 11.726461352729901 0.64751687181585027 0.24356218968233936 0.014891321639965802 -0.12525481766131927 0.21596294245998576 5.2673366011714711 -0.19388249834595433 0.0040994866811883525 117.50000000000001 0.0051490533102563274 -14675.368243019884 0.060757783663726278 0.4751810566878758 0.20112359550561801 0.28707267877612147 -0.18262555824944879
decision_type=2 2 2 2 2 2 2 2 2 2 2 2 2 2 2 2 2 2 2 2 2 2
left_child=2 4 15 10 8 6 -6 14 9 -2 11 -4 -7 -12 -5 -1 -10 -17 -3 -20 -21 -19
right_child=1 18 3 7 5 12 -8 -9 16 -11 13 -13 -14 -15 -16 17 -18 21 19 20 -22 -23
leaf_value=0.0062445318759403222 -0.016766779767024252 -0.0057529565885298742 -0.0087002534033644701 0.03434734115038774 0.034780471659436749 0.0081485707713878901 -0.032668475642328047 -0.020146157873304593 0.003390642854751168 0.033149368784896875 0 0.031807575153988479 -0.030867922127897404 -0.03776768540260142 0 0.0026715137931211889 -0.033362704440968706 0.017208228044505069 -0.0407539593795989 -0.00323860587614132 -0.030723504093140896 0.041553412289470383
leaf_weight=18.802502602338791 16.772245675325394 10.095982134342192 34.777740836143494 97.147672176361084 32.556513041257858 14.224676012992857 12.851446360349653 10.47085592150688 10.34728252887726 44.772992461919785 20.876161992549896 32.232590973377228 133.37887105345726 19.934634476900101 12.882630020380018 10.010558068752287 15.726743698120115 15.027293980121611 215.20168527960777 11.98242047429085 19.004697054624557 211.15857744216919
leaf_count=62 46 34 98 300 95 42 38 30 28 123 61 95 399 58 37 32 45 49 802 42 71 746
internal_value=0 -0.0231896 0.0257682 0.0127592 -0.00926535 -0.0168385 0.0138165 0.0251276 0.0068706 0.0186246 -0.00091861 0.0105983 -0.0266885 -0.0204011 0.0302987 0.0369387 -0.0182128 0.0390641 -0.0379602 -0.0389952 -0.0227905 0.0404006
internal_weight=1020.24 536.916 483.321 228.322 280.631 193.012 45.408 120.501 87.6193 61.5452 107.821 67.0103 147.604 40.8108 110.03 254.999 26.074 236.196 256.285 246.189 30.9871 226.186
internal_count=3333 1765 1568 679 816 574 133 367 242 169 312 193 441 119 337 889 73 827 949 915 113 795
is_linear=0
shrinkage=0.05


Tree=39
num_leaves=22
num_cat=0
split_feature=274 165 274 274 30 83 274 381 126 266 72 236 353 165 365 230 78 286 266 153 297
split_gain=226.595 41.4185 26.0818 19.4706 15.4768 13.3817 13.025 10.9661 15.594 8.01279 7.03802 6.8635 14.7925 6.79508 3.89925 2.87635 2.52647 2.39308 2.15168 0.517923 0.565201
threshold=0.55290222867138727 -0.0022580293331787723 0.72075938366287728 0.42658401984304889 0.017151516755780871 -0.0081907406713199026 0.29293705696473077 11.726461352729901 -1.0000000180025095e-35 0.078353519089104207 0.0057041990271668105 0.68750000000000011 0.15810109361054667 -0.00015779515747880039 0.21649675045616343 46.500000000000007 0.72887513981409924 -0.64852653657784309 0.16109194877627961 0.0021705548444142428 -0.33707029420724449
decision_type=2 2 2 2 2 2 2 2 2 2 2 2 2 2 2 2 2 2 2 2 2
left_child=1 6 4 11 5 13 15 -5 -9 -7 -8 12 -3 -2 -12 -1 -6 -13 -4 -20 -21
right_child=2 3 18 7 16 9 10 8 -10 -11 14 17 -14 -15 -16 -17 -18 -19 19 20 -22
leaf_value=0 0.0088234688409040748 0.012126625562780368 0.0074959564183471857 -0.038471456498489015 0.00585972245993438 -0.016063779783238277 -0.0055103015339646897 -0.018821364554716211 0.019274082428435174 0.023180888038872163 0 -0.038111838233457276 -0.036414793563205268 -0.02370329740462318 0.037529825622791502 -0.033688662450792405 0.04197559354159118 -0.009093165093839525 0.011938863807273929 0.012351982746264929 0.040083786392848361
leaf_weight=10.241107523441316 19.62587234377861 24.48101133108139 11.655282616615294 23.474385589361191 10.591137915849684 11.969968616962431 14.206551253795622 57.979318857192993 44.619134962558746 71.509793519973755 10.246102899312971 268.71589371562004 31.74760839343071 44.301204741001129 38.161106437444687 12.20999628305435 37.84815239906311 14.276881992816923 10.449788689613341 10.557207584381102 215.56219187378883
leaf_count=33 57 77 34 70 33 35 40 167 128 204 31 956 108 126 118 41 117 43 38 38 839
internal_value=-1.16291e-05 -0.0214503 0.0264122 -0.0273187 0.0121171 0.0034252 0.00991824 -0.00967211 -0.00170361 0.0166135 0.0217902 -0.0335887 -0.0148927 -0.0130225 0.030629 -0.0198925 0.0358533 -0.0369334 0.0372125 0.0383557 0.0391859
internal_weight=994.43 550.359 444.071 465.294 195.846 147.407 85.0649 126.073 102.598 83.4798 62.6138 339.221 56.2286 63.9271 48.4072 22.4511 48.4393 282.993 248.224 236.569 226.119
internal_count=3333 1812 1521 1549 572 422 263 365 295 239 189 1184 185 183 149 74 150 999 949 915 877
is_linear=0
shrinkage=0.05


Tree=40
num_leaves=1
num_cat=0
split_feature=
split_gain=
threshold=
decision_type=
left_child=
right_child=
leaf_value=0
leaf_weight=
leaf_count=3333
internal_value=
internal_weight=
internal_count=
is_linear=0
shrinkage=1


Tree=41
num_leaves=20
num_cat=0
split_feature=299 274 274 163 162 372 256 111 36 110 399 16 244 105 19 266 62 297 19
split_gain=221.624 49.0766 17.772 16.2704 19.8189 16.6973 13.1373 12.735 12.5405 7.44818 7.33279 7.28261 8.82148 5.08072 4.38309 2.21268 0.517716 0.720468 0.223045
threshold=-0.298046472375397 0.72075938366287728 0.23692915332219258 -0.0034666264531106948 1.1736885256911191 -0.012699267579872052 0.92857142857142871 35.500000000000007 0.010718128548329899 59.500000000000007 -0.18035487418522503 -0.0070966116129042257 1.1363636363636365 -0.24040778283223627 0.18894055926979972 0.16109194877627961 0.12342940088250141 -0.33707029420724449 0.67099290959833813
decision_type=2 2 2 2 2 2 2 2 2 2 2 2 2 2 2 2 2 2 2
left_child=2 3 13 10 5 -5 -6 8 -4 -10 -2 -9 -13 -1 -12 -3 -17 -18 -15
right_child=1 15 7 4 6 -7 -8 11 9 -11 14 12 -14 18 -16 16 17 -19 -20
leaf_value=0.0036623459605686715 0.0020169346788783044 -0.0071531485620320648 0.03283934410915474 -0.013985968708328212 0.018868695119905878 0.021887891147085697 -0.027586743759859783 -0.0049830957749636548 0.0027068763239268658 -0.029569845663950597 0 0.035732279069388084 -0.0062743610668224261 0.040843173680295761 -0.035937830910900359 -0.012344509417238777 -0.011386584434657333 -0.039949598800194983 0.01460099618481304
leaf_weight=14.108062237501143 17.048141092061996 11.609273940324782 21.156264930963516 42.395234167575836 15.46336370706558 103.85397633910179 72.541123062372208 12.653397977352141 44.330176711082458 24.136133939027786 10.222126811742781 96.826362878084183 11.108559757471083 186.70555928349495 64.318979322910309 10.963377416133879 10.205731600522993 213.30954685807228 11.304991781711577
leaf_count=47 51 34 68 123 44 297 214 38 132 69 30 317 33 685 196 42 37 836 40
internal_value=0 -0.0202412 0.0273651 -0.00720273 0 0.0110815 -0.0185217 0.0162725 0.00128458 -0.00873551 -0.024706 0.0267056 0.0309055 0.0377452 -0.0313042 -0.0370099 -0.0381686 -0.0390342 0.0398339
internal_weight=994.26 571.931 422.33 325.843 234.254 146.249 88.0045 210.211 89.6226 68.4663 91.5892 120.588 107.935 212.119 74.5411 246.088 234.479 223.515 198.011
internal_count=3333 1904 1429 955 678 420 258 657 269 201 277 388 350 772 226 949 915 873 725
is_linear=0
shrinkage=0.05


Tree=42
num_leaves=21
num_cat=0
split_feature=272 165 272 266 370 30 270 83 365 162 211 227 56 302 105 370 78 36 299 153
split_gain=205.691 38.3192 24.6708 18.0679 17.2886 14.7037 12.8468 12.465 12.294 8.79385 7.81752 7.66588 7.62846 6.25093 4.88763 5.41185 2.38277 2.30677 1.35844 1.16738
threshold=-1.4470977713286126 -0.0022580293331787723 -1.2792406163371226 -0.15792944398971245 0.38906657537435679 0.017151516755780871 -0.97665800295815575 -0.0081907406713199026 0.21495238949606865 0.50663821915908358 6.1394263794874435 0.055903546118914176 0.66441025959134137 1.0000000180025095e-35 -0.24040778283223627 0.032859201591002189 0.72887513981409924 0.0063944507803760974 -0.37295446322161679 0.0021705548444142428
decision_type=2 2 2 2 2 2 2 2 2 2 2 2 2 2 2 2 2 2 2 2
left_child=1 8 5 14 11 7 -6 9 13 -2 18 -5 -9 -1 -3 -16 -7 -4 -10 -19
right_child=2 3 17 4 6 16 -8 12 10 -11 -12 -13 -14 -15 15 -17 -18 19 -20 -21
leaf_value=-0.034292759058812808 -0.04133710952475883 -0.0016101358036646998 0.011731071983400131 -0.0170318774125988 -0.034403244322363767 0.0056137646112625651 -0.0020065861324543707 0.027117554538213424 0.0098026495438585728 -9.4143668944952582e-05 -0.0048285750209016206 0.018968183497062811 -0.002453196895827691 0.0093357862444184061 -0.0036486295479932216 -0.039316002328396583 0.041036045764449643 0.010426078382795316 0.039826837959880977 0.039024534690343421
leaf_weight=16.033011227846146 16.175796300172806 13.353925436735151 18.111987680196762 18.094277650117874 95.96236664056778 10.515959858894346 49.79007351398468 52.411653250455856 12.67950770258903 47.42399799823761 15.223919391632078 41.884407490491867 30.449925035238266 10.136743754148485 15.128948301076887 219.42858473956585 37.07850706577301 11.242072135210035 29.774314314126972 208.96228602528572
leaf_count=52 46 45 69 55 316 33 146 152 39 137 47 122 87 31 51 814 117 41 94 839
internal_value=-3.50587e-06 -0.0206571 0.025522 -0.0264012 -0.0147005 0.0116398 -0.0239361 0.0031657 0.00968306 -0.012724 0.0225948 0.00701984 0.0159625 -0.0164572 -0.0356201 -0.0373011 0.0349947 0.0363336 0.0331985 0.0379483
internal_weight=969.862 537.49 432.372 453.643 205.731 194.056 145.752 146.461 83.8475 63.5998 57.6777 59.9787 82.8616 26.1698 247.911 234.558 47.5945 238.316 42.4538 220.204
internal_count=3333 1812 1521 1549 639 572 462 422 263 183 180 177 239 83 910 865 150 949 133 880
is_linear=0
shrinkage=0.05


Tree=43
num_leaves=1
num_cat=0
split_feature=
split_gain=
threshold=
decision_type=
left_child=
right_child=
leaf_value=0
leaf_weight=
leaf_count=3333
internal_value=
internal_weight=
internal_count=
is_linear=0
shrinkage=1


Tree=44
num_leaves=21
num_cat=0
split_feature=301 272 272 165 390 111 165 270 66 264 37 364 163 38 19 104 103 266 165 412
split_gain=200.442 46.2157 16.8646 16.0406 12.8994 17.3082 12.6404 7.9857 7.43039 7.39005 7.37459 7.17188 7.19399 5.15419 4.94379 2.5468 2.52459 2.12981 0.787074 0.672975
threshold=-0.20861454631854517 -1.2792406163371226 -1.7630708466778071 -0.0014937796126720437 0.0044052425466940557 42.500000000000007 -0.00040235892212272997 -0.97665800295815575 0.363453966271511 75.500000000000014 0.029603442119661583 0.50000859552347088 0.0049891780008746141 0.89794903596716236 0.39702710586614748 -0.18152510833825383 0.16625751551574833 0.16109194877627961 -0.0025432452620232594 0.80000000000000016
decision_type=2 2 2 2 2 2 2 2 2 2 2 2 2 2 2 2 2 2 2 2
left_child=2 3 13 8 5 -5 11 15 9 -2 -9 14 -13 18 -4 -8 -10 -3 -1 -19
right_child=1 17 6 4 -6 -7 7 10 16 -11 -12 12 -14 -15 -16 -17 -18 19 -20 -21
leaf_value=0.014739484028649217 0.024357477579425701 -0.0067896454685684657 0.033286787192245509 -0.0096197896102052892 -0.039963158133828024 0.017477629863459115 0.0043915598192813491 0.026997051712367739 -0.0054034914474474774 -0.023667459437054339 -0.012722632899055494 0.011763238281141512 -0.027375838053399378 0 -0.0024982395976447854 0.03613676438982491 -0.041893226936061581 -0.03871237321980462 0.040130683071129547 -0.01704118841598954
leaf_weight=14.348870843648909 10.76901811361313 11.560338109731672 16.431759387254719 122.92081496119499 16.054141402244568 106.50312918424606 11.820314735174177 17.694389671087265 10.066967099905012 15.578477323055266 22.541635155677795 14.149711787700651 29.394602745771408 11.643547087907789 13.767550677061079 79.088201820850372 42.471110731363297 205.22668147087097 178.32849594950676 19.345399424433708
leaf_count=49 31 34 52 358 49 306 39 56 32 49 64 41 85 39 42 273 135 840 684 75
internal_value=0 -0.0193957 0.0264839 -0.0068389 -0.000237205 0.00280747 0.0155615 0.0247138 -0.0260103 -0.00185116 0.00424948 -0.00039302 -0.0136449 0.0368117 0.0167152 0.0328137 -0.0364712 -0.0361331 0.0387503 -0.0373145
internal_weight=969.705 560.496 409.209 324.364 245.478 229.424 204.888 131.145 78.8856 26.3475 40.236 73.7436 43.5443 204.321 30.1993 90.9085 52.5381 236.132 192.677 224.572
internal_count=3333 1909 1424 960 713 664 652 432 247 80 120 220 126 772 94 312 167 949 733 915
is_linear=0
shrinkage=0.05


Tree=45
num_leaves=20
num_cat=0
split_feature=272 165 268 266 370 30 83 270 365 126 219 266 211 302 110 105 370 83 20
split_gain=186.951 34.7054 23.5912 17.13 15.9138 13.9571 14.1703 12.0632 11.4726 9.96712 7.7303 7.65814 7.40119 5.8332 5.67969 4.84758 5.35734 1.38731 1.08849
threshold=-1.4470977713286126 -0.0022580293331787723 -0.22891406029957626 -0.15792944398971245 0.38906657537435679 0.017619865816918538 0.10888548102975308 -0.97665800295815575 0.21495238949606865 -0.0033248512320200869 4.9851369331397697 0.097798490771896743 6.1394263794874435 1.0000000180025095e-35 9.5000000000000018 -0.24040778283223627 0.032859201591002189 -0.49920003396965351 0.05854191852939733
decision_type=2 2 2 2 2 2 2 2 2 2 2 2 2 2 2 2 2 2 2
left_child=1 8 5 15 10 6 9 -6 13 -2 -5 -8 17 -1 -7 -3 -17 -10 -4
right_child=2 3 18 4 7 14 11 -9 12 -11 -12 -13 -14 -15 -16 16 -18 -19 -20
leaf_value=-0.033597841332796807 -0.030404798641174825 -0.0008068487717844986 0.012316282362803594 0.020377179099882747 -0.033350708630684192 0 -0.011341459892621876 -0.0017884980573873431 0.0093835034316914062 0.0032829664460115059 -0.014504283331662064 0.027069111032411899 -0.0048564653996187998 0.0086819166946012823 0.041007878043886649 -0.0028657533853371315 -0.038433982279436493 0.039098165955749165 0.039120881244837695
leaf_weight=15.762950301170349 28.739613384008408 13.153854757547377 13.127918213605879 37.911863058805466 93.75323474407196 10.103968322277067 12.021637350320814 49.629222184419632 12.929232269525526 63.111005857586861 21.77092656493187 69.462359026074409 15.148348480463026 10.036583513021469 47.515154391527176 14.893503293395041 211.22564642131329 28.65310350060463 177.21995522081852
leaf_count=52 84 45 55 111 316 33 35 146 43 192 66 212 47 31 158 51 814 90 752
internal_value=0 -0.0199154 0.0246595 -0.0254736 -0.0140564 0.0133106 0.00563206 -0.0230281 0.00913948 -0.0073589 0.00677034 0.0206089 0.0217462 -0.0162229 0.034163 -0.0346628 -0.0363777 0.0322336 0.0377506
internal_weight=946.17 524.868 421.302 442.338 203.065 230.954 173.335 143.382 82.5302 91.8506 59.6828 81.484 56.7307 25.7995 57.6191 239.273 226.119 41.5823 190.348
internal_count=3333 1812 1521 1549 639 714 523 462 263 276 177 247 180 83 191 910 865 133 807
is_linear=0
shrinkage=0.05


Tree=46
num_leaves=1
num_cat=0
split_feature=
split_gain=
threshold=
decision_type=
left_child=
right_child=
leaf_value=0
leaf_weight=
leaf_count=3333
internal_value=
internal_weight=
internal_count=
is_linear=0
shrinkage=1


Tree=47
num_leaves=25
num_cat=0
split_feature=301 272 165 272 262 354 165 211 262 397 244 268 86 113 405 72 397 28 38 37 397 124 165 64
split_gain=181.408 43.3924 16.6683 16.2276 12.5285 17.2297 11.701 9.02147 7.74912 11.6153 7.39359 6.93208 7.41619 8.94857 6.69105 6.5075 7.41708 6.48876 5.11891 4.62274 4.46066 4.35204 0.776114 0.0815594
threshold=-0.20861454631854517 -1.3531957641514876 -0.0014522475162077626 -1.7630708466778071 0.44382022471910115 0.20387780108338246 -0.00040235892212272997 1.1538666667503163 0.30898876404494385 0.0049891780008746141 1.0636363636363637 -0.21499549516061373 -6258.7442790298683 79.500000000000014 3.9341023438904932e-05 0.0058174196371188975 -0.0021766764090496824 0.023796768405213446 0.89794903596716236 0.011235280375550034 -0.0031988700637074412 -33.499999999999993 -0.0025432452620232594 0.15816140269410231
decision_type=2 2 2 2 2 2 2 2 2 2 2 2 2 2 2 2 2 2 2 2 2 2 2 2
left_child=3 2 15 18 7 -6 8 -4 9 -5 17 12 21 -14 -12 16 -2 -8 22 -17 -10 -3 -1 -13
right_child=1 11 4 6 5 -7 10 -9 20 -11 14 23 13 -15 -16 19 -18 -19 -20 -21 -22 -23 -24 -25
leaf_value=0.01414316351622533 -0.027055321125145484 0 0.020647053118730684 0.017030512873948501 0.04029719828711719 -0.016728929195437194 0.00037767399154522535 -0.011099874887042708 -0.0085698432850770199 -0.037526290875925149 0.021810439072439056 -0.012928506854747723 0.014411666344018607 -0.029320902620756095 -0.02812259794205299 -0.002965855635456234 0.024738563738743471 0.034584743854181386 0 -0.042178918924131226 0.024328057414861833 -0.0344821401508753 0.039327580687075599 -0.03888092629637882
leaf_weight=14.160420447587965 10.32170817255974 12.630914628505705 25.328032314777374 11.998608857393263 41.393263816833496 15.45383360981941 19.96126227080822 96.213328331708908 10.946592330932615 22.740529924631119 10.254429668188097 10.046076118946074 26.484602063894272 16.081317961215973 10.237721502780913 13.583158701658247 11.36502969264984 87.91460146009922 11.484872877597807 34.569802224636078 27.349830061197281 62.532335057854652 170.94244331121445 172.02757249772549
leaf_count=49 32 39 72 36 120 46 64 279 33 66 33 42 84 53 30 43 32 305 39 115 85 213 684 739
internal_value=0 -0.0186425 -0.002886 0.025562 0.00503806 0.0238978 0.0148141 -0.00374466 -0.000548169 -0.0175021 0.0237481 -0.0313655 -0.0200752 -0.00185576 -0.00141299 -0.0231864 0 0.0288875 0.0359345 -0.0329177 0.0137744 -0.0292862 0.0379231 -0.0379519
internal_weight=946.022 548.031 248.228 397.991 178.388 56.8471 201.404 121.541 73.0356 34.7391 128.368 299.803 117.729 42.5659 20.4922 69.8397 21.6867 107.876 196.588 48.153 38.2964 75.1632 185.103 182.074
internal_count=3333 1909 739 1424 517 166 652 351 220 102 432 1170 389 137 63 222 64 369 772 158 118 252 733 781
is_linear=0
shrinkage=0.05


Tree=48
num_leaves=22
num_cat=0
split_feature=272 272 301 370 30 83 386 111 125 286 270 370 103 87 74 353 209 36 230 62 111
split_gain=169.89 28.1798 25.4027 18.802 15.5298 12.7465 10.4504 10.1831 12.0885 9.46422 5.65 11.7289 7.51159 5.60101 5.23667 4.42947 3.92808 2.50167 2.37271 1.30991 0.166141
threshold=-1.484904497988087 -1.2792406163371226 -0.31531264240216872 0.34447893972745741 0.017151516755780871 -0.0081907406713199026 0.13331949002526869 54.500000000000007 -1.0000000180025095e-35 -0.53726079928452475 -1.2775149799507066 0.30752484653121331 0.096553081055095566 -0.1311896007500479 0.32656164359989143 0.004764910480262341 3.4783491961335775 0.0063944507803760974 113.50000000000001 0.1261371944881011 12.500000000000002
decision_type=2 2 2 2 2 2 2 2 2 2 2 2 2 2 2 2 2 2 2 2 2
left_child=2 4 10 7 5 6 -2 8 -4 -7 -1 16 -13 -9 18 -6 -12 -3 -5 -19 -17
right_child=1 17 3 14 15 9 -8 13 -10 -11 11 12 -14 -15 -16 20 -18 19 -20 -21 -22
leaf_value=-0.037671316197694017 -0.024304079316005964 0.0095614450407934416 -0.011091938644347439 -0.034508284768341599 0 -0.012349180432637491 0.01447142243449754 -0.040443592761962022 0.028770525173407325 0.022094089148748414 -0.010652488109963193 0.0068517095256207076 -0.032100333923305656 0.00010710183241418285 0.0011464512043954632 0.013260778948947359 0.023198664873342566 0.0092957456076597552 -0.0020519461637005434 0.037606022863260424 0.041873529781711806
leaf_weight=146.69618710875511 56.571980834007263 17.156449303030968 23.819247990846634 52.756535112857819 10.118109375238417 22.608719825744629 20.485956370830536 11.005455046892168 56.58223432302475 74.799462795257568 12.026471167802812 10.575487896800039 106.58968628942966 15.70815736055374 12.606108993291853 10.027273654937742 14.488258972764013 11.439379736781119 10.445526719093321 190.82843799889088 35.400026053190231
leaf_count=603 163 69 71 161 33 67 61 34 175 217 41 36 412 49 37 31 46 47 30 833 117
internal_value=0 0.0218939 -0.0208901 -0.00581666 0.00918202 0.00137882 -0.013215 0.00728608 0.0163874 0.0134716 -0.0300586 -0.0213336 -0.0280851 -0.0173128 -0.0245376 0.031511 0.00662838 0.0346908 -0.0302355 0.0364078 0.037803
internal_weight=922.735 449.436 473.299 182.923 230.012 174.466 77.0579 107.115 80.4015 97.4082 290.376 143.68 117.165 26.7136 75.8082 55.5454 26.5147 219.424 63.2021 202.268 45.4273
internal_count=3333 1638 1695 557 689 508 224 329 246 284 1138 535 448 83 228 181 87 949 191 880 148
is_linear=0
shrinkage=0.05


Tree=49
num_leaves=1
num_cat=0
split_feature=
split_gain=
threshold=
decision_type=
left_child=
right_child=
leaf_value=0
leaf_weight=
leaf_count=3333
internal_value=
internal_weight=
internal_count=
is_linear=0
shrinkage=1


Tree=50
num_leaves=21
num_cat=0
split_feature=311 274 274 111 167 126 167 223 25 125 390 387 74 105 297 36 284 62 165 266
split_gain=164.371 29.2188 25.9574 16.2304 18.9929 13.2021 12.8201 11.1375 10.3562 10.5733 8.43206 7.47787 7.12767 5.01455 3.2048 2.56442 1.79347 1.35839 1.20906 0.00724561
threshold=0.55209150340196933 0.72075938366287728 0.23692915332219258 35.500000000000007 -0.36271738535779224 0.00059127264019054337 -0.16901552521246122 2.6859496916450278 0.016877205922098411 0.04180693342197548 0.0044052425466940557 -0.12364639935641485 0.37875330794051104 -0.24040778283223627 -0.55268311139885862 0.0063944507803760974 -0.2364317342441917 0.1261371944881011 -0.0025432452620232594 0.16757649374762612
decision_type=2 2 2 2 2 2 2 2 2 2 2 2 2 2 2 2 2 2 2 2
left_child=2 6 13 4 11 10 8 16 9 -2 -5 -4 -10 -1 -6 -3 -8 -17 -15 -19
right_child=1 15 3 5 14 -7 7 -9 12 -11 -12 -13 -14 18 -16 17 -18 19 -20 -21
leaf_value=0.0013021117532923017 -0.010302156977342783 -0.0091771189808938346 0.0042736094265584251 0.029598228386924465 0.026163231898127262 -0.016728117243064274 0.041873199352157858 -0.021888951997358051 -0.024421363743017781 0.036432123402778314 -0.011609702977309518 -0.029727797503580945 0.0046663656404335513 0.011573543451334913 -0.00059708012691660022 -0.0089359574853037759 0.008105922343454525 -0.014512420308127827 0.038860822691994854 -0.038426103923279324
leaf_weight=13.481817230582235 30.330414980649948 17.000086233019829 18.838971078395844 131.09186497330666 37.903592869639397 17.026176616549492 17.184750348329544 10.510881781578062 134.29473860561848 15.450551122426985 10.271872267127035 50.124121561646461 20.574255734682083 12.900334149599074 10.344894438982008 11.330923616886137 12.421512037515642 11.823499962687491 162.67272691428661 177.01589703559875
leaf_count=47 92 69 57 434 123 52 53 31 417 44 33 149 63 45 29 47 35 39 680 794
internal_value=0 -0.0212256 0.0208481 0.0106104 -0.00310893 0.0209418 -0.00877737 0.0156427 -0.0140638 0.0057157 0.0260786 -0.0199537 -0.0202251 0.0351132 0.0197509 -0.0344916 0.0312886 -0.0362282 0.037364 -0.0374398
internal_weight=922.594 457.938 464.656 275.601 117.212 158.39 240.767 40.1171 200.65 45.781 141.364 68.9631 154.869 189.055 48.2485 217.17 29.6063 200.17 175.573 188.839
internal_count=3333 1684 1649 877 358 519 735 119 616 136 467 206 480 772 152 949 88 880 725 833
is_linear=0
shrinkage=0.05


Tree=51
num_leaves=20
num_cat=0
split_feature=274 165 268 370 365 216 55 167 28 270 370 0 226 230 126 103 120 402 62
split_gain=154.719 29.2788 27.7856 16.2238 12.6254 11.0823 12.3273 10.6573 10.2049 9.4474 12.7774 7.06064 6.71101 4.49022 4.21157 5.07003 3.26492 3.23404 0.302364
threshold=0.50869891355437125 -0.0022580293331787723 -0.22891406029957626 0.4963155507117446 0.21495238949606865 4.9964908049769683 -0.026653856977937814 -0.17318514541247845 0.019898723807020378 -1.1579294439897121 0.25111209423662978 -0.0026218999726364107 -5.0802784598458546 40.500000000000007 0.001721188402613816 0.084076057070597024 -1.0000000180025095e-35 1.0000000180025095e-35 0.14107452660164008
decision_type=2 2 2 2 2 2 2 2 2 2 2 2 2 2 2 2 2 2 2
left_child=1 4 3 8 16 6 -5 -7 -2 14 -11 -12 -6 -14 15 -3 -1 -10 -4
right_child=2 9 18 5 12 7 -8 -9 17 10 11 -13 13 -15 -16 -17 -18 -19 -20
leaf_value=-0.035260406960532897 -0.008557562226352065 -0.0020011760609314078 0.013096486172108483 0.015740736496214425 -0.0084416923122227865 0.02983028752659805 -0.023259268462950247 -0.0029407387719384151 0.0088609333287540948 0.02451472549618372 0.0019437480384013215 -0.025513050742671996 0.0055895840915708402 0.043466294788003283 0 -0.036670358465764115 0 0.039036426723328695 0.037510338041799873
leaf_weight=12.73580187559128 13.993322685360907 14.75348426401615 12.040544375777243 25.455987989902496 11.224567398428915 45.148461356759071 61.783622369170189 45.102648332715034 18.046889379620552 14.224513262510298 24.510354921221733 116.57779784500599 17.261753380298615 23.761627495288849 10.356138944625853 197.77914316952229 10.225658506155012 63.054299250245094 161.93618270754814
leaf_count=42 42 54 52 81 37 141 187 136 56 43 75 395 56 77 39 817 34 214 755
internal_value=0 -0.020552 0.0207742 0.0103617 0.00719011 0.0010301 -0.0111803 0.0133492 0.0267048 -0.0262132 -0.015634 -0.020455 0.0209312 0.0301313 -0.033058 -0.034557 -0.0209568 0.0334718 0.0363539
internal_weight=899.973 453.411 446.562 272.585 75.2094 177.491 87.2396 90.2511 95.0945 378.201 155.313 141.088 52.2479 41.0234 222.889 212.533 22.9615 81.1012 173.977
internal_count=3333 1669 1664 857 246 545 268 277 312 1423 513 470 170 133 910 871 76 270 807
is_linear=0
shrinkage=0.05


Tree=52
num_leaves=1
num_cat=0
split_feature=
split_gain=
threshold=
decision_type=
left_child=
right_child=
leaf_value=0
leaf_weight=
leaf_count=3333
internal_value=
internal_weight=
internal_count=
is_linear=0
shrinkage=1


Tree=53
num_leaves=19
num_cat=0
split_feature=274 268 165 268 381 240 407 28 221 209 72 33 386 27 386 112 20 29
split_gain=148.214 31.0139 23.0782 21.6138 14.0214 14.9298 12.3543 8.92558 8.3602 8.81746 6.90453 6.41347 4.57326 4.22326 4.04839 2.26555 1.58758 0.752543
threshold=0.55290222867138727 -0.7078884259406667 -0.0022315015258672836 -0.22063829592990902 11.726461352729901 0.88095238095238104 0.45265703324121942 0.019898723807020378 15.194839714257194 4.6819713056837076 0.0057041990271668105 0.0051490533102563274 0.0078286662573618954 0.02654066676288493 0.22873059629764006 112.50000000000001 0.05854191852939733 -0.065205826133343511
decision_type=2 2 2 2 2 2 2 2 2 2 2 2 2 2 2 2 2 2
left_child=1 11 10 6 -4 -6 7 -2 9 -8 -3 -1 -10 -13 -12 -15 -5 -9
right_child=3 2 4 16 5 -7 8 17 12 -11 14 13 -14 15 -16 -17 -18 -19
leaf_value=0 0.0071370559857540875 0.0069850460244621944 0.038349534149707092 -0.0089206136200394408 -0.012974974172622333 0.01698350721391002 0.010316383990445745 -0.013765808609033748 0 -0.022710997325922778 -0.037408555425918498 0.0063374228963048859 -0.036220956448577452 0.038486841242963796 0 0.0061899035836651944 -0.037941753070252493 -0.039177683016397485
leaf_weight=16.449459582567215 11.953451737761496 13.865931898355482 45.515824884176254 11.835984840989111 56.981042206287384 126.01598474383354 92.455420345067978 14.980341851711271 12.515680178999899 22.204714447259903 33.785511583089828 17.74636498093605 21.95496666431427 170.83048540353775 11.316828966140745 10.78621695935726 157.26340299844742 51.385269686579704
leaf_count=62 37 40 149 54 172 402 282 51 38 72 114 64 71 732 35 42 740 176
internal_value=0 0.0179188 0.00681909 -0.0228149 0.0141394 0.00732749 -0.0121617 -0.0279329 -0.00316299 0.00307947 -0.0200528 0.0321799 -0.0238458 0.0346259 -0.0293217 0.0369713 -0.0363919 -0.0350059
internal_weight=899.843 503.294 287.481 396.549 228.513 182.997 227.45 78.3191 149.131 114.66 58.9683 215.813 34.4706 199.363 45.1023 181.617 169.099 66.3656
internal_count=3333 1812 912 1521 723 574 727 264 463 354 189 900 109 838 149 774 794 227
is_linear=0
shrinkage=0.05


Tree=54
num_leaves=20
num_cat=0
split_feature=272 165 268 30 120 365 125 266 370 401 219 230 83 105 105 370 120 20 112
split_gain=140.104 27.7937 25.4709 13.5658 13.4874 10.9192 9.89332 9.80203 13.1781 8.78568 8.32121 7.91631 6.493 4.99431 4.97586 5.59689 3.33056 1.52907 0.776215
threshold=-1.484904497988087 -0.0022580293331787723 -0.22891406029957626 0.017619865816918538 -0.029586090440900877 0.21495238949606865 0.04180693342197548 -0.15792944398971245 0.38906657537435679 1.0000000180025095e-35 4.9851369331397697 99.500000000000014 -0.49920003396965351 0.065930203820929997 -0.24040778283223627 0.032859201591002189 -1.0000000180025095e-35 0.066981096024104195 71.500000000000014
decision_type=2 2 2 2 2 2 2 2 2 2 2 2 2 2 2 2 2 2 2
left_child=1 5 3 4 -2 16 -6 14 10 -5 -9 -10 13 -7 -3 -16 -1 -4 -14
right_child=2 7 17 9 6 12 -8 8 11 -11 -12 -13 18 -15 15 -17 -18 -19 -20
leaf_value=-0.032845283688467564 -0.032619224632313509 0 0.011048519175128059 -0.005526848014157028 0.015497690318574809 -0.01993917983207456 -0.0096514799409598249 0.020579418958562985 -0.032779225137374357 0.038524209149457332 -0.018065321260728389 -0.0012331540388973909 0.042655988195204893 0.022025615593575087 0 -0.036285395786135502 0 0.03749068462494301 0.011167257443854193
leaf_weight=12.85716035962105 19.679334819316864 12.436996832489966 14.642332866787909 11.033272713422773 128.69925981760025 12.060142099857332 50.672086298465729 32.62595808506012 76.993795305490494 51.39428836107254 19.054690390825272 31.284100919961929 18.651145756244663 10.395052239298819 13.934525936841963 188.6192277520895 10.717816680669783 151.36621528863907 10.818203613162039
leaf_count=43 57 45 68 36 402 40 152 97 276 184 59 102 62 35 51 814 36 739 35
internal_value=0 -0.0194221 0.0204034 0.0102132 0.00338151 0.0075103 0.00807703 -0.024994 -0.014603 0.0300781 0.00520726 -0.0243931 0.0204391 0 -0.0321885 -0.0340486 -0.018177 0.0356918 0.0347362
internal_weight=877.936 450.449 427.487 261.478 199.051 75.4995 179.371 374.949 159.959 62.4276 51.6806 108.278 51.9245 22.4552 214.991 202.554 23.575 166.009 29.4693
internal_count=3333 1695 1638 831 611 251 554 1444 534 220 156 378 172 75 910 865 79 807 97
is_linear=0
shrinkage=0.05


Tree=55
num_leaves=1
num_cat=0
split_feature=
split_gain=
threshold=
decision_type=
left_child=
right_child=
leaf_value=0
leaf_weight=
leaf_count=3333
internal_value=
internal_weight=
internal_count=
is_linear=0
shrinkage=1


Tree=56
num_leaves=18
num_cat=0
split_feature=305 268 272 11 112 393 111 167 399 126 381 38 29 28 207 20 130
split_gain=134.441 28.9012 21.1058 14.104 14.3074 12.721 12.2712 17.9713 12.0083 9.20118 6.4968 5.32506 4.81941 4.80646 4.38607 1.58631 0.616347
threshold=0.091666666666667077 -0.22891406029957626 -1.7630708466778071 -0.00083484124299509899 118.50000000000001 -0.14319307243717336 35.500000000000007 -0.36271738535779224 -0.2030780210307824 0.00059127264019054337 11.726461352729901 0.89794903596716236 -0.11054120392866372 0.018482890011772779 1.1881560771990591 0.066981096024104195 23.500000000000004
decision_type=2 2 2 2 2 2 2 2 2 2 2 2 2 2 2 2 2
left_child=2 3 11 8 5 -5 7 10 -2 13 -4 16 -10 -8 -9 -3 -1
right_child=1 15 6 4 -6 -7 9 14 12 -11 -12 -13 -14 -15 -16 -17 -18
leaf_value=0.036901650502508883 0.014559159796472194 -0.010670717767827119 0.011621893290214021 -0.030795695484818333 -0.033744280839812707 0.0081152845544660915 -0.001506667569594441 0.038585118720882154 -0.0027734004433160125 -0.013180684939360258 -0.026557148574675556 0 -0.040942556254245782 0.027573891235648441 0.0043186885738086232 -0.037348783660676399 0.0098286226648562763
leaf_weight=153.7356743067503 11.748344808816908 14.478295788168905 10.091749683022497 20.773431926965714 27.533135935664177 164.29459647834301 12.180486395955084 18.048659458756447 13.552498042583464 14.907942205667494 52.289963513612747 10.773739308118818 55.014174312353134 113.51907494664192 25.324021473526955 149.54751528799534 10.010785415768622
leaf_count=691 37 68 32 71 91 510 40 62 43 46 157 39 189 396 80 739 42
internal_value=-1.91363e-05 -0.0187963 0.0202376 -0.00899318 -0.00187752 0.00306019 0.0103154 -0.00213054 -0.026483 0.0198734 -0.0193662 0.0335515 -0.0345294 0.024398 0.0212299 -0.0355273 0.035753
internal_weight=877.824 456.942 420.882 292.916 212.601 185.068 246.362 105.754 80.315 140.608 62.3817 174.52 68.5667 125.7 43.3727 164.026 163.746
internal_count=3333 1748 1585 941 672 581 813 331 269 482 189 772 232 436 142 807 733
is_linear=0
shrinkage=0.05


Tree=57
num_leaves=20
num_cat=0
split_feature=274 268 165 167 216 381 167 266 207 228 103 268 105 370 276 105 349 20 124
split_gain=127.563 25.1007 24.5489 14.4675 14.0049 13.2438 12.0689 8.71847 13.3228 11.9496 7.64185 5.80473 4.92534 5.49523 4.82769 4.56331 3.70961 1.61039 0.711607
threshold=0.50869891355437125 -0.22063829592990902 -0.0022580293331787723 -0.73508298922167781 4.9964908049769683 12.092213198541524 -0.17318514541247845 -0.15792944398971245 1.6225430233344607 0.56009513159278712 0.23954904213778244 -0.7078884259406667 -0.24040778283223627 0.032859201591002189 1.0233419970418443 -0.040573223097779935 -8.4999999999999982 0.05854191852939733 -11.499999999999998
decision_type=2 2 2 2 2 2 2 2 2 2 2 2 2 2 2 2 2 2 2
left_child=2 3 10 18 5 -5 -6 12 14 -10 11 -1 -4 -14 -9 -12 -13 -3 -2
right_child=1 17 7 4 6 -7 -8 8 9 -11 15 16 13 -15 -16 -17 -18 -19 -20
leaf_value=-0.031672904402199178 0.0096836195379864775 0.0078430996019962663 0 -0.04037674330263475 0.028730953299452595 0.00016425352351280567 -0.00301933721506484 -0.034671213089929688 -0.020199792802079938 0.019730244594194066 0 -0.0077909028048824998 0 -0.035567322207779743 -0.0035759743310354135 0.037101454759111099 0.023916563174571422 0.036918144226897813 0.03796119934667587
leaf_weight=12.490236222743986 10.54666645824909 11.470505431294439 12.265058785676954 22.549999415874481 69.013262420892715 83.940649628639221 45.848353639245033 60.555548325181007 30.7784523665905 38.6155886054039 10.382978290319445 17.546689063310623 13.741788342595099 181.38191549479961 21.147203356027603 20.252871856093407 12.33998540043831 144.14237844944 37.894355446100235
leaf_count=48 35 54 45 69 224 262 140 228 102 116 35 55 51 814 67 69 39 740 140
internal_value=0 0.0193356 -0.019114 0.00966942 0.00380729 -0.00883496 0.015879 -0.0244922 -0.0142841 0.00122618 0.00655918 -0.00625469 -0.0313821 -0.0332859 -0.0276248 0.0247474 0.00476796 0.0352791 0.0337003
internal_weight=856.904 425.406 431.498 269.793 221.352 106.491 114.862 358.486 151.097 69.394 73.0128 42.3769 207.389 195.124 81.7028 30.6359 29.8867 155.613 48.441
internal_count=3333 1664 1669 870 695 331 364 1423 513 218 246 142 910 865 295 104 94 794 175
is_linear=0
shrinkage=0.05


Tree=58
num_leaves=1
num_cat=0
split_feature=
split_gain=
threshold=
decision_type=
left_child=
right_child=
leaf_value=0
leaf_weight=
leaf_count=3333
internal_value=
internal_weight=
internal_count=
is_linear=0
shrinkage=1


Tree=59
num_leaves=20
num_cat=0
split_feature=301 272 272 163 112 55 124 165 270 34 126 103 110 365 165 104 270 413 165
split_gain=122.632 33.4616 13.9154 13.2245 16.3578 14.2969 12.7346 8.80878 7.17683 6.91028 6.85103 5.83436 5.54584 8.55667 3.37958 2.96212 2.74278 1.44478 1.02709
threshold=-0.20861454631854517 -1.2792406163371226 -1.7630708466778071 -0.0034666264531106948 118.50000000000001 0.0403126873712304 -10.499999999999998 -0.00040235892212272997 -0.97665800295815575 0.032063939007312171 0.0055536408806453616 0.094225466511490177 59.500000000000007 0.22767836061040184 -0.0010746097459488754 -0.18152510833825383 -0.83242350625237382 1.0000000180025095e-35 -0.0025432452620232594
decision_type=2 2 2 2 2 2 2 2 2 2 2 2 2 2 2 2 2 2 2
left_child=2 3 11 6 5 -5 -2 12 15 -10 -8 -1 13 -4 -14 -9 -3 -18 -13
right_child=1 16 7 4 -6 -7 10 8 9 -11 -12 18 14 -15 -16 -17 17 -19 -20
leaf_value=0 0.019627457367357614 -0.0040409298004198827 0.026014388490885582 0.011995233108710431 -0.033130711418381316 -0.024470897711735235 -0.035883190059263707 0 0.019134135101486999 -0.020546231497162226 0.0030914569578779491 0.011368384884536904 -0.038605557973826775 -0.012802088269102408 0 0.032314335094721661 -0.035737751692468393 -0.011289487679646154 0.037281447592319925
leaf_weight=14.303974121809004 12.188665390014647 12.89615862071514 26.278662234544754 167.38196834921837 27.478590101003647 28.375921532511711 63.387041285634041 10.774981439113615 22.273759782314301 16.101131916046143 10.26954612135887 13.222462922334669 10.227353900671007 23.152280896902084 10.425420075654982 69.478916838765144 162.14019371569157 16.352274060249329 140.09527935087681
leaf_count=57 36 44 87 506 89 88 211 39 73 47 30 49 29 73 31 273 830 75 666
internal_value=-2.88045e-05 -0.0160115 0.0222259 -0.00553331 0.000734617 0.00616818 -0.02187 0.012185 0.0203516 0.000994208 -0.0298886 0.0328241 -0.0012222 0.00718779 -0.0218235 0.0286378 -0.0323293 -0.0339971 0.0356276
internal_weight=856.805 500.47 356.334 309.082 223.236 195.758 85.8453 188.713 118.629 38.3749 73.6566 167.622 70.0837 49.4309 20.6528 80.2539 191.389 178.492 153.318
internal_count=3333 1909 1424 960 683 594 277 652 432 120 241 772 220 160 60 312 949 905 715
is_linear=0
shrinkage=0.05


Tree=60
num_leaves=22
num_cat=0
split_feature=272 305 268 370 207 391 383 270 86 119 130 264 270 28 364 370 229 71 358 124 62
split_gain=115.804 24.1994 19.1433 12.5874 12.5087 7.98373 9.46114 6.79343 6.28112 6.66723 6.13861 7.10258 5.77023 11.6771 14.2044 7.58733 5.21866 4.54887 2.72041 2.2073 0.828111
threshold=-1.4470977713286126 -0.040312642402171577 -0.21499549516061373 0.34447893972745741 1.1527009186218697 2.5000000000000004 1.0000000180025095e-35 -0.97220436637479846 -7474.0543014248688 -0.013022907357353243 -3.4999999999999996 65.500000000000014 -1.2775149799507066 0.025023769546078437 0.56385900598433125 0.30752484653121331 -2.6402906147218661 0.88857641526653341 -0.08400583159082671 -32.499999999999993 0.14107452660164008
decision_type=2 2 2 2 2 2 2 2 2 2 2 2 2 2 2 2 2 2 2 2 2
left_child=1 12 4 10 5 6 -2 18 19 -10 16 -12 -1 14 -14 -15 -3 -9 -5 -6 -4
right_child=2 3 20 7 8 -7 -8 17 9 -11 11 -13 13 15 -16 -17 -18 -19 -20 -21 -22
leaf_value=-0.03514718590227292 -0.037332685347860231 -0.03338727764627749 0.0093975247844033105 -0.0017917358561065338 0.0039681143195002119 0.027828159901273294 0.00041224095945014566 -0.022433567717523081 -0.021653258010290055 0.017355578565681061 -0.00086347936877929411 0.02621921614002001 -0.016824979633880157 0.0019489817280739065 0.047479528743073054 -0.031999982032300513 0.0079649585546325754 0.011263719192363131 -0.031344400324980301 0.036237408360646005 0.036343236676489137
leaf_weight=124.55667296051979 17.557547882199287 11.97779366374016 10.725678190588949 13.942786872386931 10.66089580953121 16.409508675336838 73.33982951939106 11.910104840993879 11.262369960546492 38.107394531369209 39.144284650683403 48.134241387248039 18.243340179324154 16.558805704116821 10.993756994605063 83.613618716597557 10.719254702329634 27.491126507520676 49.513169690966606 55.924717023968697 135.05301862955093
leaf_count=603 54 37 52 42 35 55 231 38 33 125 128 157 75 57 34 369 32 81 159 207 729
internal_value=0 -0.0165255 0.0208163 -0.00372455 0.0110413 -0.000869095 -0.00730583 -0.0162237 0.0222277 0.00677139 0.00764337 0.0138938 -0.0268898 -0.0179482 0.00797213 -0.02601 -0.013262 0 -0.0259774 0.0321832 0.0349262
internal_weight=835.84 466.799 369.041 212.833 223.262 107.307 90.8974 102.857 115.955 49.3698 109.976 87.2785 253.966 129.41 29.2371 100.172 22.697 39.4012 63.456 66.5856 145.779
internal_count=3333 1812 1521 674 740 340 285 320 400 158 354 285 1138 535 109 426 69 119 201 242 781
is_linear=0
shrinkage=0.05


Tree=61
num_leaves=1
num_cat=0
split_feature=
split_gain=
threshold=
decision_type=
left_child=
right_child=
leaf_value=0
leaf_weight=
leaf_count=3333
internal_value=
internal_weight=
internal_count=
is_linear=0
shrinkage=1


Tree=62
num_leaves=21
num_cat=0
split_feature=299 272 272 163 162 104 124 256 162 119 379 167 78 33 258 36 62 78 219 270
split_gain=110.78 31.3257 13.6591 12.2667 14.8755 13.3266 12.2112 10.0247 8.74345 11.264 13.4859 9.61768 6.30445 5.33225 3.8701 2.84685 1.80737 0.480465 0.428114 0.41909
threshold=-0.298046472375397 -1.2792406163371226 -1.7630708466778071 -0.0034666264531106948 1.1736885256911191 0.033364123344000442 -10.499999999999998 0.92857142857142871 1.1252079450142063 -0.17455771583318427 -1.0000000180025095e-35 -0.77207482476716482 1.3637242562363359 0.0053002576974798083 0.3970588235294118 0.0063944507803760974 0.1261371944881011 1.9983150592215186 7.1806061447210112 -0.83242350625237382
decision_type=2 2 2 2 2 2 2 2 2 2 2 2 2 2 2 2 2 2 2 2
left_child=2 3 13 6 5 -5 -2 -6 11 18 -11 -4 -13 -1 -8 -3 -17 -15 -10 -18
right_child=1 15 8 4 7 -7 14 -9 9 10 -12 12 -14 17 -16 16 19 -19 -20 -21
leaf_value=0 0.019403844523877667 -0.0054158681025938925 -0.0089918682668921526 0.022622791052700222 0.017430920053591269 -0.0085112472050084612 0 -0.023899162197681942 0.0075768253503456194 0.012274117790945246 -0.032950959119780208 0.034179497909852564 0 0.035962515863066834 -0.033687590650617882 -0.0046714908296713294 -0.011107765983466709 0.0098310228726170325 0.034774805646920932 -0.036233391659752812
leaf_weight=12.808742478489874 12.1658638715744 15.343409538269041 18.318610191345215 87.451567202806473 14.774732768535612 50.484754517674446 10.436218634247778 67.26241609454155 10.279228284955026 26.31096139550209 32.732488423585892 69.644203454256058 17.052794173359871 138.09480492770672 61.913758099079132 10.066983088850973 11.005517631769179 10.030592098832129 12.691318184137343 146.8776266425848
leaf_count=52 36 69 60 260 44 160 34 214 31 94 102 265 60 677 207 47 39 43 45 794
internal_value=-3.94758e-05 -0.0154375 0.0213508 -0.00530076 0.000769876 0.0109343 -0.0211572 -0.0155154 0.011454 -0.000251448 -0.0123728 0.0208116 0.0277565 0.0321272 -0.0291422 -0.0316518 -0.0336191 0.0347541 0.0268103 -0.0350325
internal_weight=835.747 487.783 347.964 304.489 219.973 137.936 84.5158 82.0371 187.03 82.014 59.0434 105.016 86.697 160.934 72.35 183.294 167.95 148.125 22.9705 157.883
internal_count=3333 1904 1429 955 678 420 277 258 657 272 196 385 325 772 241 949 880 720 76 833
is_linear=0
shrinkage=0.05


Tree=63
num_leaves=21
num_cat=0
split_feature=272 268 165 30 83 386 365 110 286 28 240 266 126 112 226 230 397 124 20 125
split_gain=105.763 22.8275 21.5885 12.7905 12.5997 12.3283 10.5372 9.23375 9.18168 8.56834 16.6142 12.737 8.59832 7.74455 5.84314 3.86972 2.51224 2.41543 0.962568 0.564797
threshold=-1.4913010864456286 -0.21499549516061373 -0.0022580293331787723 0.017619865816918538 0.10888548102975308 0.13331949002526869 0.21495238949606865 2.5000000000000004 -0.53726079928452475 0.033217973051920001 0.88095238095238104 -0.30606175364958865 0.00059127264019054337 9.5000000000000018 -5.0802784598458546 40.500000000000007 -0.013284641260758921 -7.4999999999999991 0.05854191852939733 -0.094604053335604885
decision_type=2 2 2 2 2 2 2 2 2 2 2 2 2 2 2 2 2 2 2 2
left_child=2 3 6 4 5 -2 17 -5 -6 10 11 -4 16 -12 -8 -16 -11 -1 -3 -9
right_child=1 18 9 7 8 -7 14 19 -10 12 13 -13 -14 -15 15 -17 -18 -19 -20 -21
leaf_value=-0.033062247045712798 -0.019630964431672684 0.0083152719564573829 -0.026007936910398599 -0.0084095647765669145 -0.011792570161458899 0.015720091616931369 -0.0084325114604097608 0.011141145606700003 0.023980433256338526 -0.0082483951276093835 0.0099086237398498256 0.023859469777493432 0.0048026640780699219 -0.029698758494054414 0.0048230672958224224 0.041042379708575313 -0.035860554523552531 0 0.035867879529648525 0.040077329120946532
leaf_weight=11.427538231015207 77.155638679862022 10.393295243382452 15.076136782765387 11.099736109375952 19.348540455102921 31.545802444219589 10.613749161362646 10.165256306529043 73.335788562893867 16.033441171050072 10.620721027255057 38.072871133685112 12.615963771939276 93.845765560865402 16.607621893286705 22.252600863575935 152.99665161967278 10.18183797597885 128.61550524830818 43.398955002427101
leaf_count=40 241 53 72 40 59 102 37 37 237 64 39 130 50 405 56 77 663 36 728 167
internal_value=0 0.0180277 -0.017856 0.00901023 0.00238054 -0.00877759 0.00643604 0.0278974 0.0158544 -0.0231037 -0.0135814 0.00818988 -0.0307406 -0.0250426 0.0193657 0.0282128 -0.0337216 -0.0198865 0.0343791 0.036352
internal_weight=815.403 405.059 410.345 266.05 201.386 108.701 71.0833 64.6639 92.6843 339.262 157.615 53.149 181.646 104.466 49.474 38.8602 169.03 21.6094 139.009 53.5642
internal_count=3333 1664 1669 883 639 343 246 244 296 1423 646 202 777 444 170 133 727 76 781 204
is_linear=0
shrinkage=0.05


Tree=64
num_leaves=1
num_cat=0
split_feature=
split_gain=
threshold=
decision_type=
left_child=
right_child=
leaf_value=0
leaf_weight=
leaf_count=3333
internal_value=
internal_weight=
internal_count=
is_linear=0
shrinkage=1


Tree=65
num_leaves=20
num_cat=0
split_feature=272 303 258 397 125 162 8 266 370 103 268 86 390 36 120 66 41 162 20
split_gain=101.633 35.5493 15.0362 13.3043 16.1326 13.5834 9.55652 6.36138 11.2627 6.11186 5.94052 6.75084 6.16761 5.89248 4.84851 2.63791 2.16339 1.13356 1.01391
threshold=-1.3531957641514876 -0.22429425622015439 0.45588235294117652 -0.0034666264531106948 -0.13468944258409823 1.1938959433423826 -0.017729721111999813 -0.27751497995070695 0.33306653250997692 0.10181438438609842 -0.21499549516061373 -6258.7442790298683 0.0006607562619563857 0.037619636764862262 -0.029586090440900877 0.31389661285806081 0.0019187731419780041 0.50663821915908358 0.05854191852939733
decision_type=2 2 2 2 2 2 2 2 2 2 2 2 2 2 2 2 2 2 2
left_child=1 7 6 4 -4 -5 -3 -1 13 -10 11 14 -13 -9 -2 -14 -8 -16 -12
right_child=10 2 3 5 -6 -7 16 8 9 -11 18 12 15 -15 17 -17 -18 -19 -20
leaf_value=0.034276124571207815 0 -0.013229840026879179 0.027837636602945331 0.012615769541344794 -0.031974256460437007 -0.013908901214057384 0.0056592511309487897 -0.023151516686437529 -0.0067479331637840881 0.029120817201777012 -0.0079201619428620369 0.022723340579806826 -0.026557311760820546 0.017646339212589939 -0.0068653346808845777 0.0011011301053755883 0.040806883090332535 -0.035711987569827568 -0.035731403008171257
leaf_weight=120.58859387040138 12.270524173974989 10.194760411977766 10.294724896550177 122.29966220259666 62.977775260806084 74.688849002122879 10.248664334416388 21.003688305616382 10.046573266386984 85.913280621170998 10.262207627296446 15.113454312086104 14.928919166326525 10.094653725624083 10.377619236707686 10.026219069957731 32.440561443567276 44.719900354743004 126.8256877809763
leaf_count=603 42 34 32 385 207 235 31 70 37 389 53 50 52 38 35 35 102 175 728
internal_value=-4.1145e-05 0.0114501 0.000329057 -0.00435229 -0.0221508 0.00225105 0.0240969 0.0255845 0.0163507 0.0247695 -0.0268808 -0.0163875 0 -0.00805462 -0.0257158 -0.0147308 0.0343888 -0.0317744 -0.0342206
internal_weight=815.316 570.792 323.145 270.261 73.2725 196.989 52.884 247.647 127.058 95.9599 244.525 107.437 40.0686 31.0983 67.368 24.9551 42.6892 55.0975 137.088
internal_count=3333 2163 1026 859 239 620 167 1137 534 426 1170 389 137 108 252 87 133 210 781
is_linear=0
shrinkage=0.05


Tree=66
num_leaves=20
num_cat=0
split_feature=272 165 268 30 83 365 401 87 266 370 64 0 83 138 370 389 244 20 0
split_gain=96.1938 21.0488 20.9833 11.1564 12.6743 9.39701 8.63506 8.50117 8.49491 10.4329 6.96109 6.53438 5.51906 3.96829 5.33227 2.79683 2.42785 0.944118 0.801735
threshold=-1.484904497988087 -0.0022580293331787723 -0.21499549516061373 0.017619865816918538 -0.021581605036874424 0.21495238949606865 1.0000000180025095e-35 -0.055000093894336459 -0.15792944398971245 0.25111209423662978 0.42749640862106364 -0.0026218999726364107 -0.49920003396965351 -0.033154530917804841 0.032859201591002189 1.0000000180025095e-35 0.4272727272727273 0.05854191852939733 -0.0028375953643349438
decision_type=2 2 2 2 2 2 2 2 2 2 2 2 2 2 2 2 2 2 2
left_child=1 5 3 4 10 16 -5 -6 13 -10 -2 -11 15 -3 -15 -7 -1 -4 -14
right_child=2 8 17 6 7 12 -8 -9 9 11 -12 -13 18 14 -16 -17 -18 -19 -20
leaf_value=-0.030586504227264402 -0.00052376849465171453 0 0.0079689420716031467 -0.0069835225185853143 -0.00093830757963413126 0.015036910809640446 0.036456796627411032 0.025440982065880198 0.023619751055418366 0.0047118589616775624 -0.031666601670980142 -0.021948195647323351 0.010161315890088563 0 -0.0337000374442748 -0.016988482119095916 0 0.035368181063465086 0.040995444270826124
leaf_weight=11.701855540275576 57.024602890014648 11.399442210793493 10.278739482164381 11.307092383503912 49.820699095726013 11.267005890607834 48.030324935913086 63.214777648448944 14.340772807598112 23.918574795126915 25.813880413770676 111.96719813346863 10.973209574818613 12.962128624320028 162.28487537801266 10.049434199929237 10.393451467156408 122.08821886777878 17.110973179340363
leaf_count=40 184 49 53 39 164 41 192 201 45 76 77 413 37 51 810 34 39 728 60
internal_value=0 -0.0168985 0.017747 0.0089137 0.00272097 0.0069822 0.0274392 0.0136597 -0.0221308 -0.0123145 -0.0115785 -0.0168951 0.019261 -0.0294483 -0.0312781 0 -0.0174989 0.0338337 0.0326997
internal_weight=795.947 408.369 387.578 255.211 195.874 71.4959 59.3374 113.035 336.873 150.227 82.8385 135.886 49.4006 186.646 175.247 21.3164 22.0953 132.367 28.0842
internal_count=3333 1695 1638 857 626 251 231 365 1444 534 261 489 172 910 861 75 79 781 97
is_linear=0
shrinkage=0.05


Tree=67
num_leaves=1
num_cat=0
split_feature=
split_gain=
threshold=
decision_type=
left_child=
right_child=
leaf_value=0
leaf_weight=
leaf_count=3333
internal_value=
internal_weight=
internal_count=
is_linear=0
shrinkage=1


Tree=68
num_leaves=18
num_cat=0
split_feature=272 268 167 34 165 377 246 33 268 86 113 86 120 165 103 162 20
split_gain=92.4219 33.2336 20.8737 17.7722 20.1215 10.9956 7.24304 6.65896 5.8784 6.49837 8.0695 10.4254 4.7121 4.30202 6.18915 1.11656 0.995775
threshold=-1.3531957641514876 -0.7078884259406667 -0.17818205700774228 0.032063939007312171 1.9062662740788482e-05 -0.23639227602568616 0.25280898876404501 0.0051490533102563274 -0.21499549516061373 -6258.7442790298683 79.500000000000014 3220.6300011250032 -0.029586090440900877 -0.0016377165829461831 0.2446913608315758 0.50663821915908358 0.05854191852939733
decision_type=2 2 2 2 2 2 2 2 2 2 2 2 2 2 2 2 2
left_child=1 7 3 4 -3 -5 -4 -1 9 12 11 -11 -2 14 -9 -14 -10
right_child=8 2 6 5 -6 -7 -8 13 16 10 -12 -13 15 -15 -16 -17 -18
leaf_value=-0.00047818613951486295 0 -0.0060618538594294676 -0.0018748166358084552 0.018572239158884413 0.023878618632539469 -0.029610893397063794 0.03751711479143012 0.026473010347970918 -0.0075697435829631139 0.041498677429413572 -0.026129738167777923 -0.016142937521522474 -0.0064504766547465835 0.035823810518680381 -0.01320349680895159 -0.035044842044604993 -0.035232334298680328
leaf_weight=14.66305588185787 12.209294140338896 157.54263572394848 11.800762563943861 10.637102901935576 82.296380132436752 71.267696857452393 46.932656183838844 23.133866176009178 10.147623926401137 14.840824961662294 14.674665749073027 10.22114013135433 10.29539233446121 129.7969591319561 11.531710878014563 43.573384776711464 120.30619226396084
leaf_count=62 42 523 40 32 279 229 160 103 53 46 53 38 35 693 42 175 728
internal_value=-5.47635e-05 0.0109529 0.00238161 -0.00256291 0.00417385 -0.0223293 0.029086 0.0285452 -0.0261458 -0.0157329 0 0.0169961 -0.0250019 0.0313937 0.0119465 -0.0310877 -0.0336737
internal_weight=795.871 559.603 380.477 321.744 239.839 81.9048 58.7334 179.126 236.269 105.815 39.7366 25.062 66.0781 164.463 34.6656 53.8688 130.454
internal_count=3333 2163 1263 1063 802 261 200 900 1170 389 137 84 252 838 145 210 781
is_linear=0
shrinkage=0.05


Tree=69
num_leaves=22
num_cat=0
split_feature=272 301 126 111 381 272 167 225 7 167 372 126 124 266 28 11 167 221 29 372 348
split_gain=87.8377 22.5845 14.1342 25.084 21.9774 13.5585 9.50851 10.9979 9.11685 14.6043 8.63192 8.01542 7.81834 5.80392 11.6527 13.2134 6.82089 2.46602 1.01362 0.836804 1.66173
threshold=-1.420278190440287 -0.31531264240216872 -1.0000000180025095e-35 57.500000000000007 11.726461352729901 -1.2144320882523838 -0.70383941372336445 1.9221749375948567 0.00049308186559582367 -0.31449114820076868 -0.0053419143740218158 0.001721188402613816 -34.499999999999993 -0.2975799937234111 0.025023769546078437 0.00085173494185031295 -0.77207482476716482 9.5170463394025369 -0.062714478932471049 0.039435952616376675 -0.0026249002202015366
decision_type=2 2 2 2 2 2 2 2 2 2 2 2 2 2 2 2 2 2 2 2 2
left_child=1 13 8 4 -4 6 18 10 17 -10 -8 -5 -9 -1 15 -15 -16 -3 -2 -7 -21
right_child=5 2 3 11 -6 19 7 12 9 -11 -12 -13 -14 14 16 -17 -18 -19 -20 20 -22
leaf_value=-0.034545029997181877 0.0079610604273502566 -0.0069325198304048671 -0.014885758750215456 -0.033843225965053313 0.036280353609777008 0.036023382440670458 0.0072700823354522187 -0.014530150573896975 0.024781897943966898 -0.024651550954493548 -0.028572325707406306 0.0091849753969139043 0.022845777191055888 -0.017107114718077788 0.00052577878095913467 0.04266178609949825 -0.030501555439013724 -0.040681232340425096 0.038180380370042413 0 0.026450856722309669
leaf_weight=97.379729732871056 10.193425506353377 12.736685708165167 25.924983784556389 33.640837609767914 69.784241631627083 104.30438511073589 28.083389103412628 13.326146498322485 23.833347842097282 30.283024609088898 30.904316812753677 11.551666140556334 71.633139133453369 17.496642693877224 18.20771986246109 13.247409626841543 83.68899530172348 31.560757130384445 28.248541295528412 10.399719730019571 11.161869958043097
leaf_count=539 37 44 88 109 231 650 96 40 71 92 97 40 250 79 68 43 409 103 117 61 69
internal_value=0 -0.0136026 -0.0025458 0.00732222 0.0218831 0.0206088 0.011183 0.00459407 -0.0169658 -0.00184705 -0.0111755 -0.0219202 0.0161192 -0.0247108 -0.0165178 0.00866835 -0.0246242 -0.0330899 0.0325302 0.0333013 0.0153058
internal_weight=777.591 469.336 239.316 140.902 95.7092 308.255 182.389 143.947 98.4138 54.1164 58.9877 45.1925 84.9593 230.02 132.641 30.7441 101.897 44.2974 38.442 125.866 21.5616
internal_count=3333 1916 778 468 319 1417 637 483 310 163 193 149 290 1138 599 122 477 147 154 780 130
is_linear=0
shrinkage=0.05


Tree=70
num_leaves=1
num_cat=0
split_feature=
split_gain=
threshold=
decision_type=
left_child=
right_child=
leaf_value=0
leaf_weight=
leaf_count=3333
internal_value=
internal_weight=
internal_count=
is_linear=0
shrinkage=1


Tree=71
num_leaves=19
num_cat=0
split_feature=272 268 165 284 390 111 165 111 33 268 86 399 120 165 64 391 207 20
split_gain=84.1704 31.0783 17.5751 9.86947 9.3488 10.5133 7.82696 6.61006 6.5906 5.74919 6.15185 5.7351 4.50502 4.21859 7.76509 2.57215 0.982885 0.97897
threshold=-1.3531957641514876 -0.7078884259406667 -0.00040235892212272997 -0.51600705316286199 0.0044052425466940557 35.500000000000007 -0.0022315015258672836 12.500000000000002 0.0051490533102563274 -0.21499549516061373 -6258.7442790298683 0.0030179602138087958 -0.029586090440900877 -0.0016377165829461831 0.3641421367716417 2.5000000000000004 0.49738587757172209 0.05854191852939733
decision_type=2 2 2 2 2 2 2 2 2 2 2 2 2 2 2 2 2 2
left_child=1 8 3 6 5 -4 -3 -5 -1 10 12 -12 -2 14 -10 -13 -14 -11
right_child=9 2 4 7 -6 -7 -8 -9 13 17 11 15 16 -15 -16 -17 -18 -19
leaf_value=-0.0010871904257604137 0 -0.012237671914741576 -0.00026538485864683665 0.0017328050617195013 -0.027446779016352764 0.022720911461679011 0.018184044315082686 -0.028702983686832408 -0.013436168036173972 -0.0072327164406043717 0.021417334130790749 0 -0.0088018840700240623 0.035323875386394928 0.030248940928887354 -0.030422384775396549 -0.03501833124750197 -0.034753797055439406
leaf_weight=14.458297729492186 12.142036482691763 38.680868029594421 72.496287569403648 19.569556757807732 10.794172331690786 130.28390668332577 38.803177937865257 66.029889672994614 13.886773720383642 10.038523182272909 15.997544094920157 13.414681106805803 12.769252672791479 124.00919760763645 20.210792064666748 10.023897334933279 39.839146360754967 114.07933950424194
leaf_count=62 42 134 235 62 36 444 128 224 54 53 53 46 45 693 91 38 165 728
internal_value=-7.52087e-05 0.0104671 0.00220596 -0.00988768 0.0116805 0.014376 0.00248588 -0.0213574 0.0278682 -0.0254595 -0.0151665 0 -0.0243088 0.0307974 0.0114619 -0.0145843 -0.0303723 -0.0331445
internal_weight=777.527 549.223 376.658 163.083 213.574 202.78 77.484 85.5994 172.565 228.304 104.187 39.4361 64.7504 158.107 34.0976 23.4386 52.6084 124.118
internal_count=3333 2163 1263 548 715 679 262 286 900 1170 389 137 252 838 145 84 210 781
is_linear=0
shrinkage=0.05


Tree=72
num_leaves=20
num_cat=0
split_feature=272 268 165 167 11 113 365 28 246 68 126 211 65 110 268 48 264 305 62
split_gain=80.3544 19.3528 17.2672 10.9975 11.2237 14.4545 9.34286 8.73841 15.639 11.6025 8.07594 5.04395 4.25146 4.08161 2.18011 1.51756 1.40779 1.29186 1.05027
threshold=-1.4913010864456286 -0.21499549516061373 -0.0022580293331787723 -0.73508298922167781 0.0012754636961972434 76.500000000000014 0.21495238949606865 0.033217973051920001 0.32022471910112366 0.31102395412626554 0.00059127264019054337 6.3124742319269238 0.31881766357681868 52.500000000000007 -0.6065132626484856 0.10389313770798148 61.500000000000007 -0.0083752282631171741 0.1475366028037163
decision_type=2 2 2 2 2 2 2 2 2 2 2 2 2 2 2 2 2 2 2
left_child=2 3 6 15 5 -5 16 8 12 -10 14 17 -4 -6 -9 -2 -1 -8 -3
right_child=1 18 7 4 13 -7 11 10 9 -11 -12 -13 -14 -15 -16 -17 -18 -19 -20
leaf_value=-0.030818664401868812 0.0065218408492344606 0.0068027410792279169 -0.034026391561011018 -0.01353812785223679 0 0.015299417499846464 0.0060996899878667903 -0.037633450797067661 -0.026695078327012095 0.014533026498959817 0.0060121409645297512 -0.006800131621038286 0 0.037103304378298743 -0.019907620321871558 0.036010092831748892 -0.00045379862653695062 0.034033541662842164 0.034483324325548161
leaf_weight=10.024764195084574 11.902865663170813 10.039830937981604 55.686766058206558 108.54874950647354 10.720897302031515 67.508415952324867 12.491645470261572 99.706466376781464 20.019895330071449 60.415063843131065 11.883556723594664 10.951914414763449 10.767867773771284 25.580454781651497 54.900828242301941 32.416115090250969 10.623744726181028 24.280144810676575 109.97835350036621
leaf_count=34 47 57 274 349 37 226 41 546 91 235 50 37 46 91 181 133 42 92 724
internal_value=0 0.016318 -0.016104 0.00813044 0.00296604 -0.00213018 0.00589124 -0.0210713 -0.0112627 0.00308138 -0.0290776 0.0182964 -0.0287275 0.0272302 -0.032155 0.0300626 -0.0193496 0.0269773 0.0327966
internal_weight=758.448 376.696 381.753 256.677 212.359 176.057 68.3722 313.38 146.89 80.435 166.491 47.7237 66.4546 36.3014 154.607 44.319 20.6485 36.7718 120.018
internal_count=3333 1664 1669 883 703 575 246 1423 646 326 777 170 320 128 727 180 76 133 781
is_linear=0
shrinkage=0.05


Tree=73
num_leaves=1
num_cat=0
split_feature=
split_gain=
threshold=
decision_type=
left_child=
right_child=
leaf_value=0
leaf_weight=
leaf_count=3333
internal_value=
internal_weight=
internal_count=
is_linear=0
shrinkage=1


Tree=74
num_leaves=20
num_cat=0
split_feature=272 268 165 167 34 167 260 221 126 105 11 103 15 163 266 207 394 20 105
split_gain=76.758 25.519 14.646 14.124 11.4509 16.9199 9.55447 8.56248 7.72541 12.8029 6.21433 6.19345 8.49549 4.80655 4.59616 8.09663 2.95066 1.97694 0.806404
threshold=-1.5734159801569509 -0.22891406029957626 -0.0016377165829461831 -0.17318514541247845 0.031841070493538882 -0.76654710242652035 0.17272727272727276 9.3418284979784616 0.00059127264019054337 0.046041986752553138 0.00089087810044963256 0.096553081055095566 0.00067835704970060841 0.009333267424117558 -0.086840092532080512 1.3285473112961512 0.0063127071943674959 0.066981096024104195 0.43080973603452583
decision_type=2 2 2 2 2 2 2 2 2 2 2 2 2 2 2 2 2 2 2
left_child=2 3 8 4 5 -2 -5 -6 9 16 -8 12 -4 -11 18 -16 -1 -3 -13
right_child=1 17 11 6 7 -7 10 -9 -10 13 -12 14 -14 -15 15 -17 -18 -19 -20
leaf_value=0.035059450390533341 -0.026333808272157685 -0.005874498956602304 0.028274599069421563 -0.019342374264894335 0 0.0061882913403621034 0.037671524089109877 -0.03406758017200795 -0.032100937416803546 0.0015918723757276645 0 0.034036024209890818 -0.024807699146425541 -0.033746114657064473 0.028288037388103555 -0.019989954354403455 0 -0.034407101130393317 0.0085591218273898678
leaf_weight=27.030760809779167 52.727805584669113 12.469943001866339 12.092468798160555 12.11876457929611 25.781124606728554 135.4160542935133 31.425539970397949 64.978125706315041 11.429230079054831 16.487091377377514 19.557607173919678 150.88002593815327 11.90811166167259 13.605772852897642 17.398742005229 11.351365789771078 10.21092416346073 110.43015804886818 11.105207860469816
leaf_count=110 205 68 52 40 83 439 102 224 37 59 63 799 46 51 80 39 42 739 55
internal_value=-9.80934e-05 -0.0127753 0.01974 -0.00546057 -0.010403 -0.00293479 0.0151086 -0.024762 0.000583026 0.00797421 0.0248437 0.0264322 0.00025546 -0.0144853 0.0294131 0.00756398 0.0270918 -0.0321182 0.0327799
internal_weight=758.405 464.905 293.5 342.005 278.903 188.144 63.1019 90.7593 78.7638 67.3345 50.9831 214.736 24.0006 30.0929 190.735 28.7501 37.2417 122.9 161.985
internal_count=3333 1963 1370 1156 951 644 205 307 299 262 165 1071 98 110 973 119 152 807 854
is_linear=0
shrinkage=0.05


Tree=75
num_leaves=18
num_cat=0
split_feature=272 301 167 25 356 206 206 372 266 266 28 16 372 110 11 359 365
split_gain=73.3247 26.2529 12.0891 15.8675 15.3561 8.12475 6.81019 5.95667 7.13299 5.87863 10.852 11.7422 6.90221 3.67025 3.9621 1.99331 1.6796
threshold=-1.3531957641514876 -0.31531264240216872 -0.17818205700774228 0.016967755952162714 0.76041666666666685 0.0047147198771364278 0.0053942927808994746 -0.0053419143740218158 0.16109194877627961 -0.2975799937234111 0.025023769546078437 0.0013537441650694315 -0.0053419143740218158 45.500000000000007 0.00034858840846241362 -0.13046125521332858 0.1585501202893729
decision_type=2 2 2 2 2 2 2 2 2 2 2 2 2 2 2 2 2
left_child=1 9 3 5 -5 -3 -4 15 -9 -1 11 -11 -12 14 -10 -2 -15
right_child=7 2 6 4 -6 -7 -8 8 13 10 12 -13 -14 16 -16 -17 -18
leaf_value=-0.033638298862306584 0.0071908507350079247 -0.0002251778324469885 0.002119577491697569 0.0034335223648010332 0.038958391125687303 -0.035912238117339491 -0.036748388689961567 -0.011733183642221362 0.020531102643050959 -0.014700649045342455 -0.0067362860509915402 0.042285864385079697 -0.035553198786117041 0.0042805504060468803 -0.012184648796563157 0.034426116176052908 0.034213612622100806
leaf_weight=89.616781175136566 14.227651908993719 38.421507477760315 13.171174287796019 163.67453829944134 35.831137016415596 28.378110945224762 29.781293824315071 18.307091981172562 15.581982821226122 17.379491314291958 44.65788009762764 12.574282437562941 51.210554420948029 11.056053534150122 14.091153204441069 107.93580101430416 35.108127877116203
leaf_count=539 81 126 40 551 118 92 98 59 83 81 209 41 268 50 75 618 204
internal_value=0 -0.0100936 -0.000549193 0.00333783 0.0105433 -0.0169942 -0.0243814 0.0243047 0.0132508 -0.0233699 -0.015055 0.00937617 -0.023247 0.0201331 0.00377248 0.031902 0.0287605
internal_weight=741.005 524.697 309.258 266.305 199.506 66.7996 42.9525 216.308 94.1444 215.439 125.822 29.9538 95.8684 75.8373 29.6731 122.163 46.1642
internal_count=3333 2163 1025 887 669 218 138 1170 471 1138 599 122 477 412 158 699 254
is_linear=0
shrinkage=0.05


Tree=76
num_leaves=1
num_cat=0
split_feature=
split_gain=
threshold=
decision_type=
left_child=
right_child=
leaf_value=0
leaf_weight=
leaf_count=3333
internal_value=
internal_weight=
internal_count=
is_linear=0
shrinkage=1


Tree=77
num_leaves=16
num_cat=0
split_feature=272 272 379 372 112 119 372 64 112 375 138 36 359 34 401
split_gain=70.5401 27.3037 16.5812 17.2216 23.4998 17.8898 5.65112 8.55868 7.94991 5.18627 4.95584 2.31451 0.906449 0.832436 0.172369
threshold=-1.3531957641514876 -1.7630708466778071 0.15849988244562543 -0.012699267579872052 111.50000000000001 -0.17455771583318427 -0.0053419143740218158 0.23174298557275877 66.500000000000014 0.025638904423668122 -0.033154530917804841 0.0090963625500865581 -0.13046125521332858 0.0047424714976196849 -1.0000000180025095e-35
decision_type=2 2 2 2 2 2 2 2 2 2 2 2 2 2 2
left_child=1 10 3 5 -5 -3 11 -8 9 -9 -1 -2 -13 -12 -10
right_child=6 2 -4 4 -6 -7 7 8 14 -11 13 12 -14 -15 -16
leaf_value=-6.2513774042607763e-05 -0.0028902082994556795 0.020704934279986209 -0.036561952907061247 0.024024350515821385 -0.014912408354008456 -0.016073907835209185 0.014542930073896836 0.022947169974194777 -0.011037412559553301 -0.019296264554218238 0.0080876436142660203 -0.011096083296481072 -0.036184096142818631 0.033487782840971175 -0.034546595394455412
leaf_weight=10.048955932259558 10.754453703761099 41.167498454451561 21.762247949838638 162.71580846607685 46.655017480254173 122.65672038495541 17.802823126316071 12.414321675896646 11.707678988575934 10.261718139052389 11.174429148435591 13.510531499981878 96.289813250303268 111.05399125814438 40.993715137243271
leaf_count=46 50 140 71 593 160 427 81 57 65 55 57 79 570 669 213
internal_value=-0.000113146 0.00964349 0.00283968 0.00554348 0.0150244 -0.00632588 -0.0242115 -0.0133273 -0.0208524 0.00186218 0.0290754 -0.0316917 -0.0339176 0.0318143 -0.0310974
internal_weight=740.97 527.235 394.957 373.195 209.371 163.824 213.735 93.1803 75.3774 22.676 132.277 120.555 109.8 122.228 52.7014
internal_count=3333 2163 1391 1320 753 567 1170 471 390 112 772 699 649 726 278
is_linear=0
shrinkage=0.05


Tree=78
num_leaves=17
num_cat=0
split_feature=274 268 126 111 167 266 30 83 87 401 13 64 386 83 391 266
split_gain=67.2559 17.2223 14.3529 13.0173 10.426 11.2827 9.56607 11.4688 7.74921 7.62757 6.66053 6.076 5.51662 4.98214 6.41776 1.01018
threshold=0.5150955020119129 -0.21499549516061373 0.00059127264019054337 35.500000000000007 -0.31449114820076868 -0.2975799937234111 0.017619865816918538 -0.021581605036874424 -0.055000093894336459 1.0000000180025095e-35 -0.007297003526030829 0.42749640862106364 0.34612785894759418 -0.58870413257601173 2.5000000000000004 0.26537202502107993
decision_type=2 2 2 2 2 2 2 2 2 2 2 2 2 2 2 2
left_child=2 6 3 4 5 -1 7 11 -9 -8 -4 -2 -6 -5 -15 -3
right_child=1 15 10 13 12 -7 9 8 -10 -11 -12 -13 -14 14 -16 -17
leaf_value=-0.026701348877825916 -0.0011407639963681908 0.011573657302455763 0.032519616709710535 0 -0.032424599845778453 0.009895294273102052 -0.0067969070891948707 -0.0015426887235132827 0.024087187766363757 0.034710769047549737 -0.010872915185034703 -0.030833212082447842 0.0034443074423632127 -0.032712654841928458 0 0.034530781860515662
leaf_weight=24.146391689777374 54.924429193139076 16.610700622200966 19.608944207429889 13.23183289170265 42.736191689968109 89.028835862874985 10.911381408572195 47.896998003125191 60.72683122754097 43.673909917473793 10.368259623646734 25.174561619758606 10.159483239054678 147.7278191447258 15.007896378636358 93.217401802539825
leaf_count=132 184 113 71 56 204 314 39 164 201 192 49 77 40 764 65 668
internal_value=0 0.0155745 -0.0147648 -0.0177572 -0.00710853 0.00116899 0.00770265 0.00193869 0.0126002 0.0256234 0.0163714 -0.0118508 -0.0248258 -0.02724 -0.0296042 0.0319019
internal_weight=725.152 353.136 372.016 342.038 166.071 113.175 243.308 188.723 108.624 54.5853 29.9772 80.099 52.8957 175.968 162.736 109.828
internal_count=3333 1638 1695 1575 690 446 857 626 365 231 120 261 244 885 829 781
is_linear=0
shrinkage=0.05


Tree=79
num_leaves=1
num_cat=0
split_feature=
split_gain=
threshold=
decision_type=
left_child=
right_child=
leaf_value=0
leaf_weight=
leaf_count=3333
internal_value=
internal_weight=
internal_count=
is_linear=0
shrinkage=1


Tree=80
num_leaves=20
num_cat=0
split_feature=272 272 165 167 213 364 260 68 105 125 103 5 11 266 207 163 266 386 40
split_gain=63.8976 22.9201 13.358 12.1843 10.4404 10.2841 8.63753 7.09213 6.97219 10.1589 5.9476 7.62011 5.84015 4.54189 7.52491 3.38273 1.10817 1.02015 1.01302
threshold=-1.5734159801569509 -1.2144320882523838 -0.0016377165829461831 -0.17318514541247845 5.2483639468278538 0.58351982855708451 0.17272727272727276 0.37715002223359706 0.046041986752553138 0.01332398035249167 0.096553081055095566 0.00081004876357870803 0.00089087810044963256 -0.086840092532080512 1.3285473112961512 0.009333267424117558 0.26537202502107993 -0.16938702661071101 -0.011209465144709801
decision_type=2 2 2 2 2 2 2 2 2 2 2 2 2 2 2 2 2 2 2
left_child=2 3 8 4 5 -2 -5 -6 9 18 11 -4 -8 17 -15 -10 -3 -12 -1
right_child=1 16 10 6 7 -7 12 -9 15 -11 13 -13 -14 14 -16 -17 -18 -19 -20
leaf_value=0.032781310697686999 0.0036735373813924412 -0.010960903288810359 0.025618764035612258 -0.018775159554475167 -0.0051399121054122657 -0.031051491787079739 0.035929618976584178 -0.031770992834162917 0 -0.023286726011571016 0.0099272421862724378 -0.025347234011532702 0 0.027183753977154591 -0.019919764326830694 -0.033215622349925943 -0.034405140113369682 0.033415302513322497 0.0055499112614487344
leaf_weight=23.110001921653744 139.85638105869293 16.210548400878906 12.20369039475918 12.0076517611742 49.51859088242054 21.914391934871674 30.849028751254082 65.485865280032158 18.003235638141636 10.621754810214041 14.562311097979544 11.119872614741324 19.555440202355385 16.481752216815952 11.26211443543434 13.254270091652868 91.632185235619545 136.20971325039864 11.262477785348894
leaf_count=97 476 112 55 41 178 74 103 246 65 36 77 43 65 80 39 51 668 777 50
internal_value=-0.000130456 -0.0118798 0.0185039 -0.00520144 -0.00981018 -0.00120677 0.0139849 -0.0211501 0 0.0128738 0.0251571 0 0.0233417 0.0282155 0.00635864 -0.0166317 -0.0317242 0.0317098 0.0263583
internal_weight=725.121 447.03 278.091 339.187 276.775 161.771 62.4121 115.004 76.2517 44.9942 201.839 23.3236 50.4045 178.516 27.7439 31.2575 107.843 150.772 34.3725
internal_count=3333 1963 1370 1183 974 550 209 424 299 183 1071 98 168 973 119 116 780 854 147
is_linear=0
shrinkage=0.05


Tree=81
num_leaves=23
num_cat=0
split_feature=266 165 307 266 207 25 83 236 353 124 373 266 372 83 124 124 66 356 105 103 184 81
split_gain=61.4151 19.1236 11.8386 11.2534 12.2137 10.3935 9.88709 8.82739 9.8881 8.23918 8.7422 7.5671 5.10408 4.86576 4.22263 4.0393 3.54976 3.38511 3.08024 2.93028 3.39565 2.73181
threshold=0.11480085735728834 -0.0020840720551956833 0.40200060172309721 -0.11056538008860674 1.3861520379623133 0.016967755952162714 -0.021581605036874424 0.68750000000000011 0.15537656133714459 -11.499999999999998 0.054983851617157249 -0.21389206274174274 0.045960563931771399 -0.43246848118283793 25.500000000000004 -7.4999999999999991 0.42657764686941374 0.28125000000000006 0.10429739537734835 0.29261036972928478 1.0000000180025095e-35 0.78803776922662039
decision_type=2 2 2 2 2 2 2 2 2 2 2 2 2 2 2 2 2 2 2 2 2 2
left_child=1 11 6 7 12 -6 9 8 -3 -2 -11 17 -5 -9 16 18 -8 -1 -13 20 -4 -19
right_child=2 3 19 4 5 -7 14 13 -10 10 -12 15 -14 -15 -16 -17 -18 21 -20 -21 -22 -23
leaf_value=-0.025629284304481571 -0.033070347229420864 0.018688080086146919 0.033697549235909528 -0.02617003036314805 -0.013923235496876463 0.018571645655689525 0.033765788605129431 -0.0050662988183409179 -0.027059086136765616 0.025514931975382339 -0.024073424159211747 -0.010163544000206019 0.0046334514954620033 -0.034041147159033031 -0.0037351557217122165 0.033907985357075919 0.0050486205911404059 0.019543367702635414 0.021056700071872013 0 0.00022947137780610565 -0.011299827527460518
leaf_weight=12.59848143160343 18.922255590558052 21.277110517024994 117.22978309541941 66.529520511627197 37.314734593033791 57.412767469882965 36.349803507328033 22.338635578751564 19.532510280609131 19.701559826731685 11.066925436258314 12.883960470557215 12.418417975306509 126.72720991075039 12.488355681300161 27.172118797898293 22.768181696534157 11.101233065128328 11.348398491740225 10.612432539463041 11.365989997982977 10.193074584007261
leaf_count=50 59 82 797 252 126 191 119 110 98 69 35 45 49 754 40 113 75 41 42 70 75 41
internal_value=0 -0.0111707 0.0192016 -0.0161995 -0.00643834 0.00522527 0.00697146 -0.0246296 -0.00241994 -0.00919302 0.00564401 0.00951894 -0.0207223 -0.0302135 0.0187775 0.021391 0.0242888 -0.00740719 0.00333032 0.0291346 0.0311921 0.00314914
internal_weight=709.353 448.848 260.505 363.551 173.675 94.7275 121.297 189.875 40.8096 49.6907 30.7685 85.2973 78.9479 149.066 71.6063 51.4045 59.118 33.8928 24.2324 139.208 128.596 21.2943
internal_count=3333 1994 1339 1662 618 317 397 1044 180 163 104 332 301 864 234 200 194 132 87 942 872 82
is_linear=0
shrinkage=0.05


Tree=82
num_leaves=1
num_cat=0
split_feature=
split_gain=
threshold=
decision_type=
left_child=
right_child=
leaf_value=0
leaf_weight=
leaf_count=3333
internal_value=
internal_weight=
internal_count=
is_linear=0
shrinkage=1


Tree=83
num_leaves=17
num_cat=0
split_feature=278 278 165 390 372 266 126 103 111 372 64 110 36 211 165 359
split_gain=58.7799 24.2047 16.0302 10.744 10.0869 8.08755 7.41509 5.80902 5.49762 5.43562 8.12472 8.84035 2.39754 1.82437 1.48847 0.977041
threshold=1.6468042358485124 1.2369291533221929 -0.00040235892212272997 0.0044052425466940557 -0.019358347035412612 -0.15411129347559294 -0.0019584198887366284 0.094225466511490177 12.500000000000002 -0.0053419143740218158 0.23174298557275877 28.500000000000004 0.0090963625500865581 0.56790404142089701 -0.0025432452620232594 -0.13046125521332858
decision_type=2 2 2 2 2 2 2 2 2 2 2 2 2 2 2 2
left_child=1 7 5 4 -4 6 -3 -1 -7 12 -11 -12 -2 -13 -9 -14
right_child=9 2 3 -5 -6 8 -8 14 -10 10 11 13 15 -15 -16 -17
leaf_value=-0.00098374570253120948 -0.0015261144961388425 0.027278363542149343 0.00055352021994244831 -0.028416229883088642 0.023488635846098359 0.0024462207826342324 -0.0062749652006005296 0.0058732841868883966 -0.024564290010682222 0.015113546303004884 0.010571249342079529 -0.0029416087456716217 -0.0098615788427257635 -0.033028275120059035 0.03366880765967991 -0.035324703965858018
leaf_weight=12.096927672624586 10.361852020025252 19.897807464003563 85.782024398446083 12.305835679173468 121.18325613439083 19.953895851969719 52.424230471253395 11.2638653665781 74.502719312906265 17.461802989244461 14.941960677504538 10.533451721072195 12.907178997993467 46.249119140207767 99.1385667771101 88.326721869409084
leaf_count=57 50 70 295 44 460 66 191 49 265 81 67 48 79 275 666 570
internal_value=-0.000144263 0.00883218 0.00246828 0.0113875 0.0143645 -0.00895766 0.00301146 0.0279508 -0.0184456 -0.0229208 -0.0121222 -0.0197626 -0.0305714 -0.0287111 0.0315043 -0.0329352
internal_weight=709.331 508.549 386.05 219.271 206.965 166.779 72.322 122.499 94.4566 200.782 89.1863 71.7245 111.596 56.7826 110.402 101.234
internal_count=3333 2163 1391 799 755 592 261 772 331 1170 471 390 699 323 715 649
is_linear=0
shrinkage=0.05


Tree=84
num_leaves=24
num_cat=0
split_feature=266 165 297 83 110 394 112 137 386 104 163 103 16 111 224 272 28 394 206 386 286 126 41
split_gain=56.3453 18.2821 12.0211 11.0585 8.4073 19.1773 10.477 10.0055 7.86295 8.84825 7.54108 7.02144 5.26712 13.4929 8.99188 4.66419 4.61975 4.77483 3.46714 3.07907 2.4768 1.86814 0.0351632
threshold=0.081472419126012094 -0.0020840720551956833 -0.33707029420724449 -0.021581605036874424 52.500000000000007 -0.0043897844684569467 112.50000000000001 0.026165724496882165 -0.061572192583982714 -0.022545191071706789 -0.013284641260758921 0.23954904213778244 0.0040672415422352655 39.500000000000007 0.47869424749943523 -1.7070629430352691 0.020078211953241661 -0.0043897844684569467 0.0081453274693481115 0.29034759892093392 -0.82689262432277066 -0.010999929783753358 0.00051155466624023833
decision_type=2 2 2 2 2 2 2 2 2 2 2 2 2 2 2 2 2 2 2 2 2 2 2
left_child=1 11 3 8 7 19 -7 10 -2 -10 -3 15 14 -14 -5 -1 17 -4 -17 -6 -13 -18 -23
right_child=2 4 16 12 5 6 -8 -9 9 -11 -12 20 13 -15 -16 18 21 -19 -20 -21 -22 22 -24
leaf_value=-0.02813742542655074 -0.032440852839555119 0.00037153150774263811 0.026101523596736117 -0.0059768248498639166 0.042433624380518113 -0.023860843667638434 0.0087970558081614646 0.017235617249833947 -0.017641890937229933 0.026972284334478843 -0.030324398970201928 0.0021375009211144526 0.024133012657160693 -0.039292433546574433 0.039348820543445018 -0.0038013922253808613 0.0036308398178450927 -0.014076142040260503 0.025910214148932159 0.001620832850776445 0.034494408289499928 0.011190215556394913 0.035230286869410703
leaf_weight=10.985470190644262 20.522680193185806 19.106316149234772 10.708420872688295 11.566302195191382 15.072705522179605 92.429788142442703 28.671793803572655 10.488448798656462 19.430950790643692 18.389562651515007 158.53584079444408 12.868533208966253 20.360350474715236 10.036655485630034 37.498582139611244 25.561719387769699 10.17765601724386 11.965750485658644 10.792160511016844 10.169761195778845 22.211622402071953 10.090621516108511 96.390359252691269
leaf_count=54 63 84 72 37 49 440 115 46 68 64 813 48 72 30 120 91 64 60 43 44 89 69 698
internal_value=0 -0.0115722 0.0173813 0.00622229 -0.0167952 -0.00709891 -0.0157002 -0.0238464 -0.00948589 0.00321409 -0.0267948 0.00888377 0.0182875 4.53249e-05 0.0279749 -0.00287512 0.0277029 0.00378398 0.00505118 0.02968 0.0250414 0.0317226 0.0337779
internal_weight=694.032 416.894 277.138 137.805 334.475 146.344 121.102 188.131 58.3432 37.8205 177.642 82.4195 79.4619 30.397 49.0649 47.3394 139.333 22.6742 36.3539 25.2425 35.0802 116.659 106.481
internal_count=3333 1916 1417 454 1591 648 555 943 195 132 897 325 259 102 157 188 963 132 134 93 137 831 767
is_linear=0
shrinkage=0.05


Tree=85
num_leaves=1
num_cat=0
split_feature=
split_gain=
threshold=
decision_type=
left_child=
right_child=
leaf_value=0
leaf_weight=
leaf_count=3333
internal_value=
internal_weight=
internal_count=
is_linear=0
shrinkage=1


Tree=86
num_leaves=17
num_cat=0
split_feature=274 274 167 230 230 394 103 103 274 86 113 141 120 372 34 266
split_gain=53.1969 22.6878 14.4949 14.2654 16.3959 10.337 8.35056 5.70383 5.45045 5.37706 6.68386 7.45764 4.18647 1.63733 1.28614 0.935163
threshold=0.64680423584851243 0.23692915332219258 -0.17818205700774228 51.500000000000007 108.50000000000001 0.011905455420257118 0.13113401378676914 0.094225466511490177 0.78556791174761609 -6258.7442790298683 79.500000000000014 1.0000000180025095e-35 -0.029586090440900877 0.039435952616376675 0.0054546595160960979 0.25711785066505571
decision_type=2 2 2 2 2 2 2 2 2 2 2 2 2 2 2 2
left_child=1 7 3 5 -5 -3 -4 -1 9 12 11 -11 -2 -10 -9 -14
right_child=8 2 6 4 -6 -7 -8 14 13 10 -12 -13 15 -15 -16 -17
leaf_value=-0.0013334820100772962 0.0017850111279936354 -0.0042352085945239785 -0.010801194820938879 0.019727639841613166 -0.011613325192916054 -0.033773930584914083 0.033191823733885316 0.0071485806679897823 -0.034240678089124628 -0.0056676908511949925 -0.022710948620349395 0.043041768991476881 -0.032698616066549842 -0.0098015331079549517 0.033308950567560454 -0.0074892989570889456
leaf_weight=11.961589261889456 11.320040166378019 112.97079811990261 10.120220050215719 107.72845762968063 62.386116489768028 40.434374675154686 48.328467935323715 12.265408203005789 80.843798540532589 12.795881703495981 13.31544019281864 11.308642372488974 34.505148217082024 17.4716457426548 93.419596701860428 12.846038892865179
leaf_count=57 42 385 32 416 221 144 193 67 650 50 53 34 159 130 648 52
internal_value=-0.000151309 0.00841545 0.0022831 -0.00178565 0.00794307 -0.0128392 0.0246054 0.0273593 -0.022214 -0.0122481 0.0013806 0.0175743 -0.0213954 -0.0308099 0.031014 -0.0277062
internal_weight=694.022 499.615 381.968 323.52 170.115 153.405 58.4487 117.647 194.407 96.0912 37.42 24.1045 58.6712 98.3154 105.685 47.3512
internal_count=3333 2163 1391 1166 637 529 225 772 1170 390 137 84 253 780 715 211
is_linear=0
shrinkage=0.05


Tree=87
num_leaves=18
num_cat=0
split_feature=274 268 126 111 126 244 231 191 167 286 126 11 86 230 63 165 266
split_gain=51.4589 15.1941 13.1511 11.5679 9.28153 10.7856 13.5058 10.4515 8.88089 9.33966 6.20903 5.29627 4.90943 4.86089 5.48599 4.80134 1.33284
threshold=0.50869891355437125 -0.21499549516061373 0.00059127264019054337 35.500000000000007 -0.001557696012491727 0.3727272727272728 49.500000000000007 0.6074936998012519 -0.31449114820076868 -0.92818965654079866 0.0046519009108236817 -0.00035200813942309889 2694.698889830001 118.50000000000001 0.96860703775703449 -0.0008740847140318804 0.26537202502107993
decision_type=2 2 2 2 2 2 2 2 2 2 2 2 2 2 2 2 2
left_child=2 4 3 8 5 -2 -7 11 9 -1 -9 -6 -10 14 -5 -4 -3
right_child=1 16 15 13 7 6 -8 10 12 -11 -12 -13 -14 -15 -16 -17 -18
leaf_value=-0.026381115228256855 -0.037485482035482458 0.0089023073649347854 0.03194528728432653 -0.031376078176705124 0.014983929504696129 -0.029632039683977582 0.014801858088693068 0.026034502258546612 -0.031431291191978177 0.0091242586325879331 -0.0088405423646393446 -0.023363822782436219 0.0024064327934342662 0.0010202702496946061 0.00021024656926273597 -0.0051022076804316313 0.033517159175344514
leaf_weight=20.140748903155327 17.199870213866234 15.032397873699663 17.319335043430332 134.91990882158279 10.341494612395765 19.880392223596573 62.546182557940483 100.26642750948668 37.927454814314842 86.759319342672825 10.766908898949621 20.794632464647293 10.418743774294851 11.523404359817503 11.753960177302359 10.577013984322546 80.668752610683441
leaf_count=123 53 113 64 762 42 71 215 395 197 317 37 70 44 53 56 53 668
internal_value=0 0.0138346 -0.0135774 -0.0166067 0.00672302 -0.00453089 0.00283533 0.0148844 -0.00629148 0.0014423 0.0220706 -0.00896486 -0.0234508 -0.0261138 -0.0285573 0.0171488 0.0305454
internal_weight=678.837 337.497 341.34 313.444 241.796 99.6264 82.4266 142.169 155.246 106.9 111.033 31.1361 48.3462 158.197 146.674 27.8963 95.7012
internal_count=3333 1664 1669 1552 883 339 286 544 681 440 432 112 241 871 818 117 781
is_linear=0
shrinkage=0.05


Tree=88
num_leaves=1
num_cat=0
split_feature=
split_gain=
threshold=
decision_type=
left_child=
right_child=
leaf_value=0
leaf_weight=
leaf_count=3333
internal_value=
internal_weight=
internal_count=
is_linear=0
shrinkage=1


Tree=89
num_leaves=17
num_cat=0
split_feature=272 268 385 126 244 165 28 104 105 41 386 69 62 62 262 266
split_gain=48.5615 19.1919 12.7887 13.4236 14.3903 11.446 10.6085 7.70467 6.19341 5.08619 4.28543 4.61606 3.04024 6.836 2.97747 1.40348
threshold=-1.5734159801569509 -0.21499549516061373 5.5000000000000009 -0.001557696012491727 0.28181818181818186 -0.0016377165829461831 0.028378231799653004 -0.19984223710969654 -0.040573223097779935 0.0049797164192798499 0.18889106210317999 -0.004155425704625181 0.36494016455603151 0.4419740805966102 0.28651685393258436 0.26537202502107993
decision_type=2 2 2 2 2 2 2 2 2 2 2 2 2 2 2 2
left_child=5 2 3 4 -2 8 -5 9 14 -7 11 -10 -9 -14 -1 -3
right_child=1 15 -4 6 -6 7 -8 12 10 -11 -12 -13 13 -15 -16 -17
leaf_value=0 0.038828574303025387 -0.0084156810511798047 0.038521223605503939 0.00040289430419994745 -0.002573694286865328 0.01602325387975588 -0.024425257206437342 0.033782101144235077 -0.040220090507110791 -0.024499224744160129 0.007368595626792299 0 -0.0038607327407360809 0.027517869405258244 0.029049583554620208 -0.033387874138389041
leaf_weight=10.110755980014803 22.271393820643425 14.76925031095743 13.014153778553007 60.357073292136192 113.03561962395906 14.058744534850122 118.77253080904484 93.72364255040884 13.81515456736088 10.905912593007086 15.401102572679518 16.78275753557682 22.84596349298954 42.717476285994053 17.122193843126297 79.139785677194595
leaf_count=44 73 113 44 218 385 79 462 587 50 46 57 74 119 240 74 668
internal_value=-0.000199013 -0.0107016 -0.00468845 -0.00698151 0.00457397 0.0167213 -0.0159161 0.0232759 0 -0.000620336 -0.0110163 -0.02159 0.0272714 0.0161641 0.0177609 -0.0303585
internal_weight=678.844 421.36 327.451 314.437 135.307 257.484 179.13 184.252 73.232 24.9647 45.999 30.5979 159.287 65.5634 27.2329 93.909
internal_count=3333 1963 1182 1138 458 1370 680 1071 299 125 181 124 946 359 118 781
is_linear=0
shrinkage=0.05


Tree=90
num_leaves=22
num_cat=0
split_feature=266 274 167 7 126 307 83 40 167 43 33 64 33 87 246 62 219 55 165 236 266
split_gain=46.736 15.5348 19.3589 16.1985 15.5951 10.2029 8.62119 6.3326 5.7606 5.49556 5.4768 4.50448 3.71602 3.35562 3.03736 2.71752 1.98347 1.79365 1.68628 0.566963 0.0889447
threshold=0.11480085735728834 0.23272648671899837 -0.30275789033226269 0.001184068181561915 -0.001557696012491727 0.40200060172309721 -0.021581605036874424 0.0032238568858158263 -0.14750808911287813 0.56781466283753079 0.0053002576974798083 0.45233658702597784 0.0048372010717531947 -0.11076746957495141 0.20786516853932588 0.1475366028037163 1.3708763157418902 0.036295127622440811 -0.0025432452620232594 0.56250000000000011 0.16109194877627961
decision_type=2 2 2 2 2 2 2 2 2 2 2 2 2 2 2 2 2 2 2 2 2
left_child=1 10 3 4 -3 6 7 -2 9 -8 -1 -5 -10 -9 -4 -7 -17 -16 -12 -20 -18
right_child=5 2 14 11 -6 15 8 13 12 -11 18 -13 -14 -15 17 16 20 -19 19 -21 -22
leaf_value=0.0037077376511950723 0.019701297702011386 -0.023421119696760428 0 0.039906874365994188 0.0059534707472406294 0 0 0.0011499974265304085 0.014550343484872372 0.036702618283759425 -0.0035258649504144191 0 -0.021009243150355045 -0.027611635281264476 -0.034189736563381222 0.0023342483589842123 0.010858801274261195 -0.004623945185237276 -0.0099882163126387511 -0.034805149659439392 0.033521079387425178
leaf_weight=10.074605911970137 10.313322335481642 62.37207742780447 11.893623955547808 29.338880702853203 139.881935544312 10.679782770574091 12.539062231779097 10.0658121407032 11.667594298720362 34.048011466860771 10.395608171820639 11.166003644466398 11.107568606734274 27.586231142282486 51.710320897400379 10.424153074622152 11.044031307101248 11.324579931795595 11.657414570450781 73.854877941310406 91.192507900297642
leaf_count=51 40 237 57 99 541 67 41 35 40 118 48 40 35 88 211 72 43 50 78 582 760
internal_value=0 -0.00994672 -0.00412821 0.00261508 -0.00307153 0.0175004 0.00614164 -0.00916741 0.0173603 0.027007 -0.0263354 0.0304132 -0.00127917 -0.0191752 -0.0258768 0.0275072 0.0297532 -0.0300866 -0.0300136 -0.0324401 0.0319275
internal_weight=664.338 423.67 317.687 242.759 202.254 240.668 117.328 47.9654 69.3622 46.5871 105.983 40.5049 22.7752 37.652 74.9285 123.34 112.661 63.0349 95.9079 85.5123 102.237
internal_count=3333 1994 1235 917 778 1339 397 163 234 159 759 139 75 123 318 942 875 261 708 660 803
is_linear=0
shrinkage=0.05


Tree=91
num_leaves=1
num_cat=0
split_feature=
split_gain=
threshold=
decision_type=
left_child=
right_child=
leaf_value=0
leaf_weight=
leaf_count=3333
internal_value=
internal_weight=
internal_count=
is_linear=0
shrinkage=1


Tree=92
num_leaves=18
num_cat=0
split_feature=274 274 165 260 113 381 354 284 113 103 372 64 110 36 211 165 359
split_gain=44.0565 20.4832 13.9388 8.89627 19.3299 8.36187 7.95735 7.13664 6.40984 5.94072 5.30237 7.39214 8.37084 2.56112 1.83051 1.70706 0.62875
threshold=0.64680423584851243 0.23272648671899837 -0.00040235892212272997 0.46363636363636368 66.500000000000014 11.726461352729901 0.22636479489665431 -0.51600705316286199 1.5000000000000002 0.094225466511490177 -0.0053419143740218158 0.23174298557275877 28.500000000000004 0.0095214963206318899 0.56790404142089701 -0.0025432452620232594 -0.13046125521332858
decision_type=2 2 2 2 2 2 2 2 2 2 2 2 2 2 2 2 2
left_child=1 9 5 4 -4 8 -5 -7 -3 -1 13 -12 -13 -2 -14 -11 -15
right_child=10 2 3 6 -6 7 -8 -9 -10 15 11 12 14 16 -16 -17 -18
leaf_value=-0.0032863496192597542 -0.0014240209825935033 -0.0085190007966240294 0.020055752634632506 0.022933260315187286 -0.028142419285404993 -0.0010235923329997621 -0.0093128099046260789 -0.02470623087923092 0.034805990587535127 0.003920342719342813 0.016058529225777097 0.011849115871697681 -0.0015641713088573193 -0.00921371434596145 -0.031795782944027733 0.033036081900323297 -0.034163578301564815
leaf_weight=11.260440006852148 11.551115602254866 11.980265691876413 40.061627238988876 116.70239505916834 36.824822567403316 64.307760551571846 18.65210922062397 71.128936186432838 14.62941627204418 10.49950225651264 16.797784760594368 14.293724626302717 10.04150480777025 11.392001815140246 41.748060971498489 85.93047871440649 76.553272664546967
leaf_count=55 61 48 154 461 128 232 65 260 56 48 81 67 48 78 275 656 560
internal_value=-0.00018805 0.00766223 0.00191377 0.0103902 -0.00259285 -0.00887235 0.0180227 -0.0140883 0.0147247 0.0265965 -0.0209924 -0.0101345 -0.0179245 -0.0289878 -0.0272533 0.0305827 -0.031892
internal_weight=664.355 481.978 374.287 212.241 76.8864 162.046 135.355 135.437 26.6097 107.69 182.377 82.8811 66.0833 99.4964 51.7896 96.43 87.9453
internal_count=3333 2163 1404 808 282 596 526 492 104 759 1170 471 390 699 323 704 638
is_linear=0
shrinkage=0.05


Tree=93
num_leaves=24
num_cat=0
split_feature=266 207 272 262 307 83 162 163 120 86 167 224 394 28 162 372 28 33 266 372 30 20 266
split_gain=43.1696 15.6895 17.2968 12.5209 10.2632 9.60114 8.53708 7.75482 6.5272 5.92712 5.53795 7.26442 5.33387 4.94372 5.25169 4.23206 4.01456 3.66648 3.61192 2.82927 2.57605 1.83611 0.872352
threshold=0.081472419126012094 1.6225430233344607 -1.8050183072142127 0.28651685393258436 0.40200060172309721 -0.021581605036874424 1.2038029693109966 -0.0075099303252430397 -0.011865017456564595 -16472.430212334944 -0.14750808911287813 0.30884100554748106 -0.0088355927834772845 0.020078211953241661 0.67761377957484281 0.045960563931771399 0.039327857709692861 0.0048372010717531947 -0.12880765789092655 0.027030470386271158 0.016620480948785144 0.060757783663726278 0.040430777842450943
decision_type=2 2 2 2 2 2 2 2 2 2 2 2 2 2 2 2 2 2 2 2 2 2 2
left_child=1 12 -3 9 5 6 19 -5 -8 -4 11 -7 16 14 -6 22 -1 -12 -17 -2 -18 -15 -14
right_child=4 2 3 7 13 10 8 -9 -10 -11 17 -13 15 21 -16 18 20 -19 -20 -21 -22 -23 -24
leaf_value=0.016467616111458569 -0.040195474826932483 -0.028531467364300091 0.036401682254652283 0.0148763005316596 -0.018328392072133826 -0.0072311224216528129 -0.018049467810088964 -0.013256375380806524 0.025125133537811324 0.0067251174519316406 0.013978503132366355 0.033992174690636333 -0.037244292842039249 0.0030492402464719439 0.025429850470318 -0.02271043533949945 -0.026975434087205208 -0.02081838195122214 0.011089947954933654 -0.0015301683766327319 0 0.03304567806965495 -0.0088469187232788609
leaf_weight=10.19099500030279 16.493480399250988 48.07621306926012 29.085785120725632 28.919347807765007 10.839160420000555 10.216174364089964 10.677708119153978 91.672864764928818 18.925439074635506 50.660425543785095 12.285123974084856 44.193326160311699 71.068305537104607 10.035211972892283 10.177216149866579 13.835495822131636 16.493459403514866 11.366717800498007 10.206944316625593 10.327534824609755 12.963971741497515 91.807603426277637 10.141840919852255
leaf_count=43 54 353 113 120 60 33 37 361 67 184 42 153 405 65 72 108 95 36 44 37 55 761 35
internal_value=0 -0.0103542 -0.00242073 0.0039278 0.0158538 0.00562436 -0.00925447 -0.00590795 0.00779079 0.0190806 0.0169403 0.0254076 -0.023292 0.0262529 0.00130932 -0.029198 -0.00549021 -0.00132931 -0.00687353 -0.0286356 -0.0154471 0.0307387 -0.0347332
internal_weight=650.66 393.316 248.415 200.338 257.345 134.486 56.4242 120.592 29.6031 79.7462 78.0613 54.4095 144.901 122.859 21.0164 105.253 39.6484 23.6518 24.0424 26.821 29.4574 101.843 81.2101
internal_count=3333 1916 1131 778 1417 459 195 481 104 297 264 186 785 958 132 592 193 78 152 91 150 826 440
is_linear=0
shrinkage=0.05


Tree=94
num_leaves=1
num_cat=0
split_feature=
split_gain=
threshold=
decision_type=
left_child=
right_child=
leaf_value=0
leaf_weight=
leaf_count=3333
internal_value=
internal_weight=
internal_count=
is_linear=0
shrinkage=1


Tree=95
num_leaves=19
num_cat=0
split_feature=274 274 165 167 25 399 221 104 260 105 130 74 104 44 104 126 190 270
split_gain=40.2333 17.0489 10.312 9.86043 11.8406 13.2905 12.1038 7.51746 7.11397 5.90529 8.77017 4.96578 4.74141 4.46337 2.86321 2.2964 2.88725 1.59943
threshold=0.42658401984304889 0.78556791174761609 -0.0016377165829461831 -0.17318514541247845 0.016967755952162714 -0.20359847811242004 16.549550095965504 -0.19984223710969654 0.17272727272727276 0.046041986752553138 2.5000000000000004 -0.30408547547760922 0.095829160831747348 0.64424419654617016 0.0749458312728047 -0.01171316059745142 0.16846298299422055 -0.73462797497892007
decision_type=2 2 2 2 2 2 2 2 2 2 2 2 2 2 2 2 2 2
left_child=2 3 9 4 6 -6 -2 11 -5 10 14 -4 -11 -10 -1 -9 -17 -3
right_child=1 17 7 8 5 -7 -8 15 13 12 -12 -13 -14 -15 -16 16 -18 -19
leaf_value=0.034389065074706911 0.025173860963094714 -0.0066858209821046115 -0.024620469220146952 -0.016852688942199857 0.024520002887473982 -0.019480501103590599 -0.014086340403047763 0 0.030301713859349905 -0.033804887722922651 -0.022517477149990264 0.015674567633716729 0.0012352961825046803 -0.00097166761217869441 0 0.031256462095448467 0.0073025935909312965 -0.032744742804790235
leaf_weight=20.927862428128723 41.524902537465096 13.855034425854681 11.157616063952448 11.3672988563776 15.496494248509405 172.66360439360142 30.866877637803555 10.515223748981951 36.107012793421745 15.14535738527775 10.09544789791107 12.952445454895495 14.761006213724611 11.621417537331579 10.845273241400717 116.13246343284845 22.930819220840931 71.716675154864788
leaf_count=100 145 112 47 41 54 658 117 64 124 55 34 78 61 44 49 766 116 668
internal_value=-0.000204614 -0.00993405 0.0155818 -0.00432671 -0.00863085 -0.0152672 0.00787623 0.0220755 0.0133451 0 0.011422 -0.00178972 -0.0164546 0.0220942 0.024656 0.0262095 0.0278962 -0.0294594
internal_weight=650.683 405.219 245.464 319.648 260.552 188.16 72.3918 173.689 59.0957 71.7749 41.8686 24.1101 29.9064 47.7284 31.7731 149.579 139.063 85.5717
internal_count=3333 1963 1370 1183 974 712 262 1071 209 299 183 125 116 168 149 946 882 780
is_linear=0
shrinkage=0.05


Tree=96
num_leaves=18
num_cat=0
split_feature=266 266 370 246 307 104 266 83 25 124 373 213 167 350 33 162 113
split_gain=39.2612 14.1559 16.9952 10.0566 9.07299 8.85786 8.85893 7.58572 7.40233 6.80609 6.86702 6.10548 5.01878 5.57603 3.20736 3.03971 2.50908
threshold=0.11480085735728834 -0.31105812071829358 0.38906657537435679 0.30898876404494385 0.40200060172309721 -0.19984223710969654 -0.018044219947793084 -0.021581605036874424 0.016877205922098411 -11.499999999999998 0.054983851617157249 6.1162284219066647 -0.14750808911287813 0.13235752666016773 0.0048372010717531947 0.29202397725998092 14.500000000000002
decision_type=2 2 2 2 2 2 2 2 2 2 2 2 2 2 2 2 2
left_child=1 -1 3 11 7 -4 -7 9 -5 -2 -11 -3 13 -9 -14 -6 -17
right_child=4 2 5 8 15 6 -8 12 -10 10 -12 -13 14 -15 -16 16 -18
leaf_value=-0.030577294481595563 -0.030739943323597353 -0.030965537953113232 0.012547126626273518 -0.0093730161244070312 0.0031741323829913358 -0.031172868881940732 -0.0054812665873656989 -0.00026461423406308037 0.017530260689762472 0.023438145539421487 -0.021449994597748788 0.0086953854714831146 0.013785388509081295 0.035335474186344411 -0.019380036446542834 0.0066602396597788801 0.033814730758420938
leaf_weight=63.378758013248444 18.10772505402565 23.146087452769279 19.429028905928135 28.048000328242779 17.553517878055573 83.444672182202339 66.210732832551003 11.780514791607855 113.48769679665565 18.484357431530956 10.492205753922461 11.133212447166441 11.510322794318201 33.487964600324631 11.059689939022062 16.772396139800549 79.613603681325912
leaf_count=499 59 96 80 105 131 482 237 39 442 69 35 53 40 120 35 137 674
internal_value=0 -0.00925904 -0.00496798 0.00567241 0.0164699 -0.0162285 -0.020465 0.0057517 0.011769 -0.00867946 0.00513331 -0.0170801 0.0164171 0.0255945 -0.000877859 0.0264281 0.0299363
internal_weight=637.14 408.278 344.899 175.815 228.862 169.084 149.655 114.923 141.536 47.0843 28.9766 34.2793 67.8385 45.2685 22.57 113.94 96.386
internal_count=3333 1994 1495 696 1339 799 719 397 547 163 104 149 234 159 75 942 811
is_linear=0
shrinkage=0.05


Tree=97
num_leaves=1
num_cat=0
split_feature=
split_gain=
threshold=
decision_type=
left_child=
right_child=
leaf_value=0
leaf_weight=
leaf_count=3333
internal_value=
internal_weight=
internal_count=
is_linear=0
shrinkage=1


Tree=98
num_leaves=18
num_cat=0
split_feature=280 268 381 126 354 353 119 286 370 103 230 353 266 19 372 364 191
split_gain=36.4655 16.1344 11.0039 16.8816 12.7508 9.28885 8.66865 8.15067 11.5909 8.6389 7.47673 4.63235 3.32855 2.71457 2.19231 0.0904082 0.0714962
threshold=0.47552800661434363 -0.21499549516061373 11.726461352729901 -0.001557696012491727 0.1120851842090017 0.11728210671456786 -0.17455771583318427 -0.92818965654079866 0.33306653250997692 0.096553081055095566 57.500000000000007 0.15681755725628413 -0.0486600647145762 0.44359959428549317 0.039435952616376675 0.57933587380371343 0.72051792072225329
decision_type=2 2 2 2 2 2 2 2 2 2 2 2 2 2 2 2 2
left_child=7 2 5 4 -4 16 -5 15 10 -10 11 -9 -11 -12 -3 -1 -2
right_child=1 14 3 6 -6 -7 -8 8 9 12 13 -13 -14 -15 -16 -17 -18
leaf_value=0.032487811910273529 0.039844046655547971 -0.033080580276014841 -0.0032386107841591003 0.0053286535067775566 0.033680646729182924 -0.0088775662334229406 -0.025790754787140515 -0.021054631745543898 -0.015669705459876476 0.03206590824062934 0.028248710023593828 0.008693300692386649 0.0014255053585026959 0 -0.0058095105551174524 0.0098431166654134941 0.012061326966372216
leaf_weight=54.431506313383579 18.945555388927463 66.662513360381126 105.14533326774836 23.370707906782627 26.375337421894073 16.97042353451252 115.04515886306763 47.383765988051891 10.201898649334906 62.918194182217121 15.533160053193571 13.050617299973963 14.612125024199484 10.607443623244761 15.117963932454584 10.711994439363478 10.086708590388296
leaf_count=432 70 651 360 90 98 64 463 176 40 414 70 50 72 44 130 72 37
internal_value=-0.000195573 -0.00953183 -0.00410693 -0.00811476 0.00437955 0.0174471 -0.0201813 0.0150315 0.00870579 0.021293 -0.00377743 -0.0137351 0.0271802 0.0165719 -0.029013 0.0300952 0.033786
internal_weight=637.17 397.72 315.939 269.937 131.521 46.0027 138.416 239.451 174.307 87.7322 86.575 60.4344 77.5303 26.1406 81.7805 65.1435 29.0323
internal_count=3333 1963 1182 1011 458 171 553 1370 866 526 340 226 486 114 781 504 107
is_linear=0
shrinkage=0.05


Tree=99
num_leaves=19
num_cat=0
split_feature=266 207 274 246 268 191 167 207 394 391 83 82 391 119 111 266 372 83
split_gain=35.8949 14.0078 15.1187 12.3913 9.40509 9.04376 8.79651 7.26571 5.22798 5.00381 5.81857 4.66444 4.41042 3.93243 3.05683 2.41938 2.14111 1.34835
threshold=0.081472419126012094 1.6225430233344607 0.19498169278578856 0.30898876404494385 -0.21499549516061373 1.0041698043806113 -0.30275789033226269 1.1527009186218697 -0.0088355927834772845 2.5000000000000004 -0.021581605036874424 0.42277507893770039 2.5000000000000004 -0.16791612634900677 35.500000000000007 0.040430777842450943 0.039435952616376675 -0.26018901748565493
decision_type=2 2 2 2 2 2 2 2 2 2 2 2 2 2 2 2 2 2
left_child=1 8 -3 5 7 -4 -5 9 13 10 -2 -9 15 -1 -15 -10 -6 -13
right_child=4 2 3 6 16 -7 -8 11 12 -11 -12 17 -14 14 -16 -17 -18 -19
leaf_value=-0.022943277882469224 -0.018767881816173396 -0.027543416588759275 -0.029413586939148091 0.016187554267507728 0.032913135232623375 0.011550319052815478 -0.019748818015415982 -0.00035152171766195757 -0.035065397416852294 0.024157477538930855 0.0060749645737183606 0.0042607805186346435 0 0.024432436318608971 -0.0067207738268456321 -0.0025504483480042004 0.0058121919039392693 0.031540272519106675
leaf_weight=14.951862618327139 42.830614417791367 44.491940438747406 36.612105190753937 127.5972261428833 64.778567105531693 16.301626496016979 15.811201132833956 17.039350502192974 77.320485420525074 13.010613515973089 42.155404657125473 11.293920733034609 11.489298366010187 10.631919153034689 12.658972650766371 10.33566305041313 15.118326418101786 39.062032490968704
leaf_count=73 151 353 158 484 651 70 66 63 497 53 148 58 58 41 79 37 130 163
internal_value=0 -0.00965864 -0.00208246 0.00376454 0.0147714 -0.0159566 0.0115605 0.00731304 -0.0222537 -0.000980726 -0.0060899 0.0196108 -0.0282941 -0.0044627 0.00676358 -0.0319943 0.0287841 0.0269427
internal_weight=623.491 378.202 240.814 196.322 245.289 52.9137 143.408 165.392 137.388 97.9966 84.986 67.3953 99.1454 38.2428 23.2909 87.6561 79.8969 50.356
internal_count=3333 1916 1131 778 1417 228 550 636 785 352 299 284 592 193 120 534 781 221
is_linear=0
shrinkage=0.05


Tree=100
num_leaves=1
num_cat=0
split_feature=
split_gain=
threshold=
decision_type=
left_child=
right_child=
leaf_value=0
leaf_weight=
leaf_count=3333
internal_value=
internal_weight=
internal_count=
is_linear=0
shrinkage=1


Tree=101
num_leaves=15
num_cat=0
split_feature=274 274 137 167 364 103 372 64 110 359 137 221 34 274
split_gain=33.1132 16.7046 12.503 14.7119 14.9986 5.76623 5.29894 6.87327 7.7426 2.67716 2.42382 2.00666 1.5477 1.03211
threshold=0.64680423584851243 0.23272648671899837 0.026165724496882165 -0.17818205700774228 0.48197247050558983 0.094225466511490177 -0.0053419143740218158 0.23174298557275877 28.500000000000004 -0.13046125521332858 -0.1180399137452689 15.399791833699451 0.0054546595160960979 0.70311768763487048
decision_type=2 2 2 2 2 2 2 2 2 2 2 2 2 2
left_child=1 5 3 4 -3 -1 9 -8 -9 -2 -11 -5 -7 -10
right_child=6 2 -4 11 -6 12 7 8 13 10 -12 -13 -14 -15
leaf_value=-0.0048237762455953436 0 0.014279662000318839 -0.033664773953246706 0.03277800652740067 -0.009027158721498783 0.0041206355508316417 0.017294523469858186 0.012639024748691399 -0.0060594759552051059 -0.0019793923728066844 -0.034258768328702498 0.0014586122856365272 0.032022876445588648 -0.030789224343543434
leaf_weight=10.679824352264403 11.277034081518648 106.62831928580999 20.306002989411354 41.202399730682373 182.98900453746319 10.881940647959707 16.22989995777607 13.730659998953341 12.979595288634298 10.414572685956953 67.463770441710949 10.002490140497683 74.363005019724369 34.367861390113831
leaf_count=55 81 442 71 179 671 67 81 67 47 63 555 41 637 276
internal_value=-0.000167359 0.00671302 0.00156468 0.00408448 -0.000216996 0.0249543 -0.019138 -0.00813523 -0.0161661 -0.0275608 -0.0307938 0.0280018 0.0292888 -0.025768
internal_weight=623.516 457.053 361.128 340.822 289.617 95.9248 166.463 77.308 61.0781 89.1554 77.8783 51.2049 85.2449 47.3475
internal_count=3333 2163 1404 1333 1113 759 1170 471 390 699 618 220 704 323
is_linear=0
shrinkage=0.05


Tree=102
num_leaves=18
num_cat=0
split_feature=276 207 274 246 191 307 353 83 124 373 105 391 28 124 386 33 113
split_gain=32.9646 13.4322 14.8128 11.1848 9.82274 8.12377 7.79035 6.64031 6.05555 6.3159 4.74144 6.7074 4.0955 3.71868 3.67402 3.27479 2.46902
threshold=1.1148008573572885 1.6225430233344607 0.19498169278578856 0.30898876404494385 1.0041698043806113 0.40200060172309721 0.0061455485620898857 -0.021581605036874424 -11.499999999999998 0.054983851617157249 -0.23006928041706168 2.5000000000000004 0.020078211953241661 25.500000000000004 0.21172637109973527 0.041817334600044019 14.500000000000002
decision_type=2 2 2 2 2 2 2 2 2 2 2 2 2 2 2 2 2
left_child=1 10 -3 4 -4 7 -5 8 -2 -10 -1 15 -7 14 -9 -12 -14
right_child=5 2 3 6 -6 12 -8 13 9 -11 11 -13 16 -15 -16 -17 -18
leaf_value=0.003508004397700327 -0.029284492750797388 -0.027003902042255851 -0.02882658397203245 -0.023880764857366912 0.01281034920197277 0.00067431285233129174 0.01526509969785257 0.027622291287458307 0.02257858178829654 -0.020745666186451354 -0.029989557150633579 0.0090374514329471713 0.0068645275510267629 -0.005978387237320827 0 -0.0031451337586207114 0.034081070512133875
leaf_weight=14.446043886244295 17.742998033761978 42.705897487699986 36.009564362466335 10.384047508239744 18.104530215263367 18.251379996538162 136.47521365433931 42.113274618983269 18.125000998377804 10.334324538707731 106.1951988786459 11.035436078906057 16.906713061034679 11.673226922750471 12.490896478295324 18.295123592019081 70.393785916268826
leaf_count=62 59 353 158 45 77 128 520 154 69 35 633 57 144 40 40 89 670
internal_value=0 -0.00865385 -0.00113067 0.00443845 -0.0140798 0.0154421 0.0117409 0.00528981 -0.0082741 0.00477897 -0.020289 -0.0232076 0.0253549 0.0154159 0.0209307 -0.0266035 0.0297672
internal_weight=611.683 393.651 243.679 200.973 54.1141 218.032 146.859 112.48 46.2023 28.4593 149.972 135.526 105.552 66.2774 54.6042 124.49 87.3005
internal_count=3333 1994 1153 800 235 1339 565 397 163 104 841 779 942 234 194 722 814
is_linear=0
shrinkage=0.05


Tree=103
num_leaves=1
num_cat=0
split_feature=
split_gain=
threshold=
decision_type=
left_child=
right_child=
leaf_value=0
leaf_weight=
leaf_count=3333
internal_value=
internal_weight=
internal_count=
is_linear=0
shrinkage=1


Tree=104
num_leaves=18
num_cat=0
split_feature=272 272 385 68 119 165 402 104 105 68 33 41 62 62 372 299 104
split_gain=30.5127 14.3205 10.7386 10.358 13.5603 8.43434 7.26057 6.9757 5.19896 4.8586 5.52394 4.47585 3.47811 6.54931 2.24364 2.03761 0.120359
threshold=-1.5734159801569509 -1.2144320882523838 5.5000000000000009 0.363580762705282 -0.17455771583318427 -0.0016377165829461831 1.0000000180025095e-35 -0.19984223710969654 -0.040573223097779935 0.40843208113657375 0.061160665152459263 0.0049797164192798499 0.36494016455603151 0.4419740805966102 0.039435952616376675 -0.36932786794539507 -0.13476472779480919
decision_type=2 2 2 2 2 2 2 2 2 2 2 2 2 2 2 2 2
left_child=5 2 3 6 -5 8 -2 11 15 -10 -11 -7 16 -14 -3 -1 -9
right_child=1 14 -4 4 -6 7 -8 12 9 10 -12 -13 13 -15 -16 -17 -18
leaf_value=0.02861233365004039 0.018440888952597299 -0.032498301610712349 0.03683796245766327 0.014514853593621686 -0.020649210736818115 0.013642163637832197 -0.0050071038881940623 0.011375492383920929 -0.028257689402157667 0.02575581312888623 -0.015994902288107488 -0.02514502389067972 -0.0073232059981990479 0.024995795860877967 -0.004774512471473126 0 0.034222720756809211
leaf_weight=12.579654887318613 52.370218850672245 60.210069000720978 12.197050809860228 29.925667755305767 139.88108219951391 12.579965867102148 74.458184912800789 11.642875798046587 18.716926492750645 11.661454334855081 13.520387820899485 10.461908578872679 20.802061662077904 36.979575298726559 14.580549493432043 12.465964555740355 66.683118402957916
leaf_count=72 188 650 44 115 544 79 292 74 73 54 54 46 119 240 130 46 513
internal_value=-0.000169141 -0.00883953 -0.00378218 -0.00597138 -0.0140184 0.0141224 0.00449235 0.0203539 0 -0.0106675 0.00224881 -0.00291667 0.0246308 0.0127508 -0.0281288 0.0165271 0.0319863
internal_weight=611.717 383.623 308.832 296.635 169.807 228.094 126.828 159.15 68.9444 43.8988 25.1818 23.0419 136.108 57.7816 74.7906 25.0456 78.326
internal_count=3333 1963 1183 1139 659 1370 480 1071 299 181 108 125 946 359 780 118 587
is_linear=0
shrinkage=0.05


Tree=105
num_leaves=21
num_cat=0
split_feature=270 207 274 268 258 392 163 207 394 67 73 372 82 394 70 270 372 301 83 270
split_gain=30.1259 12.2167 13.0342 8.61164 8.46523 9.16855 6.72026 6.71027 5.12375 4.86938 5.72647 4.39708 4.30936 3.27423 2.5198 2.47149 2.21379 1.35873 1.29231 0.457284
threshold=-0.91852758087398778 1.6225430233344607 0.19498169278578856 -0.21499549516061373 0.98529411764705899 10.500000000000002 -0.0075099303252430397 1.1527009186218697 -0.0088355927834772845 -0.0264715361574232 1.0725320532091887 0.045960563931771399 0.42277507893770039 -0.012897362785755982 0.0091154356069574807 -1.1370940116278982 0.039435952616376675 -0.095190522533408442 -0.26018901748565493 -0.96266985133510696
decision_type=2 2 2 2 2 2 2 2 2 2 2 2 2 2 2 2 2 2 2 2
left_child=1 8 -3 7 6 -6 -4 9 13 17 -11 19 -9 14 -1 -13 -5 -2 -14 -10
right_child=3 2 4 16 5 -7 -8 12 11 10 -12 15 18 -15 -16 -17 -18 -19 -20 -21
leaf_value=-0.026954189859091315 0 -0.026528241492412442 0.013695849398184655 0.032351841524966195 0.017590149689167372 -0.019566711983208574 -0.018103510394990151 -0.00046021739379702506 -0.035690334603321931 -0.021402058946873682 0.0045129550795289892 -0.019404384001521828 0.003559607446500618 0.013214843146091358 0.00013830712845252667 0.0095658528583567777 0.0047074701012295205 0.02888213367281732 0.030482412288720506 -0.0097637513905284752
leaf_weight=13.741893954575064 10.069306612014772 41.166141234338284 18.921476341784 58.710178710520267 102.5866502597928 15.924537777900694 55.57000457495451 16.728615984320641 61.770000070333481 36.434730388224125 39.375256612896919 11.179009087383749 10.981249809265135 13.002492144703863 10.460735611617563 10.378962576389311 14.54380616545677 10.335519552230833 37.733214765787125 10.415204271674154
leaf_count=83 35 353 84 651 405 56 233 63 403 126 145 104 58 62 48 48 130 46 163 37
internal_value=0 -0.0090256 -0.00187523 0.013803 0.00345355 0.011826 -0.00916345 0.00671004 -0.0211106 -0.00128482 -0.0076481 -0.0272867 0.0187358 -0.00343071 -0.0146825 -0.0039561 0.0279202 0.0181703 0.0259389 -0.0331534
internal_weight=600.029 365.117 234.169 234.912 193.003 118.511 74.4915 161.658 130.948 96.2148 75.81 93.7432 65.4431 37.2051 24.2026 21.558 73.254 20.4048 48.7145 72.1852
internal_count=3333 1916 1131 1417 778 461 317 636 785 352 271 592 284 193 131 152 781 81 221 440
is_linear=0
shrinkage=0.05


Tree=106
num_leaves=1
num_cat=0
split_feature=
split_gain=
threshold=
decision_type=
left_child=
right_child=
leaf_value=0
leaf_weight=
leaf_count=3333
internal_value=
internal_weight=
internal_count=
is_linear=0
shrinkage=1


Tree=107
num_leaves=15
num_cat=0
split_feature=268 268 379 372 112 110 103 372 64 110 36 34 207 359
split_gain=27.6097 14.6547 11.4472 12.8561 16.2114 9.19983 5.62195 5.2784 6.4369 7.45763 2.24383 1.57314 1.06595 0.850988
threshold=-0.34880887165094937 -0.76773764290299196 0.15849988244562543 -0.012699267579872052 110.50000000000001 59.500000000000007 0.094225466511490177 -0.0053419143740218158 0.23174298557275877 28.500000000000004 0.0095214963206318899 0.0054546595160960979 0.56335558854680701 -0.12744798591305109
decision_type=2 2 2 2 2 2 2 2 2 2 2 2 2 2
left_child=1 6 3 5 -5 -3 -1 10 -9 -10 -2 -8 -11 -12
right_child=7 2 -4 4 -6 -7 11 8 9 12 13 -13 -14 -15
leaf_value=-0.0057105962239746757 0 -0.0017242281499232565 -0.032711057903636619 0.020762184660093049 -0.012826117165135731 -0.039107977677124636 0.0031825376436828757 0.017406724145984272 0.01284369143189029 -0.0041448911426730387 -0.0063732674847424278 0.031341800462990441 -0.030163257648493747 -0.032950281726092871
leaf_weight=10.321369603276251 10.02900083363056 134.89245638251305 19.86202846467495 142.47425344586372 43.48700886964798 16.415255397558212 10.486082106828688 15.978347316384314 13.476311050355433 11.004330873489378 10.041212633252142 68.262995272874832 32.854597322642803 60.483538769185543
leaf_count=55 60 524 71 602 166 55 67 81 67 60 80 635 260 550
internal_value=-0.000147317 0.00607652 0.0013307 0.00375311 0.012564 -0.00678546 0.0238986 -0.0182857 -0.00717527 -0.0153794 -0.0271784 0.0284582 -0.0253855 -0.0302608
internal_weight=600.069 446.201 357.131 337.269 185.961 151.308 89.0704 153.867 73.3136 57.3352 80.5538 78.7491 43.8589 70.5248
internal_count=3333 2175 1418 1347 768 579 757 1158 468 387 690 702 320 630
is_linear=0
shrinkage=0.05


Tree=108
num_leaves=19
num_cat=0
split_feature=266 207 280 246 268 191 167 207 104 67 113 82 270 225 21 372 386 301
split_gain=27.5913 11.4819 12.1009 10.4786 8.2263 7.45524 7.13476 6.25144 5.65406 4.67459 6.33777 4.08532 3.84646 3.89474 3.29672 2.20781 1.34425 1.24401
threshold=0.081472419126012094 1.6225430233344607 0.39832723092859129 0.29775280898876411 -0.21499549516061373 1.0041698043806113 -0.30275789033226269 1.1527009186218697 -0.18152510833825383 -0.0264715361574232 76.500000000000014 0.42277507893770039 -0.97665800295815575 -1.521867348932499 0.19380347601288742 0.039435952616376675 0.084641579176401929 -0.095190522533408442
decision_type=2 2 2 2 2 2 2 2 2 2 2 2 2 2 2 2 2 2
left_child=1 8 -3 5 7 -4 -5 9 -1 17 -11 -9 13 -10 -14 -6 -13 -2
right_child=4 2 3 6 15 -7 -8 11 12 10 -12 16 14 -15 -16 -17 -18 -19
leaf_value=0.0019126130320114218 0 -0.025993222688536689 -0.028882608781824248 0.014472542293098009 0.032080128507854709 0.0096325163504403649 -0.017855025285547339 -0.00046090896611946248 0 -0.017652435808247314 0.011255163416484897 0.032099271788145319 -0.019733769430179911 -0.033725977057168788 0.012828562721546179 0.0043524438041288539 0.00766615515901037 0.028395449110228413
leaf_weight=19.223209746181965 10.033702164888384 39.546603038907051 32.711296059191227 127.95923457294703 55.938762575387955 15.081428445875643 15.72721606492996 16.620298787951469 10.109743654727934 50.751654878258705 24.64099182933569 30.627549864351749 13.665160953998567 74.609866701066494 10.292113110423086 14.360465683043001 17.119796313345432 10.077178306877611
leaf_count=102 35 353 148 496 651 67 67 63 58 180 91 144 53 538 34 130 77 46
internal_value=0 -0.00868376 -0.00171883 0.00336114 0.0133709 -0.0158933 0.0103005 0.00645524 -0.0205548 -0.00125118 -0.00749743 0.0181781 -0.0249213 -0.0299224 -0.00401924 0.0275081 0.0252951 0.0179352
internal_weight=589.096 358.926 231.026 191.479 230.17 47.7927 143.686 159.871 127.9 95.5035 75.3926 64.3676 108.677 84.7196 23.9573 70.2992 47.7473 20.1109
internal_count=3333 1916 1131 778 1417 215 563 636 785 352 271 284 683 596 87 781 221 81
is_linear=0
shrinkage=0.05


Tree=109
num_leaves=1
num_cat=0
split_feature=
split_gain=
threshold=
decision_type=
left_child=
right_child=
leaf_value=0
leaf_weight=
leaf_count=3333
internal_value=
internal_weight=
internal_count=
is_linear=0
shrinkage=1


Tree=110
num_leaves=19
num_cat=0
split_feature=266 10 399 119 120 163 385 83 246 394 143 10 364 26 104 231 19 272
split_gain=25.619 12.4652 11.307 12.2238 10.7925 17.0659 10.6332 9.11875 8.92655 8.79065 6.87208 6.42507 6.11339 4.93948 3.7121 2.57204 1.00855 0.328768
threshold=-0.086840092532080512 -0.0097214566061232365 -0.20359847811242004 0.011600507352707784 0.012505619083082344 0.0046540816663003274 5.5000000000000009 0.26656033595270717 0.32022471910112366 -0.004118636793649765 -0.0012942377109547707 -0.037977539115866286 0.55625931387289829 0.63575546661256344 -0.084429446282177426 104.50000000000001 0.51500004953644141 -1.2744174873643093
decision_type=2 2 2 2 2 2 2 2 2 2 2 2 2 2 2 2 2 2
left_child=8 2 -2 15 5 7 -7 -3 13 11 12 -10 -11 16 -13 -4 -1 -6
right_child=1 4 3 -5 17 6 -8 -9 9 10 -12 14 -14 -15 -16 -17 -18 -19
leaf_value=0.035575000465202754 0.014273507694287891 0.025541862272884738 -0.035920935911984642 0.011643750246327652 -0.036423313598456429 -0.018574872960246305 0.029014545620760251 -0.0031387027280397281 0.011901863739279541 0.013456430482915156 0.0300158352680743 -0.034765447925827024 -0.019820196669540706 0 -0.00086513246274715636 -0.0026153453636129976 0.007709003901757514 -0.0090665125031761471
leaf_weight=52.294448882341385 16.184563994407654 74.774532660841942 86.690453581511974 14.654011033475397 16.550387546420101 87.288052849471569 10.037721931934355 37.668297328054905 18.123998820781708 39.38260268419981 38.934651240706444 19.98707938939333 17.022485584020615 10.943036071956156 17.603025294840336 10.249812357127665 10.707961097359656 10.04671064019203
leaf_count=405 84 316 581 67 64 484 41 177 87 202 300 76 85 55 88 57 72 92
internal_value=-0.000179602 -0.00843633 -0.0208522 -0.0266231 -0.00133822 0.00239723 -0.0124475 0.0156689 0.0128992 0.00530079 0.0145635 -0.00963253 0.00207842 0.0269593 -0.0213594 -0.0330839 0.0321621 -0.0297454
internal_weight=589.144 364.145 127.779 111.594 236.366 209.769 97.3258 112.443 224.999 151.054 95.3397 55.7141 56.4051 73.9454 37.5901 96.9403 63.0024 26.5971
internal_count=3333 1963 789 705 1174 1018 525 493 1370 838 587 251 287 532 164 638 477 156
is_linear=0
shrinkage=0.05


Tree=111
num_leaves=18
num_cat=0
split_feature=270 207 272 262 126 286 378 207 104 162 66 82 270 33 41 191 382
split_gain=25.2978 10.8886 11.4225 10.0047 9.0395 8.12683 7.82696 7.25175 5.398 5.21124 4.38436 4.30185 3.64349 4.16186 3.85988 3.41182 2.96563
threshold=-0.91852758087398778 1.6225430233344607 -1.8050183072142127 0.28651685393258436 0.00059127264019054337 -0.30664180285075748 0.37500000000000006 1.1527009186218697 -0.18152510833825383 0.4668811514755678 0.36877214619856585 0.28406448491585429 -0.97665800295815575 0.046058483003124658 0.0034878393669939404 0.88238875782921411 1.0000000180025095e-35
decision_type=2 2 2 2 2 2 2 2 2 2 2 2 2 2 2 2 2
left_child=1 8 -3 6 -5 7 -4 9 -1 15 -11 -9 13 -10 -14 -2 -13
right_child=5 2 3 4 -6 -7 -8 11 12 10 -12 16 14 -15 -16 -17 -18
leaf_value=0.0018286127586854585 -0.037977288425341912 -0.025568623034624934 0.0021717436627720606 -0.011875227480775744 0.02534679045829363 0.030311096482166778 0.03548573721074133 -0.0075616355324584668 -0.033497395911742861 0.019512608784746484 -0.004396087185404649 0.027822280996709661 -0.020950585023303266 0 0.01450883947822631 0 0.00036376596560905961
leaf_weight=19.119312062859535 11.255529224872591 38.254745699465275 44.959972210228443 97.657764561474323 15.972639188170431 50.733829528093338 30.924446374177933 10.024043016135691 72.011451005935669 26.765213333070278 45.917696662247181 54.380079753696918 13.637454211711885 10.030411019921301 10.186455130577086 10.165823422372339 16.506662055850029
leaf_count=102 41 353 171 414 67 574 126 45 541 111 179 341 51 55 36 38 88
internal_value=0 -0.00838406 -0.00156552 0.00334287 -0.00569696 0.012929 0.0172149 0.00718347 -0.0200914 -0.00181548 0.00417202 0.0179364 -0.0244507 -0.0294514 -0.00399808 -0.0221954 0.0223794
internal_weight=578.504 352.755 227.77 189.515 113.63 225.749 75.8844 175.015 124.985 94.1043 72.6829 80.9108 105.866 82.0419 23.8239 21.4214 70.8867
internal_count=3333 1916 1131 778 481 1417 297 843 785 369 290 474 683 596 87 79 429
is_linear=0
shrinkage=0.05


Tree=112
num_leaves=1
num_cat=0
split_feature=
split_gain=
threshold=
decision_type=
left_child=
right_child=
leaf_value=0
leaf_weight=
leaf_count=3333
internal_value=
internal_weight=
internal_count=
is_linear=0
shrinkage=1


Tree=113
num_leaves=14
num_cat=0
split_feature=286 381 266 104 25 124 113 373 399 399 64 266 86
split_gain=23.5848 13.8969 14.282 11.7648 16.5408 5.61555 4.90682 4.88644 4.43745 4.35248 4.08728 2.3736 1.96567
threshold=-0.43958047509320303 11.726461352729901 -0.30606175364958865 -0.17685134077910389 0.017983895372298251 -34.499999999999993 4.5000000000000009 0.054983851617157249 -1.0000000180025095e-35 -0.19813429179537467 0.37666025929251057 0.26922017914127705 2366.2704835700692
decision_type=2 2 2 2 2 2 2 2 2 2 2 2 2
left_child=1 6 -3 10 -5 -2 8 9 -1 -7 -4 -9 -11
right_child=5 2 3 4 -6 7 -8 11 -10 12 -12 -13 -14
leaf_value=-0.01432584099721519 0.0082180897249468088 0.026261445495569264 -0.035415323292759732 0.019748785686734695 -0.0063874864045380189 0 0.035215792978469766 0.012456027843769429 0.023459071211705089 -0.034243719726258524 0 -0.016005113200863102 -0.01103863743125251
leaf_weight=11.323791064321995 14.059477582573889 47.275211647152901 29.661963649094105 82.758623525500298 200.76046102494001 10.663671866059302 44.458196111023426 12.942480005323889 12.665631763637066 68.364659868180752 10.091553658246992 10.508865542709826 23.022806540131569
leaf_count=57 62 425 115 365 888 87 277 52 68 635 44 93 165
internal_value=-0.000189492 0.00542865 0.00138097 -0.0023123 0.00119403 -0.0179546 0.0256633 -0.0213991 0.00416092 -0.0260083 -0.0268177 0 -0.0294642
internal_weight=578.557 438.995 370.548 323.273 283.519 139.562 68.4476 125.502 23.9894 102.051 39.7535 23.4513 91.3875
internal_count=3333 2239 1837 1412 1253 1094 402 1032 125 887 159 145 800
is_linear=0
shrinkage=0.05


Tree=114
num_leaves=20
num_cat=0
split_feature=272 126 126 37 386 354 381 10 120 55 207 126 209 413 70 165 399 19 8
split_gain=23.1201 10.1697 9.91348 9.65287 9.76104 8.87696 8.13386 8.11703 8.42951 7.62735 6.93566 6.66001 5.69487 5.08581 3.18237 2.64038 1.56676 0.216212 0.196157
threshold=-1.4913010864456286 -0.001557696012491727 0.00059127264019054337 0.021206542761017275 -0.18262555824944879 0.10772682823701192 12.092213198541524 0.0099217983420881693 0.012505619083082344 0.033606948833603829 1.3437060058818426 0.0053718363683745727 3.4497365805363063 1.0000000180025095e-35 0.0085616429839793558 -0.0010118458175303079 0.019929072713895123 0.27577578362908733 -0.0072100185318203051
decision_type=2 2 2 2 2 2 2 2 2 2 2 2 2 2 2 2 2 2 2
left_child=2 5 3 14 -5 7 9 17 -9 10 -3 13 -6 -8 16 -4 -1 -2 -7
right_child=1 6 15 4 12 18 11 8 -10 -11 -12 -13 -14 -15 -16 -17 -18 -19 -20
leaf_value=-0.035834724202147915 0.0083128316848412355 -0.030263981197146145 0.029964332981150584 0.028267836459142572 -0.018830603745878267 -0.0096289268832806807 0.031832904155256601 -0.014005337846712672 0.02934729834296539 0.029235501117772823 0.0099617219247298602 -0.0071636345138293318 0 0 -0.0041010056147589811 0 -0.0080023208924515955 0.033701095237362665 -0.037534531025783108
leaf_weight=54.277191787958145 10.164429262280466 20.124502710998058 14.355139352381231 15.405600950121878 81.000519342720509 10.083582788705828 98.495360285043716 49.462606370449066 10.918609678745268 12.683646827936171 15.365678146481512 11.88199098408222 79.098787412047386 16.901542268693447 18.602092377841473 10.188130445778368 13.2443281263113 15.560008712112902 10.783833518624304
leaf_count=366 70 95 58 73 502 63 707 200 57 83 103 56 429 92 106 59 76 92 46
internal_value=0 0.0100449 -0.0100145 -0.0130118 -0.0057264 -0.00167957 0.0173814 0.00514719 -0.00435907 0 -0.01213 0.0238729 -0.00976385 0.0275914 -0.0266046 0.0180579 -0.0316571 0.0273261 -0.0290501
internal_weight=568.598 282.426 286.172 261.629 175.505 106.973 175.453 86.1057 60.3812 48.1738 35.4902 127.279 160.099 115.397 86.1236 24.5433 67.5215 25.7244 20.8674
internal_count=3333 1664 1669 1552 1004 528 1136 419 257 281 198 855 931 799 548 117 442 162 109
is_linear=0
shrinkage=0.05


Tree=115
num_leaves=1
num_cat=0
split_feature=
split_gain=
threshold=
decision_type=
left_child=
right_child=
leaf_value=0
leaf_weight=
leaf_count=3333
internal_value=
internal_weight=
internal_count=
is_linear=0
shrinkage=1


Tree=116
num_leaves=20
num_cat=0
split_feature=266 165 37 301 120 126 364 120 353 394 5 65 348 73 0 87 124 86 2
split_gain=21.9142 12.8157 11.3338 12.6982 11.2995 8.92409 8.70678 7.883 6.65172 6.21782 4.11559 3.71672 3.45261 3.35721 3.26958 1.63549 1.35525 1.30381 0.409731
threshold=-0.11056538008860674 -0.00044373858943705141 0.016083495864459885 0.038380927812914141 0.012533378363048466 0.001721188402613816 0.53267585483575208 0.010908567284262706 0.15537656133714459 0.0064279104432428688 -0.0087414149442401317 1.0000000180025095e-35 -0.19047521840674289 0.9273854179274148 0.0020985777005954873 -0.095456622076335415 -9.4999999999999982 2483.6397630850065 0.0055627204246240193
decision_type=2 2 2 2 2 2 2 2 2 2 2 2 2 2 2 2 2 2 2
left_child=5 7 11 4 -4 6 10 14 9 -8 -1 -3 -10 -9 15 -2 -16 -12 -5
right_child=1 2 3 18 -6 -7 8 13 12 -11 17 -13 -14 -15 16 -17 -18 -19 -20
leaf_value=0 -0.0071623694708944563 0.037011243935530916 0.0045686073097762313 -0.032426824085805717 -0.037260276408800919 -0.018101755385332145 -0.028751062006204253 0.023029568611899351 -0.0035497526237173709 0.010615394157675886 0.030758861769040059 0 0.02573316833967771 -0.011781125006320064 0.0019014607248348061 -0.036946812282929481 -0.017491425660283971 0.0035740279380442937 -0.0075682064132008469
leaf_weight=12.452692151069639 11.567874222993849 20.240375332534317 171.3907682299614 33.181038893759251 14.753116466104983 16.842131935060024 20.876805253326893 10.270858876407148 10.195077732205389 12.833156675100325 86.835880883038044 10.250300347805021 26.261981479823589 10.005819238722323 11.215463027358057 56.798728674650192 12.543588049709795 10.02070766687393 10.131250873208044
leaf_count=64 78 98 654 349 59 82 90 48 53 81 651 59 195 51 61 410 79 63 108
internal_value=-0.000192573 -0.00739214 -0.00102101 -0.00510797 0.000450646 0.0131174 0.0165705 -0.0212835 0.00188276 -0.0127597 0.0252514 0.0259448 0.0166298 0.00439921 -0.0274223 -0.0331207 -0.00728162 0.0286389 -0.0285586
internal_weight=568.668 372.349 259.947 229.456 186.144 196.318 179.476 112.402 70.167 33.71 109.309 30.4907 36.4571 20.2767 92.1257 68.3666 23.7591 96.8566 43.3123
internal_count=3333 2054 1327 1170 713 1279 1197 727 419 171 778 157 248 99 628 488 140 714 457
is_linear=0
shrinkage=0.05


Tree=117
num_leaves=15
num_cat=0
split_feature=286 286 381 163 112 364 297 105 86 244 412 86 224 80
split_gain=21.3071 11.804 12.4269 9.96018 9.41196 6.11666 5.38192 5.12216 3.33003 3.94815 2.56436 2.48962 1.54778 1.10965
threshold=-0.43958047509320303 -0.92818965654079866 11.726461352729901 0.0093896212506001091 8.5000000000000018 0.55326843987561092 -0.33707029420724449 0.040422038503048506 -20312.240575699871 0.59090909090909094 0.55000000000000016 2366.2704835700692 -2.2672297604663778 0.77544881591475467
decision_type=2 2 2 2 2 2 2 2 2 2 2 2 2 2
left_child=1 -1 5 4 -4 12 8 -5 13 -10 -11 -8 -3 -2
right_child=6 2 3 7 -6 -7 11 -9 9 10 -12 -13 -14 -15
leaf_value=-0.027977749622009558 -0.019329889346535192 -0.0050631529639384026 0.019587884723358883 0 -0.0052564625986953259 0.0066227692785357731 0.030605833147391799 0.040796392460287177 -0.0070164014652425158 0.032769687823914997 0 0.0014396695924428669 -0.036012215938432721 0
leaf_weight=48.977209843695164 10.069494850933554 10.188310883939264 41.664203070104122 10.240580186247827 247.30926790833473 10.09446646273136 59.03819040581584 19.750051870942116 12.116868719458578 18.781459137797356 11.803482607007028 12.822732865810393 36.034853979945183 10.047888964414595
leaf_count=504 36 68 195 58 1098 48 729 77 44 78 46 125 191 36
internal_value=0 -0.00555079 -0.00229305 0.00145471 -0.0013387 -0.0233621 0.0170669 0.0275602 0.00498734 0.0131084 0.0224846 0.0263356 -0.0309307 -0.00955196
internal_weight=558.939 424.259 375.282 318.964 288.973 56.3176 134.68 29.9906 62.8192 42.7018 30.5849 71.8609 46.2232 20.1174
internal_count=3333 2239 1735 1428 1293 307 1094 135 240 168 124 854 259 72
is_linear=0
shrinkage=0.05


Tree=118
num_leaves=1
num_cat=0
split_feature=
split_gain=
threshold=
decision_type=
left_child=
right_child=
leaf_value=0
leaf_weight=
leaf_count=3333
internal_value=
internal_weight=
internal_count=
is_linear=0
shrinkage=1


Tree=119
num_leaves=14
num_cat=0
split_feature=272 272 381 130 28 66 55 227 84 64 29 74 284
split_gain=19.9829 12.9495 11.2616 8.38814 17.1677 16.6835 7.98855 5.43173 7.53223 11.9336 4.48004 2.85965 2.57888
threshold=-1.6747305582746188 -1.2144320882523838 11.726461352729901 -9.4999999999999982 0.03908901829222574 0.40124170280856769 0.031967576937154248 0.83562426875906548 1.0000000180025095e-35 0.36794112236341953 0.14870605577716992 -0.16777724873942293 -0.11677248904405381
decision_type=2 2 2 2 2 2 2 2 2 2 2 2 2
left_child=7 2 6 4 -4 -5 11 10 9 -9 -1 -2 -3
right_child=1 12 3 5 -6 -7 -8 8 -10 -11 -12 -13 -14
leaf_value=0.032306597213743668 0.0064557494250848269 0 -0.013853837035852813 0.0011279179257879359 0.031884370188740324 -0.02459429115265405 -0.015895640906795017 -0.032255075736816546 0.028494297035263301 0.024363186012465895 0 0.037072618870579367 -0.03055761005989939
leaf_weight=56.407538920640945 18.038988813757896 10.585756883025168 37.383786700665951 141.04793626815081 37.434426695108414 105.8119118437171 10.002315938472746 20.451927185058594 16.693815045058727 11.837294459342955 14.524716287851332 28.14038423448801 50.655117511749268
leaf_count=545 79 112 137 580 153 442 44 107 157 107 77 125 668
internal_value=-0.000214742 -0.00525888 -0.00157623 -0.00534043 0.00873518 -0.00986024 0.0183097 0.0175264 0.00319723 -0.00977522 0.026214 0.0272528 -0.026068
internal_weight=559.016 439.101 377.86 321.678 74.8182 246.86 56.1817 119.915 48.983 32.2892 70.9323 46.1794 61.2409
internal_count=3333 2340 1560 1312 290 1022 248 993 371 214 622 204 780
is_linear=0
shrinkage=0.05


Tree=120
num_leaves=17
num_cat=0
split_feature=266 165 103 292 126 381 126 286 220 320 216 112 167 67 83 29
split_gain=19.6103 9.29838 9.48424 9.11987 9.13095 12.6023 7.42551 7.31029 5.59969 7.17209 4.61014 3.96928 3.741 2.44194 1.7356 1.70414
threshold=0.081472419126012094 0.0001699262924255283 0.096553081055095566 0.27567456887310909 -0.0063472843331680009 11.726461352729901 -0.01123689806773903 -0.30664180285075748 8.4961796722975578 -0.0065488552547789671 3.0434957785534382 10.500000000000002 -0.11147678002402632 -0.023624163818855622 -0.038101731428253037 -0.15792641409050964
decision_type=2 2 2 2 2 2 2 2 2 2 2 2 2 2 2 2
left_child=1 3 -3 -1 6 -6 -5 8 9 13 -11 -4 14 -2 -10 -13
right_child=7 2 11 4 5 -7 -8 -9 12 10 -12 15 -14 -15 -16 -17
leaf_value=-0.028907112362619353 0 0.011605737244534989 0 0.0031251911522521287 -0.018709725193365275 0.014111248669149146 -0.035531250058343039 0.0293537307187909 0.0028346176271931908 -0.025101056712155886 0 -0.0041350285254528919 -2.8268969133207622e-05 0.028142267139476457 0.034334762002487342 -0.03400814895628694
leaf_weight=24.489752657711506 10.005328822880985 16.128903701901436 12.741195522248743 18.628085874021053 33.34626991301775 134.01643069088459 23.306816816329956 44.730358928442001 10.142959814518688 22.444040767848492 65.426249992102385 10.362744346261023 12.510779473930596 21.658304762095213 26.185191057622433 63.564380809664726
leaf_count=247 76 66 89 76 202 553 122 574 55 88 269 75 51 173 131 486
internal_value=0 -0.00754945 -0.0198999 -0.00172445 0.0015842 0.00706401 -0.0181846 0.0117176 0.00630872 0 -0.00704182 -0.0265128 0.0200406 0.0196792 0.0276983 -0.0307952
internal_weight=549.688 336.585 102.797 233.787 209.298 167.363 41.9349 213.103 168.373 119.534 87.8703 86.6683 48.8389 31.6636 36.3282 73.9271
internal_count=3333 1916 716 1200 953 755 198 1417 843 606 357 650 237 249 186 561
is_linear=0
shrinkage=0.05


Tree=121
num_leaves=1
num_cat=0
split_feature=
split_gain=
threshold=
decision_type=
left_child=
right_child=
leaf_value=0
leaf_weight=
leaf_count=3333
internal_value=
internal_weight=
internal_count=
is_linear=0
shrinkage=1


Tree=122
num_leaves=12
num_cat=0
split_feature=268 268 385 126 7 66 33 348 230 372 167
split_gain=18.428 12.0226 9.91917 10.9809 12.0335 10.0439 5.33433 6.06122 3.11186 2.71374 0.0118277
threshold=-0.67534442289104746 -0.21499549516061373 5.5000000000000009 -0.001557696012491727 -0.0009906269538205168 0.35559361662861327 0.0051490533102563274 -0.18800659967457775 12.500000000000002 0.039435952616376675 -0.79137621069782049
decision_type=2 2 2 2 2 2 2 2 2 2 2
left_child=6 2 3 4 -2 -5 -1 -8 -9 -3 -10
right_child=1 9 -4 5 -6 -7 7 8 10 -11 -12
leaf_value=-0.010399713997929836 0.029779400716473066 -0.030985324848118702 0.035563421238593622 0.0010516775592027889 -0.0013449234461248259 -0.020534474878583231 -0.0042042458295167137 0.0015601405413325805 0.014511988017463191 -0.00038910816619474865 0.033420140982573864
leaf_weight=11.57372512668371 37.988466762006283 46.068196535110474 13.996474392712114 90.337084859609604 116.40756542235613 115.98436208814383 16.16986420750618 15.567343011498449 18.063050284981728 12.556245490908621 55.04590317606926
leaf_count=70 156 651 59 392 446 508 89 123 123 130 586
internal_value=-0.000207537 -0.00505822 -0.00153727 -0.00339578 0.00641705 -0.0109646 0.0171025 0.0208069 0.0259013 -0.0255815 0.0301616
internal_weight=549.758 433.338 374.714 360.717 154.396 206.321 116.42 104.846 88.6763 58.6244 73.109
internal_count=3333 2342 1561 1502 602 900 991 921 832 781 709
is_linear=0
shrinkage=0.05


Tree=123
num_leaves=14
num_cat=0
split_feature=309 286 379 111 21 28 394 387 219 244 63 401 146
split_gain=18.0999 9.80591 9.50907 11.5953 9.25238 8.95459 10.0949 7.54358 3.90496 3.58098 5.65043 3.42375 1.01959
threshold=0.39920249682809711 -0.92818965654079866 0.15849988244562543 35.500000000000007 0.38960614500384233 0.020078211953241661 -0.0043897844684569467 -0.12364639935641485 1.3708763157418902 0.48181818181818187 -0.0031619953016205344 1.0000000180025095e-35 0.0078141358991072486
decision_type=2 2 2 2 2 2 2 2 2 2 2 2 2
left_child=1 -1 3 7 -5 6 -2 -3 -7 10 -10 -8 -11
right_child=5 2 -4 4 -6 8 11 -9 9 12 -12 -13 -14
leaf_value=-0.027149872771298735 0.025863321526698343 -0.012178416139622041 0.028839824728989508 -0.018213371216923423 0.018965761122712997 0 -0.0017475860583271185 0.01158404289812166 0.025846093072153339 0.033299170391521395 -0.0093035309675396863 -0.044707808649934663 0.0060923360018516476
leaf_weight=45.368343319743872 10.519135795533655 42.814147867262363 18.888646624982357 149.29700626060367 15.057750478386877 17.750147443264723 11.47695906460285 111.10016790777445 19.563962750136852 59.908048748970032 18.156737186014652 10.442509151995184 10.256444938480852
leaf_count=504 91 185 76 769 64 116 66 463 182 563 128 37 89
internal_value=0 -0.00596456 -0.00275255 -0.00503492 -0.0142294 0.0139919 -0.00780604 0.00454896 0.0200596 0.0235551 0.00826012 -0.0271388 0.0304184
internal_weight=540.6 382.526 337.158 318.269 164.355 158.074 32.4386 153.914 125.635 107.885 37.7207 21.9195 70.1645
internal_count=3333 2061 1557 1481 833 1272 194 648 1078 962 310 103 652
is_linear=0
shrinkage=0.05


Tree=124
num_leaves=1
num_cat=0
split_feature=
split_gain=
threshold=
decision_type=
left_child=
right_child=
leaf_value=0
leaf_weight=
leaf_count=3333
internal_value=
internal_weight=
internal_count=
is_linear=0
shrinkage=1


Tree=125
num_leaves=19
num_cat=0
split_feature=266 167 216 78 165 238 353 162 167 34 365 225 377 401 31 220 25 110
split_gain=17.0715 11.636 11.3633 11.0192 7.85651 7.88695 8.19967 7.4557 10.5568 6.67276 6.35202 5.14422 3.60961 2.91245 1.94918 0.317869 0.28261 0.111326
threshold=-0.11056538008860674 -0.76654710242652035 2.5423149386632358 0.93826243870964687 -0.0020840720551956833 0.80769230769230782 0.15537656133714459 0.46435387618676832 -0.24691640341759521 0.020544708510122672 0.22178029667301366 -2.6564651879677501 -1.0000000180025095e-35 -1.0000000180025095e-35 0.0035558050310259526 9.3909171280880113 0.018302601235682794 21.500000000000004
decision_type=2 2 2 2 2 2 2 2 2 2 2 2 2 2 2 2 2 2
left_child=4 13 3 17 10 6 12 9 -9 -4 -1 -12 -6 -2 -7 -16 -15 -3
right_child=1 2 7 -5 5 14 -8 8 -10 -11 11 -13 -14 16 15 -17 -18 -19
leaf_value=0.017517770256021314 0 0.014805873694353468 0.029036395135588013 -0.0074384440950077263 0.0016602579821059144 0.0043630353186827489 0.022782883220930764 -0.021098128979399274 0.0018610999287320042 -0.0034646359990860662 0.0071873920688820762 -0.028901476771427143 -0.030841104818527615 -0.010458880042666187 0.033005186432815387 0.0086974869424630806 -0.036147170357908674 0.046559762764761869
leaf_weight=18.222390055656433 10.495379313826559 10.027849365025761 20.872370604425669 18.401971042156219 10.797649286687376 14.060990713536738 21.409059375524521 114.97724185138941 79.740825559943914 38.920687537640333 11.164447307586668 23.535168945789337 14.701635502278803 10.632816456258295 61.007913749665022 10.121018767356871 35.070279020816088 16.517104081809521
leaf_count=85 79 49 94 110 66 93 161 650 413 223 48 102 64 89 569 91 282 65
internal_value=-0.00019116 -0.00667722 -0.00246242 0.0196551 0.0119184 0.0183883 0.000662783 -0.00674605 -0.0115574 0.00792966 -0.00345716 -0.0163158 -0.016598 -0.0270285 0.027227 0.0307129 -0.0322098 0.0389779
internal_weight=540.677 355.657 299.458 44.9469 185.02 132.098 46.9083 254.511 194.718 59.7931 52.922 34.6996 25.4993 56.1985 85.1899 71.1289 45.7031 26.545
internal_count=3333 2054 1604 224 1279 1044 291 1380 1063 317 235 150 130 450 753 660 371 114
is_linear=0
shrinkage=0.05


Tree=126
num_leaves=9
num_cat=0
split_feature=286 286 390 372 11 119 355 301
split_gain=17.074 11.117 10.3471 12.4182 14.9254 11.8379 3.3978 2.94728
threshold=-0.35583580977038171 -0.92818965654079866 0.0044052425466940557 -0.0029314083486354776 0.0010805362643839802 -0.17455771583318427 -0.067729008846226665 0.021736701769711743
decision_type=2 2 2 2 2 2 2 2
left_child=1 -1 3 5 -5 -3 -4 -2
right_child=7 2 6 4 -6 -7 -8 -9
leaf_value=-0.02673075029401998 0.0022085107585860654 -0.016584484820787278 0 -0.024136202144504227 0.0049426706388531689 0.010985869416955285 0.038096745805598006 0.02928023506959912
leaf_weight=43.68950792402029 18.346168205142021 46.380982577800751 10.786054335534574 109.94900894165039 66.930533308535814 169.60565302148461 18.153543397784233 48.407817106693983
leaf_count=504 79 210 54 565 330 820 81 690
internal_value=-1.25788e-05 -0.00354136 -0.000849949 -0.00316585 -0.012956 0.00469099 0.0263681 0.0229718
internal_weight=532.249 465.495 421.806 392.866 176.88 215.987 28.9396 66.754
internal_count=3333 2564 2060 1925 895 1030 135 769
is_linear=0
shrinkage=0.05


Tree=127
num_leaves=1
num_cat=0
split_feature=
split_gain=
threshold=
decision_type=
left_child=
right_child=
leaf_value=0
leaf_weight=
leaf_count=3333
internal_value=
internal_weight=
internal_count=
is_linear=0
shrinkage=1


Tree=128
num_leaves=16
num_cat=0
split_feature=270 167 216 78 126 364 120 124 353 394 5 226 401 86 25
split_gain=15.7531 10.977 10.6772 10.382 7.37007 8.13898 7.14196 10.2828 5.81808 5.16395 3.5303 2.85737 2.84943 0.953246 0.263848
threshold=-1.1105653800886064 -0.76654710242652035 2.5423149386632358 0.93826243870964687 0.001721188402613816 0.53267585483575208 0.012505619083082344 19.500000000000004 0.15537656133714459 0.0064279104432428688 -0.0087414149442401317 1.026799961559419 -1.0000000180025095e-35 2136.0040690001251 0.018302601235682794
decision_type=2 2 2 2 2 2 2 2 2 2 2 2 2 2 2
left_child=4 12 3 -3 5 10 7 -4 9 -7 -1 -10 -2 -12 -14
right_child=1 2 6 -5 -6 8 -8 -9 11 -11 13 -13 14 -15 -16
leaf_value=0 0 0.038032376936528049 -0.0076011243267627149 -0.007194454118694839 -0.01727254931796695 -0.027718177679386436 -0.032665493922636353 0.023726429466472583 0 0.0086817720518302128 0.029321763637786099 0.027109800545378024 -0.010170315128705393 0.0043295919576754839 -0.035742371469517004
leaf_weight=11.920154191553591 10.381408564746378 26.270203001797199 204.3287348151207 18.186467923223972 15.964949481189249 20.479989215731621 21.193577736616135 26.552782073616982 15.6123647429049 11.96163324639201 76.993762899190187 18.014768198132515 10.473036374896763 10.311436139047144 33.681328203529119
leaf_count=64 79 114 1141 110 82 90 136 103 88 81 643 160 89 71 282
internal_value=-0.000179695 -0.00644006 -0.00235118 0.019192 0.0115816 0.0149238 -0.00652766 -0.00352636 0.000441257 -0.0132875 0.0237819 0.0150546 -0.0265219 0.0271656 -0.0317702
internal_weight=532.327 351.068 296.532 44.4567 181.259 165.294 252.075 230.882 66.0688 32.4416 99.2254 33.6271 54.5358 87.3052 44.1544
internal_count=3333 2054 1604 224 1279 1197 1380 1244 419 171 778 248 450 714 371
is_linear=0
shrinkage=0.05


Tree=129
num_leaves=9
num_cat=0
split_feature=286 286 390 207 37 10 355 301
split_gain=15.9766 10.4353 9.66614 10.6512 8.22785 7.03073 3.20417 2.91973
threshold=-0.35583580977038171 -0.92818965654079866 0.0044052425466940557 1.1392096540285133 0.046513182340042321 -0.015049761536907022 -0.067729008846226665 0.021736701769711743
decision_type=2 2 2 2 2 2 2 2
left_child=1 -1 3 5 -5 -3 -4 -2
right_child=7 2 6 4 -6 -7 -8 -9
leaf_value=-0.026303862756568694 0.0019595109173057459 0.0034875565291356755 0 -0.003251704027777573 0.015417283000854818 -0.021751442755319515 0.037207367401263236 0.029002083047170991
leaf_weight=42.105888485908508 18.259317278862 33.124050818383694 10.717096172273161 180.25248289480805 82.560390561819077 93.706368904560804 17.778807945549488 46.642060358077288
leaf_count=504 79 158 54 915 373 479 81 690
internal_value=-1.59997e-06 -0.00341553 -0.000821028 -0.00306714 0.00253271 -0.0148464 0.0256708 0.022553
internal_weight=525.146 460.245 418.139 389.643 262.813 126.83 28.4959 64.9014
internal_count=3333 2564 2060 1925 1288 637 135 769
is_linear=0
shrinkage=0.05


Tree=130
num_leaves=1
num_cat=0
split_feature=
split_gain=
threshold=
decision_type=
left_child=
right_child=
leaf_value=0
leaf_weight=
leaf_count=3333
internal_value=
internal_weight=
internal_count=
is_linear=0
shrinkage=1


Tree=131
num_leaves=12
num_cat=0
split_feature=268 266 167 25 399 126 64 84 227 246 8
split_gain=14.6943 10.7161 9.88527 12.8009 10.1074 9.37409 5.51859 5.5238 9.02697 5.40214 4.22826
threshold=-0.7078884259406667 0.31189312633231542 -0.17318514541247845 0.016877205922098411 -0.20359847811242004 -1.0000000180025095e-35 0.3641421367716417 1.0000000180025095e-35 0.83562426875906548 0.24157303370786518 0.031229101328831017
decision_type=2 2 2 2 2 2 2 2 2 2 2
left_child=6 2 3 5 -5 -2 7 8 -1 -4 -11
right_child=1 -3 9 4 -6 -7 -8 -9 -10 10 -12
leaf_value=0.01580446007852284 0.029039307859433851 -0.028262847669900039 -0.010083755133227911 0.019036287196986683 -0.014299955757553674 -0.0024022689511245116 0.0311576491071416 0.027605541821456983 -0.030134628950245421 0.030985807727424902 0
leaf_weight=19.398883309215307 37.020886562764645 38.946216005831957 11.419504545629023 21.461115434765816 223.20288208127022 50.880165211856365 39.825302120298147 15.762976497411726 16.704739235341549 38.350154399871826 12.253641210496424
leaf_count=200 158 572 51 95 1067 257 425 180 95 175 58
internal_value=-0.000198994 -0.00416375 -0.00146408 -0.00502525 -0.0109788 0.0108111 0.017557 0.00506992 -0.00485358 0.0162126 0.0233118
internal_weight=525.226 433.535 394.588 332.565 244.664 87.9011 91.6919 51.8666 36.1036 62.0233 50.6038
internal_count=3333 2433 1861 1577 1162 415 900 475 295 284 233
is_linear=0
shrinkage=0.05


Tree=132
num_leaves=17
num_cat=0
split_feature=266 370 286 103 246 266 21 287 386 220 10 165 213 167 74 83
split_gain=15.1436 8.50233 8.81232 8.27635 6.25239 6.2148 7.67563 6.11086 6.01446 5.06326 7.3124 6.8788 4.34823 3.91694 3.91199 1.43377
threshold=0.081472419126012094 0.38906657537435679 -0.92818965654079866 0.096553081055095566 0.32022471910112366 -0.0486600647145762 0.19380347601288742 1.0000000180025095e-35 0.018975813916134902 8.4961796722975578 0.0037524829286319167 0.0002280301890154961 6.1162284219066647 -0.11147678002402632 0.053447232567352614 -0.038101731428253037
decision_type=2 2 2 2 2 2 2 2 2 2 2 2 2 2 2 2
left_child=1 2 -1 -3 12 -5 -7 9 -6 10 11 -2 -4 15 -12 -11
right_child=7 3 4 5 8 6 -8 -9 -10 13 14 -13 -14 -15 -16 -17
leaf_value=-0.026423196129323936 0.02995216790691195 0.011285993261196043 -0.026099468695716728 -0.030987205866405187 0.019686386314328279 -0.021722860383474329 0.014025782693813178 0.028760491221656345 -0.0016426082785972304 0.0037253393805507587 -0.028206789559417696 -0.00057828525622932378 0.0077970778555407436 -0.0011711462935315589 0 0.033534148324919029
leaf_weight=23.089682705700397 23.957245349884033 19.706569708883762 20.823835216462616 67.059967406094074 69.606543496251106 32.545796394348145 21.753208793699741 36.045448787510395 52.582343157380819 10.428960118442772 23.465409573167562 48.618629187345505 10.858963649719952 12.946820475161074 19.847400315105915 25.033242750912905
leaf_count=248 201 80 102 670 306 153 82 549 213 63 102 221 62 54 95 132
internal_value=-1.03816e-05 -0.00686769 0.000194251 -0.0158933 0.00493608 -0.0208745 -0.00654415 0.0105698 0.0102889 0.0058359 0 0.00962712 -0.0133706 0.0188959 -0.015604 0.0270421
internal_weight=518.37 318.027 176.961 141.066 153.872 121.359 54.299 200.343 122.189 164.298 115.889 72.5759 31.6828 48.409 43.3128 35.4622
internal_count=3333 1916 931 985 683 905 235 1417 519 868 619 422 164 249 197 195
is_linear=0
shrinkage=0.05


Tree=133
num_leaves=1
num_cat=0
split_feature=
split_gain=
threshold=
decision_type=
left_child=
right_child=
leaf_value=0
leaf_weight=
leaf_count=3333
internal_value=
internal_weight=
internal_count=
is_linear=0
shrinkage=1


Tree=134
num_leaves=20
num_cat=0
split_feature=266 10 11 113 390 119 119 110 246 40 265 73 231 26 119 80 62 231 19
split_gain=13.6801 9.93413 11.2744 12.849 14.324 9.23864 10.1882 8.82683 8.09811 6.7262 5.76965 6.55105 5.66331 4.20107 3.85907 3.3275 2.35299 1.85003 0.499033
threshold=-0.086840092532080512 -0.0097214566061232365 0.0010913908006188191 72.500000000000014 -0.019189684198835873 -0.19388249834595433 0.011600507352707784 45.500000000000007 0.32022471910112366 -0.0014529569113650288 0.12062128222075348 1.1507865173448406 80.500000000000014 0.62643317660798792 -0.062619772780138208 0.99617787833532689 0.49945271859983348 99.500000000000014 0.49487362566059834
decision_type=2 2 2 2 2 2 2 2 2 2 2 2 2 2 2 2 2 2 2
left_child=8 5 3 4 -3 -2 17 -4 13 10 11 -10 -5 18 -11 -12 -9 -7 -1
right_child=1 2 7 12 -6 6 -8 16 9 14 15 -13 -14 -15 -16 -17 -18 -19 -20
leaf_value=0.034131364108357487 0.011994529829646567 -0.015878750354223831 0.014646594065640367 -0.025484249499377262 0.027048100788236412 -0.034531858558616471 0.011169131264149052 -0.034442325920231324 0.015643287789535217 -0.00076493910621604298 -0.0280875485216565 -0.017850571297324133 0.0045241988916192915 -5.6522912468839592e-06 0.030890973187850074 0 -0.0016885389169089982 -0.0037207564122774769 0.0081061049366571315
leaf_weight=40.196494802832603 16.867851339280605 21.584828015416861 11.910932406783102 30.482489358633757 80.285793546587229 69.986460797488689 13.284672137349842 35.410685088485479 44.64058605954051 10.082180790603159 25.344994202256203 17.219285488128662 23.744922127574682 10.095052015036343 24.327976454049349 12.266084205359219 10.650888118892906 10.063630066812037 10.000728882849215
leaf_count=390 108 138 65 186 375 549 67 212 251 76 118 80 137 57 248 65 61 65 85
internal_value=-0.000198135 -0.00655817 0 0.0067887 0.0172817 -0.01854 -0.024779 -0.0184937 0.0101078 0.00265435 -0.00361908 0.00515464 -0.0119222 0.0249583 0.0209617 -0.0185954 -0.0284541 -0.0315348 0.0306358
internal_weight=518.447 324.273 214.071 156.098 101.871 110.203 93.3348 57.9725 194.173 133.881 99.4709 61.8599 54.2274 60.2923 34.4102 37.6111 46.0616 80.0501 50.1972
internal_count=3333 1963 1174 836 513 789 681 338 1370 838 514 331 323 532 324 183 273 614 475
is_linear=0
shrinkage=0.05


Tree=135
num_leaves=10
num_cat=0
split_feature=286 286 390 372 364 86 301 143 216
split_gain=13.8784 9.07846 8.88573 10.7099 14.7345 6.82325 2.80125 2.27897 0.0157085
threshold=-0.35583580977038171 -0.92818965654079866 0.0044052425466940557 -0.0029314083486354776 0.55816294546346867 -653.67332910999914 0.021736701769711743 -0.0026299163609257987 5.7097518168725339
decision_type=2 2 2 2 2 2 2 2 2
left_child=1 8 3 5 -5 -3 -2 -4 -1
right_child=6 2 7 4 -6 -7 -8 -9 -10
leaf_value=-0.029016858382610252 0.0015122121341552045 0.0089491340908666138 0 -0.023656501673878057 0.0056864935778035038 -0.012889132196945674 0.028378116232884054 0.03458183796221969 -0.0082348648009488747
leaf_weight=28.059432405978441 17.942967623472214 170.11461562663317 10.062228068709375 105.51556371897459 65.205054275691509 40.804761525243521 42.979544047266245 17.710118547081947 10.943904086947439
leaf_count=359 79 820 51 603 292 210 690 84 145
internal_value=-1.59575e-05 -0.00320028 -0.00079674 -0.00297585 -0.0122568 0.00436903 0.0216901 0.0248939 -0.0253807
internal_weight=509.338 448.416 409.412 381.64 170.721 210.919 60.9225 27.7723 39.0033
internal_count=3333 2564 2060 1925 895 1030 769 135 504
is_linear=0
shrinkage=0.05


Tree=136
num_leaves=1
num_cat=0
split_feature=
split_gain=
threshold=
decision_type=
left_child=
right_child=
leaf_value=0
leaf_weight=
leaf_count=3333
internal_value=
internal_weight=
internal_count=
is_linear=0
shrinkage=1


Tree=137
num_leaves=12
num_cat=0
split_feature=268 274 167 25 216 383 260 72 38 266 57
split_gain=12.5681 9.27893 7.6367 9.53894 10.6558 8.47555 6.8718 4.05272 2.80066 2.40461 1.50215
threshold=-0.21499549516061373 0.23272648671899837 -0.17610373673562554 0.016877205922098411 4.9964908049769683 2.5000000000000004 0.17272727272727276 0.0033227247723891661 0.93892988937407484 0.26922017914127705 -0.82535282452174907
decision_type=2 2 2 2 2 2 2 2 2 2 2
left_child=1 7 3 5 -5 -3 -4 -1 -8 -2 -9
right_child=9 2 6 4 -6 -7 8 10 -10 -11 -12
leaf_value=-0.0045797942512543497 0 0.020954309897034586 -0.012982112312577813 -0.0032043514674660514 -0.029243411272060316 -0.010164335225285917 0.028537292205426043 0.0043698229172308787 0 -0.028830451756627781 0.029715165822015461
leaf_weight=10.325796797871588 10.047154448926447 57.959472693502903 13.454693812876938 193.75954054296017 48.671451434493065 29.401019036769867 41.144506700336933 13.811304502189158 10.74679823219776 39.062497638165951 41.029478866606951
leaf_count=100 121 272 62 857 223 131 196 118 52 660 541
internal_value=-0.000203028 0.0023186 -0.000493693 -0.0037366 -0.00892934 0.00993829 0.0145868 0.0193757 0.0229648 -0.0235705 0.0247543
internal_weight=509.414 460.304 395.137 329.791 242.431 87.3605 65.346 65.1666 51.8913 49.1097 54.8408
internal_count=3333 2552 1793 1483 1080 403 310 759 248 781 659
is_linear=0
shrinkage=0.05


Tree=138
num_leaves=21
num_cat=0
split_feature=266 207 246 266 191 167 284 207 74 162 162 66 191 120 191 270 41 30 266 46
split_gain=12.9791 8.9737 7.54113 7.26626 6.68221 6.31264 5.52129 5.49791 4.43399 4.15735 3.65348 3.58948 2.61409 2.54666 3.49964 2.51551 3.42616 2.23573 0.681089 0.339484
threshold=0.081472419126012094 1.6225430233344607 0.30898876404494385 -0.28594590537763975 0.97327024407178764 -0.30275789033226269 -0.063731942674471312 1.1527009186218697 -0.46496793536701114 1.1041462414890126 0.4668811514755678 0.35910104628065026 0.86695467993536568 0.0099154463187767234 0.64144128619877527 -0.97665800295815575 0.0036563600436636139 0.016620480948785144 -0.34291971732233889 0.40873309082638798
decision_type=2 2 2 2 2 2 2 2 2 2 2 2 2 2 2 2 2 2 2 2
left_child=1 8 4 18 19 -5 7 10 9 -1 12 -12 -2 14 -9 17 -17 -10 -4 -3
right_child=6 2 3 5 -6 -7 -8 13 15 -11 11 -13 -14 -15 -16 16 -18 -19 -20 -21
leaf_value=-0.019496591437023199 -0.034543769912617005 -0.03193784821811807 -0.023952514925217411 0.015108789352037022 0.0070660434657041403 -0.01693356881791756 0.02808797015405546 -0.0012351240060449915 -0.034613699951434193 0.017765230168743287 0.018349593206871136 -0.0044858268889672809 0 0 0.026543022139409719 -0.022438013492338225 0.011881417891294391 -0.0065893816543980566 -0.0015343868089430376 -0.0074478069975924283
leaf_weight=10.752874482423069 10.137609206140043 26.360549487173557 13.871255163103344 110.17843358591199 17.059181984513998 13.837222900241612 32.954308081418276 10.205706208944319 44.551917258650064 13.367582730948923 22.228666666895151 46.323142778128386 10.046637788414953 17.555268056690693 44.178418140858412 11.454764619469644 10.144225686788557 15.956553179770706 11.445425800979136 10.154361274093388
leaf_count=110 40 175 159 470 109 70 547 67 420 74 105 196 40 89 333 48 38 95 75 73
internal_value=-8.8967e-06 -0.00644507 0 0.00557072 -0.0158013 0.0108245 0.00995388 0.00548247 -0.0180026 0 -0.00238388 0.00267891 -0.019857 0.0155597 0.0206668 -0.0233707 -0.00480362 -0.0286711 -0.0168196 -0.0274753
internal_weight=502.764 309.134 202.906 149.332 53.5741 124.016 193.63 160.675 106.228 24.1205 88.7361 68.5518 20.1842 71.9394 54.3841 82.1075 21.599 60.5085 25.3167 36.5149
internal_count=3333 1916 1131 774 357 540 1417 870 785 184 381 301 80 489 400 601 86 515 234 248
is_linear=0
shrinkage=0.05


Tree=139
num_leaves=1
num_cat=0
split_feature=
split_gain=
threshold=
decision_type=
left_child=
right_child=
leaf_value=0
leaf_weight=
leaf_count=3333
internal_value=
internal_weight=
internal_count=
is_linear=0
shrinkage=1


Tree=140
num_leaves=17
num_cat=0
split_feature=286 381 104 167 34 113 124 117 394 64 258 52 348 265 113 0
split_gain=11.7584 10.3068 8.31735 8.86438 10.3852 4.8149 4.00177 4.35373 5.82087 3.40999 3.34554 2.98219 1.54065 1.0655 0.657224 0.239906
threshold=-0.43958047509320303 11.726461352729901 -0.17685134077910389 -0.18106607833469526 0.031530399402536394 4.5000000000000009 -34.499999999999993 -0.47800833623927907 0.0027873590102569516 0.37666025929251057 1.3088235294117649 0.016787267254670949 -0.071889948715659638 0.09039836567926457 76.500000000000014 0.0048923517337435907
decision_type=2 2 2 2 2 2 2 2 2 2 2 2 2 2 2 2
left_child=1 5 9 4 -4 10 -2 8 13 12 -1 15 -3 -8 -5 -9
right_child=6 2 3 14 -6 -7 7 11 -10 -11 -12 -13 -14 -15 -16 -17
leaf_value=0.019536185478190849 0.0080593579744148922 -0.0039530170299697685 0.0055192577593762664 0.031758051500423649 -0.01831834211552268 0.033270632016611269 -0.026009864860192206 -0.032193354781897644 0.02211915120226831 0.00072996778374450179 -0.015454157318699173 0 -0.035036836761388773 0 0.0060069298400169738 -0.0093428309121821075
leaf_weight=10.800306618213655 12.971080765128134 10.540093872696163 199.31623815745115 23.585640158504248 56.005241915583611 36.335767842829227 11.75910732150078 45.475205153226852 11.91836144775152 10.659352645277975 10.025375571101902 10.119120884686707 21.008324168622494 10.516536597162483 10.492032464593647 11.312131669372318
leaf_count=69 62 64 1095 179 286 277 143 544 83 62 56 62 87 108 64 92
internal_value=-0.000218568 0.00383752 0.000228274 0.00345798 0 0.022889 -0.0142133 -0.0177011 -0.00134925 -0.0195703 0.000768463 -0.0249263 -0.0273442 -0.017019 0.0263057 -0.029175
internal_weight=502.84 388.768 331.607 289.399 255.321 57.1615 114.072 101.1 34.194 42.2078 20.8257 66.9065 31.5484 22.2756 34.0777 56.7873
internal_count=3333 2239 1837 1624 1381 402 1094 1032 334 213 125 698 151 251 243 636
is_linear=0
shrinkage=0.05


Tree=141
num_leaves=10
num_cat=0
split_feature=286 286 390 372 353 119 355 301 216
split_gain=11.9648 8.16852 8.44583 9.64313 13.0815 10.5508 3.00369 2.61017 0.083634
threshold=-0.35583580977038171 -0.92818965654079866 0.0044052425466940557 -0.0029314083486354776 0.1355669544500592 -0.17455771583318427 -0.067729008846226665 0.021736701769711743 5.7097518168725339
decision_type=2 2 2 2 2 2 2 2 2
left_child=1 8 3 5 -5 -3 -4 -2 -1
right_child=7 2 6 4 -6 -7 -8 -9 -10
leaf_value=-0.028441569298406241 0.0012708492745060499 -0.01621131923067225 0 -0.023708405204106848 0.0037704188671852067 0.010223814444565152 0.035692433429991066 0.02767879530000851 -0.0072523038060107381
leaf_weight=26.27032558619976 17.713655076920986 45.000671368092299 10.314796417951586 95.445919927209616 71.166657358407974 162.72076119482517 17.172150187194347 39.33954744040966 10.46694467589259
leaf_count=359 79 210 54 555 340 820 81 690 145
internal_value=-5.1089e-05 -0.0029978 -0.000725123 -0.00288395 -0.0118173 0.00411037 0.0244258 0.0207854 -0.024666
internal_weight=495.611 438.558 401.821 374.334 166.613 207.721 27.4869 57.0532 36.7373
internal_count=3333 2564 2060 1925 895 1030 135 769 504
is_linear=0
shrinkage=0.05


Tree=142
num_leaves=1
num_cat=0
split_feature=
split_gain=
threshold=
decision_type=
left_child=
right_child=
leaf_value=0
leaf_weight=
leaf_count=3333
internal_value=
internal_weight=
internal_count=
is_linear=0
shrinkage=1


Tree=143
num_leaves=16
num_cat=0
split_feature=266 165 37 391 229 28 126 246 349 126 111 377 26 126 34
split_gain=11.0689 9.9355 8.73262 9.15448 9.96185 7.76814 6.48308 7.14635 6.16257 4.68747 5.76134 4.30706 2.74173 2.65699 0.164744
threshold=-0.11056538008860674 -0.00033580621961670825 0.016301697872000667 2.5000000000000004 -8.7329810746926277 0.019898723807020378 0.001721188402613816 0.33146067415730346 -23.499999999999996 -0.0042134160852986815 44.500000000000007 -0.22841882445270975 -0.04012527088316608 -0.011212763341358787 0.022391112745517066
decision_type=2 2 2 2 2 2 2 2 2 2 2 2 2 2 2
left_child=6 5 12 4 -4 -2 7 14 -7 13 -11 -10 -3 -9 -1
right_child=1 2 3 -5 -6 8 -8 9 11 10 -12 -13 -14 -15 -16
leaf_value=0.033329396676197075 0.01217721842876332 0.03905085265592545 -0.021758639393562873 -0.032219919680893536 0.0066489448674444925 0.0034656370331264288 -0.017408823020615843 0 0 -0.009572959578114007 0.0232179912785846 -0.034127082247664114 0.0018162740521398138 0.02829665905073217 0.011231768685783076
leaf_weight=34.171184841543436 14.113090332597492 14.327444486320021 36.147258374840021 21.1644840054214 141.54881154000759 13.734983809292315 15.198233738541601 10.758954267948864 12.035578951239584 56.247535783797503 14.023109693080185 64.046546667814255 11.586766067892311 23.321536634117365 13.279576711356638
leaf_count=343 84 71 244 131 756 102 82 73 74 315 132 515 77 192 142
internal_value=-0.000185454 -0.00559851 0.000148714 -0.00331552 0.000328209 -0.0181513 0.0100857 0.0134454 -0.0236952 0.00521313 -0.00166413 -0.0291762 0.0260476 0.0197292 0.0291718
internal_weight=495.705 328.705 224.775 198.861 177.696 103.93 167 151.802 89.8171 104.351 70.2706 76.0821 25.9142 34.0805 47.4508
internal_count=3333 2054 1279 1131 1000 775 1279 1197 691 712 447 589 148 265 485
is_linear=0
shrinkage=0.05


Tree=144
num_leaves=20
num_cat=0
split_feature=266 207 246 266 191 262 287 207 74 33 266 397 225 29 81 20 262 266 46
split_gain=11.2597 8.51367 6.75948 6.57774 6.3332 6.10665 5.15362 5.14096 4.1669 3.00875 3.09281 2.9745 3.69385 2.90458 2.72886 1.51176 0.855709 0.6542 0.0411289
threshold=0.081472419126012094 1.6225430233344607 0.30898876404494385 -0.28594590537763975 0.97327024407178764 0.28651685393258436 1.0000000180025095e-35 1.1527009186218697 -0.46496793536701114 0.041817334600044019 0.025533858868003221 -0.0063820803251713057 2.6750929331502582 -0.044805101812775742 0.4919875158325418 0.11567707523239938 0.37640449438202256 -0.34291971732233889 0.4059500205258873
decision_type=2 2 2 2 2 2 2 2 2 2 2 2 2 2 2 2 2 2 2
left_child=1 8 4 17 18 -5 7 11 13 10 -10 -2 -13 -1 16 -16 -9 -4 -3
right_child=6 2 3 5 -6 -7 -8 14 9 -11 -12 12 -14 -15 15 -17 -18 -19 -20
leaf_value=-0.016353618228080558 0.013923207634159537 -0.030914563910124288 -0.023319508773813932 0.02181984526357536 0.0072854910448571317 0 0.027514497933133122 0.0084911331348708468 -0.033349942053216348 0 -0.0035729793652745862 -0.017913051697093615 0.003372010649141494 0.01505483338077917 0 0.025526611806744055 -0.0093011940800566042 -0.0011840086701679193 -0.0086112923599034399
leaf_weight=10.485176056623461 16.675152331590652 24.546756103634834 13.174559950828554 57.897137209773064 16.647173967212439 64.471929259598255 30.655770484358072 10.837437454611065 49.32380598038435 13.797421898692845 16.154199175536633 37.68284958973527 32.892685674130917 13.126138638705013 10.680350344628094 38.313966810703278 10.195849720388649 11.293961945921181 10.51543754711747
leaf_count=100 89 172 159 255 109 285 549 63 456 79 66 153 138 84 86 280 59 75 76
internal_value=-7.29994e-05 -0.00614205 0 0.00545745 -0.0150768 0.0104638 0.00934304 0.0050405 -0.0175918 -0.0229106 -0.0272121 -0.00259037 -0.00758028 0 0.0149487 0.0210967 0 -0.0161679 -0.0267452
internal_weight=489.368 301.434 198.547 146.838 51.7094 122.369 187.934 157.278 102.887 79.2754 65.478 87.2507 70.5755 23.6113 70.0276 48.9943 21.0333 24.4685 35.0622
internal_count=3333 1916 1131 774 357 540 1417 868 785 601 522 380 291 184 488 366 122 234 248
is_linear=0
shrinkage=0.05


Tree=145
num_leaves=1
num_cat=0
split_feature=
split_gain=
threshold=
decision_type=
left_child=
right_child=
leaf_value=0
leaf_weight=
leaf_count=3333
internal_value=
internal_weight=
internal_count=
is_linear=0
shrinkage=1


Tree=146
num_leaves=8
num_cat=0
split_feature=286 286 390 111 126 264 143
split_gain=10.2798 8.07524 7.41227 11.1961 12.3314 9.25229 2.02585
threshold=-0.30664180285075748 -0.92818965654079866 0.0044052425466940557 35.500000000000007 0.00059127264019054337 83.500000000000014 -0.0026771925553653593
decision_type=2 2 2 2 2 2 2
left_child=1 -1 3 5 -5 -3 -4
right_child=-2 2 6 4 -6 -7 -8
leaf_value=0.023333211022291713 -0.02650355666593035 0 -5.1068566797558789e-06 0.015331448459133742 -0.018176269299014555 -0.024239878134468793 -0.032901906090064541
leaf_weight=36.505477301776409 31.702162005007267 144.61765074729919 10.082358274608852 168.04558762907982 28.826084930449724 51.713965371251106 17.96438867226243
leaf_count=504 574 730 57 960 158 252 98
internal_value=-0.000171769 0.00170403 -0.000204238 0.00152242 0.00997589 -0.00672603 -0.0238297
internal_weight=489.458 457.756 421.25 393.203 196.872 196.332 28.0467
internal_count=3333 2759 2255 2100 1118 982 155
is_linear=0
shrinkage=0.05


Tree=147
num_leaves=20
num_cat=0
split_feature=266 207 246 191 266 167 287 207 104 82 10 6 11 120 270 223 41 266 46
split_gain=10.5346 8.07722 6.29295 6.09744 6.04528 5.94591 4.79135 4.85046 4.45591 3.46153 3.16001 4.15928 3.94477 3.11181 3.03191 3.73363 2.29428 0.626897 0.0209937
threshold=0.081472419126012094 1.6225430233344607 0.30898876404494385 0.97327024407178764 -0.28594590537763975 -0.30275789033226269 1.0000000180025095e-35 1.1527009186218697 -0.18152510833825383 0.29962645065384513 -0.00094566141600990934 0.0039908711709839067 0.0013045195749598062 0.0099154463187767234 -0.97665800295815575 -3.6954696760569594 0.0033912766451876285 -0.34291971732233889 0.4059500205258873
decision_type=2 2 2 2 2 2 2 2 2 2 2 2 2 2 2 2 2 2 2
left_child=1 8 3 18 17 -6 7 10 -1 -9 11 -2 -12 -11 15 -10 -16 -4 -3
right_child=6 2 4 -5 5 -7 -8 9 14 13 12 -13 -14 -15 16 -17 -18 -19 -20
leaf_value=0.0035136792059394513 -0.0041640382147075643 -0.03038153163837707 -0.022800924065328351 0.0072543942380949361 0.014318441274813912 -0.016924730305999808 0.027099672783818508 -0.0075669858104343048 0 0.025245413477649383 -0.019026649207417808 0.027085336568024379 0.0087527848467047597 0 -0.017335484282491834 -0.032355060374277225 0.010821736580091716 -0.000977193317612106 -0.0083773529732529255
leaf_weight=16.599806200712919 21.694329742342234 23.957501459866762 12.662356283515694 16.559311281889677 108.14013027027249 13.681431658565996 29.212619122117758 10.02337973564863 10.030076149851082 45.991518974304199 37.387844335287809 13.848129540681837 13.744182050228117 13.31541623175144 11.501047648489477 52.953082893043756 10.032888099551199 11.241653848439453 10.412964403629301
leaf_count=102 96 172 159 109 470 70 549 55 90 360 149 71 64 73 48 506 39 75 76
internal_value=-6.34612e-05 -0.00596956 0 -0.0146391 0.00529829 0.0100866 0.00910987 0.004979 -0.0172305 0.0146559 -0.00243523 0.00787467 -0.0105647 0.0193977 -0.0218569 -0.0273177 -0.00245962 -0.0156495 -0.0262607
internal_weight=482.99 297.772 196.655 50.9298 145.726 121.822 185.217 156.005 101.117 69.3303 86.6745 35.5425 51.132 59.3069 84.5171 62.9832 21.5339 23.904 34.3705
internal_count=3333 1916 1131 357 774 540 1417 868 785 488 380 167 213 433 683 596 87 234 248
is_linear=0
shrinkage=0.05


Tree=148
num_leaves=1
num_cat=0
split_feature=
split_gain=
threshold=
decision_type=
left_child=
right_child=
leaf_value=0
leaf_weight=
leaf_count=3333
internal_value=
internal_weight=
internal_count=
is_linear=0
shrinkage=1


Tree=149
num_leaves=18
num_cat=0
split_feature=266 165 83 386 391 120 380 130 230 111 130 111 381 399 211 11 0
split_gain=9.56965 9.26281 8.07138 10.0075 8.24703 6.52636 6.32245 6.27593 6.04221 5.08608 4.92036 4.53964 3.91677 4.82847 3.68357 0.681745 0.321998
threshold=-0.11056538008860674 -0.00044373858943705141 0.10888548102975308 0.34612785894759418 2.5000000000000004 0.010908567284262706 1.0000000180025095e-35 -8.4999999999999982 52.500000000000007 44.500000000000007 -14.499999999999998 13.500000000000002 11.726461352729901 0.029079374238450171 5.0887310928606748 0.001249512041007206 0.0023473887070478176
decision_type=2 2 2 2 2 2 2 2 2 2 2 2 2 2 2 2 2
left_child=8 5 3 4 -3 11 9 -8 10 -4 15 -2 -12 -14 -10 -1 -13
right_child=1 2 6 -5 -6 -7 7 -9 14 -11 12 16 13 -15 -16 -17 -18
leaf_value=0.003251029652689909 0 0.020805230363211816 -0.010129670437979459 -0.022049665215808506 -0.014427617500925562 0.0058065313412857603 0 -0.033924416614044543 0.026628584900622615 0.020712806215072793 0.012206066943448604 -0.034689645077494558 -0.019919745414313211 0.01239111878708562 0 0.029556299761684463 -0.010572956332968071
leaf_weight=10.099888600409033 17.796816766262054 91.085105378180742 27.179667312651873 18.463863503187895 16.2001045756042 18.057542316615582 21.775372471660376 33.365022748708725 52.272007159888744 20.123338636010885 18.637043010443449 45.447065472602844 43.461107026785612 11.103832840919493 15.648332845419644 10.670602098107336 11.705430272966622
leaf_count=81 136 493 166 126 90 99 100 226 534 126 152 406 216 101 106 89 86
internal_value=-0.000190168 -0.00527664 0 0.00859951 0.0147839 -0.0183091 -0.0100534 -0.0212125 0.00951068 0.00244994 0.000618862 -0.0247606 -0.00507373 -0.0121729 0.0205615 0.0208932 -0.0313552
internal_weight=483.092 321.199 228.192 125.749 107.285 93.0069 102.443 55.1404 161.893 47.303 93.9725 74.9493 73.202 54.5649 67.9203 20.7705 57.1525
internal_count=3333 2054 1327 709 583 727 618 326 1279 292 639 628 469 317 640 170 492
is_linear=0
shrinkage=0.05


Tree=150
num_leaves=12
num_cat=0
split_feature=286 381 104 112 10 104 163 64 301 63 226
split_gain=9.93735 7.1239 9.17979 7.73883 10.4824 6.19899 4.42308 4.36875 2.38187 2.18126 1.32316
threshold=-0.35583580977038171 11.726461352729901 -0.17685134077910389 111.50000000000001 -0.011063749716188299 -0.092201862481307725 0.011301289631407136 0.37666025929251057 0.021736701769711743 0.31808492381548487 2.2271755625521878
decision_type=2 2 2 2 2 2 2 2 2 2 2
left_child=1 6 7 4 -4 -5 9 10 -2 -1 -3
right_child=8 2 3 5 -6 -7 -8 -9 -10 -11 -12
leaf_value=-0.030986661550673478 0.00090894808426262002 0.035288139495294545 0.003166044691970028 -0.013728458917664128 -0.016099046894064675 0.024560409131832717 0.0043221230111510547 -0.0018035663558219062 0.026787552641593462 -0.00025942051173261311 0.0051816058383538418
leaf_weight=35.877198770642281 17.289818033576012 23.855858474969864 131.7809140086174 10.440260041505097 139.09848665073514 36.223998699337244 12.196109838783739 12.530520260334013 35.311938293278217 10.789234928786753 10.530713550746439
leaf_count=291 79 117 781 49 856 187 78 75 690 68 62
internal_value=-8.38075e-05 -0.00277926 0 -0.00321979 -0.00661214 0.0146754 -0.0184695 0.0198288 0.0196887 -0.025334 0.0285612
internal_weight=475.925 423.323 364.461 317.544 270.879 46.6643 58.8625 46.9171 52.6018 46.6664 34.3866
internal_count=3333 2564 2127 1873 1637 236 437 254 769 359 179
is_linear=0
shrinkage=0.05


Tree=151
num_leaves=1
num_cat=0
split_feature=
split_gain=
threshold=
decision_type=
left_child=
right_child=
leaf_value=0
leaf_weight=
leaf_count=3333
internal_value=
internal_weight=
internal_count=
is_linear=0
shrinkage=1


Tree=152
num_leaves=12
num_cat=0
split_feature=286 381 126 354 165 37 8 7 55 167 353
split_gain=8.971 8.32131 11.434 16.9464 8.53022 9.21027 7.75826 7.46114 6.53645 3.39848 0.15243
threshold=-0.30664180285075748 11.726461352729901 -0.001557696012491727 0.11263381224202738 0.0001699262924255283 0.015512722753673229 -0.025332441136463765 0.0028852012881669391 0.034948791457987911 -0.77207482476716482 0.12021777676309364
decision_type=2 2 2 2 2 2 2 2 2 2 2
left_child=1 8 3 7 6 -6 -4 -3 9 -1 -11
right_child=-2 2 4 -5 5 -7 -8 -9 -10 10 -12
leaf_value=0 -0.025735715294257368 -0.0065669968070684584 0 0.034711490372599026 0.035628106624025845 -0.0053249899724391358 -0.026587011771149395 0.020056356741201365 -0.013479108710530478 0.033923362028411022 0.0094097217945772055
leaf_weight=10.410029172897337 29.266537886112928 116.3659892231226 36.173564203083515 40.804507818073034 14.055830951780079 63.571025811135769 80.329663299024105 30.631732452660799 10.031287636607884 34.39025517180562 10.003847420215605
leaf_count=75 574 623 232 294 81 422 436 195 57 280 64
internal_value=-0.000179618 0.00154382 -0.00119112 0.007396 -0.0097381 0.00251997 -0.0181824 -0.000395646 0.017732 0.0247129 0.0303997
internal_weight=476.034 446.768 381.932 187.802 194.13 77.6269 116.503 146.998 64.8354 54.8041 44.3941
internal_count=3333 2759 2283 1112 1171 503 668 818 476 419 344
is_linear=0
shrinkage=0.05


Tree=153
num_leaves=22
num_cat=0
split_feature=270 207 246 217 270 262 126 28 83 224 217 104 110 286 270 223 80 41 53 290 46
split_gain=9.66512 7.36779 5.51045 5.7943 5.52547 5.71267 4.49971 11.0927 5.25382 5.01103 4.80551 4.16596 3.90155 3.51784 2.9583 3.4609 2.91601 1.90595 0.91974 0.606708 0.0347888
threshold=-0.91852758087398778 1.6225430233344607 0.30898876404494385 9.7322715272240536 -1.2859459053776396 0.27528089887640456 -0.0020297258702761663 0.041597827717896031 0.24888837878382633 1.4163534939819045 7.5486976163557093 -0.18152510833825383 23.500000000000004 -0.4430836422643753 -0.97665800295815575 -3.5601658727725072 1.4000371574612698 0.0033646032570076043 0.016076542180407109 0.038280539699228504 0.4059500205258873
decision_type=2 2 2 2 2 2 2 2 2 2 2 2 2 2 2 2 2 2 2 2 2
left_child=1 11 3 20 19 -6 7 9 -9 -2 12 -1 -8 -14 15 -13 18 -16 -12 -4 -3
right_child=6 2 4 -5 5 -7 10 8 -10 -11 16 14 13 -15 17 -17 -18 -19 -20 -21 -22
leaf_value=0.0032869606472924612 -0.0018719013038783804 -0.029717808435777107 -0.022426617846526675 0.0074242756897990453 0.021092509222055161 0 -0.020876607096558863 -0.037662809592921793 0.00095258506486885642 0.029420303551482258 0.031519281891993677 0 -0.0062108802832980675 0.02536086658179916 -0.016192047892689493 -0.031966587624635709 0 0.0095829239254609198 0.0063025521036757228 -0.00077367517509331651 -0.0077837651936539121
leaf_weight=16.384434785693884 18.994736034423113 23.011227864772081 12.264292277395727 16.204346023499966 54.201696395874023 65.466937892138958 11.289737462997435 18.615387447178367 10.557307213544844 23.168302841484547 43.807992573827505 10.018258035182951 11.470549531280993 15.287954878062012 10.972968526184561 50.331735927611589 15.144760724157093 10.138508349657057 11.608350232243536 11.092829234898089 10.143538035452364
leaf_count=102 114 172 159 109 246 294 82 94 80 133 472 94 49 206 47 502 133 40 54 75 76
internal_value=-8.98741e-05 -0.00581926 0 -0.0139942 0.00491127 0.00954117 0.00882155 -0.000302335 -0.0233484 0.0150279 0.0151092 -0.0167665 0 0.0108851 -0.0213654 -0.0269014 0.0225762 -0.00208804 0.0276879 -0.0152987 -0.0255928
internal_weight=470.176 290.231 192.385 49.3591 143.026 119.669 179.945 71.3357 29.1727 42.163 108.609 97.8459 38.0482 26.7585 81.4615 60.35 70.5611 21.1115 55.4163 23.3571 33.1548
internal_count=3333 1916 1131 357 774 540 1417 421 174 247 996 785 337 255 683 596 659 87 526 234 248
is_linear=0
shrinkage=0.05


Tree=154
num_leaves=1
num_cat=0
split_feature=
split_gain=
threshold=
decision_type=
left_child=
right_child=
leaf_value=0
leaf_weight=
leaf_count=3333
internal_value=
internal_weight=
internal_count=
is_linear=0
shrinkage=1


Tree=155
num_leaves=19
num_cat=0
split_feature=276 165 119 394 34 25 376 246 111 162 40 265 73 379 105 80 386 68
split_gain=8.8144 8.13669 7.33776 12.9594 8.96481 7.1803 6.60146 6.20529 5.54181 6.75468 4.95106 5.03265 6.08933 3.28243 2.962 2.94708 2.91366 1.81813
threshold=0.91315990746791964 -8.420920341587592e-06 -0.17338873325182921 -0.011754485263424539 0.020848925271757159 0.017983895372298251 1.0000000180025095e-35 0.32022471910112366 16.500000000000004 0.84511843910736195 -0.0014529569113650288 0.12062128222075348 1.1507865173448406 0.069274442460784083 -0.12901242299167512 0.99617787833532689 0.018975813916134902 0.4659345386647053
decision_type=2 2 2 2 2 2 2 2 2 2 2 2 2 2 2 2 2 2
left_child=7 5 -3 17 -5 6 -2 13 9 -7 11 12 -9 -1 -12 -13 -8 -4
right_child=1 2 3 4 -6 8 16 10 -10 -11 14 15 -14 -15 -16 -17 -18 -19
leaf_value=0.029370591448947325 -0.019497038091248656 0.029204896877918402 -0.0055961273129720678 0.023882671698577492 -0.0037792866230073733 0.022711495497118653 0 0.015525034321484516 -0.033279323274056881 -0.025199559912722231 0 -0.026995896694445146 -0.01740622979374528 0 0.029074931865824574 0 0.029811422633228907 -0.037739518460314425
leaf_weight=38.98265665769577 19.373899262398481 17.765967734158039 11.842757511883972 39.372415993362665 86.284112259745598 10.499049760401251 10.2445863224566 41.644704345613718 52.099893173202872 12.72161630913615 10.031833305954935 23.934242729097605 16.626202821731567 12.519301917403935 19.520303029567003 11.558052405714987 14.196292441338299 21.068647675216198
leaf_count=433 147 102 99 221 513 63 79 251 431 101 81 118 80 99 243 65 68 139
internal_value=-0.000181736 -0.00553293 0.00105726 -0.00227065 0.00485429 -0.0154829 0 0.0085222 -0.0245565 -0.00151004 0.00181965 -0.00346731 0.00492064 0.0226697 0.0189038 -0.0178477 0.0170729 -0.0289992
internal_weight=470.287 295.469 176.334 158.568 125.657 119.135 43.8148 174.817 75.3206 23.2207 123.315 93.7632 58.2709 51.502 29.5521 35.4923 24.4409 32.9114
internal_count=3333 1963 1074 972 734 889 294 1370 595 164 838 514 331 532 324 183 147 238
is_linear=0
shrinkage=0.05


Tree=156
num_leaves=20
num_cat=0
split_feature=276 207 272 262 126 378 207 104 120 126 51 28 276 223 120 191 21 120 64
split_gain=8.90264 6.86956 5.07377 6.18129 5.4425 5.2691 4.27901 4.03082 3.24408 3.41969 4.87114 4.28504 2.8258 3.22959 2.24667 2.75407 1.61184 0.920567 0.30919
threshold=1.0814724191260123 1.6225430233344607 -1.8050183072142127 0.27528089887640456 0.00059127264019054337 0.37500000000000006 1.1527009186218697 -0.18152510833825383 -0.029586090440900877 -0.0020297258702761663 0.38045863410702213 0.029013377540822841 1.0233419970418443 -3.4898377875984883 0.0099154463187767234 0.63787740583387287 0.18892960556951408 -0.026131402926861388 0.35715842988348795
decision_type=2 2 2 2 2 2 2 2 2 2 2 2 2 2 2 2 2 2 2
left_child=1 7 18 5 -5 -4 8 -1 -2 10 -10 -11 13 -9 15 -8 -14 -17 -3
right_child=6 2 3 4 -6 -7 14 12 9 11 -12 -13 16 -15 -16 17 -18 -19 -20
leaf_value=0.0033729156446929698 -0.019788280025349731 -0.0046205335188701088 0.0014612328891867015 -0.0094268753477382006 0.021174666927075148 0.031199775791961898 0 0 -0.024303006594609152 -0.0035655806770194445 0.0082593219905216751 0.024718394566088323 -0.015213914565068357 -0.031564188222685412 0 0.0054678364140989255 0.0084418476181987584 0.030783467903308038 -0.026016606527438368
leaf_weight=16.254792418330908 12.272823721170424 11.219448938965799 38.927971962839365 86.094987720251083 13.781457200646399 26.197645626962185 11.59586391225457 10.082291405647991 16.286554582417011 16.754778690636158 22.981471661478281 30.1226239297539 10.774773322045805 48.484158717095852 18.792902696877718 11.291370425373314 10.17443300783634 37.133162448182702 13.891138654202221
leaf_count=102 64 146 164 425 67 122 114 97 94 137 117 233 50 499 129 103 37 426 207
internal_value=-0.000105125 -0.00564968 0 0.00320044 -0.00422396 0.015005 0.00850626 -0.0163473 0.000906602 0.00498252 -0.00482946 0.0140003 -0.0209605 -0.0264953 0.017004 0.0215518 -0.00201893 0.0265162 -0.0197488
internal_weight=463.115 285.883 190.113 165.002 99.8764 65.1256 177.232 95.7704 98.4183 86.1454 39.268 46.8774 79.5157 58.5665 78.8133 60.0204 20.9492 48.4245 25.1106
internal_count=3333 1916 1131 778 492 286 1417 785 645 581 211 370 683 596 772 643 87 529 353
is_linear=0
shrinkage=0.05


Tree=157
num_leaves=1
num_cat=0
split_feature=
split_gain=
threshold=
decision_type=
left_child=
right_child=
leaf_value=0
leaf_weight=
leaf_count=3333
internal_value=
internal_weight=
internal_count=
is_linear=0
shrinkage=1


Tree=158
num_leaves=17
num_cat=0
split_feature=268 372 119 391 112 372 68 137 104 222 64 71 17 34 113 244
split_gain=8.12496 6.56104 12.1298 10.6761 14.1731 12.0065 9.05513 9.66323 7.69544 5.72661 5.67207 5.33733 4.5833 3.87739 2.2295 2.21193
threshold=-0.7078884259406667 -0.012699267579872052 -0.17455771583318427 2.5000000000000004 110.50000000000001 0.085936245717535012 0.46921697462872097 -0.1180399137452689 -0.093702731594764568 0.44073609504917988 0.3641421367716417 0.89240908941877961 -0.0005635141765711391 0.022391112745517066 42.500000000000007 0.31818181818181823
decision_type=2 2 2 2 2 2 2 2 2 2 2 2 2 2 2 2
left_child=10 2 9 4 5 -3 7 -4 -6 -2 11 -1 -5 -13 -8 -11
right_child=1 3 6 12 8 -7 14 -9 -10 15 -12 13 -14 -15 -16 -17
leaf_value=0.023339934452367636 -0.013604519019602218 0.021323889382643318 0.028329048082096037 0 0.015159697699814696 -0.024014714853893594 -0.009317471287882859 -0.014729856360709358 -0.027143761034205294 0 0.02964729995886662 0.0023420493871775198 -0.032188925595888096 -0.0305715741403303 -0.039347618436709912 0.031204828753184612
leaf_weight=15.421794563531874 11.883260745555161 120.30487115308642 13.254573598504065 15.385611766949294 11.285859189927576 13.044715765863655 15.466785632073877 56.973649898543954 33.762496013194323 10.359943132847549 31.555481471121311 17.56720153614879 24.350015262141824 10.858042616397141 41.284292440861464 20.460446927696466
leaf_count=231 85 663 57 84 53 96 109 441 203 54 425 173 171 71 305 112
internal_value=-0.00017669 -0.00322741 -0.0105669 0.00232164 0.007788 0.0160912 -0.0183681 -0.00509266 -0.0152201 0.0112192 0.0143994 0.00116274 -0.0198742 -0.0103577 -0.0328788 0.0226265
internal_weight=463.219 387.817 169.683 218.134 178.398 133.35 126.979 70.2282 45.0484 42.7037 75.4025 43.847 39.7356 28.4252 56.7511 30.8204
internal_count=3333 2433 1163 1270 1015 759 912 498 256 251 900 475 255 244 414 166
is_linear=0
shrinkage=0.05


Tree=159
num_leaves=14
num_cat=0
split_feature=286 167 37 28 104 83 126 37 126 20 301 162 65
split_gain=8.50741 6.34233 8.51373 10.3295 7.93801 7.06634 5.3452 4.75287 4.96069 3.9505 2.2256 2.16793 2.08967
threshold=-0.35583580977038171 -0.76654710242652035 0.019149590311226237 0.03346149782698337 -0.0073949857469988011 -0.021581605036874424 -0.001557696012491727 0.012967418743046206 0.001721188402613816 0.14254956706539143 0.021736701769711743 1.1138878189696446 0.12373540228102277
decision_type=2 2 2 2 2 2 2 2 2 2 2 2 2
left_child=1 6 11 5 -5 -4 9 8 -8 -1 -2 12 -3
right_child=10 2 3 4 -6 -7 7 -9 -10 -11 -12 -13 -14
leaf_value=-0.027127691786024994 0.00049098118521908576 -0.035360085433668274 -0.003774941866704819 -0.023175690712343155 0 0.019888278805510681 -0.010290102940384301 0.02898779721010851 0.023538804004059055 0.0083843895597024674 0.026047919322673987 0 -0.0025362470865074966
leaf_weight=12.9120035097003 16.825901508331299 31.020206581801176 54.128524634987116 67.785020403563976 77.001201901584864 61.972578588873148 24.508887700736523 31.668002501130104 14.37384346872568 10.344667602330444 32.373897546902299 10.699962720274923 10.238400071859358
leaf_count=81 79 269 300 449 474 349 155 184 86 65 690 77 75
internal_value=-9.98529e-05 -0.00262898 -0.00613603 -0.00213102 -0.0110896 0.00861903 0.00837818 0.015375 0.00181197 -0.0102743 0.0187961 -0.0241216 -0.0290685
internal_weight=455.853 406.653 312.846 260.887 144.786 116.101 93.8074 70.5507 38.8827 23.2567 49.1998 51.9586 41.2586
internal_count=3333 2564 1993 1572 923 649 571 425 241 146 769 421 344
is_linear=0
shrinkage=0.05


Tree=160
num_leaves=1
num_cat=0
split_feature=
split_gain=
threshold=
decision_type=
left_child=
right_child=
leaf_value=0
leaf_weight=
leaf_count=3333
internal_value=
internal_weight=
internal_count=
is_linear=0
shrinkage=1


Tree=161
num_leaves=11
num_cat=0
split_feature=287 381 104 119 68 163 124 64 412 227
split_gain=7.75657 7.0439 7.10613 8.07932 21.8287 5.90009 4.95599 4.23249 2.74761 1.1657
threshold=1.0000000180025095e-35 11.726461352729901 -0.17685134077910389 -0.17455771583318427 0.46921697462872097 0.011301289631407136 -9.4999999999999982 0.37666025929251057 1.0000000180025095e-35 4.0829719333583183
decision_type=2 2 2 2 2 2 2 2 2 2
left_child=1 5 7 6 -5 8 -4 9 -1 -3
right_child=-2 2 3 4 -6 -7 -8 -9 -10 -11
leaf_value=0.031565411791913009 -0.025782714738777593 -0.03324944262839432 0.031988018761413606 0.0041228216013637145 -0.034539469915580427 -0.0082428597622425642 -0.0027789949829990068 0.0020251880882735606 0 -0.0043353477749463899
leaf_weight=35.486216671764851 25.014471000060439 24.875764317810535 28.780565217137337 241.72841731086373 39.773104008287191 13.874953169375656 10.800097938627003 13.288849137723444 12.248791489750145 10.071487106382845
leaf_count=306 549 144 156 1530 255 99 79 83 74 58
internal_value=-0.000192466 0.00134575 -0.0011836 0.00141896 -0.0014706 0.0166327 0.0217997 -0.0185521 0.0249085 -0.0272358
internal_weight=455.943 430.928 369.318 321.082 281.502 61.61 39.5807 48.2361 47.735 34.9473
internal_count=3333 2784 2305 2020 1785 479 235 285 380 202
is_linear=0
shrinkage=0.05


Tree=162
num_leaves=17
num_cat=0
split_feature=270 167 16 167 103 211 162 167 225 365 372 401 78 73 11 8
split_gain=8.06897 5.88721 8.60096 7.22341 6.97667 6.94103 4.17048 4.13421 7.19878 6.4475 5.43661 5.10099 4.88597 3.63345 3.53484 3.19284
threshold=-0.91852758087398778 -0.30275789033226269 0.0012437086697333038 -0.76654710242652035 0.1066128514082504 3.0763532295090497 1.1736885256911191 -0.72304236898055019 1.9221749375948567 0.19746174966559119 -0.058452041572643436 -1.0000000180025095e-35 0.93826243870964687 1.1507865173448406 -0.00020153681107842877 -0.015036582516260661
decision_type=2 2 2 2 2 2 2 2 2 2 2 2 2 2 2 2
left_child=1 2 3 13 -3 -4 -5 -2 9 12 -10 -12 -9 -1 -6 -11
right_child=7 4 5 6 14 -7 -8 8 10 15 11 -13 -14 -15 -16 -17
leaf_value=-0.002348502427913153 0.025845851275497746 0.012727058648298992 0.033425393172300429 -0.023925948467156212 0 -0.0030845401932222244 -0.00067704704792426206 -0.032178466757705075 -0.009552437367882147 0.028432726847065423 0 0.028608001055412714 0 0.01957879066900085 -0.032133196651336911 -0.0041538590057491704
leaf_weight=52.834213960915804 26.098592817783356 10.97961877658963 25.356386963278055 56.762580659240484 12.097733493894337 19.018230438232422 35.516770910471678 24.709198214113712 15.282228106632827 11.088026331737639 20.350015692412853 47.5996337197721 17.115543458610773 23.735140923410654 42.348547264933586 10.073554068803785
leaf_count=297 368 52 132 476 107 121 200 153 109 101 143 345 116 132 399 82
internal_value=-9.42629e-05 -0.00544311 -0.00108097 -0.00648035 -0.0182579 0.017518 -0.0158057 0.00821516 0.00427681 -0.00777648 0.0139313 0.0200982 -0.0191724 0.0043021 -0.0257151 0.0122614
internal_weight=450.966 278.649 213.223 168.849 65.4259 44.3746 92.2794 172.317 146.218 62.9863 83.2319 67.9496 41.8247 76.5694 54.4463 21.1616
internal_count=3333 1916 1358 1105 558 253 676 1417 1049 452 597 488 269 429 506 183
is_linear=0
shrinkage=0.05


Tree=163
num_leaves=1
num_cat=0
split_feature=
split_gain=
threshold=
decision_type=
left_child=
right_child=
leaf_value=0
leaf_weight=
leaf_count=3333
internal_value=
internal_weight=
internal_count=
is_linear=0
shrinkage=1


Tree=164
num_leaves=15
num_cat=0
split_feature=266 167 216 78 83 380 211 165 125 126 37 265 67 72
split_gain=7.51668 7.68322 7.94351 7.29974 6.09376 6.88033 5.49958 5.18852 5.31744 4.87166 6.34771 2.98162 2.04297 0.845617
threshold=-0.11056538008860674 -0.76654710242652035 2.5423149386632358 0.93826243870964687 -0.027611631515041198 1.0000000180025095e-35 2.2195894227441983 -0.00096627579245199926 -0.094604053335604885 0.001721188402613816 0.011514016068769341 0.10510725229826355 -0.032737446113868578 0.006240319722023554
decision_type=2 2 2 2 2 2 2 2 2 2 2 2 2 2
left_child=7 12 3 -3 6 -6 -4 9 -9 10 13 -12 -2 -1
right_child=1 2 4 -5 5 -7 -8 8 -10 -11 11 -13 -14 -15
leaf_value=0.033867828504723224 0 0.034762012122278016 0.01326205892257926 -0.0050194109268137475 -0.00067011568847877886 -0.024362772583582049 -0.011899193422419067 -0.00073839243955387717 0.027424698293445782 -0.0262295096813293 0.004393935758274607 -0.019013669132716307 -0.029148901778405858 0.006646208988962345
leaf_weight=12.952284447848799 10.087069623172281 23.490660101175308 59.577810237184167 15.840142812579868 70.17112079821527 58.787024721503258 28.816279271617532 19.869770620018244 47.332098674029112 11.54557018727064 27.164660859853029 19.242400091141462 33.617417179048061 12.578684233129023
leaf_count=75 99 114 339 110 452 377 212 185 604 55 172 114 351 74
internal_value=-0.000205699 -0.00487421 -0.00125812 0.0183389 -0.00523259 -0.0121579 0.00439112 0.008689 0.0187097 0 0.00538365 -0.00486505 -0.0235965 0.0243177
internal_weight=451.073 300.388 256.683 39.3308 217.352 128.958 88.3941 150.685 67.2019 83.4836 71.938 46.4071 43.7045 25.531
internal_count=3333 2054 1604 224 1380 829 551 1279 789 490 435 286 450 149
is_linear=0
shrinkage=0.05


Tree=165
num_leaves=11
num_cat=0
split_feature=287 390 372 112 119 68 364 113 19 266
split_gain=7.63775 6.43815 7.39694 13.8789 9.4693 12.5891 7.66648 5.46883 4.88242 2.78601
threshold=1.0000000180025095e-35 0.0044052425466940557 -0.012699267579872052 111.50000000000001 -0.17455771583318427 0.46921697462872097 0.57506677606105894 40.500000000000007 0.33832028808620668 -0.11056538008860674
decision_type=2 2 2 2 2 2 2 2 2 2
left_child=1 2 4 6 7 -6 -4 -1 -5 -3
right_child=-2 9 3 8 5 -7 -8 -9 -10 -11
leaf_value=0.0060070434577118026 0.02547800565463533 0 -0.022188962770731502 0.026352951685248555 -0.0022904735685476039 0.027852910184809562 0.0025028801457553235 -0.026940622160201697 -0.0032117847550982245 0.030460851278507964
leaf_weight=15.48877779394388 24.187649119645357 10.94194555282593 132.43658669292927 26.300656050443649 75.202682791277766 56.64916018769145 35.650394894182682 29.880526598542929 20.547326188534498 17.646562315523624
leaf_count=93 549 76 995 146 482 384 205 178 113 112
internal_value=-9.18231e-05 -0.00184974 -0.00368059 -0.00992007 0.00364842 0.0106211 -0.0167076 -0.0149839 0.01297 0.0196461
internal_weight=444.932 420.745 392.156 214.935 177.221 131.852 168.087 45.3693 46.848 28.5885
internal_count=3333 2784 2596 1459 1137 866 1200 271 259 188
is_linear=0
shrinkage=0.05


Tree=166
num_leaves=1
num_cat=0
split_feature=
split_gain=
threshold=
decision_type=
left_child=
right_child=
leaf_value=0
leaf_weight=
leaf_count=3333
internal_value=
internal_weight=
internal_count=
is_linear=0
shrinkage=1


Tree=167
num_leaves=13
num_cat=0
split_feature=268 385 126 28 66 119 387 16 166 64 71 34
split_gain=7.03444 6.37226 7.9652 8.40343 7.65812 9.46729 7.09987 7.04672 5.67041 5.45983 4.80489 3.56833
threshold=-0.7078884259406667 5.5000000000000009 -0.001557696012491727 0.03908901829222574 0.35332978671363291 -0.17455771583318427 -0.23682905528307382 0.0011105085057132558 1.0000000180025095e-35 0.3641421367716417 0.89240908941877961 0.022391112745517066
decision_type=2 2 2 2 2 2 2 2 2 2 2 2
left_child=9 2 3 7 8 -6 -5 -2 -4 10 -1 -12
right_child=1 -3 4 6 5 -7 -8 -9 -10 -11 11 -13
leaf_value=0.022549269073412877 0.0086742060592376255 0.028021871182084074 -0.010652204799206783 -0.006385853990861487 0.0024270942139560945 -0.027524007980961995 0.026749186736909319 -0.019314988223672107 0.013503549084432423 0.029192346020190763 0.0021444867559736462 -0.02948209114522948
leaf_weight=14.343554558232425 36.989758096635342 12.384352184832094 51.792894532904029 18.948084060102701 32.660941997542977 86.165262332186103 48.703663930296898 45.050924902781844 40.646212315186858 29.398524211719632 17.108202233910564 10.848170910030602
leaf_count=231 211 74 377 108 202 679 282 221 279 425 173 71
internal_value=-0.0002175 -0.00310667 -0.00453423 0.00400577 -0.01079 -0.0190241 0.0168839 -0.0062467 0 0.013678 0.000572478 -0.0101805
internal_weight=445.041 373.342 360.958 149.692 211.265 118.826 67.6517 82.0407 92.4391 71.6985 42.2999 27.9564
internal_count=3333 2433 2359 822 1537 881 390 432 656 900 475 244
is_linear=0
shrinkage=0.05


Tree=168
num_leaves=8
num_cat=0
split_feature=287 292 390 375 74 37 354
split_gain=7.27505 6.06256 6.3218 7.95516 8.40353 6.70115 2.4611
threshold=1.0000000180025095e-35 0.27567456887310909 0.0044052425466940557 0.072638591884957707 -0.079914302575927229 0.015512722753673229 0.12696312421840567
decision_type=2 2 2 2 2 2 2
left_child=1 -1 3 5 -5 -3 -4
right_child=-2 2 6 4 -6 -7 -8
leaf_value=-0.025348690420539034 0.025200882791985492 -0.012919135658305722 0.032638239159028325 -0.037090325686096305 0.0014898696732395375 0.0046368134614856145 0
leaf_weight=22.722934359684587 23.4708779361099 65.655706934630871 16.167468309402469 27.677444614470005 21.362144749611616 251.951286688447 10.266533415764568
leaf_count=409 549 456 94 167 125 1466 67
internal_value=-9.79354e-05 -0.00181566 -0.000147347 -0.00204615 -0.0202065 0.000764765 0.022015
internal_weight=439.274 415.804 393.081 366.647 49.0396 317.607 26.434
internal_count=3333 2784 2375 2214 292 1922 161
is_linear=0
shrinkage=0.05


Tree=169
num_leaves=1
num_cat=0
split_feature=
split_gain=
threshold=
decision_type=
left_child=
right_child=
leaf_value=0
leaf_weight=
leaf_count=3333
internal_value=
internal_weight=
internal_count=
is_linear=0
shrinkage=1


Tree=170
num_leaves=16
num_cat=0
split_feature=266 167 216 78 83 167 120 230 28 7 211 19 19 64 64
split_gain=6.61388 6.9738 7.0546 6.6534 5.58822 6.64366 5.15899 5.03006 3.66342 4.33694 3.10403 3.01243 2.90695 2.34217 0.0225269
threshold=-0.11056538008860674 -0.76654710242652035 2.5423149386632358 0.93826243870964687 -0.027611631515041198 -0.17818205700774228 -0.029002254171166138 52.500000000000007 0.033217973051920001 -0.0024493709438904161 4.893866856119641 0.31026134087752372 0.3287902713177559 0.30478338396272225 0.23814838651111594
decision_type=2 2 2 2 2 2 2 2 2 2 2 2 2 2 2
left_child=7 13 3 -3 6 -6 -4 8 11 -10 14 -1 -11 -2 -9
right_child=1 2 4 -5 5 -7 -8 10 9 12 -12 -13 -14 -15 -16
leaf_value=0.0035574770568220838 -0.0036236749186827526 0.033349082139056817 0.031065967643869069 -0.00487278187318998 -0.019274094021946773 0.0042775397007352167 -0.00042246553705598721 0.0075874101790357005 -0.012407182261186273 0 0 -0.024348649507217178 0.025215667457103571 -0.032101257207277925 0.02853174579756337
leaf_weight=11.367534235119821 16.722930185496807 22.922005273401737 12.06714425049722 15.561727454885839 87.210104715079069 38.815548680722713 74.509706350043416 10.155092902481554 14.338273901492355 15.056504745036362 16.133879570290446 18.735526528209448 26.980426911264658 25.231051258742809 33.57491534948349
leaf_count=103 155 114 68 110 596 233 483 135 81 146 118 102 207 295 387
internal_value=-0.000220701 -0.0046555 -0.00118264 0.0174533 -0.0049838 -0.0117019 0.00430167 0.00824 0 0.00781008 0.0190089 -0.0129329 0.0161833 -0.0228616 0.0255373
internal_weight=439.382 293.04 251.086 38.4837 212.603 126.026 86.5769 146.342 86.4783 56.3752 59.8639 30.1031 42.0369 41.954 43.73
internal_count=3333 2054 1604 224 1380 829 551 1279 639 434 640 205 353 450 522
is_linear=0
shrinkage=0.05


Tree=171
num_leaves=10
num_cat=0
split_feature=286 292 167 354 191 394 224 11 37
split_gain=6.88426 5.76225 5.54532 7.80576 8.32472 7.88603 3.46993 3.08302 1.5489
threshold=-0.2997626987833783 0.27567456887310909 -0.76654710242652035 0.035006845230059848 0.44412405273745276 -0.0067761377957484261 -3.2008760861334129 0.0003377987872582589 0.010534851678244505
decision_type=2 2 2 2 2 2 2 2 2
left_child=1 -1 6 4 -4 -5 7 -3 -8
right_child=-2 2 3 5 -6 -7 8 -9 -10
leaf_value=-0.025042431982845937 0.024886268215279631 0.0093385270689708613 -0.031189313372529101 0.00043261913428780112 0.0090334095610971315 -0.020758867294769664 0.0018201566073791427 -0.017681330797144016 0.025498317606567556
leaf_weight=22.042725879698992 22.685103813186288 26.489425756037235 10.936403952538965 75.478094909340143 128.26321706175804 88.594916619360447 15.268743285909293 13.427834633737801 31.83148954808712
leaf_count=409 548 181 55 452 712 615 97 72 192
internal_value=-0.000109526 -0.00177492 -0.000152686 -0.00348176 0.00493031 -0.0108782 0.0106237 0 0.0193891
internal_weight=435.018 412.333 390.29 303.273 139.2 164.073 87.0175 39.9173 47.1002
internal_count=3333 2785 2376 1834 767 1067 542 253 289
is_linear=0
shrinkage=0.05


Tree=172
num_leaves=1
num_cat=0
split_feature=
split_gain=
threshold=
decision_type=
left_child=
right_child=
leaf_value=0
leaf_weight=
leaf_count=3333
internal_value=
internal_weight=
internal_count=
is_linear=0
shrinkage=1


Tree=173
num_leaves=8
num_cat=0
split_feature=385 266 163 104 124 83 221
split_gain=6.55478 6.69207 6.5549 6.23031 8.28119 5.15897 3.37711
threshold=5.5000000000000009 -0.35277385148213575 0.0093896212506001091 -0.18152510833825383 -10.499999999999998 -0.19108369908971481 8.7619288329454506
decision_type=2 2 2 2 2 2 2
left_child=1 -1 3 5 -5 -3 -4
right_child=-2 2 6 4 -6 -7 -8
leaf_value=0.024195850014734829 0.028864361107644211 0.0029855863940730087 0 0.016180692873240112 -0.0026986765205441248 -0.029073824316675469 -0.028700205422742927
leaf_weight=20.349805640056729 15.396453687921165 15.311356786638497 11.01365441828966 72.656634457409382 238.76127141341567 29.715784834697843 31.916424758732319
leaf_count=368 122 117 67 487 1705 216 251
internal_value=-0.000216416 -0.00159872 -0.00320792 -0.000764405 0.00165939 -0.0176255 -0.0210325
internal_weight=435.121 419.725 399.375 356.445 311.418 45.0271 42.9301
internal_count=3333 3211 2843 2525 2192 333 318
is_linear=0
shrinkage=0.05


Tree=174
num_leaves=17
num_cat=0
split_feature=266 167 16 126 111 240 103 211 167 225 118 372 372 401 11 268
split_gain=6.7368 5.57577 7.46491 8.20379 8.86811 7.2521 6.24821 6.14576 3.70518 6.20881 5.63008 5.12781 5.01002 4.63316 3.34659 1.37027
threshold=0.081472419126012094 -0.30275789033226269 0.0012437086697333038 -0.001557696012491727 57.500000000000007 0.59523809523809534 0.1066128514082504 3.0763532295090497 -0.72304236898055019 1.9221749375948567 1.0000000180025095e-35 -0.019358347035412612 -0.058452041572643436 -1.0000000180025095e-35 -0.00020153681107842877 -0.32220866990378638
decision_type=2 2 2 2 2 2 2 2 2 2 2 2 2 2 2 2
left_child=1 2 3 5 -5 -1 -3 -4 -2 10 15 -12 -11 -14 -8 -10
right_child=8 6 7 4 -6 -7 14 -9 9 12 11 -13 13 -15 -16 -17
leaf_value=0.0084046293776695435 0.024976213177997458 0.011399302796980031 0.032094148869559712 0.012453500283553744 -0.01556457970932007 -0.032437964899946062 0 -0.0027621052533461764 0 -0.0096471457480535386 0.0011439423732381071 -0.031980352955027373 0 0.027510492470127393 -0.031675079270607191 0.021485334094669531
leaf_weight=10.958375204354523 24.070018958300352 10.833099231123922 24.321478616446257 69.401745859533548 42.847732365131378 38.187459673732519 11.717155726626514 18.272340413182974 10.986712068319322 14.844372460618613 15.3903675917536 23.970936495810747 19.696520745754242 45.279104867950082 39.954665446653962 10.586134864017366
leaf_count=60 368 52 132 403 337 305 107 121 48 109 117 121 143 345 399 166
internal_value=-0.000123118 -0.00513124 -0.000785378 -0.0059653 0.00119788 -0.0224126 -0.0178654 0.0168467 0.00762325 0.00384864 -0.00746165 -0.0186846 0.0130441 0.0191607 -0.0252042 0.0107618
internal_weight=431.318 266.494 203.989 161.395 112.249 49.1458 62.5049 42.5938 164.824 140.754 60.9342 39.3613 79.82 64.9756 51.6718 21.5728
internal_count=3333 1916 1358 1105 740 365 558 253 1417 1049 452 238 597 488 506 214
is_linear=0
shrinkage=0.05


Tree=175
num_leaves=1
num_cat=0
split_feature=
split_gain=
threshold=
decision_type=
left_child=
right_child=
leaf_value=0
leaf_weight=
leaf_count=3333
internal_value=
internal_weight=
internal_count=
is_linear=0
shrinkage=1


Tree=176
num_leaves=16
num_cat=0
split_feature=268 167 25 21 70 110 110 54 124 64 84 38 266 381 83
split_gain=5.99444 5.80708 8.36431 7.22982 7.6836 6.37862 7.27695 6.09347 5.91469 5.21578 4.42737 6.38141 4.04969 3.01831 2.37754
threshold=-0.7078884259406667 -0.17318514541247845 0.016967755952162714 0.26839652314198792 0.0079234393652871486 49.500000000000007 23.500000000000004 -0.016253542547276897 19.500000000000004 0.3641421367716417 1.0000000180025095e-35 0.56804546060467975 0.11480085735728834 27.494099030326286 0.30448379986495816
decision_type=2 2 2 2 2 2 2 2 2 2 2 2 2 2 2
left_child=9 2 5 4 -4 6 -2 -5 -7 10 11 -1 -3 -14 -15
right_child=1 12 3 7 -6 8 -8 -9 -10 -11 -12 -13 13 14 -16
leaf_value=0.011068495637905088 -0.0060352089938718228 0.027127291183398506 -0.028676601176419153 -0.010029283633408954 -0.0037098201571963366 -0.017544188910451439 0.03419371180389498 0.01601069810811729 0.020912251875783751 0.028662067885614068 0.0244208901995784 -0.030316547935065802 0.015761507879017252 0.0020032040718287797 -0.025578859216780839
leaf_weight=14.82433562166989 13.365416115149854 20.740523003041744 73.620714493095875 53.193682180717587 61.870719369500875 30.308489331975579 28.362155139446259 34.377143478021026 10.613898698240517 27.387057917192578 11.115915393456815 14.865234907716511 15.464387655258177 10.796930009499194 10.522164043039082
leaf_count=205 110 147 529 379 367 211 188 226 58 425 180 90 93 56 69
internal_value=-0.000209303 -0.00290054 -0.00576291 -0.0108511 -0.0179641 0.00728484 0.0206499 0 -0.00568442 0.0129417 9.12102e-06 -0.0090036 0.0110171 0 -0.0110302
internal_weight=431.429 363.236 305.712 223.062 135.491 82.65 41.7276 87.5708 40.9224 68.1925 40.8055 29.6896 57.524 36.7835 21.3191
internal_count=3333 2433 2068 1501 896 567 298 605 269 900 475 295 365 218 125
is_linear=0
shrinkage=0.05


Tree=177
num_leaves=12
num_cat=0
split_feature=286 25 70 394 399 268 46 21 64 113 303
split_gain=6.3781 5.52667 8.42344 8.32965 8.14568 5.35659 4.93653 8.05454 4.41157 3.73684 1.9372
threshold=-0.35583580977038171 0.016877205922098411 0.0047147198771364278 -0.006360092093181057 0.033289266963322302 -0.7078884259406667 0.72191888387879233 0.26839652314198792 0.3641421367716417 76.500000000000014 0.11200183320081615
decision_type=2 2 2 2 2 2 2 2 2 2 2
left_child=1 2 3 -1 -5 8 7 -7 -3 -8 -2
right_child=10 5 -4 4 -6 6 9 -9 -10 -11 -12
leaf_value=0.022724282621912027 0 0.0022029170650437126 -0.031263213112462815 -0.025929250380888808 0.013269442530155643 0.018863465947496327 -0.014643690964294196 -0.0020682047852268975 -0.027590708484549972 0.010669313150518599 0.024623235362955388
leaf_weight=20.934359148144722 15.94374195486307 17.248637208715081 34.378126248717308 35.010501205921173 16.16721473634243 90.641319312155247 45.733073770999908 81.706201832741499 23.614694667980075 16.034368094056845 27.71091484464705
leaf_count=127 79 166 219 307 128 460 223 461 390 83 690
internal_value=-0.000147708 -0.00237982 -0.0119272 -0.00116299 -0.0125743 0.00122653 0.00434667 0.00878946 -0.0145842 -0.0071108 0.0171843
internal_weight=425.123 381.468 106.49 72.1121 51.1777 274.978 234.115 172.348 40.8633 61.7674 43.6547
internal_count=3333 2564 781 562 435 1783 1227 921 556 306 769
is_linear=0
shrinkage=0.05


Tree=178
num_leaves=1
num_cat=0
split_feature=
split_gain=
threshold=
decision_type=
left_child=
right_child=
leaf_value=0
leaf_weight=
leaf_count=3333
internal_value=
internal_weight=
internal_count=
is_linear=0
shrinkage=1


Tree=179
num_leaves=11
num_cat=0
split_feature=385 284 86 11 391 119 105 231 103 359
split_gain=6.15243 6.10258 5.15584 10.9745 7.59535 6.83847 10.0481 7.81006 4.80764 1.77267
threshold=5.5000000000000009 -0.11970072410822021 -7656.9651138798627 0.00085173494185031295 2.5000000000000004 -0.17455771583318427 0.046041986752553138 85.500000000000014 0.13113401378676914 -0.038324665749197136
decision_type=2 2 2 2 2 2 2 2 2 2
left_child=1 2 5 4 -4 7 -7 -1 -5 -3
right_child=-2 9 3 8 -6 6 -8 -9 -10 -11
leaf_value=0.026241164379658705 0.028340746830694569 0 0.023702119366108894 -0.033973313626076911 -0.0017399992632948149 0 -0.024773148397697002 -0.018608039051102317 0 -0.024971067449811077
leaf_weight=29.147092705592513 14.92931494861841 10.025010427460073 79.694429902359843 14.548344522714613 39.470134310424328 107.89322516135871 61.551109958440065 10.108058992773293 27.779209438711405 30.083507645875216
leaf_count=180 122 205 589 63 241 779 374 53 181 546
internal_value=-0.000195395 -0.00155288 0.000385363 0.00714427 0.01503 -0.00463564 -0.00916832 0.0130082 -0.0134788 -0.0193841
internal_weight=425.229 410.3 370.192 161.492 119.165 208.699 169.444 39.2552 42.3276 40.1085
internal_count=3333 3211 2460 1074 830 1386 1153 233 244 751
is_linear=0
shrinkage=0.05


Tree=180
num_leaves=18
num_cat=0
split_feature=284 126 74 383 30 83 386 221 229 230 73 242 27 6 240 353 394
split_gain=6.00405 6.20308 5.03319 7.86569 4.79937 7.96032 5.98797 5.10907 4.7164 4.65169 4.36712 7.48635 3.65296 5.5836 3.38534 2.13697 1.55164
threshold=-0.38220169564211975 0.00059127264019054337 -0.18273740897566002 2.5000000000000004 0.017619865816918538 0.10888548102975308 0.13331949002526869 11.992612830881471 -3.387099433198919 99.500000000000014 1.1459086647516834 0.66176470588235314 0.58105985384324799 0.016207166448025102 0.73809523809523825 0.0054489408859461378 0.011905455420257118
decision_type=2 2 2 2 2 2 2 2 2 2 2 2 2 2 2 2 2
left_child=1 2 3 9 5 6 14 -8 -5 -1 16 -12 -7 -14 -2 -6 -4
right_child=4 -3 10 8 15 12 7 -9 -10 -11 11 -13 13 -15 -16 -17 -18
leaf_value=-0.029261373128525184 0.00060357637999159416 0.018044379063332294 -0.027607165821803573 -0.0025340811611903771 0 -0.0051724281323201077 -0.013484971122648976 0.025309827588267275 0.026632824970664916 0.0049301317893346956 0.021500270640203531 -0.018096824187230555 0.030276712336555323 0 -0.022926095040450414 0.026492294847755529 -0.00041766622729033149
leaf_weight=22.843690253794193 15.875142095610498 19.505669619888067 54.045128248631954 20.393471388146281 10.022886781021951 16.170355889946222 10.163649668917062 17.559970976784825 25.840579893440008 11.370149495080112 15.787419484928249 28.500830331817269 36.997134000062943 26.314471082761884 48.068360796198249 30.855717757716775 10.073470374569295
leaf_count=224 116 122 451 199 87 129 57 164 166 74 100 251 238 186 295 393 81
internal_value=-0.000133579 -0.00623056 -0.00924134 0 0.00562876 0.00150067 -0.00809729 0.00953201 0.0133815 -0.0170736 -0.0161251 -0.0024558 0.0130682 0.0185042 -0.0165723 0.0204883 -0.0242901
internal_weight=420.388 208.36 188.855 80.4479 212.028 171.149 91.6671 27.7236 46.2341 34.2138 108.407 44.2882 79.482 63.3116 63.9435 40.8786 64.1186
internal_count=3333 1668 1546 663 1665 1185 632 221 365 298 883 351 553 424 411 480 532
is_linear=0
shrinkage=0.05


Tree=181
num_leaves=1
num_cat=0
split_feature=
split_gain=
threshold=
decision_type=
left_child=
right_child=
leaf_value=0
leaf_weight=
leaf_count=3333
internal_value=
internal_weight=
internal_count=
is_linear=0
shrinkage=1


Tree=182
num_leaves=16
num_cat=0
split_feature=385 126 37 356 167 55 307 163 381 68 126 34 104 103 221
split_gain=5.91558 5.98954 10.3905 9.2161 9.17132 8.01604 7.42194 6.65586 6.49074 5.43301 4.58066 4.00189 2.6245 2.28308 1.87231
threshold=5.5000000000000009 -0.001557696012491727 0.016301697872000667 0.53125000000000011 -0.73146939631267516 0.026876682330445715 -0.057098064681321996 0.0076929371808975534 32.976273450080683 0.3178700879754095 0.001721188402613816 0.028940340269025523 -0.024575586981368695 0.19804271473335283 9.2979279484156354
decision_type=2 2 2 2 2 2 2 2 2 2 2 2 2 2 2
left_child=1 3 4 8 10 11 -4 -7 12 -8 -3 -5 -1 -6 -10
right_child=-2 2 6 5 13 7 9 -9 14 -11 -12 -13 -14 -15 -16
leaf_value=-0.015344106130239885 0.027961374144506525 0.0058446180292624486 0.013540828304567949 -0.0017811559389677911 0.03963034327132587 0.026647733212451487 0 -0.013532980502604652 0.0047228454252681773 -0.023230533026582238 -0.024291069008243158 -0.026563121234976145 0.015016411815491347 0.0038437028261295186 0.037996828036238134
leaf_weight=12.238841988146307 14.673920782282947 28.020800122991204 17.198860377073288 43.764355778694153 17.387905351817611 28.317033056169748 31.077028648927808 11.271293736994265 10.139893054962156 109.37433431856334 16.833801429718733 29.213132804259658 10.186187440529464 10.948299830779431 29.857999540865421
leaf_count=90 122 224 250 273 153 188 210 97 84 865 138 185 84 119 251
internal_value=-0.000217936 -0.00155684 -0.0069006 0.00520909 0.00802083 -0.00300765 -0.0141597 0.0138863 0.0202489 -0.0181125 -0.00523418 -0.0130167 0 0.0290907 0.0316424
internal_weight=420.504 405.83 230.841 174.989 73.1908 112.566 157.65 39.5883 62.4229 140.451 44.8546 72.9775 22.425 28.3362 39.9979
internal_count=3333 3211 1959 1252 634 743 1325 285 509 1075 362 458 174 272 335
is_linear=0
shrinkage=0.05


Tree=183
num_leaves=10
num_cat=0
split_feature=286 390 124 74 381 130 68 163 266
split_gain=5.85222 5.14189 5.93685 9.05659 5.64228 6.36536 4.78977 4.02024 2.42689
threshold=-0.2997626987833783 0.0044052425466940557 14.500000000000002 -0.079914302575927229 11.726461352729901 -8.4999999999999982 0.3210926677456834 0.011301289631407136 -0.11056538008860674
decision_type=2 2 2 2 2 2 2 2 2
left_child=1 2 4 -4 7 -6 -5 -1 -3
right_child=-2 8 3 6 5 -7 -8 -9 -10
leaf_value=-0.022433484077591048 0.023945091993981774 0 -0.034922902414366991 0.023174441822698205 -0.0079157772288344572 0.0082114777515005753 -0.016453408982067038 0.0058804877361351739 0.028549048549520301
leaf_weight=41.096457434818149 20.50295171700418 10.431210605427625 30.982980113476515 12.805960968136789 89.77949689887464 169.25226793065667 10.925994293764232 12.5714437905699 16.326527239754796
leaf_count=380 548 76 210 79 619 1132 78 99 112
internal_value=-0.000161953 -0.00171317 -0.00342121 -0.0181863 -0.000531029 0.00240438 0.00326068 -0.0149585 0.0180404
internal_weight=414.675 394.172 367.415 54.7149 312.7 259.032 23.732 53.6679 26.7577
internal_count=3333 2785 2597 367 2230 1751 157 479 188
is_linear=0
shrinkage=0.05


Tree=184
num_leaves=1
num_cat=0
split_feature=
split_gain=
threshold=
decision_type=
left_child=
right_child=
leaf_value=0
leaf_weight=
leaf_count=3333
internal_value=
internal_weight=
internal_count=
is_linear=0
shrinkage=1


Tree=185
num_leaves=18
num_cat=0
split_feature=381 126 356 111 64 7 381 167 381 87 349 55 105 113 213 45 221
split_gain=5.4485 8.26121 8.70415 8.43281 7.64895 8.07233 6.86407 6.53527 6.21812 5.26323 5.11829 4.92653 3.76497 2.66995 2.39242 2.03688 1.74708
threshold=11.726461352729901 -0.001557696012491727 0.53125000000000011 57.500000000000007 0.43015769264552722 0.0030928654330405485 43.977676932294372 -0.21856851545854525 32.976273450080683 0.062674917501353913 6.5000000000000009 0.031967576937154248 -0.052844258529586054 4.5000000000000009 5.3965233828964427 0.6352328928326253 9.3418284979784616
decision_type=2 2 2 2 2 2 2 2 2 2 2 2 2 2 2 2 2
left_child=11 2 8 7 5 -4 10 9 15 -3 -5 13 -8 -1 -6 -2 -10
right_child=1 3 4 6 14 -7 12 -9 16 -11 -12 -13 -14 -15 -16 -17 -18
leaf_value=0.00049029018111258597 0.011767109013519832 -0.030137879710567857 -0.019089070589752642 0.032795840290076837 0.027206150025063321 0.018973557875896455 0.0054291164613661531 0.0061239650237750647 0.0047830476314061196 -0.0025244531136405842 -0.0042567239716698188 -0.012560138579514435 -0.02448807268245215 0.02872258451088049 0 -0.015001851479133618 0.037464831459636243
leaf_weight=16.205751581117511 11.381723130121829 71.230693828314543 66.266978396102786 21.523196263238788 17.379282770678405 13.624757954850791 14.341643648222087 19.217408787459135 10.123467016965149 28.635415282100439 10.564546484500168 10.197324492037295 18.962080916389823 30.969654068350792 14.532415248453615 10.77808561362326 28.849479481577873
leaf_count=145 98 592 419 177 121 104 110 172 85 215 83 86 188 313 99 76 250
internal_value=-0.000199325 -0.00264317 0.00497608 -0.0100179 -0.0029883 -0.0115429 0.00369723 -0.0178645 0.0197799 -0.0230107 0.0198508 0.0135716 -0.0108435 0.0206299 0.0161477 0 0.0311154
internal_weight=414.784 357.411 172.936 184.475 111.803 79.8917 65.3915 119.084 61.1328 99.8661 32.0877 57.3727 33.3037 47.1754 31.9117 22.1598 38.9729
internal_count=3333 2789 1252 1537 743 523 558 979 509 807 260 544 298 458 220 174 335
is_linear=0
shrinkage=0.05


Tree=186
num_leaves=14
num_cat=0
split_feature=303 28 126 113 28 130 353 112 126 378 11 120 126
split_gain=5.68438 5.72404 5.668 8.44824 7.23691 7.61147 5.7706 3.65027 3.52563 5.914 4.82698 3.1668 1.71538
threshold=0.018916594786565745 0.020078211953241661 0.00059127264019054337 101.50000000000001 0.035075057333816724 -8.4999999999999982 0.082259242256053772 43.500000000000007 -0.001557696012491727 0.37500000000000006 0.00090431297999638016 -0.027370989097645012 0.0053718363683745727
decision_type=2 2 2 2 2 2 2 2 2 2 2 2 2
left_child=2 7 3 4 6 -6 -1 -2 9 10 -3 -10 -4
right_child=1 8 12 -5 5 -7 -8 -9 11 -11 -12 -13 -14
leaf_value=-0.0075859631107433314 0.0086495285873003525 -0.032352520076138196 0.026151837945575532 -0.030215247187333691 -0.028401404182248347 -0.0020748250570084702 0.015945231796445018 -0.024244028373410546 0 0.025374501766631648 0.0073649681826944494 0.027977976001076717 0
leaf_weight=36.932561857625842 10.277568502351643 11.906054070219399 14.984326854348184 30.128817208111286 38.668318981304765 96.419323159381747 64.220840806141496 15.76698732934892 11.194177722558377 13.363291779533027 10.72450498305261 44.897231558337808 10.368434797972439
leaf_count=304 111 68 88 241 304 656 371 90 125 156 106 652 61
internal_value=-0.000192085 0.00879955 -0.00405531 -0.00639191 -0.00280383 -0.0104261 0.00690256 -0.00998957 0.014787 0.000873022 -0.0129208 0.0223719 0.0168095
internal_weight=409.852 118.13 291.723 266.37 236.241 135.088 101.153 26.0446 92.0853 35.9939 22.6306 56.0914 25.3528
internal_count=3333 1308 2025 1876 1635 960 675 201 1107 330 174 777 149
is_linear=0
shrinkage=0.05


Tree=187
num_leaves=1
num_cat=0
split_feature=
split_gain=
threshold=
decision_type=
left_child=
right_child=
leaf_value=0
leaf_weight=
leaf_count=3333
internal_value=
internal_weight=
internal_count=
is_linear=0
shrinkage=1


Tree=188
num_leaves=9
num_cat=0
split_feature=385 266 119 86 162 377 219 19
split_gain=5.27733 5.54305 5.42683 9.18501 7.02834 6.76815 4.51524 2.31653
threshold=5.5000000000000009 -0.35277385148213575 -0.17455771583318427 -15879.002966049882 1.093409289367814 -0.23639227602568616 5.0792894138769116 0.33050554182983244
decision_type=2 2 2 2 2 2 2 2
left_child=1 -1 6 5 -5 -4 -3 -8
right_child=-2 2 3 4 -6 -7 7 -9
leaf_value=0.023094246660963408 0.026914864437019449 -0.0095081680957280323 0.0063736546709263408 0.0078611666846466199 -0.0097655042854705148 -0.023071304561946337 0 0.030642500341162733
leaf_weight=18.338246142491698 14.056085435673593 11.586605019867418 20.336426243185997 132.47855758853257 93.685831928625703 87.564852638170123 10.030152820050718 21.880890434607863
leaf_count=368 122 85 140 1044 663 697 87 127
internal_value=-0.000177999 -0.00146043 -0.00295709 -0.00525084 0.000309095 -0.0170486 0.012786 0.0224345
internal_weight=409.958 395.902 377.563 334.066 226.164 107.901 43.4976 31.911
internal_count=3333 3211 2843 2544 1707 837 299 214
is_linear=0
shrinkage=0.05


Tree=189
num_leaves=15
num_cat=0
split_feature=287 167 34 110 28 260 111 299 284 229 119 351 167 364
split_gain=5.44952 4.94498 6.5723 7.50178 6.84013 8.26378 6.51575 5.28897 3.95815 4.14021 3.05827 1.74957 1.11734 0.955485
threshold=1.0000000180025095e-35 -0.76654710242652035 0.021104810631769531 50.500000000000007 0.036705066819907151 0.4272727272727273 23.500000000000004 -0.22425519816725206 -0.51600705316286199 -4.063274754366363 -0.03152028491181972 0.35653452447018014 -0.85225397937586023 0.45394477360893876
decision_type=2 2 2 2 2 2 2 2 2 2 2 2 2 2
left_child=1 8 3 10 5 -4 -5 -6 9 13 -3 -10 -11 -1
right_child=-2 2 4 6 7 -7 -8 -9 11 12 -12 -13 -14 -15
leaf_value=-0.023911396269717292 0.023506544190702982 -0.0054749649457981999 0.031706952586369713 -0.02472548900696497 -0.015407569920302634 0 0.011658807665870309 0.0055201074688930101 0.027106774627238046 0.021217023387551368 -0.035037925290453832 0 0 -0.00060970971498217378
leaf_weight=11.338371388614179 19.594757404178381 18.451466893777251 28.680223681032658 15.382279142737387 71.655283387750387 51.147129360586405 34.162115709856153 44.162145176902413 25.100388871505857 13.281171586364509 37.160743402317166 11.986298121511934 10.207903701812027 13.583268787711857
leaf_count=87 549 150 181 96 549 297 244 300 199 65 361 101 49 105
internal_value=-0.000221507 -0.0017254 -0.00484872 -0.0147549 0.000366447 0.0116231 0 -0.00706897 0.00849008 -0.000123225 -0.0268646 0.0201485 0.0130856 -0.0144319
internal_weight=405.894 386.299 300.801 105.157 195.645 79.8274 49.5444 115.817 85.4974 48.4107 55.6122 37.0867 23.4891 24.9216
internal_count=3333 2784 2178 851 1327 478 340 849 606 306 511 300 114 192
is_linear=0
shrinkage=0.05


Tree=190
num_leaves=1
num_cat=0
split_feature=
split_gain=
threshold=
decision_type=
left_child=
right_child=
leaf_value=0
leaf_weight=
leaf_count=3333
internal_value=
internal_weight=
internal_count=
is_linear=0
shrinkage=1


Tree=191
num_leaves=11
num_cat=0
split_feature=385 272 86 119 126 391 111 113 126 230
split_gain=5.03045 5.29925 5.90808 7.25052 10.7338 7.13772 6.95504 6.20383 5.02253 3.17322
threshold=5.5000000000000009 -1.8050183072142127 -7656.9651138798627 -0.17455771583318427 -0.0063472843331680009 2.5000000000000004 43.500000000000007 40.500000000000007 0.0055536408806453616 17.500000000000004
decision_type=2 2 2 2 2 2 2 2 2 2
left_child=1 9 3 7 -5 6 -4 -3 -7 -1
right_child=-2 2 5 4 -6 8 -8 -9 -10 -11
leaf_value=-0.001274274259307602 0.026460772627995524 -0.016001026336925166 0 0.00027411480067615753 -0.024479943316393832 -0.023297196763065728 0.025659360360440316 0.022715917142817815 0.009696763234013344 0.025734437002667351
leaf_weight=12.293499698862432 13.843781754374502 11.841056341305373 64.465485893189907 72.600943773984909 93.955517686903477 30.205226549878716 43.314444405958056 26.661446617916226 13.046926850453017 23.786054477095604
leaf_count=144 122 96 431 458 805 247 327 165 56 482
internal_value=-0.000156324 -0.00141619 -0.00342385 -0.00897067 -0.013581 0.00381059 0.0108769 0.00930823 -0.0122802 0.0158609
internal_weight=406.014 392.171 356.091 205.059 166.556 151.032 107.78 38.5025 43.2522 36.0796
internal_count=3333 3211 2585 1524 1263 1061 758 261 303 626
is_linear=0
shrinkage=0.05


Tree=192
num_leaves=19
num_cat=0
split_feature=266 207 109 246 191 392 207 104 270 365 11 209 390 82 120 223 40 266
split_gain=5.25756 5.42987 5.08361 3.73987 4.86952 3.86076 3.59254 3.20804 2.47388 2.38381 3.45228 3.97877 2.57948 2.34546 2.61669 1.6237 1.47206 0.372397
threshold=0.081472419126012094 1.6225430233344607 1.0000000180025095e-35 0.30898876404494385 0.97327024407178764 10.500000000000002 1.1527009186218697 -0.18152510833825383 -0.97665800295815575 0.1862053580959975 -0.00024765704380924619 3.9063685738563261 -0.015613172550136887 0.33888499829620888 0.010797130262766188 -3.0185770407602068 0.0064221643698107603 0.140476400438038
decision_type=2 2 2 2 2 2 2 2 2 2 2 2 2 2 2 2 2 2
left_child=1 7 3 4 -3 -5 9 -1 15 10 -2 -12 -11 -8 17 -9 -14 -15
right_child=6 2 -4 5 -6 -7 13 8 -10 12 11 -13 16 14 -16 -17 -18 -19
leaf_value=0.0029525244364736556 0.0086505922116303213 -0.022568418258054002 -0.028322241503164144 0.011162703626094421 0.011638354163966049 -0.013422013396560127 -0.0017141009344532098 -0.0012805567386975426 -0.00090760367876865141 -0.0064672257151367207 -0.028695675230658316 0.0027894012448385387 0 0.0079138890285007785 0 -0.030112563341838872 0.02722293739082873 0.028401661167534349
leaf_weight=14.40726471506059 16.802473502233624 24.512682372704148 11.12879568338394 104.01887501403689 12.223828652873634 14.442134942859409 11.193575982004402 10.091798905283211 18.47362956404686 11.305087480694054 20.760490270331502 11.995849847793577 10.238999200984837 13.907727953046559 10.383601410314439 38.389938900247216 14.411899723112581 32.330809507519007
leaf_count=102 153 215 97 633 95 91 108 130 87 71 120 72 115 67 86 466 114 511
internal_value=-0.000241561 -0.00484505 9.81232e-05 0.00295058 -0.00990871 0.00749633 0.00682532 -0.015187 -0.0197642 0 -0.00701482 -0.0165004 0.00930542 0.0151548 0.0192466 -0.0255066 0.018264 0.0241124
internal_weight=401.019 247.689 166.326 155.198 36.7365 118.461 153.331 81.3626 66.9554 85.5148 49.5588 32.7563 35.956 67.8157 56.6221 48.4817 24.6509 46.2385
internal_count=3333 1916 1131 1034 310 724 1417 785 683 645 345 192 300 772 664 596 229 578
is_linear=0
shrinkage=0.05


Tree=193
num_leaves=1
num_cat=0
split_feature=
split_gain=
threshold=
decision_type=
left_child=
right_child=
leaf_value=0
leaf_weight=
leaf_count=3333
internal_value=
internal_weight=
internal_count=
is_linear=0
shrinkage=1


Tree=194
num_leaves=9
num_cat=0
split_feature=385 266 165 37 105 260 27 104
split_gain=4.78444 5.00265 4.89174 6.9057 6.68973 5.2336 5.51434 2.62578
threshold=5.5000000000000009 -0.35277385148213575 -0.001104047350781341 0.016301697872000667 -0.20784219430251619 0.31818181818181823 0.1239717333080602 0.09012453290831797
decision_type=2 2 2 2 2 2 2 2
left_child=1 -1 5 7 -5 -3 -7 -4
right_child=-2 2 3 4 -6 6 -8 -9
leaf_value=0.022476854923486694 0.026054586445316458 0.017052671633506055 0.027866815287010974 -0.026097485071256817 0.00045717395685873353 -0.0035692136326129277 -0.028411391266435233 0
leaf_weight=17.403022991493344 13.534062275663016 10.191820016130803 26.194952055811882 23.412779424339533 201.4427106063813 55.674077989533544 43.220662120729685 10.065184351056812
leaf_count=368 122 81 249 153 1501 387 380 92
internal_value=-0.000145738 -0.00138167 -0.00280889 0.000754879 -0.00239556 -0.0115773 -0.0154337 0.0202551
internal_weight=401.139 387.605 370.202 261.116 224.855 109.087 98.8947 36.2601
internal_count=3333 3211 2843 1995 1654 848 767 341
is_linear=0
shrinkage=0.05


Tree=195
num_leaves=13
num_cat=0
split_feature=287 73 111 377 104 37 391 64 105 64 37 162
split_gain=5.08592 4.87565 8.462 6.86982 6.00927 6.15062 5.54804 4.80946 3.7897 2.87878 2.32978 2.02092
threshold=1.0000000180025095e-35 1.1610093869653542 43.500000000000007 0.047527999140522199 -0.17685134077910389 0.079355228999445596 1.5000000000000002 0.37666025929251057 0.099395911822444324 0.45392141425454074 0.051359381256578886 1.1041462414890126
decision_type=2 2 2 2 2 2 2 2 2 2 2 2
left_child=1 4 9 8 7 6 -6 11 -4 -3 -11 -1
right_child=-2 2 3 -5 5 -7 -8 -9 -10 10 -12 -13
leaf_value=0 0.023084147389717185 0.036051701026574755 -0.025780506646190412 0.01692341778067347 -0.015975384096473227 0.016800415936132265 0.00194253477617731 -0.010678758498267028 0.0042367147279170556 0.021124415970712736 -0.005290809948891171 0.029460324174095793
leaf_weight=12.408096509054301 18.765664845705032 20.998993437737226 29.028183326125145 19.48977086506784 158.23660371825099 17.34349668212235 51.73990124091506 14.131914986297486 10.688859568908809 12.019507626071574 12.061294831335543 20.233000613749027
leaf_count=102 549 127 211 149 1239 127 329 114 95 86 87 118
internal_value=-0.000271451 -0.00173334 0.00713689 -0.0046153 -0.00532945 -0.00880385 -0.0113603 0.0100647 -0.0168014 0.0229368 0.00692712 0.0205913
internal_weight=397.145 378.38 104.287 59.2068 274.093 227.32 209.977 46.773 39.717 45.0798 24.0808 32.6411
internal_count=3333 2784 755 455 2029 1695 1568 334 306 300 173 220
is_linear=0
shrinkage=0.05


Tree=196
num_leaves=1
num_cat=0
split_feature=
split_gain=
threshold=
decision_type=
left_child=
right_child=
leaf_value=0
leaf_weight=
leaf_count=3333
internal_value=
internal_weight=
internal_count=
is_linear=0
shrinkage=1


Tree=197
num_leaves=15
num_cat=0
split_feature=385 25 383 391 167 216 73 105 268 66 111 130 15 29
split_gain=4.59957 4.72523 8.17755 10.3761 7.4712 7.84719 6.35553 5.03981 3.06488 2.83217 2.49449 2.12897 1.69859 0.795237
threshold=5.5000000000000009 0.016877205922098411 2.5000000000000004 2.5000000000000004 -0.17818205700774228 4.9964908049769683 0.75643249551928327 0.065930203820929997 -0.33362390858848495 0.29945585695962584 15.500000000000002 -14.499999999999998 0.0039656573368437352 -0.065205826133343511
decision_type=2 2 2 2 2 2 2 2 2 2 2 2 2 2
left_child=1 2 3 10 5 7 13 -3 12 -5 -1 -7 -6 -4
right_child=-2 4 6 9 8 11 -8 -9 -10 -11 -12 -13 -14 -15
leaf_value=0.0019003780025622465 0.025730621684274771 0.0024592712921114391 -0.0072890670274066253 -0.02456339599094615 0.0015714133931712248 -0.0011308912855073866 0.011768385781847962 -0.014224464482930507 -0.0046269182925003146 0.0059184591827899941 0.03583233841888437 -0.032021858051373912 0.029625729972522649 -0.035259851156819184
leaf_weight=10.361002109944819 13.324043206870554 115.78032415919006 12.295688118785618 11.131675152108075 12.979634691029785 10.800014248117803 15.720001971349118 67.14941181614995 12.277615817263721 10.484848624095319 37.764193065464497 36.28588842600584 19.031672073528171 11.885315952822568
leaf_count=73 122 902 129 111 97 96 160 542 114 71 362 335 147 72
internal_value=-0.000123591 -0.00134255 0.00712619 0.0174419 -0.00494839 -0.00870902 -0.0096977 -0.00352673 0.0128387 -0.00882791 0.0300452 -0.0264269 0.020788 -0.0252509
internal_weight=397.271 383.947 109.643 69.7417 274.305 230.016 39.901 182.93 44.2889 21.6165 48.1252 47.0859 32.0113 24.181
internal_count=3333 3211 978 617 2233 1875 361 1444 358 182 435 431 244 201
is_linear=0
shrinkage=0.05


Tree=198
num_leaves=15
num_cat=0
split_feature=284 207 167 87 104 216 28 72 266 246 392 191 265 165
split_gain=5.0224 4.80374 4.42579 4.73979 5.65542 4.36818 5.29639 2.84857 2.64591 3.04748 4.22368 2.11374 1.11188 0.31404
threshold=-0.38220169564211975 1.4368097921494856 -0.77207482476716482 0.041163559178917127 0.046843208990901546 2.5423149386632358 0.040302150016195686 0.0038908475025688752 -0.34291971732233889 0.28651685393258436 10.500000000000002 0.93361344170522054 0.11500330469266359 -0.00059601172124955349
decision_type=2 2 2 2 2 2 2 2 2 2 2 2 2 2
left_child=1 7 -2 5 12 -4 -7 -1 -3 11 -11 -10 -5 -9
right_child=2 8 3 4 -6 6 -8 13 9 10 -12 -13 -14 -15
leaf_value=0 0.024018598865890729 -0.020146159750360233 -0.01617628959159274 -0.0046564159081974111 0.014122366369587292 0.020216219584710291 0 -0.0069257039743555113 -0.021654863447105367 0.0089737087748177416 -0.01850802047455687 0.0018286192987034674 -0.031565542896478303 -0.030983231042413441
leaf_weight=10.013508465141056 24.506020560860634 13.730374274775384 14.116404097527264 12.379446458071472 10.408901408314703 60.047901954501867 59.38684013299644 10.033620698377488 18.854853698983792 95.286476561799645 12.531354313716291 10.011789781972764 17.386770091950893 24.278293048962951
leaf_count=106 376 275 107 98 95 435 462 75 154 532 66 80 92 380
internal_value=-0.000230906 -0.00600715 0.00520008 0.00189993 -0.0121775 0.00667541 0.0101149 -0.0199866 -0.0012514 0.000680601 0.00491383 -0.0125357 -0.0233513 -0.0264108
internal_weight=392.973 194.74 198.232 173.726 40.1751 133.551 119.435 44.3254 150.415 136.684 107.818 28.8666 29.7662 34.3119
internal_count=3333 1668 1665 1289 285 1004 897 561 1107 832 598 234 190 455
is_linear=0
shrinkage=0.05


Tree=199
num_leaves=1
num_cat=0
split_feature=
split_gain=
threshold=
decision_type=
left_child=
right_child=
leaf_value=0
leaf_weight=
leaf_count=3333
internal_value=
internal_weight=
internal_count=
is_linear=0
shrinkage=1


Tree=200
num_leaves=18
num_cat=0
split_feature=266 10 11 119 119 372 372 110 240 130 30 30 165 86 165 64 28
split_gain=4.5163 6.31295 7.71518 7.15381 6.68224 5.47213 7.4924 4.41642 3.96088 3.57288 2.36132 4.48818 2.29919 2.02013 1.8927 0.904859 0.888456
threshold=-0.11056538008860674 -0.0097214566061232365 0.0011802516674548349 -0.19388249834595433 0.011600507352707784 0.045960563931771399 -0.0053419143740218158 52.500000000000007 1.5000000000000002 -14.499999999999998 0.03045939673032718 0.015618906086173326 -0.0022580293331787723 -7258.7955657398625 -0.0032954059295775937 0.4115025388235245 0.019490667735635073
decision_type=2 2 2 2 2 2 2 2 2 2 2 2 2 2 2 2 2
left_child=8 3 5 -2 13 6 -3 -4 9 -1 11 -11 -10 -5 -12 -9 -14
right_child=1 2 7 4 -6 -7 -8 15 12 10 14 -13 16 -15 -16 -17 -18
leaf_value=0.018450935658373364 0.013096204840066095 -0.00032197873567468014 0.0053335669856996882 -0.033190632927789052 0.009040196483239232 -0.019230694023154114 0.023530648429822169 -0.033031255712586562 0 0.0029950226963143499 -0.0054869742533366576 -0.027348037011000456 0.0029117827260552445 -0.0058519357072190654 0.019294069286728843 -0.0050784621754187131 0.028283051115129351
leaf_weight=16.970567753538489 14.697476010769604 62.676207778975368 11.722249176353214 46.664927449077368 11.278364716097711 13.183139469474552 57.982269434258342 19.680193699896339 14.001403369009493 18.061594163998961 10.912639461457731 21.478563079610467 10.026601321995257 15.072701297700403 10.628405684605239 10.188895711675285 27.870528016239405
leaf_count=170 113 471 101 483 74 104 336 133 87 201 60 130 117 155 78 84 436
internal_value=-0.000172274 -0.00405168 0.00120483 -0.0148084 -0.0213783 0.00732667 0.0110288 -0.0165416 0.00722152 0 -0.00577005 -0.0130785 0.0175119 -0.027869 0.00556656 -0.026351 0.023499
internal_weight=393.097 263.146 175.433 87.7135 73.016 133.842 120.658 41.5913 129.95 78.0518 61.0812 39.5402 51.8985 61.7376 21.541 29.8691 37.8971
internal_count=3333 2054 1229 825 712 911 807 318 1279 639 469 331 640 638 138 217 553
is_linear=0
shrinkage=0.05


Tree=201
num_leaves=15
num_cat=0
split_feature=287 126 28 20 381 111 304 221 104 364 209 354 113 397
split_gain=4.72056 4.26687 11.298 8.75911 7.33838 7.47788 6.42482 6.25003 5.24083 3.83172 2.8181 2.73657 2.68342 4.56806
threshold=1.0000000180025095e-35 -0.001557696012491727 0.03908901829222574 0.26412870400039506 11.726461352729901 57.500000000000007 1.0000000180025095e-35 8.3208349487736601 -0.084429446282177426 0.55412658145284832 4.2936296084956931 0.029675767451888515 67.500000000000014 0.0076929371808975534
decision_type=2 2 2 2 2 2 2 2 2 2 2 2 2 2
left_child=1 2 3 7 9 6 -6 -1 -7 10 -3 -5 13 -4
right_child=-2 4 12 11 5 8 -8 -9 -10 -11 -12 -13 -14 -15
leaf_value=0.018020255214355029 0.02264760251852567 -0.029146392105889204 -0.037295429953852079 0.03077357051080476 0 0.016013622292829103 0.024762891503407995 -0.018238840137112407 -0.015308958792138744 0.0086241210801958953 0 0 -0.0017330110224428109 -0.00032827128583818682
leaf_weight=12.231729267165063 17.984804483130574 26.229524629190564 36.854076988995075 23.793061837553978 38.344732785597444 15.034277575090526 67.988392535597086 42.13832513615489 41.698741152882576 10.55714977532625 12.37423003092408 12.176606759428976 16.754403240978718 14.166224393993614
leaf_count=72 549 295 246 112 373 118 385 326 308 80 104 100 128 137
internal_value=-0.000270312 -0.00169024 -0.00791501 0.00322503 0.00276074 0.00805383 0.0158503 -0.00869428 -0.00578402 -0.0132912 -0.0206761 0.0218071 -0.0229778 -0.028545
internal_weight=388.326 370.341 158.114 90.3397 212.227 163.066 106.333 54.3701 56.733 49.1609 38.6038 35.9697 67.7747 51.0203
internal_count=3333 2784 1121 610 1663 1184 758 398 426 479 399 212 511 383
is_linear=0
shrinkage=0.05


Tree=202
num_leaves=1
num_cat=0
split_feature=
split_gain=
threshold=
decision_type=
left_child=
right_child=
leaf_value=0
leaf_weight=
leaf_count=3333
internal_value=
internal_weight=
internal_count=
is_linear=0
shrinkage=1


Tree=203
num_leaves=11
num_cat=0
split_feature=385 270 25 383 391 221 399 87 268 224
split_gain=4.3235 4.45281 4.80125 7.07959 10.0208 5.56219 4.87978 5.90025 0.951535 0.345207
threshold=5.5000000000000009 -1.2859459053776396 0.016877205922098411 2.5000000000000004 2.5000000000000004 17.443321855400658 -0.20359847811242004 -0.047213841658205184 -0.82207152672274708 0.68639729563762686
decision_type=2 2 2 2 2 2 2 2 2 2
left_child=1 8 3 4 -3 -5 -4 -8 9 -1
right_child=-2 2 6 5 -6 -7 7 -9 -10 -11
leaf_value=0.025768822504159274 0.025261300780339137 0.028950197586528392 0.014354880680391919 0.0076417008533311405 -0.011525636066684308 -0.029125496985449625 0.00065724101310609675 -0.015427068994143145 0 0.0035966520241282906
leaf_weight=13.973771190270783 12.885839818045495 43.141793668270111 19.945175163447857 15.481373034417627 18.753456456586719 17.543458066880703 84.301574751734734 141.49792303331196 10.908287623897193 10.004896892234681
leaf_count=311 122 347 141 122 146 148 602 1123 83 188
internal_value=-0.000142682 -0.00133971 -0.00324282 0.00590259 0.0159502 -0.0113008 -0.00700488 -0.00927363 0.0147094 0.0197997
internal_weight=388.438 375.552 340.665 94.9201 61.8953 33.0248 245.745 225.799 34.887 23.9787
internal_count=3333 3211 2629 763 493 270 1866 1725 582 499
is_linear=0
shrinkage=0.05


Tree=204
num_leaves=13
num_cat=0
split_feature=309 126 113 73 28 110 28 126 113 73 120 126
split_gain=4.59387 4.79459 7.43653 5.6835 5.01776 4.76781 4.46446 2.99452 2.81636 2.30028 2.20833 1.80463
threshold=0.39920249682809711 0.00059127264019054337 101.50000000000001 1.1219636299603968 0.035075057333816724 50.500000000000007 0.020078211953241661 -0.001557696012491727 46.500000000000007 0.83233150604831374 -0.026131402926861388 0.0055536408806453616
decision_type=2 2 2 2 2 2 2 2 2 2 2 2
left_child=1 2 3 4 -1 -5 9 8 -8 -2 -9 -3
right_child=6 11 -4 5 -6 -7 7 10 -10 -11 -12 -13
leaf_value=0.0012243708701898631 0.0031111923431846131 0.025432836413046278 -0.029130628791887693 -0.0029574517053161755 -0.015614013552017076 0.022259849562270454 -0.010024493655222762 0 0.017592888714392772 -0.023296229608693864 0.027030263998943562 0
leaf_weight=75.482271136716008 12.12941254116595 14.45259413123131 27.943753818050027 32.254321929067373 88.038155764341354 32.440991520881653 18.619894022122029 10.856090864166616 12.738765897229312 11.069263858720658 37.630365322344005 10.005051208660005
leaf_count=543 118 92 241 238 698 188 149 129 170 76 630 61
internal_value=-0.000299655 -0.00374012 -0.00595055 -0.00255489 -0.007659 0.00937507 0.00843895 0.0141902 0.000295759 -0.00880542 0.0216645 0.0157107
internal_weight=383.661 280.617 256.159 228.216 163.52 64.6953 103.044 79.8451 31.3587 23.1987 48.4865 24.4576
internal_count=3333 2061 1908 1667 1241 426 1272 1078 319 194 759 153
is_linear=0
shrinkage=0.05


Tree=205
num_leaves=1
num_cat=0
split_feature=
split_gain=
threshold=
decision_type=
left_child=
right_child=
leaf_value=0
leaf_weight=
leaf_count=3333
internal_value=
internal_weight=
internal_count=
is_linear=0
shrinkage=1


Tree=206
num_leaves=15
num_cat=0
split_feature=266 167 37 376 71 113 67 126 111 103 73 242 28 19
split_gain=4.10804 4.63642 4.0252 4.82515 5.29441 5.00663 3.55953 3.10302 3.34047 2.55087 2.34821 3.62234 3.26704 1.18906
threshold=-0.15411129347559294 -0.76654710242652035 0.016301697872000667 1.0000000180025095e-35 1.2568303561300913 76.500000000000014 -0.014378979296367942 0.001721188402613816 14.500000000000002 0.17433629694086897 1.1507865173448406 0.66176470588235314 0.021227172183906937 0.38698518830744416
decision_type=2 2 2 2 2 2 2 2 2 2 2 2 2 2
left_child=7 6 9 4 -4 -5 -2 8 13 -3 12 -12 -10 -1
right_child=1 2 3 5 -6 -7 -8 -9 10 -11 11 -13 -14 -15
leaf_value=0.004363487805133911 0 0.031456041617095983 -0.018883269180267191 0.0090784896501495595 0.0075871215128321722 -0.012590629747738053 -0.027926042931919044 -0.013063357049944864 0 0 -0.016973698255327525 0.018820516561142253 0.028623447359046296 -0.01520358794223281
leaf_weight=10.607103293761613 15.621541891247032 11.932410705834629 65.37040781788528 95.761187566444278 21.060870522633195 32.360702015459538 27.389830347150564 10.557076033204792 10.000043574720619 11.691822074353693 10.044616213068368 11.967983700335024 39.1153893917799 10.298154462128876
leaf_count=110 170 77 497 673 131 250 319 68 124 106 80 148 508 72
internal_value=-0.000122895 -0.00337626 -0.000349355 -0.00279065 -0.0118359 0.00306119 -0.0179355 0.00816326 0.0114598 0.0177605 0.0166181 0.000411385 0.0224805 -0.00388221
internal_weight=383.779 281.189 238.177 214.553 86.4313 128.122 43.0114 102.59 92.0333 23.6242 71.128 22.0126 49.1154 20.9053
internal_count=3333 2223 1734 1551 628 923 489 1110 1042 183 860 228 632 182
is_linear=0
shrinkage=0.05


Tree=207
num_leaves=9
num_cat=0
split_feature=287 349 25 383 391 220 385 74
split_gain=4.37978 3.98354 5.55315 7.06668 6.28009 4.50374 3.90436 4.07997
threshold=1.0000000180025095e-35 30.500000000000004 0.016877205922098411 2.5000000000000004 2.5000000000000004 6.7850325694013662 5.5000000000000009 -0.34217378060397868
decision_type=2 2 2 2 2 2 2 2
left_child=1 2 3 4 -1 -5 7 -4
right_child=-2 -3 6 5 -6 -7 -8 -9
leaf_value=-0.033216182261429993 0.022198558408566611 0.022761300451119609 0.019486323824549276 -0.018890485968784326 0.00055636561359273095 0.016307603385364581 -0.025136342208436968 0
leaf_weight=41.914367044344544 17.226655451580882 12.56814602948725 27.373045936226845 10.216845914721487 15.607456339523194 23.336840009316802 10.552838917821644 221.17123556137085
leaf_count=388 549 87 214 98 107 195 99 1596
internal_value=-0.000287026 -0.00166491 -0.00286907 -0.0133054 -0.0236531 0.00355144 0.000718962 0.00230221
internal_weight=379.967 362.741 350.173 91.0755 57.5218 33.5537 259.097 248.544
internal_count=3333 2784 2697 788 495 293 1909 1810
is_linear=0
shrinkage=0.05


Tree=208
num_leaves=1
num_cat=0
split_feature=
split_gain=
threshold=
decision_type=
left_child=
right_child=
leaf_value=0
leaf_weight=
leaf_count=3333
internal_value=
internal_weight=
internal_count=
is_linear=0
shrinkage=1


Tree=209
num_leaves=22
num_cat=0
split_feature=11 231 11 10 364 7 34 167 112 66 86 33 16 74 274 266 7 242 25 113 10
split_gain=4.0416 8.62626 6.12054 7.34534 5.84978 5.72806 5.4055 7.6944 5.33759 5.13623 4.76292 4.12293 4.06687 3.73167 3.30044 2.96212 2.81965 1.13859 0.416506 0.393469 0.0668485
threshold=-0.0006185315156608805 49.500000000000007 0.00085173494185031295 0.011123890974309153 0.56202167908647283 -0.0022676005625660851 0.021802830990367787 -0.65435207280614127 111.50000000000001 0.4205859340179921 -21476.648429344867 0.024770057274307301 0.0031745505063293677 0.28199513476757093 0.39778540162411496 0.097798490771896743 -0.0051216857091991299 0.86764705882352955 0.015882421595637124 61.500000000000007 -0.036328526009626071
decision_type=2 2 2 2 2 2 2 2 2 2 2 2 2 2 2 2 2 2 2 2 2
left_child=1 10 3 6 8 -3 7 -2 17 -8 16 -12 18 -5 -13 -14 -1 -4 -6 -7 -18
right_child=2 5 4 13 12 19 9 -9 -10 -11 11 14 15 -15 -16 -17 20 -19 -20 -21 -22
leaf_value=-0.0012048425557673889 -0.0032349783499391865 0.0037025415782485382 0.02820958083114334 0.033679366734737905 -0.0073858039673111208 -0.011051958691990342 -0.026520987675093269 0.025793012501268194 -0.013252920924565934 0.010477908595873317 0.012725612561251721 0 0.014861285701462411 0 -0.030549395908150173 -0.01680680736960612 0.032272573419752232 0.0023848691310827427 -0.03300331526480272 -0.039377376922009988 0.0080363730331929686
leaf_weight=10.256701083853839 48.061894483864307 10.161716653034089 15.435977935791017 33.434356801211834 10.120174605399372 10.424174693413077 22.963712694123387 35.777473734691739 16.203693876042962 10.284967213869093 11.637164292857049 12.086963180452587 12.109644249081613 11.638479260727761 17.439394092187285 11.402377365157006 12.123712576925753 12.495999885722993 21.851529568433762 24.148545628413558 10.031267320737244
leaf_count=89 443 77 160 281 68 127 207 321 105 85 103 91 95 82 226 109 72 120 152 198 122
internal_value=-0.000143886 -0.00782237 0.00318682 0.00923875 -0.00615939 -0.0244827 0.00196205 0.00903972 0.00641811 -0.0137766 0.00221666 -0.00808567 -0.0168354 0.0257996 -0.0182424 0 0.0162893 0.0196246 -0.0276534 -0.033732 0.0255538
internal_weight=380.09 118.31 261.78 162.161 99.6194 44.7344 117.088 83.8394 44.1357 33.2487 73.5752 41.1635 55.4837 45.0728 29.5264 23.512 32.4117 27.932 31.9717 34.5727 22.155
internal_count=3333 1105 2228 1419 809 402 1056 764 385 292 703 420 424 363 317 204 283 280 220 325 194
is_linear=0
shrinkage=0.05


Tree=210
num_leaves=22
num_cat=0
split_feature=126 16 297 66 111 73 10 11 381 381 370 349 68 11 105 191 23 265 130 8 349
split_gain=4.34768 8.94269 7.29439 6.52119 6.43084 5.86589 5.52121 5.846 4.70111 4.65425 4.27235 4.20508 3.99801 5.40943 3.18978 2.31542 2.24545 1.76517 1.47773 0.60383 0.0556128
threshold=-0.001557696012491727 0.00042088763759625595 -0.67975122581554703 0.363453966271511 56.500000000000007 1.1799688202273242 0.0061741045283828407 0.0013277901897578161 43.977676932294372 11.726461352729901 0.058440480904171747 7.5000000000000009 0.35471858102226211 0.00059522670782707909 0.28043052008277269 0.71758083414578089 -1.0000000180025095e-35 0.12429775280898878 -19.499999999999996 -0.0026300374415262084 4.5000000000000009
decision_type=2 2 2 2 2 2 2 2 2 2 2 2 2 2 2 2 2 2 2 2 2
left_child=1 5 14 12 9 18 -5 -8 11 15 -11 -6 13 -3 16 -4 -2 -10 -1 -20 -14
right_child=2 3 4 6 8 -7 7 -9 17 10 -12 -13 20 -15 -16 -17 -18 -19 19 -21 -22
leaf_value=-0.0040651551625560519 0 -0.022941807801820958 -0.013317835797535258 0.017087320879583937 -0.027200340523928834 0.0070989802832923084 -0.033767230240319607 0.00076642286903605438 0.022059567175550458 -0.003412170612440864 0.026314163803751619 0.0047650623207297861 0.010647224166069188 0.018726852884126798 0.0074633245183580695 0.011993280498887697 -0.026938989409779863 -0.00023346237775384227 -0.03892793881173881 -0.010060074601401535 0.037886531748735471
leaf_weight=10.249855833128093 11.54965050332248 10.300653064623477 15.11514204926789 10.854896740987895 22.772826876491308 10.527275742962955 22.53984853439033 18.125791536644101 13.527309019118549 10.222534826025365 71.90703839622438 11.99018116109073 10.20148009248078 15.600438907742499 10.407241540960966 14.905937356874345 25.186083870008588 10.201044306159018 27.76711941324174 10.323814719915392 11.387235505506395
leaf_count=110 115 89 104 102 175 103 156 144 151 65 664 101 91 113 90 122 402 92 209 78 57
internal_value=-0.000281772 -0.00665235 0.00413761 0.0021503 0.00910723 -0.0216521 -0.00934465 -0.0182344 -0.00354679 0.0160615 0.022037 -0.0153484 0.0154255 0 -0.0123223 0 -0.0193261 0.0116544 -0.0289361 -0.0336264 0.0299179
internal_weight=375.663 157.878 217.785 99.0103 170.642 58.8681 51.5205 40.6656 58.4914 112.151 82.1296 34.763 47.4898 25.9011 47.143 30.0211 36.7357 23.7284 48.3408 38.0909 21.5887
internal_count=3333 1252 2081 752 1474 500 402 300 519 955 729 276 350 202 607 226 517 243 397 287 148
is_linear=0
shrinkage=0.05


Tree=211
num_leaves=1
num_cat=0
split_feature=
split_gain=
threshold=
decision_type=
left_child=
right_child=
leaf_value=0
leaf_weight=
leaf_count=3333
internal_value=
internal_weight=
internal_count=
is_linear=0
shrinkage=1


Tree=212
num_leaves=10
num_cat=0
split_feature=272 399 86 390 118 387 73 276 230
split_gain=3.85328 4.37341 6.33294 5.73532 5.42973 5.75285 5.05734 4.90959 2.76671
threshold=-1.8050183072142127 0.064405940183798097 -7656.9651138798627 0.0044052425466940557 1.0000000180025095e-35 -0.12364639935641485 1.0347203931926836 0.91315990746791964 17.500000000000004
decision_type=2 2 2 2 2 2 2 2 2
left_child=8 2 4 6 7 -6 -4 -2 -1
right_child=1 -3 3 -5 5 -7 -8 -9 -10
leaf_value=-0.00082000951379610019 0 -0.025561931290348908 0.021958439760263543 -0.01422593439838914 0.015452956318457257 -0.007538750550894981 0 -0.023032648602298544 0.024865015067616809
leaf_weight=11.734821733087299 37.73334195278585 15.59051684476435 61.274512429721653 19.283567406237125 42.565859794616699 62.704801855608821 43.995487624779344 59.17761973105371 21.712081309407949
leaf_count=147 236 99 472 178 313 500 312 568 508
internal_value=-0.000158648 -0.00191841 -0.000416291 0.00817261 -0.00599328 0.00146665 0.0130179 -0.0143979 0.0151558
internal_weight=375.773 342.326 326.735 124.554 202.182 105.271 105.27 96.911 33.4469
internal_count=3333 2678 2579 962 1617 813 784 804 655
is_linear=0
shrinkage=0.05


Tree=213
num_leaves=19
num_cat=0
split_feature=303 28 130 66 119 260 387 165 37 68 68 68 167 270 62 31 385 20
split_gain=4.08463 4.53261 5.47659 4.58629 7.64893 4.49305 6.47613 5.53607 4.81176 4.21468 5.03721 3.8681 3.172 3.01308 1.91142 1.82903 1.22616 1.01827
threshold=0.018916594786565745 0.033217973051920001 -8.4999999999999982 0.39945098950463204 -0.17985625117178372 0.46363636363636368 1.0000000180025095e-35 -0.00098717234457289401 0.022439720466020972 0.37651095950890145 0.35838506676410636 0.39293340113581138 -0.68022662963753111 -0.8450788720604463 0.52966520812320728 0.0056691956756801162 1.5000000000000002 0.24099385290963679
decision_type=2 2 2 2 2 2 2 2 2 2 2 2 2 2 2 2 2 2
left_child=1 5 11 15 -5 8 7 -7 -1 10 12 -3 -2 -14 16 -4 -11 -8
right_child=9 2 3 4 -6 6 17 -9 -10 14 -12 -13 13 -15 -16 -17 -18 -19
leaf_value=-0.0025188690988861683 0.024121051632602288 0 0 -0.018444431884594045 0.01377587073303887 0.012964068346440885 0 -0.022523111497397739 0.030881976532806055 0.030035960955366998 -0.0278162885356746 -0.034450934638960547 -0.020051172827633034 0.0084497950714917513 0 -0.021840456033189515 0.0023315339504429238 0.025929063454895703
leaf_weight=13.622488053515552 13.522115116007621 10.296205615624784 10.905953045934437 23.145380137488246 55.898945119231939 10.827528208494185 10.311263073235752 38.184887641109526 22.344624575227499 24.524577101692557 11.033475549891589 26.850445486605167 11.90649653598666 19.827499173581607 14.076911648735402 31.360444258898497 10.185219740495084 11.853656733408569
leaf_count=178 209 88 71 150 405 62 66 327 122 403 71 231 61 227 175 276 162 49
internal_value=-0.000272659 -0.00370053 -0.00909936 -0.00323582 0.0034024 0.00386028 -0.002907 -0.0134266 0.0177283 0.00779156 -0.000806777 -0.0253299 0.00606194 -0.0016124 0.0181498 -0.0161576 0.0240645 0.0171952
internal_weight=370.678 265.602 158.457 121.311 79.0443 107.144 71.1773 49.0124 35.9671 105.076 56.2896 37.1467 45.2561 31.734 48.7867 42.2664 34.7098 22.1649
internal_count=3333 2025 1221 902 555 804 504 389 300 1308 568 319 497 288 740 347 565 115
is_linear=0
shrinkage=0.05


Tree=214
num_leaves=1
num_cat=0
split_feature=
split_gain=
threshold=
decision_type=
left_child=
right_child=
leaf_value=0
leaf_weight=
leaf_count=3333
internal_value=
internal_weight=
internal_count=
is_linear=0
shrinkage=1


Tree=215
num_leaves=10
num_cat=0
split_feature=290 119 11 110 349 167 113 268 207
split_gain=3.66213 4.06706 9.0825 5.51784 6.28195 5.21952 3.95939 2.24811 1.90765
threshold=0.028494614836146275 -0.17455771583318427 -0.0015800327109037891 50.500000000000007 30.500000000000004 -0.27855862253812186 40.500000000000007 -0.60002027417440273 1.9038313083505898
decision_type=2 2 2 2 2 2 2 2 2
left_child=-1 6 7 4 -4 -5 -2 -3 -8
right_child=1 2 3 5 -6 -7 8 -9 -10
leaf_value=0.021245916415703021 -0.0060018118032920372 -0.00081447643233826465 0.011238143229189581 -0.013745077302497941 -0.023446316745780259 0.0044508958171951638 0.033183911931695113 -0.034008666297861721 0.00086713626120256198
leaf_weight=15.676202513277529 13.28277265280485 10.350223518908022 114.42891759518534 96.395231570117176 11.083414254710076 57.966593071818352 16.143287565559152 24.842529871501029 10.627975452691315
leaf_count=379 109 78 1051 738 84 437 103 267 87
internal_value=-0.000179209 -0.00143466 -0.00349964 -0.000195707 0.00731042 -0.00663972 0.0127593 -0.0263862 0.0234141
internal_weight=370.797 355.121 315.067 279.874 125.512 154.362 40.054 35.1928 26.7713
internal_count=3333 2954 2655 2310 1135 1175 299 345 190
is_linear=0
shrinkage=0.05


Tree=216
num_leaves=18
num_cat=0
split_feature=126 16 297 7 37 103 120 87 393 240 31 215 387 372 162 353 229
split_gain=3.98063 8.33282 6.61693 5.58541 4.94302 5.48843 4.14133 5.15817 3.83935 3.74726 3.55482 3.2729 3.15227 3.13185 3.05002 1.95821 1.80925
threshold=-0.001557696012491727 0.00042088763759625595 -0.67975122581554703 0.0026047977328341747 0.016083495864459885 0.16811374844398905 -0.022101722668092346 0.042631693585496351 -0.09505629719228649 0.6428571428571429 0.023618928213083531 1.7818366679453372 0.40427550083585573 -0.012699267579872052 1.5190915501843929 0.004764910480262341 -3.7881221190980869
decision_type=2 2 2 2 2 2 2 2 2 2 2 2 2 2 2 2 2
left_child=1 9 13 10 5 -4 8 -8 -6 -1 11 -3 -11 16 -5 -7 -2
right_child=2 3 4 14 6 15 7 -9 -10 12 -12 -13 -14 -15 -16 -17 -18
leaf_value=0.00024956439833918377 -0.0100032302615491 0.02978653260781082 -0.023992571887433353 -0.025200166795567948 0.010737662318256142 -0.0057744176843028665 0.030630904787972701 0.0018165297765865677 -0.020447785161157264 -0.036378624380775229 -0.010047822946575292 0.0033524973514874427 -0.0038807706891151555 -0.024668818844612528 0.0035124264981863844 0.016376312297607432 0.014510306337866997
leaf_weight=11.73588505014777 14.443326190114023 22.681000720709562 18.131276897154748 19.431189788505439 28.698984047397971 10.477790516801177 48.197503354400396 28.439077960327268 11.215247510001062 30.134823840111494 12.082254586741326 32.442428995855153 15.443520499393342 21.152498087845743 10.061196159571407 21.671701422892511 10.192481216043232
leaf_count=81 184 124 133 163 237 80 485 237 95 274 91 281 145 362 93 207 61
internal_value=-0.00025726 -0.00643558 0.00401342 0.00213476 0.00879842 -0.00339313 0.0144293 0.0210373 0 -0.0211111 0.0104297 0.0160653 -0.0273162 -0.0118651 -0.0144463 0.00785801 0
internal_weight=366.632 154.012 212.62 96.6981 166.832 50.2808 116.551 76.6366 39.9142 57.3142 67.2057 55.1234 45.5783 45.7883 29.4924 32.1495 24.6358
internal_count=3333 1252 2081 752 1474 420 1054 722 332 500 496 405 419 607 256 287 245
is_linear=0
shrinkage=0.05


Tree=217
num_leaves=1
num_cat=0
split_feature=
split_gain=
threshold=
decision_type=
left_child=
right_child=
leaf_value=0
leaf_weight=
leaf_count=3333
internal_value=
internal_weight=
internal_count=
is_linear=0
shrinkage=1


Tree=218
num_leaves=10
num_cat=0
split_feature=385 119 68 110 349 167 113 104 207
split_gain=3.64075 3.91416 10.4257 6.04232 5.91639 5.228 4.99741 3.76282 0.647698
threshold=5.5000000000000009 -0.17455771583318427 0.46921697462872097 46.500000000000007 30.500000000000004 -0.27855862253812186 44.500000000000007 -0.070348804079963634 1.9038313083505898
decision_type=2 2 2 2 2 2 2 2 2
left_child=1 7 3 4 -3 -5 -4 -1 -9
right_child=-2 2 6 5 -6 -7 -8 8 -10
leaf_value=-0.0057978580979686474 0.023821199816848382 0.015174097921594035 0 -0.011606935790434552 -0.01997604922090708 0.0062351588039492841 -0.033428867329866871 0.030395672635833555 0.0056304323961557864
leaf_weight=13.226527357473968 11.927243530750273 86.279281859286129 17.043442288413644 107.41803650930524 10.050583675503729 58.991311855614185 34.681239475496113 15.188988966867329 11.957448184490202
leaf_count=111 122 904 176 881 80 493 352 109 105
internal_value=-0.000204238 -0.00134448 -0.0033834 0.00056049 0.0105108 -0.00498845 -0.0232629 0.0125194 0.0227915
internal_weight=366.764 354.837 314.464 262.739 96.3299 166.409 51.7247 40.373 27.1464
internal_count=3333 3211 2886 2358 984 1374 528 325 214
is_linear=0
shrinkage=0.05


Tree=219
num_leaves=17
num_cat=0
split_feature=276 207 207 258 104 268 393 87 120 113 21 82 120 104 46 276
split_gain=3.93031 4.38976 3.17031 3.12875 2.58818 2.50437 2.69091 2.2134 2.80362 2.47835 2.04966 1.86627 2.28962 1.6322 1.25435 0.308189
threshold=1.0814724191260123 1.6225430233344607 1.1527009186218697 0.66176470588235314 -0.15049413860503161 -0.83195856647101329 -0.056869007838348265 0.029053651416617091 -0.029002254171166138 67.500000000000014 0.19380347601288742 0.33888499829620888 0.010797130262766188 0.020683209363635855 0.36260222777841172 1.1404764004380381
decision_type=2 2 2 2 2 2 2 2 2 2 2 2 2 2 2 2
left_child=1 4 7 14 -1 -5 -7 8 -2 -10 -6 -4 15 -12 -3 -13
right_child=2 3 11 5 10 6 -8 -9 9 -11 13 12 -14 -15 -16 -17
leaf_value=0.00012744733693453218 -0.014025090576970808 -0.023258559464172591 -0.00087497594463962114 -0.014073472030099161 -0.028612083287931557 -0.0013308158622802333 0.013115866202556456 -0.015663797617800877 0 0.021724681999316351 -0.015582180094911319 0.0069126710786517305 0 0.0058138730163068992 0 0.027378885065469396
leaf_weight=16.743781043216586 12.337082311511038 14.110152170062067 10.209541346877812 13.11374312546104 28.994500067085028 50.881542349234223 63.29177045635879 15.920509076677261 28.753141795285046 20.476169465109706 15.852693728171291 12.664871715009211 10.001523695886133 10.327891941182314 10.320689940825103 28.495594467967749
leaf_count=146 74 133 108 253 425 281 374 117 228 226 123 67 86 91 90 511
internal_value=-0.000279835 -0.00449146 0.00610222 7.27913e-05 -0.0144048 0.00361503 0.00638172 -7.9636e-05 0.00371644 0.00967007 -0.0194535 0.0143241 0.0181607 -0.00569829 -0.0149368 0.0231112
internal_weight=362.495 223.637 138.858 151.718 71.9189 127.287 114.173 77.4869 61.5664 49.2293 55.1751 61.3715 51.162 26.1806 24.4308 41.1605
internal_count=3333 1916 1417 1131 785 908 655 645 528 454 639 772 664 214 223 578
is_linear=0
shrinkage=0.05


Tree=220
num_leaves=1
num_cat=0
split_feature=
split_gain=
threshold=
decision_type=
left_child=
right_child=
leaf_value=0
leaf_weight=
leaf_count=3333
internal_value=
internal_weight=
internal_count=
is_linear=0
shrinkage=1


Tree=221
num_leaves=12
num_cat=0
split_feature=266 165 104 73 270 37 10 10 370 64 229
split_gain=3.48392 3.83038 4.96796 4.57783 4.56981 4.01158 3.80067 5.44254 2.98343 2.74948 0.980379
threshold=-0.35277385148213575 -0.001104047350781341 -0.18152510833825383 1.1507865173448406 -0.97665800295815575 0.079355228999445596 0.02239870761801668 -0.0032786592524562618 0.42258252349483466 0.37666025929251057 -4.2271764903056104
decision_type=2 2 2 2 2 2 2 2 2 2 2
left_child=-1 3 9 6 8 -6 7 -2 -4 -3 -5
right_child=1 2 4 10 5 -7 -8 -9 -10 -11 -12
leaf_value=0.020927299643812753 -0.0078141101412790518 -0.023051205978222598 0.0022360687261782481 -0.0037729987233352511 0.002296812786495967 -0.024605396770256652 -0.02505872041436194 0.020933344198879628 0.023379738335109514 0.0021348680477198726 -0.031397913345479062
leaf_weight=15.273422515951095 37.539077232591808 24.731349993497133 37.450303426012397 10.030807841569187 117.07955943793058 12.559344727545975 11.522800114005802 23.717611273750663 40.850111125037074 11.563841760158537 20.321484491229057
leaf_count=382 327 213 260 128 889 113 120 164 496 101 140
internal_value=-0.000191301 -0.00143382 0.001822 -0.00944884 0.00501855 -0.000430067 -0.00160216 0.00299599 0.0143376 -0.014204 -0.0249282
internal_weight=362.64 347.366 244.235 103.132 207.939 129.639 72.7795 61.2567 78.3004 36.2952 30.3523
internal_count=3333 2951 2072 879 1758 1002 611 491 756 314 268
is_linear=0
shrinkage=0.05


Tree=222
num_leaves=13
num_cat=0
split_feature=287 73 111 105 126 163 215 68 124 265 34 112
split_gain=3.82269 3.82203 7.18636 4.66986 5.79088 5.2431 4.6338 4.33078 4.20655 2.02476 1.98487 0.419495
threshold=1.0000000180025095e-35 1.1610093869653542 43.500000000000007 -0.17211967015600246 -0.001557696012491727 0.0076123828459987728 5.4682487948459144 0.3796399215851462 2.5000000000000004 0.046281433921883365 0.044693532524422111 84.500000000000014
decision_type=2 2 2 2 2 2 2 2 2 2 2 2
left_child=1 3 10 7 5 -5 9 -1 -6 -4 11 -3
right_child=-2 2 6 4 8 -7 -8 -9 -10 -11 -12 -13
leaf_value=-0.0069345935145271181 0.021405183182905203 0.035159769945255666 0 -0.02520075361850951 -0.0044925064185367654 0 0.01203660985672568 0.024981697982234222 0.021024753924272856 -0.023913513878945473 0 0.0092528937378698797
leaf_weight=14.320512297563253 15.931940767914055 17.753651184961203 11.019074309617279 61.627301985397935 110.14292963035405 26.549073471687734 19.695796351879835 20.11823365278542 15.699179999530314 22.611548729240894 11.786447115242479 11.622318129986523
leaf_count=126 549 109 87 504 940 206 162 148 105 206 96 95
internal_value=-0.000296018 -0.00162558 0.00657837 -0.00498566 -0.0078846 -0.017504 -0.0047817 0.0108824 -0.000505655 -0.0161754 0.0217527 0.0282615
internal_weight=358.878 342.946 94.4888 248.457 214.018 88.1764 53.3264 34.4387 125.842 33.6306 41.1624 29.376
internal_count=3333 2784 755 2029 1755 710 455 274 1045 293 300 204
is_linear=0
shrinkage=0.05


Tree=223
num_leaves=1
num_cat=0
split_feature=
split_gain=
threshold=
decision_type=
left_child=
right_child=
leaf_value=0
leaf_weight=
leaf_count=3333
internal_value=
internal_weight=
internal_count=
is_linear=0
shrinkage=1


Tree=224
num_leaves=20
num_cat=0
split_feature=11 231 354 11 386 10 73 15 10 86 162 207 7 68 209 11 126 30 81
split_gain=3.41788 7.81792 6.23747 5.39881 6.34059 8.36257 5.4979 5.94249 4.33603 3.99344 4.05229 3.84928 3.23467 3.06183 5.2668 2.78185 2.65806 1.20242 0.18056
threshold=-0.0006185315156608805 49.500000000000007 0.096169914736564235 0.00085173494185031295 -0.048708349208522954 0.0052691085831533709 1.1507865173448406 0.00079544676345296892 0.014270457397157999 -18620.168343234913 1.1138878189696446 2.0834472907706014 -0.0051216857091991299 0.38707624723834649 3.0302564103750877 0.0017983387625147842 -0.0045573331089240878 0.020005533350231513 0.8568580282186008
decision_type=2 2 2 2 2 2 2 2 2 2 2 2 2 2 2 2 2 2 2
left_child=1 9 -3 4 5 17 7 -6 -5 12 -11 -8 -1 14 -10 -15 -7 -2 -14
right_child=3 2 -4 8 6 16 11 -9 13 10 -12 -13 18 15 -16 -17 -18 -19 -20
leaf_value=-0.0039298380671643762 -0.033580469507366838 -0.03516942243808302 0.003342152362058628 0.012902377496500118 0.035014913616158015 0.025079625721650858 0.015962865346781766 0.0029470158663991541 0.0053150753409603154 0.0045364133911062849 -0.026927251911362401 -0.01600768381214128 0.029190109209687995 0.013173359048886508 -0.029298039325241672 -0.014391279250999839 -0.0018951457408637356 -0.0044374386327424705 0.006231591120141329
leaf_weight=12.036286411806939 14.234289551153781 30.149120211601257 11.427946572192011 18.768811736255884 42.007804494351149 15.881857501342893 14.492846495471897 27.530850724317133 11.402396040037273 17.966912541538477 14.528446049429474 17.159504007548094 14.775228243321182 16.860504673793915 33.354036198928952 13.938374258577822 10.970952723175287 11.50918244384229 10.021581079810856
leaf_count=114 138 286 116 181 405 108 161 266 88 143 208 131 125 158 236 146 108 102 113
internal_value=-0.000185056 -0.00749373 -0.0239499 0.0029333 0.00877879 -0.00442559 0.0160518 0.0236552 -0.00606035 0.00226795 -0.00920904 0 0.0135796 -0.0117202 -0.0196529 0 0.013301 -0.024114 0.0233842
internal_weight=359.017 110.906 41.5771 248.111 153.787 52.5963 101.191 69.5387 94.3241 69.3285 32.4954 31.6524 36.8331 75.5553 44.7564 30.7989 26.8528 25.7435 24.7968
internal_count=3333 1105 402 2228 1419 456 963 671 809 703 351 292 352 628 324 304 216 240 238
is_linear=0
shrinkage=0.05


Tree=225
num_leaves=18
num_cat=0
split_feature=286 126 74 383 69 30 83 386 244 163 229 221 265 113 373 242 78
split_gain=3.6851 4.2689 4.177 5.44476 3.98333 3.47194 6.2198 4.34116 3.15177 3.14311 3.04763 2.73204 2.69254 2.2128 1.72414 1.41788 0.940918
threshold=-0.61833325818412943 0.00059127264019054337 -0.18273740897566002 2.5000000000000004 -0.0029922593822280237 0.017619865816918538 0.10888548102975308 0.13331949002526869 0.79090909090909112 0.0017923767826929793 -3.387099433198919 12.729389342561094 0.20112359550561801 77.500000000000014 -0.046150728830223468 0.83823529411764708 0.85632603130353857
decision_type=2 2 2 2 2 2 2 2 2 2 2 2 2 2 2 2 2
left_child=1 2 3 8 9 6 7 13 -1 -4 -5 -9 15 -2 -6 -8 -7
right_child=5 -3 4 10 14 16 12 11 -10 -11 -12 -13 -14 -15 -16 -17 -18
leaf_value=-0.029001553403385467 -0.021105523721114267 0.016040501224783267 -0.017190627919454023 -0.00084797600252750182 -0.0051809018814305578 0.0017975076268418521 0 -0.007483933306564299 6.3544382794308147e-05 0.012717910610275857 0.023813318813506457 0.021820191477579656 -0.0044585920705298727 0 -0.027843040848273999 0.02163277860048745 0.025181859422621602
leaf_weight=14.38390075042844 42.601275131106377 16.314929910004139 12.258304438553752 17.026745207607746 19.669087716378272 12.039082446135579 14.554386751726268 10.033893942832949 13.071811482310293 17.70340664871037 22.562417257577181 13.218566923402248 13.811772743239997 12.911070792935787 42.389941968023777 39.833115738816559 20.204776941798627
leaf_count=200 274 122 130 199 162 156 131 69 98 153 165 153 85 137 438 337 324
internal_value=-0.000268279 -0.00550402 -0.00827832 0.000551146 -0.0150518 0.00458749 0.000830227 -0.00823863 -0.0148786 0 0.0127202 0.00786012 0.0119121 -0.0158937 -0.0219991 0.0169565 0.0187656
internal_weight=354.588 175.381 159.066 67.0449 92.0207 179.208 146.964 78.7648 27.4557 29.9617 39.5892 23.2525 68.1993 55.5123 62.059 54.3875 32.2439
internal_count=3333 1667 1545 662 883 1666 1186 633 298 283 364 222 553 411 600 468 480
is_linear=0
shrinkage=0.05


Tree=226
num_leaves=1
num_cat=0
split_feature=
split_gain=
threshold=
decision_type=
left_child=
right_child=
leaf_value=0
leaf_weight=
leaf_count=3333
internal_value=
internal_weight=
internal_count=
is_linear=0
shrinkage=1


Tree=227
num_leaves=15
num_cat=0
split_feature=266 10 399 11 119 372 372 211 230 130 30 30 211 86
split_gain=3.44082 5.08489 6.37549 6.16774 5.29208 4.16462 5.41394 3.48821 3.43682 2.98166 2.18064 3.5862 1.82985 1.68166
threshold=-0.11056538008860674 -0.0097214566061232365 -0.20359847811242004 0.0011802516674548349 0.011600507352707784 0.045960563931771399 -0.0053419143740218158 1.0749349786789171 52.500000000000007 -14.499999999999998 0.03045939673032718 0.015618906086173326 4.893866856119641 -7258.7955657398625
decision_type=2 2 2 2 2 2 2 2 2 2 2 2 2 2
left_child=8 2 -2 5 13 6 -3 -5 9 -1 11 -11 -10 -4
right_child=1 3 4 7 -6 -7 -8 -9 12 10 -12 -13 -14 -15
leaf_value=0.017125589968995918 0.014786185869478764 0 -0.03140748925058328 0.00039091231027999125 0.0076120947233673068 -0.01733320155223279 0.021132359156713239 -0.026968728682326599 0.022615950776934887 0.0019221030866666507 0.0052223788883585774 -0.02612048859421991 0 -0.0044633904565325915
leaf_weight=15.418897451832889 11.846121322363613 56.989640968851745 42.675027675926685 14.98233533464372 10.10829111561179 11.716526454314588 53.692013179883361 22.473335610702634 32.790951157920063 15.843510920181869 19.961708983406425 20.118663556873798 12.913476286455987 13.187912110239266
leaf_count=170 87 471 509 120 74 104 336 198 522 201 138 130 118 155
internal_value=-0.000222759 -0.00380263 -0.0140748 0.00105806 -0.0203999 0.00679645 0.0101806 -0.0155715 0.00654324 0 -0.00590146 -0.013286 0.0167911 -0.0264477
internal_weight=354.718 237.671 77.8174 159.854 65.9712 122.398 110.682 37.4557 117.047 71.3428 55.9239 35.9622 45.7044 55.8629
internal_count=3333 2054 825 1229 738 911 807 318 1279 639 469 331 640 664
is_linear=0
shrinkage=0.05


Tree=228
num_leaves=11
num_cat=0
split_feature=287 167 8 10 120 355 224 66 120 381
split_gain=3.53014 3.41445 4.69882 7.49671 5.37202 4.89465 2.8414 2.3481 2.17614 1.05678
threshold=1.0000000180025095e-35 -0.76654710242652035 -0.0021738635294228513 -0.0062070337357999642 0.012033937964508913 -0.23671694658289333 -3.1574237912767407 0.39945098950463204 -0.020349039981253366 12.834659452118268
decision_type=2 2 2 2 2 2 2 2 2 2
left_child=1 6 5 -4 -5 -3 7 -1 -7 -8
right_child=-2 2 3 4 -6 8 9 -9 -10 -11
leaf_value=-0.013395955153562426 0.020951805859968517 0.0083836539300918608 0.028384034404297522 -0.0068142757682622887 0.020849491525056257 0 0 0.0097476256896432516 -0.025250407217262873 0.021244106563105686
leaf_weight=19.465277269482613 15.28464986104518 14.319847940467296 17.784795730374753 148.357024025172 16.319775046780705 14.461635325103996 10.164524015039204 17.144417457282543 49.189051398076117 27.937397165223956
leaf_count=148 549 98 138 1170 142 165 65 156 465 237
internal_value=-0.000268335 -0.00156127 -0.00438623 0 -0.00345057 -0.0144108 0.00743184 -0.00137804 -0.0204357 0.0165959
internal_weight=350.428 335.144 260.432 182.462 164.677 77.9705 74.7116 36.6097 63.6507 38.1019
internal_count=3333 2784 2178 1450 1312 728 606 304 630 302
is_linear=0
shrinkage=0.05


Tree=229
num_leaves=1
num_cat=0
split_feature=
split_gain=
threshold=
decision_type=
left_child=
right_child=
leaf_value=0
leaf_weight=
leaf_count=3333
internal_value=
internal_weight=
internal_count=
is_linear=0
shrinkage=1


Tree=230
num_leaves=12
num_cat=0
split_feature=385 86 390 9 111 299 365 105 126 73 266
split_gain=3.21614 3.68576 4.97173 4.87179 6.47048 4.52381 4.60787 5.68848 3.49115 3.13925 1.64037
threshold=5.5000000000000009 -7656.9651138798627 0.0044052425466940557 0.0014950492677555662 32.500000000000007 -0.16412188447427992 0.13873184122428753 0.1378328917336484 -0.010511023668847151 1.0347203931926836 -0.10739054223809745
decision_type=2 2 2 2 2 2 2 2 2 2 2
left_child=1 5 3 9 -5 6 -1 -8 -7 -3 -4
right_child=-2 2 10 4 -6 8 7 -9 -10 -11 -12
leaf_value=0.020668088241068177 0.022844299404698686 0.02171640308734089 0 -0.020459515526963686 0.021305963324568165 0.00038792241275293249 0.0010587760173942924 -0.021503803343725359 -0.02696210791890806 0.00019990573905380145 -0.024299822165930362
leaf_weight=17.150169199332595 11.267977034673093 57.248242449946702 10.188864307478072 24.0507030505687 10.452367873862384 11.849189832806585 96.344917718321085 34.275383463129401 33.787473958916962 30.35291129630059 13.58876667357981
leaf_count=154 122 563 79 182 78 111 722 217 673 281 151
internal_value=-0.000232935 -0.00133892 0.00441775 0.00877839 -0.00578162 -0.00593675 -0.00119329 -0.00483743 -0.019247 0.0150665 -0.0145827
internal_weight=350.557 339.289 145.882 122.104 34.5031 193.407 147.77 130.62 45.6367 87.6012 23.7776
internal_count=3333 3211 1334 1104 260 1877 1093 939 784 844 230
is_linear=0
shrinkage=0.05


Tree=231
num_leaves=12
num_cat=0
split_feature=109 167 354 191 167 394 112 119 126 264 62
split_gain=3.45447 4.4559 4.51274 4.49927 4.56198 4.42612 7.01642 6.50529 2.6667 1.42874 1.40924
threshold=1.0000000180025095e-35 -0.76654710242652035 0.033428402515043559 0.45277148729297095 -0.26778794969738984 -0.0067761377957484261 109.50000000000001 -0.17985625117178372 -0.001557696012491727 65.500000000000014 0.31013880276348765
decision_type=2 2 2 2 2 2 2 2 2 2 2
left_child=1 8 3 -3 -5 7 -7 -4 -1 10 -10
right_child=-2 2 5 4 -6 6 -8 -9 9 -11 -12
leaf_value=-0.0028033732771903562 -0.024563177257416906 -0.021905110141355547 -0.020083797141501544 0.019040385200378245 -0.00050355755286414657 -0.022378721475359534 0.014855140291484959 0.011900599405144497 0.017780225091052409 0.025764829849667797 -0.00088655813019861422
leaf_weight=17.870399465784431 11.138980446383355 10.424423942342399 20.555462976917624 48.870860427618027 58.928030533716083 67.733079918660223 11.527825353667138 44.982245806604624 11.743827380239965 25.32681380584836 17.771739011630416
leaf_count=165 114 78 161 404 525 758 94 466 133 311 124
internal_value=-0.000254413 0.000614894 -0.00228092 0.00463932 0.0081811 -0.00824885 -0.0160113 0.000699386 0.0114256 0.0168314 0.00595817
internal_weight=346.874 335.735 263.022 118.223 107.799 144.799 79.2609 65.5377 72.7128 54.8424 29.5156
internal_count=3333 3219 2486 1007 929 1479 852 627 733 568 257
is_linear=0
shrinkage=0.05


Tree=232
num_leaves=1
num_cat=0
split_feature=
split_gain=
threshold=
decision_type=
left_child=
right_child=
leaf_value=0
leaf_weight=
leaf_count=3333
internal_value=
internal_weight=
internal_count=
is_linear=0
shrinkage=1


Tree=233
num_leaves=16
num_cat=0
split_feature=266 10 399 11 120 120 381 230 130 207 105 72 29 69 399
split_gain=3.13801 4.55613 6.00688 5.67321 4.53891 3.72053 4.53836 3.18649 2.85529 2.69273 2.24971 2.83128 1.64092 0.93551 0.666187
threshold=-0.11056538008860674 -0.0097214566061232365 -0.20359847811242004 0.0011802516674548349 0.011856745924633373 0.012033937964508913 41.574185310928051 52.500000000000007 -14.499999999999998 1.072793140083603 -0.031696607574626813 0.0067547745798171273 0.088791653506997484 -0.0051388758649943958 -0.17321516996854083
decision_type=2 2 2 2 2 2 2 2 2 2 2 2 2 2 2
left_child=7 2 -2 5 14 6 -3 8 -1 -5 13 -12 -9 -10 -4
right_child=1 3 4 9 -6 -7 -8 12 10 -11 11 -13 -14 -15 -16
leaf_value=0.016823140288863638 0.014566262042269629 0.0025986058067092432 -0.0065366371014565841 0 0.0056828716176488062 -0.014460250180820342 0.02607635444666806 0.023109683013694104 -0.0229458187886874 -0.026190571506566354 0.018434241856493266 -0.0094634067776581433 5.8396515361980821e-05 0 -0.029393711459688374
leaf_weight=15.123003980144857 11.589282495900987 77.413857667706907 12.278942993842064 16.393026756122708 10.226984594017265 13.974375065416096 28.885702762752771 28.228051139041781 15.630726572126152 20.200571417808533 13.333043426275255 15.879066113382576 16.262715820223093 10.165268670767544 41.418843880295753
leaf_count=170 87 643 136 144 86 135 133 499 119 174 139 113 141 98 516
internal_value=-0.000255783 -0.00372086 -0.0136005 0.000888277 -0.0198781 0.00644883 0.0099765 0.00625987 0 -0.0152289 -0.00588511 0.00224844 0.0162725 -0.0161068 -0.0256713
internal_weight=347.003 232.382 75.5141 156.868 63.9248 120.274 106.3 114.622 70.1311 36.5936 55.0081 29.2121 44.4908 25.796 53.6978
internal_count=3333 2054 825 1229 738 911 776 1279 639 318 469 252 640 217 652
is_linear=0
shrinkage=0.05


Tree=234
num_leaves=17
num_cat=0
split_feature=284 126 74 383 69 167 83 388 221 49 6 163 229 242 113 373
split_gain=3.39732 3.97473 3.95891 4.78767 3.69744 3.19577 3.95711 4.74275 3.91013 3.55435 3.05287 2.91764 2.71911 2.56108 2.23008 1.59193
threshold=-0.38220169564211975 0.00059127264019054337 -0.18273740897566002 2.5000000000000004 -0.0029922593822280237 -0.73508298922167781 0.10888548102975308 -1.0000000180025095e-35 12.452419665130504 0.58000643129778506 0.016207166448025102 0.0017923767826929793 -3.387099433198919 1.8088235294117649 81.500000000000014 -0.046150728830223468
decision_type=2 2 2 2 2 2 2 2 2 2 2 2 2 2 2 2
left_child=1 2 3 13 11 -2 7 14 -9 -8 -11 -4 -5 -1 -7 -6
right_child=5 -3 4 12 15 6 9 8 -10 10 -12 -13 -14 -15 -16 -17
leaf_value=-0.025318257578297178 0.020330030764812823 0.015657687199071159 -0.016880709327124661 -0.00073373749838841641 -0.0051199686104339177 -0.030163984470824402 -0.011579265561563381 -0.0073428180759936429 0.018512591931438883 0.024862736607632524 0 0.012247942973834287 0.022678048474595241 0.001455514397351557 0 -0.027373940968222168
leaf_weight=16.088049354031682 24.293005936779082 15.787644786760209 11.892715256661178 16.525322534143925 19.378877031616867 18.762463243678216 10.584206634201108 31.35141692776233 21.247439499944448 32.67092489823699 23.442904812283814 17.33368381485343 22.123114749789238 10.170803100802006 10.862242605537174 40.841533501632512
leaf_count=209 416 122 130 199 162 97 94 257 263 266 196 153 166 89 76 438
internal_value=-0.000275442 -0.00538037 -0.00810743 0.000608343 -0.0147874 0.00446141 0.00119336 -0.00568633 0.00263759 0.0102716 0.0156174 0 0.0121353 -0.0141532 -0.0208816 -0.0215863
internal_weight=343.356 170.142 154.354 64.9073 89.4468 173.215 148.922 82.2236 52.5989 66.698 56.1138 29.2264 38.6484 26.2589 29.6247 60.2204
internal_count=3333 1668 1546 663 883 1665 1249 693 520 556 462 283 365 298 173 600
is_linear=0
shrinkage=0.05


Tree=235
num_leaves=1
num_cat=0
split_feature=
split_gain=
threshold=
decision_type=
left_child=
right_child=
leaf_value=0
leaf_weight=
leaf_count=3333
internal_value=
internal_weight=
internal_count=
is_linear=0
shrinkage=1


Tree=236
num_leaves=16
num_cat=0
split_feature=385 86 11 270 118 391 209 19 230 129 15 399 124 221 103
split_gain=3.04521 3.29583 6.29216 4.22147 4.90624 4.22071 4.33959 3.28384 2.72302 2.76224 2.75861 2.14082 2.10161 1.97155 0.780529
threshold=5.5000000000000009 -7656.9651138798627 0.00085173494185031295 -1.0868400925320802 1.0000000180025095e-35 2.5000000000000004 4.0845800119016493 0.3483656932814379 33.500000000000007 1.0000000180025095e-35 -0.0068810232978939153 0.064405940183798097 -25.499999999999996 11.440077864537193 0.15603447787732719
decision_type=2 2 2 2 2 2 2 2 2 2 2 2 2 2 2
left_child=1 3 5 8 12 6 -3 -6 9 -1 -10 14 -5 -7 -4
right_child=-2 2 11 4 7 13 -8 -9 10 -11 -12 -13 -14 -15 -16
leaf_value=-0.021213500305896343 0.022370198302296126 0.026728511585047326 -0.0098780690614888866 0 -0.013385600975766848 -0.015377681039648631 0 0.007255973040967114 -0.00084727754560122871 0.0058108146906992904 0.022677769053096462 -0.026459558690534471 -0.027658578998588475 0.0060150367570063019 0.0055643393001382577
leaf_weight=14.11715560592711 11.05357556324452 43.84555921703577 12.248573567718269 11.280880368314682 31.933547776192427 14.791755653917788 25.35673123691231 37.869121305644512 16.389843728393316 14.664627159014344 22.70954811014235 13.225957419723271 40.502021349966526 21.234280281700194 12.257978641428052
leaf_count=87 122 469 86 116 310 152 221 316 126 150 341 92 431 180 134
internal_value=-0.000244088 -0.00133845 0.0041452 -0.005736 -0.0113185 0.0106266 0.0176992 -0.00166287 0.00361362 -0.00662231 0.0122711 -0.0121539 -0.0226177 -0.0019942 -0.000571714
internal_weight=343.481 332.428 142.961 189.467 121.586 105.228 69.2023 69.8027 67.8812 28.7818 39.0994 37.7325 51.7829 36.026 24.5066
internal_count=3333 3211 1334 1877 1173 1022 690 626 704 237 467 312 547 332 220
is_linear=0
shrinkage=0.05


Tree=237
num_leaves=20
num_cat=0
split_feature=303 28 126 20 231 387 78 215 216 297 111 104 71 87 16 110 167 71 105
split_gain=3.22126 4.06155 6.50321 3.6439 5.15359 3.33715 3.27271 3.57069 3.29599 3.24401 5.34431 2.93496 2.29334 2.2629 1.7128 1.63215 1.43612 0.55198 0.298275
threshold=0.018916594786565745 0.033217973051920001 -0.0019584198887366284 0.16183489856899558 77.500000000000014 1.0000000180025095e-35 0.89240734695666535 1.4529097127794868 2.8356670710256178 -0.67975122581554703 56.500000000000007 0.11388767835093755 0.9449624312480861 0.029053651416617091 -0.0048508485335615947 51.500000000000007 -0.73776699488872266 0.87126272526997151 -0.049018125851032261
decision_type=2 2 2 2 2 2 2 2 2 2 2 2 2 2 2 2 2 2 2
left_child=1 3 11 15 12 -6 8 -8 16 14 -11 17 -5 18 -4 -1 -2 -3 -10
right_child=6 2 9 4 5 -7 7 -9 13 10 -12 -13 -14 -15 -16 -17 -18 -19 -20
leaf_value=-0.024074287016801484 0 -0.0076706734716308501 0 0 -0.012164774426999704 0.01445478304023461 0 0.028946902664547622 0.023993239545345754 0.013777098831225557 -0.017458725734908299 0 0.031965931999605977 -0.0075462260709465313 -0.023665131139822895 0 -0.026314958425223429 -0.032016713754237605 0.0051480279851156135
leaf_weight=10.211539669893682 10.097826916724445 11.469992530532179 12.222248418256642 11.170033306814728 27.350196355953813 15.68478894792497 14.771970157511531 23.527696710079908 10.64849018212408 50.043546747416258 14.582043319940565 10.192963204346595 22.151351232081652 10.006500328890978 15.438046272844074 11.84879394620657 10.185983629897235 31.764107153750956 16.035055236890912
leaf_count=117 126 130 108 130 251 83 161 421 195 285 68 92 122 119 273 101 61 265 225
internal_value=-0.000280445 -0.0034611 -0.0087984 0.00397464 0.0094823 -0.00106699 0.00721777 0.0179463 0 -6.98128e-05 0.00552788 -0.0221841 0.0234462 0.00824677 -0.0140403 -0.0119466 -0.0154261 -0.027556 0.0160178
internal_weight=339.403 244.13 145.713 98.4167 76.3564 43.035 95.2735 38.2997 56.9739 92.2859 64.6256 53.4271 33.3214 36.69 27.6603 22.0603 20.2838 43.2341 26.6835
internal_count=3333 2025 1221 804 586 334 1308 582 726 734 353 487 252 539 381 218 187 395 420
is_linear=0
shrinkage=0.05


Tree=238
num_leaves=1
num_cat=0
split_feature=
split_gain=
threshold=
decision_type=
left_child=
right_child=
leaf_value=0
leaf_weight=
leaf_count=3333
internal_value=
internal_weight=
internal_count=
is_linear=0
shrinkage=1


Tree=239
num_leaves=14
num_cat=0
split_feature=119 162 397 104 221 28 36 83 4 104 364 207 244
split_gain=3.01593 6.45094 4.23993 6.59725 6.20406 5.98936 4.01908 3.90977 3.87158 3.32919 2.00759 0.475652 0.3627
threshold=-0.17455771583318427 1.4960067736655149 -0.0034666264531106948 0.048151706079414561 11.559504937480993 0.028856444264095647 0.01521577941142571 -0.017983642215910933 -0.0033533864328383657 -0.070348804079963634 0.46971211483579861 1.9038313083505898 0.48181818181818187
decision_type=2 2 2 2 2 2 2 2 2 2 2 2 2
left_child=9 2 4 5 10 -4 -3 -5 -6 -1 -2 -11 -8
right_child=1 6 3 7 8 -7 12 -9 -10 11 -12 -13 -14
leaf_value=-0.0053100955534397462 -0.0014912858570795386 0.0031201835964737843 0 0.0027090675969845233 0.022915211317927994 0.02021438981766777 -0.0067758118769820188 -0.020472939306496969 -0.010479859228378456 0.029340469821154604 -0.035313010920340455 0.0053608345908725602 -0.030185146447721179
leaf_weight=12.199098095297812 10.014338618144395 12.086386445909737 60.703322148881853 32.250003438442945 13.29992832336575 74.098398217000067 10.55521306581795 29.940217429772019 13.787270163185893 14.310076768510045 18.105873929336667 11.125060334801672 27.048214212059975
leaf_count=111 88 109 566 337 99 772 92 294 156 109 169 105 326
internal_value=-0.00024996 -0.00209426 0.00103162 0.00465219 -0.0106023 0.0109526 -0.0180639 -0.008113 0.00490534 0.0123762 -0.0261798 0.0222826 -0.0258317
internal_weight=339.523 301.889 252.199 196.992 55.2074 134.802 49.6898 62.1902 27.0872 37.6342 28.1202 25.4351 37.6034
internal_count=3333 3008 2481 1969 512 1338 527 631 255 325 257 214 418
is_linear=0
shrinkage=0.05


Tree=240
num_leaves=19
num_cat=0
split_feature=266 207 73 73 386 21 207 165 74 365 66 112 33 266 4 399 117 284
split_gain=3.1377 3.86285 2.8872 3.00401 3.7379 2.75221 2.73771 2.50167 2.3472 1.9902 2.95983 2.16889 1.83963 1.79213 1.73025 1.67257 1.60085 1.13544
threshold=0.081472419126012094 1.6225430233344607 1.1459086647516834 0.92249473878955224 -0.048708349208522954 0.26182134454018241 1.1527009186218697 -0.0011680434915713593 -0.46496793536701114 0.1862053580959975 0.33822599003261883 54.500000000000007 0.039453776226186496 0.025533858868003221 -0.0044512895110817323 -0.14131244304877053 -0.49882729645600077 -0.24501398372651798
decision_type=2 2 2 2 2 2 2 2 2 2 2 2 2 2 2 2 2 2
left_child=1 8 3 4 -3 -5 9 -4 -1 10 -2 -12 13 -10 -9 -11 -8 -18
right_child=6 2 7 5 -6 -7 16 14 12 15 11 -13 -14 -15 -16 -17 17 -19
leaf_value=0.00013787042460397628 0.0064019493041766618 0.018830360834820051 0.021390575864882137 0 -0.0066488437088987155 -0.0219712359119211 0 -0.014494758356525495 -0.029777612758992975 -0.0039850994471133799 0 -0.028955602542119898 0 -0.0010302653803485979 0.010964807551341875 0.016662372685680209 0 0.023851948847877169
leaf_weight=15.619137507863341 16.23157837241888 21.126536306925118 22.587195921689272 18.504696577787399 29.634308875538409 29.123236167244613 17.407038275152445 10.144335460849108 28.920167183503509 10.038223506882789 11.623633922077717 14.4984920816496 10.023409388028083 11.318342771381138 10.009017502889035 19.752507529221475 10.574438150972126 28.343464142642915
leaf_count=184 137 174 152 153 262 221 226 97 441 86 121 87 95 65 72 214 55 491
internal_value=-0.000280793 -0.00420845 0.000179764 -0.00417732 0.00348452 -0.0130533 0.00561936 0.010919 -0.0139331 -0.000249088 -0.00762605 -0.0178211 -0.019006 -0.0234804 0 0.00845215 0.0136113 0.0189124
internal_weight=335.48 207.01 141.129 98.3888 50.7608 47.6279 128.469 42.7405 65.8811 72.1444 42.3537 26.1221 50.2619 40.2385 20.1534 29.7907 56.3249 38.9179
internal_count=3333 1916 1131 810 436 374 1417 321 785 645 345 208 601 506 169 300 772 546
is_linear=0
shrinkage=0.05


Tree=241
num_leaves=1
num_cat=0
split_feature=
split_gain=
threshold=
decision_type=
left_child=
right_child=
leaf_value=0
leaf_weight=
leaf_count=3333
internal_value=
internal_weight=
internal_count=
is_linear=0
shrinkage=1


Tree=242
num_leaves=11
num_cat=0
split_feature=119 11 110 349 399 11 11 19 268 70
split_gain=2.88805 6.63849 3.81072 5.65545 5.3236 4.15967 4.85203 3.26241 3.0077 0.107319
threshold=-0.17455771583318427 -0.0015800327109037891 50.500000000000007 30.500000000000004 -0.16120600252870337 -0.0006467954382113893 0.0010805362643839802 0.3483656932814379 -0.60002027417440273 0.0087425062101490775
decision_type=2 2 2 2 2 2 2 2 2 2
left_child=7 8 3 4 -3 -4 -7 -1 -2 -9
right_child=1 2 5 -5 -6 6 -8 9 -10 -11
leaf_value=-0.001856158037069882 0 -0.01062398300381618 -0.029951675552309012 -0.02208153708814789 0.016326417894952761 0.0052556057572761498 -0.013739288166978614 0.031851193473939048 -0.032395120968448494 0.0075809114718284401
leaf_weight=16.655203649774194 11.052603909745811 18.29950618930161 11.926589567214249 10.853024687618015 89.137131100520492 86.000884256325662 49.903722357004881 10.338659228757026 21.175246574450284 10.269954580813645
leaf_count=177 101 197 114 97 1016 792 424 52 267 96
internal_value=-0.000260286 -0.00208099 0.000430681 0.00719012 0.0111194 -0.00468194 -0.00150539 0.0121441 -0.0225109 0.0243746
internal_weight=335.613 298.349 266.121 118.29 107.437 147.831 135.905 37.2638 32.2279 20.6086
internal_count=3333 3008 2640 1310 1213 1330 1216 325 368 148
is_linear=0
shrinkage=0.05


Tree=243
num_leaves=13
num_cat=0
split_feature=286 73 111 377 34 105 125 397 34 365 112 0
split_gain=3.05696 3.37914 5.9008 4.52977 3.81558 3.66674 3.90936 4.00707 3.07025 2.15734 1.8689 1.28873
threshold=-0.35583580977038171 1.1459086647516834 43.500000000000007 0.047527999140522199 0.044693532524422111 -0.17211967015600246 -0.10741767940028445 0.0083357391592278601 0.021802830990367787 0.21596294245998576 33.500000000000007 0.004604598791895966
decision_type=2 2 2 2 2 2 2 2 2 2 2 2
left_child=1 5 4 9 -3 8 10 -8 -1 -4 -7 -2
right_child=11 2 3 -5 -6 6 7 -9 -10 -11 -12 -13
leaf_value=-0.0072321117910827924 0.019950161427329666 0.029024876774080652 -0.024163845375634277 0.013966890183797438 -0.0013210842112334597 -0.0037061467526666083 -0.0091608702033455364 0.0086166284671164214 0.021450134114720826 0 -0.032384514640327731 0
leaf_weight=11.076841207221152 21.280524333007637 28.047231812030077 21.502225330099463 15.713841818273066 10.661182977259157 14.485255958512424 110.30390412919223 38.779316214844584 18.395769452676177 11.145745026879011 20.280841090716422 10.656659742817281
leaf_count=123 629 201 190 145 84 118 933 350 120 101 199 140
internal_value=-0.000251616 -0.0020066 0.005893 -0.00491242 0.0199743 -0.00549907 -0.00827783 -0.00412909 0.00945834 -0.0158125 -0.0230032 0.013579
internal_weight=332.329 300.392 87.0702 48.3618 38.7084 213.322 183.849 149.083 29.4726 32.648 34.7661 31.9372
internal_count=3333 2564 721 436 285 1843 1600 1283 243 291 317 769
is_linear=0
shrinkage=0.05


Tree=244
num_leaves=1
num_cat=0
split_feature=
split_gain=
threshold=
decision_type=
left_child=
right_child=
leaf_value=0
leaf_weight=
leaf_count=3333
internal_value=
internal_weight=
internal_count=
is_linear=0
shrinkage=1


Tree=245
num_leaves=14
num_cat=0
split_feature=266 165 54 11 364 221 167 260 386 112 220 105 71
split_gain=2.85771 3.1996 3.90932 4.54393 4.88303 4.07912 4.09075 3.75343 4.46188 3.59419 3.37053 1.54118 0.969842
threshold=-0.35277385148213575 -0.001104047350781341 0.0034986376995402861 -0.00018720682070111347 0.48334811388311993 15.194839714257194 -0.17818205700774228 0.35454545454545461 0.18889106210317999 95.500000000000014 1.5985572994028046 0.063563846320098885 0.78742988296639649
decision_type=2 2 2 2 2 2 2 2 2 2 2 2 2
left_child=-1 7 3 4 -3 6 -4 -2 10 -5 -9 -10 -7
right_child=1 2 5 9 -6 12 -8 8 11 -11 -12 -13 -14
leaf_value=0.019644258520690058 0.014042023111116981 0.010558692710191999 -0.0067292168436170266 0.026821068647276028 -0.019652417721709416 -0.0011778532474869116 0.013691071756544049 -0.0015247755667948757 0.015610892742321095 -0.00020505225245615605 -0.029164278112724169 -0.005712241653554378 -0.026084089725743706
leaf_weight=13.743104130029677 10.761326793581246 29.502828451804817 60.081931557506323 36.841659912839532 19.329820997081697 10.666973082348706 36.561553284525871 21.228412669152021 11.233010081574323 12.559486658312379 37.141603254713118 14.424911028239874 18.392564394511282
leaf_count=382 105 310 510 357 154 164 313 165 102 121 356 151 143
internal_value=-0.00029822 -0.00148869 0.00159869 0.00908548 -0.000880673 -0.00393895 0.000673883 -0.00911912 -0.0130417 0.0193775 -0.0204928 0.00253524 -0.019467
internal_weight=332.469 318.726 223.937 98.2338 48.8326 125.703 96.6435 94.7893 84.0279 49.4011 58.37 25.6579 29.0595
internal_count=3333 2951 2072 942 464 1130 823 879 774 478 521 253 307
is_linear=0
shrinkage=0.05


Tree=246
num_leaves=20
num_cat=0
split_feature=126 28 20 297 111 221 72 120 33 19 73 374 17 6 354 10 41 266 349
split_gain=3.03626 7.59766 5.99058 5.18276 4.76355 4.54854 3.38048 3.30886 4.06163 2.81607 2.36892 2.24476 2.12047 2.36296 1.95113 1.07725 1.0485 0.15126 0.150501
threshold=-0.001557696012491727 0.03908901829222574 0.26238687595856086 -0.67975122581554703 56.500000000000007 8.4393737145592223 0.0048311823164138082 -0.022101722668092346 0.016222012776731045 0.35336916748722297 0.92249473878955224 1.0000000180025095e-35 -0.00060500759061124043 0.019256159163955296 0.029675767451888515 0.023129869640931579 0.0036563600436636139 -0.15792944398971245 1.5000000000000002
decision_type=2 2 2 2 2 2 2 2 2 2 2 2 2 2 2 2 2 2 2
left_child=1 2 5 10 7 -1 16 9 -9 -5 -2 -8 -3 -14 18 -7 -6 -12 -4
right_child=3 12 14 4 6 15 11 8 -10 -11 17 -13 13 -15 -16 -17 -18 -19 -20
leaf_value=0.015469472994902124 0.00058040685510171144 -0.00073015048492328441 0.0090740730182335746 0.016641122809979078 0.018551180280638638 -0.021402187702881104 -0.024171119488314866 0.00036783865969192435 0.029599109328012647 -0.0096720506105267695 -0.026439602867115993 0 -0.031435303581790794 0 0 0 0 -0.0050998399406706188 0.035524983916871186
leaf_weight=11.757120374590157 17.043435872532427 16.860207038000226 10.218924732878806 14.6140153221786 11.555344853550197 25.312861183658242 17.97868393920362 20.993937212042511 42.499753777869046 20.212762125767767 13.287321525625886 12.393849316053094 31.543000035919249 10.325153220444916 11.381400257349013 10.013734093867241 10.005997516214846 10.136978471651672 11.085974637418984
leaf_count=87 243 163 74 141 165 256 127 183 472 159 274 126 311 94 126 91 101 90 50
internal_value=-0.000249116 -0.00595216 0.00359635 0.00366226 0.00812671 -0.00697383 -0.00325348 0.0145497 0.0211385 0.000491768 -0.0111806 -0.0141106 -0.0192763 -0.0250822 0.0195298 -0.016374 0.00986018 -0.0207244 0.027581
internal_weight=329.22 138.498 79.77 190.722 150.254 47.0837 51.9339 98.3205 63.4937 34.8268 40.4677 30.3725 58.7284 41.8682 32.6863 35.3266 21.5613 23.4243 21.3049
internal_count=3333 1252 684 2081 1474 434 519 955 655 300 607 253 568 405 250 347 266 364 124
is_linear=0
shrinkage=0.05


Tree=247
num_leaves=1
num_cat=0
split_feature=
split_gain=
threshold=
decision_type=
left_child=
right_child=
leaf_value=0
leaf_weight=
leaf_count=3333
internal_value=
internal_weight=
internal_count=
is_linear=0
shrinkage=1


Tree=248
num_leaves=10
num_cat=0
split_feature=278 119 11 162 125 105 19 125 68
split_gain=2.72596 2.98542 7.0179 3.86393 7.37159 4.30335 3.11983 2.42286 0.923186
threshold=1.1949816927857888 -0.17455771583318427 -0.0015800327109037891 1.1252079450142063 -0.0044983144981850815 0.063563846320098885 0.3483656932814379 -0.056551900988182198 0.44250725204273983
decision_type=2 2 2 2 2 2 2 2 2
left_child=7 6 8 5 -5 -4 -2 -1 -3
right_child=1 2 3 4 -6 -7 -8 -9 -10
leaf_value=-0.00025257796479936435 -0.0029861627508316604 -0.0052434097466553141 0.010503349048078085 0.012810681538939614 -0.019022071242989366 -0.0057412611057649126 0.023310288645003948 0.024637987802420099 -0.033214015426358878
leaf_weight=12.025882888585331 15.790300108492373 10.535132106859239 93.488213688135147 21.544238872826099 58.036888760514557 63.91581376735121 19.353474197909236 16.443028703331947 18.224086889997125
leaf_count=189 150 121 864 200 465 551 126 466 201
internal_value=-0.000310094 -0.00190302 -0.00388197 -0.000697341 -0.00964651 0.00361131 0.0108787 0.0135131 -0.0260053
internal_weight=329.357 300.888 265.744 236.985 79.5811 157.404 35.1438 28.4689 28.7592
internal_count=3333 2678 2402 2080 665 1415 276 655 322
is_linear=0
shrinkage=0.05


Tree=249
num_leaves=12
num_cat=0
split_feature=109 167 8 11 120 355 120 126 8 215 110
split_gain=2.97463 3.98755 4.18602 4.50214 4.51664 3.94294 2.68206 2.22186 1.3165 0.99286 0.641999
threshold=1.0000000180025095e-35 -0.76654710242652035 -0.0019367896850933941 -0.00080373161987185016 0.012033937964508913 -0.23671694658289333 -0.020349039981253366 -0.001557696012491727 -0.029393873592328177 6.2093877775920614 48.500000000000007
decision_type=2 2 2 2 2 2 2 2 2 2 2
left_child=1 7 5 10 -5 -3 -7 -1 -9 -10 -4
right_child=-2 2 3 4 -6 6 -8 8 9 -11 -12
leaf_value=-0.0019162692283426507 -0.023436857238710484 0.0087066926781056587 0.0042823127853907385 -0.004429511638659866 0.020894940937629256 0 -0.023491861511119708 0.0020923923993576734 0.0046411236816460604 0.02978723735796018 0.031476702761340895
leaf_weight=16.868478558026254 10.379578071646391 13.299339642748235 10.003304826095702 137.67687134537846 16.900408796034753 14.407558227889238 44.992488535121083 18.974240199662745 12.913935898337511 19.147611234337091 10.132773193530737
leaf_count=165 114 128 121 1275 195 201 490 212 148 208 76
internal_value=-0.000241624 0.000578525 -0.00222563 0.00175422 -0.000998316 -0.0121411 -0.0178043 0.0111627 0.0162772 0.0223485 0.0224351
internal_weight=325.697 315.317 247.413 174.713 154.577 72.6994 59.4 67.9043 51.0358 32.0615 20.1361
internal_count=3333 3219 2486 1667 1470 819 691 733 568 356 197
is_linear=0
shrinkage=0.05


Tree=250
num_leaves=1
num_cat=0
split_feature=
split_gain=
threshold=
decision_type=
left_child=
right_child=
leaf_value=0
leaf_weight=
leaf_count=3333
internal_value=
internal_weight=
internal_count=
is_linear=0
shrinkage=1


Tree=251
num_leaves=12
num_cat=0
split_feature=126 258 11 11 10 8 87 120 209 268 9
split_gain=2.62634 3.09731 3.35262 5.07288 5.0111 4.9013 3.62065 3.20461 3.07949 2.387 0.299688
threshold=-0.012992635463472178 0.3970588235294118 -0.0006185315156608805 0.00085173494185031295 0.011123890974309153 -0.028252071556437223 -0.055000093894336459 -0.0084087648682429888 3.0302564103750877 -0.33720536712349941 -0.0017275828437181005
decision_type=2 2 2 2 2 2 2 2 2 2 2
left_child=-1 9 5 4 -4 7 -7 -3 -5 10 -2
right_child=1 2 3 8 -6 6 -8 -9 -10 -11 -12
leaf_value=-0.0219831306616999 0.0047620165746836904 0.019639442304803412 0.00093830625450519803 0.0068887020946345971 0.023670385210603148 0.0017628473199821156 -0.027364693040629176 -0.0095340955118627998 -0.013177911710554248 -0.0023621621823798986 0.025228261580572828
leaf_weight=10.532786378636954 11.496280206367372 14.937527343630792 81.063951760530472 21.588185791857541 35.198035302571952 10.00013532117009 35.669574253726751 14.863976404536514 60.06802574172616 12.083552132360635 18.337412277236584
leaf_count=69 97 100 860 258 322 116 425 188 503 211 184
internal_value=-0.00032772 0.000438966 -0.00138204 0.00184809 0.00866194 -0.0102368 -0.0202439 0.00402317 -0.00722598 0.012728 0.0200202
internal_weight=325.839 315.307 273.389 197.918 116.262 75.4712 45.6697 29.8015 81.6562 41.9172 29.8337
internal_count=3333 3264 2772 1943 1182 829 541 288 761 492 281
is_linear=0
shrinkage=0.05


Tree=252
num_leaves=20
num_cat=0
split_feature=270 207 73 73 386 207 110 226 104 36 358 67 73 120 82 24 258 231 297
split_gain=2.98744 3.49838 2.65731 2.64448 3.57988 2.52777 2.3357 2.31581 2.1029 2.18817 1.63296 1.59852 1.8648 1.48789 1.12727 1.01451 0.975293 0.405253 0.2642
threshold=-0.91852758087398778 1.6225430233344607 1.1459086647516834 0.92044825787486129 -0.048708349208522954 1.1527009186218697 35.500000000000007 -0.5332969252050751 -0.18152510833825383 0.045449569338783032 -0.082801614690509437 -0.01534104427399968 1.067542864742822 0.0099154463187767234 0.45201182290259095 0.82231621134276189 1.6323529411764708 106.50000000000001 -0.49477971961288764
decision_type=2 2 2 2 2 2 2 2 2 2 2 2 2 2 2 2 2 2 2
left_child=1 8 3 4 -3 11 -4 -5 -1 17 -8 -2 18 14 -7 -14 -16 -10 -13
right_child=5 2 6 7 -6 13 10 -9 9 -11 -12 12 15 -15 16 -17 -18 -19 -20
leaf_value=0.0017990890139174356 0.010811199850463219 0.018859105718194036 -0.0056242440574795736 -0.020468989992423331 -0.0067994713898921096 0 0 0 -0.028315491264894854 0 0.024643079091611921 -0.021386670878347367 -0.0047437932225282611 0 0.029356074219817885 0.011854760646969567 0.002658920258581928 -0.005270463626770517 -0.003386024195538428
leaf_weight=11.530978102236984 18.339950536377728 19.652082921937108 10.305761530995367 29.354350925423205 28.065576779656112 10.29949632566422 10.016382470726965 17.690096640959382 26.383242058567703 14.945611491799353 20.788768445141617 11.118434619158508 13.039226596243681 14.760216779075561 19.284869035705928 13.724439356476067 10.114096934907137 10.096592350862919 13.777126953937112
leaf_count=102 209 170 92 257 259 158 74 124 380 146 155 59 115 129 329 102 156 157 160
internal_value=-0.000227515 -0.00415431 6.92658e-05 -0.00416785 0.0032724 0.00560363 0.0105887 -0.0124574 -0.0136163 -0.0179001 0.0175095 -8.03591e-05 -0.00524297 0.0134026 0.0181339 0.00242502 0.0228114 -0.0240889 -0.014653
internal_weight=323.287 198.829 135.873 94.7621 47.7177 124.458 41.1109 47.0444 62.9564 51.4254 30.8052 69.9992 51.6592 54.4587 39.6985 26.7637 29.399 36.4798 24.8956
internal_count=3333 1916 1131 810 429 1417 321 381 785 683 229 645 436 772 643 217 485 537 219
is_linear=0
shrinkage=0.05


Tree=253
num_leaves=1
num_cat=0
split_feature=
split_gain=
threshold=
decision_type=
left_child=
right_child=
leaf_value=0
leaf_weight=
leaf_count=3333
internal_value=
internal_weight=
internal_count=
is_linear=0
shrinkage=1


Tree=254
num_leaves=10
num_cat=0
split_feature=385 119 68 113 165 83 240 113 71
split_gain=2.67177 3.10118 7.24485 3.78299 3.67689 5.18725 4.89994 2.90503 1.00127
threshold=5.5000000000000009 -0.17455771583318427 0.46921697462872097 44.500000000000007 -0.001104047350781341 0.10158571450987711 0.73809523809523825 40.500000000000007 1.0428338960124612
decision_type=2 2 2 2 2 2 2 2 2
left_child=1 7 4 -4 6 -6 -3 -1 -9
right_child=-2 2 3 -5 5 -7 -8 8 -10
leaf_value=-0.0049885103540197439 0.021246012065917443 -0.023635973380279958 0 -0.030904148037929798 0.012416683163918259 -0.0047588907780533336 0.0017026434702276428 0.029213634963441565 0.0018938152397217944
leaf_weight=11.743202260695396 10.467002526856957 29.742552344687283 15.42993827909231 29.228733604773879 89.114378545433283 76.519061726517975 37.06889151642099 14.029431021772327 10.08764160890132
leaf_count=116 122 285 176 352 966 765 342 127 82
internal_value=-0.000347941 -0.00142326 -0.003386 -0.0211521 4.1001e-05 0.00424194 -0.00939214 0.0115473 0.0211039
internal_weight=323.431 312.964 277.104 44.6587 232.445 165.633 66.8114 35.8603 24.1171
internal_count=3333 3211 2886 528 2358 1731 627 325 209
is_linear=0
shrinkage=0.05


Tree=255
num_leaves=17
num_cat=0
split_feature=284 210 167 87 104 28 244 117 36 11 70 113 391 29 246 265
split_gain=2.92101 3.2147 2.74529 3.5286 3.89331 2.61064 2.79662 2.35075 2.05848 4.38487 3.60748 2.92725 2.0656 1.74768 0.919339 0.41549
threshold=-0.38220169564211975 0.48417764376044614 -0.73508298922167781 0.041163559178917127 0.0032420784113480284 0.041597827717896031 0.35454545454545461 -0.47306312819499646 0.036003531384965974 -0.00032754152889141736 0.0085616429839793558 26.500000000000004 2.5000000000000004 0.059493958599013637 0.37640449438202256 0.14656311962987445
decision_type=2 2 2 2 2 2 2 2 2 2 2 2 2 2 2 2
left_child=1 13 -2 5 15 6 -4 -7 9 -3 12 -11 -10 -1 -12 -5
right_child=2 8 3 4 -6 7 -8 -9 10 11 14 -13 -14 -15 -16 -17
leaf_value=-0.023337305101542378 0.019518080828689693 0.029897313682251965 -0.0053586301489640872 -0.0066245911967018544 0.0075858060577594054 -0.017502779027512846 0.018392360501168249 0.0043150121252626709 -0.021042082711765518 0.010218496665913117 0 -0.014609793278358589 0 0 0.01662344752910291 -0.032388063083748857
leaf_weight=27.624420953914523 22.463845007587224 11.63738045003265 11.127396959811447 10.875505727715792 11.228054712526498 14.379091385751961 46.429899847134948 35.018722985871136 32.151411227881908 20.702018406242132 10.256806872785093 19.881044429726899 13.232516581192611 11.412207143381236 11.237493323162196 10.898543751798568
leaf_count=445 416 64 92 96 114 114 421 355 310 185 118 234 88 145 79 57
internal_value=-0.000237442 -0.00516953 0.00426891 0.00111336 -0.0120586 0.00585055 0.012937 -0.00172013 -0.000521269 0.00625728 -0.00657109 -0.000965704 -0.0146611 -0.0171124 0.00817265 -0.0238987
internal_weight=320.556 158.135 162.421 139.957 33.0021 106.955 57.5573 49.3978 119.099 52.2204 66.8782 40.5831 45.3839 39.0366 21.4943 21.774
internal_count=3333 1668 1665 1249 267 982 513 469 1078 483 595 419 398 590 197 153
is_linear=0
shrinkage=0.05


Tree=256
num_leaves=1
num_cat=0
split_feature=
split_gain=
threshold=
decision_type=
left_child=
right_child=
leaf_value=0
leaf_weight=
leaf_count=3333
internal_value=
internal_weight=
internal_count=
is_linear=0
shrinkage=1


Tree=257
num_leaves=16
num_cat=0
split_feature=266 165 111 64 83 386 391 230 49 6 84 64 72 33 29
split_gain=2.69437 3.80449 4.34395 3.55527 3.3151 4.29902 3.01379 2.50792 2.35913 3.73947 1.96474 3.43252 2.45139 2.08487 1.40641
threshold=-0.11056538008860674 -0.00044373858943705141 23.500000000000004 0.27533135834134509 0.10888548102975308 0.34612785894759418 2.5000000000000004 52.500000000000007 0.58271417799544067 0.015805083729823127 1.0000000180025095e-35 0.41696849855535006 0.0074843880790289802 0.033396070905201879 0.088791653506997484
decision_type=2 2 2 2 2 2 2 2 2 2 2 2 2 2 2
left_child=7 2 3 -2 5 6 -3 10 -6 -10 11 13 -13 -1 -9
right_child=1 4 -4 -5 8 -7 -8 14 9 -11 -12 12 -14 -15 -16
leaf_value=-0.024939952528663607 0.018760375776617259 0.016560105172394399 -0.027073996979217793 -0.013233411029965773 0.010032658761143169 -0.016301002031699971 -0.0071721542679076631 0.021892737599907702 -0.021888960700730976 0.0011259015379688059 0.016637529215543841 0.021646388064869276 -0.0049327053820260557 0 0
leaf_weight=18.464638882316653 11.417705116793515 61.768691652454436 28.823135127313435 18.777995306998491 10.822111249901353 12.278335833922027 11.74452376924455 25.377613442018628 34.176559014245868 25.75471100024879 10.809843705967067 12.528159080073239 12.787530289962886 10.152276858687399 15.025083472020922
leaf_count=131 67 493 422 238 90 126 90 499 296 232 164 122 119 103 141
internal_value=-0.000345624 -0.00367961 -0.0141779 0 0.000157106 0.00695758 0.0119826 0.00593969 -0.00735843 -0.0116219 0 -0.00437393 0.0073547 -0.0160443 0.0152434
internal_weight=320.709 215.564 59.0188 30.1957 156.545 85.7916 73.5132 105.145 70.7534 59.9313 64.7424 53.9326 25.3157 28.6169 40.4027
internal_count=3333 2054 727 305 1327 709 583 1279 618 528 639 475 241 234 640
is_linear=0
shrinkage=0.05


Tree=258
num_leaves=16
num_cat=0
split_feature=126 83 301 217 73 113 64 240 41 163 399 70 130 55 266
split_gain=2.81381 5.63169 4.03601 4.13457 3.50147 5.67059 2.92973 2.67659 2.63234 2.42711 2.265 1.83919 1.79042 1.55853 0.341702
threshold=-0.0063472843331680009 0.24296658301123794 -0.31531264240216872 9.3361344170522074 1.1219636299603968 103.50000000000001 0.3464406901116705 0.6428571428571429 0.0046088288847922721 -0.0063820803251713057 -0.17450957419889479 0.0028786444686359756 -11.499999999999998 0.019609620658152641 -0.13709401162789842
decision_type=2 2 2 2 2 2 2 2 2 2 2 2 2 2 2
left_child=1 7 6 4 9 -6 8 -1 -2 -4 -5 -12 -9 -3 -8
right_child=2 13 3 10 5 -7 14 12 -10 -11 11 -13 -14 -15 -16
leaf_value=0 -0.0099673815999262415 0.020479342620062558 0.0062108772815438647 -9.7021043205923287e-05 0.023453575665987172 -0.011232566874517638 -0.025667065415042753 -0.0009876323360997947 0.016752407080022846 -0.011829113463435799 0 0.024778522062708672 -0.031819824815024288 -5.2429047791055859e-06 -0.0038497501249073543
leaf_weight=16.292008835822344 17.603576800785962 11.743526284582915 21.363113281317055 11.847568568773566 29.565716956742108 13.976898141205309 16.05045465473086 10.059899499639867 13.18147557415068 54.191618248820305 11.202127158641813 41.539364717435092 25.413018452934921 12.989560711197553 10.200951324775813
leaf_count=149 272 93 265 117 262 110 351 126 135 444 95 493 229 107 85
internal_value=-0.000255641 -0.00855727 0.0022502 0.00601275 0 0.0112389 -0.00872927 -0.0179337 0.000465145 -0.00604941 0.0158993 0.0202015 -0.0251345 0.00908135 -0.0201628
internal_weight=317.221 76.498 240.723 183.686 119.097 43.5426 57.0365 51.7649 30.7851 75.5547 64.5891 52.7415 35.4729 24.7331 26.2514
internal_count=3333 704 2629 1786 1081 372 843 504 407 709 705 588 355 200 436
is_linear=0
shrinkage=0.05


Tree=259
num_leaves=1
num_cat=0
split_feature=
split_gain=
threshold=
decision_type=
left_child=
right_child=
leaf_value=0
leaf_weight=
leaf_count=3333
internal_value=
internal_weight=
internal_count=
is_linear=0
shrinkage=1


Tree=260
num_leaves=15
num_cat=0
split_feature=385 86 11 391 105 266 118 209 207 32 36 103 86 124
split_gain=2.57455 2.76981 5.12209 4.23776 4.51977 3.56117 4.27539 3.21301 2.77978 2.54481 2.76567 2.22028 3.29351 1.66196
threshold=5.5000000000000009 -7656.9651138798627 0.00076585403764462001 2.5000000000000004 -0.068256526353244279 -0.086840092532080512 1.0000000180025095e-35 4.0845800119016493 1.1392096540285133 0.44980072619005762 0.034985315824057762 0.13113401378676914 3842.4106830450055 -25.499999999999996
decision_type=2 2 2 2 2 2 2 2 2 2 2 2 2 2
left_child=1 5 3 7 -5 9 13 -3 -8 10 -1 -4 -13 -7
right_child=-2 2 11 4 -6 6 8 -9 -10 -11 -12 12 -14 -15
leaf_value=-0.01701025862789235 0.020976490032362755 0.026716415976106418 -0.023208923529807229 0.017433448489706928 -0.017100427738702555 0 0.0070406173475614777 5.9055435180196677e-05 -0.012563097057348269 0.021789935318741807 0.0060284723211371464 0.012945643217840459 -0.019701547728223724 -0.026660585424349459
leaf_weight=16.454135707579553 10.30886870715767 37.47791051492095 15.19325954467058 12.198341026902197 20.592394070699811 10.42091531306505 34.552793660201132 21.045435424894094 30.229621197562665 11.744172014296053 34.061446180567145 15.966795133426787 10.023652864620088 37.100545641034842
leaf_count=117 122 454 99 92 228 116 274 206 352 273 314 148 107 431
internal_value=-0.000337575 -0.00141044 0.00377179 0.0105431 -0.00247216 -0.00562273 -0.0109465 0.0184132 -0.00152063 0.00327581 -0.00107438 -0.00980666 0 -0.021953
internal_weight=317.37 307.061 132.498 91.3141 32.7907 174.564 112.304 58.5233 64.7824 62.2598 50.5156 41.1837 25.9904 47.5215
internal_count=3333 3211 1334 980 320 1877 1173 660 626 704 431 354 255 547
is_linear=0
shrinkage=0.05


Tree=261
num_leaves=15
num_cat=0
split_feature=126 83 309 191 105 72 167 38 240 62 356 349 130 88
split_gain=2.7468 5.34351 3.85054 3.48443 2.99692 3.9616 2.73161 3.31407 2.51187 2.34965 3.00616 1.78981 1.71598 1.0392
threshold=-0.0063472843331680009 0.24296658301123794 0.17247272197962127 0.93361344170522054 0.12578938244510959 0.004307087369926803 -0.76654710242652035 0.25015657623078563 0.6428571428571429 0.15580162015702759 0.11458333333333336 4.5000000000000009 -11.499999999999998 -0.012297128461975277
decision_type=2 2 2 2 2 2 2 2 2 2 2 2 2 2
left_child=1 8 4 6 5 -2 13 -8 -1 -5 -11 -3 -10 -4
right_child=2 11 3 9 -6 -7 7 -9 12 10 -12 -13 -14 -15
leaf_value=0 0.0023110726017109748 -0.0027301978070599364 0 -0.00092118674342558666 0.0060506118719320648 -0.025614403768693866 -0.022362365382968704 0.00070382743290312586 -0.0009704298247360907 0 0.027171569583386058 0.019718874670138914 -0.031385857948354329 0.021584217650435063
leaf_weight=16.222871959209442 15.57494264654815 10.918045329861345 12.282387455925347 11.699219261296092 19.973752529360354 28.180706626735628 15.828489621169863 69.131288189440966 10.03399710357189 14.263056869618593 36.09343057917431 13.581272277049719 24.985465967096388 14.765886141918598
leaf_count=149 171 84 112 111 230 487 129 621 126 136 448 116 229 184
internal_value=-0.000290139 -0.00852913 0.00220006 0.00619269 -0.00774384 -0.0150944 0.000372145 -0.00364123 -0.0177087 0.0154283 0.0200021 0.00868985 -0.0247504 0.0137473
internal_weight=313.535 75.7417 237.793 174.064 63.7294 43.7556 112.008 84.9598 51.2423 62.0557 50.3565 24.4993 35.0195 27.0483
internal_count=3333 704 2629 1741 888 658 1046 750 504 695 584 200 355 296
is_linear=0
shrinkage=0.05


Tree=262
num_leaves=1
num_cat=0
split_feature=
split_gain=
threshold=
decision_type=
left_child=
right_child=
leaf_value=0
leaf_weight=
leaf_count=3333
internal_value=
internal_weight=
internal_count=
is_linear=0
shrinkage=1


Tree=263
num_leaves=14
num_cat=0
split_feature=385 86 11 391 105 299 105 130 230 209 399 394 221
split_gain=2.47011 2.65745 4.82482 3.95933 4.22671 3.36967 3.44083 3.72815 3.27339 3.01807 1.72035 1.67429 1.62837
threshold=5.5000000000000009 -7656.9651138798627 0.00076585403764462001 2.5000000000000004 -0.068256526353244279 -0.16412188447427992 0.1378328917336484 -29.499999999999996 51.500000000000007 4.0845800119016493 0.064405940183798097 0.0089010863325272877 12.151879275179413
decision_type=2 2 2 2 2 2 2 2 2 2 2 2 2
left_child=1 5 3 9 -5 6 7 -1 -8 -3 12 -7 -4
right_child=-2 2 10 4 -6 11 8 -9 -10 -11 -12 -13 -14
leaf_value=0.025867906793822455 0.020645105203688861 0.026172499462094535 -0.015207452696780397 0.01696579438854956 -0.016564917844113364 -0.02339511358147723 -0.026526019900894184 -0.00021775900955236699 0.00019955970487135831 0.00012710579407556951 -0.022609687283355055 0 0.0072047296040548331
leaf_weight=12.577249008230863 10.197885076515375 36.759590212255716 10.005153154954316 12.111663554795085 20.312003229744732 29.496282201260328 19.550054965540767 85.037031691521406 16.014574320986867 20.984620343893766 13.139376658946274 10.008815532550214 17.483500360511243
leaf_count=130 122 454 104 92 228 669 123 708 132 206 103 115 147
internal_value=-0.000314726 -0.00137738 0.00372786 0.0103456 -0.00225217 -0.00552646 -0.00117925 0.00331742 -0.0141157 0.0180043 -0.0095146 -0.0178878 -6.467e-06
internal_weight=313.678 303.48 130.796 90.1679 32.4237 172.684 133.179 97.6143 35.5646 57.7442 40.628 39.5051 27.4887
internal_count=3333 3211 1334 980 320 1877 1093 838 255 660 354 784 251
is_linear=0
shrinkage=0.05


Tree=264
num_leaves=15
num_cat=0
split_feature=286 207 20 372 28 71 217 17 163 399 386 230 28 354
split_gain=2.64584 2.55763 3.41113 3.27557 2.77302 2.73647 2.54009 2.68754 2.45199 2.40066 1.91326 1.69981 1.33943 1.20361
threshold=-0.2997626987833783 1.1111805780579302 0.15968047747594211 -0.027375853429448479 0.034066359304964079 0.84796813591942322 8.2166147728107024 0.00035043818273456571 0.0037537528969794017 0.022416750824380913 -0.07786297059587842 49.500000000000007 0.033217973051920001 0.050838879700995689
decision_type=2 2 2 2 2 2 2 2 2 2 2 2 2 2
left_child=1 6 3 11 9 -5 12 -8 -6 -4 -9 -3 13 -1
right_child=-2 2 4 5 8 -7 7 10 -10 -11 -12 -13 -14 -15
leaf_value=-0.013778226005814652 0.019264310537752464 0.020524002774557907 0.019893790272500381 0.0028130347504757018 -0.011839823537568135 -0.018610652787323052 -0.016944547055177003 -0.0059577892958872381 0.0082924140859154463 -0.000299566217631528 0.01567641249270077 -0.00039670730479881341 -0.02470525561363655 0.0051502549084993616
leaf_weight=13.359805057756605 13.054260132368652 10.399539171718063 45.343353817239404 15.380282318219541 24.620795242488384 43.889003062620759 13.156842298805712 10.618270814418791 29.843112742528319 14.239698174409567 22.960229741409421 19.936579553410411 23.064102832227945 10.054830119945107
leaf_count=97 548 92 373 187 234 361 156 69 298 139 235 245 212 87
internal_value=-0.000300036 -0.00151121 0.00143659 -0.00545343 0.0072782 -0.0123806 -0.00831516 0 -8.13841e-05 0.0144858 0.00754073 0.00647685 -0.0162109 -0.00409521
internal_weight=309.921 296.866 203.652 89.6054 114.047 59.2693 93.2141 46.7353 54.4639 59.5831 33.5785 30.3361 46.4787 23.4146
internal_count=3333 2785 1929 885 1044 548 856 460 532 512 304 337 396 184
is_linear=0
shrinkage=0.05


Tree=265
num_leaves=1
num_cat=0
split_feature=
split_gain=
threshold=
decision_type=
left_child=
right_child=
leaf_value=0
leaf_weight=
leaf_count=3333
internal_value=
internal_weight=
internal_count=
is_linear=0
shrinkage=1


Tree=266
num_leaves=13
num_cat=0
split_feature=119 11 83 165 167 130 370 104 268 49 216 207
split_gain=2.49436 5.76091 3.22471 5.26018 3.52417 2.77747 2.73329 2.65721 2.55246 2.42453 1.60823 0.308511
threshold=-0.17455771583318427 -0.0015800327109037891 0.10158571450987711 -0.001104047350781341 -0.13921137646084364 -1.0000000180025095e-35 0.7710457370727507 -0.070348804079963634 -0.60002027417440273 0.60458513940491154 7.6661019470717049 1.9038313083505898
decision_type=2 2 2 2 2 2 2 2 2 2 2 2
left_child=7 8 3 5 9 -3 -5 -1 -2 -4 -6 -9
right_child=1 2 4 6 10 -7 -8 11 -10 -11 -12 -13
leaf_value=-0.0044600366934989307 0 0.0078678837337184514 0 0.016751968154036338 0.021176104124605299 -0.01370665396669541 -0.0016729342530499174 0.027192635564966157 -0.031508689124537449 -0.018559009053785283 -0.00063768345522598115 0.0044936413708321875
leaf_weight=11.116271919570861 10.413986619561912 17.436198694631457 26.479625166393816 73.596253350377083 10.36214199382812 39.494729008991271 20.248280423693359 13.113880605436863 19.137984334956855 46.646001782268286 11.8906287625432 10.128217298537491
leaf_count=111 101 171 277 834 121 448 184 109 267 508 97 105
internal_value=-0.000316192 -0.00209253 0.000318466 0.00502404 -0.0065383 -0.00620165 0.0123316 0.0116229 -0.0218896 -0.0120418 0.00884903 0.0208509
internal_weight=310.064 275.706 246.154 150.775 95.3784 56.9309 93.8445 34.3584 29.552 73.1256 22.2528 23.2421
internal_count=3333 3008 2640 1637 1003 619 1018 325 368 785 218 214
is_linear=0
shrinkage=0.05


Tree=267
num_leaves=16
num_cat=0
split_feature=73 111 377 104 126 16 37 167 64 397 83 167 16 215 246
split_gain=2.61583 5.23588 3.89997 3.70278 5.04453 4.36322 2.78461 3.72835 2.54753 2.20096 2.1604 1.7631 1.29079 0.718458 0.263379
threshold=1.1610093869653542 43.500000000000007 0.047527999140522199 -0.18152510833825383 -0.001557696012491727 0.0011813475789483596 0.016083495864459885 -0.21856851545854525 0.37666025929251057 -0.0024529140963966 0.27433629293204354 -0.45172696812930135 0.0026726499978852549 2.5427868621011247 0.61235955056179792
decision_type=2 2 2 2 2 2 2 2 2 2 2 2 2 2 2
left_child=3 12 11 8 5 14 9 -8 13 -6 -7 -3 -2 -1 -5
right_child=1 2 -4 4 6 10 7 -9 -10 -11 -12 -13 -14 -15 -16
leaf_value=0.025531801162993278 0.028310849374538746 0 0.014463753090921065 -0.030228286028833137 0.0012032086732702068 -0.01123706649532407 0.01176361291805967 -0.013112982783978917 -0.005652644926982725 -0.020503860490550099 0.01227371987507395 -0.024906702663121266 0.0040469534309643413 0.0015979527241652251 -0.0073083002331171716
leaf_weight=15.1308980146423 21.421852830797434 17.469050429761406 15.069364715833215 30.920390697196126 14.987303751520811 21.460086119361222 61.016064296942204 15.35372293088585 11.119820784777401 20.17936566658318 12.556322633288799 14.628061289899053 15.64882117230445 10.229851123876868 10.422407621517776
leaf_count=124 202 186 188 356 142 216 693 182 134 248 131 157 150 153 71
internal_value=-0.000305182 0.00687296 -0.00333484 -0.0032882 -0.00631195 -0.0160463 7.65184e-05 0.00582575 0.010239 -0.0105753 -0.000916503 -0.0136378 0.0203858 0.0188308 -0.0264632
internal_weight=307.613 84.2372 47.1665 223.376 186.896 75.3592 111.536 76.3698 36.4806 35.1667 34.0164 32.0971 37.0707 25.3607 41.3428
internal_count=3333 883 531 2450 2039 774 1265 875 411 390 347 343 352 277 427
is_linear=0
shrinkage=0.05


Tree=268
num_leaves=1
num_cat=0
split_feature=
split_gain=
threshold=
decision_type=
left_child=
right_child=
leaf_value=0
leaf_weight=
leaf_count=3333
internal_value=
internal_weight=
internal_count=
is_linear=0
shrinkage=1


Tree=269
num_leaves=8
num_cat=0
split_feature=385 119 68 137 66 229 381
split_gain=2.34941 2.80905 6.37744 3.52731 4.53467 2.46017 2.18354
threshold=5.5000000000000009 -0.17455771583318427 0.46921697462872097 -0.1180399137452689 0.40124170280856769 -4.1508790875551504 11.726461352729901
decision_type=2 2 2 2 2 2 2
left_child=1 5 3 -3 -5 -1 -4
right_child=-2 2 6 4 -6 -7 -8
leaf_value=0.02246728629864761 0.020254775167785257 0.023620333125782642 0 0.0024723616716409861 -0.014168608677295025 -0.00078995306331873451 -0.027497527349814935
leaf_weight=18.445802967064083 10.014183441177009 11.981525057926772 12.847017970867453 158.82000997615978 50.8347656307742 15.671694363467394 29.143796441610903
leaf_count=197 122 125 146 1711 522 128 382
internal_value=-0.000318384 -0.00137173 -0.00329906 0 -0.00147039 0.0112367 -0.0204664
internal_weight=307.759 297.745 263.627 221.636 209.655 34.1175 41.9908
internal_count=3333 3211 2886 2358 2233 325 528
is_linear=0
shrinkage=0.05


Tree=270
num_leaves=19
num_cat=0
split_feature=286 207 210 69 105 191 74 36 117 111 110 83 73 70 30 124 66 29
split_gain=2.67299 2.82906 2.33899 2.32472 2.81011 2.76997 2.03158 2.41567 1.88036 1.74229 3.43223 1.50314 1.69294 1.67183 0.648826 0.635901 0.468359 0.314581
threshold=-0.52113454785977431 1.6225430233344607 0.30098025691087377 -0.003984218645615544 0.14464902652736347 0.71183407328402326 -0.46496793536701114 0.046165189292095989 -0.49882729645600077 24.500000000000004 52.500000000000007 -0.021581605036874424 1.0694939460695994 0.006411358054199603 0.0037276498417329724 -11.499999999999998 0.42961190313994407 -0.06384671734620527
decision_type=2 2 2 2 2 2 2 2 2 2 2 2 2 2 2 2 2 2
left_child=1 6 11 9 5 -5 -1 17 -4 -3 -11 13 14 -2 -13 -10 -6 -8
right_child=2 3 8 4 16 -7 7 -9 15 10 -12 12 -14 -15 -16 -17 -18 -19
leaf_value=0.00070408717235463712 0.0018485096470288319 -0.0026704196460010706 0 0.0027164526990494245 0 -0.01767030871943551 -0.0058394731128254621 0 0.0022062855058407162 0 0.028016004373838534 0.0036621849316190165 0.017419343077734666 -0.018732269488912979 -0.010795700327472155 0.02514551734593605 0.015433984336490692 -0.028523203742647329
leaf_weight=14.87657379452139 11.714429131709041 15.452161435969172 16.767665722407401 19.441243550740182 10.286838867701592 41.462886988185346 10.249144652858371 14.159848459996281 10.062182303518059 16.029519254341722 18.138602124527097 10.324632815085353 14.831933594308792 15.907820961438118 10.027766466140745 21.728494077920914 10.002639837563036 23.634045480750505
leaf_count=188 104 112 256 170 108 375 148 150 166 172 128 116 134 124 80 400 78 324
internal_value=-0.000322012 -0.00400281 0.00558105 0 -0.00490414 -0.0105582 -0.0124543 -0.0173103 0.0135087 0.00848332 0.0146811 -0.0001248 0.00572942 -0.00904527 -0.00179196 0.0201384 0.00909488 -0.0240504
internal_weight=305.098 193.734 111.365 130.814 81.1936 60.9041 62.9196 48.043 48.5583 49.6203 34.1681 62.8066 35.1843 27.6223 20.3524 31.7907 20.2895 33.8832
internal_count=3333 1953 1380 1143 731 545 810 622 822 412 300 558 330 228 196 566 186 472
is_linear=0
shrinkage=0.05


Tree=271
num_leaves=1
num_cat=0
split_feature=
split_gain=
threshold=
decision_type=
left_child=
right_child=
leaf_value=0
leaf_weight=
leaf_count=3333
internal_value=
internal_weight=
internal_count=
is_linear=0
shrinkage=1


Tree=272
num_leaves=15
num_cat=0
split_feature=266 85 103 11 112 207 69 29 212 81 370 211 240 265
split_gain=2.37681 3.00747 3.88059 2.80835 3.67091 3.47004 2.05728 2.27681 1.62419 1.41852 1.2812 1.2569 1.09089 1.00626
threshold=-0.15411129347559294 1.0000000180025095e-35 0.15753183150531139 0.0011802516674548349 100.50000000000001 1.3861520379623133 -0.0048279296301102495 0.096369370405711155 0.65353391038945641 0.48626341238979137 0.48826498580980809 1.0366563243103462 0.54761904761904778 0.1725049570389954
decision_type=2 2 2 2 2 2 2 2 2 2 2 2 2 2
left_child=6 3 -3 4 5 -2 7 12 -8 -10 -4 -5 -1 -6
right_child=1 2 10 11 13 -7 8 -9 9 -11 -12 -13 -14 -15
leaf_value=-0.0014560821900071828 0.0064213668113211626 0.0069964353888455691 -0.031414184841043337 0 0.0022755314497786383 -0.009449852165656223 0 -0.01794474021994124 0 0.024165956093164506 -0.0034752929798419689 -0.020351301298312741 0.016254558032203933 0.031086196873053386
leaf_weight=10.657326951622965 73.698053841944784 10.164824696257709 19.104388006497178 11.254344952292742 10.154129090253265 58.877930985298008 12.570518829859791 11.772090141661463 10.08282248675823 25.124587709084153 11.528759761713443 19.142824456095695 11.078818873502312 10.042801853269337
leaf_count=116 724 112 227 110 96 598 118 93 113 432 112 200 238 44
internal_value=-0.000309219 -0.00312086 -0.0149043 -2.98669e-05 0.00252388 -0.000311493 0.00667984 -0.00153726 0.0131778 0.0183593 -0.0236339 -0.0134357 0.00642617 0.0209245
internal_weight=305.254 223.968 40.798 183.17 152.773 132.576 81.2862 33.5082 47.7779 35.2074 30.6331 30.3972 21.7361 20.1969
internal_count=3333 2223 451 1772 1462 1322 1110 447 663 545 339 310 354 140
is_linear=0
shrinkage=0.05


Tree=273
num_leaves=17
num_cat=0
split_feature=270 167 16 126 240 111 211 104 210 220 126 83 227 21 21 406
split_gain=2.55707 2.98633 3.3639 3.17441 3.66246 3.20117 3.15335 3.06003 2.005 1.62252 1.39031 1.25929 0.97654 0.838625 0.750939 0.0523535
threshold=-0.91852758087398778 -0.30275789033226269 0.0012437086697333038 -0.001557696012491727 0.6428571428571429 57.500000000000007 3.0763532295090497 -0.18152510833825383 0.30098025691087377 8.4961796722975578 -0.003296564470528562 -0.021581605036874424 -0.96445830872691996 0.12836953181217306 0.26954977671010444 0.0029755170941999647
decision_type=2 2 2 2 2 2 2 2 2 2 2 2 2 2 2 2
left_child=1 2 3 4 -1 -5 -4 -3 9 11 -10 12 -2 -13 -12 -9
right_child=8 7 6 5 -6 -7 -8 15 10 -11 14 13 -14 -15 -16 -17
leaf_value=0.0041768400937776924 0 0.0038587071233378415 0.025662497059897711 0.0086783397834657907 -0.026551736576860455 -0.011281429847387342 -0.0020996468449305207 -0.026831606316406381 0 0.010513017764423802 0.022535089611677179 -0.0056061185413819846 -0.021581365496192526 0.010861136595751622 0.00055377940417880307 -0.0064685541173817949
leaf_weight=10.004411440342663 10.133308005519213 10.311335461214183 17.933316436596218 49.21879612095654 24.355669460259378 29.139385243877769 13.382776402868329 21.476117870770398 17.806317956186831 18.941245197318494 23.868582575581968 11.792115388438107 12.474841102957724 10.945006780326365 10.466990253888069 10.394967240281401
leaf_count=62 109 91 132 403 303 337 121 325 177 181 416 96 79 105 254 142
internal_value=-0.000309038 -0.00407279 -0.000194688 -0.00459244 -0.0166494 0.000498957 0.0131951 -0.015316 0.00524318 -2.35533e-06 0.0122655 -0.00580878 -0.0136425 0.00072006 0.0177564 -0.0227518
internal_weight=302.645 186.217 144.034 112.718 34.3601 78.3582 31.3161 42.1824 116.428 64.2865 52.1419 45.3453 22.6081 22.7371 34.3356 31.8711
internal_count=3333 1916 1358 1105 365 740 253 558 1417 570 847 389 188 201 670 467
is_linear=0
shrinkage=0.05


Tree=274
num_leaves=1
num_cat=0
split_feature=
split_gain=
threshold=
decision_type=
left_child=
right_child=
leaf_value=0
leaf_weight=
leaf_count=3333
internal_value=
internal_weight=
internal_count=
is_linear=0
shrinkage=1


Tree=275
num_leaves=12
num_cat=0
split_feature=126 258 11 8 11 120 105 120 64 268 2
split_gain=2.30239 2.70469 2.61293 4.16656 4.12442 2.70692 2.68918 2.46986 2.32311 1.94174 0.258911
threshold=-0.012992635463472178 0.3970588235294118 -0.0006185315156608805 -0.028252071556437223 0.00085173494185031295 0.011286984528534829 0.25398664569631474 -0.0084087648682429888 0.4115025388235245 -0.33720536712349941 0.0026774372004426156
decision_type=2 2 2 2 2 2 2 2 2 2 2
left_child=-1 9 3 7 6 -6 -4 -3 -5 10 -2
right_child=1 2 4 8 5 -7 -8 -9 -10 -11 -12
leaf_value=-0.020960044734206477 0.023864410513569845 0.018063704353851729 0.012039691705525542 -0.027955877647734467 -0.0016787245765585276 -0.02726945485821693 -0.0058314916775002446 -0.0081594536296428887 -0.0006309305624804455 -0.001381677738910389 0.0034529449145259484
leaf_weight=10.061468381434677 17.504760981537405 13.995843212120237 86.616563847754151 25.481558695435524 65.935409711673856 10.790082801133392 21.319123421795666 13.645965847652404 16.286479576956481 11.149578643962739 10.014391713775693
leaf_count=69 195 100 961 302 645 116 221 188 239 211 86
internal_value=-0.000329918 0.0004155 -0.00132976 -0.00949055 0.00157394 -0.00679546 0.00799688 0.00395492 -0.0191743 0.0123527 0.0191444
internal_weight=302.801 292.74 254.071 69.4098 184.661 76.7255 107.936 27.6418 41.768 38.6687 27.5192
internal_count=3333 3264 2772 829 1943 761 1182 288 541 492 281
is_linear=0
shrinkage=0.05


Tree=276
num_leaves=16
num_cat=0
split_feature=126 83 305 217 78 64 14 246 17 41 62 356 55 104 266
split_gain=2.53115 4.5677 3.63433 3.31794 2.68057 2.53756 2.49303 2.32472 2.32287 2.26972 2.19722 2.98437 1.28783 1.25385 0.139509
threshold=-0.0063472843331680009 0.24296658301123794 -0.040312642402171577 9.3361344170522074 0.9214806454671014 0.3464406901116705 -0.00096261180133403812 0.30898876404494385 -0.00079489081558443996 0.0046088288847922721 0.15580162015702759 0.11458333333333336 0.021268476354750047 -0.08091647431810621 -0.14454091869561897
decision_type=2 2 2 2 2 2 2 2 2 2 2 2 2 2 2
left_child=1 8 5 4 6 9 -4 -6 -1 -2 -5 -12 -3 -10 -7
right_child=2 12 3 10 7 14 -8 -9 13 -11 11 -13 -14 -15 -16
leaf_value=0 -0.0098002038442075445 0.017849533329867204 -0.018855722141792181 -0.00097930478637963466 -0.0055709540043523799 -0.024693205223058717 0.0021108307686939268 0.012746727954204352 -0.0019627363310918879 0.015609879705313943 0 0.02666544464557807 -0.00094217240260169798 -0.029334370302598858 -0.0044184014346162507
leaf_weight=13.794217378832398 16.518064110539857 12.059582328423859 23.893306380603462 11.283361705020068 19.515642245765775 14.359686081297697 21.117130697704852 48.59942741971463 10.350163986906407 12.594315694645045 14.186686028726397 35.307620140258223 11.409132000058888 24.889188868924975 10.063874334096907
leaf_count=139 272 99 210 111 203 344 224 444 96 135 140 454 101 269 92
internal_value=-0.000279323 -0.00836289 0.00215588 0.00582829 0.000224798 -0.00856523 -0.00846036 0.00678183 -0.0170399 6.67775e-05 0.0149729 0.0194102 0.00775371 -0.0233873 -0.0195594
internal_weight=299.941 72.5023 227.439 173.903 113.126 53.5359 45.0104 68.1151 49.0336 29.1124 60.7777 49.4943 23.4687 35.2394 24.4236
internal_count=3333 704 2629 1786 1081 843 434 647 504 407 705 594 200 365 436
is_linear=0
shrinkage=0.05


Tree=277
num_leaves=1
num_cat=0
split_feature=
split_gain=
threshold=
decision_type=
left_child=
right_child=
leaf_value=0
leaf_weight=
leaf_count=3333
internal_value=
internal_weight=
internal_count=
is_linear=0
shrinkage=1


Tree=278
num_leaves=15
num_cat=0
split_feature=292 165 20 87 83 11 231 3 11 354 353 21 24 209
split_gain=2.2504 2.63177 3.32807 3.43097 3.02116 3.74975 3.31908 2.73761 2.69693 2.45889 3.54513 2.98515 2.06377 1.61326
threshold=0.24645888622455206 -0.001104047350781341 0.11187147656232053 0.12354536003507978 -0.021581605036874424 -0.0006467954382113893 49.500000000000007 -0.0063525139141756828 0.00085173494185031295 0.035006845230059848 0.19675078231463397 0.17404729429938798 0.17000658915224043 3.11160804958064
decision_type=2 2 2 2 2 2 2 2 2 2 2 2 2 2
left_child=-1 2 3 12 5 6 -3 -4 -7 10 -6 -11 -2 -9
right_child=1 4 7 -5 9 8 -8 13 -10 11 -12 -13 -14 -15
leaf_value=0.01946492557836289 0.019894910399745856 0.0055153534153711166 3.7627690833531532e-05 -0.018601039025992246 -0.018290596127356253 0.023229031900908102 -0.024912544017095643 -0.0020908905753499025 0 0.013366828412989147 0.0055605371795965954 -0.0088778935887925316 -0.0022711814713461407 -0.032180912201782083
leaf_weight=10.354471796192227 18.29599247965962 21.347121905069802 10.408536611124871 12.108183128759263 42.502479217946529 37.765501072630286 10.129452640190719 10.567830423358826 20.711803222075105 31.639787351712584 17.864772032015026 21.65493446867913 12.769414745736865 21.988219105172902
leaf_count=325 142 247 109 122 359 448 114 152 166 393 174 217 159 206
internal_value=-0.000368656 -0.00144041 -0.00869627 0.00014811 0.00146883 0.00834382 -0.00414209 -0.0181011 0.0157521 -0.00361821 -0.0105141 0.00344864 0.00991817 -0.0248203
internal_weight=300.109 289.754 86.1382 43.1736 203.616 89.9539 31.4766 42.9646 58.4773 113.662 60.3673 53.2947 31.0654 32.556
internal_count=3333 3008 890 423 2118 975 361 467 614 1143 533 610 301 358
is_linear=0
shrinkage=0.05


Tree=279
num_leaves=16
num_cat=0
split_feature=303 28 126 28 349 34 110 365 221 365 104 126 387 244 33
split_gain=2.50761 3.1961 4.96322 2.70338 2.61985 3.12042 2.8478 3.52168 2.47972 3.49821 2.23338 1.83967 1.41154 1.32571 0.513201
threshold=0.018916594786565745 0.033217973051920001 -0.0019584198887366284 0.020078211953241661 3.5000000000000004 0.022391112745517066 50.500000000000007 0.16014369202952672 13.272060033670753 0.22178029667301366 0.095829160831747348 -0.001557696012491727 -0.060025905876013495 0.59090909090909094 0.050213339822136223
decision_type=2 2 2 2 2 2 2 2 2 2 2 2 2 2 2
left_child=1 4 10 -2 6 -6 -1 -8 9 -4 -3 13 -13 -5 -10
right_child=3 2 8 11 5 -7 7 -9 14 -11 -12 12 -14 -15 -16
leaf_value=-0.021158920866251877 -0.007477769947272072 -0.026833076014318488 -0.016415647371566516 -0.010870557740804232 -0.0033280576999704875 0.025516433293158544 -0.0082558975597828276 0.017802820061642907 0 0.0060251267292019683 0 0 0.024222815337079179 0.009417025032986923 0.019807439677647389
leaf_weight=12.424032030161468 19.194805072620511 34.835485775955021 33.633501658216119 10.14208454731852 10.136257207021119 20.178795730695128 23.566778056323528 20.580499482341111 10.017688062973322 26.597866377793252 11.005842215847222 10.458508167415856 26.872783386614174 16.861194701865315 10.470259061083196
leaf_count=160 201 378 321 94 149 114 243 138 117 216 109 189 588 236 80
internal_value=-0.000311781 -0.00334088 -0.00845131 0.00669827 0.00358044 0.0149399 -0.00211325 0.00319142 -0.000196435 -0.00589947 -0.0210582 0.0118151 0.0186305 0 0.0130529
internal_weight=296.976 213.447 126.561 83.5294 86.8864 30.3151 56.5713 44.1473 80.7193 60.2314 45.8413 64.3346 37.3313 27.0033 20.4879
internal_count=3333 2025 1221 1308 804 263 541 381 734 537 487 1107 777 330 197
is_linear=0
shrinkage=0.05


Tree=280
num_leaves=1
num_cat=0
split_feature=
split_gain=
threshold=
decision_type=
left_child=
right_child=
leaf_value=0
leaf_weight=
leaf_count=3333
internal_value=
internal_weight=
internal_count=
is_linear=0
shrinkage=1


Tree=281
num_leaves=16
num_cat=0
split_feature=266 85 54 167 225 191 111 230 372 25 3 16 211 390 63
split_gain=2.2208 3.88231 2.84244 2.79625 2.97717 2.71178 3.50605 1.9886 2.19964 2.14339 2.0852 1.60354 1.48112 0.868053 0.552459
threshold=-0.086840092532080512 1.0000000180025095e-35 0.0036106729185984014 -0.73508298922167781 1.957390505139144 0.99256431644439591 35.500000000000007 50.500000000000007 -0.024214352592065388 0.030654517929361753 -0.0033166585611162365 -0.0012448482512818213 4.893866856119641 -0.0092107385229941979 0.27647611399257072
decision_type=2 2 2 2 2 2 2 2 2 2 2 2 2 2 2
left_child=7 2 3 -2 -5 6 -4 8 -1 10 -10 -3 14 -7 -9
right_child=1 11 5 4 -6 13 -8 12 9 -11 -12 -13 -14 -15 -16
leaf_value=-0.015496229367426579 -0.007990429696204086 -0.026706581836628236 -0.014251353102257905 0.02027847136288155 -0.0029074425659482888 -0.0018615557822420645 0.0086839113711849238 0.024055362715100607 -0.017377596889810772 0.017527164141541884 0.0062760939658027528 0 0 -0.026536758711006948 0.0030799672842762929
leaf_weight=15.262088954448698 16.981478938832879 20.009225490037355 24.590537000447512 37.174268976785243 14.869372137822209 11.112362895160915 38.923291351646185 19.121783762238923 11.902711471542718 17.577678831294179 18.919736233539879 10.742352014407514 13.17046278901398 14.745714576914905 12.037290432490407
leaf_count=142 248 287 212 321 189 142 334 399 83 172 264 89 135 141 175
internal_value=-0.000346753 -0.00374846 -0.000144185 0.00698448 0.0129482 -0.00623922 0 0.00510116 0 0.00465496 -0.00211111 -0.0191692 0.0128866 -0.0189612 0.0183981
internal_weight=297.14 189.149 158.397 69.0251 52.0436 89.3719 63.5138 107.992 63.6622 48.4001 30.8224 30.7516 44.3295 25.8581 31.1591
internal_count=3333 1963 1587 758 510 829 546 1370 661 519 347 376 709 283 574
is_linear=0
shrinkage=0.05


Tree=282
num_leaves=17
num_cat=0
split_feature=284 126 74 69 383 87 104 120 167 244 244 67 406 229 167 394
split_gain=2.37973 2.96594 2.88545 3.40866 3.32099 2.2097 3.65304 3.21818 2.45065 2.49027 2.20454 1.66502 1.5716 1.57012 0.980695 0.957218
threshold=-0.38220169564211975 0.00059127264019054337 -0.18273740897566002 -0.0029922593822280237 2.5000000000000004 0.041163559178917127 0.046843208990901546 -0.029586090440900877 -0.15243768686996709 0.26363636363636367 0.79090909090909112 0.0046821308031209661 -0.00025001086600706651 -3.387099433198919 -0.10669878687049991 -0.0046805414806573289
decision_type=2 2 2 2 2 2 2 2 2 2 2 2 2 2 2 2
left_child=1 2 4 11 10 7 12 -2 9 -9 -1 -4 -7 -6 -10 -5
right_child=5 -3 3 15 13 6 -8 8 14 -11 -12 -13 -14 -15 -16 -17
leaf_value=-0.026104544347128014 -0.0097263539640354939 0.014164929301113361 -0.0092316804981300935 -0.0072346153550486153 0 0 0.01424863036218748 0 -0.012349445729140754 0.020177298918789627 0 0.013934383339028203 -0.024483124546306509 0.019256152058069916 0.0059632455277469892 -0.027106347647421727
leaf_weight=11.062060245778413 16.946949117816985 13.60872223228216 13.664169407449664 21.136686073616147 13.878130992874501 10.815053736325355 11.041077669709919 14.738542799372224 10.374025663360955 58.670123802032322 11.064201310276983 11.123789169825612 16.069071224890649 19.016215498559177 10.182872266508637 30.433712449856102
leaf_count=200 157 122 172 220 199 141 137 176 75 759 98 111 132 166 88 380
internal_value=-0.00028731 -0.0049494 -0.00757345 -0.0137089 0.000348248 0.00393295 -0.00545885 0.00764248 0.0114947 0.0157199 -0.0127291 0 -0.0158436 0.0108663 -0.00155152 -0.0207234
internal_weight=293.825 144.988 131.379 76.3584 55.0206 148.838 37.9252 110.913 93.9656 73.4087 22.1263 24.788 26.8841 32.8943 20.5569 51.5704
internal_count=3333 1668 1546 883 663 1665 410 1255 1098 935 298 283 273 365 163 600
is_linear=0
shrinkage=0.05


Tree=283
num_leaves=1
num_cat=0
split_feature=
split_gain=
threshold=
decision_type=
left_child=
right_child=
leaf_value=0
leaf_weight=
leaf_count=3333
internal_value=
internal_weight=
internal_count=
is_linear=0
shrinkage=1


Tree=284
num_leaves=15
num_cat=0
split_feature=266 10 11 119 399 120 390 364 84 227 394 20 381 53
split_gain=2.11426 3.24008 3.86275 3.83198 3.41919 2.62434 3.4597 2.0518 2.00842 2.56561 2.69588 1.71845 1.15267 0.935491
threshold=-0.11056538008860674 -0.0097214566061232365 0.0011802516674548349 -0.19388249834595433 -0.010365527914413353 0.012033937964508913 -0.019189684198835873 0.56134972568545483 1.0000000180025095e-35 0.83562426875906548 0.0064279104432428688 0.055852181968681171 32.976273450080683 -0.0081792681471763978
decision_type=2 2 2 2 2 2 2 2 2 2 2 2 2 2
left_child=8 3 5 -2 13 6 -3 -4 9 11 -11 -1 -13 -5
right_child=1 2 7 4 -6 -7 -8 -9 -10 10 -12 12 -14 -15
leaf_value=-0.0064402470966065609 0.009712249042422098 -0.0098043422495854224 0 -0.0040892731774664461 0 -0.01265648385837179 0.013433283792319832 -0.023780798916200836 0.020349671620936816 -0.024265393784563771 0.0040167193542598578 0.019383379132704263 0.0008601064383142263 -0.030674194887899783
leaf_weight=10.793264450505374 10.883482328616081 15.18494878336787 13.590652790851893 10.096736739389593 13.743031031452118 12.24633179605007 76.554737858474255 17.334470481611788 15.809763531200586 13.443716134876015 10.79322898108512 23.518392475321889 21.729628666304052 28.270632479805503
leaf_count=81 113 172 125 184 131 135 604 193 315 103 147 350 283 397
internal_value=-0.000382683 -0.00348061 0.000598569 -0.0126045 -0.0184477 0.00558414 0.00887052 -0.013703 0.00540547 0.00123495 -0.0107798 0.00756173 0.0121308 -0.0256907
internal_weight=293.993 197.905 134.911 62.9939 52.1104 103.986 91.7397 30.9251 96.088 80.2782 24.2369 56.0413 45.248 38.3674
internal_count=3333 2054 1229 825 712 911 776 318 1279 964 250 714 633 581
is_linear=0
shrinkage=0.05


Tree=285
num_leaves=17
num_cat=0
split_feature=73 111 126 7 105 163 37 355 386 215 163 264 62 113 28 105
split_gain=2.512 4.54431 3.08303 6.12011 3.73563 6.68475 3.34645 3.65095 3.37263 2.62973 2.44825 1.85682 1.75499 1.14197 1.13804 1.0768
threshold=1.1610093869653542 43.500000000000007 -0.001557696012491727 0.00050939612468481343 -0.07915107722779037 0.0076123828459987728 0.016083495864459885 0.014288931243673338 -1.0000000180025095e-35 5.4682487948459144 -0.0024529140963966 82.500000000000014 0.35456236268037106 32.500000000000007 0.029598727981343609 -0.1111572679914393
decision_type=2 2 2 2 2 2 2 2 2 2 2 2 2 2 2 2
left_child=2 15 3 -1 14 -6 10 12 -9 11 -4 -3 -8 -12 -5 -2
right_child=1 9 6 4 5 -7 7 8 -10 -11 13 -13 -14 -15 -16 -17
leaf_value=-0.025041709788989126 0.00018559924212108978 0 0.0023711961518797092 0.023943432531042565 -0.026752498897150936 0.017068603880375659 0.028035406275535926 0.013013177782684857 -0.012355529175420418 0.010513817307052994 -0.0017541889974959553 -0.021632663140516588 0.0028667219846530657 -0.030903847347545161 0 0.025152099875938208
leaf_weight=36.967082653194666 10.124924216419457 10.995189606677743 15.145514651201664 12.134151363745334 19.929703177884225 10.074632153846322 19.766153967473656 18.64220317825675 28.691345254890621 16.427847084123641 10.394746487960221 17.1642802124843 18.262701093219221 10.476584544405339 10.789223482832311 24.882165094837546
leaf_count=442 108 141 159 86 220 90 262 240 334 205 129 185 232 154 102 244
internal_value=-0.000301116 0.00691918 -0.00331339 -0.0102515 0 -0.0103096 0.00154635 0.00723479 -0.00119065 -0.002779 -0.0101738 -0.0124041 0.0182606 -0.0205257 0.0149979 0.0198313
internal_weight=290.868 79.5944 211.274 89.8948 52.9277 30.0043 121.379 85.3624 47.3335 44.5873 36.0168 28.1595 38.0289 20.8713 22.9234 35.0071
internal_count=3333 883 2450 940 498 310 1510 1068 574 531 442 326 494 283 188 352
is_linear=0
shrinkage=0.05


Tree=286
num_leaves=1
num_cat=0
split_feature=
split_gain=
threshold=
decision_type=
left_child=
right_child=
leaf_value=0
leaf_weight=
leaf_count=3333
internal_value=
internal_weight=
internal_count=
is_linear=0
shrinkage=1


Tree=287
num_leaves=12
num_cat=0
split_feature=119 162 19 397 364 104 103 221 126 19 113
split_gain=2.08643 4.53743 3.70301 3.03834 4.99856 4.67131 4.79098 3.8267 2.71058 2.2667 0.179571
threshold=-0.17455771583318427 1.4960067736655149 0.19568469592219909 -0.0034666264531106948 0.43810807156015175 0.048151706079414561 0.12440453139415968 12.30889943409732 -0.0075544099547315549 0.3483656932814379 37.500000000000007
decision_type=2 2 2 2 2 2 2 2 2 2 2
left_child=9 3 -3 4 -2 6 -5 -6 -7 -1 -4
right_child=1 2 10 5 7 8 -8 -9 -10 -11 -12
leaf_value=-0.0010390341617260656 0.0094249340700344637 0.004751012992342968 -0.0071689327479336684 -0.0070526310226053535 -0.033192857087155421 0.0078908103072599205 0.015428827790383494 0 -0.014372411239277481 0.021737920092818816 -0.029861376295232941
leaf_weight=14.557203326374291 16.559991114772856 10.177841252647339 10.413906242698433 26.458978749811649 19.886145159136507 14.727977376896886 89.126373994164169 11.484002796933053 39.293152834288776 17.694329218938947 20.654908217024058
leaf_count=177 170 106 101 232 223 147 1106 119 484 148 320
internal_value=-0.000379769 -0.00207528 -0.0167227 0.000664964 -0.00979819 0.00403039 0.00981267 -0.0213376 -0.00733003 0.0108253 -0.0250238
internal_weight=291.035 258.783 41.2467 217.537 47.9301 169.606 115.585 31.3701 54.0211 32.2515 31.0688
internal_count=3333 3008 527 2481 512 1969 1338 342 631 325 421
is_linear=0
shrinkage=0.05


Tree=288
num_leaves=11
num_cat=0
split_feature=73 111 105 104 37 74 167 365 64 348
split_gain=2.39025 4.32591 3.56232 3.0708 3.02649 3.31041 3.03754 2.89103 2.1075 0.357695
threshold=1.1610093869653542 35.500000000000007 0.065930203820929997 -0.18152510833825383 0.079355228999445596 -0.75819486403332992 -0.76654710242652035 0.20045328623105427 0.37666025929251057 -0.024122538521413956
decision_type=2 2 2 2 2 2 2 2 2 2
left_child=3 -2 7 8 5 -5 -7 -3 9 -1
right_child=1 2 -4 4 -6 6 -8 -9 -10 -11
leaf_value=0.0024074800420257462 0.023889874795919835 -0.021068171782837878 0.015741672602182524 0.014557857131882294 0.013580148052096869 0.00044361041052236007 -0.014486134190652703 0.0034237357599561872 -0.0050810663498928946 0.023438462463498858
leaf_weight=10.09627652540803 22.587092083878815 21.018185113556683 18.141522981226444 10.387589888647197 13.327432548627256 39.144953841809183 112.16993151139468 16.962553999852389 10.404782650992273 13.449683959595859
leaf_count=134 222 243 216 141 165 423 1310 202 134 143
internal_value=-0.000267196 0.00680953 -8.23684e-05 -0.00322706 -0.00608351 -0.0082256 -0.0103663 -0.00945988 0.0094443 0.0175953
internal_weight=287.69 78.7094 56.1223 208.981 175.03 161.702 151.315 37.9807 33.9507 23.546
internal_count=3333 883 661 2450 2039 1874 1733 445 411 277
is_linear=0
shrinkage=0.05


Tree=289
num_leaves=1
num_cat=0
split_feature=
split_gain=
threshold=
decision_type=
left_child=
right_child=
leaf_value=0
leaf_weight=
leaf_count=3333
internal_value=
internal_weight=
internal_count=
is_linear=0
shrinkage=1


Tree=290
num_leaves=9
num_cat=0
split_feature=266 119 11 110 349 105 19 63
split_gain=1.99984 2.2651 5.00252 2.88256 3.40899 3.11245 2.21569 0.790507
threshold=-0.35277385148213575 -0.17455771583318427 -0.0015800327109037891 50.500000000000007 28.500000000000004 0.046041986752553138 0.3483656932814379 0.21431815268633428
decision_type=2 2 2 2 2 2 2 2
left_child=-1 6 7 4 -4 -5 -2 -3
right_child=1 2 3 5 -6 -7 -8 -9
leaf_value=0.017389778993940563 -0.0016873617896268245 -0.030025759306818986 0.0092664876953357234 0 -0.017022402043234471 -0.016173578469700061 0.021066874060673538 -0.003578165516326893
leaf_weight=11.552560230717061 14.159538834355773 15.875017768237742 87.093591404147446 78.644175794906914 10.376457471400498 42.705211006104946 17.379894861020148 10.074382693506776
leaf_count=382 159 229 1031 742 101 433 140 116
internal_value=-0.000424303 -0.00152691 -0.00333724 -0.000510984 0.00554545 -0.00579414 0.0101445 -0.02292
internal_weight=287.861 276.308 244.769 218.819 97.47 121.349 31.5394 25.9494
internal_count=3333 2951 2652 2307 1132 1175 299 345
is_linear=0
shrinkage=0.05


Tree=291
num_leaves=17
num_cat=0
split_feature=301 28 7 365 260 34 236 162 28 162 41 29 365 211 37 0
split_gain=2.33819 3.67595 4.08224 4.05164 2.74175 2.88599 2.39571 2.90469 2.19205 2.46244 2.43261 1.58949 1.51737 1.51464 1.45544 0.623834
threshold=-0.12692687100626424 0.033217973051920001 -0.0018844998400671107 0.2062804035199671 0.46363636363636368 0.022391112745517066 0.81250000000000011 1.1990022357659005 0.021991811551571892 0.47073085311611368 0.0013401908368125392 -0.082308870490511596 0.24215219355444842 1.1199016468834218 0.0099441683988223794 -0.0032125475693368863
decision_type=2 2 2 2 2 2 2 2 2 2 2 2 2 2 2 2
left_child=1 4 3 -3 5 -1 -6 -8 9 -2 -10 -4 13 -12 -5 -13
right_child=8 2 11 14 6 -7 7 -9 10 -11 12 15 -14 -15 -16 -17
leaf_value=0 -0.019947910024295037 -0.014225056812773695 0 0 0.012225207826568786 0.028939014744603808 -0.021920880550275655 0.0036133224478989766 -0.0044027032459143202 0.0061986359778315441 0.0012428801815544269 -0.0049064653314977325 0 0.023210914760086701 0.022524835112674769 -0.026376659161282762
leaf_weight=10.187739090528341 13.035903433337809 19.679648235440254 12.591662045568226 10.021607657894494 14.299713794142006 15.072368758730589 19.160449541639537 15.420425622723995 17.23267118120566 14.169097253121434 16.62082235654816 12.407127376645802 10.57632716372609 35.94933237368241 15.111175718717275 34.323356071487069
leaf_count=186 94 234 149 78 110 95 229 123 239 202 184 116 140 622 134 398
internal_value=-0.00020991 -0.00386575 -0.00995138 0.00047139 0.00408827 0.0167408 -0.0020764 -0.00982462 0.00533648 -0.00541161 0.00963775 -0.0182708 0.0142512 0.0176072 0.0140462 -0.0223215
internal_weight=285.859 178.275 104.135 44.8124 74.1407 25.2601 48.8806 34.5809 107.584 27.205 80.3792 59.3221 63.1465 52.5702 25.1328 46.7305
internal_count=3333 1852 1109 446 743 281 462 352 1481 296 1185 663 946 806 212 514
is_linear=0
shrinkage=0.05


Tree=292
num_leaves=1
num_cat=0
split_feature=
split_gain=
threshold=
decision_type=
left_child=
right_child=
leaf_value=0
leaf_weight=
leaf_count=3333
internal_value=
internal_weight=
internal_count=
is_linear=0
shrinkage=1


Tree=293
num_leaves=13
num_cat=0
split_feature=270 165 376 349 64 261 120 167 165 28 225 19
split_gain=2.01102 3.56071 4.0758 3.32274 3.2768 2.77675 2.42398 2.39854 1.86561 3.00432 2.63068 1.9939
threshold=-1.1541112934755928 -0.00033580621961670825 1.0000000180025095e-35 -3.4999999999999996 0.27902987658481287 1.0000000180025095e-35 -0.022224705759359972 -0.15243768686996709 -0.0022580293331787723 0.033217973051920001 -2.2686576951565622 0.32469092498175528
decision_type=2 2 2 2 2 2 2 2 2 2 2 2
left_child=8 2 -2 -3 -4 7 -6 -5 10 11 -1 -10
right_child=1 3 4 5 6 -7 -8 -9 9 -11 -12 -13
leaf_value=0.0098734359717612616 -0.028744049587907019 0.02001843335855083 0.014714783642782834 -0.0024092194221925632 0.0031636652517733604 -0.019442331589302614 -0.021313837163929955 0.014727198219524999 0.01329182675653548 0.024324067477825381 -0.017665200543088833 -0.011542574754800732
leaf_weight=13.317924330011012 22.225136494729668 17.330082803033292 14.066302355378864 86.419339711777866 11.201984094455836 15.908716603182254 20.402827943675224 22.791686911135912 12.277608462609352 22.188802193850279 13.740898923948405 14.155290404800324
leaf_count=88 326 166 129 841 112 166 288 195 233 494 102 193
internal_value=-0.000487623 -0.00315949 -0.0123817 0.0010571 -0.00211104 -0.00158618 -0.011671 0.00101958 0.00614037 0.0119668 -0.00281506 0
internal_weight=286.027 210.346 67.8963 142.45 45.6711 125.12 31.6048 109.211 75.6805 48.6217 27.0588 26.4329
internal_count=3333 2223 855 1368 529 1202 400 1036 1110 920 190 426
is_linear=0
shrinkage=0.05


Tree=294
num_leaves=13
num_cat=0
split_feature=286 167 35 387 304 74 45 83 163 216 41 388
split_gain=2.2901 3.12001 2.84811 2.63958 2.81751 2.34807 1.88292 1.47629 1.56672 1.40634 0.779579 0.64259
threshold=-0.52113454785977431 -0.30275789033226269 0.65059903357540538 -0.21918521266967653 1.0000000180025095e-35 -0.49294056541941611 0.70657768398497434 -0.17127116412776755 0.0073362234656706602 6.0553016699525797 0.0036563600436636139 -1.0000000180025095e-35
decision_type=2 2 2 2 2 2 2 2 2 2 2 2
left_child=1 2 3 -1 -5 -3 10 -8 9 -9 11 -2
right_child=6 5 -4 4 -6 -7 7 8 -10 -11 -12 -13
leaf_value=-0.019285623953473136 -0.0011643300345643109 0.00094411713031323802 0.019809468252514163 -0.0098205105568275053 0.0064323412911310891 -0.022080459311565243 -0.013148471495951001 0.0069945430651966777 0.01693380033627569 -0.011956395505716914 0.021056128658926872 0.010898130463670396
leaf_weight=17.066137338988483 12.650186406448485 10.290289962664245 12.94174065813422 38.965571865905076 69.426105072721839 30.421073792502284 14.085015079472212 16.085253735072914 13.101354130543767 15.319220541510729 17.878526270389557 14.59608277492225
leaf_count=176 156 93 100 616 494 474 120 183 104 139 359 319
internal_value=-0.000235143 -0.00380455 0 -0.00259417 3.36298e-05 -0.0154515 0.00539414 0 0.00393884 -0.00103298 0.0127411 0.00408455
internal_weight=282.827 179.111 138.4 125.458 108.392 40.7114 103.716 58.5908 44.5058 31.4045 45.1248 27.2463
internal_count=3333 1953 1386 1286 1110 567 1380 546 426 322 834 475
is_linear=0
shrinkage=0.05


Tree=295
num_leaves=1
num_cat=0
split_feature=
split_gain=
threshold=
decision_type=
left_child=
right_child=
leaf_value=0
leaf_weight=
leaf_count=3333
internal_value=
internal_weight=
internal_count=
is_linear=0
shrinkage=1


Tree=296
num_leaves=16
num_cat=0
split_feature=266 85 246 83 104 374 167 33 206 167 399 216 167 297 29
split_gain=1.94639 3.46047 2.30966 2.02954 2.42647 3.07386 1.91395 2.15033 2.91133 1.83961 1.82951 1.69083 1.19901 0.771134 0.65425
threshold=-0.086840092532080512 1.0000000180025095e-35 0.32022471910112366 -0.021581605036874424 0.0018613728362408581 1.0000000180025095e-35 -0.31449114820076868 0.033396070905201879 0.0084312435106973001 -0.73508298922167781 -0.13004165194287873 4.9469771115844861 -0.51875945899847054 -0.75779166207820692 0.048178284611127949
decision_type=2 2 2 2 2 2 2 2 2 2 2 2 2 2 2
left_child=2 3 14 9 5 -5 7 13 -9 -2 -6 -11 -3 -4 -1
right_child=1 12 6 4 10 -7 -8 8 -10 11 -12 -13 -14 -15 -16
leaf_value=0.022810858594248057 -0.0077450993127351157 -0.025597097081878267 0 0.012170442248498621 0 -0.011227562627480713 0.014379323464499877 0.013200005313276248 -0.01437381597210597 0.016710947727169256 -0.022550761926387886 0 0 -0.021001065731626196 0.00047257965700546288
leaf_weight=15.78430045489222 13.303399066906421 18.678294985089455 11.070698707364501 27.408229632303119 11.237358988728372 22.412544084247202 15.444387851282952 24.575250290334225 10.703915291465817 33.487354583106935 23.266663821414113 20.068732474930584 10.53460216289386 14.950969018042086 10.067743611987678
leaf_count=399 207 292 161 267 130 207 259 242 91 280 258 238 84 85 133
internal_value=-0.000474224 -0.00373835 0.00473475 -0.000225566 -0.00560204 0.000658087 0 -0.00388646 0.00305691 0.00578902 -0.0153039 0.0102675 -0.0186516 -0.0143658 0.0167982
internal_weight=282.994 180.397 102.597 151.184 84.3248 49.8208 76.7452 61.3008 35.2792 66.8595 34.504 53.5561 29.2129 26.0217 25.852
internal_count=3333 1963 1370 1587 862 474 838 579 333 725 388 518 376 246 532
is_linear=0
shrinkage=0.05


Tree=297
num_leaves=16
num_cat=0
split_feature=126 28 305 217 64 356 62 231 29 165 264 405 71 126 68
split_gain=2.2276 3.21665 3.12696 2.76867 2.11853 2.03278 2.58325 1.97208 2.58137 2.14923 1.71678 1.73014 1.32689 1.19545 0.262521
threshold=-0.0063472843331680009 0.041305941069889829 -0.040312642402171577 9.3361344170522074 0.3464406901116705 0.11458333333333336 0.15580162015702759 88.500000000000014 0.01446236802055856 -0.00019842133843017877 42.500000000000007 0.0017039697249547918 0.95648585675691911 -0.01123689806773903 0.50502215731329347
decision_type=2 2 2 2 2 2 2 2 2 2 2 2 2 2 2
left_child=1 10 4 7 12 -5 -7 8 -4 -9 -1 -12 -2 -3 -6
right_child=2 13 3 5 14 6 -8 9 -10 -11 11 -13 -14 -15 -16
leaf_value=0.013474535043120373 -0.01070141276862022 -0.0017147238387359588 -0.013611872973373164 0 -0.025030352881578861 0 0.02565546517048288 0.018068885175471783 0.0045812753842372203 -0.0028570000960445666 -0.017815591725222058 0.0051339674091718107 0.009523694792247777 -0.027367135894948498 -0.0038101030637380431
leaf_weight=14.851721419952808 10.43129600165412 12.150216050446035 35.077726391609758 13.832353043369947 11.792495441157373 10.217401261441408 33.061456115916371 24.034279101993889 32.212405261583626 14.753370079211889 12.899865775369109 10.051176347304134 16.614849579520524 17.799855078570545 10.45277087157592
leaf_count=161 251 107 327 145 242 106 454 261 349 144 147 88 156 201 194
internal_value=-0.000220301 -0.00806934 0.00212795 0.00563803 -0.00819343 0.0142438 0.0193219 0.00028206 -0.00436749 0.00927925 0.000595118 -0.00640673 0 -0.0195815 -0.0186775
internal_weight=280.233 67.7528 212.48 163.189 49.2914 57.1112 43.2789 106.078 67.2901 38.7876 37.8028 22.951 27.0461 29.9501 22.2453
internal_count=3333 704 2629 1786 843 705 560 1081 676 405 396 235 407 308 436
is_linear=0
shrinkage=0.05


Tree=298
num_leaves=1
num_cat=0
split_feature=
split_gain=
threshold=
decision_type=
left_child=
right_child=
leaf_value=0
leaf_weight=
leaf_count=3333
internal_value=
internal_weight=
internal_count=
is_linear=0
shrinkage=1


Tree=299
num_leaves=9
num_cat=0
split_feature=126 126 163 372 284 74 167 37
split_gain=1.91047 2.96134 3.40513 2.82355 2.62964 2.04319 3.07371 2.80394
threshold=-0.012026496457366196 -0.010274183749938546 0.0083357391592278601 0.042038623981612407 -0.49284939215789098 -0.34217378060397868 -0.76654710242652035 0.018676607809579714
decision_type=2 2 2 2 2 2 2 2
left_child=-1 2 -2 5 -5 7 -7 -3
right_child=1 3 -4 4 -6 6 -8 -9
leaf_value=-0.015036294320197813 0.028483412176368756 0.010866594478061594 -0.0020554102712688864 0.00035099398119302057 -0.024442610955707697 -0.007722485140377139 0.0079763180645500333 -0.014379921065628571
leaf_weight=18.169868747703731 16.18144691223279 10.396894825156776 11.446494725532828 12.719792652875183 20.16896552965045 36.522902215598151 117.4444197784178 37.346419027540833
leaf_count=164 178 151 122 176 223 475 1355 489
internal_value=-0.000499514 0.000477912 0.0152364 -0.00122014 -0.0142327 0.00083478 0.00385741 -0.00757932
internal_weight=280.397 262.227 27.6279 234.599 32.8888 201.711 153.967 47.7433
internal_count=3333 3169 300 2869 399 2470 1830 640
is_linear=0
shrinkage=0.05


Tree=300
num_leaves=16
num_cat=0
split_feature=270 167 64 206 383 224 57 117 66 220 37 105 162 6 1
split_gain=2.15529 2.07233 2.5623 3.50691 2.70318 1.67489 1.5448 1.57917 1.40081 1.36938 1.25111 1.21217 1.13589 0.989629 0.264073
threshold=-0.85952359956196189 -0.76654710242652035 0.41696849855535006 0.0067856534470462195 2.5000000000000004 -3.1574237912767407 -0.29568193449684671 -0.47800833623927907 0.39945098950463204 8.7065700085387263 0.043562740329442955 -0.097893077706345297 1.7017606512834684 0.0036326685450002176 -0.0039541673953086267
decision_type=2 2 2 2 2 2 2 2 2 2 2 2 2 2 2
left_child=1 5 3 4 -3 8 7 -2 -1 10 13 -4 -13 -8 -7
right_child=6 2 11 -5 -6 14 9 -9 -10 -11 -12 12 -14 -15 -16
leaf_value=-0.013844487174474021 0 -0.015236365461132712 0 0.016400920000146146 0.0029543265055921946 0.017256072906110285 -0.0059649690222745516 0.021724373846652798 0.0060686334845092968 0.011628148200473452 -0.015639167238592572 -0.025850764791954653 -0.0025573929587998576 0.012254593718326909 0.00075022750243844882
leaf_weight=13.794079834595324 11.300103270448746 37.477519948966801 15.257043716963379 18.767396990209818 32.203007347881794 16.014422550797466 11.946522844955327 20.480930489487946 12.251250601373611 15.689891833346335 13.382420022040604 24.452967769932002 13.802987446077166 10.047930384054778 11.14886114746332
leaf_count=113 238 497 188 139 352 141 124 504 126 166 104 291 147 112 91
internal_value=-0.000250222 -0.00328153 -0.00654712 -0.00060935 -0.00636662 0.00442598 0.00617351 0.0143216 -0.00309692 0 -0.00483275 -0.0149232 -0.0194554 0.000829846 0.0128875
internal_weight=278.017 195.17 141.961 88.4479 69.6805 53.2086 82.8478 31.781 26.0453 51.0668 35.3769 53.513 38.256 21.9945 27.1633
internal_count=3333 2085 1614 988 849 471 1248 742 239 506 340 626 438 236 232
is_linear=0
shrinkage=0.05


Tree=301
num_leaves=1
num_cat=0
split_feature=
split_gain=
threshold=
decision_type=
left_child=
right_child=
leaf_value=0
leaf_weight=
leaf_count=3333
internal_value=
internal_weight=
internal_count=
is_linear=0
shrinkage=1


Tree=302
num_leaves=14
num_cat=0
split_feature=90 266 167 7 105 103 48 103 370 120 0 103 32
split_gain=1.89862 2.44709 2.54538 2.84169 2.32394 2.10232 1.43527 1.29325 1.74703 1.74481 1.53433 1.48922 0.993239
threshold=1.0000000180025095e-35 0.11480085735728834 -0.30275789033226269 0.001184068181561915 0.1378328917336484 0.13215598953293725 0.44113141357934893 0.17221482578810879 0.78396381273432325 -0.029586090440900877 0.0007214532288230517 0.23239531519327158 0.31033108302496387
decision_type=2 2 2 2 2 2 2 2 2 2 2 2 2
left_child=1 2 3 4 -1 -4 -2 8 10 -9 -3 -11 -5
right_child=6 7 5 12 -6 -7 -8 9 -10 11 -12 -13 -14
leaf_value=0.0088321603733706993 -0.024643446201899191 0 -0.00052032658628079192 0 -0.0069606429071910891 0.021258804250351499 0 0.0034212413287732345 -0.010007317240528446 -0.024284056435945167 0.021648218021886035 -0.0026129156129414723 -0.02347842095152889
leaf_weight=77.374048416502774 10.656764871906491 10.595189791871237 10.048696201294659 10.043406770564618 26.850767720956355 29.872129279654473 12.295106300152836 10.879803880117832 15.168052639812229 20.640456711873412 10.637832646258174 22.160180108156055 10.967246551066635
leaf_count=842 94 190 89 110 275 461 126 131 154 349 96 335 81
internal_value=-0.000478419 0.000638666 0.00440204 0.000375861 0.00421634 0.0149585 -0.0134655 -0.00564348 0.00043242 -0.0104505 0.0102691 -0.0150615 -0.0147392
internal_weight=278.19 255.238 165.156 125.235 104.225 39.9208 22.9519 90.0815 36.4011 53.6804 21.233 42.8006 21.0107
internal_count=3333 3113 1858 1308 1117 550 220 1255 440 815 286 684 191
is_linear=0
shrinkage=0.05


Tree=303
num_leaves=17
num_cat=0
split_feature=73 165 126 16 37 355 260 29 33 284 141 62 104 130 88 38
split_gain=2.18017 3.52558 2.91873 7.10323 2.97929 3.2604 3.2174 2.29384 2.45441 2.19796 2.12487 1.5439 1.33233 1.00046 0.946863 0.658435
threshold=1.1610093869653542 -0.00022067597181815892 -0.001557696012491727 0.0011813475789483596 0.016083495864459885 0.014288931243673338 0.44545454545454549 0.068175239724017858 0.013644966687587187 -0.41240283988959986 1.0000000180025095e-35 0.35456236268037106 0.048151706079414561 -18.499999999999996 -0.011885316299874811 0.091144761538177466
decision_type=2 2 2 2 2 2 2 2 2 2 2 2 2 2 2 2
left_child=2 14 3 13 10 11 -7 8 -5 -3 15 -6 -11 -1 -2 -4
right_child=1 9 4 7 5 6 -8 -9 -10 12 -12 -13 -14 -15 -16 -17
leaf_value=-0.0042651875424935398 0.001361950633211004 -0.019112989040701012 -0.002122583319163289 -0.017538090083338665 0.027304807164650953 0.0098657255170278169 -0.015095320862660203 0.017708923263445833 0.0083170735350396215 -0.0024540756552563834 0.00326028051075103 0.0027294604369773826 0.015200215836384005 -0.029363111349480088 0.025225560408149179 -0.026651939496583961
leaf_weight=11.591746459715067 11.351417600642892 10.840289963874964 10.337550791911783 14.866419561207296 18.787497263867408 24.254558659158647 20.806929412763566 15.12490815669298 13.541164975147693 19.651216333732009 12.886395990848539 17.351797111798078 13.225862270221112 29.990510397125036 19.856181708630174 11.232849759049712
leaf_count=160 135 181 137 194 262 282 292 124 146 180 130 232 121 316 266 175
internal_value=-0.00021168 0.00670678 -0.00309964 -0.0100521 0.00172022 0.00724418 -0.000842405 0.00312048 -0.00400441 -0.00157287 -0.00950025 0.0178964 0.00393145 -0.024246 0.0188878 -0.0186258
internal_weight=275.697 74.925 200.772 85.1147 115.658 81.2008 45.0615 43.5325 28.4076 43.7174 34.4568 36.1393 32.8771 41.5823 31.2076 21.5704
internal_count=3333 883 2450 940 1510 1068 574 464 340 482 442 494 301 476 401 312
is_linear=0
shrinkage=0.05


Tree=304
num_leaves=1
num_cat=0
split_feature=
split_gain=
threshold=
decision_type=
left_child=
right_child=
leaf_value=0
leaf_weight=
leaf_count=3333
internal_value=
internal_weight=
internal_count=
is_linear=0
shrinkage=1


Tree=305
num_leaves=13
num_cat=0
split_feature=90 266 167 67 20 391 111 83 401 229 25 370
split_gain=1.80334 2.31696 2.28285 1.88985 1.86711 2.14077 1.82038 1.60755 2.65393 2.14257 1.5403 0.405757
threshold=1.0000000180025095e-35 -0.13709401162789842 -0.76654710242652035 -0.012301280388173906 0.14540498780616423 2.5000000000000004 33.500000000000007 -0.36930916108541295 -1.0000000180025095e-35 -4.2271764903056104 0.020503512867017331 0.14256995095724576
decision_type=2 2 2 2 2 2 2 2 2 2 2 2
left_child=1 7 3 -3 10 -6 -2 9 -9 -1 -4 -10
right_child=6 2 4 -5 5 -7 -8 8 11 -11 -12 -13
leaf_value=0.010459991431161098 -0.024170481628721707 0 0.023640959065544559 -0.024523884497946419 0 -0.019795529690265354 0 -0.001839304313879564 0.0038280649573855991 -0.015543283184120399 0 0.024747728378555385
leaf_weight=12.951917747966947 12.50070078391582 10.003271130379291 11.110389976296576 15.952024048194287 119.89855072647333 12.271198108792303 10.318474162835626 14.374432255979626 10.836116649210451 11.985277557745574 10.046345425304024 23.621556306257844
leaf_count=169 106 161 98 292 1170 130 114 256 99 94 135 509
internal_value=-0.000527063 0.000562619 -0.00230253 -0.0151815 0 -0.00216283 -0.0132088 0.00799497 0.013116 -0.000574986 0.0129249 0.0203373
internal_weight=275.87 253.051 179.282 25.9553 153.326 132.17 22.8192 73.7693 48.8321 24.9372 21.1567 34.4577
internal_count=3333 3113 1986 453 1533 1300 220 1127 864 263 233 608
is_linear=0
shrinkage=0.05


Tree=306
num_leaves=14
num_cat=0
split_feature=287 73 165 5 126 231 10 260 28 284 120 209 40
split_gain=2.07138 2.33459 3.45108 2.62832 3.66642 3.34349 3.12951 3.68785 1.96842 1.90701 1.89531 1.37671 0.880712
threshold=1.0000000180025095e-35 1.1610093869653542 -0.00022067597181815892 0.00046199215169107083 -0.001557696012491727 89.500000000000014 0.0075497467832500321 0.40909090909090912 0.025733166508537634 -0.41240283988959986 -0.016670276068476039 3.8932884757374859 -0.011885316299874811
decision_type=2 2 2 2 2 2 2 2 2 2 2 2 2
left_child=1 3 12 4 10 -6 7 -5 -8 -4 -1 -11 -3
right_child=-2 2 9 6 5 -7 8 -9 -10 11 -12 -13 -14
leaf_value=0 0.017965513538235469 0.0010619148332801198 -0.018752654790569732 0.026996645291111926 -0.0089333854024211869 0.013604329567670709 0.0055066427257197924 -0.0017002068736804558 -0.013552316841905443 -0.0047780037558979886 -0.029061688580034696 0.013823004719362745 0.024416357346309273
leaf_weight=11.224163568578659 11.487124428618698 11.189708801917734 10.67847507400438 18.401287156157196 53.557909987866879 19.390177827328444 16.347163536120206 16.593045522458851 29.758838248904794 16.471678503789011 25.026638424023986 14.013015664182602 18.94256894569844
leaf_count=118 549 124 181 197 554 226 135 200 333 131 266 96 223
internal_value=-0.000213487 -0.00139537 0.00587456 -0.00442662 -0.0094715 -0.0019836 0.00186718 0.0130138 -0.00585306 -0.00258977 -0.0219624 0.00275156 0.0181342
internal_weight=273.082 261.595 71.2954 190.299 109.199 72.9481 81.1003 34.9943 46.106 41.1632 36.2508 30.4847 30.1323
internal_count=3333 2784 755 2029 1164 780 865 397 468 408 384 227 347
is_linear=0
shrinkage=0.05


Tree=307
num_leaves=1
num_cat=0
split_feature=
split_gain=
threshold=
decision_type=
left_child=
right_child=
leaf_value=0
leaf_weight=
leaf_count=3333
internal_value=
internal_weight=
internal_count=
is_linear=0
shrinkage=1


Tree=308
num_leaves=15
num_cat=0
split_feature=258 11 354 11 10 20 83 68 208 11 390 104 142 112
split_gain=1.81667 2.82991 5.74818 3.13917 3.62396 2.78115 2.37557 2.14544 2.04737 2.00627 1.79304 1.59387 1.41509 0.87471
threshold=0.42647058823529416 -0.0006185315156608805 0.096169914736564235 0.00089087810044963256 0.011123890974309153 0.33859375039239475 -0.0043238064148645753 0.3914658123181754 0.93587541686602538 0.0016862767965087901 -0.014479950582739596 0.046843208990901546 0.99737194768118698 15.500000000000002
decision_type=2 2 2 2 2 2 2 2 2 2 2 2 2 2
left_child=11 2 -2 4 6 -6 -3 8 -5 -9 -4 12 -1 -12
right_child=1 3 10 7 5 -7 -8 9 -10 -11 13 -13 -14 -15
leaf_value=0 -0.02886330199697253 0.0064947621676428096 0.011600051543799084 0.0005337098091282871 0.028847763666199067 0 -0.012244269874643374 0.013898541970473535 -0.020618747143722787 -0.010741990333156272 0 -0.0042605194026658416 0.021551792979895054 -0.015229883457602431
leaf_weight=10.226792406756433 24.25713157095015 45.295870344154537 17.739465908147395 10.678343392908571 21.658460062928501 10.088257407769559 23.024953668471426 15.939218520186843 29.379398148041219 10.252641787752507 11.203155473340304 10.137255792040376 19.655777983367443 13.721939593553541
leaf_count=138 323 582 193 91 249 89 274 186 312 144 170 152 267 163
internal_value=-0.000535894 -0.0024185 -0.0109195 0.000839664 0.00661337 0.0197604 0 -0.00706798 -0.0141745 0.00242766 0 0.00867734 0.0145752 -0.0077837
internal_weight=273.259 233.239 66.9217 166.317 100.068 31.7467 68.3208 66.2496 40.0577 26.1919 42.6646 40.0198 29.8826 24.9251
internal_count=3333 2776 849 1927 1194 338 856 733 403 330 526 557 405 333
is_linear=0
shrinkage=0.05


Tree=309
num_leaves=14
num_cat=0
split_feature=286 207 20 70 28 71 217 63 126 162 365 163 28
split_gain=1.97353 1.97663 2.59902 2.55646 2.1308 2.05061 1.90787 1.87396 1.40367 1.2913 1.24067 1.15104 1.06566
threshold=-0.2997626987833783 1.1111805780579302 0.15968047747594211 0.0084312435106973001 0.041597827717896031 0.84796813591942322 8.2166147728107024 -0.03291374906964583 -0.0053974200054348045 0.4668811514755678 0.19476732246669007 0.0037537528969794017 0.03346149782698337
decision_type=2 2 2 2 2 2 2 2 2 2 2 2 2
left_child=1 6 3 5 7 -3 9 -4 -8 -1 -10 -6 -11
right_child=-2 2 4 -5 11 -7 8 -9 10 12 -12 -13 -14
leaf_value=-0.029564820593966021 0.017674376534968287 0.0022718733405837654 0 0.0093851150733833492 -0.011626051153082705 -0.015647868352809693 -0.012696747448983518 0.017826128887251859 -0.00063774433355924922 0.00011612844512920217 0.016761695675394869 0.0044996649551537499 -0.015190870946269534
leaf_weight=10.480885199271141 11.248558719875289 16.346226860769093 20.980945969000459 17.588612427003682 15.854100038763134 44.489631158299744 11.754691501148043 43.24913012329489 16.709567918442193 16.177462702151391 12.035478675737975 19.34897304745391 14.252312044613062
leaf_count=83 548 246 252 222 176 417 130 380 213 138 117 236 175
internal_value=-0.000214288 -0.00137434 0.00135936 -0.00498539 0.00685114 -0.0101692 -0.00777507 0.0122032 0 -0.0149943 0.00596787 -0.00179661 -0.00627736
internal_weight=270.517 259.268 177.858 78.4245 99.4331 60.8359 81.4104 64.2301 40.4997 40.9107 28.745 35.2031 30.4298
internal_count=3333 2785 1929 885 1044 663 856 632 460 396 330 412 313
is_linear=0
shrinkage=0.05


Tree=310
num_leaves=1
num_cat=0
split_feature=
split_gain=
threshold=
decision_type=
left_child=
right_child=
leaf_value=0
leaf_weight=
leaf_count=3333
internal_value=
internal_weight=
internal_count=
is_linear=0
shrinkage=1


Tree=311
num_leaves=12
num_cat=0
split_feature=119 11 162 379 11 272 105 265 104 268 258
split_gain=1.91317 4.2197 2.37047 2.69052 3.71013 2.17101 2.64248 2.44055 1.89448 1.81619 1.73721
threshold=-0.17455771583318427 -0.0015800327109037891 1.1990022357659005 -0.070650867002588921 0.0011347874926104231 -1.3335504372647797 0.14215543546858608 0.16046986721144027 -0.067058545933348729 -0.59838771754464226 1.9264705882352944
decision_type=2 2 2 2 2 2 2 2 2 2 2
left_child=8 9 5 4 -4 6 -3 -7 -1 -2 -5
right_child=1 2 3 10 -6 7 -8 -9 -10 -11 -12
leaf_value=-0.0029482475671722117 0 0.011198083938414994 0.017128115089943916 -0.028368664215400442 -0.015307331930537319 -0.016062878929804788 -0.0036579731179042355 0.0084443277765726531 0.018928327482206755 -0.029598777953521227 0
leaf_weight=10.157132312189789 10.055211234837772 88.746351644862443 15.65484535880387 15.964222887530923 13.28314682189375 23.408939730841666 36.326951885130256 11.175409818533806 20.050679480656981 15.625023029278962 10.252235439606011
leaf_count=115 104 997 150 203 178 481 373 134 210 264 124
internal_value=-0.000545005 -0.0022452 0 -0.00850397 0.000634693 0.00325238 0.0065082 -0.00677148 0.010465 -0.0202638 -0.0193321
internal_weight=270.7 240.492 214.812 55.1545 28.938 159.658 125.073 34.5843 30.2078 25.6802 26.2165
internal_count=3333 3008 2640 655 328 1985 1370 615 325 368 327
is_linear=0
shrinkage=0.05


Tree=312
num_leaves=14
num_cat=0
split_feature=73 111 104 126 16 55 229 165 29 83 264 16 17
split_gain=1.89973 3.84687 2.64229 3.67627 3.41479 2.20174 4.17864 2.07097 1.46485 1.28679 1.17857 0.918977 0.111033
threshold=1.1610093869653542 43.500000000000007 -0.18152510833825383 -0.001557696012491727 0.0011813475789483596 0.034948791457987911 -1.928644834019817 -0.00022978817664077249 0.068175239724017858 -0.19429371042063692 82.500000000000014 0.0026726499978852549 -0.00065938905717187512
decision_type=2 2 2 2 2 2 2 2 2 2 2 2 2
left_child=2 11 9 4 12 6 -5 -3 -6 -1 -9 -2 -4
right_child=1 7 3 5 8 -7 -8 10 -10 -11 -12 -13 -14
leaf_value=-0.00044496521920589933 0.025881367016875031 0.0093149337503755283 -0.0066975072663568516 0.0032962806703440931 -0.0092632724986340519 0.018396099986774803 -0.020510818009202056 0 0.011580708050428575 0.016337017997455707 -0.019143638669396147 0.0028709384165129951 -0.028204310938883856
leaf_weight=11.887531724758448 18.598186358343813 14.815837688278405 10.045207636430858 65.725139051442966 18.925459513440732 11.628532526083289 21.373277706094086 10.256895613856615 10.278000294230877 19.894391509704292 15.920577456708996 13.374436750076709 25.71856008656323
leaf_count=153 202 219 83 886 252 154 225 123 95 258 189 150 344
internal_value=-0.000194157 0.0063299 -0.0029402 -0.00570482 -0.0146643 0 -0.00247927 -0.00284461 0 0.00912548 -0.0116904 0.0187575 -0.0244393
internal_weight=268.442 72.9659 195.476 163.694 64.9672 98.7269 87.0984 40.9933 29.2035 31.7819 26.1775 31.9726 35.7638
internal_count=3333 883 2450 2039 774 1265 1111 531 347 411 312 352 427
is_linear=0
shrinkage=0.05


Tree=313
num_leaves=1
num_cat=0
split_feature=
split_gain=
threshold=
decision_type=
left_child=
right_child=
leaf_value=0
leaf_weight=
leaf_count=3333
internal_value=
internal_weight=
internal_count=
is_linear=0
shrinkage=1


Tree=314
num_leaves=15
num_cat=0
split_feature=242 284 226 219 103 111 62 72 167 219 74 224 28 68
split_gain=1.80961 2.49176 2.13344 2.77021 1.66183 2.87754 2.36725 2.03057 1.65932 3.03459 2.2991 1.67026 0.778816 0.288603
threshold=0.36764705882352949 -0.27940680602473211 -1.8616561209196676 2.9618885169313276 0.17221482578810879 45.500000000000007 0.39021707006578937 0.0045231407884440992 -0.30275789033226269 3.7823930241990706 -0.26908247648850153 -2.3188918200004394 0.028378231799653004 0.41896490936662251
decision_type=2 2 2 2 2 2 2 2 2 2 2 2 2 2
left_child=2 8 -1 -4 7 -6 -7 -3 9 12 -10 -11 -2 -9
right_child=1 4 3 -5 5 6 -8 13 10 11 -12 -13 -14 -15
leaf_value=0.002178307246049083 0 -0.010727468886455423 0.00073161928805616343 -0.025976481714841432 -0.022513555339885215 -0.012903585881853847 0.015052966707068884 0.016374853035508379 0 -0.00051529354911517488 0.024382500026042399 0.012798670518463102 -0.020912051387654701 0
leaf_weight=18.452248657587916 10.054534870199861 13.264517466537653 10.153227134607734 21.354233236052096 23.656881500966847 11.990363003686072 12.1029354352504 12.107342597562821 15.461158517748116 33.63761594844982 20.448823088780046 43.625491092912853 11.381966806016861 10.934797852998598
leaf_count=219 91 182 99 223 406 240 104 113 191 357 332 540 83 153
internal_value=-0.000573639 0.00122016 -0.00899334 -0.0166055 -0.00512597 -0.0111571 0 0.00178025 0.00557171 0.00149573 0.0145105 0.00657668 -0.0133305 0.0113068
internal_weight=268.626 218.666 49.9597 31.5075 84.0568 47.7502 24.0933 36.3067 134.61 98.6996 35.91 77.2631 21.4365 23.0421
internal_count=3333 2792 541 322 1198 750 344 448 1594 1071 523 897 174 266
is_linear=0
shrinkage=0.05


Tree=315
num_leaves=18
num_cat=0
split_feature=301 28 7 365 353 226 28 162 41 104 354 387 71 365 211 228 45
split_gain=1.8401 3.17286 3.65361 3.49179 1.82822 2.4757 1.80371 2.09302 2.07482 1.66718 2.1722 1.52947 1.25403 1.22163 1.2983 1.09838 0.154226
threshold=-0.12692687100626424 0.033217973051920001 -0.0018844998400671107 0.2062804035199671 0.082259242256053772 2.5959200879953177 0.021991811551571892 0.47073085311611368 0.0013401908368125392 0.033364123344000442 0.038876327809448795 -1.0000000180025095e-35 1.2384927601917222 0.23932785704113788 1.1199016468834218 -2.2364273096296259 0.35311096022721083
decision_type=2 2 2 2 2 2 2 2 2 2 2 2 2 2 2 2 2
left_child=1 4 3 -3 11 12 7 -2 -8 16 -11 -1 -6 14 -10 -5 -4
right_child=6 2 9 15 5 -7 8 -9 13 10 -12 -13 -14 -15 -16 -17 -18
leaf_value=-0.016854135672085182 -0.018764511992394307 -0.013307499631577771 -0.0070233812643132948 0 0.023975814000872474 -0.004488615923183335 -0.0041565688897862146 0.0058640407041942429 0.00077070392553584585 0.0093710772492434282 -0.016891099458001727 0.0040866510814801934 0 0 0.022131621981052674 0.022000317124301543 -0.02969735259178178
leaf_weight=12.312388782855125 12.308202490210535 18.444854174740613 10.067736666649582 10.77774803619832 21.279481587931517 13.36151986196637 16.066477611660957 13.159261524677275 15.540924733504651 10.04835774889216 13.522076777182518 12.137885984964667 10.154505272861568 10.006649347022174 32.519235569052398 12.898537330795078 21.393437819555402
leaf_count=197 94 234 112 92 198 117 239 202 184 105 163 142 89 147 615 120 283
internal_value=-0.000194589 -0.00356697 -0.00943582 0.000620012 0.00402493 0.0101892 0.00489173 -0.00500545 0.00900243 -0.0176283 -0.00401946 -0.0053265 0.0177278 0.0134875 0.0166546 0.0136208 -0.0251355
internal_weight=265.999 166.399 97.1527 42.1211 69.2458 44.7955 99.6008 25.4675 74.1333 55.0316 23.5704 24.4503 31.434 58.0668 48.0602 23.6763 31.4612
internal_count=3333 1852 1109 446 743 404 1481 296 1185 663 268 339 287 946 799 212 395
is_linear=0
shrinkage=0.05


Tree=316
num_leaves=1
num_cat=0
split_feature=
split_gain=
threshold=
decision_type=
left_child=
right_child=
leaf_value=0
leaf_weight=
leaf_count=3333
internal_value=
internal_weight=
internal_count=
is_linear=0
shrinkage=1


Tree=317
num_leaves=11
num_cat=0
split_feature=242 124 191 284 372 74 66 407 72 103
split_gain=1.73747 2.43853 4.78241 2.35366 1.93798 1.73041 2.39618 1.62345 1.68355 2.41868
threshold=0.36764705882352949 -8.4999999999999982 0.9419762200617291 -0.27940680602473211 0.045960563931771399 -0.60269711659308689 0.52994763978672177 0.45265703324121942 0.0045664699529027073 0.16903289069910235
decision_type=2 2 2 2 2 2 2 2 2 2
left_child=1 -1 -3 4 5 -2 -7 -5 -9 -10
right_child=3 2 -4 7 -6 6 -8 8 9 -11
leaf_value=0.0027366106905995545 -0.0065704624999192406 -0.030624396275348905 0.0058532969154571329 -0.01817087010942782 -0.0072862362713270699 0.014859833120809416 -0.00070645957251276462 -0.013364844915336158 0.016825339186567902 -0.0038966048128692
leaf_weight=19.425129874609411 11.696436464786528 19.993568960577253 10.136481954716144 15.778255083132533 18.979728460777551 75.658724359236658 27.079740507528186 17.277106304652989 18.666842460166663 31.487896139733493
leaf_count=196 124 215 130 398 237 937 296 216 178 406
internal_value=-0.000583481 -0.00886504 -0.0174244 0.00117857 0.00543119 0.00809847 0.0103804 -0.00501161 -0.000579768 0.00338947
internal_weight=266.18 49.5552 30.1301 216.625 133.415 114.435 102.738 83.2101 67.4318 50.1547
internal_count=3333 541 345 2792 1594 1357 1233 1198 800 584
is_linear=0
shrinkage=0.05


Tree=318
num_leaves=13
num_cat=0
split_feature=73 165 104 105 105 163 286 64 104 49 40 211
split_gain=1.8749 2.95878 2.45446 1.97796 2.28973 2.2936 1.86404 1.51595 1.15497 0.996157 0.757319 0.0168017
threshold=1.1610093869653542 -0.00022067597181815892 -0.18152510833825383 0.25398664569631474 -0.16968608205175625 -0.0076550568282344146 -0.64852653657784309 0.37186351824175334 0.048151706079414561 0.55016072483061218 -0.011885316299874811 1.7778443433746947
decision_type=2 2 2 2 2 2 2 2 2 2 2 2
left_child=2 10 7 4 -4 -6 -3 11 -8 -5 -2 -1
right_child=1 6 3 9 5 -7 8 -9 -10 -11 -12 -13
leaf_value=0.021097035274440668 0.0011673485991889158 -0.017982116407285975 0.0057235182762772731 -0.0012801796046317336 0.0025547524058589987 -0.014029455307157226 -0.0022125229171147203 -0.0030549748505017075 0.014392503640387064 0.014732713774308973 0.02362711702983911 0.0035780623872323442
leaf_weight=10.834551826119428 11.032460553571584 10.186916803009806 18.829423426184803 12.384698209352793 19.168081323150545 97.815377016086131 18.794489085674289 10.10758180124685 12.714282958768306 12.544529104605315 18.852846693247557 10.292316439561544
leaf_count=114 135 181 261 172 251 1229 180 139 121 126 266 158
internal_value=-0.000189781 0.00634906 -0.00294449 -0.00563992 -0.0081607 -0.0108994 -0.0013241 0.00874515 0.00370767 0.00570434 0.0177192 0.0161409
internal_weight=263.558 71.581 191.977 160.742 135.813 116.983 41.6957 31.2345 31.5088 24.9292 29.8853 21.1269
internal_count=3333 883 2450 2039 1741 1480 482 411 301 298 401 272
is_linear=0
shrinkage=0.05


Tree=319
num_leaves=1
num_cat=0
split_feature=
split_gain=
threshold=
decision_type=
left_child=
right_child=
leaf_value=0
leaf_weight=
leaf_count=3333
internal_value=
internal_weight=
internal_count=
is_linear=0
shrinkage=1


Tree=320
num_leaves=8
num_cat=0
split_feature=126 126 163 379 167 37 24
split_gain=1.76429 2.27458 2.8447 2.55924 2.21401 2.52937 1.35879
threshold=-0.012026496457366196 -0.010274183749938546 0.0083357391592278601 -0.14267442989077442 -0.76654710242652035 0.016606346824687243 0.0092073057602585721
decision_type=2 2 2 2 2 2 2
left_child=-1 2 -2 -3 6 -6 -5
right_child=1 3 -4 4 5 -7 -8
leaf_value=-0.014858124677001061 0.026449899693811993 -0.017895501868954649 -0.0020133867556446946 0.0025713437774752307 0.018886955749133651 0.00047655568188270783 -0.01333122598074845
leaf_weight=17.262223624624312 14.852057795505972 17.800785428844392 10.782135141082106 12.117188562639056 20.0181970060803 134.88657531095669 36.029026199830696
leaf_count=164 178 273 122 121 325 1649 501
internal_value=-0.000599223 0.000365619 0.013775 -0.00113119 0.000334971 0.00348599 -0.00843529
internal_weight=263.748 246.486 25.6342 220.852 203.051 154.905 48.1462
internal_count=3333 3169 300 2869 2596 1974 622
is_linear=0
shrinkage=0.05


Tree=321
num_leaves=11
num_cat=0
split_feature=112 124 5 167 260 394 231 270 62 389
split_gain=1.7675 2.94737 2.57819 3.94732 3.70582 3.6468 2.67456 1.78755 1.68945 1.62466
threshold=111.50000000000001 -36.499999999999993 0.00050719615545336005 -0.76654710242652035 0.4272727272727273 -0.0067761377957484261 58.500000000000007 -1.1073905422380974 0.34959313096893457 -1.0000000180025095e-35
decision_type=2 2 2 2 2 2 2 2 2 2
left_child=1 -1 3 7 6 -5 -4 -3 -2 -6
right_child=8 2 4 5 9 -7 -8 -9 -10 -11
leaf_value=-0.022402181513633067 0 -0.00083007159859074884 0.00099217757578205844 0 -0.0071653595996805652 -0.021411147446479289 0.030277435222440637 0.0168138722881736 0.022637016031607726 0.010639460026027068
leaf_weight=13.343884820584206 18.559810475446287 29.581287377513945 18.864280186127871 36.105951190460473 41.762929662596434 41.962730175349861 17.815478361211717 18.12525646830909 12.246383908204733 13.841677644290028
leaf_count=205 188 283 289 437 497 569 196 379 118 172
internal_value=-0.000168334 -0.0018898 -0.000121402 -0.00494826 0.0058811 -0.011908 0.0176899 0.00548554 0.0103038 -0.00156227
internal_weight=262.21 231.403 218.06 125.775 92.2844 78.0687 36.6798 47.7065 30.8062 55.6046
internal_count=3333 3027 2822 1668 1154 1006 485 662 306 669
is_linear=0
shrinkage=0.05


Tree=322
num_leaves=1
num_cat=0
split_feature=
split_gain=
threshold=
decision_type=
left_child=
right_child=
leaf_value=0
leaf_weight=
leaf_count=3333
internal_value=
internal_weight=
internal_count=
is_linear=0
shrinkage=1


Tree=323
num_leaves=11
num_cat=0
split_feature=119 11 162 126 11 372 211 364 19 268
split_gain=1.85314 3.96957 2.1943 4.22414 3.16708 1.96992 2.61258 2.10374 1.7716 1.48613
threshold=-0.17455771583318427 -0.0015800327109037891 1.1990022357659005 -0.0030218804499533287 0.0012159132125103558 -0.012699267579872052 3.58143569433479 0.48808796768818941 0.3483656932814379 -0.59574712514518835
decision_type=2 2 2 2 2 2 2 2 2 2
left_child=8 9 5 4 -4 7 -7 -3 -1 -2
right_child=1 2 3 -5 -6 6 -8 -9 -10 -11
leaf_value=-0.00019163612398714045 0 0.0086999987250758835 0.013906921857603512 -0.02544844533504996 -0.014600088935347406 0.00093539755659766089 0.018074816892772402 -0.012513193298195625 0.020340070445740682 -0.029035314639037104
leaf_weight=13.32471265923232 10.297631546854975 12.589039822574703 20.668861506041139 19.401769532822073 12.944657714106141 78.948148804716766 32.653084970545024 30.820513912942261 16.05073253531009 14.700889932457356
leaf_count=177 106 200 203 302 150 962 438 385 148 262
internal_value=-0.00062558 -0.00233193 0 -0.00845702 0.00126641 0.00305991 0.00672835 -0.00511916 0.0103277 -0.0200071
internal_weight=262.4 233.025 208.026 53.0153 33.6135 155.011 111.601 43.4096 29.3754 24.9985
internal_count=3333 3008 2640 655 353 1985 1400 585 325 368
is_linear=0
shrinkage=0.05


Tree=324
num_leaves=13
num_cat=0
split_feature=268 137 207 20 36 224 365 222 359 0 406 117
split_gain=1.76843 2.07818 2.43296 1.82795 1.6097 1.72731 1.48902 3.18517 3.10755 1.34446 1.07368 0.420322
threshold=-0.33720536712349941 0.026165724496882165 1.3861520379623133 0.11187147656232053 0.041245248950621878 1.6162008907954213 0.18532460947131116 0.68993939029867968 -0.016632141846130464 0.0045039457242590656 0.0038254089027122133 -0.55229561834155649
decision_type=2 2 2 2 2 2 2 2 2 2 2 2
left_child=1 2 4 -2 5 -1 7 -4 -8 11 -6 -5
right_child=3 -3 6 9 10 -7 8 -9 -10 -11 -12 -13
leaf_value=-0.025919983604312344 -0.0072392559928214908 0.014209830784438649 0.012573879427648059 0.0017475466092691629 -0.0093784312630484333 -0.0040267326303321483 0.011940571482038725 -0.011474945916819974 -0.011735778819825286 0 0.010227350169947391 0.021958810985082108
leaf_weight=22.557464251760393 10.477507679723201 13.087032413110135 45.779167959466577 10.09707677643746 11.477590166032316 26.097858807537705 14.659230485092847 14.579497795086352 47.168813559692353 12.909844459965823 10.488023887854068 20.626559575088326
leaf_count=303 231 115 467 202 138 295 152 198 453 164 93 522
internal_value=-0.000154102 -0.00246605 -0.00405366 0.0074349 -0.0112393 -0.0160607 0 0.0057075 -0.00505813 0.0122698 0 0.0175455
internal_weight=260.006 205.895 192.808 54.111 70.6209 48.6553 122.187 60.3587 61.828 43.6335 21.9656 30.7236
internal_count=3333 2214 2099 1119 829 598 1270 665 605 888 231 724
is_linear=0
shrinkage=0.05


Tree=325
num_leaves=1
num_cat=0
split_feature=
split_gain=
threshold=
decision_type=
left_child=
right_child=
leaf_value=0
leaf_weight=
leaf_count=3333
internal_value=
internal_weight=
internal_count=
is_linear=0
shrinkage=1


Tree=326
num_leaves=11
num_cat=0
split_feature=119 11 162 130 228 83 65 246 19 268
split_gain=1.77845 3.80275 2.05988 2.6412 2.68126 1.93065 2.60019 2.34826 1.69649 1.42417
threshold=-0.17455771583318427 -0.0015800327109037891 1.1990022357659005 -1.0000000180025095e-35 3.9012659068242201 0.10888548102975308 0.35522882011601126 0.17415730337078653 0.3483656932814379 -0.59574712514518835
decision_type=2 2 2 2 2 2 2 2 2 2
left_child=8 9 5 -4 -5 6 -3 -7 -1 -2
right_child=1 2 3 4 -6 7 -8 -9 -10 -11
leaf_value=-0.0001274582441805256 0 0.011013497673265657 0.0060239843442771931 -0.026933213879803103 0 -0.022089975416930363 -0.011049897199204541 0.00062421632279609555 0.019940733116134448 -0.028698532028649301
leaf_weight=13.298846164718272 10.275356075726451 81.385569688864052 15.692481853067873 19.651267235167325 17.08855901658535 10.436348168179391 11.175832062959669 50.861890775151551 15.921702441759406 14.412730263313277
leaf_count=177 106 1174 192 235 228 131 92 588 148 262
internal_value=-0.00064865 -0.00233336 0 -0.00828327 -0.0156459 0.0029297 0.00756308 -0.0033156 0.010094 -0.0197324
internal_weight=260.201 230.98 206.292 52.4323 36.7398 153.86 92.5614 61.2982 29.2205 24.6881
internal_count=3333 3008 2640 655 463 1985 1266 719 325 368
is_linear=0
shrinkage=0.05


Tree=327
num_leaves=12
num_cat=0
split_feature=167 8 10 354 37 167 224 104 66 393 37
split_gain=1.73512 2.84069 3.58519 2.87098 1.81455 2.64955 1.69287 1.65859 1.11383 0.432769 0.346091
threshold=-0.76654710242652035 -0.0021738635294228513 -0.0062070337357999642 0.24356218968233936 0.079355228999445596 -0.28164305683048402 -3.1574237912767407 -0.095790396068286543 0.39440612721955676 1.0000000180025095e-35 0.011514016068769341
decision_type=2 2 2 2 2 2 2 2 2 2 2
left_child=6 3 -3 7 5 -4 8 -2 -1 -9 -8
right_child=1 2 4 -5 -6 -7 10 9 -10 -11 -12
leaf_value=-0.0097157700221194229 0 0.023185427497804559 0.0034349364766101914 0.0071866957170297055 0.015678184669014439 -0.010814927752916856 0.00090699300792946582 -0.026620013976446262 0.0080155275133066955 -0.0053156939047632155 0.019317461505040413
leaf_weight=15.652359557338061 11.592042099684475 13.489812956191598 56.940397086087614 11.014778601005672 10.06184477265924 61.091558030340821 10.264952087309213 24.5369938518852 12.941912939772008 11.89721138589084 18.768157261423767
leaf_count=187 212 191 662 137 137 725 125 348 194 150 265
internal_value=-0.000140008 -0.00253248 0.00103646 -0.0115332 -0.00139189 -0.00361272 0.00707762 -0.0169766 -0.000108855 -0.0218649 0.0150637
internal_weight=258.252 200.625 141.584 59.041 128.094 118.032 57.6274 48.0262 28.5943 36.4342 29.0331
internal_count=3333 2562 1715 847 1524 1387 771 710 381 498 390
is_linear=0
shrinkage=0.05


Tree=328
num_leaves=1
num_cat=0
split_feature=
split_gain=
threshold=
decision_type=
left_child=
right_child=
leaf_value=0
leaf_weight=
leaf_count=3333
internal_value=
internal_weight=
internal_count=
is_linear=0
shrinkage=1


Tree=329
num_leaves=17
num_cat=0
split_feature=165 208 54 167 354 104 213 386 111 397 73 112 375 74 36 301
split_gain=1.71563 2.91794 2.32094 2.20181 2.35291 2.19302 2.02786 2.40526 1.90875 1.86712 1.56498 1.51693 2.34862 1.30786 1.29924 1.14553
threshold=-0.001104047350781341 1.5808449183699915 0.0036106729185984014 -0.28164305683048402 0.037289650631530592 -0.10964854877944515 4.4729466053688691 0.0078286662573618954 35.500000000000007 -0.0034666264531106948 0.92044825787486129 95.500000000000014 -0.15512650752227855 -0.11305877313816651 0.060110758941690996 -0.18333333333333332
decision_type=2 2 2 2 2 2 2 2 2 2 2 2 2 2 2 2
left_child=1 6 9 4 -4 -5 -1 10 -7 14 -8 12 -11 -9 -2 -6
right_child=2 -3 3 5 15 8 7 13 -10 11 -12 -13 -14 -15 -16 -17
leaf_value=-0.016081368057012678 -0.010280222154592204 -0.025205532609662032 -0.02438975735800198 -0.0099060476708516133 0.0098978383498876926 -0.00031271132599194895 -0.017714530149141483 0.025578241166529975 0.018026773232258441 0 0.0025592380166884593 0 0.025075247018780174 0 0.0083259917790165557 -0.010810071699635658
leaf_weight=14.846691823098807 16.282206648495052 14.350059141172094 17.018594111781567 18.634375529829413 10.596375987865033 19.960127525497228 11.536885532550516 10.803418238647284 23.062951849773526 10.384401236660777 16.905601819278672 10.511993618682025 28.612824080046266 10.372497861739246 14.462651661131529 10.108530501369385
leaf_count=191 178 196 145 199 178 258 162 83 293 141 187 151 450 154 198 169
internal_value=-0.000670239 -0.00681637 0.00182029 -0.0029013 -0.0121644 0.00229424 -0.00104298 0.00316684 0.00896618 0.0081616 -0.0049796 0.0139465 0.0182617 0.0154371 -8.39083e-05 0
internal_weight=258.45 78.8152 179.635 99.381 37.7235 61.6575 64.4651 49.6184 43.0231 80.2541 28.4425 49.5092 38.9972 21.1759 30.7449 20.7049
internal_count=3333 973 2360 1242 492 750 777 586 551 1118 349 742 591 237 376 347
is_linear=0
shrinkage=0.05


Tree=330
num_leaves=17
num_cat=0
split_feature=301 207 162 113 231 211 348 78 71 231 141 126 33 17 14 231
split_gain=1.75398 1.8506 2.62601 2.85382 1.58973 2.31208 2.03712 1.57895 2.06489 1.49774 1.44388 1.39053 1.24829 0.842996 0.415539 0.10765
threshold=-0.12692687100626424 1.1111805780579302 0.88355927834772874 67.500000000000014 51.500000000000007 4.7959984685162036 0.0079573214636035165 0.93826243870964687 0.84796813591942322 48.500000000000007 1.0000000180025095e-35 -0.0040512063570156678 0.011246344251461699 0.00021948465664685973 -0.0013709244025355504 87.500000000000014
decision_type=2 2 2 2 2 2 2 2 2 2 2 2 2 2 2 2
left_child=1 2 -1 -4 5 13 11 8 9 -2 -10 -6 -9 -3 -12 -8
right_child=7 4 3 -5 6 -7 15 12 10 -11 14 -13 -14 -15 -16 -17
leaf_value=-0.0259857897265405 0 -0.021989316146117918 -0.013003009420465754 0.01603942913861393 -0.011538040310319936 0.0054760582245888595 0.022738035062427348 0 0.0020922084924416503 0.022622809068210376 -0.021352849936349567 0.0047870289686190162 0.020073810728329304 0 -0.0011421570177266715 0.0035514790025478189
leaf_weight=16.483856256119907 10.020609633997084 17.165311094373468 18.434833601117138 10.65643040742725 16.894813805818558 15.693013907875864 10.044451475143434 18.279095048084855 14.61638185335323 10.23316270764917 11.66756475530565 33.15820393152535 20.545441430062056 11.305581437423823 10.653024207334964 10.308749312069265
leaf_count=272 183 255 229 86 206 123 79 211 234 221 88 356 435 116 109 130
internal_value=-0.000104822 -0.00347324 -0.0116516 -0.000301515 0 -0.00716815 0.00459653 0.00494345 0 0.0114117 -0.00730979 -0.000121705 0.0123383 -0.015584 -0.0149597 0.0168658
internal_weight=256.161 160.145 45.5751 29.0913 114.57 44.1639 70.4062 96.0153 57.1907 20.2538 36.937 50.053 38.8245 28.4709 22.3206 20.3532
internal_count=3333 1852 587 315 1265 494 771 1481 835 404 431 562 646 371 197 209
is_linear=0
shrinkage=0.05


Tree=331
num_leaves=1
num_cat=0
split_feature=
split_gain=
threshold=
decision_type=
left_child=
right_child=
leaf_value=0
leaf_weight=
leaf_count=3333
internal_value=
internal_weight=
internal_count=
is_linear=0
shrinkage=1


Tree=332
num_leaves=12
num_cat=0
split_feature=119 11 162 113 11 105 379 390 229 220 272
split_gain=1.66717 3.67698 1.94177 3.35036 2.54189 2.21764 3.27366 2.06225 1.70172 1.58725 1.28399
threshold=-0.17455771583318427 -0.0015800327109037891 1.1041462414890126 46.500000000000007 0.0012159132125103558 0.063563846320098885 -0.1635826363254094 -0.010465505664194406 -4.1508790875551504 6.17473777765934 -1.5957333054651406
decision_type=2 2 2 2 2 2 2 2 2 2 2
left_child=8 10 5 4 -4 6 -3 -7 -1 -5 -2
right_child=1 2 3 9 -6 7 -8 -9 -10 -11 -12
leaf_value=0.019863066311638967 -0.00014895241614783556 -0.0099798691013214848 0.012679110362669841 0 -0.0094317131307786496 -0.013946561309388468 0.013949606596827237 0.0041124349225507657 -0.00038462390335939619 -0.027591424241491677 -0.028398368060333086
leaf_weight=15.41330320434645 10.237748465500774 13.317991362884639 23.372032546438277 10.199679374229165 21.455530805513263 24.328550849109888 64.302790733519942 29.097650961950421 13.369297434575854 17.283782581333071 13.974880714667959
leaf_count=197 107 183 229 143 279 263 927 389 128 227 261
internal_value=-0.000714899 -0.00236309 0 -0.00647562 0.00112313 0.00355738 0.00900507 -0.00352921 0.00973642 -0.0194007 -0.0196244
internal_weight=256.353 227.571 203.358 72.311 44.8276 131.047 77.6208 53.4262 28.7826 27.4835 24.2126
internal_count=3333 3008 2640 878 508 1762 1110 652 325 370 368
is_linear=0
shrinkage=0.05


Tree=333
num_leaves=16
num_cat=0
split_feature=284 126 69 260 113 87 104 28 124 213 244 163 209 217 406
split_gain=1.72524 2.57739 2.36599 2.1266 1.65426 1.65069 2.23306 2.04434 1.90102 1.91714 1.70371 1.4369 1.99705 1.01939 0.862139
threshold=-0.38220169564211975 0.00059127264019054337 -0.0035056370207668382 0.31818181818181823 14.500000000000002 0.041163559178917127 0.029331107535323225 0.041597827717896031 -10.499999999999998 5.1611500825090726 0.44545454545454549 0.0017923767826929793 3.2923037592668947 5.5174485533395838 0.00039804742738314142
decision_type=2 2 2 2 2 2 2 2 2 2 2 2 2 2 2
left_child=1 2 11 -4 -5 7 14 10 9 -9 -2 -1 -13 -12 -7
right_child=5 -3 3 4 -6 6 -8 8 -10 -11 13 12 -14 -15 -16
leaf_value=-0.0084468081090526819 0 0.014021517536386925 0.0012510713712166857 0 -0.021723012762940787 0 0.010155492098914776 -0.021925612924819621 0.010090209413076321 0.0012537637851161717 0 -0.0037101655614449878 0.01907430534019872 0.023048827009782287 -0.022135820889916294
leaf_weight=17.455221458338201 11.930817477405069 12.336603906005619 14.051023262087254 11.971727573312817 41.936171868816018 10.886769248638304 10.474613080266861 12.044033360667528 19.481489220168442 12.486375367268918 10.045465132687239 11.925230689346792 16.093485710211098 29.175996453035623 11.595850474201141
leaf_count=299 152 122 207 141 566 145 156 112 340 164 106 165 168 381 109
internal_value=-7.95117e-05 -0.00437348 -0.00711323 -0.0128842 -0.0173189 0.00375793 -0.00472742 0.00726059 0 -0.00945984 0.0137819 0.000743463 0.00834399 0.0185605 -0.0140027
internal_weight=253.891 125.769 113.433 67.9589 53.9079 128.121 32.9572 95.1642 44.0119 24.5304 51.1523 45.4739 28.0187 39.2215 22.4826
internal_count=3333 1668 1546 914 707 1665 410 1255 616 276 639 632 333 487 254
is_linear=0
shrinkage=0.05


Tree=334
num_leaves=1
num_cat=0
split_feature=
split_gain=
threshold=
decision_type=
left_child=
right_child=
leaf_value=0
leaf_weight=
leaf_count=3333
internal_value=
internal_weight=
internal_count=
is_linear=0
shrinkage=1


Tree=335
num_leaves=8
num_cat=0
split_feature=126 286 126 372 11 244 163
split_gain=1.65042 2.08306 1.99384 3.40902 2.1593 1.66761 1.47397
threshold=-0.012026496457366196 -0.92818965654079866 -0.010274183749938546 0.042038623981612407 -0.0006185315156608805 0.50000000000000011 0.0072859873982348148
decision_type=2 2 2 2 2 2 2
left_child=-1 -2 6 4 -4 -5 -3
right_child=1 2 3 5 -6 -7 -8
leaf_value=-0.014693496920387104 0.017525063362018971 0.022468415853779532 -0.0069111645851577634 0 0.0043465300583116623 -0.026682244118041189 0
leaf_weight=16.738874266855419 13.460421932861207 11.559014828875663 66.36573398578912 10.324545261915775 107.36491397442296 16.907078336458653 11.368342777714131
leaf_count=164 466 124 919 120 1225 200 115
internal_value=-0.00075046 0.000195957 -0.000843457 -0.00269475 0 -0.0181907 0.0118892
internal_weight=254.089 237.35 223.89 200.962 173.731 27.2316 22.9274
internal_count=3333 3169 2703 2464 2144 320 239
is_linear=0
shrinkage=0.05


Tree=336
num_leaves=14
num_cat=0
split_feature=268 28 126 260 34 167 124 381 66 68 265 260 110
split_gain=1.68666 1.87759 3.12203 2.28165 2.95428 2.23849 2.48094 1.82755 2.34755 2.00563 1.81174 1.78803 0.908235
threshold=-0.33720536712349941 0.033217973051920001 -0.0019584198887366284 0.4272727272727273 0.022391112745517066 -0.64606128601526802 -5.4999999999999991 15.476929281337002 0.39945098950463204 0.57787335946471741 0.1725049570389954 0.99090909090909107 22.500000000000004
decision_type=2 2 2 2 2 2 2 2 2 2 2 2 2
left_child=1 3 11 4 -1 -5 -7 9 -9 -4 12 -3 -2
right_child=10 2 7 5 -6 6 -8 8 -10 -11 -12 -13 -14
leaf_value=-0.0013478194561798952 0 -0.023926621339119228 -0.017108580120833036 0.010160197426356243 0.028329913166913495 0.0039529028380245329 -0.018087823208101924 -0.0039164230559510715 0.018005601123946793 0.0040438577452956174 -0.0038128914442921132 0 0.018263417513451268
leaf_weight=10.340037870686503 10.668314260430632 27.494343839585781 21.98472547903657 19.497495780698955 13.859228526242076 15.932814197149126 25.69746132614091 17.923963954672217 20.30205543152988 13.095707490108905 16.327998945256695 13.317755202762781 25.706930839456618
leaf_count=189 233 377 247 163 99 137 316 190 208 149 247 139 639
internal_value=-8.80848e-05 -0.00239612 -0.00665197 0.00276229 0.0150607 -0.00180352 -0.00883335 0 0.00697667 -0.00820275 0.00740729 -0.0172173 0.0136204
internal_weight=252.149 199.446 114.119 85.327 24.1993 61.1278 41.6303 73.3065 38.226 35.0804 52.7032 40.8121 36.3752
internal_count=3333 2214 1310 904 288 616 453 794 398 396 1119 516 872
is_linear=0
shrinkage=0.05


Tree=337
num_leaves=1
num_cat=0
split_feature=
split_gain=
threshold=
decision_type=
left_child=
right_child=
leaf_value=0
leaf_weight=
leaf_count=3333
internal_value=
internal_weight=
internal_count=
is_linear=0
shrinkage=1


Tree=338
num_leaves=13
num_cat=0
split_feature=90 266 10 399 163 165 103 71 111 36 70 213
split_gain=1.59927 1.92722 2.07356 1.9236 2.17015 1.76897 2.07923 1.5525 1.51373 1.45318 1.97163 1.23132
threshold=1.0000000180025095e-35 -0.084071121664414036 -0.0097214566061232365 0.033289266963322302 0.0073362234656706602 -0.00096627579245199926 0.1178481010482077 0.96191781013905853 31.500000000000004 0.036003531384965974 0.0088488283585439458 5.1717131239323342
decision_type=2 2 2 2 2 2 2 2 2 2 2 2
left_child=1 5 7 4 -4 9 -7 11 -2 -1 -11 -3
right_child=8 2 3 -5 -6 6 -8 -9 -10 10 -12 -13
leaf_value=-0.011394461952116353 -0.024039715503399707 0.0085377920054337149 0.010300060092369697 -0.012755187836233282 -0.0050267442411428501 -0.00059620969387697671 0.021202836056443259 -0.020437744929473062 0 0.014388395323821371 -0.0080589905552825459 -0.012456188141370738
leaf_weight=15.607400144916026 10.676676164381208 11.375659366138281 54.299274312797934 17.392525197472423 31.374771719332784 10.457817999646066 26.297804586123675 21.70451007084921 10.210087578278033 22.490475906990469 10.379576833918689 10.086192708928136
leaf_count=160 101 171 533 177 373 119 708 342 119 208 110 212
internal_value=-0.000749898 0.000307946 -0.00293427 0.00054006 0.00414318 0.00634788 0.0141659 -0.0118089 -0.0131324 0 0.00582495 0
internal_weight=252.353 231.466 146.233 103.067 85.674 85.2331 36.7556 43.1664 20.8868 48.4775 32.8701 21.4619
internal_count=3333 3113 1808 1083 906 1305 827 725 220 478 318 383
is_linear=0
shrinkage=0.05


Tree=339
num_leaves=16
num_cat=0
split_feature=167 15 64 353 165 162 375 70 70 224 268 66 260 113 354
split_gain=1.65785 2.3989 3.00067 2.99446 3.74301 2.76605 3.5537 1.74652 2.13481 1.55724 1.5036 0.967738 0.459024 0.244307 0.0165472
threshold=-0.76654710242652035 0.00067835704970060841 0.4228446021290117 0.20702883386354534 0.0016852454643617682 1.1736885256911191 0.025638904423668122 0.0051956230107460116 0.0088146715942919122 -3.1574237912767407 -0.34078185303409586 0.39440612721955676 0.44545454545454549 41.500000000000007 0.087298615232410823
decision_type=2 2 2 2 2 2 2 2 2 2 2 2 2 2 2
left_child=9 5 3 4 -3 6 13 -7 -9 11 12 -1 -4 -2 -11
right_child=1 2 10 -5 -6 7 -8 8 -10 14 -12 -13 -14 -15 -16
leaf_value=-0.0090074004672755486 -0.0086936653727718426 0.020916122296791569 0 -0.0084690045743886153 -0.0079917059154177607 0.016368870950854039 0 -0.018335805762193114 0.0056328899244829193 0.0030513655046237294 0.0046862588708599124 0.0077687234118789293 -0.017983161856455883 -0.031481076175833275 0.018314357464762742
leaf_weight=15.299523605033757 12.294466446153821 43.292697111144662 10.799080303404482 13.952481262385843 10.111698213964699 10.316178580746053 16.596030216664076 13.624708083458247 14.297866735607384 10.980195161653684 10.390119750984011 12.486295169685034 19.146062736865133 19.129550565034151 17.14662965759635
leaf_count=187 184 477 112 183 145 133 260 169 177 162 200 194 241 281 228
internal_value=-6.94047e-05 -0.00246081 0.00214581 0.00881091 0.0144223 -0.00865106 -0.0163223 0.000256564 -0.00508982 0.00708012 -0.00767005 0 -0.0135113 -0.0255527 0.0148307
internal_weight=249.864 193.951 107.692 67.3569 53.4044 86.2588 48.02 38.2388 27.9226 55.9126 40.3353 27.7858 29.9451 31.424 28.1268
internal_count=3333 2562 1358 805 622 1204 725 479 346 771 553 381 353 465 390
is_linear=0
shrinkage=0.05


Tree=340
num_leaves=1
num_cat=0
split_feature=
split_gain=
threshold=
decision_type=
left_child=
right_child=
leaf_value=0
leaf_weight=
leaf_count=3333
internal_value=
internal_weight=
internal_count=
is_linear=0
shrinkage=1


Tree=341
num_leaves=15
num_cat=0
split_feature=242 124 217 299 28 349 354 32 9 40 390 34 78 124
split_gain=1.70272 2.23319 3.7156 1.98241 2.23421 1.75436 2.89243 2.20807 1.76997 1.44162 1.2324 0.282362 0.224457 0.200685
threshold=0.36764705882352949 -8.4999999999999982 9.3049028538985201 -0.16005370106198 0.020078211953241661 3.5000000000000004 0.042875622875814499 0.45647763769902416 -0.00082460870979628165 -0.0116932220606725 -0.015613172550136887 0.028292057154637087 0.95465351239537755 1.5000000000000002
decision_type=2 2 2 2 2 2 2 2 2 2 2 2 2 2
left_child=1 -1 -3 5 -5 7 11 9 -8 -2 -6 -7 -9 -12
right_child=3 2 -4 4 10 6 8 12 -10 -11 13 -13 -14 -15
leaf_value=0.0020909664203401734 0.011222169962053517 -0.029808516136741372 0.0024599815993673045 0.0072742289424378853 0 -0.022897856805912636 -0.0021312745583805066 0.025411489507885972 0.016726682811045928 -0.0039237891796881598 -0.023189716361259393 -0.0023193616659359997 0.0069215062592097023 -0.0044989542760614379
leaf_weight=18.340373586863279 22.222749219276011 18.267347440589223 10.142205745447425 14.97397177107632 13.244408359285442 10.020742898806931 22.421510956250131 15.55990341352299 16.724914323072881 33.602152464911342 16.233576181577522 10.129286924377082 16.067329790443182 12.118059433065353
leaf_count=196 227 209 136 188 240 63 251 229 235 402 490 102 174 191
internal_value=-0.000780103 -0.00918587 -0.0175621 0.00101579 -0.00638947 0.00427515 -0.00165092 0.00876756 0.00535638 0.00152036 -0.0125878 -0.0163541 0.0188756 -0.0179907
internal_weight=250.069 46.7499 28.4096 203.319 56.57 146.749 59.2965 87.4521 39.1464 55.8249 41.596 20.15 31.6272 28.3516
internal_count=3333 541 345 2792 1109 1683 651 1032 486 629 921 165 403 681
is_linear=0
shrinkage=0.05


Tree=342
num_leaves=15
num_cat=0
split_feature=73 111 377 126 7 83 34 375 372 209 355 177 105 68
split_gain=1.63281 3.35133 2.51178 2.31012 4.32182 2.54905 2.40185 1.8052 2.59771 2.97778 1.2306 0.900484 0.861493 0.0542113
threshold=1.1610093869653542 43.500000000000007 0.047527999140522199 -0.001557696012491727 0.0011447561111884721 0.23039543188736397 0.03769437625563004 1.0000000180025095e-35 -1.0000000180025095e-35 4.0734429742386853 -0.067729008846226665 0.55215303549232442 -0.093727878893597974 0.34531823720059973
decision_type=2 2 2 2 2 2 2 2 2 2 2 2 2 2
left_child=3 12 11 4 5 -1 -6 8 9 -5 -9 -3 -2 -10
right_child=1 2 -4 7 6 -7 -8 10 13 -11 -12 -13 -14 -15
leaf_value=-0.026761602953208008 0.00021183922920958761 0 0.012703717521969669 0.011703206047426421 0.01523877887421869 0 -0.0083830315789664833 0 -0.0034240962550715591 -0.010820563612795986 0.02088499818252823 -0.020683952215204707 0.023974010431783387 -0.021830654344454109
leaf_weight=30.324697579955682 10.035574617329987 13.901001555845143 11.871549422154201 36.686086615314707 17.420347535051405 10.335653365124015 17.782962637022138 14.534989280160518 10.050173848867418 18.808279595803469 14.412679539062081 11.998977306764571 19.4804532751441 10.05857534939423
leaf_count=409 131 191 188 581 167 129 235 172 153 222 233 152 221 149
internal_value=-9.8427e-05 0.00616979 -0.00265009 -0.00277151 -0.00934519 -0.0200171 0.00227616 0.00166117 -0.00192468 0.00305118 0.0118928 -0.012006 0.0181974 -0.0164337
internal_weight=247.702 67.2876 37.7715 180.414 75.8637 40.6604 35.2033 104.551 75.6031 55.4944 28.9477 25.9 29.516 20.1087
internal_count=3333 883 531 2450 940 538 402 1510 1105 803 405 343 352 302
is_linear=0
shrinkage=0.05


Tree=343
num_leaves=1
num_cat=0
split_feature=
split_gain=
threshold=
decision_type=
left_child=
right_child=
leaf_value=0
leaf_weight=
leaf_count=3333
internal_value=
internal_weight=
internal_count=
is_linear=0
shrinkage=1


Tree=344
num_leaves=12
num_cat=0
split_feature=119 11 110 217 33 33 393 3 229 268 179
split_gain=1.54175 3.43437 1.66929 2.67109 2.24013 2.77853 1.91724 1.67769 1.58481 1.15913 0.631069
threshold=-0.17455771583318427 -0.0015800327109037891 50.500000000000007 7.1758083414578087 0.015305307626620258 0.033396070905201879 -0.08360575721038549 1.0000000180025095e-35 -4.1508790875551504 -0.59333252953956395 -0.043348893625053113
decision_type=2 2 2 2 2 2 2 2 2 2 2
left_child=8 9 3 10 7 -6 -5 -4 -1 -2 -3
right_child=1 2 4 6 5 -7 -8 -9 -10 -11 -12
leaf_value=0.019329233569098728 -0.00024319194829499605 0.024583501580535863 0.016055765835658459 -0.011431778964005357 -0.017889177807248378 0.0053142701166201626 0.0057530436107461691 -0.0020536836803287726 -0.00032271899707619553 -0.0279491347661192 0.0017841797923503289
leaf_weight=14.908448022790255 10.008393057156356 14.244199302978815 13.463997768238185 22.905504398513585 40.197571094380692 12.668618108145891 39.530744157964364 42.859131279867142 13.09554851008579 13.324570579919962 10.702247221022843
leaf_count=197 108 208 176 339 520 123 625 511 128 260 138
internal_value=-0.000760808 -0.00238602 0 0.00494459 -0.00418346 -0.011447 -2.23848e-05 0.00202555 0.00938467 -0.0193454 0.017833
internal_weight=247.909 219.905 196.572 87.3827 109.189 52.8662 62.4362 56.3231 28.004 23.333 24.9464
internal_count=3333 3008 2640 1310 1330 643 964 687 325 368 346
is_linear=0
shrinkage=0.05


Tree=345
num_leaves=15
num_cat=0
split_feature=284 210 30 83 264 111 258 69 105 365 26 221 62 113
split_gain=1.59258 2.31928 1.54351 2.3786 1.79164 1.89272 1.77359 1.36355 1.69431 1.17147 1.16737 1.13143 1.10376 0.777416
threshold=-0.38220169564211975 0.48417764376044614 0.019747592187576084 -0.18653670501501921 63.500000000000007 46.500000000000007 1.3676470588235297 -0.003984218645615544 0.14464902652736347 0.18416550881576779 0.044282476184840498 9.5170463394025369 0.2382865236491914 9.5000000000000018
decision_type=2 2 2 2 2 2 2 2 2 2 2 2 2 2
left_child=1 12 3 10 6 -6 -5 11 9 -9 -2 -3 -1 -13
right_child=2 7 -4 4 5 -7 -8 8 -10 -11 -12 13 -14 -15
leaf_value=0 0 0.018790575077168459 0.0174116826136014 0.020038122503581533 0.0070433349614016944 -0.012693701939798869 0 0 0.006596744131066758 -0.016844336125491129 -0.021097152288198546 0.0097939183081215148 -0.022109774805324924 -0.0059711495198079782
leaf_weight=10.127583377994599 16.251704546622936 10.377099163364617 14.892806991934775 25.63722678925842 24.06124898372218 18.140459564514458 13.676022179890422 16.149871040135622 14.980640397407113 24.829655293840915 11.253693499136714 10.409052345901729 19.288931564427912 15.436133296228943
leaf_count=223 208 93 401 378 245 159 171 227 172 270 103 97 367 219
internal_value=-0.000130734 -0.00433194 0.00360298 0.000854505 0.00554923 -0.000613898 0.0129213 0 -0.00506768 -0.0106278 -0.0105972 0.00695027 -0.0158428 0
internal_weight=245.512 121.599 123.913 109.02 81.515 42.2017 39.3132 92.1825 55.9602 40.9795 27.5054 36.2223 29.4165 25.8452
internal_count=3333 1668 1665 1264 953 404 549 1078 669 497 311 409 590 316
is_linear=0
shrinkage=0.05


Tree=346
num_leaves=1
num_cat=0
split_feature=
split_gain=
threshold=
decision_type=
left_child=
right_child=
leaf_value=0
leaf_weight=
leaf_count=3333
internal_value=
internal_weight=
internal_count=
is_linear=0
shrinkage=1


Tree=347
num_leaves=8
num_cat=0
split_feature=126 272 399 386 86 126 120
split_gain=1.58627 1.93605 2.07389 3.50715 2.11054 2.1181 1.72114
threshold=-0.012026496457366196 -1.8315200688089672 0.034462287006401075 -0.051543933113214528 -7474.0543014248688 -0.010205124854833212 0.012033937964508913
decision_type=2 2 2 2 2 2 2
left_child=-1 -2 4 -4 5 -3 -6
right_child=1 2 3 -5 6 -7 -8
leaf_value=-0.014584448744444541 0.015472351434072343 0.0097028268285552603 0.0044994991835900907 -0.027266042872772719 0.011649162331352316 -0.0065443027046433637 -0.0051334110722447493
leaf_weight=16.237334186211228 16.452177056111395 20.439296718221158 10.753735535312446 15.515880146529524 56.636691134888679 95.801404473371804 13.888854117132722
leaf_count=164 550 206 100 186 667 1301 159
internal_value=-0.00073858 0.000201568 -0.000944791 -0.0134259 0.000731749 -0.00309591 0.00758947
internal_weight=245.725 229.488 213.036 26.2696 186.766 116.241 70.5255
internal_count=3333 3169 2619 286 2333 1507 826
is_linear=0
shrinkage=0.05


Tree=348
num_leaves=12
num_cat=0
split_feature=287 73 111 105 377 125 372 191 112 16 35
split_gain=1.56211 1.7919 3.00648 2.37053 2.23114 2.17449 2.09264 1.44003 1.04184 0.92029 0.730255
threshold=1.0000000180025095e-35 1.1610093869653542 43.500000000000007 -0.17211967015600246 0.047527999140522199 -0.10741767940028445 -0.0053419143740218158 0.9304902853898519 33.500000000000007 0.0026726499978852549 0.55215303549231154
decision_type=2 2 2 2 2 2 2 2 2 2 2
left_child=1 3 9 7 10 8 -7 -1 -5 -3 -4
right_child=-2 2 4 5 -6 6 -8 -9 -10 -11 -12
leaf_value=-0.00050939409743053882 0.016445904337812529 0.024074620611173794 0 -0.0011424240858664695 0.011540098683055972 0.0038304885157568478 -0.008815015806818283 0.019577949792798782 -0.026630171566651258 0.00052603905157006838 -0.020450263365496144
leaf_weight=10.870276474393906 10.040409171953796 16.634688841644678 13.412900004535915 11.03860117448494 11.190636967308818 51.218257585540414 68.843492165440693 12.101009701844303 16.081524168606848 11.317086607217787 11.080969552043824
leaf_count=138 549 178 166 136 149 574 836 136 209 122 140
internal_value=-0.000149916 -0.00127314 0.00539878 -0.00410746 -0.00311427 -0.00665727 -0.00305228 0.00918635 -0.0190631 0.0171308 -0.0121567
internal_weight=243.83 233.789 63.6363 170.153 35.6845 147.182 120.062 22.9713 27.1201 27.9518 24.4939
internal_count=3333 2784 755 2029 455 1755 1410 274 345 300 306
is_linear=0
shrinkage=0.05


Tree=349
num_leaves=1
num_cat=0
split_feature=
split_gain=
threshold=
decision_type=
left_child=
right_child=
leaf_value=0
leaf_weight=
leaf_count=3333
internal_value=
internal_weight=
internal_count=
is_linear=0
shrinkage=1


Tree=350
num_leaves=13
num_cat=0
split_feature=242 124 217 284 167 224 301 74 103 111 62 103
split_gain=1.57807 2.09324 3.5371 1.96588 1.46258 2.35615 1.86143 1.78203 1.35998 2.22051 1.96712 1.51075
threshold=0.36764705882352949 -8.4999999999999982 9.1127352286743584 -0.27940680602473211 -0.30275789033226269 0.92263549145855239 -0.30831810762228756 -0.26908247648850153 0.17221482578810879 45.500000000000007 0.39021707006578937 0.12440453139415968
decision_type=2 2 2 2 2 2 2 2 2 2 2 2
left_child=1 -1 -3 4 5 6 -2 -6 11 -10 -11 -5
right_child=3 2 -4 8 7 -7 -8 -9 9 10 -12 -13
leaf_value=0.0020028358602604919 0.016266676044348758 -0.029364026859589928 0.0022774772035706148 -0.0078868958374746206 0 -0.016004316970807536 0 0.023088244753482142 -0.021131711048461909 -0.012655278546312338 0.013842879828229347 0.011294757341770991
leaf_weight=18.007389159873128 22.087027340661734 17.634912900161002 10.066805716138331 14.738614836242048 14.156132579315452 12.654388807713984 55.010698329657316 18.138452431187034 21.035031812964007 10.846204654313626 11.091225524665786 18.582951827673241
leaf_count=196 508 203 142 195 191 131 432 332 406 240 104 253
internal_value=-0.000727588 -0.00891189 -0.017138 0.0010149 0.00510637 0.0010583 0.00497764 0.0138938 -0.00484518 -0.0106165 0 0.00148318
internal_weight=244.05 45.7091 27.7017 198.341 122.047 89.7521 77.0977 32.2946 76.294 42.9725 21.9374 33.3216
internal_count=3333 541 345 2792 1594 1071 940 523 1198 750 344 448
is_linear=0
shrinkage=0.05


Tree=351
num_leaves=13
num_cat=0
split_feature=126 301 104 104 217 356 78 64 246 78 334 71
split_gain=1.55209 2.54014 2.04455 3.59824 1.96372 1.78531 1.64497 1.62903 1.51784 1.1746 1.11084 0.627339
threshold=-0.0063472843331680009 -0.31531264240216872 -0.12845746299520736 0.033364123344000442 9.3361344170522074 0.11458333333333336 0.95465351239537755 0.3464406901116705 0.30898876404494385 0.48101970566441959 -0.059943311756435226 0.99824689301496028
decision_type=2 2 2 2 2 2 2 2 2 2 2 2
left_child=2 7 -1 -4 6 -6 10 11 -8 -7 -3 -2
right_child=1 4 3 -5 5 9 8 -9 -10 -11 -12 -13
leaf_value=0.0075137398375022188 -0.0065998792742027815 0.00086004878940330052 -0.023476076977381546 0.001983905607381552 -9.4527931688350472e-07 0 -0.0040700907289785964 -0.017782700762439804 0.01202993829004822 0.023276368620994886 -0.013325214782978739 0.0079053355433518109
leaf_weight=11.9403367661871 11.018509626388552 16.369021375663579 26.754491486120969 19.072008638409898 12.28423884580843 10.512757890392093 15.347777076996861 19.158368536271155 36.948943232418969 27.236114889383316 22.865520265419036 12.324954525101928
leaf_count=145 275 201 330 229 145 151 190 436 428 409 262 132
internal_value=-0.000162596 0.00188523 -0.00728147 -0.0123853 0.005313 0.0130139 0.00029515 -0.0080306 0.0064363 0.0181645 -0.00658242 0
internal_weight=241.833 184.066 57.7668 45.8265 141.564 50.0331 91.5313 42.5018 52.2967 37.7489 39.2345 23.3435
internal_count=3333 2629 704 559 1786 705 1081 843 618 560 463 407
is_linear=0
shrinkage=0.05


Tree=352
num_leaves=1
num_cat=0
split_feature=
split_gain=
threshold=
decision_type=
left_child=
right_child=
leaf_value=0
leaf_weight=
leaf_count=3333
internal_value=
internal_weight=
internal_count=
is_linear=0
shrinkage=1


Tree=353
num_leaves=8
num_cat=0
split_feature=126 286 126 381 66 68 355
split_gain=1.50159 1.81062 1.6993 2.0249 3.51721 2.66626 1.35305
threshold=-0.012026496457366196 -0.92818965654079866 -0.010274183749938546 29.362483207386692 0.39945098950463204 0.57787335946471741 0.078226459941814527
decision_type=2 2 2 2 2 2 2
left_child=-1 -2 6 5 -5 -4 -3
right_child=1 2 3 4 -6 -7 -8
leaf_value=-0.014266242301264474 0.01679940267668778 0.021807218076950588 0.0093434943986683994 -0.00038739978823952104 -0.019878399973349156 -0.0095890274785920774 0
leaf_weight=16.036265128292143 12.605389305856077 10.661959501914682 55.797529066679999 80.205797660863027 33.195840119151399 22.418476561782882 11.127416719216852
leaf_count=164 466 138 705 964 437 358 101
internal_value=-0.000725049 0.000191709 -0.000777504 -0.00254917 -0.00688778 0.00314761 0.0112087
internal_weight=242.049 226.012 213.407 191.618 113.402 78.216 21.7894
internal_count=3333 3169 2703 2464 1401 1063 239
is_linear=0
shrinkage=0.05


Tree=354
num_leaves=11
num_cat=0
split_feature=268 125 118 78 163 357 163 216 153 86
split_gain=1.4852 1.84604 1.6614 1.67179 1.47963 1.83262 1.65995 1.42755 1.34088 0.0335978
threshold=-0.33720536712349941 -0.1308499349912445 1.0000000180025095e-35 0.95465351239537755 -0.0024529140963966 0.76041666666666685 -0.00013879443007497913 3.9251854480173618 0.012214207637809104 -5897.334187174868
decision_type=2 2 2 2 2 2 2 2 2 2
left_child=1 -1 9 -4 5 7 -6 -3 -8 -2
right_child=2 4 3 -5 6 -7 8 -9 -10 -11
leaf_value=-0.016630016761125254 0.022307457459685483 0.025088097051325954 -0.0097442098999430873 0.012457415863910181 -0.020079705164648576 -0.0031194485172148689 0.0022740602073685673 0 -0.0085289599102823226 0.0041277467759785772
leaf_weight=17.627015614882112 10.273288093507292 13.198023093398662 18.103678927058358 11.01976281730458 10.689049623440949 17.462913698982447 79.75413690530695 12.402274477295576 38.778342261910439 10.750458984635769
leaf_count=171 367 135 323 216 181 191 1012 133 391 213
internal_value=-0.000175568 -0.00240803 0.00699685 0 -0.000407958 0.00697957 -0.00335051 0.0152213 -0.000972069 0.0167689
internal_weight=240.059 189.912 50.1472 29.1234 172.285 43.0632 129.222 25.6003 118.532 21.0237
internal_count=3333 2214 1119 539 2043 459 1584 268 1403 580
is_linear=0
shrinkage=0.05


Tree=355
num_leaves=1
num_cat=0
split_feature=
split_gain=
threshold=
decision_type=
left_child=
right_child=
leaf_value=0
leaf_weight=
leaf_count=3333
internal_value=
internal_weight=
internal_count=
is_linear=0
shrinkage=1


Tree=356
num_leaves=13
num_cat=0
split_feature=119 372 137 356 211 393 167 354 19 117 28 165
split_gain=1.5313 2.59231 2.55233 2.81385 1.93486 2.57344 2.38523 2.67678 1.51696 1.49526 0.973642 0.508431
threshold=-0.17455771583318427 -0.012699267579872052 -0.1180399137452689 0.23958333333333334 3.6531874031814904 0.022037953005390333 -0.52996209332036182 0.025315697071403773 0.3483656932814379 -0.47800833623927907 0.061941088521702582 -0.001790622167515947
decision_type=2 2 2 2 2 2 2 2 2 2 2 2
left_child=8 2 -2 -4 6 11 9 -8 -1 -3 -5 -6
right_child=1 4 3 10 5 -7 7 -9 -10 -11 -12 -13
leaf_value=-0.00018769380331802948 0.0071581910056890729 0 0.0004773869281367788 -0.025080402497988836 0.0044913297840992739 -0.00473871792378526 -0.0054071743645903734 0.012652797793324325 0.019146386566394925 -0.021757249881438026 -0.0020861465045266792 0.027028649973383997
leaf_weight=12.519396937452258 12.385427476372568 11.451085334643723 16.932655926793814 32.664247351000085 12.297053952934219 11.65946240769699 39.475792015902698 33.91466213343665 14.803021863568572 17.277419389691204 11.736994049279017 13.16114082047716
leaf_count=177 197 190 263 459 149 162 436 516 148 213 222 201
internal_value=-0.000720944 -0.00237706 -0.00984849 -0.0142336 0.00135147 0.0108693 -0.00184383 0.00245318 0.0094963 -0.013591 -0.0205737 0.0195205
internal_weight=240.278 212.956 73.7193 61.3339 139.237 37.1177 102.119 73.3905 27.3224 28.7285 44.4012 25.4582
internal_count=3333 3008 1141 944 1867 512 1355 952 325 403 681 350
is_linear=0
shrinkage=0.05


Tree=357
num_leaves=15
num_cat=0
split_feature=284 69 74 163 87 120 104 167 244 78 229 213 354 5
split_gain=1.47752 2.12337 2.25978 2.21366 1.48417 2.3137 1.98575 1.61606 1.69347 1.21633 0.9771 0.869017 0.869014 0.645688
threshold=-0.38220169564211975 -0.0035056370207668382 -0.18273740897566002 -0.0046356322681968994 0.041163559178917127 -0.029586090440900877 0.0032420784113480284 -0.15243768686996709 0.31818181818181823 0.59625749050163979 -3.7881221190980869 4.2539926681749076 0.053461156249961957 -0.0022178447856325274
decision_type=2 2 2 2 2 2 2 2 2 2 2 2 2 2
left_child=1 9 12 -4 5 -2 -6 8 -7 -1 -11 -5 -3 -12
right_child=4 2 3 11 6 7 -8 -9 -10 10 13 -13 -14 -15
leaf_value=-0.008878255381838009 -0.0087166361554860319 0.011022924057663757 0 -0.0024242801970797354 -0.014452198138281093 0 0.008216138181276084 -0.00035248192066911151 0.018998146867519303 -0.00012312890194305143 0.022141709613702501 -0.026653422520284183 -0.0057209772036073553 0.0015137466265314221
leaf_weight=10.151755006518213 13.919213531538842 11.616537310648711 11.663654565811155 10.60039118863642 19.829611157998446 13.800828570500014 11.323341697920112 16.800250598229468 44.573889925377443 13.205406541004772 10.17261240351945 25.63635249203071 10.508358330931513 14.601687151938682
leaf_count=200 157 122 151 135 233 206 177 163 729 207 73 388 186 206
internal_value=-0.000193836 -0.00430148 -0.00986922 -0.0158061 0.00344317 0.00691267 -0.00475085 0.0106696 0.0145186 0.00292479 0.00771878 -0.0215672 0.00134671 0.0132608
internal_weight=238.404 118.157 70.0253 47.9004 120.247 89.0942 31.153 75.175 58.3747 48.1315 37.9797 36.2367 22.1249 24.7743
internal_count=3333 1668 982 674 1665 1255 410 1098 935 686 486 523 308 279
is_linear=0
shrinkage=0.05


Tree=358
num_leaves=1
num_cat=0
split_feature=
split_gain=
threshold=
decision_type=
left_child=
right_child=
leaf_value=0
leaf_weight=
leaf_count=3333
internal_value=
internal_weight=
internal_count=
is_linear=0
shrinkage=1


Tree=359
num_leaves=13
num_cat=0
split_feature=242 124 191 284 372 105 167 103 111 62 72 126
split_gain=1.45971 1.97463 2.92793 1.88724 1.37259 1.38002 1.66197 1.27452 2.05272 1.79973 1.4576 0.5127
threshold=0.36764705882352949 -8.4999999999999982 0.90781921628119155 -0.27940680602473211 0.045960563931771399 -0.16767260772330897 -0.30275789033226269 0.17221482578810879 45.500000000000007 0.39021707006578937 0.0045231407884440992 -0.0023612734093820249
decision_type=2 2 2 2 2 2 2 2 2 2 2 2
left_child=1 -1 -3 4 5 -2 -7 10 -9 -10 -5 -12
right_child=3 2 -4 7 -6 6 -8 8 9 -11 11 -13
leaf_value=0.0019414802490074776 -0.003956328210916891 -0.02818248895436103 0.0003495567170833706 -0.0094956162501745461 -0.0059007911738267159 0.0044956886487218031 0.021552424613969917 -0.020773288081266633 -0.012384179328788042 0.013204026755811364 0.01637174162187115 0
leaf_weight=17.743143839761615 14.632989053614436 16.84176758793183 10.314780259504913 11.880181826651095 16.987587166484445 65.232691815588623 22.383916164282709 20.3118154136464 10.588332335930319 10.853573355590923 10.593100047204642 10.260530701838436
leaf_count=196 154 202 143 182 237 805 398 406 240 104 90 176
internal_value=-0.000710603 -0.00864857 -0.0167306 0.000978854 0.00504047 0.00744968 0.00997431 -0.00482102 -0.0104934 0 0.00128875 0.0099502
internal_weight=238.624 44.8997 27.1565 193.725 119.237 102.25 87.6166 74.4875 41.7537 21.4419 32.7338 20.8536
internal_count=3333 541 345 2792 1594 1357 1203 1198 750 344 448 266
is_linear=0
shrinkage=0.05


Tree=360
num_leaves=16
num_cat=0
split_feature=73 111 349 386 260 74 377 386 26 231 272 167 30 73 16
split_gain=1.48547 2.92927 2.25996 3.16766 3.07426 2.31561 2.10945 1.81278 1.47002 1.39549 1.33864 0.909069 0.850956 0.682577 0.615077
threshold=1.1610093869653542 43.500000000000007 -3.4999999999999996 0.018975813916134902 0.4272727272727273 -0.018044063779980926 0.047527999140522199 0.0078286662573618954 -0.045917311946009669 51.500000000000007 -1.3624260096583634 -0.45172696812930135 0.017151516755780871 0.96831080176202888 0.0026726499978852549
decision_type=2 2 2 2 2 2 2 2 2 2 2 2 2 2 2
left_child=2 14 3 5 9 12 11 10 -9 -4 -6 -3 -1 -5 -2
right_child=1 6 4 13 7 -7 -8 8 -10 -11 -12 -13 -14 -15 -16
leaf_value=0 0.023632851400455002 0 0 -0.027648788781993207 -0.017322705261147955 -0.0151785299782774 0.011689387308201371 0.014201345857696968 -0.004065589598266149 0.019020648171904606 0 -0.020427978199958018 0.016410236437676581 -0.0033389110953292687 0.0020590728376027058
leaf_weight=10.517270672600718 16.471837538527328 13.68089808244258 10.546881814487277 18.410031384089965 26.622561503667384 12.680900211911647 11.307263133348895 14.770965176168827 20.517053081886843 24.740382310468704 10.309825407806782 10.970078725833448 12.981379613280295 10.443050943315027 11.572380267083643
leaf_count=231 202 186 225 202 380 167 188 196 240 316 153 157 179 161 150
internal_value=-0.000225086 0.00587748 -0.00283538 -0.0100645 0.00123965 0 -0.00247381 -0.00417025 0.00278836 0.0130769 -0.0117811 -0.011342 0.00906255 -0.021563 0.0174004
internal_weight=236.543 64.0025 172.54 65.0326 107.508 36.1796 35.9582 72.2204 35.288 35.2873 36.9324 24.651 23.4987 28.8531 28.0442
internal_count=3333 883 2450 940 1510 577 531 969 436 541 533 343 410 363 352
is_linear=0
shrinkage=0.05


Tree=361
num_leaves=1
num_cat=0
split_feature=
split_gain=
threshold=
decision_type=
left_child=
right_child=
leaf_value=0
leaf_weight=
leaf_count=3333
internal_value=
internal_weight=
internal_count=
is_linear=0
shrinkage=1


Tree=362
num_leaves=10
num_cat=0
split_feature=90 284 82 167 20 84 364 64 242
split_gain=1.44728 1.67095 1.61197 1.68637 1.91211 1.16375 1.61728 1.2077 0.841129
threshold=1.0000000180025095e-35 -0.51922683147682214 0.29652293672328539 -0.16066942355963182 0.11187147656232053 1.0000000180025095e-35 0.45489797265205389 0.41696849855535006 0.98529411764705899
decision_type=2 2 2 2 2 2 2 2 2
left_child=1 5 -3 4 -4 6 -1 -8 -5
right_child=-2 2 3 8 -6 -7 7 -9 -10
leaf_value=0.017140097864498809 -0.012773467647052545 0.012765959600253125 0.0052184012237039105 0.014654896895743098 -0.0099923238954087931 0.021337780171603479 -0.0091706812297536518 0.0063461986025046338 0
leaf_weight=11.872302599018438 19.716517002787441 11.772656084969638 19.433689503464848 11.453075686469676 95.158815827220678 10.011062891222535 23.39123731572181 18.545711530838162 15.409611597657202
leaf_count=221 220 155 323 121 1227 285 336 284 161
internal_value=-0.00068896 0.000340746 -0.00225483 -0.00409023 -0.00692023 0.00714225 0.00263373 -0.00123044 0.00579025
internal_weight=236.765 217.048 153.228 141.455 114.593 63.8203 53.8093 41.9369 26.8627
internal_count=3333 3113 1987 1832 1550 1126 841 620 282
is_linear=0
shrinkage=0.05


Tree=363
num_leaves=13
num_cat=0
split_feature=126 83 301 217 356 64 240 30 394 207 104 71
split_gain=1.43338 2.65476 2.32917 1.82904 1.64062 1.42853 1.40324 1.29472 1.75939 1.19577 1.03746 0.530719
threshold=-0.0063472843331680009 0.24296658301123794 -0.31531264240216872 9.3361344170522074 0.11458333333333336 0.3464406901116705 0.6428571428571429 0.016480708714621834 0.0040995319930504657 3.7729028461799676 -0.059740942930986592 0.99824689301496028
decision_type=2 2 2 2 2 2 2 2 2 2 2 2
left_child=1 6 5 7 -5 11 -1 8 -4 -9 -6 -2
right_child=2 -3 3 4 10 -7 -8 9 -10 -11 -12 -13
leaf_value=0 -0.0064075454762203407 0.0060602263920826027 -0.010405851930866711 0 0 -0.017205169417958147 -0.021093600577158707 0.012020846637258678 0.0093779007326514272 -0.0038832848920304186 0.022889066827210921 0.0071249227788384301
leaf_weight=12.908630136400459 10.769398212898524 18.156312485225499 37.323581759817898 12.022820210782809 11.345704015111549 18.431643144227564 24.970732376212254 30.682259383611381 10.533622966613619 10.407838382059706 25.329169886885211 12.000081551261244
leaf_count=149 275 200 400 145 159 436 355 429 145 107 401 132
internal_value=-0.000282509 -0.00721982 0.00169937 0.00504186 0.0125532 -0.00792036 -0.0147859 0.000110265 -0.00477188 0.00686827 0.0175703 0
internal_weight=234.882 56.0357 178.846 137.645 48.6977 41.2011 37.8794 88.9473 47.8572 41.0901 36.6749 22.7695
internal_count=3333 704 2629 1786 705 843 504 1081 545 536 560 407
is_linear=0
shrinkage=0.05


Tree=364
num_leaves=1
num_cat=0
split_feature=
split_gain=
threshold=
decision_type=
left_child=
right_child=
leaf_value=0
leaf_weight=
leaf_count=3333
internal_value=
internal_weight=
internal_count=
is_linear=0
shrinkage=1


Tree=365
num_leaves=15
num_cat=0
split_feature=165 386 210 83 386 167 8 266 223 69 231 77 297 105
split_gain=1.45132 2.17649 2.1851 1.97544 1.87239 1.85372 2.62877 1.49559 1.40185 1.24848 1.24967 1.24691 0.967285 0.845571
threshold=-0.001104047350781341 0.18889106210317999 0.58949216079117983 -0.021581605036874424 0.34612785894759418 -0.15243768686996709 -0.0040084661703115683 -0.0486600647145762 2.6305828530688982 -0.0050130061517627547 76.500000000000014 0.45282096702903418 -0.37877222639632901 0.063563846320098885
decision_type=2 2 2 2 2 2 2 2 2 2 2 2 2 2
left_child=1 2 -1 4 11 6 -5 -8 -7 -4 -11 12 -2 -3
right_child=3 13 9 5 -6 8 7 -9 -10 10 -12 -13 -14 -15
leaf_value=-0.030609248980471789 0.018789790615156919 0.014445088590974847 -0.015176633201905291 0.0062883600835367624 -0.0074058436181685117 0.01632865282039361 0 -0.019045819556212557 -0.0029172897226357243 0.01028200426546871 -0.0090486401761517947 0 0 -0.0012802471150522941
leaf_weight=10.416199124185367 37.247660587541759 10.040761034935715 14.541172963101415 17.814699580427259 10.636138554895295 15.166503052227201 13.139276168774812 33.85068357270211 10.938424013089387 15.647849421482535 11.155139283742754 13.978067756630479 10.192066981922833 10.345775500405578
leaf_count=161 554 128 169 274 191 205 216 423 124 181 173 206 167 161
internal_value=-0.000639704 -0.0065463 -0.0121114 0.00174505 0.00794794 -0.00273572 -0.00756412 -0.0138782 0.00707688 -0.00456798 0.000458092 0.0116041 0.0152897 0.00518628
internal_weight=235.11 72.1469 51.7604 162.964 72.0539 90.9096 64.8047 46.99 26.1049 41.3442 26.803 61.4178 47.4397 20.3865
internal_count=3333 973 684 2360 1118 1242 913 639 329 523 354 927 721 289
is_linear=0
shrinkage=0.05


Tree=366
num_leaves=12
num_cat=0
split_feature=167 8 10 354 120 73 120 49 386 386 207
split_gain=1.44471 2.40276 2.78726 2.30645 2.30008 2.07964 1.76354 1.47787 0.983217 0.717263 0.502172
threshold=-0.76654710242652035 -0.0021738635294228513 -0.0062070337357999642 0.23880902506535642 0.012033937964508913 0.64930774632105515 -0.020349039981253366 0.18902734548926384 0.18889106210317999 0.084641579176401929 3.5055484704002424
decision_type=2 2 2 2 2 2 2 2 2 2 2
left_child=7 3 -3 6 5 -4 -2 8 10 -8 -1
right_child=1 2 4 -5 -6 -7 9 -9 -10 -11 -12
leaf_value=0 0 0.021315312859904709 0.011321830224073442 0.0056366819303649606 0.016492178107185642 -0.0073858260504823109 -0.027057948980946791 0.016321829703714402 -0.011277163382177552 -0.0031815049512667402 0.011605561552741485
leaf_weight=10.089177990332248 10.302159390877931 12.036679400131105 13.128377022221683 10.221573282266034 11.766783920116721 90.315604583825916 22.371997870970517 19.816118447575718 10.235254146624355 10.552018658258019 12.07388226315379
leaf_count=179 207 191 176 143 185 1163 316 341 119 181 132
internal_value=-0.000278649 -0.00260494 0.000824875 -0.0112662 -0.00137952 -0.00428967 -0.0164513 0.00657037 0 -0.0217022 0.00554918
internal_weight=232.91 180.695 127.247 53.4477 115.211 103.444 43.2262 52.2144 32.3983 32.924 22.1631
internal_count=3333 2562 1715 847 1524 1339 704 771 430 497 311
is_linear=0
shrinkage=0.05


Tree=367
num_leaves=1
num_cat=0
split_feature=
split_gain=
threshold=
decision_type=
left_child=
right_child=
leaf_value=0
leaf_weight=
leaf_count=3333
internal_value=
internal_weight=
internal_count=
is_linear=0
shrinkage=1


Tree=368
num_leaves=11
num_cat=0
split_feature=119 162 397 364 104 103 222 17 378 229
split_gain=1.4255 3.2755 2.17261 3.58063 2.93599 3.00923 1.84968 1.61084 1.55693 1.39907
threshold=-0.17455771583318427 1.4960067736655149 -0.0034666264531106948 0.43810807156015175 0.048151706079414561 0.12440453139415968 0.25624039054249365 -0.00064541377342227345 0.37500000000000006 -4.1508790875551504
decision_type=2 2 2 2 2 2 2 2 2 2
left_child=9 2 3 -2 5 -4 -3 -5 -6 -1
right_child=1 6 4 7 8 -7 -8 -9 -10 -11
leaf_value=0.01881658622134608 0.0074649256278527358 0 -0.0054525065769535719 -0.00084829764947400368 0.001099207778175853 0.013807225694542086 -0.023593469686531605 -0.030686048606848405 -0.015451125524745127 0
leaf_weight=14.131020539440216 14.139876917935906 10.001130706630649 21.78740017535165 11.511510671814902 22.210587150650099 70.43224521772936 21.972448248183355 13.71297926688567 20.896630140487105 12.3401648895815
leaf_count=197 170 143 232 130 325 1106 384 212 306 128
internal_value=-0.000654276 -0.00228742 0.000225146 -0.00937622 0.00352227 0.00870348 -0.0162865 -0.0203782 -0.00632261 0.0093343
internal_weight=233.136 206.665 174.691 39.3644 135.327 92.2196 31.9736 25.2245 43.1072 26.4712
internal_count=3333 3008 2481 512 1969 1338 527 342 631 325
is_linear=0
shrinkage=0.05


Tree=369
num_leaves=14
num_cat=0
split_feature=73 111 105 349 397 130 260 365 41 299 231 372 162
split_gain=1.45315 2.73064 2.29531 2.22969 2.95772 3.14287 2.76871 1.87885 1.69677 2.02292 1.25382 1.215 0.096327
threshold=1.1610093869653542 35.500000000000007 0.065930203820929997 -3.4999999999999996 0.0093896212506001091 16.500000000000004 0.4272727272727273 0.20045328623105427 0.005474441057578547 -0.21178739566661089 51.500000000000007 -0.032286293586228525 0.52644990558228255
decision_type=2 2 2 2 2 2 2 2 2 2 2 2 2
left_child=3 -2 7 4 5 11 10 -3 9 -8 -5 -1 -12
right_child=1 2 -4 6 -6 -7 8 -9 -10 -11 12 -13 -14
leaf_value=-0.0031451380045304043 0.0207533395569252 -0.019203980385964835 0.013502688390445853 0 0.0074584176840434037 0.002878093954772305 -0.01510873492812969 0.0020549631095263458 0.0094266051648909163 0.0020163382345252299 0.0045995662744143101 -0.028578478550136746 0.02362636935120958
leaf_weight=12.278859949670727 18.0655831634067 16.458257939666513 14.496205033501608 10.334109431132672 13.092230268754063 11.793468830175696 36.044549663551152 13.49174900818616 12.997399711515753 21.684453339315951 10.940073516219856 26.301700680516664 13.175759930629281
leaf_count=263 222 243 216 225 238 128 477 202 183 309 147 311 169
internal_value=-0.000241498 0.00585606 -7.46164e-05 -0.00285587 -0.0101232 -0.0157919 0.00122637 -0.00879472 -0.00392452 -0.00807096 0.0126036 -0.0224973 0.0183027
internal_weight=231.154 62.5118 44.4462 168.643 63.4663 50.374 105.176 29.95 70.7264 57.729 34.4499 38.5806 24.1158
internal_count=3333 883 661 2450 940 702 1510 445 969 786 541 574 316
is_linear=0
shrinkage=0.05


Tree=370
num_leaves=1
num_cat=0
split_feature=
split_gain=
threshold=
decision_type=
left_child=
right_child=
leaf_value=0
leaf_weight=
leaf_count=3333
internal_value=
internal_weight=
internal_count=
is_linear=0
shrinkage=1


Tree=371
num_leaves=10
num_cat=0
split_feature=119 11 124 66 62 20 28 229 66
split_gain=1.3659 3.06795 1.44785 2.91561 3.08684 2.33029 1.6695 1.32505 0.881399
threshold=-0.17455771583318427 -0.0015800327109037891 -33.499999999999993 0.40124170280856769 0.50691204403634416 0.14595261733417006 0.039929952313171028 -4.1508790875551504 0.4663929246627378
decision_type=2 2 2 2 2 2 2 2 2
left_child=7 8 6 5 -5 -4 -3 -1 -2
right_child=1 2 3 4 -6 -7 -8 -9 -10
leaf_value=0.018379381243272829 -0.0013351244646864582 0 0.014660122798616386 -0.021008825552865762 0.0012670618316965674 -0.0011681342389147698 0.023346874133362391 0 -0.02753271125880424
leaf_weight=13.973910493310543 10.249806758482011 10.041201092302801 26.87328591523692 30.405137967318296 21.198337147478014 84.487405254039913 10.397368228528647 12.295672456268219 11.45574613381177
leaf_count=197 163 149 395 485 244 1215 152 128 205
internal_value=-0.000700043 -0.00230785 0 -0.00171961 -0.0113755 0.00249866 0.0115539 0.00909506 -0.0188499
internal_weight=231.378 205.108 183.403 162.964 51.6035 111.361 20.4386 26.2696 21.7056
internal_count=3333 3008 2640 2339 729 1610 301 325 368
is_linear=0
shrinkage=0.05


Tree=372
num_leaves=13
num_cat=0
split_feature=268 125 10 37 364 393 364 265 246 126 113 364
split_gain=1.41965 1.63156 1.57078 2.3949 1.73287 2.46773 1.94992 1.52133 1.47187 1.45393 0.783548 0.322314
threshold=-0.33720536712349941 -0.1308499349912445 0.0054907868631055646 0.021206542761017275 0.57414078787657186 -0.0064589699454131221 0.59774985483816423 0.17812293456708531 0.28651685393258436 0.001721188402613816 24.500000000000004 0.46738204846485026
decision_type=2 2 2 2 2 2 2 2 2 2 2 2
left_child=1 -1 3 9 5 -4 -6 10 -5 -3 -2 -12
right_child=7 2 4 8 6 -7 -8 -9 -10 -11 11 -13
leaf_value=-0.016146370081537121 0 -0.0096914891486926842 -0.020181894514750207 0 0.012983164352656909 0.0014022382972415856 -0.0098092900407804173 -0.0038749324789799141 0.017994574659340616 0.0076291414908384774 0.0027776977757364586 0.023670841846958501
leaf_weight=16.727193108294159 10.969672301318495 32.705336841056123 29.259224995505065 16.055843168403953 17.514283174648885 15.055471938103436 12.870463621336965 14.108747226186095 28.545110085047781 12.772680397145448 10.314961805706846 12.459928452037273
leaf_count=171 212 548 384 206 183 203 146 234 255 118 276 397
internal_value=-0.000207912 -0.00244746 -0.000494987 0.00356712 -0.00598552 -0.0121682 0.00181707 0.00694666 0.0117168 -0.00362444 0.0127789 0.0175727
internal_weight=229.359 181.506 164.778 90.079 74.6994 44.3147 30.3847 47.8533 44.601 45.478 33.7446 22.7749
internal_count=3333 2214 2043 1127 916 587 329 1119 461 666 885 673
is_linear=0
shrinkage=0.05


Tree=373
num_leaves=1
num_cat=0
split_feature=
split_gain=
threshold=
decision_type=
left_child=
right_child=
leaf_value=0
leaf_weight=
leaf_count=3333
internal_value=
internal_weight=
internal_count=
is_linear=0
shrinkage=1


Tree=374
num_leaves=12
num_cat=0
split_feature=165 208 104 270 213 399 372 260 87 124 103
split_gain=1.38798 2.40158 1.8689 2.51894 1.56752 1.69809 1.71578 1.36689 1.10005 1.49795 1.38585
threshold=-0.001104047350781341 1.5808449183699915 -0.21971262374062789 -1.0741341037753875 4.4729466053688691 -0.00062151115020571066 -0.012699267579872052 0.31818181818181823 0.041163559178917127 -10.499999999999998 0.16692873428245927
decision_type=2 2 2 2 2 2 2 2 2 2 2
left_child=1 4 -2 7 -1 6 -6 -4 9 -5 -10
right_child=2 -3 3 8 5 -7 -8 -9 10 -11 -12
leaf_value=-0.014734969613664045 -0.013028102143720405 -0.023918816035094409 0 0.0044175422677488353 0 -0.010583649985365186 0.020418290770783207 0.020943214278057412 0.017802032824640501 -0.0083676959610932983 -0.00070102552453767694
leaf_weight=13.345621210057287 15.053274198435245 12.973596350988371 10.088811554946004 31.558864849153906 18.595171948662021 10.838783409912137 14.744366499595349 23.771308650495484 14.229809427633883 51.515420953044668 12.875892541836945
leaf_count=191 229 196 217 362 266 132 188 626 134 638 154
internal_value=-0.000741437 -0.00657573 0.00160925 0.0037136 -0.000846452 0.00295944 0.00924851 0.0150286 0 -0.00294517 0.0081578
internal_weight=229.591 70.4975 159.093 144.04 57.5239 44.1783 33.3395 33.8601 110.18 83.0743 27.1057
internal_count=3333 973 2360 2131 777 586 454 843 1288 1000 288
is_linear=0
shrinkage=0.05


Tree=375
num_leaves=13
num_cat=0
split_feature=112 126 113 354 299 130 37 165 264 19 73 264
split_gain=1.47208 2.26828 3.75091 3.12884 2.01048 1.62346 1.54256 1.54453 1.53919 1.53005 0.809004 0.183442
threshold=111.50000000000001 -0.001557696012491727 66.500000000000014 0.016692406880820587 -0.40527703146850619 -6.4999999999999991 0.016083495864459885 0.0017263657055688838 66.500000000000014 0.33832028808620668 0.96256089671780387 39.500000000000007
decision_type=2 2 2 2 2 2 2 2 2 2 2 2
left_child=1 2 3 -1 10 -4 8 -8 -6 -2 -3 -5
right_child=9 4 5 11 6 -7 7 -9 -10 -11 -12 -13
leaf_value=0 0.019394100345748372 0 0.013905310265038563 -0.0081954442283241682 -0.012020846394570107 -0.0072492988479313757 0.014058105666978347 -0.00066103968015439449 0.0073775125612914414 -0.00013891859903004397 -0.016384277444089653 -0.03188936596319536
leaf_weight=19.366415354888886 14.974705042317511 10.050864064134659 17.367721727583561 10.683714454993607 18.371588537469506 10.532981972210107 50.294437079690397 17.134674737695605 14.238785846857352 11.97268989915028 13.85915672034025 18.724782506935298
leaf_count=202 181 251 248 185 199 148 767 216 217 125 323 271
internal_value=-0.000195361 -0.00192298 -0.00863764 -0.0168677 0.00194283 0.00437255 0.00539777 0.009739 -0.00223882 0.00990147 -0.00964482 -0.0263799
internal_weight=227.573 200.625 76.6756 48.7749 123.95 27.9007 100.039 67.4291 32.6104 26.9474 23.91 29.4085
internal_count=3333 3027 1054 658 1973 396 1399 983 416 306 574 456
is_linear=0
shrinkage=0.05


Tree=376
num_leaves=1
num_cat=0
split_feature=
split_gain=
threshold=
decision_type=
left_child=
right_child=
leaf_value=0
leaf_weight=
leaf_count=3333
internal_value=
internal_weight=
internal_count=
is_linear=0
shrinkage=1


Tree=377
num_leaves=15
num_cat=0
split_feature=165 208 54 221 264 394 36 354 73 390 163 211 191 71
split_gain=1.35097 2.266 1.80812 1.85935 1.68335 1.68052 2.17732 1.89669 1.37462 1.126 2.10112 1.11371 0.869996 0.393806
threshold=-0.001104047350781341 1.5808449183699915 0.0036106729185984014 15.194839714257194 64.500000000000014 -0.0045965642278783516 0.060110758941690996 0.083880398578552437 1.1507865173448406 1.0000000180025095e-35 0.0093896212506001091 1.2534718151539075 0.63461583299550572 0.89240908941877961
decision_type=2 2 2 2 2 2 2 2 2 2 2 2 2 2
left_child=1 8 5 4 11 6 -2 -7 9 10 -1 -4 -6 -5
right_child=2 -3 3 13 12 7 -8 -9 -10 -11 -12 -13 -14 -15
leaf_value=0.016814212249084564 -0.010996465356468926 -0.023470780142200914 0.00021847760492212985 -0.0011160896676623551 0 0.022300917261264902 0.01142632487378739 0 -0.01323577676697346 -0.0079630192103516302 -0.0064170511622643079 -0.01499837227085038 0.014224991448913935 -0.021888476317078038
leaf_weight=21.973382364958528 18.939717978704721 12.858343985630198 17.301332427188754 10.152872092090549 12.118195703718809 23.405817850492895 18.371619012672454 10.024046375649048 14.768378577893598 10.332076161168514 10.017898760270326 15.645698694977908 21.733924029394984 10.161474457476286
leaf_count=287 278 196 249 235 155 373 277 190 211 104 175 208 285 110
internal_value=-0.000764319 -0.00654116 0.00155898 -0.00283028 0.00068365 0.00753739 0 0.0151765 -0.000914779 0.00287286 0.00818407 -0.00626532 0.00876308 -0.0151308
internal_weight=227.805 69.9501 157.855 87.1135 66.7992 70.7412 37.3113 33.4299 57.0917 42.3234 31.9913 32.947 33.8521 20.3143
internal_count=3333 973 2360 1242 897 1118 555 563 777 566 462 457 440 345
is_linear=0
shrinkage=0.05


Tree=378
num_leaves=11
num_cat=0
split_feature=167 8 10 120 55 73 49 162 386 406
split_gain=1.41722 2.16883 2.44444 2.13667 1.95778 1.93988 1.35576 1.059 0.790261 0.391602
threshold=-0.76654710242652035 -0.0021738635294228513 -0.0062070337357999642 0.012033937964508913 -0.026029990665532129 0.64930774632105515 0.18902734548926384 1.1736885256911191 0.13331949002526869 -0.0051377848962041442
decision_type=2 2 2 2 2 2 2 2 2 2
left_child=6 4 -3 5 -2 -4 8 -6 9 -1
right_child=1 2 3 -5 7 -7 -8 -9 -10 -11
leaf_value=0 0 0.020291846225953505 0.011032797227587614 0.016029610653365011 -0.024186336539300347 -0.0072411371323640623 0.016148851554216966 -9.1401732193562821e-05 -0.0097702684280273049 0.011045322129650752
leaf_weight=10.321886467514561 19.453760558972135 11.508448394481091 12.696173415519295 11.472878216300158 21.0314932144247 87.881256366148591 19.170373884728178 11.030549634248016 10.32402361743152 10.793302714359017
leaf_count=126 337 191 176 185 348 1163 341 162 124 180
internal_value=-0.000202915 -0.00255244 0.000722881 -0.00132913 -0.0109328 -0.0041989 0.00668017 -0.0180399 0 0.00540218
internal_weight=225.684 175.075 123.559 112.05 51.5158 100.577 50.6096 32.062 31.4392 21.1152
internal_count=3333 2562 1715 1524 847 1339 771 510 430 306
is_linear=0
shrinkage=0.05


Tree=379
num_leaves=1
num_cat=0
split_feature=
split_gain=
threshold=
decision_type=
left_child=
right_child=
leaf_value=0
leaf_weight=
leaf_count=3333
internal_value=
internal_weight=
internal_count=
is_linear=0
shrinkage=1


Tree=380
num_leaves=11
num_cat=0
split_feature=85 103 30 103 16 394 19 86 163 10
split_gain=1.34173 2.4122 1.65581 1.4 2.52943 1.49783 1.83392 2.91356 2.03912 0.541437
threshold=1.0000000180025095e-35 0.19152096853598577 0.03314354554471214 0.11939743379049823 0.0011105085057132558 0.014960067736655149 0.35556847345899384 -7813.7963706848632 0.0013508337785832563 -0.014580997441877826
decision_type=2 2 2 2 2 2 2 2 2 2
left_child=3 9 -3 4 -1 6 7 -5 -8 -2
right_child=1 2 -4 5 -6 -7 8 -9 -10 -11
leaf_value=0.0054543299288115025 0.010608047376953091 -0.024334868535664831 0 -0.0090191225017654704 -0.019749974528798852 -0.011598054961376031 0 0.010465862918122544 0.019291065443783881 -0.0013575988643934394
leaf_weight=13.373225800227376 10.832490245113151 19.276338947471235 11.922891284339128 39.337905454449356 16.961013733875006 10.171158435754476 27.127977109048516 32.056887846905738 33.123857532162219 11.742252556607125
leaf_count=181 172 254 165 671 191 136 446 525 447 145
internal_value=-0.00076778 -0.0075682 -0.0162693 0.0011642 -0.00764753 0.00351363 0.00528492 0 0.0114866 0.0029999
internal_weight=225.926 53.774 31.1992 172.152 30.3342 141.818 131.647 71.3948 60.2518 22.5747
internal_count=3333 736 419 2597 372 2225 2089 1196 893 317
is_linear=0
shrinkage=0.05


Tree=381
num_leaves=15
num_cat=0
split_feature=274 69 74 163 30 11 265 105 30 36 364 73 78 3
split_gain=1.41927 1.68566 2.22813 3.01741 1.47927 1.24381 1.72623 1.37318 1.13556 1.13073 0.690838 0.449999 0.441411 0.401929
threshold=0.50869891355437125 -0.0029922593822280237 -0.19407887023075363 -0.0046356322681968994 0.017619865816918538 0.0013277901897578161 0.1725049570389954 -0.087951788533356209 0.014891321639965802 0.036003531384965974 0.52855799782684654 1.1696092283925918 0.96563477229351558 6.9209877715858972e-05
decision_type=2 2 2 2 2 2 2 2 2 2 2 2 2 2
left_child=1 8 10 -4 5 6 7 -2 13 -10 -3 -5 -6 -1
right_child=4 2 3 11 12 -7 -8 -9 9 -11 -12 -13 -14 -15
leaf_value=-0.010570407563845852 0.012162779729486482 -0.00350423966012359 0.0023070232833621441 -0.027800491830902958 0.00060746401964547334 0.013836490022640183 -0.014245574037381687 -0.0026496095082690404 0.020373625824938187 0 0.011234134567054438 -0.0057447108159468623 0.021481331837066089 0
leaf_weight=10.149973352905365 19.479674016358331 10.419971653725954 12.297524212393908 22.414913507876918 10.091057074954735 11.818900703452526 18.656988161848858 39.867311630398035 10.093032272066923 14.101034278515725 10.293451562058179 11.88892439054325 10.525606323732061 12.277571537997572
leaf_count=192 307 189 150 347 206 162 173 508 87 161 111 171 308 261
internal_value=-0.000184645 -0.00424883 -0.00930778 -0.0152574 0.00356894 6.85071e-05 -0.0018355 0.00176165 0.00216904 0.00979281 0.00220608 -0.0225735 0.0147565 -0.00427392
internal_weight=224.376 113.936 67.3148 46.6014 110.44 89.8229 78.004 59.347 46.6216 24.1941 20.7134 34.3038 20.6167 22.4275
internal_count=3333 1669 968 668 1664 1150 988 815 701 248 300 518 514 453
is_linear=0
shrinkage=0.05


Tree=382
num_leaves=1
num_cat=0
split_feature=
split_gain=
threshold=
decision_type=
left_child=
right_child=
leaf_value=0
leaf_weight=
leaf_count=3333
internal_value=
internal_weight=
internal_count=
is_linear=0
shrinkage=1


Tree=383
num_leaves=13
num_cat=0
split_feature=90 270 162 104 265 28 64 84 69 25 36 387
split_gain=1.31013 1.61853 1.60628 2.70576 1.73279 1.61249 1.59241 1.15458 1.56603 1.11508 0.790644 0.227615
threshold=1.0000000180025095e-35 -1.0840711216644139 1.1138878189696446 0.048151706079414561 0.074825174825174839 0.036965535893089936 0.51117818126843051 1.0000000180025095e-35 -0.0035056370207668382 0.028579284539804246 0.036003531384965974 -0.023661960964236683
decision_type=2 2 2 2 2 2 2 2 2 2 2 2
left_child=1 7 3 4 -3 11 -7 8 10 -10 -1 -4
right_child=-2 2 5 -5 -6 6 -8 -9 9 -11 -12 -13
leaf_value=-0.013844515586500381 -0.012539545853340687 -0.0010364667838906479 -0.005556737005767697 -0.012823655122404255 0.014874281381435756 0.0070473781517864627 -0.013150458622889364 0.019255486624990777 0 0.014834958279277825 0 -0.025728787462065229
leaf_weight=12.833474528510125 18.685524655971676 22.642250328790396 13.298675318248572 18.687019797973335 31.637147672474384 19.893410697113723 13.449497598223386 11.840540485456584 15.017950179520993 24.05593638587743 11.861755195073782 10.716723019722847
leaf_count=166 220 314 133 287 352 282 264 327 268 359 185 176
internal_value=-0.000792067 0.00019928 -0.00290976 0.00145483 0.00765765 -0.00908677 -0.000137026 0.00610078 0.00215396 0.00867548 -0.00618132 -0.0182667
internal_weight=224.62 205.934 130.325 72.9664 54.2794 57.3583 33.3429 75.6097 63.7691 39.0739 24.6952 24.0154
internal_count=3333 3113 1808 953 666 855 546 1305 978 627 351 309
is_linear=0
shrinkage=0.05


Tree=384
num_leaves=15
num_cat=0
split_feature=299 28 7 365 71 25 87 260 120 111 124 224 36 0
split_gain=1.3534 2.09994 2.80564 2.14828 1.44992 1.38079 1.77974 1.30336 1.05998 1.0924 0.854496 1.35239 0.501344 0.0735023
threshold=-0.22851282193342973 0.033217973051920001 -0.0018844998400671107 0.20674679345426689 0.89915044530014032 0.017669339119818384 0.035015944344991341 0.4272727272727273 -0.024588697915004728 17.500000000000004 -5.4999999999999991 -0.41772268017812153 0.012232991540988928 -0.0028375953643349438
decision_type=2 2 2 2 2 2 2 2 2 2 2 2 2 2
left_child=1 7 3 -3 -4 6 -2 -1 -7 -10 -9 -12 -11 -6
right_child=5 2 4 -5 13 8 -8 10 9 12 11 -13 -14 -15
leaf_value=0.01377421330521135 0.0041482902200653416 -0.011034712217725588 0 0.011905844546867276 -0.0058274184147409282 -0.00078206896858222573 -0.018151865224831684 0.0065079660686596904 0 0.00031438439354188405 0.0027155504114669241 -0.016506553984004062 0.019593436727720463 -0.026233189415236724
leaf_weight=17.126647025812417 18.573979529086504 14.847843524534253 12.619601150043307 19.654713093303144 10.01048382651061 12.449440678581594 10.397868248168377 14.05260084941983 10.045381738804279 10.153812231495975 10.340807499364018 14.375155959976837 26.819269762374461 21.266176620032638
leaf_count=244 352 232 248 206 114 181 109 131 155 146 148 197 585 285
internal_value=-0.000155347 -0.0034985 -0.0088202 0.000607363 -0.0168613 0.00432259 -0.00324352 0.00318583 0.00878784 0.0122163 -0.000948047 -0.00723685 0.0159707 -0.0222424
internal_weight=222.734 134.294 78.3988 34.5026 43.8963 88.4398 28.9718 55.8952 59.4679 47.0185 38.7686 24.716 36.9731 31.2767
internal_count=3333 1805 1085 438 647 1528 461 720 1067 886 476 345 731 399
is_linear=0
shrinkage=0.05


Tree=385
num_leaves=1
num_cat=0
split_feature=
split_gain=
threshold=
decision_type=
left_child=
right_child=
leaf_value=0
leaf_weight=
leaf_count=3333
internal_value=
internal_weight=
internal_count=
is_linear=0
shrinkage=1


Tree=386
num_leaves=13
num_cat=0
split_feature=242 85 284 393 167 224 301 74 103 111 21 72
split_gain=1.30978 1.76384 1.66445 1.46912 1.25226 1.85668 1.51314 1.37016 1.07977 1.73953 1.3498 1.10723
threshold=0.36764705882352949 1.0000000180025095e-35 -0.27940680602473211 -0.069343832224183513 -0.30275789033226269 0.92263549145855239 -0.30831810762228756 -0.36483353578209393 0.17221482578810879 45.500000000000007 0.12836953181217306 0.0045231407884440992
decision_type=2 2 2 2 2 2 2 2 2 2 2 2
left_child=1 3 4 -1 5 6 -2 -6 11 -10 -11 -4
right_child=2 -3 8 -5 7 -7 -8 -9 9 10 -12 -13
leaf_value=0.011593894100329336 0.015248029106749298 -0.019698827104226775 -0.0085692361815670522 -0.010151358931783427 0 -0.014710272367791592 0 0.020495335123633138 -0.019944292989659676 0.011639640159334441 -0.011023743588100427 0.0088003883385800088
leaf_weight=11.801813825033607 19.857516374904662 16.895348381949589 11.08596376841888 13.333471702411769 10.240644791629167 11.639558280818163 50.621503846719861 18.703378297388554 18.835267631337047 10.136001925915481 10.123584127519278 19.710759345907718
leaf_count=160 508 167 182 214 131 131 432 392 406 117 227 266
internal_value=-0.000830655 -0.00857441 0.0008067 0 0.00479123 0.000823755 0.0045655 0.0133478 -0.00477564 -0.01015 0 0.000862733
internal_weight=222.985 42.0306 180.954 25.1353 111.063 82.1186 70.479 28.944 69.8916 39.0949 20.2596 30.7967
internal_count=3333 541 2792 374 1594 1071 940 523 1198 750 344 448
is_linear=0
shrinkage=0.05


Tree=387
num_leaves=13
num_cat=0
split_feature=112 126 16 10 66 299 111 62 72 73 119 11
split_gain=1.40004 2.22576 3.2288 1.91984 2.30728 1.85164 1.97389 1.77757 1.6639 1.25874 0.878377 0.687908
threshold=111.50000000000001 -0.001557696012491727 0.00042088763759625595 0.0052691085831533709 0.363453966271511 -0.40527703146850619 56.500000000000007 0.31013880276348765 0.0057041990271668105 0.99759908081403414 -0.10948004161268468 -0.00046704469318448178
decision_type=2 2 2 2 2 2 2 2 2 2 2 2
left_child=1 2 10 -4 -5 11 8 -8 -7 -2 -1 -3
right_child=9 5 3 4 -6 6 7 -9 -10 -11 -12 -13
leaf_value=-0.0023051874758355348 0 0 0.015258418089656105 0.0039853456165367179 -0.018267299141751334 -3.2787453713081248e-05 0.0067235407826587296 -0.013070343592662591 0.015706762139924828 0.020287946546400013 -0.028383347611154082 -0.017232054518241693
leaf_weight=10.008233503904195 14.652246222365649 12.680263510905208 11.193571124225853 18.6298678801395 17.736731945537031 16.513111267704517 17.199004374910146 19.335791989695281 44.349146544234827 11.448093679267911 16.839205522555858 10.350790312513707
leaf_count=175 168 222 178 205 239 188 279 234 698 138 257 352
internal_value=-0.000171751 -0.00189 -0.00864411 0 -0.00616262 0.00198666 0.00534811 -0.00268441 0.0108525 0.00980913 -0.0215459 -0.00928602
internal_weight=220.936 194.836 74.4076 47.5602 36.3666 120.428 97.3971 36.5348 60.8623 26.1003 26.8474 23.0311
internal_count=3333 3027 1054 622 444 1973 1399 513 886 306 432 574
is_linear=0
shrinkage=0.05


Tree=388
num_leaves=1
num_cat=0
split_feature=
split_gain=
threshold=
decision_type=
left_child=
right_child=
leaf_value=0
leaf_weight=
leaf_count=3333
internal_value=
internal_weight=
internal_count=
is_linear=0
shrinkage=1


Tree=389
num_leaves=12
num_cat=0
split_feature=119 162 167 20 224 19 10 268 19 5 354
split_gain=1.28114 2.87201 2.02112 3.55593 2.34772 1.8281 1.6141 1.32931 1.21336 1.16102 0.976739
threshold=-0.17455771583318427 1.4960067736655149 -0.64606128601526802 0.14540498780616423 1.5537774469632268 0.25564901990972172 0.0069189960615227003 -0.55521794306898697 0.3483656932814379 -0.0047506512572664797 0.042875622875814499
decision_type=2 2 2 2 2 2 2 2 2 2 2
left_child=8 2 3 9 10 -3 -6 -5 -1 -2 -4
right_child=1 5 4 7 6 -7 -8 -9 -10 -11 -12
leaf_value=0 -0.0047595607164234305 0 0.0026492783224859734 -0.00018063727347256687 -0.016683999930897444 -0.024094092663836598 0.0017622141361742329 -0.026916883107337437 0.017852009160741169 0.011479053495547632 0.018885543102700294
leaf_weight=11.582298597786577 14.692823368590323 10.91500027338043 28.579462083056569 11.201819745823743 12.164847505744545 19.252608136972412 38.469667926430702 17.365960431052372 13.3825267823413 18.772734926315024 24.806059339549392
leaf_count=177 212 173 359 185 190 354 531 260 148 285 459
internal_value=-0.000825325 -0.00242126 0 -0.00668939 0.00447452 -0.0158647 -0.00242254 -0.0190306 0.00884465 0.00317341 0.0116838
internal_weight=221.186 196.221 166.053 62.0333 104.02 30.1676 50.6345 28.5678 24.9648 33.4656 53.3855
internal_count=3333 3008 2481 942 1539 527 721 445 325 497 818
is_linear=0
shrinkage=0.05


Tree=390
num_leaves=10
num_cat=0
split_feature=112 124 104 25 219 19 389 348 5
split_gain=1.33574 1.86642 1.88128 2.78146 1.63253 1.40707 1.22213 1.19134 0.201361
threshold=111.50000000000001 -36.499999999999993 -0.13930604382366199 0.017669339119818384 13.114077089545223 0.33832028808620668 -1.0000000180025095e-35 -0.011499629316045467 0.0012823808375348469
decision_type=2 2 2 2 2 2 2 2 2
left_child=1 -1 7 4 -4 -2 -5 -3 -9
right_child=5 2 3 6 -6 -7 -8 8 -10
leaf_value=-0.019702586090573185 0.018849838434943481 0 -0.01998692059614943 -0.002596666842536904 0 -4.0271211162017113e-05 0.0080213805860386306 0.0026883888942222391 0.022361168144075527
leaf_weight=10.791945870500056 14.350716226734223 13.925017531262709 27.900316609069705 72.166452617850155 10.275291531812398 11.522558187134562 37.480827062390745 10.145495136966931 10.475015514064578
leaf_count=205 181 278 441 1037 193 125 572 158 143
internal_value=-0.00019956 -0.0018902 -0.000264584 -0.00300851 -0.0141657 0.00957541 0.000706008 0.0094474 0.0163696
internal_weight=219.034 193.16 182.368 147.823 38.1756 25.8733 109.647 34.5455 20.6205
internal_count=3333 3027 2822 2243 634 306 1609 579 301
is_linear=0
shrinkage=0.05


Tree=391
num_leaves=1
num_cat=0
split_feature=
split_gain=
threshold=
decision_type=
left_child=
right_child=
leaf_value=0
leaf_weight=
leaf_count=3333
internal_value=
internal_weight=
internal_count=
is_linear=0
shrinkage=1


Tree=392
num_leaves=12
num_cat=0
split_feature=242 124 284 66 167 224 303 105 103 111 103
split_gain=1.29281 1.82838 1.56029 1.40748 1.15832 1.76159 1.38637 1.19538 1.00548 1.63127 1.03857
threshold=0.36764705882352949 -8.4999999999999982 -0.27940680602473211 0.40456666594763169 -0.30275789033226269 0.92263549145855239 -0.21735012550882096 -0.07915107722779037 0.17221482578810879 45.500000000000007 0.12440453139415968
decision_type=2 2 2 2 2 2 2 2 2 2 2
left_child=1 -1 4 -3 5 6 -2 -6 10 -10 -4
right_child=2 3 8 -5 7 -7 -8 -9 9 -11 -12
leaf_value=0.0019097161895269854 0.014868727455794484 -0.001253049986549721 -0.0070242775355635794 -0.02844789403898379 0 -0.014332627529810399 0 0.020690518788257811 -0.019468898329361099 0 0.0094958627129416752
leaf_weight=16.289880192372948 19.408478011144325 14.216558665502818 13.283414505654948 10.894369771238415 11.981943436432632 11.483234979212282 49.940923782996833 16.458526521921158 18.346197012811899 19.867050499888137 17.120720970444381
leaf_count=196 508 237 195 108 191 131 432 332 406 344 253
internal_value=-0.000808123 -0.00855842 0.000831232 -0.016607 0.00472375 0.000841427 0.00453524 0.0130345 -0.00460766 -0.00986753 0.000798835
internal_weight=219.291 41.4008 177.89 25.1109 109.273 80.8326 69.3494 28.4405 68.6174 38.2132 30.4041
internal_count=3333 541 2792 345 1594 1071 940 523 1198 750 448
is_linear=0
shrinkage=0.05


Tree=393
num_leaves=15
num_cat=0
split_feature=73 111 377 126 15 37 228 372 163 105 57 167 83 105
split_gain=1.33174 2.49613 1.81723 1.81136 3.26695 1.58825 2.37025 1.49741 1.39243 1.10522 0.811626 0.738471 0.430347 0.394331
threshold=1.1610093869653542 43.500000000000007 0.047527999140522199 -0.001557696012491727 0.00098435684812629969 0.016083495864459885 1.4656026316581456 -0.0053419143740218158 -0.0024529140963966 -0.07915107722779037 -0.6931919609219156 -0.45172696812930135 -0.14696013131055438 -0.040573223097779935
decision_type=2 2 2 2 2 2 2 2 2 2 2 2 2 2
left_child=3 13 11 4 10 8 12 -8 -5 -6 -1 -3 -7 -2
right_child=1 2 -4 5 9 6 7 -9 -10 -11 -12 -13 -14 -15
leaf_value=-0.0035911436840244874 0.0028003437545267799 0 0.011269653611816293 0.0020076273340751782 0.0096100242166590674 0.002526413907471982 0.0044871972826639479 -0.014620222310307979 -0.016504716123577425 -0.0063660054749732414 -0.027371850163388108 -0.019316008015997255 0.023203736964898185 0.022904079391478122
leaf_weight=12.23098593298346 11.653177361236887 12.655550588620825 10.395394778111948 12.214393346104773 17.050204960163683 11.213076462503524 26.720982607454062 11.840974204242228 15.804582227719946 19.488043554127216 17.866101338993758 10.002082842169331 14.29656806681305 14.194603038951753
leaf_count=157 179 186 188 159 208 221 391 185 283 284 291 157 271 173
internal_value=-0.000201003 0.00578588 -0.00212769 -0.00279793 -0.00899423 0.00130212 0.00601803 -0.000808779 -0.007409 0 -0.0204199 -0.0108222 0.0170908 0.0168075
internal_weight=217.627 58.9008 33.053 158.726 66.6353 92.0906 64.0716 38.562 28.019 36.5382 30.0971 22.6576 25.5096 25.8478
internal_count=3333 883 531 2450 940 1510 1068 576 442 492 448 343 492 352
is_linear=0
shrinkage=0.05


Tree=394
num_leaves=1
num_cat=0
split_feature=
split_gain=
threshold=
decision_type=
left_child=
right_child=
leaf_value=0
leaf_weight=
leaf_count=3333
internal_value=
internal_weight=
internal_count=
is_linear=0
shrinkage=1


Tree=395
num_leaves=16
num_cat=0
split_feature=165 208 54 394 364 66 113 113 397 354 73 392 397 71 394
split_gain=1.26226 2.09842 1.67704 1.49636 2.28505 1.46387 1.75063 1.72371 1.51403 1.45851 1.22719 0.770629 1.31143 0.348445 0.0719789
threshold=-0.001104047350781341 1.5808449183699915 0.0036106729185984014 -0.0045965642278783516 0.48334811388311993 0.363453966271511 68.500000000000014 84.500000000000014 0.0082697429784252142 0.079730189954949418 1.1507865173448406 1.0000000180025095e-35 0.0083357391592278601 0.93220835717515149 0.0085918739998299704
decision_type=2 2 2 2 2 2 2 2 2 2 2 2 2 2 2
left_child=1 10 3 4 13 7 8 14 -7 -5 11 -1 -13 -2 -4
right_child=2 -3 5 9 -6 6 -8 -9 -10 -11 -12 12 -14 -15 -16
leaf_value=-0.0056342430569879323 0.015953849434078571 -0.023081523740734508 -0.022681710829949506 0.021297634875352883 -0.013130836833033996 0.0168388308512251 -0.011292941056996825 0.00085053960353116741 -0.00097632816306105971 0 -0.012746177959599656 0.015942248113357253 -0.0014503111469927586 0 -0.0039986129920409697
leaf_weight=10.602825539652256 10.50547219021246 12.33388889976777 13.24644825095311 21.731823903508488 15.247760327067224 20.211203377693892 11.304986679460852 13.982193178031592 14.137829733546821 10.215064527234061 14.223055420676245 16.896127893589441 12.972102907486258 10.015428150538353 10.247164390981196
leaf_count=116 189 196 166 366 199 271 201 235 232 197 211 232 218 167 137
internal_value=-0.000815132 -0.00651275 0.00146923 0.00736027 0 -0.00283817 0.00231372 -0.010056 0.00867807 0.0147196 -0.000903823 0.00270025 0.00742433 0.0104456 -0.0177955
internal_weight=217.873 67.028 150.845 67.7155 35.7687 83.1298 45.654 37.4758 34.349 31.9469 54.6941 40.4711 29.8682 20.5209 23.4936
internal_count=3333 973 2360 1118 555 1242 704 538 503 563 777 566 450 356 303
is_linear=0
shrinkage=0.05


Tree=396
num_leaves=17
num_cat=0
split_feature=286 210 25 124 383 221 213 112 148 206 66 124 38 62 31 56
split_gain=1.30314 2.00061 1.02558 2.12701 1.93597 1.76002 1.36316 1.14944 0.830909 0.896903 0.802005 0.777372 1.22707 0.768466 0.717462 0.137472
threshold=-0.61833325818412943 0.48417764376044614 0.017534829009280672 -10.499999999999998 2.5000000000000004 9.5486823578606064 5.6863214508538205 93.500000000000014 -0.0090786888885176845 0.0085616429839793558 0.3088903976688368 3.5000000000000004 0.30348083453680641 0.29558425678636718 0.023618928213083531 0.27505923601481691
decision_type=2 2 2 2 2 2 2 2 2 2 2 2 2 2 2 2
left_child=1 13 4 6 10 -5 14 -7 9 15 -2 12 -10 -1 -4 -3
right_child=2 8 3 5 -6 7 -8 -9 11 -11 -12 -13 -14 -15 -16 -17
leaf_value=-0.00022308305479728258 0 -0.00071228216429607767 0 0 0.010168913116991165 0.027194443429297322 0.0095903314394685472 0.00060345405830438087 -0.0025497919639962678 0.0014407725556574015 -0.019697641570141942 -0.0037313365027054728 0.014019672607540898 -0.022602604008798304 -0.017493849515338389 -0.016680640750707208
leaf_weight=11.193708732491361 10.296561554074289 10.127852650359275 11.502570877783002 14.510010933037846 11.580873345490543 18.700876059941951 10.391410945449023 10.167549994774161 10.031389628071336 12.453027604846282 11.476991610601543 12.909331180853767 24.866439197212458 14.439372573746367 10.296587867662309 10.844558206852524
leaf_count=295 181 82 177 210 220 408 163 115 171 178 101 197 319 294 91 131
internal_value=-0.000178945 -0.00425316 0.00337843 0.0067328 -0.00277448 0.0137589 -0.00168017 0.0203364 0 -0.00598545 -0.0120748 0.00389882 0.00811263 -0.0156232 -0.00957913 -0.0121092
internal_weight=215.789 106.866 108.923 75.569 33.3544 43.3784 32.1906 28.8684 81.2326 33.4254 21.7736 47.8072 34.8978 25.6331 21.7992 20.9724
internal_count=3333 1667 1666 1164 502 733 431 523 1078 391 282 687 490 589 268 213
is_linear=0
shrinkage=0.05


Tree=397
num_leaves=1
num_cat=0
split_feature=
split_gain=
threshold=
decision_type=
left_child=
right_child=
leaf_value=0
leaf_weight=
leaf_count=3333
internal_value=
internal_weight=
internal_count=
is_linear=0
shrinkage=1


Tree=398
num_leaves=14
num_cat=0
split_feature=266 165 111 84 36 365 265 83 167 8 11 11 240
split_gain=1.22373 2.26847 2.11514 1.20322 1.46651 1.76647 1.15662 1.08682 1.42339 2.00325 1.1199 1.16203 0.404146
threshold=-0.11056538008860674 -0.00044373858943705141 23.500000000000004 1.0000000180025095e-35 0.033447616237608439 0.22178029667301366 0.10510725229826355 -0.021581605036874424 -0.15243768686996709 -0.0026300374415262084 -0.00063450121177205377 0.00085173494185031295 0.59523809523809534
decision_type=2 2 2 2 2 2 2 2 2 2 2 2 2
left_child=3 2 6 4 12 -6 -2 10 9 -9 -3 -12 -1
right_child=1 7 -4 -5 5 -7 -8 8 -10 -11 11 -13 -14
leaf_value=-0.014695946647062733 -0.011775780535542797 -0.0018084081628371767 -0.02435917432771658 0.017384162590583289 0.016391091375487426 -0.0022870701269945308 0.0089930914630581681 0.0038236845912049083 0.0057754634571929352 -0.016018839007866624 0.018918888132106432 0 0
leaf_weight=10.36621263343841 10.168152407277377 16.570864103734493 18.777847069315612 11.097028740216045 19.682042964501306 18.681883790297434 10.174975751200689 13.369500912725924 17.875880323816091 30.685089894803241 17.521378744859252 10.187992407940326 10.881790442392228
leaf_count=113 185 238 422 315 380 227 120 180 206 399 212 92 244
internal_value=-0.000847721 -0.00363809 -0.0134629 0.00412377 0.000142043 0.0065805 0 0 -0.0039494 -0.00907466 0.00600387 0.0120242 -0.00879668
internal_weight=216.041 145.332 39.121 70.709 59.6119 38.3639 20.3431 106.211 61.9305 44.0546 44.2802 27.7094 21.248
internal_count=3333 2054 727 1279 964 607 305 1327 785 579 542 304 357
is_linear=0
shrinkage=0.05


Tree=399
num_leaves=13
num_cat=0
split_feature=268 28 365 220 7 162 71 379 262 244 72 231
split_gain=1.29013 1.45655 2.02863 2.27163 1.91577 1.87756 2.368 2.11074 1.96656 1.75417 1.19565 1.04709
threshold=-0.21499549516061373 0.033217973051920001 0.20350602765638251 7.8960180896359313 -0.0018419942671463183 1.0501937751203452 0.96049119673253458 -0.070650867002588921 0.20786516853932588 0.57272727272727286 0.0068096475166572424 90.500000000000014
decision_type=2 2 2 2 2 2 2 2 2 2 2 2
left_child=1 5 3 9 10 6 -1 -7 -8 -3 -4 -6
right_child=-2 2 4 -5 11 7 8 -9 -10 -11 -12 -13
leaf_value=-0.017014240244236655 0.012059248753062373 -0.027917818178517524 0 0.0012783628516898713 -0.013392474845674258 -0.0018419672975758133 -0.0047532374325605121 0.019705960529462416 0.017360564296194779 -0.0035966289844894142 0.019839827974837899 0.0016094829260879793
leaf_weight=16.581271330127493 15.663352896226568 20.331471831072122 12.65674381516874 16.070731517625973 19.689220215193927 12.36544576147571 17.340055004693571 23.561383207328618 13.853349534329025 20.439009381923825 13.006983890663831 12.458271375857292
leaf_count=312 781 239 144 267 263 147 178 227 160 326 160 129
internal_value=-0.000226966 -0.0016107 -0.00537327 -0.0118862 0.000478652 0.00297408 -0.00270327 0.0114347 0.00426698 -0.0179497 0.0107485 -0.00651497
internal_weight=214.017 198.354 114.652 56.8412 57.8112 83.7015 47.7747 35.9268 31.1934 40.7705 25.6637 32.1475
internal_count=3333 2552 1528 832 696 1024 650 374 338 565 304 392
is_linear=0
shrinkage=0.05


Tree=400
num_leaves=1
num_cat=0
split_feature=
split_gain=
threshold=
decision_type=
left_child=
right_child=
leaf_value=0
leaf_weight=
leaf_count=3333
internal_value=
internal_weight=
internal_count=
is_linear=0
shrinkage=1


Tree=401
num_leaves=12
num_cat=0
split_feature=242 223 48 284 372 74 66 57 220 373 41
split_gain=1.24591 1.64068 1.67571 1.46722 1.10669 1.16382 1.50369 0.94325 0.856263 1.33625 0.354194
threshold=0.36764705882352949 -2.5743879512078673 0.44113141357934893 -0.27940680602473211 0.045960563931771399 -0.59468358988170233 0.52994763978672177 -0.29568193449684671 8.7065700085387263 -0.041451955505062026 0.0036563600436636139
decision_type=2 2 2 2 2 2 2 2 2 2 2
left_child=1 -1 -3 4 5 -2 -7 10 9 -9 -5
right_child=3 2 -4 7 -6 6 -8 8 -10 -11 -12
leaf_value=0.00079033892225153124 -0.0052149638830690384 -0.026600454369866119 0 -0.0018938746190608506 -0.0053685004260436682 0.013230151042108377 0 -0.0044554424621879047 -0.0098174658040044577 0.0137926679346825 -0.018570566604495835
leaf_weight=17.315411559073254 10.011817513499407 13.137215703725817 10.187578331213443 16.150106506422166 15.443578786682336 59.363346077967435 21.810655473265797 12.306015421636404 11.206676406785844 17.017903011292219 10.322838764404876
leaf_count=251 129 160 130 389 237 932 296 141 158 211 299
internal_value=-0.000810764 -0.00848265 -0.0165715 0.000815406 0.00464544 0.00698928 0.00922074 -0.00450333 0 0.00488509 -0.0113216
internal_weight=214.273 40.6402 23.3248 173.633 106.629 91.1858 81.174 67.0035 40.5306 29.3239 26.4729
internal_count=3333 541 290 2792 1594 1357 1228 1198 510 352 688
is_linear=0
shrinkage=0.05


Tree=402
num_leaves=14
num_cat=0
split_feature=126 28 297 7 86 381 353 66 28 37 372 86 348
split_gain=1.24117 3.35408 2.18381 1.70558 1.8205 1.42322 1.65257 1.49853 1.01628 0.975547 0.965329 0.771909 0.677742
threshold=-0.001557696012491727 0.03908901829222574 -0.67975122581554703 0.001205611021634079 -13807.83020397488 12.092213198541524 0.1159864157167927 0.39945098950463204 0.056718167912106654 0.016083495864459885 -0.012699267579872052 -28264.952461264973 0.01042522657692695
decision_type=2 2 2 2 2 2 2 2 2 2 2 2 2
left_child=1 3 10 4 -1 6 -4 9 -3 -7 -2 -9 -5
right_child=2 8 5 12 -6 7 -8 11 -10 -11 -12 -13 -14
leaf_value=0.0048195151830012634 0 -0.02085571476080348 -0.010724131473569331 0 -0.017110558475732299 -0.0050598215342472557 0.010249147440693553 0.0015534345677396264 0 0.0089508402561624453 -0.018982703776971477 0.02560408695037977 0.019144834769494291
leaf_weight=15.802928262623029 14.481267177965494 26.132629963569343 19.350032261572782 10.29017923329957 12.925927832722662 15.47981497668661 12.18095428869128 10.285551310516896 11.051989894825963 24.678343752399087 10.00065357214771 16.959533290471882 12.810876327566801
leaf_count=241 245 362 237 142 182 213 178 118 206 392 362 336 119
internal_value=-0.000189301 -0.00481194 0.00278436 0.00264962 -0.00415649 0.00639462 -0.000987312 0.010453 -0.0158779 0.0024153 -0.00909119 0.0192323 0.0125343
internal_weight=212.431 89.0145 123.416 51.8299 28.7289 98.9342 31.531 67.4032 37.1846 40.1582 24.4819 27.2451 23.1011
internal_count=3333 1252 2081 684 423 1474 415 1059 568 605 607 454 261
is_linear=0
shrinkage=0.05


Tree=403
num_leaves=1
num_cat=0
split_feature=
split_gain=
threshold=
decision_type=
left_child=
right_child=
leaf_value=0
leaf_weight=
leaf_count=3333
internal_value=
internal_weight=
internal_count=
is_linear=0
shrinkage=1


Tree=404
num_leaves=13
num_cat=0
split_feature=90 266 162 104 167 28 165 103 33 124 365 126
split_gain=1.21568 1.37425 1.43367 2.3359 1.72268 1.425 1.27482 1.12391 1.10446 1.06351 0.892377 0.0720848
threshold=1.0000000180025095e-35 -0.084071121664414036 1.1138878189696446 0.048151706079414561 -0.68022662963753111 0.036965535893089936 -0.0011593441404154847 0.13215598953293725 0.038184984371839113 -10.499999999999998 0.22178029667301366 -0.0071137347237127382
decision_type=2 2 2 2 2 2 2 2 2 2 2 2
left_child=1 6 3 4 -3 11 8 -8 -1 -7 -10 -4
right_child=-2 2 5 -5 -6 9 7 -9 10 -11 -12 -13
leaf_value=-0.0094755753214635502 -0.01239240830966396 -0.0066680321610915029 -0.0046099442821541728 -0.012177203587445217 0.012279425215002636 0.0075323452562418474 0 0.018200955820660111 0.015655593273316101 -0.0091443835194530889 0 -0.023412803059101931
leaf_weight=16.431239951401949 17.807554630097002 10.56717372802086 11.125057585304605 17.581157557899132 40.94348512403667 14.449456891976299 10.744553134078158 22.467953973915428 10.249560790136458 16.956884778570384 11.973830106202511 11.394079100340603
leaf_count=173 220 195 105 287 471 191 165 716 127 355 124 204
internal_value=-0.000858214 0.000114945 -0.00281442 0.0013665 0.00732213 -0.00883927 0.00570894 0.0124656 0 -3.07523e-05 0.0063482 -0.017717
internal_weight=212.692 194.884 123.017 69.0918 51.5107 53.9255 71.8671 33.2125 38.6546 31.4063 22.2234 22.5191
internal_count=3333 3113 1808 953 666 855 1305 881 424 546 251 309
is_linear=0
shrinkage=0.05


Tree=405
num_leaves=12
num_cat=0
split_feature=167 348 83 73 113 11 104 167 49 165 63
split_gain=1.2575 1.92177 1.86825 1.72392 1.87512 1.55255 1.52052 1.25298 1.21083 1.02234 0.65321
threshold=-0.76654710242652035 0.0055620662576973566 -0.19108369908971481 1.0431530607897794 68.500000000000014 0.0010805362643839802 -0.10799725612347758 -0.17818205700774228 0.18902734548926384 -0.00037453790341189714 0.048776646353432936
decision_type=2 2 2 2 2 2 2 2 2 2 2
left_child=8 3 -3 4 5 -2 -4 -8 10 -5 -1
right_child=1 2 6 9 -6 -7 7 -9 -10 -11 -12
leaf_value=0.0081710086380525609 -0.026792509776694819 -0.0097286923449212553 0.017346159728304604 0.0095452236414107026 0 0 0.0066259048513697336 -0.0088107922085621064 0.015705281276042 -0.0079048726797915862 -0.0056130458045501154
leaf_weight=11.476415724027904 22.556025183293968 19.897496338002384 19.134841052815318 14.747999069513755 13.730913042090831 10.463067507836966 33.973840748658404 16.563886408694088 17.879496177192777 12.02440890483558 18.15452866256237
leaf_count=215 360 295 258 237 280 154 550 225 341 203 215
internal_value=-0.000166102 -0.00248623 0.00198556 -0.00845174 -0.0140179 -0.0200389 0.00628251 0.000422353 0.00648309 2.15831e-05 0
internal_weight=210.603 163.092 89.5701 73.5224 46.75 33.0191 69.6726 50.5377 47.5104 26.7724 29.6309
internal_count=3333 2562 1328 1234 794 514 1033 775 771 440 430
is_linear=0
shrinkage=0.05


Tree=406
num_leaves=1
num_cat=0
split_feature=
split_gain=
threshold=
decision_type=
left_child=
right_child=
leaf_value=0
leaf_weight=
leaf_count=3333
internal_value=
internal_weight=
internal_count=
is_linear=0
shrinkage=1


Tree=407
num_leaves=14
num_cat=0
split_feature=165 208 83 11 167 8 213 399 72 394 353 231 104
split_gain=1.1808 1.95745 1.46215 2.15179 1.56729 1.89652 1.33851 1.30354 1.56107 1.25127 1.21097 1.04851 1.00743
threshold=-0.001104047350781341 1.5808449183699915 -0.021581605036874424 -0.0006467954382113893 -0.15243768686996709 -0.0040084661703115683 4.4729466053688691 -0.0021091534054507323 0.0074843880790289802 0.011276403532733405 0.16594152435157433 17.500000000000004 -0.061496741382546044
decision_type=2 2 2 2 2 2 2 2 2 2 2 2 2
left_child=1 6 3 11 5 -4 -1 8 -8 -5 -7 -2 -6
right_child=2 -3 4 9 12 10 7 -9 -10 -11 -12 -13 -14
leaf_value=-0.014149658476999748 0.0043904748472631729 -0.022676813588785039 0.0046486871455476437 0.018673603003832001 -0.0013012742990718452 -0.017749902455017254 0.01669644778241627 -0.0092563316442218803 -0.0026209141019552925 0 0 -0.013407986290691615 0.015074968609831733
leaf_weight=12.397201243322341 10.614593558479102 11.975909179192966 15.870415052631868 30.048266880912706 10.231018758844586 30.916886483551934 19.440960912732407 10.051779774017634 11.245725908549501 11.721324275713412 11.276739316061137 11.876428871415554 13.19893978955224
leaf_count=191 175 196 274 547 137 467 253 136 197 173 172 223 192
internal_value=-0.00089374 -0.00647372 0.00134311 0.00703832 -0.00264643 -0.00737896 -0.000914378 0.00266438 0.00853 0.0136943 -0.0130176 -0.00351843 0.00669624
internal_weight=210.866 65.1116 145.755 64.2606 81.494 58.064 53.1357 40.7385 30.6867 41.7696 42.1936 22.491 23.43
internal_count=3333 973 2360 1118 1242 913 777 586 450 720 639 398 329
is_linear=0
shrinkage=0.05


Tree=408
num_leaves=12
num_cat=0
split_feature=268 125 10 37 73 74 265 69 42 167 54
split_gain=1.28647 1.4021 1.38804 1.80261 1.66744 1.72839 1.25724 1.21819 1.2011 0.722758 0.418235
threshold=-0.33720536712349941 -0.1308499349912445 0.0054907868631055646 0.021206542761017275 1.0636423012436071 -0.36483353578209393 0.17812293456708531 -0.0035056370207668382 0.47393333210980182 -0.33350485494159315 -0.0033540659791047585
decision_type=2 2 2 2 2 2 2 2 2 2 2
left_child=1 -1 3 7 5 -4 10 -3 -5 -6 -2
right_child=6 2 4 8 9 -7 -8 -9 -10 -11 -12
leaf_value=-0.015570808326563058 0.00030494339594647332 0.0055942927992738952 0 0.018883866463403745 0.01208335111049089 -0.018253332231187837 -0.0029390896776267032 -0.0099109379014292193 0 -0.0021027530004592396 0.017188335286668709
leaf_weight=15.4125420441851 12.447261650348084 15.979565110057591 15.326221774332224 19.908799170982093 10.655016839271413 29.141329754376784 13.044172600377349 25.712549136485904 20.692683237139136 12.655308141605927 18.249609594466165
leaf_count=171 368 225 234 228 120 365 234 441 233 197 517
internal_value=-0.000170765 -0.00242777 -0.00047261 0.00347311 -0.00591396 -0.0116007 0.00690615 -0.00287279 0.0108855 0.00311965 0.0124628
internal_weight=209.225 165.484 150.071 82.2936 67.7779 44.4676 43.741 41.6921 40.6015 23.3103 30.6969
internal_count=3333 2214 2043 1127 916 599 1119 666 461 317 885
is_linear=0
shrinkage=0.05


Tree=409
num_leaves=1
num_cat=0
split_feature=
split_gain=
threshold=
decision_type=
left_child=
right_child=
leaf_value=0
leaf_weight=
leaf_count=3333
internal_value=
internal_weight=
internal_count=
is_linear=0
shrinkage=1


Tree=410
num_leaves=8
num_cat=0
split_feature=119 11 124 68 62 266 258
split_gain=1.15337 2.63878 1.1886 1.81374 2.66984 1.19354 0.66712
threshold=-0.17455771583318427 -0.0015800327109037891 -33.499999999999993 0.363580762705282 0.49945271859983348 0.19689891112668642 0.95588235294117652
decision_type=2 2 2 2 2 2 2
left_child=6 -2 -3 5 -5 -4 -1
right_child=1 2 3 4 -6 -7 -8
leaf_value=0.015466706801096805 -0.018437881137756521 0.010744532899424746 0.0062966405097007287 -0.014833923975149297 0.0042057482412195943 -0.0071949002385385047 0
leaf_weight=11.931119360961022 19.78920481656678 18.374606384895742 63.660105785354972 45.216168724931777 22.613936815410852 16.14302094024606 11.760777930729089
leaf_count=167 368 301 903 766 299 371 158
internal_value=-0.000896963 -0.00246842 0 -0.00182899 -0.00787108 0.00280186 0.00844588
internal_weight=209.489 185.797 166.008 147.633 67.8301 79.8031 23.6919
internal_count=3333 3008 2640 2339 1065 1274 325
is_linear=0
shrinkage=0.05


Tree=411
num_leaves=16
num_cat=0
split_feature=301 28 7 104 356 260 25 87 236 162 120 111 268 219 407
split_gain=1.24147 1.97459 2.63273 1.31756 1.23297 1.21612 1.13222 1.13634 1.09355 1.22541 0.964217 0.76769 0.699267 0.341992 0.0312526
threshold=-0.12692687100626424 0.033217973051920001 -0.0018844998400671107 0.11563915852226926 0.28125000000000006 0.4272727272727273 0.017669339119818384 0.023382218215851406 0.81250000000000011 1.1990022357659005 -0.024588697915004728 18.500000000000004 -0.60002027417440273 2.4089451997094544 0.37106512543625847
decision_type=2 2 2 2 2 2 2 2 2 2 2 2 2 2 2
left_child=1 5 4 14 12 -1 7 -2 -7 -10 -8 -12 -3 -13 -4
right_child=6 2 3 -5 -6 8 10 -9 9 -11 11 13 -14 -15 -16
leaf_value=0.013514895184084172 0.0036102929597220321 -0.012704700089951206 -0.0059496426422291342 0 0.013976156643460811 0.0096754766677237605 -0.0006039901760232473 -0.014589868010003865 -0.015711421263650837 0.0016532057504147402 0 0.0011704993843159579 0.00091278262273746652 0.019789294693872167 -0.025635117872407989
leaf_weight=16.63873844826594 15.593164163175972 10.779248440871013 10.300615447573366 12.257318564690648 10.372139935381709 10.409363843034951 10.966636119876055 10.105726215522735 15.349112566560509 11.932634834665803 10.144248825032262 10.092165539972486 11.736133962869646 21.000910614617169 20.342285894788802
leaf_count=251 326 227 154 181 111 113 174 120 249 130 173 164 108 524 328
internal_value=-0.000185716 -0.00337117 -0.00863478 -0.0164617 0.000704445 0.00316682 0.00444449 -0.00258143 -0.00083217 -0.00705388 0.00876125 0.0122542 -0.00437424 0.0158474 -0.0216247
internal_weight=208.02 130.118 75.7877 42.9002 32.8875 54.3298 77.9029 25.6989 37.6911 27.2817 52.204 41.2373 22.5154 31.0931 30.6429
internal_count=3333 1852 1109 663 446 743 1481 446 492 379 1035 861 335 688 482
is_linear=0
shrinkage=0.05


Tree=412
num_leaves=1
num_cat=0
split_feature=
split_gain=
threshold=
decision_type=
left_child=
right_child=
leaf_value=0
leaf_weight=
leaf_count=3333
internal_value=
internal_weight=
internal_count=
is_linear=0
shrinkage=1


Tree=413
num_leaves=15
num_cat=0
split_feature=242 124 191 301 28 28 104 349 221 268 167 103 387 177
split_gain=1.22532 1.66615 1.64471 1.39905 2.04768 1.25188 1.54307 1.489 1.18573 0.949533 0.899398 0.692446 0.683446 0.551709
threshold=0.36764705882352949 -8.4999999999999982 0.88787159929395465 -0.101286004141408 0.021827231740959577 0.033217973051920001 0.033364123344000442 3.5000000000000004 9.587653773760346 -0.60252089642871598 -0.77207482476716482 0.15329094540645577 -0.12364639935641485 0.74224385378661384
decision_type=2 2 2 2 2 2 2 2 2 2 2 2 2 2
left_child=1 -1 -3 5 -5 7 10 8 -2 -8 -7 -6 -13 -9
right_child=3 2 -4 4 11 6 9 13 -10 -11 -12 12 -14 -15
leaf_value=0.0015486973046260112 -0.0043385235353054878 -0.026022148517573136 0 0.0070579168060787211 0 0 0.009204716923046783 0 0.012436389065660991 -0.0082491230164086007 0.019858301344984786 0 -0.02138474570734963 -0.018001276740241504
leaf_weight=15.431180755142121 11.643776819109918 13.787983820540832 10.377424481790511 16.329098270274699 11.45707349013537 10.583592717070131 10.871698383241894 10.21556229889393 19.828004603739828 14.612953309901057 25.413232312304899 10.405267744790764 17.094211289426312 10.239818658679722
leaf_count=196 142 190 155 250 197 114 216 154 303 141 445 191 549 90
internal_value=-0.000888439 -0.008579 -0.0163436 0.000743864 -0.00522818 0.00414441 0.00889221 -0.000745313 0.00494218 0 0.0151548 -0.0117062 -0.0156611 -0.0111404
internal_weight=208.291 39.5966 24.1654 168.694 55.2857 113.409 61.4815 51.9272 31.4718 25.4847 35.9968 38.9566 27.4995 20.4554
internal_count=3333 541 345 2792 1187 1605 916 689 445 357 559 937 740 244
is_linear=0
shrinkage=0.05


Tree=414
num_leaves=13
num_cat=0
split_feature=112 126 113 44 297 111 62 110 220 73 11 264
split_gain=1.19081 1.92551 3.14796 2.20775 1.59056 1.69368 1.50985 1.45231 1.13083 1.08205 0.447113 0.0464473
threshold=111.50000000000001 -0.001557696012491727 66.500000000000014 0.56624994268725604 -0.67975122581554703 56.500000000000007 0.31013880276348765 26.500000000000004 4.9932031626367595 0.99759908081403414 -0.0006185315156608805 40.500000000000007
decision_type=2 2 2 2 2 2 2 2 2 2 2 2
left_child=1 2 3 11 10 7 -7 -6 -4 -2 -3 -1
right_child=9 4 8 -5 5 6 -8 -9 -10 -11 -12 -13
leaf_value=-0.0080880499742612966 0 0 -0.005458207720379929 0 0 0.0062899454495008462 -0.012342421533197333 0.015206951084555553 0.012380472783255367 0.019255207080366578 -0.015229001816121815 -0.030566521726070935
leaf_weight=10.7041757714469 13.795940153766425 11.179679309949281 10.067034751176836 17.454576816176996 16.18971291417256 16.208711290266365 18.25841550854966 40.581038453150541 15.61282430612482 10.637101310305296 10.142901833634822 15.462371366797013
leaf_count=201 168 210 150 206 282 279 233 604 246 138 365 251
internal_value=-0.000182056 -0.00185037 -0.00836227 -0.0163813 0.00183919 0.00508521 -0.0024437 0.010386 0.00380452 0.00925743 -0.00890868 -0.0248631
internal_weight=206.294 181.861 69.301 43.6211 112.56 91.2379 34.4671 56.7708 25.6799 24.433 21.3226 26.1665
internal_count=3333 3027 1054 658 1973 1398 512 886 396 306 575 452
is_linear=0
shrinkage=0.05


Tree=415
num_leaves=1
num_cat=0
split_feature=
split_gain=
threshold=
decision_type=
left_child=
right_child=
leaf_value=0
leaf_weight=
leaf_count=3333
internal_value=
internal_weight=
internal_count=
is_linear=0
shrinkage=1


Tree=416
num_leaves=12
num_cat=0
split_feature=268 85 103 64 56 354 71 213 104 260 209
split_gain=1.1984 1.66532 2.68424 1.55659 1.47692 0.992573 1.79041 2.29244 1.61449 0.895153 0.826814
threshold=-0.7078884259406667 1.0000000180025095e-35 0.15941475410003708 0.3641421367716417 0.38966214573472086 0.031247704896437283 0.84796813591942322 4.6271917467273092 0.0012351827864593486 0.57272727272727286 3.8932884757374859
decision_type=2 2 2 2 2 2 2 2 2 2 2
left_child=3 5 -3 -1 -4 8 9 -8 10 -7 -2
right_child=1 2 4 -5 -6 6 7 -9 -10 -11 -12
leaf_value=0 0.0067712130260633458 0.0055982432866454107 -0.0017966693859345656 0.02075901401696615 -0.027615524615658776 0.00096507039748807148 -0.0011682641588389286 0.016820780723183625 -0.01645427836720962 -0.014250448935134649 -0.0076969878342528514
leaf_weight=19.6519197691232 22.220985756255686 11.818303578766061 14.547345797764139 10.323939424008129 17.143495070748031 10.108887493377553 25.04072846705094 32.773710278095677 17.178077727556229 13.384044204023665 12.374282521661369
leaf_count=475 311 157 210 425 218 203 328 393 226 256 131
internal_value=-0.000903071 -0.00270764 -0.0108547 0.00749068 -0.0183853 0 0.00353651 0.00853387 -0.00510421 -0.0064481 6.49284e-05
internal_weight=206.566 176.59 43.5091 29.9759 31.6908 133.081 81.3074 57.8144 51.7733 23.4929 34.5953
internal_count=3333 2433 585 900 428 1848 1180 721 668 459 442
is_linear=0
shrinkage=0.05


Tree=417
num_leaves=11
num_cat=0
split_feature=167 8 55 11 66 163 66 49 71 63
split_gain=1.16789 1.94843 1.67668 1.63709 1.77889 2.53677 2.35613 1.13091 0.947592 0.567367
threshold=-0.77207482476716482 -0.0021738635294228513 -0.026029990665532129 -0.00080373161987185016 0.37064402062584939 0.0073362234656706602 0.25435273936253983 0.18902734548926384 0.85586060822578747 0.048776646353432936
decision_type=2 2 2 2 2 2 2 2 2 2
left_child=7 2 -2 -3 6 -6 -5 9 -4 -1
right_child=1 3 8 4 5 -7 -8 -9 -10 -11
leaf_value=0.0077135255248137677 0 0.016420217572969159 0 -0.0079166115634130146 -0.020880236447130149 0.00023166322634901295 0.012111409335179572 0.015463515722859564 -0.023852027955992436 -0.0052764817094810446
leaf_weight=11.11336847767234 17.613095810636878 11.97533960919827 10.465327442390846 18.134404423180968 19.460518029052764 26.732878396520391 35.717588245403022 16.889006059616804 18.742200512904674 17.785490639973432
leaf_count=215 341 201 210 278 322 442 478 328 304 214
internal_value=-0.000220588 -0.00248728 -0.010798 0.000742624 -0.00107216 -0.008377 0.00442573 0.00628729 -0.0176211 0
internal_weight=204.629 158.841 46.8206 112.021 100.045 46.1934 53.852 45.7879 29.2075 28.8989
internal_count=3333 2576 855 1721 1520 764 756 757 514 429
is_linear=0
shrinkage=0.05


Tree=418
num_leaves=1
num_cat=0
split_feature=
split_gain=
threshold=
decision_type=
left_child=
right_child=
leaf_value=0
leaf_weight=
leaf_count=3333
internal_value=
internal_weight=
internal_count=
is_linear=0
shrinkage=1


Tree=419
num_leaves=11
num_cat=0
split_feature=90 270 162 119 113 167 105 69 262 5
split_gain=1.14343 1.29784 1.38936 1.62257 3.46918 1.58104 1.74064 0.854961 0.834955 0.527448
threshold=1.0000000180025095e-35 -1.1105653800886064 1.1138878189696446 -0.17455771583318427 44.500000000000007 -0.68022662963753111 0.046041986752553138 -0.0048279296301102495 0.32022471910112366 -0.0027014686190520716
decision_type=2 2 2 2 2 2 2 2 2 2
left_child=1 7 5 -4 -5 -3 -7 9 -9 -1
right_child=-2 2 3 4 -6 6 -8 8 -10 -11
leaf_value=-0.0078841157516889165 -0.012211114579195931 -0.010253598083733696 0.0034793539469634206 0 -0.026179905384786289 0.013926057945278342 -0.0018975504231360464 0 0.016285424612237986 0.0050880069480343368
leaf_weight=11.355177992489191 17.229853409342468 15.784850429976357 13.46213524835184 20.38212979119271 21.315612694947049 29.975821838248521 25.668914703885093 14.229324702639131 22.033596320310608 13.467638910748063
leaf_count=124 220 314 192 265 436 400 297 302 433 350
internal_value=-0.000874848 7.94214e-05 -0.00253277 -0.00843244 -0.0133722 0.0015076 0.00605037 0.00613808 0.0107673 0
internal_weight=204.905 187.675 126.589 55.1599 41.6977 71.4296 55.6447 61.0857 36.2629 24.8228
internal_count=3333 3113 1904 893 701 1011 697 1209 735 474
is_linear=0
shrinkage=0.05


Tree=420
num_leaves=14
num_cat=0
split_feature=73 111 349 260 163 130 221 301 381 112 113 74 105
split_gain=1.14733 2.74303 1.93338 1.98143 1.7726 2.50138 1.33604 1.2347 1.18727 0.768997 0.736441 0.725658 0.602127
threshold=1.1219636299603968 43.500000000000007 -3.4999999999999996 0.4272727272727273 0.0093896212506001091 16.500000000000004 14.237590863511036 -0.12418385407974683 43.977676932294372 52.500000000000007 47.500000000000007 -0.17337523833632199 -0.040573223097779935
decision_type=2 2 2 2 2 2 2 2 2 2 2 2 2
left_child=2 12 4 9 5 11 7 -5 -3 -4 -8 -1 -2
right_child=1 8 3 6 -6 -7 10 -9 -10 -11 -12 -13 -14
leaf_value=-0.0058110768183660911 0.0016888843638928571 -0.012148490289146687 0.01754945443169539 -0.016318966298014031 0.0041207062537666631 0.0021083598870492081 0.011689843647991643 0 0.0040728073540694841 0 -0.0024103306672540329 -0.028605208554844191 0.022016588770086193
leaf_weight=14.33213478722609 12.459704164881261 18.107266587438062 17.307587630813945 22.29436551919207 10.364658402744679 10.585910167545078 13.142349604750054 12.407145638251675 15.766459121834485 11.408708001486955 10.015183092793448 18.498530981829393 16.558772951597348
leaf_count=280 211 302 313 350 231 124 199 181 282 205 169 268 218
internal_value=-0.000233531 0.00495867 -0.00296396 0.0011953 -0.0102494 -0.0148017 -0.00350967 -0.00983848 -0.00352525 0.0116869 0.00410324 -0.0213696 0.0158261
internal_weight=203.249 62.8922 140.357 86.5753 53.7812 43.4166 57.859 34.7015 33.8737 28.7163 23.1575 32.8307 29.0185
internal_count=3333 1013 2320 1417 903 672 899 531 584 518 368 548 429
is_linear=0
shrinkage=0.05


Tree=421
num_leaves=1
num_cat=0
split_feature=
split_gain=
threshold=
decision_type=
left_child=
right_child=
leaf_value=0
leaf_weight=
leaf_count=3333
internal_value=
internal_weight=
internal_count=
is_linear=0
shrinkage=1


Tree=422
num_leaves=12
num_cat=0
split_feature=242 124 191 284 167 224 301 105 103 53 112
split_gain=1.15643 1.66178 1.52723 1.30995 1.02467 1.49514 1.22656 0.943991 0.89197 0.946574 0.838958
threshold=0.36764705882352949 -8.4999999999999982 0.88787159929395465 -0.27940680602473211 -0.30275789033226269 0.92263549145855239 -0.30831810762228756 -0.07915107722779037 0.17221482578810879 0.015816014048294694 54.500000000000007
decision_type=2 2 2 2 2 2 2 2 2 2 2
left_child=1 -1 -3 4 5 6 -2 -6 10 -10 -5
right_child=3 2 -4 8 7 -7 -8 -9 9 -11 -12
leaf_value=0.0017477576275858192 0.014389151529171097 -0.025747828334159326 0 -0.0065807534111069245 0 -0.013608608567856187 0 0.019645644069332516 -0.01486837332373025 0 0.0086678533887257405
leaf_weight=15.166805748362092 17.683298727031797 13.405728603946047 10.197881252504883 11.831240755389446 11.062790809199216 10.782025377266107 46.785995251499116 15.03724903333932 23.569929651683196 11.429792023729531 16.573727657087147
leaf_count=196 508 190 155 291 191 131 432 332 621 129 157
internal_value=-0.000870476 -0.00841683 -0.0162882 0.000726043 0.00445427 0.000624649 0.00424539 0.0125749 -0.00441251 -0.00960724 0.000702483
internal_weight=203.526 38.7704 23.6036 164.756 101.351 75.2513 64.4693 26.1 63.4047 34.9997 28.405
internal_count=3333 541 345 2792 1594 1071 940 523 1198 750 448
is_linear=0
shrinkage=0.05


Tree=423
num_leaves=14
num_cat=0
split_feature=112 126 6 386 71 11 49 103 375 379 73 356 28
split_gain=1.13197 1.82119 2.54043 1.54372 1.73288 1.66268 2.08066 1.5154 1.4236 1.33915 0.989774 0.832179 0.549022
threshold=111.50000000000001 -0.001557696012491727 0.0019802956984978433 -1.0000000180025095e-35 1.0660094473362918 -0.0006185315156608805 0.56222847450072089 0.11027461109133439 0.0035239430489045769 -0.14267442989077442 0.99759908081403414 0.23958333333333334 0.062737603707851641
decision_type=2 2 2 2 2 2 2 2 2 2 2 2 2
left_child=1 2 8 4 12 11 -7 -4 -1 -9 -2 -5 -3
right_child=10 3 7 5 -6 6 -8 9 -10 -11 -12 -13 -14
leaf_value=-0.00045718571065188281 0 0.024952810668721986 0.013438154331340499 0 -0.00035370055930840534 -0.01726311884309575 0.0022530163512370551 0.0029567759945938986 -0.028445799217144387 -0.014859380269724432 0.018731291379549979 0.013648187456179437 0.0019629107708731114
leaf_weight=11.312425656942652 13.538222675211729 12.303132286295297 11.188354708719997 14.367678823880853 15.9616440187674 25.368738927645609 17.669603120768443 12.952118867076932 15.239677842939271 17.084786977851767 10.327817532699553 14.188967738766221 10.239023647736756
leaf_count=210 168 262 108 219 257 440 284 174 251 311 138 297 214
internal_value=-0.000228086 -0.00187926 -0.0082795 0.00173378 0.00966505 -0.00207854 -0.00853992 0 -0.0194702 -0.0060926 0.00905285 0.0059612 0.017925
internal_weight=201.742 177.876 67.7774 110.099 38.5038 71.595 43.0383 41.2253 26.5521 30.0369 23.866 28.5566 22.5422
internal_count=3333 3027 1054 1973 733 1240 724 593 461 485 306 516 476
is_linear=0
shrinkage=0.05


Tree=424
num_leaves=1
num_cat=0
split_feature=
split_gain=
threshold=
decision_type=
left_child=
right_child=
leaf_value=0
leaf_weight=
leaf_count=3333
internal_value=
internal_weight=
internal_count=
is_linear=0
shrinkage=1


Tree=425
num_leaves=12
num_cat=0
split_feature=85 266 165 354 349 25 64 165 25 31 229
split_gain=1.16592 2.0302 1.31668 1.10501 1.85332 2.6191 1.30423 1.28986 1.43594 1.68233 0.752261
threshold=1.0000000180025095e-35 -0.086840092532080512 -0.00044373858943705141 0.031247704896437283 3.5000000000000004 0.016877205922098411 0.43230991147603043 -0.002024798131751551 0.032998100740446644 0.015647160918726265 -3.6832644449245846
decision_type=2 2 2 2 2 2 2 2 2 2 2
left_child=3 10 -3 4 5 -1 -7 -5 9 -9 -2
right_child=1 2 -4 7 -6 6 -8 8 -10 -11 -12
leaf_value=0.016693713114415341 0.0088669288877225288 -0.028174838338249783 0 -0.0071807753279943144 -0.016086320187845067 -0.014696285211005604 0.0028037052334197311 0.0087007295823128151 0.018394526078387565 -0.0079187009532726716 -0.0058606966560177977
leaf_weight=15.811943291686474 13.849141106940808 11.21655541600194 10.245651537785305 12.481915057986042 17.865652907406911 17.825569206150252 12.465706438757477 37.466047287220135 20.213855931069702 19.376010878710076 13.204439665656535
leaf_count=276 221 267 109 167 212 239 239 821 330 313 139
internal_value=-0.000884533 -0.00752726 -0.018077 0.000999467 -0.00349875 0.00104563 -0.00638898 0.00476271 0.00751853 0.00208708 0.000147431
internal_weight=202.022 48.5158 21.4622 153.507 63.9689 46.1032 30.2913 89.5378 77.0559 56.8421 27.0536
internal_count=3333 736 376 2597 966 754 478 1631 1464 1134 360
is_linear=0
shrinkage=0.05


Tree=426
num_leaves=11
num_cat=0
split_feature=73 111 105 120 126 37 163 215 365 105
split_gain=1.11594 2.01418 1.5153 1.78737 1.804 1.50888 1.13894 1.07388 0.940876 0.262111
threshold=1.1610093869653542 43.500000000000007 -0.13654406424314683 0.012033937964508913 -0.0033248512320200869 0.016083495864459885 0.0066608507754155133 5.4682487948459144 0.15894731475220678 -0.040573223097779935
decision_type=2 2 2 2 2 2 2 2 2 2
left_child=2 9 8 4 6 -6 -4 -3 -1 -2
right_child=1 7 3 -5 5 -7 -8 -9 -10 -11
leaf_value=0.014476390649375309 0.0022597141167620067 -0.0096493984182642947 -0.024625236347937771 0.0076088340370434786 -0.014793273313507289 0.00064855550723592545 0 0.0071740565869576403 -6.3655549178792732e-05 0.021306881353399344
leaf_weight=14.52247589803301 10.645163108129056 18.954378157155592 19.646034114761282 16.12830349826254 16.632286343257874 55.228941882960498 10.369758286513386 11.426587137160821 13.575925866374744 12.910706531256436
leaf_count=223 179 326 283 259 329 940 128 205 288 173
internal_value=-0.000209345 0.00547084 -0.00270951 -0.00542625 -0.00812522 -0.00270716 -0.0181576 -0.00174798 0.00651503 0.0158098
internal_weight=200.041 53.9368 146.104 118.005 101.877 71.8612 30.0158 30.381 28.0984 23.5559
internal_count=3333 883 2450 1939 1680 1269 411 531 511 352
is_linear=0
shrinkage=0.05


Tree=427
num_leaves=1
num_cat=0
split_feature=
split_gain=
threshold=
decision_type=
left_child=
right_child=
leaf_value=0
leaf_weight=
leaf_count=3333
internal_value=
internal_weight=
internal_count=
is_linear=0
shrinkage=1


Tree=428
num_leaves=13
num_cat=0
split_feature=165 20 266 365 20 167 83 165 87 105 63 394
split_gain=1.12759 1.65807 1.37109 1.49548 1.26533 1.87655 1.52284 1.07906 0.77123 0.642765 0.640357 0.633748
threshold=-0.001104047350781341 0.11187147656232053 -0.074134103775387775 0.16825850072496332 0.14254956706539143 -0.52402169223193262 0.10888548102975308 0.00036675983763105694 0.10152753122653436 0.019413926028865037 0.1026749168089366 -0.0015093109134690639
decision_type=2 2 2 2 2 2 2 2 2 2 2 2
left_child=1 8 3 11 -4 7 -7 -6 10 -3 -1 -2
right_child=2 9 4 -5 5 6 -8 -9 -10 -11 -12 -13
leaf_value=0 -0.00621642018824456 -0.0028808873973708553 0.011651535360204496 0.021708234894971958 -0.024510755689775524 0.0081917965346812189 -0.0062190937495079117 -0.00032554808227322051 -0.0077909968165060586 -0.022121009385068079 0.014315451110105421 0.0084822540107188892
leaf_weight=10.401552615687256 11.397057127207518 17.015123634133491 11.803992743371053 12.392115855356677 11.477798060281204 32.31947586662136 34.177318926900625 13.564067639643325 10.122955456143243 14.013492770027367 10.354045563377438 11.288127684034407
leaf_count=196 183 289 197 444 169 405 469 192 147 231 110 301
internal_value=-0.000913846 -0.00650157 0.00131657 0.00960764 -0.00121912 -0.00372476 0.00011685 -0.0146301 0.000354751 -0.0142238 0.00691455 0
internal_weight=200.327 61.9072 138.42 35.0773 103.343 91.5387 66.4968 25.0419 30.8786 31.0286 20.7556 22.6852
internal_count=3333 973 2360 928 1432 1235 874 361 453 520 306 484
is_linear=0
shrinkage=0.05


Tree=429
num_leaves=12
num_cat=0
split_feature=286 210 73 49 397 111 9 167 79 70 56
split_gain=1.10615 1.50746 0.954731 1.21819 1.25364 1.10324 0.928029 0.816174 0.80566 0.885161 0.206655
threshold=-0.43958047509320303 0.31723929079097662 1.1459086647516834 0.60458513940491154 0.0093896212506001091 43.500000000000007 -0.00026002550492515425 -0.27119619717211646 0.99999999999978839 0.0072197435710728607 0.62259095677340237
decision_type=2 2 2 2 2 2 2 2 2 2 2
left_child=1 6 3 4 -3 -4 -1 -5 9 10 -2
right_child=8 2 5 7 -6 -7 -8 -9 -10 -11 -12
leaf_value=0 0.020610785998886081 -0.009945722963578589 0.01559451092794747 0.014399815722633678 0.004849055523035363 0 -0.017569543050144396 -0.00023009272022409319 -0.0016272015753995344 0 0.0019458587028280826
leaf_weight=13.412517718970774 12.280812011566015 52.763206367613748 15.73402149393223 11.160711457487198 12.142002935055642 18.48777344613336 19.762415993958712 11.153601805679498 11.621955315349622 10.256142566446213 10.000333191361277
leaf_count=207 444 743 168 134 201 271 333 182 196 264 190
internal_value=-0.000199435 -0.00243923 0 -0.00255517 -0.00634975 0.00694978 -0.0114062 0.00595138 0.00623888 0.0103557 0.0154363
internal_weight=198.775 154.616 121.441 87.2195 64.9052 34.2218 33.1749 22.3143 44.1592 32.5373 22.2811
internal_count=3333 2239 1699 1260 944 439 540 316 1094 898 634
is_linear=0
shrinkage=0.05


Tree=430
num_leaves=1
num_cat=0
split_feature=
split_gain=
threshold=
decision_type=
left_child=
right_child=
leaf_value=0
leaf_weight=
leaf_count=3333
internal_value=
internal_weight=
internal_count=
is_linear=0
shrinkage=1


Tree=431
num_leaves=10
num_cat=0
split_feature=119 162 163 221 104 103 113 83 19
split_gain=1.13131 2.56215 1.75025 2.52749 2.14155 2.03276 1.72119 1.1292 1.00678
threshold=-0.17455771583318427 1.4960067736655149 -0.0034666264531106948 11.559504937480993 0.048151706079414561 0.12440453139415968 45.500000000000007 -0.027611631515041198 0.3483656932814379
decision_type=2 2 2 2 2 2 2 2 2
left_child=8 2 3 -2 5 -4 -3 -6 -1
right_child=1 6 4 -5 7 -7 -8 -9 -10
leaf_value=0 -0.021569561206185993 0 -0.0040434051253244755 0.0020795395550979737 0.00071151526941315608 0.012577984468517956 -0.026452303381846884 -0.01396959484496027 0.017052916554676389
leaf_weight=10.395945390220733 17.348732453072444 12.936057245824488 18.810394587228075 16.961209870874882 18.895678859436885 59.531013157451525 13.951202474185264 18.21042962372303 12.019386259838937
leaf_count=177 257 182 232 255 325 1106 345 306 148
internal_value=-0.000931419 -0.00253324 0 -0.00931127 0.00310352 0.00797043 -0.0159025 -0.00575279 0.00853342
internal_weight=199.06 176.645 149.757 34.3099 115.448 78.3414 26.8873 37.1061 22.4153
internal_count=3333 3008 2481 512 1969 1338 527 631 325
is_linear=0
shrinkage=0.05


Tree=432
num_leaves=13
num_cat=0
split_feature=299 28 167 217 118 276 260 167 124 78 65 64
split_gain=1.1097 1.588 2.18042 1.82826 1.12568 1.2105 0.992412 0.840794 1.32012 0.822701 0.672218 0.515803
threshold=-0.22851282193342973 0.033217973051920001 -0.77207482476716482 9.3905401267077604 1.0000000180025095e-35 1.097798490771897 0.4272727272727273 -0.5577944463357557 -5.4999999999999991 0.93826243870964687 -0.014223445818745071 0.45059223866977072
decision_type=2 2 2 2 2 2 2 2 2 2 2 2
left_child=1 6 11 -4 5 -2 -1 -8 -9 10 -6 -3
right_child=4 2 3 -5 9 -7 7 8 -10 -11 -12 -13
leaf_value=0.012327816218486377 0 -0.0020224689916253586 -0.021424760876901521 0 0 0.017783306488616556 0.0075654410001369035 0.0023143168422783177 -0.016799218623946562 0.0060651123186688076 -0.013160734109046874 0.0097622071001700617
leaf_weight=15.351860927185042 13.322659992612897 13.762816110160204 29.637726250803098 15.151181372115387 12.328813617350535 19.725232327124104 10.498941220343108 10.633022161433471 13.298437148798262 19.155988660873845 13.876244144979863 10.791674218839033
leaf_count=244 161 161 499 307 262 600 143 113 220 331 174 118
internal_value=-0.000186228 -0.0034268 -0.00835756 -0.0147597 0.0040678 0.0107432 0.00257878 -0.00107197 -0.00713849 -0.000126422 -0.00652258 0.00184126
internal_weight=197.535 119.126 69.3434 44.7889 78.4089 33.0479 49.7823 34.4304 23.9315 45.361 26.2051 24.5545
internal_count=3333 1805 1085 806 1528 761 720 476 333 767 436 279
is_linear=0
shrinkage=0.05


Tree=433
num_leaves=1
num_cat=0
split_feature=
split_gain=
threshold=
decision_type=
left_child=
right_child=
leaf_value=0
leaf_weight=
leaf_count=3333
internal_value=
internal_weight=
internal_count=
is_linear=0
shrinkage=1


Tree=434
num_leaves=13
num_cat=0
split_feature=242 124 191 268 28 28 19 230 387 260 365 399
split_gain=1.13128 1.63775 1.33731 1.21039 0.871589 0.832524 1.23192 1.30395 1.10617 1.41616 0.812021 0.416195
threshold=0.36764705882352949 -8.4999999999999982 0.88238875782921411 -0.33720536712349941 0.021618185904630789 0.033217973051920001 0.3287902713177559 92.500000000000014 1.0000000180025095e-35 0.46363636363636368 0.19700953008478739 -0.13004165194287873
decision_type=2 2 2 2 2 2 2 2 2 2 2 2
left_child=1 -1 -3 5 -5 8 10 -8 9 -2 -7 -6
right_child=3 2 -4 4 11 6 7 -9 -10 -11 -12 -13
leaf_value=0.001688781697878895 -0.0062038406157747614 -0.025446654634596489 0 0.0015121061470430596 0 0.0052498327437900255 0.01727461773463309 0 -0.011347048994804359 0.010429161829409664 -0.010897770049182064 -0.017111405308742552
leaf_weight=14.717430877499281 16.4196344492957 12.952886651037263 10.01455872831866 10.561815650202332 11.085367407649754 13.714798017870637 29.692780879558995 12.770056437700985 15.404096106067298 26.39492426533252 10.227352877147494 13.860874484060334
leaf_count=196 260 187 158 188 376 274 434 184 141 392 133 410
internal_value=-0.000952112 -0.00850494 -0.016403 0.000642563 -0.00673824 0.00324626 0.00701741 0.0119535 -0.000371522 0.00297041 -0.0002375 -0.0118078
internal_weight=197.817 37.6849 22.9674 160.132 35.5081 124.624 66.405 42.4628 58.2187 42.8146 23.9422 24.9462
internal_count=3333 541 345 2792 974 1818 1025 618 793 652 407 786
is_linear=0
shrinkage=0.05


Tree=435
num_leaves=10
num_cat=0
split_feature=301 125 112 217 113 25 130 264 265
split_gain=1.06877 1.32181 1.30268 1.3122 2.23957 1.63211 1.73186 1.24409 0.523126
threshold=-0.31531264240216872 -0.056551900988182198 118.50000000000001 9.9255812387934572 76.500000000000014 0.016967755952162714 -8.4999999999999982 42.500000000000007 0.098180845371856618
decision_type=2 2 2 2 2 2 2 2 2
left_child=1 -1 3 5 8 -2 -7 -3 -5
right_child=2 7 -4 4 -6 6 -8 -9 -10
leaf_value=0.0024977253788575895 -0.015524026818276257 0 0.015764612916427743 0.0046789695898260542 0.02139804629535879 -0.012984121800611948 0.0038810884528223174 -0.01991923856527299 -0.007658335813602095
leaf_weight=14.437615580856798 17.733711504377425 10.578291001729669 11.653055344242601 12.907959977863358 14.391048036748542 16.518673312850296 65.980721899191849 18.670292697846889 13.360936342971398
leaf_count=290 239 245 172 223 283 202 903 603 173
internal_value=-0.000162878 -0.00700714 0.00157308 0 0.00735846 -0.0029795 0 -0.0130453 -2.95428e-05
internal_weight=196.232 43.6862 152.546 140.893 40.6599 100.233 82.4994 29.2486 26.2689
internal_count=3333 1138 2195 2023 679 1344 1105 848 396
is_linear=0
shrinkage=0.05


Tree=436
num_leaves=1
num_cat=0
split_feature=
split_gain=
threshold=
decision_type=
left_child=
right_child=
leaf_value=0
leaf_weight=
leaf_count=3333
internal_value=
internal_weight=
internal_count=
is_linear=0
shrinkage=1


Tree=437
num_leaves=14
num_cat=0
split_feature=90 266 162 28 375 21 3 124 83 113 229 19 210
split_gain=1.10081 1.20395 1.30484 1.24271 1.1892 1.46554 1.23143 0.914694 0.800912 0.818269 0.719342 0.349272 0.28497
threshold=1.0000000180025095e-35 -0.11056538008860674 1.1138878189696446 0.036965535893089936 1.0000000180025095e-35 0.14663986168439572 0.00090579278169911081 -10.499999999999998 -0.36930916108541295 11.500000000000002 -4.2271764903056104 0.27310037548546612 0.83093968303355392
decision_type=2 2 2 2 2 2 2 2 2 2 2 2 2
left_child=1 8 4 11 6 -6 -3 -5 10 -10 -1 -4 -11
right_child=-2 2 3 7 5 -7 -8 -9 9 12 -12 -13 -14
leaf_value=0.0064645080760025557 -0.012264077802906429 0.015567201802815511 -0.002106932994658505 0.0070020174081773176 0.0053716339449210431 -0.014201975303915974 0 -0.0085253373196487146 0 0.018347300515638272 -0.0095439790905102271 -0.02312117528225055 0.00071347454905225393
leaf_weight=10.073945998912679 16.579824029002339 19.00389214954339 10.019796578213574 13.98649434791878 11.078001677058639 17.381313829333521 21.125322508160025 17.005014408845454 10.081528393551705 17.584431860828776 10.744993664789943 11.748855790821834 10.103463606908916
leaf_count=176 220 278 175 199 159 298 276 372 207 570 106 147 150
internal_value=-0.000983366 0 -0.00259037 -0.0084299 0.00136814 -0.00520778 0.00722889 -4.73579e-05 0.00594333 0.0101229 0 -0.016894 0.0142407
internal_weight=196.517 179.937 121.349 52.7602 68.5885 28.4593 40.1292 30.9915 58.5884 37.7694 20.8189 21.7687 27.6879
internal_count=3333 3113 1904 893 1011 457 554 571 1209 927 282 322 720
is_linear=0
shrinkage=0.05


Tree=438
num_leaves=13
num_cat=0
split_feature=126 83 297 17 217 356 73 111 105 72 124 104
split_gain=1.05707 1.72325 1.68966 1.2687 1.19637 1.19233 1.15483 1.79255 0.971686 1.19535 0.774803 0.63469
threshold=-0.0063472843331680009 0.24296658301123794 -0.67975122581554703 -0.00060500759061124043 9.3361344170522074 0.11458333333333336 1.1051626524198424 43.500000000000007 0.12578938244510959 0.0043812887225880793 -9.4999999999999982 -0.057708971107075825
decision_type=2 2 2 2 2 2 2 2 2 2 2 2
left_child=1 3 8 -1 6 -6 10 -8 9 -2 -4 -7
right_child=2 -3 4 -5 5 11 7 -9 -10 -11 -12 -13
leaf_value=0 0 0.0044894176476067025 -0.010909498301857371 -0.019667265561307865 0 0 0.019779611030666042 -0.0012206072074006482 0.001699792814627301 -0.02106741833674558 0.00018928504737688806 0.020908409921935909
leaf_weight=10.389077514875682 10.031539881369101 14.824909904040394 19.864498827140778 21.19580994755961 10.208426337456329 10.116515083936976 13.765200896188619 15.201291276491245 10.18893989920616 13.456856531789525 25.121118748560548 20.480718791484833
leaf_count=160 171 200 226 344 145 165 211 187 214 462 454 394
internal_value=-0.000168831 -0.00673067 0.00164532 -0.0133753 0.00479671 0.0114043 0.000198503 0.00811451 -0.00724401 -0.0127644 -0.00404532 0.0160717
internal_weight=194.845 46.4098 148.435 31.5849 114.758 40.8057 73.9521 28.9665 33.6773 23.4884 44.9856 30.5972
internal_count=3333 704 2629 504 1782 704 1078 398 847 633 680 559
is_linear=0
shrinkage=0.05


Tree=439
num_leaves=1
num_cat=0
split_feature=
split_gain=
threshold=
decision_type=
left_child=
right_child=
leaf_value=0
leaf_weight=
leaf_count=3333
internal_value=
internal_weight=
internal_count=
is_linear=0
shrinkage=1


Tree=440
num_leaves=13
num_cat=0
split_feature=165 208 266 365 213 120 86 209 10 167 63 394
split_gain=1.09507 1.76576 1.25508 1.40668 1.15654 1.01784 1.75773 1.37563 1.10186 0.684152 0.665862 0.557244
threshold=-0.001104047350781341 1.5808449183699915 -0.074134103775387775 0.16825850072496332 4.669143008130157 -0.029586090440900877 -7813.7963706848632 3.9063685738563261 0.0075497467832500321 -0.89245464758009174 0.048776646353432936 -0.0015093109134690639
decision_type=2 2 2 2 2 2 2 2 2 2 2 2
left_child=1 4 3 11 -1 -4 8 -8 -7 -6 -11 -2
right_child=2 -3 5 -5 9 6 7 -9 -10 10 -12 -13
leaf_value=-0.013018678543388847 -0.0059108442669440764 -0.02235238261385333 0.010275027152667281 0.021239689749217631 -0.0041516531468419266 -0.016094962110566637 0.010141825147775391 -0.0063481223567387795 0 0 0.014255293354811719 0.0080266903642135477
leaf_weight=12.666907960083334 11.193313942058012 11.191075339214875 11.655070894397793 11.887175546959041 12.114033069694409 27.578467844519764 26.649032096378505 15.934814841719342 18.806077925022691 10.8175486070104 13.708630974171681 10.926012806361541
leaf_count=221 183 196 145 444 185 503 362 183 239 200 171 301
internal_value=-0.000987297 -0.0065458 0.00123545 0.00929794 -0.000926105 -0.00119712 -0.00352981 0.00286274 -0.0102284 0.00266196 0.0079295 0
internal_weight=195.128 60.4982 134.63 34.0065 49.3071 100.623 88.9684 42.5838 46.3845 36.6402 24.5262 22.1193
internal_count=3333 973 2360 928 777 1432 1287 545 742 556 371 484
is_linear=0
shrinkage=0.05


Tree=441
num_leaves=11
num_cat=0
split_feature=167 8 120 372 365 113 55 49 71 63
split_gain=1.03884 1.77809 1.57353 1.71183 2.02296 1.55559 1.54595 1.01796 0.768444 0.486482
threshold=-0.77207482476716482 -0.0021738635294228513 0.012033937964508913 -0.012699267579872052 0.13534781584743 57.500000000000007 -0.026029990665532129 0.18902734548926384 0.86077593813463715 0.048776646353432936
decision_type=2 2 2 2 2 2 2 2 2 2
left_child=7 6 3 5 -5 -3 -2 9 -8 -1
right_child=1 2 -4 4 -6 -7 8 -9 -10 -11
leaf_value=0.0072890725807766323 0 -0.0025009616319783068 0.016515542230152298 0.0087698294153903036 -0.01101998139669288 0.016167454916519441 -0.00014795427308033802 0.015037902021594919 -0.023153129129936379 -0.0050027558674481882
leaf_weight=10.503365395125003 16.544331134296954 13.972785855177788 11.247498305980114 11.787453153636305 50.340332994470373 18.478725212393329 10.063242129748689 15.885071428027002 17.606163767632097 16.928513394203037
leaf_count=215 341 233 215 135 824 314 214 328 300 214
internal_value=-0.000171426 -0.00239402 0.000753373 -0.00105881 -0.00626654 0.00718751 -0.0105556 0.00610406 -0.0172494 0
internal_weight=193.357 150.041 105.827 94.5793 62.1278 32.4515 44.2137 43.317 27.6694 27.4319
internal_count=3333 2576 1721 1506 959 547 855 757 514 429
is_linear=0
shrinkage=0.05


Tree=442
num_leaves=1
num_cat=0
split_feature=
split_gain=
threshold=
decision_type=
left_child=
right_child=
leaf_value=0
leaf_weight=
leaf_count=3333
internal_value=
internal_weight=
internal_count=
is_linear=0
shrinkage=1


Tree=443
num_leaves=12
num_cat=0
split_feature=242 124 299 28 349 32 28 104 104 40 124
split_gain=1.09562 1.57957 1.08379 1.33452 1.05101 1.42239 1.11363 0.991395 0.917254 0.856354 0.5954
threshold=0.36764705882352949 -8.4999999999999982 -0.16005370106198 0.020078211953241661 3.5000000000000004 0.45647763769902416 0.025733166508537634 -0.0073949857469988011 0.033364123344000442 -0.0116932220606725 -11.499999999999998
decision_type=2 2 2 2 2 2 2 2 2 2 2
left_child=1 -1 4 -4 5 9 -6 -3 -8 -2 -5
right_child=2 7 3 10 6 -7 8 -9 -10 -11 -12
leaf_value=0.0015404061953549818 0.0093136194143042857 -0.024446865960037392 0.0055072408868398108 0 -0.014100842973722858 0.016648554111232689 0.0091520606652816961 0 -0.00532746458669941 -0.0037073624058147517 -0.016094334740606248
leaf_weight=14.450036050286142 17.170238959370181 12.50192137225531 11.835852359421549 12.751252719201146 10.905138028785585 23.783731611212716 20.198907700600103 10.001272146822885 14.11227920418605 26.67104201298207 19.259736343286932
leaf_count=196 227 157 188 310 144 403 299 188 208 402 611
internal_value=-0.000994549 -0.00848835 0.00058594 -0.0054492 0.00344303 0.00741617 -0.00155386 -0.0163124 0.00190701 0.000594702 -0.0110532
internal_weight=193.641 36.9532 156.688 43.8468 112.841 67.625 45.2163 22.5032 34.3112 43.8413 32.011
internal_count=3333 541 2792 1109 1683 1032 651 345 507 629 921
is_linear=0
shrinkage=0.05


Tree=444
num_leaves=12
num_cat=0
split_feature=112 113 7 209 11 191 221 19 264 353 87
split_gain=1.04594 1.47715 1.73856 2.01691 2.30914 1.62213 1.42435 1.13239 0.965822 0.789592 0.661583
threshold=111.50000000000001 68.500000000000014 -0.0011047332118708229 4.2027069815067053 0.0013045195749598062 0.93527411560850882 8.7290637740181349 0.33832028808620668 61.500000000000007 0.026240569790104192 0.032130474456136378
decision_type=2 2 2 2 2 2 2 2 2 2 2
left_child=1 2 8 4 -4 6 -3 -2 -1 -7 -8
right_child=7 5 3 -5 -6 9 10 -9 -10 -11 -12
leaf_value=-0.0051191843456308084 0.01766711296135599 0.0067295148327886078 -0.02070121975140192 0.0020591021887452817 0.0015188641178577385 0 0 0 0.010492508588076838 0.019002161278823579 -0.017181465932214438
leaf_weight=12.205084362649361 12.658528284635397 19.027627967880107 39.897552198730409 16.183218640042469 10.061816896777598 11.94158599805087 15.70936702610925 10.120880146045236 17.369854645803571 15.169350799405946 11.845634498400612
leaf_count=243 181 274 669 245 176 242 310 125 361 348 159
internal_value=-0.000160987 -0.00180773 -0.006005 -0.010539 -0.0154494 0.00301363 -0.0018253 0.00893154 0.00263679 0.012342 -0.00944979
internal_weight=192.191 169.411 95.7175 66.1426 49.9594 73.6936 46.5826 22.7794 29.5749 27.1109 27.555
internal_count=3333 3027 1694 1090 845 1333 743 306 604 590 469
is_linear=0
shrinkage=0.05


Tree=445
num_leaves=1
num_cat=0
split_feature=
split_gain=
threshold=
decision_type=
left_child=
right_child=
leaf_value=0
leaf_weight=
leaf_count=3333
internal_value=
internal_weight=
internal_count=
is_linear=0
shrinkage=1


Tree=446
num_leaves=12
num_cat=0
split_feature=242 124 66 284 103 111 372 69 112 112 110
split_gain=1.05841 1.52061 1.34684 1.08364 0.82776 1.27852 0.803372 0.988941 1.49817 0.722494 0.656103
threshold=0.36764705882352949 -8.4999999999999982 0.40124170280856769 -0.27940680602473211 0.17221482578810879 45.500000000000007 0.045960563931771399 -0.0029922593822280237 57.500000000000007 54.500000000000007 55.500000000000007
decision_type=2 2 2 2 2 2 2 2 2 2 2
left_child=1 -1 -3 6 9 -6 7 10 -9 -5 -2
right_child=3 2 -4 4 5 -7 -8 8 -10 -11 -12
leaf_value=0.0014091888874094129 0.0062140223517900654 0 -0.027632307624829246 -0.0059904454013898073 -0.01842601259427282 0 -0.0045405852896232531 0.0019943275116794889 0.02273729842101312 0.0083576628625528036 -0.006257433766635301
leaf_weight=14.413798129186032 18.106181061593816 12.389537836192178 10.009789600968359 11.163170870626347 15.757682170486076 17.284661228186451 13.903572511859236 30.403717092704028 15.145405752584336 15.823505940847097 18.076522651128471
leaf_count=196 338 232 113 291 406 344 237 486 300 157 233
internal_value=-0.00101187 -0.00838547 -0.0160788 0.00054236 -0.00421488 -0.00938164 0.0040727 0.00623691 0.0109002 0.00074956 0
internal_weight=192.478 36.8131 22.3993 155.664 60.029 33.0423 95.6354 81.7318 45.5491 26.9867 36.1827
internal_count=3333 541 345 2792 1198 750 1594 1357 786 448 571
is_linear=0
shrinkage=0.05


Tree=447
num_leaves=11
num_cat=0
split_feature=126 83 297 394 86 119 41 265 104 74
split_gain=1.01159 1.61201 1.60564 1.25785 1.14636 1.42749 1.03374 1.02027 0.982584 0.153669
threshold=-0.0063472843331680009 0.24888837878382633 -0.67975122581554703 0.010501937751203451 -6258.7442790298683 -0.17455771583318427 0.0045310370459813835 0.14656311962987445 0.033364123344000442 -0.1000665697595904
decision_type=2 2 2 2 2 2 2 2 2 2
left_child=1 8 6 4 5 -4 -2 -6 9 -1
right_child=2 -3 3 -5 7 -7 -8 -9 -10 -11
leaf_value=-0.0039144509855884441 -0.014093194520655076 0.0044271527050353697 -0.0023762007710716564 0.019747488667453888 0.0011741203347302902 0.012537747405083522 0.0003898617858136968 -0.012655241533066129 0 -0.024365758736016759
leaf_weight=10.020739822881298 19.12090477370657 14.116321896668522 16.962565356865525 10.400652926415203 32.166248001856729 38.191381154349074 13.823332949541507 14.907335458789019 10.054259030497631 11.268417227780448
leaf_count=182 540 194 216 195 466 746 307 159 168 160
internal_value=-0.000147233 -0.00663812 0.00163633 0.004742 0.00222071 0.00720522 -0.00709976 -0.00270267 -0.0130289 -0.0184704
internal_weight=191.032 45.4597 145.572 112.628 102.228 55.1539 32.9442 47.0736 31.3434 21.2892
internal_count=3333 704 2629 1782 1587 962 847 625 510 342
is_linear=0
shrinkage=0.05


Tree=448
num_leaves=1
num_cat=0
split_feature=
split_gain=
threshold=
decision_type=
left_child=
right_child=
leaf_value=0
leaf_weight=
leaf_count=3333
internal_value=
internal_weight=
internal_count=
is_linear=0
shrinkage=1


Tree=449
num_leaves=11
num_cat=0
split_feature=85 270 165 54 272 207 365 165 207 162
split_gain=1.05624 1.89938 0.947374 1.97572 1.02701 1.19605 0.938593 0.920889 0.43071 0.339351
threshold=1.0000000180025095e-35 -1.0868400925320802 -0.002024798131751551 -0.0045278289008504049 -1.3335504372647797 1.3861520379623133 0.21955441143790819 -0.00053639123990433185 0.66997223932226346 1.177972268613531
decision_type=2 2 2 2 2 2 2 2 2 2
left_child=2 6 -1 9 5 -5 -2 -3 -6 -4
right_child=1 7 3 4 8 -7 -8 -9 -10 -11
leaf_value=-0.0098652098822373715 0.010066199010223847 -0.027260920053201423 0.017861970601628134 0.0082889621022811614 0 -0.003088286680258347 -0.0068334780133485207 -0.00077499261237731808 -0.014631177707712523 6.6853092089091024e-05
leaf_weight=13.801707578822969 12.871133581735196 10.182903105393054 17.689588153501976 38.698937974404544 10.686988820787521 41.562386686215177 12.812505846610291 10.292673215502871 12.683466469636185 10.036883843247777
leaf_count=206 214 261 333 651 189 575 146 115 435 208
internal_value=-0.00103187 -0.00748531 0.000792789 0.00248003 -0.000349018 0.00189787 5.95314e-05 -0.0178773 -0.00929965 0.0136829
internal_weight=191.319 46.1592 145.16 131.358 103.632 80.2613 25.6836 20.4756 23.3705 27.7265
internal_count=3333 736 2597 2391 1850 1226 360 376 624 541
is_linear=0
shrinkage=0.05


Tree=450
num_leaves=12
num_cat=0
split_feature=73 111 349 260 103 41 215 215 231 354 105
split_gain=1.00357 1.77509 1.69609 1.84895 1.36118 1.11867 1.34624 0.929216 0.708174 0.588649 0.160454
threshold=1.1610093869653542 43.500000000000007 -3.4999999999999996 0.4272727272727273 0.23759769481489051 0.005474441057578547 6.2093877775920614 5.4682487948459144 57.500000000000007 0.053461156249961957 -0.040573223097779935
decision_type=2 2 2 2 2 2 2 2 2 2 2
left_child=2 10 4 8 9 6 -5 -3 -4 -1 -2
right_child=1 7 3 5 -6 -7 -8 -9 -10 -11 -12
leaf_value=-0.0030314311673892542 0.0021682633150166982 -0.0091234618667442747 0 -0.012198280390267088 0 0.0080961263852197644 0.0037120697406982568 0.0068246011971002125 0.017821139133097085 -0.02191447239911281 0.020373219815751752
leaf_weight=15.696167693473397 10.019279477419333 17.939353646244857 12.585027363384144 35.22916037379764 19.306141288019717 10.693416690686716 12.510573215433395 10.895273265079593 15.549451285274698 17.338095347047783 12.09147822181694
leaf_count=339 179 326 305 533 307 183 253 205 236 294 173
internal_value=-0.000153632 0.0053662 -0.00260105 0.00123142 -0.00956635 -0.00322123 -0.00707047 -0.00145155 0.0115045 -0.0153292 0.0153596
internal_weight=189.853 50.9454 138.908 86.5676 52.3404 58.4332 47.7397 28.8346 28.1345 33.0343 22.1108
internal_count=3333 883 2450 1510 940 969 786 531 541 633 352
is_linear=0
shrinkage=0.05


Tree=451
num_leaves=1
num_cat=0
split_feature=
split_gain=
threshold=
decision_type=
left_child=
right_child=
leaf_value=0
leaf_weight=
leaf_count=3333
internal_value=
internal_weight=
internal_count=
is_linear=0
shrinkage=1


Tree=452
num_leaves=10
num_cat=0
split_feature=126 272 162 104 378 64 167 104 364
split_gain=1.02471 1.25057 1.33617 1.6171 1.42751 1.35272 1.29192 1.61491 1.06712
threshold=-0.012026496457366196 -1.8315200688089672 1.1252079450142063 -0.061496741382546044 1.0000000180025095e-35 0.43230991147603043 -0.65435207280614127 0.048151706079414561 0.43361820734901785
decision_type=2 2 2 2 2 2 2 2 2
left_child=-1 -2 6 5 -5 -4 8 -8 -3
right_child=1 2 3 4 -6 -7 7 -9 -10
leaf_value=-0.013048060412749746 0.013788706186320812 0.0047438622577616642 -0.023002585561139988 -0.011559086421661396 0.0062664544964262693 0 0.011941444002510352 -0.0044725715147888893 -0.010956863043032516
leaf_weight=13.258457773597909 12.222128951689227 11.336894433712585 16.751357767498124 14.383936830912715 28.732217374723405 12.03194677189458 44.469865489751101 14.66679493174888 22.290224131545983
leaf_count=164 550 143 246 327 400 203 674 228 398
internal_value=-0.00103337 0 -0.00117701 -0.00635645 0 -0.0149135 0.00238873 0.00704645 -0.00434348
internal_weight=190.144 176.885 164.663 71.8995 43.1162 28.7833 92.7638 59.1367 33.6271
internal_count=3333 3169 2619 1176 727 449 1443 902 541
is_linear=0
shrinkage=0.05


Tree=453
num_leaves=14
num_cat=0
split_feature=284 210 87 25 28 74 372 7 87 74 392 191 31
split_gain=0.987568 1.75066 0.936753 1.35171 1.30965 0.996888 0.661244 0.776721 0.633078 0.991266 0.920931 0.48067 0.220047
threshold=-0.38220169564211975 0.48417764376044614 0.041163559178917127 0.016967755952162714 0.041597827717896031 -0.0016779151790906526 -0.0029314083486354776 0.0010451230910518696 -0.092078355876263826 -0.19407887023075363 2.5000000000000004 0.87981743683490421 0.0063484449757938389
decision_type=2 2 2 2 2 2 2 2 2 2 2 2 2
left_child=1 11 4 -4 6 -6 -2 -8 -3 12 -11 -1 -10
right_child=2 8 3 -5 5 -7 7 -9 9 10 -12 -13 -14
leaf_value=-0.021591126591880214 0.020849202672478508 -0.0083757498185674396 -0.016350762792078036 0.0035414605397461685 -0.0083382604072722074 0.007766493944256294 -0.0018871552791196657 0.012810045592277011 0 0.0055256794948148232 -0.0089209826969534924 -0.00057520267416809009 0.015312161303612685
leaf_weight=12.18483414896764 14.330952577991409 14.328722162870688 10.253979274537416 14.718986047664655 17.940669712610543 14.180284032714551 13.060011305846276 10.412067170720546 11.218421380035581 14.443477675085886 20.594412833801471 10.066124136326833 11.020593129331244
leaf_count=310 311 203 110 300 310 306 218 110 194 236 295 280 150
internal_value=-0.00012556 -0.00394165 0.00314308 -0.0037165 0.0063307 0 0.0123235 0.00345653 0 0.00246761 -0.00168512 -0.0152617 0.010414
internal_weight=188.754 93.8566 94.897 24.973 69.924 32.121 37.803 23.4721 71.6056 57.2769 35.0379 22.251 22.239
internal_count=3333 1668 1665 410 1255 616 639 328 1078 875 531 590 344
is_linear=0
shrinkage=0.05


Tree=454
num_leaves=1
num_cat=0
split_feature=
split_gain=
threshold=
decision_type=
left_child=
right_child=
leaf_value=0
leaf_weight=
leaf_count=3333
internal_value=
internal_weight=
internal_count=
is_linear=0
shrinkage=1


Tree=455
num_leaves=10
num_cat=0
split_feature=119 11 162 125 54 206 354 130 19
split_gain=1.03012 2.38652 1.45367 2.14108 1.12077 1.98788 1.542 1.10372 0.91763
threshold=-0.17455771583318427 -0.0015800327109037891 1.1736885256911191 -0.0044983144981850815 0.0044763651229716714 0.0057225348426612303 0.032536849139896525 4.5000000000000009 0.3483656932814379
decision_type=2 2 2 2 2 2 2 2 2
left_child=8 -2 4 -4 5 -3 -6 -5 -1
right_child=1 2 3 7 6 -7 -8 -9 -10
leaf_value=0 -0.018484738602017627 0.015477352926818976 0.0056482013320412116 -0.021991470802172827 -0.011238339940932811 -0.00031219590148649112 0.0059136311585015026 0 0.016446910029410646
leaf_weight=10.016905966214837 17.966689087217674 31.235952923540026 12.749315296532584 18.65082792239264 24.149876178940758 33.599807727267034 18.936537034111097 10.35587716870941 11.378005513455717
leaf_count=177 368 647 236 369 310 577 360 141 148
internal_value=-0.00106797 -0.00265089 -9.69122e-05 -0.00799573 0.00264204 0.00690573 -0.00272087 -0.0155221 0.00808642
internal_weight=189.04 167.645 149.678 41.756 107.922 64.8358 43.0864 29.0067 21.3949
internal_count=3333 3008 2640 746 1894 1224 670 510 325
is_linear=0
shrinkage=0.05


Tree=456
num_leaves=14
num_cat=0
split_feature=126 28 297 191 353 73 113 105 64 124 104 104 264
split_gain=1.05571 1.61842 1.53377 0.982707 1.07696 0.996264 1.89432 0.838081 0.905864 0.73232 0.708979 0.478954 0.469079
threshold=-0.0063472843331680009 0.041305941069889829 -0.67975122581554703 0.93361344170522054 0.0082755818789367885 1.1051626524198424 101.50000000000001 0.12016365900450586 0.27374954805537044 -9.4999999999999982 0.0018613728362408581 -0.0443278765606046 63.500000000000007
decision_type=2 2 2 2 2 2 2 2 2 2 2 2 2
left_child=1 12 7 5 -5 9 -7 8 -2 -4 -3 -6 -1
right_child=2 10 3 4 11 6 -8 -9 -10 -11 -12 -13 -14
leaf_value=0.0082435115782143274 0 -0.024645352720544633 -0.010376779871602746 0 0.00046285769396355725 0.017434084002964919 -0.0051839825887944882 0.0011142326926982331 -0.019938798379076451 0.00063349750143577637 -0.00047373348453531855 0.020169867906184483 -0.0036476286902966202
leaf_weight=11.093174262437971 10.043059045914562 10.227288310183214 19.220821569673717 10.087785863317547 10.225486073642971 17.773573380894963 10.112483763601629 10.035046654054893 12.145735340425743 24.316711476771161 10.089354939875191 18.902700095321052 13.284437305992467
leaf_count=197 214 146 226 153 172 272 126 218 415 454 162 379 199
internal_value=-0.000142042 -0.00682293 0.0017026 0.00476449 0.0109086 0.000415431 0.00790626 -0.00690121 -0.0122122 -0.00350847 -0.0163914 0.0154972 0.000247562
internal_weight=187.558 44.6943 142.863 110.64 39.216 71.4236 27.8861 32.2238 22.1888 43.5375 20.3166 29.1282 24.3776
internal_count=3333 704 2629 1782 704 1078 398 847 629 680 308 551 396
is_linear=0
shrinkage=0.05


Tree=457
num_leaves=1
num_cat=0
split_feature=
split_gain=
threshold=
decision_type=
left_child=
right_child=
leaf_value=0
leaf_weight=
leaf_count=3333
internal_value=
internal_weight=
internal_count=
is_linear=0
shrinkage=1


Tree=458
num_leaves=11
num_cat=0
split_feature=165 208 20 229 104 25 213 38 386 117
split_gain=1.03891 1.61478 1.19259 1.4942 1.37163 1.24292 1.03622 0.938668 0.902054 0.417942
threshold=-0.001104047350781341 1.5808449183699915 0.16183489856899558 -8.7329810746926277 -0.18346201674305576 0.017669339119818384 4.669143008130157 0.29687273844868783 0.0078286662573618954 -0.19800100112891333
decision_type=2 2 2 2 2 2 2 2 2 2
left_child=1 6 7 -4 -5 -6 -1 -2 9 -8
right_child=2 -3 3 4 5 -7 8 -9 -10 -11
leaf_value=-0.012581643189876271 0.018378332171010866 -0.021913049570676767 -0.013658582347635853 -0.010450316308697312 0.014982296239008659 0 -0.0094880457491904116 0 0.011455847929154425 0.0010769675973485062
leaf_weight=12.269312433199955 13.063956074533055 10.804206870496271 16.470772439148277 14.587224932387469 18.346062183845788 56.004054129589349 10.160334588494147 11.077389644226058 14.696495034149846 10.369881495251326
leaf_count=221 286 196 361 195 343 909 177 266 222 157
internal_value=-0.0010587 -0.0065635 0.00113385 -0.000819103 0.00138296 0.00466629 -0.000987238 0.0106512 0.00241353 -0.00256976
internal_weight=187.85 58.3002 129.549 105.408 88.9373 74.3501 47.496 24.1413 35.2267 20.5302
internal_count=3333 973 2360 1808 1447 1252 777 552 556 334
is_linear=0
shrinkage=0.05


Tree=459
num_leaves=13
num_cat=0
split_feature=126 28 309 244 375 355 162 162 20 104 227 365
split_gain=1.0213 1.55929 1.48189 1.06206 0.922861 0.93947 0.83416 1.56156 1.08093 0.684425 0.438959 0.0376879
threshold=-0.0063472843331680009 0.041305941069889829 0.17247272197962127 0.77272727272727282 1.0000000180025095e-35 -0.065123992881989237 0.92236620669419744 2.0660567610175931 0.24099385290963679 0.0018613728362408581 1.7216809267916631 0.19826066174770632
decision_type=2 2 2 2 2 2 2 2 2 2 2 2
left_child=1 10 3 11 6 -6 8 -8 -4 -3 -1 -2
right_child=2 9 4 -5 5 -7 7 -9 -10 -11 -12 -13
leaf_value=0.0079373853867874874 -0.017794473573451767 -0.024351324997228568 -0.009635099679994227 0.00093854488910180512 0 0.019427057063363257 0.015584984914057413 -0.0021212664935335037 0.0050034366532075367 -0.00043374491958182802 -0.003588738975902556 -0.0019397012206688652
leaf_weight=11.124523007543759 10.221731912577527 10.111898837843912 24.942989686504006 15.941180220106615 12.085635359399022 15.903844789136199 20.274041621596552 16.681528328801505 15.731644612736998 10.063202046905642 13.161364442901684 10.078246040735392
leaf_count=220 366 146 330 345 192 314 373 337 195 162 176 177
internal_value=-0.000175013 -0.00676019 0.00164096 -0.00618902 0.00488471 0.0124272 0.00118398 0.00678193 -0.00287377 -0.0161794 0.000150732 -0.0133323
internal_weight=186.322 44.461 141.861 36.2412 105.62 27.9895 77.6302 36.9556 40.6746 20.1751 24.2859 20.3
internal_count=3333 704 2629 888 1741 506 1235 710 525 308 396 543
is_linear=0
shrinkage=0.05


Tree=460
num_leaves=1
num_cat=0
split_feature=
split_gain=
threshold=
decision_type=
left_child=
right_child=
leaf_value=0
leaf_weight=
leaf_count=3333
internal_value=
internal_weight=
internal_count=
is_linear=0
shrinkage=1


Tree=461
num_leaves=10
num_cat=0
split_feature=85 103 56 165 5 103 111 394 179
split_gain=1.04548 1.83744 1.23596 0.895003 1.91229 1.71782 1.67195 0.976352 0.124663
threshold=1.0000000180025095e-35 0.19152096853598577 0.38966214573472086 -0.002024798131751551 0.00050719615545336005 0.12238935807596166 41.500000000000007 -0.0067761377957484261 -0.40751833217519035
decision_type=2 2 2 2 2 2 2 2 2
left_child=3 -2 -3 -1 7 -6 -7 -5 -9
right_child=1 2 -4 4 5 6 -8 8 -10
leaf_value=-0.0096392396657892804 0.0021595359801849213 0 -0.024616133442698362 0 -0.014513850820435843 -0.0046965650771215025 0.010852372614775846 0.0039480766343264083 0.019610646528463459
leaf_weight=13.44306047039572 18.872473710332997 12.211076765903274 14.006218184949828 18.198239654884674 17.95531298732385 33.876299723284319 26.968970539746806 13.833934129215779 17.257653650362045
leaf_count=206 317 213 206 365 235 591 561 304 335
internal_value=-0.00103383 -0.00752554 -0.0157145 0.000801637 0.00247434 -0.0018594 0.00159828 0.0100681 0.015069
internal_weight=186.623 45.0898 26.2173 141.533 128.09 78.8006 60.8453 49.2898 31.0916
internal_count=3333 736 419 2597 2391 1387 1152 1004 639
is_linear=0
shrinkage=0.05


Tree=462
num_leaves=11
num_cat=0
split_feature=307 28 126 73 111 7 260 20 66 71
split_gain=1.00398 1.30967 1.89658 1.23096 1.20192 1.65168 1.06369 1.03816 1.48732 0.719653
threshold=0.39567104035685524 0.033217973051920001 -0.0019584198887366284 0.94860999434724069 54.500000000000007 -0.00075143254384946168 0.99090909090909107 0.16183489856899558 0.25227846821385697 1.2568303561300913
decision_type=2 2 2 2 2 2 2 2 2 2
left_child=1 7 6 -2 5 -4 -3 -1 -9 -10
right_child=3 2 4 -5 -6 -7 -8 8 9 -11
leaf_value=-0.0062725976923397797 0 -0.02097615180785134 0.013861256454330987 0.018616096447491116 -0.010906188570638764 -0.0038695974999263536 0 -0.0048102011219030216 0.01652449605233024 0
leaf_weight=15.395424557616932 18.868923585163433 21.689607369713485 20.53122636815533 11.11045273428317 15.939295367104931 21.050244305282831 11.791287730215116 12.416991072008384 24.647451185388491 11.748765721451489
leaf_count=255 506 391 249 538 223 365 150 203 334 119
internal_value=-0.000210479 -0.00211183 -0.00606933 0.00741381 0 0.00410726 -0.0149963 0.00277367 0.0067898 0.0120814
internal_weight=185.19 155.21 91.0017 29.9794 57.5208 41.5815 33.4809 64.2086 48.8132 36.3962
internal_count=3333 2289 1378 1044 837 614 541 911 656 453
is_linear=0
shrinkage=0.05


Tree=463
num_leaves=1
num_cat=0
split_feature=
split_gain=
threshold=
decision_type=
left_child=
right_child=
leaf_value=0
leaf_weight=
leaf_count=3333
internal_value=
internal_weight=
internal_count=
is_linear=0
shrinkage=1


Tree=464
num_leaves=13
num_cat=0
split_feature=85 266 354 349 222 165 299 365 9 71 266 8
split_gain=0.993286 1.8063 0.869622 1.41252 1.14976 1.01389 1.2148 0.822531 0.818845 0.768436 0.758395 0.669302
threshold=1.0000000180025095e-35 -0.086840092532080512 0.031247704896437283 3.5000000000000004 0.20681848154943136 -0.002024798131751551 -0.20721946274686323 0.21955441143790819 -0.00073335237851612767 0.85370111581861696 0.11480085735728834 0.01147905374044321
decision_type=2 2 2 2 2 2 2 2 2 2 2 2
left_child=2 7 3 4 10 -4 8 -2 -7 -8 -1 -6
right_child=1 -3 5 -5 11 6 9 -9 -10 -11 -12 -13
leaf_value=0.017403386074018888 0.0096159503243761421 -0.017582443742898878 -0.0063883211708191424 -0.014777427452845463 0 0.0018505678529176621 -0.0099780895162158434 -0.0063484284154183244 0.019612815287013627 0.0049128387228925844 0 -0.013163060190326351
leaf_weight=10.112311165779831 12.54861388448626 19.971981294569559 11.519787805736994 16.213911451864988 10.179883643519135 20.32146202865988 10.526933294022458 12.352671993197871 19.161777800647542 20.795062272227369 10.415107607375829 11.377765171928329
leaf_count=233 214 376 167 212 169 346 288 146 464 366 140 212
internal_value=-0.00100561 -0.0073497 0.000781905 -0.0033391 0.00064874 0.00430101 0.00690657 7.34504e-05 0.012424 0 0.00939222 -0.00577116
internal_weight=185.497 44.8733 140.624 58.299 42.0851 82.325 70.8052 24.9013 39.4832 31.322 20.5274 21.5576
internal_count=3333 736 2597 966 754 1631 1464 360 810 654 373 381
is_linear=0
shrinkage=0.05


Tree=465
num_leaves=10
num_cat=0
split_feature=126 83 311 105 17 119 162 41 386
split_gain=0.951824 1.53465 1.40806 1.23328 1.09344 0.949116 2.32937 0.879496 0.843567
threshold=-0.0063472843331680009 0.24296658301123794 0.44747272197962101 0.12578938244510959 -0.0005363778618793024 -0.17455771583318427 1.1736885256911191 0.0046088288847922721 -1.0000000180025095e-35
decision_type=2 2 2 2 2 2 2 2 2
left_child=1 4 3 7 -1 -4 8 -2 -7
right_child=2 -3 5 -5 -6 6 -8 -9 -10
leaf_value=0 -0.019421620632044844 0.0040521325779637489 -0.0040780090451260275 0.003901290809451253 -0.019267532547340215 0.010010285957318309 0.020634256128801268 0 -0.0013683109897849506
leaf_weight=10.373037078417839 14.336443751119079 13.977023793384431 16.44946893164888 11.328977027442305 19.522160911350511 18.304407838266343 20.760761128622107 10.08926724269986 48.641498152632266
leaf_count=167 424 200 221 230 337 343 508 234 669
internal_value=-0.000251689 -0.00664485 0.00150057 -0.0061702 -0.0130795 0.00469942 0.0069773 -0.0125804 0.0013239
internal_weight=183.783 43.8722 139.911 35.7547 29.8952 104.156 87.7067 24.4257 66.9459
internal_count=3333 704 2629 888 504 1741 1520 658 1012
is_linear=0
shrinkage=0.05


Tree=466
num_leaves=1
num_cat=0
split_feature=
split_gain=
threshold=
decision_type=
left_child=
right_child=
leaf_value=0
leaf_weight=
leaf_count=3333
internal_value=
internal_weight=
internal_count=
is_linear=0
shrinkage=1


Tree=467
num_leaves=13
num_cat=0
split_feature=90 286 10 394 399 104 399 165 83 73 265 103
split_gain=1.00598 1.02591 1.08399 1.27663 1.19533 0.958338 0.933035 0.831487 0.822121 0.774877 0.812266 0.445147
threshold=1.0000000180025095e-35 -0.72916024343118391 -0.0097214566061232365 0.010501937751203451 -0.17321516996854083 -0.0073949857469988011 -0.037391613521426996 -0.0011593441404154847 0.053325995473427416 1.1507865173448406 0.098180845371856618 0.15603447787732719
decision_type=2 2 2 2 2 2 2 2 2 2 2 2
left_child=1 7 4 5 -3 -4 -6 9 -5 10 -1 -9
right_child=-2 2 3 8 6 -7 -8 11 -10 -11 -12 -13
leaf_value=0.013746937004095164 -0.011990583792377517 9.8445132305749496e-05 0.010194861681157723 0 -0.023130710092629236 -0.0012670494114221927 0 0 -0.01705351394174642 -0.0095191835191949861 -0.0011527372356401645 0.017946986354514787
leaf_weight=11.566761409398174 15.731056690448893 11.561031976481898 33.388698646100238 13.008617340587081 13.304855177178977 22.182973555289209 10.122551372740419 10.029899696819486 10.159683116944505 10.216603946872054 10.12095270026475 12.699210351565851
leaf_count=172 220 203 467 169 355 349 206 242 157 110 122 561
internal_value=-0.000975648 0 -0.00244838 0.000290466 -0.0094644 0.00493532 -0.015551 0.00568862 -0.00822854 0 0.0054733 0.0123806
internal_weight=184.093 168.362 113.728 78.74 34.9884 55.5717 23.4274 54.6334 23.1683 31.9043 21.6877 22.7291
internal_count=3333 3113 1906 1142 764 816 561 1207 326 404 294 803
is_linear=0
shrinkage=0.05


Tree=468
num_leaves=12
num_cat=0
split_feature=272 207 20 304 28 30 365 258 28 63 104
split_gain=0.944203 1.05647 1.16474 1.20043 1.137 1.01566 1.00707 0.83398 0.664607 0.510804 0.396638
threshold=-1.2144320882523838 1.1111805780579302 0.15968047747594211 1.0000000180025095e-35 0.041597827717896031 0.003842074979813296 0.19945524934787537 0.98529411764705899 0.036041103444773216 -0.03291374906964583 0.036994963798476339
decision_type=2 2 2 2 2 2 2 2 2 2 2
left_child=1 5 3 -3 9 -1 8 -5 -7 -4 -6
right_child=-2 2 4 7 10 6 -8 -9 -10 -11 -12
leaf_value=0 0.010864356152737325 -0.013571420729681866 0 -0.0065465498478858479 -0.0081713586386743097 -0.0021860950835023338 0 0.0078987355566023324 -0.025348563463639895 0.013970613128015464 0.0021578896975458397
leaf_weight=19.125894793774933 13.376600838964803 18.46208280895371 12.932216737652196 13.798666769871486 11.918797947932037 11.515787017764525 11.45253163971938 18.96004824899137 12.035845547448842 28.119572012219578 10.813634171849115
leaf_count=298 780 392 225 182 216 179 172 210 181 346 152
internal_value=-0.000254017 -0.00159784 0.000760968 -0.00420111 0.00550408 -0.00726137 -0.0120862 0.000377063 -0.0174328 0.0104351 -0.00163601
internal_weight=182.512 169.135 115.005 51.2208 63.7842 54.1301 35.0042 32.7587 23.5516 41.0518 22.7324
internal_count=3333 2553 1723 784 939 830 532 392 360 571 368
is_linear=0
shrinkage=0.05


Tree=469
num_leaves=1
num_cat=0
split_feature=
split_gain=
threshold=
decision_type=
left_child=
right_child=
leaf_value=0
leaf_weight=
leaf_count=3333
internal_value=
internal_weight=
internal_count=
is_linear=0
shrinkage=1


Tree=470
num_leaves=11
num_cat=0
split_feature=242 113 268 25 25 386 163 206 28 399
split_gain=1.02902 1.51767 0.985096 0.712062 1.09497 2.14557 0.882967 0.85489 0.618841 0.378
threshold=0.36764705882352949 46.500000000000007 -0.33720536712349941 0.032998100740446644 0.016967755952162714 0.084641579176401929 0.0053663053141392728 0.0088146715942919122 0.022220641401267466 -0.13004165194287873
decision_type=2 2 2 2 2 2 2 2 2 2
left_child=1 -1 3 4 5 -2 -6 -5 -4 -10
right_child=2 -3 8 7 6 -7 -8 -9 9 -11
leaf_value=0 0.01618573886773263 -0.018613485723259337 0.00012197811043675566 0.014595587607812889 -0.0094746887341474184 -0.006937857015682317 0.002943141235865962 0 0 -0.015889895250805121
leaf_weight=19.27449097414501 21.415079575031996 15.748000177787615 10.019582209875805 20.597494078334421 31.302634523482993 11.160919168032704 14.501164277549831 16.040879172738642 10.335879567661321 12.430580154526981
leaf_count=315 439 226 207 290 436 135 246 272 370 397
internal_value=-0.000983537 -0.00842878 0.000581654 0.00306629 0 0.00694091 -0.00457953 0.00853836 -0.00626395 -0.0107019
internal_weight=182.827 35.0225 147.804 115.018 78.3798 32.576 45.8038 36.6384 32.786 22.7665
internal_count=3333 541 2792 1818 1256 574 682 562 974 767
is_linear=0
shrinkage=0.05


Tree=471
num_leaves=12
num_cat=0
split_feature=126 66 297 191 210 73 209 209 74 357 117
split_gain=0.917422 1.29511 1.29237 0.903605 0.95946 0.898748 1.60505 0.693617 0.686148 0.569426 0.428401
threshold=-0.0063472843331680009 0.35559361662861327 -0.67975122581554703 0.93361344170522054 0.80164177609521625 1.1051626524198424 3.7674341830227571 3.1507871435410428 -0.071043749652068222 0.28125000000000006 -0.47306312819499646
decision_type=2 2 2 2 2 2 2 2 2 2 2
left_child=1 -1 8 5 10 7 -7 -4 -2 -3 -5
right_child=2 9 3 4 -6 6 -8 -9 -10 -11 -12
leaf_value=0.00080492768862244128 0 -4.4959771275043907e-05 0.0030229776867663483 0.0027514828137864909 0 -0.0033382492852921646 0.017199521553101598 -0.0082512360533229124 -0.014664363490182615 -0.020617097553718065 0.021610285949145176
leaf_weight=19.679505821317434 19.284369556698952 10.99633488385007 13.405139413196592 13.855648035183547 10.486942657851612 11.314466188661756 15.601632703095673 29.049746399512514 11.760635098442433 12.664336981019003 13.420213175588289
leaf_count=336 462 160 272 274 135 182 216 408 385 208 295
internal_value=-0.000276103 -0.00658882 0.00144767 0.00433325 0.0103021 0.000100818 0.0074259 -0.00362684 -0.00654595 -0.0140125 0.0149037
internal_weight=181.519 43.3402 138.179 107.134 37.7628 69.371 26.9161 42.4549 31.045 23.6607 27.2759
internal_count=3333 704 2629 1782 704 1078 398 680 847 368 569
is_linear=0
shrinkage=0.05


Tree=472
num_leaves=1
num_cat=0
split_feature=
split_gain=
threshold=
decision_type=
left_child=
right_child=
leaf_value=0
leaf_weight=
leaf_count=3333
internal_value=
internal_weight=
internal_count=
is_linear=0
shrinkage=1


Tree=473
num_leaves=7
num_cat=0
split_feature=126 274 399 11 163 119
split_gain=0.982063 1.09143 1.29874 1.47345 2.40621 1.92071
threshold=-0.012026496457366196 0.16847993119103252 0.034462287006401075 -0.0006185315156608805 0.0073362234656706602 -0.17985625117178372
decision_type=2 2 2 2 2 2
left_child=-1 -2 3 5 -5 -3
right_child=1 2 -4 4 -6 -7
leaf_value=-0.012843439643125865 0.013267089408295504 0.0055316549901802741 -0.0123385030687109 0.01095504448902683 -0.0046252005461434251 -0.013280329831599403
leaf_weight=12.932804772863163 11.516500144964082 15.618668930372221 19.307578451465815 55.603081229724921 35.249177593272179 31.609875683905557
leaf_count=164 550 246 286 834 582 671
internal_value=-0.000967507 0 -0.00103992 0.000414307 0.00442279 -0.00610487
internal_weight=181.838 168.905 157.388 138.081 90.8523 47.2285
internal_count=3333 3169 2619 2333 1416 917
is_linear=0
shrinkage=0.05


Tree=474
num_leaves=12
num_cat=0
split_feature=307 28 126 73 111 7 221 68 103 221 71
split_gain=0.9198 1.23054 1.70722 1.16628 1.10312 1.53294 0.974483 0.903252 0.77184 0.743074 0.697388
threshold=0.39567104035685524 0.033217973051920001 -0.0019584198887366284 0.94860999434724069 54.500000000000007 -0.00075143254384946168 8.7619288329454506 0.35471858102226211 0.13695044963702221 14.320780373238767 0.90213876507064839
decision_type=2 2 2 2 2 2 2 2 2 2 2
left_child=1 6 10 -2 5 -4 -1 8 -8 -9 -3
right_child=3 2 4 -5 -6 -7 7 9 -10 -11 -12
leaf_value=0.013125385795966555 0 -0.00013435268957746725 0.013403817067785817 0.018151534733057799 -0.010696139581780286 -0.0038731457993667583 0 -0.00047917059457348431 -0.016225734926533543 0.012365310109715307 -0.019974242135537619
leaf_weight=13.744084728416054 18.506597025203522 12.130650221370159 19.898784231860191 10.721291314926928 15.561527061974628 20.501027878141031 10.064216347876938 15.115293242270129 10.374766922788693 13.481405350845305 20.433185363654047
leaf_count=177 506 214 249 538 223 365 130 181 249 174 327
internal_value=-0.00029169 -0.00214497 -0.00603901 0.00705741 0 0.00382279 0.00261086 0 -0.00824048 0.0045928 -0.0146242
internal_weight=180.533 151.305 88.5252 29.2279 55.9613 40.3998 62.7798 49.0357 20.439 28.5967 32.5638
internal_count=3333 2289 1378 1044 837 614 911 734 379 355 541
is_linear=0
shrinkage=0.05


Tree=475
num_leaves=1
num_cat=0
split_feature=
split_gain=
threshold=
decision_type=
left_child=
right_child=
leaf_value=0
leaf_weight=
leaf_count=3333
internal_value=
internal_weight=
internal_count=
is_linear=0
shrinkage=1


Tree=476
num_leaves=9
num_cat=0
split_feature=242 113 268 105 120 167 265 364
split_gain=0.992079 1.4639 0.936135 0.729652 1.08467 1.05169 0.600309 0.0400369
threshold=0.36764705882352949 46.500000000000007 -0.33720536712349941 -0.17211967015600246 0.012505619083082344 -0.52402169223193262 0.17812293456708531 0.47064848820694011
decision_type=2 2 2 2 2 2 2 2
left_child=1 -1 3 -2 5 -5 7 -4
right_child=2 -3 6 4 -6 -7 -8 -9
leaf_value=0 -0.0049369506866991548 -0.018346654476031812 -0.00048732028252558595 0 -0.0066459260647605172 0.011790223854572852 0 -0.013913840673575182
leaf_weight=19.13609951804392 15.766194018768145 15.5919894821709 10.020469191484155 38.498710634419695 10.95241988589987 48.510736651485786 10.29890488728415 12.081447747885248
leaf_count=315 228 226 305 604 144 842 216 453
internal_value=-0.00095814 -0.00829875 0.000582954 0.00302636 0.00491185 0.00709521 -0.00611077 -0.0106042
internal_weight=180.857 34.7281 146.129 113.728 97.9619 87.0094 32.4008 22.1019
internal_count=3333 541 2792 1818 1590 1446 974 758
is_linear=0
shrinkage=0.05


Tree=477
num_leaves=12
num_cat=0
split_feature=69 286 74 394 104 87 30 49 148 66 28
split_gain=0.900102 1.61285 1.60587 1.36876 0.98212 1.32442 0.971635 0.68119 0.67498 0.589056 0.371017
threshold=-0.002551963565061099 -0.64852653657784309 -0.16777724873942293 -0.0046805414806573289 0.048151706079414561 0.041163559178917127 0.016134314558728383 0.60046562714497109 -0.0074323444581314378 0.36448430021490463 0.041597827717896031
decision_type=2 2 2 2 2 2 2 2 2 2 2
left_child=6 2 -2 -4 5 10 7 -1 -8 -9 -3
right_child=1 4 3 -5 -6 -7 8 9 -10 -11 -12
leaf_value=-0.0072889951690130426 0.00049860558376412433 0.0071647240969463831 -0.00011469303424316625 -0.024789961043052179 0.010528259085286417 -0.014474013646920967 0 0.0098891990136849729 0.017008736386778574 -0.0016458991490855485 -0.0016441091155489488
leaf_weight=19.934183798031881 14.288508403580634 18.580231318715963 13.655566576402636 17.621260267915204 18.207655641133897 12.739737239433451 12.284435933455827 16.630172372795645 14.547563607920891 10.79767174948938 10.222049309057182
leaf_count=421 276 275 236 363 353 201 178 324 252 255 199
internal_value=-0.000295527 -0.00347274 -0.0103879 -0.0164283 0.00124846 -0.00213145 0.00352636 0 0.0106585 0.00399033 0.00260604
internal_weight=179.509 105.315 45.5653 31.2768 59.7497 41.542 74.194 47.362 26.832 27.4278 28.8023
internal_count=3333 1903 875 599 1028 675 1430 1000 430 579 474
is_linear=0
shrinkage=0.05


Tree=478
num_leaves=1
num_cat=0
split_feature=
split_gain=
threshold=
decision_type=
left_child=
right_child=
leaf_value=0
leaf_weight=
leaf_count=3333
internal_value=
internal_weight=
internal_count=
is_linear=0
shrinkage=1


Tree=479
num_leaves=7
num_cat=0
split_feature=126 272 399 11 397 399
split_gain=0.961888 1.03054 1.23466 1.35593 2.30201 1.71996
threshold=-0.012026496457366196 -1.8315200688089672 0.034462287006401075 -0.0006185315156608805 0.0073362234656706602 -0.18124222808598359
decision_type=2 2 2 2 2 2
left_child=-1 -2 3 5 -5 -3
right_child=1 2 -4 4 -6 -7
leaf_value=-0.012752315317546748 0.012988620629322928 0.0041119424616922039 -0.012080499238364305 0.010732843844124637 -0.0045637967371902925 -0.013278780643951354
leaf_weight=12.827571270288898 11.315486689098178 17.625887712230906 19.096240702783689 54.909146132529713 34.982380277477205 29.084672968368977
leaf_count=164 550 278 286 834 582 639
internal_value=-0.000961928 0 -0.00100808 0.000407967 0.00428657 -0.00585857
internal_weight=179.841 167.014 155.698 136.602 89.8915 46.7106
internal_count=3333 3169 2619 2333 1416 917
is_linear=0
shrinkage=0.05


Tree=480
num_leaves=13
num_cat=0
split_feature=25 73 25 21 167 383 64 301 11 163 213 112
split_gain=0.889376 1.96368 1.37237 1.49457 1.52504 1.29252 1.23563 1.08645 0.860409 0.720429 0.373897 0.344594
threshold=0.016877205922098411 0.80445192693780221 0.033510231882459336 0.26689695411692849 -0.15243768686996709 2.5000000000000004 0.44453477088317972 -0.1057713065401794 -0.0017270935598668322 0.0077808128721577234 5.1295114715884926 76.500000000000014
decision_type=2 2 2 2 2 2 2 2 2 2 2 2
left_child=1 5 3 4 6 -1 -2 8 -4 -10 -5 -3
right_child=2 11 7 10 -6 -7 -8 -9 9 -11 -12 -13
leaf_value=-0.0060150244747640153 0.01921672611186627 -0.021973935495226828 0 -0.0095859142016110014 -0.0030286099615285549 0.013451002157612963 0 0.0055145744950013927 -0.019358049474337124 0 0 -0.0018552494933932176
leaf_weight=13.563741017132999 32.413739114068449 12.616033933358269 12.996128319762645 10.413297467865052 10.264950492884962 12.098139468347652 14.346410261932759 13.207397113088517 15.874433610355483 10.102790302131323 10.37250283861067 10.357037252048029
leaf_count=304 556 233 178 177 171 250 279 397 208 179 195 206
internal_value=-0.000310264 -0.0060903 0.00156491 0.00594807 0.0102429 0.00186498 0.0141681 -0.00403309 -0.00862275 -0.0134881 -0.00353838 -0.0160908
internal_weight=178.627 48.635 129.992 77.8109 57.0251 25.6619 46.7601 52.1807 38.9734 25.9772 20.7858 22.9731
internal_count=3333 993 2340 1378 1006 554 835 962 565 387 372 439
is_linear=0
shrinkage=0.05


Tree=481
num_leaves=1
num_cat=0
split_feature=
split_gain=
threshold=
decision_type=
left_child=
right_child=
leaf_value=0
leaf_weight=
leaf_count=3333
internal_value=
internal_weight=
internal_count=
is_linear=0
shrinkage=1


Tree=482
num_leaves=11
num_cat=0
split_feature=90 276 10 11 209 353 69 213 81 17
split_gain=0.935435 0.876294 0.950048 1.23896 1.03761 0.835643 0.636654 0.761092 0.472045 0.344088
threshold=1.0000000180025095e-35 0.88943461991139328 -0.0097214566061232365 0.0011802516674548349 4.1485976095636836 0.0068700050145981571 -0.0048279296301102495 4.7475531113038425 0.81330905539692011 -0.00075551248652653104
decision_type=2 2 2 2 2 2 2 2 2 2
left_child=1 6 5 4 -4 -3 9 -8 -7 -1
right_child=-2 2 3 -5 -6 8 7 -9 -10 -11
leaf_value=-0.0063744772977592373 -0.011672302441324785 0 0.0089326185824160353 -0.0099922468406597759 -0.0033021546149244237 -6.0013028200332568e-05 0 0.014818088325429843 -0.019791438662403779 0.0045380755405829793
leaf_weight=11.391307128360497 15.376823900383895 10.571327224955892 40.836166581138968 16.617747083771974 19.12733201100491 10.564939346397297 10.996980139520021 20.214794492581859 12.893848216393961 10.374915783759205
leaf_count=147 220 172 629 290 222 273 279 456 318 327
internal_value=-0.000952585 0 -0.00227439 0.00028246 0.00426444 -0.00893529 0.00535135 0.0096633 -0.0138093 0
internal_weight=178.966 163.589 110.611 76.5812 59.9635 34.0301 52.978 31.2118 23.4588 21.7662
internal_count=3333 3113 1904 1141 851 763 1209 735 591 474
is_linear=0
shrinkage=0.05


Tree=483
num_leaves=12
num_cat=0
split_feature=167 8 10 87 309 34 66 49 163 393 64
split_gain=0.914582 1.88277 1.41178 1.31141 1.25668 1.24042 0.880091 0.818248 0.772038 0.406886 0.399412
threshold=-0.73508298922167781 -0.0021738635294228513 0.0075497467832500321 0.053451254787946441 0.27500000000000141 0.021431844690428952 0.363453966271511 0.18902734548926384 0.004577060265037701 -0.063926059002359106 0.39032144638280619
decision_type=2 2 2 2 2 2 2 2 2 2 2
left_child=7 5 3 10 6 -2 -4 9 -6 -1 -3
right_child=1 2 4 -5 8 -7 -8 -9 -10 -11 -12
leaf_value=-0.0066257278474732067 -0.019375180453998275 0.021170737366122371 0 -0.0020242923154813386 -0.0036716119623997853 0 -0.017857194823649298 0.012507297887306252 0.0097019222585613633 0.0045221316215773924 0.0013838591322419187
leaf_weight=11.756312772864478 20.299587440094911 12.700480906059967 15.333300236379729 10.441409682389347 13.982542550424116 15.911220450885592 15.363024170277638 18.597676334669814 17.283226456493139 15.064309796201995 10.894121720455585
leaf_count=166 434 270 265 174 181 339 308 401 316 292 187
internal_value=-0.000324245 -0.00268188 0.000584686 0.00875928 -0.00333311 -0.0119992 -0.0104154 0.00524691 0.00246406 0 0.0151015
internal_weight=177.627 132.209 95.9981 34.036 61.9621 36.2108 30.6963 45.4183 31.2658 26.8206 23.5946
internal_count=3333 2474 1701 631 1070 773 573 859 497 458 457
is_linear=0
shrinkage=0.05


Tree=484
num_leaves=1
num_cat=0
split_feature=
split_gain=
threshold=
decision_type=
left_child=
right_child=
leaf_value=0
leaf_weight=
leaf_count=3333
internal_value=
internal_weight=
internal_count=
is_linear=0
shrinkage=1


Tree=485
num_leaves=10
num_cat=0
split_feature=165 208 20 229 104 111 213 222 21
split_gain=0.990606 1.48477 1.08112 1.25555 1.21619 1.18063 0.947236 0.785671 0.538727
threshold=-0.001104047350781341 1.5808449183699915 0.16183489856899558 -8.7329810746926277 -0.18346201674305576 31.500000000000004 4.4729466053688691 0.70312726155130711 0.3507811206726319
decision_type=2 2 2 2 2 2 2 2 2
left_child=1 6 7 -4 -5 -6 -1 -2 -8
right_child=2 -3 3 4 5 -7 8 -9 -10
leaf_value=-0.012797592815163353 0 -0.021509026524284214 -0.012757957452228692 -0.009860212251123171 -0.0017942058239894213 0.0099149702701819969 0.008783229874152941 0.017708757889798622 -0.0016581570940710441
leaf_weight=10.609443935798479 10.55258724675514 10.226696565165183 15.526113773579707 13.979697809088973 28.529324040748179 41.814443398267031 15.994661865173837 12.363319151801987 18.373172433231957
leaf_count=191 277 196 361 195 475 777 328 275 258
internal_value=-0.000946735 -0.00648181 0.0012399 -0.00064186 0.0013781 0.00460521 -0.000891541 0.0104936 0.00217819
internal_weight=177.969 55.204 122.765 99.8496 84.3235 70.3438 44.9773 22.9159 34.3678
internal_count=3333 973 2360 1808 1447 1252 777 552 586
is_linear=0
shrinkage=0.05


Tree=486
num_leaves=12
num_cat=0
split_feature=307 28 365 228 167 66 244 73 260 78 162
split_gain=0.874503 1.15836 1.61125 1.53529 1.38893 1.5721 1.12051 1.08491 0.961606 1.17186 1.97196
threshold=0.39567104035685524 0.033217973051920001 0.2062804035199671 3.2655717621200089 -0.37730275795581297 0.39945098950463204 0.57272727272727286 0.94860999434724069 0.4272727272727273 1.1675787379419604 1.0501937751203452
decision_type=2 2 2 2 2 2 2 2 2 2 2
left_child=1 8 3 6 5 -4 -3 -2 -1 10 -10
right_child=7 2 4 -5 -6 -7 -8 -9 9 -11 -12
leaf_value=0.011546998949076391 0 -0.027201213851179913 -0.0028185687682679315 0 -0.010811248696360572 0.016633126535629452 -0.0016515694802879989 0.017746272422772699 -0.020743550833868186 0.0072168724312512388 0.0025792458946908431
leaf_weight=17.893834551796317 18.127257421612743 15.673889398807662 13.524099567322994 15.620935676270163 13.671563295065424 16.238962035160512 12.045778464758767 10.399665955803355 12.540161059121603 17.847061828477308 13.068195745348929
leaf_count=295 506 246 185 262 220 205 260 538 243 195 178
internal_value=-0.000313724 -0.00214644 -0.00596131 -0.0124808 0 0.00681956 -0.0189716 0.00691533 0.00249882 -0.000655762 -0.00807157
internal_weight=176.651 148.124 86.7752 43.3406 43.4346 29.7631 27.7197 28.5269 61.3493 43.4554 25.6084
internal_count=3333 2289 1378 768 610 390 506 1044 911 616 421
is_linear=0
shrinkage=0.05


Tree=487
num_leaves=1
num_cat=0
split_feature=
split_gain=
threshold=
decision_type=
left_child=
right_child=
leaf_value=0
leaf_weight=
leaf_count=3333
internal_value=
internal_weight=
internal_count=
is_linear=0
shrinkage=1


Tree=488
num_leaves=10
num_cat=0
split_feature=242 113 284 372 105 11 45 163 216
split_gain=0.937279 1.4215 0.888066 0.7329 0.805937 0.966347 0.714055 0.311228 0.371498
threshold=0.36764705882352949 46.500000000000007 -0.27940680602473211 0.045960563931771399 -0.16767260772330897 -0.00094233398533782864 0.70657768398497434 0.0061862934913134889 5.5513213160753248
decision_type=2 2 2 2 2 2 2 2 2
left_child=1 -1 3 4 -2 -6 -4 8 -8
right_child=2 -3 6 -5 5 -7 7 -9 -10
leaf_value=0 -0.0030232066290880521 -0.018124758094882554 -0.010361951342980406 -0.0044814971729141544 0 0.012678279282650994 0 -0.0054064581321293468 0.0098248155187670768
leaf_weight=18.769185206154361 10.779417899902908 15.329924724297596 21.785837275558151 12.801982520148156 22.326051646377891 41.833580373553559 12.558763241977433 10.096764088608323 10.716383748920633
leaf_count=315 154 226 695 237 357 846 218 131 154
internal_value=-0.000964228 -0.00815585 0.00054158 0.00390941 0.0061017 0.00844582 -0.00388131 0 0.00387852
internal_weight=176.998 34.0991 142.899 87.741 74.939 64.1596 55.1577 33.3719 23.2751
internal_count=3333 541 2792 1594 1357 1203 1198 503 372
is_linear=0
shrinkage=0.05


Tree=489
num_leaves=13
num_cat=0
split_feature=112 113 27 71 130 25 28 225 268 17 222 64
split_gain=0.843031 1.23921 1.44836 2.006 1.26828 1.49829 0.977124 0.949078 0.867916 0.806027 0.509277 0.508746
threshold=111.50000000000001 68.500000000000014 0.56338777169060539 1.1946939197369228 -8.4999999999999982 0.022090851555743935 0.04248126004580343 -1.4402508651830099 -0.6065132626484856 0.00024768361150300612 0.6995344253280118 0.30478338396272225
decision_type=2 2 2 2 2 2 2 2 2 2 2 2
left_child=1 4 7 -4 6 9 -1 -3 -7 -6 -9 -2
right_child=11 2 3 -5 5 8 -8 10 -10 -11 -12 -13
leaf_value=0 0 0.00494816949235183 0.020804017386030441 -0.0022362184751736312 -0.017217631651297961 -0.0053476773513501559 -0.024614691915905526 0 0.0084392698766872429 0 -0.014560475069556246 0.014684620821143551
leaf_weight=10.069390567485245 10.410001871641727 15.1503495327197 17.354061116930101 10.260498747695236 14.903580583864825 10.332276328234 11.246446092147378 11.211901907343419 30.370200127596036 10.72256236663088 13.33882333897054 10.164908961858599
leaf_count=174 165 278 406 128 284 273 235 249 541 187 272 141
internal_value=-0.000305115 -0.00187817 0.00267262 0.0112297 -0.0058978 -0.00139446 -0.0159537 -0.00247923 0.00366852 -0.0107244 -0.00891725 0.00815282
internal_weight=175.535 154.96 67.3156 27.6146 87.6445 66.3286 21.3158 39.7011 40.7025 25.6261 24.5507 20.5749
internal_count=3333 3027 1333 534 1694 1285 409 799 814 471 521 306
is_linear=0
shrinkage=0.05


Tree=490
num_leaves=1
num_cat=0
split_feature=
split_gain=
threshold=
decision_type=
left_child=
right_child=
leaf_value=0
leaf_weight=
leaf_count=3333
internal_value=
internal_weight=
internal_count=
is_linear=0
shrinkage=1


Tree=491
num_leaves=13
num_cat=0
split_feature=66 124 37 20 56 365 11 112 264 354 270 104
split_gain=0.964205 4.37611 1.60871 1.53421 1.62046 1.37229 1.02582 1.27297 1.15008 0.5615 0.199555 0.163554
threshold=0.40456666594763169 -8.4999999999999982 0.058198502361815306 0.22552104773307893 0.61701957060227419 0.19700953008478739 -0.00059685173856433005 110.50000000000001 67.500000000000014 0.017503945093154196 -0.98468904356173059 -0.057708971107075825
decision_type=2 2 2 2 2 2 2 2 2 2 2 2
left_child=3 5 -3 6 10 11 -1 8 -8 -6 -5 -2
right_child=1 2 -4 4 9 -7 7 -9 -10 -11 -12 -13
leaf_value=-0.0012836241350278508 0.00022687363560887214 -0.026465218212493532 0 -0.0011285546757881682 -0.0014282864401134274 -0.003840990263420867 0.022371916374924753 -5.4088707217033851e-05 0 0.010739663642994996 -0.018699446748139226 0.015710985398003901
leaf_weight=14.119423914293291 10.022826660191642 20.497931308229457 10.744042496895416 10.070765349548312 10.738201569300147 19.719416535808705 20.782882816158235 10.025236313231288 11.915054219425654 11.444971157237886 11.652791896136476 14.160400917287914
leaf_count=311 216 374 194 217 143 364 459 127 198 240 202 288
internal_value=-0.000980947 -0.00533974 -0.0190576 0.00184856 -0.00433281 0.00395066 0.00743659 0.0113072 0.015903 0.0033956 -0.0137015 0.0118662
internal_weight=175.894 75.1446 31.242 100.749 43.9067 43.9026 56.8426 42.7232 32.6979 22.1832 21.7236 24.1832
internal_count=3333 1436 568 1897 802 868 1095 784 657 383 419 504
is_linear=0
shrinkage=0.05


Tree=492
num_leaves=11
num_cat=0
split_feature=41 104 167 54 412 270 45 104 387 378
split_gain=0.876805 1.47007 1.30763 1.62004 0.990991 0.73877 1.34699 0.595995 0.52461 0.432656
threshold=0.0043807248108323925 0.040592229866220395 -0.73508298922167781 -0.0040199223227140859 -1.0000000180025095e-35 -1.1105653800886064 0.70200696900777693 -0.095790396068286543 1.0000000180025095e-35 0.37500000000000006
decision_type=2 2 2 2 2 2 2 2 2 2
left_child=1 2 -1 -4 9 8 -7 -5 -2 -3
right_child=5 4 3 7 -6 6 -8 -9 -10 -11
leaf_value=0.0029315096547160432 -0.0091829345877637632 -0.0076641247195460352 -0.023093269846738745 0.00074815826954908028 0.013490247746271417 0.016179327311160854 -0.00032608972676338157 -0.0085601447679696293 0.0036723610931488834 0.0037274923201305976
leaf_weight=16.869801123975776 10.756071462528782 12.335842663655059 16.744826456764713 20.396847261232324 14.417735574417746 21.051276980899274 13.931105070514603 26.555631744791754 10.454020425211636 10.747269228100775
leaf_count=347 295 243 252 355 314 434 228 481 198 186
internal_value=-0.000326323 -0.00301106 -0.00697906 -0.0103673 0.00416477 0.00433669 0.00878335 -0.00371345 -0.00111165 -0.000624656
internal_weight=174.26 118.068 80.5671 63.6973 37.5008 56.1925 34.9824 46.9525 21.2101 23.0831
internal_count=3333 2178 1435 1088 743 1155 662 836 493 429
is_linear=0
shrinkage=0.05


Tree=493
num_leaves=1
num_cat=0
split_feature=
split_gain=
threshold=
decision_type=
left_child=
right_child=
leaf_value=0
leaf_weight=
leaf_count=3333
internal_value=
internal_weight=
internal_count=
is_linear=0
shrinkage=1


Tree=494
num_leaves=14
num_cat=0
split_feature=66 390 20 56 110 390 111 62 71 231 83 354 270
split_gain=0.918243 3.5864 1.47068 1.56261 1.525 1.464 1.44423 1.20944 1.17155 0.662503 0.661604 0.500869 0.164897
threshold=0.40124170280856769 -0.015613172550136887 0.22552104773307893 0.61701957060227419 48.500000000000007 -0.018633401129050316 26.500000000000004 0.49945271859983348 0.88857641526653341 56.500000000000007 -0.18364450241978003 0.017503945093154196 -0.97665800295815575
decision_type=2 2 2 2 2 2 2 2 2 2 2 2 2
left_child=2 5 4 12 -1 9 -6 8 -3 -2 -8 -5 -4
right_child=1 7 3 11 6 -7 10 -9 -10 -11 -12 -13 -14
leaf_value=0.0174021028863795 0.0057185970400072533 -0.0018787117866081412 -0.0012819651355862952 -0.0010177935913746128 0.013159862325790007 0.018240467528176981 -0.013473452305744295 -0.00066962720982699942 -0.030413824435424442 -0.0087440575245670941 0 0.010316329929529709 -0.018442365438514127
leaf_weight=20.094439846929163 10.987343202577906 10.251034145359883 10.13336076680571 10.537373487837614 11.937433296814559 11.240270357811822 11.75030132231768 16.16991526435595 14.195078135118818 12.706015823176129 12.081388666876594 11.271333126584066 11.26502748322673
leaf_count=455 180 271 213 134 157 263 219 318 199 244 246 235 199
internal_value=-0.000968523 -0.00519794 0.00182489 -0.0042519 0.0073515 0.00533571 0 -0.0151481 -0.0217832 -0.000275212 -0.00617669 0.00336372 -0.0135221
internal_weight=174.62 75.5497 99.0707 43.2071 55.8636 34.9336 35.7691 40.616 24.4461 23.6934 23.8317 21.8087 21.3984
internal_count=3333 1475 1858 781 1077 687 622 788 470 424 465 369 412
is_linear=0
shrinkage=0.05


Tree=495
num_leaves=11
num_cat=0
split_feature=307 28 126 73 221 68 105 86 221 33
split_gain=0.881889 1.12993 1.54939 0.977234 0.851659 0.772886 0.751264 0.982761 0.662544 0.608384
threshold=0.39567104035685524 0.033217973051920001 -0.0019584198887366284 0.94860999434724069 8.7619288329454506 0.35471858102226211 0.14464902652736347 -21689.192286329886 14.320780373238767 0.021724364190390845
decision_type=2 2 2 2 2 2 2 2 2 2
left_child=1 4 9 -2 -1 -6 7 -4 -7 -3
right_child=3 2 6 -5 5 8 -8 -9 -10 -11
leaf_value=0.012429602659993468 0 -0.0029236400225679717 -0.012420680809732503 0.017425250293243433 -0.007834255078118137 -0.00048164572497866331 0.0085663843612942686 0.0010153756253300373 0.011732018777350695 -0.021921487255840727
leaf_weight=13.219793796772136 17.801359284203503 16.719945522141646 17.266586175421253 10.057082201587034 19.537244722945616 14.430529734352605 13.094969970872624 23.550374360987917 12.99310830561444 14.427289638319051
leaf_count=177 506 269 247 538 379 181 216 374 174 272
internal_value=-0.000315797 -0.00217416 -0.0059798 0.00702194 0.00244187 0 0 -0.00398855 0.00424788 -0.0143404
internal_weight=173.098 145.24 85.0592 27.8584 60.1807 46.9609 53.9119 40.817 27.4236 31.1472
internal_count=3333 2289 1378 1044 911 734 837 621 355 541
is_linear=0
shrinkage=0.05


Tree=496
num_leaves=1
num_cat=0
split_feature=
split_gain=
threshold=
decision_type=
left_child=
right_child=
leaf_value=0
leaf_weight=
leaf_count=3333
internal_value=
internal_weight=
internal_count=
is_linear=0
shrinkage=1


Tree=497
num_leaves=12
num_cat=0
split_feature=165 208 4 309 191 264 349 73 28 207 73
split_gain=0.913714 1.39566 0.96343 1.06784 1.05888 1.01034 0.852388 0.634671 0.576252 0.399562 0.394091
threshold=-0.001104047350781341 1.5808449183699915 -0.0055946178725012376 0.27500000000000141 0.58630675625433792 64.500000000000014 3.5000000000000004 1.1507865173448406 0.03453563616197345 1.6225430233344607 0.92249473878955224
decision_type=2 2 2 2 2 2 2 2 2 2 2
left_child=1 7 -2 6 -5 -6 9 10 -8 -4 -1
right_child=2 -3 3 4 5 -7 8 -9 -10 -11 -12
leaf_value=-0.0022077140010219754 0.013445123269857535 -0.021035531381357806 0.016707381054387203 0.0044033342928456792 -0.01567588472511067 0 -0.0074308155390937257 -0.010239808856096756 0.0055606313655935007 0 0.0068285572697562961
leaf_weight=13.817049875506198 11.178891914431004 10.016510069253853 12.336266311816873 13.396758300950749 22.937512471573427 20.956471008714288 14.879403578815984 11.450562378275206 11.664667058503253 12.26142093609087 18.560876222327352
leaf_count=272 226 196 345 193 518 339 227 211 273 239 294
internal_value=-0.000985966 -0.00636253 0.00112304 -2.63764e-05 -0.00501874 -0.00905839 0.00461094 -0.000808665 -4.44672e-05 0.0109052 0.00169887
internal_weight=173.456 53.845 119.611 108.432 57.2907 43.894 51.1418 43.8285 26.5441 24.5977 32.3779
internal_count=3333 973 2360 2134 1050 857 1084 777 500 584 566
is_linear=0
shrinkage=0.05


Tree=498
num_leaves=13
num_cat=0
split_feature=69 266 74 207 365 30 167 52 73 383 66 391
split_gain=0.858225 1.42466 1.48882 0.972695 1.16186 0.895016 0.87384 0.695113 0.677893 0.668186 0.70621 0.431594
threshold=-0.002551963565061099 -0.025944499591313248 -0.16777724873942293 1.1527009186218697 0.1862053580959975 0.016134314558728383 -0.8258907915847421 -0.0066609363595028217 0.99380673693242105 2.5000000000000004 0.35840626957855332 1.5000000000000002
decision_type=2 2 2 2 2 2 2 2 2 2 2 2
left_child=5 2 -2 4 -3 9 -4 -7 -5 11 -11 -1
right_child=1 3 6 8 -6 7 -8 -9 -10 10 -12 -13
leaf_value=-0.012491299945650305 0.00044548139875634089 -0.01152226819819231 0 0 0.0053615349106083164 0 -0.021724622015684706 0.01624598411076492 0.014865722151942424 0.012439848828951038 -0.00088407372385497854 0
leaf_weight=11.125545856310056 13.859868942294268 19.374238370917741 10.780310672009362 11.863304412458094 11.698646646458654 10.39857583504636 19.640887975576337 15.409885804983785 13.740038362564517 11.856694756308572 12.167922414606435 10.17018445394933
leaf_count=271 277 246 133 232 205 145 472 285 338 243 307 179
internal_value=-0.00033763 -0.00351153 -0.0100571 0.00101317 -0.00378585 0.00345258 -0.0159486 0.0104088 0.00837163 0 0.0044924 -0.00680492
internal_weight=172.086 100.957 44.2811 56.6762 31.0729 71.1288 30.4212 25.8085 25.6033 45.3203 24.0246 21.2957
internal_count=3333 1903 882 1021 451 1430 605 430 570 1000 550 450
is_linear=0
shrinkage=0.05


Tree=499
num_leaves=1
num_cat=0
split_feature=
split_gain=
threshold=
decision_type=
left_child=
right_child=
leaf_value=0
leaf_weight=
leaf_count=3333
internal_value=
internal_weight=
internal_count=
is_linear=0
shrinkage=1


Tree=500
num_leaves=11
num_cat=0
split_feature=66 124 37 365 66 36 66 349 386 392
split_gain=0.913708 4.07603 1.52337 1.25081 1.16122 1.16389 2.14607 1.24646 0.629501 0.144394
threshold=0.40456666594763169 -8.4999999999999982 0.058198502361815306 0.19700953008478739 0.37064402062584939 0.033104339461427511 0.25227846821385697 -3.4999999999999996 0.084641579176401929 4.5000000000000009
decision_type=2 2 2 2 2 2 2 2 2 2
left_child=4 3 -3 9 5 6 -1 -7 -8 -2
right_child=1 2 -4 -5 -6 7 8 -9 -10 -11
leaf_value=0.0066577854784349204 0.001679294670710807 -0.025923248077332092 0 -0.003644121484055097 0.013600582231100417 0.015638274053742098 -0.017041707999889147 -0.00062471385125353895 0 0.0166839722234704
leaf_weight=17.350831978954375 12.979997796472164 20.018929805140946 10.605495598865671 19.343535679043271 14.465253357193431 15.589054279611444 22.855418493971229 17.524839891353622 11.073173859040251 10.642889370908959
leaf_count=337 298 374 194 364 351 253 408 382 166 206
internal_value=-0.000971167 -0.00526348 -0.0186223 0.00376427 0.00179409 -5.48557e-05 -0.00520773 0.00631 -0.0126775 0.0114358
internal_weight=172.449 73.5908 30.6244 42.9664 98.8586 84.3933 51.2794 33.1139 33.9286 23.6229
internal_count=3333 1436 568 868 1897 1546 911 635 574 504
is_linear=0
shrinkage=0.05


Tree=501
num_leaves=12
num_cat=0
split_feature=167 54 191 260 231 66 66 49 167 393 260
split_gain=0.854922 1.57151 1.18671 0.855621 1.16376 0.897711 1.70066 0.77504 0.49411 0.349477 0.139596
threshold=-0.73508298922167781 -0.0043659942793260456 0.9114813922560745 0.4272727272727273 57.500000000000007 0.36616851231487135 0.25609591150981542 0.18902734548926384 -0.38062630911110229 -0.063926059002359106 0.73636363636363644
decision_type=2 2 2 2 2 2 2 2 2 2 2
left_child=7 2 10 4 -3 6 -5 9 -7 -1 -2
right_child=1 3 -4 5 -6 8 -8 -9 -10 -11 -12
leaf_value=-0.0063212027446841032 -0.022978039739200942 -0.00043594753989254848 0 -0.01175361450165455 0.015417030643529894 0 0.0093823892294126951 0.012288656354108127 -0.013765673013872687 0.0041382139802242368 -0.0035683712749396863
leaf_weight=11.353053235681729 12.185880557866769 14.849374037468808 10.424447447294368 10.366471107699907 16.330242374911904 10.197830713121222 25.334509954787791 17.877276191371493 17.285159939900041 14.528899196884593 10.200828533037564
leaf_count=166 181 368 237 207 334 216 402 401 315 292 214
internal_value=-0.000358066 -0.00269364 -0.0116619 0.000174432 0.00702856 -0.00261771 0.00151782 0.00509768 -0.00925077 0 -0.0175701
internal_weight=170.934 127.175 32.8112 94.3636 31.1796 63.184 35.701 43.7592 27.483 25.882 22.3867
internal_count=3333 2474 632 1842 702 1140 609 859 531 458 395
is_linear=0
shrinkage=0.05


Tree=502
num_leaves=1
num_cat=0
split_feature=
split_gain=
threshold=
decision_type=
left_child=
right_child=
leaf_value=0
leaf_weight=
leaf_count=3333
internal_value=
internal_weight=
internal_count=
is_linear=0
shrinkage=1


Tree=503
num_leaves=10
num_cat=0
split_feature=167 225 167 20 7 266 163 110 124
split_gain=0.890137 1.61987 1.10307 1.79627 1.30125 0.897739 0.814339 0.668459 0.54569
threshold=-0.24691640341759521 2.2469808512225105 -0.5577944463357557 0.1686643631271367 0.00078156356928993375 0.11480085735728834 0.004577060265037701 39.500000000000007 -8.4999999999999982
decision_type=2 2 2 2 2 2 2 2 2
left_child=1 2 3 8 -4 -2 -7 -5 -1
right_child=5 -3 4 7 -6 6 -8 -9 -10
leaf_value=0.0085205902837107196 0.012115152819820747 -0.016074278642465675 0.014942493228671291 -0.00094458693190917057 -0.0016107341958198078 0.0056204280851808999 -0.010475004477197104 -0.019985592670893934 -0.0014532835548114185
leaf_weight=15.945612004026769 18.959524968406186 18.056709786411375 17.889870285987854 14.734538018121386 15.886074840556828 13.315963757922875 10.860818081768228 15.469223315827547 30.181929149839561
leaf_count=305 464 416 395 290 210 186 169 264 634
internal_value=-0.000957295 -0.00327384 -0.000361947 -0.00406731 0.00630103 0.00460708 -0.000128397 -0.0131271 0.00128655
internal_weight=171.3 128.164 110.107 76.3313 33.7759 43.1363 24.1768 30.2038 46.1275
internal_count=3333 2514 2098 1493 605 819 355 554 939
is_linear=0
shrinkage=0.05


Tree=504
num_leaves=11
num_cat=0
split_feature=126 83 309 17 244 373 111 72 1 4
split_gain=0.85469 1.35739 1.24588 0.895889 0.893333 0.732741 1.81356 0.737166 1.69424 1.35879
threshold=-0.0063472843331680009 0.24888837878382633 0.17247272197962127 -0.00050464032752278677 0.77272727272727282 1.0000000180025095e-35 59.500000000000007 0.0058982513230467779 -0.0016176019604159373 0.0008347989004717835
decision_type=2 2 2 2 2 2 2 2 2 2
left_child=1 3 4 -1 -2 7 -7 8 -4 -9
right_child=2 -3 5 -5 -6 6 -8 9 -10 -11
leaf_value=0 -0.012969324669277997 0.0037796558341338451 -0.017325035126326688 -0.018762845756200151 0.00033857762032952219 0.019124503101654634 -0.0016769380810583432 0.013685503152193086 0.0043208646832720039 -0.0024425256254392465
leaf_weight=10.188708962872626 18.331131411250681 12.426008308539165 12.240127795957962 17.865346428006887 14.572578171733765 19.677716188831255 11.351427491521465 20.870002866373397 14.237985080922952 18.233114745351486
leaf_count=176 543 194 159 334 345 396 158 473 265 290
internal_value=-0.000379754 -0.0066671 0.00131451 -0.0128225 -0.00614702 0.00446632 0.0105684 0.000514103 -0.00473411 0.00533952
internal_weight=169.994 40.4801 129.514 28.0541 32.9037 96.6104 31.0291 65.5812 26.4781 39.1031
internal_count=3333 704 2629 510 888 1741 554 1187 424 763
is_linear=0
shrinkage=0.05


Tree=505
num_leaves=1
num_cat=0
split_feature=
split_gain=
threshold=
decision_type=
left_child=
right_child=
leaf_value=0
leaf_weight=
leaf_count=3333
internal_value=
internal_weight=
internal_count=
is_linear=0
shrinkage=1


Tree=506
num_leaves=11
num_cat=0
split_feature=242 124 272 111 390 86 393 69 74 86
split_gain=0.891212 1.39815 0.830189 0.646008 0.951858 1.03406 0.872201 0.6221 0.608129 0.404083
threshold=0.36764705882352949 -8.4999999999999982 -1.3371391601171017 35.500000000000007 0.0044052425466940557 -7813.7963706848632 -0.056869007838348265 0.0021934663448637264 -0.17939686864542764 -6258.7442790298683
decision_type=2 2 2 2 2 2 2 2 2 2
left_child=1 -1 3 6 5 -5 8 -3 -2 -4
right_child=2 7 9 4 -6 -7 -8 -9 -10 -11
leaf_value=0.0016589640821662141 -0.0017676345474962785 -0.00046796801740853385 -0.01070897002751047 0.0015072446679429198 -0.0039541599335328314 0.0176361343098504 -0.0091806565067029909 -0.023715731936472459 0.010318970280182437 0
leaf_weight=12.751765918917952 10.810081661678852 10.042597078601831 15.960850913834294 32.625261350767687 10.35686277784407 20.196169813163579 18.267294106772169 10.058948079356922 14.779062879388219 14.51612527889665
leaf_count=196 170 219 616 586 122 439 253 126 249 357
internal_value=-0.000942079 -0.00807943 0.000543378 0.00294247 0.00619496 0.0091862 -0.000772514 -0.0158347 0.0038144 -0.00589729
internal_weight=170.365 32.8533 137.512 107.035 63.1783 52.8214 43.8564 20.1015 25.5891 30.477
internal_count=3333 541 2792 1819 1147 1025 672 345 419 973
is_linear=0
shrinkage=0.05


Tree=507
num_leaves=7
num_cat=0
split_feature=268 120 125 74 7 220
split_gain=0.827769 0.897462 1.18406 1.51324 1.72083 1.28337
threshold=-0.21499549516061373 0.012033937964508913 0.04180693342197548 -0.16777724873942293 -0.0011289928785293555 6.2771077568154805
decision_type=2 2 2 2 2 2
left_child=1 2 3 5 -5 -1
right_child=-2 -3 -4 4 -6 -7
leaf_value=-0.0033059112824985839 0.010336500807041684 0.006910333080799161 -0.01562594018596929 0.0024336894822064368 -0.012025391525948306 0.010968415017214269
leaf_weight=19.531710124574602 12.241854107240213 19.536018352257088 15.120618771528823 26.304559704964049 44.554283102042973 31.625827389303595
leaf_count=334 781 311 234 406 751 516
internal_value=-0.000378739 -0.0017076 -0.00341373 -0.00116175 -0.00610002 0.00471407
internal_weight=168.915 156.673 137.137 122.016 70.8588 51.1575
internal_count=3333 2552 2241 2007 1157 850
is_linear=0
shrinkage=0.05


Tree=508
num_leaves=1
num_cat=0
split_feature=
split_gain=
threshold=
decision_type=
left_child=
right_child=
leaf_value=0
leaf_weight=
leaf_count=3333
internal_value=
internal_weight=
internal_count=
is_linear=0
shrinkage=1


Tree=509
num_leaves=10
num_cat=0
split_feature=85 103 56 165 5 103 111 162 54
split_gain=0.896829 1.71298 1.12463 0.733177 1.49153 1.36852 1.36212 0.596236 0.0709368
threshold=1.0000000180025095e-35 0.19152096853598577 0.38966214573472086 -0.002024798131751551 0.00050719615545336005 0.12238935807596166 41.500000000000007 1.1736885256911191 -0.0040199223227140859
decision_type=2 2 2 2 2 2 2 2 2
left_child=3 -2 -3 -1 7 -6 -7 8 -5
right_child=1 2 -4 4 5 6 -8 -9 -10
leaf_value=-0.0088542108653589715 0.0023963780158381262 0 -0.024138388405124628 0.018059688552468669 -0.013267348139091986 -0.0041754126282974756 0.010414586945611306 0 0.0030431802706672676
leaf_weight=12.329417440807445 17.227440507151186 11.059995527146386 12.943697338982018 14.809779365197757 16.401406107004732 30.295297149801627 24.580959684215486 17.03848977771122 12.603912029415367
leaf_count=206 317 213 206 320 235 591 561 389 295
internal_value=-0.000950456 -0.00722977 -0.0154887 0.000808995 0.00245731 -0.00146992 0.00169712 0.00950301 0.0137808
internal_weight=169.29 41.2311 24.0037 128.059 115.73 71.2777 54.8763 44.4522 27.4137
internal_count=3333 736 419 2597 2391 1387 1152 1004 615
is_linear=0
shrinkage=0.05


Tree=510
num_leaves=13
num_cat=0
split_feature=284 207 69 244 87 66 412 191 365 73 191 359
split_gain=0.814522 1.30692 0.958078 0.816301 0.887505 0.787661 1.40983 0.686538 0.683319 0.678649 0.818024 0.335582
threshold=-0.38220169564211975 1.6225430233344607 -0.003984218645615544 0.48181818181818187 0.085844837258839526 0.43491879913866521 0.55000000000000016 0.88238875782921411 0.19597519835436947 0.92044825787486129 0.70348748134535122 0.011600587095505191
decision_type=2 2 2 2 2 2 2 2 2 2 2 2
left_child=1 7 11 8 5 6 -5 -1 -2 -4 -11 -3
right_child=3 2 9 4 -6 -7 -8 -9 -10 10 -12 -13
leaf_value=-0.021533809474798871 -0.011081357623258306 0.012749026552983553 0.0026715398054309963 0.02174809170457968 -0.0024950453925410418 0 0 0 0.0023139839033877192 0 -0.014398692837360342 0
leaf_weight=10.80954559298698 13.180994434515016 10.796463752165439 10.043223338667302 18.021947589470077 12.875584066496229 17.301815858692862 12.064066428458316 10.479836277198045 10.767529810080303 10.033246734412389 19.382022643461823 12.313847784884272
leaf_count=322 211 166 216 449 230 365 170 334 240 150 288 192
internal_value=-0.000378559 -0.00404318 0 0.00271091 0.00606785 0.00939678 0.013928 -0.0138915 -0.00361614 -0.00483291 -0.00894774 0.0073316
internal_weight=168.07 83.8582 62.5688 84.2119 60.2634 47.3878 30.086 21.2894 23.9485 39.4585 29.4153 23.1103
internal_count=3333 1668 1012 1665 1214 984 619 656 451 654 438 358
is_linear=0
shrinkage=0.05


Tree=511
num_leaves=1
num_cat=0
split_feature=
split_gain=
threshold=
decision_type=
left_child=
right_child=
leaf_value=0
leaf_weight=
leaf_count=3333
internal_value=
internal_weight=
internal_count=
is_linear=0
shrinkage=1


Tree=512
num_leaves=9
num_cat=0
split_feature=119 11 162 113 272 105 265 209
split_gain=0.857117 1.98976 1.1436 1.40802 0.908647 1.2351 0.697792 0.579067
threshold=-0.17455771583318427 -0.0015800327109037891 1.1990022357659005 46.500000000000007 -1.3335504372647797 0.14215543546858608 0.098180845371856618 3.5029165429215983
decision_type=2 2 2 2 2 2 2 2
left_child=-1 -2 4 7 5 -3 -6 -4
right_child=1 2 3 -5 6 -7 -8 -9
leaf_value=0.0076833564874603955 -0.017671744339371975 0.0092615791623020388 0.0076711392893880435 -0.019487052216888318 -0.013424961150946583 -0.00292275895736821 3.0479141645911086e-05 -0.0070695783750496129
leaf_weight=19.374543918529525 16.062039997137617 55.596013720845804 10.502993185771631 12.34104060276877 10.389549882034773 22.498750209109858 11.614329689298755 10.066828220151363
leaf_count=325 368 997 211 273 347 373 268 171
internal_value=-0.000955618 -0.00253663 0 -0.00801276 0.00231677 0.0051565 -0.00517155 0
internal_weight=168.446 149.072 133.01 32.9109 100.099 78.0948 22.0039 20.5698
internal_count=3333 3008 2640 655 1985 1370 615 382
is_linear=0
shrinkage=0.05


Tree=513
num_leaves=12
num_cat=0
split_feature=25 72 25 21 31 301 365 9 383 244 303
split_gain=0.817509 1.82168 1.18365 1.24186 1.20986 0.900884 1.04395 0.789944 0.785408 0.440248 0.000862844
threshold=0.016877205922098411 0.0047879608890049139 0.033510231882459336 0.26689695411692849 0.018271999690338658 -0.1057713065401794 0.22178029667301366 0.00011327170172015234 2.5000000000000004 0.71818181818181837 -0.16120669773338045
decision_type=2 2 2 2 2 2 2 2 2 2 2
left_child=1 8 3 4 10 6 9 -6 -1 -4 -2
right_child=2 -3 5 -5 7 -7 -8 -9 -10 -11 -12
leaf_value=-0.00425839144547657 0.0034084226999937573 -0.017961560862356524 -0.02189386206957266 -0.0029848956040685443 0.010014528797731438 0.0048761068627724271 0 -0.0058423067908767792 0.010709138840526983 -0.0010835178263570206 0.019796193683218659
leaf_weight=18.096388960606422 10.072779037756847 16.684724637074396 10.237511951243507 19.515583645901643 10.836269406019712 12.333736753906122 15.630277579883112 14.20381966489367 10.802551080705596 10.668506823480127 18.03496508509852
leaf_count=405 230 365 156 372 185 397 227 226 223 182 365
internal_value=-0.000368806 -0.00608418 0.00146829 0.00570708 0.00977818 -0.00383585 -0.00818828 0 0.000250063 -0.0148344 0.0164258
internal_weight=167.117 45.5837 121.533 72.6634 53.1478 48.87 36.5363 25.0401 28.8989 20.906 28.1077
internal_count=3333 993 2340 1378 1006 962 565 411 628 338 595
is_linear=0
shrinkage=0.05


Tree=514
num_leaves=1
num_cat=0
split_feature=
split_gain=
threshold=
decision_type=
left_child=
right_child=
leaf_value=0
leaf_weight=
leaf_count=3333
internal_value=
internal_weight=
internal_count=
is_linear=0
shrinkage=1


Tree=515
num_leaves=10
num_cat=0
split_feature=165 386 72 266 215 120 86 209 10
split_gain=0.877823 1.30764 1.15809 0.880294 0.686366 0.633578 1.25753 0.999294 0.951211
threshold=-0.001104047350781341 0.18889106210317999 0.0060762923865288468 -0.074134103775387775 2.5737884335207872 -0.029497649994121685 -7813.7963706848632 3.9063685738563261 0.0075497467832500321
decision_type=2 2 2 2 2 2 2 2 2
left_child=1 2 -1 4 -2 -5 8 -8 -7
right_child=3 -3 -4 5 -6 6 7 -9 -10
leaf_value=0 0 0.0036599700555750565 -0.018821149815386767 0.0080353764473043657 0.014200790499660623 -0.0150606875071014 0.0093371320106362173 -0.0054539179582092012 0
leaf_weight=17.771000600070693 12.322491476545112 14.357652471167965 19.972633423458319 10.776538382284341 16.747145283035934 23.738108013872989 22.575412278296426 13.937815307523122 15.299501058179883
leaf_count=277 329 289 407 159 599 503 362 183 225
internal_value=-0.000971295 -0.00632724 -0.0113433 0.00112364 0.00840651 -0.000969004 -0.00314775 0.00244029 -0.00936499
internal_weight=167.498 52.1013 37.7436 115.397 29.0696 86.3274 75.5508 36.5132 39.0376
internal_count=3333 973 684 2360 928 1432 1273 545 728
is_linear=0
shrinkage=0.05


Tree=516
num_leaves=11
num_cat=0
split_feature=167 8 10 309 372 34 11 49 66 393
split_gain=0.826122 1.64888 1.20648 1.30309 1.17555 0.995241 0.851785 0.696439 0.62517 0.30709
threshold=-0.73508298922167781 -0.0021738635294228513 0.0054907868631055646 0.27500000000000141 -0.012699267579872052 0.021431844690428952 0.0010607377638934825 0.18902734548926384 0.363453966271511 -0.063926059002359106
decision_type=2 2 2 2 2 2 2 2 2 2
left_child=7 5 4 8 -3 -2 -5 9 -4 -1
right_child=1 2 3 6 -6 -7 -8 -9 -10 -11
leaf_value=-0.005910525362656174 -0.018581650549876309 0.017037061839631714 0 -0.0019001734034413819 0 0 0.012363948939072342 0.011898277501885249 -0.016827067918797633 0.0040129211345961788
leaf_weight=11.042325771879407 18.847721388214268 15.508447455242278 14.947728158906104 18.447941551916305 13.559939348837359 14.787986287730744 12.301573278149588 17.39385413157288 15.114360087900421 14.211490329238584
leaf_count=166 434 305 276 272 270 339 250 401 328 292
internal_value=-0.000397414 -0.00273445 0.000370468 -0.00305492 0.00871102 -0.011747 0.00291658 0.00501061 -0.0103857 0
internal_weight=166.163 123.516 89.88 60.8116 29.0684 33.6357 30.7495 42.6477 30.0621 25.2538
internal_count=3333 2474 1701 1126 575 773 522 859 604 458
is_linear=0
shrinkage=0.05


Tree=517
num_leaves=1
num_cat=0
split_feature=
split_gain=
threshold=
decision_type=
left_child=
right_child=
leaf_value=0
leaf_weight=
leaf_count=3333
internal_value=
internal_weight=
internal_count=
is_linear=0
shrinkage=1


Tree=518
num_leaves=9
num_cat=0
split_feature=242 85 286 45 105 165 217 224
split_gain=0.8834 1.30121 0.748905 0.633994 0.554329 0.923727 0.870895 0.22581
threshold=0.36764705882352949 1.0000000180025095e-35 -0.51574092931796123 0.70657768398497434 -0.17211967015600246 -0.0020840720551956833 5.5533871654620413 1.4955087219104095
decision_type=2 2 2 2 2 2 2 2
left_child=1 -1 4 -4 -2 -6 -7 -5
right_child=2 -3 3 7 5 6 -8 -9
leaf_value=0 -0.0034463777750991138 -0.018481113790564128 -0.0099283558923309954 0.0052163440333472602 -0.0027599433368495716 0 0.011891509153785271 -0.002384045776254604
leaf_weight=18.902899044100195 11.754333154764025 13.317519997013731 20.219767466012854 13.28500660764985 14.633209466468541 11.183808511588721 44.891013886895962 18.360665002372116
leaf_count=374 185 167 695 216 190 180 1038 288
internal_value=-0.000948929 -0.0081165 0.000545974 -0.00358169 0.00376175 0.00572987 0.00881939 0
internal_weight=166.548 32.2204 134.328 51.8654 82.4624 70.708 56.0748 31.6457
internal_count=3333 541 2792 1199 1593 1408 1218 504
is_linear=0
shrinkage=0.05


Tree=519
num_leaves=10
num_cat=0
split_feature=126 83 309 244 110 25 21 46 229
split_gain=0.825511 1.26278 1.14881 0.848693 0.73395 1.29068 1.33288 0.662694 0.510482
threshold=-0.0063472843331680009 0.24296658301123794 0.17247272197962127 0.77272727272727282 25.500000000000004 0.016877205922098411 0.27675497865366899 0.36626344198643473 -7.9101761377133988
decision_type=2 2 2 2 2 2 2 2 2
left_child=1 7 3 -2 8 -6 -7 -1 -4
right_child=2 -3 4 -5 5 6 -8 -9 -10
leaf_value=0 -0.01271334981846905 0.003251591466877219 0.0025294272578601511 0.00035368201627463411 -0.0016822153811552093 0.017273811305332117 0 -0.018297689046826007 -0.0094354146252343552
leaf_weight=10.477443069336006 17.738243014202457 12.413321418687699 12.835077122901568 14.221447859657927 19.605145378038287 30.919742474798113 19.690384641173296 16.488244434236549 10.909528420772402
leaf_count=165 543 200 293 345 357 584 339 339 168
internal_value=-0.000388041 -0.00664991 0.00129158 -0.00593717 0.00437368 0.00703761 0.0112532 -0.0127457 -0.00154007
internal_weight=165.299 39.379 125.92 31.9597 93.9599 70.2153 50.6101 26.9657 23.7446
internal_count=3333 704 2629 888 1741 1280 923 504 461
is_linear=0
shrinkage=0.05


Tree=520
num_leaves=1
num_cat=0
split_feature=
split_gain=
threshold=
decision_type=
left_child=
right_child=
leaf_value=0
leaf_weight=
leaf_count=3333
internal_value=
internal_weight=
internal_count=
is_linear=0
shrinkage=1


Tree=521
num_leaves=11
num_cat=0
split_feature=167 225 105 36 163 266 104 163 167 165
split_gain=0.863741 1.47067 1.00693 1.47694 1.41197 0.78263 0.763764 0.718319 0.524509 0.0042079
threshold=-0.24691640341759521 2.2469808512225105 -0.007339612195898979 0.037619636764862262 0.0043704304459854411 0.11480085735728834 -0.056235236750614155 0.004577060265037701 -0.72304236898055019 -0.00058214091625149436
decision_type=2 2 2 2 2 2 2 2 2 2
left_child=1 2 4 9 6 -2 -1 -7 -5 -4
right_child=5 -3 3 8 -6 7 -8 -9 -10 -11
leaf_value=-0.009868557351251632 0.011671404615363423 -0.015699664472437355 -0.019986904620801396 -0.0034926273793841455 0.014481453838937612 0.0056137346805553217 0.0032835975062131852 -0.0097933755801965436 0.0082455336304345615 -0.0031483956791570535
leaf_weight=14.036141556280198 18.277305850991979 17.410515389987268 10.309575247112663 19.537587987491865 17.479773343657143 12.864500786876308 22.807243074988946 10.511008826317264 12.242939332383683 10.210156733519396
leaf_count=279 464 416 176 382 332 186 495 169 245 189
internal_value=-0.000965122 -0.00328952 -0.000432771 -0.00561728 0.00371918 0.00459269 -0.000837819 0 0 -0.0152046
internal_weight=165.687 124.034 106.623 52.3003 54.3232 41.6528 36.8434 23.3755 31.7805 20.5197
internal_count=3333 2514 2098 992 1106 819 774 355 627 365
is_linear=0
shrinkage=0.05


Tree=522
num_leaves=9
num_cat=0
split_feature=126 28 301 41 119 162 66 266
split_gain=0.783527 1.21444 1.07159 0.860275 0.816477 1.99069 0.75007 0.295477
threshold=-0.0063472843331680009 0.041305941069889829 -0.31531264240216872 0.0045310370459813835 -0.17455771583318427 1.1736885256911191 0.39440612721955676 0.061680988093431269
decision_type=2 2 2 2 2 2 2 2
left_child=1 7 3 -2 -4 6 -6 -1
right_child=2 -3 4 -5 5 -7 -8 -9
leaf_value=-0.0031952150769248479 -0.013580648381698486 -0.015246295487084081 -0.0040522543775665673 0.00034260104107255784 -0.0021943437145655665 0.019235707761568768 0.0085333259875233491 0.0067453693622849357
leaf_weight=11.366889502503911 15.466569800279105 17.768032477470115 16.221959431655705 11.988494130549951 41.761643041623756 19.374094985891134 20.339085521642119 10.011333565227686
leaf_count=244 536 308 231 307 680 517 358 152
internal_value=-0.000400487 -0.00651955 0.00123115 -0.00642431 0.00400635 0.00628967 0.000782443 0
internal_weight=164.298 39.1463 125.152 27.4551 97.6968 81.4748 62.1007 21.3782
internal_count=3333 704 2629 843 1786 1555 1038 396
is_linear=0
shrinkage=0.05


Tree=523
num_leaves=1
num_cat=0
split_feature=
split_gain=
threshold=
decision_type=
left_child=
right_child=
leaf_value=0
leaf_weight=
leaf_count=3333
internal_value=
internal_weight=
internal_count=
is_linear=0
shrinkage=1


Tree=524
num_leaves=13
num_cat=0
split_feature=66 124 37 20 56 110 365 33 390 354 383 270
split_gain=0.864761 3.8245 1.32931 1.28749 1.36554 1.34891 1.13078 0.864243 1.55272 0.457806 0.123385 0.0227465
threshold=0.40124170280856769 -8.4999999999999982 0.058198502361815306 0.22552104773307893 0.61701957060227419 46.500000000000007 0.19700953008478739 0.016222012776731045 -1.0000000180025095e-35 0.021065998092125889 4.5000000000000009 -0.96897297194341536
decision_type=2 2 2 2 2 2 2 2 2 2 2 2
left_child=3 6 -3 5 11 -1 10 -7 -9 -6 -2 -5
right_child=1 2 -4 4 9 7 -8 8 -10 -11 -12 -13
leaf_value=0.017476399897829498 0.0014568554579305686 -0.025037556102792669 0 -0.001808068290445095 -0.00084997297022023754 0.010896576664904754 -0.0033249993899007223 0.0059532487718565357 -0.015543870092323395 0.010087794220346167 0.016227438594637097 -0.017241986223193017
leaf_weight=17.352472867351025 12.493543634423988 19.761855110758919 10.20620824175421 10.00510755274445 10.122843402437868 11.248801794368772 18.592157846782357 11.221706172800623 12.920311801717617 10.490365282632409 10.215807209257035 10.054851579945533
leaf_count=413 301 394 202 218 143 232 365 193 239 226 213 194
internal_value=-0.000960102 -0.00519024 -0.0182211 0.00180966 -0.00397662 0.00714262 0.00372982 0 -0.00415584 0.00317339 0.0111644 -0.0129491
internal_weight=164.686 71.2696 29.9681 93.4165 40.6732 52.7433 41.3015 35.3908 24.142 20.6132 22.7094 20.06
internal_count=3333 1475 596 1858 781 1077 879 664 432 369 514 412
is_linear=0
shrinkage=0.05


Tree=525
num_leaves=13
num_cat=0
split_feature=167 21 57 83 272 162 349 49 364 25 63 3
split_gain=0.757338 1.49506 0.956651 0.911449 0.823737 0.905948 0.815812 0.675622 0.664338 0.503114 0.313004 0.164642
threshold=-0.73508298922167781 0.26182134454018241 -0.29568193449684671 -0.30748908248731072 -1.3853945862757311 1.1041462414890126 1.0000000180025095e-35 0.18902734548926384 0.48621828831938696 0.019432811674476778 0.094060213764199721 0.0034217403565516284
decision_type=2 2 2 2 2 2 2 2 2 2 2 2
left_child=7 2 6 -3 5 -4 9 10 -8 -2 -1 -6
right_child=1 3 4 -5 11 -7 8 -9 -10 -11 -12 -13
leaf_value=0.0051680303216279366 -0.0085909288291287963 0 -0.019226055590115056 -0.020238049758025022 -0.0019879257091385857 0 0 0.011608670686842827 0.016057836824579671 0.0039205603876015889 -0.004933446060306536 0.0046932817338473983
leaf_weight=10.177493698312903 10.612380402046258 10.233017465565355 11.792846626602115 13.892984959529711 10.501955390442165 11.04608975118026 10.145937241148205 17.106860526604578 16.189029131783172 13.481603013351558 14.690157895674927 13.264043861068783
leaf_count=244 295 178 256 297 177 186 231 401 306 313 214 235
internal_value=-0.000424628 -0.00269642 0 -0.0130793 -0.00480196 -0.011134 0.00483263 0.00476364 0.0105856 -8.58446e-05 0 0
internal_weight=163.134 121.16 97.0339 24.126 46.6049 22.8389 50.4289 41.9745 26.335 24.094 24.8677 23.766
internal_count=3333 2474 1999 475 854 442 1145 859 537 608 458 412
is_linear=0
shrinkage=0.05


Tree=526
num_leaves=1
num_cat=0
split_feature=
split_gain=
threshold=
decision_type=
left_child=
right_child=
leaf_value=0
leaf_weight=
leaf_count=3333
internal_value=
internal_weight=
internal_count=
is_linear=0
shrinkage=1


Tree=527
num_leaves=8
num_cat=0
split_feature=242 124 268 105 190 372 33
split_gain=0.840494 1.31673 0.702159 0.586899 0.743397 0.581382 0.507515
threshold=0.36764705882352949 -8.4999999999999982 -0.33720536712349941 -0.17211967015600246 0.192153288712993 0.045960563931771399 0.016357436996907167
decision_type=2 2 2 2 2 2 2
left_child=1 -1 3 -2 5 -5 -4
right_child=2 -3 6 4 -6 -7 -8
leaf_value=0.0015503735525726862 -0.0044650890137316445 -0.015604050896592423 0 0.0087597019509523012 -0.0031566845247505432 -0.00018099680521005738 -0.012444403137794487
leaf_weight=12.185522239655258 14.199748619692398 19.461695447913371 17.785109214833941 63.305489948485047 14.668108131038023 10.502076349221168 11.413916481833438
leaf_count=196 228 345 444 1171 221 198 530
internal_value=-0.000944472 -0.00799343 0.000516592 0.00279915 0.00461981 0.00687917 -0.00546993
internal_weight=163.522 31.6472 131.874 102.675 88.4757 73.8076 29.199
internal_count=3333 541 2792 1818 1590 1369 974
is_linear=0
shrinkage=0.05


Tree=528
num_leaves=12
num_cat=0
split_feature=244 126 62 258 353 375 70 17 16 357 66
split_gain=0.764924 1.60259 1.0423 0.932998 1.06094 0.897898 0.791763 0.636155 0.633323 0.724096 0.583756
threshold=0.57272727272727286 -0.001557696012491727 0.32587447459319924 0.66176470588235314 0.15537656133714459 0.0035239430489045769 0.0081453274693481115 0.00021948465664685973 0.0022718595296975443 0.32291666666666669 0.36242077492524155
decision_type=2 2 2 2 2 2 2 2 2 2 2
left_child=1 5 -3 7 8 -1 -4 -2 9 -5 -6
right_child=3 2 6 4 10 -7 -8 -9 -10 -11 -12
leaf_value=0 -0.012186510406785461 0.010636968973556406 -0.013237721821624479 -0.0039622752586153248 0.0033399280121758409 -0.021602721806508338 0.0013710188463976138 0 0.019634240006950326 0.008923439160085327 -0.0093483195870658654
leaf_weight=10.30765322619118 11.977605311083609 15.020114687271414 11.434585108887406 10.154287266777827 14.0369557030499 13.708259164704939 11.20480243093334 17.542128695524298 12.081960013369097 23.001429848256521 11.951256725937126
leaf_count=177 301 399 166 175 238 264 216 374 194 570 259
internal_value=-0.00040903 -0.00490506 0.000493696 0.00192369 0.00529677 -0.0143364 -0.00474294 -0.00441525 0.0098683 0.00359283 -0.0011338
internal_weight=162.421 61.6754 37.6595 100.746 71.2259 24.0159 22.6394 29.5197 45.2377 33.1557 25.9882
internal_count=3333 1222 781 2111 1436 441 382 675 939 745 497
is_linear=0
shrinkage=0.05


Tree=529
num_leaves=1
num_cat=0
split_feature=
split_gain=
threshold=
decision_type=
left_child=
right_child=
leaf_value=0
leaf_weight=
leaf_count=3333
internal_value=
internal_weight=
internal_count=
is_linear=0
shrinkage=1


Tree=530
num_leaves=7
num_cat=0
split_feature=126 274 399 11 163 399
split_gain=0.819669 0.827004 1.17484 1.0152 1.96117 1.37785
threshold=-0.012026496457366196 0.19498169278578856 0.034462287006401075 -0.0006185315156608805 0.0073362234656706602 -0.18124222808598359
decision_type=2 2 2 2 2 2
left_child=-1 -2 3 5 -5 -3
right_child=1 2 -4 4 -6 -7
leaf_value=-0.0121868678518781 0.011331983626807925 0.0037263549636919386 -0.012315726404886868 0.010294403754307766 -0.0045350481155114804 -0.012432204290286721
leaf_weight=11.836108269169925 11.90002114640083 16.039986566174775 17.241470273351297 49.309232415514998 31.022784182569012 25.461849987274036
leaf_count=164 614 269 276 820 567 623
internal_value=-0.000964612 0 -0.00104159 0.000410975 0.00401043 -0.00523335
internal_weight=162.811 150.975 139.075 121.834 80.332 41.5018
internal_count=3333 3169 2555 2279 1387 892
is_linear=0
shrinkage=0.05


Tree=531
num_leaves=12
num_cat=0
split_feature=69 284 74 207 365 30 208 24 383 28 389
split_gain=0.80354 1.30647 1.36413 0.82675 0.981633 0.736883 0.735729 0.628973 0.508051 0.995402 0.432981
threshold=-0.002551963565061099 -0.41240283988959986 -0.16777724873942293 1.1527009186218697 0.1862053580959975 0.016134314558728383 0.86284919865752741 0.23056691235455046 2.5000000000000004 0.034328573511316483 -1.0000000180025095e-35
decision_type=2 2 2 2 2 2 2 2 2 2 2
left_child=5 2 -2 4 -3 8 -4 -7 -1 -10 -5
right_child=1 3 6 10 -6 7 -8 -9 9 -11 -12
leaf_value=-0.0060853786745175631 9.3586887564753716e-05 -0.011046029789835309 0 0 0.0046580327276322482 0 -0.021631058587453698 0.01603901780467926 0.013236175906746759 -0.0039161677393656129 0.014284383582039062
leaf_weight=19.819202247075737 12.95698673953302 18.224246500758458 10.486540222191254 14.01703598885797 11.025947643676771 11.009873632341625 17.816523367655464 13.297859610058365 12.491813356522472 10.007453229045494 10.450059906695969
leaf_count=450 276 246 201 311 207 174 398 256 283 267 264
internal_value=-0.000416345 -0.00358524 -0.0100727 0.000785398 -0.00369332 0.00334272 -0.015887 0.00979544 0 0.00408298 0.00777861
internal_weight=161.604 94.9773 41.2601 53.7173 29.2502 66.6262 28.3031 24.3077 42.3185 22.4993 24.4671
internal_count=3333 1903 875 1028 453 1430 599 430 1000 550 575
is_linear=0
shrinkage=0.05


Tree=532
num_leaves=1
num_cat=0
split_feature=
split_gain=
threshold=
decision_type=
left_child=
right_child=
leaf_value=0
leaf_weight=
leaf_count=3333
internal_value=
internal_weight=
internal_count=
is_linear=0
shrinkage=1


Tree=533
num_leaves=11
num_cat=0
split_feature=242 223 284 167 6 66 103 111 74 103
split_gain=0.817993 1.27012 0.675983 0.651931 0.952254 0.751829 0.577208 0.880214 0.464116 0.40732
threshold=0.36764705882352949 -2.5743879512078673 -0.27940680602473211 -0.30275789033226269 0.0019802956984978433 0.39945098950463204 0.17221482578810879 45.500000000000007 -0.24338026061738846 0.13015798275025992
decision_type=2 2 2 2 2 2 2 2 2 2
left_child=1 -1 3 4 5 -2 9 -8 -5 -4
right_child=2 -3 6 8 -6 -7 7 -9 -10 -11
leaf_value=0.00088069941465550999 0.009531224560296184 -0.01581076777008578 -0.0033510433856457386 0 -0.0096190679836095135 -0.0012125262340227049 -0.016454108395085751 0 0.017048474492614697 0.0076784083808005962
leaf_weight=13.061244245502168 26.790276638697833 18.320621484424919 11.001716707134621 10.000812232028695 13.433293894166125 19.728632255690172 12.795112882042305 14.777156528667545 10.306121594738213 11.7863596775569
leaf_count=251 489 290 212 198 215 367 406 344 325 236
internal_value=-0.000962162 -0.00793879 0.000480411 0.00359712 0 0.00416768 -0.00347264 -0.00824003 0.0107774 0.000644304
internal_weight=162.001 31.3819 130.619 80.2591 59.9522 46.5189 50.3603 27.5723 20.3069 22.7881
internal_count=3333 541 2792 1594 1071 856 1198 750 523 448
is_linear=0
shrinkage=0.05


Tree=534
num_leaves=10
num_cat=0
split_feature=126 66 309 244 373 111 103 372 357
split_gain=0.751551 1.14354 1.02271 0.81979 0.705743 1.54079 0.577765 0.789686 0.330226
threshold=-0.0063472843331680009 0.35559361662861327 0.17247272197962127 0.77272727272727282 1.0000000180025095e-35 59.500000000000007 0.15329094540645577 -1.0000000180025095e-35 0.30208333333333343
decision_type=2 2 2 2 2 2 2 2 2
left_child=1 -1 3 -2 6 -6 -4 -8 -3
right_child=2 8 4 -5 5 -7 7 -9 -10
leaf_value=0.00068393279695347559 -0.01249393200028991 -0.00087421227722016877 -0.0058770970267686823 0.00049444902110064347 0.018405088398459855 -0.00091858602980433249 0.0082191209482962626 -0.0042729915799223934 -0.020035791938121637
leaf_weight=17.319706008769572 17.163079546531666 10.492934927460739 17.923748922650702 13.842534585040992 18.35557875840459 10.804333678679543 33.069578143651597 11.326469206716864 10.438698764890431
leaf_count=336 543 179 312 345 396 158 714 161 189
internal_value=-0.000415902 -0.00647623 0.00118783 -0.00569284 0.00415585 0.0102728 0.000187882 0.00390841 -0.0138332
internal_weight=160.737 38.2513 122.485 31.0056 91.4797 29.1599 62.3198 44.396 20.9316
internal_count=3333 704 2629 888 1741 554 1187 875 368
is_linear=0
shrinkage=0.05


Tree=535
num_leaves=1
num_cat=0
split_feature=
split_gain=
threshold=
decision_type=
left_child=
right_child=
leaf_value=0
leaf_weight=
leaf_count=3333
internal_value=
internal_weight=
internal_count=
is_linear=0
shrinkage=1


Tree=536
num_leaves=10
num_cat=0
split_feature=85 103 284 165 54 260 66 231 191
split_gain=0.840607 1.57901 0.952062 0.639401 1.33791 0.645082 1.34893 1.05586 0.108656
threshold=1.0000000180025095e-35 0.19152096853598577 -0.51922683147682214 -0.002024798131751551 -0.0045278289008504049 0.39090909090909098 0.36616851231487135 57.500000000000007 0.85570095622586495
decision_type=2 2 2 2 2 2 2 2 2
left_child=3 -2 -3 -1 8 7 -7 -6 -5
right_child=1 2 -4 4 5 6 -8 -9 -10
leaf_value=-0.0083337156854961774 0.0021246854001968859 0 -0.023361455803372417 0.016779241570685697 0.00088697159532457606 -0.0030750197740071813 0.010846644090965172 -0.015124376256938472 0.0015182739594504866
leaf_weight=11.826907654758541 16.532355130650103 10.52321407501586 12.430914787400978 12.008269571000712 12.415530671714807 34.687463326379657 25.332760199555196 14.150163677986709 11.231998360599389
leaf_count=206 317 177 242 251 334 656 557 303 290
internal_value=-0.000968034 -0.00716647 -0.0152569 0.000766812 0.00238552 -4.78504e-05 0.00224413 -0.00661958 0.0123259
internal_weight=161.14 39.4865 22.9541 121.653 109.826 86.5859 60.0202 26.5657 23.2403
internal_count=3333 736 419 2597 2391 1850 1213 637 541
is_linear=0
shrinkage=0.05


Tree=537
num_leaves=10
num_cat=0
split_feature=244 365 62 126 64 20 16 373 268
split_gain=0.750493 1.82716 1.17677 1.0457 0.807165 0.971801 1.25046 1.00624 0.778229
threshold=0.57272727272727286 0.2045517592484363 0.30846990028762378 -0.001557696012491727 0.41894083940755605 0.1467701272837291 0.0031745505063293677 0.030548680785349006 -0.49152802502965459
decision_type=2 2 2 2 2 2 2 2 2
left_child=1 2 -1 -3 5 -2 7 -7 -6
right_child=4 3 -4 -5 8 6 -8 -9 -10
leaf_value=0 -0.0032039991174172937 -0.0060918844394130508 -0.019610850603930374 0.010531313396270359 -0.01019362476190149 0.019290343489129089 -0.0014394997763953078 0 0.0020667853290401109
leaf_weight=11.823892386164518 13.939659216091966 10.882047537132168 19.947959631448612 18.08458814478945 18.240981691400521 23.559084338019602 11.623694723239167 12.458862217608837 19.336763533530757
leaf_count=354 327 160 332 376 421 451 216 208 488
internal_value=-0.000456428 -0.00493934 -0.0130078 0.00273662 0.00186449 0.00558725 0.00918427 0.0137413 -0.00296609
internal_weight=159.898 60.7385 31.7719 28.9666 99.159 61.5813 47.6416 36.0179 37.5777
internal_count=3333 1222 686 536 2111 1202 875 659 909
is_linear=0
shrinkage=0.05


Tree=538
num_leaves=1
num_cat=0
split_feature=
split_gain=
threshold=
decision_type=
left_child=
right_child=
leaf_value=0
leaf_weight=
leaf_count=3333
internal_value=
internal_weight=
internal_count=
is_linear=0
shrinkage=1


Tree=539
num_leaves=10
num_cat=0
split_feature=85 103 56 165 49 167 397 406 16
split_gain=0.807446 1.51773 1.02246 0.624094 1.02397 0.868353 0.793113 0.729975 0.522514
threshold=1.0000000180025095e-35 0.19152096853598577 0.38966214573472086 -0.002024798131751551 0.6202609781960543 -0.28719462655269029 0.0043704304459854411 -0.0050426165412406623 0.0012437086697333038
decision_type=2 2 2 2 2 2 2 2 2
left_child=3 -2 -3 -1 7 -6 -7 -5 -9
right_child=1 2 -4 4 5 6 -8 8 -10
leaf_value=-0.0082315817355336652 0.0020380379224434141 0 -0.023367778858947988 0 -0.0097245157192852871 0.0086541671968496797 -0.0041789962163824813 0.01367135502615105 0
leaf_weight=11.76680085621774 16.481557097518817 10.481673055735884 12.305223675153682 12.063853499828836 19.873609113506973 21.083926943945698 16.079672156367451 30.048606066964567 10.122378626023417
leaf_count=206 317 213 206 262 413 422 352 729 213
internal_value=-0.00093205 -0.00702829 -0.0149991 0.000764798 0.00237297 -0.0015614 0.0019593 0.00742577 0.0106218
internal_weight=160.307 39.2685 22.7869 121.039 109.272 57.0372 37.1636 52.2348 40.171
internal_count=3333 736 419 2597 2391 1187 774 1204 942
is_linear=0
shrinkage=0.05


Tree=540
num_leaves=12
num_cat=0
split_feature=307 28 126 221 112 72 68 349 349 167 19
split_gain=0.745521 1.0273 1.30887 0.693004 0.670317 0.906394 0.667854 0.599752 0.583363 0.820428 0.538115
threshold=0.39567104035685524 0.033217973051920001 -0.0019584198887366284 8.7619288329454506 47.500000000000007 0.0067897271045654264 0.50502215731329347 -4.4999999999999991 3.5000000000000004 -0.52996209332036182 0.3287902713177559
decision_type=2 2 2 2 2 2 2 2 2 2 2
left_child=1 3 10 -1 6 -6 -4 -2 9 -5 -3
right_child=7 2 4 8 5 -7 -8 -9 -10 -11 -12
leaf_value=0.011597475091123124 0 -0.00021374794419640989 -0.013864244334132365 0.001987819151126597 -0.0012436645177862655 0.014408018204167075 0 0.012148795532073726 0.0059632442215961567 -0.011972307668046087 -0.01936790528320723
leaf_weight=12.116702639497815 10.192222071113067 11.473896415205674 11.198764762608336 10.955762686207889 13.000562183558943 10.764644511509685 14.703634138917549 15.289163895184172 15.792038255371152 16.437409010832202 17.211976218386553
leaf_count=177 405 255 164 202 216 181 276 639 261 271 286
internal_value=-0.000455531 -0.00225918 -0.00603707 0.00227107 0 0.00479809 -0.0060549 0.00649091 0 -0.00509881 -0.0140301
internal_weight=159.137 133.655 78.3535 55.3019 49.6676 23.7652 25.9024 25.4814 43.1852 27.3932 28.6859
internal_count=3333 2289 1378 911 837 397 440 1044 734 473 541
is_linear=0
shrinkage=0.05


Tree=541
num_leaves=1
num_cat=0
split_feature=
split_gain=
threshold=
decision_type=
left_child=
right_child=
leaf_value=0
leaf_weight=
leaf_count=3333
internal_value=
internal_weight=
internal_count=
is_linear=0
shrinkage=1


Tree=542
num_leaves=12
num_cat=0
split_feature=66 124 20 56 37 167 54 68 30 46 51
split_gain=0.801559 3.56889 1.14582 1.25838 1.07629 0.742037 0.861104 0.97321 0.737957 0.455625 0.241883
threshold=0.40124170280856769 -8.4999999999999982 0.22552104773307893 0.61701957060227419 0.05760201760935426 -0.53548214648883907 -0.0074528100974717284 0.33396822741590088 0.017619865816918538 0.24560645049094412 0.57041322457994892
decision_type=2 2 2 2 2 2 2 2 2 2 2
left_child=2 8 5 -4 -3 6 7 -1 -2 -10 -5
right_child=1 4 3 10 -6 -7 -8 -9 9 -11 -12
leaf_value=0 0.010209981597302393 -0.0243384266016115 -0.012493879219538553 0.0079873414656960861 0 0.01523874245652249 -0.0072308332596724232 0.01598590334937226 0.0030053351249174098 -0.0089657521329776588 0
leaf_weight=11.134850744681897 19.755075410241261 18.800495841656815 19.458841193234548 10.04874377185479 10.124068695819004 15.900054351077413 11.89642040198669 12.015277832280843 10.32033420877997 10.06406563753262 10.030222579371182
leaf_count=222 449 391 412 244 205 369 287 199 188 242 125
internal_value=-0.00093651 -0.00507953 0.00175242 -0.00371657 -0.0178948 0.0068942 0.000891154 0.00732765 0.00359837 -0.00115877 0.00314153
internal_weight=159.548 69.064 90.4844 39.5378 28.9246 50.9466 35.0465 23.1501 40.1395 20.3844 20.079
internal_count=3333 1475 1858 781 596 1077 708 421 879 430 369
is_linear=0
shrinkage=0.05


Tree=543
num_leaves=12
num_cat=0
split_feature=299 28 365 0 25 124 3 73 219 260 238
split_gain=0.741782 1.09416 1.43946 0.762633 0.742528 0.622556 0.581267 0.571587 0.555008 0.553088 0.429851
threshold=-0.22851282193342973 0.033217973051920001 0.22178029667301366 -0.0032125475693368863 0.017669339119818384 -15.499999999999998 -0.0039867175482387043 0.83974065138428844 2.1651254768494921 0.4272727272727273 0.88461538461538469
decision_type=2 2 2 2 2 2 2 2 2 2 2
left_child=1 9 3 -3 7 -6 -4 -2 -7 -1 -11
right_child=4 2 6 -5 5 8 -8 -9 -10 10 -12
leaf_value=0.0098831991357755215 0.0023760757372090443 0 0.0083139812596706286 -0.018991590570011783 0 0 -0.0057065017942373071 -0.01058127315987404 0.015945456162020265 0.0041045186962059155 -0.0065858573218735735
leaf_weight=12.429804376093669 10.079176245722921 10.677624681033192 11.860557030304337 22.714246707735583 13.770907473051919 10.239497602684425 10.081013771821743 10.586127235554157 18.024551726877689 10.816880770958962 16.841065558022819
leaf_count=244 273 163 161 559 286 185 202 188 596 156 320
internal_value=-0.000460397 -0.00345839 -0.00803854 -0.014229 0.00329069 0.00730278 0 -0.00264866 0.0112518 0.00182272 -0.000781487
internal_weight=158.121 95.4212 55.3334 33.3919 62.7003 42.035 21.9416 20.6653 28.264 40.0878 27.6579
internal_count=3333 1805 1085 722 1528 1067 363 461 781 720 476
is_linear=0
shrinkage=0.05


Tree=544
num_leaves=1
num_cat=0
split_feature=
split_gain=
threshold=
decision_type=
left_child=
right_child=
leaf_value=0
leaf_weight=
leaf_count=3333
internal_value=
internal_weight=
internal_count=
is_linear=0
shrinkage=1


Tree=545
num_leaves=11
num_cat=0
split_feature=242 223 309 33 16 111 104 224 104 299
split_gain=0.78238 1.18886 0.683572 0.713315 0.655891 0.551302 0.700449 1.06096 0.60114 0.0760452
threshold=0.36764705882352949 -2.5743879512078673 0.33674893156303654 0.016357436996907167 0.0019568454190145861 35.500000000000007 -0.11066647211540202 -2.4335258416466337 -0.03326707982125298 -0.08690370540460228
decision_type=2 2 2 2 2 2 2 2 2 2
left_child=1 -1 5 4 -4 8 -7 -8 -2 -5
right_child=2 -3 3 9 -6 6 7 -9 -10 -11
leaf_value=0.00068000217155302122 0.0050558488821354072 -0.015479108967941657 0.0094576036078831832 -2.4139062437435437e-05 -0.0046014352283572169 -0.00093567470896190736 0 0.015193986446188065 -0.0070792197493229781 -0.013629415990268616
leaf_weight=12.799397701281125 15.049712521024047 18.003258572192863 11.469139352208005 10.079476668965073 13.516994235571472 10.024176839739082 11.941060389159246 26.536457271547988 17.801532881567255 11.314600822573992
leaf_count=251 243 290 226 134 325 198 187 619 307 553
internal_value=-0.000937432 -0.00782093 0.000481433 -0.00373781 0.000387388 0.003527 0.00686415 0.0100223 -0.000167414 -0.0100604
internal_weight=158.536 30.8027 127.733 46.3802 24.9861 81.3529 48.5017 38.4775 32.8512 21.3941
internal_count=3333 541 2792 1238 551 1554 1004 806 550 687
is_linear=0
shrinkage=0.05


Tree=546
num_leaves=10
num_cat=0
split_feature=244 365 104 66 349 167 34 28 167
split_gain=0.753607 1.68675 1.75194 0.966799 0.837474 1.05059 1.29838 1.04986 0.428744
threshold=0.57272727272727286 0.2045517592484363 -0.082834219024092978 0.41460596289215912 3.5000000000000004 -0.65435207280614127 0.029241879758414257 0.035525564459079749 -0.24691640341759521
decision_type=2 2 2 2 2 2 2 2 2
left_child=1 2 -1 -3 5 -2 -7 -6 -8
right_child=4 3 -4 -5 7 6 8 -9 -10
leaf_value=0 0.0073692596542830856 -0.0035459390797411756 -0.020678673238431453 0.012279804784344223 0.015663560914381383 -0.014635078787462244 0.0081477263355432903 0 -0.0032012996105361632
leaf_weight=10.924813653575258 17.879278718493879 15.845850801211784 20.310317420982756 12.654036215739323 17.445258508436382 19.417054004385136 10.670807501766832 18.801055909367278 13.332828168291597
leaf_count=218 430 297 468 239 304 397 248 442 290
internal_value=-0.000441235 -0.00497291 -0.0127757 0.00239373 0.00190215 -0.00101261 -0.0057943 0.00780621 0.000336981
internal_weight=157.281 59.735 31.2351 28.4999 97.5463 61.3 43.4207 36.2463 24.0036
internal_count=3333 1222 686 536 2111 1365 935 746 538
is_linear=0
shrinkage=0.05


Tree=547
num_leaves=1
num_cat=0
split_feature=
split_gain=
threshold=
decision_type=
left_child=
right_child=
leaf_value=0
leaf_weight=
leaf_count=3333
internal_value=
internal_weight=
internal_count=
is_linear=0
shrinkage=1


Tree=548
num_leaves=10
num_cat=0
split_feature=90 286 10 11 399 209 165 353 399
split_gain=0.776561 0.696058 0.779343 0.951141 0.925909 0.823606 0.552129 0.484373 0.0287218
threshold=1.0000000180025095e-35 -0.72916024343118391 -0.0097214566061232365 0.0011802516674548349 -0.17321516996854083 4.1592730794659891 -0.0011593441404154847 0.077470692199380187 -0.053439876406988003
decision_type=2 2 2 2 2 2 2 2 2
left_child=1 6 4 5 -3 -4 7 -1 -6
right_child=-2 2 3 -5 8 -7 -8 -9 -10
leaf_value=0.0059088286250881762 -0.011216265771654214 0 0.0085137587367183284 -0.0091702161822392863 -0.019053460722525339 -0.0027937271634826083 0.010887717351265536 -0.0061142432844821706 -0.0024741902974437942
leaf_weight=14.744601383106785 13.614837390952742 10.011876710108483 35.786450419691391 14.519237424712626 10.032163312309423 16.864911179523915 19.285334918182343 12.819457164965568 10.019977305317296
leaf_count=195 220 203 633 291 329 218 803 209 232
internal_value=-0.00096233 0 -0.00218538 0.000200456 -0.0085627 0.00403802 0.0050304 0 -0.014338
internal_weight=157.699 144.084 97.2346 67.1706 30.064 52.6514 46.8494 27.5641 20.0521
internal_count=3333 3113 1906 1142 764 851 1207 404 561
is_linear=0
shrinkage=0.05


Tree=549
num_leaves=12
num_cat=0
split_feature=69 284 26 365 207 365 30 24 383 28 266
split_gain=0.756382 1.2314 1.0108 0.75696 0.719888 0.848716 0.648705 0.560029 0.434367 0.79904 0.371313
threshold=-0.002551963565061099 -0.41240283988959986 0.20227521998909828 0.18244709877181356 1.1527009186218697 0.1862053580959975 0.016134314558728383 0.23056691235455046 2.5000000000000004 0.03375918340971356 0.10290758077995812
decision_type=2 2 2 2 2 2 2 2 2 2 2
left_child=6 2 3 -2 5 -3 8 -8 -1 -10 -6
right_child=1 4 -4 -5 10 -7 7 -9 9 -11 -12
leaf_value=-0.005643020107636963 0 -0.01037375832843042 0 -0.023210181172971744 0 0.004278667124919794 0 0.015387025310947395 0.012486327235032291 -0.0027380572764115442 0.01248862555927039
leaf_weight=19.192937478190288 10.369147849734874 17.784008122980598 16.573185720830224 13.081924556405282 11.269429442472758 10.664370141341349 10.67302394018043 12.819043834868351 11.616789524792695 10.063282913528381 12.339093533344565
leaf_count=450 279 246 316 280 147 207 174 256 272 278 428
internal_value=-0.000415929 -0.00354524 -0.00993203 -0.0159996 0.000730754 -0.00340695 0.00327717 0.00940886 0 0.00391984 0.00741777
internal_weight=156.446 92.0812 40.0243 23.4511 52.0569 28.4484 64.3651 23.4921 40.873 21.6801 23.6085
internal_count=3333 1903 875 559 1028 453 1430 430 1000 550 575
is_linear=0
shrinkage=0.05


Tree=550
num_leaves=1
num_cat=0
split_feature=
split_gain=
threshold=
decision_type=
left_child=
right_child=
leaf_value=0
leaf_weight=
leaf_count=3333
internal_value=
internal_weight=
internal_count=
is_linear=0
shrinkage=1


Tree=551
num_leaves=10
num_cat=0
split_feature=381 119 86 112 113 365 120 113 238
split_gain=0.77961 1.11275 1.44095 2.47885 1.31383 1.0965 0.968267 0.679034 0.606019
threshold=11.726461352729901 -0.17455771583318427 -7656.9651138798627 70.500000000000014 86.500000000000014 0.13774378433825585 0.012033937964508913 10.500000000000002 1.8846153846153848
decision_type=2 2 2 2 2 2 2 2 2
left_child=7 -2 3 4 -3 -4 -7 -1 -5
right_child=1 2 5 8 -6 6 -8 -9 -10
leaf_value=0 0.0070871867545510133 -0.024198132543617041 -0.011249745351386193 -0.0038227898211656165 0 0.0097157345846551786 -0.0037745967901590045 0.014369742850430068 0.0096299912523313685
leaf_weight=10.85123452707194 18.126453747041523 23.984965494193602 10.470952404895796 16.324501757277176 11.895143508620093 31.275911045377143 13.077117096632717 10.560549476998856 10.29825619334588
leaf_count=247 325 550 188 332 312 615 226 297 241
internal_value=-0.000993578 -0.00269329 -0.00475889 -0.0098226 -0.0179423 0.000359474 0.00469518 0.00672039 0.000141397
internal_weight=156.865 135.453 117.327 62.5029 35.8801 54.824 44.353 21.4118 26.6228
internal_count=3333 2789 2464 1435 862 1029 841 544 573
is_linear=0
shrinkage=0.05


Tree=552
num_leaves=9
num_cat=0
split_feature=73 105 120 163 348 105 365 36
split_gain=0.731964 0.982594 1.32448 1.35859 2.49912 0.953664 0.600738 0.53878
threshold=1.1610093869653542 -0.13654406424314683 0.012033937964508913 0.0093896212506001091 1.0000000180025095e-35 0.065930203820929997 0.15894731475220678 0.034624463497198575
decision_type=2 2 2 2 2 2 2 2
left_child=1 6 3 4 -3 7 -1 -2
right_child=5 2 -4 -5 -6 -7 -8 -9
leaf_value=0.01230065525191737 0.0045139392305613745 -0.020105005046166136 0.0066382050420701723 0.0032246567487514014 0 0.014210471793495584 0 -0.0081032465729811674
leaf_weight=11.459607134340333 16.609257139265541 33.489764357102104 12.881908113486132 13.801148495404048 32.170199717744254 13.561845013871787 10.246536780847235 11.428269907890352
leaf_count=223 324 686 259 339 655 299 288 260
internal_value=-0.000424098 -0.00277006 -0.00529056 -0.00800189 -0.0111276 0.00464022 0.00526931 0
internal_weight=155.649 114.049 92.343 79.4611 65.66 41.5994 21.7061 28.0375
internal_count=3333 2450 1939 1680 1341 883 511 584
is_linear=0
shrinkage=0.05


Tree=553
num_leaves=1
num_cat=0
split_feature=
split_gain=
threshold=
decision_type=
left_child=
right_child=
leaf_value=0
leaf_weight=
leaf_count=3333
internal_value=
internal_weight=
internal_count=
is_linear=0
shrinkage=1


Tree=554
num_leaves=9
num_cat=0
split_feature=85 103 56 165 54 274 260 191
split_gain=0.758672 1.40214 0.99461 0.55157 1.18363 0.633024 0.812009 0.0925999
threshold=1.0000000180025095e-35 0.19152096853598577 0.38966214573472086 -0.002024798131751551 -0.0045278289008504049 0.66644956273522005 0.39090909090909098 0.85570095622586495
decision_type=2 2 2 2 2 2 2 2
left_child=3 -2 -3 -1 7 6 -6 -5
right_child=1 2 -4 4 5 -7 -8 -9
leaf_value=-0.0078183057802693624 0.0017442155067999715 0 -0.023001886460657515 0.016014758838634891 -0.0050746092345212313 -0.0078342460071371828 0.0058817936412723952 0.0011648010594254444
leaf_weight=11.534932143753393 16.07073935715016 10.212056646705607 11.993402055581099 11.484981914982201 19.34952157898806 19.302212028647773 45.22791640937794 10.898097324534318
leaf_count=206 317 213 206 251 370 624 856 290
internal_value=-0.00098816 -0.00695908 -0.0146995 0.000662712 0.00223034 -5.14442e-05 0.00177946 0.0117465
internal_weight=156.074 38.2762 22.2055 117.798 106.263 83.8797 64.5774 22.3831
internal_count=3333 736 419 2597 2391 1850 1226 541
is_linear=0
shrinkage=0.05


Tree=555
num_leaves=10
num_cat=0
split_feature=126 83 311 41 110 71 25 46 226
split_gain=0.744388 1.13637 1.02053 0.759093 0.66052 1.30176 1.18533 0.5342 0.408616
threshold=-0.0063472843331680009 0.24296658301123794 0.44747272197962101 0.0045310370459813835 25.500000000000004 1.4076547446242256 0.016967755952162714 0.39186003706858891 -4.5056274847194784
decision_type=2 2 2 2 2 2 2 2 2
left_child=1 7 3 -2 8 6 -6 -1 -4
right_child=2 -3 4 -5 5 -7 -8 -9 -10
leaf_value=0 -0.012256580829695288 0.0029032433159853518 0.0021298292248923267 0.00027254789710990231 0 -0.004844017234097657 0.014840944008123287 -0.017782360509769987 -0.0086008545463102555
leaf_weight=10.12990513170371 16.8618920306908 11.703510917839592 11.724630534416066 13.019784478587097 15.703810038277878 11.603329147445036 38.415191908366978 15.20948000741191 10.576184338657184
leaf_count=179 564 200 298 324 325 151 804 325 163
internal_value=-0.000401728 -0.00652639 0.00122314 -0.00575009 0.00425119 0.00687349 0.0103836 -0.0124923 -0.0013994
internal_weight=154.948 37.0429 117.905 29.8817 88.0231 65.7223 54.119 25.3394 22.3008
internal_count=3333 704 2629 888 1741 1280 1129 504 461
is_linear=0
shrinkage=0.05


Tree=556
num_leaves=1
num_cat=0
split_feature=
split_gain=
threshold=
decision_type=
left_child=
right_child=
leaf_value=0
leaf_weight=
leaf_count=3333
internal_value=
internal_weight=
internal_count=
is_linear=0
shrinkage=1


Tree=557
num_leaves=12
num_cat=0
split_feature=242 113 309 28 390 28 104 49 214 272 119
split_gain=0.751273 1.20258 0.649578 0.86653 0.643684 0.554832 1.13958 0.525196 0.501211 0.314589 0.159108
threshold=0.36764705882352949 46.500000000000007 0.33674893156303654 0.021827231740959577 -0.015613172550136887 0.025253286607802742 0.033364123344000442 0.61566137415037836 0.61946254266904277 -1.6022145983758846 0.0024595034586660362
decision_type=2 2 2 2 2 2 2 2 2 2 2
left_child=1 -1 5 -4 -5 7 8 -2 -7 -8 -6
right_child=2 -3 3 4 10 6 9 -9 -10 -11 -12
leaf_value=0 0.0029192749717379535 -0.017201966543490373 0.0043408503377948323 0 -0.018396007579342743 0.015735472148916709 0.0024143242872583185 -0.009710303687843657 0 -0.006918602563192865 -0.0017026598754736851
leaf_weight=16.30558053881396 10.195168557809668 13.99132623337209 12.88559202221222 10.941346227424217 10.350892138667406 22.64503728877753 10.7139651440084 10.565639774315057 13.412914840853771 12.138294218573717 11.228940109489484
leaf_count=315 225 226 260 250 499 503 264 150 258 154 229
internal_value=-0.00101178 -0.00779159 0.000384099 -0.00376285 -0.00847675 0.00340315 0.00604986 -0.00181838 0.0114234 -0.000836518 -0.0130119
internal_weight=155.375 30.2969 125.078 45.4068 32.5212 79.671 58.9102 20.7608 36.058 22.8523 21.5798
internal_count=3333 541 2792 1238 978 1554 1179 375 761 418 728
is_linear=0
shrinkage=0.05


Tree=558
num_leaves=10
num_cat=0
split_feature=244 365 104 141 258 364 71 54 87
split_gain=0.709436 1.55837 1.67114 0.953337 0.775702 0.81137 1.13568 0.906322 0.40642
threshold=0.57272727272727286 0.2045517592484363 -0.082834219024092978 1.0000000180025095e-35 0.66176470588235314 0.59432134193248609 1.39227160172759 -0.0064949566462516031 0.01003380475911775
decision_type=2 2 2 2 2 2 2 2 2
left_child=1 2 -1 -3 8 6 7 -6 -2
right_child=4 3 -4 -5 5 -7 -8 -9 -10
leaf_value=0 0 0.011659851542078782 -0.020255958373943291 -0.0041636828680775024 0 -0.0043929801485571669 -0.0015001783311868501 0.01675714485970967 -0.010372332859637156
leaf_weight=10.734083299990745 16.887613475788388 13.392230364494027 19.892954378505237 14.555664782586971 15.073445027926931 10.269412692287004 14.531476228148675 27.702989960089329 11.006125752232036
leaf_count=218 425 322 468 214 395 218 231 592 250
internal_value=-0.000439887 -0.00488414 -0.0124535 0.00219836 0.00184479 0.00502704 0.00767872 0.0117831 -0.00398583
internal_weight=154.046 58.5749 30.627 27.9479 95.4711 67.5773 57.3079 42.7764 27.8937
internal_count=3333 1222 686 536 2111 1436 1218 987 675
is_linear=0
shrinkage=0.05


Tree=559
num_leaves=1
num_cat=0
split_feature=
split_gain=
threshold=
decision_type=
left_child=
right_child=
leaf_value=0
leaf_weight=
leaf_count=3333
internal_value=
internal_weight=
internal_count=
is_linear=0
shrinkage=1


Tree=560
num_leaves=9
num_cat=0
split_feature=381 119 66 130 20 56 110 113
split_gain=0.757152 1.06441 2.50613 3.73707 0.974927 1.40336 1.17044 0.645494
threshold=11.726461352729901 -0.17455771583318427 0.40124170280856769 -9.4999999999999982 0.22552104773307893 0.61701957060227419 46.500000000000007 10.500000000000002
decision_type=2 2 2 2 2 2 2 2
left_child=7 -2 4 -4 6 -6 -3 -1
right_child=1 2 3 -5 5 -7 -8 -9
leaf_value=0 0.0069192611132810559 0.015949856635406837 0.002817420398164273 -0.025239167428551007 -0.015106591417962174 0.0027051404267975413 0 0.014156128735653369
leaf_weight=10.674886323511602 17.867543861502782 13.886279916623606 14.492606382234952 25.422257264843211 16.459168130531907 15.616338127991183 29.670633657486178 10.386747228214515
leaf_count=247 325 339 339 563 335 307 581 297
internal_value=-0.000980348 -0.00267387 -0.00471663 -0.0144022 0.000113518 -0.00551958 0.00542407 0.00666514
internal_weight=154.476 133.415 115.547 39.9149 75.6324 32.0755 43.5569 21.0616
internal_count=3333 2789 2464 902 1562 642 920 544
is_linear=0
shrinkage=0.05


Tree=561
num_leaves=10
num_cat=0
split_feature=307 207 211 258 69 105 214 299 110
split_gain=0.728584 0.818868 0.870809 0.789493 0.917119 1.11028 0.50666 0.366762 0.191924
threshold=0.39567104035685524 1.1111805780579302 0.81934587580193086 0.63235294117647067 -0.003984218645615544 0.14464902652736347 0.56859946404205741 -0.40527703146850619 42.500000000000007
decision_type=2 2 2 2 2 2 2 2 2
left_child=1 2 -1 -3 7 -6 -2 -5 -4
right_child=6 3 8 4 5 -7 -8 -9 -10
leaf_value=0 0.012887011213177386 -0.008900754239652928 -0.0012174078553675236 0 -0.0068022367487085116 0.0088079408162729574 0 0.013661788998938829 -0.018083774424608016
leaf_weight=18.486369791440666 11.546586716664025 14.724660529871469 10.45557870983612 10.521741067525001 30.77452801913023 13.041644155397078 12.984367165539878 17.079094137065113 13.498491415521128
leaf_count=300 563 335 227 258 507 207 481 213 242
internal_value=-0.000500067 -0.00232507 -0.00779139 0 0.00276643 -0.000821265 0.00646074 0.00961798 -0.0135318
internal_weight=153.113 128.582 42.4404 86.1417 71.417 43.8162 24.531 27.6008 23.9541
internal_count=3333 2289 769 1520 1185 714 1044 471 469
is_linear=0
shrinkage=0.05


Tree=562
num_leaves=1
num_cat=0
split_feature=
split_gain=
threshold=
decision_type=
left_child=
right_child=
leaf_value=0
leaf_weight=
leaf_count=3333
internal_value=
internal_weight=
internal_count=
is_linear=0
shrinkage=1


Tree=563
num_leaves=9
num_cat=0
split_feature=381 119 66 130 20 56 11 209
split_gain=0.723089 0.999223 2.3805 3.57646 0.904312 1.32458 0.737446 0.564085
threshold=11.726461352729901 -0.17455771583318427 0.40124170280856769 -9.4999999999999982 0.22552104773307893 0.61701957060227419 -0.00059685173856433005 3.8455065583360404
decision_type=2 2 2 2 2 2 2 2
left_child=7 -2 4 -4 6 -6 -3 -1
right_child=1 2 3 -5 5 -7 -8 -9
leaf_value=0.013261689468144719 0.0066868787928288992 -0.0018941879994531956 0.0026965287558466441 -0.024770271178842326 -0.014692120704277323 0.0026115790816490327 0.0095036044281348476 0
leaf_weight=10.872629888821395 17.783816071227193 12.415433958056381 14.465994259109719 25.106400828924961 16.305244769901041 15.576450075255705 30.963588076061569 10.051222239155321
leaf_count=349 325 308 339 563 335 307 612 195
internal_value=-0.000924521 -0.00259312 -0.00458827 -0.0140726 0.000108045 -0.00530711 0.00525187 0.00656022
internal_weight=153.541 132.617 114.833 39.5724 75.2607 31.8817 43.379 20.9239
internal_count=3333 2789 2464 902 1562 642 920 544
is_linear=0
shrinkage=0.05


Tree=564
num_leaves=12
num_cat=0
split_feature=28 301 7 20 66 64 104 365 63 244 244
split_gain=0.729612 1.14561 1.73245 0.956455 1.39117 1.14264 0.805743 0.652024 0.644495 0.30786 0.05919
threshold=0.033217973051920001 -0.12692687100626424 -0.0018844998400671107 0.16183489856899558 0.25227846821385697 0.40107889489419729 0.0749458312728047 0.21176985952772912 -0.0031619953016205344 0.68181818181818199 0.73636363636363644
decision_type=2 2 2 2 2 2 2 2 2 2 2
left_child=3 2 7 -1 -5 10 -4 -2 -3 -10 -6
right_child=1 8 6 4 5 -7 -8 -9 9 -11 -12
leaf_value=-0.0050070979005902572 -0.0058649765015649858 0.011019518503144759 -0.020611280985465434 -0.0038931122008898089 0.0039419507813337421 0 0 0.0085165529080664625 -0.0075979353159365383 0.0018309572818965454 0.021959788227120011
leaf_weight=17.408081499161199 10.781668676878327 11.888965732650833 21.111445989809003 12.797190347802823 10.41101005242672 10.112184851779601 10.024187416536732 12.950816375028806 10.062241570674816 10.008669948903842 14.673110983450895
leaf_count=410 245 445 453 254 228 177 210 201 185 250 275
internal_value=-0.000530444 -0.00374423 -0.00820794 0.00298233 0.00698484 0.0122442 -0.0155262 0.000187667 0.00253552 -0.00110216 0.0174819
internal_weight=152.23 86.828 54.8681 65.4016 47.9935 35.1963 31.1356 23.7325 31.9599 20.0709 25.0841
internal_count=3333 1989 1109 1344 934 680 663 446 880 435 503
is_linear=0
shrinkage=0.05


Tree=565
num_leaves=1
num_cat=0
split_feature=
split_gain=
threshold=
decision_type=
left_child=
right_child=
leaf_value=0
leaf_weight=
leaf_count=3333
internal_value=
internal_weight=
internal_count=
is_linear=0
shrinkage=1


Tree=566
num_leaves=11
num_cat=0
split_feature=167 20 191 397 266 28 103 372 364 397
split_gain=0.726017 1.29106 1.61853 1.29748 0.678206 0.638483 0.636172 0.712014 0.439272 0.333493
threshold=-0.24691640341759521 0.14540498780616423 0.75486976163557085 0.0057437842588441883 0.11480085735728834 0.032668309195633662 0.19152096853598577 1.0000000180025095e-35 0.48334811388311993 0.0043704304459854411
decision_type=2 2 2 2 2 2 2 2 2 2
left_child=1 6 5 8 -2 -3 -1 -8 -4 -6
right_child=4 2 3 -5 9 -7 7 -9 -10 -11
leaf_value=0.0098885965646379245 0.011209244439508232 -0.0050635978731262835 -0.0058245847911135564 0 0.0035538434111956176 0.0076596523520863664 -0.0082004100357860564 0.006109133208726812 -0.027776847245201203 -0.0070110436847973931
leaf_weight=16.674443345866166 16.681351858656853 18.988113611703739 13.772677470289638 10.89908801903948 11.52369262778666 14.597183589823542 15.797543552122081 11.112790211103855 12.379158626310526 10.229685754515229
leaf_count=399 464 329 385 299 184 278 378 195 251 171
internal_value=-0.000898007 -0.00315007 -0.00741315 -0.014215 0.00433149 0 0.0027181 -0.00059948 -0.0197201 0
internal_weight=152.656 114.221 70.6362 37.0509 38.4347 33.5853 43.5848 26.9103 26.1518 21.7534
internal_count=3333 2514 1542 935 819 607 972 573 636 355
is_linear=0
shrinkage=0.05


Tree=567
num_leaves=11
num_cat=0
split_feature=126 28 305 41 191 73 111 124 210 57
split_gain=0.729869 1.10041 1.01219 0.76053 0.700589 0.607403 1.12246 0.45814 0.447018 0.00196707
threshold=-0.0063472843331680009 0.041305941069889829 -0.040312642402171577 0.0045310370459813835 0.93361344170522054 1.1051626524198424 43.500000000000007 -9.4999999999999982 0.77840526681600009 -0.33786613525227255
decision_type=2 2 2 2 2 2 2 2 2 2
left_child=1 -1 3 -2 5 7 -7 -4 9 -6
right_child=2 -3 4 -5 8 6 -8 -9 -10 -11
leaf_value=0 -0.013542092612438692 -0.015184335846723221 -0.0091669385391119906 0 0.017504877216072905 0.017032735380850702 -0.00078966540500554304 0 0 0.0023924025853779888
leaf_weight=19.84798169892747 14.125949034118095 16.448738828883506 15.971391101134939 11.084669234231113 10.784975274233149 10.327010836801493 12.138278562051708 19.917629964416847 10.092440077569334 10.632061271229761
leaf_count=396 536 308 227 307 324 211 187 456 159 222
internal_value=-0.000542796 -0.00664112 0.00107714 -0.00662818 0.00392152 0 0.00648103 -0.0033974 0.00959875 0.0132661
internal_weight=151.371 36.2967 115.074 25.2106 89.8638 58.3543 22.4653 35.889 31.5095 21.417
internal_count=3333 704 2629 843 1786 1081 398 683 705 546
is_linear=0
shrinkage=0.05


Tree=568
num_leaves=1
num_cat=0
split_feature=
split_gain=
threshold=
decision_type=
left_child=
right_child=
leaf_value=0
leaf_weight=
leaf_count=3333
internal_value=
internal_weight=
internal_count=
is_linear=0
shrinkage=1


Tree=569
num_leaves=9
num_cat=0
split_feature=242 124 284 167 6 35 210 223
split_gain=0.742793 1.17595 0.648446 0.531623 0.725761 0.667613 0.484238 0.139738
threshold=0.36764705882352949 -8.4999999999999982 -0.27940680602473211 -0.30275789033226269 0.0019802956984978433 0.35631348058967821 0.30098025691087377 0.63653924908191495
decision_type=2 2 2 2 2 2 2 2
left_child=1 -1 3 4 5 -2 7 -4
right_child=2 -3 6 -5 -6 -7 -8 -9
leaf_value=0.0014279358753269556 0 -0.015043458634135308 0.0041538519030286632 0.01044669157727636 -0.0082767691971705436 0.013214266577292048 -0.0092763222538420516 -0.0020807154424777011
leaf_weight=11.288016492035242 32.660674744984135 18.460422735020984 12.253384053532502 18.879967724322341 12.51012430526316 10.871731109567916 17.977942025056109 16.900523608899675
leaf_count=196 627 345 223 523 215 229 688 287
internal_value=-0.000889324 -0.00770836 0.000517909 0.00368843 0.000149701 0.00402327 -0.00344382 0
internal_weight=151.803 29.7484 122.054 74.9225 56.0425 43.5324 47.1318 29.1539
internal_count=3333 541 2792 1594 1071 856 1198 510
is_linear=0
shrinkage=0.05


Tree=570
num_leaves=12
num_cat=0
split_feature=69 286 74 167 207 365 30 24 242 191 286
split_gain=0.703116 1.18245 1.26717 0.717915 0.645964 0.759018 0.590203 0.500656 0.343492 0.648294 0.326506
threshold=-0.002551963565061099 -0.64852653657784309 -0.16777724873942293 -0.79137621069782049 1.1527009186218697 0.1862053580959975 0.016134314558728383 0.23056691235455046 0.75000000000000011 0.75145790449493466 -0.49949961421901284
decision_type=2 2 2 2 2 2 2 2 2 2 2
left_child=6 2 -2 -4 5 -3 8 -8 -1 -10 -6
right_child=1 4 3 -5 10 -7 7 -9 9 -11 -12
leaf_value=-0.0067994620871035709 1.5253972172812187e-05 -0.0099701857664115899 0 -0.021810015323000712 0 0.00396794708714445 0 0.014764305441880175 -0.0041231999713666392 0.0088786618392205849 0.012245867737290922
leaf_weight=12.064490042859687 12.026561741251497 17.27922621823382 10.506012044381349 16.111928968981378 11.494044853374364 10.213727780734187 10.329145816038364 12.302118844585491 10.398659598780798 16.728454483323731 11.177538329386151
leaf_count=309 276 246 159 440 153 207 174 256 220 471 422
internal_value=-0.000536472 -0.00360556 -0.00995661 -0.0156955 0.000632285 -0.00327145 0.00306379 0.00901701 0 0.00232073 0.00714297
internal_weight=150.632 88.809 38.6445 26.6179 50.1645 27.493 61.8229 22.6313 39.1916 27.1271 22.6716
internal_count=3333 1903 875 599 1028 453 1430 430 1000 691 575
is_linear=0
shrinkage=0.05


Tree=571
num_leaves=1
num_cat=0
split_feature=
split_gain=
threshold=
decision_type=
left_child=
right_child=
leaf_value=0
leaf_weight=
leaf_count=3333
internal_value=
internal_weight=
internal_count=
is_linear=0
shrinkage=1


Tree=572
num_leaves=11
num_cat=0
split_feature=381 66 124 6 20 110 111 19 19 113
split_gain=0.705985 0.941375 2.56944 1.02098 0.921678 0.99044 1.04341 0.8835 0.759509 0.599837
threshold=11.726461352729901 0.40124170280856769 -8.4999999999999982 0.004131752789462555 0.22552104773307893 46.500000000000007 26.500000000000004 0.3469609397989406 0.34198210728929157 10.500000000000002
decision_type=2 2 2 2 2 2 2 2 2 2
left_child=9 4 7 -4 5 -2 -7 -3 -6 -1
right_child=1 2 3 -5 8 6 -8 -9 -10 -11
leaf_value=0 0.015433230380624278 -0.0038087219805187826 -0.025233882270031739 -0.00025612445267041622 -0.012163924654630995 0.011237017855757396 -0.0063836969336844912 0.011499074788624466 0.00023585470513806038 0.013812264541059709
leaf_weight=10.377558283042164 13.586040447291451 16.496573854237798 16.015065306157343 10.751560005941426 15.575606515281835 10.367215764475988 19.591304343077354 12.165370984061154 15.98621130757965 10.154295511427334
leaf_count=247 340 375 328 239 332 158 431 273 313 297
internal_value=-0.00089934 -0.00256653 -0.00741444 -0.0179176 0.00051844 0.00562832 0 0.00158331 -0.00496138 0.00655127
internal_weight=151.067 130.535 55.4286 26.7666 75.1064 43.5446 29.9585 28.6619 31.5618 20.5319
internal_count=3333 2789 1215 567 1574 929 589 648 645 544
is_linear=0
shrinkage=0.05


Tree=573
num_leaves=8
num_cat=0
split_feature=126 28 301 41 119 381 66
split_gain=0.698552 1.06452 0.937021 0.726678 0.611238 0.903939 1.33952
threshold=-0.0063472843331680009 0.041305941069889829 -0.31531264240216872 0.0045310370459813835 -0.17455771583318427 11.726461352729901 0.39945098950463204
decision_type=2 2 2 2 2 2 2
left_child=1 -1 3 -2 -4 -6 -7
right_child=2 -3 4 -5 5 6 -8
leaf_value=0 -0.013215932685771516 -0.014967936262027977 -0.0030721579221788965 0 -0.0016827064022681042 0.0017664185712055538 0.019462594716904296
leaf_weight=19.699468030128628 13.902332521392966 16.306958396686241 14.923074114369227 11.048125724541022 17.442246111109853 38.027118395955767 18.425815704395063
leaf_count=396 536 308 231 307 316 772 467
internal_value=-0.000542766 -0.00653184 0.00104363 -0.00637376 0.00381201 0.00591812 0.00907395
internal_weight=149.775 36.0064 113.769 24.9505 88.8183 73.8952 56.4529
internal_count=3333 704 2629 843 1786 1555 1239
is_linear=0
shrinkage=0.05


Tree=574
num_leaves=1
num_cat=0
split_feature=
split_gain=
threshold=
decision_type=
left_child=
right_child=
leaf_value=0
leaf_weight=
leaf_count=3333
internal_value=
internal_weight=
internal_count=
is_linear=0
shrinkage=1


Tree=575
num_leaves=11
num_cat=0
split_feature=85 266 11 394 207 54 67 130 373 229
split_gain=0.699084 1.31499 0.501815 1.05435 0.614692 0.648674 0.632899 0.589066 0.424645 0.235145
threshold=1.0000000180025095e-35 -0.086840092532080512 0.00085173494185031295 0.0048499798270057468 1.3861520379623133 -0.0045278289008504049 -0.011362570824148098 -14.499999999999998 0.054983851617157249 -3.7881221190980869
decision_type=2 2 2 2 2 2 2 2 2 2
left_child=2 9 3 4 6 -6 -1 -4 -9 -2
right_child=1 -3 7 -5 5 -7 -8 8 -10 -11
leaf_value=-0.00084727650825643466 0.0062106297903446774 -0.016078533587718387 0.0024687668444293483 0.014469093828998371 0.0014818144788435559 -0.009453951309696158 0.010497112162669102 -0.014153953898795516 0 -0.0025200672416232366
leaf_weight=10.787897198868452 10.078148290282117 16.729205123439897 10.835853076772763 13.546926366398109 15.123848291113971 21.391223016544245 19.787584751727991 11.644851489225404 10.153719941503367 10.134470905410124
leaf_count=320 217 376 223 335 353 476 432 221 237 143
internal_value=-0.000895523 -0.00673712 0.000704267 0.00314696 0 -0.0038906 0.00528724 -0.00368512 -0.00868899 0
internal_weight=150.214 36.9418 113.272 80.6375 67.0906 36.5151 30.5755 32.6344 21.7986 20.2126
internal_count=3333 736 2597 1916 1581 829 752 681 458 360
is_linear=0
shrinkage=0.05


Tree=576
num_leaves=12
num_cat=0
split_feature=309 207 394 67 244 209 33 19 299 163 270
split_gain=0.687955 0.772896 1.04789 0.651691 0.550349 0.574601 0.657777 0.459239 0.435845 0.422327 0.210782
threshold=0.32007256526483618 1.1111805780579302 -0.0088355927834772845 0.024902802884911871 0.33636363636363642 4.4761592203497154 0.016633317113474193 0.38155271880041286 -0.40527703146850619 0.00013297450818548426 -0.80557783884803558
decision_type=2 2 2 2 2 2 2 2 2 2 2
left_child=1 2 -1 8 -2 6 10 -5 -3 -10 -6
right_child=4 3 -4 7 5 -7 -8 -9 9 -11 -12
leaf_value=0 -0.0033837373612850621 -0.0006155975428678768 -0.018041802983167803 0 -0.007517373714893894 0.015217776321426771 0.0089288192177910466 -0.013305172909445271 0 0.012466324540390022 0
leaf_weight=10.504338365513833 13.026894484763032 18.390928689565044 14.573670428129843 11.558344164863231 10.452548442408444 10.777249971171839 15.172069792519322 10.285689658951013 10.699146470054986 13.490112959407268 10.097484227153471
leaf_count=175 280 582 396 176 147 246 530 151 141 180 329
internal_value=-0.000560323 -0.00355399 -0.0105085 0 0.00309577 0.00601619 0.000984927 -0.00696102 0.00305496 0.00744463 -0.0031472
internal_weight=149.028 89.5022 25.078 64.4242 59.5262 46.4994 35.7221 21.844 42.5802 24.1893 20.55
internal_count=3333 1801 571 1230 1532 1252 1006 327 903 321 476
is_linear=0
shrinkage=0.05


Tree=577
num_leaves=1
num_cat=0
split_feature=
split_gain=
threshold=
decision_type=
left_child=
right_child=
leaf_value=0
leaf_weight=
leaf_count=3333
internal_value=
internal_weight=
internal_count=
is_linear=0
shrinkage=1


Tree=578
num_leaves=10
num_cat=0
split_feature=165 20 276 20 167 83 215 105 264
split_gain=0.689867 1.1694 0.700095 0.627654 1.2958 0.76746 0.552933 0.482107 0.287219
threshold=-0.001104047350781341 0.11187147656232053 0.92586589622461235 0.15031352184920069 -0.52996209332036182 0.29299057405877216 2.5737884335207872 0.019413926028865037 66.500000000000014
decision_type=2 2 2 2 2 2 2 2 2
left_child=1 8 6 -4 -5 -6 -2 -3 -1
right_child=2 7 3 4 5 -7 -8 -9 -10
leaf_value=0.0062728895590056892 0 -0.0012504447048629825 0.0080085843584760084 -0.014055205874982799 0.0052304610389309059 -0.0069994074219849184 0.013388183827239195 -0.020636969697032898 -0.0028425334132636758
leaf_weight=12.541287787724288 10.8480316499481 13.042219144525008 10.693305433262138 17.186528652790003 33.11870376765728 16.007068394334055 14.781482485239392 10.6921529029496 10.561020366556475
leaf_count=200 329 289 233 332 553 314 599 231 253
internal_value=-0.000882453 -0.00589292 0.00103312 -0.000852222 -0.00328725 0.00011279 0.00793994 -0.0131899 0.000342542
internal_weight=149.472 46.8367 102.635 77.0056 66.3123 49.1258 25.6295 23.7344 23.1023
internal_count=3333 973 2360 1432 1199 867 928 520 453
is_linear=0
shrinkage=0.05


Tree=579
num_leaves=10
num_cat=0
split_feature=28 126 20 394 71 63 112 206 148
split_gain=0.693639 1.13691 0.86415 1.29157 0.778883 0.640794 0.593417 0.689292 0.420231
threshold=0.033217973051920001 -0.0020297258702761663 0.16183489856899558 -0.00079867707667929933 0.90213876507064839 -0.029656060398308644 53.500000000000007 0.0085616429839793558 -0.0055972332916415625
decision_type=2 2 2 2 2 2 2 2 2
left_child=2 4 -1 -4 -2 -5 7 -3 -8
right_child=1 6 3 5 -6 -7 8 -9 -10
leaf_value=-0.0047093000930466811 0 -0.011968502205623441 0.016177661529468142 -0.0086929924283006537 -0.016364246721988922 0.0052489903566519808 0 0.00051371332783465933 0.012188998802523278
leaf_weight=16.984927850193344 11.569733679527419 12.250003316497898 18.013862320105545 10.368338612257505 19.473978926369455 18.478204755927436 13.429418639512734 16.830428695655428 10.916707325843161
leaf_count=410 294 261 363 257 384 314 278 415 357
internal_value=-0.000564888 -0.00374807 0.00287781 0.0067485 -0.0109354 0 0 -0.00381331 0.00609851
internal_weight=148.316 84.4703 63.8453 46.8604 31.0437 28.8465 53.4266 29.0804 24.3461
internal_count=3333 1989 1344 934 678 571 1311 676 635
is_linear=0
shrinkage=0.05


Tree=580
num_leaves=1
num_cat=0
split_feature=
split_gain=
threshold=
decision_type=
left_child=
right_child=
leaf_value=0
leaf_weight=
leaf_count=3333
internal_value=
internal_weight=
internal_count=
is_linear=0
shrinkage=1


Tree=581
num_leaves=10
num_cat=0
split_feature=242 124 284 103 165 372 69 112 110
split_gain=0.71551 1.14766 0.595126 0.450487 0.607292 0.441732 0.622263 0.79589 0.325688
threshold=0.36764705882352949 -8.4999999999999982 -0.27940680602473211 0.16903289069910235 0.0017263657055688838 0.045960563931771399 -0.0029922593822280237 57.500000000000007 55.500000000000007
decision_type=2 2 2 2 2 2 2 2 2
left_child=1 -1 5 -4 -5 6 8 -8 -2
right_child=2 -3 3 4 -6 -7 7 -9 -10
leaf_value=0.0014303826543375336 0.0047298280137542323 -0.014945769340218774 0.00036407288150273995 -0.013301892611146133 0 -0.0027648310075782828 0.0013119890220741771 0.019460187344698236 -0.005068605917039554
leaf_weight=11.018844182137402 14.013794307364151 18.113238597754389 19.882820164377335 14.953728263091763 11.418004532577468 10.52866048295982 23.471545385778882 11.481826424482277 13.877606210066006
leaf_count=196 338 345 425 530 243 237 486 300 233
internal_value=-0.00088172 -0.00764038 0.000503078 -0.00329675 -0.0075144 0.00358857 0.00548982 0.00965789 0
internal_weight=148.76 29.1321 119.628 46.2546 26.3717 73.3734 62.8448 34.9534 27.8914
internal_count=3333 541 2792 1198 773 1594 1357 786 571
is_linear=0
shrinkage=0.05


Tree=582
num_leaves=11
num_cat=0
split_feature=73 349 111 377 386 10 15 306 30 167
split_gain=0.688969 1.44261 1.01693 1.0104 0.966552 0.549577 0.859878 0.50261 0.498923 0.310548
threshold=1.067542864742822 -3.4999999999999996 43.500000000000007 0.047527999140522199 0.0078286662573618954 0.0075497467832500321 0.00067835704970060841 1.0000000180025095e-35 0.023185203818100186 -0.69231753018402598
decision_type=2 2 2 2 2 2 2 2 2 2
left_child=1 4 8 -4 -1 6 9 -7 -2 -3
right_child=2 5 3 -5 -6 7 -8 -9 -10 -11
leaf_value=0 0.014625504246604026 0.0042986445406271766 -0.0097016446070588829 0.0070357911656800101 -0.018941626318162392 0.00076472755766457401 0.014374137660375874 -0.010131075595203903 0 -0.0062894193685756675
leaf_weight=18.257205142290331 17.046130084083419 10.140786950767504 18.200411339057613 10.233826082665471 16.907197925553191 10.822939039440826 12.422724579111671 12.766315751359798 10.344735487946307 10.488232028321365
leaf_count=482 350 238 410 254 327 293 309 173 220 277
internal_value=-0.000591461 -0.00348621 0.00325404 -0.00199045 -0.011128 0.00074083 0.00536292 -0.00372929 0.0100026 0
internal_weight=147.631 91.8054 55.8251 28.4342 35.1644 56.641 33.0517 23.5893 27.3909 20.629
internal_count=3333 2099 1234 664 809 1290 824 466 570 515
is_linear=0
shrinkage=0.05


Tree=583
num_leaves=1
num_cat=0
split_feature=
split_gain=
threshold=
decision_type=
left_child=
right_child=
leaf_value=0
leaf_weight=
leaf_count=3333
internal_value=
internal_weight=
internal_count=
is_linear=0
shrinkage=1


Tree=584
num_leaves=11
num_cat=0
split_feature=242 113 309 28 390 28 104 165 268 124
split_gain=0.691361 1.10113 0.573794 0.780317 0.582928 0.494884 1.04144 0.409734 0.262296 0.22726
threshold=0.36764705882352949 46.500000000000007 0.33674893156303654 0.021827231740959577 -0.015613172550136887 0.025253286607802742 0.033364123344000442 -0.00071578523089428614 -0.60252089642871598 1.5000000000000002
decision_type=2 2 2 2 2 2 2 2 2 2
left_child=1 -1 5 -4 -5 -2 7 -7 -8 -6
right_child=2 -3 3 4 9 6 8 -9 -10 -11
leaf_value=0 -0.0014431161361248023 -0.016618723805129163 0.0042492017761837728 0 -0.017989207957691329 0 0.0021450348028716855 0.015001513424566038 -0.0064537145646632755 -0.0005817093744022731
leaf_weight=15.525018262676896 19.859740570187569 13.517816874897106 12.434980037156491 10.513882088707762 10.085518405539917 11.63175084791146 10.201919251237998 22.468326314236037 11.514454357326029 10.324077449971808
leaf_count=315 375 226 260 250 506 204 264 557 154 222
internal_value=-0.000858243 -0.00751388 0.000500717 -0.0034179 -0.00807803 0.00342611 0.00599395 0.011264 -0.00062119 -0.0125226
internal_weight=148.077 29.0428 119.035 43.3585 30.9235 75.6762 55.8165 34.1001 21.7164 20.4096
internal_count=3333 541 2792 1238 978 1554 1179 761 418 728
is_linear=0
shrinkage=0.05


Tree=585
num_leaves=11
num_cat=0
split_feature=244 365 104 126 64 86 26 270 86 165
split_gain=0.712398 1.39266 1.57023 0.769171 0.730024 0.753568 0.712497 0.65319 0.532811 0.484471
threshold=0.57272727272727286 0.2045517592484363 -0.082834219024092978 -0.001557696012491727 0.41894083940755605 -7656.9651138798627 0.15323111754633426 -0.92164648091089674 -19506.934242999865 0.0001699262924255283
decision_type=2 2 2 2 2 2 2 2 2 2
left_child=1 2 -1 -3 5 8 9 -6 -2 -7
right_child=4 3 -4 -5 7 6 -8 -9 -10 -11
leaf_value=0 0 -0.005759068648955706 -0.020035145912876296 0.0089481352615456509 -0.0092170713101479337 0 0.0094297461217212695 0.0022910809790320451 0.017828329665666321 -0.011604653873381467
leaf_weight=10.335486160591246 11.371091286418961 10.240974605549129 19.101408621878363 16.511930034554098 18.996837543614674 11.51461256365292 10.656949067953972 15.208695357549002 12.72729496040847 10.20316678076051
leaf_count=218 262 160 468 376 480 232 168 429 331 209
internal_value=-0.000584496 -0.00510568 -0.0123484 0.00162471 0.00175714 0.00547534 0 -0.0029842 0.0116326 -0.00478889
internal_weight=146.868 56.1898 29.4369 26.7529 90.6786 56.4731 32.3747 34.2055 24.0984 21.7178
internal_count=3333 1222 686 536 2111 1202 609 909 593 441
is_linear=0
shrinkage=0.05


Tree=586
num_leaves=1
num_cat=0
split_feature=
split_gain=
threshold=
decision_type=
left_child=
right_child=
leaf_value=0
leaf_weight=
leaf_count=3333
internal_value=
internal_weight=
internal_count=
is_linear=0
shrinkage=1


Tree=587
num_leaves=10
num_cat=0
split_feature=381 119 66 388 19 20 56 110 268
split_gain=0.681018 0.921952 2.18413 1.55661 1.01232 0.744483 1.14094 1.01172 0.294492
threshold=11.726461352729901 -0.17455771583318427 0.40124170280856769 1.0000000180025095e-35 0.31338411422476831 0.22552104773307893 0.61701957060227419 46.500000000000007 -0.43487928540096826
decision_type=2 2 2 2 2 2 2 2 2
left_child=8 -2 5 4 -4 7 -7 -3 -1
right_child=1 2 3 -5 -6 6 -8 -9 -10
leaf_value=0.011471444882155362 0.0064554808737061382 0.014889106556174481 -0.0010616892742639301 0 -0.026892942950114986 -0.01384764483043128 0.0023537245987258698 0 0
leaf_weight=10.013303054030986 17.131064813351259 13.170593782910144 10.38885778130498 10.893056637374682 16.597876059357077 15.556154545047322 15.031937170773743 28.506501674535684 10.017875276971607
leaf_count=355 325 339 250 263 389 335 307 581 189
internal_value=-0.000871059 -0.00253979 -0.00451482 -0.0137835 -0.0197174 3.50429e-05 -0.00489807 0.00486053 0.0065106
internal_weight=147.307 127.276 110.145 37.8798 26.9867 72.2652 30.5881 41.6771 20.0312
internal_count=3333 2789 2464 902 639 1562 642 920 544
is_linear=0
shrinkage=0.05


Tree=588
num_leaves=11
num_cat=0
split_feature=244 126 63 349 165 167 34 258 225 20
split_gain=0.67905 1.31878 1.11737 0.666637 1.22069 0.88601 1.09804 0.597977 0.359434 0.100195
threshold=0.57272727272727286 -0.0031717843500304595 -0.067828372910665111 3.5000000000000004 0.002212637163504011 -0.6590281435144143 0.029241879758414257 1.661764705882353 3.426587619688108 0.25029900267510491
decision_type=2 2 2 2 2 2 2 2 2 2
left_child=1 -1 -3 5 9 -2 -7 -4 -8 -5
right_child=3 2 7 4 -6 6 8 -9 -10 -11
leaf_value=-0.015436651451797649 0.0069761745440384236 0.01170249965808013 -0.011135341558993428 0.0018403607768408721 -0.0025142022806484022 -0.013830783590389188 0.0073576607176182021 2.4448570352770753e-05 -0.0032706817511378226 0.018444843107049594
leaf_weight=17.039725864946377 16.404529492079746 11.542458970565347 15.523210955085233 10.1552564536687 11.376497827761339 18.240409641643055 10.791892432374881 11.787305921781808 11.289071905543095 11.857804379076695
leaf_count=330 411 378 311 243 287 412 253 203 289 216
internal_value=-0.000581244 -0.00501019 0 0.00170169 0.00720302 -0.000898455 -0.00551761 -0.00514345 0.00018903 0.0139231
internal_weight=146.008 55.8927 38.853 90.1155 33.3896 56.7259 40.3214 27.3105 22.081 22.0131
internal_count=3333 1222 892 2111 746 1365 954 514 542 459
is_linear=0
shrinkage=0.05


Tree=589
num_leaves=1
num_cat=0
split_feature=
split_gain=
threshold=
decision_type=
left_child=
right_child=
leaf_value=0
leaf_weight=
leaf_count=3333
internal_value=
internal_weight=
internal_count=
is_linear=0
shrinkage=1


Tree=590
num_leaves=10
num_cat=0
split_feature=165 20 104 270 111 29 21 105 264
split_gain=0.672155 1.10659 0.693716 0.777693 0.590537 0.926138 0.555152 0.446866 0.263089
threshold=-0.001104047350781341 0.11187147656232053 -0.18152510833825383 -1.0741341037753875 35.500000000000007 0.0098085337030211512 0.11448009969666922 0.019413926028865037 66.500000000000014
decision_type=2 2 2 2 2 2 2 2 2
left_child=1 8 -2 -4 5 -5 -6 -3 -1
right_child=2 7 3 4 6 -7 -8 -9 -10
leaf_value=0.0060430152237413229 -0.0068706358328816629 -0.0011951577118468101 0.011665286613314374 0.00062178129394973311 0.011722142265723113 -0.015069489790815635 0 -0.020250417984875164 -0.0027568993266215004
leaf_weight=12.256461720215158 16.043671814841218 12.88242618070217 18.231685628416017 13.755506450659597 12.445354666793717 10.434195267444009 29.490424297109712 10.52305703103775 10.379086229426319
leaf_count=200 350 289 798 232 208 211 561 231 253
internal_value=-0.000876924 -0.00586283 0.00102968 0.00328894 0 -0.0052236 0.00404281 -0.0129833 0.000207143
internal_weight=146.442 46.041 100.401 84.3572 66.1255 24.1897 41.9358 23.4055 22.6355
internal_count=3333 973 2360 2010 1212 443 769 520 453
is_linear=0
shrinkage=0.05


Tree=591
num_leaves=11
num_cat=0
split_feature=268 28 167 104 162 71 379 34 299 72
split_gain=0.670972 0.809643 1.03618 1.49051 0.740932 1.07012 0.725253 0.539532 0.417564 0.359621
threshold=-0.21499549516061373 0.033217973051920001 -0.77207482476716482 -0.0033604007124781441 1.0501937751203452 1.0203033748722634 -1.0000000180025095e-35 0.032063939007312171 -0.23646207326683091 0.0065921062396268344
decision_type=2 2 2 2 2 2 2 2 2 2
left_child=1 4 9 8 5 -1 -6 -5 -4 -3
right_child=-2 2 3 7 6 -7 -8 -9 -10 -11
leaf_value=-0.012046978188932918 0.0095361422259193276 -0.0016050575265312934 -0.022814491006539647 -0.0084467439822628661 0 0.0040686949547603501 0.015358775020722784 0.0045424356797807604 -0.0024117152517129006 0.0079126926130724494
leaf_weight=13.817199738055931 10.495736658980602 12.634607544867324 15.25934083433822 10.146097771998031 11.739674947923051 18.46543523168657 13.014206052757798 16.913455929839984 11.067054881714283 11.713742973166516
leaf_count=359 781 179 393 221 175 291 199 358 146 231
internal_value=-0.000558598 -0.00189822 -0.00532312 -0.00924148 0.00196947 -0.00184964 0.00841324 0 -0.0170666 0.00151128
internal_weight=145.267 134.771 77.7343 53.3859 57.0365 32.2826 24.7539 27.0596 26.3264 24.3484
internal_count=3333 2552 1528 1118 1024 650 374 579 539 410
is_linear=0
shrinkage=0.05


Tree=592
num_leaves=1
num_cat=0
split_feature=
split_gain=
threshold=
decision_type=
left_child=
right_child=
leaf_value=0
leaf_weight=
leaf_count=3333
internal_value=
internal_weight=
internal_count=
is_linear=0
shrinkage=1


Tree=593
num_leaves=8
num_cat=0
split_feature=85 266 165 54 272 42 191
split_gain=0.653029 1.18418 0.467984 0.984201 0.512499 0.529847 0.0761622
threshold=1.0000000180025095e-35 -0.086840092532080512 -0.002024798131751551 -0.0045278289008504049 -1.3335504372647797 0.49664308069967172 0.85570095622586495
decision_type=2 2 2 2 2 2 2
left_child=2 -2 -1 6 5 -5 -4
right_child=1 -3 3 4 -6 -7 -8
leaf_value=-0.007215149838818157 0 -0.015527790241372902 0.015138322078190642 -0.0029038306371891387 -0.0071871715907837839 0.0056379956561276772 0.00058069539709967974
leaf_weight=10.92075495701283 19.648022166686133 16.35248031251831 10.701259661233054 21.749369982280768 18.05469900497701 38.198640492977574 10.073392117163165
leaf_count=206 360 376 251 426 624 800 290
internal_value=-0.000902951 -0.00661322 0.000653529 0.00220178 0 0.00175398 0.0111466
internal_weight=145.699 36.0005 109.698 98.7774 78.0027 59.948 20.7747
internal_count=3333 736 2597 2391 1850 1226 541
is_linear=0
shrinkage=0.05


Tree=594
num_leaves=10
num_cat=0
split_feature=244 126 153 64 162 65 266 163 64
split_gain=0.652181 1.25952 0.806013 0.698711 0.759478 0.720646 0.608676 0.497709 0.124907
threshold=0.57272727272727286 -0.001557696012491727 0.011227690410067749 0.41894083940755605 0.4668811514755678 -0.070067696639651331 0.078353519089104207 0.0055946552164941156 0.29317100847360372
decision_type=2 2 2 2 2 2 2 2 2
left_child=1 7 -3 4 -2 -6 -5 -1 -7
right_child=3 2 -4 6 5 8 -8 -9 -10
leaf_value=-0.020084889996649147 -0.00056236108411268464 0.0083970575417783768 -0.0056688210665777122 -0.0090458742439164137 0 0.0015569100011546162 0.0020408082893845882 0 0.017776574061205225
leaf_weight=11.411832262703685 18.984343353193253 16.401795354671776 17.133512895554304 18.670452583697625 11.457767635933122 10.214783858507873 14.968966253218239 10.395618095295502 14.883800250012426
leaf_count=259 361 472 309 480 324 240 429 182 277
internal_value=-0.000568441 -0.00493466 0 0.00167111 0.00535355 0.00949945 -0.00298468 -0.013572 0.0138259
internal_weight=144.523 55.3428 33.5353 89.1801 55.5407 36.5564 33.6394 21.8075 25.0986
internal_count=3333 1222 781 2111 1202 841 909 441 517
is_linear=0
shrinkage=0.05


Tree=595
num_leaves=1
num_cat=0
split_feature=
split_gain=
threshold=
decision_type=
left_child=
right_child=
leaf_value=0
leaf_weight=
leaf_count=3333
internal_value=
internal_weight=
internal_count=
is_linear=0
shrinkage=1


Tree=596
num_leaves=10
num_cat=0
split_feature=167 216 163 353 73 105 270 36 146
split_gain=0.656243 0.964561 0.947456 1.28676 0.766934 0.571504 0.695075 0.551557 0.193202
threshold=-0.24691640341759521 4.9964908049769683 -0.0034666264531106948 0.026240569790104192 1.1219636299603968 -0.068256526353244279 -0.82086113339219902 0.044487508954208617 0.001414574130342342
decision_type=2 2 2 2 2 2 2 2 2
left_child=1 2 3 -1 7 -2 -7 -4 -3
right_child=5 8 4 -5 -6 6 -8 -9 -10
leaf_value=0 -0.00086159124623224866 -0.0002534125444219491 0.011999053313989039 -0.017257141804518067 -0.0028468105628169996 0.016250788627788334 0 0 -0.016460374459293114
leaf_weight=17.213751720264558 14.473620693199335 10.218820135691205 22.960364744300023 13.66538305452559 19.335677478113212 11.520349639467893 10.507277028751561 13.414097157889044 11.659489773795938
leaf_count=423 307 270 500 304 389 329 183 300 328
internal_value=-0.00089662 -0.00311038 -2.29466e-05 -0.00717927 0.0032562 0.00415264 0.00915347 0.00773997 -0.0118437
internal_weight=144.969 108.468 86.5893 30.8791 55.7101 36.5012 22.0276 36.3745 21.8783
internal_count=3333 2514 1916 727 1189 819 512 800 598
is_linear=0
shrinkage=0.05


Tree=597
num_leaves=11
num_cat=0
split_feature=69 284 74 394 104 87 30 381 383 260
split_gain=0.660432 1.05291 1.22037 1.1362 0.585915 0.918467 0.520541 0.372682 0.297598 0.269054
threshold=-0.002551963565061099 -0.41240283988959986 -0.16777724873942293 -0.0046805414806573289 0.048151706079414561 0.041163559178917127 0.016134314558728383 31.131120092143203 2.5000000000000004 0.68181818181818199
decision_type=2 2 2 2 2 2 2 2 2 2
left_child=6 2 -2 -4 5 9 8 -8 -1 -3
right_child=1 4 3 -5 -6 -7 7 -9 -10 -11
leaf_value=-0.0049955689711988051 0.00018045810806157627 0.007376151177505787 0 -0.023502893671693038 0.0086821806732478926 -0.013307150487192715 0 0.014391454692253853 0.0032009719653179093 -0.00028202373808959113
leaf_weight=17.431138516345527 11.492256519268265 11.038800831185656 11.02031772909686 14.490661718067713 14.275182290875817 10.41104386479128 11.196478197933176 10.442169427580664 19.849550674203783 12.223405034630558
leaf_count=450 276 263 236 363 353 201 241 189 550 211
internal_value=-0.000564353 -0.00361104 -0.0097087 -0.0154675 0.000407911 -0.00215972 0.00298307 0.00867069 0 0.00187566
internal_weight=143.871 84.9517 37.0032 25.511 47.9484 33.6732 58.9193 21.6386 37.2807 23.2622
internal_count=3333 1903 875 599 1028 675 1430 430 1000 474
is_linear=0
shrinkage=0.05


Tree=598
num_leaves=1
num_cat=0
split_feature=
split_gain=
threshold=
decision_type=
left_child=
right_child=
leaf_value=0
leaf_weight=
leaf_count=3333
internal_value=
internal_weight=
internal_count=
is_linear=0
shrinkage=1


Tree=599
num_leaves=10
num_cat=0
split_feature=165 20 104 276 111 29 380 113 264
split_gain=0.653557 1.07401 0.645551 0.725741 0.548303 0.850712 0.530913 0.296191 0.240912
threshold=-0.001104047350781341 0.11187147656232053 -0.18152510833825383 0.92586589622461235 35.500000000000007 0.0098085337030211512 1.0000000180025095e-35 46.500000000000007 66.500000000000014
decision_type=2 2 2 2 2 2 2 2 2
left_child=1 8 -2 -4 5 -5 -6 -3 -1
right_child=2 7 3 4 6 -7 -8 -9 -10
leaf_value=0.0058189287606140935 -0.006643627744776906 -0.001248631896916761 0.011352159648640973 0.00042408095785481008 0.0082736953410883825 -0.014583935061713094 -0.00092752740285006172 -0.018894681815620359 -0.0026237206911941288
leaf_weight=12.107510572066532 15.847442557336761 11.884175269631671 17.90850406663958 13.543383981799709 26.102084333251696 10.230234109738374 15.288918219273908 11.16722588741686 10.239152364840264
leaf_count=200 350 298 798 232 483 211 286 222 253
internal_value=-0.00090328 -0.00584933 0.000981416 0.00319777 0 -0.00507713 0.00391562 -0.0129079 0.000125211
internal_weight=144.319 45.3981 98.9206 83.0731 65.1646 23.7736 41.391 23.0514 22.3467
internal_count=3333 973 2360 2010 1212 443 769 520 453
is_linear=0
shrinkage=0.05


end of trees

feature_importances:
Column_167=165
Column_126=162
Column_165=143
Column_266=142
Column_104=110
Column_28=107
Column_111=94
Column_105=86
Column_11=85
Column_268=80
Column_83=77
Column_272=77
Column_124=75
Column_73=74
Column_103=73
Column_162=73
Column_372=69
Column_113=68
Column_207=67
Column_119=65
Column_163=65
Column_365=65
Column_66=62
Column_120=60
Column_381=59
Column_20=57
Column_64=57
Column_270=55
Column_301=54
Column_112=53
Column_284=53
Column_110=48
Column_191=48
Column_286=48
Column_386=48
Column_86=47
Column_399=46
Column_37=45
Column_74=44
Column_394=43
Column_10=42
Column_25=42
Column_33=40
Column_68=39
Column_274=39
Column_354=39
Column_364=39
Column_19=38
Column_244=37
Column_260=35
Column_30=34
Column_62=33
Column_71=33
Column_221=33
Column_242=33
Column_130=32
Column_36=31
Column_87=31
Column_349=31
Column_34=30
Column_230=30
Column_390=30
Column_353=29
Column_370=29
Column_69=27
Column_72=27
Column_7=26
Column_16=26
Column_209=26
Column_231=26
Column_246=26
Column_211=25
Column_391=25
Column_41=24
Column_299=24
Column_385=24
Column_229=23
Column_265=23
Column_8=22
Column_78=22
Column_224=22
Column_216=21
Column_264=21
Column_397=21
Column_297=20
Column_307=20
Column_21=19
Column_29=19
Column_125=19
Column_49=18
Column_54=18
Column_63=18
Column_383=18
Column_85=17
Column_213=17
Column_217=17
Column_258=17
Column_309=17
Column_70=16
Column_303=16
Column_348=16
Column_387=16
Column_56=15
Column_55=14
Column_240=14
Column_287=14
Column_17=13
Column_226=13
Column_262=13
Column_356=13
Column_0=12
Column_210=12
Column_219=12
Column_220=12
Column_225=12
Column_276=12
Column_355=12
Column_373=12
Column_377=12
Column_379=12
Column_393=12
Column_5=11
Column_38=11
Column_90=11
Column_208=11
Column_215=11
Column_401=11
Column_6=10
Column_67=10
Column_206=10
Column_223=10
Column_40=9
Column_46=9
Column_81=9
Column_82=9
Column_117=9
Column_305=9
Column_359=9
Column_375=9
Column_84=8
Column_153=8
Column_236=8
Column_3=7
Column_15=7
Column_26=7
Column_27=7
Column_31=7
Column_137=7
Column_222=7
Column_227=7
Column_311=7
Column_392=7
Column_406=7
Column_412=7
Column_9=6
Column_24=6
Column_45=6
Column_57=6
Column_65=6
Column_118=6
Column_228=6
Column_278=6
Column_378=6
Column_1=4
Column_4=4
Column_32=4
Column_52=4
Column_53=4
Column_80=4
Column_141=4
Column_256=4
Column_292=4
Column_357=4
Column_389=4
Column_35=3
Column_48=3
Column_51=3
Column_109=3
Column_143=3
Column_148=3
Column_214=3
Column_238=3
Column_304=3
Column_376=3
Column_380=3
Column_388=3
Column_407=3
Column_413=3
Column_2=2
Column_14=2
Column_42=2
Column_44=2
Column_88=2
Column_138=2
Column_146=2
Column_177=2
Column_179=2
Column_190=2
Column_280=2
Column_290=2
Column_302=2
Column_358=2
Column_374=2
Column_402=2
Column_405=2
Column_13=1
Column_23=1
Column_43=1
Column_77=1
Column_79=1
Column_129=1
Column_142=1
Column_166=1
Column_174=1
Column_184=1
Column_187=1
Column_212=1
Column_261=1
Column_306=1
Column_319=1
Column_320=1
Column_334=1
Column_350=1
Column_351=1
Column_382=1

parameters:
[boosting: gbdt]
[objective: multiclass]
[metric: multi_logloss]
[tree_learner: serial]
[device_type: cpu]
[data_sample_strategy: bagging]
[data: ]
[valid: ]
[num_iterations: 200]
[learning_rate: 0.05]
[num_leaves: 31]
[num_threads: 8]
[seed: 42]
[deterministic: 0]
[force_col_wise: 0]
[force_row_wise: 0]
[histogram_pool_size: -1]
[max_depth: 5]
[min_data_in_leaf: 20]
[min_sum_hessian_in_leaf: 10]
[bagging_fraction: 0.8]
[pos_bagging_fraction: 1]
[neg_bagging_fraction: 1]
[bagging_freq: 0]
[bagging_seed: 400]
[bagging_by_query: 0]
[feature_fraction: 0.7]
[feature_fraction_bynode: 1]
[feature_fraction_seed: 30056]
[extra_trees: 0]
[extra_seed: 12879]
[early_stopping_round: 0]
[early_stopping_min_delta: 0]
[first_metric_only: 0]
[max_delta_step: 0]
[lambda_l1: 1]
[lambda_l2: 3]
[linear_lambda: 0]
[min_gain_to_split: 0]
[drop_rate: 0.1]
[max_drop: 50]
[skip_drop: 0.5]
[xgboost_dart_mode: 0]
[uniform_drop: 0]
[drop_seed: 17869]
[top_rate: 0.2]
[other_rate: 0.1]
[min_data_per_group: 100]
[max_cat_threshold: 32]
[cat_l2: 10]
[cat_smooth: 10]
[max_cat_to_onehot: 4]
[top_k: 20]
[monotone_constraints: ]
[monotone_constraints_method: basic]
[monotone_penalty: 0]
[feature_contri: ]
[forcedsplits_filename: ]
[refit_decay_rate: 0.9]
[cegb_tradeoff: 1]
[cegb_penalty_split: 0]
[cegb_penalty_feature_lazy: ]
[cegb_penalty_feature_coupled: ]
[path_smooth: 0]
[interaction_constraints: ]
[verbosity: -1]
[saved_feature_importance_type: 0]
[use_quantized_grad: 0]
[num_grad_quant_bins: 4]
[quant_train_renew_leaf: 0]
[stochastic_rounding: 1]
[linear_tree: 0]
[max_bin: 255]
[max_bin_by_feature: ]
[min_data_in_bin: 3]
[bin_construct_sample_cnt: 200000]
[data_random_seed: 175]
[is_enable_sparse: 1]
[enable_bundle: 1]
[use_missing: 1]
[zero_as_missing: 0]
[feature_pre_filter: 1]
[pre_partition: 0]
[two_round: 0]
[header: 0]
[label_column: ]
[weight_column: ]
[group_column: ]
[ignore_column: ]
[categorical_feature: ]
[forcedbins_filename: ]
[precise_float_parser: 0]
[parser_config_file: ]
[objective_seed: 16083]
[num_class: 3]
[is_unbalance: 0]
[scale_pos_weight: 1]
[sigmoid: 1]
[boost_from_average: 1]
[reg_sqrt: 0]
[alpha: 0.9]
[fair_c: 1]
[poisson_max_delta_step: 0.7]
[tweedie_variance_power: 1.5]
[lambdarank_truncation_level: 30]
[lambdarank_norm: 1]
[label_gain: ]
[lambdarank_position_bias_regularization: 0]
[eval_at: ]
[multi_error_top_k: 1]
[auc_mu_weights: ]
[num_machines: 1]
[local_listen_port: 12400]
[time_out: 120]
[machine_list_filename: ]
[machines: ]
[gpu_platform_id: -1]
[gpu_device_id: -1]
[gpu_use_dp: 0]
[num_gpu: 1]

end of parameters

pandas_categorical:null
