timestamp,open,high,low,close,volume
2025-10-31 23:00:00,109589.5,109674.9,109519.9,109604.1,62.16735979
2025-11-01 00:00:00,109604.1,109750.0,109390.0,109726.9,173.39422808
2025-11-01 01:00:00,109727.0,110070.1,109700.0,109730.0,127.70160911
2025-11-01 02:00:00,109730.0,109859.8,109479.5,109783.2,152.10101529
2025-11-01 03:00:00,109783.2,110297.5,109780.0,110232.4,189.82285925
2025-11-01 04:00:00,110232.4,110548.0,110099.9,110273.8,175.37943543
2025-11-01 05:00:00,110273.9,110383.0,110038.9,110130.2,201.49658591
2025-11-01 06:00:00,110130.2,110174.9,109949.0,110004.0,82.64034447
2025-11-01 07:00:00,110004.0,110249.9,109990.0,110072.7,156.18011256
2025-11-01 08:00:00,110072.7,110267.1,110072.7,110238.0,110.96676868
2025-11-01 09:00:00,110238.1,110251.1,109970.3,109989.9,111.70914038
2025-11-01 10:00:00,109990.0,110171.1,109806.6,110154.9,283.19988205
2025-11-01 11:00:00,110155.0,110225.0,109990.0,110136.0,124.82509221
2025-11-01 12:00:00,110136.0,110200.0,110000.1,110013.1,164.25039195
2025-11-01 13:00:00,110013.2,110071.3,109714.6,109949.1,150.55246829
2025-11-01 14:00:00,109949.0,109998.0,109730.0,109938.1,103.83004437
2025-11-01 15:00:00,109938.1,110351.2,109910.7,110300.2,178.8610871
2025-11-01 16:00:00,110299.4,110522.0,110175.0,110462.3,228.58420459
2025-11-01 17:00:00,110462.4,110496.8,110180.9,110204.0,61.34425993
2025-11-01 18:00:00,110204.1,110370.0,110187.0,110332.0,25.97161857
2025-11-01 19:00:00,110332.1,110332.1,110213.8,110301.0,21.74060764
2025-11-01 20:00:00,110301.1,110521.9,110299.0,110410.9,33.49124557
2025-11-01 21:00:00,110411.0,110440.3,109862.0,109865.6,84.31625711
2025-11-01 22:00:00,109865.6,110099.0,109865.6,110092.7,62.80491744
2025-11-01 23:00:00,110092.7,110142.8,109975.0,110096.0,70.48506743
2025-11-02 00:00:00,110096.0,110141.5,109900.0,109970.3,74.73047137
2025-11-02 01:00:00,109970.3,110100.0,109919.8,109979.9,53.69673473
2025-11-02 02:00:00,109979.8,110259.3,109880.4,110009.5,105.78822596
2025-11-02 03:00:00,110009.6,110086.1,109960.0,110050.3,54.41134121
2025-11-02 04:00:00,110050.4,110788.0,110016.9,110669.9,193.68965299
2025-11-02 05:00:00,110669.9,110710.1,110282.5,110507.1,228.83717537
2025-11-02 06:00:00,110507.1,110726.0,110300.0,110662.2,80.21238428
2025-11-02 07:00:00,110662.3,111039.9,110418.5,110892.9,188.99806699
2025-11-02 08:00:00,110893.0,111014.1,110700.9,110840.5,180.93196244
2025-11-02 09:00:00,110840.0,111041.5,110500.0,110701.0,134.73951652
2025-11-02 10:00:00,110701.0,110849.9,110345.7,110507.0,329.7187955
2025-11-02 11:00:00,110507.1,111237.0,110503.1,111196.0,430.9334297
2025-11-02 12:00:00,111196.0,111245.5,110688.4,110737.2,106.96906151
2025-11-02 13:00:00,110737.3,110772.6,110184.1,110566.4,127.21483895
2025-11-02 14:00:00,110566.5,110672.0,110200.0,110418.9,218.49872699
2025-11-02 15:00:00,110419.0,110580.2,110096.8,110117.0,190.40896273
2025-11-02 16:00:00,110117.1,110139.9,109747.7,110120.0,387.52959676
2025-11-02 17:00:00,110120.0,110269.9,110030.0,110189.9,126.28085784
2025-11-02 18:00:00,110189.9,110339.9,110174.8,110339.9,80.37035533
2025-11-02 19:00:00,110340.0,110340.2,109970.1,110178.0,132.51334547
2025-11-02 20:00:00,110178.3,110217.2,109900.0,110092.1,85.82219779
2025-11-02 21:00:00,110092.2,110137.0,109983.8,110007.3,95.32235616
2025-11-02 22:00:00,110007.5,110026.9,109500.0,109909.8,250.55591429
2025-11-02 23:00:00,109909.9,110750.0,109909.9,110550.0,437.11652361
2025-11-03 00:00:00,110550.0,110757.5,109769.9,109769.9,258.83454379
2025-11-03 01:00:00,109769.9,109890.0,109375.0,109672.5,465.72198858
2025-11-03 02:00:00,109672.0,109752.5,108632.6,109027.5,1213.60370326
2025-11-03 03:00:00,109028.0,109149.9,107910.0,107938.0,879.2986789
2025-11-03 04:00:00,107938.0,107999.9,107492.0,107899.9,469.32015293
2025-11-03 05:00:00,107899.9,108069.9,107403.1,107608.5,309.64345462
2025-11-03 06:00:00,107608.6,107706.0,107016.0,107492.0,473.9329909
2025-11-03 07:00:00,107491.9,107839.8,107273.2,107480.1,647.18517936
2025-11-03 08:00:00,107480.1,107720.8,106971.9,107591.9,398.56511457
2025-11-03 09:00:00,107591.9,107919.0,107085.0,107219.9,306.92547252
2025-11-03 10:00:00,107219.9,107636.8,106762.0,106970.0,389.22206012
2025-11-03 11:00:00,106985.9,107906.5,106975.3,107793.6,264.51291244
2025-11-03 12:00:00,107794.4,108253.4,107707.1,107757.9,480.13312321
2025-11-03 13:00:00,107757.9,108059.8,107573.0,107905.1,287.54175826
2025-11-03 14:00:00,107905.1,108319.9,107350.0,108048.4,904.80077031
2025-11-03 15:00:00,108049.9,108139.9,105500.0,105746.9,1684.14732858
2025-11-03 16:00:00,105747.0,106784.6,105305.0,106677.8,742.66440745
2025-11-03 17:00:00,106673.1,107757.1,106525.1,107467.3,505.2906331
2025-11-03 18:00:00,107467.3,107590.2,106800.0,106950.4,229.85319536
2025-11-03 19:00:00,106950.4,107389.2,106438.9,107083.5,196.81228717
2025-11-03 20:00:00,107083.6,107167.7,106316.4,106661.1,183.82964506
2025-11-03 21:00:00,106653.0,107088.0,106057.3,106899.0,225.82655656
2025-11-03 22:00:00,106894.9,106894.9,105822.8,106484.7,186.22302461
2025-11-03 23:00:00,106484.8,106756.7,106036.4,106584.3,97.22590767
2025-11-04 00:00:00,106584.1,106810.2,105856.6,106474.9,267.62851424
2025-11-04 01:00:00,106474.9,107283.7,106274.8,107032.2,288.57904242
2025-11-04 02:00:00,107032.1,107220.9,106470.8,106481.0,202.59355582
2025-11-04 03:00:00,106481.1,107233.1,106222.0,107150.7,241.35366195
2025-11-04 04:00:00,107150.8,107291.6,106703.4,106740.2,228.16119579
2025-11-04 05:00:00,106740.2,106740.2,104200.0,104218.9,1218.76984686
2025-11-04 06:00:00,104218.8,105233.8,104155.5,104745.9,709.11432566
2025-11-04 07:00:00,104746.0,104953.3,104337.0,104498.8,698.94102919
2025-11-04 08:00:00,104498.7,104631.1,103771.1,104058.1,562.21775191
2025-11-04 09:00:00,104058.1,104164.1,103606.3,103850.0,509.75691449
2025-11-04 10:00:00,103849.9,104117.9,103610.0,103812.1,355.92039218
2025-11-04 11:00:00,103818.6,104694.4,103774.5,104581.7,279.80796034
2025-11-04 12:00:00,104581.7,104637.0,103836.0,103952.9,350.00888472
2025-11-04 13:00:00,103952.9,104242.5,103568.0,103912.9,376.46917668
2025-11-04 14:00:00,103912.9,104697.6,102926.1,104505.0,1051.98565002
2025-11-04 15:00:00,104505.1,104851.9,103191.6,103205.9,661.50368032
2025-11-04 16:00:00,103205.9,103500.8,102150.0,102256.2,818.7070421
2025-11-04 17:00:00,102256.2,102257.3,100800.0,101106.7,1451.82532433
2025-11-04 18:00:00,101111.1,101500.0,100000.0,101361.2,1187.67080519
2025-11-04 19:00:00,101358.6,101725.9,100402.4,100533.1,544.61571016
2025-11-04 20:00:00,100533.1,101124.0,99544.2,100767.6,1185.56020657
2025-11-04 21:00:00,100765.2,100842.4,98941.2,100318.0,1334.52902058
2025-11-04 22:00:00,100324.9,101888.8,100091.8,101297.6,599.91396268
2025-11-04 23:00:00,101297.9,101750.0,100905.6,101490.4,411.93161808
2025-11-05 00:00:00,101491.5,101748.2,100349.4,100570.1,635.99489904
2025-11-05 01:00:00,100570.2,101032.3,98968.4,100740.6,1033.25495234
2025-11-05 02:00:00,100747.1,101921.3,100747.0,101672.9,847.69742299
2025-11-05 03:00:00,101672.9,102275.3,101456.0,102145.8,1057.07785195
2025-11-05 04:00:00,102145.8,102249.9,101530.8,101997.0,313.70628143
2025-11-05 05:00:00,101999.0,102352.9,101599.1,101821.2,243.80261053
2025-11-05 06:00:00,101820.6,102136.0,101493.9,102123.1,258.55341718
2025-11-05 07:00:00,102120.5,102167.7,101600.1,101996.4,781.7430691
2025-11-05 08:00:00,101996.5,102002.6,101172.0,101698.7,406.41007065
2025-11-05 09:00:00,101698.7,102210.6,101601.7,101994.3,347.04845267
2025-11-05 10:00:00,101995.8,102000.0,101298.4,101395.9,157.9437634
2025-11-05 11:00:00,101400.6,102112.7,101375.4,102074.0,229.57813712
2025-11-05 12:00:00,102074.0,102789.4,101920.1,102669.4,396.37639367
2025-11-05 13:00:00,102669.4,103248.7,102291.8,102982.1,388.30346723
2025-11-05 14:00:00,102982.0,103475.2,102124.7,103207.8,600.38485378
2025-11-05 15:00:00,103210.0,103802.4,102832.5,103730.4,506.86636787
2025-11-05 16:00:00,103730.4,104043.3,103076.6,103929.6,440.84913708
2025-11-05 17:00:00,103931.4,104021.0,103386.9,103913.5,248.53467664
2025-11-05 18:00:00,103911.4,104441.6,103771.0,104356.5,291.16258942
2025-11-05 19:00:00,104356.4,104546.5,103956.3,104007.0,191.83112544
2025-11-05 20:00:00,104007.0,104543.2,103623.4,103843.7,224.89102209
2025-11-05 21:00:00,103843.5,103843.5,103510.8,103675.1,147.14471078
2025-11-05 22:00:00,103675.1,103792.1,103299.2,103707.0,163.42811878
2025-11-05 23:00:00,103710.4,104099.7,103669.0,103883.0,169.87671718
2025-11-06 00:00:00,103882.9,103899.4,103325.4,103688.2,285.33120844
2025-11-06 01:00:00,103688.3,103688.3,102717.4,103373.2,327.0610356
2025-11-06 02:00:00,103373.2,103578.3,102867.3,103328.3,206.55348346
2025-11-06 03:00:00,103328.3,103957.0,103328.3,103654.7,279.17198053
2025-11-06 04:00:00,103654.7,104210.0,103584.0,104042.1,257.7759739
2025-11-06 05:00:00,104042.1,104042.1,103079.1,103153.1,279.5906414
2025-11-06 06:00:00,103153.2,103617.1,103005.7,103326.6,182.93806688
2025-11-06 07:00:00,103326.5,103578.6,102925.6,103188.9,501.62967343
2025-11-06 08:00:00,103188.8,103450.0,102984.0,103212.9,200.93434953
2025-11-06 09:00:00,103213.0,103274.2,102828.3,102828.3,190.32394294
2025-11-06 10:00:00,102828.4,103300.0,102646.7,103143.7,187.32580082
2025-11-06 11:00:00,103143.7,103314.8,102760.5,103237.9,153.290295
2025-11-06 12:00:00,103238.0,103346.3,102388.0,102561.3,302.56330677
2025-11-06 13:00:00,102564.2,103636.2,102563.0,103327.5,234.98791132
2025-11-06 14:00:00,103324.6,103584.1,102048.2,102124.7,495.79822741
2025-11-06 15:00:00,102124.7,102915.5,101625.0,102015.2,830.83477068
2025-11-06 16:00:00,102014.0,102395.3,100257.0,100871.2,1037.56624384
2025-11-06 17:00:00,100874.0,101967.1,100761.7,101794.2,605.34837285
2025-11-06 18:00:00,101794.2,102340.0,100911.9,101725.1,544.27297116
2025-11-06 19:00:00,101725.0,102006.2,101207.4,101389.7,554.21131778
2025-11-06 20:00:00,101389.6,101650.0,100647.9,100915.7,404.50266046
2025-11-06 21:00:00,100919.9,101224.9,100543.4,101120.0,296.07974048
2025-11-06 22:00:00,101121.1,101490.1,101002.0,101410.6,183.08780452
2025-11-06 23:00:00,101410.5,101531.3,101129.1,101349.9,218.95426223
2025-11-07 00:00:00,101350.0,101642.6,100750.7,101484.6,440.54590521
2025-11-07 01:00:00,101484.6,101880.5,100900.0,101544.0,578.15249561
2025-11-07 02:00:00,101544.0,101925.1,101255.0,101910.1,249.24742523
2025-11-07 03:00:00,101913.7,102344.9,101875.0,101913.9,232.80540217
2025-11-07 04:00:00,101913.9,102070.8,101580.9,102015.0,241.50973394
2025-11-07 05:00:00,102015.1,102528.0,102015.0,102451.4,241.00031619
2025-11-07 06:00:00,102451.5,102507.8,101826.0,101830.2,144.84644711
2025-11-07 07:00:00,101828.1,102041.3,101640.0,102036.0,503.40662506
2025-11-07 08:00:00,102036.1,102072.1,101436.2,101500.0,286.1421401
2025-11-07 09:00:00,101500.0,101525.0,100791.1,101008.9,614.1125443
2025-11-07 10:00:00,101008.9,101262.9,100575.0,100775.0,233.56626834
2025-11-07 11:00:00,100775.0,100799.9,99803.9,100403.1,737.60511949
2025-11-07 12:00:00,100403.1,100625.0,99267.9,99644.2,760.75427218
2025-11-07 13:00:00,99644.2,100569.0,99460.0,100337.0,619.00787764
2025-11-07 14:00:00,100336.6,100911.1,99525.0,100796.4,900.28888474
2025-11-07 15:00:00,100799.9,101260.4,100368.0,100802.5,749.50918559
2025-11-07 16:00:00,100802.6,101625.1,100511.0,101170.1,551.02274745
2025-11-07 17:00:00,101170.0,102707.0,100940.9,102390.2,617.94538676
2025-11-07 18:00:00,102390.3,102850.9,102290.5,102604.2,322.28080972
2025-11-07 19:00:00,102604.2,103400.0,102476.7,103393.2,354.30843662
2025-11-07 20:00:00,103393.2,103896.0,102930.5,103767.6,323.14738634
2025-11-07 21:00:00,103767.1,103874.9,103300.0,103874.9,227.25585701
2025-11-07 22:00:00,103875.0,104082.6,103591.9,103618.3,215.91869059
2025-11-07 23:00:00,103618.3,103760.0,103325.5,103335.4,136.74036422
2025-11-08 00:00:00,103335.4,103410.0,102523.8,102708.6,345.46394805
2025-11-08 01:00:00,102708.6,103243.6,102660.3,103008.0,154.37149889
2025-11-08 02:00:00,103008.0,103335.9,102756.5,102851.0,175.14574668
2025-11-08 03:00:00,102851.1,103306.9,102587.5,102587.6,182.77562466
2025-11-08 04:00:00,102587.6,102831.2,102408.2,102562.3,129.87330561
2025-11-08 05:00:00,102560.6,102747.4,102283.8,102306.1,87.27766278
2025-11-08 06:00:00,102306.1,102526.2,102097.7,102230.3,240.97688216
2025-11-08 07:00:00,102230.4,102404.0,101912.0,102350.3,187.53242048
2025-11-08 08:00:00,102350.3,102688.4,102162.3,102436.8,163.20509243
2025-11-08 09:00:00,102436.8,102606.4,102230.0,102400.0,71.99397488
2025-11-08 10:00:00,102400.1,102591.7,102300.0,102475.1,48.18738913
2025-11-08 11:00:00,102475.1,102646.3,101725.0,101860.7,191.30953796
2025-11-08 12:00:00,101860.7,102113.2,101730.0,102066.8,156.57231805
2025-11-08 13:00:00,102067.0,102207.0,101729.6,101812.4,174.12734867
2025-11-08 14:00:00,101816.0,102094.7,101474.3,101842.9,252.09605888
2025-11-08 15:00:00,101843.0,101960.0,101500.0,101725.1,154.28317006
2025-11-08 16:00:00,101724.0,101973.1,101527.0,101862.9,151.41768184
2025-11-08 17:00:00,101863.0,102011.9,101574.3,101995.2,166.77834491
2025-11-08 18:00:00,101995.2,102226.1,101833.4,102140.8,106.43581839
2025-11-08 19:00:00,102140.7,102195.4,101524.5,101980.8,145.67099622
2025-11-08 20:00:00,101980.8,102182.8,101951.3,102075.8,47.95670605
2025-11-08 21:00:00,102075.9,102375.9,102027.0,102280.0,60.54890691
2025-11-08 22:00:00,102280.1,102429.0,102181.9,102382.1,71.12118641
2025-11-08 23:00:00,102382.1,102496.4,102287.1,102320.1,70.772236
2025-11-09 00:00:00,102320.1,102353.9,101629.6,101799.9,236.33120041
2025-11-09 01:00:00,101800.0,102108.9,101699.8,102052.1,121.96184536
2025-11-09 02:00:00,102052.1,102052.1,101589.1,101641.2,124.09783759
2025-11-09 03:00:00,101641.5,101816.5,101375.0,101659.3,179.87664151
2025-11-09 04:00:00,101659.3,102135.1,101635.5,101721.4,190.44460041
2025-11-09 05:00:00,101721.4,102014.8,101665.0,101928.0,130.49104322
2025-11-09 06:00:00,101927.6,101975.0,101706.5,101744.8,74.24404403
2025-11-09 07:00:00,101744.9,101969.6,101686.0,101943.1,180.62209981
2025-11-09 08:00:00,101943.1,102057.9,101813.0,101975.0,224.90785549
2025-11-09 09:00:00,101975.1,102126.9,101630.0,101658.8,186.56679154
2025-11-09 10:00:00,101658.8,101922.9,101515.0,101878.7,159.27961198
2025-11-09 11:00:00,101878.7,102315.5,101878.7,102243.9,154.56627612
2025-11-09 12:00:00,102243.9,102440.0,102058.0,102096.0,147.85748145
2025-11-09 13:00:00,102096.0,103000.0,102080.0,102914.5,268.73783233
2025-11-09 14:00:00,102914.5,104043.8,102770.0,103035.9,733.88076323
2025-11-09 15:00:00,103036.0,104187.6,102965.1,103753.1,274.16900305
2025-11-09 16:00:00,103753.0,103908.5,103333.1,103846.5,178.47206498
2025-11-09 17:00:00,103846.6,103963.0,103334.6,103644.9,153.35260409
2025-11-09 18:00:00,103645.0,104596.7,103511.6,104518.6,267.0862964
2025-11-09 19:00:00,104518.7,104830.9,104157.3,104806.1,280.84267353
2025-11-09 20:00:00,104806.2,105062.5,104400.1,104626.1,203.81670491
2025-11-09 21:00:00,104626.1,104848.3,104318.1,104532.4,126.43882714
2025-11-09 22:00:00,104533.1,104826.2,104081.3,104731.0,196.85082884
2025-11-09 23:00:00,104734.2,105478.0,104523.9,104722.4,339.74095487
2025-11-10 00:00:00,104722.5,106500.0,104274.5,106298.8,736.85781018
2025-11-10 01:00:00,106295.2,106663.2,105724.3,105724.4,501.11784699
2025-11-10 02:00:00,105724.4,106049.2,105604.9,106005.3,259.71089634
2025-11-10 03:00:00,106005.2,106291.2,105841.5,106034.9,348.41343875
2025-11-10 04:00:00,106038.0,106306.2,105846.7,106159.7,271.99738385
2025-11-10 05:00:00,106159.8,106470.9,106000.0,106099.9,209.42960264
2025-11-10 06:00:00,106100.0,106317.0,105952.4,106218.0,150.86857873
2025-11-10 07:00:00,106217.9,106530.5,106146.9,106464.6,423.57676029
2025-11-10 08:00:00,106464.6,106560.0,105898.8,105978.5,353.44630069
2025-11-10 09:00:00,105978.5,106614.0,105840.2,106456.8,293.79895105
2025-11-10 10:00:00,106456.9,106475.6,105981.3,106013.1,156.53946615
2025-11-10 11:00:00,106013.2,106324.5,105958.0,106188.3,141.16844089
2025-11-10 12:00:00,106188.2,106230.0,105875.1,105953.9,316.90387545
2025-11-10 13:00:00,105954.0,106600.0,105930.5,106543.8,241.64658989
2025-11-10 14:00:00,106543.8,106543.9,104700.0,104905.7,683.45955074
2025-11-10 15:00:00,104905.7,105627.1,104680.0,105078.8,668.5290254
2025-11-10 16:00:00,105080.4,105366.4,104794.9,105250.1,381.55080667
2025-11-10 17:00:00,105250.0,105985.2,105200.0,105952.1,258.75006655
2025-11-10 18:00:00,105952.5,106088.0,105475.0,105483.7,256.73292621
2025-11-10 19:00:00,105481.4,106040.6,105414.7,105823.1,265.34352961
2025-11-10 20:00:00,105823.1,106300.0,105802.1,106008.5,283.43676394
2025-11-10 21:00:00,106008.6,106024.2,105283.6,105626.2,359.59338744
2025-11-10 22:00:00,105632.9,106130.1,105371.0,106056.4,227.88699464
2025-11-10 23:00:00,106056.5,106275.4,105880.9,106012.0,243.27465297
2025-11-11 00:00:00,106012.0,106139.1,105500.0,106132.1,311.21832908
2025-11-11 01:00:00,106132.1,107500.0,106026.3,106103.4,766.4355924
2025-11-11 02:00:00,106103.5,107153.4,105616.4,106669.3,1153.10121452
2025-11-11 03:00:00,106669.3,107099.7,106370.0,106472.9,254.70240874
2025-11-11 04:00:00,106473.8,106559.0,105714.6,105767.0,325.69409694
2025-11-11 05:00:00,105767.0,105772.4,105175.0,105264.9,437.07080015
2025-11-11 06:00:00,105265.0,105350.0,104904.8,105275.1,523.44867408
2025-11-11 07:00:00,105275.1,105333.3,104755.0,104803.1,473.56682313
2025-11-11 08:00:00,104803.1,105275.0,104775.1,105162.1,224.78036926
2025-11-11 09:00:00,105162.1,105487.0,104916.4,104976.3,233.11728964
2025-11-11 10:00:00,104976.0,105239.9,104930.2,105178.9,154.76269891
2025-11-11 11:00:00,105179.0,105500.0,105150.0,105307.9,148.69434477
2025-11-11 12:00:00,105308.0,105500.0,104400.0,104549.9,511.6016761
2025-11-11 13:00:00,104549.9,104720.0,104238.0,104406.0,502.59192849
2025-11-11 14:00:00,104408.0,104692.7,103862.4,104582.0,703.23352157
2025-11-11 15:00:00,104581.6,104581.6,103200.0,103472.9,657.67009495
2025-11-11 16:00:00,103472.9,103743.5,103223.3,103423.2,293.56528708
2025-11-11 17:00:00,103424.0,103648.8,102852.8,103339.7,383.65846541
2025-11-11 18:00:00,103339.7,103574.9,103081.0,103402.9,292.83048489
2025-11-11 19:00:00,103402.9,103465.2,102878.4,103130.3,227.7316861
2025-11-11 20:00:00,103131.4,103233.3,102650.2,102820.2,253.05354138
2025-11-11 21:00:00,102820.2,103096.7,102500.0,102652.0,255.61583204
2025-11-11 22:00:00,102652.0,103160.5,102514.0,102998.9,156.0933818
2025-11-11 23:00:00,103000.6,103223.3,102809.5,103061.7,177.57208639
2025-11-12 00:00:00,103062.2,103349.9,102828.5,102899.7,234.12223042
2025-11-12 01:00:00,102899.8,103382.7,102680.0,103257.3,228.21654867
2025-11-12 02:00:00,103257.4,103420.0,102950.0,103157.4,246.16007278
2025-11-12 03:00:00,103158.0,103448.2,103100.0,103322.8,120.7711793
2025-11-12 04:00:00,103322.8,103469.9,103028.8,103250.0,115.0110865
2025-11-12 05:00:00,103250.0,103472.0,103232.0,103397.0,91.55902959
2025-11-12 06:00:00,103397.1,103649.9,103350.8,103362.8,121.01280529
2025-11-12 07:00:00,103362.9,103550.9,103075.0,103126.5,210.92717084
2025-11-12 08:00:00,103126.5,104235.5,103126.5,104153.0,395.58977883
2025-11-12 09:00:00,104153.0,105089.5,104141.0,104518.9,871.6880198
2025-11-12 10:00:00,104518.9,105039.9,104507.5,104899.1,337.77779163
2025-11-12 11:00:00,104899.1,105199.9,104734.2,105024.5,216.51975739
2025-11-12 12:00:00,105024.9,105332.8,104810.4,104994.6,263.18913405
2025-11-12 13:00:00,104991.3,105186.7,104612.9,105044.0,219.8345835
2025-11-12 14:00:00,105043.0,105043.0,103614.6,103993.9,660.17250914
2025-11-12 15:00:00,103994.0,104305.6,102000.0,102182.0,1029.79426876
2025-11-12 16:00:00,102181.9,102300.2,101341.0,101449.9,987.37712172
2025-11-12 17:00:00,101450.0,102150.0,101399.9,101750.0,375.33072763
2025-11-12 18:00:00,101750.0,101946.9,101420.3,101539.0,240.80307166
2025-11-12 19:00:00,101539.8,101571.9,100800.0,101296.5,442.13696932
2025-11-12 20:00:00,101296.5,101846.9,101141.0,101545.2,226.65029667
2025-11-12 21:00:00,101542.8,101924.4,101515.0,101924.4,126.58033544
2025-11-12 22:00:00,101923.7,102000.0,101437.9,101978.0,146.10453384
2025-11-12 23:00:00,101978.0,101999.9,101475.0,101658.0,172.1438303
2025-11-13 00:00:00,101658.0,102048.8,101467.0,101865.3,166.34140516
2025-11-13 01:00:00,101863.3,102613.7,101833.1,102017.5,402.50726389
2025-11-13 02:00:00,102017.5,102363.3,101975.0,102065.0,189.9003963
2025-11-13 03:00:00,102065.0,102565.0,100907.8,102131.9,700.23870735
2025-11-13 04:00:00,102132.0,102418.3,101666.6,102120.5,364.38338684
2025-11-13 05:00:00,102120.0,103399.9,101782.1,103142.9,545.21797914
2025-11-13 06:00:00,103144.8,103674.9,102907.0,103590.0,508.9637803
2025-11-13 07:00:00,103590.0,104039.0,103319.6,103476.0,531.86418688
2025-11-13 08:00:00,103476.1,103813.6,103281.2,103675.7,456.78968353
2025-11-13 09:00:00,103675.7,103745.3,102559.2,102831.0,586.66297282
2025-11-13 10:00:00,102831.1,103274.9,102774.9,102990.1,204.91243797
2025-11-13 11:00:00,102990.1,103145.0,102693.7,102938.1,159.75036852
2025-11-13 12:00:00,102938.0,103281.3,102734.4,103145.9,269.56703795
2025-11-13 13:00:00,103146.1,103168.9,102151.5,102323.8,431.72677206
2025-11-13 14:00:00,102324.6,103486.2,101750.0,102876.5,945.61912764
2025-11-13 15:00:00,102877.4,102996.2,101200.0,101388.5,1064.9145335
2025-11-13 16:00:00,101388.3,101535.9,100569.1,100635.5,1018.85478847
2025-11-13 17:00:00,100633.6,100813.9,99625.0,99652.9,1023.43283531
2025-11-13 18:00:00,99652.0,99921.2,98150.1,98594.7,1614.07956923
2025-11-13 19:00:00,98594.7,99288.9,98320.3,98680.5,625.17573403
2025-11-13 20:00:00,98680.4,99000.0,98000.9,98155.9,616.02770118
2025-11-13 21:00:00,98156.1,98903.9,98020.5,98814.7,308.66563169
2025-11-13 22:00:00,98814.7,99930.2,98698.7,99847.1,335.66088776
2025-11-13 23:00:00,99850.0,100499.9,99564.9,99688.7,414.07741321
2025-11-14 00:00:00,99688.7,99788.0,98727.0,98981.0,471.25823191
2025-11-14 01:00:00,98981.0,99559.6,98703.6,99254.2,370.85266604
2025-11-14 02:00:00,99255.0,99876.3,99245.9,99627.1,189.52201035
2025-11-14 03:00:00,99627.1,99651.3,98796.0,99149.4,282.82327397
2025-11-14 04:00:00,99149.5,99187.9,96699.7,97821.4,1451.1838509
2025-11-14 05:00:00,97820.9,98033.2,97032.0,97523.4,639.83749911
2025-11-14 06:00:00,97523.4,97601.5,95925.8,97557.8,888.86103485
2025-11-14 07:00:00,97557.9,97739.0,96786.3,97154.4,827.60033364
2025-11-14 08:00:00,97154.4,97459.1,96777.4,97374.3,412.81323649
2025-11-14 09:00:00,97374.5,97541.9,96671.1,96855.2,332.29992915
2025-11-14 10:00:00,96855.1,97289.2,96676.2,96759.3,209.74420693
2025-11-14 11:00:00,96759.3,96941.6,95708.1,96180.1,556.54622375
2025-11-14 12:00:00,96180.0,96180.0,94551.0,95363.7,1644.66912895
2025-11-14 13:00:00,95363.7,95730.7,94586.6,95249.8,932.37441287
2025-11-14 14:00:00,95249.7,96799.9,94965.3,96533.1,1565.07708475
2025-11-14 15:00:00,96533.2,97339.6,95855.1,96802.9,753.36266718
2025-11-14 16:00:00,96803.0,97407.5,96272.0,97020.0,648.38958948
2025-11-14 17:00:00,97020.0,97135.0,95612.3,95856.7,550.40213935
2025-11-14 18:00:00,95856.5,96330.3,94979.7,95083.7,407.67943094
2025-11-14 19:00:00,95083.6,95930.0,94800.0,95776.0,404.72211396
2025-11-14 20:00:00,95777.6,95940.5,94203.5,94373.0,769.10805758
2025-11-14 21:00:00,94373.2,95147.4,94237.9,95058.4,284.77364936
2025-11-14 22:00:00,95055.1,95476.0,94691.9,95176.0,304.86423386
2025-11-14 23:00:00,95174.9,95174.9,94000.1,94581.9,415.12501292
2025-11-15 00:00:00,94581.9,95412.0,94558.9,95147.0,352.0166632
2025-11-15 01:00:00,95147.0,95794.1,94743.1,95655.8,249.36660085
2025-11-15 02:00:00,95655.8,96489.7,95405.1,96480.1,260.7037862
2025-11-15 03:00:00,96480.0,96818.1,96131.3,96412.1,332.75774459
2025-11-15 04:00:00,96412.0,96508.9,95908.2,96114.2,152.37962808
2025-11-15 05:00:00,96114.3,96424.2,95970.4,96344.2,196.74278728
2025-11-15 06:00:00,96344.3,96586.1,95967.9,96126.0,120.84865645
2025-11-15 07:00:00,96126.1,96394.4,95973.3,96336.7,239.95103358
2025-11-15 08:00:00,96336.8,96355.0,95650.6,95912.7,222.6323596
2025-11-15 09:00:00,95912.5,96149.3,95671.3,95820.5,171.43133326
2025-11-15 10:00:00,95820.4,96064.9,95697.2,95954.1,81.53204266
2025-11-15 11:00:00,95954.1,95990.1,95633.1,95701.0,89.87210426
2025-11-15 12:00:00,95701.0,95877.3,95577.0,95815.4,83.9709584
2025-11-15 13:00:00,95815.4,96370.6,95727.9,96367.2,176.96861868
2025-11-15 14:00:00,96367.2,96475.7,96025.7,96249.9,165.25328181
2025-11-15 15:00:00,96249.9,96427.2,96072.9,96265.2,113.61839767
2025-11-15 16:00:00,96265.2,96332.4,95719.0,96153.7,184.64111267
2025-11-15 17:00:00,96153.7,96403.1,95854.7,96226.1,193.57661189
2025-11-15 18:00:00,96226.0,96348.2,95966.1,96052.5,95.29180202
2025-11-15 19:00:00,96054.5,96156.6,95925.9,96013.7,55.89012605
2025-11-15 20:00:00,96013.8,96024.8,95135.1,95287.5,138.68894588
2025-11-15 21:00:00,95287.5,95680.3,95126.0,95279.7,98.27278853
2025-11-15 22:00:00,95279.9,95665.8,95233.5,95624.9,65.93557668
2025-11-15 23:00:00,95625.0,95701.5,95501.0,95603.0,59.52111965
2025-11-16 00:00:00,95603.1,95708.6,95210.0,95375.1,137.97981088
2025-11-16 01:00:00,95375.2,95500.0,94854.4,95275.2,230.42166026
2025-11-16 02:00:00,95275.2,95965.9,95103.3,95965.7,159.05183544
2025-11-16 03:00:00,95965.9,95975.0,95622.4,95820.3,72.11473527
2025-11-16 04:00:00,95820.3,95923.4,95650.2,95826.2,105.3115578
2025-11-16 05:00:00,95826.3,96185.0,95817.7,95884.4,104.10025414
2025-11-16 06:00:00,95884.5,96038.7,95755.2,95794.8,56.48610443
2025-11-16 07:00:00,95794.9,96100.0,95736.9,96092.6,323.17116772
2025-11-16 08:00:00,96092.7,96226.9,95861.0,96107.0,89.47488118
2025-11-16 09:00:00,96107.1,96626.6,95930.0,96621.7,176.15612716
2025-11-16 10:00:00,96621.5,96621.5,96377.5,96449.1,123.4621236
2025-11-16 11:00:00,96449.1,96449.1,95509.3,95638.8,333.74836737
2025-11-16 12:00:00,95638.8,95918.2,95458.4,95761.9,170.57551618
2025-11-16 13:00:00,95761.8,95859.2,95124.0,95420.9,190.01704748
2025-11-16 14:00:00,95421.0,95690.7,95320.0,95540.2,105.33265674
2025-11-16 15:00:00,95540.2,95570.1,94383.1,94589.7,392.82793178
2025-11-16 16:00:00,94589.7,94952.9,94026.7,94231.2,611.64869913
2025-11-16 17:00:00,94228.7,94530.6,93784.8,94385.7,617.75010919
2025-11-16 18:00:00,94385.8,95569.9,93800.0,94050.8,574.06131673
2025-11-16 19:00:00,94050.8,94605.3,93949.8,94032.1,206.34658535
2025-11-16 20:00:00,94032.1,94745.8,93973.0,94099.5,143.94383179
2025-11-16 21:00:00,94099.8,94212.0,93380.0,93505.9,466.36851796
2025-11-16 22:00:00,93505.9,94506.6,93020.7,94202.6,447.38444091
2025-11-16 23:00:00,94201.4,94545.7,93000.0,94269.5,506.60219988
2025-11-17 00:00:00,94269.5,95389.1,93778.4,95305.0,444.75601349
2025-11-17 01:00:00,95304.9,95495.1,94734.8,94782.4,302.91894104
2025-11-17 02:00:00,94782.4,95408.5,94719.5,94981.3,195.06274699
2025-11-17 03:00:00,94981.4,95584.3,94974.3,95508.2,217.53291076
2025-11-17 04:00:00,95508.3,95581.6,94893.0,95109.2,227.69170774
2025-11-17 05:00:00,95109.2,95275.7,94914.4,95140.3,223.9658802
2025-11-17 06:00:00,95140.3,95356.0,94907.9,95291.2,208.85529299
2025-11-17 07:00:00,95291.3,95880.4,95206.3,95652.6,422.4712924
2025-11-17 08:00:00,95652.6,96020.0,95526.8,95622.1,234.30430133
2025-11-17 09:00:00,95622.2,95863.6,95290.0,95654.9,246.82716054
2025-11-17 10:00:00,95655.0,95882.5,95548.3,95648.8,226.14938209
2025-11-17 11:00:00,95648.9,95937.9,95394.5,95570.2,180.3356936
2025-11-17 12:00:00,95570.1,95573.9,95273.3,95322.1,216.35543405
2025-11-17 13:00:00,95322.3,95378.4,93560.3,93963.9,822.64411331
2025-11-17 14:00:00,93963.9,96055.8,93770.1,94766.7,900.50922323
2025-11-17 15:00:00,94766.9,95017.5,93805.4,93958.8,521.24341718
2025-11-17 16:00:00,93960.3,94418.9,93060.0,94304.1,774.47252854
2025-11-17 17:00:00,94304.3,94398.0,92678.0,92759.1,633.43971346
2025-11-17 18:00:00,92761.7,93211.4,92424.2,92543.6,551.75707406
2025-11-17 19:00:00,92543.6,92656.3,91600.0,91685.5,788.71608573
2025-11-17 20:00:00,91686.8,92227.3,91313.7,91918.2,715.18569354
2025-11-17 21:00:00,91918.2,92264.0,91530.6,91959.1,313.9580046
2025-11-17 22:00:00,91959.3,92397.0,91828.0,92250.1,297.83780759
2025-11-17 23:00:00,92250.3,92289.2,91794.4,92226.8,408.75043204
2025-11-18 00:00:00,92226.8,92372.9,91212.0,92165.2,704.56751041
2025-11-18 01:00:00,92164.9,92222.0,91612.0,91712.7,333.47140739
2025-11-18 02:00:00,91712.6,91750.0,90700.0,90874.9,1013.55769159
2025-11-18 03:00:00,90874.9,90919.5,89688.4,90841.1,1510.74606985
2025-11-18 04:00:00,90841.0,90860.3,89281.8,90078.7,1296.55110857
2025-11-18 05:00:00,90078.7,90479.4,89721.6,90223.0,527.99297221
2025-11-18 06:00:00,90223.4,90235.1,89382.9,89656.5,369.57564332
2025-11-18 07:00:00,89656.6,90550.0,89354.6,90508.1,699.05308268
2025-11-18 08:00:00,90509.8,91447.2,90509.8,91225.0,583.97973883
2025-11-18 09:00:00,91225.1,91477.9,90890.0,91393.2,973.5979644
2025-11-18 10:00:00,91393.1,91601.1,91255.6,91579.1,421.27891704
2025-11-18 11:00:00,91578.9,91605.9,91240.7,91523.9,327.24520718
2025-11-18 12:00:00,91524.5,91878.7,91100.1,91526.6,487.22281801
2025-11-18 13:00:00,91522.2,91663.9,90932.0,91479.5,289.36976755
2025-11-18 14:00:00,91479.6,92452.7,91217.7,91361.4,715.01091656
2025-11-18 15:00:00,91361.3,93024.7,91022.2,92906.2,924.53630118
2025-11-18 16:00:00,92906.3,93836.5,92585.4,93498.9,681.68403045
2025-11-18 17:00:00,93496.0,93653.4,92816.9,93259.8,296.6516807
2025-11-18 18:00:00,93259.9,93762.8,93150.6,93333.9,267.56591813
2025-11-18 19:00:00,93333.9,93611.1,92988.7,93176.9,156.0950484
2025-11-18 20:00:00,93177.1,93301.8,92646.2,92791.3,123.12457167
2025-11-18 21:00:00,92791.9,93035.3,92463.5,92496.1,151.44223356
2025-11-18 22:00:00,92496.2,93417.9,92490.6,93160.6,129.89641796
2025-11-18 23:00:00,93160.8,93170.1,92735.8,92967.1,162.25652168
2025-11-19 00:00:00,92967.1,92992.3,91900.0,92422.9,384.8895111
2025-11-19 01:00:00,92423.0,92655.8,91951.4,92447.0,315.73409214
2025-11-19 02:00:00,92447.0,92873.5,92290.4,92577.9,199.85224204
2025-11-19 03:00:00,92579.0,92644.3,91682.5,91892.3,321.01676681
2025-11-19 04:00:00,91892.1,91988.3,91154.7,91170.2,360.84253444
2025-11-19 05:00:00,91170.2,91276.7,90030.8,90470.0,663.43699358
2025-11-19 06:00:00,90470.0,91100.9,90290.0,90990.7,365.23713187
2025-11-19 07:00:00,90990.7,92016.4,90958.8,91861.7,362.53766508
2025-11-19 08:00:00,91861.7,91950.1,91295.9,91466.2,295.75583752
2025-11-19 09:00:00,91466.2,91520.0,91074.4,91512.9,232.20080013
2025-11-19 10:00:00,91513.1,91692.1,91228.7,91306.8,149.76002411
2025-11-19 11:00:00,91306.8,91783.4,91306.5,91403.0,187.87779149
2025-11-19 12:00:00,91403.1,91869.0,91213.7,91776.7,276.66658155
2025-11-19 13:00:00,91776.7,91894.5,91224.9,91399.9,258.0303056
2025-11-19 14:00:00,91400.0,91857.1,91041.2,91713.8,455.15484606
2025-11-19 15:00:00,91713.9,92387.6,89875.0,89951.1,793.64720016
2025-11-19 16:00:00,89947.7,90227.4,89460.0,89905.1,623.64257272
2025-11-19 17:00:00,89905.0,90125.4,88889.0,89500.7,642.59453457
2025-11-19 18:00:00,89500.7,89722.2,88801.5,89241.9,564.15500654
2025-11-19 19:00:00,89241.9,89375.0,88630.0,88882.9,423.58584378
2025-11-19 20:00:00,88883.0,89699.9,88611.7,89512.8,380.84694022
2025-11-19 21:00:00,89514.6,90854.3,89456.5,90610.1,457.41830623
2025-11-19 22:00:00,90610.0,90646.0,90110.0,90488.0,177.04113736
2025-11-19 23:00:00,90488.3,91597.0,90488.3,91561.1,394.0555833
2025-11-20 00:00:00,91561.0,92314.0,91191.9,91895.2,336.47132586
2025-11-20 01:00:00,91895.3,92718.0,91826.1,92599.9,342.83343425
2025-11-20 02:00:00,92600.0,92805.7,92319.4,92592.5,300.68321359
2025-11-20 03:00:00,92592.6,92720.0,92351.9,92441.9,238.56448708
2025-11-20 04:00:00,92441.7,92983.1,92132.7,92964.5,369.3069381
2025-11-20 05:00:00,92964.6,93158.5,92576.6,92625.7,256.09163522
2025-11-20 06:00:00,92625.7,92856.2,91700.0,91999.0,325.98959353
2025-11-20 07:00:00,91999.0,92446.7,91814.3,92323.0,338.93672669
2025-11-20 08:00:00,92323.0,92408.6,92049.5,92132.4,352.67383035
2025-11-20 09:00:00,92132.3,92139.9,91435.0,91903.3,282.24532174
2025-11-20 10:00:00,91903.0,92057.9,91600.0,91813.2,253.05208629
2025-11-20 11:00:00,91813.2,92031.6,91500.0,91937.1,125.75613005
2025-11-20 12:00:00,91937.1,91999.9,91681.2,91835.8,101.17756516
2025-11-20 13:00:00,91835.8,92550.0,91488.0,91528.0,504.08233087
2025-11-20 14:00:00,91528.1,91723.7,90432.0,91107.4,697.92332424
2025-11-20 15:00:00,91107.6,91187.2,89810.3,89862.5,480.2775997
2025-11-20 16:00:00,89862.5,89909.7,87488.0,87881.5,2922.49187548
2025-11-20 17:00:00,87881.3,88158.9,86333.1,87235.4,1815.52420659
2025-11-20 18:00:00,87235.3,87763.9,86333.0,86490.1,897.27979264
2025-11-20 19:00:00,86490.1,87156.3,86100.0,86922.8,520.25241114
2025-11-20 20:00:00,86922.7,87137.0,86332.0,86481.8,412.49365169
2025-11-20 21:00:00,86475.0,87679.9,86443.4,87294.3,549.85600456
2025-11-20 22:00:00,87294.1,88259.1,87219.1,88071.9,324.89799204
2025-11-20 23:00:00,88071.9,88170.9,86563.2,86636.1,465.72799723
2025-11-21 00:00:00,86638.0,87504.5,86590.4,87280.5,335.44302324
2025-11-21 01:00:00,87280.5,87467.0,86840.0,87056.0,321.76429056
2025-11-21 02:00:00,87056.0,87070.1,85349.1,85446.5,1081.60405911
2025-11-21 03:00:00,85446.4,86138.1,85441.9,85831.5,432.74128917
2025-11-21 04:00:00,85831.3,86120.7,85406.1,86060.2,417.74192036
2025-11-21 05:00:00,86060.0,86350.9,85831.5,86185.0,420.20510487
2025-11-21 06:00:00,86190.0,86257.0,85545.4,85576.4,442.99179628
2025-11-21 07:00:00,85576.5,85772.7,81330.7,84061.1,4781.99282642
2025-11-21 08:00:00,84062.3,84709.7,83600.0,83646.0,1018.23867562
2025-11-21 09:00:00,83646.1,83998.9,82124.6,82220.1,1318.44895416
2025-11-21 10:00:00,82220.0,82911.5,81660.0,82707.9,1322.80290882
2025-11-21 11:00:00,82707.9,83359.5,82204.6,82321.0,610.4640283
2025-11-21 12:00:00,82320.0,83597.2,80636.3,83283.7,1804.28287914
2025-11-21 13:00:00,83283.7,84433.1,83120.0,84114.0,887.09441693
2025-11-21 14:00:00,84114.0,85498.1,83552.0,84853.3,1412.10356415
2025-11-21 15:00:00,84853.3,85097.0,82751.8,82938.3,1314.20770766
2025-11-21 16:00:00,82938.2,84922.7,82337.3,84919.8,1143.70135005
2025-11-21 17:00:00,84919.9,85569.8,84580.7,84869.5,872.66058036
2025-11-21 18:00:00,84869.7,85083.4,83300.0,84584.7,1061.50005705
2025-11-21 19:00:00,84584.5,85027.4,84083.4,84214.1,251.78573837
2025-11-21 20:00:00,84213.9,84669.6,83457.3,84572.0,286.97958599
2025-11-21 21:00:00,84571.9,85411.6,84357.5,85181.7,269.63207897
2025-11-21 22:00:00,85181.9,85396.1,84266.7,84284.1,231.60453435
2025-11-21 23:00:00,84287.9,85349.5,84116.0,85135.0,256.38599057
2025-11-22 00:00:00,85135.0,85618.8,84567.7,84738.6,329.03318088
2025-11-22 01:00:00,84738.6,85204.5,84588.7,85175.0,227.6634614
2025-11-22 02:00:00,85175.1,85205.4,84289.5,84529.0,278.12525399
2025-11-22 03:00:00,84529.0,84611.7,84214.6,84449.9,191.0399057
2025-11-22 04:00:00,84449.9,84550.5,83836.2,84246.9,195.85502114
2025-11-22 05:00:00,84247.0,84322.2,83874.8,84281.0,216.10027359
2025-11-22 06:00:00,84281.0,84798.6,84081.3,84635.1,222.41130467
2025-11-22 07:00:00,84635.1,84671.7,84400.0,84583.2,186.87455859
2025-11-22 08:00:00,84583.1,84588.0,83940.0,84016.1,463.42492353
2025-11-22 09:00:00,84016.0,84345.4,83852.7,83930.0,836.11153771
2025-11-22 10:00:00,83930.0,84214.6,83503.5,83696.4,283.66857306
2025-11-22 11:00:00,83696.4,84344.7,83590.0,84098.5,226.68644677
2025-11-22 12:00:00,84098.6,84163.1,83617.7,83883.0,208.66266231
2025-11-22 13:00:00,83883.1,84136.0,83659.9,83945.9,228.48275484
2025-11-22 14:00:00,83946.1,84750.0,83936.6,84494.0,275.24673113
2025-11-22 15:00:00,84494.0,84573.9,84013.1,84282.9,197.73800994
2025-11-22 16:00:00,84282.9,84901.7,84223.2,84697.3,181.45980718
2025-11-22 17:00:00,84697.4,84722.0,84419.8,84553.1,117.70814949
2025-11-22 18:00:00,84553.1,84680.0,84473.9,84656.6,93.90443549
2025-11-22 19:00:00,84656.6,84792.0,84503.9,84605.0,64.59168001
2025-11-22 20:00:00,84605.1,84799.8,84236.3,84468.0,99.22922244
2025-11-22 21:00:00,84468.0,84513.2,84239.1,84414.0,73.23621193
2025-11-22 22:00:00,84414.1,85269.8,84282.0,85074.3,187.72148029
2025-11-22 23:00:00,85074.1,85180.8,84673.7,84741.1,122.03147622
2025-11-23 00:00:00,84741.2,85323.5,84679.3,84974.4,240.5361367
2025-11-23 01:00:00,84974.5,86159.3,84961.5,85882.3,397.73718782
2025-11-23 02:00:00,85882.9,86348.0,85682.5,86004.1,375.5710676
2025-11-23 03:00:00,86004.0,86308.6,85816.8,86308.5,120.28902615
2025-11-23 04:00:00,86308.6,86872.8,86158.0,86553.3,406.81809111
2025-11-23 05:00:00,86553.3,86590.9,86000.0,86364.2,183.6131425
2025-11-23 06:00:00,86364.3,86509.2,85867.1,85867.1,182.29792663
2025-11-23 07:00:00,85867.1,85922.4,85416.6,85769.2,362.07277133
2025-11-23 08:00:00,85769.3,86196.9,85763.3,86145.1,234.75913256
2025-11-23 09:00:00,86145.1,86482.4,86080.2,86407.6,163.25993557
2025-11-23 10:00:00,86407.6,86463.9,86061.0,86075.7,228.72923749
2025-11-23 11:00:00,86075.7,86437.7,85838.1,86343.4,267.47720348
2025-11-23 12:00:00,86343.5,86900.0,86277.0,86540.6,228.9453482
2025-11-23 13:00:00,86540.7,86932.4,86323.1,86929.4,169.57527542
2025-11-23 14:00:00,86929.4,87200.0,86482.0,86549.0,420.68736252
2025-11-23 15:00:00,86549.0,87240.0,86449.3,87084.1,284.79313172
2025-11-23 16:00:00,87084.0,87497.5,86670.1,86689.9,382.21131388
2025-11-23 17:00:00,86692.0,86956.9,86506.1,86743.9,195.37766716
2025-11-23 18:00:00,86744.0,87253.2,86724.0,86997.0,186.84298317
2025-11-23 19:00:00,86997.1,87678.9,86939.8,87322.3,180.53435037
2025-11-23 20:00:00,87322.4,87699.3,87239.1,87488.7,149.32533914
2025-11-23 21:00:00,87488.8,87998.0,87164.5,87997.9,150.89814831
2025-11-23 22:00:00,87997.9,88129.3,87554.0,88012.5,251.68720007
2025-11-23 23:00:00,88012.7,88089.7,86733.3,86846.6,304.43599577
2025-11-24 00:00:00,86846.7,87211.9,85948.8,86733.7,450.04364015
2025-11-24 01:00:00,86733.8,87087.6,86401.5,87073.1,315.1778798
2025-11-24 02:00:00,87076.1,88065.5,87027.6,87518.0,392.65365344
2025-11-24 03:00:00,87518.1,87789.5,87189.2,87451.3,198.87955179
2025-11-24 04:00:00,87451.3,87600.0,86450.0,86738.5,344.50031322
2025-11-24 05:00:00,86738.4,87837.0,86688.2,87473.1,343.58608029
2025-11-24 06:00:00,87473.2,87519.1,86821.0,86914.6,231.29013331
2025-11-24 07:00:00,86914.5,87345.0,86700.0,87045.4,314.15603242
2025-11-24 08:00:00,87045.5,87045.5,86708.1,86960.2,226.67445587
2025-11-24 09:00:00,86960.2,86960.2,85815.5,85947.7,476.29419615
2025-11-24 10:00:00,85947.8,86194.9,85685.8,86053.4,385.30127217
2025-11-24 11:00:00,86053.3,86438.5,85837.0,86277.3,227.40060263
2025-11-24 12:00:00,86277.2,86316.1,85888.0,86003.3,298.30248666
2025-11-24 13:00:00,86003.3,86569.9,85952.4,86149.1,319.09222566
2025-11-24 14:00:00,86149.0,86653.8,85278.2,86172.3,670.06311104
2025-11-24 15:00:00,86172.4,86747.5,85913.6,86615.8,460.40542236
2025-11-24 16:00:00,86615.8,87700.6,86615.7,87175.4,624.10615327
2025-11-24 17:00:00,87175.4,88448.0,86955.6,88365.3,616.19141408
2025-11-24 18:00:00,88365.5,88739.4,88192.4,88713.6,407.80605416
2025-11-24 19:00:00,88713.5,88840.5,88118.8,88333.6,365.59690106
2025-11-24 20:00:00,88330.9,89230.5,88330.9,89083.3,389.3828302
2025-11-24 21:00:00,89083.1,89129.0,88715.4,88754.9,279.77995961
2025-11-24 22:00:00,88754.9,89091.4,88592.7,88623.6,170.09362723
2025-11-24 23:00:00,88625.0,88694.0,88240.3,88281.8,159.64333878
2025-11-25 00:00:00,88281.8,88290.2,87857.3,88104.0,267.10702321
2025-11-25 01:00:00,88104.1,88200.8,87720.0,87736.1,276.68400954
2025-11-25 02:00:00,87736.2,87944.7,87459.9,87911.6,290.06107193
2025-11-25 03:00:00,87911.7,88040.0,87541.5,87812.1,272.17364877
2025-11-25 04:00:00,87812.0,88507.3,87788.3,88336.5,311.59858578
2025-11-25 05:00:00,88336.5,88336.5,87929.6,88118.0,199.76997104
2025-11-25 06:00:00,88118.1,88149.9,87803.1,88006.8,194.20700495
2025-11-25 07:00:00,88006.7,88062.0,87333.0,87397.5,367.18893185
2025-11-25 08:00:00,87397.6,87621.7,87000.0,87018.1,222.18192051
2025-11-25 09:00:00,87018.1,87240.3,86675.1,87225.4,729.22782112
2025-11-25 10:00:00,87225.4,87426.7,86928.6,87407.5,217.84852402
2025-11-25 11:00:00,87407.5,87542.7,87301.9,87365.0,166.63194753
2025-11-25 12:00:00,87365.1,87765.2,87365.1,87514.1,336.89660595
2025-11-25 13:00:00,87514.0,87725.1,86857.1,87077.6,331.84049003
2025-11-25 14:00:00,87077.7,87303.7,86118.2,86750.1,570.83802945
2025-11-25 15:00:00,86750.0,87302.8,86200.0,86987.9,305.23725512
2025-11-25 16:00:00,86988.1,87297.8,86704.0,87123.1,268.27526141
2025-11-25 17:00:00,87123.1,88141.6,87047.0,87617.0,330.77035154
2025-11-25 18:00:00,87617.1,87827.7,87228.4,87228.5,190.63239014
2025-11-25 19:00:00,87228.5,87333.7,86182.5,86878.0,339.47225983
2025-11-25 20:00:00,86878.1,87456.4,86712.2,87361.6,200.49914247
2025-11-25 21:00:00,87361.7,87435.9,86983.3,87032.5,88.05659818
2025-11-25 22:00:00,87032.6,87720.0,86582.8,87643.9,176.91017707
2025-11-25 23:00:00,87643.7,87882.1,87312.7,87359.1,164.61638095
2025-11-26 00:00:00,87359.1,87769.0,87349.0,87573.0,187.6470639
2025-11-26 01:00:00,87573.0,88224.2,87334.1,87918.9,220.85137582
2025-11-26 02:00:00,87919.0,88085.0,87648.8,87711.0,117.86489177
2025-11-26 03:00:00,87711.0,87882.3,87075.9,87120.0,297.61127078
2025-11-26 04:00:00,87120.1,87369.9,86902.0,87229.9,183.10797939
2025-11-26 05:00:00,87229.9,87739.9,87225.8,87515.4,168.31859986
2025-11-26 06:00:00,87515.4,87877.0,87455.4,87788.8,243.21818744
2025-11-26 07:00:00,87788.8,87975.0,87672.2,87934.8,185.3172667
2025-11-26 08:00:00,87934.8,87939.6,87415.5,87418.4,237.58075178
2025-11-26 09:00:00,87418.5,87454.1,86760.7,86843.5,338.36968307
2025-11-26 10:00:00,86843.5,87066.0,86675.2,86957.0,113.14256365
2025-11-26 11:00:00,86957.0,87104.1,86851.1,87098.7,116.99182824
2025-11-26 12:00:00,87097.0,87181.8,86317.4,86654.1,306.21754695
2025-11-26 13:00:00,86654.0,87139.9,86581.0,87132.8,242.91154705
2025-11-26 14:00:00,87132.9,87685.7,86800.0,86899.9,303.40919719
2025-11-26 15:00:00,86899.9,87342.4,86674.1,86965.0,679.8323566
2025-11-26 16:00:00,86965.0,87935.0,86949.3,87826.6,560.57376379
2025-11-26 17:00:00,87826.7,89958.0,87712.9,89823.0,851.31188739
2025-11-26 18:00:00,89823.0,90423.6,89666.6,90140.0,672.97424443
2025-11-26 19:00:00,90139.9,90190.0,89742.1,89961.9,218.94636844
2025-11-26 20:00:00,89962.0,90109.1,89510.7,89867.1,245.2459055
2025-11-26 21:00:00,89867.1,90484.9,89804.5,90185.2,269.09603019
2025-11-26 22:00:00,90185.3,90646.1,90127.4,90381.1,217.96701085
2025-11-26 23:00:00,90381.1,90599.9,90312.5,90482.1,356.6886836
2025-11-27 00:00:00,90482.1,90579.0,90090.0,90469.3,403.90760582
2025-11-27 01:00:00,90469.5,91227.1,90378.5,91141.9,355.97073991
2025-11-27 02:00:00,91141.5,91878.4,90875.0,91379.0,792.11619387
2025-11-27 03:00:00,91379.0,91611.1,91018.5,91078.5,551.68204158
2025-11-27 04:00:00,91078.4,91346.8,91044.4,91268.7,210.50924136
2025-11-27 05:00:00,91268.7,91538.4,90888.0,90961.0,288.05474939
2025-11-27 06:00:00,90961.1,91431.0,90961.1,91231.5,157.15315484
2025-11-27 07:00:00,91231.4,91496.7,91125.0,91396.1,339.3164089
2025-11-27 08:00:00,91396.2,91509.8,91219.4,91475.1,267.47209508
2025-11-27 09:00:00,91475.0,91949.5,91449.1,91554.0,472.71658275
2025-11-27 10:00:00,91554.0,91737.0,91340.0,91605.8,473.90174919
2025-11-27 11:00:00,91605.8,91616.0,91300.0,91368.8,191.24227546
2025-11-27 12:00:00,91368.8,91450.8,90950.0,90985.4,357.34266787
2025-11-27 13:00:00,90985.3,91070.0,90440.0,90856.8,541.30152641
2025-11-27 14:00:00,90856.8,90979.5,90579.8,90789.7,203.29934672
2025-11-27 15:00:00,90789.7,90983.3,90635.7,90959.9,161.16527667
2025-11-27 16:00:00,90959.8,91559.9,90852.0,91460.3,221.93401878
2025-11-27 17:00:00,91460.4,91628.3,91308.3,91476.9,103.46828738
2025-11-27 18:00:00,91477.0,91837.0,91347.5,91789.1,153.89624259
2025-11-27 19:00:00,91789.1,91789.1,91512.0,91536.8,106.09444308
2025-11-27 20:00:00,91536.8,91605.0,91400.1,91435.9,88.25182258
2025-11-27 21:00:00,91436.0,91592.3,91225.6,91410.0,111.76917751
2025-11-27 22:00:00,91410.0,91585.4,91111.0,91324.6,129.30911762
2025-11-27 23:00:00,91324.6,91558.9,91212.3,91330.3,74.99794203
2025-11-28 00:00:00,91330.2,91413.5,91070.0,91203.5,138.03293078
2025-11-28 01:00:00,91203.9,91207.5,90787.3,90800.0,174.01791373
2025-11-28 02:00:00,90800.0,91133.0,90654.6,91069.9,230.72249877
2025-11-28 03:00:00,91069.9,91304.9,90996.5,91211.0,244.99194416
2025-11-28 04:00:00,91211.0,91486.6,91125.6,91418.9,152.29449189
2025-11-28 05:00:00,91419.0,91709.9,91300.0,91599.9,381.81354597
2025-11-28 06:00:00,91600.0,91600.0,91150.2,91295.0,215.13552205
2025-11-28 07:00:00,91295.1,91561.8,90837.8,90902.7,770.71742419
2025-11-28 08:00:00,90902.0,91699.9,90899.0,91674.3,512.1529961
2025-11-28 09:00:00,91674.7,91849.9,91435.0,91598.6,267.96577019
2025-11-28 10:00:00,91598.7,91859.5,91474.0,91847.0,159.95389418
2025-11-28 11:00:00,91847.0,92000.0,91054.0,91432.4,278.61647749
2025-11-28 12:00:00,91432.5,91693.1,91397.6,91511.9,125.40415305
2025-11-28 13:00:00,91511.9,92623.6,91370.0,92361.4,389.35784399
2025-11-28 14:00:00,92361.5,93079.0,91815.9,92249.9,864.48887451
2025-11-28 15:00:00,92249.8,92784.0,91979.2,92356.1,458.59218699
2025-11-28 16:00:00,92356.1,92374.2,90873.1,90938.0,538.68174442
2025-11-28 17:00:00,90938.0,91201.5,90213.9,90671.6,399.39486373
2025-11-28 18:00:00,90671.5,90961.8,90433.1,90825.1,146.92686574
2025-11-28 19:00:00,90825.1,91196.9,90821.6,91146.8,210.73837308
2025-11-28 20:00:00,91146.9,91218.8,90864.3,91190.9,305.62632213
2025-11-28 21:00:00,91190.8,91237.8,90880.0,90880.0,263.93881521
2025-11-28 22:00:00,90880.1,91150.3,90700.0,91115.5,146.95053219
2025-11-28 23:00:00,91115.8,91191.4,90885.0,90890.5,60.1447119
2025-11-29 00:00:00,90890.6,90974.2,90761.0,90887.9,67.42144531
2025-11-29 01:00:00,90887.9,91116.6,90797.7,90882.2,53.9862272
2025-11-29 02:00:00,90878.9,90926.0,90537.0,90792.1,111.56748076
2025-11-29 03:00:00,90792.1,90873.8,90663.0,90675.0,60.9062552
2025-11-29 04:00:00,90675.9,90915.0,90552.2,90898.3,58.04631685
2025-11-29 05:00:00,90898.4,90920.0,90727.4,90750.9,55.95083143
2025-11-29 06:00:00,90751.0,90823.7,90315.0,90556.5,230.41226097
2025-11-29 07:00:00,90556.6,90689.4,90370.0,90563.8,575.87784793
2025-11-29 08:00:00,90563.8,90730.1,90475.5,90628.9,436.06433826
2025-11-29 09:00:00,90628.8,90676.4,90487.8,90559.0,491.86662028
2025-11-29 10:00:00,90559.0,90647.9,90373.5,90551.1,121.3911752
2025-11-29 11:00:00,90551.0,90680.0,90459.2,90675.0,50.65473476
2025-11-29 12:00:00,90675.1,90805.6,90531.1,90620.2,45.66177535
2025-11-29 13:00:00,90620.1,90803.4,90595.0,90780.8,58.3823124
2025-11-29 14:00:00,90780.9,90780.9,90619.1,90629.2,42.64884326
2025-11-29 15:00:00,90629.3,91101.0,90629.2,91068.0,408.53292328
2025-11-29 16:00:00,91068.0,91171.0,90863.3,91008.9,79.5056031
2025-11-29 17:00:00,91009.0,91023.8,90430.5,90430.5,153.151935
2025-11-29 18:00:00,90430.5,90723.3,90168.0,90697.0,199.14816528
2025-11-29 19:00:00,90697.0,90847.8,90605.0,90646.0,39.08199201
2025-11-29 20:00:00,90646.1,91042.7,90406.9,90966.5,100.19748228
2025-11-29 21:00:00,90966.5,91050.0,90808.8,91013.2,70.38513188
2025-11-29 22:00:00,91013.3,91013.3,90712.5,90756.0,59.400915
2025-11-29 23:00:00,90756.1,90893.4,90660.2,90801.9,73.54803707
2025-11-30 00:00:00,90801.9,90943.0,90764.0,90891.6,32.82339309
2025-11-30 01:00:00,90891.6,91051.4,90857.9,90905.1,54.46928419
2025-11-30 02:00:00,90905.1,91035.4,90749.5,90780.9,39.12163473
2025-11-30 03:00:00,90781.1,90923.0,90465.7,90918.3,95.50793166
2025-11-30 04:00:00,90918.3,90974.0,90800.0,90854.0,44.00057257
2025-11-30 05:00:00,90854.0,90854.0,90675.9,90786.3,99.82106496
2025-11-30 06:00:00,90786.4,90938.0,90718.0,90892.3,261.70416789
2025-11-30 07:00:00,90891.7,91049.7,90855.6,90959.9,390.51311259
2025-11-30 08:00:00,90960.0,91430.0,90924.8,91182.9,402.40612442
2025-11-30 09:00:00,91183.0,91624.2,91130.1,91407.0,218.64747841
2025-11-30 10:00:00,91407.0,91461.4,91200.0,91226.8,43.3531506
2025-11-30 11:00:00,91226.8,91387.5,90986.4,91048.0,65.02711351
2025-11-30 12:00:00,91048.0,91534.6,91003.1,91467.5,86.52921398
2025-11-30 13:00:00,91467.5,91972.1,91400.0,91769.4,203.15541584
2025-11-30 14:00:00,91769.4,91777.0,91258.8,91497.9,109.50475047
2025-11-30 15:00:00,91497.9,91610.0,91313.1,91439.9,81.21567322
2025-11-30 16:00:00,91440.0,91855.0,91409.1,91827.9,78.64781904
2025-11-30 17:00:00,91827.9,91827.9,91311.5,91490.1,71.67307738
2025-11-30 18:00:00,91490.1,91490.1,91158.0,91462.6,95.94579909
2025-11-30 19:00:00,91462.7,91497.3,91301.0,91464.0,36.94579765
2025-11-30 20:00:00,91464.0,91628.5,91181.8,91314.0,76.76527683
2025-11-30 21:00:00,91314.1,91331.6,90870.6,91170.5,143.1610716
2025-11-30 22:00:00,91170.4,91342.3,91027.5,91229.0,67.31192085
2025-11-30 23:00:00,91229.1,91253.1,90351.3,90367.3,289.92109568
2025-12-01 00:00:00,90367.2,90421.5,86974.1,87002.9,1745.65974348
2025-12-01 01:00:00,87002.9,87749.9,86951.0,87167.1,746.5032158
2025-12-01 02:00:00,87169.7,87504.0,86475.1,86724.0,685.99320649
2025-12-01 03:00:00,86724.1,86820.5,86179.7,86359.9,412.29008283
2025-12-01 04:00:00,86360.0,86369.3,85707.0,85813.0,625.35657407
2025-12-01 05:00:00,85813.0,86019.0,85615.6,86016.1,228.25374088
2025-12-01 06:00:00,86016.0,86361.0,85980.0,86240.2,320.77757982
2025-12-01 07:00:00,86240.2,86578.5,86066.3,86556.7,496.91587271
2025-12-01 08:00:00,86552.0,86888.0,86382.5,86858.1,614.84119947
2025-12-01 09:00:00,86856.6,86940.9,86524.1,86700.4,916.04080948
2025-12-01 10:00:00,86700.5,86818.0,86552.2,86646.0,151.20015161
2025-12-01 11:00:00,86646.1,86697.5,86138.5,86145.8,237.92394421
2025-12-01 12:00:00,86145.8,86229.6,84750.0,85432.0,832.20466349
2025-12-01 13:00:00,85432.0,86148.3,85356.0,85985.1,522.68282217
2025-12-01 14:00:00,85985.0,86666.5,85853.5,86052.0,495.65120274
2025-12-01 15:00:00,86052.0,86131.5,83833.4,84687.0,1034.93840215
2025-12-01 16:00:00,84687.1,85453.2,84050.0,84566.1,673.20580761
2025-12-01 17:00:00,84566.3,85265.7,84450.1,84941.4,220.97150184
2025-12-01 18:00:00,84937.0,85567.0,84728.0,85199.1,255.85625962
2025-12-01 19:00:00,85199.0,85298.9,84606.1,85025.9,134.90249154
2025-12-01 20:00:00,85025.8,85825.7,85009.8,85510.1,254.15769405
2025-12-01 21:00:00,85510.1,86493.5,85496.8,86430.0,349.17689859
2025-12-01 22:00:00,86430.0,86857.1,86279.4,86572.0,221.445655
2025-12-01 23:00:00,86572.1,86826.9,86250.0,86283.3,186.95449459
2025-12-02 00:00:00,86283.4,86666.0,86183.3,86515.9,120.96052323
2025-12-02 01:00:00,86515.1,87355.0,86377.9,86448.0,343.23412423
2025-12-02 02:00:00,86448.1,86857.1,86266.7,86543.0,187.88992772
2025-12-02 03:00:00,86543.0,87088.0,86210.0,86975.0,205.4152831
2025-12-02 04:00:00,86974.9,87266.0,86893.0,86964.9,175.65886249
2025-12-02 05:00:00,86965.0,87111.0,86816.0,87003.0,122.36174984
2025-12-02 06:00:00,87002.9,87175.5,86857.4,87078.8,267.18722765
2025-12-02 07:00:00,87078.7,87115.6,86881.5,87006.4,440.25016559
2025-12-02 08:00:00,87006.4,87052.5,86352.1,86465.4,400.74134104
2025-12-02 09:00:00,86465.2,86990.8,86450.1,86762.7,186.04576947
2025-12-02 10:00:00,86762.6,87599.8,86759.4,87278.7,253.02230747
2025-12-02 11:00:00,87277.0,87609.0,86999.0,87366.1,269.02222146
2025-12-02 12:00:00,87366.1,87558.0,87195.8,87267.2,226.43284459
2025-12-02 13:00:00,87267.2,87877.7,87031.6,87729.7,268.31504788
2025-12-02 14:00:00,87729.7,89263.0,87600.0,89262.9,832.59621213
2025-12-02 15:00:00,89262.9,91194.9,89262.9,90847.4,1530.20940362
2025-12-02 16:00:00,90847.4,91297.4,90214.8,90744.9,514.93524258
2025-12-02 17:00:00,90745.0,91999.9,90734.6,91450.6,461.18216689
2025-12-02 18:00:00,91451.0,92221.0,91347.2,91943.9,461.80903239
2025-12-02 19:00:00,91944.0,92299.4,91829.4,91896.0,410.73205427
2025-12-02 20:00:00,91895.9,91928.0,90719.5,91034.1,495.28908569
2025-12-02 21:00:00,91034.1,91633.3,90971.8,91569.0,177.41086445
2025-12-02 22:00:00,91569.0,92000.0,91520.0,91989.5,268.8101239
2025-12-02 23:00:00,91986.7,91993.9,91280.4,91284.0,128.95993634
2025-12-03 00:00:00,91283.9,91766.7,91004.0,91670.5,466.5301304
2025-12-03 01:00:00,91670.6,92476.1,91476.8,92244.9,338.55088399
2025-12-03 02:00:00,92245.1,93050.0,92163.8,92816.7,450.41005502
2025-12-03 03:00:00,92816.1,93076.3,92593.0,92624.3,221.12485094
2025-12-03 04:00:00,92624.3,93458.2,92624.2,93347.8,377.2907969
2025-12-03 05:00:00,93347.8,93657.2,93110.8,93637.1,417.70448496
2025-12-03 06:00:00,93637.0,93959.3,93160.7,93436.0,430.54662168
2025-12-03 07:00:00,93435.9,93462.2,92863.3,92995.9,897.28535373
2025-12-03 08:00:00,92996.1,93175.2,92675.2,92768.0,470.81445652
2025-12-03 09:00:00,92768.1,93215.2,92704.3,93179.1,218.81177777
2025-12-03 10:00:00,93179.1,93389.3,92861.6,92939.1,229.04974661
2025-12-03 11:00:00,92939.2,93048.0,92666.6,93006.9,223.31667945
2025-12-03 12:00:00,93006.9,93100.0,92690.0,92928.9,275.24402158
2025-12-03 13:00:00,92929.0,93250.0,92875.4,93128.1,268.02756729
2025-12-03 14:00:00,93128.2,93688.0,91690.8,92352.8,1347.89643722
2025-12-03 15:00:00,92356.1,92998.6,91931.8,92379.9,569.82644348
2025-12-03 16:00:00,92380.1,92740.1,91798.6,92253.3,316.90407532
2025-12-03 17:00:00,92253.4,93043.5,92204.8,92957.7,320.83679238
2025-12-03 18:00:00,92957.8,93500.0,92376.9,92613.1,310.99737788
2025-12-03 19:00:00,92613.2,93094.2,92529.0,93026.1,110.51457454
2025-12-03 20:00:00,93026.3,93387.1,92827.2,92970.6,164.51829038
2025-12-03 21:00:00,92971.0,93762.9,92853.5,93699.5,201.55090683
2025-12-03 22:00:00,93699.5,94162.8,93304.9,93783.6,451.79224734
2025-12-03 23:00:00,93784.0,94097.0,93373.9,93423.0,308.91321205
2025-12-04 00:00:00,93423.0,93470.7,92675.0,93055.9,359.53177322
2025-12-04 01:00:00,93050.5,93763.3,92996.0,93188.0,206.5674439
2025-12-04 02:00:00,93188.0,94074.9,93114.9,93935.7,535.26637593
2025-12-04 03:00:00,93935.8,94070.6,93399.0,93533.0,253.0412105
2025-12-04 04:00:00,93532.9,93577.9,93217.0,93353.7,136.94008968
2025-12-04 05:00:00,93353.9,93370.9,92777.3,92968.6,459.5022004
2025-12-04 06:00:00,92970.1,93365.4,92842.9,93138.0,195.31227723
2025-12-04 07:00:00,93137.9,93420.8,92876.1,93397.1,242.11204359
2025-12-04 08:00:00,93397.1,93594.4,93044.7,93250.0,367.39995158
2025-12-04 09:00:00,93251.8,93612.0,93226.0,93447.2,489.13619535
2025-12-04 10:00:00,93448.2,93554.4,93155.0,93258.4,156.34389827
2025-12-04 11:00:00,93258.5,93308.8,92732.3,92939.2,167.80467532
2025-12-04 12:00:00,92939.2,93193.2,92777.7,92992.1,160.43884087
2025-12-04 13:00:00,92987.9,93069.6,92430.5,92521.7,299.40054774
2025-12-04 14:00:00,92521.6,92823.1,91800.0,91902.1,350.85066152
2025-12-04 15:00:00,91901.8,93250.0,91889.3,92968.9,465.99368488
2025-12-04 16:00:00,92968.7,93178.0,92275.8,92433.5,335.27617914
2025-12-04 17:00:00,92429.4,92534.9,91754.5,92426.0,335.44160901
2025-12-04 18:00:00,92426.0,92550.0,91941.3,92126.2,153.35678897
2025-12-04 19:00:00,92128.5,92164.1,90887.6,91976.4,456.64232642
2025-12-04 20:00:00,91977.5,92531.2,91686.2,92467.7,186.42651103
2025-12-04 21:00:00,92467.8,92705.4,92086.7,92151.5,130.39935408
2025-12-04 22:00:00,92155.7,92492.4,92150.0,92341.1,89.3649664
2025-12-04 23:00:00,92340.9,92461.0,92062.6,92062.7,321.90379128
2025-12-05 00:00:00,92062.7,92471.9,92048.3,92293.1,101.5147977
2025-12-05 01:00:00,92293.1,92594.5,92222.2,92357.1,130.31251926
2025-12-05 02:00:00,92357.2,92696.1,92253.7,92509.5,170.99813353
2025-12-05 03:00:00,92509.6,92659.8,91970.0,92158.1,190.97143679
2025-12-05 04:00:00,92158.1,92385.0,91806.9,92026.3,229.53583643
2025-12-05 05:00:00,92028.0,92228.3,91880.0,91938.5,93.18906351
2025-12-05 06:00:00,91938.6,92282.8,91898.1,92273.0,114.60242374
2025-12-05 07:00:00,92272.9,92482.6,92199.0,92249.8,171.76138444
2025-12-05 08:00:00,92249.8,92254.3,91892.0,92111.0,191.08837397
2025-12-05 09:00:00,92111.1,92113.8,90972.1,91122.9,487.2457383
2025-12-05 10:00:00,91122.7,91487.1,91088.0,91274.9,121.61165252
2025-12-05 11:00:00,91275.0,91560.0,91127.1,91342.9,97.37343276
2025-12-05 12:00:00,91342.8,91426.0,91079.2,91240.0,102.27392295
2025-12-05 13:00:00,91240.0,91354.0,90229.0,90472.9,378.83218815
2025-12-05 14:00:00,90473.0,90740.5,89900.0,90293.2,474.26847473
2025-12-05 15:00:00,90293.2,91497.8,90263.5,90456.0,645.76648361
2025-12-05 16:00:00,90456.1,90499.9,88040.4,88811.1,1179.67317992
2025-12-05 17:00:00,88811.0,89544.3,88612.1,89338.9,321.90352027
2025-12-05 18:00:00,89338.9,89797.6,88909.4,88939.0,245.11195789
2025-12-05 19:00:00,88939.0,89803.3,88814.0,89639.1,184.12484045
2025-12-05 20:00:00,89639.0,89742.4,89196.3,89306.9,128.11737218
2025-12-05 21:00:00,89305.3,89492.1,89076.0,89180.9,101.14576427
2025-12-05 22:00:00,89181.0,89364.9,88907.0,89240.0,93.45371856
2025-12-05 23:00:00,89239.9,89379.5,88937.1,89330.8,92.36261302
2025-12-06 00:00:00,89330.9,89461.0,89040.3,89420.5,182.25774232
2025-12-06 01:00:00,89420.6,89497.9,89200.2,89323.9,54.25239518
2025-12-06 02:00:00,89324.0,89402.1,89169.0,89388.1,58.74616283
2025-12-06 03:00:00,89388.1,89800.0,89385.0,89677.2,153.32221157
2025-12-06 04:00:00,89677.2,89708.8,89514.5,89663.3,73.54303591
2025-12-06 05:00:00,89663.4,89732.3,89527.0,89600.1,43.46258721
2025-12-06 06:00:00,89600.2,89766.1,89510.3,89683.1,81.08867527
2025-12-06 07:00:00,89683.3,89713.8,89465.2,89583.0,508.00597325
2025-12-06 08:00:00,89583.9,89646.2,89203.1,89275.8,482.95284688
2025-12-06 09:00:00,89275.9,89666.6,89258.0,89563.1,139.39908081
2025-12-06 10:00:00,89563.2,89693.1,89459.6,89506.1,226.84062907
2025-12-06 11:00:00,89506.2,89740.7,89473.9,89629.5,170.88895499
2025-12-06 12:00:00,89629.5,89647.8,89560.0,89578.0,67.25596881
2025-12-06 13:00:00,89578.1,89790.0,89578.1,89672.8,81.86290799
2025-12-06 14:00:00,89672.8,90279.8,89658.0,90008.0,292.62138204
2025-12-06 15:00:00,90008.0,90044.0,89467.9,89756.4,189.77354111
2025-12-06 16:00:00,89756.5,89981.0,89686.6,89708.0,56.80352341
2025-12-06 17:00:00,89708.1,89839.9,89615.0,89708.3,46.37044149
2025-12-06 18:00:00,89708.3,89786.3,89530.1,89650.3,38.53711891
2025-12-06 19:00:00,89650.3,89749.1,89258.2,89409.2,180.73224833
2025-12-06 20:00:00,89409.2,89560.3,89320.3,89558.3,40.91719957
2025-12-06 21:00:00,89558.2,89622.0,89403.3,89425.0,35.16316273
2025-12-06 22:00:00,89425.1,89531.0,89258.0,89288.0,89.05899897
2025-12-06 23:00:00,89287.9,89334.4,88914.1,89233.9,134.04444488
2025-12-07 00:00:00,89234.0,89554.5,89183.6,89400.0,52.72033335
2025-12-07 01:00:00,89400.1,89591.2,89300.0,89300.1,57.70109405
2025-12-07 02:00:00,89300.1,89692.7,89300.0,89628.7,61.83541034
2025-12-07 03:00:00,89628.5,89745.9,89547.5,89720.9,82.41325061
2025-12-07 04:00:00,89720.9,89789.3,89470.9,89538.0,63.91026413
2025-12-07 05:00:00,89538.0,89563.0,89428.0,89513.8,34.14892592
2025-12-07 06:00:00,89513.8,89716.0,89491.7,89712.0,214.85282449
2025-12-07 07:00:00,89712.1,89736.7,89200.7,89382.0,349.0823339
2025-12-07 08:00:00,89382.0,89540.0,89202.1,89318.1,55.48941358
2025-12-07 09:00:00,89318.1,89402.0,89062.5,89112.1,85.79990841
2025-12-07 10:00:00,89112.1,89392.1,89090.9,89246.9,425.27224419
2025-12-07 11:00:00,89247.0,89280.0,89147.1,89158.6,42.13858299
2025-12-07 12:00:00,89158.6,89588.6,89122.8,89477.6,57.50155407
2025-12-07 13:00:00,89477.7,89514.0,88650.0,89052.0,199.34331435
2025-12-07 14:00:00,89051.9,89105.5,87731.7,88225.9,589.78871374
2025-12-07 15:00:00,88225.7,89714.5,88178.0,89554.8,478.2435353
2025-12-07 16:00:00,89554.7,89910.1,89112.0,89892.1,220.85645389
2025-12-07 17:00:00,89892.1,91294.7,89616.1,90960.5,516.49845304
2025-12-07 18:00:00,90960.4,91759.5,90960.3,91371.6,216.9598506
2025-12-07 19:00:00,91371.7,91549.3,91226.9,91423.0,67.22029699
2025-12-07 20:00:00,91423.1,91514.7,91314.1,91440.1,64.44657471
2025-12-07 21:00:00,91440.1,91440.1,89874.7,90234.1,220.53643969
2025-12-07 22:00:00,90234.2,90242.2,88985.0,89604.7,442.97659126
2025-12-07 23:00:00,89604.6,90470.6,89523.0,90394.1,151.63623511
2025-12-08 00:00:00,90394.1,90612.1,89868.4,90349.0,130.64540722
2025-12-08 01:00:00,90349.0,91688.0,90306.9,90908.0,326.43424124
2025-12-08 02:00:00,90911.7,91435.0,90807.4,91356.9,147.48035064
2025-12-08 03:00:00,91356.9,91418.9,90982.8,91074.4,154.45991975
2025-12-08 04:00:00,91074.4,91472.4,91025.9,91283.1,156.52264735
2025-12-08 05:00:00,91283.1,91442.6,91041.0,91333.9,144.48994526
2025-12-08 06:00:00,91334.0,91650.0,91245.0,91460.0,178.32380109
2025-12-08 07:00:00,91460.0,91875.3,91356.7,91560.1,297.51867268
2025-12-08 08:00:00,91560.2,91936.5,91481.9,91832.7,196.87357375
2025-12-08 09:00:00,91832.7,92288.0,91790.0,91911.1,295.56294595
2025-12-08 10:00:00,91911.2,92217.0,91817.6,92126.7,118.52744745
2025-12-08 11:00:00,92126.8,92182.1,91850.1,91958.0,140.09569621
2025-12-08 12:00:00,91957.9,91984.7,91652.2,91763.6,214.65183895
2025-12-08 13:00:00,91763.6,92113.2,91307.6,91462.9,283.99299
2025-12-08 14:00:00,91463.0,91776.4,90782.9,90847.1,466.54909474
2025-12-08 15:00:00,90847.1,90991.2,89612.7,89962.0,935.52012752
2025-12-08 16:00:00,89962.0,90482.2,89678.2,89977.9,376.15111168
2025-12-08 17:00:00,89978.0,90340.0,89698.0,90257.1,260.90576941
2025-12-08 18:00:00,90257.0,90511.3,89729.8,89907.2,147.86695889
2025-12-08 19:00:00,89907.2,90361.3,89864.0,90117.5,93.42378826
2025-12-08 20:00:00,90117.6,90920.0,90117.6,90790.5,136.48212692
2025-12-08 21:00:00,90790.4,91369.6,90670.1,91304.1,150.46530035
2025-12-08 22:00:00,91304.1,91385.8,90714.2,90822.4,120.06994356
2025-12-08 23:00:00,90822.4,91006.6,90481.8,90639.9,127.20334331
2025-12-09 00:00:00,90642.0,90847.8,90360.0,90393.6,100.38081768
2025-12-09 01:00:00,90393.6,90569.0,89968.9,90057.0,206.4395452
2025-12-09 02:00:00,90060.5,90369.8,89980.7,90072.8,119.0186181
2025-12-09 03:00:00,90075.6,90448.5,89812.5,90409.0,254.52311079
2025-12-09 04:00:00,90409.0,90526.0,89725.5,89921.0,259.80255573
2025-12-09 05:00:00,89921.0,90200.0,89500.0,89893.9,330.3393212
2025-12-09 06:00:00,89893.9,90235.0,89782.6,90165.0,201.79061023
2025-12-09 07:00:00,90165.1,90530.9,90089.3,90499.0,905.26325987
2025-12-09 08:00:00,90503.2,90612.7,90370.8,90498.1,219.59165798
2025-12-09 09:00:00,90498.1,90498.1,90135.3,90136.0,433.65332784
2025-12-09 10:00:00,90136.1,90345.5,89908.4,90298.8,243.71492793
2025-12-09 11:00:00,90298.8,90395.8,90134.9,90382.0,269.30774391
2025-12-09 12:00:00,90382.0,90700.1,90323.0,90574.0,243.1912308
2025-12-09 13:00:00,90574.1,90837.9,90170.0,90424.0,334.32312087
2025-12-09 14:00:00,90423.9,90624.3,89999.1,90357.5,395.46802552
2025-12-09 15:00:00,90357.4,92888.0,90293.3,92706.6,885.62540087
2025-12-09 16:00:00,92706.6,94488.0,92697.3,94183.0,1259.15664336
2025-12-09 17:00:00,94183.0,94600.0,93546.3,93916.9,539.54634934
2025-12-09 18:00:00,93916.9,94176.0,93664.1,93924.0,293.33262292
2025-12-09 19:00:00,93924.0,94227.1,93662.0,93805.0,195.72091212
2025-12-09 20:00:00,93805.1,93851.5,92773.6,93117.1,328.3355621
2025-12-09 21:00:00,93117.3,93236.1,92255.1,92645.2,291.61378972
2025-12-09 22:00:00,92645.2,93035.0,92510.0,92876.3,299.0613451
2025-12-09 23:00:00,92876.3,92980.9,92551.3,92682.5,167.77556067
2025-12-10 00:00:00,92682.4,92782.6,92067.1,92130.1,310.6800631
2025-12-10 01:00:00,92129.9,92392.6,91964.3,92312.2,143.77065529
2025-12-10 02:00:00,92312.2,92569.0,92020.0,92498.9,175.00499377
2025-12-10 03:00:00,92499.9,92555.0,92350.0,92410.2,119.59126158
2025-12-10 04:00:00,92410.2,92660.0,92388.0,92549.2,101.18736001
2025-12-10 05:00:00,92549.3,92726.0,92517.0,92558.9,86.92563074
2025-12-10 06:00:00,92559.0,92761.0,92396.7,92701.7,105.94456506
2025-12-10 07:00:00,92700.6,92784.9,92498.5,92784.9,496.79430535
2025-12-10 08:00:00,92785.0,92797.0,92542.0,92611.4,442.44293976
2025-12-10 09:00:00,92611.4,92947.3,92443.7,92919.9,235.86662898
2025-12-10 10:00:00,92919.9,93257.1,92150.0,92282.0,854.8629921
2025-12-10 11:00:00,92282.1,92472.8,91780.1,92131.0,799.40012705
2025-12-10 12:00:00,92131.1,92231.0,91828.7,91996.1,209.25369786
2025-12-10 13:00:00,91996.0,92229.9,91945.6,92097.0,157.79751166
2025-12-10 14:00:00,92096.9,92122.0,91609.5,91836.8,251.36503054
2025-12-10 15:00:00,91834.1,92148.4,91567.6,92069.9,278.09419569
2025-12-10 16:00:00,92070.0,92597.0,91896.0,92174.9,409.94351588
2025-12-10 17:00:00,92174.0,92512.9,92102.1,92384.3,207.68625127
2025-12-10 18:00:00,92384.4,93058.6,91980.0,92499.7,298.38256632
2025-12-10 19:00:00,92499.6,93283.2,91685.5,92959.6,972.23919566
2025-12-10 20:00:00,92959.7,94495.2,92260.0,92453.3,804.77893571
2025-12-10 21:00:00,92453.2,92772.6,91873.8,92351.4,241.87182423
2025-12-10 22:00:00,92351.5,92695.4,91953.7,92514.9,167.87256569
2025-12-10 23:00:00,92514.9,92592.9,91938.1,92013.7,173.18754256
2025-12-11 00:00:00,92013.6,92082.8,91048.1,91385.2,335.30472018
2025-12-11 01:00:00,91385.3,91408.0,90653.4,90673.8,279.1833207
2025-12-11 02:00:00,90673.8,90673.8,89872.5,90070.3,512.38051515
2025-12-11 03:00:00,90070.5,90083.5,89389.8,89881.1,397.6365867
2025-12-11 04:00:00,89881.0,90483.3,89688.0,90437.0,290.53147763
2025-12-11 05:00:00,90437.0,90437.0,90066.1,90303.8,199.17020937
2025-12-11 06:00:00,90303.8,90445.9,89954.9,90292.2,187.19643679
2025-12-11 07:00:00,90292.3,90329.2,90057.2,90271.0,271.86738121
2025-12-11 08:00:00,90270.9,90271.0,89964.9,90186.4,126.31077616
2025-12-11 09:00:00,90186.5,90523.3,90111.9,90233.0,800.5978254
2025-12-11 10:00:00,90233.3,90347.1,90170.0,90317.3,155.557461
2025-12-11 11:00:00,90317.4,90414.0,90204.1,90234.8,551.81074857
2025-12-11 12:00:00,90234.8,90381.3,90008.0,90029.0,148.4028197
2025-12-11 13:00:00,90029.1,90170.0,89876.1,90101.0,150.53066277
2025-12-11 14:00:00,90101.0,90484.2,89255.9,89548.1,500.5589693
2025-12-11 15:00:00,89548.1,90642.7,89408.0,89875.1,485.2247252
2025-12-11 16:00:00,89875.0,90180.2,89333.3,89736.9,204.82634057
2025-12-11 17:00:00,89737.1,90255.1,89630.0,89979.4,161.71465129
2025-12-11 18:00:00,89971.6,91183.4,89891.1,90705.9,335.91158054
2025-12-11 19:00:00,90705.7,91541.2,90583.1,90835.6,281.02742739
2025-12-11 20:00:00,90835.6,91829.2,90802.5,91781.4,186.21123828
2025-12-11 21:00:00,91789.2,93564.4,91703.3,92867.6,620.82572248
2025-12-11 22:00:00,92867.7,93198.2,92097.6,92371.5,376.20738183
2025-12-11 23:00:00,92373.3,92804.5,92337.1,92522.3,399.27092309
2025-12-12 00:00:00,92522.2,92658.5,91280.4,91577.7,358.3292851
2025-12-12 01:00:00,91577.7,92317.0,91545.9,92171.8,210.07472527
2025-12-12 02:00:00,92171.9,92747.2,91929.1,92584.4,249.48219932
2025-12-12 03:00:00,92584.5,92752.5,92175.0,92275.1,142.86960433
2025-12-12 04:00:00,92274.9,92468.1,92123.0,92397.5,168.48839422
2025-12-12 05:00:00,92397.6,92502.3,92078.6,92443.2,134.01676677
2025-12-12 06:00:00,92443.2,92719.3,92403.1,92506.6,134.63047044
2025-12-12 07:00:00,92506.7,92562.6,92250.3,92427.1,198.62147521
2025-12-12 08:00:00,92427.2,92479.1,92103.1,92347.4,159.40891768
2025-12-12 09:00:00,92346.9,92559.3,92088.5,92522.5,103.49380457
2025-12-12 10:00:00,92522.6,92635.6,92413.3,92493.0,183.00963292
2025-12-12 11:00:00,92493.1,92493.1,92276.3,92411.9,62.00548005
2025-12-12 12:00:00,92411.8,92425.1,92085.9,92425.1,165.86361655
2025-12-12 13:00:00,92425.1,92515.6,92250.3,92311.9,129.70306513
2025-12-12 14:00:00,92311.9,92666.5,91902.5,92445.5,329.62106883
2025-12-12 15:00:00,92445.5,92445.5,89777.7,89941.4,1021.78373382
2025-12-12 16:00:00,89933.7,90439.5,89466.6,90040.1,539.75715832
2025-12-12 17:00:00,90040.2,90622.7,89822.6,90075.6,335.39684545
2025-12-12 18:00:00,90075.7,90659.9,90039.0,90366.0,350.93473832
2025-12-12 19:00:00,90366.1,90398.9,90003.9,90197.1,179.75798504
2025-12-12 20:00:00,90197.1,90329.8,89888.8,90211.3,143.77395516
2025-12-12 21:00:00,90211.2,90347.6,90100.0,90192.0,100.17990399
2025-12-12 22:00:00,90186.0,90392.3,90184.7,90339.7,67.57906932
2025-12-12 23:00:00,90339.9,90387.0,90225.1,90268.1,43.02290384
2025-12-13 00:00:00,90268.1,90436.5,90206.9,90317.6,72.87979636
2025-12-13 01:00:00,90317.6,90360.0,90112.4,90224.9,53.88380277
2025-12-13 02:00:00,90225.0,90318.0,90206.2,90227.1,85.2432324
2025-12-13 03:00:00,90227.1,90469.9,90196.0,90341.9,135.46026992
2025-12-13 04:00:00,90341.9,90421.0,90271.5,90375.9,66.51295067
2025-12-13 05:00:00,90375.9,90394.0,90246.5,90340.4,162.18434809
2025-12-13 06:00:00,90340.5,90370.7,90251.6,90348.1,116.02051912
2025-12-13 07:00:00,90348.2,90416.9,90311.9,90330.0,559.66099937
2025-12-13 08:00:00,90330.1,90576.7,90314.6,90450.9,239.47088858
2025-12-13 09:00:00,90450.9,90513.5,90361.9,90415.0,142.43273878
2025-12-13 10:00:00,90415.1,90638.2,90415.1,90592.9,183.38279702
2025-12-13 11:00:00,90592.9,90611.8,90300.0,90341.7,106.74044916
2025-12-13 12:00:00,90341.7,90486.0,90294.5,90355.1,54.66533858
2025-12-13 13:00:00,90355.1,90468.8,90200.0,90262.0,297.84272778
2025-12-13 14:00:00,90262.0,90348.1,89930.1,90086.0,152.71142529
2025-12-13 15:00:00,90085.9,90293.1,90038.7,90100.7,74.60630179
2025-12-13 16:00:00,90100.6,90275.0,90032.5,90097.6,47.03441241
2025-12-13 17:00:00,90097.6,90105.8,89990.0,90054.0,36.70012025
2025-12-13 18:00:00,90054.1,90190.6,90044.1,90123.9,21.37263691
2025-12-13 19:00:00,90124.0,90225.5,90108.7,90182.5,16.58305732
2025-12-13 20:00:00,90182.4,90215.9,90044.0,90092.6,64.72020751
2025-12-13 21:00:00,90092.6,90192.0,89764.8,90171.5,67.18613368
2025-12-13 22:00:00,90171.5,90252.4,90002.5,90137.0,37.07301635
2025-12-13 23:00:00,90137.0,90279.0,90067.0,90241.1,25.03486913
2025-12-14 00:00:00,90241.1,90475.0,90125.0,90339.1,107.15131775
2025-12-14 01:00:00,90339.1,90458.2,90212.5,90300.4,57.87306423
2025-12-14 02:00:00,90300.5,90394.0,90247.2,90293.0,36.08459461
2025-12-14 03:00:00,90293.1,90310.0,90247.2,90266.5,46.3393048
2025-12-14 04:00:00,90266.6,90346.3,90131.3,90205.0,54.69097451
2025-12-14 05:00:00,90205.0,90234.0,90051.0,90208.7,72.44141003
2025-12-14 06:00:00,90208.7,90249.7,90100.0,90151.1,29.74349959
2025-12-14 07:00:00,90151.1,90291.1,90085.2,90256.1,114.17679632
2025-12-14 08:00:00,90256.0,90307.6,90104.9,90114.9,205.22209862
2025-12-14 09:00:00,90115.0,90158.0,90007.0,90025.9,57.74668524
2025-12-14 10:00:00,90026.0,90133.3,89786.4,89857.0,356.79876067
2025-12-14 11:00:00,89857.1,89857.1,88632.9,89355.0,716.52021275
2025-12-14 12:00:00,89355.1,89662.6,89100.0,89418.5,142.95710451
2025-12-14 13:00:00,89417.1,89498.0,89083.9,89484.1,93.66485585
2025-12-14 14:00:00,89484.1,89559.4,88884.0,89112.1,169.43066117
2025-12-14 15:00:00,89112.1,89180.0,88880.0,89027.7,76.91047471
2025-12-14 16:00:00,89027.7,89397.9,88505.4,88832.9,191.920253
2025-12-14 17:00:00,88833.0,89029.2,88600.0,88804.9,135.47267914
2025-12-14 18:00:00,88805.0,89082.4,88720.2,89004.7,85.78959057
2025-12-14 19:00:00,89004.7,89004.7,88465.9,88644.0,104.8662025
2025-12-14 20:00:00,88644.1,88833.0,88350.0,88556.9,147.3055239
2025-12-14 21:00:00,88557.0,88711.6,88342.4,88444.0,66.05346172
2025-12-14 22:00:00,88444.1,88604.9,88018.0,88411.0,162.34966857
2025-12-14 23:00:00,88411.0,88610.0,87564.5,88162.9,321.36472736
2025-12-15 00:00:00,88163.0,88688.0,88072.3,88456.0,187.50243092
2025-12-15 01:00:00,88456.0,89336.9,88421.0,89248.1,258.90828396
2025-12-15 02:00:00,89248.1,90021.9,89235.1,89315.0,215.7082354
2025-12-15 03:00:00,89315.0,89540.0,89226.5,89285.9,166.99620109
2025-12-15 04:00:00,89286.0,89790.9,89279.0,89669.9,183.76306218
2025-12-15 05:00:00,89669.9,89760.0,89500.0,89616.1,223.79511125
2025-12-15 06:00:00,89619.0,89922.9,89474.0,89743.4,101.70250397
2025-12-15 07:00:00,89743.4,89829.7,89523.8,89747.0,145.93321186
2025-12-15 08:00:00,89747.0,89900.0,89650.0,89770.1,103.64637054
2025-12-15 09:00:00,89770.0,89984.3,89768.0,89873.9,127.88025015
2025-12-15 10:00:00,89873.9,89976.0,89709.8,89858.9,156.27589988
2025-12-15 11:00:00,89858.9,89899.9,89588.0,89645.2,71.52782918
2025-12-15 12:00:00,89645.3,89762.5,89434.0,89700.0,86.49122959
2025-12-15 13:00:00,89700.1,89736.7,89288.0,89434.1,185.61715721
2025-12-15 14:00:00,89434.1,89879.9,87839.9,88055.3,532.78097755
2025-12-15 15:00:00,88055.2,88197.1,86626.6,87042.9,1023.37410354
2025-12-15 16:00:00,87044.6,87222.0,86057.0,86400.9,428.8483772
2025-12-15 17:00:00,86400.1,86499.8,85600.1,85766.0,342.50320966
2025-12-15 18:00:00,85766.0,86280.0,85147.7,86192.0,336.58794563
2025-12-15 19:00:00,86191.8,86565.9,85875.1,86149.1,268.11199158
2025-12-15 20:00:00,86149.0,86194.9,85614.0,85782.2,185.75964589
2025-12-15 21:00:00,85786.9,86300.0,85529.4,86237.3,151.68076295
2025-12-15 22:00:00,86237.4,86261.5,85821.1,86260.0,83.35660442
2025-12-15 23:00:00,86259.9,86470.0,86120.0,86432.9,167.31817145
2025-12-16 00:00:00,86433.0,86524.6,85841.9,85862.0,139.76070427
2025-12-16 01:00:00,85862.1,86171.9,85671.3,85894.1,140.84826345
2025-12-16 02:00:00,85894.2,86228.8,85800.0,85938.2,148.23730903
2025-12-16 03:00:00,85938.0,86011.8,85378.5,85865.7,224.89679159
2025-12-16 04:00:00,85865.7,85921.4,85265.2,85832.1,271.37222687
2025-12-16 05:00:00,85830.1,86194.8,85803.0,86020.0,208.31311492
2025-12-16 06:00:00,86020.1,86600.0,86020.1,86494.0,247.6327619
2025-12-16 07:00:00,86494.0,86603.5,85857.1,86009.3,314.68315198
2025-12-16 08:00:00,86009.4,86379.1,85930.0,86282.0,105.7297231
2025-12-16 09:00:00,86282.0,86425.3,86200.0,86352.3,66.20553357
2025-12-16 10:00:00,86352.3,87336.7,86269.1,86974.1,318.966249
2025-12-16 11:00:00,86974.1,87327.5,86815.2,87256.0,144.24194807
2025-12-16 12:00:00,87255.9,87481.5,87076.5,87211.5,203.89861069
2025-12-16 13:00:00,87211.5,87790.1,86416.7,86448.1,650.33184437
2025-12-16 14:00:00,86448.2,87763.1,86109.0,87297.3,526.38891622
2025-12-16 15:00:00,87298.7,88180.0,86844.3,87968.9,631.09012549
2025-12-16 16:00:00,87968.9,88050.0,87386.3,87581.9,286.02277671
2025-12-16 17:00:00,87581.9,87843.0,87095.3,87127.1,152.40196993
2025-12-16 18:00:00,87127.1,88015.9,87062.5,87784.9,222.20652391
2025-12-16 19:00:00,87784.8,87791.6,87288.1,87592.3,109.53294244
2025-12-16 20:00:00,87592.1,87835.9,87345.0,87573.6,77.63720347
2025-12-16 21:00:00,87573.5,87905.5,87500.0,87762.9,52.29040971
2025-12-16 22:00:00,87762.8,87930.1,87636.2,87789.9,50.51942412
2025-12-16 23:00:00,87790.0,87868.9,87600.0,87863.0,80.74808088
2025-12-17 00:00:00,87863.0,87865.0,87429.0,87532.8,106.63115505
2025-12-17 01:00:00,87532.9,87948.8,87486.0,87556.0,136.46718275
2025-12-17 02:00:00,87556.0,87594.0,87196.7,87485.0,190.03729685
2025-12-17 03:00:00,87485.1,87617.1,87155.1,87216.0,125.64386901
2025-12-17 04:00:00,87216.1,87390.9,86732.0,86758.0,144.59319946
2025-12-17 05:00:00,86758.0,86761.9,86211.5,86636.7,224.2878086
2025-12-17 06:00:00,86636.1,86998.9,86597.0,86776.0,197.46780484
2025-12-17 07:00:00,86776.1,87165.9,86597.0,87043.1,210.0929529
2025-12-17 08:00:00,87043.0,87043.1,86323.9,86397.9,142.50965748
2025-12-17 09:00:00,86398.0,86609.9,86262.8,86420.1,120.42066569
2025-12-17 10:00:00,86420.1,86829.0,86242.2,86626.1,184.79785908
2025-12-17 11:00:00,86626.2,87130.0,86558.6,86970.7,106.57096343
2025-12-17 12:00:00,86977.2,87210.5,86818.1,87018.6,172.72933588
2025-12-17 13:00:00,87018.6,87849.6,86811.3,87622.2,226.79099094
2025-12-17 14:00:00,87622.1,89693.9,87167.5,89682.6,952.79783092
2025-12-17 15:00:00,89682.6,90375.0,87136.3,87231.9,1499.6909279
2025-12-17 16:00:00,87231.7,87776.3,86172.5,86994.5,723.78276718
2025-12-17 17:00:00,86994.4,87106.0,86266.6,86423.3,193.21961264
2025-12-17 18:00:00,86428.0,86845.6,85650.0,85830.0,256.83046516
2025-12-17 19:00:00,85830.8,86199.8,85328.4,86017.2,283.07520361
2025-12-17 20:00:00,86017.4,86251.5,85660.1,85896.5,200.63437416
2025-12-17 21:00:00,85900.5,86060.0,85700.5,85994.2,86.02355593
2025-12-17 22:00:00,85996.0,86465.7,85884.0,86344.2,119.49816876
2025-12-17 23:00:00,86349.9,86352.9,85955.6,86248.1,82.20065326
2025-12-18 00:00:00,86248.1,86318.8,86050.0,86236.8,74.36581584
2025-12-18 01:00:00,86236.9,86253.1,85865.8,86130.0,94.32599025
2025-12-18 02:00:00,86130.1,86872.9,86011.2,86693.5,185.79210279
2025-12-18 03:00:00,86693.6,86699.9,86262.2,86622.0,180.66122433
2025-12-18 04:00:00,86621.9,86895.3,86602.0,86763.7,131.03023947
2025-12-18 05:00:00,86763.8,86791.2,86388.0,86440.1,116.34097429
2025-12-18 06:00:00,86440.1,86660.0,86410.0,86647.8,95.03984564
2025-12-18 07:00:00,86647.9,86870.3,86590.2,86834.1,120.38939889
2025-12-18 08:00:00,86834.0,87138.0,86684.6,86973.0,211.94845423
2025-12-18 09:00:00,86973.0,87392.0,86801.3,87282.0,204.92750182
2025-12-18 10:00:00,87282.0,87453.1,87216.0,87351.5,118.57388236
2025-12-18 11:00:00,87351.5,87356.9,87058.8,87276.7,103.33808759
2025-12-18 12:00:00,87276.7,87434.8,87118.9,87258.7,96.28235872
2025-12-18 13:00:00,87258.8,89195.9,87258.8,88850.1,1184.17604324
2025-12-18 14:00:00,88850.0,89480.0,87725.3,88351.9,901.31404245
2025-12-18 15:00:00,88351.8,89360.0,87977.9,88513.7,784.04186683
2025-12-18 16:00:00,88513.7,88531.0,87854.4,88014.7,390.01678102
2025-12-18 17:00:00,88014.8,88030.9,85477.3,86490.5,1078.79794447
2025-12-18 18:00:00,86490.5,86891.3,85724.3,85994.6,349.37756758
2025-12-18 19:00:00,85988.7,86033.9,84480.0,84481.1,863.13911395
2025-12-18 20:00:00,84483.5,85276.8,84456.2,84578.2,301.48033575
2025-12-18 21:00:00,84578.2,85838.6,84564.7,85623.0,257.65925341
2025-12-18 22:00:00,85630.7,85754.8,85285.7,85587.0,159.32149775
2025-12-18 23:00:00,85587.0,85623.9,85318.0,85506.1,125.87686772
2025-12-19 00:00:00,85506.1,85606.0,85300.0,85606.0,98.00734492
2025-12-19 01:00:00,85607.0,85607.0,85120.0,85323.1,140.52269318
2025-12-19 02:00:00,85323.0,85929.2,85130.1,85650.4,233.78312895
2025-12-19 03:00:00,85650.3,87568.0,85608.3,86899.0,704.54270204
2025-12-19 04:00:00,86890.0,87375.0,86850.4,87099.8,292.55090911
2025-12-19 05:00:00,87100.7,87236.4,86687.4,87145.0,228.29420001
2025-12-19 06:00:00,87143.5,87488.0,86909.1,87487.9,168.5257649
2025-12-19 07:00:00,87487.9,88400.0,87483.7,87954.6,416.90670192
2025-12-19 08:00:00,87954.6,88214.3,87741.0,88101.1,165.13524494
2025-12-19 09:00:00,88101.0,88171.2,87901.9,88109.4,83.01463745
2025-12-19 10:00:00,88108.1,88333.3,87915.6,88267.8,188.35652772
2025-12-19 11:00:00,88267.8,88370.0,88141.7,88193.3,77.6049698
2025-12-19 12:00:00,88193.3,88268.7,87830.0,87854.6,153.51499052
2025-12-19 13:00:00,87854.6,88210.2,87825.2,87994.1,196.95555786
2025-12-19 14:00:00,87994.1,88564.7,87515.4,88176.1,484.27373462
2025-12-19 15:00:00,88175.9,89426.3,87705.9,87957.9,961.30436128
2025-12-19 16:00:00,87958.0,88882.3,87872.4,87984.1,307.43398821
2025-12-19 17:00:00,87984.1,88342.9,86880.0,86947.0,486.55734347
2025-12-19 18:00:00,86947.0,87473.8,86846.8,87159.3,171.04750112
2025-12-19 19:00:00,87159.3,88120.9,87134.7,87833.2,182.87551298
2025-12-19 20:00:00,87836.1,88412.5,87603.6,88086.2,250.99376228
2025-12-19 21:00:00,88086.2,88088.2,87796.7,87840.9,132.89681626
2025-12-19 22:00:00,87841.1,88427.9,87837.7,88350.5,293.90128132
2025-12-19 23:00:00,88350.5,88362.4,88122.8,88143.1,70.32310301
2025-12-20 00:00:00,88143.0,88196.9,87965.9,88008.9,75.7626118
2025-12-20 01:00:00,88009.0,88174.4,88008.9,88082.2,26.40764809
2025-12-20 02:00:00,88082.3,88316.7,88000.0,88210.4,75.22586476
2025-12-20 03:00:00,88210.3,88342.9,88190.2,88219.5,75.98746166
2025-12-20 04:00:00,88219.5,88336.9,88120.0,88295.5,82.0799338
2025-12-20 05:00:00,88295.4,88574.9,88275.6,88300.4,101.6670334
2025-12-20 06:00:00,88300.4,88450.0,88287.0,88308.6,33.61957419
2025-12-20 07:00:00,88308.7,88334.0,88190.0,88276.9,58.81443732
2025-12-20 08:00:00,88277.0,88429.0,88253.8,88253.8,57.68026804
2025-12-20 09:00:00,88253.9,88341.0,88221.9,88227.1,36.79457422
2025-12-20 10:00:00,88227.1,88278.9,88122.9,88166.0,64.91063978
2025-12-20 11:00:00,88166.0,88309.0,88111.0,88276.3,44.6484907
2025-12-20 12:00:00,88276.3,88336.0,88178.6,88250.7,46.50304635
2025-12-20 13:00:00,88250.8,88344.3,87800.0,88269.5,187.47889554
2025-12-20 14:00:00,88269.6,88280.4,88015.0,88253.1,124.64413783
2025-12-20 15:00:00,88253.1,88262.0,88005.0,88175.0,102.96822758
2025-12-20 16:00:00,88175.1,88236.5,88130.7,88152.9,63.18208432
2025-12-20 17:00:00,88153.0,88257.3,88107.0,88185.4,35.43449185
2025-12-20 18:00:00,88185.5,88420.0,88158.5,88316.2,63.41436131
2025-12-20 19:00:00,88316.3,88331.9,88208.0,88233.9,21.9527864
2025-12-20 20:00:00,88234.0,88320.9,88215.1,88284.0,10.9514341
2025-12-20 21:00:00,88284.0,88451.5,88192.3,88217.6,44.25500445
2025-12-20 22:00:00,88217.7,88346.7,88148.0,88282.1,33.46944774
2025-12-20 23:00:00,88282.1,88430.9,88258.4,88366.1,44.04470511
2025-12-21 00:00:00,88366.0,88437.0,88312.0,88395.0,44.4504759
2025-12-21 01:00:00,88395.0,88395.0,88025.0,88025.0,90.65481904
2025-12-21 02:00:00,88025.1,88150.1,87877.7,87953.4,107.10774253
2025-12-21 03:00:00,87953.5,88163.0,87941.0,88089.8,35.99155335
2025-12-21 04:00:00,88089.9,88165.5,88052.0,88082.0,43.63462896
2025-12-21 05:00:00,88082.0,88162.6,88060.0,88146.0,33.32653984
2025-12-21 06:00:00,88146.1,88210.2,88078.5,88096.9,34.84395826
2025-12-21 07:00:00,88096.9,88198.3,88065.3,88183.8,45.6673267
2025-12-21 08:00:00,88183.8,88753.3,88150.0,88540.4,229.17586616
2025-12-21 09:00:00,88540.5,89081.6,88500.1,88900.3,393.25549418
2025-12-21 10:00:00,88900.3,88976.9,88585.1,88672.8,123.61334215
2025-12-21 11:00:00,88672.9,88759.9,88584.8,88610.0,90.52939286
2025-12-21 12:00:00,88610.0,88934.2,88463.0,88636.0,175.84014315
2025-12-21 13:00:00,88636.0,88700.3,87607.6,87679.2,482.02475945
2025-12-21 14:00:00,87678.1,88150.1,87619.7,88067.1,248.7938737
2025-12-21 15:00:00,88067.1,88269.8,87815.2,88071.1,132.82370269
2025-12-21 16:00:00,88071.0,88368.5,87985.0,88368.0,303.28562392
2025-12-21 17:00:00,88368.1,88500.0,88287.0,88325.1,163.87301549
2025-12-21 18:00:00,88325.0,88459.9,87958.6,88450.1,146.73550432
2025-12-21 19:00:00,88450.1,88613.5,88210.1,88496.0,105.07740028
2025-12-21 20:00:00,88496.0,88511.7,88239.4,88241.0,35.30087723
2025-12-21 21:00:00,88241.0,88386.2,88100.0,88165.9,32.01161606
2025-12-21 22:00:00,88166.0,88496.2,88128.0,88482.8,50.99513349
2025-12-21 23:00:00,88482.9,88829.6,88349.9,88656.1,215.75971855
2025-12-22 00:00:00,88656.2,89673.3,88611.5,88627.9,555.82737517
2025-12-22 01:00:00,88627.9,89288.0,88524.5,88631.2,254.35467161
2025-12-22 02:00:00,88631.3,88659.5,87886.9,88461.1,317.09797037
2025-12-22 03:00:00,88461.1,88853.1,88288.0,88779.7,179.87947482
2025-12-22 04:00:00,88779.7,89034.1,88726.3,88912.1,120.16295983
2025-12-22 05:00:00,88912.1,89000.0,88771.2,88834.0,84.44326415
2025-12-22 06:00:00,88834.0,89008.1,88733.8,88909.1,101.63911886
2025-12-22 07:00:00,88909.2,89213.6,88892.0,89164.4,332.67829554
2025-12-22 08:00:00,89164.7,89905.0,89090.0,89333.9,430.79857919
2025-12-22 09:00:00,89334.0,89833.8,89296.4,89827.6,157.06294784
2025-12-22 10:00:00,89827.6,89863.0,89608.8,89779.0,164.5576899
2025-12-22 11:00:00,89779.1,90125.0,89639.4,89940.9,209.85307759
2025-12-22 12:00:00,89940.6,90598.0,89863.9,90215.0,328.9216423
2025-12-22 13:00:00,90215.1,90339.4,89739.5,89913.1,202.17675679
2025-12-22 14:00:00,89913.1,90300.0,89437.4,90133.5,525.75465329
2025-12-22 15:00:00,90133.5,90460.5,89195.0,89733.9,609.42645911
2025-12-22 16:00:00,89733.9,90118.0,89524.0,89554.9,346.29631025
2025-12-22 17:00:00,89554.9,89575.2,89083.3,89314.1,228.82856551
2025-12-22 18:00:00,89312.0,89526.0,89143.1,89148.1,129.44463232
2025-12-22 19:00:00,89148.0,89150.1,87964.0,88059.1,291.79039684
2025-12-22 20:00:00,88059.0,88487.9,87923.5,88357.0,202.73747903
2025-12-22 21:00:00,88357.0,88618.9,88228.0,88286.0,73.85845389
2025-12-22 22:00:00,88283.5,88828.6,88159.5,88667.2,114.31297865
2025-12-22 23:00:00,88667.2,88700.0,88433.5,88621.2,75.26016899
2025-12-23 00:00:00,88621.3,88938.2,88507.9,88774.2,124.82760329
2025-12-23 01:00:00,88774.3,88889.6,88430.9,88518.0,94.17095207
2025-12-23 02:00:00,88518.0,88754.3,88123.5,88205.0,213.67956261
2025-12-23 03:00:00,88206.4,88352.1,87796.4,88169.5,332.54826563
2025-12-23 04:00:00,88169.5,88372.0,87925.4,87925.9,79.66170456
2025-12-23 05:00:00,87925.9,88023.6,87616.1,87763.2,185.88684436
2025-12-23 06:00:00,87763.3,87783.0,87047.8,87407.0,373.02047273
2025-12-23 07:00:00,87407.1,87701.9,87380.0,87579.2,262.32321742
2025-12-23 08:00:00,87579.2,87710.0,87433.6,87477.9,495.46622395
2025-12-23 09:00:00,87477.9,87622.0,87301.1,87537.6,128.18136943
2025-12-23 10:00:00,87537.6,87657.9,87512.2,87613.0,66.57811447
2025-12-23 11:00:00,87612.9,87884.6,87570.9,87852.1,134.006848
2025-12-23 12:00:00,87852.0,87950.0,87583.0,87787.3,158.33604416
2025-12-23 13:00:00,87787.2,87900.0,87413.0,87612.4,229.12147212
2025-12-23 14:00:00,87612.4,87823.4,86578.9,86867.5,582.52274908
2025-12-23 15:00:00,86867.5,87544.0,86716.5,87444.9,347.75867871
2025-12-23 16:00:00,87444.9,88185.0,87333.0,87999.0,373.69986132
2025-12-23 17:00:00,87998.9,88273.0,87167.0,87176.0,249.21751144
2025-12-23 18:00:00,87176.1,88173.3,87165.9,87969.5,256.90615032
2025-12-23 19:00:00,87969.6,88038.9,87644.1,87751.9,148.67413607
2025-12-23 20:00:00,87751.9,88364.9,87524.0,87677.0,177.66542433
2025-12-23 21:00:00,87681.5,87850.0,87533.0,87709.3,80.03798346
2025-12-23 22:00:00,87709.3,87770.0,87215.7,87398.4,122.37539964
2025-12-23 23:00:00,87398.5,87515.6,87177.9,87487.4,176.12530613
2025-12-24 00:00:00,87487.5,87671.6,87265.1,87656.9,96.81665536
2025-12-24 01:00:00,87657.0,87871.4,87502.0,87633.9,116.48705166
2025-12-24 02:00:00,87634.0,87658.3,86940.8,87141.8,218.33959511
2025-12-24 03:00:00,87141.9,87394.1,86870.6,87345.9,135.24384152
2025-12-24 04:00:00,87345.9,87465.8,87094.3,87142.9,59.44444002
2025-12-24 05:00:00,87142.9,87252.2,86792.8,86955.3,147.75609827
2025-12-24 06:00:00,86955.4,87066.5,86803.1,87023.3,87.18156655
2025-12-24 07:00:00,87023.4,87176.2,86917.0,86917.1,108.24461252
2025-12-24 08:00:00,86917.0,87076.0,86764.8,86791.0,82.8477885
2025-12-24 09:00:00,86791.1,86896.0,86720.9,86805.7,74.66521662
2025-12-24 10:00:00,86804.5,87196.9,86800.0,87085.1,81.08629432
2025-12-24 11:00:00,87085.1,87350.0,87082.2,87207.1,76.65756235
2025-12-24 12:00:00,87207.0,87488.0,87143.0,87430.9,131.54793899
2025-12-24 13:00:00,87430.9,87436.5,87043.7,87282.7,132.61398189
2025-12-24 14:00:00,87282.8,87436.2,86400.0,86988.0,454.558932
2025-12-24 15:00:00,86987.6,87217.4,86584.6,87043.1,225.42165962
2025-12-24 16:00:00,87043.1,87685.4,86919.0,87279.6,308.6976392
2025-12-24 17:00:00,87279.6,87576.4,87249.9,87317.9,104.05876723
2025-12-24 18:00:00,87317.8,87502.7,87233.2,87468.0,97.05602753
2025-12-24 19:00:00,87468.0,87574.0,87337.9,87559.0,77.83461915
2025-12-24 20:00:00,87559.1,87682.0,87521.5,87554.1,46.8745097
2025-12-24 21:00:00,87554.2,87790.5,87554.1,87698.5,77.03357371
2025-12-24 22:00:00,87698.5,88054.8,87694.0,88003.0,80.3860597
2025-12-24 23:00:00,88003.1,88031.2,87594.0,87669.9,99.52390748
2025-12-25 00:00:00,87670.0,87741.5,87517.7,87569.1,52.84888422
2025-12-25 01:00:00,87569.1,87747.0,87566.0,87700.3,39.60966887
2025-12-25 02:00:00,87700.4,87957.6,87573.5,87886.0,66.53487298
2025-12-25 03:00:00,87886.0,87918.8,87771.8,87841.4,38.34139305
2025-12-25 04:00:00,87841.3,87842.4,87742.6,87785.9,45.16965182
2025-12-25 05:00:00,87785.8,87785.8,87659.7,87749.0,56.23466634
2025-12-25 06:00:00,87749.1,87837.6,87682.5,87822.8,73.22196801
2025-12-25 07:00:00,87822.7,87860.0,87746.9,87829.9,71.24121189
2025-12-25 08:00:00,87829.9,87884.3,87351.2,87585.0,169.85107326
2025-12-25 09:00:00,87585.0,87600.0,87450.8,87519.9,46.52648246
2025-12-25 10:00:00,87520.0,87526.4,87262.0,87418.9,52.62117056
2025-12-25 11:00:00,87419.0,87584.0,87413.4,87515.0,36.19171739
2025-12-25 12:00:00,87514.9,87584.5,87475.2,87566.3,44.64329945
2025-12-25 13:00:00,87566.3,87687.0,87403.0,87634.1,49.94049118
2025-12-25 14:00:00,87634.1,87758.9,87553.3,87721.7,71.37489971
2025-12-25 15:00:00,87721.7,88603.5,87709.5,88367.1,351.06990576
2025-12-25 16:00:00,88367.2,88472.0,88003.9,88082.6,106.28285746
2025-12-25 17:00:00,88082.7,88204.0,88000.3,88137.6,60.42422815
2025-12-25 18:00:00,88137.7,88308.8,88133.9,88236.0,43.99301756
2025-12-25 19:00:00,88236.1,88245.1,88066.3,88150.0,36.89967349
2025-12-25 20:00:00,88150.0,88170.6,87645.8,87882.2,94.98959758
2025-12-25 21:00:00,87882.3,87988.3,87817.0,87900.0,56.75083682
2025-12-25 22:00:00,87900.1,87915.0,87317.2,87654.9,126.54005339
2025-12-25 23:00:00,87655.0,87778.7,86947.4,87232.0,209.65824182
2025-12-26 00:00:00,87232.1,87326.0,86893.8,87130.0,218.80436298
2025-12-26 01:00:00,87130.0,87500.9,87129.9,87436.7,135.00175599
2025-12-26 02:00:00,87436.7,89432.5,87423.4,89185.1,789.20846299
2025-12-26 03:00:00,89185.2,89270.0,88689.3,88832.0,332.63602913
2025-12-26 04:00:00,88832.0,89148.0,88515.8,88967.0,155.11289009
2025-12-26 05:00:00,88967.0,89051.0,88822.6,88992.0,85.39876991
2025-12-26 06:00:00,88992.1,89248.2,88992.1,89122.1,146.5468646
2025-12-26 07:00:00,89124.4,89569.3,88354.5,88479.9,729.53298639
2025-12-26 08:00:00,88480.0,88883.0,88420.7,88741.0,391.65316318
2025-12-26 09:00:00,88741.0,88914.0,88652.1,88813.6,91.34720901
2025-12-26 10:00:00,88813.7,88881.3,88685.6,88751.9,80.09826927
2025-12-26 11:00:00,88752.3,88757.0,88529.0,88532.0,56.37518366
2025-12-26 12:00:00,88532.0,88755.3,88531.9,88684.0,109.57762661
2025-12-26 13:00:00,88684.1,89052.0,88625.1,89000.0,107.09255157
2025-12-26 14:00:00,89000.1,89050.0,87350.7,87386.4,603.16672319
2025-12-26 15:00:00,87386.4,87386.4,86666.0,87139.0,697.62452607
2025-12-26 16:00:00,87139.0,87384.0,86837.1,86850.0,374.07245659
2025-12-26 17:00:00,86850.0,87458.5,86816.7,87319.9,222.45736361
2025-12-26 18:00:00,87320.0,87376.7,87139.4,87269.9,91.36510275
2025-12-26 19:00:00,87269.9,87581.3,87239.2,87497.1,52.30242948
2025-12-26 20:00:00,87497.0,87791.7,87392.2,87583.8,103.30835987
2025-12-26 21:00:00,87584.0,87697.2,87456.0,87463.9,92.50039282
2025-12-26 22:00:00,87464.0,87583.1,87300.0,87541.0,177.42813859
2025-12-26 23:00:00,87541.0,87544.6,87333.1,87362.0,75.59660767
2025-12-27 00:00:00,87362.0,87409.0,87245.1,87398.0,33.43229572
2025-12-27 01:00:00,87398.1,87481.7,87326.9,87471.3,51.30361833
2025-12-27 02:00:00,87471.3,87489.0,87388.9,87443.9,47.21501987
2025-12-27 03:00:00,87444.0,87532.9,87383.0,87510.0,40.79114392
2025-12-27 04:00:00,87510.0,87522.1,87436.2,87469.9,49.31791089
2025-12-27 05:00:00,87470.0,87539.0,87446.7,87505.9,74.20581898
2025-12-27 06:00:00,87506.0,87583.3,87417.8,87471.3,336.74907191
2025-12-27 07:00:00,87471.2,87719.1,87471.2,87539.9,383.65210295
2025-12-27 08:00:00,87539.9,87690.6,87539.8,87590.2,356.01586355
2025-12-27 09:00:00,87590.2,87670.1,87537.8,87616.1,32.30811532
2025-12-27 10:00:00,87616.2,87626.0,87370.0,87503.2,54.59344364
2025-12-27 11:00:00,87503.3,87543.2,87434.1,87467.4,38.43762842
2025-12-27 12:00:00,87467.3,87515.4,87425.3,87473.8,33.58346662
2025-12-27 13:00:00,87473.9,87474.2,87319.3,87454.5,40.80896915
2025-12-27 14:00:00,87454.6,87555.5,87398.1,87541.0,96.05252218
2025-12-27 15:00:00,87541.1,87591.1,87479.9,87559.5,45.0589253
2025-12-27 16:00:00,87559.5,87585.4,87446.8,87502.0,75.28448354
2025-12-27 17:00:00,87502.0,87562.4,87470.7,87562.3,32.83169802
2025-12-27 18:00:00,87562.4,87574.7,87466.2,87494.8,25.7604425
2025-12-27 19:00:00,87494.9,87588.3,87494.8,87574.0,24.67191928
2025-12-27 20:00:00,87574.1,87630.1,87529.1,87563.7,29.55957038
2025-12-27 21:00:00,87563.8,87678.0,87563.7,87670.9,20.90542494
2025-12-27 22:00:00,87671.0,87953.6,87503.1,87567.0,103.10298237
2025-12-27 23:00:00,87567.1,87981.4,87567.1,87872.1,72.77839419
2025-12-28 00:00:00,87872.1,87948.6,87709.0,87836.9,105.78787576
2025-12-28 01:00:00,87837.0,87937.9,87736.5,87784.9,35.76600048
2025-12-28 02:00:00,87785.0,87869.7,87750.0,87808.0,41.68529236
2025-12-28 03:00:00,87808.1,87840.1,87735.4,87739.1,33.70499278
2025-12-28 04:00:00,87739.1,87830.0,87696.6,87721.5,58.16606359
2025-12-28 05:00:00,87721.5,87721.5,87610.3,87649.0,31.12979489
2025-12-28 06:00:00,87649.0,87789.2,87639.1,87732.1,62.08779232
2025-12-28 07:00:00,87732.1,87740.1,87672.9,87732.9,52.92467397
2025-12-28 08:00:00,87732.9,87978.3,87732.9,87802.9,238.57069259
2025-12-28 09:00:00,87803.0,87900.1,87722.0,87795.9,100.80710021
2025-12-28 10:00:00,87796.0,88031.1,87795.9,87867.9,1091.97552131
2025-12-28 11:00:00,87868.0,87929.0,87824.4,87886.2,38.98986826
2025-12-28 12:00:00,87886.3,87902.5,87782.9,87856.0,101.19252913
2025-12-28 13:00:00,87856.1,87958.0,87799.9,87897.0,326.74521234
2025-12-28 14:00:00,87898.5,88088.0,87898.5,87913.9,88.97749243
2025-12-28 15:00:00,87914.0,88000.0,87827.2,87839.2,67.69379127
2025-12-28 16:00:00,87839.2,87900.0,87740.0,87814.7,42.48765416
2025-12-28 17:00:00,87814.8,87930.0,87736.1,87761.1,29.45673286
2025-12-28 18:00:00,87761.1,87770.9,87501.1,87600.1,97.61359572
2025-12-28 19:00:00,87600.1,87691.4,87505.7,87521.0,79.24729164
2025-12-28 20:00:00,87520.9,87654.0,87446.8,87516.1,45.20166819
2025-12-28 21:00:00,87516.1,87599.6,87442.1,87586.2,38.52342218
2025-12-28 22:00:00,87586.2,87991.0,87484.0,87901.9,83.41920545
2025-12-28 23:00:00,87901.9,88049.3,87645.0,87951.0,114.04919336
2025-12-29 00:00:00,87951.0,88445.0,87814.0,88303.0,244.96235243
2025-12-29 01:00:00,88303.0,88484.2,87868.8,88443.9,201.73048254
2025-12-29 02:00:00,88444.0,89377.3,88444.0,89161.1,768.71814036
2025-12-29 03:00:00,89161.2,90168.2,89087.9,90117.0,692.3442209
2025-12-29 04:00:00,90117.1,90389.4,89950.8,90135.0,338.53804201
2025-12-29 05:00:00,90135.0,90290.1,89920.0,89976.0,232.94715897
2025-12-29 06:00:00,89976.1,90115.6,89745.1,89762.9,274.23519796
2025-12-29 07:00:00,89763.0,89846.4,89506.0,89612.3,385.74527874
2025-12-29 08:00:00,89612.3,89846.0,89458.2,89548.0,213.53520207
2025-12-29 09:00:00,89548.0,89609.7,87772.7,88108.9,602.17710101
2025-12-29 10:00:00,88109.0,88277.5,87661.3,87785.0,294.78020888
2025-12-29 11:00:00,87785.0,87797.5,87571.1,87571.2,258.16311593
2025-12-29 12:00:00,87571.2,87626.2,86804.2,87377.9,618.48955501
2025-12-29 13:00:00,87378.0,87533.2,87166.0,87379.6,285.09705999
2025-12-29 14:00:00,87379.7,88194.3,87247.6,87430.9,411.18990316
2025-12-29 15:00:00,87430.9,87912.5,87208.1,87686.7,297.59853001
2025-12-29 16:00:00,87686.6,87832.0,87442.1,87624.0,171.09123002
2025-12-29 17:00:00,87624.1,87840.2,87350.0,87840.1,140.63038953
2025-12-29 18:00:00,87840.1,87996.1,87359.0,87448.9,158.71757979
2025-12-29 19:00:00,87449.0,87668.0,87308.9,87352.0,95.19705186
2025-12-29 20:00:00,87352.0,87593.7,87075.7,87207.5,196.92928587
2025-12-29 21:00:00,87207.4,87363.2,87175.1,87335.7,69.54929234
2025-12-29 22:00:00,87335.8,87400.0,87074.0,87343.7,101.37234178
2025-12-29 23:00:00,87343.8,87395.4,87180.2,87232.1,59.13188271
2025-12-30 00:00:00,87232.1,87368.8,87106.0,87245.8,104.1668536
2025-12-30 01:00:00,87245.8,87351.5,87112.4,87306.0,104.92240091
2025-12-30 02:00:00,87306.0,87333.6,86983.8,87104.4,212.26143144
2025-12-30 03:00:00,87104.5,87419.0,86825.6,87366.0,189.71483644
2025-12-30 04:00:00,87366.0,87488.0,87291.7,87302.6,73.93227511
2025-12-30 05:00:00,87302.7,87383.0,87147.1,87251.9,57.21136275
2025-12-30 06:00:00,87252.0,87520.9,87236.9,87441.9,50.87973233
2025-12-30 07:00:00,87442.0,87625.7,87380.0,87496.0,202.97208483
2025-12-30 08:00:00,87496.1,88228.7,87496.1,87866.4,342.19094485
2025-12-30 09:00:00,87866.4,88030.2,87659.0,87986.0,162.57972201
2025-12-30 10:00:00,87986.0,88178.7,87909.0,87953.0,110.49862624
2025-12-30 11:00:00,87953.1,88029.5,87760.5,87899.2,92.88283887
2025-12-30 12:00:00,87899.3,88085.9,87899.3,88022.7,86.15702569
2025-12-30 13:00:00,88022.8,88137.5,87908.0,88110.0,156.42252183
2025-12-30 14:00:00,88110.1,89000.0,87837.0,88876.9,475.27601636
2025-12-30 15:00:00,88876.0,89152.5,88199.9,89005.0,499.46704559
2025-12-30 16:00:00,89000.6,89400.0,88583.4,88750.6,428.08294015
2025-12-30 17:00:00,88750.5,88896.0,88141.1,88374.3,247.03215783
2025-12-30 18:00:00,88374.3,88506.9,88137.6,88307.1,112.28804287
2025-12-30 19:00:00,88307.1,88423.0,87967.5,88223.1,102.2687865
2025-12-30 20:00:00,88223.1,88223.1,87875.0,87936.0,180.55668615
2025-12-30 21:00:00,87936.1,88328.2,87875.4,88278.6,64.28787068
2025-12-30 22:00:00,88278.7,88475.0,88278.7,88427.5,90.87814985
2025-12-30 23:00:00,88427.5,88576.3,88371.0,88496.6,82.25732973
2025-12-31 00:00:00,88496.5,88496.6,88253.4,88264.0,69.72619596
2025-12-31 01:00:00,88264.0,88789.0,88177.6,88655.1,130.76692716
2025-12-31 02:00:00,88655.0,88750.0,88532.0,88676.1,209.02330148
2025-12-31 03:00:00,88676.1,88822.7,88376.2,88456.8,123.3710837
2025-12-31 04:00:00,88456.8,88553.1,88332.0,88332.0,100.38030144
2025-12-31 05:00:00,88332.1,88527.7,88332.1,88465.9,93.34493093
2025-12-31 06:00:00,88462.9,88563.6,88462.9,88513.0,54.46958357
2025-12-31 07:00:00,88512.9,88639.9,88432.5,88614.2,91.35321828
2025-12-31 08:00:00,88614.3,88731.6,88379.8,88438.0,116.63458564
2025-12-31 09:00:00,88437.9,88714.8,88437.9,88671.1,125.11212993
2025-12-31 10:00:00,88671.1,88888.0,88666.8,88848.0,243.67690045
2025-12-31 11:00:00,88848.1,89052.1,88810.0,89017.1,187.43939699
2025-12-31 12:00:00,89017.0,89044.0,88750.0,88778.2,164.93132525
2025-12-31 13:00:00,88778.1,89053.0,88750.0,88987.2,107.6018034
2025-12-31 14:00:00,88987.2,89217.5,88278.7,88487.0,331.1011153
2025-12-31 15:00:00,88487.0,88487.0,87777.3,87945.0,496.23885386
2025-12-31 16:00:00,87945.0,88048.5,87399.2,87656.9,382.3872864
2025-12-31 17:00:00,87657.0,87742.3,87490.0,87614.0,149.74010085
2025-12-31 18:00:00,87620.9,87980.0,87573.0,87683.9,118.34301546
2025-12-31 19:00:00,87684.0,87866.9,87524.4,87542.1,131.4858463
2025-12-31 20:00:00,87542.0,87706.0,87240.0,87660.0,181.62186071
2025-12-31 21:00:00,87663.9,87875.0,87663.9,87792.7,54.79468754
2025-12-31 22:00:00,87792.0,87880.0,87661.8,87725.6,62.59889068
2025-12-31 23:00:00,87725.7,87726.9,87621.7,87638.9,55.93272928
2026-01-01 00:00:00,87638.8,87844.9,87620.9,87806.0,49.47873346
2026-01-01 01:00:00,87806.1,88039.9,87806.1,87957.0,100.96789867
2026-01-01 02:00:00,87957.1,88085.2,87892.0,87914.0,72.03332002
2026-01-01 03:00:00,87912.9,88026.4,87833.1,87845.4,57.52510255
2026-01-01 04:00:00,87849.0,87855.0,87551.9,87587.3,134.16873886
2026-01-01 05:00:00,87587.3,87747.4,87587.2,87702.4,119.28806764
2026-01-01 06:00:00,87702.5,87702.5,87636.2,87649.4,32.6112202
2026-01-01 07:00:00,87649.5,87679.5,87594.7,87637.0,126.27879963
2026-01-01 08:00:00,87637.0,87806.0,87626.0,87771.9,121.25203187
2026-01-01 09:00:00,87771.9,87957.5,87755.0,87877.1,69.96112756
2026-01-01 10:00:00,87877.1,87884.0,87795.3,87863.1,25.5785612
2026-01-01 11:00:00,87863.1,88022.5,87841.5,88022.1,62.03210179
2026-01-01 12:00:00,88022.0,88038.0,87914.2,87941.1,51.71367232
2026-01-01 13:00:00,87941.1,88020.0,87863.4,87916.0,65.88283202
2026-01-01 14:00:00,87916.1,87972.3,87806.0,87963.3,137.45026673
2026-01-01 15:00:00,87963.3,88109.0,87919.2,88034.0,59.55404706
2026-01-01 16:00:00,88034.1,88048.0,87878.4,87994.7,81.48603136
2026-01-01 17:00:00,87994.7,88507.9,87975.7,88323.9,180.80855535
2026-01-01 18:00:00,88324.0,88363.9,88109.0,88197.0,64.49182602
2026-01-01 19:00:00,88197.0,88434.7,88082.0,88385.9,54.14387394
2026-01-01 20:00:00,88385.9,88389.0,88244.0,88250.8,43.15029431
2026-01-01 21:00:00,88250.9,88446.3,88250.8,88388.9,24.95038366
2026-01-01 22:00:00,88389.0,88694.9,88388.9,88646.3,104.90032778
2026-01-01 23:00:00,88646.3,88920.5,88476.8,88847.1,177.30132445
2026-01-02 00:00:00,88847.0,88893.6,88588.0,88832.9,169.63044608
2026-01-02 01:00:00,88833.0,88874.7,88504.1,88640.2,115.81464879
2026-01-02 02:00:00,88640.3,88666.7,88382.0,88638.0,151.12986379
2026-01-02 03:00:00,88638.1,89118.9,88567.7,88946.3,384.72626527
2026-01-02 04:00:00,88946.4,88990.0,88633.5,88640.6,98.4660087
2026-01-02 05:00:00,88640.6,88787.9,88577.0,88762.9,90.65548927
2026-01-02 06:00:00,88763.0,89086.9,88734.1,88939.5,144.10861862
2026-01-02 07:00:00,88939.5,89054.7,88829.9,88854.8,206.27936093
2026-01-02 08:00:00,88854.9,89192.0,88811.0,89182.9,138.06026374
2026-01-02 09:00:00,89182.9,89493.0,89107.4,89471.9,308.08429703
2026-01-02 10:00:00,89471.9,89941.3,89457.1,89654.9,589.8401629
2026-01-02 11:00:00,89655.0,89674.8,89358.0,89501.9,268.54816583
2026-01-02 12:00:00,89502.0,89590.6,89385.8,89412.0,110.85585884
2026-01-02 13:00:00,89412.1,89687.9,89304.3,89347.9,189.01774635
2026-01-02 14:00:00,89347.9,90170.3,88459.7,89580.1,904.85498278
2026-01-02 15:00:00,89581.0,89881.8,88798.5,89411.0,699.72041125
2026-01-02 16:00:00,89410.9,90818.0,89200.3,90374.6,847.53053091
2026-01-02 17:00:00,90374.6,90960.0,90182.5,90368.8,409.54192809
2026-01-02 18:00:00,90368.9,90559.2,89551.6,89774.1,361.63042715
2026-01-02 19:00:00,89774.1,90155.5,89650.9,89894.8,189.59690189
2026-01-02 20:00:00,89900.0,90074.7,89620.8,89732.4,194.32371221
2026-01-02 21:00:00,89738.0,90165.3,89727.1,90059.8,89.62756739
2026-01-02 22:00:00,90059.7,90391.3,90021.0,90188.0,173.17778852
2026-01-02 23:00:00,90187.9,90193.8,89886.9,89986.9,129.23232477
2026-01-03 00:00:00,89987.0,90190.4,89950.1,90156.9,103.25915441
2026-01-03 01:00:00,90156.9,90308.4,90078.7,90285.0,74.10272701
2026-01-03 02:00:00,90285.1,90407.7,90142.7,90336.3,110.5829984
2026-01-03 03:00:00,90336.4,90377.5,90200.0,90325.5,72.8913188
2026-01-03 04:00:00,90325.4,90478.6,90051.5,90164.2,131.69115474
2026-01-03 05:00:00,90167.7,90205.4,89927.2,90036.0,98.73119582
2026-01-03 06:00:00,90036.1,90142.8,89856.2,89874.4,55.10312988
2026-01-03 07:00:00,89874.4,89952.8,89321.2,89583.0,319.00717481
2026-01-03 08:00:00,89583.0,89833.3,89434.6,89673.3,168.22727322
2026-01-03 09:00:00,89673.4,89989.0,89642.9,89790.7,100.86946203
2026-01-03 10:00:00,89790.7,89874.9,89715.0,89754.0,55.54181641
2026-01-03 11:00:00,89754.1,89781.0,89675.8,89754.1,36.47427656
2026-01-03 12:00:00,89754.0,90039.9,89667.3,90039.4,90.70118863
2026-01-03 13:00:00,90039.4,90060.0,89920.6,90006.1,64.05521561
2026-01-03 14:00:00,90006.1,90233.0,89958.1,90126.9,85.59264284
2026-01-03 15:00:00,90127.0,90127.0,89967.9,89971.4,55.78574794
2026-01-03 16:00:00,89972.9,90215.2,89921.7,90104.1,76.44004227
2026-01-03 17:00:00,90104.1,90130.0,90033.4,90097.2,33.65885651
2026-01-03 18:00:00,90097.2,90197.7,90036.6,90145.9,26.71892018
2026-01-03 19:00:00,90146.0,90151.8,90062.4,90128.4,23.45938305
2026-01-03 20:00:00,90128.5,90370.0,90026.1,90369.9,42.64092001
2026-01-03 21:00:00,90370.0,90736.1,90322.2,90561.5,185.50677724
2026-01-03 22:00:00,90561.6,90730.0,90494.9,90591.9,65.6076599
2026-01-03 23:00:00,90592.0,90699.3,90470.0,90633.0,69.6359657
2026-01-04 00:00:00,90632.9,91612.7,90632.9,91347.7,600.93999358
2026-01-04 01:00:00,91347.6,91479.9,91005.0,91237.0,135.31749374
2026-01-04 02:00:00,91237.1,91298.4,91084.0,91134.9,103.50578431
2026-01-04 03:00:00,91135.0,91357.1,91086.7,91235.9,152.02812438
2026-01-04 04:00:00,91235.9,91585.0,91192.3,91408.0,142.43905671
2026-01-04 05:00:00,91408.0,91499.9,91354.9,91489.0,130.85483745
2026-01-04 06:00:00,91489.1,91820.0,91241.2,91241.3,257.75820954
2026-01-04 07:00:00,91241.3,91542.2,91221.2,91524.1,213.76127781
2026-01-04 08:00:00,91524.1,91534.9,91181.0,91368.1,533.94521589
2026-01-04 09:00:00,91368.1,91477.5,91250.1,91458.1,119.29933776
2026-01-04 10:00:00,91458.1,91622.9,91396.7,91602.5,515.20361605
2026-01-04 11:00:00,91602.6,91602.6,91249.0,91308.3,154.93769015
2026-01-04 12:00:00,91308.2,91372.3,91094.9,91150.3,320.33426449
2026-01-04 13:00:00,91150.2,91273.1,91021.2,91261.8,98.80919566
2026-01-04 14:00:00,91261.9,91412.1,91150.0,91337.6,83.82145302
2026-01-04 15:00:00,91337.6,91375.0,91098.7,91332.9,69.11026853
2026-01-04 16:00:00,91332.9,91450.0,91250.0,91325.0,91.86789868
2026-01-04 17:00:00,91325.1,91434.4,91309.0,91343.5,54.61661233
2026-01-04 18:00:00,91343.6,91343.6,90980.0,91209.9,81.05764303
2026-01-04 19:00:00,91210.0,91210.0,90875.0,91150.8,219.86543363
2026-01-04 20:00:00,91150.8,91349.6,91137.0,91317.9,28.09500149
2026-01-04 21:00:00,91318.0,91427.9,91183.5,91286.1,50.03216367
2026-01-04 22:00:00,91286.1,91405.8,91156.4,91223.1,35.24168611
2026-01-04 23:00:00,91223.1,91588.0,91223.1,91537.1,140.57606796
2026-01-05 00:00:00,91537.0,92423.1,91523.0,92404.9,473.89922435
2026-01-05 01:00:00,92404.9,93411.5,92283.0,92963.9,844.32075159
2026-01-05 02:00:00,92964.0,93164.0,92747.0,93046.9,246.48039217
2026-01-05 03:00:00,93047.0,93213.7,92882.0,92886.0,207.30680469
2026-01-05 04:00:00,92886.0,92964.0,92346.0,92606.9,291.41215832
2026-01-05 05:00:00,92607.0,92744.4,92357.0,92365.7,240.17193643
2026-01-05 06:00:00,92365.7,92510.9,92165.1,92493.1,190.4477144
2026-01-05 07:00:00,92493.2,92640.0,92486.0,92526.0,177.51962971
2026-01-05 08:00:00,92526.0,92777.6,92466.0,92474.6,146.74296848
2026-01-05 09:00:00,92474.7,92842.7,92337.1,92694.4,161.22648103
2026-01-05 10:00:00,92694.4,93152.5,92676.1,93085.9,179.54386598
2026-01-05 11:00:00,93086.0,93160.9,92896.3,93133.0,169.39718867
2026-01-05 12:00:00,93133.1,93215.1,92758.9,92880.7,153.59000691
2026-01-05 13:00:00,92880.8,93015.5,92546.6,92741.8,174.54025717
2026-01-05 14:00:00,92741.8,93681.5,92413.1,93424.7,568.05976117
2026-01-05 15:00:00,93424.9,94010.0,93174.3,93957.1,635.3094337
2026-01-05 16:00:00,93957.0,94077.7,93587.0,93709.1,332.50356765
2026-01-05 17:00:00,93709.1,94480.1,93259.4,94324.0,487.87180679
2026-01-05 18:00:00,94324.1,94510.0,93920.7,94451.1,294.41839038
2026-01-05 19:00:00,94451.1,94499.0,94133.6,94302.8,265.03268352
2026-01-05 20:00:00,94302.8,94793.7,94034.2,94174.5,369.73854488
2026-01-05 21:00:00,94175.4,94231.0,93801.8,94092.9,123.1601902
2026-01-05 22:00:00,94092.9,94399.0,94008.0,94171.0,92.9220835
2026-01-05 23:00:00,94171.1,94195.5,93858.4,93870.9,139.4293094
2026-01-06 00:00:00,93871.0,93984.6,93552.1,93812.9,163.14202423
2026-01-06 01:00:00,93806.0,94160.0,93743.0,93778.1,108.84374216
2026-01-06 02:00:00,93776.4,93871.8,93526.9,93620.0,109.9714503
2026-01-06 03:00:00,93620.1,93935.3,93605.0,93768.3,90.7707732
2026-01-06 04:00:00,93768.4,93999.0,93741.0,93805.1,86.93710926
2026-01-06 05:00:00,93805.0,93819.0,93576.7,93604.0,102.31880622
2026-01-06 06:00:00,93604.0,93942.6,93537.8,93779.2,174.68641446
2026-01-06 07:00:00,93779.3,93785.0,93140.0,93258.1,300.39582824
2026-01-06 08:00:00,93258.1,93425.5,93179.2,93243.1,177.31483373
2026-01-06 09:00:00,93243.1,93571.7,93225.0,93467.9,501.07189289
2026-01-06 10:00:00,93468.0,93670.7,93409.8,93578.0,358.67137443
2026-01-06 11:00:00,93578.0,93906.0,93577.9,93843.3,183.77094798
2026-01-06 12:00:00,93843.4,93991.9,93792.2,93870.2,84.67754532
2026-01-06 13:00:00,93870.2,93870.2,93642.3,93725.0,169.34278901
2026-01-06 14:00:00,93725.1,94446.6,93526.0,93833.1,660.320541
2026-01-06 15:00:00,93833.1,94309.3,93345.6,93648.1,499.98973875
2026-01-06 16:00:00,93648.2,93768.7,92323.5,92685.1,692.93957724
2026-01-06 17:00:00,92685.1,92760.1,91555.0,91593.0,633.02813729
2026-01-06 18:00:00,91593.1,92222.2,91277.7,92039.5,429.86029645
2026-01-06 19:00:00,92042.6,92345.8,91913.0,92103.2,160.11585098
2026-01-06 20:00:00,92103.3,92698.0,92103.2,92515.0,132.84267984
2026-01-06 21:00:00,92513.0,93853.5,92387.1,93260.0,392.65794256
2026-01-06 22:00:00,93259.9,93531.5,92972.5,93362.4,156.36758067
2026-01-06 23:00:00,93362.4,93790.1,93341.9,93750.0,180.20402358
2026-01-07 00:00:00,93750.0,93750.0,92644.7,92706.0,278.34323896
2026-01-07 01:00:00,92706.0,92882.0,92330.8,92450.1,280.62106993
2026-01-07 02:00:00,92450.1,93062.6,92248.5,92957.9,239.1501388
2026-01-07 03:00:00,92961.7,93115.1,92751.7,92814.4,112.80591108
2026-01-07 04:00:00,92814.4,92922.1,92608.7,92674.3,123.60238802
2026-01-07 05:00:00,92674.4,92854.1,92508.4,92531.3,108.1108779
2026-01-07 06:00:00,92531.4,92897.3,92522.0,92620.6,85.4359549
2026-01-07 07:00:00,92620.6,92893.9,92620.6,92883.6,113.6924571
2026-01-07 08:00:00,92883.6,92962.3,92700.0,92721.9,507.32497816
2026-01-07 09:00:00,92721.9,92722.3,91600.0,91711.7,878.51118389
2026-01-07 10:00:00,91711.5,91999.3,91607.2,91977.7,318.00451081
2026-01-07 11:00:00,91977.8,92250.0,91930.0,92088.7,246.6420986
2026-01-07 12:00:00,92088.7,92190.0,91979.2,91999.8,304.53229881
2026-01-07 13:00:00,91999.9,92287.9,91867.2,92043.8,134.3689785
2026-01-07 14:00:00,92043.7,92159.3,91371.8,91968.3,531.13802153
2026-01-07 15:00:00,91968.4,92003.9,91019.3,91347.0,552.72101069
2026-01-07 16:00:00,91347.0,91788.3,91152.1,91259.0,300.98979256
2026-01-07 17:00:00,91259.0,91690.7,91033.4,91255.1,211.66057016
2026-01-07 18:00:00,91254.9,91442.4,90725.0,90901.1,308.4780459
2026-01-07 19:00:00,90901.1,91274.1,90670.0,91186.0,241.89414718
2026-01-07 20:00:00,91186.0,91299.0,90781.1,91051.0,163.70879774
2026-01-07 21:00:00,91051.0,91235.0,91037.6,91094.3,71.54506012
2026-01-07 22:00:00,91094.2,91384.1,90877.4,91180.5,110.47188197
2026-01-07 23:00:00,91180.4,91483.0,91013.0,91370.9,223.28465234
2026-01-08 00:00:00,91373.7,91510.2,91077.0,91390.1,136.87187053
2026-01-08 01:00:00,91390.0,91669.7,91300.0,91424.0,113.27365931
2026-01-08 02:00:00,91424.1,91465.0,90760.0,90952.9,180.54992748
2026-01-08 03:00:00,90953.0,91113.6,90615.2,90813.0,147.50184627
2026-01-08 04:00:00,90812.9,91155.4,90706.7,91020.9,119.60210996
2026-01-08 05:00:00,91021.1,91182.9,90756.8,90822.9,128.35157703
2026-01-08 06:00:00,90823.0,90872.0,89887.9,89888.0,534.15431405
2026-01-08 07:00:00,89888.0,90600.0,89630.4,90551.1,690.70658421
2026-01-08 08:00:00,90551.0,90792.6,90163.6,90218.0,202.69627926
2026-01-08 09:00:00,90218.0,90366.0,89953.8,90018.0,173.44759215
2026-01-08 10:00:00,90017.9,90488.0,89770.8,90412.2,878.62777065
2026-01-08 11:00:00,90412.2,90482.3,90019.3,90221.1,170.2826085
2026-01-08 12:00:00,90221.2,90232.4,89783.0,89989.7,228.30812069
2026-01-08 13:00:00,89989.6,90110.0,89879.2,89970.6,130.2191492
2026-01-08 14:00:00,89970.7,90165.8,89327.8,90024.5,458.53074197
2026-01-08 15:00:00,90024.5,90831.9,89822.4,90790.5,335.21906294
2026-01-08 16:00:00,90790.5,90941.2,90321.5,90937.6,336.05652974
2026-01-08 17:00:00,90937.7,91442.4,90836.6,91370.0,305.88758862
2026-01-08 18:00:00,91370.0,91467.3,90951.3,91108.9,203.81549115
2026-01-08 19:00:00,91109.0,91323.7,90811.2,90933.6,85.47998733
2026-01-08 20:00:00,90933.6,90991.7,90574.3,90926.7,171.17972133
2026-01-08 21:00:00,90924.5,91337.8,90924.5,91269.3,113.35228098
2026-01-08 22:00:00,91271.0,91493.3,91015.2,91229.9,109.67391911
2026-01-08 23:00:00,91230.0,91333.0,91047.2,91097.2,84.5684225
2026-01-09 00:00:00,91097.2,91300.0,91063.0,91290.7,51.18006323
2026-01-09 01:00:00,91290.8,91628.6,90855.2,91055.1,270.79216066
2026-01-09 02:00:00,91055.0,91478.2,91023.0,91042.9,202.41538551
2026-01-09 03:00:00,91043.0,91265.3,90967.8,91223.9,96.22589305
2026-01-09 04:00:00,91224.0,91235.2,90941.1,91020.1,55.56725758
2026-01-09 05:00:00,91020.0,91122.5,90916.4,91091.8,74.52379482
2026-01-09 06:00:00,91091.9,91151.7,90983.4,91145.1,69.08838179
2026-01-09 07:00:00,91145.1,91145.1,90753.0,90753.1,173.35831274
2026-01-09 08:00:00,90753.1,90851.1,89700.0,90033.2,456.60596479
2026-01-09 09:00:00,90033.2,90477.8,90017.6,90343.7,159.18555821
2026-01-09 10:00:00,90343.8,90562.2,90284.0,90491.0,232.95917461
2026-01-09 11:00:00,90491.1,90694.5,90404.9,90452.0,331.23290013
2026-01-09 12:00:00,90452.0,90608.5,90224.7,90453.4,458.56923458
2026-01-09 13:00:00,90453.5,90963.7,90406.0,90607.9,266.95517019
2026-01-09 14:00:00,90607.9,90668.5,89946.8,90155.2,286.43652272
2026-01-09 15:00:00,90155.3,92020.2,89841.8,91183.9,1013.5974065
2026-01-09 16:00:00,91183.8,91781.9,91176.5,91625.3,251.47651806
2026-01-09 17:00:00,91625.4,91679.1,91017.5,91430.0,171.56957093
2026-01-09 18:00:00,91430.0,91505.7,90345.6,90824.6,254.30722661
2026-01-09 19:00:00,90824.5,90824.5,90183.7,90334.4,230.58417948
2026-01-09 20:00:00,90334.3,90585.4,90231.1,90301.8,98.09802467
2026-01-09 21:00:00,90303.7,90645.2,90124.7,90537.2,78.9789626
2026-01-09 22:00:00,90537.3,90701.5,90354.9,90624.0,64.84387907
2026-01-09 23:00:00,90624.0,90721.2,90603.0,90636.0,44.81002134
2026-01-10 00:00:00,90636.0,90680.9,90518.4,90598.0,35.85626752
2026-01-10 01:00:00,90598.0,90727.3,90582.0,90682.0,37.5031033
2026-01-10 02:00:00,90682.0,90776.0,90600.8,90694.9,64.9869354
2026-01-10 03:00:00,90695.0,90696.3,90552.3,90639.1,46.61942945
2026-01-10 04:00:00,90639.0,90646.4,90409.0,90451.1,69.67011209
2026-01-10 05:00:00,90451.5,90619.7,90430.1,90605.1,63.95340875
2026-01-10 06:00:00,90605.1,90612.7,90479.9,90513.0,46.95004061
2026-01-10 07:00:00,90513.1,90689.4,90513.0,90679.9,136.38814306
2026-01-10 08:00:00,90679.8,90750.0,90591.0,90659.6,473.50553113
2026-01-10 09:00:00,90659.8,90763.0,90632.7,90763.0,556.49637094
2026-01-10 10:00:00,90763.1,90836.3,90724.0,90836.3,44.82954435
2026-01-10 11:00:00,90836.3,90836.3,90699.2,90727.0,50.20163023
2026-01-10 12:00:00,90727.0,90790.6,90664.1,90729.0,193.24406859
2026-01-10 13:00:00,90729.0,90755.5,90636.0,90649.9,29.989345
2026-01-10 14:00:00,90650.0,90661.0,90536.0,90589.8,129.72394911
2026-01-10 15:00:00,90589.9,90667.0,90580.0,90661.2,28.08074322
2026-01-10 16:00:00,90661.1,90727.3,90601.7,90678.0,22.05498105
2026-01-10 17:00:00,90678.0,90742.0,90536.9,90542.0,36.01980307
2026-01-10 18:00:00,90541.9,90605.1,90511.3,90593.0,56.2344261
2026-01-10 19:00:00,90593.1,90625.7,90581.4,90621.3,19.05548206
2026-01-10 20:00:00,90621.2,90654.7,90549.8,90568.6,38.83663912
2026-01-10 21:00:00,90568.7,90568.7,90504.2,90505.0,28.37184261
2026-01-10 22:00:00,90505.1,90591.2,90396.3,90424.4,171.97670891
2026-01-10 23:00:00,90424.4,90567.0,90424.1,90504.9,33.63895727
2026-01-11 00:00:00,90504.9,90646.9,90449.3,90629.0,29.20374612
2026-01-11 01:00:00,90629.1,90674.0,90557.0,90625.7,24.50238031
2026-01-11 02:00:00,90625.8,90727.9,90610.0,90692.1,31.70904088
2026-01-11 03:00:00,90692.1,90733.1,90635.0,90733.0,43.57694718
2026-01-11 04:00:00,90733.1,90809.9,90659.6,90799.1,81.37199858
2026-01-11 05:00:00,90799.1,90859.9,90736.1,90777.8,42.06634215
2026-01-11 06:00:00,90777.8,90800.0,90586.3,90743.0,47.13946115
2026-01-11 07:00:00,90743.0,90765.0,90672.0,90713.0,51.55423959
2026-01-11 08:00:00,90712.9,90806.3,90620.0,90787.3,276.10927202
2026-01-11 09:00:00,90788.2,90816.4,90653.5,90739.1,421.88545174
2026-01-11 10:00:00,90739.1,90761.4,90689.0,90728.9,28.76752492
2026-01-11 11:00:00,90729.0,90752.0,90696.0,90751.8,31.45814483
2026-01-11 12:00:00,90751.9,91033.0,90723.0,90938.1,93.10870438
2026-01-11 13:00:00,90938.1,90972.7,90822.5,90854.0,82.39697913
2026-01-11 14:00:00,90854.1,91199.8,90854.0,91126.1,101.61169412
2026-01-11 15:00:00,91126.1,91157.9,90711.4,90875.0,137.06704753
2026-01-11 16:00:00,90875.0,91284.6,90875.0,91041.9,118.59822454
2026-01-11 17:00:00,91042.0,91138.0,90912.0,90991.0,48.32468048
2026-01-11 18:00:00,90991.1,90991.1,90800.0,90882.9,45.99045951
2026-01-11 19:00:00,90882.9,90932.0,90680.0,90693.1,31.54357856
2026-01-11 20:00:00,90693.1,90740.5,90424.3,90709.0,148.94350958
2026-01-11 21:00:00,90709.1,90836.3,90600.0,90759.0,44.86306926
2026-01-11 22:00:00,90759.1,90759.1,90455.8,90534.5,82.35397267
2026-01-11 23:00:00,90534.4,91039.8,90230.3,91012.0,214.07575229
2026-01-12 00:00:00,91008.3,91255.6,90697.7,91255.6,222.78259444
2026-01-12 01:00:00,91255.7,91800.0,91099.4,91410.9,335.61197399
2026-01-12 02:00:00,91411.0,92396.4,91376.1,92210.1,422.74899793
2026-01-12 03:00:00,92211.8,92520.6,91805.4,91805.4,319.01275403
2026-01-12 04:00:00,91805.5,92281.7,91755.6,92160.0,124.53717313
2026-01-12 05:00:00,92160.1,92264.9,92048.4,92115.0,96.42016732
2026-01-12 06:00:00,92114.9,92208.0,91820.0,91839.1,136.64802883
2026-01-12 07:00:00,91839.1,91962.1,91400.0,91415.1,528.490474
2026-01-12 08:00:00,91415.1,91628.9,90400.0,90749.1,580.69904075
2026-01-12 09:00:00,90749.1,90933.3,90646.1,90692.2,180.95933636
2026-01-12 10:00:00,90692.1,90793.0,90375.0,90435.9,149.27260652
2026-01-12 11:00:00,90434.2,90816.1,90427.0,90630.1,165.21326359
2026-01-12 12:00:00,90630.1,90870.4,90618.0,90789.0,73.0402834
2026-01-12 13:00:00,90789.1,90829.7,90541.6,90632.1,150.14423847
2026-01-12 14:00:00,90632.1,91122.8,90132.1,90908.1,438.77331825
2026-01-12 15:00:00,90908.0,91679.6,90710.0,91666.9,367.10261225
2026-01-12 16:00:00,91666.0,92316.7,91575.0,92117.8,641.42504829
2026-01-12 17:00:00,92117.9,92299.1,91007.1,91522.5,510.64948513
2026-01-12 18:00:00,91522.6,91958.1,91415.1,91689.1,206.60046223
2026-01-12 19:00:00,91689.2,91881.3,91437.6,91864.9,131.5242544
2026-01-12 20:00:00,91864.9,92048.4,91416.6,91493.3,212.87155641
2026-01-12 21:00:00,91492.1,91500.0,90948.4,91056.0,158.43788366
2026-01-12 22:00:00,91056.0,91444.5,91056.0,91243.7,133.99910154
2026-01-12 23:00:00,91243.7,91319.9,91076.5,91304.0,53.12812533
2026-01-13 00:00:00,91304.0,91548.9,91257.0,91481.1,154.30764832
2026-01-13 01:00:00,91481.1,91548.0,91054.3,91188.0,82.43368771
2026-01-13 02:00:00,91188.0,91382.1,91102.2,91125.4,118.68310015
2026-01-13 03:00:00,91125.5,91471.2,91125.1,91412.0,120.6913497
2026-01-13 04:00:00,91412.1,91647.2,91349.9,91515.9,62.52384798
2026-01-13 05:00:00,91516.0,92256.9,91480.5,91924.5,273.85033642
2026-01-13 06:00:00,91924.6,92270.8,91811.5,92179.1,186.56114257
2026-01-13 07:00:00,92179.2,92207.0,91882.9,91949.7,672.8691819
2026-01-13 08:00:00,91949.7,92253.2,91908.4,92170.1,374.1430512
2026-01-13 09:00:00,92170.1,92666.0,91940.7,92264.7,332.88317456
2026-01-13 10:00:00,92264.7,92338.6,92022.0,92134.4,129.23897115
2026-01-13 11:00:00,92134.5,92258.6,91970.7,92001.0,128.14715601
2026-01-13 12:00:00,92001.1,92150.0,91916.2,92104.9,89.96696491
2026-01-13 13:00:00,92105.0,92607.0,91989.1,92074.9,501.55595981
2026-01-13 14:00:00,92074.9,92922.8,91790.0,92471.1,495.65949432
2026-01-13 15:00:00,92471.0,93456.0,92134.8,93455.9,595.3351178
2026-01-13 16:00:00,93455.9,93753.0,93080.7,93392.0,724.56704923
2026-01-13 17:00:00,93392.1,93494.0,93101.1,93244.0,228.59657494
2026-01-13 18:00:00,93243.0,93871.7,93200.1,93629.4,265.82168368
2026-01-13 19:00:00,93629.4,94243.6,93475.0,94224.1,515.69539456
2026-01-13 20:00:00,94224.2,94510.1,94117.4,94412.6,723.26348036
2026-01-13 21:00:00,94412.7,94526.3,94060.0,94091.0,235.63804212
2026-01-13 22:00:00,94091.1,96543.0,94091.1,95755.0,1836.33443741
2026-01-13 23:00:00,95758.0,96097.0,95070.0,95411.8,613.68722289
2026-01-14 00:00:00,95411.8,95664.6,95173.9,95241.0,239.37544371
2026-01-14 01:00:00,95241.0,95581.9,95142.8,95245.0,360.14014907
2026-01-14 02:00:00,95245.1,95561.9,95211.4,95349.0,242.3064343
2026-01-14 03:00:00,95349.0,95722.5,95283.2,95722.3,181.53390932
2026-01-14 04:00:00,95722.3,95796.8,95230.3,95246.0,218.86185582
2026-01-14 05:00:00,95246.1,95280.7,94957.7,95012.5,350.08250115
2026-01-14 06:00:00,95012.5,95037.4,94521.7,95037.3,399.21719965
2026-01-14 07:00:00,95037.4,95230.0,94844.0,95201.9,499.48489874
2026-01-14 08:00:00,95201.9,95310.5,94866.6,94901.2,220.24319921
2026-01-14 09:00:00,94901.2,95181.0,94883.1,95091.1,376.50842309
2026-01-14 10:00:00,95091.0,95297.5,94895.4,95094.3,282.47880667
2026-01-14 11:00:00,95093.8,95093.8,94750.0,94797.7,220.8793008
2026-01-14 12:00:00,94797.7,95165.7,94688.1,95079.7,188.18468783
2026-01-14 13:00:00,95079.7,95240.2,94892.3,94997.0,149.57372963
2026-01-14 14:00:00,94997.0,96820.5,94983.9,96481.3,1151.60693601
2026-01-14 15:00:00,96481.3,97088.0,96186.1,96755.6,1109.24876434
2026-01-14 16:00:00,96755.5,97696.7,96732.0,97285.5,1524.90198265
2026-01-14 17:00:00,97285.5,97776.0,96766.0,96953.2,1043.78772161
2026-01-14 18:00:00,96953.1,97109.5,96229.5,96806.3,834.83314115
2026-01-14 19:00:00,96806.3,97648.6,96685.7,97257.8,512.45694584
2026-01-14 20:00:00,97257.8,97925.4,97207.7,97656.2,604.26613274
2026-01-14 21:00:00,97656.2,97714.9,97376.1,97560.8,247.19876154
2026-01-14 22:00:00,97560.9,97581.3,96758.1,96886.9,306.83909196
2026-01-14 23:00:00,96886.9,97369.9,96865.0,96945.9,147.39971304
2026-01-15 00:00:00,96946.0,96999.6,96500.0,96653.5,352.2215868
2026-01-15 01:00:00,96655.4,96961.8,96307.1,96446.2,240.95478859
2026-01-15 02:00:00,96446.1,96614.5,96100.0,96333.0,177.53382637
2026-01-15 03:00:00,96333.0,96400.0,95780.0,95990.5,358.45345002
2026-01-15 04:00:00,95990.5,96395.0,95965.4,96318.6,230.24339335
2026-01-15 05:00:00,96318.7,96522.7,96250.0,96438.9,174.80981203
2026-01-15 06:00:00,96438.8,96585.9,96187.9,96246.1,134.40190292
2026-01-15 07:00:00,96246.0,96762.9,96196.7,96634.5,384.03294522
2026-01-15 08:00:00,96634.6,96663.6,96293.1,96650.2,189.67915936
2026-01-15 09:00:00,96650.1,97189.9,96564.9,97036.9,208.62644932
2026-01-15 10:00:00,97037.0,97071.3,96746.8,96815.0,137.07544168
2026-01-15 11:00:00,96815.1,96945.0,96591.0,96597.0,103.70532775
2026-01-15 12:00:00,96597.1,97006.0,96532.2,96987.0,93.5530348
2026-01-15 13:00:00,96987.1,97029.0,96623.0,96860.0,113.61641007
2026-01-15 14:00:00,96860.0,97150.0,95600.0,96070.4,596.52116179
2026-01-15 15:00:00,96070.3,96788.5,95451.0,96742.1,665.93198629
2026-01-15 16:00:00,96742.0,96943.4,96274.2,96729.1,348.74419006
2026-01-15 17:00:00,96729.1,97074.5,96415.0,96620.9,267.35041268
2026-01-15 18:00:00,96620.9,96626.9,95749.9,95841.1,266.91131556
2026-01-15 19:00:00,95841.2,95921.3,95188.0,95511.6,479.9527461
2026-01-15 20:00:00,95511.7,95661.7,95132.9,95251.9,182.91682329
2026-01-15 21:00:00,95252.0,95625.0,95196.5,95591.7,114.1285799
2026-01-15 22:00:00,95591.7,95875.0,95500.0,95590.8,97.06817119
2026-01-15 23:00:00,95590.7,95722.8,95408.9,95607.0,135.51780523
2026-01-16 00:00:00,95607.0,95828.4,95581.1,95630.9,84.87937453
2026-01-16 01:00:00,95631.0,95852.7,95422.4,95672.9,100.47429203
2026-01-16 02:00:00,95673.0,95684.8,95391.1,95505.9,99.65966422
2026-01-16 03:00:00,95506.0,95588.0,95336.2,95356.0,73.89088171
2026-01-16 04:00:00,95356.0,95590.6,95160.0,95277.9,156.03622422
2026-01-16 05:00:00,95277.8,95693.9,95257.0,95674.3,182.39441925
2026-01-16 06:00:00,95674.4,95836.3,95547.6,95747.2,127.42582506
2026-01-16 07:00:00,95747.3,95789.8,95451.3,95650.7,365.65779912
2026-01-16 08:00:00,95650.7,95845.9,95574.5,95668.0,178.83695771
2026-01-16 09:00:00,95668.0,95777.7,95553.8,95618.1,135.65839384
2026-01-16 10:00:00,95618.1,95634.0,95307.7,95320.6,101.24459737
2026-01-16 11:00:00,95320.7,95472.5,95265.3,95431.4,98.38618223
2026-01-16 12:00:00,95431.5,95569.2,95365.6,95448.8,35.70892238
2026-01-16 13:00:00,95448.9,95584.5,95301.0,95453.3,149.6042465
2026-01-16 14:00:00,95453.4,95813.0,95200.0,95200.1,250.07611767
2026-01-16 15:00:00,95200.0,95684.7,94303.6,94589.3,754.68332082
2026-01-16 16:00:00,94589.2,94990.9,94514.1,94877.7,225.30494688
2026-01-16 17:00:00,94877.8,95135.1,94567.1,95084.5,157.76476488
2026-01-16 18:00:00,95084.4,95221.5,94982.3,95016.0,95.90567393
2026-01-16 19:00:00,95016.1,95055.9,94842.1,95007.7,71.69890213
2026-01-16 20:00:00,95007.4,95569.0,94686.0,95567.2,197.01308711
2026-01-16 21:00:00,95567.1,95600.0,95368.3,95522.5,89.84018951
2026-01-16 22:00:00,95522.5,95574.6,95263.5,95523.0,83.76324032
2026-01-16 23:00:00,95523.1,95599.9,95443.0,95560.0,54.08857505
2026-01-17 00:00:00,95560.1,95585.9,95440.2,95465.1,50.2856467
2026-01-17 01:00:00,95465.1,95525.0,95355.7,95387.0,78.89482524
2026-01-17 02:00:00,95387.0,95420.0,95196.5,95354.0,110.80396114
2026-01-17 03:00:00,95354.0,95381.8,95233.0,95369.0,72.0224245
2026-01-17 04:00:00,95369.0,95369.1,95260.0,95303.0,60.5738524
2026-01-17 05:00:00,95303.0,95380.5,95285.0,95317.8,49.59549159
2026-01-17 06:00:00,95317.9,95348.3,95199.7,95236.0,46.10699043
2026-01-17 07:00:00,95236.1,95236.1,95027.4,95101.1,174.3698326
2026-01-17 08:00:00,95101.1,95250.0,95000.0,95244.5,117.52597391
2026-01-17 09:00:00,95244.6,95283.0,95174.4,95257.0,56.57134216
2026-01-17 10:00:00,95257.1,95265.3,95116.1,95116.1,49.1833923
2026-01-17 11:00:00,95116.1,95318.9,95069.0,95318.8,45.23631085
2026-01-17 12:00:00,95318.9,95405.7,95232.0,95252.9,53.39885362
2026-01-17 13:00:00,95253.0,95433.0,95195.0,95432.9,67.0397641
2026-01-17 14:00:00,95433.0,95535.4,95354.0,95472.0,97.20681455
2026-01-17 15:00:00,95472.0,95638.0,95417.8,95571.0,166.07357982
2026-01-17 16:00:00,95571.0,95571.0,95221.0,95311.5,114.28798508
2026-01-17 17:00:00,95311.5,95439.7,95293.9,95364.0,47.59025301
2026-01-17 18:00:00,95364.0,95467.7,95353.0,95433.4,24.36971356
2026-01-17 19:00:00,95433.4,95433.4,95290.0,95295.4,23.30569641
2026-01-17 20:00:00,95295.4,95384.0,95289.4,95374.0,34.12546097
2026-01-17 21:00:00,95374.1,95415.0,95286.4,95314.0,24.43330138
2026-01-17 22:00:00,95314.0,95314.0,95052.0,95173.1,117.62640403
2026-01-17 23:00:00,95173.1,95218.3,95125.7,95153.9,47.6480308
2026-01-18 00:00:00,95153.9,95250.0,95065.5,95117.3,108.97322615
2026-01-18 01:00:00,95118.0,95118.0,94878.1,94966.8,105.88730936
2026-01-18 02:00:00,94966.9,95082.4,94880.0,95027.5,107.89847145
2026-01-18 03:00:00,95027.7,95208.9,95027.7,95190.9,63.70229837
2026-01-18 04:00:00,95191.0,95191.0,95076.0,95099.1,23.18037249
2026-01-18 05:00:00,95099.1,95256.2,95049.6,95196.4,87.81861002
2026-01-18 06:00:00,95196.5,95220.2,95144.0,95179.9,29.49547746
2026-01-18 07:00:00,95179.9,95190.9,95030.0,95036.1,71.0518417
2026-01-18 08:00:00,95036.0,95195.0,95030.0,95183.4,17.05504625
2026-01-18 09:00:00,95183.4,95299.9,95150.0,95275.1,94.57823448
2026-01-18 10:00:00,95275.1,95297.9,95082.2,95176.0,44.79804455
2026-01-18 11:00:00,95176.0,95181.1,95083.7,95165.9,36.20611186
2026-01-18 12:00:00,95166.0,95178.6,95092.0,95112.1,44.26598845
2026-01-18 13:00:00,95112.1,95210.0,94919.0,95154.9,125.15111748
2026-01-18 14:00:00,95155.0,95375.0,94934.8,94962.7,132.57029186
2026-01-18 15:00:00,94962.8,95122.3,94930.0,95113.9,52.09782551
2026-01-18 16:00:00,95114.0,95185.6,95068.0,95168.1,44.67623475
2026-01-18 17:00:00,95168.1,95270.4,95142.2,95270.4,40.79353468
2026-01-18 18:00:00,95270.4,95513.0,95177.4,95437.7,83.16016384
2026-01-18 19:00:00,95437.8,95506.6,95330.1,95378.0,47.46903442
2026-01-18 20:00:00,95378.1,95443.1,95286.0,95307.4,35.85986145
2026-01-18 21:00:00,95307.5,95433.0,95283.0,95432.0,17.9593877
2026-01-18 22:00:00,95432.0,95529.0,95406.1,95496.0,32.59297594
2026-01-18 23:00:00,95495.9,95495.9,93600.0,93674.1,864.38207612
2026-01-19 00:00:00,93674.0,93674.0,91900.0,92720.1,1891.977615
2026-01-19 01:00:00,92720.0,92874.5,92250.0,92584.7,418.62815472
2026-01-19 02:00:00,92584.8,92675.0,92400.0,92570.0,285.7617375
2026-01-19 03:00:00,92570.0,92780.0,92497.9,92693.4,338.69133611
2026-01-19 04:00:00,92693.3,92744.0,92502.4,92673.8,159.20064651
2026-01-19 05:00:00,92673.8,92806.0,92506.4,92513.2,111.65713787
2026-01-19 06:00:00,92513.2,92636.9,92378.1,92581.1,144.33482695
2026-01-19 07:00:00,92581.2,92857.1,92551.6,92834.2,621.76754808
2026-01-19 08:00:00,92834.2,93368.6,92693.3,93258.2,703.91731237
2026-01-19 09:00:00,93258.2,93259.2,92942.9,93047.1,521.25655888
2026-01-19 10:00:00,93047.1,93080.0,92887.2,93059.8,90.84270278
2026-01-19 11:00:00,93059.9,93306.1,92973.9,93190.1,107.70019386
2026-01-19 12:00:00,93190.1,93229.0,93005.0,93063.9,110.26708613
2026-01-19 13:00:00,93064.0,93133.2,92806.0,93027.9,184.23924676
2026-01-19 14:00:00,93028.0,93031.8,92700.0,92813.0,95.38484625
2026-01-19 15:00:00,92813.1,93078.8,92813.1,93063.0,152.5528026
2026-01-19 16:00:00,93063.0,93400.0,92992.3,93298.9,169.37749267
2026-01-19 17:00:00,93299.0,93384.0,93146.0,93232.0,115.15071948
2026-01-19 18:00:00,93232.1,93249.1,92900.0,93054.0,126.23379754
2026-01-19 19:00:00,93054.1,93147.6,92984.9,93104.1,53.75210264
2026-01-19 20:00:00,93104.1,93274.1,93098.0,93133.5,36.92349997
2026-01-19 21:00:00,93134.7,93344.4,93003.2,93004.0,58.09025563
2026-01-19 22:00:00,93004.1,93055.2,92565.1,92565.1,215.4248012
2026-01-19 23:00:00,92565.2,92750.0,92160.1,92628.0,310.28756067
2026-01-20 00:00:00,92627.9,92870.0,92371.0,92715.1,116.13607101
2026-01-20 01:00:00,92715.0,92867.6,92531.5,92720.2,128.59749325
2026-01-20 02:00:00,92720.3,92727.9,92375.0,92554.1,150.40533414
2026-01-20 03:00:00,92554.1,92648.1,92253.7,92446.3,138.74765642
2026-01-20 04:00:00,92446.4,92478.2,92000.0,92069.5,200.75131718
2026-01-20 05:00:00,92069.6,92081.7,91304.6,91632.0,878.18840796
2026-01-20 06:00:00,91632.0,91640.0,90800.0,90939.9,741.81879404
2026-01-20 07:00:00,90939.9,91300.0,90875.1,91188.3,548.99588263
2026-01-20 08:00:00,91188.3,91272.7,90684.8,91119.1,857.63050399
2026-01-20 09:00:00,91119.0,91119.0,90898.3,91044.3,628.40389527
2026-01-20 10:00:00,91044.2,91290.9,91000.0,91265.4,163.17679963
2026-01-20 11:00:00,91265.4,91438.2,91221.2,91226.7,136.12028337
2026-01-20 12:00:00,91226.7,91317.5,91064.0,91281.8,152.40801376
2026-01-20 13:00:00,91281.8,91289.3,90777.0,90953.5,259.15394455
2026-01-20 14:00:00,90953.5,91374.9,90264.5,90533.4,704.65509386
2026-01-20 15:00:00,90529.3,90806.2,89852.0,90681.1,792.99892718
2026-01-20 16:00:00,90681.1,90973.8,90024.6,90163.1,324.65090479
2026-01-20 17:00:00,90163.0,90502.1,89444.0,89775.4,459.275839
2026-01-20 18:00:00,89776.7,89958.9,89400.0,89495.2,240.97045826
2026-01-20 19:00:00,89498.9,89790.8,89300.0,89728.1,229.21970048
2026-01-20 20:00:00,89728.1,89847.9,89396.0,89731.0,228.549267
2026-01-20 21:00:00,89729.6,89832.4,89423.4,89473.1,86.42678146
2026-01-20 22:00:00,89473.2,89649.1,87806.2,88495.2,711.42629618
2026-01-20 23:00:00,88495.1,88527.9,87894.0,88418.6,322.8464854
2026-01-21 00:00:00,88418.6,88962.6,88250.4,88916.0,896.38759068
2026-01-21 01:00:00,88916.0,89154.1,88839.0,89013.7,312.21774296
2026-01-21 02:00:00,89013.8,89355.2,88996.0,89040.0,246.40695312
2026-01-21 03:00:00,89040.0,89589.0,89031.9,89431.2,268.69902542
2026-01-21 04:00:00,89431.2,89638.0,89349.0,89439.1,182.04352349
2026-01-21 05:00:00,89439.1,90111.4,89430.3,89951.0,305.36624565
2026-01-21 06:00:00,89951.0,89951.0,89482.5,89645.0,186.85064046
2026-01-21 07:00:00,89645.0,89760.0,89092.9,89212.8,408.47767314
2026-01-21 08:00:00,89212.5,89383.6,89000.0,89199.0,252.1637034
2026-01-21 09:00:00,89198.9,89480.9,89071.0,89103.9,186.38113514
2026-01-21 10:00:00,89105.6,89390.5,89069.1,89247.9,113.78716557
2026-01-21 11:00:00,89247.5,89375.0,88694.5,88792.2,246.46098261
2026-01-21 12:00:00,88788.1,88857.0,88178.1,88734.1,412.0861542
2026-01-21 13:00:00,88734.0,89025.0,88563.7,88672.9,331.60569026
2026-01-21 14:00:00,88672.9,89998.1,88614.0,89795.8,841.14585338
2026-01-21 15:00:00,89799.7,90592.0,89760.7,90279.5,929.86631348
2026-01-21 16:00:00,90279.5,90354.7,87583.9,87595.4,919.5217531
2026-01-21 17:00:00,87595.4,88153.8,87258.7,87931.8,568.44061788
2026-01-21 18:00:00,87931.8,88658.0,87583.0,88482.1,211.53094468
2026-01-21 19:00:00,88482.1,90454.2,88286.8,90358.0,684.17964881
2026-01-21 20:00:00,90358.1,90374.7,89457.2,90207.4,336.91462059
2026-01-21 21:00:00,90207.4,90333.3,89963.9,90242.3,127.663653
2026-01-21 22:00:00,90242.4,90381.8,89767.0,89767.1,128.88751003
2026-01-21 23:00:00,89767.1,90215.2,89360.0,89456.1,226.24390116
2026-01-22 00:00:00,89456.1,90037.8,89456.1,89905.7,127.4048515
2026-01-22 01:00:00,89905.8,90187.7,89820.7,90110.9,181.99867318
2026-01-22 02:00:00,90109.9,90355.0,89848.4,89941.4,236.42847221
2026-01-22 03:00:00,89941.4,90150.0,89699.6,89890.5,112.41973153
2026-01-22 04:00:00,89890.5,90072.2,89831.1,89994.6,144.3781704
2026-01-22 05:00:00,89994.7,90067.3,89927.2,90021.8,85.30134457
2026-01-22 06:00:00,90021.9,90208.2,89894.0,90165.1,195.12109468
2026-01-22 07:00:00,90165.0,90194.8,89746.9,89802.7,305.26304459
2026-01-22 08:00:00,89802.8,89950.0,89750.0,89909.9,183.42899712
2026-01-22 09:00:00,89910.0,90121.5,89888.4,90026.9,504.34041085
2026-01-22 10:00:00,90027.9,90100.0,89942.9,90075.7,501.00902334
2026-01-22 11:00:00,90075.6,90149.0,89900.0,89942.7,115.82018976
2026-01-22 12:00:00,89942.8,90092.2,89875.0,90019.2,132.93811513
2026-01-22 13:00:00,90019.2,90333.4,89483.6,89607.0,276.10657579
2026-01-22 14:00:00,89607.0,89727.2,89054.5,89088.0,329.84607323
2026-01-22 15:00:00,89087.9,89452.0,88515.3,89003.2,387.73279828
2026-01-22 16:00:00,89003.3,89268.9,88680.0,89055.1,239.85762781
2026-01-22 17:00:00,89055.0,89612.5,89014.5,89552.5,129.5460103
2026-01-22 18:00:00,89552.6,89784.9,89307.6,89336.9,162.26576003
2026-01-22 19:00:00,89334.1,89922.0,89094.9,89778.3,134.02505895
2026-01-22 20:00:00,89777.7,89943.4,89375.0,89416.0,118.20326611
2026-01-22 21:00:00,89414.1,89663.5,89230.0,89263.5,87.8132462
2026-01-22 22:00:00,89263.6,89577.1,89142.7,89347.3,97.77330616
2026-01-22 23:00:00,89347.0,89587.1,89169.6,89560.2,52.72349073
2026-01-23 00:00:00,89560.2,89640.0,89454.4,89526.1,65.66113746
2026-01-23 01:00:00,89526.1,89943.0,89526.1,89942.9,94.74530304
2026-01-23 02:00:00,89939.7,89984.9,89661.7,89665.1,171.87362937
2026-01-23 03:00:00,89665.1,89927.2,89650.0,89927.1,187.47588568
2026-01-23 04:00:00,89927.2,90096.9,89888.3,89973.0,188.31501044
2026-01-23 05:00:00,89970.5,89970.5,89472.7,89620.3,146.54048783
2026-01-23 06:00:00,89620.3,89813.8,89406.7,89510.9,223.39188418
2026-01-23 07:00:00,89511.0,89691.8,89447.6,89542.1,434.63484862
2026-01-23 08:00:00,89542.1,89632.5,89126.2,89219.0,1015.92066101
2026-01-23 09:00:00,89219.0,89386.5,88900.1,88978.0,256.93904883
2026-01-23 10:00:00,88978.0,89157.0,88869.5,89049.9,139.76773923
2026-01-23 11:00:00,89050.0,89349.0,89000.0,89211.0,90.72697877
2026-01-23 12:00:00,89211.0,89375.0,89100.1,89264.0,38.03681385
2026-01-23 13:00:00,89264.1,89446.2,89236.5,89352.2,118.53286607
2026-01-23 14:00:00,89352.2,89717.2,88656.3,89010.7,410.23799057
2026-01-23 15:00:00,89012.5,89858.9,88563.6,89754.2,274.68419553
2026-01-23 16:00:00,89754.3,90485.7,89484.0,90123.0,416.51789568
2026-01-23 17:00:00,90123.1,91222.0,89981.6,90612.0,513.5418981
2026-01-23 18:00:00,90612.0,91021.4,90470.1,90524.3,245.04186286
2026-01-23 19:00:00,90524.2,90530.0,89620.0,89980.0,349.86745834
2026-01-23 20:00:00,89980.0,90155.0,89217.9,89508.3,232.93776512
2026-01-23 21:00:00,89508.2,89694.5,89326.4,89353.1,85.80018685
2026-01-23 22:00:00,89353.0,89755.8,89341.0,89637.8,100.85051962
2026-01-23 23:00:00,89637.8,89637.8,89472.7,89608.0,35.0838638
2026-01-24 00:00:00,89608.1,89639.0,89427.6,89452.5,59.56561866
2026-01-24 01:00:00,89452.6,89587.1,89450.7,89551.5,32.9557023
2026-01-24 02:00:00,89551.6,89716.9,89551.6,89706.0,40.19428312
2026-01-24 03:00:00,89705.9,89933.1,89679.0,89777.0,84.80454388
2026-01-24 04:00:00,89777.0,89847.7,89716.0,89840.0,41.37251945
2026-01-24 05:00:00,89840.0,89849.3,89748.7,89783.0,65.87714691
2026-01-24 06:00:00,89783.0,89786.5,89642.9,89655.0,36.36325478
2026-01-24 07:00:00,89655.0,89682.2,89552.4,89608.0,222.3487721
2026-01-24 08:00:00,89607.9,89687.0,89559.7,89664.9,102.99639632
2026-01-24 09:00:00,89664.8,89664.9,89549.2,89598.0,36.43840844
2026-01-24 10:00:00,89598.0,89659.0,89581.0,89626.9,41.78333367
2026-01-24 11:00:00,89627.0,89670.7,89586.8,89587.9,30.00383579
2026-01-24 12:00:00,89587.9,89597.5,89486.8,89539.0,58.41342279
2026-01-24 13:00:00,89539.1,89554.5,89370.4,89370.4,40.6541653
2026-01-24 14:00:00,89370.4,89515.0,89178.5,89457.3,90.19768747
2026-01-24 15:00:00,89457.4,89503.3,89258.3,89279.9,61.89451849
2026-01-24 16:00:00,89280.0,89360.5,89169.6,89281.0,92.04112123
2026-01-24 17:00:00,89281.1,89412.7,89249.0,89402.4,48.42709562
2026-01-24 18:00:00,89402.4,89460.0,89381.5,89394.7,14.26485853
2026-01-24 19:00:00,89394.8,89394.8,89272.5,89335.8,17.25989061
2026-01-24 20:00:00,89335.7,89403.2,89335.7,89387.6,11.00977623
2026-01-24 21:00:00,89387.6,89391.7,89270.0,89391.6,32.53737886
2026-01-24 22:00:00,89391.7,89498.7,89303.3,89439.6,45.84261056
2026-01-24 23:00:00,89439.5,89507.2,89215.0,89227.6,59.60877604
2026-01-25 00:00:00,89227.5,89317.0,89181.0,89316.9,23.85467167
2026-01-25 01:00:00,89317.0,89326.0,89106.0,89179.2,58.09708907
2026-01-25 02:00:00,89179.3,89270.0,89133.4,89141.0,43.77432995
2026-01-25 03:00:00,89141.0,89180.0,88850.0,88959.8,98.83338487
2026-01-25 04:00:00,88959.9,89086.9,88940.1,89002.1,173.48092766
2026-01-25 05:00:00,89002.1,89050.0,88875.0,88991.8,185.70577435
2026-01-25 06:00:00,88991.9,88991.9,88653.0,88843.1,297.27871389
2026-01-25 07:00:00,88843.1,88843.1,88633.6,88662.0,105.65456018
2026-01-25 08:00:00,88661.9,88764.0,88133.5,88303.1,175.0470887
2026-01-25 09:00:00,88303.0,88493.2,88232.8,88404.0,82.60444576
2026-01-25 10:00:00,88404.0,88684.7,88404.0,88655.1,100.0744167
2026-01-25 11:00:00,88654.4,88709.0,88538.4,88574.9,48.11683329
2026-01-25 12:00:00,88575.0,88805.1,88447.4,88796.4,189.85756664
2026-01-25 13:00:00,88796.5,88974.0,88650.2,88926.0,63.29973787
2026-01-25 14:00:00,88926.1,88945.9,88625.0,88704.2,85.31956341
2026-01-25 15:00:00,88704.2,88759.4,88378.8,88456.1,92.94266558
2026-01-25 16:00:00,88456.1,88456.1,87573.3,88087.9,425.05490377
2026-01-25 17:00:00,88087.9,88112.5,87764.1,87886.3,121.0311218
2026-01-25 18:00:00,87886.3,87986.1,86800.9,87419.5,675.30650411
2026-01-25 19:00:00,87420.0,87503.0,86181.6,86503.3,574.3725638
2026-01-25 20:00:00,86503.3,86721.8,86229.7,86666.5,219.71196253
2026-01-25 21:00:00,86666.6,87012.2,86400.3,86570.3,203.55462311
2026-01-25 22:00:00,86570.9,86692.3,86230.8,86541.1,219.49706787
2026-01-25 23:00:00,86541.0,86794.9,86090.0,86666.8,349.74083854
2026-01-26 00:00:00,86666.8,87182.4,86515.2,86847.1,194.95449305
2026-01-26 01:00:00,86847.1,87820.0,86813.4,87700.1,343.55396014
2026-01-26 02:00:00,87700.1,87970.3,87435.0,87560.9,180.15982532
2026-01-26 03:00:00,87561.0,87678.7,87078.1,87273.6,280.76120501
2026-01-26 04:00:00,87273.7,87943.3,87240.0,87728.9,339.39679071
2026-01-26 05:00:00,87729.0,87943.3,87664.0,87804.8,177.89216312
2026-01-26 06:00:00,87804.9,88019.8,87751.5,87934.9,179.75762796
2026-01-26 07:00:00,87934.9,88073.2,87695.1,87998.8,429.22413635
2026-01-26 08:00:00,87998.8,88385.7,87842.7,87973.0,336.46685512
2026-01-26 09:00:00,87973.1,88004.3,87599.1,87659.9,151.13571131
2026-01-26 10:00:00,87659.9,87954.3,87646.4,87893.6,70.08172001
2026-01-26 11:00:00,87893.6,87980.0,87762.8,87858.1,100.1451391
2026-01-26 12:00:00,87858.1,87971.6,87741.8,87799.9,130.48360013
2026-01-26 13:00:00,87799.9,88052.3,87704.1,87962.4,144.79718859
2026-01-26 14:00:00,87962.4,88524.7,87452.7,88186.3,721.74462337
2026-01-26 15:00:00,88186.2,88857.0,87333.7,87643.0,686.26306122
2026-01-26 16:00:00,87643.1,87950.0,87211.8,87615.4,318.81344909
2026-01-26 17:00:00,87618.5,87788.6,87041.1,87698.0,210.16125643
2026-01-26 18:00:00,87698.1,88412.0,87650.3,88408.9,201.9386306
2026-01-26 19:00:00,88408.9,88545.0,87957.5,88017.6,162.96808358
2026-01-26 20:00:00,88017.6,88135.6,87549.5,87641.8,102.58009893
2026-01-26 21:00:00,87641.8,88250.0,87578.6,88074.7,138.141201
2026-01-26 22:00:00,88074.7,88281.3,88010.1,88145.9,104.64871328
2026-01-26 23:00:00,88145.8,88664.7,88026.3,88347.9,147.62493913
2026-01-27 00:00:00,88348.0,88459.0,88205.0,88350.8,81.27634192
2026-01-27 01:00:00,88350.8,88712.5,88200.0,88559.3,117.84249638
2026-01-27 02:00:00,88559.8,88850.0,88550.0,88820.1,172.18901693
2026-01-27 03:00:00,88818.5,88885.0,88580.4,88784.0,107.97047553
2026-01-27 04:00:00,88784.0,88996.0,88520.0,88582.9,170.24340361
2026-01-27 05:00:00,88582.9,88588.9,88402.2,88459.9,116.37397462
2026-01-27 06:00:00,88459.9,88533.1,88268.1,88328.0,76.77247707
2026-01-27 07:00:00,88327.9,88563.5,88309.6,88322.6,305.02928235
2026-01-27 08:00:00,88322.6,88393.4,88127.0,88176.1,526.74828025
2026-01-27 09:00:00,88176.1,88176.2,87875.0,87895.6,360.72350145
2026-01-27 10:00:00,87895.6,88066.6,87761.0,87789.9,90.33055385
2026-01-27 11:00:00,87790.0,88101.2,87750.0,87991.3,65.56482446
2026-01-27 12:00:00,87990.6,88157.9,87953.1,87983.9,80.52919062
2026-01-27 13:00:00,87984.0,88067.5,87806.0,87979.8,74.55699653
2026-01-27 14:00:00,87979.8,88456.9,87654.7,87734.9,253.62683937
2026-01-27 15:00:00,87738.0,88192.5,87577.4,88038.9,288.61666951
2026-01-27 16:00:00,88039.0,88837.4,88000.9,88638.9,338.34529544
2026-01-27 17:00:00,88639.0,88700.0,87311.7,87556.0,401.12121349
2026-01-27 18:00:00,87556.0,88520.0,87460.9,88287.5,259.95078362
2026-01-27 19:00:00,88288.9,88550.7,88056.2,88414.7,126.65606534
2026-01-27 20:00:00,88412.7,89499.8,88377.5,89400.9,542.93261291
2026-01-27 21:00:00,89399.3,89526.3,89006.5,89079.0,183.54008945
2026-01-27 22:00:00,89079.1,89431.8,89018.1,89244.7,92.47467556
2026-01-27 23:00:00,89244.7,89516.0,89142.3,89250.0,102.22626143
2026-01-28 00:00:00,89250.1,89488.3,89151.1,89476.6,90.25828143
2026-01-28 01:00:00,89476.6,89495.0,89196.2,89400.8,92.89723759
2026-01-28 02:00:00,89400.8,89450.0,89102.3,89288.0,92.32902972
2026-01-28 03:00:00,89288.1,89337.0,88986.9,89119.3,121.63910105
2026-01-28 04:00:00,89119.2,89168.3,88840.0,88979.6,75.7490099
2026-01-28 05:00:00,88979.6,89105.0,88852.1,89089.8,139.5602112
2026-01-28 06:00:00,89089.8,89394.0,89089.8,89323.2,181.57564974
2026-01-28 07:00:00,89323.3,89350.0,89108.6,89129.6,214.54621193
2026-01-28 08:00:00,89129.6,89262.0,88811.0,88924.9,291.91427285
2026-01-28 09:00:00,88924.9,89573.9,88857.4,89572.5,233.04782723
2026-01-28 10:00:00,89572.5,89717.8,89335.0,89410.1,138.3042463
2026-01-28 11:00:00,89410.2,90156.9,89314.3,90070.6,362.45278539
2026-01-28 12:00:00,90070.5,90166.9,89792.8,89995.0,245.90914358
2026-01-28 13:00:00,89995.1,90488.0,89971.0,90262.2,578.12081684
2026-01-28 14:00:00,90262.3,90263.0,89454.4,89614.0,452.69833818
2026-01-28 15:00:00,89614.1,89846.9,88906.9,89480.5,514.45249137
2026-01-28 16:00:00,89480.5,89829.0,89250.1,89644.0,340.15118086
2026-01-28 17:00:00,89643.9,90606.1,89300.0,90170.0,649.96665111
2026-01-28 18:00:00,90170.1,90180.9,89309.1,89546.2,339.50073602
2026-01-28 19:00:00,89546.2,89719.9,89023.5,89397.2,314.45911095
2026-01-28 20:00:00,89396.3,89898.0,89008.1,89134.7,235.63917743
2026-01-28 21:00:00,89134.1,89486.9,88875.0,89412.1,206.31393061
2026-01-28 22:00:00,89412.4,89476.1,89140.0,89383.3,63.50401386
2026-01-28 23:00:00,89383.3,89470.0,89210.0,89299.9,41.23689604
2026-01-29 00:00:00,89299.9,89348.7,88900.1,89144.8,71.13644892
2026-01-29 01:00:00,89145.0,89155.9,88550.0,88603.0,213.54285967
2026-01-29 02:00:00,88603.1,88757.9,87702.5,87904.0,501.80899425
2026-01-29 03:00:00,87904.1,88260.6,87782.1,88060.0,254.1657542
2026-01-29 04:00:00,88060.1,88342.8,87903.2,88317.2,154.08053398
2026-01-29 05:00:00,88317.0,88412.1,88143.5,88183.4,88.25062647
2026-01-29 06:00:00,88183.3,88342.4,88168.5,88315.1,70.24759496
2026-01-29 07:00:00,88315.1,88427.0,88250.0,88352.9,250.5997345
2026-01-29 08:00:00,88352.8,88500.0,87900.1,88056.1,499.51088883
2026-01-29 09:00:00,88056.2,88146.6,87880.5,87880.5,216.54095882
2026-01-29 10:00:00,87880.5,88000.0,87817.0,87947.1,177.90521769
2026-01-29 11:00:00,87947.1,88050.3,87745.3,87831.1,194.8617966
2026-01-29 12:00:00,87831.2,88120.0,87811.0,88113.0,106.77776637
2026-01-29 13:00:00,88113.0,88169.6,87946.3,88041.8,146.3401364
2026-01-29 14:00:00,88044.2,88070.9,87000.0,87008.5,548.42178233
2026-01-29 15:00:00,87008.5,87033.4,84389.9,84950.5,2362.91369797
2026-01-29 16:00:00,84951.0,85403.1,84280.0,85279.1,999.52972668
2026-01-29 17:00:00,85279.1,85631.3,84013.5,84261.8,696.90846318
2026-01-29 18:00:00,84261.9,84632.2,83409.3,83477.9,675.57746739
2026-01-29 19:00:00,83478.0,84333.3,83371.0,84016.2,460.54671187
2026-01-29 20:00:00,84016.3,84391.0,83833.6,84201.5,550.99726466
2026-01-29 21:00:00,84212.2,84658.5,84193.9,84523.7,188.4693118
2026-01-29 22:00:00,84527.9,84611.9,84307.0,84566.2,123.71455474
2026-01-29 23:00:00,84566.2,84739.1,84440.1,84654.7,165.4756126
2026-01-30 00:00:00,84654.7,84735.7,84151.5,84196.9,232.81344862
2026-01-30 01:00:00,84196.9,84197.0,81010.0,82479.1,2153.87161409
2026-01-30 02:00:00,82479.0,82546.8,81161.7,82160.0,843.16636083
2026-01-30 03:00:00,82160.0,82735.1,82038.9,82681.2,514.10681663
2026-01-30 04:00:00,82681.3,83326.4,82681.2,82933.9,265.81928757
2026-01-30 05:00:00,82933.9,83327.4,82894.5,82904.9,196.24212696
2026-01-30 06:00:00,82904.8,82914.3,82053.9,82599.8,582.20473521
2026-01-30 07:00:00,82599.8,83100.0,82467.3,82806.0,1493.88152172
2026-01-30 08:00:00,82805.9,82969.4,82438.0,82661.0,392.00622577
2026-01-30 09:00:00,82661.1,82826.3,82153.6,82353.4,226.30712652
2026-01-30 10:00:00,82353.0,82887.9,82161.2,82824.5,147.58154136
2026-01-30 11:00:00,82824.5,83306.4,82677.2,83149.8,252.04738533
2026-01-30 12:00:00,83149.7,83318.3,82638.4,82797.0,241.91246715
2026-01-30 13:00:00,82797.1,83076.9,82416.8,82743.9,437.43636754
2026-01-30 14:00:00,82744.0,83796.7,82734.6,83100.0,705.83868284
2026-01-30 15:00:00,83100.0,83618.0,82383.4,82885.4,493.71143199
2026-01-30 16:00:00,82882.1,83495.2,82560.9,83149.7,297.09437471
2026-01-30 17:00:00,83149.6,83482.0,82641.0,82943.4,368.33539742
2026-01-30 18:00:00,82943.3,84196.8,81888.9,83945.0,815.6343167
2026-01-30 19:00:00,83945.1,84631.3,83927.4,84247.9,643.00483084
2026-01-30 20:00:00,84247.9,84316.6,83535.5,83903.0,823.2626655
2026-01-30 21:00:00,83903.1,84500.0,83795.4,84268.0,286.39294453
2026-01-30 22:00:00,84279.4,84327.8,83915.6,84222.1,162.30852802
2026-01-30 23:00:00,84222.1,84299.4,83936.6,84253.2,97.21256529
2026-01-31 00:00:00,84253.3,84276.9,84020.0,84073.4,184.782098
2026-01-31 01:00:00,84073.4,84268.1,83908.5,84010.9,155.10266017
2026-01-31 02:00:00,84011.0,84181.8,83821.6,84124.1,156.40539102
2026-01-31 03:00:00,84124.2,84229.9,83992.0,84013.0,117.39168685
2026-01-31 04:00:00,84013.0,84140.0,83936.3,83991.0,136.65160078
2026-01-31 05:00:00,83990.9,84096.0,83904.1,84000.1,137.5120829
2026-01-31 06:00:00,84000.1,84050.1,83636.3,83787.0,235.70615404
2026-01-31 07:00:00,83787.0,83800.0,83412.1,83552.0,695.85988548
2026-01-31 08:00:00,83551.9,83629.9,82581.0,83062.9,916.6990127
2026-01-31 09:00:00,83065.0,83310.9,82893.0,83118.0,419.39926524
2026-01-31 10:00:00,83118.1,83209.8,82923.6,83169.8,144.24054433
2026-01-31 11:00:00,83169.8,83169.8,82860.4,83024.8,98.91671554
2026-01-31 12:00:00,83024.9,83150.0,82720.2,82771.9,180.88671907
2026-01-31 13:00:00,82772.0,82931.8,82488.1,82776.1,192.39005374
2026-01-31 14:00:00,82776.1,82945.0,80831.6,81486.1,1392.51552361
2026-01-31 15:00:00,81486.1,81785.6,81083.4,81302.0,458.58911508
2026-01-31 16:00:00,81302.0,82216.0,80100.6,80359.1,1558.7325173
2026-01-31 17:00:00,80359.0,80542.4,78100.0,78891.0,2299.70346403
2026-01-31 18:00:00,78891.0,79139.0,75678.0,78028.9,2701.97864836
2026-01-31 19:00:00,78034.6,78566.1,77200.0,77756.0,841.63504664
2026-01-31 20:00:00,77756.1,78138.6,77079.5,78000.0,747.52801924
2026-01-31 21:00:00,77993.0,78368.9,77372.1,78294.0,397.49758266
2026-01-31 22:00:00,78300.0,78495.8,77988.3,78158.0,296.53634445
2026-01-31 23:00:00,78156.1,79230.8,78073.8,78738.9,587.61889804
2026-02-01 00:00:00,78739.0,79422.0,78648.0,78897.6,357.40995231
2026-02-01 01:00:00,78896.2,78946.0,78289.4,78531.0,256.42120429
2026-02-01 02:00:00,78531.0,79058.9,78378.2,78902.1,191.27090227
2026-02-01 03:00:00,78902.1,79003.5,78674.0,78864.1,133.00336939
2026-02-01 04:00:00,78864.1,79116.0,78727.1,78972.0,221.61670802
2026-02-01 05:00:00,78976.9,79006.0,78525.2,78611.4,341.03047375
2026-02-01 06:00:00,78611.5,78819.8,78267.1,78300.1,300.50304115
2026-02-01 07:00:00,78300.2,78730.0,77967.6,78358.1,407.86807707
2026-02-01 08:00:00,78358.0,78870.0,78263.7,78606.3,235.64004632
2026-02-01 09:00:00,78606.3,79149.6,78555.0,79044.1,207.99259375
2026-02-01 10:00:00,79045.0,79232.0,78150.6,78276.9,312.232859
2026-02-01 11:00:00,78277.0,78876.6,78277.0,78754.8,108.25519586
2026-02-01 12:00:00,78754.9,78760.0,78254.5,78461.6,130.29662449
2026-02-01 13:00:00,78461.5,78774.7,78206.0,78327.0,197.02105158
2026-02-01 14:00:00,78327.1,78524.9,77219.2,78209.3,771.05204069
2026-02-01 15:00:00,78213.2,78266.1,76780.0,77600.9,761.01545135
2026-02-01 16:00:00,77601.9,77841.4,77094.2,77495.1,381.05577333
2026-02-01 17:00:00,77495.0,77758.4,77308.1,77758.4,244.06012084
2026-02-01 18:00:00,77758.4,78443.4,77732.5,78037.1,233.15123559
2026-02-01 19:00:00,78037.1,78111.1,77001.0,77176.1,190.00631471
2026-02-01 20:00:00,77176.0,77752.8,76607.6,77111.2,366.6479084
2026-02-01 21:00:00,77111.3,77174.9,76365.2,76535.6,490.792811
2026-02-01 22:00:00,76534.4,77796.8,76460.0,77256.9,480.50053883
2026-02-01 23:00:00,77256.8,77621.5,75715.3,76978.0,1139.6408955
2026-02-02 00:00:00,76978.0,78153.7,76621.2,77682.1,513.02943137
2026-02-02 01:00:00,77682.0,77960.5,76636.3,77528.9,370.72689364
2026-02-02 02:00:00,77526.1,77559.5,76460.2,76500.1,380.35479779
2026-02-02 03:00:00,76500.1,76586.0,74612.0,76298.4,2259.38764079
2026-02-02 04:00:00,76306.0,76612.1,75340.8,75891.0,523.12408456
2026-02-02 05:00:00,75891.0,75998.9,74908.3,75494.1,684.58626939
2026-02-02 06:00:00,75494.0,76835.1,74950.5,76542.5,958.29650963
2026-02-02 07:00:00,76546.0,76950.0,76323.0,76648.0,588.92424938
2026-02-02 08:00:00,76649.0,77179.4,76621.2,76869.9,848.54638399
2026-02-02 09:00:00,76869.9,77817.9,76649.5,77709.5,669.97955441
2026-02-02 10:00:00,77709.5,77871.2,77464.0,77503.9,219.22467633
2026-02-02 11:00:00,77503.9,77969.9,77446.1,77761.0,270.61248697
2026-02-02 12:00:00,77761.0,78481.3,77711.0,77985.9,496.92952042
2026-02-02 13:00:00,77985.9,78439.3,77797.1,78225.1,369.04543506
2026-02-02 14:00:00,78225.0,78884.6,77625.0,77843.0,851.22498884
2026-02-02 15:00:00,77844.9,79335.5,77554.5,78851.7,1352.01240956
2026-02-02 16:00:00,78845.1,79292.0,78579.1,78633.0,575.54976888
2026-02-02 17:00:00,78632.9,79214.4,78592.1,78986.1,376.86643354
2026-02-02 18:00:00,78986.1,78986.1,78360.9,78567.1,408.65698369
2026-02-02 19:00:00,78567.1,78695.6,78277.7,78326.7,281.39588668
2026-02-02 20:00:00,78325.9,78664.5,77890.7,78007.6,489.34797916
2026-02-02 21:00:00,78007.6,78577.7,77893.1,78532.9,189.78964107
2026-02-02 22:00:00,78533.2,78853.1,78529.6,78803.0,174.35257611
2026-02-02 23:00:00,78803.0,78972.4,78562.5,78737.9,145.41264614
2026-02-03 00:00:00,78734.1,79111.9,78414.0,79075.1,186.54245448
2026-02-03 01:00:00,79075.1,79196.9,78719.6,79018.1,105.48088781
2026-02-03 02:00:00,79018.1,79018.1,77800.1,77808.1,269.88377286
2026-02-03 03:00:00,77808.1,78904.0,77636.2,78747.2,252.17347807
2026-02-03 04:00:00,78750.0,78999.0,78488.2,78805.5,220.53080062
2026-02-03 05:00:00,78805.5,78808.1,78200.0,78242.1,173.11347805
2026-02-03 06:00:00,78241.1,78670.0,77936.7,78595.0,920.55977693
2026-02-03 07:00:00,78595.0,78918.0,78484.3,78779.8,565.27042528
2026-02-03 08:00:00,78779.8,79079.6,78461.6,78746.4,549.48431176
2026-02-03 09:00:00,78746.4,78840.5,77942.9,78400.0,379.70441117
2026-02-03 10:00:00,78400.1,78563.0,78062.6,78115.1,123.52123016
2026-02-03 11:00:00,78115.1,78344.5,78004.1,78080.0,117.24061374
2026-02-03 12:00:00,78081.0,78415.0,77999.0,78330.0,162.36322194
2026-02-03 13:00:00,78329.9,78463.3,78188.7,78306.0,182.83810279
2026-02-03 14:00:00,78305.1,78432.9,77177.1,77206.1,563.38218002
2026-02-03 15:00:00,77206.1,78210.3,77057.0,78134.1,800.42652144
2026-02-03 16:00:00,78134.1,78140.0,76487.8,76487.9,891.17654046
2026-02-03 17:00:00,76487.9,76532.3,74888.8,74916.2,769.75667178
2026-02-03 18:00:00,74917.3,75308.5,73150.0,73151.6,1979.18748463
2026-02-03 19:00:00,73151.3,75256.7,72917.8,74940.1,1070.41498589
2026-02-03 20:00:00,74940.0,76720.9,74583.4,76470.0,858.5257067
2026-02-03 21:00:00,76470.4,76969.0,76134.4,76240.1,296.00023849
2026-02-03 22:00:00,76240.1,76306.5,75416.6,75716.3,324.76205353
2026-02-03 23:00:00,75716.3,76006.7,75439.4,75778.0,271.65280486
2026-02-04 00:00:00,75778.0,76270.1,75469.3,75922.0,214.34861252
2026-02-04 01:00:00,75922.1,76793.9,75922.1,76437.0,215.01391239
2026-02-04 02:00:00,76437.1,76615.0,75721.1,75970.1,177.77114148
2026-02-04 03:00:00,75970.1,76974.4,75913.1,76707.1,332.506402
2026-02-04 04:00:00,76707.1,76843.7,76431.0,76495.1,209.02731299
2026-02-04 05:00:00,76495.1,76534.6,76110.8,76293.0,303.44776097
2026-02-04 06:00:00,76293.0,76789.9,76264.3,76659.0,188.92772401
2026-02-04 07:00:00,76659.1,76665.8,76344.0,76522.0,577.05002526
2026-02-04 08:00:00,76522.0,76600.0,76066.9,76585.0,311.1593704
2026-02-04 09:00:00,76585.0,76615.1,75970.4,76123.5,454.32267197
2026-02-04 10:00:00,76123.5,76373.6,76067.4,76304.0,178.37673437
2026-02-04 11:00:00,76304.1,76304.1,75675.6,76025.0,289.37644512
2026-02-04 12:00:00,76025.1,76271.4,76009.0,76179.0,204.23515221
2026-02-04 13:00:00,76179.1,76198.0,74869.6,74873.1,507.13621038
2026-02-04 14:00:00,74869.6,75790.0,74251.0,74359.7,742.16842033
2026-02-04 15:00:00,74360.0,75330.4,73801.0,74140.1,1124.52263471
2026-02-04 16:00:00,74142.4,74242.3,73078.8,73642.0,758.8922204
2026-02-04 17:00:00,73642.0,73857.3,72140.0,72584.9,1240.98284087
2026-02-04 18:00:00,72585.0,74140.7,72274.8,73429.5,982.48702157
2026-02-04 19:00:00,73432.0,74036.9,73047.9,73923.1,448.73817741
2026-02-04 20:00:00,73926.0,74156.3,73427.8,73519.1,225.35191219
2026-02-04 21:00:00,73519.0,73656.0,72213.2,72809.0,436.85722453
2026-02-04 22:00:00,72809.0,73692.3,71877.5,72543.2,645.87935718
2026-02-04 23:00:00,72543.1,73518.2,72464.0,73168.1,364.10349712
2026-02-05 00:00:00,73166.0,73332.9,72757.7,72867.2,228.43306156
2026-02-05 01:00:00,72870.4,73333.0,71955.5,72413.9,528.55419298
2026-02-05 02:00:00,72413.9,72843.6,71313.2,71457.1,1128.6148357
2026-02-05 03:00:00,71461.1,71883.8,71150.4,71226.0,670.80535137
2026-02-05 04:00:00,71226.1,71442.8,70703.0,70883.0,1031.96155362
2026-02-05 05:00:00,70883.1,71159.6,70146.0,70733.5,1175.86046552
2026-02-05 06:00:00,70733.6,70985.0,70403.8,70951.2,518.01298241
2026-02-05 07:00:00,70951.1,71629.4,70641.0,70755.1,877.81338311
2026-02-05 08:00:00,70755.8,71565.1,70687.7,71054.6,636.240212
2026-02-05 09:00:00,71054.6,71974.9,71037.3,71559.5,422.3354098
2026-02-05 10:00:00,71560.0,71730.0,70658.0,70858.0,316.95804792
2026-02-05 11:00:00,70858.1,71055.1,69900.0,70324.1,1400.21749487
2026-02-05 12:00:00,70327.1,70603.0,69146.9,69570.9,1466.5403969
2026-02-05 13:00:00,69570.9,69834.6,69261.0,69693.0,799.48282031
2026-02-05 14:00:00,69693.1,70874.0,69300.0,69401.1,1139.93460673
2026-02-05 15:00:00,69400.1,69624.4,66700.3,67482.9,4251.34584516
2026-02-05 16:00:00,67488.0,68688.0,66937.1,68311.1,1645.32648857
2026-02-05 17:00:00,68310.1,68385.5,66156.0,66189.4,1927.40109464
2026-02-05 18:00:00,66186.0,66554.3,65361.1,66352.9,1862.5813504
2026-02-05 19:00:00,66348.1,66630.0,65191.5,65264.9,995.08258415
2026-02-05 20:00:00,65266.5,65704.1,62277.0,63781.1,5009.21411191
2026-02-05 21:00:00,63774.9,64787.5,62887.3,63226.7,2095.30877405
2026-02-05 22:00:00,63226.6,64606.5,62501.2,63911.4,2028.86683513
2026-02-05 23:00:00,63911.4,64916.5,62730.1,62913.2,1510.62407038
2026-02-06 00:00:00,62913.1,63853.2,60000.0,63502.0,6768.36021219
2026-02-06 01:00:00,63502.1,65777.7,63502.1,65715.2,2214.79286087
2026-02-06 02:00:00,65715.2,66000.0,64209.1,64993.5,1223.09268524
2026-02-06 03:00:00,64994.0,65163.0,63775.0,64175.3,739.8862096
2026-02-06 04:00:00,64175.3,65000.0,63962.0,64903.4,577.40760824
2026-02-06 05:00:00,64902.4,66818.7,64805.5,66399.9,914.5515379
2026-02-06 06:00:00,66400.9,66788.1,64846.9,64982.3,1151.62159505
2026-02-06 07:00:00,64977.7,65556.2,64646.9,64851.4,2153.1736311
2026-02-06 08:00:00,64851.4,65200.0,64472.1,64893.6,1470.94018054
2026-02-06 09:00:00,64896.5,66160.9,64761.0,65792.7,841.36495848
2026-02-06 10:00:00,65799.4,66228.5,65526.2,65958.4,510.74401506
2026-02-06 11:00:00,65958.3,66767.2,65769.2,66623.3,874.45415743
2026-02-06 12:00:00,66623.2,66625.4,66111.0,66560.9,572.02034394
2026-02-06 13:00:00,66560.9,67688.0,66470.4,67318.0,1030.0830883
2026-02-06 14:00:00,67320.4,68635.0,66634.9,68197.1,1776.79357175
2026-02-06 15:00:00,68198.3,69190.9,67770.3,68629.0,1342.73539406
2026-02-06 16:00:00,68629.0,70229.5,68424.3,69947.8,1410.70810385
2026-02-06 17:00:00,69947.8,71500.0,69565.9,70756.7,1490.43095633
2026-02-06 18:00:00,70756.7,70819.3,69341.8,69772.4,1003.28411688
2026-02-06 19:00:00,69774.0,70947.9,69667.0,70731.0,735.06210713
2026-02-06 20:00:00,70730.1,70993.5,70000.0,70000.7,751.03612942
2026-02-06 21:00:00,70000.7,70527.3,69835.5,70358.1,486.71919789
2026-02-06 22:00:00,70362.6,71573.0,70280.0,71346.2,465.18969833
2026-02-06 23:00:00,71346.2,71745.8,70508.8,70571.8,460.90534756
2026-02-07 00:00:00,70569.6,70599.0,69709.8,69955.0,771.01134187
2026-02-07 01:00:00,69954.9,70676.7,69742.2,70475.5,314.60504343
2026-02-07 02:00:00,70472.8,70618.7,70150.3,70361.0,189.43507927
2026-02-07 03:00:00,70357.1,70920.1,70273.4,70920.0,326.37022769
2026-02-07 04:00:00,70920.0,71690.0,70600.1,70756.0,555.96426014
2026-02-07 05:00:00,70756.0,71186.4,69955.1,70161.6,729.79501904
2026-02-07 06:00:00,70157.0,70316.0,68757.5,68773.8,922.22552669
2026-02-07 07:00:00,68773.8,69089.6,67350.0,68096.9,2354.48782682
2026-02-07 08:00:00,68098.1,68800.0,67777.7,68506.9,830.74854271
2026-02-07 09:00:00,68506.1,68777.3,67902.0,68153.0,492.94575797
2026-02-07 10:00:00,68150.7,68314.3,67611.7,67999.8,537.18057443
2026-02-07 11:00:00,67999.7,68164.9,67706.1,67984.8,281.04145233
2026-02-07 12:00:00,67984.8,70000.9,67915.3,69028.8,1174.27320807
2026-02-07 13:00:00,69029.6,69365.6,68822.2,69099.4,326.20307117
2026-02-07 14:00:00,69100.0,69195.5,68361.5,68650.0,356.82888223
2026-02-07 15:00:00,68650.0,69782.4,68558.4,69159.9,502.76509097
2026-02-07 16:00:00,69159.9,69888.0,68825.1,68964.6,1594.72332727
2026-02-07 17:00:00,68964.7,69415.0,68548.7,69188.9,228.19203737
2026-02-07 18:00:00,69183.1,69699.1,69012.2,69514.6,151.63187081
2026-02-07 19:00:00,69513.7,69582.1,69270.5,69371.9,268.98441423
2026-02-07 20:00:00,69371.8,69733.3,69256.1,69630.3,85.142702
2026-02-07 21:00:00,69630.3,69703.5,69360.0,69506.4,207.33954509
2026-02-07 22:00:00,69506.4,69700.0,69324.5,69405.9,133.00638653
2026-02-07 23:00:00,69406.0,69456.9,68782.0,69296.3,289.16785325
2026-02-08 00:00:00,69296.1,69436.2,68888.9,69134.1,140.18200581
2026-02-08 01:00:00,69134.1,69500.0,69085.0,69385.3,158.17001487
2026-02-08 02:00:00,69385.4,69707.9,69165.9,69371.0,265.0832673
2026-02-08 03:00:00,69373.6,69444.2,69066.3,69101.1,209.92351033
2026-02-08 04:00:00,69101.1,69370.3,68971.0,69345.7,159.66146446
2026-02-08 05:00:00,69345.6,69420.0,69149.6,69222.8,193.69239203
2026-02-08 06:00:00,69223.3,69419.7,69088.1,69359.5,207.69019894
2026-02-08 07:00:00,69360.1,69709.3,69219.0,69701.9,284.76846675
2026-02-08 08:00:00,69701.9,70837.5,69507.9,70659.7,651.56586696
2026-02-08 09:00:00,70659.7,70710.6,70097.6,70102.6,269.12625094
2026-02-08 10:00:00,70109.6,70454.0,69888.8,70269.5,341.1942791
2026-02-08 11:00:00,70270.0,71213.5,70216.6,70988.0,493.979856
2026-02-08 12:00:00,70989.0,71278.7,70700.0,71242.3,347.99814804
2026-02-08 13:00:00,71242.3,71513.0,70968.5,71513.0,327.7647298
2026-02-08 14:00:00,71513.0,71553.0,71090.4,71255.7,315.01354033
2026-02-08 15:00:00,71255.8,71450.0,70779.1,71181.5,357.48244959
2026-02-08 16:00:00,71181.5,71253.0,70255.1,70422.7,336.41181286
2026-02-08 17:00:00,70418.8,70888.3,70408.2,70793.0,174.66944686
2026-02-08 18:00:00,70793.0,71419.7,70750.1,71148.1,231.38012693
2026-02-08 19:00:00,71145.0,71525.4,71145.0,71421.2,118.90218347
2026-02-08 20:00:00,71423.0,71429.9,70708.3,70846.1,130.80835793
2026-02-08 21:00:00,70846.2,71136.5,70550.6,70705.9,125.08924913
2026-02-08 22:00:00,70705.2,71103.6,70660.7,71073.7,102.1068274
2026-02-08 23:00:00,71062.4,72288.0,70000.0,70334.0,1110.4397664
2026-02-09 00:00:00,70332.8,70784.1,70114.0,70500.0,272.41711563
2026-02-09 01:00:00,70499.9,70922.7,70062.8,70367.0,309.30983014
2026-02-09 02:00:00,70367.0,71000.6,70212.3,70630.0,250.72966162
2026-02-09 03:00:00,70630.0,71444.9,70610.3,71305.4,355.46031192
2026-02-09 04:00:00,71305.4,71363.1,70916.3,70996.8,221.36161176
2026-02-09 05:00:00,70996.8,71111.0,70800.0,71052.2,203.41042154
2026-02-09 06:00:00,71052.3,71052.3,70317.4,70665.8,271.95935394
2026-02-09 07:00:00,70665.2,70890.0,70352.9,70423.9,442.83156586
2026-02-09 08:00:00,70423.9,70610.4,69400.0,69871.1,637.03438257
2026-02-09 09:00:00,69871.1,70124.8,69479.0,69628.9,329.51189639
2026-02-09 10:00:00,69628.9,69728.2,68428.5,68739.5,587.96339962
2026-02-09 11:00:00,68739.5,69026.5,68586.7,68935.0,320.09494729
2026-02-09 12:00:00,68935.1,69250.0,68865.8,69145.9,249.94134465
2026-02-09 13:00:00,69145.9,69300.0,68601.0,68601.0,223.65153786
2026-02-09 14:00:00,68601.0,69756.7,68309.4,69269.2,641.85864934
2026-02-09 15:00:00,69271.0,69868.8,68801.8,69567.1,541.37258984
2026-02-09 16:00:00,69564.1,70419.7,69100.0,70089.1,452.85539964
2026-02-09 17:00:00,70089.1,70993.7,69875.9,70615.5,511.0600181
2026-02-09 18:00:00,70617.0,71020.0,70092.0,70417.1,188.54783674
2026-02-09 19:00:00,70417.1,71069.6,70259.9,70962.5,195.32639395
2026-02-09 20:00:00,70959.0,71125.5,70500.0,70744.6,263.95474699
2026-02-09 21:00:00,70744.7,70811.0,69815.9,70411.2,233.38323287
2026-02-09 22:00:00,70413.6,70733.2,70274.1,70379.4,241.1342684
2026-02-09 23:00:00,70379.1,70587.0,70080.2,70136.4,95.17770244
2026-02-10 00:00:00,70141.0,70258.3,69747.6,69825.0,173.19639702
2026-02-10 01:00:00,69825.0,70533.2,69825.0,70491.2,179.91320758
2026-02-10 02:00:00,70491.9,70491.9,69994.8,70109.8,175.64729658
2026-02-10 03:00:00,70112.8,70174.7,69202.7,69515.7,277.28473874
2026-02-10 04:00:00,69515.6,69907.9,69481.0,69837.1,153.61193174
2026-02-10 05:00:00,69837.0,69869.5,69211.9,69455.0,169.86645222
2026-02-10 06:00:00,69455.1,69499.9,68680.6,68919.4,456.1801713
2026-02-10 07:00:00,68919.0,69219.8,68848.7,68924.0,421.21007058
2026-02-10 08:00:00,68923.9,69222.7,68727.2,69135.0,382.92528118
2026-02-10 09:00:00,69135.0,69422.2,68950.2,69153.6,278.2796405
2026-02-10 10:00:00,69153.7,69260.0,68920.4,68920.4,98.83037481
2026-02-10 11:00:00,68920.4,69091.6,68466.0,68530.9,295.58950294
2026-02-10 12:00:00,68530.2,68852.9,68433.3,68613.3,159.53629256
2026-02-10 13:00:00,68613.3,69139.9,68357.1,69030.1,215.94002912
2026-02-10 14:00:00,69030.2,69588.5,67911.6,68458.7,1015.130878
2026-02-10 15:00:00,68458.7,69512.1,68282.5,69288.1,647.10132976
2026-02-10 16:00:00,69288.2,69800.0,68939.3,69510.6,332.36939812
2026-02-10 17:00:00,69505.9,69990.0,69313.0,69921.0,241.38925121
2026-02-10 18:00:00,69921.0,69949.1,68619.2,68907.3,242.440935
2026-02-10 19:00:00,68906.6,69311.9,68704.1,69068.8,165.89195781
2026-02-10 20:00:00,69068.8,69143.0,68636.4,68761.3,162.1593501
2026-02-10 21:00:00,68755.1,69012.2,68363.7,68659.0,276.22045633
2026-02-10 22:00:00,68660.0,68872.4,68566.3,68707.2,117.21925955
2026-02-10 23:00:00,68707.1,68866.1,68509.7,68841.3,122.8362819
2026-02-11 00:00:00,68841.3,69244.4,68784.1,69193.2,175.45562794
2026-02-11 01:00:00,69193.0,69291.6,68909.1,68978.7,132.76724337
2026-02-11 02:00:00,68984.1,69165.0,68608.0,68679.0,215.53873558
2026-02-11 03:00:00,68679.0,68754.0,68000.1,68187.9,264.65462886
2026-02-11 04:00:00,68187.7,68326.1,67365.7,67592.0,561.84222858
2026-02-11 05:00:00,67594.9,67819.3,67400.1,67406.9,299.18321674
2026-02-11 06:00:00,67406.9,67496.7,66560.0,66823.8,771.84281783
2026-02-11 07:00:00,66818.7,67264.0,66654.6,67039.5,560.19579672
2026-02-11 08:00:00,67039.6,67125.0,66802.0,66991.2,222.58675215
2026-02-11 09:00:00,66991.2,67121.6,66727.9,66877.6,197.18461452
2026-02-11 10:00:00,66877.6,66895.4,66380.1,66539.8,308.26815634
2026-02-11 11:00:00,66539.9,67122.9,66516.1,67067.9,217.52296455
2026-02-11 12:00:00,67067.6,67435.8,66968.8,67143.8,305.29815568
2026-02-11 13:00:00,67143.9,67674.8,66813.1,67454.9,634.73869333
2026-02-11 14:00:00,67454.9,68832.4,66444.6,66587.7,1519.22781889
2026-02-11 15:00:00,66587.7,66816.7,65759.1,66522.0,1099.88970763
2026-02-11 16:00:00,66518.5,67254.9,65957.4,66039.1,562.77642384
2026-02-11 17:00:00,66039.0,66916.6,65877.6,66522.1,361.96824813
2026-02-11 18:00:00,66522.1,67307.2,66153.9,67276.7,362.28685363
2026-02-11 19:00:00,67276.7,67854.8,67115.4,67588.1,321.2051588
2026-02-11 20:00:00,67588.0,67755.7,67184.4,67554.4,228.24327441
2026-02-11 21:00:00,67555.6,68360.7,67420.1,67809.9,404.40251383
2026-02-11 22:00:00,67808.1,67874.9,67383.4,67431.3,140.25571476
2026-02-11 23:00:00,67433.3,67558.6,66789.1,67081.7,320.07028998
2026-02-12 00:00:00,67085.8,67700.0,67051.6,67461.7,318.6164679
2026-02-12 01:00:00,67461.7,68047.3,67461.7,67695.0,314.31745841
2026-02-12 02:00:00,67691.1,67796.9,67415.1,67435.9,158.82015642
2026-02-12 03:00:00,67436.0,67596.0,67311.6,67588.0,109.75794536
2026-02-12 04:00:00,67588.1,67682.3,67002.0,67021.0,244.84020672
2026-02-12 05:00:00,67021.1,67210.4,66653.9,67139.0,345.51591047
2026-02-12 06:00:00,67139.7,67383.3,67011.1,67120.0,272.11435549
2026-02-12 07:00:00,67124.5,67330.0,66935.0,67212.2,347.59402677
2026-02-12 08:00:00,67212.3,67333.3,66894.1,67137.4,247.42671316
2026-02-12 09:00:00,67139.6,67699.8,67049.5,67554.3,360.5713651
2026-02-12 10:00:00,67554.3,68063.1,67409.6,68011.3,305.28815756
2026-02-12 11:00:00,68013.0,68296.0,67742.2,68078.5,515.07286032
2026-02-12 12:00:00,68077.6,68162.8,67719.1,67857.9,234.0695787
2026-02-12 13:00:00,67858.0,68400.0,67680.0,68383.3,307.35906414
2026-02-12 14:00:00,68377.0,68421.6,67479.0,67578.7,540.33976073
2026-02-12 15:00:00,67578.7,67999.9,67005.0,67131.0,642.92831115
2026-02-12 16:00:00,67133.0,67235.2,65556.0,65858.6,1349.32715272
2026-02-12 17:00:00,65858.2,66266.0,65355.0,65410.1,488.98721675
2026-02-12 18:00:00,65414.6,65792.9,65120.1,65594.9,422.67881878
2026-02-12 19:00:00,65595.0,66135.4,65275.0,65793.9,297.59032163
2026-02-12 20:00:00,65794.0,66035.7,65220.1,65425.6,227.49937792
2026-02-12 21:00:00,65427.4,65897.3,65427.4,65845.7,127.05414651
2026-02-12 22:00:00,65845.6,66423.6,65645.6,66288.0,143.47356507
2026-02-12 23:00:00,66289.2,66488.0,66165.0,66281.4,157.67439696
2026-02-13 00:00:00,66277.2,66524.9,65871.9,65914.0,206.69164725
2026-02-13 01:00:00,65913.0,66619.9,65913.0,66451.9,204.71069242
2026-02-13 02:00:00,66452.0,66766.0,66384.9,66663.5,132.48694632
2026-02-13 03:00:00,66663.7,66800.0,66458.4,66557.1,207.01002173
2026-02-13 04:00:00,66556.9,66677.8,66313.0,66334.9,124.29583846
2026-02-13 05:00:00,66335.0,66508.4,66184.8,66184.8,232.55205324
2026-02-13 06:00:00,66185.0,66406.1,66009.8,66370.1,199.00791769
2026-02-13 07:00:00,66370.1,66580.4,66051.1,66215.7,534.09850074
2026-02-13 08:00:00,66215.8,66750.0,66195.7,66698.9,700.76303588
2026-02-13 09:00:00,66698.9,67063.1,66611.9,66964.0,548.29020579
2026-02-13 10:00:00,66964.1,67117.4,66804.1,66981.0,212.12246787
2026-02-13 11:00:00,66981.0,67231.8,66791.8,67177.0,199.02471527
2026-02-13 12:00:00,67175.9,67213.5,66928.1,67082.1,170.82577343
2026-02-13 13:00:00,67082.1,67623.0,66941.0,67273.4,395.89712889
2026-02-13 14:00:00,67273.4,68015.6,66866.6,67744.7,877.04780404
2026-02-13 15:00:00,67746.4,69310.0,67699.6,68704.0,1495.05283934
2026-02-13 16:00:00,68698.6,69486.5,68536.5,68955.3,634.91007118
2026-02-13 17:00:00,68958.0,69242.1,68631.0,69041.0,342.45393649
2026-02-13 18:00:00,69041.0,69399.7,68902.1,69127.6,245.84208612
2026-02-13 19:00:00,69127.6,69232.0,68915.4,68939.9,183.86981059
2026-02-13 20:00:00,68939.7,68972.0,68686.3,68785.6,144.02564617
2026-02-13 21:00:00,68773.8,69078.0,68730.1,68904.3,112.17725948
2026-02-13 22:00:00,68904.3,69004.5,68735.6,68998.9,177.06846817
2026-02-13 23:00:00,68999.0,69010.9,68813.2,68850.0,144.91618665
2026-02-14 00:00:00,68850.9,69136.5,68766.7,69099.7,173.27689001
2026-02-14 01:00:00,69089.7,69109.5,68921.0,68963.3,151.24381943
2026-02-14 02:00:00,68963.2,69009.3,68844.1,68875.9,192.13192919
2026-02-14 03:00:00,68875.9,69018.5,68842.2,68976.8,122.11256859
2026-02-14 04:00:00,68976.8,68990.0,68790.0,68790.1,60.02076045
2026-02-14 05:00:00,68790.1,68906.0,68759.0,68774.5,92.60109
2026-02-14 06:00:00,68774.5,68937.3,68730.0,68937.2,158.55450242
2026-02-14 07:00:00,68937.3,69333.3,68880.3,69208.7,481.40900593
2026-02-14 08:00:00,69208.6,69876.0,69203.8,69745.1,392.51344599
2026-02-14 09:00:00,69748.0,69902.0,69565.3,69712.0,132.37171654
2026-02-14 10:00:00,69712.1,69712.1,69578.4,69670.1,85.18032398
2026-02-14 11:00:00,69670.2,70576.8,69670.2,70511.0,566.91604038
2026-02-14 12:00:00,70503.1,70533.6,69612.9,69637.4,485.07575148
2026-02-14 13:00:00,69637.5,69774.1,69200.0,69473.5,466.98187628
2026-02-14 14:00:00,69471.0,69866.5,69333.1,69709.9,297.50781296
2026-02-14 15:00:00,69710.4,70050.0,69568.6,69793.3,175.36194947
2026-02-14 16:00:00,69793.3,69821.8,69295.0,69762.7,147.14230932
2026-02-14 17:00:00,69762.8,69931.6,69616.3,69740.5,79.80564217
2026-02-14 18:00:00,69740.6,69863.4,69676.5,69774.8,73.60689244
2026-02-14 19:00:00,69774.9,69912.4,69616.4,69872.6,47.90661144
2026-02-14 20:00:00,69872.7,70030.3,69741.2,70025.1,95.72517015
2026-02-14 21:00:00,70025.1,70250.0,69643.1,69930.9,200.22413365
2026-02-14 22:00:00,69929.3,70103.6,69785.5,69967.6,103.92054816
2026-02-14 23:00:00,69965.0,70029.1,69724.0,69821.7,68.37376803
2026-02-15 00:00:00,69821.8,69870.9,69604.1,69781.8,69.74941286
2026-02-15 01:00:00,69779.8,69902.8,69330.7,69712.9,119.46613707
2026-02-15 02:00:00,69712.9,69749.8,69351.6,69482.7,74.0498522
2026-02-15 03:00:00,69482.1,69989.9,69253.7,69950.1,261.78789867
2026-02-15 04:00:00,69952.0,70521.2,69921.2,70185.0,419.22434524
2026-02-15 05:00:00,70184.9,70466.6,70103.8,70267.6,195.26761052
2026-02-15 06:00:00,70267.1,70527.8,70186.0,70399.7,112.6929162
2026-02-15 07:00:00,70399.8,70919.5,70301.1,70823.1,432.49605031
2026-02-15 08:00:00,70823.1,70969.2,70169.4,70436.9,328.66697727
2026-02-15 09:00:00,70436.9,70663.3,70365.3,70418.1,142.56427681
2026-02-15 10:00:00,70418.0,70518.9,70205.2,70425.9,104.53796188
2026-02-15 11:00:00,70425.9,70541.6,70269.2,70294.0,75.04122531
2026-02-15 12:00:00,70294.0,70417.5,69307.7,69312.0,287.86625911
2026-02-15 13:00:00,69311.9,69620.0,68776.6,68934.1,498.60990757
2026-02-15 14:00:00,68934.1,69216.7,68839.9,69171.2,215.07947852
2026-02-15 15:00:00,69171.1,69259.2,68888.0,69094.9,157.87676559
2026-02-15 16:00:00,69096.0,69103.5,68793.1,69013.2,197.93351323
2026-02-15 17:00:00,69013.2,69089.0,68207.4,68637.5,444.63839029
2026-02-15 18:00:00,68637.5,68789.6,68352.0,68449.5,372.85477554
2026-02-15 19:00:00,68449.5,68558.3,68060.0,68294.8,293.51723104
2026-02-15 20:00:00,68294.8,68556.9,68129.8,68450.2,118.28220962
2026-02-15 21:00:00,68450.9,68972.7,68450.8,68851.2,124.31196562
2026-02-15 22:00:00,68851.2,69083.3,68800.3,68995.4,92.22666652
2026-02-15 23:00:00,68996.4,68996.4,68333.4,68837.9,192.77379393
2026-02-16 00:00:00,68838.0,69073.1,68708.3,68847.6,108.04900369
2026-02-16 01:00:00,68847.7,69047.1,68449.9,68634.6,80.06057586
2026-02-16 02:00:00,68634.6,68733.4,68250.0,68329.0,147.96540527
2026-02-16 03:00:00,68329.8,68466.0,68153.9,68426.4,146.06670099
2026-02-16 04:00:00,68426.5,68889.8,68418.0,68872.9,135.0421532
2026-02-16 05:00:00,68870.9,68897.7,68292.7,68387.0,114.54360758
2026-02-16 06:00:00,68387.1,68535.0,68235.2,68451.8,68.49989187
2026-02-16 07:00:00,68451.8,68666.6,68380.1,68592.5,196.00995076
2026-02-16 08:00:00,68592.5,68798.0,68547.1,68765.8,69.53493191
2026-02-16 09:00:00,68765.8,69060.9,68750.2,68994.5,172.45894492
2026-02-16 10:00:00,68994.4,68994.4,68700.0,68797.4,153.53298004
2026-02-16 11:00:00,68797.4,68920.3,68344.1,68813.3,140.74497606
2026-02-16 12:00:00,68813.3,69843.7,68811.0,69761.7,325.06427249
2026-02-16 13:00:00,69761.8,70118.0,68230.0,68396.6,769.52300877
2026-02-16 14:00:00,68395.1,68720.0,68270.0,68427.7,224.44836313
2026-02-16 15:00:00,68426.8,68607.6,67288.0,67538.9,988.95578609
2026-02-16 16:00:00,67541.8,67972.9,67510.6,67892.9,254.36240522
2026-02-16 17:00:00,67892.8,68071.7,67600.1,67948.4,152.76797449
2026-02-16 18:00:00,67948.5,68241.0,67831.5,67861.8,187.47851309
2026-02-16 19:00:00,67862.9,68132.5,67826.0,67915.2,105.89952339
2026-02-16 20:00:00,67915.2,68550.0,67830.3,68531.0,226.76423747
2026-02-16 21:00:00,68531.1,68935.1,68386.8,68864.8,140.44364694
2026-02-16 22:00:00,68863.1,68892.4,68508.8,68592.0,109.38985449
2026-02-16 23:00:00,68592.0,68984.0,68537.1,68895.1,84.30580464
2026-02-17 00:00:00,68895.1,69053.6,68701.2,68884.8,115.989275
2026-02-17 01:00:00,68884.9,68999.8,68565.2,68614.6,170.42899769
2026-02-17 02:00:00,68613.3,69249.1,68387.5,68836.1,164.82474536
2026-02-17 03:00:00,68835.9,68862.3,68469.8,68476.1,126.92199575
2026-02-17 04:00:00,68476.1,68711.1,68291.6,68486.2,109.05420879
2026-02-17 05:00:00,68486.2,68512.1,67901.2,68241.9,210.91915948
2026-02-17 06:00:00,68242.0,68512.1,68241.9,68400.6,76.08726238
2026-02-17 07:00:00,68400.0,68489.2,68166.4,68383.6,139.6719638
2026-02-17 08:00:00,68387.0,68480.0,68128.0,68178.3,94.57555536
2026-02-17 09:00:00,68178.2,68307.0,67995.1,68125.5,226.0062288
2026-02-17 10:00:00,68125.5,68192.8,67706.8,67847.9,170.25216054
2026-02-17 11:00:00,67847.9,67942.0,67691.0,67855.0,120.72983346
2026-02-17 12:00:00,67855.1,68302.0,67835.1,67920.7,211.30920205
2026-02-17 13:00:00,67920.8,68368.1,67750.0,68142.5,231.45175662
2026-02-17 14:00:00,68140.7,68345.0,66738.0,66879.0,624.74409255
2026-02-17 15:00:00,66879.0,67414.8,66622.8,67398.0,496.72037024
2026-02-17 16:00:00,67397.5,68149.8,67326.5,67520.0,490.41493289
2026-02-17 17:00:00,67520.0,67708.3,66869.0,67241.2,280.49406846
2026-02-17 18:00:00,67241.2,68227.4,67129.8,68094.0,264.76108135
2026-02-17 19:00:00,68093.8,68239.9,67736.9,67800.8,146.06201716
2026-02-17 20:00:00,67800.1,67942.0,67493.5,67754.4,133.54016264
2026-02-17 21:00:00,67754.4,67934.1,67540.1,67679.9,60.66664632
2026-02-17 22:00:00,67680.0,67793.5,67516.2,67531.9,73.12906297
2026-02-17 23:00:00,67531.1,67619.2,67392.3,67509.0,69.02626422
2026-02-18 00:00:00,67509.0,67629.0,67293.7,67297.9,48.47349336
2026-02-18 01:00:00,67297.9,67373.4,66869.3,67163.4,200.04988133
2026-02-18 02:00:00,67163.4,67421.6,67152.2,67335.0,119.49838362
2026-02-18 03:00:00,67335.0,67708.5,67326.1,67623.6,98.87155902
2026-02-18 04:00:00,67623.6,67902.4,67497.0,67823.0,151.16564459
2026-02-18 05:00:00,67823.0,67931.0,67600.0,67643.9,154.27595039
2026-02-18 06:00:00,67643.0,67972.9,67608.7,67843.9,123.6372066
2026-02-18 07:00:00,67844.0,68221.4,67691.0,68113.1,202.54434375
2026-02-18 08:00:00,68113.1,68470.9,68066.7,68128.5,285.45977113
2026-02-18 09:00:00,68128.8,68278.8,68007.8,68156.0,53.78982399
2026-02-18 10:00:00,68156.1,68183.6,67735.6,67800.3,103.99044559
2026-02-18 11:00:00,67800.3,67808.4,67083.3,67372.7,319.43350187
2026-02-18 12:00:00,67372.8,67690.6,67337.3,67465.0,134.09355853
2026-02-18 13:00:00,67467.7,67600.8,67058.8,67241.0,180.72607034
2026-02-18 14:00:00,67241.0,67366.9,66718.8,67229.3,504.67298188
2026-02-18 15:00:00,67224.0,68344.6,67194.3,67695.9,523.02693674
2026-02-18 16:00:00,67696.0,67711.3,67000.0,67143.3,387.12389533
2026-02-18 17:00:00,67143.3,67484.9,67058.8,67189.0,141.82372991
2026-02-18 18:00:00,67189.1,67227.9,66200.0,66370.3,563.85461233
2026-02-18 19:00:00,66369.1,66616.7,65876.1,66181.3,484.83141694
2026-02-18 20:00:00,66181.4,66550.0,66143.3,66275.6,200.51919248
2026-02-18 21:00:00,66275.6,66505.1,66078.2,66340.1,179.6472237
2026-02-18 22:00:00,66340.1,66482.0,66240.0,66423.4,101.59691193
2026-02-18 23:00:00,66425.4,66511.0,66284.5,66466.6,120.11259398
2026-02-19 00:00:00,66465.4,66601.3,66346.1,66450.0,91.67001738
2026-02-19 01:00:00,66450.0,66873.2,66443.1,66865.7,183.36274301
2026-02-19 02:00:00,66865.7,66963.2,66642.0,66841.6,168.28608217
2026-02-19 03:00:00,66841.6,66995.3,66723.8,66980.0,78.62114435
2026-02-19 04:00:00,66980.0,67072.0,66762.0,66809.7,126.6349514
2026-02-19 05:00:00,66809.8,66896.0,66690.0,66879.9,139.26626978
2026-02-19 06:00:00,66878.3,67299.7,66868.1,67154.0,255.25374765
2026-02-19 07:00:00,67154.0,67326.4,67032.0,67214.1,224.20682319
2026-02-19 08:00:00,67214.0,67214.0,66802.1,66970.2,184.30557251
2026-02-19 09:00:00,66971.4,67192.0,66764.7,66842.9,254.79875275
2026-02-19 10:00:00,66843.0,66966.6,66750.0,66848.7,100.52905547
2026-02-19 11:00:00,66848.7,66942.1,66480.1,66507.5,159.27856372
2026-02-19 12:00:00,66507.6,66683.4,66333.4,66527.0,232.27606584
2026-02-19 13:00:00,66527.1,66566.0,65768.6,65920.0,627.90155919
2026-02-19 14:00:00,65920.1,66679.0,65641.2,66428.7,655.86676194
2026-02-19 15:00:00,66428.7,66752.8,65975.5,66408.5,402.72357755
2026-02-19 16:00:00,66407.1,66519.2,65898.5,66300.0,302.37451046
2026-02-19 17:00:00,66300.0,67071.7,66184.7,66372.2,333.16705182
2026-02-19 18:00:00,66372.2,67078.3,66250.0,67034.9,253.56797429
2026-02-19 19:00:00,67035.2,67201.0,66705.6,67056.9,194.31565809
2026-02-19 20:00:00,67054.2,67173.5,66834.2,67149.5,110.87200304
2026-02-19 21:00:00,67146.4,67168.8,66904.7,66927.6,74.78360632
2026-02-19 22:00:00,66926.4,66999.0,66656.2,66919.3,127.41499254
2026-02-19 23:00:00,66917.1,67024.4,66823.2,67003.2,67.62501115
2026-02-20 00:00:00,67002.3,67484.0,66947.8,67230.3,324.21906088
2026-02-20 01:00:00,67233.0,67361.5,67154.0,67282.1,76.48484729
2026-02-20 02:00:00,67282.9,67348.3,67173.9,67242.6,86.38146435
2026-02-20 03:00:00,67242.6,67485.7,67242.5,67360.9,161.18528925
2026-02-20 04:00:00,67361.0,67390.0,67116.1,67262.2,168.77562152
2026-02-20 05:00:00,67262.3,68015.9,67202.5,67787.1,450.50173316
2026-02-20 06:00:00,67787.1,67898.6,67666.6,67839.7,144.08246827
2026-02-20 07:00:00,67839.8,67996.7,67762.9,67823.3,207.43278572
2026-02-20 08:00:00,67823.2,67956.5,67750.2,67883.3,89.46610573
2026-02-20 09:00:00,67883.2,68254.3,67883.2,68212.8,381.92166541
2026-02-20 10:00:00,68212.8,68333.3,67851.1,67945.7,255.75125804
2026-02-20 11:00:00,67945.9,67985.8,67289.7,67327.8,370.53397188
2026-02-20 12:00:00,67327.9,67599.1,67276.1,67543.8,169.6400916
2026-02-20 13:00:00,67543.9,67543.9,66458.3,66815.9,680.1855026
2026-02-20 14:00:00,66816.0,67327.9,66666.6,67076.8,388.66805438
2026-02-20 15:00:00,67076.9,68096.4,66556.7,67579.2,1171.29161906
2026-02-20 16:00:00,67579.3,67915.0,67292.4,67794.9,349.98370808
2026-02-20 17:00:00,67795.0,67795.0,66963.1,67614.6,995.7221353
2026-02-20 18:00:00,67614.6,68000.0,67461.6,67929.9,233.69925411
2026-02-20 19:00:00,67930.0,68000.0,67548.1,67644.5,140.95620461
2026-02-20 20:00:00,67645.0,67831.4,67521.0,67750.1,76.99866836
2026-02-20 21:00:00,67750.0,67840.6,67633.0,67824.0,60.31868886
2026-02-20 22:00:00,67823.9,68116.2,67638.2,68083.3,236.14254009
2026-02-20 23:00:00,68080.0,68239.5,67921.9,68014.0,168.96582322
2026-02-21 00:00:00,68014.1,68052.0,67782.0,67837.7,130.70805764
2026-02-21 01:00:00,67837.7,68007.8,67835.0,67953.0,57.96995874
2026-02-21 02:00:00,67953.0,68098.1,67906.8,68003.5,61.52519521
2026-02-21 03:00:00,68003.6,68003.6,67540.0,67673.8,221.51046373
2026-02-21 04:00:00,67673.9,67845.6,67592.0,67822.0,77.97073243
2026-02-21 05:00:00,67822.1,67889.3,67801.4,67860.5,88.45358309
2026-02-21 06:00:00,67860.5,67930.0,67763.1,67796.0,83.48662908
2026-02-21 07:00:00,67796.1,67887.9,67750.1,67858.9,26.1037385
2026-02-21 08:00:00,67858.9,68081.0,67812.1,68053.0,107.81087898
2026-02-21 09:00:00,68053.0,68315.3,67978.0,68141.4,171.79713765
2026-02-21 10:00:00,68141.3,68244.2,68140.8,68215.9,77.67920042
2026-02-21 11:00:00,68215.9,68281.2,68077.2,68092.9,256.66841802
2026-02-21 12:00:00,68092.9,68221.0,67918.1,68209.1,134.28607891
2026-02-21 13:00:00,68209.1,68266.2,68099.8,68257.4,71.87255832
2026-02-21 14:00:00,68257.3,68633.0,68177.0,68446.0,311.23497335
2026-02-21 15:00:00,68446.1,68706.9,68425.0,68615.0,189.83754391
2026-02-21 16:00:00,68617.1,68634.7,68105.3,68332.9,244.81812734
2026-02-21 17:00:00,68333.0,68479.9,68197.1,68444.8,85.83572845
2026-02-21 18:00:00,68444.8,68650.0,68382.0,68577.2,105.22463624
2026-02-21 19:00:00,68580.5,68666.8,68530.8,68554.3,110.4805603
2026-02-21 20:00:00,68554.3,68610.0,68200.1,68222.1,269.68594467
2026-02-21 21:00:00,68222.1,68400.0,68190.0,68392.9,91.17213245
2026-02-21 22:00:00,68393.0,68437.0,67895.6,67975.1,248.33969698
2026-02-21 23:00:00,67972.1,68124.9,67948.7,67977.1,167.92342114
2026-02-22 00:00:00,67977.2,68066.0,67810.0,67947.9,139.29635695
2026-02-22 01:00:00,67948.0,68185.7,67944.0,68163.9,78.86774505
2026-02-22 02:00:00,68163.9,68227.5,67879.0,67914.9,135.89970242
2026-02-22 03:00:00,67914.8,68062.5,67834.9,68047.8,143.50827295
2026-02-22 04:00:00,68047.8,68091.0,67972.8,67985.1,35.9812007
2026-02-22 05:00:00,67985.1,68015.7,67877.9,67984.2,39.60932341
2026-02-22 06:00:00,67984.3,68198.8,67974.0,68045.0,94.89800911
2026-02-22 07:00:00,68045.1,68103.8,67991.8,68008.4,56.49028951
2026-02-22 08:00:00,68008.3,68024.0,67907.7,67958.0,105.12149513
2026-02-22 09:00:00,67958.0,68100.0,67957.2,68061.2,98.15066577
2026-02-22 10:00:00,68061.1,68155.9,68013.3,68132.1,78.22658617
2026-02-22 11:00:00,68132.1,68246.4,68132.0,68217.0,90.47512222
2026-02-22 12:00:00,68217.0,68234.0,67878.0,67933.0,126.78803316
2026-02-22 13:00:00,67933.0,68046.0,67568.1,67653.9,329.06396758
2026-02-22 14:00:00,67653.9,67688.2,67350.6,67445.1,386.76814669
2026-02-22 15:00:00,67445.1,67817.5,67305.7,67691.3,280.69786036
2026-02-22 16:00:00,67691.3,67726.5,67510.4,67631.0,136.78744028
2026-02-22 17:00:00,67631.0,67635.0,67187.8,67382.7,217.2324777
2026-02-22 18:00:00,67378.0,67461.3,67313.0,67420.0,67.4566878
2026-02-22 19:00:00,67416.1,67484.9,67400.0,67425.1,30.07932304
2026-02-22 20:00:00,67425.1,67490.9,67344.5,67397.9,68.47938138
2026-02-22 21:00:00,67397.9,67632.0,67397.9,67606.1,59.66672321
2026-02-22 22:00:00,67606.1,67746.6,67468.9,67666.8,91.70362108
2026-02-22 23:00:00,67666.9,67724.8,67464.4,67637.0,117.19818112
2026-02-23 00:00:00,67637.1,67686.1,66711.2,66735.0,330.57698292
2026-02-23 01:00:00,66735.0,66735.0,64280.0,64429.5,3032.87662606
2026-02-23 02:00:00,64429.6,64933.3,64319.4,64785.9,653.41604325
2026-02-23 03:00:00,64785.9,65084.2,64703.0,64935.1,362.08322805
2026-02-23 04:00:00,64935.1,65029.7,64680.0,64812.2,263.52487538
2026-02-23 05:00:00,64812.2,65222.9,64802.8,65066.6,345.56044536
2026-02-23 06:00:00,65066.6,65803.9,65028.0,65758.2,483.01371308
2026-02-23 07:00:00,65758.3,66018.8,65650.0,65961.0,561.90629497
2026-02-23 08:00:00,65960.0,65961.0,65574.2,65676.8,357.17994927
2026-02-23 09:00:00,65676.0,66457.0,65675.9,66410.4,487.41282877
2026-02-23 10:00:00,66410.4,66600.0,66218.7,66322.9,193.44823514
2026-02-23 11:00:00,66323.0,66489.5,66113.8,66211.5,269.53182149
2026-02-23 12:00:00,66211.6,66521.4,65890.0,66277.8,553.04891708
2026-02-23 13:00:00,66277.9,66430.0,66106.0,66132.9,196.40227749
2026-02-23 14:00:00,66133.0,66270.0,65515.1,65924.4,591.69025332
2026-02-23 15:00:00,65924.5,66245.0,65580.0,65660.0,351.21692609
2026-02-23 16:00:00,65658.1,65728.7,65173.1,65364.8,467.3617652
2026-02-23 17:00:00,65365.2,65448.1,64160.0,64807.6,836.44224308
2026-02-23 18:00:00,64807.7,65181.7,64584.6,64627.8,549.71046405
2026-02-23 19:00:00,64627.8,64851.3,64072.7,64290.1,517.86957232
2026-02-23 20:00:00,64290.1,64483.6,63888.0,64476.0,545.56858613
2026-02-23 21:00:00,64475.7,64786.7,64456.7,64584.7,327.28312387
2026-02-23 22:00:00,64584.7,65016.0,64555.5,64727.9,254.05474507
2026-02-23 23:00:00,64727.9,64901.9,64526.8,64658.1,146.19757523
2026-02-24 00:00:00,64658.1,65007.9,64658.0,64943.6,192.08490747
2026-02-24 01:00:00,64943.5,64943.5,63428.5,64160.1,1185.69281133
2026-02-24 02:00:00,64161.3,64504.2,64000.1,64110.1,225.60267251
2026-02-24 03:00:00,64110.0,64110.0,63337.7,63593.4,552.56977325
2026-02-24 04:00:00,63593.5,63632.0,62870.0,63381.1,991.14446541
2026-02-24 05:00:00,63381.1,63551.7,62709.0,63104.0,515.14672124
2026-02-24 06:00:00,63104.1,63322.9,62894.8,63081.2,350.60063804
2026-02-24 07:00:00,63081.2,63364.0,62920.0,63201.0,463.9856203
2026-02-24 08:00:00,63201.0,63437.2,63011.0,63389.1,284.80762646
2026-02-24 09:00:00,63389.1,63411.5,62927.2,63249.9,339.60098482
2026-02-24 10:00:00,63249.9,63365.0,63109.0,63282.0,181.53033509
2026-02-24 11:00:00,63282.1,63318.9,63064.3,63226.0,160.39971492
2026-02-24 12:00:00,63226.1,63350.0,62968.0,62971.0,296.64931192
2026-02-24 13:00:00,62971.0,63100.0,62500.2,62906.0,528.16938065
2026-02-24 14:00:00,62906.1,63839.4,62769.2,63454.0,644.63076795
2026-02-24 15:00:00,63454.1,64026.2,63300.0,63972.4,424.61219312
2026-02-24 16:00:00,63972.4,64422.9,63700.0,64267.5,543.21123266
2026-02-24 17:00:00,64267.6,64521.9,64042.6,64218.2,370.45137857
2026-02-24 18:00:00,64218.1,64500.0,63924.0,64425.6,240.24387665
2026-02-24 19:00:00,64423.1,64738.0,64241.1,64431.1,198.25528575
2026-02-24 20:00:00,64431.1,64584.5,64313.7,64468.7,135.47618787
2026-02-24 21:00:00,64463.0,64463.0,63828.5,64039.1,237.45088608
2026-02-24 22:00:00,64039.1,64224.2,63967.6,64119.9,96.00253349
2026-02-24 23:00:00,64120.0,64245.9,63847.1,64057.6,113.50027783
2026-02-25 00:00:00,64060.0,64313.7,63910.1,64218.2,110.90199212
2026-02-25 01:00:00,64218.3,66311.5,64145.5,65896.9,1545.82340402
2026-02-25 02:00:00,65896.8,66312.5,65866.0,65880.1,521.02347596
2026-02-25 03:00:00,65880.1,65953.1,65353.9,65397.8,466.19958717
2026-02-25 04:00:00,65397.8,65658.4,65123.0,65465.4,362.34659924
2026-02-25 05:00:00,65466.0,65519.6,64757.2,64882.7,491.5377394
2026-02-25 06:00:00,64882.8,65124.9,64866.5,64896.0,172.48479911
2026-02-25 07:00:00,64896.1,65190.0,64778.1,65027.0,483.7700966
2026-02-25 08:00:00,65026.9,65585.0,64962.3,65527.0,323.41407871
2026-02-25 09:00:00,65526.9,65694.6,65406.1,65554.1,307.32582935
2026-02-25 10:00:00,65554.1,65653.1,65340.1,65392.3,172.99532082
2026-02-25 11:00:00,65392.3,65483.0,65191.5,65426.0,348.80904527
2026-02-25 12:00:00,65425.9,66239.9,65320.0,66070.9,536.12164417
2026-02-25 13:00:00,66071.0,66666.0,66014.5,66235.9,584.54461673
2026-02-25 14:00:00,66236.0,67021.3,66205.0,66966.0,947.22383485
2026-02-25 15:00:00,66963.0,67571.2,66714.0,67403.1,952.65106278
2026-02-25 16:00:00,67403.0,68328.3,67386.3,68292.0,814.79995463
2026-02-25 17:00:00,68293.9,68882.3,68025.0,68668.7,1101.13139452
2026-02-25 18:00:00,68668.7,69545.4,68380.0,69327.9,969.3912778
2026-02-25 19:00:00,69328.0,69404.6,68767.2,69036.4,391.73893952
2026-02-25 20:00:00,69038.1,69366.0,68621.1,69140.3,394.10665842
2026-02-25 21:00:00,69140.1,69999.9,68763.2,68919.7,865.62808641
2026-02-25 22:00:00,68917.1,69178.9,68059.0,68434.4,338.73566054
2026-02-25 23:00:00,68430.3,68687.9,67600.0,67989.9,342.7693507
2026-02-26 00:00:00,67990.0,68534.8,67735.0,68340.0,329.79966887
2026-02-26 01:00:00,68339.1,68706.1,68208.4,68251.2,258.87102287
2026-02-26 02:00:00,68251.3,68360.6,67805.5,68255.6,433.11177873
2026-02-26 03:00:00,68255.7,68380.0,68034.9,68217.0,233.65974091
2026-02-26 04:00:00,68217.1,68854.8,68183.3,68570.0,250.10080394
2026-02-26 05:00:00,68570.0,68570.4,68130.1,68449.5,377.86959004
2026-02-26 06:00:00,68449.5,68524.5,68059.5,68180.3,486.21973267
2026-02-26 07:00:00,68180.4,68288.0,67816.4,67827.3,435.48947405
2026-02-26 08:00:00,67827.2,68245.0,67800.0,67952.0,989.42038264
2026-02-26 09:00:00,67952.0,68639.5,67929.6,68580.9,548.00335943
2026-02-26 10:00:00,68580.9,68714.2,68253.0,68300.1,210.54209329
2026-02-26 11:00:00,68300.1,68395.3,67984.0,68042.5,142.50728074
2026-02-26 12:00:00,68042.5,68299.9,68005.8,68170.8,188.5958878
2026-02-26 13:00:00,68170.8,68211.6,67845.2,67905.1,281.60305594
2026-02-26 14:00:00,67905.0,68271.6,67260.2,67695.5,766.56648526
2026-02-26 15:00:00,67693.4,67739.8,66766.4,67379.8,936.10475901
2026-02-26 16:00:00,67379.8,67560.1,66500.0,66639.9,626.84506868
2026-02-26 17:00:00,66639.8,67048.8,66595.7,66830.4,351.68330921
2026-02-26 18:00:00,66830.3,67379.0,66577.4,67307.1,349.50869881
2026-02-26 19:00:00,67307.1,67927.8,67284.5,67587.6,493.01512235
2026-02-26 20:00:00,67587.6,67820.5,67292.4,67415.6,313.2355209
2026-02-26 21:00:00,67418.1,67574.5,67148.7,67463.7,166.02965481
2026-02-26 22:00:00,67463.8,67620.3,67328.2,67570.8,150.21119167
2026-02-26 23:00:00,67570.8,67653.1,67400.0,67482.3,114.79504995
2026-02-27 00:00:00,67482.3,67533.0,66996.0,67223.3,304.32426715
2026-02-27 01:00:00,67223.3,67377.0,66883.5,67349.7,717.2291532
2026-02-27 02:00:00,67349.7,67531.5,67261.7,67261.8,350.01054228
2026-02-27 03:00:00,67261.8,67704.4,67095.9,67596.3,304.02789971
2026-02-27 04:00:00,67596.3,68221.0,67570.5,67739.9,579.14608711
2026-02-27 05:00:00,67739.9,67913.1,67670.0,67716.5,375.38035759
2026-02-27 06:00:00,67716.5,67818.8,67521.2,67651.8,256.48263383
2026-02-27 07:00:00,67651.8,67768.5,67463.5,67681.2,501.8530397
2026-02-27 08:00:00,67681.1,68075.5,67658.1,67917.2,460.09399749
2026-02-27 09:00:00,67917.2,68139.5,67291.8,67359.8,856.25515721
2026-02-27 10:00:00,67359.8,67416.0,66574.5,66613.8,776.9047978
2026-02-27 11:00:00,66613.9,66777.1,65959.0,66125.9,649.79633401
2026-02-27 12:00:00,66125.9,66211.6,65750.0,65932.2,465.36772587
2026-02-27 13:00:00,65932.2,66344.0,65667.6,66279.0,626.2685471
2026-02-27 14:00:00,66279.1,66324.7,65692.2,65894.2,465.59822302
2026-02-27 15:00:00,65892.5,66310.0,65850.0,66100.8,344.21138029
2026-02-27 16:00:00,66100.7,66125.7,65459.9,65475.0,432.86462044
2026-02-27 17:00:00,65474.5,65749.0,65118.0,65708.8,589.49072953
2026-02-27 18:00:00,65708.8,65786.9,65227.5,65318.3,190.11035764
2026-02-27 19:00:00,65318.3,65461.5,65172.4,65397.1,123.4587993
2026-02-27 20:00:00,65397.1,65666.6,65394.5,65597.6,129.11378282
2026-02-27 21:00:00,65597.7,65747.1,65401.6,65529.4,97.47116896
2026-02-27 22:00:00,65529.5,65670.5,64924.0,65650.9,260.44620722
2026-02-27 23:00:00,65650.0,65950.0,65557.5,65873.2,125.91167109
2026-02-28 00:00:00,65873.2,66016.0,65719.4,65942.6,166.8039448
2026-02-28 01:00:00,65942.5,65973.0,65745.9,65781.1,77.4353285
2026-02-28 02:00:00,65781.2,66011.5,65765.5,65960.5,56.79029204
2026-02-28 03:00:00,65960.5,65975.6,65748.7,65794.5,74.80722994
2026-02-28 04:00:00,65794.5,65817.9,65486.7,65663.5,98.66850968
2026-02-28 05:00:00,65663.5,65722.0,65499.9,65588.4,135.46313305
2026-02-28 06:00:00,65588.1,65588.5,63020.1,63219.7,1738.22193212
2026-02-28 07:00:00,63219.7,64333.2,63038.4,63833.6,2116.44660942
2026-02-28 08:00:00,63831.7,63885.0,63411.7,63478.3,547.97424965
2026-02-28 09:00:00,63478.4,63943.9,63365.1,63652.6,371.9953268
2026-02-28 10:00:00,63652.5,64049.8,63469.7,64004.4,488.19275645
2026-02-28 11:00:00,64004.4,64300.0,63792.5,63844.9,334.44490421
2026-02-28 12:00:00,63845.6,64077.0,63829.5,64017.1,209.49218548
2026-02-28 13:00:00,64017.2,65214.2,63904.9,65110.0,831.4872531
2026-02-28 14:00:00,65110.1,65373.6,64268.2,64440.0,698.33658761
2026-02-28 15:00:00,64440.5,65017.8,64200.3,64837.1,262.40793693
2026-02-28 16:00:00,64837.0,65199.9,64677.9,65093.9,159.118809
2026-02-28 17:00:00,65094.0,65576.3,64817.1,65442.2,271.47463163
2026-02-28 18:00:00,65442.1,66200.0,65178.9,65906.5,337.6846835
2026-02-28 19:00:00,65905.5,66679.4,65598.2,66358.7,532.3191693
2026-02-28 20:00:00,66354.0,67150.0,66185.0,66950.4,423.26858378
2026-02-28 21:00:00,66955.7,67030.9,66367.6,66722.9,389.60983441
2026-02-28 22:00:00,66723.0,67758.9,66617.2,67116.8,427.56326581
2026-02-28 23:00:00,67113.2,67211.5,66734.2,66969.0,301.88181409
2026-03-01 00:00:00,66969.1,67122.1,66619.2,66789.7,323.23376357
2026-03-01 01:00:00,66789.1,67704.9,66057.1,67343.4,710.46355729
2026-03-01 02:00:00,67343.5,68194.4,67331.9,67613.1,842.61320643
2026-03-01 03:00:00,67612.6,67809.5,67395.4,67504.1,351.30743121
2026-03-01 04:00:00,67504.1,67611.9,67042.0,67342.9,309.9593911
2026-03-01 05:00:00,67344.0,67565.9,67202.2,67295.1,222.75420345
2026-03-01 06:00:00,67295.2,67343.5,66774.7,66923.7,412.5873625
2026-03-01 07:00:00,66923.6,67240.8,66779.9,67139.4,386.84771794
2026-03-01 08:00:00,67139.4,67299.9,66460.2,66559.6,553.09410005
2026-03-01 09:00:00,66563.4,66774.6,66247.1,66410.1,376.92820618
2026-03-01 10:00:00,66410.1,66730.4,66205.5,66467.4,188.86787026
2026-03-01 11:00:00,66467.4,66662.6,66376.0,66468.5,95.99516448
2026-03-01 12:00:00,66468.5,66560.1,66248.4,66296.1,128.88122425
2026-03-01 13:00:00,66296.2,67363.7,66130.8,66948.1,497.4581132
2026-03-01 14:00:00,66948.1,67315.5,66755.6,66854.5,375.23625692
2026-03-01 15:00:00,66853.0,67246.5,66819.3,66841.6,364.2901296
2026-03-01 16:00:00,66844.4,67111.5,65821.3,66139.8,709.79485467
2026-03-01 17:00:00,66139.9,66224.2,65717.4,65983.0,405.68572947
2026-03-01 18:00:00,65984.0,66656.8,65984.0,66318.5,415.50421005
2026-03-01 19:00:00,66318.6,66354.4,65768.8,65960.1,236.35815639
2026-03-01 20:00:00,65960.0,65962.2,65078.9,65290.4,451.17599052
2026-03-01 21:00:00,65289.9,65759.9,65281.2,65669.7,257.84182023
2026-03-01 22:00:00,65669.6,66495.0,65051.5,65262.8,741.7548644
2026-03-01 23:00:00,65262.9,66079.0,65116.2,65770.6,265.97848829
2026-03-02 00:00:00,65771.2,66800.0,65757.5,66511.1,490.1496322
2026-03-02 01:00:00,66515.3,67083.5,66358.1,66533.8,402.35774377
2026-03-02 02:00:00,66533.9,66621.9,65877.1,66283.6,296.45722419
2026-03-02 03:00:00,66283.6,67038.8,66114.3,66819.9,220.09515622
2026-03-02 04:00:00,66820.0,66974.8,66636.4,66856.8,183.23131808
2026-03-02 05:00:00,66857.1,66997.0,66558.9,66731.4,176.98761028
2026-03-02 06:00:00,66732.5,66739.5,66062.5,66212.4,207.64078395
2026-03-02 07:00:00,66206.2,66212.8,65541.0,66018.6,378.75071249
2026-03-02 08:00:00,66018.7,66307.9,65654.2,66280.6,298.14332985
2026-03-02 09:00:00,66291.5,66724.1,66171.4,66171.4,311.03225953
2026-03-02 10:00:00,66171.5,66392.6,66085.7,66320.0,117.57005501
2026-03-02 11:00:00,66320.0,66478.3,66014.0,66371.9,275.5249673
2026-03-02 12:00:00,66371.9,66399.0,65911.2,65969.1,182.47115804
2026-03-02 13:00:00,65969.2,66151.9,65363.6,65449.1,526.85689823
2026-03-02 14:00:00,65449.1,67221.2,65276.0,67169.4,1092.50701975
2026-03-02 15:00:00,67166.5,69603.8,66973.0,69117.1,2014.66019617
2026-03-02 16:00:00,69117.2,70100.0,68923.7,69433.1,1206.79256436
2026-03-02 17:00:00,69433.0,69574.3,68763.9,69192.8,399.05439158
2026-03-02 18:00:00,69192.8,69270.2,68724.0,68878.4,363.76915793
2026-03-02 19:00:00,68878.5,69043.2,68558.7,68959.9,476.4178367
2026-03-02 20:00:00,68958.5,69499.0,68553.1,69097.2,419.1617739
2026-03-02 21:00:00,69099.9,69532.7,68994.7,69404.2,200.98806228
2026-03-02 22:00:00,69404.2,69499.3,69134.6,69439.0,138.30231069
2026-03-02 23:00:00,69439.4,69482.4,68740.0,68832.3,432.27989141
2026-03-03 00:00:00,68832.2,69161.2,68643.1,69082.0,200.1901827
2026-03-03 01:00:00,69085.0,69250.0,68750.0,68753.9,171.70170184
2026-03-03 02:00:00,68754.0,68778.5,68218.9,68509.9,450.72890863
2026-03-03 03:00:00,68509.9,68548.5,68228.6,68374.6,247.09870106
2026-03-03 04:00:00,68375.0,68450.5,68050.0,68123.1,172.07215683
2026-03-03 05:00:00,68123.1,68569.2,67850.0,67948.1,327.50459831
2026-03-03 06:00:00,67948.1,68224.3,67788.1,68104.9,336.1249716
2026-03-03 07:00:00,68105.0,68275.0,67940.7,68169.9,1027.2731944
2026-03-03 08:00:00,68169.9,68307.6,66896.6,66999.5,908.59939216
2026-03-03 09:00:00,66999.4,67185.0,66344.7,66647.0,738.11974045
2026-03-03 10:00:00,66647.0,67040.9,66442.3,66859.1,277.43336337
2026-03-03 11:00:00,66859.1,67171.1,66773.7,67031.5,324.29437825
2026-03-03 12:00:00,67031.4,67967.3,67027.5,67389.4,375.80728271
2026-03-03 13:00:00,67389.5,67430.6,66620.9,66927.7,322.17133827
2026-03-03 14:00:00,66927.8,67581.5,66149.5,66567.0,849.57394638
2026-03-03 15:00:00,66572.4,67833.0,66445.2,67724.9,664.90442593
2026-03-03 16:00:00,67722.2,68990.0,67483.6,68162.8,1156.87174645
2026-03-03 17:00:00,68162.9,68400.0,67627.0,68308.0,453.0877512
2026-03-03 18:00:00,68308.0,68917.0,67970.9,68629.1,433.04002937
2026-03-03 19:00:00,68629.1,68881.5,68306.6,68435.3,361.53370895
2026-03-03 20:00:00,68436.8,68592.5,68090.9,68265.9,350.4033262
2026-03-03 21:00:00,68265.9,68268.6,67813.5,68019.5,183.95128133
2026-03-03 22:00:00,68019.5,68519.7,68019.4,68317.6,154.61104788
2026-03-03 23:00:00,68313.9,68860.0,68227.2,68332.0,263.93612984
2026-03-04 00:00:00,68332.0,68414.1,67861.0,68093.3,198.58485748
2026-03-04 01:00:00,68099.3,68897.7,67957.0,68414.2,325.33304588
2026-03-04 02:00:00,68419.4,68456.4,67976.1,68320.0,177.59886274
2026-03-04 03:00:00,68319.5,68382.9,67401.1,67729.1,331.40031353
2026-03-04 04:00:00,67727.1,67954.8,67461.3,67788.4,264.92182944
2026-03-04 05:00:00,67788.5,68373.7,67680.0,68205.4,202.76833524
2026-03-04 06:00:00,68205.5,68684.3,68042.5,68507.6,410.33481955
2026-03-04 07:00:00,68507.7,69653.9,68345.5,69490.9,1349.04237655
2026-03-04 08:00:00,69491.0,71184.8,69137.4,71022.4,1853.32389811
2026-03-04 09:00:00,71012.3,71900.0,70716.1,71516.1,2260.86384931
2026-03-04 10:00:00,71516.2,71880.3,71201.3,71341.4,1064.36256191
2026-03-04 11:00:00,71343.9,71499.1,70931.1,71111.4,639.49111582
2026-03-04 12:00:00,71111.3,71362.0,70594.5,71348.0,517.37271262
2026-03-04 13:00:00,71348.2,71625.0,71211.1,71476.0,363.04201242
2026-03-04 14:00:00,71476.0,72639.6,71304.3,71613.6,1582.03480885
2026-03-04 15:00:00,71613.6,73476.0,71574.8,73391.9,1289.69335554
2026-03-04 16:00:00,73392.0,73500.0,72537.3,73291.5,778.74659272
2026-03-04 17:00:00,73291.5,73750.0,72928.3,73216.8,835.99502283
2026-03-04 18:00:00,73219.9,73712.1,72914.2,73691.1,571.98601066
2026-03-04 19:00:00,73696.3,74096.0,73509.3,73617.9,724.35734656
2026-03-04 20:00:00,73618.4,73719.7,73013.1,73026.3,296.15617892
2026-03-04 21:00:00,73022.9,73322.1,72879.6,73304.9,220.50927247
2026-03-04 22:00:00,73304.9,73517.1,72628.9,72710.0,265.66468502
2026-03-04 23:00:00,72710.0,72893.3,72320.1,72678.3,377.43998147
2026-03-05 00:00:00,72678.4,73003.5,72546.4,72763.6,185.63624789
2026-03-05 01:00:00,72767.1,73298.6,72410.0,72535.5,339.57128924
2026-03-05 02:00:00,72541.6,72898.2,72334.4,72508.3,233.37664168
2026-03-05 03:00:00,72507.9,72756.0,72351.0,72499.9,171.84156026
2026-03-05 04:00:00,72500.0,73106.9,72450.7,72822.1,260.80343588
2026-03-05 05:00:00,72822.1,72923.9,72266.2,72410.9,251.80864782
2026-03-05 06:00:00,72415.0,72662.4,72041.6,72556.0,419.06738171
2026-03-05 07:00:00,72555.9,72666.6,71786.0,72063.0,836.90242717
2026-03-05 08:00:00,72063.0,72375.0,71753.9,72341.9,1256.19757098
2026-03-05 09:00:00,72341.8,72884.5,72305.4,72606.0,908.59033578
2026-03-05 10:00:00,72606.1,73559.7,72526.7,73393.4,565.78524881
2026-03-05 11:00:00,73393.4,73456.2,72788.0,72927.6,303.16925876
2026-03-05 12:00:00,72927.6,73076.7,72673.0,72889.0,320.6835733
2026-03-05 13:00:00,72889.0,72936.6,72196.3,72470.8,381.09770516
2026-03-05 14:00:00,72470.8,72838.6,71947.7,72609.7,596.65645962
2026-03-05 15:00:00,72613.7,72771.7,71156.2,71647.0,1112.39732696
2026-03-05 16:00:00,71648.3,71650.9,70793.1,71312.5,668.44078678
2026-03-05 17:00:00,71309.7,71575.2,70644.5,70707.3,450.6692634
2026-03-05 18:00:00,70703.6,71084.8,70654.9,70996.7,280.32466317
2026-03-05 19:00:00,71001.7,71434.6,70875.1,70917.6,389.87443487
2026-03-05 20:00:00,70917.7,71390.3,70843.7,71245.3,328.12822015
2026-03-05 21:00:00,71241.7,71566.0,71000.1,71128.9,250.55171506
2026-03-05 22:00:00,71128.9,71361.5,71065.4,71215.0,209.43872893
2026-03-05 23:00:00,71213.5,71302.0,70786.2,70884.4,243.35366123
2026-03-06 00:00:00,70886.0,71050.5,70779.1,70986.9,157.06758763
2026-03-06 01:00:00,70988.0,71301.2,70386.4,71253.2,502.97071677
2026-03-06 02:00:00,71257.3,71419.3,71034.1,71242.9,229.81130629
2026-03-06 03:00:00,71242.9,71294.3,71000.0,71082.1,219.95738913
2026-03-06 04:00:00,71081.1,71119.4,70271.7,70622.6,339.38364706
2026-03-06 05:00:00,70622.6,70666.6,70140.8,70442.5,378.13900189
2026-03-06 06:00:00,70442.5,70852.0,70272.0,70610.0,246.49333922
2026-03-06 07:00:00,70605.4,71182.2,70468.4,71062.7,1490.60847499
2026-03-06 08:00:00,71062.7,71069.0,70730.1,70780.1,769.27043467
2026-03-06 09:00:00,70780.2,70813.0,70301.0,70566.1,413.33008503
2026-03-06 10:00:00,70566.1,70800.0,70469.6,70540.6,161.64563431
2026-03-06 11:00:00,70540.7,70638.4,70193.8,70214.3,295.92899809
2026-03-06 12:00:00,70211.8,70227.5,69666.6,69924.6,589.22758321
2026-03-06 13:00:00,69924.6,70346.1,69221.2,69227.9,877.37918622
2026-03-06 14:00:00,69228.0,69269.0,68171.6,68402.3,1300.98000375
2026-03-06 15:00:00,68402.7,69100.0,68300.1,68492.1,685.55591559
2026-03-06 16:00:00,68492.2,68791.6,68222.1,68446.3,723.95217996
2026-03-06 17:00:00,68446.2,68637.4,67745.2,67954.6,488.40074112
2026-03-06 18:00:00,67954.6,68469.4,67945.2,68180.8,249.90729366
2026-03-06 19:00:00,68180.1,68478.6,68003.6,68125.4,286.41221336
2026-03-06 20:00:00,68125.5,68286.8,67777.0,68108.3,255.63508239
2026-03-06 21:00:00,68112.1,68333.1,67924.4,68295.9,259.73032022
2026-03-06 22:00:00,68295.9,68436.8,68230.0,68326.0,112.14340803
2026-03-06 23:00:00,68326.9,68369.9,68100.0,68117.1,104.4253809
2026-03-07 00:00:00,68116.6,68386.7,68111.0,68281.1,100.41556731
2026-03-07 01:00:00,68281.2,68364.0,68179.0,68253.7,81.07057036
2026-03-07 02:00:00,68254.7,68364.0,68058.0,68345.9,80.51702133
2026-03-07 03:00:00,68345.9,68544.8,68100.0,68100.0,132.37967778
2026-03-07 04:00:00,68100.1,68152.0,67815.0,68064.9,264.82572174
2026-03-07 05:00:00,68064.1,68142.8,67906.1,68023.1,102.41515958
2026-03-07 06:00:00,68023.1,68029.9,67588.0,67683.9,513.45786411
2026-03-07 07:00:00,67686.1,67877.5,67433.6,67855.0,924.25383388
2026-03-07 08:00:00,67855.1,68047.9,67726.9,67803.1,159.30098748
2026-03-07 09:00:00,67803.1,68076.7,67742.0,68004.1,93.72411475
2026-03-07 10:00:00,68004.1,68107.0,67872.3,67884.0,120.08450455
2026-03-07 11:00:00,67884.0,68236.1,67844.1,68003.6,498.91451687
2026-03-07 12:00:00,68003.7,68082.0,67894.0,67987.0,101.07512437
2026-03-07 13:00:00,67987.1,68070.4,67850.1,67927.0,126.23335145
2026-03-07 14:00:00,67927.1,68090.3,67619.0,68018.8,195.36653801
2026-03-07 15:00:00,68019.0,68040.2,67779.5,67880.9,84.28303266
2026-03-07 16:00:00,67881.0,67900.6,67708.3,67792.5,72.41154471
2026-03-07 17:00:00,67792.5,67949.3,67768.1,67787.2,46.61501998
2026-03-07 18:00:00,67787.3,67787.3,67496.7,67566.2,140.53203081
2026-03-07 19:00:00,67566.2,67577.6,66919.1,67084.4,320.44720869
2026-03-07 20:00:00,67081.1,67433.7,67070.0,67391.1,87.7388565
2026-03-07 21:00:00,67392.0,67478.0,67273.5,67451.8,60.65206441
2026-03-07 22:00:00,67451.9,67470.0,67086.3,67262.5,109.55221486
2026-03-07 23:00:00,67262.1,67410.8,67188.1,67263.0,42.47993127
2026-03-08 00:00:00,67263.1,67490.0,67181.8,67191.0,60.22100941
2026-03-08 01:00:00,67191.0,67384.2,67095.0,67302.4,66.18605192
2026-03-08 02:00:00,67302.4,67435.2,66840.0,66925.3,241.39732183
2026-03-08 03:00:00,66930.0,67091.9,66850.0,67010.0,160.09981431
2026-03-08 04:00:00,67010.1,67092.0,66543.1,66637.0,206.58735247
2026-03-08 05:00:00,66636.9,67247.6,66612.8,67150.2,81.51525149
2026-03-08 06:00:00,67150.2,67233.9,67041.0,67164.0,297.3397102
2026-03-08 07:00:00,67164.0,67460.0,67154.6,67318.0,235.96509901
2026-03-08 08:00:00,67315.4,67573.0,67154.3,67536.1,146.82715033
2026-03-08 09:00:00,67536.1,67898.7,67469.7,67690.1,195.28771919
2026-03-08 10:00:00,67690.1,68195.4,67690.1,67901.0,560.147043
2026-03-08 11:00:00,67900.3,67900.3,67393.2,67516.0,288.08610573
2026-03-08 12:00:00,67516.0,67659.5,66888.0,67314.2,374.59783193
2026-03-08 13:00:00,67314.2,67429.3,66807.0,67234.1,291.71049809
2026-03-08 14:00:00,67234.1,67428.5,67051.3,67339.1,104.48554969
2026-03-08 15:00:00,67338.0,67369.9,67061.5,67209.0,94.87828428
2026-03-08 16:00:00,67208.1,67261.6,66800.0,66866.3,132.867141
2026-03-08 17:00:00,66866.3,67178.8,66800.1,67051.1,102.15943195
2026-03-08 18:00:00,67051.6,67077.9,66748.1,66811.4,92.44532591
2026-03-08 19:00:00,66811.5,67463.9,66778.0,67333.1,134.80572974
2026-03-08 20:00:00,67333.0,67529.0,67024.0,67224.2,151.21992679
2026-03-08 21:00:00,67225.3,67259.0,66711.1,67013.1,124.44338399
2026-03-08 22:00:00,67014.6,67015.0,65616.3,66239.2,973.38411277
2026-03-08 23:00:00,66239.2,66567.4,65928.1,65973.2,225.03248812
2026-03-09 00:00:00,65973.2,66765.7,65833.3,66369.0,336.88700676
2026-03-09 01:00:00,66369.1,66696.0,66120.6,66193.6,269.49307909
2026-03-09 02:00:00,66193.7,66720.1,65963.7,66538.5,249.88403869
2026-03-09 03:00:00,66538.5,67670.0,66516.1,67204.5,562.33950511
2026-03-09 04:00:00,67204.5,67616.2,67100.5,67131.5,281.07933633
2026-03-09 05:00:00,67136.8,68062.0,67119.1,67913.0,353.47367384
2026-03-09 06:00:00,67913.9,67939.2,67253.7,67270.8,266.67627543
2026-03-09 07:00:00,67270.8,67566.6,66880.0,67554.1,541.01417389
2026-03-09 08:00:00,67554.1,67921.0,67381.0,67811.7,1282.03516492
2026-03-09 09:00:00,67811.8,68452.0,67566.8,67964.9,438.33215289
2026-03-09 10:00:00,67964.4,68096.0,67550.1,67602.1,1830.29582359
2026-03-09 11:00:00,67602.2,67857.1,67324.8,67757.5,253.76608714
2026-03-09 12:00:00,67757.5,68341.0,67751.9,68153.4,317.67942062
2026-03-09 13:00:00,68153.4,69292.4,68131.6,68975.0,895.00663081
2026-03-09 14:00:00,68971.5,69477.4,68669.8,69149.9,691.06545825
2026-03-09 15:00:00,69150.0,69254.8,68725.3,68866.2,486.27819754
2026-03-09 16:00:00,68865.7,69230.0,68636.7,68958.3,302.99625194
2026-03-09 17:00:00,68960.1,69096.0,68261.0,68597.9,370.57214994
2026-03-09 18:00:00,68597.9,68720.4,68234.0,68354.2,170.92690133
2026-03-09 19:00:00,68356.1,69522.0,68356.1,68985.7,630.72081197
2026-03-09 20:00:00,68985.1,69145.6,68759.9,68953.7,244.34304913
2026-03-09 21:00:00,68953.6,69100.0,68656.0,68919.8,141.64266407
2026-03-09 22:00:00,68919.4,69032.8,68593.4,68636.0,248.17235014
2026-03-09 23:00:00,68636.0,68702.1,68373.7,68423.3,107.48415908
2026-03-10 00:00:00,68423.2,69287.9,68389.9,69157.8,300.27596433
2026-03-10 01:00:00,69157.0,69388.8,68787.7,69261.0,236.38698641
2026-03-10 02:00:00,69261.0,70589.6,69105.1,70276.1,1100.71829355
2026-03-10 03:00:00,70276.0,70376.4,69387.1,69430.0,454.92302884
2026-03-10 04:00:00,69430.1,70135.7,69430.1,70071.2,298.28011553
2026-03-10 05:00:00,70072.6,70359.4,69885.8,69968.5,156.44369915
2026-03-10 06:00:00,69968.6,70184.8,69752.0,69912.2,258.052641
2026-03-10 07:00:00,69912.9,70529.2,69822.9,70396.7,706.71392854
2026-03-10 08:00:00,70397.1,71074.7,70373.1,70679.7,559.36140835
2026-03-10 09:00:00,70679.7,71293.0,70642.3,71057.9,370.33728253
2026-03-10 10:00:00,71057.6,71079.0,70670.5,70769.9,292.31551605
2026-03-10 11:00:00,70770.0,70874.2,70539.1,70601.2,211.23214672
2026-03-10 12:00:00,70595.0,70631.0,70294.6,70520.0,204.25371498
2026-03-10 13:00:00,70520.0,70920.8,69715.4,69926.0,534.00910122
2026-03-10 14:00:00,69926.1,71528.6,69277.0,71468.7,849.71892078
2026-03-10 15:00:00,71468.4,71782.3,70902.3,71344.1,645.75549192
2026-03-10 16:00:00,71344.0,71696.7,70933.6,71268.1,515.14540946
2026-03-10 17:00:00,71268.1,71450.0,70510.4,70870.5,333.65989094
2026-03-10 18:00:00,70870.6,70916.0,69895.0,70012.9,624.32120371
2026-03-10 19:00:00,70013.0,70285.0,69720.0,70052.6,230.37345635
2026-03-10 20:00:00,70040.9,70346.1,70000.0,70235.2,124.95536561
2026-03-10 21:00:00,70237.4,70410.0,69520.5,69757.9,230.44183799
2026-03-10 22:00:00,69757.9,69864.0,69454.5,69703.0,202.30245244
2026-03-10 23:00:00,69703.0,69969.9,69690.0,69950.0,127.95847743
2026-03-11 00:00:00,69950.0,70166.0,69756.3,70035.1,173.24598579
2026-03-11 01:00:00,70035.1,70147.9,69881.0,70067.9,154.43690002
2026-03-11 02:00:00,70067.9,70119.9,69615.0,69817.0,175.92728897
2026-03-11 03:00:00,69817.0,69897.8,69491.7,69550.5,133.43306088
2026-03-11 04:00:00,69552.8,70278.3,69500.1,70131.1,245.82958455
2026-03-11 05:00:00,70131.1,70204.0,69416.0,69511.1,272.14453523
2026-03-11 06:00:00,69511.0,69999.9,69504.1,69950.5,206.76396847
2026-03-11 07:00:00,69950.6,70031.0,69506.6,69657.1,194.95263276
2026-03-11 08:00:00,69658.0,69795.1,69500.0,69649.0,314.68152582
2026-03-11 09:00:00,69649.0,69757.1,69370.3,69470.2,185.71229839
2026-03-11 10:00:00,69470.3,69722.0,69392.6,69604.8,114.17251015
2026-03-11 11:00:00,69608.9,69679.6,69157.9,69175.9,173.98185964
2026-03-11 12:00:00,69175.1,69779.6,68977.4,69357.1,478.0490632
2026-03-11 13:00:00,69357.9,71086.2,69330.8,70176.8,878.01477609
2026-03-11 14:00:00,70176.8,70983.6,69963.8,70574.2,533.06633196
2026-03-11 15:00:00,70574.2,70655.7,69678.0,70235.8,391.31331296
2026-03-11 16:00:00,70235.8,70836.3,70164.9,70576.5,340.50690515
2026-03-11 17:00:00,70576.6,71320.0,70500.1,70789.3,568.17161291
2026-03-11 18:00:00,70786.5,70900.1,70403.7,70625.4,287.21794792
2026-03-11 19:00:00,70625.4,70740.7,70379.1,70647.0,104.79696981
2026-03-11 20:00:00,70646.9,70716.2,70384.7,70632.9,165.36600406
2026-03-11 21:00:00,70633.0,70779.8,70482.5,70735.7,137.48450904
2026-03-11 22:00:00,70735.8,70956.0,70237.0,70369.3,160.01721289
2026-03-11 23:00:00,70369.4,70510.6,70110.0,70194.8,117.82910891
2026-03-12 00:00:00,70194.8,70355.0,70128.5,70223.3,123.56610024
2026-03-12 01:00:00,70222.5,70231.0,69755.0,69839.1,221.09911161
2026-03-12 02:00:00,69839.8,69879.0,69217.0,69280.1,405.96455179
2026-03-12 03:00:00,69280.1,69625.0,69234.5,69445.3,133.8914168
2026-03-12 04:00:00,69441.9,69669.9,69293.0,69363.8,124.84981434
2026-03-12 05:00:00,69363.8,69544.0,69210.7,69478.9,352.81289552
2026-03-12 06:00:00,69479.0,69572.7,69362.5,69501.5,98.27971603
2026-03-12 07:00:00,69502.9,69850.0,69412.9,69828.9,231.5958685
2026-03-12 08:00:00,69829.2,70120.1,69708.2,69907.8,300.96150437
2026-03-12 09:00:00,69907.8,70395.6,69578.1,69948.6,320.32977729
2026-03-12 10:00:00,69948.7,70510.0,69862.9,70413.7,277.47796558
2026-03-12 11:00:00,70413.8,70800.0,70366.0,70424.0,249.90826021
2026-03-12 12:00:00,70422.6,70615.3,70277.7,70387.3,177.41695233
2026-03-12 13:00:00,70387.2,70529.0,69686.6,69971.4,652.52978993
2026-03-12 14:00:00,69971.5,70666.1,69353.3,69592.6,575.68521559
2026-03-12 15:00:00,69590.9,70560.0,69467.7,70327.0,731.0412169
2026-03-12 16:00:00,70327.1,70571.4,69913.8,70379.0,317.18400691
2026-03-12 17:00:00,70379.0,70549.8,70080.5,70213.0,157.21727083
2026-03-12 18:00:00,70212.9,70308.4,69809.6,69824.9,91.14193811
2026-03-12 19:00:00,69825.0,70557.4,69777.4,70434.8,151.61210201
2026-03-12 20:00:00,70434.9,70559.9,70116.2,70164.7,84.13706986
2026-03-12 21:00:00,70164.8,70481.2,70164.8,70284.4,93.55242495
2026-03-12 22:00:00,70284.2,70317.9,70024.0,70178.2,54.86931663
2026-03-12 23:00:00,70178.2,70737.5,70165.4,70525.0,239.1813613
2026-03-13 00:00:00,70525.1,72000.0,70389.0,71477.4,899.48187546
2026-03-13 01:00:00,71477.5,71750.0,71278.9,71667.5,202.88907689
2026-03-13 02:00:00,71667.6,71699.0,71050.0,71143.0,207.85277495
2026-03-13 03:00:00,71143.1,71514.9,70961.8,71403.1,190.72499703
2026-03-13 04:00:00,71403.1,71499.7,71228.9,71387.6,76.20660096
2026-03-13 05:00:00,71387.7,71631.5,71240.0,71550.7,121.45587692
2026-03-13 06:00:00,71550.7,71592.1,71182.6,71346.0,117.57177443
2026-03-13 07:00:00,71345.9,71680.3,71234.0,71613.1,505.47692454
2026-03-13 08:00:00,71613.1,72173.5,71384.0,71827.4,409.94030436
2026-03-13 09:00:00,71827.3,72104.9,71591.9,72009.1,311.71730664
2026-03-13 10:00:00,72009.1,72578.7,71998.1,72458.8,475.04432085
2026-03-13 11:00:00,72460.9,72529.0,72206.1,72228.0,192.93391583
2026-03-13 12:00:00,72228.0,72884.9,72209.6,72775.4,429.02289788
2026-03-13 13:00:00,72775.5,73582.0,72679.4,73374.7,944.44261458
2026-03-13 14:00:00,73374.8,73893.0,72364.2,72389.0,1066.64955642
2026-03-13 15:00:00,72389.0,72833.3,71732.3,71832.0,798.96258113
2026-03-13 16:00:00,71832.0,72099.6,71153.8,71879.2,832.99743147
2026-03-13 17:00:00,71879.1,72241.7,70898.4,71033.2,501.95818227
2026-03-13 18:00:00,71033.2,71349.0,70827.6,71048.1,391.72092611
2026-03-13 19:00:00,71048.1,71307.6,71000.0,71174.5,176.10099267
2026-03-13 20:00:00,71175.0,71460.2,71140.9,71344.3,115.46776485
2026-03-13 21:00:00,71344.4,71485.6,71055.7,71097.2,88.89339441
2026-03-13 22:00:00,71097.2,71187.7,70558.1,70821.0,261.54749883
2026-03-13 23:00:00,70820.9,71009.4,70704.4,70931.1,169.50082513
2026-03-14 00:00:00,70931.0,70954.9,70560.0,70635.8,154.86575982
2026-03-14 01:00:00,70635.9,70907.0,70476.8,70830.1,228.30630581
2026-03-14 02:00:00,70830.1,70901.0,70739.0,70780.2,72.09974787
2026-03-14 03:00:00,70780.2,71174.0,70780.2,71081.0,162.61854672
2026-03-14 04:00:00,71081.1,71305.2,71022.0,71043.2,132.57172669
2026-03-14 05:00:00,71043.3,71152.9,70911.2,71016.3,84.54332941
2026-03-14 06:00:00,71016.3,71016.3,70320.0,70632.7,308.92566109
2026-03-14 07:00:00,70633.6,70745.8,70480.6,70598.7,406.01207192
2026-03-14 08:00:00,70598.7,70722.1,70534.0,70583.1,356.55729688
2026-03-14 09:00:00,70583.2,70727.2,70393.1,70513.1,131.00033649
2026-03-14 10:00:00,70513.1,70581.8,70387.7,70571.6,86.31910355
2026-03-14 11:00:00,70571.6,70787.5,70557.8,70743.8,58.11554541
2026-03-14 12:00:00,70743.8,70839.8,70613.7,70769.2,89.98587932
2026-03-14 13:00:00,70769.2,70930.1,70716.0,70859.9,92.60029488
2026-03-14 14:00:00,70860.0,70947.4,70574.4,70598.7,100.30421955
2026-03-14 15:00:00,70598.8,70731.8,70492.2,70579.1,72.92836858
2026-03-14 16:00:00,70579.2,70707.8,70473.5,70668.1,61.74671234
2026-03-14 17:00:00,70668.2,70730.1,70580.5,70617.3,45.19551811
2026-03-14 18:00:00,70617.3,70714.8,70553.1,70665.8,41.34764791
2026-03-14 19:00:00,70665.8,70739.9,70593.4,70699.0,23.43644235
2026-03-14 20:00:00,70699.0,70856.7,70643.3,70803.8,41.98659058
2026-03-14 21:00:00,70803.8,70826.0,70646.8,70799.9,65.43697938
2026-03-14 22:00:00,70800.2,70817.2,70701.3,70714.1,74.55488902
2026-03-14 23:00:00,70715.0,71250.0,70715.0,71213.5,114.07079156
2026-03-15 00:00:00,71213.5,71219.1,70964.0,70985.3,176.11049963
2026-03-15 01:00:00,70985.2,71045.9,70857.0,71000.1,41.12422842
2026-03-15 02:00:00,71000.1,71630.0,71000.1,71450.1,191.62706782
2026-03-15 03:00:00,71450.1,71529.0,71230.0,71350.9,163.5536133
2026-03-15 04:00:00,71351.0,71660.0,71321.7,71582.5,123.46107472
2026-03-15 05:00:00,71584.0,71790.7,71466.0,71492.3,138.52418858
2026-03-15 06:00:00,71490.1,71600.1,71366.5,71453.6,95.89166265
2026-03-15 07:00:00,71453.7,71657.1,71403.6,71456.7,151.01028459
2026-03-15 08:00:00,71457.0,71718.0,71457.0,71717.9,115.16165689
2026-03-15 09:00:00,71717.9,71933.3,71704.7,71780.3,178.59482349
2026-03-15 10:00:00,71780.3,71914.8,71717.0,71780.1,57.65711127
2026-03-15 11:00:00,71780.1,71890.0,71666.6,71844.0,87.64975721
2026-03-15 12:00:00,71844.0,71844.1,71566.7,71612.9,53.06969501
2026-03-15 13:00:00,71613.0,71684.5,71259.2,71604.9,265.76937642
2026-03-15 14:00:00,71605.0,71689.5,71331.5,71624.3,134.16431394
2026-03-15 15:00:00,71624.3,71631.4,71412.0,71478.1,90.19574014
2026-03-15 16:00:00,71478.1,71589.9,71300.0,71433.0,115.20598415
2026-03-15 17:00:00,71432.9,71999.0,71408.9,71819.0,134.82215068
2026-03-15 18:00:00,71818.1,71888.8,71320.0,71387.3,139.53992002
2026-03-15 19:00:00,71387.3,71578.0,71339.3,71557.1,124.43359381
2026-03-15 20:00:00,71557.1,71930.0,71436.7,71729.1,88.55934592
2026-03-15 21:00:00,71729.1,72222.0,71588.7,72113.6,167.81182067
2026-03-15 22:00:00,72113.5,73073.6,71722.0,72747.1,508.51085766
2026-03-15 23:00:00,72748.0,73195.9,72416.8,72806.8,476.40719706
2026-03-16 00:00:00,72806.9,73008.8,72445.2,72530.0,194.23823097
2026-03-16 01:00:00,72530.0,72857.1,72268.3,72759.7,169.143691
2026-03-16 02:00:00,72759.7,72855.7,72345.0,72518.6,133.6759962
2026-03-16 03:00:00,72518.6,74325.2,72439.0,73577.1,1112.36044294
2026-03-16 04:00:00,73577.1,74464.6,73577.1,73839.0,705.43510712
2026-03-16 05:00:00,73837.0,74250.0,73720.0,74203.9,380.11417121
2026-03-16 06:00:00,74204.0,74206.0,73592.2,73720.4,262.55344035
2026-03-16 07:00:00,73720.5,73939.6,73379.3,73449.0,552.5455463
2026-03-16 08:00:00,73449.0,73772.1,72860.2,73138.5,421.97170512
2026-03-16 09:00:00,73142.8,73333.0,73059.0,73263.5,186.31805684
2026-03-16 10:00:00,73263.5,73784.0,73204.8,73783.4,268.32229202
2026-03-16 11:00:00,73783.5,73834.6,73515.3,73552.6,129.1331452
2026-03-16 12:00:00,73552.6,74041.0,73446.4,73863.3,309.26714664
2026-03-16 13:00:00,73863.4,74500.0,73778.1,74111.2,667.63061538
2026-03-16 14:00:00,74111.3,74450.1,73000.0,73565.8,666.89931468
2026-03-16 15:00:00,73565.8,74027.9,73184.4,73269.1,546.20011058
2026-03-16 16:00:00,73269.1,73907.0,73158.0,73758.9,450.61312113
2026-03-16 17:00:00,73759.0,74057.1,73643.1,73948.1,251.30241244
2026-03-16 18:00:00,73948.1,74359.2,73834.4,73913.6,304.89616325
2026-03-16 19:00:00,73913.6,74413.9,73787.9,73967.2,259.7666856
2026-03-16 20:00:00,73962.2,74239.5,73845.0,74228.9,101.63121377
2026-03-16 21:00:00,74229.0,74800.0,74146.1,74397.8,415.39072003
2026-03-16 22:00:00,74397.9,74899.0,74374.8,74761.1,206.44715355
2026-03-16 23:00:00,74762.0,74934.7,74250.0,74883.5,243.62229333
2026-03-17 00:00:00,74883.6,75509.0,74615.5,75311.0,638.99229475
2026-03-17 01:00:00,75318.2,76011.8,75071.5,75619.0,676.49246091
2026-03-17 02:00:00,75617.1,75673.8,75114.4,75200.2,320.15588865
2026-03-17 03:00:00,75200.3,75328.9,74275.4,74465.6,606.17436683
2026-03-17 04:00:00,74465.7,74695.7,74000.1,74246.3,599.42002384
2026-03-17 05:00:00,74246.4,74468.0,73793.5,74046.2,337.35091204
2026-03-17 06:00:00,74046.3,74285.4,73900.4,74087.1,235.70384688
2026-03-17 07:00:00,74087.1,74459.4,74071.0,74245.3,224.99531342
2026-03-17 08:00:00,74245.3,74450.0,74103.6,74199.0,230.26801134
2026-03-17 09:00:00,74199.1,74406.0,73850.1,73943.0,256.522645
2026-03-17 10:00:00,73943.0,73969.6,73560.8,73733.5,416.035897
2026-03-17 11:00:00,73733.5,74211.5,73678.8,74034.4,277.9223294
2026-03-17 12:00:00,74034.1,74174.6,73652.1,73747.6,240.44234603
2026-03-17 13:00:00,73747.6,74173.6,73389.0,73621.0,435.58196421
2026-03-17 14:00:00,73621.0,74417.1,73431.1,74382.5,374.09127755
2026-03-17 15:00:00,74384.0,74883.0,73669.8,73917.4,527.90547584
2026-03-17 16:00:00,73915.5,74346.6,73862.0,74157.0,265.3148102
2026-03-17 17:00:00,74157.0,74594.1,73997.4,74523.9,281.30591642
2026-03-17 18:00:00,74524.0,74765.8,74384.9,74683.0,170.91801597
2026-03-17 19:00:00,74683.1,74800.0,74433.3,74515.1,152.18136036
2026-03-17 20:00:00,74515.1,74685.9,74368.8,74516.0,74.91035707
2026-03-17 21:00:00,74515.9,74800.0,74465.0,74688.9,84.10316918
2026-03-17 22:00:00,74688.8,74775.8,73933.8,74309.8,155.5938844
2026-03-17 23:00:00,74309.9,74399.8,73875.0,73904.2,129.06585421
2026-03-18 00:00:00,73904.3,74062.9,73530.7,73862.1,220.16069214
2026-03-18 01:00:00,73862.1,74207.6,73814.7,74078.9,141.86947107
2026-03-18 02:00:00,74079.0,74479.0,74052.2,74341.0,129.0880764
2026-03-18 03:00:00,74341.0,74668.6,74244.2,74441.0,190.66564397
2026-03-18 04:00:00,74441.0,74492.0,74137.9,74165.0,122.34923762
2026-03-18 05:00:00,74170.0,74297.0,73840.5,73955.3,158.11192638
2026-03-18 06:00:00,73955.4,74227.0,73941.2,73951.5,101.10697861
2026-03-18 07:00:00,73951.5,74000.0,73700.0,73890.1,195.24233776
2026-03-18 08:00:00,73890.0,74128.0,73870.0,74049.3,191.34011295
2026-03-18 09:00:00,74049.4,74280.0,74040.5,74182.0,80.31487904
2026-03-18 10:00:00,74180.1,74288.6,73797.8,73939.1,139.93245711
2026-03-18 11:00:00,73939.1,74079.9,72778.1,72948.5,1012.53031128
2026-03-18 12:00:00,72948.5,72979.7,72267.0,72354.0,563.55793534
2026-03-18 13:00:00,72354.9,72560.5,71966.0,72122.0,544.80887099
2026-03-18 14:00:00,72126.1,72219.0,71100.0,71186.0,771.50533789
2026-03-18 15:00:00,71186.0,71525.4,70858.1,71468.0,733.42698941
2026-03-18 16:00:00,71468.0,71560.3,71039.1,71318.7,355.65465941
2026-03-18 17:00:00,71318.7,71749.0,71200.7,71594.4,240.21268183
2026-03-18 18:00:00,71592.3,72008.0,70952.5,71103.1,487.33333944
2026-03-18 19:00:00,71103.1,71485.4,70924.0,71068.7,256.88349028
2026-03-18 20:00:00,71064.2,71325.9,70500.0,71216.7,379.36581359
2026-03-18 21:00:00,71216.6,71440.1,71166.0,71269.5,148.7738033
2026-03-18 22:00:00,71269.5,71269.5,70948.4,71153.3,221.27750972
2026-03-18 23:00:00,71153.4,71371.2,71058.9,71253.1,147.8679837
2026-03-19 00:00:00,71253.1,71325.9,70981.2,71007.9,174.0609593
2026-03-19 01:00:00,71006.1,71188.3,70955.5,71123.9,155.91152463
2026-03-19 02:00:00,71123.8,71260.0,70913.1,71060.3,121.88968847
2026-03-19 03:00:00,71060.4,71618.0,71060.4,71214.0,176.3429373
2026-03-19 04:00:00,71214.0,71214.1,70656.0,70826.0,224.84065058
2026-03-19 05:00:00,70827.5,70916.3,70665.0,70833.1,151.40098038
2026-03-19 06:00:00,70833.1,70975.0,70510.0,70587.0,171.01141084
2026-03-19 07:00:00,70586.1,70606.0,69486.0,70201.0,1127.52866744
2026-03-19 08:00:00,70201.0,70299.9,69900.2,69995.9,260.77066766
2026-03-19 09:00:00,69996.0,70558.0,69987.0,70505.1,366.76452498
2026-03-19 10:00:00,70505.0,70540.9,70116.5,70127.1,123.12113661
2026-03-19 11:00:00,70127.1,70258.9,69909.1,69953.8,183.36346491
2026-03-19 12:00:00,69953.8,69953.8,69100.0,69296.0,391.70619251
2026-03-19 13:00:00,69296.0,70076.5,69089.1,69908.9,554.08941266
2026-03-19 14:00:00,69909.0,70170.4,69100.2,69487.1,482.81475374
2026-03-19 15:00:00,69486.0,69919.9,68796.3,69409.5,614.57617105
2026-03-19 16:00:00,69411.0,69642.8,69174.0,69455.1,278.54453288
2026-03-19 17:00:00,69455.0,69953.4,69125.3,69855.0,322.3707547
2026-03-19 18:00:00,69855.0,69932.5,69586.0,69821.0,134.96409151
2026-03-19 19:00:00,69821.1,70598.9,69804.2,70268.6,381.96602992
2026-03-19 20:00:00,70269.0,70678.0,70202.0,70486.0,143.32324097
2026-03-19 21:00:00,70485.1,70695.0,70369.3,70415.2,351.8982081
2026-03-19 22:00:00,70412.1,70508.9,69954.8,70179.9,262.61942297
2026-03-19 23:00:00,70180.0,70286.0,69718.1,69923.7,175.32643017
2026-03-20 00:00:00,69923.7,70309.0,69841.0,70197.3,147.30144274
2026-03-20 01:00:00,70197.3,70591.5,70190.2,70408.0,148.75525677
2026-03-20 02:00:00,70408.0,70520.0,70079.7,70413.0,115.73181637
2026-03-20 03:00:00,70411.8,70810.9,70387.0,70735.5,184.52347542
2026-03-20 04:00:00,70735.1,70967.9,70544.5,70783.1,183.98644503
2026-03-20 05:00:00,70783.1,70869.5,70516.9,70600.0,91.17060471
2026-03-20 06:00:00,70600.1,70647.6,70346.1,70493.9,137.38850516
2026-03-20 07:00:00,70494.0,70937.0,70206.3,70854.9,337.85359527
2026-03-20 08:00:00,70855.0,71366.0,70800.0,71039.2,494.62069243
2026-03-20 09:00:00,71039.2,71039.9,70423.2,70588.7,379.6136102
2026-03-20 10:00:00,70588.8,70683.7,70222.7,70619.2,215.89303378
2026-03-20 11:00:00,70617.1,70816.1,70309.1,70485.6,141.70920006
2026-03-20 12:00:00,70484.8,70683.9,70252.9,70339.6,187.48992839
2026-03-20 13:00:00,70339.7,70611.1,69804.7,69870.2,411.10520148
2026-03-20 14:00:00,69870.2,70275.0,69600.0,69742.3,644.4266649
2026-03-20 15:00:00,69742.3,70013.5,69491.6,69870.6,262.87923897
2026-03-20 16:00:00,69870.7,70107.0,69618.0,69831.3,190.13697424
2026-03-20 17:00:00,69834.1,70029.9,69393.5,70000.4,315.54015467
2026-03-20 18:00:00,70002.7,70076.8,69529.6,69771.0,181.76304277
2026-03-20 19:00:00,69773.9,70192.2,69671.6,70186.2,155.47651673
2026-03-20 20:00:00,70186.1,70264.2,69760.1,70062.5,210.85289674
2026-03-20 21:00:00,70062.5,70737.5,69949.3,70546.5,271.06719607
2026-03-20 22:00:00,70546.2,70929.8,70522.2,70778.2,182.69546792
2026-03-20 23:00:00,70778.3,70779.0,70432.7,70515.7,78.29914869
2026-03-21 00:00:00,70515.6,70832.0,70473.1,70685.0,94.85648752
2026-03-21 01:00:00,70686.0,70767.9,70466.0,70472.0,42.37756276
2026-03-21 02:00:00,70472.0,70787.6,70444.6,70732.3,53.72568807
2026-03-21 03:00:00,70732.2,70786.3,70628.0,70672.4,29.89035906
2026-03-21 04:00:00,70670.6,70821.7,70620.5,70641.0,51.23150989
2026-03-21 05:00:00,70641.1,70832.1,70633.9,70705.9,252.64718559
2026-03-21 06:00:00,70705.9,70837.2,70693.0,70760.0,505.38617927
2026-03-21 07:00:00,70768.8,70875.9,70664.4,70712.9,151.88157635
2026-03-21 08:00:00,70712.9,70760.0,70483.1,70595.5,82.76941871
2026-03-21 09:00:00,70595.5,70733.5,70570.0,70659.1,71.77163264
2026-03-21 10:00:00,70659.2,70694.5,70564.3,70607.1,40.60673572
2026-03-21 11:00:00,70607.2,70646.5,70564.8,70646.5,38.9371855
2026-03-21 12:00:00,70646.5,70800.0,70646.5,70712.3,49.19523157
2026-03-21 13:00:00,70712.4,70807.5,70700.5,70733.6,58.89382478
2026-03-21 14:00:00,70733.6,71100.0,70569.1,70621.8,215.31781722
2026-03-21 15:00:00,70621.8,70770.0,70455.7,70630.1,179.85964223
2026-03-21 16:00:00,70630.2,70655.9,70257.9,70308.2,119.53388333
2026-03-21 17:00:00,70308.6,70428.9,70215.0,70317.8,62.52128374
2026-03-21 18:00:00,70317.8,70535.8,70300.0,70402.0,86.48362222
2026-03-21 19:00:00,70401.1,70454.8,70324.2,70400.0,160.28072575
2026-03-21 20:00:00,70400.1,70503.4,70362.1,70459.7,78.71002417
2026-03-21 21:00:00,70462.3,70508.8,70273.2,70355.0,38.58775339
2026-03-21 22:00:00,70355.0,70391.1,70263.0,70289.4,52.32805288
2026-03-21 23:00:00,70289.4,70302.5,68555.0,68921.1,772.31058946
2026-03-22 00:00:00,68921.1,69150.8,68237.1,68952.0,794.48687925
2026-03-22 01:00:00,68952.1,69099.0,68767.1,68962.8,173.83314868
2026-03-22 02:00:00,68962.9,69410.0,68946.1,69274.2,174.48666715
2026-03-22 03:00:00,69277.0,69584.8,69130.0,69345.1,180.18016915
2026-03-22 04:00:00,69345.0,69527.9,69216.7,69352.3,127.11842051
2026-03-22 05:00:00,69348.4,69352.0,69142.9,69149.0,119.40154432
2026-03-22 06:00:00,69149.1,69241.0,69066.7,69164.0,72.87444316
2026-03-22 07:00:00,69164.0,69249.9,68894.0,68923.0,269.37757017
2026-03-22 08:00:00,68923.0,68986.5,68540.1,68810.1,221.13345403
2026-03-22 09:00:00,68810.1,68900.0,68581.4,68820.3,114.08158697
2026-03-22 10:00:00,68816.8,68845.0,68587.1,68650.4,65.39611427
2026-03-22 11:00:00,68650.4,68686.4,68100.1,68222.1,250.55463952
2026-03-22 12:00:00,68222.1,68764.7,68200.0,68655.4,208.77716954
2026-03-22 13:00:00,68655.4,68959.8,68543.4,68691.1,189.67948294
2026-03-22 14:00:00,68693.2,68916.4,68532.8,68709.8,99.94974821
2026-03-22 15:00:00,68709.8,69006.0,68709.0,68843.9,112.48690294
2026-03-22 16:00:00,68844.0,68881.7,68669.6,68799.1,67.19968986
2026-03-22 17:00:00,68799.1,68852.7,68668.7,68668.8,62.66651328
2026-03-22 18:00:00,68668.7,68740.7,68343.0,68618.0,143.77331647
2026-03-22 19:00:00,68617.1,68630.1,68147.4,68204.9,160.23140578
2026-03-22 20:00:00,68205.0,68500.0,68084.1,68173.0,135.24115198
2026-03-22 21:00:00,68173.0,68229.5,67360.1,67898.2,615.24457364
2026-03-22 22:00:00,67898.3,68394.5,67577.2,68329.9,257.23588021
2026-03-22 23:00:00,68330.0,68466.1,67833.3,67860.1,158.74745876
2026-03-23 00:00:00,67860.1,68160.0,67452.4,67674.0,272.1849615
2026-03-23 01:00:00,67676.0,68158.0,67540.1,67909.4,191.6324073
2026-03-23 02:00:00,67909.5,68399.8,67806.0,68320.0,162.04589584
2026-03-23 03:00:00,68320.0,68601.0,68071.0,68083.9,125.90543021
2026-03-23 04:00:00,68086.8,68554.8,68059.5,68545.9,117.47048134
2026-03-23 05:00:00,68546.0,68905.7,68545.9,68905.4,271.4499738
2026-03-23 06:00:00,68904.8,68905.5,67700.1,67879.0,446.55921152
2026-03-23 07:00:00,67879.1,68470.9,67508.0,68332.0,819.10611765
2026-03-23 08:00:00,68332.0,68700.0,68329.2,68434.1,862.90827843
2026-03-23 09:00:00,68434.2,68470.4,67918.6,68336.3,245.45179969
2026-03-23 10:00:00,68336.3,68714.2,68294.1,68542.0,229.16556238
2026-03-23 11:00:00,68542.5,71499.9,68540.7,70131.2,2917.94655709
2026-03-23 12:00:00,70131.3,70873.0,69680.6,70743.0,600.37566067
2026-03-23 13:00:00,70745.1,71596.0,70597.0,71488.0,753.88069802
2026-03-23 14:00:00,71488.0,71809.4,71126.0,71450.8,604.11027688
2026-03-23 15:00:00,71452.4,71660.7,70098.1,70133.0,649.6669701
2026-03-23 16:00:00,70134.0,70760.0,70132.0,70561.9,416.72446258
2026-03-23 17:00:00,70562.0,71115.1,70363.7,71081.4,244.73197097
2026-03-23 18:00:00,71081.4,71194.7,70874.2,71075.1,137.42979247
2026-03-23 19:00:00,71074.6,71247.0,70647.0,70673.3,150.21142745
2026-03-23 20:00:00,70673.0,70980.0,70539.6,70909.6,88.95108424
2026-03-23 21:00:00,70910.0,70993.5,70818.1,70852.7,61.04383832
2026-03-23 22:00:00,70852.8,70893.4,70521.4,70779.0,91.87293893
2026-03-23 23:00:00,70779.0,70999.0,70404.8,70900.0,108.23593281
2026-03-24 00:00:00,70900.0,71093.5,70421.2,70684.0,210.272874
2026-03-24 01:00:00,70682.1,70882.3,70280.7,70513.1,384.29245328
2026-03-24 02:00:00,70514.9,70699.9,70370.8,70459.6,226.64457778
2026-03-24 03:00:00,70459.7,70593.9,70409.9,70548.4,125.97140125
2026-03-24 04:00:00,70549.7,70754.1,70262.5,70381.9,154.24312545
2026-03-24 05:00:00,70382.9,70390.0,70130.9,70288.0,128.67686471
2026-03-24 06:00:00,70287.9,70588.6,70260.0,70541.1,165.97186619
2026-03-24 07:00:00,70541.6,71400.0,70487.0,71292.9,1177.32871487
2026-03-24 08:00:00,71293.0,71342.9,70862.0,70967.1,241.90855491
2026-03-24 09:00:00,70967.0,71364.0,70829.9,71323.9,206.73512707
2026-03-24 10:00:00,71324.0,71334.9,71090.0,71270.9,145.79654008
2026-03-24 11:00:00,71271.3,71318.6,70958.1,71153.0,107.44640304
2026-03-24 12:00:00,71155.0,71184.8,70867.9,70961.9,86.16480909
2026-03-24 13:00:00,70962.0,71067.2,69983.5,70108.0,582.48853897
2026-03-24 14:00:00,70108.7,70472.9,69517.1,69876.0,589.02778622
2026-03-24 15:00:00,69879.5,70253.4,69774.5,69869.6,301.94452855
2026-03-24 16:00:00,69869.6,70012.0,69300.3,69474.9,395.8128966
2026-03-24 17:00:00,69480.1,69521.0,68924.0,69239.9,375.79835848
2026-03-24 18:00:00,69240.0,69745.1,69163.3,69431.8,219.78029121
2026-03-24 19:00:00,69431.0,69701.9,69272.7,69374.9,105.38247273
2026-03-24 20:00:00,69374.9,70288.0,69291.1,70092.9,242.66895765
2026-03-24 21:00:00,70094.4,70403.9,69899.6,70328.8,163.32913858
2026-03-24 22:00:00,70329.2,70586.3,70138.9,70315.0,223.1142425
2026-03-24 23:00:00,70315.0,70833.3,70266.6,70557.5,309.15930671
2026-03-25 00:00:00,70557.5,71049.0,70475.9,70838.0,246.40014308
2026-03-25 01:00:00,70838.1,70976.9,70632.6,70679.1,119.33240238
2026-03-25 02:00:00,70679.1,70767.8,70501.1,70532.2,145.71020934
2026-03-25 03:00:00,70533.5,70812.9,70414.1,70720.8,223.35237976
2026-03-25 04:00:00,70720.8,70982.5,70705.0,70974.0,124.78965766
2026-03-25 05:00:00,70973.9,71344.0,70937.5,71119.8,257.35109527
2026-03-25 06:00:00,71119.8,71262.0,70982.5,70987.9,198.34324121
2026-03-25 07:00:00,70988.3,71266.6,70885.5,70931.3,266.06050745
2026-03-25 08:00:00,70931.3,71499.9,70800.0,71239.5,471.02678149
2026-03-25 09:00:00,71239.5,71409.3,71093.6,71335.7,177.5025307
2026-03-25 10:00:00,71339.0,71645.3,71285.8,71490.4,238.18112384
2026-03-25 11:00:00,71490.5,72012.0,71464.5,71677.3,588.11985742
2026-03-25 12:00:00,71677.4,71961.2,71104.0,71723.8,543.57376378
2026-03-25 13:00:00,71716.8,71961.5,71510.1,71576.6,347.27849521
2026-03-25 14:00:00,71576.7,71691.4,71235.5,71236.5,313.63123689
2026-03-25 15:00:00,71236.5,71304.3,70575.1,70831.5,351.7160028
2026-03-25 16:00:00,70831.1,71760.2,70711.1,71319.8,364.5984603
2026-03-25 17:00:00,71319.9,71391.8,70722.0,70779.8,163.31455336
2026-03-25 18:00:00,70779.9,71153.8,70681.8,70816.7,136.37012477
2026-03-25 19:00:00,70816.8,71093.6,70778.8,70879.9,127.9393874
2026-03-25 20:00:00,70880.8,71064.6,70647.1,71003.1,139.96907
2026-03-25 21:00:00,71003.7,71182.3,70947.5,71031.2,101.84496544
2026-03-25 22:00:00,71031.3,71609.2,70943.5,71375.5,198.60090654
2026-03-25 23:00:00,71374.1,71463.1,71188.7,71334.9,98.66278664
2026-03-26 00:00:00,71334.9,71440.9,71142.8,71303.4,131.94189488
2026-03-26 01:00:00,71303.5,71381.6,71158.1,71250.1,73.74703601
2026-03-26 02:00:00,71250.1,71287.0,70685.1,70893.1,243.58835043
2026-03-26 03:00:00,70893.1,70977.0,70689.2,70907.1,83.34805971
2026-03-26 04:00:00,70913.3,70913.3,70717.0,70772.0,64.43051383
2026-03-26 05:00:00,70772.1,70801.9,69956.9,70023.1,525.06429479
2026-03-26 06:00:00,70023.0,70163.2,69868.0,70109.2,199.9812129
2026-03-26 07:00:00,70099.2,70173.9,69812.7,70092.1,240.63439168
2026-03-26 08:00:00,70092.1,70138.4,69805.0,70030.0,234.23862263
2026-03-26 09:00:00,70030.1,70145.5,69410.1,69581.1,634.68734875
2026-03-26 10:00:00,69581.1,69724.0,69460.0,69518.6,299.32492529
2026-03-26 11:00:00,69518.7,69661.0,69193.0,69282.0,196.79608805
2026-03-26 12:00:00,69282.0,69467.0,69232.1,69438.3,127.84389618
2026-03-26 13:00:00,69438.4,69883.9,69220.0,69651.0,368.40769811
2026-03-26 14:00:00,69651.1,69853.2,69255.1,69491.8,254.71313433
2026-03-26 15:00:00,69486.4,69504.6,68616.7,69090.0,689.05512623
2026-03-26 16:00:00,69086.3,69086.3,68827.0,68933.1,195.33059369
2026-03-26 17:00:00,68933.2,69166.6,68380.1,68488.1,376.58555786
2026-03-26 18:00:00,68489.0,68612.0,68153.3,68495.8,505.87217802
2026-03-26 19:00:00,68495.8,68681.6,68361.1,68533.0,190.89785538
2026-03-26 20:00:00,68534.9,69485.2,68424.3,69004.0,540.50502398
2026-03-26 21:00:00,69004.1,69200.0,68880.0,68928.0,120.99017405
2026-03-26 22:00:00,68928.0,69030.0,68606.1,68893.9,156.76205933
2026-03-26 23:00:00,68894.2,69011.2,68640.0,68827.2,126.78634527
2026-03-27 00:00:00,68827.2,68970.4,68534.8,68785.0,162.01985237
2026-03-27 01:00:00,68785.1,69069.8,68702.1,69054.5,104.70665012
2026-03-27 02:00:00,69054.9,69185.6,68869.0,68909.0,113.65082412
2026-03-27 03:00:00,68909.0,68927.0,68682.4,68770.2,115.18611725
2026-03-27 04:00:00,68770.2,68801.3,68307.0,68581.5,229.04605225
2026-03-27 05:00:00,68581.1,68860.0,68515.0,68625.1,121.90044561
2026-03-27 06:00:00,68625.1,68851.7,68570.6,68661.0,85.96581163
2026-03-27 07:00:00,68661.1,68964.0,68446.2,68529.1,473.86119553
2026-03-27 08:00:00,68534.3,68626.8,67614.1,67918.1,629.81295299
2026-03-27 09:00:00,67917.2,67950.7,67552.1,67692.1,288.51897388
2026-03-27 10:00:00,67692.2,67781.0,66300.1,66499.2,1325.87754984
2026-03-27 11:00:00,66499.3,66851.0,66229.4,66707.9,529.43876739
2026-03-27 12:00:00,66707.9,66776.0,66428.9,66610.1,408.01288069
2026-03-27 13:00:00,66610.1,66730.3,66000.0,66169.1,1362.38421096
2026-03-27 14:00:00,66169.0,66392.3,65714.2,66189.9,846.7039387
2026-03-27 15:00:00,66190.0,66631.4,65962.6,66102.0,963.71332758
2026-03-27 16:00:00,66102.0,66185.1,65799.1,65980.1,423.89109766
2026-03-27 17:00:00,65980.0,66297.2,65576.4,65635.3,328.67762406
2026-03-27 18:00:00,65635.3,65957.0,65559.6,65840.0,253.33614891
2026-03-27 19:00:00,65840.1,66153.7,65694.1,66033.6,403.48221406
2026-03-27 20:00:00,66033.6,66157.7,65815.3,66022.4,197.30506449
2026-03-27 21:00:00,66022.9,66188.2,66015.4,66083.6,103.89447106
2026-03-27 22:00:00,66084.7,66095.9,65919.1,66028.0,72.82966212
2026-03-27 23:00:00,66028.0,66420.0,65972.1,66403.9,91.83910983
2026-03-28 00:00:00,66403.9,66525.5,66294.7,66433.1,148.03541091
2026-03-28 01:00:00,66433.1,66433.9,66062.3,66181.7,162.61902788
2026-03-28 02:00:00,66181.7,66251.4,65933.2,66055.0,110.21156549
2026-03-28 03:00:00,66055.0,66249.3,66055.0,66235.3,106.40651899
2026-03-28 04:00:00,66235.3,66305.3,66110.4,66280.3,109.93100224
2026-03-28 05:00:00,66280.3,66392.3,66202.1,66348.3,72.72253106
2026-03-28 06:00:00,66348.3,66498.1,66308.0,66392.7,282.16882513
2026-03-28 07:00:00,66392.7,66576.9,66385.0,66570.1,297.65230206
2026-03-28 08:00:00,66570.2,66571.9,66400.9,66412.4,164.53956124
2026-03-28 09:00:00,66415.0,66415.0,66250.0,66310.9,102.61796754
2026-03-28 10:00:00,66310.9,66415.2,66130.1,66223.1,88.35793214
2026-03-28 11:00:00,66223.1,66357.7,66206.8,66327.6,79.76483447
2026-03-28 12:00:00,66327.6,66525.0,66239.1,66454.3,102.49150674
2026-03-28 13:00:00,66454.3,67169.0,66400.2,66849.3,388.38256783
2026-03-28 14:00:00,66849.3,66974.9,66667.0,66745.1,226.75616542
2026-03-28 15:00:00,66745.0,67300.0,66720.0,67020.0,325.92824734
2026-03-28 16:00:00,67020.3,67100.0,66857.1,66932.0,108.6603249
2026-03-28 17:00:00,66932.0,66997.7,66695.3,66844.3,100.08449479
2026-03-28 18:00:00,66844.4,66955.7,66832.7,66914.0,53.34091118
2026-03-28 19:00:00,66914.1,66961.7,66800.0,66916.7,33.78304224
2026-03-28 20:00:00,66916.7,67020.0,66906.1,66923.5,67.71755822
2026-03-28 21:00:00,66923.4,66932.9,66600.0,66683.1,66.47889337
2026-03-28 22:00:00,66682.0,66799.8,66590.5,66754.6,204.66255183
2026-03-28 23:00:00,66754.6,66754.6,66283.3,66369.0,143.15901701
2026-03-29 00:00:00,66369.0,66504.3,66277.0,66479.5,164.87786882
2026-03-29 01:00:00,66477.9,66618.7,66381.1,66568.0,160.17043946
2026-03-29 02:00:00,66568.0,66846.0,66536.0,66809.8,120.25107687
2026-03-29 03:00:00,66809.8,67124.6,66755.3,66907.0,138.33029142
2026-03-29 04:00:00,66907.0,66938.0,66711.9,66741.0,170.77791023
2026-03-29 05:00:00,66741.0,66831.8,66607.0,66776.4,193.16614855
2026-03-29 06:00:00,66776.3,66878.0,66635.1,66734.1,53.56950981
2026-03-29 07:00:00,66734.2,66759.6,66558.0,66675.0,205.82304615
2026-03-29 08:00:00,66675.0,66784.9,66597.1,66724.0,60.33825489
2026-03-29 09:00:00,66724.1,66771.9,66549.9,66627.1,111.2617661
2026-03-29 10:00:00,66627.0,66627.0,66410.1,66508.0,63.56585305
2026-03-29 11:00:00,66508.0,66983.6,66508.0,66806.0,114.47237026
2026-03-29 12:00:00,66806.0,66874.4,66694.6,66843.0,286.73999128
2026-03-29 13:00:00,66843.0,66868.2,66501.7,66573.0,152.54627249
2026-03-29 14:00:00,66573.0,66796.8,66454.8,66594.0,156.39421756
2026-03-29 15:00:00,66594.0,66724.1,66326.5,66526.2,169.0425032
2026-03-29 16:00:00,66526.2,66666.0,66433.1,66496.7,82.15544819
2026-03-29 17:00:00,66496.8,66546.5,66159.7,66386.0,112.30920819
2026-03-29 18:00:00,66386.0,66550.0,66324.0,66428.1,47.46718849
2026-03-29 19:00:00,66428.1,66480.0,66325.0,66350.9,64.82953118
2026-03-29 20:00:00,66350.8,66790.0,66350.8,66611.0,113.6527388
2026-03-29 21:00:00,66611.0,66807.7,66504.4,66709.5,69.70754909
2026-03-29 22:00:00,66706.5,66711.8,65000.0,65861.9,791.74846682
2026-03-29 23:00:00,65862.0,66385.8,65859.7,66017.2,337.02613126
2026-03-30 00:00:00,66019.7,67065.2,65800.0,66277.0,452.25437667
2026-03-30 01:00:00,66286.8,66833.3,66286.8,66648.6,219.62889474
2026-03-30 02:00:00,66652.0,67493.0,66566.6,67120.3,476.13974689
2026-03-30 03:00:00,67116.0,67327.4,66977.2,67177.6,158.82378848
2026-03-30 04:00:00,67177.7,67650.0,67168.0,67618.0,282.06609004
2026-03-30 05:00:00,67618.1,67812.1,67430.0,67492.0,247.30893896
2026-03-30 06:00:00,67492.1,67585.0,67279.6,67301.1,242.30739713
2026-03-30 07:00:00,67301.1,67625.0,67225.8,67623.7,437.88349055
2026-03-30 08:00:00,67623.7,67941.7,67604.0,67667.4,396.01518165
2026-03-30 09:00:00,67664.5,67698.0,67462.1,67509.6,338.80321175
2026-03-30 10:00:00,67509.6,67522.6,67372.2,67498.2,187.33446558
2026-03-30 11:00:00,67499.7,68017.1,67491.4,67685.4,476.46707038
2026-03-30 12:00:00,67685.4,67983.0,67665.0,67893.2,279.40064166
2026-03-30 13:00:00,67893.2,68181.6,67441.7,67532.0,576.72921076
2026-03-30 14:00:00,67533.0,67870.0,67100.1,67802.3,363.77287062
2026-03-30 15:00:00,67802.3,67899.1,67407.5,67623.9,277.03340521
2026-03-30 16:00:00,67624.0,67650.6,67223.0,67367.6,122.3285608
2026-03-30 17:00:00,67373.3,67472.7,66657.0,66834.3,284.52032829
2026-03-30 18:00:00,66834.3,66928.9,66518.0,66660.2,297.27781056
2026-03-30 19:00:00,66657.7,66676.5,66241.3,66558.9,242.35749556
2026-03-30 20:00:00,66556.5,66709.8,66535.2,66662.3,136.38896278
2026-03-30 21:00:00,66662.4,66999.9,66591.0,66804.5,152.03566177
2026-03-30 22:00:00,66804.1,66998.6,66688.4,66784.2,66.37387926
2026-03-30 23:00:00,66784.3,66799.9,66419.3,66799.9,117.98706623
2026-03-31 00:00:00,66800.0,67302.8,66545.1,67212.7,212.31773436
2026-03-31 01:00:00,67213.5,68414.0,67050.0,67939.6,688.69768531
2026-03-31 02:00:00,67938.6,68100.0,67777.5,67953.5,190.48433067
2026-03-31 03:00:00,67952.7,68013.9,67644.0,67707.7,140.82388799
2026-03-31 04:00:00,67708.2,67923.0,67492.3,67543.6,254.96738914
2026-03-31 05:00:00,67543.6,67786.9,67406.6,67692.4,341.70548765
2026-03-31 06:00:00,67692.4,67715.8,67345.0,67500.2,271.00543174
2026-03-31 07:00:00,67500.2,67538.5,67107.1,67373.0,657.31218341
2026-03-31 08:00:00,67372.9,67500.0,66660.8,66769.0,320.69927529
2026-03-31 09:00:00,66769.0,66920.6,66000.0,66132.0,517.65474227
2026-03-31 10:00:00,66132.0,66480.9,66100.5,66363.4,313.15949696
2026-03-31 11:00:00,66363.5,66896.2,66237.5,66689.4,341.85512056
2026-03-31 12:00:00,66693.7,66939.8,66525.0,66655.5,204.99542508
2026-03-31 13:00:00,66655.6,67412.9,66655.6,67306.4,310.06716466
2026-03-31 14:00:00,67295.6,67775.5,66427.7,66582.5,559.47609303
2026-03-31 15:00:00,66583.5,67291.7,66583.5,66733.1,392.77468034
2026-03-31 16:00:00,66733.1,68026.4,66727.7,67673.8,602.5928302
2026-03-31 17:00:00,67673.9,68588.0,67405.3,67527.1,950.13097014
2026-03-31 18:00:00,67527.2,67948.4,67523.3,67848.9,226.14437291
2026-03-31 19:00:00,67849.0,68028.7,67708.4,67833.7,175.49816795
2026-03-31 20:00:00,67836.5,68263.9,67821.6,68263.8,220.52109485
2026-03-31 21:00:00,68263.9,68414.1,67885.8,68271.9,213.38998948
2026-03-31 22:00:00,68272.0,68338.0,67958.0,68174.8,257.01274821
2026-03-31 23:00:00,68175.0,68372.0,68073.1,68278.0,189.93919976
2026-04-01 00:00:00,68277.9,68349.1,67855.0,68326.0,233.89532936
2026-04-01 01:00:00,68327.3,68359.1,67750.0,67781.7,236.40562452
2026-04-01 02:00:00,67781.7,67911.2,67584.1,67663.3,202.33192659
2026-04-01 03:00:00,67663.4,68240.0,67663.4,68162.2,167.614729
2026-04-01 04:00:00,68160.7,68482.0,67980.5,68306.8,251.68664199
2026-04-01 05:00:00,68306.7,68750.0,68150.0,68454.8,320.4067389
2026-04-01 06:00:00,68454.9,69238.1,68454.0,69105.0,426.44306985
2026-04-01 07:00:00,69106.6,69318.0,68663.4,68694.1,465.02639158
2026-04-01 08:00:00,68694.1,68850.0,68442.1,68660.9,467.81048342
2026-04-01 09:00:00,68661.0,68730.0,68390.9,68644.6,194.89823343
2026-04-01 10:00:00,68644.6,68661.1,68410.4,68580.5,158.70434682
2026-04-01 11:00:00,68580.5,68754.1,68505.5,68712.4,148.09639345
2026-04-01 12:00:00,68711.7,68797.9,68259.1,68398.3,352.09827936
2026-04-01 13:00:00,68398.4,68685.2,67933.5,68120.7,497.88261132
2026-04-01 14:00:00,68120.6,68680.0,68053.8,68594.2,438.25367829
2026-04-01 15:00:00,68594.2,68960.0,68424.0,68917.3,301.86307674
2026-04-01 16:00:00,68917.3,68988.0,68612.7,68817.5,235.09273133
2026-04-01 17:00:00,68817.4,69176.3,68246.1,68265.5,287.89543868
2026-04-01 18:00:00,68263.6,68319.6,67942.6,68079.9,255.11705956
2026-04-01 19:00:00,68080.0,68295.6,68028.8,68176.6,136.40479954
2026-04-01 20:00:00,68172.8,68255.1,67959.2,68190.5,101.2482808
2026-04-01 21:00:00,68190.5,68530.0,68168.2,68357.5,117.1580637
2026-04-01 22:00:00,68357.5,68357.5,68059.6,68115.5,105.53685927
2026-04-01 23:00:00,68115.5,68255.2,67982.9,68111.8,100.65887092
2026-04-02 00:00:00,68111.9,68653.7,68046.4,68599.5,157.69529974
2026-04-02 01:00:00,68599.0,68599.0,67049.9,67358.0,805.88491414
2026-04-02 02:00:00,67357.9,67357.9,66636.7,66863.6,365.11816125
2026-04-02 03:00:00,66863.7,66987.5,66500.5,66585.2,277.14114504
2026-04-02 04:00:00,66585.3,66655.9,66222.0,66324.1,444.16066325
2026-04-02 05:00:00,66324.1,66644.3,66309.2,66590.2,468.63251664
2026-04-02 06:00:00,66590.2,66811.1,66539.3,66676.7,251.88452034
2026-04-02 07:00:00,66676.7,66941.8,66555.0,66922.2,418.06490788
2026-04-02 08:00:00,66922.2,66922.2,66390.1,66442.9,215.30310735
2026-04-02 09:00:00,66442.9,66547.0,66279.6,66460.4,141.29082144
2026-04-02 10:00:00,66460.3,66507.9,66225.1,66460.5,147.11597719
2026-04-02 11:00:00,66460.5,66488.2,66156.6,66212.7,194.94343058
2026-04-02 12:00:00,66212.7,66246.3,65956.5,66047.4,482.1223999
2026-04-02 13:00:00,66047.5,66280.0,65701.7,66268.3,442.58130419
2026-04-02 14:00:00,66268.3,67104.4,66160.1,66863.4,645.25514868
2026-04-02 15:00:00,66863.2,66989.1,66641.5,66852.4,283.24651704
2026-04-02 16:00:00,66849.2,67291.3,66757.1,67095.9,297.92273433
2026-04-02 17:00:00,67089.9,67428.5,66670.6,66678.1,320.61454665
2026-04-02 18:00:00,66678.1,67066.5,66601.4,66983.7,103.29167323
2026-04-02 19:00:00,66983.8,67110.0,66880.7,66981.0,134.07369489
2026-04-02 20:00:00,66981.6,67100.0,66800.1,66936.6,90.75032146
2026-04-02 21:00:00,66936.6,67011.7,66727.3,66941.3,59.9071766
2026-04-02 22:00:00,66941.3,67038.4,66824.1,66984.7,53.20033537
2026-04-02 23:00:00,66984.8,67098.9,66851.4,66897.9,76.63600193
2026-04-03 00:00:00,66898.0,66997.7,66700.1,66783.3,100.80883358
2026-04-03 01:00:00,66783.3,66897.0,66489.0,66626.9,138.52475129
2026-04-03 02:00:00,66627.0,66749.9,66284.1,66536.2,121.93232821
2026-04-03 03:00:00,66536.3,66723.1,66489.1,66589.4,80.34577639
2026-04-03 04:00:00,66588.3,66697.7,66503.0,66606.6,49.77666675
2026-04-03 05:00:00,66609.9,66813.0,66418.7,66612.2,75.36019909
2026-04-03 06:00:00,66612.2,66799.9,66553.3,66799.9,78.57668829
2026-04-03 07:00:00,66800.0,67261.8,66760.4,67040.6,486.60509614
2026-04-03 08:00:00,67040.6,67296.8,66880.0,66959.9,470.59732034
2026-04-03 09:00:00,66959.9,67007.2,66750.0,66861.6,138.22505499
2026-04-03 10:00:00,66861.6,66896.3,66680.1,66881.3,84.10034248
2026-04-03 11:00:00,66881.4,67056.1,66817.3,67020.0,104.21471488
2026-04-03 12:00:00,67020.0,67375.2,66634.1,66721.7,281.89135111
2026-04-03 13:00:00,66721.8,66741.0,66509.9,66676.3,159.54772162
2026-04-03 14:00:00,66676.3,66994.9,66629.5,66929.3,151.03057628
2026-04-03 15:00:00,66928.1,67020.4,66812.3,66832.1,87.95367091
2026-04-03 16:00:00,66832.1,67066.5,66823.5,67001.3,144.63038195
2026-04-03 17:00:00,67001.3,67070.3,66755.6,66837.3,226.02368582
2026-04-03 18:00:00,66837.4,66930.0,66776.9,66814.0,210.9739923
2026-04-03 19:00:00,66814.1,66910.4,66770.3,66884.4,43.80604
2026-04-03 20:00:00,66884.4,66914.1,66825.4,66825.6,47.33526352
2026-04-03 21:00:00,66825.7,66985.4,66817.9,66956.7,57.06679479
2026-04-03 22:00:00,66956.7,66980.9,66841.7,66890.0,37.96262357
2026-04-03 23:00:00,66890.1,66960.0,66827.4,66960.0,43.35765482
2026-04-04 00:00:00,66960.0,66960.0,66871.9,66894.5,22.81699578
2026-04-04 01:00:00,66894.4,66924.8,66827.8,66852.4,28.789876
2026-04-04 02:00:00,66852.5,66923.7,66811.3,66845.2,36.90621309
2026-04-04 03:00:00,66845.3,66906.7,66828.5,66833.2,39.47616953
2026-04-04 04:00:00,66833.3,66866.0,66775.0,66859.4,35.71565238
2026-04-04 05:00:00,66859.5,66934.4,66838.3,66907.8,41.52015199
2026-04-04 06:00:00,66907.8,67043.4,66905.4,67009.3,55.86413013
2026-04-04 07:00:00,67009.3,67056.4,66930.3,67021.7,134.45435644
2026-04-04 08:00:00,67021.7,67062.7,66910.7,66944.5,49.55667966
2026-04-04 09:00:00,66944.6,66990.0,66915.6,66985.6,26.10309116
2026-04-04 10:00:00,66985.7,67170.3,66910.0,67166.2,81.19584721
2026-04-04 11:00:00,67166.2,67228.0,67083.3,67159.9,194.37741532
2026-04-04 12:00:00,67160.0,67185.6,67055.9,67093.6,75.12776091
2026-04-04 13:00:00,67093.7,67267.9,67076.8,67198.0,50.64416238
2026-04-04 14:00:00,67196.5,67220.0,67017.7,67209.6,93.0334197
2026-04-04 15:00:00,67209.6,67545.7,67177.3,67379.4,189.49869996
2026-04-04 16:00:00,67379.5,67517.7,67320.6,67355.6,117.03750938
2026-04-04 17:00:00,67363.0,67497.0,67283.4,67340.5,128.24223363
2026-04-04 18:00:00,67337.7,67387.4,67265.2,67296.9,55.36490134
2026-04-04 19:00:00,67297.0,67544.6,67273.6,67288.9,68.83660883
2026-04-04 20:00:00,67288.9,67303.0,67182.1,67270.6,39.49067431
2026-04-04 21:00:00,67270.6,67478.8,67213.5,67352.8,53.61943053
2026-04-04 22:00:00,67352.9,67467.2,67338.6,67398.4,40.03335527
2026-04-04 23:00:00,67398.4,67402.2,67252.0,67302.5,61.74966347
2026-04-05 00:00:00,67302.6,67309.5,67163.4,67210.1,50.37519332
2026-04-05 01:00:00,67210.1,67229.4,67077.0,67088.2,61.82961634
2026-04-05 02:00:00,67088.3,67174.8,66953.8,67170.0,80.50109168
2026-04-05 03:00:00,67169.4,67192.4,67081.7,67143.4,26.28690723
2026-04-05 04:00:00,67144.4,67189.4,67070.1,67097.2,22.91556911
2026-04-05 05:00:00,67097.3,67153.2,66886.3,66929.2,57.70626749
2026-04-05 06:00:00,66932.5,66947.8,66606.7,66800.1,187.32386111
2026-04-05 07:00:00,66800.1,66921.8,66718.1,66822.8,92.8735514
2026-04-05 08:00:00,66817.5,66933.0,66813.1,66929.2,51.06319034
2026-04-05 09:00:00,66929.3,67046.8,66891.2,67029.5,139.20883096
2026-04-05 10:00:00,67029.6,67140.0,66960.0,67043.9,101.2694883
2026-04-05 11:00:00,67043.9,67087.6,66967.1,67000.6,29.30011378
2026-04-05 12:00:00,67000.6,67000.6,66687.6,66784.5,112.08876413
2026-04-05 13:00:00,66784.5,66915.5,66700.0,66894.4,90.64603487
2026-04-05 14:00:00,66894.4,66970.0,66811.3,66926.4,77.31807608
2026-04-05 15:00:00,66926.5,67866.6,66829.0,67304.4,467.36463223
2026-04-05 16:00:00,67304.5,67415.2,67157.0,67212.9,83.51929804
2026-04-05 17:00:00,67213.0,67400.0,67182.1,67372.5,47.46366401
2026-04-05 18:00:00,67372.5,67454.4,67274.7,67412.5,45.29922766
2026-04-05 19:00:00,67414.2,67563.3,67281.4,67364.1,55.92359893
2026-04-05 20:00:00,67364.9,67702.7,67331.4,67665.1,94.78086764
2026-04-05 21:00:00,67665.2,67685.4,67413.7,67549.8,82.29437866
2026-04-05 22:00:00,67550.1,68371.3,67345.9,68341.1,431.87259455
2026-04-05 23:00:00,68341.2,69130.5,68258.5,69030.0,581.71178569
2026-04-06 00:00:00,69030.0,69600.0,69029.1,69083.9,788.77823964
2026-04-06 01:00:00,69083.9,69135.8,68791.0,68815.5,242.89653747
2026-04-06 02:00:00,68812.2,69410.0,68777.1,69208.1,378.46309805
2026-04-06 03:00:00,69208.0,69253.8,69061.2,69124.5,134.1983835
2026-04-06 04:00:00,69124.4,69214.2,68981.2,69143.9,137.95313209
2026-04-06 05:00:00,69143.8,69240.0,69091.2,69193.9,100.71462016
2026-04-06 06:00:00,69194.0,69350.0,68800.4,68979.6,250.78619629
2026-04-06 07:00:00,68979.7,69206.4,68820.8,69107.3,470.63274988
2026-04-06 08:00:00,69108.9,69346.0,69077.1,69224.7,154.30328068
2026-04-06 09:00:00,69224.7,70273.4,69210.9,69720.9,1044.36851591
2026-04-06 10:00:00,69721.0,69946.0,69676.2,69768.1,340.34151122
2026-04-06 11:00:00,69768.1,69768.1,69562.6,69613.5,153.75115508
2026-04-06 12:00:00,69613.6,69633.6,69330.0,69373.8,224.94872463
2026-04-06 13:00:00,69373.8,69559.1,69243.4,69432.7,294.72227961
2026-04-06 14:00:00,69433.2,69811.4,69162.3,69657.1,581.86124399
2026-04-06 15:00:00,69653.8,69975.5,69523.7,69965.1,323.42568393
2026-04-06 16:00:00,69965.0,70344.8,69769.4,69795.4,383.43585602
2026-04-06 17:00:00,69795.3,69816.7,69269.2,69572.9,346.57785454
2026-04-06 18:00:00,69569.8,69965.7,69472.8,69891.5,207.8627465
2026-04-06 19:00:00,69891.6,69900.4,69573.5,69738.4,320.37673654
2026-04-06 20:00:00,69738.3,69974.3,69620.0,69819.2,152.15071787
2026-04-06 21:00:00,69819.1,69819.1,69428.7,69505.4,145.18129688
2026-04-06 22:00:00,69505.4,69582.4,68803.2,68803.2,388.1680652
2026-04-06 23:00:00,68803.2,68909.6,68297.1,68841.0,309.90564488
2026-04-07 00:00:00,68840.9,69118.5,68724.5,68769.9,163.49568582
2026-04-07 01:00:00,68769.9,68900.0,68342.5,68400.0,264.54791531
2026-04-07 02:00:00,68400.1,68714.2,68278.6,68676.7,184.06080919
2026-04-07 03:00:00,68676.8,68803.0,68621.0,68778.9,150.76008375
2026-04-07 04:00:00,68779.0,68999.8,68543.8,68857.4,196.78594925
2026-04-07 05:00:00,68857.5,68867.8,68620.7,68664.1,139.49369126
2026-04-07 06:00:00,68664.1,68664.1,68444.0,68572.5,174.53207066
2026-04-07 07:00:00,68574.8,68706.5,68500.0,68616.1,80.27708813
2026-04-07 08:00:00,68616.0,68982.5,68597.0,68935.4,143.25257756
2026-04-07 09:00:00,68935.5,69245.4,68926.2,69140.2,262.04888528
2026-04-07 10:00:00,69140.3,69199.0,68200.0,68231.6,488.37439261
2026-04-07 11:00:00,68231.6,68461.5,68062.1,68340.0,290.67965585
2026-04-07 12:00:00,68344.4,68613.9,68074.8,68396.9,344.13934796
2026-04-07 13:00:00,68397.0,68642.4,68200.0,68235.0,246.26996899
2026-04-07 14:00:00,68235.1,68263.7,67766.0,67860.6,467.32984858
2026-04-07 15:00:00,67860.6,68274.6,67730.1,68168.2,269.37055852
2026-04-07 16:00:00,68168.2,68451.8,68079.9,68234.0,228.62446837
2026-04-07 17:00:00,68234.5,68999.9,68190.3,68701.6,238.26934778
2026-04-07 18:00:00,68701.7,68771.0,68347.0,68441.1,220.39769148
2026-04-07 19:00:00,68440.1,69084.9,68351.3,69003.9,315.36069752
2026-04-07 20:00:00,69004.0,69534.0,69004.0,69312.1,384.75816112
2026-04-07 21:00:00,69312.5,70210.0,69303.4,69921.9,643.67856399
2026-04-07 22:00:00,69921.9,71525.8,69921.9,71511.9,1438.54816051
2026-04-07 23:00:00,71511.9,72760.0,71187.6,71915.1,1743.63930677
2026-04-08 00:00:00,71915.0,72107.5,71548.0,71710.5,614.92375407
2026-04-08 01:00:00,71710.5,71764.3,71460.6,71486.1,295.95279862
2026-04-08 02:00:00,71486.7,71734.0,71248.1,71371.0,312.77110873
2026-04-08 03:00:00,71371.0,71487.7,71276.0,71300.0,167.93605984
2026-04-08 04:00:00,71300.1,71692.3,71290.2,71575.7,264.37211367
2026-04-08 05:00:00,71578.1,71835.3,71562.0,71737.4,229.94953617
2026-04-08 06:00:00,71737.4,71950.5,71587.5,71741.0,354.79199133
2026-04-08 07:00:00,71741.0,71913.0,71580.0,71636.5,522.20418519
2026-04-08 08:00:00,71636.6,71832.9,71636.6,71801.0,200.69543044
2026-04-08 09:00:00,71801.0,71957.4,71600.0,71689.1,206.81530848
2026-04-08 10:00:00,71689.1,71793.1,71465.1,71484.1,191.79986119
2026-04-08 11:00:00,71484.0,71733.5,71410.3,71687.3,203.30149618
2026-04-08 12:00:00,71687.5,72181.8,71581.0,72071.8,394.096459
2026-04-08 13:00:00,72071.4,72858.0,71513.9,71599.6,1152.39964525
2026-04-08 14:00:00,71598.5,71752.4,70703.9,70911.5,791.09877894
2026-04-08 15:00:00,70911.6,71351.5,70829.9,71307.4,405.39596271
2026-04-08 16:00:00,71306.6,71703.2,71250.0,71599.4,277.64947172
2026-04-08 17:00:00,71599.5,71960.0,71485.2,71888.0,380.4398451
2026-04-08 18:00:00,71888.1,71890.5,71085.8,71096.5,308.07900768
2026-04-08 19:00:00,71096.5,71370.3,71016.2,71310.2,153.47288158
2026-04-08 20:00:00,71309.6,71479.3,71277.9,71378.6,87.79338286
2026-04-08 21:00:00,71378.7,71750.0,71333.1,71548.8,96.48373053
2026-04-08 22:00:00,71548.9,71574.2,71059.6,71066.1,117.52220564
2026-04-08 23:00:00,71066.1,71210.5,70901.6,71072.5,116.0866481
2026-04-09 00:00:00,71073.0,71134.8,70654.5,70809.0,260.18228022
2026-04-09 01:00:00,70809.1,70953.0,70463.1,70923.6,262.74176316
2026-04-09 02:00:00,70923.5,71199.8,70810.1,71059.7,189.60695523
2026-04-09 03:00:00,71059.7,71120.4,70841.2,70994.1,80.19913668
2026-04-09 04:00:00,70994.1,71005.0,70729.8,70789.4,93.50545099
2026-04-09 05:00:00,70789.5,71085.6,70694.8,70995.1,119.99837672
2026-04-09 06:00:00,70995.1,71085.9,70811.9,71026.0,67.65235869
2026-04-09 07:00:00,71027.2,71116.3,70934.1,70972.5,290.13521992
2026-04-09 08:00:00,70972.4,71393.2,70866.1,71250.0,277.34424684
2026-04-09 09:00:00,71250.1,71576.9,71107.1,71537.0,207.48361536
2026-04-09 10:00:00,71535.9,71540.8,71279.8,71279.9,108.94714181
2026-04-09 11:00:00,71279.9,71356.9,71053.7,71156.5,114.07184879
2026-04-09 12:00:00,71154.1,71328.4,71038.1,71286.3,82.61354846
2026-04-09 13:00:00,71286.4,71359.1,70636.6,70803.1,359.55949027
2026-04-09 14:00:00,70803.1,71251.5,70531.6,71123.0,272.94480646
2026-04-09 15:00:00,71123.1,72350.0,70929.0,72144.4,742.14610403
2026-04-09 16:00:00,72144.4,72399.9,71727.2,72076.2,410.68414671
2026-04-09 17:00:00,72076.3,72550.0,72064.1,72343.8,428.13695748
2026-04-09 18:00:00,72344.0,72376.0,71738.1,71879.0,264.27432997
2026-04-09 19:00:00,71879.5,72297.2,71745.0,72095.6,260.88362972
2026-04-09 20:00:00,72092.7,72446.1,71980.4,72412.0,141.8219876
2026-04-09 21:00:00,72412.1,72698.2,72126.5,72259.9,190.93441905
2026-04-09 22:00:00,72262.0,73130.0,71942.9,71942.9,404.500989
2026-04-09 23:00:00,71942.9,72028.9,71588.0,71786.9,309.45557538
2026-04-10 00:00:00,71795.0,72027.0,71585.1,71969.8,243.20453843
2026-04-10 01:00:00,71967.4,72388.1,71673.5,72164.0,219.03553764
2026-04-10 02:00:00,72164.1,72295.5,71921.0,71962.2,143.87196575
2026-04-10 03:00:00,71962.2,72021.9,71817.2,71875.0,124.59901982
2026-04-10 04:00:00,71875.1,72217.3,71811.2,72122.0,184.03954889
2026-04-10 05:00:00,72123.9,72277.7,72009.7,72129.0,131.62078204
2026-04-10 06:00:00,72128.9,72185.2,71795.7,71808.9,116.11502497
2026-04-10 07:00:00,71808.9,71845.5,71428.5,71485.4,375.66150668
2026-04-10 08:00:00,71485.5,71764.0,71428.0,71610.3,131.6899798
2026-04-10 09:00:00,71610.3,71875.6,71600.0,71777.4,85.86045209
2026-04-10 10:00:00,71777.5,71930.3,71708.3,71904.5,89.65972065
2026-04-10 11:00:00,71904.5,72268.0,71900.0,72124.3,220.4020151
2026-04-10 12:00:00,72124.3,72454.4,72000.0,72255.3,383.08562883
2026-04-10 13:00:00,72255.3,72418.0,71900.0,72315.4,518.5216045
2026-04-10 14:00:00,72315.4,73143.7,72250.1,72900.4,820.96751014
2026-04-10 15:00:00,72900.4,73305.4,72354.1,72456.0,642.01290239
2026-04-10 16:00:00,72456.0,73059.0,72380.9,72990.9,233.57768085
2026-04-10 17:00:00,72991.0,73141.2,72800.0,73122.9,150.71591802
2026-04-10 18:00:00,73123.0,73183.4,72884.1,73104.6,169.13476614
2026-04-10 19:00:00,73104.6,73264.6,72906.6,73243.0,177.32382509
2026-04-10 20:00:00,73243.0,73444.5,73048.5,73360.8,276.04813308
2026-04-10 21:00:00,73360.8,73360.8,72941.1,73194.7,117.73614145
2026-04-10 22:00:00,73194.7,73249.9,72727.7,72866.3,151.29514762
2026-04-10 23:00:00,72868.5,72970.2,72778.0,72957.4,77.99413308
2026-04-11 00:00:00,72959.1,72970.2,72795.8,72832.6,95.27494218
2026-04-11 01:00:00,72832.6,73000.0,72673.9,72959.7,105.10873913
2026-04-11 02:00:00,72959.7,73099.9,72907.9,72969.1,142.94386185
2026-04-11 03:00:00,72969.2,73077.0,72825.7,72872.4,96.95296453
2026-04-11 04:00:00,72872.5,72950.0,72678.1,72811.6,130.67083272
2026-04-11 05:00:00,72811.7,72843.1,72678.0,72725.8,73.78902787
2026-04-11 06:00:00,72723.2,72781.8,72617.9,72771.9,77.21136388
2026-04-11 07:00:00,72771.9,72830.0,72661.3,72745.0,196.71031824
2026-04-11 08:00:00,72745.0,72808.2,72637.3,72665.7,80.24523379
2026-04-11 09:00:00,72665.7,72915.3,72625.1,72908.4,109.3044155
2026-04-11 10:00:00,72908.5,72917.1,72771.5,72851.3,117.5661772
2026-04-11 11:00:00,72851.4,72919.0,72835.2,72919.0,99.39319109
2026-04-11 12:00:00,72919.0,72990.4,72826.2,72935.4,72.20313836
2026-04-11 13:00:00,72938.6,72938.6,72527.8,72662.6,204.68872528
2026-04-11 14:00:00,72662.9,72772.4,72614.6,72707.8,66.74656784
2026-04-11 15:00:00,72709.1,72904.2,72681.9,72863.0,144.01155456
2026-04-11 16:00:00,72863.0,73228.0,72823.1,73043.1,217.49107973
2026-04-11 17:00:00,73043.2,73179.6,72954.2,73102.4,76.03778357
2026-04-11 18:00:00,73102.4,73750.0,73040.6,73561.2,294.16510029
2026-04-11 19:00:00,73561.3,73807.2,73465.7,73691.2,202.27606604
2026-04-11 20:00:00,73691.3,73700.0,73232.7,73294.3,117.46888033
2026-04-11 21:00:00,73294.4,73550.8,73207.0,73432.5,129.12829577
2026-04-11 22:00:00,73432.4,73570.3,73242.8,73379.7,104.36467537
2026-04-11 23:00:00,73379.7,73379.7,72914.3,73054.3,104.00018574
2026-04-12 00:00:00,73054.3,73122.2,72875.0,73090.5,113.16579021
2026-04-12 01:00:00,73090.5,73138.2,71313.1,71648.5,786.3225605
2026-04-12 02:00:00,71648.5,71982.4,71350.1,71761.7,369.83047187
2026-04-12 03:00:00,71761.7,71871.0,71596.6,71596.8,346.55876354
2026-04-12 04:00:00,71596.8,71681.7,71446.1,71470.5,209.34718072
2026-04-12 05:00:00,71470.5,71789.9,71419.4,71702.8,517.92410184
2026-04-12 06:00:00,71702.9,71758.8,71635.4,71651.1,105.48784036
2026-04-12 07:00:00,71651.1,71760.8,71581.1,71671.1,169.87503665
2026-04-12 08:00:00,71671.1,71796.1,71588.1,71626.1,544.14960774
2026-04-12 09:00:00,71626.0,71633.9,71512.6,71534.7,157.38895655
2026-04-12 10:00:00,71534.8,71684.5,71355.1,71451.4,103.28309917
2026-04-12 11:00:00,71451.5,71538.1,71414.1,71471.3,46.90272323
2026-04-12 12:00:00,71471.3,71499.0,71071.4,71081.0,248.11031424
2026-04-12 13:00:00,71080.9,71138.2,70800.0,70884.9,578.85775655
2026-04-12 14:00:00,70884.9,71092.7,70700.0,70745.2,211.72364012
2026-04-12 15:00:00,70745.3,70939.3,70610.8,70887.0,135.87744924
2026-04-12 16:00:00,70887.0,70950.0,70818.6,70933.0,59.10732967
2026-04-12 17:00:00,70931.0,71201.9,70896.6,71148.8,149.23496787
2026-04-12 18:00:00,71148.8,71220.0,71056.1,71137.0,91.56489353
2026-04-12 19:00:00,71137.0,71224.4,71081.8,71091.0,65.67570833
2026-04-12 20:00:00,71091.1,71440.2,70958.9,71342.1,81.98400122
2026-04-12 21:00:00,71342.0,71457.6,71157.0,71369.7,90.5747018
2026-04-12 22:00:00,71369.7,71381.8,70505.9,70908.7,370.73297247
2026-04-12 23:00:00,70908.6,70908.8,70575.0,70742.7,124.8733569
2026-04-13 00:00:00,70746.6,71266.3,70609.8,71173.5,174.80087307
2026-04-13 01:00:00,71173.4,71228.9,71031.5,71194.0,99.37120221
2026-04-13 02:00:00,71194.1,71277.9,70988.3,71089.1,71.73742211
2026-04-13 03:00:00,71089.1,71166.4,70920.9,70981.9,80.00353899
2026-04-13 04:00:00,70982.0,71150.6,70859.9,70899.9,76.14853836
2026-04-13 05:00:00,70899.8,70931.6,70678.9,70888.9,117.33448779
2026-04-13 06:00:00,70888.9,71103.0,70887.0,71028.1,100.50900069
2026-04-13 07:00:00,71028.2,71071.2,70685.6,70824.6,397.89318821
2026-04-13 08:00:00,70824.6,70866.8,70574.3,70686.8,285.14661501
2026-04-13 09:00:00,70686.8,70909.2,70676.7,70795.0,159.69106393
2026-04-13 10:00:00,70795.1,70847.3,70687.1,70757.0,111.54427589
2026-04-13 11:00:00,70757.1,70995.5,70741.4,70928.8,116.66156075
2026-04-13 12:00:00,70928.9,71224.6,70761.5,71074.6,163.10487067
2026-04-13 13:00:00,71075.8,71700.0,70824.1,71656.8,466.40611946
2026-04-13 14:00:00,71656.0,72402.7,71375.8,72394.6,552.24243011
2026-04-13 15:00:00,72392.5,72458.7,71650.0,71868.1,367.28786998
2026-04-13 16:00:00,71868.0,72439.6,71675.8,72204.0,381.19786133
2026-04-13 17:00:00,72204.1,72598.0,72058.9,72146.8,462.02107502
2026-04-13 18:00:00,72146.8,72456.5,72053.1,72426.7,186.16219894
2026-04-13 19:00:00,72426.7,73478.2,72290.5,73320.3,928.3961008
2026-04-13 20:00:00,73320.3,73399.0,73008.0,73151.2,326.36901354
2026-04-13 21:00:00,73151.2,73370.8,73084.7,73179.2,146.44635283
2026-04-13 22:00:00,73179.3,74746.7,73172.6,74631.2,1894.55685322
2026-04-13 23:00:00,74631.3,74904.2,74405.4,74418.2,546.97906883
2026-04-14 00:00:00,74418.2,74520.0,74103.4,74153.4,239.30481115
2026-04-14 01:00:00,74153.5,74430.4,73974.7,74379.7,185.54256549
2026-04-14 02:00:00,74379.8,74576.2,74285.8,74331.7,141.66620625
2026-04-14 03:00:00,74331.7,74501.0,74251.7,74441.5,231.81527622
2026-04-14 04:00:00,74441.6,74508.7,74352.8,74396.9,118.76774583
2026-04-14 05:00:00,74397.0,74441.4,74156.9,74214.0,141.49707831
2026-04-14 06:00:00,74215.4,74555.0,74215.4,74527.7,140.24130053
2026-04-14 07:00:00,74527.7,74930.0,74434.4,74552.8,562.44091354
2026-04-14 08:00:00,74552.8,74906.0,74456.9,74752.2,278.02669604
2026-04-14 09:00:00,74752.3,74830.9,74425.2,74507.6,195.22451171
2026-04-14 10:00:00,74507.7,74615.1,74340.0,74348.5,170.62685007
2026-04-14 11:00:00,74348.5,74459.4,74309.7,74377.7,105.62748195
2026-04-14 12:00:00,74377.8,74492.0,74281.5,74462.5,167.27487698
2026-04-14 13:00:00,74462.6,75527.8,74413.8,75522.9,822.69729046
2026-04-14 14:00:00,75522.9,76048.1,75015.4,75015.4,1391.03227144
2026-04-14 15:00:00,75015.5,75445.1,74560.0,75328.2,539.84184321
2026-04-14 16:00:00,75327.1,75693.5,74512.3,74645.2,590.16733208
2026-04-14 17:00:00,74639.9,74949.8,74252.5,74742.2,285.62347186
2026-04-14 18:00:00,74742.2,74807.6,73838.0,74094.2,463.29472492
2026-04-14 19:00:00,74094.1,74393.5,73866.2,74219.4,425.23103649
2026-04-14 20:00:00,74226.6,74433.2,74008.2,74100.5,245.71749162
2026-04-14 21:00:00,74101.9,74319.9,73949.7,74274.8,148.70451778
2026-04-14 22:00:00,74274.8,74366.6,73803.2,74023.9,188.10096952
2026-04-14 23:00:00,74023.9,74236.6,74002.2,74148.8,154.89056677
2026-04-15 00:00:00,74148.8,74683.2,74127.0,74569.9,260.84616696
2026-04-15 01:00:00,74569.8,74790.5,74492.1,74610.9,163.72536419
2026-04-15 02:00:00,74610.9,74700.8,74192.2,74326.8,139.04973422
2026-04-15 03:00:00,74327.5,74374.1,74170.2,74346.6,96.55411771
2026-04-15 04:00:00,74346.7,74438.0,74269.3,74344.2,130.70240815
2026-04-15 05:00:00,74344.2,74462.5,73875.0,74025.6,286.94344803
2026-04-15 06:00:00,74025.6,74055.5,73874.0,73892.5,136.65182544
2026-04-15 07:00:00,73892.5,74024.9,73507.1,73742.8,1087.11415211
2026-04-15 08:00:00,73744.5,74187.1,73676.8,74120.2,275.85769474
2026-04-15 09:00:00,74120.2,74189.2,73920.0,74013.6,188.50706427
2026-04-15 10:00:00,74013.6,74250.0,73800.0,73862.8,376.83768821
2026-04-15 11:00:00,73862.9,74257.2,73862.9,74200.0,158.75885429
2026-04-15 12:00:00,74200.0,74465.8,74055.5,74272.8,165.18224832
2026-04-15 13:00:00,74272.8,74432.1,73820.1,74058.6,248.53707181
2026-04-15 14:00:00,74056.9,74519.0,73820.1,74146.5,284.68667128
2026-04-15 15:00:00,74149.8,74310.2,73587.1,73843.8,332.54897619
2026-04-15 16:00:00,73841.4,74178.0,73756.1,73947.5,229.60808183
2026-04-15 17:00:00,73947.8,74247.1,73916.0,74134.9,162.68303381
2026-04-15 18:00:00,74134.9,74399.9,74069.0,74391.2,119.71284939
2026-04-15 19:00:00,74391.3,75285.7,74361.0,75006.2,391.46499673
2026-04-15 20:00:00,75006.2,75039.6,74505.3,74839.5,188.49571771
2026-04-15 21:00:00,74839.5,74863.5,74545.5,74741.9,145.70353479
2026-04-15 22:00:00,74741.9,75429.9,74735.9,74961.0,203.68417698
2026-04-15 23:00:00,74961.0,74961.0,74611.5,74812.5,159.62097486
2026-04-16 00:00:00,74812.5,74870.0,74447.3,74804.2,165.01847377
2026-04-16 01:00:00,74804.2,74804.2,74449.6,74647.2,65.32802403
2026-04-16 02:00:00,74647.2,75255.4,74602.7,74879.5,227.90409568
2026-04-16 03:00:00,74883.5,75150.0,74862.5,74886.4,81.28501193
2026-04-16 04:00:00,74886.5,75171.9,74717.2,74938.0,134.62043737
2026-04-16 05:00:00,74938.0,75136.5,74888.3,75046.3,77.25777321
2026-04-16 06:00:00,75046.3,75117.4,74851.1,75028.6,105.77408234
2026-04-16 07:00:00,75028.6,75077.2,74628.5,74701.2,188.05211293
2026-04-16 08:00:00,74701.3,74762.7,74510.6,74673.7,1029.09464626
2026-04-16 09:00:00,74673.7,74904.9,74591.4,74597.8,221.47045248
2026-04-16 10:00:00,74597.7,74653.9,74285.7,74315.6,169.41638354
2026-04-16 11:00:00,74315.6,74587.2,74289.4,74580.7,169.74484664
2026-04-16 12:00:00,74580.7,74863.6,74575.3,74627.9,130.92030707
2026-04-16 13:00:00,74627.9,75014.6,73302.8,73791.7,745.76646492
2026-04-16 14:00:00,73791.7,74185.6,73428.5,73977.9,493.0546291
2026-04-16 15:00:00,73977.9,74880.3,73936.9,74701.6,436.13480958
2026-04-16 16:00:00,74701.6,74930.1,74067.1,74177.6,253.76234591
2026-04-16 17:00:00,74177.7,74437.6,73914.5,74339.4,156.75221604
2026-04-16 18:00:00,74338.3,75090.8,74242.2,75033.0,232.52213142
2026-04-16 19:00:00,75033.1,75411.7,74727.2,75347.0,202.85721769
2026-04-16 20:00:00,75347.0,75535.0,75000.0,75223.1,120.91376265
2026-04-16 21:00:00,75223.0,75278.3,74792.4,74935.7,107.29106557
2026-04-16 22:00:00,74935.7,75119.9,74833.3,74875.9,97.09034527
2026-04-16 23:00:00,74876.0,75173.2,74838.7,75147.0,63.47827841
2026-04-17 00:00:00,75147.0,75157.5,74876.0,74940.4,75.85714847
2026-04-17 01:00:00,74940.4,75035.0,74566.7,74745.0,111.32277247
2026-04-17 02:00:00,74745.0,74807.7,74537.4,74699.9,63.30975921
2026-04-17 03:00:00,74700.0,74836.5,74604.8,74617.8,48.85026753
2026-04-17 04:00:00,74617.9,74850.0,74588.2,74779.9,48.18718623
2026-04-17 05:00:00,74780.0,74804.5,74550.0,74635.6,126.41357522
2026-04-17 06:00:00,74635.5,74931.9,74592.8,74931.8,197.54471041
2026-04-17 07:00:00,74931.8,75088.6,74910.6,75072.9,1114.901626
2026-04-17 08:00:00,75073.0,75870.0,74983.2,75779.3,1824.86969597
2026-04-17 09:00:00,75773.7,76400.2,75521.4,75778.5,931.01567614
2026-04-17 10:00:00,75778.5,75889.0,75089.7,75280.8,473.25095052
2026-04-17 11:00:00,75280.7,75604.1,75242.5,75588.2,155.46668713
2026-04-17 12:00:00,75588.3,76260.6,75534.5,76237.3,460.72641881
2026-04-17 13:00:00,76236.0,77423.0,76060.1,77341.3,1851.61626325
2026-04-17 14:00:00,77341.4,78044.1,77011.1,77887.1,1277.1068419
2026-04-17 15:00:00,77887.2,77969.9,77440.0,77781.3,810.44762006
2026-04-17 16:00:00,77781.3,78344.3,77710.0,77855.9,565.01154054
2026-04-17 17:00:00,77855.9,77921.0,77100.2,77515.9,872.28453705
2026-04-17 18:00:00,77515.7,77566.4,77070.1,77154.7,645.80220752
2026-04-17 19:00:00,77154.8,77473.4,77000.0,77397.5,497.56153554
2026-04-17 20:00:00,77398.6,77610.0,77156.9,77334.2,106.94131658
2026-04-17 21:00:00,77334.3,77490.8,77279.4,77441.3,95.72528076
2026-04-17 22:00:00,77441.3,77512.9,77271.0,77299.2,106.95655109
2026-04-17 23:00:00,77299.3,77304.2,76901.9,77073.6,125.72286545
2026-04-18 00:00:00,77073.6,77267.5,76986.3,77165.3,159.91872658
2026-04-18 01:00:00,77166.3,77332.4,77111.3,77215.5,102.64502976
2026-04-18 02:00:00,77215.6,77415.3,77056.2,77289.3,111.22068047
2026-04-18 03:00:00,77289.4,77299.2,76967.8,77009.9,102.49496063
2026-04-18 04:00:00,77009.9,77162.0,76875.0,77109.0,83.19308767
2026-04-18 05:00:00,77109.0,77266.1,77108.9,77135.2,111.78943815
2026-04-18 06:00:00,77135.3,77213.8,77050.3,77125.0,74.20257855
2026-04-18 07:00:00,77125.1,77131.4,76884.9,76986.7,304.32804007
2026-04-18 08:00:00,76986.6,77040.4,76500.1,76738.9,294.6518534
2026-04-18 09:00:00,76738.9,76738.9,76411.1,76602.3,116.70051994
2026-04-18 10:00:00,76602.2,76602.3,76136.0,76198.8,320.74246436
2026-04-18 11:00:00,76198.8,76198.8,75780.9,76050.0,538.46444641
2026-04-18 12:00:00,76050.1,76310.0,76050.0,76218.8,118.06967601
2026-04-18 13:00:00,76218.7,76222.8,75801.0,76125.2,110.91286588
2026-04-18 14:00:00,76125.2,76311.5,75980.6,76263.7,99.8091652
2026-04-18 15:00:00,76263.8,76367.9,76000.0,76171.6,125.86986732
2026-04-18 16:00:00,76171.7,76218.7,75683.5,75944.8,222.84645609
2026-04-18 17:00:00,75943.3,75971.2,75784.9,75828.9,170.61007918
2026-04-18 18:00:00,75828.9,75848.2,75442.0,75653.2,218.67767061
2026-04-18 19:00:00,75653.2,75800.0,75569.4,75649.7,54.67698348
2026-04-18 20:00:00,75649.7,75838.5,75600.1,75749.9,75.44207067
2026-04-18 21:00:00,75749.9,75839.2,75592.1,75816.5,61.22636431
2026-04-18 22:00:00,75816.6,75874.8,75611.1,75812.9,80.76686312
2026-04-18 23:00:00,75813.0,75899.9,75694.9,75699.1,44.63632644
2026-04-19 00:00:00,75699.0,75849.5,75555.1,75673.8,62.64295729
2026-04-19 01:00:00,75673.8,75794.5,75460.0,75621.5,89.07211058
2026-04-19 02:00:00,75619.4,75728.0,75408.3,75500.1,105.15901257
2026-04-19 03:00:00,75500.1,75649.9,75363.6,75516.6,53.53824838
2026-04-19 04:00:00,75516.6,75783.5,75422.8,75670.1,87.89674778
2026-04-19 05:00:00,75670.2,75692.8,75513.9,75547.9,66.68276962
2026-04-19 06:00:00,75547.9,75548.0,75283.8,75397.3,116.06267651
2026-04-19 07:00:00,75397.8,75401.0,74889.7,75235.0,582.08311834
2026-04-19 08:00:00,75235.1,75299.7,75057.5,75253.9,352.58695002
2026-04-19 09:00:00,75253.9,75274.1,74926.0,75021.6,72.73116907
2026-04-19 10:00:00,75021.4,75244.3,74929.4,75224.3,66.32151706
2026-04-19 11:00:00,75224.3,75642.2,75218.0,75601.1,197.4075517
2026-04-19 12:00:00,75601.1,75700.0,75429.3,75572.5,105.96909038
2026-04-19 13:00:00,75572.5,76248.7,75552.9,75930.4,320.51453716
2026-04-19 14:00:00,75930.3,76150.2,75680.8,76028.3,161.63061202
2026-04-19 15:00:00,76028.3,76159.3,75393.0,75851.1,167.11644982
2026-04-19 16:00:00,75851.1,75862.5,75287.0,75391.9,145.74985185
2026-04-19 17:00:00,75392.0,75397.4,74644.0,74791.5,326.15271053
2026-04-19 18:00:00,74793.0,74914.8,74600.0,74779.9,134.8903857
2026-04-19 19:00:00,74781.5,75075.0,74781.5,74965.9,64.95801347
2026-04-19 20:00:00,74965.9,74967.9,74412.5,74634.4,499.21349664
2026-04-19 21:00:00,74636.0,74819.8,74360.0,74424.5,121.01891723
2026-04-19 22:00:00,74424.4,74424.4,73759.5,74044.9,455.07449586
2026-04-19 23:00:00,74044.9,74060.0,73795.0,73806.1,119.06698864
2026-04-20 00:00:00,73808.0,74361.7,73717.9,74277.8,295.22877789
2026-04-20 01:00:00,74277.8,74750.0,74222.7,74593.4,202.03344372
2026-04-20 02:00:00,74597.6,74633.5,74303.7,74408.0,99.87721803
2026-04-20 03:00:00,74408.0,74637.6,74360.7,74630.7,110.77574393
2026-04-20 04:00:00,74630.7,74633.5,74436.0,74566.1,104.69203396
2026-04-20 05:00:00,74566.0,74566.0,74110.0,74274.8,183.21886049
2026-04-20 06:00:00,74274.8,74900.0,74252.3,74786.7,175.05107921
2026-04-20 07:00:00,74786.8,75579.7,74666.7,74831.1,535.79858394
2026-04-20 08:00:00,74831.2,75011.1,74615.3,74724.3,1182.97980639
2026-04-20 09:00:00,74724.3,75239.0,74698.2,75056.3,166.67702989
2026-04-20 10:00:00,75056.4,75399.0,75002.6,75026.4,84.37933355
2026-04-20 11:00:00,75026.5,75278.9,74960.1,75194.8,94.10915184
2026-04-20 12:00:00,75194.9,75651.5,75047.5,75288.5,211.48029849
2026-04-20 13:00:00,75287.0,75426.9,74854.6,75264.2,329.94610029
2026-04-20 14:00:00,75267.2,75757.5,74918.7,75041.3,258.67104724
2026-04-20 15:00:00,75032.0,75763.3,74703.8,75710.9,306.14027198
2026-04-20 16:00:00,75713.6,75722.2,75300.0,75348.2,105.49297732
2026-04-20 17:00:00,75348.1,75982.9,75290.1,75903.5,245.03039091
2026-04-20 18:00:00,75903.6,76447.8,75903.6,76425.4,332.35114237
2026-04-20 19:00:00,76425.4,76470.0,76143.8,76287.7,178.47464082
2026-04-20 20:00:00,76292.3,76564.2,76111.8,76269.7,139.79305117
2026-04-20 21:00:00,76269.7,76360.0,75782.2,75952.2,166.91419444
2026-04-20 22:00:00,75952.2,76142.8,75900.1,75972.0,81.41238274
2026-04-20 23:00:00,75972.0,75972.0,75604.5,75840.4,153.49406017
2026-04-21 00:00:00,75840.4,76100.0,75695.6,76097.0,166.74385783
2026-04-21 01:00:00,76097.1,76270.2,75864.9,75924.1,98.07681361
2026-04-21 02:00:00,75924.1,75933.8,75583.8,75590.6,114.48917831
2026-04-21 03:00:00,75590.6,75727.2,75485.7,75712.3,123.75506374
2026-04-21 04:00:00,75711.4,75843.8,75595.8,75822.0,87.45050705
2026-04-21 05:00:00,75822.1,75981.0,75786.3,75816.3,94.39918651
2026-04-21 06:00:00,75816.4,76130.0,75710.0,75979.0,78.46330211
2026-04-21 07:00:00,75978.9,76301.6,75823.4,76079.9,246.65353548
2026-04-21 08:00:00,76079.9,76954.1,76063.0,76505.8,394.6839741
2026-04-21 09:00:00,76505.8,76590.5,76165.0,76362.9,132.84879625
2026-04-21 10:00:00,76362.9,76868.0,76353.1,76749.3,178.38819956
2026-04-21 11:00:00,76749.4,76749.4,76327.6,76450.8,257.36304682
2026-04-21 12:00:00,76450.8,76531.4,75716.7,76018.5,324.23593539
2026-04-21 13:00:00,76018.5,76189.0,75740.4,75904.9,215.65676918
2026-04-21 14:00:00,75905.1,76596.5,75625.0,75674.2,364.49996654
2026-04-21 15:00:00,75675.6,75981.1,75414.8,75839.4,299.65869815
2026-04-21 16:00:00,75839.5,76188.9,75761.9,75774.9,153.28588398
2026-04-21 17:00:00,75774.9,75905.5,75055.0,75556.3,311.98772373
2026-04-21 18:00:00,75556.4,75666.5,75310.5,75613.8,94.81011715
2026-04-21 19:00:00,75613.8,75917.2,74825.6,75025.9,286.93098306
2026-04-21 20:00:00,75025.9,75851.7,74975.1,75694.7,194.80301082
2026-04-21 21:00:00,75691.0,75775.7,75450.1,75542.3,81.29024762
2026-04-21 22:00:00,75541.1,75647.0,75294.3,75638.6,208.63682274
2026-04-21 23:00:00,75640.2,76423.0,75611.9,76329.7,205.64614945
2026-04-22 00:00:00,76329.7,76503.1,76218.8,76369.6,96.40770083
2026-04-22 01:00:00,76369.6,76427.2,76140.4,76301.0,82.50076578
2026-04-22 02:00:00,76301.1,77646.5,76225.8,77605.2,662.99930513
2026-04-22 03:00:00,77605.2,77744.0,77371.9,77526.2,342.4753655
2026-04-22 04:00:00,77526.3,77704.7,77375.0,77526.4,238.77433365
2026-04-22 05:00:00,77526.4,78450.0,77445.2,77987.7,837.64213127
2026-04-22 06:00:00,77987.8,78033.0,77900.1,78004.0,150.8196665
2026-04-22 07:00:00,78004.1,78133.9,77830.1,78010.1,327.85999864
2026-04-22 08:00:00,78010.1,78210.0,77944.4,78014.9,303.61611367
2026-04-22 09:00:00,78012.2,78189.1,77952.9,78006.7,161.31260907
2026-04-22 10:00:00,78006.8,78187.5,77952.2,78163.1,97.41987591
2026-04-22 11:00:00,78163.2,78399.0,78100.1,78299.6,179.71447313
2026-04-22 12:00:00,78299.6,78530.8,78108.0,78230.3,361.47609418
2026-04-22 13:00:00,78230.2,78830.1,78158.2,78830.1,561.90931826
2026-04-22 14:00:00,78830.1,79186.0,78566.6,79038.2,824.48698117
2026-04-22 15:00:00,79036.9,79398.0,78833.4,79270.5,420.2232349
2026-04-22 16:00:00,79270.6,79462.3,78631.0,78744.9,437.25386133
2026-04-22 17:00:00,78745.0,79029.0,78697.9,78906.8,233.13408191
2026-04-22 18:00:00,78906.8,79160.5,78832.1,79025.1,147.28992153
2026-04-22 19:00:00,79025.2,79068.0,78700.0,78842.8,330.7733854
2026-04-22 20:00:00,78842.8,78922.7,78408.9,78428.7,160.40920934
2026-04-22 21:00:00,78428.6,78825.9,78417.9,78762.2,91.69772985
2026-04-22 22:00:00,78762.2,78827.1,78457.3,78600.7,91.06271585
2026-04-22 23:00:00,78600.1,78606.3,78159.1,78183.1,166.91506356
2026-04-23 00:00:00,78183.1,78585.2,77584.0,78432.8,282.13126306
2026-04-23 01:00:00,78433.5,78478.4,78064.5,78349.5,154.75802116
2026-04-23 02:00:00,78349.6,78366.7,77756.3,77932.5,231.56167659
2026-04-23 03:00:00,77932.5,78020.1,77467.1,77740.6,286.11873327
2026-04-23 04:00:00,77740.7,77943.8,77667.0,77908.7,257.43110062
2026-04-23 05:00:00,77912.4,78105.9,77772.3,78027.4,171.12235355
2026-04-23 06:00:00,78027.5,78343.3,78027.5,78203.6,262.63539058
2026-04-23 07:00:00,78203.6,78245.8,77980.0,78046.1,298.64238715
2026-04-23 08:00:00,78046.1,78176.4,77650.0,77853.1,749.93821255
2026-04-23 09:00:00,77853.1,77857.0,77440.0,77653.9,190.58748341
2026-04-23 10:00:00,77653.0,77713.8,77180.0,77407.7,428.20852165
2026-04-23 11:00:00,77407.8,77745.6,77355.9,77698.2,280.96145066
2026-04-23 12:00:00,77698.3,77868.2,77510.5,77864.2,213.19673409
2026-04-23 13:00:00,77861.3,77903.9,77385.4,77525.5,229.01430183
2026-04-23 14:00:00,77524.7,78204.5,77405.6,78180.4,538.49834717
2026-04-23 15:00:00,78177.6,78666.2,77979.6,78377.1,1195.35743256
2026-04-23 16:00:00,78377.2,78519.5,78027.6,78091.5,419.67861972
2026-04-23 17:00:00,78091.6,78175.6,76953.8,77771.0,622.94995954
2026-04-23 18:00:00,77767.2,78145.9,77676.3,77680.2,330.40645986
2026-04-23 19:00:00,77680.3,77893.1,77600.1,77716.1,191.62838041
2026-04-23 20:00:00,77710.8,78052.4,77643.4,77889.1,99.39120233
2026-04-23 21:00:00,77881.8,78071.1,77802.2,77861.2,114.45628449
2026-04-23 22:00:00,77861.2,78343.1,77861.2,78231.8,539.49338747
2026-04-23 23:00:00,78227.6,78293.8,78030.7,78250.5,61.84509674
2026-04-24 00:00:00,78250.5,78486.9,78162.3,78411.7,141.21899381
2026-04-24 01:00:00,78413.9,78470.9,77940.0,78430.0,119.02836243
2026-04-24 02:00:00,78427.5,78571.4,78072.9,78125.6,151.80799015
2026-04-24 03:00:00,78125.7,78185.6,77558.9,77736.1,352.46953512
2026-04-24 04:00:00,77736.0,77850.0,77457.9,77665.2,122.6220355
2026-04-24 05:00:00,77665.3,78040.0,77459.2,77946.3,169.88324388
2026-04-24 06:00:00,77946.4,77979.8,77767.1,77789.8,74.55827832
2026-04-24 07:00:00,77789.8,77849.1,77519.0,77638.5,1163.13937925
2026-04-24 08:00:00,77638.5,78008.4,77558.3,77785.8,473.69495984
2026-04-24 09:00:00,77785.8,77806.1,77400.0,77538.2,175.69089813
2026-04-24 10:00:00,77538.3,77788.8,77444.3,77749.1,90.43091933
2026-04-24 11:00:00,77749.1,78375.0,77749.1,78235.5,303.44583854
2026-04-24 12:00:00,78234.8,78341.9,78000.0,78269.1,111.88005071
2026-04-24 13:00:00,78269.1,78470.0,77914.1,78099.6,594.49662074
2026-04-24 14:00:00,78099.5,78099.5,77687.1,78035.3,337.7721795
2026-04-24 15:00:00,78035.3,78229.9,77579.7,78043.7,217.07577969
2026-04-24 16:00:00,78043.7,78061.2,77593.7,77772.9,130.64194643
2026-04-24 17:00:00,77772.9,77832.4,77484.0,77684.1,207.56793874
2026-04-24 18:00:00,77684.1,77715.2,77366.3,77615.9,84.79520001
2026-04-24 19:00:00,77615.9,77747.2,77527.2,77629.3,113.97126833
2026-04-24 20:00:00,77629.3,77761.0,77452.5,77719.8,110.6106151
2026-04-24 21:00:00,77719.9,77755.0,77537.5,77537.5,55.9067179
2026-04-24 22:00:00,77537.6,77618.2,77260.8,77316.3,460.23166051
2026-04-24 23:00:00,77316.3,77436.3,77316.3,77413.5,632.36070407
2026-04-25 00:00:00,77413.5,77489.7,77298.4,77450.3,311.68347789
2026-04-25 01:00:00,77450.3,77611.5,77429.0,77530.0,58.43528823
2026-04-25 02:00:00,77530.1,77645.0,77487.3,77600.5,57.15029841
2026-04-25 03:00:00,77600.5,77699.8,77536.1,77663.4,82.76310964
2026-04-25 04:00:00,77663.4,77693.5,77589.2,77614.1,37.38945899
2026-04-25 05:00:00,77614.1,77614.1,77477.7,77516.3,60.69325625
2026-04-25 06:00:00,77516.4,77586.6,77481.3,77500.1,43.68773203
2026-04-25 07:00:00,77500.1,77570.3,77437.5,77496.5,108.72169722
2026-04-25 08:00:00,77496.4,77650.0,77484.2,77635.1,96.58667634
2026-04-25 09:00:00,77635.2,77770.0,77580.9,77707.3,60.23819386
2026-04-25 10:00:00,77707.3,77880.0,77707.2,77784.1,139.51113056
2026-04-25 11:00:00,77784.1,77784.1,77613.1,77686.6,98.82256998
2026-04-25 12:00:00,77689.5,77718.7,77517.3,77550.0,223.85182764
2026-04-25 13:00:00,77550.0,77709.5,77550.0,77682.7,83.92835026
2026-04-25 14:00:00,77682.8,77744.0,77617.8,77654.6,148.83725619
2026-04-25 15:00:00,77654.7,77715.6,77306.1,77332.0,197.06952318
2026-04-25 16:00:00,77332.0,77455.1,77129.5,77404.3,199.0737084
2026-04-25 17:00:00,77404.3,77406.7,77215.1,77250.1,63.84892093
2026-04-25 18:00:00,77250.1,77394.5,77218.0,77297.3,135.06686908
2026-04-25 19:00:00,77297.3,77350.0,77198.4,77324.8,66.45445573
2026-04-25 20:00:00,77324.9,77477.7,77308.9,77471.9,40.6803732
2026-04-25 21:00:00,77472.0,77531.2,77398.6,77522.3,57.57659029
2026-04-25 22:00:00,77522.4,77625.0,77492.8,77560.5,64.78997901
2026-04-25 23:00:00,77560.6,77644.0,77525.0,77619.5,48.59450758
2026-04-26 00:00:00,77619.5,77637.2,77439.3,77473.3,108.55780327
2026-04-26 01:00:00,77487.4,77564.3,77443.7,77450.0,37.46091869
2026-04-26 02:00:00,77450.0,77587.6,77449.9,77510.5,66.0695249
2026-04-26 03:00:00,77510.5,77539.2,77322.2,77389.1,67.48563408
2026-04-26 04:00:00,77389.1,77834.0,77374.9,77771.5,141.62904988
2026-04-26 05:00:00,77771.6,78200.0,77717.5,77980.2,245.93783551
2026-04-26 06:00:00,77980.3,78045.6,77889.0,78000.8,109.03937933
2026-04-26 07:00:00,78000.8,78122.1,77964.3,78100.4,61.5334783
2026-04-26 08:00:00,78100.3,78212.1,78000.0,78029.9,94.76652959
2026-04-26 09:00:00,78030.0,78053.0,77921.3,78003.7,46.31232758
2026-04-26 10:00:00,78003.8,78047.6,77952.2,77994.9,59.7117632
2026-04-26 11:00:00,77995.0,78152.1,77994.9,78086.7,47.6206247
2026-04-26 12:00:00,78086.6,78093.6,77752.9,77814.5,398.46700388
2026-04-26 13:00:00,77814.5,77980.1,77778.7,77963.4,220.54865035
2026-04-26 14:00:00,77963.3,78167.6,77866.8,78084.5,128.03508051
2026-04-26 15:00:00,78084.5,78120.2,77990.6,78045.0,84.74258041
2026-04-26 16:00:00,78045.0,78083.5,77928.2,77928.2,59.8711957
2026-04-26 17:00:00,77928.3,78050.0,77847.3,78015.2,70.14804104
2026-04-26 18:00:00,78015.3,78344.2,77981.2,78273.4,126.42648867
2026-04-26 19:00:00,78273.4,78493.9,78002.9,78222.4,174.84882576
2026-04-26 20:00:00,78222.4,78372.4,78148.4,78193.3,42.47000251
2026-04-26 21:00:00,78186.1,78938.6,77820.0,78409.6,335.78614302
2026-04-26 22:00:00,78409.6,78843.6,77961.9,78321.4,232.78282155
2026-04-26 23:00:00,78321.4,78888.8,78034.1,78649.0,174.66810591
2026-04-27 00:00:00,78649.3,79375.0,78389.4,79291.5,275.35933698
2026-04-27 01:00:00,79291.5,79488.0,78724.6,79279.2,288.61894419
2026-04-27 02:00:00,79277.7,79297.8,79028.7,79119.7,108.83030569
2026-04-27 03:00:00,79119.7,79307.9,79070.0,79098.7,143.29962307
2026-04-27 04:00:00,79098.6,79152.1,78877.7,78923.2,98.507278
2026-04-27 05:00:00,78923.3,78939.7,77560.0,77793.2,673.22456822
2026-04-27 06:00:00,77793.2,77874.6,77459.3,77701.2,228.56903069
2026-04-27 07:00:00,77701.2,77746.2,77572.0,77611.0,656.03647215
2026-04-27 08:00:00,77611.0,77810.0,77555.5,77800.6,190.77238004
2026-04-27 09:00:00,77800.6,77983.1,77701.7,77900.0,186.14322521
2026-04-27 10:00:00,77900.0,77939.4,77788.8,77854.9,86.47824968
2026-04-27 11:00:00,77851.6,77886.9,77725.8,77847.0,88.80555478
2026-04-27 12:00:00,77847.0,77871.5,77625.0,77663.7,129.98913887
2026-04-27 13:00:00,77663.8,77958.3,77575.1,77754.1,179.36529408
2026-04-27 14:00:00,77754.1,78261.2,77680.1,77818.0,254.41631234
2026-04-27 15:00:00,77819.0,77827.9,76562.3,76790.2,715.16562536
2026-04-27 16:00:00,76790.3,76862.2,76552.7,76617.7,154.87089881
2026-04-27 17:00:00,76617.8,76927.5,76617.8,76741.7,264.51607734
2026-04-27 18:00:00,76741.6,76894.9,76663.4,76829.1,92.72443472
2026-04-27 19:00:00,76828.7,76901.4,76450.0,76895.7,484.6126255
2026-04-27 20:00:00,76895.6,77099.8,76847.0,76963.7,205.54373558
2026-04-27 21:00:00,76963.4,76980.8,76784.9,76785.0,279.20037931
2026-04-27 22:00:00,76785.0,77087.4,76761.9,77062.5,152.43426688
2026-04-27 23:00:00,77062.5,77447.3,77008.9,77371.2,195.5704439
2026-04-28 00:00:00,77371.3,77494.5,77218.1,77390.0,113.12497034
2026-04-28 01:00:00,77390.0,77393.1,77042.4,77089.1,74.0437094
2026-04-28 02:00:00,77090.0,77230.9,76681.1,76889.6,206.7652146
2026-04-28 03:00:00,76889.7,76899.3,76683.3,76811.5,107.29656253
2026-04-28 04:00:00,76811.5,76944.6,76689.7,76886.8,130.8619861
2026-04-28 05:00:00,76886.9,77143.7,76809.8,76886.0,153.03459759
2026-04-28 06:00:00,76886.0,77022.3,76586.0,76703.7,149.43477509
2026-04-28 07:00:00,76703.8,76925.0,76426.9,76879.6,285.77483468
2026-04-28 08:00:00,76879.5,76996.5,76741.0,76856.4,105.28609727
2026-04-28 09:00:00,76856.1,76865.0,76500.0,76596.5,95.34300276
2026-04-28 10:00:00,76596.5,76688.8,76480.0,76612.5,108.8463462
2026-04-28 11:00:00,76612.5,76639.0,76130.4,76230.4,445.2840077
2026-04-28 12:00:00,76230.5,76420.7,76165.1,76378.3,270.57010817
2026-04-28 13:00:00,76378.4,76409.9,75959.9,76191.8,434.77647705
2026-04-28 14:00:00,76191.8,76196.6,75660.1,75953.4,365.83945405
2026-04-28 15:00:00,75953.4,76081.4,75834.7,76067.2,139.55374584
2026-04-28 16:00:00,76067.7,76233.3,75891.9,76130.1,163.81185307
2026-04-28 17:00:00,76130.2,76275.0,75962.6,76190.1,158.62369013
2026-04-28 18:00:00,76190.1,76281.2,76134.3,76246.6,135.74017136
2026-04-28 19:00:00,76246.7,76401.6,76072.0,76329.7,247.38016599
2026-04-28 20:00:00,76329.7,76477.9,76323.7,76473.5,152.32883187
2026-04-28 21:00:00,76473.5,76485.0,76272.7,76363.2,103.81488234
2026-04-28 22:00:00,76363.3,76442.3,76222.0,76249.0,63.57826488
2026-04-28 23:00:00,76249.1,76388.8,76199.2,76342.2,39.12044436
2026-04-29 00:00:00,76342.2,76612.2,76269.7,76508.4,90.41032522
2026-04-29 01:00:00,76508.4,76656.2,76186.5,76572.0,124.06924035
2026-04-29 02:00:00,76572.1,76658.9,76402.7,76519.3,116.49965693
2026-04-29 03:00:00,76519.4,77121.8,76512.8,76990.3,203.1367034
2026-04-29 04:00:00,76990.3,77450.0,76884.9,77261.5,230.65375398
2026-04-29 05:00:00,77261.5,77319.3,77188.8,77288.4,106.61476832
2026-04-29 06:00:00,77288.4,77328.2,76927.2,77024.6,127.11107216
2026-04-29 07:00:00,77024.6,77180.0,77007.3,77041.9,149.57903746
2026-04-29 08:00:00,77041.9,77141.9,76960.0,77036.9,121.13290151
2026-04-29 09:00:00,77037.0,77791.1,76956.1,77641.2,351.50649382
2026-04-29 10:00:00,77641.2,77891.7,77556.1,77617.7,628.62065198
2026-04-29 11:00:00,77617.8,77688.7,77495.6,77593.9,221.45469456
2026-04-29 12:00:00,77594.0,77597.1,77000.0,77144.9,450.93910687
2026-04-29 13:00:00,77144.9,77250.0,76426.4,76780.2,429.72060217
2026-04-29 14:00:00,76780.2,76870.5,76491.2,76572.2,248.50645869
2026-04-29 15:00:00,76572.3,76628.8,75714.0,75922.2,452.52951994
2026-04-29 16:00:00,75922.1,76126.9,75701.0,75800.7,333.45349718
2026-04-29 17:00:00,75800.8,76182.7,75800.8,76182.7,184.26092738
2026-04-29 18:00:00,76182.9,76256.4,74943.7,75508.2,693.26248354
2026-04-29 19:00:00,75508.2,75590.0,75300.0,75562.3,240.09578148
2026-04-29 20:00:00,75562.3,75861.2,75491.7,75677.0,153.74041589
2026-04-29 21:00:00,75677.1,76099.4,75611.2,75932.4,130.05191644
2026-04-29 22:00:00,75932.4,76006.0,75820.6,75925.0,214.22508083
2026-04-29 23:00:00,75924.8,75995.0,75702.7,75784.4,256.48795805
2026-04-30 00:00:00,75784.4,76338.2,75660.0,76254.1,201.70474033
2026-04-30 01:00:00,76254.1,76470.5,76183.9,76232.9,132.67049751
2026-04-30 02:00:00,76232.9,76350.4,75505.0,75708.7,219.48163631
2026-04-30 03:00:00,75704.7,75997.0,75669.1,75933.2,116.77018452
2026-04-30 04:00:00,75933.2,75969.9,75413.9,75495.0,223.92509853
2026-04-30 05:00:00,75495.1,75750.0,75319.7,75600.0,190.54500302
2026-04-30 06:00:00,75600.1,75866.6,75584.5,75757.4,105.34307215
2026-04-30 07:00:00,75757.4,76192.0,75721.2,76174.6,307.48595665
2026-04-30 08:00:00,76174.5,76216.2,76032.8,76069.2,180.44244141
2026-04-30 09:00:00,76069.3,76350.0,76007.0,76099.8,265.21507007
2026-04-30 10:00:00,76099.7,76173.2,75976.8,76030.0,246.50091597
2026-04-30 11:00:00,76030.0,76250.0,75865.4,76064.8,444.4647939
2026-04-30 12:00:00,76064.8,76409.0,76040.1,76296.7,322.70582269
2026-04-30 13:00:00,76296.6,76660.0,76107.3,76410.2,412.40561114
2026-04-30 14:00:00,76410.2,76589.5,76094.0,76298.9,605.88630492
2026-04-30 15:00:00,76298.9,76650.0,76156.6,76465.7,542.71315503
2026-04-30 16:00:00,76465.7,76486.0,76230.0,76261.1,216.30747973
2026-04-30 17:00:00,76261.1,76330.6,76077.8,76240.9,297.74613302
2026-04-30 18:00:00,76240.8,76470.2,76197.9,76340.9,231.47631202
2026-04-30 19:00:00,76340.9,76513.3,76302.9,76409.0,351.0847299
2026-04-30 20:00:00,76408.7,76568.0,76309.5,76493.0,431.06571233
2026-04-30 21:00:00,76493.0,76544.2,76243.3,76243.7,343.0235241
2026-04-30 22:00:00,76243.8,76449.8,76208.7,76243.5,298.93156118
2026-04-30 23:00:00,76243.5,76387.9,76217.5,76344.9,488.89837525
2026-05-01 00:00:00,76344.9,76596.8,76324.5,76463.1,309.21868462
2026-05-01 01:00:00,76463.0,76774.0,76444.6,76689.3,141.91038861
2026-05-01 02:00:00,76689.3,76745.0,76538.4,76602.0,142.47464743
2026-05-01 03:00:00,76602.0,77456.0,76559.7,77130.6,596.49335235
2026-05-01 04:00:00,77130.5,77212.2,76960.0,77045.3,252.78712948
2026-05-01 05:00:00,77045.4,77186.3,77040.9,77163.7,113.60292188
2026-05-01 06:00:00,77163.8,77184.8,76875.0,76994.2,310.24094607
2026-05-01 07:00:00,76994.1,77142.8,76957.9,77127.5,656.10890506
2026-05-01 08:00:00,77127.5,77500.0,77040.0,77373.3,538.60944544
2026-05-01 09:00:00,77373.3,77389.2,77192.7,77274.4,674.32731232
2026-05-01 10:00:00,77274.5,77430.2,77147.9,77300.1,1232.59621976
2026-05-01 11:00:00,77300.1,77600.0,77261.4,77469.9,4317.32035616
2026-05-01 12:00:00,77470.0,78176.1,77405.4,77893.3,812.05948976
2026-05-01 13:00:00,77893.3,78919.7,77893.3,78727.9,936.31796479
2026-05-01 14:00:00,78728.0,78869.0,78048.6,78360.8,399.91131426
2026-05-01 15:00:00,78360.9,78739.0,78187.5,78445.3,391.11302548
2026-05-01 16:00:00,78445.1,78683.8,78167.7,78212.1,192.81061062
2026-05-01 17:00:00,78212.2,78588.0,78134.3,78556.4,167.93310124
2026-05-01 18:00:00,78556.5,78630.8,78379.2,78428.6,143.46199689
2026-05-01 19:00:00,78428.7,78549.3,78314.3,78363.5,161.4166929
2026-05-01 20:00:00,78363.8,78440.8,77750.0,77875.6,172.58864461
2026-05-01 21:00:00,77874.3,78200.0,77855.8,78200.0,90.78643298
2026-05-01 22:00:00,78200.0,78406.2,78144.7,78151.7,80.88576354
2026-05-01 23:00:00,78151.8,78247.8,78032.0,78234.4,74.05808966
2026-05-02 00:00:00,78234.4,78398.0,78168.7,78345.0,57.08953655
2026-05-02 01:00:00,78345.0,78430.0,78287.0,78341.3,87.30085475
2026-05-02 02:00:00,78341.3,78500.0,78256.2,78356.0,77.88938668
2026-05-02 03:00:00,78356.0,78522.4,78225.1,78420.4,81.94133002
2026-05-02 04:00:00,78420.5,78454.9,78117.3,78182.3,115.31251471
2026-05-02 05:00:00,78179.6,78259.6,78034.5,78180.3,137.31615914
2026-05-02 06:00:00,78180.3,78375.0,78142.3,78323.9,50.79244355
2026-05-02 07:00:00,78323.9,78349.6,78189.8,78212.7,297.04415353
2026-05-02 08:00:00,78212.6,78357.1,78154.8,78309.0,44.18180454
2026-05-02 09:00:00,78309.0,78393.9,78222.0,78295.4,40.73837072
2026-05-02 10:00:00,78295.5,78315.0,78230.0,78251.7,35.77084425
2026-05-02 11:00:00,78251.7,78251.7,78102.8,78149.3,41.82961967
2026-05-02 12:00:00,78149.4,78270.0,78108.4,78213.8,60.483726
2026-05-02 13:00:00,78213.9,78430.0,78213.9,78372.0,45.12846458
2026-05-02 14:00:00,78372.0,78495.9,78314.1,78427.4,87.31415849
2026-05-02 15:00:00,78427.5,78490.7,78364.8,78490.6,34.5796731
2026-05-02 16:00:00,78490.7,78593.2,78431.6,78455.0,60.19809523
2026-05-02 17:00:00,78455.0,78493.0,78375.2,78394.9,30.00485324
2026-05-02 18:00:00,78395.0,78493.0,78316.0,78464.4,32.53252501
2026-05-02 19:00:00,78464.5,78523.4,78439.3,78485.0,35.4019151
2026-05-02 20:00:00,78485.2,78485.5,78420.7,78456.0,16.46294577
2026-05-02 21:00:00,78456.0,79198.6,78435.7,78729.8,368.55995301
2026-05-02 22:00:00,78729.8,78874.9,78617.3,78837.6,221.34609922
2026-05-02 23:00:00,78837.6,78837.6,78635.4,78693.0,39.48680586
2026-05-03 00:00:00,78693.0,78765.3,78494.1,78548.9,76.39556894
2026-05-03 01:00:00,78548.9,78549.0,78159.1,78242.5,114.41358022
2026-05-03 02:00:00,78242.6,78328.2,78113.9,78167.9,93.46667743
2026-05-03 03:00:00,78168.0,78216.2,78114.5,78205.0,43.47103634
2026-05-03 04:00:00,78204.9,78242.2,78117.0,78167.9,38.10024641
2026-05-03 05:00:00,78168.0,78258.2,78160.1,78245.6,38.47575759
2026-05-03 06:00:00,78245.7,78336.8,78061.9,78279.2,148.59903784
2026-05-03 07:00:00,78279.3,78450.0,78279.3,78354.0,84.00012984
2026-05-03 08:00:00,78354.0,78497.5,78353.9,78381.5,53.24534601
2026-05-03 09:00:00,78381.5,78606.7,78340.0,78531.9,85.57048003
2026-05-03 10:00:00,78531.9,78537.8,78411.1,78411.1,22.60565662
2026-05-03 11:00:00,78411.2,78838.6,78383.1,78655.2,157.68458736
2026-05-03 12:00:00,78655.3,78874.0,78655.3,78753.4,276.83300304
2026-05-03 13:00:00,78753.5,78778.2,78572.8,78665.8,149.75931738
2026-05-03 14:00:00,78666.0,78787.4,78616.8,78743.9,184.99621926
2026-05-03 15:00:00,78743.2,78812.4,78633.2,78668.9,95.28605828
2026-05-03 16:00:00,78668.9,78787.5,78600.0,78662.0,41.47531135
2026-05-03 17:00:00,78662.0,78829.0,78580.0,78735.0,110.43892979
2026-05-03 18:00:00,78735.0,78765.9,78639.8,78744.0,25.45393592
2026-05-03 19:00:00,78744.1,78857.1,78677.8,78768.2,122.84892919
2026-05-03 20:00:00,78768.3,79281.2,78722.0,78914.7,348.38554691
2026-05-03 21:00:00,78915.0,79059.9,78660.2,78838.4,100.57323363
2026-05-03 22:00:00,78838.5,79449.3,78835.9,79177.1,309.23044285
2026-05-03 23:00:00,79177.0,79296.1,78500.0,78577.0,188.85293975
2026-05-04 00:00:00,78577.0,78577.0,78283.6,78549.1,143.75094844
2026-05-04 01:00:00,78551.0,79865.2,78412.5,79780.9,734.51048773
2026-05-04 02:00:00,79780.9,80423.0,79546.3,80172.2,1152.4226628
2026-05-04 03:00:00,80172.3,80459.6,79929.6,80316.7,351.57949173
2026-05-04 04:00:00,80316.7,80622.0,80238.3,80337.5,272.09229616
2026-05-04 05:00:00,80337.6,80406.2,79958.6,80028.0,322.33282594
2026-05-04 06:00:00,80028.1,80050.0,79499.9,79872.0,342.76557447
2026-05-04 07:00:00,79872.0,79948.9,79666.5,79695.4,392.93519787
2026-05-04 08:00:00,79695.3,79821.8,79600.0,79700.8,1036.77463539
2026-05-04 09:00:00,79700.9,79924.2,79645.7,79836.1,125.84294818
2026-05-04 10:00:00,79835.6,79885.8,78205.0,78941.1,1234.67485373
2026-05-04 11:00:00,78941.2,79125.0,78702.0,78790.0,184.59868951
2026-05-04 12:00:00,78790.0,79025.0,78720.0,78852.6,136.46230118
2026-05-04 13:00:00,78852.6,79130.2,78578.1,78787.0,431.18273539
2026-05-04 14:00:00,78787.0,80556.0,78500.0,80214.2,1044.97539656
2026-05-04 15:00:00,80214.2,80372.0,79315.4,80033.5,1032.6606679
2026-05-04 16:00:00,80033.5,80400.0,79624.5,80015.9,475.49145884
2026-05-04 17:00:00,80016.0,80777.5,80015.9,80387.6,487.24330967
2026-05-04 18:00:00,80387.9,80431.5,80040.0,80115.2,138.93158299
2026-05-04 19:00:00,80115.3,80138.3,79869.6,80050.9,106.04335621
2026-05-04 20:00:00,80050.9,80151.4,79883.1,79933.9,100.83958039
2026-05-04 21:00:00,79933.9,80378.6,79933.9,80259.5,76.14184451
2026-05-04 22:00:00,80259.6,80396.0,80047.5,80068.1,83.37904645
2026-05-04 23:00:00,80068.2,80068.2,79751.9,79865.0,137.89267443
2026-05-05 00:00:00,79865.0,80182.2,79801.1,80176.0,113.74169537
2026-05-05 01:00:00,80176.1,80380.0,80079.2,80345.5,101.43104835
2026-05-05 02:00:00,80345.6,80897.3,80295.0,80557.5,293.91536209
2026-05-05 03:00:00,80557.5,81088.6,80441.8,80889.3,357.68378107
2026-05-05 04:00:00,80889.3,80985.7,80720.9,80898.0,153.89402339
2026-05-05 05:00:00,80898.1,81329.5,80831.1,80962.7,370.59108591
2026-05-05 06:00:00,80962.8,81008.8,80789.6,80979.0,154.75888781
2026-05-05 07:00:00,80979.0,81143.1,80824.0,80857.1,430.76229631
2026-05-05 08:00:00,80856.0,80887.0,80721.8,80818.7,155.01767035
2026-05-05 09:00:00,80818.8,80818.8,80530.6,80586.1,94.48030353
2026-05-05 10:00:00,80586.2,80849.6,80527.7,80830.7,88.52851224
2026-05-05 11:00:00,80830.7,81105.0,80782.7,81020.0,207.02556687
2026-05-05 12:00:00,81020.7,81312.6,80928.0,81271.6,281.77490758
2026-05-05 13:00:00,81271.6,81730.5,81196.1,81334.2,1845.62663378
2026-05-05 14:00:00,81334.2,81500.0,80950.0,81328.6,474.79224644
2026-05-05 15:00:00,81328.6,81699.0,81226.8,81530.3,223.75950819
2026-05-05 16:00:00,81529.3,81625.5,81053.0,81290.1,299.53426566
2026-05-05 17:00:00,81290.2,81465.1,81183.6,81273.5,116.23434119
2026-05-05 18:00:00,81273.5,81612.9,81273.5,81507.3,112.90572442
2026-05-05 19:00:00,81507.2,81682.9,81399.5,81606.6,144.40611139
2026-05-05 20:00:00,81606.6,81795.3,81509.3,81644.9,225.76955397
2026-05-05 21:00:00,81645.0,81795.2,81309.5,81408.2,167.44598994
2026-05-05 22:00:00,81408.3,81605.3,80820.1,81113.5,287.71266598
2026-05-05 23:00:00,81113.5,81223.5,80784.8,80911.3,119.84282621
2026-05-06 00:00:00,80911.0,81266.6,80722.8,81030.1,245.76514638
2026-05-06 01:00:00,81030.1,81533.3,80990.0,81434.0,261.375296
2026-05-06 02:00:00,81434.0,81445.6,81042.6,81372.0,153.99111325
2026-05-06 03:00:00,81372.0,81762.0,81356.0,81581.8,368.82248406
2026-05-06 04:00:00,81581.9,81643.9,81216.0,81336.7,125.52642229
2026-05-06 05:00:00,81335.9,81345.8,81040.0,81324.4,119.68047588
2026-05-06 06:00:00,81324.4,81524.0,81211.0,81479.4,579.41526176
2026-05-06 07:00:00,81479.5,81626.7,81306.8,81364.9,227.85707976
2026-05-06 08:00:00,81364.9,81988.0,81312.6,81945.0,588.60311281
2026-05-06 09:00:00,81945.0,82069.9,81668.1,81999.7,395.08548797
2026-05-06 10:00:00,81999.6,82399.9,81966.2,82291.8,334.08164673
2026-05-06 11:00:00,82291.8,82842.0,82260.4,82524.6,344.59338237
2026-05-06 12:00:00,82524.7,82543.4,82152.8,82229.0,436.16458616
2026-05-06 13:00:00,82229.0,82229.0,81609.6,81673.8,496.68984401
2026-05-06 14:00:00,81673.9,81986.3,81133.5,81524.2,703.045747
2026-05-06 15:00:00,81524.3,81818.1,81304.7,81704.6,191.14592491
2026-05-06 16:00:00,81702.1,81891.3,81421.5,81620.3,219.46969211
2026-05-06 17:00:00,81620.4,81707.6,81389.2,81452.7,108.50794524
2026-05-06 18:00:00,81452.7,81551.8,81260.0,81341.8,106.42149924
2026-05-06 19:00:00,81341.8,81505.6,81188.0,81456.8,130.66431502
2026-05-06 20:00:00,81456.8,81696.9,81300.0,81427.1,189.14208567
2026-05-06 21:00:00,81425.6,81621.6,81300.0,81546.6,126.40785767
2026-05-06 22:00:00,81546.7,81546.7,81242.6,81341.8,92.03263568
2026-05-06 23:00:00,81341.9,81456.0,80997.0,81440.3,158.63384558
2026-05-07 00:00:00,81440.3,81497.7,80977.5,81023.3,154.06827
2026-05-07 01:00:00,81020.1,81296.6,80838.0,81171.4,176.14667484
2026-05-07 02:00:00,81171.5,81181.0,80897.0,81125.9,147.64212899
2026-05-07 03:00:00,81125.9,81125.9,80838.1,80838.1,85.94491482
2026-05-07 04:00:00,80838.2,81001.3,80723.0,80984.1,110.45383566
2026-05-07 05:00:00,80984.2,81182.0,80976.2,81084.0,93.64543059
2026-05-07 06:00:00,81084.0,81452.0,80888.0,81442.4,123.00365986
2026-05-07 07:00:00,81442.4,81705.5,81400.0,81520.0,210.97739574
2026-05-07 08:00:00,81520.0,81595.0,81205.3,81227.9,139.73808609
2026-05-07 09:00:00,81228.0,81231.2,80860.0,80933.6,210.86621328
2026-05-07 10:00:00,80933.6,81021.3,80584.0,80847.5,183.21727862
2026-05-07 11:00:00,80844.7,81053.0,80787.0,80869.3,126.16737715
2026-05-07 12:00:00,80869.4,81193.6,80840.7,81159.7,122.60065205
2026-05-07 13:00:00,81159.7,81164.8,80259.9,80502.2,321.27477496
2026-05-07 14:00:00,80506.6,80690.7,80054.8,80175.8,530.70130858
2026-05-07 15:00:00,80175.8,80282.0,79705.7,79898.0,662.75080191
2026-05-07 16:00:00,79898.0,80038.7,79709.8,79798.2,541.50474895
2026-05-07 17:00:00,79798.3,80141.8,79501.0,80103.8,292.37020366
2026-05-07 18:00:00,80102.2,80280.6,80009.0,80213.9,160.04027646
2026-05-07 19:00:00,80213.9,80222.7,79942.8,80154.8,131.66110954
2026-05-07 20:00:00,80157.9,80384.8,79856.5,79887.2,123.08009883
2026-05-07 21:00:00,79887.2,79933.2,79658.9,79730.1,112.22031285
2026-05-07 22:00:00,79730.1,79993.7,79586.3,79923.8,133.60500751
2026-05-07 23:00:00,79923.9,80069.8,79869.4,80018.2,79.69886457
2026-05-08 00:00:00,80018.2,80141.9,79721.8,79839.1,156.56567645
2026-05-08 01:00:00,79839.1,79906.2,79624.0,79744.5,89.16326811
2026-05-08 02:00:00,79744.6,79755.7,79350.0,79476.6,426.51745537
2026-05-08 03:00:00,79476.6,79666.3,79164.5,79569.3,187.50786638
2026-05-08 04:00:00,79569.3,79757.9,79553.6,79661.8,244.71244511
2026-05-08 05:00:00,79661.8,79777.7,79600.1,79600.1,149.63781706
2026-05-08 06:00:00,79600.1,79643.6,79409.8,79517.4,123.33766035
2026-05-08 07:00:00,79517.5,79744.3,79250.0,79687.2,467.94435756
2026-05-08 08:00:00,79687.2,79990.7,79668.0,79891.8,181.71447415
2026-05-08 09:00:00,79891.8,80055.5,79779.9,79870.7,143.90950634
2026-05-08 10:00:00,79870.8,80281.6,79781.0,80209.3,227.96846694
2026-05-08 11:00:00,80214.8,80338.2,80113.0,80231.3,221.22226347
2026-05-08 12:00:00,80231.3,80513.2,79971.9,80033.8,224.70191264
2026-05-08 13:00:00,80033.9,80095.9,79542.8,79648.0,279.27101188
2026-05-08 14:00:00,79648.0,80441.9,79648.0,80149.2,322.59314884
2026-05-08 15:00:00,80149.2,80205.9,79625.1,80150.3,233.72241753
2026-05-08 16:00:00,80150.4,80184.2,79739.2,79804.0,107.93357493
2026-05-08 17:00:00,79804.1,80271.8,79741.6,80064.5,205.89802998
2026-05-08 18:00:00,80065.3,80311.6,80065.3,80088.7,265.08169451
2026-05-08 19:00:00,80088.7,80192.0,79957.5,80184.7,128.83243526
2026-05-08 20:00:00,80184.8,80299.9,80085.4,80144.2,71.46321286
2026-05-08 21:00:00,80144.3,80268.7,80111.4,80260.5,96.39195409
2026-05-08 22:00:00,80260.6,80410.0,80232.5,80275.2,81.47723123
2026-05-08 23:00:00,80274.1,80296.7,80107.2,80196.5,45.26511465
2026-05-09 00:00:00,80196.5,80247.3,80129.5,80240.9,74.76953592
2026-05-09 01:00:00,80240.9,80441.7,80220.3,80320.1,107.00548232
2026-05-09 02:00:00,80320.1,80475.6,80319.1,80420.0,72.05194764
2026-05-09 03:00:00,80420.2,80552.2,80311.5,80389.9,91.75508318
2026-05-09 04:00:00,80392.1,80684.2,80371.1,80389.9,200.01698888
2026-05-09 05:00:00,80389.9,80499.8,80358.4,80381.4,57.4513455
2026-05-09 06:00:00,80381.4,80435.2,80208.1,80261.4,91.13391779
2026-05-09 07:00:00,80261.4,80306.9,80128.6,80228.8,119.23454974
2026-05-09 08:00:00,80228.7,80446.0,80220.0,80416.0,58.51319662
2026-05-09 09:00:00,80416.0,80416.0,80209.7,80244.1,64.47397635
2026-05-09 10:00:00,80244.2,80351.7,80171.5,80267.1,67.84750171
2026-05-09 11:00:00,80267.2,80370.0,80254.1,80343.7,27.90134769
2026-05-09 12:00:00,80343.7,80413.4,80271.3,80405.8,48.63983408
2026-05-09 13:00:00,80405.9,80413.4,80314.5,80396.7,37.78100366
2026-05-09 14:00:00,80396.7,80427.1,80242.0,80329.3,90.43543524
2026-05-09 15:00:00,80329.4,80600.0,80232.6,80522.6,124.03738817
2026-05-09 16:00:00,80522.6,80797.4,80481.6,80623.1,186.25736395
2026-05-09 17:00:00,80623.2,80921.4,80623.2,80811.6,114.90142547
2026-05-09 18:00:00,80810.7,81074.5,80786.9,80915.5,94.73969407
2026-05-09 19:00:00,80915.6,80959.7,80783.5,80937.3,49.74713536
2026-05-09 20:00:00,80937.3,80942.1,80743.7,80803.3,39.83387235
2026-05-09 21:00:00,80803.3,80897.7,80741.9,80783.5,48.31514951
2026-05-09 22:00:00,80783.6,80830.2,80672.8,80769.7,32.19159452
2026-05-09 23:00:00,80771.4,80847.7,80621.2,80675.7,27.95964486
2026-05-10 00:00:00,80675.7,80769.2,80611.9,80671.4,102.38690388
2026-05-10 01:00:00,80673.3,80687.6,80557.0,80684.1,37.1505661
2026-05-10 02:00:00,80677.3,80792.5,80603.1,80777.6,46.01599127
2026-05-10 03:00:00,80777.7,80881.4,80707.9,80775.6,56.47202784
2026-05-10 04:00:00,80775.6,80856.6,80727.4,80757.1,30.01570235
2026-05-10 05:00:00,80756.8,80816.5,80683.8,80697.3,31.64063383
2026-05-10 06:00:00,80697.3,80765.4,80660.4,80735.4,45.03642457
2026-05-10 07:00:00,80735.4,80808.6,80716.4,80727.4,98.71867264
2026-05-10 08:00:00,80727.4,80906.9,80709.3,80832.5,66.15013084
2026-05-10 09:00:00,80834.2,80922.3,80756.3,80807.0,49.15558205
2026-05-10 10:00:00,80807.0,80886.5,80689.3,80872.3,97.8243356
2026-05-10 11:00:00,80872.4,80966.3,80743.2,80829.2,52.78172131
2026-05-10 12:00:00,80829.3,80955.4,80785.0,80929.5,55.96636595
2026-05-10 13:00:00,80926.9,81000.0,80867.1,80973.9,45.31035312
2026-05-10 14:00:00,80973.9,81005.0,80820.0,80982.1,257.04841675
2026-05-10 15:00:00,80984.0,81449.0,80933.5,81413.4,235.74794727
2026-05-10 16:00:00,81414.5,81498.1,81200.0,81375.5,122.17277055
2026-05-10 17:00:00,81375.5,81587.9,81223.3,81479.4,94.97262628
2026-05-10 18:00:00,81479.5,81499.0,81235.0,81275.3,39.50687908
2026-05-10 19:00:00,81275.3,81483.4,81153.9,81428.1,48.6474873
2026-05-10 20:00:00,81428.2,81460.6,80280.1,80733.3,236.86201527
2026-05-10 21:00:00,80733.3,80950.0,80572.2,80716.5,181.51199718
2026-05-10 22:00:00,80716.5,82184.8,80666.9,82048.1,488.23459465
2026-05-10 23:00:00,82048.3,82473.6,82048.3,82213.9,454.35993835
2026-05-11 00:00:00,82213.9,82384.5,81272.2,81461.0,469.68401213
2026-05-11 01:00:00,81463.5,81747.6,81280.0,81505.1,202.02134325
2026-05-11 02:00:00,81505.1,81568.5,81114.0,81175.2,208.67344606
2026-05-11 03:00:00,81175.3,81195.2,80532.4,80736.8,425.76401705
2026-05-11 04:00:00,80736.9,80896.8,80638.3,80820.0,143.3507455
2026-05-11 05:00:00,80820.0,81006.1,80768.3,80848.3,160.75280884
2026-05-11 06:00:00,80848.2,81059.0,80764.8,80835.3,101.24876504
2026-05-11 07:00:00,80835.3,80840.4,80684.8,80751.0,233.80496736
2026-05-11 08:00:00,80751.1,80868.0,80615.7,80769.8,108.76551871
2026-05-11 09:00:00,80767.9,80999.9,80755.4,80960.1,116.39928333
2026-05-11 10:00:00,80960.1,81200.0,80925.5,80940.9,100.61984001
2026-05-11 11:00:00,80941.0,81196.7,80900.0,81196.7,64.96067224
2026-05-11 12:00:00,81196.7,81350.0,81011.0,81056.8,153.12768001
2026-05-11 13:00:00,81056.8,81329.6,80766.2,81065.5,227.46171527
2026-05-11 14:00:00,81065.5,81250.0,80460.3,80944.2,313.90529077
2026-05-11 15:00:00,80947.1,81464.0,80826.9,81450.0,253.41969119
2026-05-11 16:00:00,81450.1,81911.7,81346.3,81582.9,313.71565434
2026-05-11 17:00:00,81582.9,82061.0,81360.9,81934.5,148.00596072
2026-05-11 18:00:00,81934.6,82134.9,81834.6,81860.4,200.63135755
2026-05-11 19:00:00,81860.4,82085.7,81734.3,81957.9,218.34006314
2026-05-11 20:00:00,81957.9,82078.2,81755.9,81816.4,174.81366736
2026-05-11 21:00:00,81816.4,81904.3,81576.3,81819.0,117.10054082
2026-05-11 22:00:00,81819.1,81965.9,81730.5,81826.5,135.1443254
2026-05-11 23:00:00,81826.6,81826.6,81600.0,81741.4,60.09861271
2026-05-12 00:00:00,81741.4,81790.1,81480.7,81550.1,61.51017559
2026-05-12 01:00:00,81550.1,81619.6,80713.6,81199.9,306.52103957
2026-05-12 02:00:00,81200.0,81332.0,81084.8,81249.9,195.59654901
2026-05-12 03:00:00,81250.0,81290.5,81014.7,81049.6,91.42630507
2026-05-12 04:00:00,81049.7,81301.4,81002.0,81222.2,83.81659795
2026-05-12 05:00:00,81222.3,81306.1,81178.4,81219.4,56.90765459
2026-05-12 06:00:00,81219.4,81306.1,81012.6,81020.9,75.01575623
2026-05-12 07:00:00,81021.0,81149.5,80805.9,80856.9,1051.66138492
2026-05-12 08:00:00,80857.0,80968.8,80760.0,80837.0,155.94222242
2026-05-12 09:00:00,80836.7,80964.0,80719.7,80839.0,151.79445237
2026-05-12 10:00:00,80839.1,80839.1,80606.5,80676.3,88.24770846
2026-05-12 11:00:00,80676.6,80792.0,80500.0,80781.7,935.65717284
2026-05-12 12:00:00,80781.8,81004.1,80621.9,80883.1,1301.36826839
2026-05-12 13:00:00,80883.1,80935.1,80389.4,80467.7,927.06566866
2026-05-12 14:00:00,80467.7,80888.4,80391.2,80534.2,863.75549961
2026-05-12 15:00:00,80534.3,80656.2,80174.1,80331.0,886.30457461
2026-05-12 16:00:00,80331.0,80428.1,79839.9,79989.3,782.36908362
2026-05-12 17:00:00,79993.2,80585.2,79941.1,80512.3,537.81446479
2026-05-12 18:00:00,80512.3,80750.9,80414.1,80663.1,551.91327861
2026-05-12 19:00:00,80663.2,80863.0,80663.1,80827.5,778.27591774
2026-05-12 20:00:00,80827.6,80880.0,80632.0,80687.7,727.41460199
2026-05-12 21:00:00,80687.6,80740.5,80486.4,80576.5,308.17694991
2026-05-12 22:00:00,80576.6,80792.5,80576.6,80642.1,360.26044453
2026-05-12 23:00:00,80642.2,80708.0,80434.6,80492.9,320.87595406
2026-05-13 00:00:00,80492.9,80758.3,80410.0,80710.3,189.46356343
2026-05-13 01:00:00,80710.4,81188.8,80670.6,80995.4,287.15417098
2026-05-13 02:00:00,80995.4,81280.0,80928.6,81053.0,129.75328048
2026-05-13 03:00:00,81053.0,81297.7,80975.7,81254.4,78.24296768
2026-05-13 04:00:00,81254.5,81280.1,81113.0,81225.2,91.0530858
2026-05-13 05:00:00,81225.2,81242.5,80993.0,81022.1,76.15061983
2026-05-13 06:00:00,81022.1,81157.8,80970.6,80982.1,101.97559724
2026-05-13 07:00:00,80982.1,81050.7,80889.1,81020.4,89.79505868
2026-05-13 08:00:00,81020.5,81201.1,80922.8,81193.7,1220.03627985
2026-05-13 09:00:00,81193.7,81324.6,81126.1,81288.8,206.12668271
2026-05-13 10:00:00,81288.9,81300.1,80805.1,80805.1,203.2790995
2026-05-13 11:00:00,80805.1,80848.9,80500.0,80500.1,259.59155303
2026-05-13 12:00:00,80500.1,80599.0,79859.0,80200.0,458.31697271
2026-05-13 13:00:00,80200.1,80350.0,79565.9,79658.5,467.03063684
2026-05-13 14:00:00,79658.6,79897.8,79478.3,79760.5,268.69177433
2026-05-13 15:00:00,79760.5,79859.2,78812.0,78835.1,587.67741246
2026-05-13 16:00:00,78835.0,79236.4,78760.1,79105.2,453.49311477
2026-05-13 17:00:00,79105.3,79563.3,79100.0,79513.7,185.26633514
2026-05-13 18:00:00,79513.8,79812.5,79513.8,79598.5,157.77954911
2026-05-13 19:00:00,79598.6,79650.6,79403.8,79642.4,114.89336241
2026-05-13 20:00:00,79642.4,79755.6,79626.0,79708.6,60.18118007
2026-05-13 21:00:00,79708.6,79708.8,79329.8,79403.7,95.54330486
2026-05-13 22:00:00,79403.7,79470.5,79216.8,79430.1,94.91809762
2026-05-13 23:00:00,79430.1,79499.5,79233.4,79320.5,60.91479069
2026-05-14 00:00:00,79320.5,79680.4,79313.6,79579.0,80.69230926
2026-05-14 01:00:00,79575.5,79691.8,79408.7,79580.5,199.35646002
2026-05-14 02:00:00,79593.8,79675.3,79214.4,79361.4,430.86485494
2026-05-14 03:00:00,79361.4,79447.0,78906.4,79040.0,308.63453945
2026-05-14 04:00:00,79040.0,79465.9,78975.4,79439.5,184.46593712
2026-05-14 05:00:00,79439.6,79999.0,79375.4,79816.4,323.85327079
2026-05-14 06:00:00,79816.4,79952.8,79759.8,79814.3,186.60929673
2026-05-14 07:00:00,79814.3,79956.3,79709.9,79752.1,429.44840457
2026-05-14 08:00:00,79752.2,79956.0,79633.9,79816.0,1318.61574131
2026-05-14 09:00:00,79816.1,79910.0,79572.0,79637.3,183.39590733
2026-05-14 10:00:00,79637.3,79767.0,79413.1,79576.0,189.7995258
2026-05-14 11:00:00,79574.5,79607.1,79219.0,79250.5,182.36290061
2026-05-14 12:00:00,79250.4,79776.7,79228.0,79768.1,150.71674465
2026-05-14 13:00:00,79768.1,80059.6,79670.5,79699.1,357.43006371
2026-05-14 14:00:00,79697.2,81016.2,79556.9,80963.9,593.88746691
2026-05-14 15:00:00,80963.8,81330.5,80809.1,81292.0,520.2905645
2026-05-14 16:00:00,81292.1,81892.9,81053.0,81880.5,827.55919013
2026-05-14 17:00:00,81880.5,82048.1,81269.5,81671.1,683.95428707
2026-05-14 18:00:00,81671.1,81955.6,81440.3,81584.2,256.74530725
2026-05-14 19:00:00,81581.1,81715.7,81326.0,81419.5,189.52758914
2026-05-14 20:00:00,81419.5,81589.0,81143.0,81420.6,176.92535087
2026-05-14 21:00:00,81420.7,81533.0,81263.3,81390.5,75.65265429
2026-05-14 22:00:00,81390.5,81558.1,81333.2,81457.5,42.71704833
2026-05-14 23:00:00,81457.6,81457.6,81053.0,81084.9,81.88931419
2026-05-15 00:00:00,81085.0,81667.7,81056.0,81516.1,153.46989625
2026-05-15 01:00:00,81510.8,81616.1,81111.2,81133.4,156.30969472
2026-05-15 02:00:00,81133.3,81360.0,80740.0,81295.4,353.37848691
2026-05-15 03:00:00,81295.4,81343.9,80913.4,81059.7,218.00628142
2026-05-15 04:00:00,81059.9,81105.9,80700.0,80719.9,116.42152197
2026-05-15 05:00:00,80722.5,80882.2,80300.0,80358.4,342.48265276
2026-05-15 06:00:00,80358.4,80632.9,80306.8,80581.0,187.24775178
2026-05-15 07:00:00,80581.1,81022.0,80561.9,80818.0,1208.57420376
2026-05-15 08:00:00,80818.0,80824.1,80414.1,80638.7,179.26173722
2026-05-15 09:00:00,80638.8,80675.8,80360.0,80489.2,157.42480925
2026-05-15 10:00:00,80489.3,80768.1,80402.1,80718.3,119.20132523
2026-05-15 11:00:00,80718.3,80764.0,80588.6,80624.9,105.74278505
2026-05-15 12:00:00,80624.7,80637.5,80327.0,80390.0,209.65252041
2026-05-15 13:00:00,80390.1,80390.1,78690.0,78750.8,1336.07937381
2026-05-15 14:00:00,78750.9,79339.5,78650.0,79158.4,651.57728827
2026-05-15 15:00:00,79158.5,79376.4,79022.9,79159.5,214.67424335
2026-05-15 16:00:00,79159.6,79385.7,79135.0,79299.4,206.23962918
2026-05-15 17:00:00,79299.4,79513.7,79228.7,79465.2,292.7481465
2026-05-15 18:00:00,79465.2,79572.8,79178.6,79289.4,142.34001288
2026-05-15 19:00:00,79289.5,79305.1,79064.0,79139.9,130.49229101
2026-05-15 20:00:00,79140.0,79223.3,79000.0,79126.0,74.32131987
2026-05-15 21:00:00,79126.1,79207.8,78913.0,78976.9,104.84545525
2026-05-15 22:00:00,78977.0,79156.8,78974.0,79118.2,39.32387142
2026-05-15 23:00:00,79118.2,79165.9,79076.2,79116.6,42.89577199
2026-05-16 00:00:00,79116.9,79232.1,79076.4,79116.6,87.8105599
2026-05-16 01:00:00,79116.6,79185.1,79008.8,79163.1,93.33932641
2026-05-16 02:00:00,79163.1,79209.9,79076.0,79154.1,66.18884568
2026-05-16 03:00:00,79154.2,79188.2,79055.3,79084.7,63.66275175
2026-05-16 04:00:00,79083.6,79133.1,78860.0,79039.5,106.37373203
2026-05-16 05:00:00,79039.5,79045.7,78935.0,79033.2,63.11449503
2026-05-16 06:00:00,79033.3,79055.6,78460.2,78649.9,248.01018703
2026-05-16 07:00:00,78650.0,78650.0,78063.4,78386.2,1046.18362156
2026-05-16 08:00:00,78386.3,78537.3,78346.3,78413.9,312.94416314
2026-05-16 09:00:00,78413.9,78436.4,77890.0,78087.5,585.53202285
2026-05-16 10:00:00,78087.6,78110.2,77656.0,77974.0,366.05823009
2026-05-16 11:00:00,77974.0,78222.9,77974.0,78088.9,255.87582787
2026-05-16 12:00:00,78089.0,78138.8,77932.8,78014.4,176.53591395
2026-05-16 13:00:00,78014.4,78029.5,77850.0,78029.5,78.37858555
2026-05-16 14:00:00,78029.6,78352.9,77902.9,78132.0,176.30076983
2026-05-16 15:00:00,78131.0,78295.5,78074.6,78237.1,149.6960425
2026-05-16 16:00:00,78237.2,78361.4,78116.8,78203.2,143.40261815
2026-05-16 17:00:00,78203.3,78325.4,78200.3,78204.3,100.04907987
2026-05-16 18:00:00,78204.3,78332.9,78148.7,78235.5,69.12382733
2026-05-16 19:00:00,78235.6,78312.0,78206.3,78261.3,70.06444034
2026-05-16 20:00:00,78261.4,78319.2,78199.5,78253.8,63.4887804
2026-05-16 21:00:00,78253.9,78314.3,78207.2,78270.2,172.24492835
2026-05-16 22:00:00,78270.2,78289.2,78172.0,78181.4,57.32036181
2026-05-16 23:00:00,78181.5,78277.1,78120.1,78140.2,70.3944569
2026-05-17 00:00:00,78140.2,78248.6,77800.1,77955.6,249.09213235
2026-05-17 01:00:00,77955.6,78110.0,77704.0,77723.8,174.27339278
2026-05-17 02:00:00,77723.9,77940.5,77723.9,77896.4,124.56794703
2026-05-17 03:00:00,77896.1,78082.9,77883.6,78018.8,74.99684631
2026-05-17 04:00:00,78018.8,78200.0,77995.7,78156.0,94.12519153
2026-05-17 05:00:00,78156.1,78324.0,78109.7,78122.8,74.30217607
2026-05-17 06:00:00,78122.9,78212.5,78012.9,78108.9,84.0119408
2026-05-17 07:00:00,78108.9,78213.6,78055.8,78183.8,246.4040704
2026-05-17 08:00:00,78183.8,78202.6,78033.6,78097.7,91.51539657
2026-05-17 09:00:00,78097.8,78318.6,78086.5,78252.8,133.5894266
2026-05-17 10:00:00,78253.9,78605.4,78249.1,78471.4,331.40692492
2026-05-17 11:00:00,78474.5,78503.0,78309.0,78412.7,320.91510002
2026-05-17 12:00:00,78412.7,78549.8,78333.4,78360.0,178.46537475
2026-05-17 13:00:00,78360.0,78360.0,78151.0,78208.7,96.3428501
2026-05-17 14:00:00,78208.8,78215.9,77829.5,78043.3,169.37045618
2026-05-17 15:00:00,78043.3,78124.8,77909.5,78041.8,77.83501205
2026-05-17 16:00:00,78041.8,78186.8,78029.7,78034.7,74.14203741
2026-05-17 17:00:00,78034.8,78095.0,77850.2,78088.9,93.75407356
2026-05-17 18:00:00,78089.0,78275.0,78006.6,78271.5,56.96928625
2026-05-17 19:00:00,78271.6,78473.4,78216.8,78412.7,63.41801604
2026-05-17 20:00:00,78412.7,78437.9,78244.7,78274.2,37.45435045
2026-05-17 21:00:00,78274.3,78487.6,78234.7,78403.0,71.63970249
2026-05-17 22:00:00,78402.9,78406.1,77828.5,77998.6,168.30890545
2026-05-17 23:00:00,77998.6,78005.6,76700.6,77455.5,913.47002873
2026-05-18 00:00:00,77453.8,77481.5,76917.8,77206.9,367.36677969
2026-05-18 01:00:00,77207.0,77294.1,76753.4,77123.3,379.13116278
2026-05-18 02:00:00,77123.3,77226.9,76710.5,76837.4,128.24171311
2026-05-18 03:00:00,76838.5,77029.2,76814.0,76930.8,284.14595833
2026-05-18 04:00:00,76930.9,77072.0,76773.5,77041.7,178.51322872
2026-05-18 05:00:00,77041.7,77082.5,76868.6,76916.6,210.61402729
2026-05-18 06:00:00,76916.6,76972.3,76587.8,76915.7,268.58931033
2026-05-18 07:00:00,76915.7,77100.0,76765.4,77086.3,769.07865053
2026-05-18 08:00:00,77086.3,77204.7,76875.2,77031.4,897.23106945
2026-05-18 09:00:00,77031.5,77052.0,76872.5,76933.7,132.97141231
2026-05-18 10:00:00,76933.8,76959.5,76707.7,76768.5,158.751469
2026-05-18 11:00:00,76768.6,77400.0,76669.0,77286.3,262.5746689
2026-05-18 12:00:00,77286.4,77800.0,77284.7,77643.8,398.45531978
2026-05-18 13:00:00,77643.7,77649.4,76689.1,76932.6,1874.69079935
2026-05-18 14:00:00,76935.2,76953.9,76229.2,76396.8,1178.80144029
2026-05-18 15:00:00,76396.9,76487.1,76053.0,76416.1,473.08683388
2026-05-18 16:00:00,76416.1,76671.8,76221.4,76421.5,2090.83658256
2026-05-18 17:00:00,76421.6,76758.5,76369.5,76706.2,292.73545242
2026-05-18 18:00:00,76706.2,76713.7,76143.7,76251.8,373.54498922
2026-05-18 19:00:00,76251.9,77000.0,76229.7,76928.1,268.74260526
2026-05-18 20:00:00,76932.5,77186.1,76875.9,76916.4,117.67901879
2026-05-18 21:00:00,76916.4,77193.9,76801.3,77106.0,211.48446216
2026-05-18 22:00:00,77106.1,77224.8,76938.0,77081.4,189.86974707
2026-05-18 23:00:00,77081.5,77167.9,76940.5,77007.5,61.37539705
2026-05-19 00:00:00,77007.5,77410.9,76951.6,77140.5,204.99431186
2026-05-19 01:00:00,77140.6,77160.9,76659.0,76669.4,230.71427142
2026-05-19 02:00:00,76669.4,76997.0,76475.5,76617.9,148.34528642
2026-05-19 03:00:00,76618.0,76873.0,76584.3,76788.3,91.83904347
2026-05-19 04:00:00,76788.3,76951.8,76701.2,76922.7,402.25307453
2026-05-19 05:00:00,76922.6,77023.9,76636.1,76912.0,744.85887706
2026-05-19 06:00:00,76912.1,77108.0,76885.8,77023.1,349.48340631
2026-05-19 07:00:00,77023.1,77278.5,76967.2,77225.0,1389.09553412
2026-05-19 08:00:00,77225.1,77324.6,76971.4,77053.5,1728.47730331
2026-05-19 09:00:00,77053.6,77075.6,76708.6,76819.4,250.46040501
2026-05-19 10:00:00,76820.2,77102.1,76708.6,77035.9,187.71524444
2026-05-19 11:00:00,77036.0,77082.0,76638.1,76713.4,161.93915662
2026-05-19 12:00:00,76713.5,76985.1,76645.7,76942.4,209.13257267
2026-05-19 13:00:00,76942.4,77058.0,76588.9,76877.2,320.72020686
2026-05-19 14:00:00,76878.4,77017.0,76151.0,76401.3,583.87657637
2026-05-19 15:00:00,76401.4,76691.8,76339.0,76528.5,242.08979
2026-05-19 16:00:00,76529.2,76926.8,76413.6,76898.6,232.18015872
2026-05-19 17:00:00,76898.6,77032.1,76759.6,76851.1,261.32698841
2026-05-19 18:00:00,76851.1,76952.7,76741.8,76802.4,101.2922469
2026-05-19 19:00:00,76800.0,77066.0,76761.1,76820.8,85.64927549
2026-05-19 20:00:00,76820.8,77034.6,76820.8,77020.3,38.7794657
2026-05-19 21:00:00,77020.3,77042.4,76969.4,76982.1,77.50775748
2026-05-19 22:00:00,76982.1,76982.1,76653.6,76712.9,94.53563218
2026-05-19 23:00:00,76713.0,76986.5,76672.4,76838.0,41.83369662
2026-05-20 00:00:00,76838.0,76894.5,76523.3,76792.3,100.6648967
2026-05-20 01:00:00,76793.5,76932.5,76515.5,76818.6,303.69353375
2026-05-20 02:00:00,76818.6,76905.5,76600.0,76688.2,379.83714603
2026-05-20 03:00:00,76688.2,76827.5,76603.6,76720.9,80.73798831
2026-05-20 04:00:00,76722.4,76830.2,76685.0,76778.0,74.22978326
2026-05-20 05:00:00,76778.1,77326.4,76778.1,77196.2,261.31936423
2026-05-20 06:00:00,77196.1,77413.4,77183.6,77407.4,91.10001402
2026-05-20 07:00:00,77408.0,77466.5,77234.0,77275.4,142.14328527
2026-05-20 08:00:00,77275.5,77638.0,77191.8,77452.4,197.90924873
2026-05-20 09:00:00,77452.5,77550.2,77356.6,77480.5,117.57524261
2026-05-20 10:00:00,77480.6,77658.9,77480.6,77507.5,150.77580565
2026-05-20 11:00:00,77507.5,77562.8,77313.0,77378.8,153.81127068
2026-05-20 12:00:00,77378.8,77734.8,77356.6,77621.1,174.73606264
2026-05-20 13:00:00,77621.2,77653.8,76964.7,77209.7,372.39599717
2026-05-20 14:00:00,77209.7,77570.8,76886.3,77450.2,434.45243337
2026-05-20 15:00:00,77450.2,77853.0,77306.3,77458.1,448.55816355
2026-05-20 16:00:00,77458.2,77558.2,77018.7,77339.3,228.83500075
2026-05-20 17:00:00,77335.7,77719.4,77233.5,77569.5,162.93176034
2026-05-20 18:00:00,77569.6,77639.6,77389.2,77415.0,123.42797315
2026-05-20 19:00:00,77415.1,77707.4,77353.0,77675.2,126.33113146
2026-05-20 20:00:00,77675.3,77760.7,77475.0,77717.1,115.96502996
2026-05-20 21:00:00,77717.1,77770.0,77500.0,77501.9,61.25763485
2026-05-20 22:00:00,77502.0,77502.0,77220.3,77499.3,104.3219328
2026-05-20 23:00:00,77499.4,77559.4,77378.3,77550.3,52.02973469
2026-05-21 00:00:00,77550.3,78081.6,77521.0,77959.6,281.20353532
2026-05-21 01:00:00,77959.6,78177.3,77800.1,77863.1,155.93559566
2026-05-21 02:00:00,77863.1,78108.2,77825.0,77956.1,140.06628791
2026-05-21 03:00:00,77956.2,78100.0,77906.8,78075.7,66.22739434
2026-05-21 04:00:00,78075.7,78172.3,77959.6,78042.1,156.12127498
2026-05-21 05:00:00,78042.1,78142.9,77706.8,77829.6,115.99975369
2026-05-21 06:00:00,77829.6,77880.8,77521.9,77622.7,128.36134441
2026-05-21 07:00:00,77622.7,77922.1,77520.7,77893.9,420.93177197
2026-05-21 08:00:00,77894.0,78200.0,77880.9,77920.9,1440.25452823
2026-05-21 09:00:00,77920.9,77979.4,77634.0,77634.1,198.69025132
2026-05-21 10:00:00,77634.1,77685.2,77184.3,77204.9,283.16586033
2026-05-21 11:00:00,77204.9,77380.0,77146.4,77195.6,140.50597937
2026-05-21 12:00:00,77195.6,77380.6,77065.7,77285.5,178.36278712
2026-05-21 13:00:00,77285.5,77362.6,76734.5,77128.8,453.77172594
2026-05-21 14:00:00,77128.9,77249.9,76792.3,76981.1,232.4793225
2026-05-21 15:00:00,76981.1,77407.2,76905.0,77262.8,184.52743195
2026-05-21 16:00:00,77262.8,77354.4,77011.0,77201.0,135.13885032
2026-05-21 17:00:00,77201.1,78100.0,77176.3,77871.2,582.66180759
2026-05-21 18:00:00,77871.1,77925.3,77250.0,77391.4,319.9407402
2026-05-21 19:00:00,77390.1,77800.0,77363.9,77688.4,224.62844672
2026-05-21 20:00:00,77688.4,77805.4,77644.9,77701.9,74.71595709
2026-05-21 21:00:00,77702.0,77814.2,77637.7,77672.9,131.91500806
2026-05-21 22:00:00,77672.8,77750.0,77553.1,77624.5,130.62765927
2026-05-21 23:00:00,77624.5,77746.4,77529.1,77619.7,131.05282148
2026-05-22 00:00:00,77619.7,77631.5,77368.2,77373.6,105.18406579
2026-05-22 01:00:00,77377.3,77671.3,77325.3,77621.4,123.16250599
2026-05-22 02:00:00,77621.4,77741.2,77586.3,77676.8,158.46827745
2026-05-22 03:00:00,77675.7,77809.8,77675.6,77772.7,78.37622214
2026-05-22 04:00:00,77772.8,77900.0,77645.0,77660.1,138.26332747
2026-05-22 05:00:00,77660.0,77736.4,77463.4,77489.6,275.67741549
2026-05-22 06:00:00,77491.2,77530.1,77368.4,77428.7,186.96109771
2026-05-22 07:00:00,77429.2,77553.0,77280.7,77400.2,1207.51757399
2026-05-22 08:00:00,77400.1,77543.9,77204.2,77277.3,1430.48815657
2026-05-22 09:00:00,77277.3,77374.2,77200.6,77311.6,583.04700091
2026-05-22 10:00:00,77311.6,77376.2,77263.1,77326.2,1822.84870591
2026-05-22 11:00:00,77326.1,77440.1,77179.3,77438.7,173.78334812
2026-05-22 12:00:00,77438.7,77592.5,77395.5,77529.3,188.76672862
2026-05-22 13:00:00,77529.4,77557.1,77126.3,77285.7,271.43998421
2026-05-22 14:00:00,77286.0,77286.0,76750.0,76774.7,367.79403528
2026-05-22 15:00:00,76773.5,77035.6,76571.5,76797.4,266.90899605
2026-05-22 16:00:00,76797.4,76999.9,76767.6,76951.3,95.54729744
2026-05-22 17:00:00,76951.3,77099.9,76756.8,76756.9,121.44453207
2026-05-22 18:00:00,76756.8,76900.0,76088.0,76535.7,426.47622554
2026-05-22 19:00:00,76535.8,76588.1,75664.0,75864.5,621.68035681
2026-05-22 20:00:00,75864.4,76081.3,75812.3,75985.1,173.22228779
2026-05-22 21:00:00,75985.1,76081.3,75931.0,75979.1,55.26751849
2026-05-22 22:00:00,75979.1,75988.7,75516.5,75734.3,167.28933267
2026-05-22 23:00:00,75734.3,75880.4,75359.8,75542.2,218.97927503
2026-05-23 00:00:00,75542.3,75637.0,75212.7,75359.0,399.83120406
2026-05-23 01:00:00,75359.1,75500.0,75350.0,75494.8,195.5493087
2026-05-23 02:00:00,75494.8,75590.3,75414.3,75570.6,132.66328994
2026-05-23 03:00:00,75569.7,75667.5,75557.8,75638.9,56.72581339
2026-05-23 04:00:00,75639.0,75648.7,75508.5,75538.3,34.04084778
2026-05-23 05:00:00,75538.4,75557.6,75468.9,75484.2,50.55131993
2026-05-23 06:00:00,75484.3,75500.0,75385.9,75400.8,46.4687448
2026-05-23 07:00:00,75400.8,75440.0,74258.6,74618.0,1368.4105928
2026-05-23 08:00:00,74618.0,74750.0,74351.0,74682.6,421.25276805
2026-05-23 09:00:00,74682.9,74763.7,74615.4,74659.5,100.33655252
2026-05-23 10:00:00,74659.5,74792.7,74659.5,74720.7,101.99820446
2026-05-23 11:00:00,74720.8,74877.7,74711.4,74794.9,81.96966856
2026-05-23 12:00:00,74795.0,74799.7,74660.0,74762.0,52.43622884
2026-05-23 13:00:00,74762.0,75277.5,74752.7,75221.1,217.21488598
2026-05-23 14:00:00,75221.2,75696.0,75109.8,75538.9,203.34852897
2026-05-23 15:00:00,75538.9,75677.9,75400.0,75521.6,148.00498997
2026-05-23 16:00:00,75521.6,75641.5,75407.6,75434.8,104.50166377
2026-05-23 17:00:00,75434.7,75526.0,75367.7,75486.2,68.79755683
2026-05-23 18:00:00,75486.3,75999.4,75467.7,75853.6,187.6019916
2026-05-23 19:00:00,75853.7,76008.0,75779.5,75986.4,142.76730484
2026-05-23 20:00:00,75986.4,77309.8,75942.9,77292.1,612.58604799
2026-05-23 21:00:00,77291.7,77403.2,76538.4,76816.2,322.07722788
2026-05-23 22:00:00,76816.2,76894.6,76400.0,76589.0,161.86497304
2026-05-23 23:00:00,76589.0,76826.3,76533.0,76748.0,136.20785065
2026-05-24 00:00:00,76748.0,76928.5,76633.9,76837.4,85.54644193
2026-05-24 01:00:00,76837.5,76919.9,76758.2,76893.5,73.00239177
2026-05-24 02:00:00,76893.5,76958.9,76708.7,76818.1,59.04959955
2026-05-24 03:00:00,76818.2,77000.0,76720.0,76738.7,108.086468
2026-05-24 04:00:00,76738.7,76852.9,76719.2,76776.1,48.65812913
2026-05-24 05:00:00,76776.0,76855.0,76641.9,76813.3,46.35873165
2026-05-24 06:00:00,76813.3,77064.7,76710.6,76990.5,85.88435864
2026-05-24 07:00:00,76990.5,77024.7,76774.9,76794.3,340.19452774
2026-05-24 08:00:00,76794.3,76861.2,76727.6,76828.5,132.31562307
2026-05-24 09:00:00,76828.6,77041.6,76811.9,77021.7,122.64641762
2026-05-24 10:00:00,77021.7,77529.3,76920.9,77190.1,379.37062504
2026-05-24 11:00:00,77190.1,77352.5,77182.5,77317.6,103.70933671
2026-05-24 12:00:00,77317.7,77325.3,77041.2,77116.3,137.43857423
2026-05-24 13:00:00,77116.4,77123.9,76689.3,76801.8,158.11067049
2026-05-24 14:00:00,76801.8,76844.7,76200.0,76464.3,312.30273323
2026-05-24 15:00:00,76464.4,76545.4,76358.9,76377.7,105.46492809
2026-05-24 16:00:00,76377.8,76742.7,76373.0,76678.0,147.02715619
2026-05-24 17:00:00,76678.0,76790.7,76556.3,76689.2,74.30141659
2026-05-24 18:00:00,76689.3,76790.2,76597.4,76665.5,46.33109739
2026-05-24 19:00:00,76665.6,76786.2,76609.9,76773.3,67.67814739
2026-05-24 20:00:00,76774.6,76794.1,76598.0,76670.1,88.65204072
2026-05-24 21:00:00,76670.2,76748.5,76109.7,76145.4,179.55298544
2026-05-24 22:00:00,76147.3,77028.1,76132.7,76807.7,232.26099157
2026-05-24 23:00:00,76807.8,77231.0,76805.2,77072.3,190.50040165
2026-05-25 00:00:00,77072.3,77300.0,77072.3,77162.6,112.548612
2026-05-25 01:00:00,77162.7,77252.3,76915.8,76940.5,177.1738278
2026-05-25 02:00:00,76940.6,77485.0,76940.6,77106.0,163.6722247
2026-05-25 03:00:00,77106.0,77174.0,77007.7,77030.2,154.78547347
2026-05-25 04:00:00,77030.3,77459.6,77000.0,77396.7,164.99428152
2026-05-25 05:00:00,77398.1,77500.0,77326.1,77414.3,165.99548031
2026-05-25 06:00:00,77414.2,77660.4,77226.8,77426.1,228.87881431
2026-05-25 07:00:00,77426.2,77528.4,77186.1,77400.0,354.57057774
2026-05-25 08:00:00,77400.0,77471.1,77274.9,77456.5,92.80709488
2026-05-25 09:00:00,77456.5,77698.0,77421.1,77600.1,176.50535487
2026-05-25 10:00:00,77600.1,77681.8,77488.5,77546.0,114.5165194
2026-05-25 11:00:00,77546.0,77546.1,77329.5,77358.8,75.15106547
2026-05-25 12:00:00,77358.9,77446.6,77276.4,77358.8,114.95253922
2026-05-25 13:00:00,77358.8,77456.4,77289.1,77340.8,58.20458267
2026-05-25 14:00:00,77340.9,77777.7,77310.5,77717.9,214.62776553
2026-05-25 15:00:00,77717.9,77906.8,77562.5,77629.0,181.45102967
2026-05-25 16:00:00,77629.0,77814.2,77515.0,77739.3,94.53583873
2026-05-25 17:00:00,77739.3,77814.3,77557.0,77562.8,92.94820804
2026-05-25 18:00:00,77562.8,77663.8,77545.0,77547.4,22.9964117
2026-05-25 19:00:00,77547.5,77549.7,77355.3,77440.2,59.08333398
2026-05-25 20:00:00,77440.2,77509.1,77222.2,77284.4,71.56384175
2026-05-25 21:00:00,77284.4,77400.1,77280.0,77372.4,50.4883991
2026-05-25 22:00:00,77372.5,77454.0,77039.6,77125.3,152.89870445
2026-05-25 23:00:00,77125.4,77376.2,77079.5,77325.7,53.09875216
2026-05-26 00:00:00,77325.8,77355.3,76567.7,76788.9,207.44477604
2026-05-26 01:00:00,76789.0,76892.5,76577.4,76755.8,150.19435221
2026-05-26 02:00:00,76755.9,76819.5,76511.3,76670.1,132.1812245
2026-05-26 03:00:00,76670.0,76714.0,76473.0,76665.4,92.34316669
2026-05-26 04:00:00,76665.4,76824.1,76606.8,76750.4,127.15896162
2026-05-26 05:00:00,76750.5,76984.2,76707.1,76923.2,137.74091414
2026-05-26 06:00:00,76922.5,77069.9,76773.1,76906.7,114.93466449
2026-05-26 07:00:00,76906.7,76924.2,76607.8,76732.8,205.55148263
2026-05-26 08:00:00,76732.9,76856.1,76695.2,76726.3,97.70570573
2026-05-26 09:00:00,76726.3,76809.4,76645.1,76679.0,134.31703709
2026-05-26 10:00:00,76679.1,77626.4,76588.2,77439.4,368.79110937
2026-05-26 11:00:00,77437.1,77512.5,77176.0,77192.0,126.66349227
2026-05-26 12:00:00,77192.0,77238.9,76890.0,77139.6,156.80747248
2026-05-26 13:00:00,77139.7,77477.0,76694.5,77237.9,306.93690042
2026-05-26 14:00:00,77237.8,78084.5,76726.3,76905.8,1139.34106858
2026-05-26 15:00:00,76905.8,77014.3,76267.3,76519.3,608.78127373
2026-05-26 16:00:00,76519.4,76720.1,76205.2,76556.5,356.88005498
2026-05-26 17:00:00,76556.5,76649.5,75855.6,75931.4,645.96167168
2026-05-26 18:00:00,75931.4,76276.6,75777.0,75847.0,298.09366407
2026-05-26 19:00:00,75847.1,76097.5,75808.0,76055.7,194.13486705
2026-05-26 20:00:00,76055.7,76180.5,75990.5,76107.2,101.56753534
2026-05-26 21:00:00,76107.3,76121.3,75851.8,75899.1,96.52722658
2026-05-26 22:00:00,75899.2,76006.1,75680.6,75751.7,128.13168596
2026-05-26 23:00:00,75751.7,75993.8,75751.7,75942.0,80.85543793
2026-05-27 00:00:00,75942.0,76089.7,75883.4,76088.1,114.11351511
2026-05-27 01:00:00,76088.1,76105.1,75822.4,75874.0,107.94412765
2026-05-27 02:00:00,75874.1,75899.8,75687.0,75876.9,83.83943814
2026-05-27 03:00:00,75876.9,75970.4,75606.7,75673.6,112.19392752
2026-05-27 04:00:00,75673.7,75707.9,75314.3,75575.4,199.76324635
2026-05-27 05:00:00,75575.4,75738.0,75575.0,75699.5,74.46288129
2026-05-27 06:00:00,75699.5,75900.0,75683.3,75839.4,98.93447356
2026-05-27 07:00:00,75839.5,75995.0,75759.8,75995.0,241.45136872
2026-05-27 08:00:00,75995.1,76074.9,75842.0,75874.8,185.78067215
2026-05-27 09:00:00,75874.8,75979.9,75714.9,75911.7,91.10565655
2026-05-27 10:00:00,75911.7,76037.8,75872.5,75898.3,72.23916676
2026-05-27 11:00:00,75898.2,76031.7,75757.5,75774.2,116.66604551
2026-05-27 12:00:00,75775.9,76181.9,75578.0,75682.9,210.30450896
2026-05-27 13:00:00,75682.9,75768.2,74880.1,75083.2,771.00718919
2026-05-27 14:00:00,75083.2,75274.9,74772.3,75043.6,560.0361236
2026-05-27 15:00:00,75043.7,75507.2,74987.2,75335.3,244.9658196
2026-05-27 16:00:00,75335.4,75414.2,75001.4,75305.0,147.65085549
2026-05-27 17:00:00,75305.1,75350.0,74691.3,74869.3,220.89936128
2026-05-27 18:00:00,74869.4,75035.9,74666.0,75032.3,162.30269986
2026-05-27 19:00:00,75032.3,75106.8,74954.6,75075.0,121.43306325
2026-05-27 20:00:00,75074.9,75420.8,75055.1,75280.1,92.56354172
2026-05-27 21:00:00,75280.1,75280.1,74347.2,74477.7,286.35945811
2026-05-27 22:00:00,74479.2,74776.0,74274.1,74426.1,235.6947671
2026-05-27 23:00:00,74426.2,74571.4,74250.5,74451.1,219.10145673
2026-05-28 00:00:00,74451.0,74587.0,74366.6,74569.5,113.12212189
2026-05-28 01:00:00,74569.6,74589.7,74162.2,74342.6,317.85898568
2026-05-28 02:00:00,74342.9,74404.0,74113.5,74287.0,149.03901116
2026-05-28 03:00:00,74287.1,74379.0,73075.0,73266.3,1262.44313818
2026-05-28 04:00:00,73266.3,73274.8,72736.3,73186.8,756.06269113
2026-05-28 05:00:00,73186.9,73186.9,72916.7,72996.1,203.37568021
2026-05-28 06:00:00,72996.1,73211.5,72761.5,73203.3,229.40599783
2026-05-28 07:00:00,73207.6,73522.0,73156.6,73504.0,625.93135752
2026-05-28 08:00:00,73504.0,73517.0,73211.0,73327.1,164.85285951
2026-05-28 09:00:00,73327.2,73567.3,73262.8,73543.1,215.48892724
2026-05-28 10:00:00,73543.1,73620.3,73354.4,73400.6,98.12169325
2026-05-28 11:00:00,73400.6,73540.4,73322.1,73508.8,107.33261472
2026-05-28 12:00:00,73508.9,73582.0,73250.2,73527.9,168.35278941
2026-05-28 13:00:00,73527.9,73582.4,72772.3,73023.4,438.81777636
2026-05-28 14:00:00,73023.5,73575.7,72584.1,73035.5,761.54075073
2026-05-28 15:00:00,73035.5,73182.9,72702.7,72930.9,312.55392537
2026-05-28 16:00:00,72930.4,73444.0,72740.6,73444.0,367.98295635
2026-05-28 17:00:00,73444.0,73741.0,73314.2,73550.0,314.37086261
2026-05-28 18:00:00,73550.1,73749.8,73504.5,73654.4,115.64538279
2026-05-28 19:00:00,73654.4,73654.4,73383.9,73420.2,177.00819303
2026-05-28 20:00:00,73425.6,73728.0,73245.4,73581.6,243.94681924
2026-05-28 21:00:00,73581.6,73927.5,73563.0,73829.7,139.97718197
2026-05-28 22:00:00,73829.8,73944.6,73448.1,73465.9,166.79546498
2026-05-28 23:00:00,73466.0,73726.2,73465.9,73621.8,75.61543574
2026-05-29 00:00:00,73621.9,73856.0,73619.9,73720.0,166.6116757
2026-05-29 01:00:00,73720.1,73873.2,73463.1,73589.1,97.24845851
2026-05-29 02:00:00,73589.2,73652.4,73191.9,73222.3,153.89837757
2026-05-29 03:00:00,73222.4,73454.9,73222.4,73304.2,102.33071358
2026-05-29 04:00:00,73304.2,73508.2,73209.0,73500.7,102.1425305
2026-05-29 05:00:00,73500.7,73718.8,73481.2,73701.7,137.69732371
2026-05-29 06:00:00,73701.2,73932.0,73634.0,73787.4,144.20271732
2026-05-29 07:00:00,73787.5,73823.5,73374.6,73526.1,789.46391513
2026-05-29 08:00:00,73526.2,73833.0,73525.0,73654.1,204.66714055
2026-05-29 09:00:00,73654.1,73909.3,73647.6,73739.0,218.58484853
2026-05-29 10:00:00,73739.0,73743.9,73583.9,73630.6,96.35328797
2026-05-29 11:00:00,73630.5,73700.0,73344.8,73482.1,87.02007006
2026-05-29 12:00:00,73482.1,73482.1,73202.6,73299.2,123.19030143
2026-05-29 13:00:00,73299.3,73349.2,72905.0,73146.2,286.2604116
2026-05-29 14:00:00,73147.7,73206.6,72508.0,73093.9,417.26216218
2026-05-29 15:00:00,73093.9,74195.6,73009.5,73805.7,809.29297617
2026-05-29 16:00:00,73804.4,74115.8,73533.2,74054.3,572.79227334
2026-05-29 17:00:00,74054.4,74335.0,73916.0,73978.5,544.38171251
2026-05-29 18:00:00,73982.5,74068.9,73190.0,73373.4,415.59890171
2026-05-29 19:00:00,73373.5,73729.9,73243.2,73521.2,147.22368363
2026-05-29 20:00:00,73520.5,73758.2,73510.6,73673.7,64.61642175
2026-05-29 21:00:00,73673.7,73857.6,73409.4,73417.1,81.21133379
2026-05-29 22:00:00,73417.2,73574.7,73380.1,73483.5,73.33543842
2026-05-29 23:00:00,73483.6,73513.2,73313.6,73468.4,73.56471097
2026-05-30 00:00:00,73468.5,73580.1,73409.9,73502.3,67.85206049
2026-05-30 01:00:00,73502.3,73666.6,73466.8,73660.3,39.69332468
2026-05-30 02:00:00,73660.4,73790.0,73610.4,73788.7,412.25663373
2026-05-30 03:00:00,73788.8,73800.0,73509.9,73510.5,713.78194635
2026-05-30 04:00:00,73510.5,73565.8,73185.0,73386.9,1540.83392882
2026-05-30 05:00:00,73387.0,73637.2,73332.5,73598.1,596.46934285
2026-05-30 06:00:00,73598.2,73709.3,73516.6,73573.0,59.19782103
2026-05-30 07:00:00,73573.0,73583.6,73478.7,73545.0,69.43980192
2026-05-30 08:00:00,73545.0,73554.9,73499.5,73515.7,66.56505709
2026-05-30 09:00:00,73515.7,73616.9,73499.0,73604.4,88.02519226
2026-05-30 10:00:00,73604.5,73682.6,73585.1,73651.6,53.94808868
2026-05-30 11:00:00,73651.7,73651.7,73561.9,73600.6,51.966072
2026-05-30 12:00:00,73600.7,73719.3,73591.6,73690.6,78.26740642
2026-05-30 13:00:00,73690.6,73844.4,73668.3,73838.0,196.26270646
2026-05-30 14:00:00,73838.0,74112.9,73825.7,73928.4,1998.66367188
2026-05-30 15:00:00,73928.4,74053.4,73838.6,73929.4,146.33142422
2026-05-30 16:00:00,73929.5,73981.6,73878.7,73938.6,60.36194839
2026-05-30 17:00:00,73938.6,74030.2,73814.5,74019.3,99.99393058
2026-05-30 18:00:00,74019.3,74140.0,73939.0,74045.7,65.31726491
2026-05-30 19:00:00,74045.7,74071.7,73967.5,74012.6,40.7351991
2026-05-30 20:00:00,74012.7,74022.1,73919.0,73978.3,71.49284457
2026-05-30 21:00:00,73978.3,74049.1,73926.4,73985.4,59.47427466
2026-05-30 22:00:00,73986.0,73986.0,73789.1,73872.7,47.16612243
2026-05-30 23:00:00,73872.8,73992.5,73781.9,73883.2,67.65341216
2026-05-31 00:00:00,73883.2,74038.1,73852.6,74035.5,51.88798918
2026-05-31 01:00:00,74035.6,74276.6,74022.0,74057.8,868.61847049
2026-05-31 02:00:00,74057.9,74248.2,73888.2,74091.1,148.57472027
2026-05-31 03:00:00,74091.1,74224.0,74063.0,74144.3,54.53186717
2026-05-31 04:00:00,74144.3,74222.0,74100.6,74171.8,40.86163799
2026-05-31 05:00:00,74171.8,74209.8,74057.4,74057.8,40.65563576
2026-05-31 06:00:00,74057.5,74104.0,73981.0,74057.7,33.56856727
2026-05-31 07:00:00,74057.7,74057.7,73824.3,73853.6,566.84450577
2026-05-31 08:00:00,73853.7,73977.8,73841.3,73939.6,411.27603035
2026-05-31 09:00:00,73939.9,74027.2,73810.0,73844.4,88.56307312
2026-05-31 10:00:00,73844.5,73900.0,73729.4,73899.6,71.37789413
2026-05-31 11:00:00,73899.7,73977.1,73893.4,73939.6,45.68131255
2026-05-31 12:00:00,73938.2,73998.5,73872.0,73919.9,206.77760071
2026-05-31 13:00:00,73920.0,74027.8,73807.6,73874.3,44.17750291
2026-05-31 14:00:00,73874.4,73874.4,73508.4,73601.1,355.84960408
2026-05-31 15:00:00,73601.1,73784.4,73586.1,73651.9,56.19714007
2026-05-31 16:00:00,73651.9,73746.2,73402.1,73531.1,111.77105531
2026-05-31 17:00:00,73531.1,73740.8,73461.7,73712.1,29.19044647
2026-05-31 18:00:00,73713.0,73719.9,73582.7,73614.7,41.87624457
2026-05-31 19:00:00,73613.7,73652.0,73450.1,73557.5,45.7145988
2026-05-31 20:00:00,73557.6,73770.7,73557.6,73750.9,68.4462956
2026-05-31 21:00:00,73751.0,73927.5,73626.4,73893.8,99.53790437
2026-05-31 22:00:00,73892.6,73999.0,73687.5,73943.9,81.61933857
2026-05-31 23:00:00,73943.9,74210.9,73503.5,73681.6,248.64628097
2026-06-01 00:00:00,73681.7,74097.6,73651.8,73882.7,128.73575272
2026-06-01 01:00:00,73882.8,73914.9,73285.7,73298.2,238.67889288
2026-06-01 02:00:00,73298.2,73885.1,73221.5,73787.8,133.32211211
2026-06-01 03:00:00,73787.8,74020.2,73726.8,73762.2,168.01165438
2026-06-01 04:00:00,73762.3,73838.9,73345.6,73521.3,95.38171814
2026-06-01 05:00:00,73521.3,73535.4,73323.5,73346.9,121.77849219
2026-06-01 06:00:00,73347.0,73370.9,72964.9,73136.9,261.5868153
2026-06-01 07:00:00,73136.9,73202.0,72706.7,72805.7,346.53935917
2026-06-01 08:00:00,72805.6,72925.7,72621.6,72903.5,293.55906275
2026-06-01 09:00:00,72903.5,73099.8,72823.5,72888.2,287.94765558
2026-06-01 10:00:00,72890.0,72907.6,72595.5,72755.5,208.12336671
2026-06-01 11:00:00,72755.6,72770.5,72288.0,72481.2,395.02056207
2026-06-01 12:00:00,72481.2,72608.6,71913.3,72216.0,635.20314603
2026-06-01 13:00:00,72216.1,72234.4,71384.4,71712.1,981.75456726
2026-06-01 14:00:00,71712.1,71895.7,71420.0,71577.1,686.52197313
2026-06-01 15:00:00,71577.1,71685.0,71070.6,71130.6,668.8339852
2026-06-01 16:00:00,71130.6,71600.0,70688.0,71563.0,660.22511821
2026-06-01 17:00:00,71563.0,71808.4,71470.1,71648.2,268.98210903
2026-06-01 18:00:00,71648.2,71694.1,71381.1,71499.8,130.57410154
2026-06-01 19:00:00,71499.9,71674.1,71387.5,71599.2,124.55847484
2026-06-01 20:00:00,71596.0,71700.0,71419.3,71448.6,72.94624892
2026-06-01 21:00:00,71448.7,71455.6,70948.4,71036.9,161.88282009
2026-06-01 22:00:00,71036.9,71466.7,70829.3,71414.5,192.73144929
2026-06-01 23:00:00,71414.6,71598.8,71229.8,71415.0,147.54210751
2026-06-02 00:00:00,71417.3,71417.4,71100.1,71295.9,439.3299441
2026-06-02 01:00:00,71295.9,71392.9,70611.0,70669.0,1088.45672048
2026-06-02 02:00:00,70668.9,70878.5,70103.3,70843.4,1384.40187383
2026-06-02 03:00:00,70843.4,71044.4,70795.6,70950.6,256.32168517
2026-06-02 04:00:00,70950.5,71042.4,70720.0,70812.0,156.0189809
2026-06-02 05:00:00,70812.0,70845.6,70263.3,70270.8,284.71745056
2026-06-02 06:00:00,70270.9,70446.4,69952.5,70110.7,876.53870979
2026-06-02 07:00:00,70110.7,70276.9,69736.0,70123.1,1006.76149645
2026-06-02 08:00:00,70123.1,70187.2,69711.7,69826.0,302.56269799
2026-06-02 09:00:00,69827.5,69852.2,69327.2,69429.1,414.03380006
2026-06-02 10:00:00,69429.1,69754.4,69358.8,69650.2,236.68850514
2026-06-02 11:00:00,69650.1,69665.2,69390.9,69457.8,179.12424437
2026-06-02 12:00:00,69457.7,69546.7,69000.0,69017.3,1010.5895901
2026-06-02 13:00:00,69017.4,69180.4,68760.2,68813.3,812.32890955
2026-06-02 14:00:00,68815.6,68836.9,67621.0,68024.6,1611.41657177
2026-06-02 15:00:00,68024.6,68098.4,67082.0,67303.0,1159.50335478
2026-06-02 16:00:00,67303.0,68141.0,67225.1,67420.2,649.8547339
2026-06-02 17:00:00,67420.2,67847.7,67383.0,67488.0,299.90446064
2026-06-02 18:00:00,67488.0,67660.6,67117.7,67330.4,271.5468862
2026-06-02 19:00:00,67330.4,67499.9,66402.8,67330.0,943.36862407
2026-06-02 20:00:00,67322.1,67684.3,66913.1,67588.1,308.29760091
2026-06-02 21:00:00,67588.2,67923.9,67404.9,67569.1,243.49749784
2026-06-02 22:00:00,67569.2,67569.2,66234.0,66389.8,671.07420219
2026-06-02 23:00:00,66391.2,66872.6,66201.3,66757.5,632.25886482
2026-06-03 00:00:00,66757.5,67202.9,66650.4,66936.8,413.72963791
2026-06-03 01:00:00,66936.8,67050.3,66455.2,66910.5,642.07735612
2026-06-03 02:00:00,66910.5,66935.7,66578.8,66613.2,274.22195207
2026-06-03 03:00:00,66613.3,66662.0,65450.0,65855.1,868.9240604
2026-06-03 04:00:00,65855.1,66625.5,65830.6,66462.5,403.22226137
2026-06-03 05:00:00,66462.5,67401.0,66462.5,67326.0,505.23362367
2026-06-03 06:00:00,67325.9,67508.6,66958.9,66976.0,319.23575374
2026-06-03 07:00:00,66976.0,67333.3,66869.9,67221.9,591.04688977
2026-06-03 08:00:00,67221.1,67262.9,66966.6,67024.8,308.59368267
2026-06-03 09:00:00,67024.9,67320.0,66653.4,67069.1,444.40808319
2026-06-03 10:00:00,67069.2,67477.5,67051.5,67294.8,270.57221538
2026-06-03 11:00:00,67294.8,67367.3,67055.1,67062.7,153.01828648
2026-06-03 12:00:00,67062.7,67157.6,66784.3,67079.7,232.94024227
2026-06-03 13:00:00,67079.8,67250.0,66635.2,66902.0,432.77451538
2026-06-03 14:00:00,66902.0,66998.8,66651.8,66865.7,225.86671235
2026-06-03 15:00:00,66865.8,66896.9,66077.0,66077.1,614.06317286
2026-06-03 16:00:00,66077.1,66374.9,65555.0,66066.7,671.42689964
2026-06-03 17:00:00,66066.8,66198.0,65704.8,65969.4,238.69896539
2026-06-03 18:00:00,65969.5,66163.1,65741.4,66033.8,266.49831549
2026-06-03 19:00:00,66035.8,66069.5,65249.3,65459.0,501.62678626
2026-06-03 20:00:00,65458.7,65606.6,64730.1,65002.9,961.72282719
2026-06-03 21:00:00,65003.0,65854.6,64950.9,65771.2,382.13464556
2026-06-03 22:00:00,65771.2,65840.0,64778.8,64918.3,633.6301174
2026-06-03 23:00:00,64917.9,64982.7,64088.3,64146.3,684.09903038
2026-06-04 00:00:00,64147.8,64426.2,63000.0,63350.0,1295.4684887
2026-06-04 01:00:00,63350.0,63504.3,62112.5,62180.9,1529.26597184
2026-06-04 02:00:00,62187.0,63623.0,61365.0,63227.1,2234.09254911
2026-06-04 03:00:00,63227.3,64530.0,63218.2,64365.6,1232.26039844
2026-06-04 04:00:00,64365.7,64760.8,64261.9,64398.5,541.848282
2026-06-04 05:00:00,64398.5,64398.5,63643.1,63954.9,667.65438158
2026-06-04 06:00:00,63954.2,64488.3,63888.0,64034.9,359.88039388
2026-06-04 07:00:00,64036.8,64070.2,63472.8,63604.6,786.13246407
2026-06-04 08:00:00,63604.6,63905.5,63247.5,63628.4,562.55436585
2026-06-04 09:00:00,63628.5,63652.8,62715.3,63275.1,546.66067005
2026-06-04 10:00:00,63275.2,63285.0,62300.0,62425.2,1022.47800705
2026-06-04 11:00:00,62425.2,62839.8,62191.6,62545.3,613.42512679
2026-06-04 12:00:00,62545.3,63973.0,62384.8,63767.0,730.36207426
2026-06-04 13:00:00,63767.0,64244.6,63062.1,64228.5,860.49850967
2026-06-04 14:00:00,64228.5,64488.7,63775.2,63953.6,567.35597994
2026-06-04 15:00:00,63953.7,64400.0,63648.6,63893.4,475.43690941
2026-06-04 16:00:00,63893.4,63926.4,63448.9,63566.0,295.7267943
2026-06-04 17:00:00,63566.1,63725.6,62941.3,63536.6,446.90577163
2026-06-04 18:00:00,63536.6,64109.6,63144.7,63818.6,677.95096332
2026-06-04 19:00:00,63818.6,64160.0,63534.8,63626.6,264.61597596
2026-06-04 20:00:00,63626.5,63656.9,63186.3,63635.4,248.48344342
2026-06-04 21:00:00,63635.4,63894.5,63100.7,63286.9,222.36435786
2026-06-04 22:00:00,63286.8,63775.3,63200.1,63734.1,333.57750891
2026-06-04 23:00:00,63732.6,63923.5,63375.7,63889.1,167.93390786
2026-06-05 00:00:00,63889.0,63981.9,63393.8,63428.9,356.75117362
2026-06-05 01:00:00,63427.3,63568.8,63055.7,63376.2,424.47115002
2026-06-05 02:00:00,63376.2,63449.7,62600.0,62626.1,459.02598291
2026-06-05 03:00:00,62626.1,62892.9,62339.0,62739.2,425.91526021
2026-06-05 04:00:00,62741.5,63654.4,62483.7,63623.1,371.87391413
2026-06-05 05:00:00,63623.2,63692.9,62275.0,62333.8,527.51698952
2026-06-05 06:00:00,62333.7,62646.2,61128.1,61945.8,1926.2826779
2026-06-05 07:00:00,61945.8,63119.2,61380.1,63110.4,1380.92575524
2026-06-05 08:00:00,63116.7,63131.1,62287.0,62456.2,413.00868641
2026-06-05 09:00:00,62456.3,63260.0,62440.0,62864.6,326.7852707
2026-06-05 10:00:00,62864.6,62937.8,62378.4,62534.0,201.93703891
2026-06-05 11:00:00,62533.3,62645.6,61964.4,61964.4,346.53096531
2026-06-05 12:00:00,61964.4,62456.8,61625.1,61969.2,440.14335526
2026-06-05 13:00:00,61969.2,62329.9,60730.3,60731.1,937.03037301
2026-06-05 14:00:00,60731.2,61224.1,60301.0,60860.8,2522.53787617
2026-06-05 15:00:00,60860.8,61124.9,60050.0,60430.7,1243.09972376
2026-06-05 16:00:00,60430.7,61554.3,59780.0,61398.0,2491.53750416
2026-06-05 17:00:00,61397.9,61513.7,60657.9,60818.8,467.95054224
2026-06-05 18:00:00,60818.9,60955.3,59138.9,59398.1,1382.80682394
2026-06-05 19:00:00,59398.1,60457.4,59111.2,60300.0,950.66130229
2026-06-05 20:00:00,60305.6,61793.6,59937.2,61619.1,1067.66282083
2026-06-05 21:00:00,61615.3,61998.9,61444.6,61668.8,784.77746573
2026-06-05 22:00:00,61667.5,61966.2,61208.0,61586.8,1217.50055197
2026-06-05 23:00:00,61586.8,61782.3,60514.8,61055.5,676.1699245
2026-06-06 00:00:00,61058.4,61527.5,61047.7,61274.7,252.74827059
2026-06-06 01:00:00,61275.7,61382.2,60953.0,61060.1,167.36938742
2026-06-06 02:00:00,61060.1,61181.8,60675.7,60950.1,174.17438928
2026-06-06 03:00:00,60950.1,60971.7,60521.7,60689.9,318.0582078
2026-06-06 04:00:00,60690.0,60873.1,59491.0,60098.0,907.60200911
2026-06-06 05:00:00,60100.0,61083.5,59620.0,60948.0,867.35961536
2026-06-06 06:00:00,60948.0,61288.7,60684.8,60790.1,324.40132356
2026-06-06 07:00:00,60790.8,61227.7,60726.0,61009.8,410.57051461
2026-06-06 08:00:00,61009.9,61497.8,60884.4,61267.7,358.69600412
2026-06-06 09:00:00,61267.7,61321.6,60884.7,60977.8,180.31987958
2026-06-06 10:00:00,60977.9,60985.3,60200.8,60587.0,615.2728577
2026-06-06 11:00:00,60586.4,60973.0,60552.6,60805.0,204.04062054
2026-06-06 12:00:00,60805.1,61204.6,60635.0,61039.1,319.58633542
2026-06-06 13:00:00,61039.2,61106.2,60708.7,60809.7,153.49824655
2026-06-06 14:00:00,60809.8,61022.9,60768.3,60797.8,155.79639978
2026-06-06 15:00:00,60797.9,60930.0,60400.1,60777.2,379.95574894
2026-06-06 16:00:00,60777.2,60972.6,60466.4,60782.6,325.70565782
2026-06-06 17:00:00,60782.7,60849.9,60505.9,60583.3,217.76069206
2026-06-06 18:00:00,60583.4,60749.9,60401.9,60637.8,174.66757451
2026-06-06 19:00:00,60637.9,60787.6,60534.0,60600.2,90.92199793
2026-06-06 20:00:00,60600.1,60759.2,60518.4,60714.3,111.53402984
2026-06-06 21:00:00,60714.5,60999.9,60704.7,60755.4,134.58392257
2026-06-06 22:00:00,60755.4,60823.0,60434.0,60542.9,187.24355891
2026-06-06 23:00:00,60542.9,60949.3,60542.9,60885.3,164.08256342
2026-06-07 00:00:00,60885.4,60988.6,60750.0,60787.1,97.15113866
2026-06-07 01:00:00,60787.0,61664.4,60756.6,61475.0,453.37609157
2026-06-07 02:00:00,61473.8,61566.3,61180.8,61500.7,161.49849731
2026-06-07 03:00:00,61500.7,61772.3,61410.2,61700.1,214.7871807
2026-06-07 04:00:00,61700.1,61902.5,61484.7,61886.0,186.54533832
2026-06-07 05:00:00,61886.0,62178.7,61650.0,61745.7,440.73171977
2026-06-07 06:00:00,61745.7,62278.4,61606.0,62102.0,339.09386346
2026-06-07 07:00:00,62102.0,62408.1,61989.2,62400.1,313.66023668
2026-06-07 08:00:00,62400.2,62961.2,62257.2,62857.1,563.22777656
2026-06-07 09:00:00,62853.4,62909.0,62412.3,62539.7,356.91961029
2026-06-07 10:00:00,62539.8,62581.7,62293.7,62379.7,264.05002574
2026-06-07 11:00:00,62379.8,62759.8,62362.6,62634.1,199.31134307
2026-06-07 12:00:00,62631.7,62649.5,61576.1,61902.5,736.66752256
2026-06-07 13:00:00,61901.3,61913.2,61658.5,61705.9,200.19916608
2026-06-07 14:00:00,61706.0,62326.4,61705.9,61906.1,363.38290306
2026-06-07 15:00:00,61905.7,62215.4,61677.0,62099.2,202.41421796
2026-06-07 16:00:00,62100.0,62336.3,61965.3,62080.6,126.32072492
2026-06-07 17:00:00,62080.7,62327.6,62041.0,62156.3,162.46809902
2026-06-07 18:00:00,62156.3,62291.2,62018.0,62028.3,87.39316376
2026-06-07 19:00:00,62028.4,62038.7,61185.0,61334.9,423.85633204
2026-06-07 20:00:00,61334.9,61971.7,61220.2,61871.1,237.26818861
2026-06-07 21:00:00,61871.1,62021.9,61650.1,61786.3,145.40342659
2026-06-07 22:00:00,61787.4,64381.9,61728.1,62871.7,1781.70852489
2026-06-07 23:00:00,62865.4,63464.2,62806.1,63331.3,293.23006572
2026-06-08 00:00:00,63337.0,63868.0,63156.6,63636.6,353.5772384
2026-06-08 01:00:00,63636.4,63656.4,62729.4,63222.5,381.93925889
2026-06-08 02:00:00,63222.6,63270.0,62920.0,63125.2,194.7830804
2026-06-08 03:00:00,63125.3,63484.1,62981.5,63134.5,209.75419341
2026-06-08 04:00:00,63134.5,63178.2,62658.6,62687.4,194.66134387
2026-06-08 05:00:00,62687.5,62831.5,62412.7,62766.9,245.91561262
2026-06-08 06:00:00,62766.9,63149.2,62734.5,62995.7,233.09911411
2026-06-08 07:00:00,62997.7,63349.6,62818.2,63290.5,227.09343836
2026-06-08 08:00:00,63290.5,63290.5,62995.3,63135.7,138.8667418
2026-06-08 09:00:00,63135.7,63580.9,63126.4,63503.4,248.09336674
2026-06-08 10:00:00,63503.4,63558.2,63100.0,63157.2,312.21784398
2026-06-08 11:00:00,63157.3,63879.4,63050.0,63481.8,400.01810934
2026-06-08 12:00:00,63481.9,63938.8,62705.1,63869.0,801.58276278
2026-06-08 13:00:00,63869.0,63945.2,63355.0,63754.7,420.89764654
2026-06-08 14:00:00,63754.8,64094.4,63567.7,63967.9,529.38687456
2026-06-08 15:00:00,63968.0,64218.6,63706.1,63774.8,459.13901472
2026-06-08 16:00:00,63774.9,64046.6,63466.6,63525.4,361.35640417
2026-06-08 17:00:00,63525.5,63653.1,63274.3,63551.9,290.61334762
2026-06-08 18:00:00,63552.0,63690.0,63343.5,63472.6,112.23610959
2026-06-08 19:00:00,63472.7,63599.9,63350.0,63374.1,136.51358208
2026-06-08 20:00:00,63374.2,63491.1,63159.4,63491.1,235.7823696
2026-06-08 21:00:00,63491.3,63854.4,63484.1,63720.8,185.41460081
2026-06-08 22:00:00,63720.8,63720.8,63216.6,63448.0,138.40559431
2026-06-08 23:00:00,63448.1,63599.4,62983.0,63093.2,212.7363798
2026-06-09 00:00:00,63092.0,63192.0,62428.0,62559.4,702.8499877
2026-06-09 01:00:00,62558.5,62881.3,62550.6,62766.1,176.06214818
2026-06-09 02:00:00,62766.1,62872.2,62545.4,62872.0,137.30795957
2026-06-09 03:00:00,62872.2,62975.0,62702.7,62875.8,90.30849731
2026-06-09 04:00:00,62875.9,63422.9,62750.9,63243.2,302.13085456
2026-06-09 05:00:00,63243.2,63523.8,63114.2,63344.2,156.08808672
2026-06-09 06:00:00,63344.2,63500.0,63235.9,63300.0,174.83566605
2026-06-09 07:00:00,63300.0,63439.6,63010.1,63198.5,264.61930072
2026-06-09 08:00:00,63198.5,63213.3,62781.8,62853.1,385.14215059
2026-06-09 09:00:00,62853.2,62952.8,62600.0,62724.9,237.01201568
2026-06-09 10:00:00,62724.9,62844.4,62609.5,62787.7,175.00103654
2026-06-09 11:00:00,62787.7,62815.0,62500.0,62712.1,304.52524076
2026-06-09 12:00:00,62712.0,62899.0,62435.8,62639.0,785.56359357
2026-06-09 13:00:00,62639.4,62735.6,62150.0,62274.7,535.37282584
2026-06-09 14:00:00,62273.3,62399.8,61150.0,61547.5,954.20845578
2026-06-09 15:00:00,61548.1,61714.3,61040.0,61131.3,566.23301883
2026-06-09 16:00:00,61130.9,61494.1,60770.0,61395.6,7823.82344866
2026-06-09 17:00:00,61395.5,61899.3,61395.5,61696.4,9261.71213359
2026-06-09 18:00:00,61696.4,61970.0,61600.0,61789.2,6260.32981629
2026-06-09 19:00:00,61789.1,62106.1,61717.9,62096.3,2199.67793625
2026-06-09 20:00:00,62096.4,62297.6,61954.5,62170.3,1061.63756196
2026-06-09 21:00:00,62170.4,62187.3,61688.1,61770.1,2307.11396487
2026-06-09 22:00:00,61770.7,61980.5,61661.3,61723.6,3730.1108591
2026-06-09 23:00:00,61722.3,61882.8,61557.6,61730.0,191.53875724
2026-06-10 00:00:00,61730.0,61930.0,61443.3,61921.2,184.87719625
2026-06-10 01:00:00,61921.7,61979.1,61590.9,61718.1,132.79217336
2026-06-10 02:00:00,61720.1,61842.8,61238.5,61307.8,198.24425437
2026-06-10 03:00:00,61305.8,61598.3,61281.1,61552.2,125.70238948
2026-06-10 04:00:00,61552.2,61570.6,61188.8,61297.3,140.00616765
2026-06-10 05:00:00,61298.7,61400.0,61082.6,61359.0,166.70569908
2026-06-10 06:00:00,61359.2,61523.2,61144.0,61471.3,172.03176863
2026-06-10 07:00:00,61471.2,61799.9,61437.2,61693.2,239.07349789
2026-06-10 08:00:00,61693.2,61734.4,61166.7,61260.7,209.60800524
2026-06-10 09:00:00,61260.7,61425.7,60687.2,61332.2,282.23471595
2026-06-10 10:00:00,61332.2,61459.9,61155.4,61386.4,575.37011636
2026-06-10 11:00:00,61386.7,61441.3,60864.1,61035.3,370.84644169
2026-06-10 12:00:00,61035.4,61949.9,60959.0,61561.5,938.11884269
2026-06-10 13:00:00,61563.3,62456.2,61440.4,62159.7,1128.2118682
2026-06-10 14:00:00,62147.5,62257.4,61809.9,62199.9,348.5529475
2026-06-10 15:00:00,62196.5,62857.1,61856.7,62636.8,674.2722875
2026-06-10 16:00:00,62636.8,62658.1,61933.3,62228.4,393.39888702
2026-06-10 17:00:00,62228.4,62369.2,61660.0,61980.0,428.88332227
2026-06-10 18:00:00,61981.8,62167.9,61600.0,61889.7,644.04496292
2026-06-10 19:00:00,61890.9,62063.1,61676.0,61946.3,222.13321971
2026-06-10 20:00:00,61946.2,61959.1,61685.4,61807.1,152.07607689
2026-06-10 21:00:00,61806.8,61806.8,61176.7,61356.0,371.34730779
2026-06-10 22:00:00,61355.6,61578.9,61105.3,61381.9,259.20916907
2026-06-10 23:00:00,61381.9,61601.2,61166.6,61506.9,166.9668789
2026-06-11 00:00:00,61513.4,61978.0,61513.4,61822.6,168.75296936
2026-06-11 01:00:00,61822.6,62377.5,61821.2,62208.6,153.96145243
2026-06-11 02:00:00,62209.6,62305.8,61943.9,62142.9,111.13037551
2026-06-11 03:00:00,62143.0,62861.0,62006.6,62682.4,447.16894281
2026-06-11 04:00:00,62685.7,62855.9,62540.2,62720.0,205.64452534
2026-06-11 05:00:00,62720.1,62727.4,62550.4,62613.0,120.61281658
2026-06-11 06:00:00,62613.0,62999.0,62540.3,62764.1,556.44771551
2026-06-11 07:00:00,62764.2,62849.7,62603.4,62714.0,325.76275672
2026-06-11 08:00:00,62714.0,63047.8,62713.9,62957.2,523.25510275
2026-06-11 09:00:00,62957.2,62991.8,62789.5,62930.4,153.38680826
2026-06-11 10:00:00,62930.4,63222.8,62800.3,63140.8,270.20303345
2026-06-11 11:00:00,63140.8,63260.0,63034.9,63103.5,254.57065888
2026-06-11 12:00:00,63103.5,63198.6,62480.6,63008.7,677.19745249
2026-06-11 13:00:00,63008.7,63245.5,62675.9,63083.6,598.41126779
2026-06-11 14:00:00,63083.6,63107.8,62730.8,62731.2,673.37804106
2026-06-11 15:00:00,62731.2,62881.1,62533.2,62754.7,412.93532904
2026-06-11 16:00:00,62754.8,62849.5,62545.4,62578.2,254.32768157
2026-06-11 17:00:00,62578.0,63665.0,62342.3,63645.1,952.03047324
2026-06-11 18:00:00,63641.0,63788.0,63333.8,63458.8,306.78424981
2026-06-11 19:00:00,63458.9,63955.0,63393.4,63603.4,415.74421041
2026-06-11 20:00:00,63608.6,63669.9,63268.5,63393.4,268.40165911
2026-06-11 21:00:00,63393.5,63599.0,63392.3,63523.8,126.48462285
2026-06-11 22:00:00,63523.7,63677.4,63462.1,63497.8,128.8719944
2026-06-11 23:00:00,63497.8,63711.1,63360.4,63628.0,169.46187916
2026-06-12 00:00:00,63628.0,63790.7,63520.1,63648.6,139.02215496
2026-06-12 01:00:00,63648.6,63648.6,63301.0,63431.1,124.26158734
2026-06-12 02:00:00,63431.1,63788.8,63431.0,63618.4,105.29280797
2026-06-12 03:00:00,63618.4,63647.5,63352.8,63523.7,75.50229816
2026-06-12 04:00:00,63523.8,63856.9,63421.1,63701.0,140.31463231
2026-06-12 05:00:00,63701.0,63725.8,63305.9,63356.5,237.96057613
2026-06-12 06:00:00,63356.5,63418.1,62844.5,62987.8,221.36638315
2026-06-12 07:00:00,62989.2,63219.1,62957.5,63104.0,381.98403072
2026-06-12 08:00:00,63104.6,63624.9,63100.0,63475.2,363.93568803
2026-06-12 09:00:00,63475.2,63960.5,63441.2,63761.0,412.74182859
2026-06-12 10:00:00,63758.2,63857.0,63586.5,63697.6,261.21242248
2026-06-12 11:00:00,63697.7,63887.9,63681.7,63756.7,131.38672983
2026-06-12 12:00:00,63756.8,63779.7,63379.9,63465.7,213.42998878
2026-06-12 13:00:00,63465.7,63534.1,63043.9,63236.3,503.89554417
2026-06-12 14:00:00,63231.3,63999.0,63188.0,63999.0,606.34354162
2026-06-12 15:00:00,63999.0,64388.0,63555.5,63594.7,774.38590674
2026-06-12 16:00:00,63595.3,64003.3,63512.6,63980.5,263.38991893
2026-06-12 17:00:00,63980.6,64112.2,63745.1,63867.7,127.44642498
2026-06-12 18:00:00,63867.7,63938.3,63681.6,63681.9,212.92569985
2026-06-12 19:00:00,63682.6,63816.3,63585.1,63585.1,207.99826064
2026-06-12 20:00:00,63585.8,63701.8,63392.7,63443.2,126.62198526
2026-06-12 21:00:00,63443.2,63630.0,63439.4,63472.9,88.9324787
2026-06-12 22:00:00,63472.9,63657.5,63464.1,63511.2,111.81715797
2026-06-12 23:00:00,63511.3,63587.0,63431.6,63578.2,80.31142848
2026-06-13 00:00:00,63578.3,63653.8,63506.2,63608.9,62.07236105
2026-06-13 01:00:00,63611.9,63846.0,63608.8,63840.5,91.31874085
2026-06-13 02:00:00,63838.5,63838.5,63555.0,63643.8,85.1768934
2026-06-13 03:00:00,63643.8,63726.2,63423.9,63527.9,82.31006552
2026-06-13 04:00:00,63527.9,63650.0,63483.3,63508.4,34.71359862
2026-06-13 05:00:00,63508.4,63602.1,63489.0,63589.0,154.79104181
2026-06-13 06:00:00,63589.0,63742.8,63550.3,63734.8,71.94884899
2026-06-13 07:00:00,63734.8,63880.7,63673.9,63845.4,185.91292642
2026-06-13 08:00:00,63845.4,63909.5,63756.1,63802.4,79.22133075
2026-06-13 09:00:00,63802.5,63866.3,63734.4,63743.0,293.15371545
2026-06-13 10:00:00,63743.0,63909.9,63721.3,63841.2,236.57114037
2026-06-13 11:00:00,63841.8,63972.8,63834.1,63968.9,86.77434731
2026-06-13 12:00:00,63968.8,64227.7,63920.7,64135.9,278.38910289
2026-06-13 13:00:00,64136.0,64248.9,64052.3,64098.6,257.72759934
2026-06-13 14:00:00,64097.8,64231.9,64079.3,64227.0,83.13151442
2026-06-13 15:00:00,64227.0,64345.0,64184.9,64305.5,549.38497742
2026-06-13 16:00:00,64305.5,64311.9,63920.0,64026.0,541.58208862
2026-06-13 17:00:00,64026.0,64131.3,63945.1,63976.7,672.95276533
2026-06-13 18:00:00,63976.8,64287.5,63976.7,64158.8,323.98501807
2026-06-13 19:00:00,64158.8,64341.7,64145.2,64300.8,242.9029426
2026-06-13 20:00:00,64300.9,64300.9,64230.7,64285.2,161.61270797
2026-06-13 21:00:00,64285.2,64758.8,64218.1,64471.7,555.5515211
2026-06-13 22:00:00,64470.9,64567.2,64383.7,64464.3,241.09583672
2026-06-13 23:00:00,64464.3,64599.9,64392.8,64454.4,119.60802209
2026-06-14 00:00:00,64454.4,64585.8,64377.2,64565.8,140.11082345
2026-06-14 01:00:00,64565.8,64719.4,64506.0,64577.4,208.74159903
2026-06-14 02:00:00,64577.4,64689.3,64471.7,64489.8,105.05859235
2026-06-14 03:00:00,64489.8,64548.6,64463.7,64545.1,130.36998094
2026-06-14 04:00:00,64545.1,64565.1,64333.0,64339.3,375.68599201
2026-06-14 05:00:00,64339.3,64409.8,64300.0,64358.1,189.88571849
2026-06-14 06:00:00,64358.2,64487.3,64250.1,64295.8,326.88375268
2026-06-14 07:00:00,64295.9,64450.0,64232.8,64435.1,253.41528837
2026-06-14 08:00:00,64435.2,64520.2,64393.8,64464.8,100.35269037
2026-06-14 09:00:00,64464.8,64624.8,64321.1,64620.0,356.11205856
2026-06-14 10:00:00,64620.0,64673.2,64498.8,64524.3,241.28080204
2026-06-14 11:00:00,64524.3,64645.5,64458.2,64545.7,238.88105034
2026-06-14 12:00:00,64545.8,64564.9,64300.1,64326.3,98.74569918
2026-06-14 13:00:00,64326.3,64407.7,64243.0,64326.7,83.78518471
2026-06-14 14:00:00,64326.8,64351.9,63868.0,63984.3,438.6249695
2026-06-14 15:00:00,63984.4,64153.5,63977.2,64024.7,219.81731334
2026-06-14 16:00:00,64024.6,64214.8,63933.5,63946.6,135.8056738
2026-06-14 17:00:00,63947.3,64027.3,63700.0,63735.0,156.15995123
2026-06-14 18:00:00,63735.0,63823.1,63683.9,63823.0,150.85430306
2026-06-14 19:00:00,63820.4,63870.0,63733.3,63805.5,305.2055408
2026-06-14 20:00:00,63806.4,64105.1,63791.8,64014.0,526.4894917
2026-06-14 21:00:00,64014.0,65680.0,64005.7,65315.8,2430.12010186
2026-06-14 22:00:00,65317.1,65581.6,64946.8,65423.9,977.62328713
2026-06-14 23:00:00,65424.0,65797.2,65259.5,65744.1,507.29340009
2026-06-15 00:00:00,65744.1,65931.8,65487.5,65628.6,824.33832469
2026-06-15 01:00:00,65629.6,65729.7,65349.9,65518.1,423.48806594
2026-06-15 02:00:00,65518.2,65776.9,65412.7,65466.5,290.16116966
2026-06-15 03:00:00,65463.6,65998.0,65429.1,65928.3,618.86977627
2026-06-15 04:00:00,65927.1,65927.1,65633.7,65639.7,358.60788281
2026-06-15 05:00:00,65639.7,65868.9,65613.3,65853.2,157.08443697
2026-06-15 06:00:00,65853.3,65958.2,65758.4,65807.5,480.60619403
2026-06-15 07:00:00,65807.5,66001.0,65626.1,65675.7,679.30338592
2026-06-15 08:00:00,65675.7,65808.5,65622.0,65664.2,865.79833816
2026-06-15 09:00:00,65664.3,65786.8,65514.1,65597.7,1140.94076105
2026-06-15 10:00:00,65597.6,65972.1,65580.1,65927.3,275.38374772
2026-06-15 11:00:00,65927.2,66389.3,65847.6,66231.1,641.12853725
2026-06-15 12:00:00,66231.1,66603.0,66108.7,66571.5,391.60552879
2026-06-15 13:00:00,66571.5,66950.0,66405.3,66448.2,847.72052665
2026-06-15 14:00:00,66448.3,66666.0,66300.0,66588.6,406.36048613
2026-06-15 15:00:00,66588.6,67300.0,66575.5,67293.6,473.78556159
2026-06-15 16:00:00,67293.7,67293.7,67096.3,67159.6,273.5133155
2026-06-15 17:00:00,67159.7,67159.7,66681.4,66855.9,269.13031673
2026-06-15 18:00:00,66855.9,66935.9,66721.0,66769.9,144.51545655
2026-06-15 19:00:00,66769.9,66896.4,66353.1,66617.9,321.85664609
2026-06-15 20:00:00,66617.9,66686.5,66486.8,66525.2,140.192283
2026-06-15 21:00:00,66525.2,66567.9,66341.5,66372.0,108.7742435
2026-06-15 22:00:00,66372.1,66477.1,66101.0,66208.1,175.14140065
2026-06-15 23:00:00,66208.1,66377.5,66118.5,66323.1,80.92795654
2026-06-16 00:00:00,66323.1,66467.4,66243.2,66253.1,97.35440243
2026-06-16 01:00:00,66253.2,66424.9,66249.2,66352.7,104.70094016
2026-06-16 02:00:00,66352.7,66372.7,65681.7,65742.8,372.32049654
2026-06-16 03:00:00,65742.9,66171.1,65659.7,66162.8,214.72577905
2026-06-16 04:00:00,66162.8,66282.2,65800.0,65844.5,163.7451283
2026-06-16 05:00:00,65844.5,66153.5,65844.5,66059.7,231.33548045
2026-06-16 06:00:00,66059.8,66565.9,66059.7,66440.7,202.71864539
2026-06-16 07:00:00,66440.7,66530.3,66298.9,66370.0,197.25744887
2026-06-16 08:00:00,66370.0,66994.9,66342.2,66900.7,217.02413865
2026-06-16 09:00:00,66901.4,66925.2,66480.0,66509.5,178.68236299
2026-06-16 10:00:00,66511.0,66782.2,66492.8,66513.0,137.91142887
2026-06-16 11:00:00,66513.0,66652.7,66372.3,66491.7,120.20164878
2026-06-16 12:00:00,66491.7,66816.6,66370.1,66430.8,171.39616722
2026-06-16 13:00:00,66430.8,66469.5,65941.1,66047.9,320.9080528
2026-06-16 14:00:00,66054.2,66263.1,65366.0,65662.5,500.00917141
2026-06-16 15:00:00,65662.5,66000.0,65612.7,65873.4,313.66034652
2026-06-16 16:00:00,65873.2,65963.6,65704.0,65762.5,208.54310077
2026-06-16 17:00:00,65762.5,66019.1,65709.7,65981.2,137.70362499
2026-06-16 18:00:00,65981.3,66245.0,65800.1,65851.4,196.31116863
2026-06-16 19:00:00,65851.5,65851.5,65560.0,65687.0,177.07418596
2026-06-16 20:00:00,65688.3,65869.6,65584.5,65864.1,65.37025537
2026-06-16 21:00:00,65864.2,65945.7,65646.9,65778.1,62.41521154
2026-06-16 22:00:00,65778.1,65890.7,65680.1,65784.2,52.41079683
2026-06-16 23:00:00,65784.3,65839.9,65625.1,65680.0,44.85702532
2026-06-17 00:00:00,65680.0,65855.0,65680.0,65712.4,76.13046787
2026-06-17 01:00:00,65712.5,65957.2,65475.9,65938.9,178.92479408
2026-06-17 02:00:00,65941.3,66149.7,65779.4,65907.7,130.44164846
2026-06-17 03:00:00,65907.8,65907.8,65709.9,65855.2,58.28448213
2026-06-17 04:00:00,65855.6,66052.6,65792.9,65891.0,67.5557349
2026-06-17 05:00:00,65891.1,65987.2,65745.1,65836.0,84.16804672
2026-06-17 06:00:00,65835.9,65902.2,65582.3,65624.3,99.12015395
2026-06-17 07:00:00,65626.2,65720.1,65249.9,65542.0,544.38635351
2026-06-17 08:00:00,65541.4,65585.1,64832.3,64926.3,350.99979718
2026-06-17 09:00:00,64926.3,65082.0,64838.8,64916.7,127.12708331
2026-06-17 10:00:00,64916.8,64999.9,64766.5,64799.9,134.16605836
2026-06-17 11:00:00,64800.0,64866.6,64560.6,64808.0,210.11252205
2026-06-17 12:00:00,64808.0,65108.8,64587.8,65036.1,245.92697718
2026-06-17 13:00:00,65036.1,65369.7,64842.1,65273.5,341.46797404
2026-06-17 14:00:00,65271.0,65456.5,64773.0,65102.9,421.80973287
2026-06-17 15:00:00,65102.9,65854.6,64980.2,65752.3,345.12066588
2026-06-17 16:00:00,65752.3,66436.1,65718.2,65863.4,379.04435057
2026-06-17 17:00:00,65863.5,66194.3,65786.4,66111.7,125.49913957
2026-06-17 18:00:00,66103.0,66111.5,64801.5,65511.1,929.51115746
2026-06-17 19:00:00,65508.1,65665.1,64042.2,64300.7,1056.70545431
2026-06-17 20:00:00,64300.7,64490.1,64175.0,64432.1,243.60257251
2026-06-17 21:00:00,64432.1,64454.5,64134.9,64256.6,90.26933764
2026-06-17 22:00:00,64256.7,64439.5,63917.1,64296.0,245.38353999
2026-06-17 23:00:00,64296.0,64526.1,64246.6,64501.9,179.81287926
2026-06-18 00:00:00,64501.9,64706.3,64459.3,64460.9,124.19594985
2026-06-18 01:00:00,64460.9,64811.9,64459.4,64552.8,117.95029555
2026-06-18 02:00:00,64552.8,64795.9,64488.7,64695.0,778.58372323
2026-06-18 03:00:00,64695.0,64695.0,64258.6,64274.9,774.98409772
2026-06-18 04:00:00,64275.0,64336.9,63818.8,63874.5,1102.43012546
2026-06-18 05:00:00,63874.6,64025.6,63688.7,63996.4,263.88450824
2026-06-18 06:00:00,63995.5,64125.7,63849.4,64088.3,168.9730644
2026-06-18 07:00:00,64091.7,64519.3,64013.6,64510.5,250.27640908
2026-06-18 08:00:00,64510.5,64659.8,64377.2,64402.8,184.24012099
2026-06-18 09:00:00,64402.9,64482.5,64184.7,64191.3,680.60646719
2026-06-18 10:00:00,64191.3,64215.1,63904.2,64077.0,1176.554241
2026-06-18 11:00:00,64077.0,64197.2,63881.8,63965.6,186.4976558
2026-06-18 12:00:00,63965.6,64410.3,63919.2,64390.6,754.93491282
2026-06-18 13:00:00,64390.6,64463.2,63807.3,63989.5,2380.02234499
2026-06-18 14:00:00,63989.6,64207.7,63582.0,63813.9,545.60351105
2026-06-18 15:00:00,63813.2,63826.8,62291.0,62373.0,1202.58308674
2026-06-18 16:00:00,62369.8,62815.3,62344.6,62690.6,377.92113113
2026-06-18 17:00:00,62690.6,62750.0,62270.0,62605.5,272.05966417
2026-06-18 18:00:00,62603.2,62962.5,62571.1,62704.1,222.07096073
2026-06-18 19:00:00,62704.1,63009.7,62629.7,62956.2,122.04917533
2026-06-18 20:00:00,62951.8,63273.5,62951.8,63091.3,133.89153797
2026-06-18 21:00:00,63091.4,63126.5,62864.8,62966.2,85.88087828
2026-06-18 22:00:00,62965.7,63000.3,62735.0,62884.1,113.64839615
2026-06-18 23:00:00,62884.2,62989.1,62755.7,62953.3,63.98650734
2026-06-19 00:00:00,62953.3,63085.6,62836.4,63025.5,159.41182186
2026-06-19 01:00:00,63025.6,63100.0,62859.0,63027.8,109.45050313
2026-06-19 02:00:00,63027.8,63118.8,62892.1,63003.7,109.34522669
2026-06-19 03:00:00,63003.7,63030.6,62386.9,62776.1,321.32288157
2026-06-19 04:00:00,62776.1,62915.1,62414.9,62452.9,135.6808145
2026-06-19 05:00:00,62456.2,62743.2,62453.0,62742.0,100.37424663
2026-06-19 06:00:00,62742.0,62920.1,62727.0,62899.3,275.15415484
2026-06-19 07:00:00,62899.3,62928.3,62506.7,62632.1,895.6869596
2026-06-19 08:00:00,62632.1,62782.1,62537.7,62606.4,223.89723831
2026-06-19 09:00:00,62607.5,62659.9,62310.1,62374.0,1153.41966427
2026-06-19 10:00:00,62374.1,62589.8,62368.5,62530.0,217.25720556
2026-06-19 11:00:00,62530.1,62685.6,62450.1,62631.1,134.57820948
2026-06-19 12:00:00,62631.2,62872.2,62354.1,62832.9,194.8713214
2026-06-19 13:00:00,62832.9,63399.9,62663.2,63210.3,340.83099449
2026-06-19 14:00:00,63210.0,63425.5,63007.2,63208.7,311.95312486
2026-06-19 15:00:00,63208.7,63289.6,63032.4,63220.3,179.55031927
2026-06-19 16:00:00,63220.5,63396.7,62923.8,62978.0,197.57815236
2026-06-19 17:00:00,62972.4,63235.2,62869.1,63199.4,142.74584787
2026-06-19 18:00:00,63199.4,63209.6,62988.8,63109.7,53.92292667
2026-06-19 19:00:00,63109.8,63138.3,62942.9,63023.8,71.43768208
2026-06-19 20:00:00,63023.9,63281.2,62959.9,63249.9,60.81923086
2026-06-19 21:00:00,63249.0,63271.0,63061.4,63080.8,52.64268253
2026-06-19 22:00:00,63080.9,63376.1,63058.4,63322.2,86.72207757
2026-06-19 23:00:00,63322.3,63664.0,63267.1,63541.0,172.25390291
2026-06-20 00:00:00,63541.0,63789.1,63469.9,63528.5,193.79545217
2026-06-20 01:00:00,63528.6,63623.0,63407.0,63587.0,139.56351364
2026-06-20 02:00:00,63586.3,63586.3,63339.4,63343.5,61.3663454
2026-06-20 03:00:00,63343.6,63517.3,63323.7,63481.6,49.20117877
2026-06-20 04:00:00,63478.2,63629.6,63400.6,63588.7,67.91213718
2026-06-20 05:00:00,63588.8,63923.0,63540.5,63678.6,177.72024245
2026-06-20 06:00:00,63678.7,63756.0,63639.8,63743.4,77.98535871
2026-06-20 07:00:00,63743.4,63810.7,63600.0,63653.0,603.27005988
2026-06-20 08:00:00,63653.1,63653.7,63380.9,63405.3,1595.05517584
2026-06-20 09:00:00,63405.4,63788.4,63404.0,63737.9,990.07644645
2026-06-20 10:00:00,63739.0,63789.6,63605.7,63681.0,417.8822024
2026-06-20 11:00:00,63681.0,63809.5,63623.3,63684.7,51.89437175
2026-06-20 12:00:00,63684.7,63797.2,63550.0,63656.9,162.39864529
2026-06-20 13:00:00,63657.0,63657.0,63281.2,63397.9,185.23356733
2026-06-20 14:00:00,63395.5,64158.0,63200.0,63958.7,613.30097804
2026-06-20 15:00:00,63962.9,64384.5,63850.0,64163.5,357.82334857
2026-06-20 16:00:00,64168.0,64173.8,63910.0,64035.9,785.24271495
2026-06-20 17:00:00,64036.1,64046.4,63734.0,63845.6,157.2293344
2026-06-20 18:00:00,63845.6,63936.5,63789.4,63811.4,32.28289579
2026-06-20 19:00:00,63811.4,63974.2,63795.4,63944.8,39.25880112
2026-06-20 20:00:00,63944.9,63980.6,63853.1,63934.5,36.63664463
2026-06-20 21:00:00,63934.6,64098.7,63919.7,64018.1,90.91255931
2026-06-20 22:00:00,64018.2,64357.7,63983.0,64273.9,120.50783007
2026-06-20 23:00:00,64274.0,64343.7,64257.0,64300.0,33.23899093
2026-06-21 00:00:00,64300.1,64324.2,64237.3,64297.6,89.02515131
2026-06-21 01:00:00,64297.7,64319.0,64215.3,64251.2,53.15623117
2026-06-21 02:00:00,64251.2,64280.0,64224.3,64247.1,29.02672964
2026-06-21 03:00:00,64247.1,64472.1,64236.3,64425.0,160.96753004
2026-06-21 04:00:00,64427.2,64594.0,64266.7,64283.0,105.46262655
2026-06-21 05:00:00,64283.1,64367.0,64220.0,64259.2,51.90612194
2026-06-21 06:00:00,64259.2,64329.7,64200.0,64300.0,33.5979509
2026-06-21 07:00:00,64300.0,64303.2,64162.7,64186.7,114.05771523
2026-06-21 08:00:00,64186.7,64226.1,63897.5,64009.4,1031.3332944
2026-06-21 09:00:00,64009.4,64247.4,63947.8,64207.7,500.65770412
2026-06-21 10:00:00,64207.7,64424.6,64197.5,64379.4,1066.6526725
2026-06-21 11:00:00,64380.4,64488.0,64118.3,64187.4,1776.28426761
2026-06-21 12:00:00,64187.5,64254.3,63950.0,64200.1,268.39942978
2026-06-21 13:00:00,64200.1,64200.1,64021.0,64146.5,87.34477436
2026-06-21 14:00:00,64146.5,64156.8,63999.1,64150.4,93.80993863
2026-06-21 15:00:00,64150.5,64359.9,64111.2,64225.7,74.8609563
2026-06-21 16:00:00,64224.7,64251.5,64041.6,64145.0,60.79663361
2026-06-21 17:00:00,64144.9,64226.1,64080.0,64148.2,46.1536805
2026-06-21 18:00:00,64147.3,64239.9,63942.3,64212.6,66.11372675
2026-06-21 19:00:00,64210.1,64300.6,64164.5,64203.4,38.55160661
2026-06-21 20:00:00,64203.5,64267.0,63695.5,63846.6,104.21097492
2026-06-21 21:00:00,63846.7,63959.9,63506.0,63809.0,191.8051243
2026-06-21 22:00:00,63805.1,63866.4,63573.3,63807.2,169.37828933
2026-06-21 23:00:00,63807.2,63807.2,63262.0,63313.0,233.74884571
2026-06-22 00:00:00,63313.1,64093.6,63313.1,63899.9,251.45544456
2026-06-22 01:00:00,63899.9,64834.4,63856.4,64600.9,549.25909628
2026-06-22 02:00:00,64601.0,64669.7,64250.4,64261.2,128.75495499
2026-06-22 03:00:00,64261.2,64457.8,63903.8,63970.7,983.35785403
2026-06-22 04:00:00,63970.7,64122.7,63875.1,64101.9,130.46425502
2026-06-22 05:00:00,64097.3,64333.9,64088.1,64249.7,181.55042851
2026-06-22 06:00:00,64249.7,64333.3,63954.0,63993.0,104.7271866
2026-06-22 07:00:00,63993.1,64398.2,63971.9,64213.6,150.89674348
2026-06-22 08:00:00,64213.6,64350.0,64040.3,64168.9,183.58502799
2026-06-22 09:00:00,64168.9,64255.1,64052.5,64143.5,84.65502352
2026-06-22 10:00:00,64143.6,64278.4,64076.4,64140.7,102.60464984
2026-06-22 11:00:00,64140.7,64770.7,64093.8,64655.9,312.67129821
2026-06-22 12:00:00,64655.9,65226.9,64581.9,65147.3,458.34689026
2026-06-22 13:00:00,65147.4,65586.0,64950.0,65579.9,516.16408957
2026-06-22 14:00:00,65580.0,65629.5,64843.2,64973.6,460.28920576
2026-06-22 15:00:00,64973.7,65148.9,64753.7,64835.0,297.64628726
2026-06-22 16:00:00,64838.8,64870.9,64520.0,64725.0,245.93918867
2026-06-22 17:00:00,64725.1,64775.7,64387.7,64610.6,119.80247778
2026-06-22 18:00:00,64610.6,64739.4,64313.3,64342.8,130.38637963
2026-06-22 19:00:00,64345.6,64506.2,64281.7,64485.5,130.85335093
2026-06-22 20:00:00,64473.8,64663.9,64364.2,64438.3,89.4760119
2026-06-22 21:00:00,64438.4,64483.9,64146.6,64323.0,111.86172374
2026-06-22 22:00:00,64323.0,64403.2,63806.3,63981.6,254.13939535
2026-06-22 23:00:00,63979.0,64058.4,63881.4,64027.6,87.42806792
2026-06-23 00:00:00,64027.6,64165.2,63838.8,64157.4,103.29498658
2026-06-23 01:00:00,64157.5,64277.3,63894.3,64153.4,148.23513789
2026-06-23 02:00:00,64153.5,64273.3,64042.8,64206.2,55.02340297
2026-06-23 03:00:00,64206.2,64210.0,63971.4,64069.6,84.74766716
2026-06-23 04:00:00,64069.6,64100.8,63608.8,63622.3,143.25261913
2026-06-23 05:00:00,63623.1,63737.3,63360.0,63402.1,240.84678105
2026-06-23 06:00:00,63402.1,63402.2,62572.1,62942.6,614.3301458
2026-06-23 07:00:00,62942.7,63098.3,62861.7,62885.3,379.87300022
2026-06-23 08:00:00,62885.3,62950.4,61930.0,62387.6,852.70539426
2026-06-23 09:00:00,62387.7,62507.8,62333.2,62381.4,146.3298621
2026-06-23 10:00:00,62380.1,62579.9,62243.7,62322.7,111.36783389
2026-06-23 11:00:00,62322.7,62654.6,62319.6,62510.6,159.11245701
2026-06-23 12:00:00,62510.6,62563.8,62196.1,62262.2,144.65002504
2026-06-23 13:00:00,62262.2,62549.9,61964.9,62483.9,300.09571209
2026-06-23 14:00:00,62483.9,62857.0,62393.9,62498.3,410.5772337
2026-06-23 15:00:00,62493.0,62514.6,62205.9,62489.5,222.08806428
2026-06-23 16:00:00,62489.5,62825.9,62425.5,62552.0,345.50837281
2026-06-23 17:00:00,62552.0,62687.4,62335.2,62357.6,134.84298049
2026-06-23 18:00:00,62357.6,62449.2,62100.7,62241.2,89.10480965
2026-06-23 19:00:00,62238.3,62482.6,62228.2,62393.7,84.06433764
2026-06-23 20:00:00,62393.8,62541.0,62380.4,62475.4,49.91599574
2026-06-23 21:00:00,62471.8,62658.6,62471.8,62600.9,142.40005906
2026-06-23 22:00:00,62601.0,62777.0,62521.8,62594.1,75.13023605
2026-06-23 23:00:00,62594.1,62799.2,62500.0,62731.5,92.11816807
2026-06-24 00:00:00,62731.5,63028.5,62731.4,63016.2,147.74842053
2026-06-24 01:00:00,63016.9,63119.1,62779.3,62937.8,147.6109899
2026-06-24 02:00:00,62937.9,63017.4,62612.8,62634.6,176.23282262
2026-06-24 03:00:00,62634.7,62840.2,62463.9,62733.0,160.45073367
2026-06-24 04:00:00,62733.1,62803.3,62533.3,62754.8,102.58489686
2026-06-24 05:00:00,62754.9,63079.5,62715.4,62896.2,233.55511973
2026-06-24 06:00:00,62896.2,62920.1,62736.8,62784.6,95.24180604
2026-06-24 07:00:00,62784.6,62852.6,62615.0,62658.9,217.02012132
2026-06-24 08:00:00,62659.0,62814.9,62601.8,62803.0,197.9980137
2026-06-24 09:00:00,62803.1,62803.1,62642.4,62688.4,81.93734824
2026-06-24 10:00:00,62688.4,62691.4,62419.2,62449.1,156.18617641
2026-06-24 11:00:00,62449.1,63244.7,62319.0,62919.7,263.17659474
2026-06-24 12:00:00,62919.7,62974.6,62589.9,62621.0,156.10503229
2026-06-24 13:00:00,62621.1,62638.6,61262.3,61337.1,1098.01304851
2026-06-24 14:00:00,61337.0,61461.5,60892.0,61117.0,847.08222343
2026-06-24 15:00:00,61117.0,61148.8,60264.3,60279.9,886.43454187
2026-06-24 16:00:00,60279.9,60684.3,59620.0,59855.1,1777.77240662
2026-06-24 17:00:00,59855.1,60065.9,59107.0,59400.2,1334.86179869
2026-06-24 18:00:00,59400.3,59940.7,59310.4,59610.2,563.32174468
2026-06-24 19:00:00,59612.5,59998.9,59527.7,59961.8,350.18133148
2026-06-24 20:00:00,59960.0,61210.2,59861.0,60960.5,773.84709315
2026-06-24 21:00:00,60960.5,61140.2,60676.9,61108.0,209.04304819
2026-06-24 22:00:00,61108.1,61275.1,60805.6,60874.2,187.94103896
2026-06-24 23:00:00,60874.3,61113.7,60826.8,61079.0,96.22152156
2026-06-25 00:00:00,61079.1,61169.8,60726.5,60821.1,182.0201805
2026-06-25 01:00:00,60820.6,60991.9,60722.1,60921.0,129.78773343
2026-06-25 02:00:00,60921.0,60972.0,60701.5,60795.5,145.25128059
2026-06-25 03:00:00,60795.5,60907.2,60685.7,60884.9,122.45577573
2026-06-25 04:00:00,60885.0,61407.0,60791.2,61358.4,263.0215655
2026-06-25 05:00:00,61358.4,61809.8,61278.6,61597.7,414.357417
2026-06-25 06:00:00,61597.8,61849.8,61597.8,61723.8,136.63935617
2026-06-25 07:00:00,61725.7,61964.2,61662.0,61911.7,303.07444771
2026-06-25 08:00:00,61911.6,61920.0,61677.8,61715.2,160.31558427
2026-06-25 09:00:00,61715.6,61793.5,61609.3,61734.3,73.5177169
2026-06-25 10:00:00,61734.3,61753.3,61262.6,61274.3,211.77541491
2026-06-25 11:00:00,61272.7,61418.4,61061.1,61283.6,249.34103501
2026-06-25 12:00:00,61283.7,61774.7,61081.0,61246.7,478.74644302
2026-06-25 13:00:00,61246.8,61372.0,58110.0,58298.0,2526.47843626
2026-06-25 14:00:00,58297.3,60483.1,58297.3,59468.7,2289.48926546
2026-06-25 15:00:00,59468.7,59646.1,58867.4,59560.6,635.68851401
2026-06-25 16:00:00,59560.7,60066.5,59150.8,59309.0,470.48279886
2026-06-25 17:00:00,59310.6,59736.8,59132.1,59678.1,308.06192793
2026-06-25 18:00:00,59678.2,59788.2,59362.0,59519.9,291.44989119
2026-06-25 19:00:00,59520.4,59523.3,59171.5,59324.6,215.09440538
2026-06-25 20:00:00,59324.7,59742.3,59319.4,59466.7,207.41743085
2026-06-25 21:00:00,59456.5,60287.3,59449.9,60218.9,235.98476628
2026-06-25 22:00:00,60218.8,60218.8,59731.3,59849.1,270.47575518
2026-06-25 23:00:00,59849.0,60192.0,59739.3,59798.4,156.92524997
2026-06-26 00:00:00,59798.8,59901.1,59636.4,59660.1,182.83718396
2026-06-26 01:00:00,59660.1,59780.9,59218.7,59433.1,214.24770245
2026-06-26 02:00:00,59433.2,59450.2,58362.0,58565.1,851.90567272
2026-06-26 03:00:00,58565.1,60123.4,58330.5,60033.8,687.4818502
2026-06-26 04:00:00,60033.8,60237.0,59840.0,59922.3,278.04758548
2026-06-26 05:00:00,59922.4,60048.5,59733.4,59943.2,220.48026009
2026-06-26 06:00:00,59943.2,60460.0,59703.9,60334.9,448.84044623
2026-06-26 07:00:00,60331.8,60764.2,60285.0,60528.1,990.37195688
2026-06-26 08:00:00,60527.9,60579.2,60150.0,60243.1,284.61512248
2026-06-26 09:00:00,60243.1,60257.5,59585.7,59724.1,418.1849857
2026-06-26 10:00:00,59732.9,59857.1,59241.8,59319.0,325.97115886
2026-06-26 11:00:00,59319.0,59596.5,59263.0,59416.5,354.39271615
2026-06-26 12:00:00,59416.5,60010.3,58971.5,59192.3,564.62155928
2026-06-26 13:00:00,59188.3,60212.0,58500.0,60173.6,964.90643632
2026-06-26 14:00:00,60180.9,60297.0,59391.5,59598.2,716.23910414
2026-06-26 15:00:00,59596.7,60505.0,59580.9,60325.2,592.12937394
2026-06-26 16:00:00,60325.2,60598.4,59969.2,60040.3,545.13436113
2026-06-26 17:00:00,60040.2,60294.6,59953.5,60025.7,281.63394794
2026-06-26 18:00:00,60020.3,60154.9,59558.3,59670.0,169.94750071
2026-06-26 19:00:00,59670.1,60107.5,59617.4,59749.6,282.50108077
2026-06-26 20:00:00,59751.4,59995.9,59567.4,59725.0,256.1132257
2026-06-26 21:00:00,59725.1,60055.4,59680.0,59919.9,126.77946542
2026-06-26 22:00:00,59918.8,60087.3,59753.7,60043.8,108.92513526
2026-06-26 23:00:00,60043.8,60129.7,59930.5,60104.2,104.49663391
2026-06-27 00:00:00,60104.3,60195.9,59880.4,60065.0,118.75476117
2026-06-27 01:00:00,60065.0,60071.3,59930.2,59953.6,43.09426497
2026-06-27 02:00:00,59953.7,60383.2,59921.1,60286.5,197.81583762
2026-06-27 03:00:00,60286.6,60415.0,60167.0,60304.9,171.43020987
2026-06-27 04:00:00,60305.0,60480.0,60219.7,60244.9,92.6367225
2026-06-27 05:00:00,60246.9,60313.6,60135.1,60241.4,96.65519323
2026-06-27 06:00:00,60241.4,60498.9,60114.4,60373.0,170.72011051
2026-06-27 07:00:00,60373.0,60576.7,60297.1,60547.3,100.0394021
2026-06-27 08:00:00,60547.3,60547.4,60370.2,60455.0,75.72987275
2026-06-27 09:00:00,60455.1,60505.4,60292.8,60419.0,102.61072886
2026-06-27 10:00:00,60419.1,60488.6,60379.0,60421.0,80.96504135
2026-06-27 11:00:00,60421.0,60453.0,60200.0,60370.0,115.76835921
2026-06-27 12:00:00,60370.1,60431.9,60256.4,60427.6,90.81259991
2026-06-27 13:00:00,60427.6,60683.5,60390.9,60581.0,129.13454154
2026-06-27 14:00:00,60581.1,60735.3,60509.5,60614.3,134.18663944
2026-06-27 15:00:00,60614.3,60947.7,60569.8,60845.9,205.84900554
2026-06-27 16:00:00,60846.0,60867.8,60675.7,60814.5,111.43060984
2026-06-27 17:00:00,60815.0,60820.0,60418.0,60527.0,231.42011824
2026-06-27 18:00:00,60527.1,60575.2,60453.4,60572.1,76.59974447
2026-06-27 19:00:00,60568.6,60605.6,60081.7,60180.3,188.51531011
2026-06-27 20:00:00,60180.4,60309.0,60170.2,60304.0,41.18377894
2026-06-27 21:00:00,60304.0,60488.0,60150.0,60203.7,92.42730139
2026-06-27 22:00:00,60203.7,60256.6,59857.5,60228.9,158.09686501
2026-06-27 23:00:00,60228.9,60322.5,59950.0,60040.6,66.09785398
2026-06-28 00:00:00,60027.9,60191.7,60010.9,60147.0,70.13592123
2026-06-28 01:00:00,60150.5,60276.0,59986.1,60221.0,65.74571058
2026-06-28 02:00:00,60221.0,60342.7,60056.1,60152.4,57.34280465
2026-06-28 03:00:00,60151.7,60279.3,60151.7,60202.9,43.2082243
2026-06-28 04:00:00,60203.0,60236.0,60087.9,60135.7,42.34803214
2026-06-28 05:00:00,60135.8,60143.7,59754.4,59992.0,109.61085718
2026-06-28 06:00:00,59992.1,60037.9,59813.3,60006.1,62.61175706
2026-06-28 07:00:00,60005.0,60266.6,60002.5,60223.3,112.6555121
2026-06-28 08:00:00,60223.3,60551.6,60142.1,60372.7,118.42764834
2026-06-28 09:00:00,60372.7,60477.1,60251.3,60259.8,60.30915518
2026-06-28 10:00:00,60259.8,60297.3,60068.2,60173.4,50.55146074
2026-06-28 11:00:00,60173.5,60380.3,60113.5,60344.9,57.18156477
2026-06-28 12:00:00,60345.0,60454.5,60192.4,60296.1,63.11620817
2026-06-28 13:00:00,60293.9,60293.9,59973.0,60071.0,129.08878162
2026-06-28 14:00:00,60071.1,60250.0,60017.7,60028.3,113.50422865
2026-06-28 15:00:00,60028.3,60134.9,59822.6,59895.7,157.82806761
2026-06-28 16:00:00,59895.8,59948.9,59581.6,59689.3,208.99329789
2026-06-28 17:00:00,59689.3,59846.1,59400.1,59583.9,237.21882596
2026-06-28 18:00:00,59584.0,59700.3,59501.9,59610.5,149.23737987
2026-06-28 19:00:00,59610.5,59686.9,59267.1,59480.7,143.2420604
2026-06-28 20:00:00,59480.7,59764.7,59474.7,59655.6,75.99098448
2026-06-28 21:00:00,59656.0,59792.2,59333.4,59443.3,103.10195085
2026-06-28 22:00:00,59443.3,59913.3,58896.2,59069.8,372.04369528
2026-06-28 23:00:00,59069.7,59846.0,59008.9,59575.9,173.19828675
2026-06-29 00:00:00,59575.8,59720.0,59006.3,59668.8,308.48856393
2026-06-29 01:00:00,59668.8,59699.9,59208.8,59438.0,138.18432263
2026-06-29 02:00:00,59438.1,59811.6,58896.0,59751.1,255.44521301
2026-06-29 03:00:00,59751.2,60239.9,59751.2,60048.0,315.48534301
2026-06-29 04:00:00,60048.0,60061.3,59746.4,59831.3,83.83485573
2026-06-29 05:00:00,59831.4,60112.4,59389.6,60107.9,192.8523327
2026-06-29 06:00:00,60108.0,60400.0,60046.7,60075.1,156.64983414
2026-06-29 07:00:00,60075.1,60192.7,59925.7,60026.4,227.72471674
2026-06-29 08:00:00,60025.4,60100.0,59739.4,59835.1,141.76232302
2026-06-29 09:00:00,59835.1,60105.2,59775.1,60059.5,835.64126007
2026-06-29 10:00:00,60059.6,60319.9,60059.6,60091.0,157.08658262
2026-06-29 11:00:00,60091.1,60224.7,59800.1,59963.9,179.51278865
2026-06-29 12:00:00,59964.0,60789.4,59594.0,59953.8,1028.96951364
2026-06-29 13:00:00,59953.9,60342.8,59330.5,59580.6,827.79521582
2026-06-29 14:00:00,59581.1,59704.6,59000.0,59472.5,740.39654962
2026-06-29 15:00:00,59472.6,59953.9,59100.0,59820.4,484.3164239
2026-06-29 16:00:00,59820.4,60030.6,59585.3,59892.5,234.09186765
2026-06-29 17:00:00,59892.6,60688.0,59892.5,60414.3,559.17373218
2026-06-29 18:00:00,60415.2,60521.2,60192.4,60299.9,237.52913736
2026-06-29 19:00:00,60300.0,60555.5,60161.2,60436.2,201.87168575
2026-06-29 20:00:00,60431.1,60554.5,60300.0,60300.1,115.72635642
2026-06-29 21:00:00,60300.1,60595.2,60262.5,60486.1,81.64763754
2026-06-29 22:00:00,60486.2,60528.6,60350.2,60360.0,96.33603285
2026-06-29 23:00:00,60360.0,60385.2,60205.2,60259.0,70.64151938
2026-06-30 00:00:00,60259.0,60277.2,59700.0,59837.1,344.99757355
2026-06-30 01:00:00,59837.2,60058.6,59777.8,59943.0,242.72889303
2026-06-30 02:00:00,59943.1,60064.8,59752.1,59958.7,1552.25330586
2026-06-30 03:00:00,59958.7,60047.6,59593.4,59616.1,1350.33901666
2026-06-30 04:00:00,59616.1,59695.0,59422.5,59481.3,1254.82317811
2026-06-30 05:00:00,59481.3,59654.8,59347.6,59649.2,1335.29132684
2026-06-30 06:00:00,59649.2,59711.8,59508.6,59590.0,394.37361708
2026-06-30 07:00:00,59588.7,59633.7,59440.2,59526.4,1193.08095921
2026-06-30 08:00:00,59525.1,59555.9,59186.8,59315.0,1429.0287325
2026-06-30 09:00:00,59315.0,59423.0,59250.8,59372.1,329.66562858
2026-06-30 10:00:00,59372.2,59426.3,59287.3,59328.7,777.13287694
2026-06-30 11:00:00,59328.7,59419.9,59126.3,59189.3,864.09706738
2026-06-30 12:00:00,59189.4,59194.6,58388.0,58407.3,2128.8808128
2026-06-30 13:00:00,58407.3,58809.8,58221.5,58742.9,3113.46553324
2026-06-30 14:00:00,58742.8,59283.2,58428.6,58482.4,1914.46788327
2026-06-30 15:00:00,58482.5,58800.0,58200.0,58384.0,1578.41029611
2026-06-30 16:00:00,58384.1,58636.2,58254.2,58502.6,368.79262174
2026-06-30 17:00:00,58502.7,58622.7,58315.7,58427.2,187.36180789
2026-06-30 18:00:00,58427.3,58699.9,58361.3,58687.1,303.48743127
2026-06-30 19:00:00,58687.1,58838.2,58579.7,58827.9,229.50890863
2026-06-30 20:00:00,58816.1,58875.8,58643.8,58729.0,106.84759674
2026-06-30 21:00:00,58729.1,58771.3,58507.4,58640.5,151.62771772
2026-06-30 22:00:00,58642.7,58803.8,58505.8,58602.8,54.44020708
2026-06-30 23:00:00,58602.8,58665.4,58541.8,58628.0,81.15214519
2026-07-01 00:00:00,58628.1,58756.8,58313.4,58577.7,213.0146336
2026-07-01 01:00:00,58577.7,59007.0,57809.4,58765.2,1293.16625405
2026-07-01 02:00:00,58765.2,59171.4,58666.6,59087.7,355.36537852
2026-07-01 03:00:00,59087.8,59315.5,58849.7,59195.0,478.48145591
2026-07-01 04:00:00,59195.1,59458.7,59058.4,59341.5,252.57246282
2026-07-01 05:00:00,59341.5,59380.9,59125.1,59152.2,200.19766046
2026-07-01 06:00:00,59152.2,59159.5,58533.4,58757.3,384.35412826
2026-07-01 07:00:00,58757.3,58823.7,58603.3,58766.0,241.52188014
2026-07-01 08:00:00,58766.0,58988.7,58491.1,58975.3,353.70861073
2026-07-01 09:00:00,58975.3,59100.0,58830.8,58941.7,217.68773162
2026-07-01 10:00:00,58941.9,58941.9,58600.0,58654.5,285.63184897
2026-07-01 11:00:00,58654.5,58756.8,58550.0,58617.6,244.84688777
2026-07-01 12:00:00,58617.6,58682.5,58320.0,58533.2,612.70163064
2026-07-01 13:00:00,58527.3,59505.7,58525.2,59495.0,719.52306366
2026-07-01 14:00:00,59494.6,60095.4,59273.8,59541.0,1293.51259365
2026-07-01 15:00:00,59540.9,60545.4,59517.3,60147.9,1218.68700502
2026-07-01 16:00:00,60147.9,60266.6,59866.6,59931.3,317.40231083
2026-07-01 17:00:00,59931.4,60243.7,59789.6,60193.0,142.08404704
2026-07-01 18:00:00,60193.1,60301.0,60019.1,60178.1,102.79005045
2026-07-01 19:00:00,60176.1,60357.8,59994.6,60031.4,152.70606057
2026-07-01 20:00:00,60031.5,60199.0,59872.5,60133.5,129.91692558
2026-07-01 21:00:00,60133.6,60850.0,60127.5,60813.0,422.12036299
2026-07-01 22:00:00,60813.1,61342.0,60345.1,60482.3,744.06452728
2026-07-01 23:00:00,60482.2,60482.2,59988.0,60036.0,514.81657522
2026-07-02 00:00:00,60036.1,60048.1,59582.6,59745.7,1539.68809477
2026-07-02 01:00:00,59745.8,60338.3,59707.7,60183.1,1778.02834672
2026-07-02 02:00:00,60183.3,60496.0,60019.2,60427.5,232.02379147
2026-07-02 03:00:00,60431.1,61125.3,60302.1,61066.0,438.68236309
2026-07-02 04:00:00,61064.4,61065.7,60734.3,60789.9,429.33916918
2026-07-02 05:00:00,60790.0,60897.1,60500.0,60517.5,1757.41951383
2026-07-02 06:00:00,60517.6,60655.1,60255.0,60265.0,1379.40618705
2026-07-02 07:00:00,60264.5,60304.6,60095.7,60128.6,3244.18396759
2026-07-02 08:00:00,60128.7,60549.9,60121.9,60513.4,628.82673621
2026-07-02 09:00:00,60513.5,61429.5,60367.5,61175.0,856.78540119
2026-07-02 10:00:00,61175.0,61349.9,61044.8,61265.0,356.61728529
2026-07-02 11:00:00,61265.0,61389.6,61122.8,61351.9,615.84272558
2026-07-02 12:00:00,61351.9,61609.8,61153.2,61536.0,698.38254579
2026-07-02 13:00:00,61536.0,62068.9,61501.0,61941.3,2474.47276701
2026-07-02 14:00:00,61941.3,62209.2,61400.1,61700.7,861.46763186
2026-07-02 15:00:00,61700.8,61850.0,61425.0,61606.8,409.4249761
2026-07-02 16:00:00,61606.9,61780.5,61129.0,61678.9,409.21769409
2026-07-02 17:00:00,61678.9,61949.9,61619.1,61664.2,224.82583479
2026-07-02 18:00:00,61664.3,61872.3,61660.9,61761.4,109.05508935
2026-07-02 19:00:00,61761.4,61762.9,61428.6,61482.7,397.72710226
2026-07-02 20:00:00,61478.1,61599.9,61341.5,61584.3,247.00213938
2026-07-02 21:00:00,61584.3,61657.1,61516.7,61593.1,138.87137444
2026-07-02 22:00:00,61593.1,61596.6,61407.1,61468.4,88.77126749
2026-07-02 23:00:00,61468.5,61609.2,61355.6,61559.1,86.14795447
2026-07-03 00:00:00,61559.1,61579.5,61241.0,61302.2,955.60300095
2026-07-03 01:00:00,61302.3,61739.8,61282.0,61590.9,205.21864587
2026-07-03 02:00:00,61591.0,61672.6,61298.1,61435.8,171.78224256
2026-07-03 03:00:00,61435.7,61579.2,61321.9,61435.9,142.05555843
2026-07-03 04:00:00,61435.9,61529.3,61345.0,61448.9,131.3341188
2026-07-03 05:00:00,61448.9,61809.7,61432.1,61698.0,294.60520577
2026-07-03 06:00:00,61698.1,61854.3,61613.4,61707.9,231.79117157
2026-07-03 07:00:00,61707.9,61873.9,61665.7,61756.1,272.5855806
2026-07-03 08:00:00,61756.2,61906.8,61559.1,61587.3,136.14136035
2026-07-03 09:00:00,61587.3,61787.9,61516.6,61715.5,126.4278329
2026-07-03 10:00:00,61715.5,62043.8,61672.2,61915.1,145.73850066
2026-07-03 11:00:00,61915.1,62100.0,61837.6,62018.4,383.7171401
2026-07-03 12:00:00,62018.4,62171.4,61866.0,61979.0,572.65747898
2026-07-03 13:00:00,61979.1,62286.0,61940.7,62117.8,245.20263783
2026-07-03 14:00:00,62117.7,62280.0,61700.0,62169.0,438.66857841
2026-07-03 15:00:00,62169.0,62407.0,61823.2,61929.8,369.61575334
2026-07-03 16:00:00,61929.8,62133.6,61911.1,62109.8,110.71654645
2026-07-03 17:00:00,62110.0,62293.0,62070.9,62199.6,115.63033125
2026-07-03 18:00:00,62199.6,62252.9,62116.6,62207.8,112.29836049
2026-07-03 19:00:00,62207.8,62319.1,62149.1,62209.2,106.88783007
2026-07-03 20:00:00,62209.2,62909.8,62190.1,62778.8,693.24404676
2026-07-03 21:00:00,62778.9,62964.6,62510.5,62731.1,155.02679881
2026-07-03 22:00:00,62731.1,62745.9,62539.3,62570.2,94.1017735
2026-07-03 23:00:00,62570.2,62708.9,62534.1,62590.5,70.9012319
2026-07-04 00:00:00,62587.1,62954.7,62582.8,62754.0,243.86489893
2026-07-04 01:00:00,62754.0,62754.0,62405.0,62472.9,154.28504549
2026-07-04 02:00:00,62472.9,62581.6,62433.4,62543.1,84.18892684
2026-07-04 03:00:00,62543.2,62759.9,62483.9,62627.4,136.82952177
2026-07-04 04:00:00,62627.5,62757.8,62596.6,62690.6,74.49657981
2026-07-04 05:00:00,62690.6,62690.6,62439.2,62470.0,192.94419853
2026-07-04 06:00:00,62470.0,62569.1,62333.1,62498.0,90.27293167
2026-07-04 07:00:00,62498.1,62632.4,62463.6,62560.4,145.62694349
2026-07-04 08:00:00,62560.4,62681.7,62505.4,62568.6,825.63252803
2026-07-04 09:00:00,62568.7,62593.1,62425.1,62495.7,318.5533338
2026-07-04 10:00:00,62495.8,62547.9,62450.4,62513.2,58.97759176
2026-07-04 11:00:00,62513.1,62555.9,62469.8,62493.7,75.75158951
2026-07-04 12:00:00,62493.7,62703.5,62493.6,62666.1,120.89275109
2026-07-04 13:00:00,62666.1,62780.0,62546.4,62592.1,195.56949679
2026-07-04 14:00:00,62592.1,62743.5,62592.0,62700.6,75.23930281
2026-07-04 15:00:00,62700.6,63090.9,62697.7,62939.7,341.77429585
2026-07-04 16:00:00,62939.7,62970.0,62784.4,62921.3,195.86824895
2026-07-04 17:00:00,62921.4,63448.8,62809.1,63282.6,295.33669046
2026-07-04 18:00:00,63282.7,63352.9,63098.6,63169.7,189.2119349
2026-07-04 19:00:00,63169.8,63469.3,63123.3,63299.4,81.21332256
2026-07-04 20:00:00,63299.4,63397.2,63160.7,63235.1,52.16288644
2026-07-04 21:00:00,63235.1,63456.5,63205.5,63297.1,61.26344144
2026-07-04 22:00:00,63297.1,63310.9,63159.9,63197.1,68.26497282
2026-07-04 23:00:00,63197.1,63239.3,62935.1,63140.6,131.09428733
2026-07-05 00:00:00,63140.6,63143.8,62889.6,62987.9,149.75534716
2026-07-05 01:00:00,62988.0,63047.3,62800.0,62886.1,156.05279736
2026-07-05 02:00:00,62886.1,62926.9,62594.0,62698.7,114.34435027
2026-07-05 03:00:00,62698.8,62797.1,62656.0,62768.5,107.47829749
2026-07-05 04:00:00,62768.5,62962.7,62709.2,62819.0,82.8467094
2026-07-05 05:00:00,62819.0,62819.0,62659.1,62742.3,58.4605707
2026-07-05 06:00:00,62742.8,62827.2,62674.2,62780.3,59.50087327
2026-07-05 07:00:00,62780.4,63056.0,62722.1,63021.1,140.46411505
2026-07-05 08:00:00,63021.1,63105.6,62897.3,62916.9,98.00918086
2026-07-05 09:00:00,62916.9,62932.0,62444.4,62625.3,264.70371213
2026-07-05 10:00:00,62625.3,62755.2,62542.8,62755.2,93.18846989
2026-07-05 11:00:00,62755.2,62812.3,62615.5,62656.2,159.36508168
2026-07-05 12:00:00,62658.0,62775.2,62571.8,62747.0,84.33059939
2026-07-05 13:00:00,62748.6,62822.8,62648.5,62798.2,98.04017513
2026-07-05 14:00:00,62798.2,62818.7,62661.5,62818.6,154.03098072
2026-07-05 15:00:00,62818.7,62942.7,62682.3,62741.8,220.08683636
2026-07-05 16:00:00,62741.9,62780.5,62604.4,62646.4,124.43586579
2026-07-05 17:00:00,62645.5,62824.0,62604.3,62631.9,46.73682029
2026-07-05 18:00:00,62631.9,62887.8,62621.0,62820.2,48.83007516
2026-07-05 19:00:00,62820.3,62883.6,62726.9,62777.6,28.21579804
2026-07-05 20:00:00,62777.6,62845.4,62709.9,62735.2,21.01073882
2026-07-05 21:00:00,62734.9,63218.4,62614.9,63093.1,277.6149961
2026-07-05 22:00:00,63093.1,63957.4,63002.1,63732.2,702.30786402
2026-07-05 23:00:00,63732.3,63999.8,63563.9,63644.4,246.66122609
2026-07-06 00:00:00,63646.6,63773.5,63346.0,63759.2,305.88105123
2026-07-06 01:00:00,63759.2,63918.9,63555.0,63574.1,146.93468984
2026-07-06 02:00:00,63574.2,63676.7,63375.0,63460.8,217.17671536
2026-07-06 03:00:00,63460.8,63501.5,63139.6,63303.9,197.29854429
2026-07-06 04:00:00,63303.9,63407.0,63193.3,63276.6,144.4087445
2026-07-06 05:00:00,63270.7,63274.1,62950.1,63115.1,238.01031822
2026-07-06 06:00:00,63115.2,63156.9,62976.9,62994.6,152.39593225
2026-07-06 07:00:00,62993.2,63131.9,62891.6,63095.8,219.88569942
2026-07-06 08:00:00,63095.7,63250.0,62842.5,62906.8,284.35459612
2026-07-06 09:00:00,62906.8,62925.0,62637.2,62671.5,481.10995226
2026-07-06 10:00:00,62671.6,63044.4,62667.9,62824.6,385.63345867
2026-07-06 11:00:00,62825.3,63000.0,62483.4,62489.7,243.29944587
2026-07-06 12:00:00,62483.6,62489.9,61673.6,61762.9,1145.15910292
2026-07-06 13:00:00,61763.0,62032.0,61318.3,61773.7,779.75833466
2026-07-06 14:00:00,61773.7,62433.0,61718.7,62050.8,532.08229813
2026-07-06 15:00:00,62051.0,63548.3,62051.0,63546.8,1008.12437061
2026-07-06 16:00:00,63547.9,63862.9,63383.3,63735.2,674.14287063
2026-07-06 17:00:00,63735.3,63980.0,63574.8,63590.6,348.35981034
2026-07-06 18:00:00,63592.0,63898.3,63558.3,63703.0,158.39639186
2026-07-06 19:00:00,63703.1,63894.7,63659.5,63733.9,225.56811822
2026-07-06 20:00:00,63736.0,63898.0,63594.6,63825.5,114.06110117
2026-07-06 21:00:00,63825.5,64706.3,63810.6,64490.8,657.47904797
2026-07-06 22:00:00,64493.9,64512.0,64160.4,64249.9,134.55293952
2026-07-06 23:00:00,64249.9,64346.1,64028.8,64049.0,150.24282584
2026-07-07 00:00:00,64049.1,64314.2,64010.4,64200.9,142.71535488
2026-07-07 01:00:00,64200.2,64202.1,63779.2,63844.0,281.37408345
2026-07-07 02:00:00,63844.1,63913.1,63292.3,63329.2,299.91899045
2026-07-07 03:00:00,63330.6,63421.2,63158.0,63191.0,202.67938736
2026-07-07 04:00:00,63191.0,63297.3,63069.6,63096.2,188.67508993
2026-07-07 05:00:00,63096.2,63264.4,62800.2,63127.8,351.66940387
2026-07-07 06:00:00,63126.8,63406.8,62991.6,63342.4,216.22506223
2026-07-07 07:00:00,63342.4,63448.8,63077.0,63087.3,136.06334191
2026-07-07 08:00:00,63087.4,63191.8,63012.3,63108.2,242.87721548
2026-07-07 09:00:00,63108.3,63349.3,63063.9,63259.8,153.41218667
2026-07-07 10:00:00,63259.8,63472.4,63213.6,63287.1,278.77670306
2026-07-07 11:00:00,63287.2,63455.3,63116.0,63409.9,150.33241763
2026-07-07 12:00:00,63410.0,63879.6,63396.3,63483.2,325.67610845
2026-07-07 13:00:00,63483.3,63486.2,63000.0,63058.8,645.24364425
2026-07-07 14:00:00,63058.8,63636.3,62663.1,63566.0,606.07812461
2026-07-07 15:00:00,63566.1,64119.7,63382.9,63940.9,718.61187249
2026-07-07 16:00:00,63941.0,64247.9,63818.8,63991.2,239.49274972
2026-07-07 17:00:00,63991.2,64240.0,63900.3,64193.7,145.89435269
2026-07-07 18:00:00,64195.1,64195.1,63675.1,63688.6,267.01040874
2026-07-07 19:00:00,63684.5,63899.9,63395.5,63826.8,251.28423557
2026-07-07 20:00:00,63825.2,63907.0,63621.2,63700.3,82.43707207
2026-07-07 21:00:00,63700.4,63871.0,63308.8,63426.7,139.76194993
2026-07-07 22:00:00,63429.0,63666.0,63221.9,63552.8,113.70005834
2026-07-07 23:00:00,63552.9,63715.7,63320.0,63368.1,89.04495901
2026-07-08 00:00:00,63366.4,63762.4,63306.8,63606.0,198.39950718
2026-07-08 01:00:00,63606.2,63650.4,62920.0,63034.6,403.5383853
2026-07-08 02:00:00,63034.6,63074.0,62535.7,62987.7,434.89128111
2026-07-08 03:00:00,62988.2,63103.3,62699.9,62772.9,168.7157632
2026-07-08 04:00:00,62773.0,62905.6,62676.4,62799.5,429.69489659
2026-07-08 05:00:00,62799.6,62880.3,62552.1,62647.7,117.53669071
2026-07-08 06:00:00,62647.7,62754.5,62467.6,62667.3,161.8767951
2026-07-08 07:00:00,62667.3,62899.9,62556.6,62889.9,297.16736682
2026-07-08 08:00:00,62889.5,62942.5,61855.9,62014.5,759.17501461
2026-07-08 09:00:00,62014.5,62168.9,61739.1,62056.2,462.16323948
2026-07-08 10:00:00,62056.2,62198.4,61900.1,62180.5,262.78525708
2026-07-08 11:00:00,62180.5,62399.1,62058.8,62304.2,206.11377613
2026-07-08 12:00:00,62304.3,62428.1,61960.3,61960.4,231.69320549
2026-07-08 13:00:00,61960.4,62099.2,61631.6,61948.6,391.15339067
2026-07-08 14:00:00,61945.1,62171.2,61714.2,61895.2,479.12720683
2026-07-08 15:00:00,61897.1,61925.6,61548.4,61699.4,374.97902918
2026-07-08 16:00:00,61699.2,62152.7,61690.4,62114.1,1664.31537402
2026-07-08 17:00:00,62114.1,62400.0,62033.3,62119.0,1186.34699917
2026-07-08 18:00:00,62119.1,62354.7,62041.3,62184.9,765.68931102
2026-07-08 19:00:00,62185.0,62294.9,62067.2,62282.5,406.08765605
2026-07-08 20:00:00,62284.5,62305.3,62084.8,62111.5,299.92955715
2026-07-08 21:00:00,62111.5,62256.3,61960.7,62189.4,324.7872054
2026-07-08 22:00:00,62189.5,62356.4,62172.8,62335.0,212.68544121
2026-07-08 23:00:00,62335.1,62354.4,62174.3,62286.5,290.90830984
2026-07-09 00:00:00,62283.4,62313.2,62059.7,62132.4,392.77081079
2026-07-09 01:00:00,62132.4,62645.2,61846.0,61908.4,373.61451716
2026-07-09 02:00:00,61910.5,62122.3,61697.0,61780.9,220.77055622
2026-07-09 03:00:00,61781.0,62064.5,61725.2,61969.6,554.3618827
2026-07-09 04:00:00,61969.7,62461.1,61954.1,62451.3,207.73409896
2026-07-09 05:00:00,62452.2,62628.0,62236.5,62596.2,309.03214209
2026-07-09 06:00:00,62596.3,62979.9,62481.4,62960.8,491.311862
2026-07-09 07:00:00,62960.8,63284.8,62798.3,63004.4,1514.79716168
2026-07-09 08:00:00,63004.4,63090.9,62846.9,62897.8,2807.84846646
2026-07-09 09:00:00,62894.8,63003.5,62785.0,62952.9,6050.50073095
2026-07-09 10:00:00,62952.9,63055.0,62681.7,62781.7,143.3287025
2026-07-09 11:00:00,62781.6,62833.7,62615.8,62784.6,261.77809337
2026-07-09 12:00:00,62784.6,62957.8,62462.1,62612.1,1165.62275254
2026-07-09 13:00:00,62612.1,63240.9,62520.1,63028.8,344.70424909
2026-07-09 14:00:00,63032.0,63151.2,62663.8,63015.8,293.64241093
2026-07-09 15:00:00,63015.9,63254.7,62812.5,62863.2,466.20080689
2026-07-09 16:00:00,62860.8,62994.9,62560.1,62698.9,387.57662053
2026-07-09 17:00:00,62698.9,63165.5,62656.6,63133.4,407.05423038
2026-07-09 18:00:00,63133.5,63500.0,63066.1,63220.0,337.0945633
2026-07-09 19:00:00,63220.1,63375.0,63151.5,63252.2,139.67558306
2026-07-09 20:00:00,63250.5,63328.0,63174.4,63318.5,57.98436073
2026-07-09 21:00:00,63318.6,63397.2,63205.0,63272.8,56.11252367
2026-07-09 22:00:00,63272.9,63419.9,63213.5,63218.9,125.42275792
2026-07-09 23:00:00,63218.9,63326.2,63057.3,63228.5,115.81671608
2026-07-10 00:00:00,63228.6,63251.6,62920.1,63109.3,151.33194296
2026-07-10 01:00:00,63109.3,63952.3,62957.5,63754.3,403.3829728
2026-07-10 02:00:00,63754.3,64056.1,63693.3,63973.7,362.98129726
2026-07-10 03:00:00,63973.8,64048.2,63828.2,63957.3,181.91133868
2026-07-10 04:00:00,63957.3,64183.6,63863.5,64052.0,245.77140287
2026-07-10 05:00:00,64050.0,64199.0,63952.8,64120.3,127.45369713
2026-07-10 06:00:00,64120.4,64164.8,63828.4,63846.7,914.07060457
2026-07-10 07:00:00,63846.7,64008.7,63791.4,63973.4,907.82640048
2026-07-10 08:00:00,63973.5,64388.0,63973.4,64237.7,430.86686731
2026-07-10 09:00:00,64236.1,64489.9,64100.1,64391.8,1209.85831091
2026-07-10 10:00:00,64391.8,64500.0,64278.0,64407.1,184.23994662
2026-07-10 11:00:00,64407.2,64479.5,64341.2,64431.7,120.73334458
2026-07-10 12:00:00,64431.7,64612.9,64272.6,64291.6,262.73268798
2026-07-10 13:00:00,64290.5,64694.9,64158.3,64486.1,338.67383577
2026-07-10 14:00:00,64485.2,64510.0,63779.4,63922.8,540.17521051
2026-07-10 15:00:00,63922.8,64214.9,63900.0,64045.4,252.3718235
2026-07-10 16:00:00,64044.5,64228.2,63833.4,64147.0,149.3427625
2026-07-10 17:00:00,64147.0,64161.3,63828.9,63829.0,128.99085267
2026-07-10 18:00:00,63829.0,64011.5,63742.2,63814.3,113.47748458
2026-07-10 19:00:00,63813.4,64052.1,63779.7,63923.0,148.90547677
2026-07-10 20:00:00,63923.1,63933.2,63664.0,63840.5,189.55786227
2026-07-10 21:00:00,63840.5,64097.7,63835.1,64017.3,88.79758214
2026-07-10 22:00:00,64017.4,64166.6,63982.6,64112.4,70.53565552
2026-07-10 23:00:00,64112.5,64215.1,64024.0,64169.6,87.64900551
2026-07-11 00:00:00,64169.7,64171.8,64024.3,64118.9,52.68043114
2026-07-11 01:00:00,64118.9,64316.3,64000.1,64012.2,134.18149145
2026-07-11 02:00:00,64012.3,64166.0,63984.4,64156.2,33.94172021
2026-07-11 03:00:00,64156.2,64200.9,64072.4,64153.1,58.83206538
2026-07-11 04:00:00,64153.1,64213.9,64080.9,64149.4,32.8397789
2026-07-11 05:00:00,64149.5,64222.5,64118.3,64171.8,46.93341247
2026-07-11 06:00:00,64171.8,64280.0,64120.8,64217.7,63.63262741
2026-07-11 07:00:00,64217.7,64254.8,64146.9,64153.1,94.48660927
2026-07-11 08:00:00,64153.1,64307.5,64152.7,64269.1,79.63875153
2026-07-11 09:00:00,64269.2,64306.7,64163.4,64171.8,102.47000726
2026-07-11 10:00:00,64171.9,64206.6,64152.7,64201.4,71.49416305
2026-07-11 11:00:00,64201.5,64230.7,64169.8,64215.7,224.94687859
2026-07-11 12:00:00,64215.8,64243.4,64152.7,64199.9,187.18303922
2026-07-11 13:00:00,64200.0,64276.5,64182.9,64250.0,132.19269998
2026-07-11 14:00:00,64250.1,64520.2,64250.0,64360.1,405.38109969
2026-07-11 15:00:00,64360.2,64500.0,63900.0,64175.2,495.17356744
2026-07-11 16:00:00,64175.2,64279.0,64087.3,64179.9,87.15586568
2026-07-11 17:00:00,64180.0,64404.7,64162.1,64323.7,63.34603991
2026-07-11 18:00:00,64323.4,64399.4,64292.2,64333.8,49.77653524
2026-07-11 19:00:00,64333.8,64348.2,64234.0,64289.2,65.48907516
2026-07-11 20:00:00,64289.2,64464.9,64289.1,64385.0,30.38508674
2026-07-11 21:00:00,64385.0,64432.7,64337.3,64355.6,19.44706699
2026-07-11 22:00:00,64355.6,64429.8,64149.0,64200.5,50.83197724
2026-07-11 23:00:00,64200.5,64253.6,63817.2,63817.2,152.02731116
2026-07-12 00:00:00,63817.3,63912.0,63705.1,63830.2,113.90240514
2026-07-12 01:00:00,63830.2,64170.9,63813.4,64134.4,90.14245276
2026-07-12 02:00:00,64134.4,64135.1,64028.9,64084.4,61.25207474
2026-07-12 03:00:00,64082.7,64228.7,64037.3,64228.6,67.68770034
2026-07-12 04:00:00,64228.7,64248.2,63943.5,63999.9,69.26482386
2026-07-12 05:00:00,64000.0,64025.2,63910.0,63964.7,57.53091943
2026-07-12 06:00:00,63964.7,63964.7,63643.2,63770.3,185.75729888
2026-07-12 07:00:00,63770.3,63911.5,63741.5,63891.3,97.17487177
2026-07-12 08:00:00,63891.2,64107.5,63891.2,63984.8,200.78408958
2026-07-12 09:00:00,63984.9,64052.0,63774.5,63956.2,131.24779884
2026-07-12 10:00:00,63956.3,63956.3,63832.6,63859.4,419.15557094
2026-07-12 11:00:00,63859.6,64042.8,63826.0,64025.0,66.7994688
2026-07-12 12:00:00,64025.1,64136.0,63977.6,64027.0,83.97256455
2026-07-12 13:00:00,64027.0,64100.0,63998.3,64028.5,65.48504998
2026-07-12 14:00:00,64028.6,64296.1,63959.7,64209.0,107.60058574
2026-07-12 15:00:00,64209.0,64267.0,64127.5,64180.1,101.67572354
2026-07-12 16:00:00,64180.1,64214.1,64044.7,64179.5,120.64051217
2026-07-12 17:00:00,64179.4,64179.5,64030.0,64084.2,41.35073296
2026-07-12 18:00:00,64084.2,64151.1,64016.6,64150.6,29.80946617
2026-07-12 19:00:00,64150.7,64278.1,64150.6,64232.6,46.50607661
2026-07-12 20:00:00,64232.7,64260.1,64179.1,64208.4,27.30815275
2026-07-12 21:00:00,64208.4,64240.5,63900.0,63924.0,114.94575026
2026-07-12 22:00:00,63924.0,63930.4,63673.8,63887.8,210.37339638
2026-07-12 23:00:00,63887.8,63920.2,63732.7,63785.6,100.88944687
2026-07-13 00:00:00,63785.7,64424.9,63558.1,64072.6,409.68591216
2026-07-13 01:00:00,64072.3,64072.3,63400.0,63414.9,376.31800631
2026-07-13 02:00:00,63415.0,63542.6,63225.7,63449.8,303.79650093
