timestamp,open,high,low,close,volume
2020-11-18 16:00:00+00:00,17720.1,18146.3,17188.8,18013.6,10886.09211532
2020-11-19 16:00:00+00:00,18011.6,18688.8,17643.5,18618.5,9712.9728679
2020-11-20 16:00:00+00:00,18618.5,18931.6,18208.6,18679.0,15840.56660023
2020-11-21 16:00:00+00:00,18678.9,18812.0,17580.0,18254.4,14630.57453194
2020-11-22 16:00:00+00:00,18253.6,18762.3,17990.3,18216.4,13503.11237296
2020-11-23 16:00:00+00:00,18216.4,19381.1,17990.0,19336.7,20517.43272127
2020-11-24 16:00:00+00:00,19333.3,19490.0,18526.2,19050.4,20121.98901331
2020-11-25 16:00:00+00:00,19051.3,19138.4,16358.0,16904.4,30649.54794171
2020-11-26 16:00:00+00:00,16904.3,17450.0,16135.1,16490.8,18415.20057959
2020-11-27 16:00:00+00:00,16499.5,17518.9,16468.7,17515.6,10002.87914867
2020-11-28 16:00:00+00:00,17516.1,18240.3,17516.0,18116.1,10801.9899919
2020-11-29 16:00:00+00:00,18116.3,19888.0,17931.1,19314.0,24731.97783846
2020-11-30 16:00:00+00:00,19314.3,19913.3,18066.0,19266.2,28164.46200403
2020-12-01 16:00:00+00:00,19266.2,19343.3,18323.7,18888.0,37452.22125125
2020-12-02 16:00:00+00:00,18889.2,19544.2,18770.2,19542.4,11446.87536544
2020-12-03 16:00:00+00:00,19538.0,19609.5,18684.7,18948.4,14355.49917398
2020-12-04 16:00:00+00:00,18947.9,19173.1,18505.0,19111.9,10930.92129131
2020-12-05 16:00:00+00:00,19112.0,19350.0,18854.4,19122.5,13759.49846031
2020-12-06 16:00:00+00:00,19123.9,19427.3,19018.2,19215.2,14657.35029513
2020-12-07 16:00:00+00:00,19215.3,19298.1,18610.5,18808.9,28068.45176752
2020-12-08 16:00:00+00:00,18808.6,18932.5,17652.0,18352.6,33260.2811554
2020-12-09 16:00:00+00:00,18351.5,18632.2,17907.2,18135.8,20555.41668451
2020-12-10 16:00:00+00:00,18134.4,18436.2,17565.0,18106.3,19046.28769318
2020-12-11 16:00:00+00:00,18103.3,18524.0,17875.3,18399.8,14677.41695241
2020-12-12 16:00:00+00:00,18399.9,19422.1,18365.9,19220.7,17941.79150316
2020-12-13 16:00:00+00:00,19220.8,19400.0,18990.3,19204.3,17016.56827521
2020-12-14 16:00:00+00:00,19203.5,19580.0,19041.0,19408.8,20002.70869732
2020-12-15 16:00:00+00:00,19408.8,20800.0,19275.9,20666.2,32784.62605624
2020-12-16 16:00:00+00:00,20666.3,23819.3,20553.6,23337.0,38950.96698905
2020-12-17 16:00:00+00:00,23337.3,23699.9,22332.0,22560.1,23034.39863412
2020-12-18 16:00:00+00:00,22558.0,23660.6,22466.4,23560.9,19564.00664772
2020-12-19 16:00:00+00:00,23556.8,24193.4,23079.1,23877.8,18972.73593255
2020-12-20 16:00:00+00:00,23875.2,24299.2,21928.9,23102.7,27009.02323235
2020-12-21 16:00:00+00:00,23102.0,23660.0,22372.6,23344.0,18333.29224081
2020-12-22 16:00:00+00:00,23344.0,24150.0,22806.0,23452.1,20625.61648037
2020-12-23 16:00:00+00:00,23452.2,23687.6,22604.2,23234.6,15324.68394829
2020-12-24 16:00:00+00:00,23234.7,24688.0,23109.4,24025.7,16243.90551642
2020-12-25 16:00:00+00:00,24025.8,25693.0,23993.1,25625.6,16132.31649673
2020-12-26 16:00:00+00:00,25627.0,28415.9,25570.2,27362.7,26205.46232193
2020-12-27 16:00:00+00:00,27362.8,27510.3,25837.1,26910.0,16966.7674222
2020-12-28 16:00:00+00:00,26910.7,27240.7,25840.0,26618.9,13164.68086682
2020-12-29 16:00:00+00:00,26618.8,28585.0,26241.9,28165.8,13391.15176578
2020-12-30 16:00:00+00:00,28165.8,29309.0,27885.0,28780.7,17994.7308927
2020-12-31 16:00:00+00:00,28780.0,29629.0,28320.0,29185.7,17525.9378863
2021-01-01 16:00:00+00:00,29185.7,31817.6,28636.0,31701.1,21300.13870046
2021-01-02 16:00:00+00:00,31707.2,34786.4,30414.9,33517.4,19720.68651353
2021-01-03 16:00:00+00:00,33514.6,33865.6,27600.0,31738.9,24097.81521644
2021-01-04 16:00:00+00:00,31737.1,32839.5,29880.0,32100.0,15756.44649381
2021-01-05 16:00:00+00:00,32093.1,35808.4,31770.0,34559.3,25062.78495686
2021-01-06 16:00:00+00:00,34552.5,38963.4,34271.1,38959.1,24946.95826383
2021-01-07 16:00:00+00:00,38963.5,41950.0,36518.0,40812.6,34286.43243929
2021-01-08 16:00:00+00:00,40822.2,41625.2,38638.4,40529.0,19794.75653801
2021-01-09 16:00:00+00:00,40522.7,41350.0,38500.0,39671.0,20905.93428099
2021-01-10 16:00:00+00:00,39671.1,39763.2,31065.4,31577.0,43906.49335502
2021-01-11 16:00:00+00:00,31581.1,36627.1,30416.8,33826.4,39286.53509336
2021-01-12 16:00:00+00:00,33830.9,35547.8,32376.1,34669.7,31037.82616678
2021-01-13 16:00:00+00:00,34668.2,40140.3,34380.2,39534.1,23392.39941355
2021-01-14 16:00:00+00:00,39540.3,40018.0,35243.6,35629.7,17480.07030216
2021-01-15 16:00:00+00:00,35635.8,37949.1,34410.1,37463.5,23152.03535839
2021-01-16 16:00:00+00:00,37470.4,37743.7,33853.3,35735.0,20396.2170786
2021-01-17 16:00:00+00:00,35733.1,37489.5,34779.1,36418.4,13999.15254972
2021-01-18 16:00:00+00:00,36414.5,37545.1,35400.3,37327.9,13690.96907794
2021-01-19 16:00:00+00:00,37327.8,37867.7,33988.8,34186.8,26957.00677593
2021-01-20 16:00:00+00:00,34190.5,35659.9,31040.0,31390.0,23799.91589427
2021-01-21 16:00:00+00:00,31389.9,32751.7,28842.2,32464.5,38067.75931707
2021-01-22 16:00:00+00:00,32467.5,33815.9,31401.1,31883.1,15545.94400814
2021-01-23 16:00:00+00:00,31883.3,33093.6,31619.0,31953.6,9988.56855136
2021-01-24 16:00:00+00:00,31956.3,34869.4,30918.4,34450.5,13969.16570698
2021-01-25 16:00:00+00:00,34458.8,34609.0,30808.3,31744.2,14491.15026842
2021-01-26 16:00:00+00:00,31744.1,32912.2,29230.5,30244.5,19979.55358239
2021-01-27 16:00:00+00:00,30244.5,32215.1,29492.0,31931.0,22504.27494226
2021-01-28 16:00:00+00:00,31936.0,38562.5,31644.7,37129.9,43625.77070585
2021-01-29 16:00:00+00:00,37131.8,37538.6,32829.1,34222.9,29020.74525038
2021-01-30 16:00:00+00:00,34214.2,34773.5,32500.0,32859.6,11460.7804402
2021-01-31 16:00:00+00:00,32862.2,34713.8,32170.2,33154.8,14655.3100645
2021-02-01 16:00:00+00:00,33154.9,35666.0,33141.0,34717.7,11768.62240185
2021-02-02 16:00:00+00:00,34716.3,36905.9,34567.9,36849.8,19331.625332
2021-02-03 16:00:00+00:00,36847.6,38732.4,36176.4,36571.6,23208.21595469
2021-02-04 16:00:00+00:00,36572.8,38300.0,36420.1,37974.4,16837.74325148
2021-02-05 16:00:00+00:00,37981.6,40860.0,37300.0,40849.7,17133.47837583
2021-02-06 16:00:00+00:00,40851.9,40950.0,37567.2,37924.8,14046.75420735
2021-02-07 16:00:00+00:00,37922.4,44625.0,37344.1,43698.4,22425.86698268
2021-02-08 16:00:00+00:00,43699.0,48137.3,42541.2,46779.9,18159.04738843
2021-02-09 16:00:00+00:00,46772.2,47495.3,43729.0,44348.7,15531.26527632
2021-02-10 16:00:00+00:00,44354.5,48386.0,43831.9,47956.9,12522.56585638
2021-02-11 16:00:00+00:00,47962.5,49000.0,46108.2,47026.8,11018.71944938
2021-02-12 16:00:00+00:00,47026.8,48132.0,46221.8,47086.0,15324.07742338
2021-02-13 16:00:00+00:00,47088.7,49705.1,46666.0,48543.2,8939.40385462
2021-02-14 16:00:00+00:00,48546.2,49291.0,45680.0,47951.2,10563.53003962
2021-02-15 16:00:00+00:00,47950.2,50654.0,47012.2,48957.0,10913.5370441
2021-02-16 16:00:00+00:00,48960.7,51678.3,47755.0,51150.3,11221.12455374
2021-02-17 16:00:00+00:00,51150.3,52617.9,50771.2,51571.5,14851.49857477
2021-02-18 16:00:00+00:00,51569.7,53890.0,50706.0,53866.7,7578.92285619
2021-02-19 16:00:00+00:00,53858.9,57586.6,53605.3,56131.4,21600.28934873
2021-02-20 16:00:00+00:00,56143.6,57827.5,53927.8,57321.3,7747.10562491
2021-02-21 16:00:00+00:00,57321.4,58318.0,47668.0,53231.9,19078.39520193
2021-02-22 16:00:00+00:00,53237.5,54982.1,44890.9,48618.8,35989.94001385
2021-02-23 16:00:00+00:00,48618.8,51351.9,45223.0,49821.0,24392.69307714
2021-02-24 16:00:00+00:00,49823.5,52000.0,48011.0,50839.1,11431.130078
2021-02-25 16:00:00+00:00,50839.2,51350.0,44108.2,47585.1,24957.57948353
2021-02-26 16:00:00+00:00,47579.8,48418.6,45064.6,46514.6,11949.24934439
2021-02-27 16:00:00+00:00,46528.0,47559.7,43173.3,43395.9,13032.51519407
2021-02-28 16:00:00+00:00,43392.6,49284.0,43001.0,49186.6,13247.07597745
2021-03-01 16:00:00+00:00,49188.4,50210.1,47907.2,48668.4,12328.58902669
2021-03-02 16:00:00+00:00,48668.4,52630.1,47058.9,50771.3,13530.08157391
2021-03-03 16:00:00+00:00,50779.3,51771.8,48511.4,49396.8,12950.96545298
2021-03-04 16:00:00+00:00,49419.0,50036.1,46299.9,47867.5,13143.30351012
2021-03-05 16:00:00+00:00,47867.5,49449.8,46875.9,47266.4,19138.3779857
2021-03-06 16:00:00+00:00,47266.4,51273.0,47120.0,50588.2,8628.28361171
2021-03-07 16:00:00+00:00,50591.2,51829.9,49254.2,51057.7,13044.42477666
2021-03-08 16:00:00+00:00,51065.9,54796.0,50542.9,54089.0,11679.97274674
2021-03-09 16:00:00+00:00,54083.1,56486.0,53018.0,56351.0,10931.78461247
2021-03-10 16:00:00+00:00,56341.3,57434.8,54278.4,56341.5,14942.01659824
2021-03-11 16:00:00+00:00,56343.7,58145.9,55030.9,56931.2,22467.71968517
2021-03-12 16:00:00+00:00,56933.1,60464.7,56082.4,59694.2,20133.36783008
2021-03-13 16:00:00+00:00,59688.6,61829.0,59291.6,59673.2,10385.4124389
2021-03-14 16:00:00+00:00,59673.3,60734.9,54434.0,56206.5,18321.14094409
2021-03-15 16:00:00+00:00,56208.3,56935.5,53272.7,55843.0,16075.95647374
2021-03-16 16:00:00+00:00,55843.1,57173.8,54133.0,54927.2,10586.26249259
2021-03-17 16:00:00+00:00,54925.6,59689.7,54734.1,59535.8,10565.81573219
2021-03-18 16:00:00+00:00,59542.8,60140.0,56277.7,58986.2,11008.15732739
2021-03-19 16:00:00+00:00,58986.1,59909.5,57833.6,59253.0,20661.16532082
2021-03-20 16:00:00+00:00,59253.0,59473.3,55391.4,57158.5,17763.09228804
2021-03-21 16:00:00+00:00,57158.9,58430.0,55479.6,57075.4,13095.55442971
2021-03-22 16:00:00+00:00,57078.1,57185.6,52952.6,55167.6,12514.79063954
2021-03-23 16:00:00+00:00,55167.7,57198.9,53525.5,56286.6,13258.86719489
2021-03-24 16:00:00+00:00,56294.6,56424.2,50444.1,50972.8,19268.55856356
2021-03-25 16:00:00+00:00,50983.1,53816.0,50535.4,53317.8,16145.70232307
2021-03-26 16:00:00+00:00,53317.8,55531.0,52888.4,54967.9,16782.53545328
2021-03-27 16:00:00+00:00,54963.3,56629.9,54962.0,56364.5,13515.31052326
2021-03-28 16:00:00+00:00,56364.5,58400.0,54689.8,57718.0,10872.36224639
2021-03-29 16:00:00+00:00,57718.0,59377.0,57075.0,58541.7,12120.37100651
2021-03-30 16:00:00+00:00,58541.6,59800.0,56820.1,59286.3,10425.07639947
2021-03-31 16:00:00+00:00,59291.9,59660.9,58134.6,58986.0,9988.98479871
2021-04-01 16:00:00+00:00,58992.1,60200.0,57939.8,59493.2,9548.50312823
2021-04-02 16:00:00+00:00,59506.1,59829.6,58466.1,58843.9,8495.51143992
2021-04-03 16:00:00+00:00,58843.9,59151.6,56431.1,57928.1,24598.12854102
2021-04-04 16:00:00+00:00,57933.5,59328.6,56800.0,59033.9,8059.36167368
2021-04-05 16:00:00+00:00,59025.0,59500.0,57400.0,57813.9,8926.89416692
2021-04-06 16:00:00+00:00,57815.0,58663.9,55611.7,56462.9,12656.68723399
2021-04-07 16:00:00+00:00,56462.4,57923.8,55500.0,57772.7,8445.90709634
2021-04-08 16:00:00+00:00,57772.7,58915.0,57455.1,58246.2,6713.7612875
2021-04-09 16:00:00+00:00,58246.2,61331.7,57862.2,60255.9,7532.19050853
2021-04-10 16:00:00+00:00,60261.7,60711.4,58222.0,59641.7,9821.08928028
2021-04-11 16:00:00+00:00,59641.7,61271.8,59395.7,59996.5,9637.670108
2021-04-12 16:00:00+00:00,59996.5,63665.1,59678.9,63331.2,9840.86360143
2021-04-13 16:00:00+00:00,63327.4,64846.9,62359.4,63049.4,10316.48558368
2021-04-14 16:00:00+00:00,63032.3,63765.4,61300.0,62718.8,11031.13700001
2021-04-15 16:00:00+00:00,62723.3,63780.0,59980.0,61521.5,16685.63705849
2021-04-16 16:00:00+00:00,61521.5,62528.7,60042.4,60189.7,11709.9007926
2021-04-17 16:00:00+00:00,60189.4,60940.0,50900.0,55450.3,33249.91839661
2021-04-18 16:00:00+00:00,55436.9,57520.9,54209.6,54583.0,10627.49764204
2021-04-19 16:00:00+00:00,54569.5,56610.5,53332.6,55322.3,13732.78403749
2021-04-20 16:00:00+00:00,55322.8,57075.0,54282.2,56149.3,10503.99664421
2021-04-21 16:00:00+00:00,56149.3,56327.9,52777.0,54649.6,16693.58961326
2021-04-22 16:00:00+00:00,54649.6,55150.0,47503.7,49837.8,39938.82035812
2021-04-23 16:00:00+00:00,49825.1,51265.3,48674.6,50216.4,18722.11234488
2021-04-24 16:00:00+00:00,50213.6,50990.0,49083.1,50250.3,10117.42755604
2021-04-25 16:00:00+00:00,50250.3,53938.4,46988.1,53564.9,14160.16916721
2021-04-26 16:00:00+00:00,53569.0,55315.8,52615.2,54974.3,10028.86666122
2021-04-27 16:00:00+00:00,54972.8,55734.5,53809.8,54331.5,6699.18420514
2021-04-28 16:00:00+00:00,54331.6,56426.9,53318.3,53727.6,15421.67576948
2021-04-29 16:00:00+00:00,53715.5,57243.7,52344.1,57142.1,11557.64579321
2021-04-30 16:00:00+00:00,57142.0,58476.3,56289.4,57359.9,12641.69884463
2021-05-01 16:00:00+00:00,57360.0,58004.3,56002.3,56597.9,12294.93472157
2021-05-02 16:00:00+00:00,56597.9,58982.9,56201.4,57599.8,8980.07658577
2021-05-03 16:00:00+00:00,57599.8,58174.9,53559.4,53807.5,14052.7495846
2021-05-04 16:00:00+00:00,53810.7,57718.7,52910.0,57629.4,11972.95175955
2021-05-05 16:00:00+00:00,57629.5,58367.3,56379.0,57101.1,13820.56061901
2021-05-06 16:00:00+00:00,57101.1,57711.8,55140.5,57512.8,11847.88806804
2021-05-07 16:00:00+00:00,57517.2,59448.0,56750.7,57584.4,12173.67390348
2021-05-08 16:00:00+00:00,57590.0,59520.0,56226.5,57379.1,23450.76033876
2021-05-09 16:00:00+00:00,57371.9,59541.6,56500.0,58309.8,12705.79869319
2021-05-10 16:00:00+00:00,58309.9,58576.1,53555.0,56053.4,19678.81856625
2021-05-11 16:00:00+00:00,56053.4,57987.9,55242.8,55476.5,10830.34884796
2021-05-12 16:00:00+00:00,55477.3,55667.3,45750.0,49635.6,34850.08739376
2021-05-13 16:00:00+00:00,49635.7,51474.8,46966.3,51204.0,15955.26423756
2021-05-14 16:00:00+00:00,51210.0,51312.3,47777.0,48987.6,16048.68139826
2021-05-15 16:00:00+00:00,48990.5,49797.8,46301.3,47712.3,15710.44270211
2021-05-16 16:00:00+00:00,47723.7,48095.4,42123.6,43352.6,40585.60725109
2021-05-17 16:00:00+00:00,43349.8,45795.8,42100.0,42975.6,27115.01063645
2021-05-18 16:00:00+00:00,42974.8,43816.3,29000.0,37276.7,108850.75896848
2021-05-19 16:00:00+00:00,37278.0,42398.2,34909.8,41434.1,85200.82985815
2021-05-20 16:00:00+00:00,41434.1,42222.0,36333.0,36785.0,61452.2344343
2021-05-21 16:00:00+00:00,36780.4,38842.8,33477.2,38150.8,61578.18900864
2021-05-22 16:00:00+00:00,38155.4,38553.3,32610.0,33317.5,47567.49454141
2021-05-23 16:00:00+00:00,33317.5,38649.0,31083.3,37545.5,51820.31655241
2021-05-24 16:00:00+00:00,37542.7,39933.0,36424.5,38263.0,28472.86824878
2021-05-25 16:00:00+00:00,38271.0,40855.3,37123.0,38758.9,20862.01311699
2021-05-26 16:00:00+00:00,38759.0,40420.0,37142.5,39677.8,21056.05793635
2021-05-27 16:00:00+00:00,39671.3,39733.1,35111.2,36749.0,24169.94667185
2021-05-28 16:00:00+00:00,36756.9,37337.2,33808.9,34420.7,25996.69603781
2021-05-29 16:00:00+00:00,34422.8,36507.9,33379.7,35488.0,19926.16476393
2021-05-30 16:00:00+00:00,35488.0,37279.9,34149.4,36965.2,18500.26428781
2021-05-31 16:00:00+00:00,36962.6,37894.2,35633.5,36228.7,18700.02340798
2021-06-01 16:00:00+00:00,36228.7,38223.0,35719.9,38034.0,16014.30671224
2021-06-02 16:00:00+00:00,38034.0,39482.0,37174.5,38541.2,9593.86156492
2021-06-03 16:00:00+00:00,38538.1,39277.6,35508.0,36951.4,15003.94248492
2021-06-04 16:00:00+00:00,36951.5,37913.9,35233.0,36326.6,17393.15575576
2021-06-05 16:00:00+00:00,36322.2,36469.5,34812.5,36161.8,13943.65947532
2021-06-06 16:00:00+00:00,36160.1,36798.8,35227.0,36034.9,11459.37879513
2021-06-07 16:00:00+00:00,36034.9,36079.0,31000.0,31699.4,25688.25655479
2021-06-08 16:00:00+00:00,31702.0,36700.4,31558.5,36360.1,24042.02075832
2021-06-09 16:00:00+00:00,36360.2,38450.9,35652.0,36899.7,23586.21988426
2021-06-10 16:00:00+00:00,36899.7,37683.5,35800.0,36823.0,17841.91975258
2021-06-11 16:00:00+00:00,36823.0,37493.0,34622.4,35392.2,34028.93609333
2021-06-12 16:00:00+00:00,35394.4,36159.0,34756.4,36037.2,17732.88674604
2021-06-13 16:00:00+00:00,36037.2,41033.8,35971.0,40685.0,22548.53140477
2021-06-14 16:00:00+00:00,40685.0,40850.0,39281.0,40064.8,15659.20458383
2021-06-15 16:00:00+00:00,40064.9,41324.4,38554.8,38780.1,19349.90364139
2021-06-16 16:00:00+00:00,38780.1,39710.0,38108.0,39017.3,22922.95412715
2021-06-17 16:00:00+00:00,39017.4,39115.1,36292.1,36353.9,24700.45239006
2021-06-18 16:00:00+00:00,36354.0,36728.2,34811.0,36104.6,28028.41150438
2021-06-19 16:00:00+00:00,36104.5,36207.4,33339.0,34417.7,25761.40653665
2021-06-20 16:00:00+00:00,34417.7,36127.2,31693.2,32686.7,42479.29022648
2021-06-21 16:00:00+00:00,32686.7,33265.2,28808.0,31741.0,47638.37315994
2021-06-22 16:00:00+00:00,31741.0,34832.8,31700.0,33478.7,33396.54998001
2021-06-23 16:00:00+00:00,33478.6,34585.9,32304.5,33879.5,22943.64793094
2021-06-24 16:00:00+00:00,33879.6,35490.2,32342.7,32598.2,26938.31483961
2021-06-25 16:00:00+00:00,32600.4,32896.4,30156.2,31525.6,32078.42790224
2021-06-26 16:00:00+00:00,31527.7,33583.4,30779.1,33198.8,22228.02760775
2021-06-27 16:00:00+00:00,33198.9,35295.5,32403.4,34975.3,19410.94027103
2021-06-28 16:00:00+00:00,34975.2,36426.0,33969.7,36247.3,18325.43382594
2021-06-29 16:00:00+00:00,36247.3,36610.6,34080.0,34195.0,16607.87614878
2021-06-30 16:00:00+00:00,34195.0,35200.0,33010.0,33437.0,19325.09730571
2021-07-01 16:00:00+00:00,33437.0,33975.2,32696.9,33704.4,24290.03838034
2021-07-02 16:00:00+00:00,33704.5,34811.8,33050.0,34612.9,16939.25346166
2021-07-03 16:00:00+00:00,34612.9,35718.7,34262.5,35513.5,15578.94812502
2021-07-04 16:00:00+00:00,35513.5,35964.3,33297.0,33579.9,11531.17347235
2021-07-05 16:00:00+00:00,33580.0,35123.0,33130.3,34046.6,11957.85524612
2021-07-06 16:00:00+00:00,34048.5,35066.2,33519.6,34532.8,14076.1654658
2021-07-07 16:00:00+00:00,34532.9,34793.2,32050.0,32898.1,24171.53089738
2021-07-08 16:00:00+00:00,32898.1,33689.4,32273.6,33553.2,24390.74389597
2021-07-09 16:00:00+00:00,33553.3,34266.0,33280.2,33867.7,22963.48843474
2021-07-10 16:00:00+00:00,33867.7,34193.5,33036.1,33951.4,8107.63749322
2021-07-11 16:00:00+00:00,33951.4,34669.8,33311.6,33340.8,11642.99126197
2021-07-12 16:00:00+00:00,33340.8,33447.2,32280.2,32782.1,10956.31732186
2021-07-13 16:00:00+00:00,32786.3,32962.2,31588.5,32781.8,11094.08951671
2021-07-14 16:00:00+00:00,32781.8,33188.0,31450.0,31680.6,7848.68007771
2021-07-15 16:00:00+00:00,31680.6,32197.0,31031.5,32134.8,37416.54161119
2021-07-16 16:00:00+00:00,32134.9,32248.0,31165.6,31764.7,14977.78521584
2021-07-17 16:00:00+00:00,31764.7,32441.2,31100.0,31373.7,11648.18576462
2021-07-18 16:00:00+00:00,31365.1,31927.8,30423.6,30693.8,12373.76771032
2021-07-19 16:00:00+00:00,30693.8,31065.2,29263.7,29893.2,11615.3174474
2021-07-20 16:00:00+00:00,29893.3,31974.4,29488.9,31931.9,11408.69305702
2021-07-21 16:00:00+00:00,31934.1,32849.4,31509.7,32503.2,13670.19604413
2021-07-22 16:00:00+00:00,32503.1,32916.1,32060.3,32312.0,14511.49923168
2021-07-23 16:00:00+00:00,32312.6,34049.4,31960.6,33859.4,37797.59910332
2021-07-24 16:00:00+00:00,33857.0,34802.0,33677.0,34180.0,10180.29291247
2021-07-25 16:00:00+00:00,34180.1,39876.0,34092.5,38568.5,26470.73030356
2021-07-26 16:00:00+00:00,38568.4,40602.2,36393.3,38215.6,27492.60474353
2021-07-27 16:00:00+00:00,38215.6,40888.0,37362.8,39694.0,19678.78479246
2021-07-28 16:00:00+00:00,39694.0,40682.4,38780.0,39949.3,17036.67898891
2021-07-29 16:00:00+00:00,39949.3,40408.3,38323.1,39071.0,22663.6259288
2021-07-30 16:00:00+00:00,39074.2,42405.6,38873.1,41550.4,37172.33038917
2021-07-31 16:00:00+00:00,41542.4,42574.6,41026.1,41289.0,7790.56640371
2021-08-01 16:00:00+00:00,41290.3,41499.9,38907.7,39700.6,15893.85731787
2021-08-02 16:00:00+00:00,39700.7,39968.0,37696.5,38172.8,15587.76370594
2021-08-03 16:00:00+00:00,38172.9,39469.3,37486.5,39302.8,13569.53980313
2021-08-04 16:00:00+00:00,39302.8,39977.5,37307.2,38751.5,17839.53389338
2021-08-05 16:00:00+00:00,38751.5,42639.0,38743.8,42210.3,17008.38929013
2021-08-06 16:00:00+00:00,42210.2,44549.3,42210.2,43373.1,34169.59642841
2021-08-07 16:00:00+00:00,43373.1,45380.1,42438.0,43989.5,17276.44112981
2021-08-08 16:00:00+00:00,43990.3,46280.0,42777.8,45870.1,18562.61413262
2021-08-09 16:00:00+00:00,45870.1,46725.7,44857.6,45164.7,17019.23225479
2021-08-10 16:00:00+00:00,45164.6,46757.1,44633.9,46448.4,15469.81013621
2021-08-11 16:00:00+00:00,46451.4,46675.6,43916.1,44193.4,19359.43127821
2021-08-12 16:00:00+00:00,44197.5,46675.6,43766.3,46372.0,10161.67367449
2021-08-13 16:00:00+00:00,46369.0,48155.0,46000.0,46938.1,15946.58822205
2021-08-14 16:00:00+00:00,46938.2,47380.5,45492.1,46168.9,18222.31258814
2021-08-15 16:00:00+00:00,46168.9,48036.2,45645.0,46342.0,13418.35767676
2021-08-16 16:00:00+00:00,46342.1,47166.0,45232.1,45725.0,7999.12993496
2021-08-17 16:00:00+00:00,45725.2,46200.0,44213.5,45823.6,15699.70627936
2021-08-18 16:00:00+00:00,45823.7,46018.5,43933.2,45781.1,24706.81519755
2021-08-19 16:00:00+00:00,45781.2,48726.8,45408.3,48726.4,10477.2201332
2021-08-20 16:00:00+00:00,48726.3,49435.3,48229.0,49183.9,17822.68131945
2021-08-21 16:00:00+00:00,49183.8,49786.0,48022.0,48517.0,18371.44189355
2021-08-22 16:00:00+00:00,48516.9,50504.0,48171.1,49541.0,12815.72955803
2021-08-23 16:00:00+00:00,49536.4,49864.0,48201.0,48314.1,11974.06462197
2021-08-24 16:00:00+00:00,48314.1,48850.0,47111.0,48812.1,13328.33835533
2021-08-25 16:00:00+00:00,48812.0,49356.8,46278.7,46799.1,10323.40195156
2021-08-26 16:00:00+00:00,46799.2,48430.0,46349.8,48195.5,12046.92204437
2021-08-27 16:00:00+00:00,48195.5,49286.9,47989.2,48816.3,23236.69744106
2021-08-28 16:00:00+00:00,48816.4,49632.9,47737.9,48476.4,18355.04326099
2021-08-29 16:00:00+00:00,48481.0,49382.1,47358.5,48018.5,12315.48695949
2021-08-30 16:00:00+00:00,48018.4,48698.7,46683.6,47396.2,14745.66425358
2021-08-31 16:00:00+00:00,47396.2,47843.5,46501.0,47492.5,13025.25789184
2021-09-01 16:00:00+00:00,47492.5,50376.7,47392.9,49546.4,16935.68836389
2021-09-02 16:00:00+00:00,49546.5,51049.4,48319.2,50551.6,14469.39978403
2021-09-03 16:00:00+00:00,50551.6,50718.2,49567.9,49871.8,22969.14379951
2021-09-04 16:00:00+00:00,49871.7,50480.8,49350.0,50217.8,11633.76301854
2021-09-05 16:00:00+00:00,50217.8,52198.1,50113.4,51607.3,13228.39994455
2021-09-06 16:00:00+00:00,51607.3,52920.3,42619.5,46650.1,33593.75039008
2021-09-07 16:00:00+00:00,46650.0,47536.7,44419.9,46082.7,23684.96334499
2021-09-08 16:00:00+00:00,46083.3,47232.5,45525.9,46988.7,8664.8043086
2021-09-09 16:00:00+00:00,46988.7,47383.9,44740.3,45421.0,22990.91417686
2021-09-10 16:00:00+00:00,45421.0,45819.4,44132.4,45578.3,23856.73985512
2021-09-11 16:00:00+00:00,45578.4,46258.7,44742.9,45895.5,11056.82378073
2021-09-12 16:00:00+00:00,45895.5,46882.3,43346.7,44359.6,25578.71737713
2021-09-13 16:00:00+00:00,44359.6,46955.0,44171.4,46748.6,14752.84383803
2021-09-14 16:00:00+00:00,46748.6,48292.6,46333.5,48289.1,8210.61436046
2021-09-15 16:00:00+00:00,48289.1,48499.0,47217.8,48028.8,9017.31281557
2021-09-16 16:00:00+00:00,48028.9,48175.2,47029.8,47519.9,8289.52904226
2021-09-17 16:00:00+00:00,47520.0,48822.7,46752.3,48406.1,14526.14931283
2021-09-18 16:00:00+00:00,48406.1,48517.5,47051.9,47647.9,15904.65565929
2021-09-19 16:00:00+00:00,47648.0,47786.5,42476.2,43840.7,19631.53985157
2021-09-20 16:00:00+00:00,43840.6,44254.6,40041.8,43081.1,21258.75401532
2021-09-21 16:00:00+00:00,43081.1,43299.8,39566.8,43221.7,28201.83659304
2021-09-22 16:00:00+00:00,43221.8,44400.0,42870.3,43748.1,14961.22809425
2021-09-23 16:00:00+00:00,43748.1,45159.6,40659.0,41939.6,32675.3031644
2021-09-24 16:00:00+00:00,41939.7,43204.0,41650.7,42678.0,30665.38873493
2021-09-25 16:00:00+00:00,42678.0,43789.9,40754.3,43343.6,19220.22228301
2021-09-26 16:00:00+00:00,43343.6,44356.9,42670.7,43290.9,14655.31163362
2021-09-27 16:00:00+00:00,43290.9,43410.2,41278.6,41446.7,17706.90260496
2021-09-28 16:00:00+00:00,41446.8,42588.4,40733.1,41698.6,17768.57914169
2021-09-29 16:00:00+00:00,41698.6,43831.3,40900.0,43144.7,12887.5865478
2021-09-30 16:00:00+00:00,43144.8,47888.0,42824.3,47355.7,22599.4800884
2021-10-01 16:00:00+00:00,47357.4,48463.6,47245.0,47833.6,11595.00521825
2021-10-02 16:00:00+00:00,47833.7,48289.1,47100.1,47888.6,9681.51201365
2021-10-03 16:00:00+00:00,47888.7,49279.5,47000.0,47767.9,11503.98884749
2021-10-04 16:00:00+00:00,47768.0,50379.3,47710.3,49789.6,8072.96519861
2021-10-05 16:00:00+00:00,49789.6,56000.0,49645.5,54988.9,25133.87769463
2021-10-06 16:00:00+00:00,54988.8,55764.6,53368.0,53917.0,10940.47537403
2021-10-07 16:00:00+00:00,53917.1,56215.5,53438.4,54323.2,18841.23160703
2021-10-08 16:00:00+00:00,54317.5,55500.0,53666.0,54974.4,15889.38960841
2021-10-09 16:00:00+00:00,54974.4,56091.9,54074.5,55365.9,17737.62214904
2021-10-10 16:00:00+00:00,55365.9,57637.3,54350.0,57478.6,10302.94396179
2021-10-11 16:00:00+00:00,57484.5,57824.6,55976.9,56305.0,16835.28874623
2021-10-12 16:00:00+00:00,56305.0,56600.0,53700.0,56152.9,14724.90436567
2021-10-13 16:00:00+00:00,56152.8,58543.1,56073.5,57346.0,20956.62059463
2021-10-14 16:00:00+00:00,57346.0,60370.0,56793.2,60039.9,17666.96470027
2021-10-15 16:00:00+00:00,60033.1,62980.9,59999.0,60955.6,15083.40297174
2021-10-16 16:00:00+00:00,60955.5,61464.0,60158.7,60768.5,8341.01043155
2021-10-17 16:00:00+00:00,60768.6,62718.3,58894.3,61999.9,15410.50658756
2021-10-18 16:00:00+00:00,61999.9,63366.5,61040.1,62394.9,21052.44774407
2021-10-19 16:00:00+00:00,62390.1,66999.0,62314.4,66871.7,15702.79336211
2021-10-20 16:00:00+00:00,66871.8,66939.9,61822.5,62988.7,18977.72844314
2021-10-21 16:00:00+00:00,62988.8,63723.9,60512.2,60694.5,15004.4694952
2021-10-22 16:00:00+00:00,60694.4,61739.4,59644.4,61447.9,11531.08768555
2021-10-23 16:00:00+00:00,61448.0,61622.0,59612.0,59867.0,19482.18926914
2021-10-24 16:00:00+00:00,59867.0,63649.2,59508.1,63592.0,7375.12073246
2021-10-25 16:00:00+00:00,63592.0,63715.6,61804.2,62528.6,11849.39505088
2021-10-26 16:00:00+00:00,62528.6,62740.2,57940.7,58820.1,20809.23385541
2021-10-27 16:00:00+00:00,58820.0,61820.0,58083.5,61134.7,8866.66629851
2021-10-28 16:00:00+00:00,61134.7,62532.5,55896.0,62303.3,17918.8890873
2021-10-29 16:00:00+00:00,62297.9,62960.9,60664.2,61371.8,10454.57551918
2021-10-30 16:00:00+00:00,61377.5,62397.1,59930.3,60450.1,11168.99373778
2021-10-31 16:00:00+00:00,60450.1,62445.5,59400.0,61545.2,13184.47003867
2021-11-01 16:00:00+00:00,61545.8,64250.0,60294.5,64011.7,11572.61880064
2021-11-02 16:00:00+00:00,64011.7,64249.7,61584.0,62173.7,7968.94564934
2021-11-03 16:00:00+00:00,62173.6,63332.7,59908.0,61037.7,12084.37261367
2021-11-04 16:00:00+00:00,61032.8,62594.0,60666.4,60772.4,13406.94812843
2021-11-05 16:00:00+00:00,60772.4,61537.7,60057.8,60640.5,13316.44691731
2021-11-06 16:00:00+00:00,60644.0,62371.0,60418.5,61940.4,9164.81320317
2021-11-07 16:00:00+00:00,61933.6,66500.0,61933.6,66371.9,10160.11850196
2021-11-08 16:00:00+00:00,66371.9,68538.2,65583.0,66796.5,9639.60755651
2021-11-09 16:00:00+00:00,66796.4,69040.1,65923.4,68350.0,8277.15857954
2021-11-10 16:00:00+00:00,68350.1,68760.4,62733.0,64802.9,17671.08188078
2021-11-11 16:00:00+00:00,64799.6,65459.9,62887.5,63150.0,11201.33025568
2021-11-12 16:00:00+00:00,63150.1,64800.0,62258.0,64699.1,21053.03491399
2021-11-13 16:00:00+00:00,64699.1,65333.8,63820.0,64077.1,8891.89623581
2021-11-14 16:00:00+00:00,64077.1,66342.4,63581.3,64280.0,9772.66935754
2021-11-15 16:00:00+00:00,64280.0,64428.3,58393.1,60680.0,24538.29485751
2021-11-16 16:00:00+00:00,60680.0,61157.4,58369.1,59659.9,13822.39788804
2021-11-17 16:00:00+00:00,59662.7,60954.0,57619.9,58091.6,13021.91794422
2021-11-18 16:00:00+00:00,58091.7,58490.0,55606.9,57886.7,12916.57816417
2021-11-19 16:00:00+00:00,57887.7,58974.0,57511.2,57600.0,10769.68364231
2021-11-20 16:00:00+00:00,57600.0,59853.4,57362.8,59203.2,8342.67264372
2021-11-21 16:00:00+00:00,59203.2,60035.7,56582.2,58191.0,16015.41221879
2021-11-22 16:00:00+00:00,58198.8,58246.1,55342.1,56892.7,16594.64605287
2021-11-23 16:00:00+00:00,56892.6,57869.6,55888.0,56742.5,11194.81871026
2021-11-24 16:00:00+00:00,56742.3,59170.3,56492.9,59054.0,11517.9156652
2021-11-25 16:00:00+00:00,59053.9,59399.7,53488.0,54325.0,18193.73687175
2021-11-26 16:00:00+00:00,54335.8,55275.6,53514.4,54899.9,10160.56075634
2021-11-27 16:00:00+00:00,54901.0,55220.0,53678.9,54295.2,7490.48012627
2021-11-28 16:00:00+00:00,54295.2,58238.4,53257.8,57119.4,14879.58509719
2021-11-29 16:00:00+00:00,57119.4,59184.6,55896.9,57232.1,15905.79030731
2021-11-30 16:00:00+00:00,57232.2,58824.3,56480.0,58613.5,12734.21870489
2021-12-01 16:00:00+00:00,58613.5,59048.7,55768.0,56499.8,12442.2487134
2021-12-02 16:00:00+00:00,56509.9,57617.8,55722.8,55962.4,11440.11437837
2021-12-03 16:00:00+00:00,55962.4,55965.5,41241.7,48191.1,48206.08471816
2021-12-04 16:00:00+00:00,48191.2,49701.5,47741.9,47952.5,11976.76194617
2021-12-05 16:00:00+00:00,47957.8,49521.5,47118.0,48943.9,17820.86156439
2021-12-06 16:00:00+00:00,48943.9,51936.0,48660.0,51736.5,13065.42599399
2021-12-07 16:00:00+00:00,51736.6,51860.5,48600.0,50648.0,13651.90853739
2021-12-08 16:00:00+00:00,50644.1,50860.2,48081.6,48464.9,9426.70030469
2021-12-09 16:00:00+00:00,48465.0,50134.1,47312.6,47980.3,19394.85271729
2021-12-10 16:00:00+00:00,47980.3,48919.9,46750.9,48757.2,14426.7253884
2021-12-11 16:00:00+00:00,48752.4,49932.6,48385.2,49618.1,8606.78508701
2021-12-12 16:00:00+00:00,49618.1,50773.1,47010.3,47251.7,9562.17564482
2021-12-13 16:00:00+00:00,47251.8,48040.7,45680.0,46846.3,16670.84805619
2021-12-14 16:00:00+00:00,46846.4,48775.1,46461.8,46633.0,17340.71886878
2021-12-15 16:00:00+00:00,46632.9,49500.0,46544.0,48590.0,16939.00242722
2021-12-16 16:00:00+00:00,48590.0,48707.4,45457.2,46520.0,13976.29418116
2021-12-17 16:00:00+00:00,46523.6,47442.7,45500.0,46869.8,14051.88578569
2021-12-18 16:00:00+00:00,46866.8,48325.0,46333.3,47240.0,14301.46233247
2021-12-19 16:00:00+00:00,47241.1,47555.2,45566.6,45975.8,12196.79788794
2021-12-20 16:00:00+00:00,45975.8,49315.9,45871.9,48413.8,15724.59399203
2021-12-21 16:00:00+00:00,48413.7,49563.6,48333.4,48880.1,10476.83250672
2021-12-22 16:00:00+00:00,48880.1,49242.7,48029.9,48806.5,9612.39245543
2021-12-23 16:00:00+00:00,48806.5,51502.5,48684.5,50956.4,13731.65029819
2021-12-24 16:00:00+00:00,50956.4,51815.6,50499.9,50666.3,8877.33994532
2021-12-25 16:00:00+00:00,50666.4,51149.9,49410.0,50050.3,9620.00211048
2021-12-26 16:00:00+00:00,50051.7,51680.0,49929.9,51447.0,9651.195881
2021-12-27 16:00:00+00:00,51446.9,52095.7,48306.8,48947.2,14489.9640098
2021-12-28 16:00:00+00:00,48947.1,48977.0,46600.0,47965.9,12463.2531437
2021-12-29 16:00:00+00:00,47965.8,48049.4,45900.0,47175.0,11449.44482686
2021-12-30 16:00:00+00:00,47175.0,48566.0,46735.9,47997.0,14355.23650594
2021-12-31 16:00:00+00:00,47999.0,48114.2,45678.0,47217.3,12758.10713095
2022-01-01 16:00:00+00:00,47218.0,47947.9,46761.8,47346.0,12994.38557808
2022-01-02 16:00:00+00:00,47346.0,47994.1,46581.3,46687.2,11323.89947353
2022-01-03 16:00:00+00:00,46687.1,47600.0,45688.0,46919.9,13685.02250922
2022-01-04 16:00:00+00:00,46919.9,47058.0,45500.0,46615.4,12589.1580029
2022-01-05 16:00:00+00:00,46615.5,46682.5,42416.4,42948.1,23245.96973206
2022-01-06 16:00:00+00:00,42948.0,43580.1,40565.8,41324.0,18091.92356886
2022-01-07 16:00:00+00:00,41320.0,42433.0,40921.7,41615.9,21067.89644653
2022-01-08 16:00:00+00:00,41615.8,42301.9,40515.9,41616.2,10201.56751641
2022-01-09 16:00:00+00:00,41616.3,42780.0,39636.1,40975.6,12341.44170772
2022-01-10 16:00:00+00:00,40975.7,42637.3,40544.3,41730.3,12412.6584878
2022-01-11 16:00:00+00:00,41730.3,44074.5,41684.5,43553.3,11318.69023154
2022-01-12 16:00:00+00:00,43556.7,44431.1,42882.5,43202.2,8780.95905639
2022-01-13 16:00:00+00:00,43202.3,43500.0,41748.0,43104.1,9883.49120784
2022-01-14 16:00:00+00:00,43104.0,43453.2,42566.4,43410.4,6448.59602403
2022-01-15 16:00:00+00:00,43410.4,43799.0,42600.0,43225.4,6481.29437077
2022-01-16 16:00:00+00:00,43225.5,43477.9,42317.6,42478.4,5750.17420408
2022-01-17 16:00:00+00:00,42475.1,42536.0,41284.9,41585.5,6562.97962191
2022-01-18 16:00:00+00:00,41585.6,42690.0,41140.0,41977.7,8317.55798133
2022-01-19 16:00:00+00:00,41977.7,43447.6,41553.7,43295.5,7356.49086533
2022-01-20 16:00:00+00:00,43299.9,43497.0,37688.0,38858.1,20843.46672721
2022-01-21 16:00:00+00:00,38858.2,39057.3,34000.0,34840.1,30873.28554064
2022-01-22 16:00:00+00:00,34840.0,36145.3,34252.4,35300.0,13933.78508265
2022-01-23 16:00:00+00:00,35300.0,36545.2,32928.1,34245.5,21228.60656431
2022-01-24 16:00:00+00:00,34245.6,38300.0,33808.0,36548.0,18152.60802374
2022-01-25 16:00:00+00:00,36551.9,38631.9,36430.6,37988.0,10829.74718478
2022-01-26 16:00:00+00:00,37988.1,38900.0,35524.1,36644.0,18671.0880961
2022-01-27 16:00:00+00:00,36644.1,37487.0,35546.3,37186.5,7870.33797268
2022-01-28 16:00:00+00:00,37186.5,38194.5,36776.3,37562.0,3945.80753793
2022-01-29 16:00:00+00:00,37560.0,38737.6,37300.0,37977.2,4271.80375774
2022-01-30 16:00:00+00:00,37978.0,38242.5,36638.0,37720.0,4536.10522229
2022-01-31 16:00:00+00:00,37720.9,39100.0,37682.6,38615.0,5783.55247115
2022-02-01 16:00:00+00:00,38615.1,39300.0,37355.5,37427.5,4439.97016537
2022-02-02 16:00:00+00:00,37426.5,37659.9,36254.0,36914.4,6240.46938133
2022-02-03 16:00:00+00:00,36914.4,39833.0,36268.4,39486.8,8634.56815397
2022-02-04 16:00:00+00:00,39486.9,41920.0,39448.1,41770.0,8121.20031019
2022-02-05 16:00:00+00:00,41770.0,42222.0,40947.5,41514.0,3643.41577425
2022-02-06 16:00:00+00:00,41514.0,43887.8,41422.4,43832.0,6835.92328385
2022-02-07 16:00:00+00:00,43832.0,45486.0,42888.0,43428.8,11258.34936001
2022-02-08 16:00:00+00:00,43428.7,44440.0,42668.1,43874.6,6151.95802439
2022-02-09 16:00:00+00:00,43874.6,45678.0,43166.4,44947.1,10952.76706068
2022-02-10 16:00:00+00:00,44947.1,45832.2,42604.1,43672.0,8189.45052567
2022-02-11 16:00:00+00:00,43671.9,43756.0,41741.0,42132.0,6160.98765497
2022-02-12 16:00:00+00:00,42129.8,43000.0,41708.9,42562.6,3706.68208871
2022-02-13 16:00:00+00:00,42562.6,42836.9,41555.5,42576.7,5011.40879482
2022-02-14 16:00:00+00:00,42576.8,44500.0,41800.1,44196.2,6348.68093195
2022-02-15 16:00:00+00:00,44196.2,44761.3,43318.1,43599.8,4544.66173326
2022-02-16 16:00:00+00:00,43599.9,44368.0,41700.0,41912.8,5495.59740459
2022-02-17 16:00:00+00:00,41914.3,42098.0,39638.3,39829.9,9161.52954784
2022-02-18 16:00:00+00:00,39829.8,40450.3,39447.1,39972.1,4300.43134147
2022-02-19 16:00:00+00:00,39972.1,40350.0,37955.5,38340.0,4784.69846031
2022-02-20 16:00:00+00:00,38339.5,39493.9,37199.9,38830.0,7863.47120248
2022-02-21 16:00:00+00:00,38830.0,39150.0,36352.0,37766.0,11267.01165072
2022-02-22 16:00:00+00:00,37765.9,39250.0,37390.0,38523.5,6545.22173303
2022-02-23 16:00:00+00:00,38523.6,38779.3,34322.0,35920.0,17151.371111
2022-02-24 16:00:00+00:00,35918.2,39871.3,35729.6,39416.9,16138.38355867
2022-02-25 16:00:00+00:00,39417.0,40308.0,38526.8,39216.9,5782.26834636
2022-02-26 16:00:00+00:00,39217.0,39860.0,38196.3,39361.5,6330.08990356
2022-02-27 16:00:00+00:00,39355.2,40900.0,36965.8,40823.1,12356.44112283
2022-02-28 16:00:00+00:00,40823.2,44949.6,40700.0,43639.7,15769.2456904
2022-03-01 16:00:00+00:00,43640.1,45333.0,43226.0,44123.9,9162.02583877
2022-03-02 16:00:00+00:00,44124.0,44482.6,42353.0,42545.3,5943.86263921
2022-03-03 16:00:00+00:00,42545.3,42742.1,40556.0,40687.3,10165.2893417
2022-03-04 16:00:00+00:00,40687.3,40963.1,38555.0,39156.1,5785.33025206
2022-03-05 16:00:00+00:00,39156.1,39700.0,38092.0,38856.0,5233.43834756
2022-03-06 16:00:00+00:00,38856.1,39360.0,37577.1,39073.0,7389.71378275
2022-03-07 16:00:00+00:00,39073.1,39550.0,37158.8,38658.0,9076.58475356
2022-03-08 16:00:00+00:00,38659.0,42583.5,38143.4,42520.6,12511.0549492
2022-03-09 16:00:00+00:00,42520.7,42555.0,38550.0,39177.9,14522.29103776
2022-03-10 16:00:00+00:00,39178.0,40239.0,38227.5,39078.0,9130.82216907
2022-03-11 16:00:00+00:00,39078.8,39300.0,38306.0,39046.1,4135.05318079
2022-03-12 16:00:00+00:00,39046.1,39460.3,38378.1,38938.1,3704.96520454
2022-03-13 16:00:00+00:00,38938.1,39309.8,37554.8,38968.0,7082.6843635
2022-03-14 16:00:00+00:00,38967.9,39936.0,38111.0,39019.9,8456.11713717
2022-03-15 16:00:00+00:00,39019.1,41738.1,38820.0,40617.9,17603.03053708
2022-03-16 16:00:00+00:00,40617.9,41476.9,39320.0,40798.0,14111.34632365
2022-03-17 16:00:00+00:00,40799.0,41065.9,40144.9,40929.9,6618.94277839
2022-03-18 16:00:00+00:00,40930.0,42311.0,40906.6,41940.1,7289.9336976
2022-03-19 16:00:00+00:00,41940.2,42398.0,41264.8,41345.1,6349.57815266
2022-03-20 16:00:00+00:00,41345.1,41666.6,40480.0,41225.1,9716.50939277
2022-03-21 16:00:00+00:00,41225.2,43370.0,40760.0,42580.7,14169.12958084
2022-03-22 16:00:00+00:00,42580.8,42875.0,41756.1,42620.6,7632.02009829
2022-03-23 16:00:00+00:00,42620.1,44020.0,42050.0,43984.0,9780.78669782
2022-03-24 16:00:00+00:00,43984.0,45080.0,43584.0,44324.0,9299.93135895
2022-03-25 16:00:00+00:00,44324.1,44605.7,44022.2,44210.9,3895.96933185
2022-03-26 16:00:00+00:00,44210.9,44950.0,44145.7,44866.0,4248.5908017
2022-03-27 16:00:00+00:00,44864.6,47888.0,44673.5,47421.7,12274.46409176
2022-03-28 16:00:00+00:00,47421.7,48184.8,46886.6,47441.7,10434.07519687
2022-03-29 16:00:00+00:00,47441.7,47868.0,46544.0,47160.0,9236.04776817
2022-03-30 16:00:00+00:00,47160.0,47690.0,46222.0,46453.4,9015.45121632
2022-03-31 16:00:00+00:00,46453.4,46707.8,44219.6,46529.6,12171.84648751
2022-04-01 16:00:00+00:00,46531.9,47204.3,45906.0,46290.0,6499.79015122
2022-04-02 16:00:00+00:00,46290.0,46716.5,45520.0,46409.9,5126.90697725
2022-04-03 16:00:00+00:00,46409.9,47440.0,45561.5,45630.0,7122.41764971
2022-04-04 16:00:00+00:00,45630.0,47189.5,45120.0,45762.1,8160.62512988
2022-04-05 16:00:00+00:00,45762.2,46190.0,43716.8,44166.0,10134.78827143
2022-04-06 16:00:00+00:00,44168.0,44287.2,42726.6,43327.3,11802.57429253
2022-04-07 16:00:00+00:00,43326.7,43980.0,42755.1,43649.3,6691.20871852
2022-04-08 16:00:00+00:00,43649.3,43716.0,42112.0,42280.0,8077.89556463
2022-04-09 16:00:00+00:00,42280.0,42885.1,42187.3,42740.0,4175.48767093
2022-04-10 16:00:00+00:00,42740.0,43408.5,40560.0,40580.1,10720.13623255
2022-04-11 16:00:00+00:00,40580.1,40890.0,39190.0,40180.0,15992.29342547
2022-04-12 16:00:00+00:00,40180.0,41410.0,39261.1,41152.3,10136.63025718
2022-04-13 16:00:00+00:00,41152.4,41555.0,39926.2,39973.5,8245.7507522
2022-04-14 16:00:00+00:00,39973.4,40863.1,39497.5,40414.9,6192.2278012
2022-04-15 16:00:00+00:00,40414.9,40700.0,40000.0,40062.8,3092.25313921
2022-04-16 16:00:00+00:00,40064.0,40694.7,40010.5,40440.8,2428.56319361
2022-04-17 16:00:00+00:00,40440.9,40477.9,38519.4,39254.4,6835.41001726
2022-04-18 16:00:00+00:00,39254.6,41754.3,39045.5,41452.9,7038.61412718
2022-04-19 16:00:00+00:00,41447.1,42207.4,41058.0,41266.1,5179.72113177
2022-04-20 16:00:00+00:00,41262.7,42970.0,40855.0,42142.1,5767.43047994
2022-04-21 16:00:00+00:00,42142.2,42179.9,39330.0,39432.6,7866.27089373
2022-04-22 16:00:00+00:00,39432.7,39880.8,39172.1,39787.5,3680.81455804
2022-04-23 16:00:00+00:00,39787.5,40000.0,39333.6,39659.7,3316.49742187
2022-04-24 16:00:00+00:00,39659.7,39803.5,38166.0,38982.7,8782.40636752
2022-04-25 16:00:00+00:00,38982.7,40801.0,38533.4,38562.4,8725.96017304
2022-04-26 16:00:00+00:00,38562.4,39472.6,37700.0,39009.9,9493.65944712
2022-04-27 16:00:00+00:00,39009.9,40423.4,38676.7,39450.4,6952.98116497
2022-04-28 16:00:00+00:00,39450.4,40374.9,38623.3,39009.4,5776.53350309
2022-04-29 16:00:00+00:00,39006.8,39079.3,38154.0,38469.1,4064.36254332
2022-04-30 16:00:00+00:00,38469.1,38642.8,37386.0,38490.7,4935.15618009
2022-05-01 16:00:00+00:00,38490.7,39168.4,37682.7,38693.4,5319.96770928
2022-05-02 16:00:00+00:00,38693.4,38914.8,38061.6,38330.9,3747.16029036
2022-05-03 16:00:00+00:00,38331.0,39172.7,37520.0,38972.6,5488.98014454
2022-05-04 16:00:00+00:00,38972.6,40033.3,36380.3,36906.2,15056.42370544
2022-05-05 16:00:00+00:00,36909.8,37319.3,35257.5,36002.5,18614.45912356
2022-05-06 16:00:00+00:00,36002.5,36238.7,35725.4,35966.5,3787.94701609
2022-05-07 16:00:00+00:00,35966.5,35999.4,34199.0,34369.8,12528.52187459
2022-05-08 16:00:00+00:00,34369.8,34752.0,32055.0,32359.2,26641.096014
2022-05-09 16:00:00+00:00,32357.5,32650.0,29735.7,31320.0,36014.95318978
2022-05-10 16:00:00+00:00,31320.0,32167.9,29055.0,30976.5,36420.38569492
2022-05-11 16:00:00+00:00,30976.5,31125.0,26700.0,29026.6,53167.69744221
2022-05-12 16:00:00+00:00,29026.6,31073.0,28020.3,30337.7,18078.84571121
2022-05-13 16:00:00+00:00,30337.7,30529.8,28669.5,28825.3,8636.21569623
2022-05-14 16:00:00+00:00,28825.4,30567.9,28635.0,30009.8,7635.94024742
2022-05-15 16:00:00+00:00,30009.9,31455.0,29306.7,29673.2,10183.29551382
2022-05-16 16:00:00+00:00,29673.3,30788.0,29082.9,30150.9,9398.98742526
2022-05-17 16:00:00+00:00,30150.9,30715.0,28877.9,28985.0,10346.60269716
2022-05-18 16:00:00+00:00,28985.1,30539.5,28650.6,30386.3,11428.41314461
2022-05-19 16:00:00+00:00,30388.9,30777.7,29079.6,29155.3,8659.77461745
2022-05-20 16:00:00+00:00,29152.3,29650.0,28732.6,29550.7,5029.09819119
2022-05-21 16:00:00+00:00,29550.0,30315.0,29255.5,29846.6,4768.68214265
2022-05-22 16:00:00+00:00,29846.5,30671.3,29742.5,30374.8,5883.16052954
2022-05-23 16:00:00+00:00,30374.8,30529.4,28666.6,29389.1,7261.71462353
2022-05-24 16:00:00+00:00,29389.0,30225.0,29108.6,29623.3,6849.37076803
2022-05-25 16:00:00+00:00,29623.2,30045.0,28006.0,29397.0,11263.56379136
2022-05-26 16:00:00+00:00,29390.8,29800.0,28630.4,28850.6,10084.0829119
2022-05-27 16:00:00+00:00,28850.5,29260.9,28290.0,28987.4,6587.05870917
2022-05-28 16:00:00+00:00,28987.3,29496.5,28769.0,29212.8,3391.11412561
2022-05-29 16:00:00+00:00,29214.7,30950.0,29077.2,30633.8,8051.9289982
2022-05-30 16:00:00+00:00,30633.9,32279.9,30542.7,32056.1,10147.28995265
2022-05-31 16:00:00+00:00,32057.4,32408.5,30724.1,30748.0,7287.1234331
2022-06-01 16:00:00+00:00,30747.0,30747.0,29318.7,30205.8,9211.73587525
2022-06-02 16:00:00+00:00,30209.4,30705.0,29268.7,29504.8,5619.43819438
2022-06-03 16:00:00+00:00,29504.8,29982.1,29400.0,29857.7,2529.09804252
2022-06-04 16:00:00+00:00,29859.0,29978.9,29531.0,29968.1,1828.60764308
2022-06-05 16:00:00+00:00,29968.2,31758.3,29761.3,31537.6,7119.74850786
2022-06-06 16:00:00+00:00,31537.7,31600.0,29210.0,29893.8,9235.52240692
2022-06-07 16:00:00+00:00,29893.7,31579.3,29745.0,30472.2,12517.75676409
2022-06-08 16:00:00+00:00,30469.0,30697.3,29917.0,30303.0,4274.81175792
2022-06-09 16:00:00+00:00,30300.4,30455.0,29232.9,29455.6,7355.51168694
2022-06-10 16:00:00+00:00,29455.6,29480.0,28253.4,28411.4,7549.65683694
2022-06-11 16:00:00+00:00,28411.4,28799.4,26893.3,28090.3,10086.99456172
2022-06-12 16:00:00+00:00,28090.2,28237.0,22590.5,23270.2,35099.69275584
2022-06-13 16:00:00+00:00,23270.2,24200.0,20845.0,22684.2,39548.08169268
2022-06-14 16:00:00+00:00,22681.8,22780.0,20111.0,21415.4,30301.66731115
2022-06-15 16:00:00+00:00,21417.0,22992.4,20246.6,21069.7,29238.56284172
2022-06-16 16:00:00+00:00,21072.3,21467.6,20226.5,20659.8,17078.52179809
2022-06-17 16:00:00+00:00,20659.7,20793.7,18725.9,18954.0,26474.4889844
2022-06-18 16:00:00+00:00,18954.1,20053.5,17618.0,19821.7,38713.53659281
2022-06-19 16:00:00+00:00,19825.9,21086.9,19377.0,20826.8,20833.05539279
2022-06-20 16:00:00+00:00,20826.9,21724.7,19835.4,21388.1,17210.45705862
2022-06-21 16:00:00+00:00,21392.4,21550.0,19962.1,20085.4,15247.71038689
2022-06-22 16:00:00+00:00,20082.2,20843.0,19767.0,20350.5,15262.47520417
2022-06-23 16:00:00+00:00,20353.4,21465.1,20171.9,20884.8,12695.82699152
2022-06-24 16:00:00+00:00,20881.1,21612.9,20793.5,20960.9,10299.14798248
2022-06-25 16:00:00+00:00,20961.0,21886.0,20918.5,21330.4,9483.98888533
2022-06-26 16:00:00+00:00,21327.5,21538.5,20588.0,20756.6,10662.79939319
2022-06-27 16:00:00+00:00,20755.5,21213.5,20500.0,20607.8,8875.10694161
2022-06-28 16:00:00+00:00,20607.8,20768.8,19857.0,20089.9,12215.33246107
2022-06-29 16:00:00+00:00,20086.3,20441.3,18743.6,19141.4,10792.56158932
2022-06-30 16:00:00+00:00,19143.8,20934.6,18616.0,19293.3,19423.16122751
2022-07-01 16:00:00+00:00,19292.5,19689.5,18980.0,19230.0,7330.79724253
2022-07-02 16:00:00+00:00,19228.5,19409.8,18789.3,19048.1,5388.84348111
2022-07-03 16:00:00+00:00,19048.2,20130.5,19017.6,19801.6,8260.38701442
2022-07-04 16:00:00+00:00,19801.7,20482.3,19301.0,19522.0,9838.88639511
2022-07-05 16:00:00+00:00,19522.0,20747.6,19484.7,20147.6,12170.74647691
2022-07-06 16:00:00+00:00,20147.7,21037.9,20131.4,20887.3,7735.49856327
2022-07-07 16:00:00+00:00,20887.4,22528.9,20835.1,21961.1,15252.09358743
2022-07-08 16:00:00+00:00,21961.1,22035.3,21326.5,21551.2,6262.19414557
2022-07-09 16:00:00+00:00,21551.2,21975.4,20832.6,20900.2,6668.10612252
2022-07-10 16:00:00+00:00,20900.1,21172.9,20269.8,20438.1,7066.58997281
2022-07-11 16:00:00+00:00,20438.1,20705.0,19561.5,19883.8,9187.69381354
2022-07-12 16:00:00+00:00,19883.9,20108.8,18915.4,19453.8,15861.54567399
2022-07-13 16:00:00+00:00,19454.6,20469.5,19234.5,20389.1,13953.97784808
2022-07-14 16:00:00+00:00,20389.0,21080.0,20150.0,20798.2,12811.8368938
2022-07-15 16:00:00+00:00,20799.1,21200.0,20481.5,20945.5,8577.14866535
2022-07-16 16:00:00+00:00,20944.5,21668.0,20922.5,21173.7,16479.40924966
2022-07-17 16:00:00+00:00,21173.7,22777.0,20755.2,22672.7,15958.22459818
2022-07-18 16:00:00+00:00,22676.2,23194.9,21400.0,23131.1,33651.3243086
2022-07-19 16:00:00+00:00,23131.1,24269.7,22919.6,24168.7,24971.06338985
2022-07-20 16:00:00+00:00,24168.6,24198.9,22332.9,22645.0,20476.67796053
2022-07-21 16:00:00+00:00,22645.0,23752.3,22637.7,23291.6,18839.61865326
2022-07-22 16:00:00+00:00,23291.7,23356.7,22066.0,22217.5,12765.25256441
2022-07-23 16:00:00+00:00,22217.4,22900.0,21950.0,22845.0,12933.36379338
2022-07-24 16:00:00+00:00,22845.1,23007.9,21687.5,21893.5,11527.54432751
2022-07-25 16:00:00+00:00,21893.6,22264.2,20709.8,20741.9,66707.93568973
2022-07-26 16:00:00+00:00,20741.9,21546.3,20737.3,21533.0,8856.1402362
2022-07-27 16:00:00+00:00,21533.1,23990.0,21455.0,23747.6,21345.21860286
2022-07-28 16:00:00+00:00,23747.6,24444.0,23407.9,24010.4,16471.63174181
2022-07-29 16:00:00+00:00,24010.5,24666.0,23600.0,24523.8,13022.80909429
2022-07-30 16:00:00+00:00,24523.9,24594.1,23501.4,23771.6,6877.0502253
2022-07-31 16:00:00+00:00,23772.6,24193.5,22943.5,23325.2,11840.58018154
2022-08-01 16:00:00+00:00,23324.9,23437.0,22646.6,22976.8,20055.0056147
2022-08-02 16:00:00+00:00,22977.4,23639.2,22685.9,23361.4,13676.78058313
2022-08-03 16:00:00+00:00,23361.3,23574.8,22726.3,22925.3,11695.99506515
2022-08-04 16:00:00+00:00,22927.3,23450.0,22373.4,23000.0,26577.96105103
2022-08-05 16:00:00+00:00,23000.1,23349.9,22757.1,23200.7,8921.90140181
2022-08-06 16:00:00+00:00,23200.8,23250.0,22850.0,23019.2,5221.37801047
2022-08-07 16:00:00+00:00,23019.3,24240.7,22990.6,23992.3,15236.63182256
2022-08-08 16:00:00+00:00,23992.9,24110.3,22866.0,23076.9,9124.84466772
2022-08-09 16:00:00+00:00,23074.7,24178.2,22658.7,23993.4,15466.23936236
2022-08-10 16:00:00+00:00,23993.5,24908.2,23479.4,24341.5,25294.47410977
2022-08-11 16:00:00+00:00,24341.6,24412.4,23575.3,23982.2,7580.84905799
2022-08-12 16:00:00+00:00,23982.2,24880.0,23950.3,24513.7,9911.79965476
2022-08-13 16:00:00+00:00,24513.8,25035.3,24325.9,24525.4,6375.09801122
2022-08-14 16:00:00+00:00,24525.4,25205.0,23877.7,24230.0,13298.37069735
2022-08-15 16:00:00+00:00,24230.1,24281.9,23671.2,23901.8,15907.23892075
2022-08-16 16:00:00+00:00,23901.8,24440.2,23324.5,23395.3,14561.89296012
2022-08-17 16:00:00+00:00,23393.6,23635.0,23180.6,23455.0,4452.63281792
2022-08-18 16:00:00+00:00,23455.1,23466.7,21200.0,21445.0,21887.86274858
2022-08-19 16:00:00+00:00,21444.9,21666.0,20789.0,21296.2,16420.93072506
2022-08-20 16:00:00+00:00,21297.4,21582.0,20767.7,21422.4,9582.34404391
2022-08-21 16:00:00+00:00,21422.4,21788.8,20893.4,21403.0,11796.78910452
2022-08-22 16:00:00+00:00,21403.0,21674.5,20888.0,21469.5,10194.80707192
2022-08-23 16:00:00+00:00,21469.6,21825.8,21153.0,21614.1,7189.46403431
2022-08-24 16:00:00+00:00,21614.1,21891.0,21315.8,21567.5,6644.94882126
2022-08-25 16:00:00+00:00,21567.2,21881.6,20599.9,20777.9,17433.89797447
2022-08-26 16:00:00+00:00,20778.7,20831.9,19784.9,19980.1,14778.8823815
2022-08-27 16:00:00+00:00,19980.1,20164.0,19808.3,20018.9,6793.02220109
2022-08-28 16:00:00+00:00,20018.9,20388.0,19523.9,20258.7,8200.02238496
2022-08-29 16:00:00+00:00,20258.7,20570.1,19636.5,19755.9,7355.97251729
2022-08-30 16:00:00+00:00,19756.9,20488.0,19541.2,20144.9,8405.65699923
2022-08-31 16:00:00+00:00,20145.0,20332.9,19659.3,19784.5,5935.36817367
2022-09-01 16:00:00+00:00,19784.6,20435.0,19566.2,20359.3,10555.00829533
2022-09-02 16:00:00+00:00,20359.3,20380.0,19730.0,19770.3,4691.21238321
2022-09-03 16:00:00+00:00,19770.4,19940.0,19590.0,19791.6,3105.38532145
2022-09-04 16:00:00+00:00,19791.7,20057.7,19637.8,19854.7,3628.02683728
2022-09-05 16:00:00+00:00,19854.7,20182.6,19665.0,19819.6,6314.12948665
2022-09-06 16:00:00+00:00,19819.5,19853.7,18505.7,18870.9,15473.00765741
2022-09-07 16:00:00+00:00,18871.0,19457.6,18853.1,19250.7,11725.58543737
2022-09-08 16:00:00+00:00,19250.8,21342.0,19094.4,21265.5,16952.98508378
2022-09-09 16:00:00+00:00,21265.5,21671.4,21119.7,21220.8,8774.24523836
2022-09-10 16:00:00+00:00,21220.8,21800.0,21175.4,21640.9,6430.80759562
2022-09-11 16:00:00+00:00,21642.0,22490.0,21457.4,22117.4,16639.60185954
2022-09-12 16:00:00+00:00,22117.4,22800.0,20760.0,20832.2,21430.56320438
2022-09-13 16:00:00+00:00,20832.9,20924.0,19864.9,20176.9,14219.58431943
2022-09-14 16:00:00+00:00,20176.9,20390.8,19472.9,19736.9,12464.68548391
2022-09-15 16:00:00+00:00,19736.5,19945.7,19446.6,19662.1,5243.97705169
2022-09-16 16:00:00+00:00,19662.1,20069.6,19320.0,19965.2,5980.53964108
2022-09-17 16:00:00+00:00,19965.1,20192.0,19729.8,19815.0,7199.35331151
2022-09-18 16:00:00+00:00,19814.2,19877.4,18235.2,19080.7,19001.93746208
2022-09-19 16:00:00+00:00,19081.2,19684.0,18781.4,19236.0,11327.45179752
2022-09-20 16:00:00+00:00,19236.1,19475.1,18727.3,19194.5,7200.36514574
2022-09-21 16:00:00+00:00,19193.7,19995.0,18144.5,18986.2,30757.02896593
2022-09-22 16:00:00+00:00,18987.0,19526.8,18533.4,18716.3,9596.24470852
2022-09-23 16:00:00+00:00,18714.9,19404.3,18571.1,19121.8,6438.18622199
2022-09-24 16:00:00+00:00,19122.7,19192.7,18810.2,18990.2,3906.10845372
2022-09-25 16:00:00+00:00,18990.1,19318.9,18635.0,19114.3,8445.5150359
2022-09-26 16:00:00+00:00,19114.4,20380.3,18971.7,19886.6,12238.96739608
2022-09-27 16:00:00+00:00,19887.7,19950.0,18461.9,19488.9,15385.42834845
2022-09-28 16:00:00+00:00,19488.9,19777.0,18842.4,19291.1,11496.00347707
2022-09-29 16:00:00+00:00,19291.0,20176.8,19122.0,19750.6,11971.28369533
2022-09-30 16:00:00+00:00,19751.7,19869.8,19160.1,19333.5,5609.08043819
2022-10-01 16:00:00+00:00,19333.1,19396.7,19041.5,19143.9,3007.16726189
2022-10-02 16:00:00+00:00,19144.7,19492.7,18920.0,19335.2,6168.56038262
2022-10-03 16:00:00+00:00,19335.3,20270.0,19312.2,20097.8,16131.31903682
2022-10-04 16:00:00+00:00,20098.0,20462.4,19731.2,19999.1,9050.07142152
2022-10-05 16:00:00+00:00,20000.1,20447.9,19881.0,20016.1,8015.70416115
2022-10-06 16:00:00+00:00,20014.1,20256.5,19473.6,19579.0,11893.93121175
2022-10-07 16:00:00+00:00,19579.0,19640.4,19320.5,19488.8,6724.5556375
2022-10-08 16:00:00+00:00,19488.9,19549.5,19215.9,19536.2,3013.35426773
2022-10-09 16:00:00+00:00,19536.2,19558.9,19127.3,19271.4,6156.90773444
2022-10-10 16:00:00+00:00,19270.1,19356.6,18849.5,19145.2,11817.5679375
2022-10-11 16:00:00+00:00,19146.9,19199.9,18921.7,19140.1,4671.88363777
2022-10-12 16:00:00+00:00,19140.1,19233.7,18155.0,18955.1,20536.31492032
2022-10-13 16:00:00+00:00,18957.8,19954.8,18904.4,19357.6,12241.18175708
2022-10-14 16:00:00+00:00,19357.1,19403.9,19035.5,19129.3,3959.40471433
2022-10-15 16:00:00+00:00,19129.3,19193.3,18975.7,19158.0,2320.59912194
2022-10-16 16:00:00+00:00,19158.1,19675.2,19105.0,19532.7,8423.81329304
2022-10-17 16:00:00+00:00,19532.6,19709.2,19278.0,19372.1,7474.79390523
2022-10-18 16:00:00+00:00,19372.1,19438.0,19069.1,19267.3,6387.81098146
2022-10-19 16:00:00+00:00,19267.2,19346.2,18902.1,19255.9,4930.76661712
2022-10-20 16:00:00+00:00,19256.0,19256.0,18648.9,19165.0,6136.56221305
2022-10-21 16:00:00+00:00,19165.1,19252.0,19093.3,19235.3,2575.00288123
2022-10-22 16:00:00+00:00,19235.3,19247.3,19070.1,19193.0,1374.74643845
2022-10-23 16:00:00+00:00,19193.1,19691.9,19161.0,19303.6,7576.3371059
2022-10-24 16:00:00+00:00,19303.7,19807.9,19224.2,19747.5,3836.18250656
2022-10-25 16:00:00+00:00,19747.6,21020.5,19721.1,20845.0,21096.30485236
2022-10-26 16:00:00+00:00,20845.1,20989.9,20435.3,20562.2,12307.83169132
2022-10-27 16:00:00+00:00,20562.1,20675.0,20000.0,20481.5,13023.38599865
2022-10-28 16:00:00+00:00,20482.2,21080.0,20450.8,20923.1,10643.05486986
2022-10-29 16:00:00+00:00,20923.1,20979.5,20608.8,20679.0,7126.54726271
2022-10-30 16:00:00+00:00,20679.1,20846.0,20241.1,20400.0,6011.1241364
2022-10-31 16:00:00+00:00,20400.0,20694.6,20331.0,20447.5,4435.88039142
2022-11-01 16:00:00+00:00,20447.4,20559.7,20334.6,20407.6,3020.33819134
2022-11-02 16:00:00+00:00,20407.5,20800.0,20032.2,20252.4,10247.6961562
2022-11-03 16:00:00+00:00,20252.4,21300.0,20162.8,20836.2,9519.29334851
2022-11-04 16:00:00+00:00,20836.3,21475.9,20675.2,21301.9,5453.41078439
2022-11-05 16:00:00+00:00,21302.8,21379.0,21148.7,21244.2,2781.36779951
2022-11-06 16:00:00+00:00,21244.3,21280.0,20548.2,20767.6,5842.9883237
2022-11-07 16:00:00+00:00,20767.5,20897.0,19220.0,19526.0,14573.88604539
2022-11-08 16:00:00+00:00,19526.0,20690.8,16888.0,17124.0,71720.86146865
2022-11-09 16:00:00+00:00,17123.9,17965.8,15511.1,17553.3,43200.81098394
2022-11-10 16:00:00+00:00,17557.2,18193.4,16366.0,16873.5,20657.32599971
2022-11-11 16:00:00+00:00,16873.6,17144.0,16540.0,16931.6,7231.73661257
2022-11-12 16:00:00+00:00,16932.2,16963.2,16437.7,16575.7,4090.22613391
2022-11-13 16:00:00+00:00,16575.8,17198.7,15820.0,16592.1,12716.41025764
2022-11-14 16:00:00+00:00,16592.1,17125.5,16189.6,16984.3,8807.33440306
2022-11-15 16:00:00+00:00,16984.2,17068.0,16381.3,16436.3,8664.38194526
2022-11-16 16:00:00+00:00,16438.6,16778.0,16408.2,16536.6,4930.72691619
2022-11-17 16:00:00+00:00,16538.7,16988.8,16520.7,16694.7,7149.44210097
2022-11-18 16:00:00+00:00,16695.5,16733.9,16555.1,16658.2,3136.17302978
2022-11-19 16:00:00+00:00,16657.8,16818.6,16458.0,16581.8,3047.80346362
2022-11-20 16:00:00+00:00,16580.9,16610.8,15901.5,16133.8,8907.25463912
2022-11-21 16:00:00+00:00,16133.8,16315.3,15450.0,16237.4,11991.83502206
2022-11-22 16:00:00+00:00,16240.4,16673.3,16052.5,16426.1,8283.07475186
2022-11-23 16:00:00+00:00,16426.2,16810.8,16325.0,16558.1,5807.1620048
2022-11-24 16:00:00+00:00,16558.1,16674.4,16350.1,16511.1,4294.9429473
2022-11-25 16:00:00+00:00,16513.2,16700.0,16461.9,16513.2,3604.72641846
2022-11-26 16:00:00+00:00,16513.6,16598.3,16382.9,16575.0,2633.6394537
2022-11-27 16:00:00+00:00,16575.0,16597.2,16055.1,16145.8,4989.72912581
2022-11-28 16:00:00+00:00,16146.9,16546.2,16000.0,16392.7,5993.36466624
2022-11-29 16:00:00+00:00,16392.6,17091.6,16347.3,16865.4,10933.04989373
2022-11-30 16:00:00+00:00,16865.7,17335.5,16712.7,16978.2,8436.48119311
2022-12-01 16:00:00+00:00,16980.6,17104.1,16776.8,16942.0,7030.96775604
2022-12-02 16:00:00+00:00,16940.9,17169.2,16891.5,16962.6,3764.11174324
2022-12-03 16:00:00+00:00,16962.6,17087.2,16865.0,17030.5,3921.57603471
2022-12-04 16:00:00+00:00,17030.6,17420.1,16972.9,17084.7,10275.73855615
2022-12-05 16:00:00+00:00,17084.7,17128.6,16870.7,16984.1,5911.88405954
2022-12-06 16:00:00+00:00,16984.2,17141.4,16686.0,16838.2,5564.48275452
2022-12-07 16:00:00+00:00,16838.3,16957.0,16733.3,16918.6,3024.2395773
2022-12-08 16:00:00+00:00,16918.7,17353.9,16912.4,17179.2,5833.18042552
2022-12-09 16:00:00+00:00,17179.3,17229.4,17063.8,17212.3,2065.88712229
2022-12-10 16:00:00+00:00,17212.3,17230.0,17092.0,17154.9,1783.46377723
2022-12-11 16:00:00+00:00,17155.0,17269.3,16870.6,17008.0,4468.8754543
2022-12-12 16:00:00+00:00,17008.0,17999.0,16982.3,17753.1,11615.15771716
2022-12-13 16:00:00+00:00,17753.2,18110.9,17622.2,18061.0,5956.41025778
2022-12-14 16:00:00+00:00,18061.8,18377.1,17377.1,17428.2,16390.42753436
2022-12-15 16:00:00+00:00,17428.1,17527.5,16882.5,16971.5,8197.41164308
2022-12-16 16:00:00+00:00,16971.4,16977.6,16530.0,16700.7,10047.0831334
2022-12-17 16:00:00+00:00,16700.6,16900.0,16650.1,16742.6,1138.39986501
2022-12-18 16:00:00+00:00,16749.0,16869.3,16624.7,16670.1,2640.59882153
2022-12-19 16:00:00+00:00,16670.0,17061.4,16248.6,16919.8,10099.44920595
2022-12-20 16:00:00+00:00,16920.3,16935.2,16725.5,16860.7,2905.05104648
2022-12-21 16:00:00+00:00,16860.7,16866.6,16614.4,16637.2,2620.02455057
2022-12-22 16:00:00+00:00,16637.5,16965.7,16568.2,16835.8,5059.36087283
2022-12-23 16:00:00+00:00,16835.0,16859.7,16771.3,16838.3,1746.14490088
2022-12-24 16:00:00+00:00,16838.4,16864.0,16717.9,16795.2,1464.60855239
2022-12-25 16:00:00+00:00,16795.3,16922.9,16731.3,16810.5,2100.00652798
2022-12-26 16:00:00+00:00,16810.6,16968.9,16738.4,16802.0,2315.73543498
2022-12-27 16:00:00+00:00,16801.9,16805.3,16560.8,16579.0,4293.7400112
2022-12-28 16:00:00+00:00,16579.0,16665.6,16471.3,16619.1,3844.60364434
2022-12-29 16:00:00+00:00,16619.2,16656.1,16340.9,16558.8,4648.85092108
2022-12-30 16:00:00+00:00,16559.1,16676.3,16520.1,16595.0,2553.33592867
2022-12-31 16:00:00+00:00,16595.0,16614.8,16477.6,16560.2,1568.96249455
2023-01-01 16:00:00+00:00,16560.0,16768.4,16548.1,16735.5,3257.52950719
2023-01-02 16:00:00+00:00,16735.4,16799.3,16621.3,16679.8,2144.85966934
2023-01-03 16:00:00+00:00,16679.8,16915.3,16610.4,16855.0,4597.43660089
2023-01-04 16:00:00+00:00,16855.8,16988.0,16760.1,16846.8,3042.75442941
2023-01-05 16:00:00+00:00,16846.8,16876.7,16680.7,16843.2,3511.94165949
2023-01-06 16:00:00+00:00,16843.3,17034.5,16809.9,16941.1,2571.86201434
2023-01-07 16:00:00+00:00,16941.1,17019.2,16915.0,17000.8,1235.96267323
2023-01-08 16:00:00+00:00,17000.8,17333.0,16921.3,17273.5,5665.21354097
2023-01-09 16:00:00+00:00,17273.4,17395.7,17133.3,17323.7,4661.08172156
2023-01-10 16:00:00+00:00,17324.6,17502.8,17282.9,17334.7,4430.01845335
2023-01-11 16:00:00+00:00,17334.5,18379.9,17328.7,18087.7,14679.48036413
2023-01-12 16:00:00+00:00,18087.0,19306.4,18060.4,19260.2,14013.12933241
2023-01-13 16:00:00+00:00,19260.2,21482.8,19060.4,20792.4,27657.60481305
2023-01-14 16:00:00+00:00,20788.5,21079.9,20555.3,20911.7,8300.09137491
2023-01-15 16:00:00+00:00,20911.7,21431.8,20603.0,20993.9,11507.39813844
2023-01-16 16:00:00+00:00,20993.9,21634.5,20839.7,21173.4,12363.27948749
2023-01-17 16:00:00+00:00,21173.4,21664.6,20837.9,21035.1,11215.71850269
2023-01-18 16:00:00+00:00,21035.1,21135.6,20400.0,20873.8,13354.88810985
2023-01-19 16:00:00+00:00,20873.9,21245.5,20792.5,21144.9,3760.75339876
2023-01-20 16:00:00+00:00,21145.0,23327.8,21143.6,22996.0,16185.0498044
2023-01-21 16:00:00+00:00,22995.5,23379.0,22610.3,22788.7,8640.23456418
2023-01-22 16:00:00+00:00,22788.7,23123.2,22306.6,22852.0,8692.65624071
2023-01-23 16:00:00+00:00,22852.1,23185.2,22658.0,22928.1,6513.00931626
2023-01-24 16:00:00+00:00,22928.2,23083.8,22332.1,22579.1,7568.28582494
2023-01-25 16:00:00+00:00,22579.2,23818.7,22518.3,22958.1,11442.10480958
2023-01-26 16:00:00+00:00,22957.7,23164.7,22526.3,22934.4,7462.68200547
2023-01-27 16:00:00+00:00,22933.3,23500.0,22879.4,23013.3,5450.11074822
2023-01-28 16:00:00+00:00,23013.8,23652.4,22943.1,23527.0,6650.74889002
2023-01-29 16:00:00+00:00,23526.9,23963.0,22959.7,23176.2,9151.56788494
2023-01-30 16:00:00+00:00,23176.2,23244.7,22483.0,23122.3,7964.66242283
2023-01-31 16:00:00+00:00,23123.5,23347.7,22819.0,22984.1,4549.46768409
2023-02-01 16:00:00+00:00,22984.0,24252.7,22756.0,23838.2,12792.19847646
2023-02-02 16:00:00+00:00,23843.9,24148.1,23221.0,23601.0,8110.86133046
2023-02-03 16:00:00+00:00,23603.6,23722.5,23211.0,23420.4,3347.99769589
2023-02-04 16:00:00+00:00,23420.4,23469.1,23008.0,23099.2,3786.35724739
2023-02-05 16:00:00+00:00,23099.1,23159.6,22617.6,23042.1,6093.53784381
2023-02-06 16:00:00+00:00,23044.0,23158.5,22638.0,22909.1,3619.55907255
2023-02-07 16:00:00+00:00,22909.1,23457.1,22768.2,22869.9,6426.2342355
2023-02-08 16:00:00+00:00,22866.3,23049.9,22358.0,22614.7,7747.46516046
2023-02-09 16:00:00+00:00,22613.8,22621.4,21518.0,21655.7,11861.75150227
2023-02-10 16:00:00+00:00,21651.9,21793.9,21440.0,21733.8,3173.62750815
2023-02-11 16:00:00+00:00,21733.9,22000.0,21620.4,21943.1,3387.4763504
2023-02-12 16:00:00+00:00,21943.1,22083.5,21421.9,21566.4,6813.3733125
2023-02-13 16:00:00+00:00,21567.3,22319.8,21356.5,22039.6,9704.00724859
2023-02-14 16:00:00+00:00,22041.7,22908.1,21919.3,22811.3,6632.95488841
2023-02-15 16:00:00+00:00,22807.7,25080.0,22746.1,25070.9,16568.86585783
2023-02-16 16:00:00+00:00,25071.4,25249.9,23337.1,24130.2,15657.02963198
2023-02-17 16:00:00+00:00,24126.2,25025.0,23911.7,24666.0,9640.32289789
2023-02-18 16:00:00+00:00,24666.0,25046.0,24503.6,24922.9,4375.80693549
2023-02-19 16:00:00+00:00,24923.4,25187.0,23836.5,24944.5,12830.50511094
2023-02-20 16:00:00+00:00,24944.6,25320.0,24390.5,24557.6,8957.46572398
2023-02-21 16:00:00+00:00,24557.6,24750.6,23636.1,23716.8,10336.3399677
2023-02-22 16:00:00+00:00,23714.0,24602.9,23579.5,23950.2,11796.08074964
2023-02-23 16:00:00+00:00,23950.1,24131.0,23333.9,23349.0,8485.75908435
2023-02-24 16:00:00+00:00,23350.1,23353.8,22836.1,23000.5,8968.84280176
2023-02-25 16:00:00+00:00,23002.8,23332.9,22729.4,23247.9,4146.09650344
2023-02-26 16:00:00+00:00,23248.0,23891.2,23132.3,23555.9,7228.62259393
2023-02-27 16:00:00+00:00,23556.0,23614.6,23101.0,23521.0,6394.60439646
2023-02-28 16:00:00+00:00,23521.1,24009.0,23009.7,23712.4,8118.54020033
2023-03-01 16:00:00+00:00,23712.3,23792.7,23181.5,23361.1,6280.92739982
2023-03-02 16:00:00+00:00,23361.0,23566.7,21898.0,22336.4,16475.69697206
2023-03-03 16:00:00+00:00,22336.5,22446.1,22150.0,22315.5,3663.74584373
2023-03-04 16:00:00+00:00,22315.6,22666.4,22164.5,22438.8,4754.49093391
2023-03-05 16:00:00+00:00,22438.9,22598.0,22261.3,22560.0,4979.86473597
2023-03-06 16:00:00+00:00,22560.0,22584.9,21934.6,22320.2,7836.55672787
2023-03-07 16:00:00+00:00,22320.2,22390.0,21847.9,22144.1,7543.74545339
2023-03-08 16:00:00+00:00,22144.1,22219.6,21535.1,21646.1,8920.06144302
2023-03-09 16:00:00+00:00,21645.1,21672.4,19529.7,20007.1,39211.16573839
2023-03-10 16:00:00+00:00,20005.5,20688.9,19769.1,20066.1,22981.16885117
2023-03-11 16:00:00+00:00,20066.0,20533.7,19985.0,20356.1,8499.75361874
2023-03-12 16:00:00+00:00,20356.1,24509.3,20340.2,24007.0,42959.04294338
2023-03-13 16:00:00+00:00,24013.3,26424.2,23776.1,25899.7,41406.93579315
2023-03-14 16:00:00+00:00,25899.7,26005.9,23957.5,24467.4,34116.74863089
2023-03-15 16:00:00+00:00,24467.5,25062.0,23873.0,24884.6,20419.65004445
2023-03-16 16:00:00+00:00,24884.7,26965.7,24611.8,26421.2,25013.69119116
2023-03-17 16:00:00+00:00,26417.8,27768.1,26243.3,27223.8,20526.42735252
2023-03-18 16:00:00+00:00,27225.2,27768.1,26565.5,27550.6,11336.81070727
2023-03-19 16:00:00+00:00,27542.4,28490.0,27133.4,27693.6,21016.27810352
2023-03-20 16:00:00+00:00,27695.5,28240.7,27300.1,28037.1,12455.68632569
2023-03-21 16:00:00+00:00,28040.1,28750.0,27911.2,28592.4,10422.76141323
2023-03-22 16:00:00+00:00,28592.4,28890.0,26603.6,28581.7,28488.10592812
2023-03-23 16:00:00+00:00,28581.7,28643.5,27300.0,28015.4,17129.94086229
2023-03-24 16:00:00+00:00,28015.4,28053.9,26976.8,27648.3,10284.28979609
2023-03-25 16:00:00+00:00,27648.2,28221.4,27152.8,27803.4,6848.79774338
2023-03-26 16:00:00+00:00,27803.3,28144.6,26503.0,26899.1,10320.22325071
2023-03-27 16:00:00+00:00,26901.1,27310.9,26625.8,26997.5,12039.48509796
2023-03-28 16:00:00+00:00,26998.0,28644.5,26745.5,28444.0,15530.50273162
2023-03-29 16:00:00+00:00,28444.0,29183.7,28062.9,28301.4,14108.62791402
2023-03-30 16:00:00+00:00,28300.7,28674.4,27503.0,28492.2,15334.48717769
2023-03-31 16:00:00+00:00,28492.3,28831.6,28216.4,28402.0,4663.91024925
2023-04-01 16:00:00+00:00,28402.1,28579.6,28025.0,28124.7,3536.58618129
2023-04-02 16:00:00+00:00,28124.7,28566.5,27560.0,28045.6,11687.14167303
2023-04-03 16:00:00+00:00,28048.3,28445.0,27202.9,28028.1,11616.08344267
2023-04-04 16:00:00+00:00,28027.5,28795.0,27860.0,28034.6,9234.96302073
2023-04-05 16:00:00+00:00,28034.6,28314.2,27697.5,28097.5,6807.49140722
2023-04-06 16:00:00+00:00,28099.9,28165.1,27770.5,27945.9,3956.6002933
2023-04-07 16:00:00+00:00,27944.5,28155.7,27839.3,28013.9,3092.98813506
2023-04-08 16:00:00+00:00,28014.0,28088.1,27790.0,27888.3,2583.84321372
2023-04-09 16:00:00+00:00,27888.4,28575.1,27874.3,28439.6,5521.9711123
2023-04-10 16:00:00+00:00,28439.7,30444.0,28376.2,30195.3,18220.16580535
2023-04-11 16:00:00+00:00,30194.7,30568.9,29637.1,29961.8,11141.3292174
2023-04-12 16:00:00+00:00,29963.0,30595.3,29755.0,30436.7,7600.80676995
2023-04-13 16:00:00+00:00,30436.2,31043.4,30088.5,30240.0,12649.48305967
2023-04-14 16:00:00+00:00,30238.1,30597.7,29970.0,30327.8,4015.45572056
2023-04-15 16:00:00+00:00,30327.9,30392.1,30118.8,30330.5,3099.38754474
2023-04-16 16:00:00+00:00,30331.3,30556.8,29233.2,29355.9,8768.17244792
2023-04-17 16:00:00+00:00,29354.8,30492.4,29097.6,30185.0,7996.05163601
2023-04-18 16:00:00+00:00,30185.1,30460.7,28936.0,29258.3,14632.42058074
2023-04-19 16:00:00+00:00,29264.3,29363.9,28316.4,28510.1,13876.01943111
2023-04-20 16:00:00+00:00,28510.1,28659.2,27812.9,28041.3,12109.6359205
2023-04-21 16:00:00+00:00,28041.3,28092.0,27122.9,27486.0,9858.63695044
2023-04-22 16:00:00+00:00,27488.2,27883.9,27300.0,27472.3,5491.85336459
2023-04-23 16:00:00+00:00,27472.8,27999.7,27155.4,27260.7,8146.11477706
2023-04-24 16:00:00+00:00,27259.2,27589.5,26902.6,27339.3,7754.06277767
2023-04-25 16:00:00+00:00,27339.3,30040.1,27313.1,29818.6,17039.67997474
2023-04-26 16:00:00+00:00,29817.3,29899.7,27219.6,29148.1,28898.93650633
2023-04-27 16:00:00+00:00,29148.1,29898.6,28889.2,29148.3,11300.8792102
2023-04-28 16:00:00+00:00,29148.2,29446.2,29105.8,29273.9,3649.52078679
2023-04-29 16:00:00+00:00,29271.1,29966.4,29031.5,29661.9,5084.12142132
2023-04-30 16:00:00+00:00,29661.8,29867.1,28071.2,28170.1,12880.33763642
2023-05-01 16:00:00+00:00,28170.2,28769.0,27662.3,28534.9,11052.8969525
2023-05-02 16:00:00+00:00,28535.2,28886.3,28107.2,28306.8,7316.64687762
2023-05-03 16:00:00+00:00,28306.4,29380.0,28200.6,28866.2,10782.82343885
2023-05-04 16:00:00+00:00,28866.2,29553.3,28673.5,29357.0,8780.14243656
2023-05-05 16:00:00+00:00,29357.0,29844.0,28338.2,28577.1,10155.80939796
2023-05-06 16:00:00+00:00,28577.0,29150.0,28541.1,28947.2,5070.23557116
2023-05-07 16:00:00+00:00,28949.6,29032.4,27568.1,27888.2,12028.41291379
2023-05-08 16:00:00+00:00,27888.2,27928.2,27239.9,27395.9,8927.30488375
2023-05-09 16:00:00+00:00,27396.0,28318.9,27350.0,28153.8,8333.35780764
2023-05-10 16:00:00+00:00,28153.7,28298.0,26700.0,27177.6,19060.84917185
2023-05-11 16:00:00+00:00,27178.4,27214.7,26118.0,26314.3,11048.9168688
2023-05-12 16:00:00+00:00,26315.9,26986.1,25791.7,26815.5,8279.92807901
2023-05-13 16:00:00+00:00,26815.1,27199.0,26554.7,27081.8,4147.64709339
2023-05-14 16:00:00+00:00,27081.9,27539.9,26722.7,27396.7,7679.2554082
2023-05-15 16:00:00+00:00,27396.8,27665.1,26850.3,27041.0,8265.94324308
2023-05-16 16:00:00+00:00,27041.1,27243.2,26536.8,26797.8,7427.70029654
2023-05-17 16:00:00+00:00,26798.3,27548.3,26742.6,27086.6,7459.62757228
2023-05-18 16:00:00+00:00,27086.6,27197.1,26361.3,26885.8,8428.86711681
2023-05-19 16:00:00+00:00,26884.5,26980.0,26781.3,26948.0,2095.06895374
2023-05-20 16:00:00+00:00,26948.0,27285.0,26770.5,26900.0,4131.94370231
2023-05-21 16:00:00+00:00,26900.0,27112.6,26537.0,26874.7,6252.5367057
2023-05-22 16:00:00+00:00,26874.6,27500.0,26780.4,27324.5,8830.46554776
2023-05-23 16:00:00+00:00,27324.5,27330.9,26077.7,26315.8,13403.63509348
2023-05-24 16:00:00+00:00,26315.8,26499.5,25868.0,26223.5,8120.87068256
2023-05-25 16:00:00+00:00,26226.2,26939.9,26204.4,26755.4,6878.12388027
2023-05-26 16:00:00+00:00,26755.4,26840.3,26551.4,26689.3,2941.15113757
2023-05-27 16:00:00+00:00,26689.3,27387.6,26622.9,27272.0,5307.31794475
2023-05-28 16:00:00+00:00,27272.0,28454.9,27211.8,27635.4,13349.52719816
2023-05-29 16:00:00+00:00,27633.6,28043.8,27531.8,27677.1,5150.77675779
2023-05-30 16:00:00+00:00,27677.0,27862.0,26829.7,26906.5,11220.23964695
2023-05-31 16:00:00+00:00,26906.5,27349.6,26606.2,26898.4,6381.70130337
2023-06-01 16:00:00+00:00,26898.5,27256.9,26502.4,27096.3,8009.61955278
2023-06-02 16:00:00+00:00,27096.4,27333.0,27005.8,27305.5,2801.47696343
2023-06-03 16:00:00+00:00,27302.0,27319.4,26917.2,27177.6,3213.71441554
2023-06-04 16:00:00+00:00,27177.6,27466.1,25951.3,25985.3,9694.69173266
2023-06-05 16:00:00+00:00,25985.1,26150.0,25350.0,26066.0,20043.68328515
2023-06-06 16:00:00+00:00,26066.1,27399.3,26066.1,26346.2,21251.74963344
2023-06-07 16:00:00+00:00,26343.3,26850.0,26126.0,26733.0,7152.88638604
2023-06-08 16:00:00+00:00,26728.5,26780.7,26276.8,26477.3,5793.97903842
2023-06-09 16:00:00+00:00,26477.2,26534.0,25455.0,25632.0,13094.50882615
2023-06-10 16:00:00+00:00,25632.1,26150.4,25348.7,25752.2,9970.33910988
2023-06-11 16:00:00+00:00,25754.4,26206.0,25608.8,25823.9,7560.6564536
2023-06-12 16:00:00+00:00,25823.9,26438.0,25650.4,25759.6,10605.68840235
2023-06-13 16:00:00+00:00,25759.5,26083.6,25739.3,25986.7,3850.17267159
2023-06-14 16:00:00+00:00,25986.7,26098.3,24783.0,24960.3,17851.29052174
2023-06-15 16:00:00+00:00,24960.3,25906.5,24930.2,25836.9,11899.92967334
2023-06-16 16:00:00+00:00,25842.5,26880.0,25774.8,26414.5,12655.13335999
2023-06-17 16:00:00+00:00,26414.6,26678.0,26378.9,26559.9,3013.19640316
2023-06-18 16:00:00+00:00,26560.0,26705.7,26255.1,26445.3,5348.46213571
2023-06-19 16:00:00+00:00,26445.4,27180.0,26310.0,27073.0,13247.28634288
2023-06-20 16:00:00+00:00,27073.1,30000.0,27001.0,29855.6,36112.15467007
2023-06-21 16:00:00+00:00,29855.5,30819.7,29531.1,29855.7,22569.12305919
2023-06-22 16:00:00+00:00,29855.6,31456.0,29800.0,31241.4,15975.67222459
2023-06-23 16:00:00+00:00,31241.3,31420.0,30297.3,30397.2,14834.23624447
2023-06-24 16:00:00+00:00,30397.4,31044.5,30253.2,30588.1,7242.9054375
2023-06-25 16:00:00+00:00,30588.2,30661.0,29962.0,30418.5,8956.16270204
2023-06-26 16:00:00+00:00,30418.4,30999.0,29913.2,30500.8,11768.54106831
2023-06-27 16:00:00+00:00,30500.8,30766.0,30008.0,30412.6,9563.57087011
2023-06-28 16:00:00+00:00,30412.7,30839.9,29843.0,30477.8,10011.63549812
2023-06-29 16:00:00+00:00,30477.8,31290.0,29419.0,30068.2,24786.56390881
2023-06-30 16:00:00+00:00,30068.2,30728.5,29923.8,30572.1,7919.65621059
2023-07-01 16:00:00+00:00,30572.2,30651.4,30162.7,30499.4,3029.89273346
2023-07-02 16:00:00+00:00,30499.4,31180.0,30369.6,31071.7,7345.84391869
2023-07-03 16:00:00+00:00,31071.6,31389.0,30829.7,30966.2,8124.34808798
2023-07-04 16:00:00+00:00,30964.2,31132.0,30200.0,30358.3,6757.71047535
2023-07-05 16:00:00+00:00,30358.3,31550.0,29888.0,30403.7,15345.70324615
2023-07-06 16:00:00+00:00,30405.9,30465.3,29705.2,30389.5,8860.55373331
2023-07-07 16:00:00+00:00,30389.5,30451.0,30115.2,30209.7,2846.9631705
2023-07-08 16:00:00+00:00,30209.8,30454.0,30043.6,30351.0,2335.20851415
2023-07-09 16:00:00+00:00,30351.0,30364.8,29946.7,30315.7,4950.1194707
2023-07-10 16:00:00+00:00,30315.8,31045.7,30188.8,30597.9,9534.07137954
2023-07-11 16:00:00+00:00,30598.0,30980.0,30407.3,30522.8,7823.07883166
2023-07-12 16:00:00+00:00,30520.3,31192.2,30211.0,30913.8,9164.43579313
2023-07-13 16:00:00+00:00,30918.0,31830.0,30717.9,31240.6,16453.93583057
2023-07-14 16:00:00+00:00,31240.6,31275.6,29900.7,30300.5,11602.17170944
2023-07-15 16:00:00+00:00,30300.5,30440.0,30059.6,30377.4,3718.17126116
2023-07-16 16:00:00+00:00,30377.5,30397.5,29958.2,30175.1,4670.52047555
2023-07-17 16:00:00+00:00,30175.2,30286.6,29653.1,29911.0,8878.43091914
2023-07-18 16:00:00+00:00,29910.8,30187.7,29500.0,29954.4,5871.13940849
2023-07-19 16:00:00+00:00,29954.4,30416.0,29621.0,29806.7,6624.81290234
2023-07-20 16:00:00+00:00,29806.8,29951.2,29560.7,29862.5,5101.69760802
2023-07-21 16:00:00+00:00,29862.5,30059.0,29775.2,29904.5,2566.01286551
2023-07-22 16:00:00+00:00,29904.6,29981.6,29630.0,29898.5,2518.79626753
2023-07-23 16:00:00+00:00,29898.5,30350.0,28866.7,29094.9,12705.18885902
2023-07-24 16:00:00+00:00,29094.9,29344.5,28999.2,29181.0,4478.93279369
2023-07-25 16:00:00+00:00,29181.1,29410.2,29100.0,29322.0,3950.65564487
2023-07-26 16:00:00+00:00,29322.0,29679.0,29191.5,29290.3,7460.56237029
2023-07-27 16:00:00+00:00,29290.4,29539.6,29084.7,29391.4,4202.37398323
2023-07-28 16:00:00+00:00,29391.4,29407.7,29198.8,29296.3,2612.9890228
2023-07-29 16:00:00+00:00,29296.3,29448.8,29235.5,29351.7,1568.22727437
2023-07-30 16:00:00+00:00,29351.8,29530.0,29030.0,29246.9,4305.57522128
2023-07-31 16:00:00+00:00,29246.9,29343.8,28570.1,28951.7,6692.10248626
2023-08-01 16:00:00+00:00,28951.7,30039.6,28862.1,29324.0,13089.96898883
2023-08-02 16:00:00+00:00,29324.0,29430.4,28923.8,29258.6,6067.76676605
2023-08-03 16:00:00+00:00,29258.6,29371.3,29100.0,29272.1,3979.18105803
2023-08-04 16:00:00+00:00,29272.0,29285.3,28802.2,29039.9,4265.44278425
2023-08-05 16:00:00+00:00,29040.0,29137.3,28989.6,29009.0,1456.65470047
2023-08-06 16:00:00+00:00,29008.9,29228.0,28790.0,28858.9,3675.19640943
2023-08-07 16:00:00+00:00,28858.9,29674.5,28701.0,29536.7,6571.22151509
2023-08-08 16:00:00+00:00,29536.7,30242.7,29535.6,29760.2,9236.0263317
2023-08-09 16:00:00+00:00,29760.8,29775.4,29375.9,29467.0,6467.56622676
2023-08-10 16:00:00+00:00,29467.1,29566.4,29330.2,29396.0,4537.74303075
2023-08-11 16:00:00+00:00,29396.0,29461.8,29250.8,29439.5,2402.21598822
2023-08-12 16:00:00+00:00,29439.5,29483.6,29360.0,29372.1,1605.22827455
2023-08-13 16:00:00+00:00,29372.0,29673.0,29100.0,29600.6,5587.98341349
2023-08-14 16:00:00+00:00,29600.7,29695.0,29255.0,29331.7,4775.49169175
2023-08-15 16:00:00+00:00,29331.7,29369.6,29044.0,29105.8,5983.89278616
2023-08-16 16:00:00+00:00,29103.4,29232.0,27865.8,27928.9,16486.06492903
2023-08-17 16:00:00+00:00,27929.0,28084.2,24220.0,26000.0,40207.02449994
2023-08-18 16:00:00+00:00,26000.0,26319.8,25600.1,26215.3,10327.5629156
2023-08-19 16:00:00+00:00,26215.2,26274.7,25971.1,26105.8,3202.8582587
2023-08-20 16:00:00+00:00,26105.9,26299.8,25813.2,25941.7,4972.25455519
2023-08-21 16:00:00+00:00,25941.7,26260.0,25915.2,25936.3,3275.81958628
2023-08-22 16:00:00+00:00,25936.3,26189.2,25320.0,26145.9,9079.69762378
2023-08-23 16:00:00+00:00,26146.0,26816.4,26000.0,26001.9,9745.51584865
2023-08-24 16:00:00+00:00,26001.9,26309.9,25782.2,25932.3,6338.95794571
2023-08-25 16:00:00+00:00,25932.3,26124.3,25834.3,26055.4,1731.18444607
2023-08-26 16:00:00+00:00,26055.3,26179.8,25971.7,26123.2,1075.10512098
2023-08-27 16:00:00+00:00,26123.2,26250.0,25864.5,26104.5,3151.97632891
2023-08-28 16:00:00+00:00,26104.5,27696.0,25920.1,27420.5,13930.24490303
2023-08-29 16:00:00+00:00,27420.5,28163.5,27010.0,27204.0,14382.05770446
2023-08-30 16:00:00+00:00,27204.1,27605.5,26789.3,26923.5,6719.46788306
2023-08-31 16:00:00+00:00,26923.5,26925.7,25557.0,25810.4,13977.20326039
2023-09-01 16:00:00+00:00,25810.4,25986.0,25329.0,25898.2,6604.40715544
2023-09-02 16:00:00+00:00,25898.2,26083.6,25760.0,25872.1,2389.42001268
2023-09-03 16:00:00+00:00,25872.0,26138.0,25727.1,25815.2,4012.63444262
2023-09-04 16:00:00+00:00,25815.2,25946.7,25559.2,25758.7,5158.93506494
2023-09-05 16:00:00+00:00,25758.6,25864.7,25538.4,25592.1,3062.16756641
2023-09-06 16:00:00+00:00,25591.0,26053.4,25369.7,25776.1,5700.87580391
2023-09-07 16:00:00+00:00,25776.9,26450.9,25646.0,25846.3,10132.01359595
2023-09-08 16:00:00+00:00,25846.1,25936.0,25722.5,25893.6,2845.97129098
2023-09-09 16:00:00+00:00,25893.5,25946.6,25712.1,25774.5,2067.05948054
2023-09-10 16:00:00+00:00,25774.5,26038.1,24942.9,25114.0,11606.96212728
2023-09-11 16:00:00+00:00,25112.9,26397.7,24900.0,26209.2,15977.9883668
2023-09-12 16:00:00+00:00,26209.2,26585.3,25768.0,26246.1,10293.73651312
2023-09-13 16:00:00+00:00,26247.7,26800.0,26053.7,26696.4,9670.27652942
2023-09-14 16:00:00+00:00,26697.4,26876.0,26215.6,26320.9,5557.79791707
2023-09-15 16:00:00+00:00,26322.8,26900.0,26314.6,26510.4,4493.88693527
2023-09-16 16:00:00+00:00,26510.5,26624.0,26419.9,26548.7,1877.13257755
2023-09-17 16:00:00+00:00,26548.8,27415.2,26377.0,27271.8,7871.33429145
2023-09-18 16:00:00+00:00,27271.8,27500.0,26630.9,27425.1,10920.84124224
2023-09-19 16:00:00+00:00,27425.6,27486.9,26943.9,27180.2,7028.37489415
2023-09-20 16:00:00+00:00,27180.2,27297.8,26366.6,26587.1,9884.7818936
2023-09-21 16:00:00+00:00,26587.2,26746.0,26469.4,26633.2,6858.48957862
2023-09-22 16:00:00+00:00,26633.2,26647.4,26490.1,26577.8,3296.17170339
2023-09-23 16:00:00+00:00,26577.8,26638.2,26548.5,26576.7,989.68749902
2023-09-24 16:00:00+00:00,26576.8,26737.4,25989.6,26244.5,8061.01033721
2023-09-25 16:00:00+00:00,26244.5,26446.0,26083.0,26124.4,4058.07876271
2023-09-26 16:00:00+00:00,26124.5,26852.1,26096.6,26300.1,11038.79701583
2023-09-27 16:00:00+00:00,26300.1,27088.2,26109.5,27027.3,9292.24028802
2023-09-28 16:00:00+00:00,27028.0,27316.0,26658.0,26887.8,10949.48813396
2023-09-29 16:00:00+00:00,26887.8,27089.4,26749.7,26994.8,2908.13427276
2023-09-30 16:00:00+00:00,26994.9,27288.0,26950.0,27153.0,3346.75751812
2023-10-01 16:00:00+00:00,27152.1,28600.0,27035.0,28026.1,17636.31708827
2023-10-02 16:00:00+00:00,28026.2,28125.1,27232.0,27339.1,10491.73646825
2023-10-03 16:00:00+00:00,27339.0,27642.1,27159.2,27402.9,4730.65871591
2023-10-04 16:00:00+00:00,27402.9,28127.0,27396.6,27549.7,7837.11147984
2023-10-05 16:00:00+00:00,27549.7,28049.6,27173.6,27946.0,9532.0912298
2023-10-06 16:00:00+00:00,27946.1,28316.0,27791.6,27942.0,5659.49433945
2023-10-07 16:00:00+00:00,27942.1,28092.0,27686.1,27898.1,3708.51355972
2023-10-08 16:00:00+00:00,27898.2,27987.9,27375.2,27443.5,6562.55839781
2023-10-09 16:00:00+00:00,27443.6,27743.9,27260.0,27409.8,7676.86411488
2023-10-10 16:00:00+00:00,27409.8,27512.0,26707.5,26775.7,10376.11022693
2023-10-11 16:00:00+00:00,26775.6,26945.0,26530.0,26674.7,8523.48448683
2023-10-12 16:00:00+00:00,26674.7,26974.4,26551.6,26704.4,4437.78452486
2023-10-13 16:00:00+00:00,26704.4,27132.0,26680.8,26948.4,5001.48981824
2023-10-14 16:00:00+00:00,26948.4,26966.7,26782.6,26899.5,2975.5193138
2023-10-15 16:00:00+00:00,26899.5,30535.8,26886.0,28066.0,34257.21078295
2023-10-16 16:00:00+00:00,28066.0,28808.0,28060.4,28461.5,11115.5738638
2023-10-17 16:00:00+00:00,28462.6,28993.8,28134.1,28249.3,8732.67364374
2023-10-18 16:00:00+00:00,28249.4,28816.2,28103.6,28677.1,7748.93352203
2023-10-19 16:00:00+00:00,28679.1,30267.9,28455.1,29550.9,21724.77645913
2023-10-20 16:00:00+00:00,29550.9,29983.8,29316.0,29933.8,4542.4158579
2023-10-21 16:00:00+00:00,29933.7,30390.8,29632.5,29827.1,7805.6834492
2023-10-22 16:00:00+00:00,29827.1,30988.0,29720.1,30885.0,14938.4332654
2023-10-23 16:00:00+00:00,30884.9,35919.2,30690.2,33674.8,50302.54196156
2023-10-24 16:00:00+00:00,33674.8,35049.6,33378.0,34843.1,13858.60274834
2023-10-25 16:00:00+00:00,34843.2,35148.7,33857.4,34048.0,9902.61957275
2023-10-26 16:00:00+00:00,34046.0,34284.0,33748.4,34002.4,7416.314203
2023-10-27 16:00:00+00:00,34003.0,34523.6,33358.1,34195.3,7666.87256296
2023-10-28 16:00:00+00:00,34195.3,34559.7,33930.6,34448.3,3432.27674656
2023-10-29 16:00:00+00:00,34447.4,34868.0,34104.4,34656.5,10175.36267095
2023-10-30 16:00:00+00:00,34656.5,34658.1,34016.5,34272.5,9416.37392742
2023-10-31 16:00:00+00:00,34272.5,35200.0,34054.9,34291.8,12308.40615151
2023-11-01 16:00:00+00:00,34291.3,35989.0,34277.9,34637.9,19366.53387665
2023-11-02 16:00:00+00:00,34637.9,35097.2,34120.0,34762.9,12659.91460108
2023-11-03 16:00:00+00:00,34763.0,35063.3,34325.0,34709.8,6743.33337346
2023-11-04 16:00:00+00:00,34709.9,35316.2,34690.0,34884.9,6488.74459515
2023-11-05 16:00:00+00:00,34885.0,35420.0,34407.1,35079.3,9505.81254449
2023-11-06 16:00:00+00:00,35081.4,35149.4,34521.2,34723.5,7378.21073459
2023-11-07 16:00:00+00:00,34723.6,35899.0,34563.4,35221.2,11081.50844086
2023-11-08 16:00:00+00:00,35220.9,38028.1,35179.7,37087.1,29267.04327783
2023-11-09 16:00:00+00:00,37087.0,37255.0,35532.2,37084.1,20806.70858337
2023-11-10 16:00:00+00:00,37085.2,37542.4,36900.0,37049.9,6829.44833225
2023-11-11 16:00:00+00:00,37050.0,37222.6,36630.0,37154.5,4998.82366869
2023-11-12 16:00:00+00:00,37154.4,37420.0,36532.0,36838.2,7117.35951049
2023-11-13 16:00:00+00:00,36836.6,37032.4,35742.0,36143.9,12997.13367356
2023-11-14 16:00:00+00:00,36146.0,36422.4,34471.6,36411.9,17954.34329838
2023-11-15 16:00:00+00:00,36411.7,37967.9,36214.7,36401.9,20813.74077607
2023-11-16 16:00:00+00:00,36400.1,36671.0,35500.0,36042.8,15053.96700818
2023-11-17 16:00:00+00:00,36043.2,36896.6,35909.1,36665.7,10748.50811674
2023-11-18 16:00:00+00:00,36665.8,36850.0,36382.2,36571.1,3932.22485474
2023-11-19 16:00:00+00:00,36574.2,37500.0,36510.8,37462.7,11291.49104458
2023-11-20 16:00:00+00:00,37458.2,37758.0,36230.3,36974.9,17548.00820952
2023-11-21 16:00:00+00:00,36974.8,37516.3,35621.1,36480.1,17662.8800295
2023-11-22 16:00:00+00:00,36480.1,37868.0,36371.6,36949.4,15048.30626268
2023-11-23 16:00:00+00:00,36949.5,38424.6,36913.6,38216.7,12804.4111362
2023-11-24 16:00:00+00:00,38216.7,38350.0,37547.6,37702.1,7537.75841973
2023-11-25 16:00:00+00:00,37702.1,37888.0,37269.0,37439.7,4343.06131197
2023-11-26 16:00:00+00:00,37439.7,37750.0,36729.5,36748.9,13204.47702119
2023-11-27 16:00:00+00:00,36749.0,37579.3,36710.0,37517.5,9517.22023751
2023-11-28 16:00:00+00:00,37517.6,38487.0,37517.6,37826.9,15246.81303463
2023-11-29 16:00:00+00:00,37826.9,38144.0,37419.5,37616.6,8331.36841207
2023-11-30 16:00:00+00:00,37617.7,38842.1,37526.4,38413.5,11716.18919086
2023-12-01 16:00:00+00:00,38413.5,38989.7,38392.1,38808.0,7317.76033504
2023-12-02 16:00:00+00:00,38805.9,39828.5,38706.3,39765.5,10758.21882026
2023-12-03 16:00:00+00:00,39764.1,42155.0,39428.8,41270.1,25743.8075093
2023-12-04 16:00:00+00:00,41270.1,42500.0,41174.3,42264.9,15091.67535033
2023-12-05 16:00:00+00:00,42262.7,44496.2,42122.1,43778.2,29065.14169604
2023-12-06 16:00:00+00:00,43779.8,44145.7,42836.0,43656.8,13422.74324039
2023-12-07 16:00:00+00:00,43666.0,44035.7,43068.1,43757.2,11535.15874285
2023-12-08 16:00:00+00:00,43758.7,44726.8,43638.1,44047.4,9789.73666007
2023-12-09 16:00:00+00:00,44047.3,44094.1,43600.0,43911.7,7363.54133929
2023-12-10 16:00:00+00:00,43911.8,44050.0,40200.0,41801.0,23551.78299347
2023-12-11 16:00:00+00:00,41801.1,42100.0,40228.7,41353.9,20522.17010443
2023-12-12 16:00:00+00:00,41354.0,41961.8,40516.8,41935.5,12258.63570805
2023-12-13 16:00:00+00:00,41935.5,43500.0,41202.0,42445.6,19735.49717237
2023-12-14 16:00:00+00:00,42445.6,43436.7,41652.5,41901.0,13894.18214382
2023-12-15 16:00:00+00:00,41901.4,42608.6,41613.2,42602.8,8594.40447449
2023-12-16 16:00:00+00:00,42605.4,42717.4,41520.0,41809.8,6914.20951948
2023-12-17 16:00:00+00:00,41809.9,42430.0,40544.4,41266.8,15960.95375126
2023-12-18 16:00:00+00:00,41268.9,43487.5,41149.3,42483.0,15151.90417691
2023-12-19 16:00:00+00:00,42483.0,44300.0,41811.3,44037.4,15811.36652187
2023-12-20 16:00:00+00:00,44037.4,44256.8,43228.7,43823.6,14354.00138063
2023-12-21 16:00:00+00:00,43824.3,44406.3,43347.6,43671.3,11381.83540819
2023-12-22 16:00:00+00:00,43671.3,44045.4,43288.0,43755.8,6124.14379289
2023-12-23 16:00:00+00:00,43757.5,43944.3,43400.7,43680.2,4075.38630312
2023-12-24 16:00:00+00:00,43680.2,43807.9,42521.9,43616.8,9108.55490365
2023-12-25 16:00:00+00:00,43616.8,43718.5,42111.0,42392.8,10881.59404707
2023-12-26 16:00:00+00:00,42392.8,43227.7,41610.0,42977.9,13261.69180208
2023-12-27 16:00:00+00:00,42979.6,43788.6,42398.0,42444.9,10828.4778683
2023-12-28 16:00:00+00:00,42445.2,43113.6,42105.3,42266.2,13798.32152259
2023-12-29 16:00:00+00:00,42266.1,42449.6,41267.1,42374.8,12797.04888955
2023-12-30 16:00:00+00:00,42374.7,42888.0,41971.6,42457.5,9395.39501423
2023-12-31 16:00:00+00:00,42457.6,42848.0,42066.0,42782.8,6214.51469206
2024-01-01 16:00:00+00:00,42783.9,45884.6,42662.9,45183.9,22457.94120446
2024-01-02 16:00:00+00:00,45184.0,45515.8,40157.3,42985.9,36954.95822055
2024-01-03 16:00:00+00:00,42990.0,44349.7,41759.0,44057.7,22396.14267526
2024-01-04 16:00:00+00:00,44057.8,44888.0,42250.1,43500.2,25219.90084603
2024-01-05 16:00:00+00:00,43500.1,44393.0,43082.6,43865.1,11218.63020597
2024-01-06 16:00:00+00:00,43867.5,44481.2,43637.6,44048.1,8392.84778305
2024-01-07 16:00:00+00:00,44048.1,45400.0,43180.1,44968.0,21036.57029625
2024-01-08 16:00:00+00:00,44967.9,47300.0,44793.4,46865.5,27135.98331173
2024-01-09 16:00:00+00:00,46865.5,48023.7,44289.5,45547.0,37228.30513452
2024-01-10 16:00:00+00:00,45548.3,48988.0,44777.6,46775.8,50059.09287579
2024-01-11 16:00:00+00:00,46775.8,47000.0,44337.9,44467.3,25592.16888707
2024-01-12 16:00:00+00:00,44466.9,44666.0,41360.9,43154.0,28101.84329841
2024-01-13 16:00:00+00:00,43156.1,43186.9,42543.9,42906.2,6225.3421282
2024-01-14 16:00:00+00:00,42906.2,43015.9,41715.2,42278.3,15081.76689085
2024-01-15 16:00:00+00:00,42278.3,43388.0,42045.4,43253.7,12719.1911304
2024-01-16 16:00:00+00:00,43253.6,43585.0,42370.4,42476.4,10125.02801761
2024-01-17 16:00:00+00:00,42476.5,42925.5,42205.1,42619.1,7614.45072789
2024-01-18 16:00:00+00:00,42619.1,42619.2,40678.3,40898.5,19209.64647714
2024-01-19 16:00:00+00:00,40898.6,42187.2,40258.2,41569.9,9357.17975277
2024-01-20 16:00:00+00:00,41566.4,41883.2,41524.0,41656.2,3041.3029266
2024-01-21 16:00:00+00:00,41658.0,41817.2,40349.7,40772.0,12488.92323873
2024-01-22 16:00:00+00:00,40773.5,40873.7,38554.0,39204.1,22724.04074797
2024-01-23 16:00:00+00:00,39204.1,40588.0,38910.0,40049.9,14965.86228163
2024-01-24 16:00:00+00:00,40049.9,40306.0,39497.3,39801.1,9125.75641122
2024-01-25 16:00:00+00:00,39801.1,41588.8,39538.9,41418.1,16100.01759444
2024-01-26 16:00:00+00:00,41418.1,42249.9,41380.4,41820.5,10436.48359259
2024-01-27 16:00:00+00:00,41822.0,42838.2,41741.9,42260.2,6670.09676906
2024-01-28 16:00:00+00:00,42260.3,42648.6,41617.2,42641.6,7219.21694963
2024-01-29 16:00:00+00:00,42641.5,43884.4,42520.0,43377.1,16995.90354194
2024-01-30 16:00:00+00:00,43377.1,43758.0,42352.8,43354.2,14771.00200029
2024-01-31 16:00:00+00:00,43353.2,43748.8,41868.2,42511.6,13731.11320268
2024-02-01 16:00:00+00:00,42511.5,43428.7,42358.9,43234.8,9672.31732967
2024-02-02 16:00:00+00:00,43234.7,43485.2,42774.0,43121.6,4039.11776893
2024-02-03 16:00:00+00:00,43121.7,43281.8,42724.1,42936.0,3638.58155223
2024-02-04 16:00:00+00:00,42936.1,43571.8,42188.0,42639.3,8280.08418842
2024-02-05 16:00:00+00:00,42639.3,43276.8,42323.0,43247.7,7036.25300619
2024-02-06 16:00:00+00:00,43245.4,43388.0,42787.8,43070.4,5833.16413884
2024-02-07 16:00:00+00:00,43070.5,45477.5,43009.6,45434.9,13462.39443643
2024-02-08 16:00:00+00:00,45434.9,47760.7,44893.4,47158.5,17482.71724676
2024-02-09 16:00:00+00:00,47158.6,48219.9,46841.6,47346.7,9673.35313517
2024-02-10 16:00:00+00:00,47346.8,48594.4,47153.2,48148.4,6538.61411751
2024-02-11 16:00:00+00:00,48148.4,49952.9,47705.7,49917.2,10115.98395401
2024-02-12 16:00:00+00:00,49917.3,50385.1,48400.0,48723.1,16741.98446221
2024-02-13 16:00:00+00:00,48724.0,52045.7,48300.0,51590.9,17497.90331389
2024-02-14 16:00:00+00:00,51596.7,52813.0,51192.5,51948.0,14216.28853177
2024-02-15 16:00:00+00:00,51948.0,52574.2,51309.5,51878.8,13465.71024966
2024-02-16 16:00:00+00:00,51878.8,52256.0,50618.6,50980.1,8647.51922009
2024-02-17 16:00:00+00:00,50980.1,52070.0,50738.1,51781.4,5505.93217076
2024-02-18 16:00:00+00:00,51781.5,52489.2,51594.7,52127.6,6427.20569274
2024-02-19 16:00:00+00:00,52127.6,53006.0,51290.0,51676.9,13266.78438816
2024-02-20 16:00:00+00:00,51676.9,52526.6,50533.8,51156.8,14160.67828774
2024-02-21 16:00:00+00:00,51156.9,52036.4,50650.0,51602.5,10548.38321226
2024-02-22 16:00:00+00:00,51602.4,52080.0,50788.0,50908.6,10928.27014668
2024-02-23 16:00:00+00:00,50908.6,51195.2,50513.1,51101.0,5663.27182307
2024-02-24 16:00:00+00:00,51101.0,51910.0,51096.9,51522.1,5246.41072566
2024-02-25 16:00:00+00:00,51520.9,52848.0,50902.2,52843.2,9102.27095655
2024-02-26 16:00:00+00:00,52843.2,57500.0,52744.2,56747.9,23087.26765235
2024-02-27 16:00:00+00:00,56748.0,61364.7,56201.7,60966.9,19637.90369844
2024-02-28 16:00:00+00:00,60966.8,64085.2,58666.0,62764.2,33477.74765964
2024-02-29 16:00:00+00:00,62764.2,62881.0,60372.0,61272.5,16408.10890415
2024-03-01 16:00:00+00:00,61272.6,63114.4,61242.5,61776.7,9745.42392091
2024-03-02 16:00:00+00:00,61776.7,62642.7,61307.0,62172.1,6831.50102256
2024-03-03 16:00:00+00:00,62172.1,66600.0,62090.3,66454.1,19074.42334474
2024-03-04 16:00:00+00:00,66454.1,69080.0,64970.4,66778.0,27852.330643
2024-03-05 16:00:00+00:00,66778.1,67647.4,59000.0,66485.7,42637.47188972
2024-03-06 16:00:00+00:00,66488.1,67896.6,65544.0,67261.8,12794.18645877
2024-03-07 16:00:00+00:00,67252.2,70040.0,66750.0,67618.1,15402.01073433
2024-03-08 16:00:00+00:00,67622.1,69383.0,66063.3,68288.8,14304.48754839
2024-03-09 16:00:00+00:00,68288.7,69910.7,68000.0,69191.5,8567.00702667
2024-03-10 16:00:00+00:00,69191.5,72665.3,66944.1,72008.0,19462.54243586
2024-03-11 16:00:00+00:00,72008.1,73095.2,70777.0,71702.0,16055.75801959
2024-03-12 16:00:00+00:00,71702.0,73625.6,68600.0,72624.1,19286.14136988
2024-03-13 16:00:00+00:00,72624.2,73787.1,70581.4,70843.3,13507.67335845
2024-03-14 16:00:00+00:00,70843.3,72432.0,65588.0,68165.3,31616.38197128
2024-03-15 16:00:00+00:00,68165.3,70659.3,67408.0,68385.8,14358.43992031
2024-03-16 16:00:00+00:00,68385.9,68415.8,64541.7,67963.8,19654.12569864
2024-03-17 16:00:00+00:00,67963.7,68974.0,66635.0,67480.0,13211.47131006
2024-03-18 16:00:00+00:00,67478.3,68121.6,62393.7,64056.9,27379.78150141
2024-03-19 16:00:00+00:00,64053.4,65765.0,60767.5,63607.7,26232.38601017
2024-03-20 16:00:00+00:00,63604.5,68247.2,62026.3,66571.2,21192.68156922
2024-03-21 16:00:00+00:00,66571.3,67000.0,62579.8,63883.9,17213.42140341
2024-03-22 16:00:00+00:00,63883.9,65420.3,62200.0,65099.9,9446.44416316
2024-03-23 16:00:00+00:00,65099.9,66000.0,63765.9,65673.1,7691.71120911
2024-03-24 16:00:00+00:00,65674.5,70016.0,64609.2,69785.7,15028.36714977
2024-03-25 16:00:00+00:00,69785.8,71547.3,69283.8,70257.0,14752.81873015
2024-03-26 16:00:00+00:00,70253.8,71777.0,68538.0,68882.1,15705.37718062
2024-03-27 16:00:00+00:00,68883.7,71541.1,68400.0,71289.8,13287.24522395
2024-03-28 16:00:00+00:00,71295.3,71323.8,69001.1,69176.6,10268.67983665
2024-03-29 16:00:00+00:00,69176.7,70322.6,69091.0,70002.0,3850.54207066
2024-03-30 16:00:00+00:00,70001.9,70733.5,69542.7,70394.0,4302.95777863
2024-03-31 16:00:00+00:00,70394.0,71400.1,68119.4,68230.0,12452.22725956
2024-04-01 16:00:00+00:00,68226.0,69916.0,64588.8,64876.0,20510.70747866
2024-04-02 16:00:00+00:00,64883.1,66908.3,64403.1,65836.7,12346.71979714
2024-04-03 16:00:00+00:00,65835.0,67937.7,65060.3,67649.8,10402.08202978
2024-04-04 16:00:00+00:00,67649.9,69319.4,65958.8,68201.4,16475.726599
2024-04-05 16:00:00+00:00,68197.8,68380.0,67304.0,68112.8,5097.30222539
2024-04-06 16:00:00+00:00,68106.2,69880.0,67941.7,69555.9,5592.82722851
2024-04-07 16:00:00+00:00,69560.0,72799.0,68866.8,71782.2,14553.61532792
2024-04-08 16:00:00+00:00,71776.1,72126.4,68518.0,69264.6,12560.09027311
2024-04-09 16:00:00+00:00,69264.9,69600.1,67506.8,68656.0,11423.86667529
2024-04-10 16:00:00+00:00,68650.0,71315.9,68576.0,70001.3,12331.90943846
2024-04-11 16:00:00+00:00,70001.4,71230.0,69231.6,69346.1,10084.79503254
2024-04-12 16:00:00+00:00,69346.2,69589.0,64845.4,67672.1,19829.26168652
2024-04-13 16:00:00+00:00,67668.2,67758.3,60000.0,64173.3,36973.8847011
2024-04-14 16:00:00+00:00,64180.1,66867.2,62568.6,64568.1,17879.9558903
2024-04-15 16:00:00+00:00,64572.0,64868.3,61568.1,61758.9,18893.90356964
2024-04-16 16:00:00+00:00,61760.1,64523.1,59862.7,60299.4,19463.08376615
2024-04-17 16:00:00+00:00,60295.9,64133.8,59632.6,63498.2,17921.34865857
2024-04-18 16:00:00+00:00,63498.2,65440.0,59587.2,64439.7,24315.75708195
2024-04-19 16:00:00+00:00,64438.6,64968.4,62937.0,64806.0,8805.44230238
2024-04-20 16:00:00+00:00,64806.0,65704.5,64451.5,65043.9,6222.72425837
2024-04-21 16:00:00+00:00,65043.9,66488.0,64211.1,66002.4,9930.67262445
2024-04-22 16:00:00+00:00,66002.5,67248.0,65808.5,66422.7,8898.76240869
2024-04-23 16:00:00+00:00,66425.3,67078.2,64507.7,64615.5,7567.44724709
2024-04-24 16:00:00+00:00,64613.9,65133.0,62747.4,64132.1,16075.00807359
2024-04-25 16:00:00+00:00,64129.6,65289.8,63333.3,63503.7,10570.26028635
2024-04-26 16:00:00+00:00,63503.8,64171.0,62380.6,62955.8,6081.86736904
2024-04-27 16:00:00+00:00,62955.7,64380.0,62744.3,63536.4,5246.91451327
2024-04-28 16:00:00+00:00,63536.4,63976.2,61787.8,63045.3,10241.32559109
2024-04-29 16:00:00+00:00,63045.2,64732.0,60555.0,60793.9,12300.53620817
2024-04-30 16:00:00+00:00,60793.7,61066.2,56555.0,56885.3,22039.18083271
2024-05-01 16:00:00+00:00,56882.1,59488.7,56604.3,59266.3,20284.30682897
2024-05-02 16:00:00+00:00,59270.0,62121.0,58643.5,61690.0,12507.34778458
2024-05-03 16:00:00+00:00,61690.7,64545.3,61534.1,63612.4,10913.65512547
2024-05-04 16:00:00+00:00,63615.6,64652.4,62884.7,64432.0,5870.99580079
2024-05-05 16:00:00+00:00,64430.2,65518.0,62930.0,63632.4,11640.44109066
2024-05-06 16:00:00+00:00,63633.7,64411.8,62697.2,63741.9,9878.53224532
2024-05-07 16:00:00+00:00,63742.0,63895.9,61787.8,62278.0,8034.01736002
2024-05-08 16:00:00+00:00,62279.4,62761.4,60625.0,62157.8,7022.12047301
2024-05-09 16:00:00+00:00,62157.7,63470.5,60690.0,60925.0,10977.76010143
2024-05-10 16:00:00+00:00,60924.0,61525.0,60180.0,61176.1,5299.83863081
2024-05-11 16:00:00+00:00,61182.3,61570.0,60604.0,61411.7,2706.2966471
2024-05-12 16:00:00+00:00,61417.9,63299.8,60758.9,63009.9,9197.44820298
2024-05-13 16:00:00+00:00,63009.9,63459.3,61120.2,61779.8,9389.87284837
2024-05-14 16:00:00+00:00,61779.9,65068.2,61150.6,64714.1,11271.96121316
2024-05-15 16:00:00+00:00,64714.2,66789.0,64714.2,65826.1,9992.61811865
2024-05-16 16:00:00+00:00,65826.2,67459.0,64610.0,67199.0,8688.15885428
2024-05-17 16:00:00+00:00,67199.9,67389.1,66208.0,66813.6,4626.41629247
2024-05-18 16:00:00+00:00,66813.6,67750.7,66659.9,66887.5,3239.89146339
2024-05-19 16:00:00+00:00,66887.4,67500.0,65839.1,67413.8,5512.55113575
2024-05-20 16:00:00+00:00,67413.8,71979.0,67380.3,69821.5,19725.15708033
2024-05-21 16:00:00+00:00,69821.5,70596.4,69161.0,70451.6,7754.36847311
2024-05-22 16:00:00+00:00,70452.5,70665.8,67602.3,68075.5,9782.61105492
2024-05-23 16:00:00+00:00,68075.6,68421.8,66256.3,68332.0,9957.78994866
2024-05-24 16:00:00+00:00,68332.0,69639.3,67901.1,68938.6,4367.86312784
2024-05-25 16:00:00+00:00,68938.6,69556.6,68669.8,68846.4,2404.60880818
2024-05-26 16:00:00+00:00,68847.2,70550.0,68150.2,70370.8,4680.88621833
2024-05-27 16:00:00+00:00,70370.8,70688.0,67485.0,68379.4,8323.58184944
2024-05-28 16:00:00+00:00,68380.8,68934.6,67264.3,67380.0,5956.79083607
2024-05-29 16:00:00+00:00,67380.1,68823.9,67123.9,68532.1,7430.48991909
2024-05-30 16:00:00+00:00,68532.0,69515.0,67200.1,67209.6,6977.19230059
2024-05-31 16:00:00+00:00,67209.7,68002.3,66654.1,67683.9,3721.63550499
2024-06-01 16:00:00+00:00,67684.0,68472.3,67380.1,68147.1,2542.46565836
2024-06-02 16:00:00+00:00,68147.2,70299.4,67267.1,69613.3,8286.11621656
2024-06-03 16:00:00+00:00,69613.4,70500.0,68560.1,70447.9,6467.52905786
2024-06-04 16:00:00+00:00,70448.0,71717.9,70087.6,71567.3,8905.38681874
2024-06-05 16:00:00+00:00,71567.2,71754.7,70708.0,71302.2,4845.77426249
2024-06-06 16:00:00+00:00,71302.3,71997.0,70120.0,71108.6,7445.37475641
2024-06-07 16:00:00+00:00,71108.6,71212.1,68300.0,69420.8,6796.33978825
2024-06-08 16:00:00+00:00,69420.9,69775.0,69134.0,69508.5,2262.53916867
2024-06-09 16:00:00+00:00,69508.6,70186.2,69156.1,70058.6,2900.91677586
2024-06-10 16:00:00+00:00,70058.6,70120.0,66000.0,66230.3,12643.21150436
2024-06-11 16:00:00+00:00,66230.2,70000.0,66153.9,69728.9,8282.20568019
2024-06-12 16:00:00+00:00,69734.9,69871.7,66333.0,66460.0,9437.32108632
2024-06-13 16:00:00+00:00,66458.1,67366.3,66258.0,66388.3,5076.58299615
2024-06-14 16:00:00+00:00,66389.9,66633.3,65068.0,66317.5,4914.21837406
2024-06-15 16:00:00+00:00,66317.5,66796.7,65857.0,66705.4,1750.99687036
2024-06-16 16:00:00+00:00,66707.9,66985.4,65124.3,65365.2,4811.24197008
2024-06-17 16:00:00+00:00,65365.2,67301.4,64256.0,64702.3,10249.45839206
2024-06-18 16:00:00+00:00,64705.8,65727.2,64051.5,64929.0,5718.99048177
2024-06-19 16:00:00+00:00,64929.0,66493.9,64656.0,64832.0,5167.20082726
2024-06-20 16:00:00+00:00,64831.3,65214.9,63383.3,63724.1,7556.86391942
2024-06-21 16:00:00+00:00,63727.9,64543.9,63461.5,64302.9,2792.87622034
2024-06-22 16:00:00+00:00,64303.0,64524.7,64067.9,64097.9,1475.76653742
2024-06-23 16:00:00+00:00,64098.0,64186.4,60588.6,60850.0,10806.85619147
2024-06-24 16:00:00+00:00,60849.9,62151.6,58378.0,61820.6,13355.98499833
2024-06-25 16:00:00+00:00,61820.7,62483.9,61145.1,61480.0,6063.45081984
2024-06-26 16:00:00+00:00,61480.0,62390.0,60620.7,61590.1,6929.92098312
2024-06-27 16:00:00+00:00,61590.1,62233.9,60730.0,61060.0,5791.31757876
2024-06-28 16:00:00+00:00,61060.0,61218.2,60055.5,61115.1,5377.31305106
2024-06-29 16:00:00+00:00,61115.2,61865.0,60710.1,61719.8,2869.46621247
2024-06-30 16:00:00+00:00,61720.0,63822.3,61579.4,63142.1,5919.45254798
2024-07-01 16:00:00+00:00,63142.1,63860.2,61835.1,61949.9,5735.05146438
2024-07-02 16:00:00+00:00,61950.0,62374.7,59571.1,60183.0,8596.16000968
2024-07-03 16:00:00+00:00,60181.4,60659.9,56759.5,58143.3,13474.51709964
2024-07-04 16:00:00+00:00,58143.3,58822.0,53269.0,56670.1,21339.40749426
2024-07-05 16:00:00+00:00,56675.9,57454.5,55823.4,57320.2,6294.2374643
2024-07-06 16:00:00+00:00,57322.7,58479.8,56573.4,56826.0,5139.49206427
2024-07-07 16:00:00+00:00,56828.0,58214.7,54289.4,55760.9,12395.27222872
2024-07-08 16:00:00+00:00,55764.4,58131.3,55416.9,57476.9,7925.99202184
2024-07-09 16:00:00+00:00,57476.9,59476.3,57332.1,57700.1,8730.44903696
2024-07-10 16:00:00+00:00,57705.8,59579.9,57029.2,57405.8,8340.98132761
2024-07-11 16:00:00+00:00,57403.0,58277.2,56537.3,58211.9,6334.98025075
2024-07-12 16:00:00+00:00,58212.5,58902.5,57144.1,58838.1,5621.50300989
2024-07-13 16:00:00+00:00,58838.1,60407.5,58259.6,60088.2,5790.30410892
2024-07-14 16:00:00+00:00,60088.2,63329.6,59875.0,63031.4,9561.9283892
2024-07-15 16:00:00+00:00,63031.4,65000.0,62369.8,64888.2,13256.56780042
2024-07-16 16:00:00+00:00,64874.7,66117.5,64111.0,64728.9,8715.83907477
2024-07-17 16:00:00+00:00,64729.0,65142.5,63400.0,63537.4,6959.76043988
2024-07-18 16:00:00+00:00,63537.3,65899.2,63230.9,65836.7,7588.0189059
2024-07-19 16:00:00+00:00,65836.6,67395.4,65826.4,66827.1,5771.8664827
2024-07-20 16:00:00+00:00,66825.9,67619.6,66592.0,67167.5,3909.62022505
2024-07-21 16:00:00+00:00,67167.6,68482.1,65764.5,67065.3,8108.13462309
2024-07-22 16:00:00+00:00,67065.4,68260.0,65956.0,66583.0,6980.32873615
2024-07-23 16:00:00+00:00,66575.9,67102.0,65420.0,66177.5,6262.14777694
2024-07-24 16:00:00+00:00,66179.5,66711.8,63450.1,64778.0,10291.14363085
2024-07-25 16:00:00+00:00,64778.0,67995.6,64384.0,67562.9,9987.14320908
2024-07-26 16:00:00+00:00,67562.0,69409.5,67306.5,68862.5,4923.69687354
2024-07-27 16:00:00+00:00,68862.6,69200.0,66646.6,67645.8,9000.55137098
2024-07-28 16:00:00+00:00,67650.0,70050.0,67604.3,68100.0,10012.08230876
2024-07-29 16:00:00+00:00,68100.1,68118.5,65550.0,66217.9,10452.7749276
2024-07-30 16:00:00+00:00,66218.0,66849.5,65300.0,66385.9,5505.27545379
2024-07-31 16:00:00+00:00,66386.0,66838.0,62661.5,62902.0,11672.93627121
2024-08-01 16:00:00+00:00,62903.5,65654.0,62280.0,63418.6,14052.83193868
2024-08-02 16:00:00+00:00,63419.4,63615.3,60504.1,60878.3,10257.80358718
2024-08-03 16:00:00+00:00,60878.3,61297.1,58947.2,59087.7,9120.61207728
2024-08-04 16:00:00+00:00,59088.0,59588.0,48934.8,54318.0,56339.78259467
2024-08-05 16:00:00+00:00,54307.2,56615.4,52552.0,56412.6,21419.63781954
2024-08-06 16:00:00+00:00,56409.7,57736.3,55570.0,56092.7,13588.50844216
2024-08-07 16:00:00+00:00,56092.7,59516.0,54563.6,59429.9,15581.56573517
2024-08-08 16:00:00+00:00,59434.1,62750.0,59240.8,59812.9,12507.24484639
2024-08-09 16:00:00+00:00,59812.9,61476.0,59730.0,60523.9,5018.66891845
2024-08-10 16:00:00+00:00,60523.9,61885.7,59936.3,60127.9,4473.23302688
2024-08-11 16:00:00+00:00,60128.0,60692.8,57592.9,60207.2,12203.69028715
2024-08-12 16:00:00+00:00,60204.0,60409.1,58398.1,59480.1,7438.92094682
2024-08-13 16:00:00+00:00,59480.1,61839.8,58817.2,59443.8,10339.75429085
2024-08-14 16:00:00+00:00,59443.8,59774.0,57718.1,59675.8,8163.04134558
2024-08-15 16:00:00+00:00,59676.0,59850.0,56093.7,58074.1,11344.38939645
2024-08-16 16:00:00+00:00,58068.1,59821.0,57994.0,59394.3,5005.79557338
2024-08-17 16:00:00+00:00,59394.3,60288.4,59147.8,59863.4,4034.7571222
2024-08-18 16:00:00+00:00,59867.7,59950.0,57800.0,58540.0,5276.97615056
2024-08-19 16:00:00+00:00,58538.5,61419.6,58373.9,58831.4,10300.20771481
2024-08-20 16:00:00+00:00,58823.4,60200.0,58541.2,59518.7,6292.9018007
2024-08-21 16:00:00+00:00,59522.0,61832.3,59372.0,60407.1,9407.66438694
2024-08-22 16:00:00+00:00,60404.0,62325.6,60128.1,61534.0,7517.55736165
2024-08-23 16:00:00+00:00,61535.2,65000.0,61343.1,63984.1,11634.26606711
2024-08-24 16:00:00+00:00,63987.8,64660.0,63513.7,64133.5,4350.11132899
2024-08-25 16:00:00+00:00,64132.1,65010.2,63065.5,63534.0,5862.93436671
2024-08-26 16:00:00+00:00,63532.6,63890.8,61445.1,61704.0,7518.03470407
2024-08-27 16:00:00+00:00,61699.1,62199.9,58000.0,59002.4,12145.65443988
2024-08-28 16:00:00+00:00,59003.6,61186.4,57825.1,60777.4,8382.5128372
2024-08-29 16:00:00+00:00,60776.3,60959.2,57936.5,58088.0,8280.81454699
2024-08-30 16:00:00+00:00,58093.1,59461.5,57650.0,59013.8,3134.58179205
2024-08-31 16:00:00+00:00,59013.8,59144.5,57168.5,58214.1,4937.69290326
2024-09-01 16:00:00+00:00,58214.1,58817.4,57116.2,58535.7,6676.28043791
2024-09-02 16:00:00+00:00,58536.0,59817.0,57562.1,57724.0,5193.54115148
2024-09-03 16:00:00+00:00,57721.5,58251.4,55568.0,58128.7,9349.01498604
2024-09-04 16:00:00+00:00,58128.2,58522.1,55809.6,55976.1,8947.42912165
2024-09-05 16:00:00+00:00,55979.5,57054.8,53805.4,54044.0,11668.221536
2024-09-06 16:00:00+00:00,54044.1,54832.0,52528.6,54784.1,10275.03300045
2024-09-07 16:00:00+00:00,54784.1,54853.0,53646.1,53687.9,4125.42918681
2024-09-08 16:00:00+00:00,53686.9,55805.2,53626.2,55383.9,8159.423859
2024-09-09 16:00:00+00:00,55384.0,58135.0,55344.0,56592.2,11068.38773889
2024-09-10 16:00:00+00:00,56592.2,58045.8,55555.0,56700.4,9286.68890273
2024-09-11 16:00:00+00:00,56700.0,58588.8,56645.5,57514.2,8516.18263678
2024-09-12 16:00:00+00:00,57512.0,59717.0,57494.2,59660.1,5926.76694074
2024-09-13 16:00:00+00:00,59658.1,60644.7,59312.1,59875.3,7071.05901487
2024-09-14 16:00:00+00:00,59875.3,60407.3,59355.9,60334.2,2576.78804612
2024-09-15 16:00:00+00:00,60334.2,60354.0,57565.3,57881.8,7563.84579034
2024-09-16 16:00:00+00:00,57881.6,61343.1,57431.1,61134.0,9889.87655489
2024-09-17 16:00:00+00:00,61133.4,61268.0,59312.1,59430.0,7476.11010876
2024-09-18 16:00:00+00:00,59430.0,63509.1,59179.7,63156.2,15420.86960007
2024-09-19 16:00:00+00:00,63157.6,64142.8,62574.5,63160.0,10327.60817316
2024-09-20 16:00:00+00:00,63159.9,63305.0,62338.0,63170.1,3592.07454688
2024-09-21 16:00:00+00:00,63170.2,63569.1,62466.5,62656.1,3103.59017277
2024-09-22 16:00:00+00:00,62656.0,64750.0,62364.8,63616.1,8345.56881174
2024-09-23 16:00:00+00:00,63616.0,63950.0,62702.3,63160.0,6765.75462495
2024-09-24 16:00:00+00:00,63161.0,64822.2,63093.1,63499.0,8036.96094038
2024-09-25 16:00:00+00:00,63499.3,65556.6,62671.0,65233.0,8922.74440583
2024-09-26 16:00:00+00:00,65234.0,66500.0,64625.8,66000.1,8973.1382816
2024-09-27 16:00:00+00:00,66000.0,66364.0,65414.6,65619.0,4033.42758245
2024-09-28 16:00:00+00:00,65619.1,66000.0,65420.0,65756.2,2593.70282044
2024-09-29 16:00:00+00:00,65756.2,66079.6,63250.0,63558.8,8887.05845981
2024-09-30 16:00:00+00:00,63558.8,64128.0,61798.1,62629.6,10271.45946509
2024-10-01 16:00:00+00:00,62629.6,62777.0,60160.1,61875.5,12560.70071691
2024-10-02 16:00:00+00:00,61875.5,62375.6,59800.0,60636.3,9771.59191899
2024-10-03 16:00:00+00:00,60636.4,62010.4,59910.0,61884.0,8456.35098503
2024-10-04 16:00:00+00:00,61884.1,62480.8,61643.4,62167.2,3249.54480013
2024-10-05 16:00:00+00:00,62167.3,62797.1,61706.0,62724.8,2158.07986544
2024-10-06 16:00:00+00:00,62724.9,64466.9,62305.6,63658.0,8343.06479607
2024-10-07 16:00:00+00:00,63658.0,63916.5,61866.0,62287.5,6792.98008595
2024-10-08 16:00:00+00:00,62287.5,62596.0,61634.0,62309.9,5255.63240276
2024-10-09 16:00:00+00:00,62310.0,62346.5,60302.0,60795.2,6470.04140182
2024-10-10 16:00:00+00:00,60796.0,62466.0,58935.6,62267.1,8853.6468761
2024-10-11 16:00:00+00:00,62267.2,63488.0,62130.0,63166.1,6695.93902606
2024-10-12 16:00:00+00:00,63166.2,63400.0,62050.0,62230.1,3144.36672091
2024-10-13 16:00:00+00:00,62230.0,66294.0,62169.4,65878.1,11712.53268901
2024-10-14 16:00:00+00:00,65878.0,67963.6,64781.5,66023.1,13486.36513222
2024-10-15 16:00:00+00:00,66023.1,68422.6,65982.7,67759.3,12304.6642775
2024-10-16 16:00:00+00:00,67759.5,68107.9,66670.0,67590.5,6952.24643837
2024-10-17 16:00:00+00:00,67590.5,68880.0,66720.0,68744.2,8677.19707784
2024-10-18 16:00:00+00:00,68744.5,69000.0,68080.0,68227.7,3801.3260623
2024-10-19 16:00:00+00:00,68227.8,68765.2,68006.0,68631.9,2367.03397535
2024-10-20 16:00:00+00:00,68632.0,69546.0,66842.8,67331.5,9470.0471967
2024-10-21 16:00:00+00:00,67331.5,67925.9,66555.0,67283.5,9717.99223215
2024-10-22 16:00:00+00:00,67283.6,67838.0,65923.1,66220.0,6705.20525113
2024-10-23 16:00:00+00:00,66220.1,67984.0,65251.0,67697.7,8245.1343376
2024-10-24 16:00:00+00:00,67697.8,68850.3,67250.0,67687.5,7081.09915405
2024-10-25 16:00:00+00:00,67687.5,67870.2,65588.7,66886.2,9204.3518236
2024-10-26 16:00:00+00:00,66886.1,67852.1,66788.9,67786.0,2108.62752954
2024-10-27 16:00:00+00:00,67785.9,69285.0,67544.4,68491.5,6596.09915596
2024-10-28 16:00:00+00:00,68490.8,72440.3,68450.0,72398.3,13686.22038749
2024-10-29 16:00:00+00:00,72398.1,73650.0,71440.0,72060.2,12330.68717055
2024-10-30 16:00:00+00:00,72060.2,72962.0,70444.0,70628.0,10423.51659655
2024-10-31 16:00:00+00:00,70627.9,71629.9,68829.9,69391.0,11613.24775187
2024-11-01 16:00:00+00:00,69391.5,70514.5,68800.2,69391.3,5559.09506179
2024-11-02 16:00:00+00:00,69391.4,69607.1,67458.0,68100.0,5924.11651167
2024-11-03 16:00:00+00:00,68100.0,69499.0,67682.6,68645.5,6845.02571518
2024-11-04 16:00:00+00:00,68645.5,70329.9,66822.5,69632.1,10628.57459656
2024-11-05 16:00:00+00:00,69632.7,75409.6,68709.0,74296.4,30369.04235989
2024-11-06 16:00:00+00:00,74299.6,76388.0,74116.5,76056.3,12139.14726695
2024-11-07 16:00:00+00:00,76056.5,76848.1,75484.3,76418.8,10343.68871473
2024-11-08 16:00:00+00:00,76418.9,77179.1,75800.2,76321.2,6235.04273498
2024-11-09 16:00:00+00:00,76321.3,80100.0,75714.2,79687.3,13082.58593771
2024-11-10 16:00:00+00:00,79687.2,84288.0,78500.0,84068.2,16175.65835375
2024-11-11 16:00:00+00:00,84068.1,89970.2,83825.6,86611.9,33585.88344133
2024-11-12 16:00:00+00:00,86611.8,92666.0,85725.7,92525.6,20348.51273694
2024-11-13 16:00:00+00:00,92525.7,93263.0,87837.7,87954.9,20387.7071534
2024-11-14 16:00:00+00:00,87954.9,90707.5,86666.6,88439.9,13795.42050888
2024-11-15 16:00:00+00:00,88439.9,91851.2,88376.1,90527.8,8170.39307369
2024-11-16 16:00:00+00:00,90527.8,91489.9,89354.3,90260.0,5809.9788386
2024-11-17 16:00:00+00:00,90260.1,92644.1,88714.2,92333.3,13414.50070423
2024-11-18 16:00:00+00:00,92339.1,92800.0,89675.2,92380.7,13365.1025809
2024-11-19 16:00:00+00:00,92382.5,94800.0,91304.1,94724.9,12810.37557192
2024-11-20 16:00:00+00:00,94724.8,98400.0,93128.0,96659.9,18772.66146575
2024-11-21 16:00:00+00:00,96659.9,99408.0,96300.0,98650.5,12848.66152969
2024-11-22 16:00:00+00:00,98648.1,99588.0,98200.0,98377.2,7645.62725977
2024-11-23 16:00:00+00:00,98377.3,98569.3,95920.4,95920.9,7237.51655135
2024-11-24 16:00:00+00:00,95920.4,98876.0,94583.0,95995.1,10079.14630452
2024-11-25 16:00:00+00:00,95995.1,96498.4,91466.0,92815.1,14181.33800374
2024-11-26 16:00:00+00:00,92815.1,95858.0,90800.0,95544.3,11046.6247376
2024-11-27 16:00:00+00:00,95544.3,97203.8,94610.0,94998.4,7934.35594018
2024-11-28 16:00:00+00:00,94998.4,98628.0,94703.2,98003.1,7435.50049527
2024-11-29 16:00:00+00:00,98008.0,98439.7,96080.1,96646.7,5211.22155837
2024-11-30 16:00:00+00:00,96646.6,97406.8,95678.0,97029.4,4199.56874168
2024-12-01 16:00:00+00:00,97029.5,98174.4,94770.0,97035.8,8330.74687735
2024-12-02 16:00:00+00:00,97035.7,97352.0,93583.8,95683.9,9101.65835662
2024-12-03 16:00:00+00:00,95684.0,96965.1,94852.0,95746.3,7635.06618011
2024-12-04 16:00:00+00:00,95746.4,104056.0,94580.0,101308.1,23060.24691862
2024-12-05 16:00:00+00:00,101308.1,102028.0,89711.9,99312.2,20552.33706257
2024-12-06 16:00:00+00:00,99312.2,101901.8,98752.0,99733.3,6663.02420345
2024-12-07 16:00:00+00:00,99733.4,100500.0,98663.2,99907.1,4122.7548541
2024-12-08 16:00:00+00:00,99907.2,101362.7,97512.2,97805.4,8442.18305696
2024-12-09 16:00:00+00:00,97807.9,98391.8,94000.0,95655.9,14515.64388211
2024-12-10 16:00:00+00:00,95656.0,100790.0,94244.3,100374.1,12024.02198895
2024-12-11 16:00:00+00:00,100374.2,101884.0,99602.9,101795.4,9538.95067919
2024-12-12 16:00:00+00:00,101795.5,102538.9,99200.0,99874.9,9246.75911245
2024-12-13 16:00:00+00:00,99872.6,102666.0,99792.0,101624.2,6380.58771697
2024-12-14 16:00:00+00:00,101624.2,103360.7,100606.9,102696.9,4526.30649307
2024-12-15 16:00:00+00:00,102696.9,106660.8,102580.5,106319.9,10591.11690828
2024-12-16 16:00:00+00:00,106324.7,108365.0,105461.5,106471.0,10071.25219352
2024-12-17 16:00:00+00:00,106471.1,107636.3,103113.2,104427.3,9900.93241666
2024-12-18 16:00:00+00:00,104432.5,104983.4,98770.1,100676.1,18639.5833838
2024-12-19 16:00:00+00:00,100676.1,101199.9,92268.0,96989.3,28942.18656755
2024-12-20 16:00:00+00:00,96988.9,99553.7,95400.0,97524.1,9625.33078007
2024-12-21 16:00:00+00:00,97524.0,98053.6,95131.0,95370.9,4575.4871583
2024-12-22 16:00:00+00:00,95370.9,96538.4,93112.0,93256.3,8426.23967098
2024-12-23 16:00:00+00:00,93253.9,98319.7,92525.0,98306.8,8754.38118257
2024-12-24 16:00:00+00:00,98306.7,99480.2,97249.2,98532.9,7520.3126466
2024-12-25 16:00:00+00:00,98533.3,99968.9,95179.4,96039.7,7133.15034606
2024-12-26 16:00:00+00:00,96039.2,97561.4,94012.9,94576.5,7598.68597939
2024-12-27 16:00:00+00:00,94576.7,95331.2,93500.0,94444.1,4056.97205345
2024-12-28 16:00:00+00:00,94444.1,95750.0,94000.1,94505.4,2847.88535392
2024-12-29 16:00:00+00:00,94505.5,94575.6,91540.0,92123.0,8848.32680276
2024-12-30 16:00:00+00:00,92122.7,96258.9,91807.0,95417.8,9983.14015356
2024-12-31 16:00:00+00:00,95417.9,95590.0,92888.0,94442.9,4968.14872682
2025-01-01 16:00:00+00:00,94442.9,97428.4,93740.4,96476.5,7119.81780219
2025-01-02 16:00:00+00:00,96473.0,97847.6,96043.8,97524.4,5405.32529154
2025-01-03 16:00:00+00:00,97525.0,98977.9,97392.5,97665.3,4370.84016229
2025-01-04 16:00:00+00:00,97665.3,98785.7,97260.8,98029.8,2436.48911861
2025-01-05 16:00:00+00:00,98029.8,102476.0,97561.9,102149.4,6132.07154628
2025-01-06 16:00:00+00:00,102149.9,102750.0,97097.6,97942.8,8715.20324348
2025-01-07 16:00:00+00:00,97952.2,98352.2,94529.0,95481.4,9224.97367125
2025-01-08 16:00:00+00:00,95481.5,95497.5,91800.0,94247.1,9432.02665716
2025-01-09 16:00:00+00:00,94247.1,95264.4,91200.0,93734.9,10342.50261248
2025-01-10 16:00:00+00:00,93735.0,95853.1,93185.4,94413.0,3606.06269993
2025-01-11 16:00:00+00:00,94412.9,95465.0,93711.8,95073.9,2056.57009721
2025-01-12 16:00:00+00:00,95073.9,95947.2,89111.0,92123.5,12472.76573868
2025-01-13 16:00:00+00:00,92123.6,97384.0,91242.5,96475.7,10123.01702215
2025-01-14 16:00:00+00:00,96475.7,99773.0,95340.1,98985.9,7830.16396599
2025-01-15 16:00:00+00:00,98985.8,100880.0,97311.1,99299.9,8047.72567482
2025-01-16 16:00:00+00:00,99299.9,104248.3,99063.4,104013.6,10588.00599974
2025-01-17 16:00:00+00:00,104013.6,105847.4,102288.0,104561.4,10173.58495552
2025-01-18 16:00:00+00:00,104561.4,105730.7,103148.1,104933.5,8620.66383717
2025-01-19 16:00:00+00:00,104933.5,109800.0,99526.4,104940.7,26174.63327745
2025-01-20 16:00:00+00:00,104950.3,107040.7,100111.0,103954.2,20499.05988776
2025-01-21 16:00:00+00:00,103954.2,107285.8,103638.5,104188.0,11848.9694155
2025-01-22 16:00:00+00:00,104189.0,106062.1,101233.0,105272.7,11803.64460861
2025-01-23 16:00:00+00:00,105272.9,106863.1,102213.2,105862.2,14599.81461841
2025-01-24 16:00:00+00:00,105862.1,107146.3,104106.1,104897.2,4662.90009693
2025-01-25 16:00:00+00:00,104897.3,105526.6,104429.1,104972.6,2415.67725378
2025-01-26 16:00:00+00:00,104972.5,105270.4,97751.6,101101.3,14960.93501003
2025-01-27 16:00:00+00:00,101101.3,103848.0,98859.0,102776.8,9522.83961963
2025-01-28 16:00:00+00:00,102776.7,103114.5,100274.4,101975.5,6161.25577812
2025-01-29 16:00:00+00:00,101975.5,106450.3,101416.9,105564.0,10286.63036897
2025-01-30 16:00:00+00:00,105564.0,106000.0,103900.0,105438.0,6888.84139038
2025-01-31 16:00:00+00:00,105437.9,105574.6,101389.6,102074.3,7410.78998721
2025-02-01 16:00:00+00:00,102074.2,102289.0,98170.0,99348.2,6364.25862137
2025-02-02 16:00:00+00:00,99348.2,99490.0,91182.6,98831.9,28649.09520794
2025-02-03 16:00:00+00:00,98832.0,102500.0,97843.9,99355.3,13214.68600385
2025-02-04 16:00:00+00:00,99357.6,100780.9,96136.2,98114.6,9829.71499174
2025-02-05 16:00:00+00:00,98114.6,99132.2,96156.0,97338.6,6877.12302248
2025-02-06 16:00:00+00:00,97338.7,100149.8,95680.0,98302.1,9588.19379174
2025-02-07 16:00:00+00:00,98305.1,98595.7,95601.0,95855.6,5638.85447682
2025-02-08 16:00:00+00:00,95855.6,97329.0,95688.0,96488.7,2937.97419407
2025-02-09 16:00:00+00:00,96488.8,98358.3,94705.8,97224.0,7288.31833519
2025-02-10 16:00:00+00:00,97226.0,98489.7,96565.6,97020.2,4772.86061371
2025-02-11 16:00:00+00:00,97024.3,97049.6,94021.3,95805.1,7945.59447372
2025-02-12 16:00:00+00:00,95805.1,98136.1,95120.2,95999.9,7237.18727711
2025-02-13 16:00:00+00:00,95996.0,97583.1,95209.4,96936.1,4906.53730646
2025-02-14 16:00:00+00:00,96938.0,98843.9,96494.4,97639.0,5033.00349587
2025-02-15 16:00:00+00:00,97639.1,97754.0,96685.7,96913.6,2742.91285958
2025-02-16 16:00:00+00:00,96913.7,97300.0,95558.1,95656.1,4450.47762264
2025-02-17 16:00:00+00:00,95656.1,96750.0,95072.6,95542.0,5468.76852454
2025-02-18 16:00:00+00:00,95542.0,96710.5,93363.3,95940.2,7231.52968117
2025-02-19 16:00:00+00:00,95940.1,98038.0,95403.7,96907.3,4960.89925485
2025-02-20 16:00:00+00:00,96907.4,99485.9,96874.1,98110.0,8149.64487437
2025-02-21 16:00:00+00:00,98109.9,98760.0,94858.5,96581.4,8781.31543894
2025-02-22 16:00:00+00:00,96581.4,96814.0,95400.1,95451.7,2380.96624529
2025-02-23 16:00:00+00:00,95451.7,96513.7,93827.1,94338.1,6621.96604935
2025-02-24 16:00:00+00:00,94334.1,95191.6,86050.0,87241.6,24764.34712171
2025-02-25 16:00:00+00:00,87243.9,89470.2,85425.5,87559.9,14565.09467029
2025-02-26 16:00:00+00:00,87564.7,87799.9,82236.0,85499.6,18636.22935729
2025-02-27 16:00:00+00:00,85500.8,85699.6,78258.5,83997.2,27841.62346766
2025-02-28 16:00:00+00:00,83997.1,86547.3,83181.7,84790.0,11217.5374469
2025-03-01 16:00:00+00:00,84790.0,88675.6,84690.2,87427.9,7302.71936886
2025-03-02 16:00:00+00:00,87428.0,95000.0,87310.8,90031.0,24100.352626
2025-03-03 16:00:00+00:00,90031.1,90999.9,81501.0,82980.2,21202.12960773
2025-03-04 16:00:00+00:00,82981.9,90932.4,82000.4,88342.1,16471.932256
2025-03-05 16:00:00+00:00,88338.0,92812.3,87589.2,90822.5,11396.48341535
2025-03-06 16:00:00+00:00,90824.0,91290.3,84640.0,88451.9,20888.29766441
2025-03-07 16:00:00+00:00,88444.0,89040.0,85217.8,86398.1,11272.1756916
2025-03-08 16:00:00+00:00,86398.1,86511.7,82740.5,83070.1,6340.02350641
2025-03-09 16:00:00+00:00,83070.1,84069.4,79155.0,80039.5,18162.60738378
2025-03-10 16:00:00+00:00,80037.9,82267.0,76600.0,81229.5,22197.07509064
2025-03-11 16:00:00+00:00,81228.7,84499.0,80597.7,81733.3,14212.26211624
2025-03-12 16:00:00+00:00,81731.8,84333.3,80953.6,81043.9,9206.75297655
2025-03-13 16:00:00+00:00,81041.2,85300.0,79940.0,84734.0,10221.35071989
2025-03-14 16:00:00+00:00,84734.1,84958.0,83609.2,84334.1,4651.28224608
2025-03-15 16:00:00+00:00,84334.1,84491.0,82357.0,83316.6,4254.51644329
2025-03-16 16:00:00+00:00,83316.5,85154.0,82000.0,83538.1,9407.22972983
2025-03-17 16:00:00+00:00,83538.2,84764.3,81144.0,81600.1,8844.9481551
2025-03-18 16:00:00+00:00,81600.1,84893.5,81240.0,84737.9,6801.48686018
2025-03-19 16:00:00+00:00,84738.0,87446.9,83570.0,84692.6,11265.74375026
2025-03-20 16:00:00+00:00,84687.4,84921.0,83170.6,83576.1,6993.91378563
2025-03-21 16:00:00+00:00,83570.3,84583.3,83376.1,84117.9,2813.77808048
2025-03-22 16:00:00+00:00,84117.9,85266.6,83650.0,85194.0,2860.008936
2025-03-23 16:00:00+00:00,85194.0,88769.2,84813.0,88330.0,7442.84672798
2025-03-24 16:00:00+00:00,88330.0,88533.3,86303.3,87768.1,8571.88448978
2025-03-25 16:00:00+00:00,87768.1,88545.7,86434.3,86740.8,6834.29078633
2025-03-26 16:00:00+00:00,86740.7,87765.2,85800.0,86970.9,7716.35080362
2025-03-27 16:00:00+00:00,86969.6,87724.0,83958.9,84051.5,10682.67231878
2025-03-28 16:00:00+00:00,84051.5,84626.7,82011.0,82418.4,6397.5754882
2025-03-29 16:00:00+00:00,82418.4,83535.4,81644.2,82735.2,4027.41018753
2025-03-30 16:00:00+00:00,82736.5,83929.6,81268.5,83423.0,7962.98532699
2025-03-31 16:00:00+00:00,83420.7,85500.0,82263.6,85286.8,7590.75561026
2025-04-01 16:00:00+00:00,85288.2,87344.0,83900.0,86752.4,8618.73579234
2025-04-02 16:00:00+00:00,86755.0,88500.0,81203.0,82046.1,15290.0102588
2025-04-03 16:00:00+00:00,82046.1,84725.0,81543.7,82860.1,13568.15968904
2025-04-04 16:00:00+00:00,82862.0,84613.2,82383.0,82620.5,6674.30347988
2025-04-05 16:00:00+00:00,82620.1,83793.7,82216.0,82547.6,4136.1309227
2025-04-06 16:00:00+00:00,82547.6,82565.8,74501.6,78480.1,29696.55764944
2025-04-07 16:00:00+00:00,78480.0,80860.0,77293.5,78497.0,10532.14066129
2025-04-08 16:00:00+00:00,78496.9,78524.9,74627.5,77261.4,16947.01736214
2025-04-09 16:00:00+00:00,77269.2,83583.1,77134.6,78750.7,20913.80735661
2025-04-10 16:00:00+00:00,78750.6,83333.0,78462.0,82527.9,13392.28244773
2025-04-11 16:00:00+00:00,82528.0,85400.0,82012.6,84996.2,8994.69258695
2025-04-12 16:00:00+00:00,84996.2,86100.0,83458.0,83850.8,8224.42709272
2025-04-13 16:00:00+00:00,83850.8,85808.1,83020.2,84102.0,9499.20214462
2025-04-14 16:00:00+00:00,84106.7,86460.0,83859.3,84915.7,7719.55535163
2025-04-15 16:00:00+00:00,84917.7,85280.5,83107.6,84849.5,6775.01908096
2025-04-16 16:00:00+00:00,84849.9,85550.0,83276.6,84544.6,5648.40127777
2025-04-17 16:00:00+00:00,84544.7,85489.0,84335.0,84375.2,4828.04317107
2025-04-18 16:00:00+00:00,84375.2,85661.0,84300.0,85190.0,3956.19782456
2025-04-19 16:00:00+00:00,85190.0,85380.0,83941.7,84345.4,6203.57239704
2025-04-20 16:00:00+00:00,84345.4,88466.0,84259.4,88042.5,10115.72802589
2025-04-21 16:00:00+00:00,88042.6,91427.2,86400.0,90925.9,11984.63115858
2025-04-22 16:00:00+00:00,90926.0,94779.6,90612.0,93188.5,13546.93697376
2025-04-23 16:00:00+00:00,93188.5,94212.1,91662.9,93205.8,7399.31753921
2025-04-24 16:00:00+00:00,93205.8,95768.4,92670.1,95067.6,9608.9532083
2025-04-25 16:00:00+00:00,95067.6,95550.0,93870.1,94366.0,4764.64770792
2025-04-26 16:00:00+00:00,94366.0,95310.0,93610.3,93902.1,3867.88669137
2025-04-27 16:00:00+00:00,93902.1,95600.0,92774.1,93840.0,8384.46340142
2025-04-28 16:00:00+00:00,93838.5,95465.2,93450.0,94840.4,5731.51159817
2025-04-29 16:00:00+00:00,94840.5,95464.9,92914.1,94009.3,7735.83004376
2025-04-30 16:00:00+00:00,94007.3,97426.0,93528.1,96849.8,7885.70379417
2025-05-01 16:00:00+00:00,96849.9,97896.0,96188.0,97331.1,9367.80968417
2025-05-02 16:00:00+00:00,97331.1,97799.9,95850.0,96428.0,4770.9117209
2025-05-03 16:00:00+00:00,96428.0,96448.0,95234.0,95467.6,3096.38072488
2025-05-04 16:00:00+00:00,95467.6,95760.4,93489.1,93782.8,6169.64672732
2025-05-05 16:00:00+00:00,93782.9,95217.5,93390.1,94567.9,5223.64356325
2025-05-06 16:00:00+00:00,94568.0,97731.8,94214.5,96937.0,7756.25060684
2025-05-07 16:00:00+00:00,96937.0,101546.6,95788.9,100763.4,11302.7478856
2025-05-08 16:00:00+00:00,100763.3,104366.0,100594.9,102904.0,11142.76914701
2025-05-09 16:00:00+00:00,102904.7,104122.0,102300.0,103143.3,4066.81103059
2025-05-10 16:00:00+00:00,103143.3,104999.0,103010.0,104134.6,6376.50772838
2025-05-11 16:00:00+00:00,104134.7,105850.0,102391.0,102520.1,8630.26023707
2025-05-12 16:00:00+00:00,102520.1,103987.9,100733.0,103685.6,7540.88602363
2025-05-13 16:00:00+00:00,103685.5,104986.0,102851.0,103518.0,6474.04628295
2025-05-14 16:00:00+00:00,103518.1,103867.9,101355.2,103254.9,6083.26740204
2025-05-15 16:00:00+00:00,103254.1,104464.0,102555.1,104187.9,5727.26322947
2025-05-16 16:00:00+00:00,104188.0,104555.0,102600.0,102950.0,4684.75453759
2025-05-17 16:00:00+00:00,102950.1,105666.6,102763.0,105515.9,3977.5912348
2025-05-18 16:00:00+00:00,105515.9,107140.1,102080.4,104796.0,11450.59221099
2025-05-19 16:00:00+00:00,104796.0,106867.0,104180.0,105340.4,7300.57366837
2025-05-20 16:00:00+00:00,105341.4,109458.0,105089.6,108972.0,9142.5346699
2025-05-21 16:00:00+00:00,108973.9,111880.0,106115.5,111317.8,14401.51589695
2025-05-22 16:00:00+00:00,111318.0,111963.0,107313.9,108940.6,8957.50714852
2025-05-23 16:00:00+00:00,108942.4,109812.2,106800.0,108939.3,6794.23096824
2025-05-24 16:00:00+00:00,108939.3,109221.9,106600.0,106973.3,5143.53577791
2025-05-25 16:00:00+00:00,106973.3,110411.2,106648.2,110004.9,4656.1319434
2025-05-26 16:00:00+00:00,110007.1,110729.0,107505.2,110145.7,7567.31889973
2025-05-27 16:00:00+00:00,110146.2,110512.0,107036.0,107113.1,5875.91658275
2025-05-28 16:00:00+00:00,107113.2,108897.5,106455.0,107034.0,10372.40190472
2025-05-29 16:00:00+00:00,107034.0,107180.0,104595.4,105538.8,8608.7930053
2025-05-30 16:00:00+00:00,105538.8,105565.4,103078.7,104554.2,5156.20785889
2025-05-31 16:00:00+00:00,104554.2,104907.5,103738.3,104711.9,3020.77784262
2025-06-01 16:00:00+00:00,104712.0,105945.0,103668.8,104434.0,4233.22352374
2025-06-02 16:00:00+00:00,104434.9,106804.0,104031.2,106630.2,5104.15006989
2025-06-03 16:00:00+00:00,106630.2,106688.0,104181.4,105302.7,4642.72856035
2025-06-04 16:00:00+00:00,105302.7,105914.9,103900.0,104539.6,4009.27148826
2025-06-05 16:00:00+00:00,104540.1,105330.8,100400.0,105094.2,11241.28413802
2025-06-06 16:00:00+00:00,105094.7,105799.0,103876.8,105558.3,4501.0489018
2025-06-07 16:00:00+00:00,105558.4,106158.7,104969.6,105975.1,2058.66434771
2025-06-08 16:00:00+00:00,105975.0,108034.8,105313.4,107638.1,4556.94942643
2025-06-09 16:00:00+00:00,107638.2,110650.0,107638.1,109023.9,6078.48383676
2025-06-10 16:00:00+00:00,109024.0,110399.9,108521.7,109743.3,3691.26994931
2025-06-11 16:00:00+00:00,109743.3,109825.4,106600.0,107017.6,5353.91457427
2025-06-12 16:00:00+00:00,107017.6,108439.0,102640.0,105431.0,12194.08270132
2025-06-13 16:00:00+00:00,105431.1,106219.2,104614.0,104833.1,2776.8970033
2025-06-14 16:00:00+00:00,104833.1,106140.0,104305.7,105568.0,3316.22649943
2025-06-15 16:00:00+00:00,105568.0,107787.1,104500.0,107436.0,4431.92662559
2025-06-16 16:00:00+00:00,107438.1,108974.7,104138.3,104244.1,7597.72487684
2025-06-17 16:00:00+00:00,104244.1,105544.2,103368.1,104796.1,6892.66299197
2025-06-18 16:00:00+00:00,104796.0,105225.8,103500.0,104104.1,3251.81705097
2025-06-19 16:00:00+00:00,104104.1,106520.0,103882.6,104222.1,4730.61833267
2025-06-20 16:00:00+00:00,104224.0,104281.2,102340.7,103566.1,5336.65193128
2025-06-21 16:00:00+00:00,103566.1,103657.2,98900.4,98911.3,8965.78373418
2025-06-22 16:00:00+00:00,98911.2,102625.0,98188.4,101431.5,8118.37199228
2025-06-23 16:00:00+00:00,101431.6,106052.1,99636.6,105238.1,10461.07124142
2025-06-24 16:00:00+00:00,105241.8,108130.0,105182.8,107034.6,6444.45229018
2025-06-25 16:00:00+00:00,107034.5,108290.0,106546.8,107316.0,5218.65020271
2025-06-26 16:00:00+00:00,107316.0,108007.0,106377.0,107312.9,4880.70631752
2025-06-27 16:00:00+00:00,107313.0,107727.9,106450.0,107451.5,2970.73090483
2025-06-28 16:00:00+00:00,107451.6,108539.0,107156.0,107744.1,2395.25345044
2025-06-29 16:00:00+00:00,107744.0,108800.0,106736.9,107575.1,3911.76244924
2025-06-30 16:00:00+00:00,107575.0,107809.5,105633.3,105961.9,4652.42648114
2025-07-01 16:00:00+00:00,105962.0,108770.0,105100.0,108745.3,5073.44867861
2025-07-02 16:00:00+00:00,108745.3,110529.0,108526.1,109128.2,6117.27657462
2025-07-03 16:00:00+00:00,109128.3,110000.0,107507.3,107592.2,3138.85072767
2025-07-04 16:00:00+00:00,107592.1,108432.7,107255.7,108057.9,1685.79522912
2025-07-05 16:00:00+00:00,108058.0,109134.4,107804.1,108909.9,1634.49267577
2025-07-06 16:00:00+00:00,108910.0,109719.6,107966.0,108301.9,2720.1257411
2025-07-07 16:00:00+00:00,108300.7,109218.8,107421.4,108264.9,2734.38965082
2025-07-08 16:00:00+00:00,108266.0,109790.0,108097.6,109079.9,3109.83586562
2025-07-09 16:00:00+00:00,109080.0,112000.0,109032.3,111412.0,6539.27322019
2025-07-10 16:00:00+00:00,111412.0,118868.0,111336.0,116921.2,12523.2285532
2025-07-11 16:00:00+00:00,116921.3,118230.5,116608.9,117112.0,6679.53826543
2025-07-12 16:00:00+00:00,117112.1,119449.9,117005.0,118678.1,2738.24842355
2025-07-13 16:00:00+00:00,118678.1,123226.0,118248.4,119882.0,7864.17777066
2025-07-14 16:00:00+00:00,119881.9,120524.0,115726.7,116385.7,11433.75053623
2025-07-15 16:00:00+00:00,116385.7,119814.2,116007.5,119106.0,5755.40033157
2025-07-16 16:00:00+00:00,119106.3,120069.3,117444.0,118875.9,5355.1968424
2025-07-17 16:00:00+00:00,118876.0,120941.8,117292.6,117844.4,6993.74765757
2025-07-18 16:00:00+00:00,117844.5,118492.0,116811.0,118052.1,4057.59569115
2025-07-19 16:00:00+00:00,118052.1,118811.8,117267.9,118683.9,2624.23866028
2025-07-20 16:00:00+00:00,118683.9,119669.0,116462.0,118318.1,4912.57204698
2025-07-21 16:00:00+00:00,118318.0,119600.0,116116.0,118922.4,7711.10353921
2025-07-22 16:00:00+00:00,118922.4,120249.3,117313.6,118578.1,6740.70354387
2025-07-23 16:00:00+00:00,118578.1,119500.0,117072.0,119110.1,5764.7638507
2025-07-24 16:00:00+00:00,119110.2,119412.5,114712.4,115722.1,14759.36234782
2025-07-25 16:00:00+00:00,115718.1,118233.2,115449.8,118126.5,3231.25182394
2025-07-26 16:00:00+00:00,118126.6,118600.0,117818.0,118600.0,2051.32084057
2025-07-27 16:00:00+00:00,118600.0,119828.0,117914.4,118170.4,4496.21519997
2025-07-28 16:00:00+00:00,118170.5,119300.0,117266.6,117384.1,3831.03867276
2025-07-29 16:00:00+00:00,117384.1,118800.0,116954.4,118007.0,3241.47359486
2025-07-30 16:00:00+00:00,118007.0,118936.8,115716.3,118314.0,5060.6244373
2025-07-31 16:00:00+00:00,118313.9,118887.4,113929.2,115352.6,9465.18753063
2025-08-01 16:00:00+00:00,115352.6,115700.0,112724.3,112843.9,4880.01964084
2025-08-02 16:00:00+00:00,112839.5,114250.0,111903.1,113943.4,3244.18318087
2025-08-03 16:00:00+00:00,113943.3,115486.1,113749.1,114823.7,2967.19857245
2025-08-04 16:00:00+00:00,114823.8,115738.9,112653.0,112931.8,4250.63650747
2025-08-05 16:00:00+00:00,112930.1,115546.1,112812.7,115416.2,2935.76894833
2025-08-06 16:00:00+00:00,115416.1,116822.0,114260.7,116700.0,4127.46357963
2025-08-07 16:00:00+00:00,116700.0,117663.8,115625.0,116204.2,4864.28821434
2025-08-08 16:00:00+00:00,116204.2,117923.2,116000.0,116888.9,3732.14020276
2025-08-09 16:00:00+00:00,116889.0,119100.0,116369.2,118787.0,5031.55889664
2025-08-10 16:00:00+00:00,118787.0,122335.8,118078.6,120302.0,7024.57128859
2025-08-11 16:00:00+00:00,120302.1,120792.8,118036.2,119934.7,5554.43053692
2025-08-12 16:00:00+00:00,119934.7,122210.5,118929.1,120914.0,6181.79247619
2025-08-13 16:00:00+00:00,120914.0,124500.0,117475.2,118237.9,10698.64297517
2025-08-14 16:00:00+00:00,118237.9,119229.5,116819.0,117278.5,4972.39712896
2025-08-15 16:00:00+00:00,117278.6,117899.1,116800.0,117687.7,4507.24174693
2025-08-16 16:00:00+00:00,117687.8,118585.5,117180.0,118243.5,1593.04841189
2025-08-17 16:00:00+00:00,118243.6,118326.6,114652.5,116152.0,5265.79757856
2025-08-18 16:00:00+00:00,116151.9,117004.0,113577.3,113789.2,4809.9360683
2025-08-19 16:00:00+00:00,113789.2,114324.0,112371.6,113362.1,5368.26952153
2025-08-20 16:00:00+00:00,113362.1,114824.5,112608.0,112792.0,5618.88635886
2025-08-21 16:00:00+00:00,112792.1,117302.3,111684.0,116374.4,6517.76491866
2025-08-22 16:00:00+00:00,116374.4,117420.0,114540.4,114819.3,4996.55389479
2025-08-23 16:00:00+00:00,114819.4,115666.6,114350.7,114406.6,2874.79319103
2025-08-24 16:00:00+00:00,114406.7,114916.0,110481.8,112204.0,9654.92063978
2025-08-25 16:00:00+00:00,112204.0,112943.9,108680.6,109672.0,8215.39336692
2025-08-26 16:00:00+00:00,109672.1,112625.3,109446.0,112008.2,3784.19762683
2025-08-27 16:00:00+00:00,112008.3,113484.9,110869.6,112675.1,5204.26218887
2025-08-28 16:00:00+00:00,112675.2,113182.7,108092.1,108390.1,7279.57600512
2025-08-29 16:00:00+00:00,108390.0,108922.9,107343.7,108871.7,5963.1458179
2025-08-30 16:00:00+00:00,108868.9,109486.0,108193.5,108801.7,1887.60967247
2025-08-31 16:00:00+00:00,108801.7,109911.0,107250.0,108787.1,4011.54438008
2025-09-01 16:00:00+00:00,108787.1,111773.1,107458.0,110837.9,6562.70372227
2025-09-02 16:00:00+00:00,110837.9,112519.2,110178.0,112215.5,4487.81921326
2025-09-03 16:00:00+00:00,112215.5,112571.3,109312.3,109496.1,3253.45982137
2025-09-04 16:00:00+00:00,109495.8,113400.0,109344.5,110712.3,6295.75951881
2025-09-05 16:00:00+00:00,110712.4,111700.0,110215.8,110384.1,2805.06267168
2025-09-06 16:00:00+00:00,110384.1,111415.1,109967.1,111336.4,4601.21213105
2025-09-07 16:00:00+00:00,111336.4,112920.4,110608.8,112638.2,3417.64230824
2025-09-08 16:00:00+00:00,112638.5,113277.5,110762.0,110869.9,5863.943401
2025-09-09 16:00:00+00:00,110869.9,114318.0,110772.1,113850.1,6013.88781377
2025-09-10 16:00:00+00:00,113852.1,114731.4,113154.1,114186.0,5606.94722105
2025-09-11 16:00:00+00:00,114186.1,116325.2,114092.0,115120.8,4088.43392808
2025-09-12 16:00:00+00:00,115120.8,116666.0,115038.5,115782.5,3755.29828
2025-09-13 16:00:00+00:00,115782.5,116164.4,115116.5,115224.0,1972.39704366
2025-09-14 16:00:00+00:00,115224.1,116773.1,114370.0,114841.1,5244.11066574
2025-09-15 16:00:00+00:00,114841.1,116016.0,114601.1,115919.9,4279.0596814
2025-09-16 16:00:00+00:00,115920.0,117282.0,115458.0,115884.7,4238.53498144
2025-09-17 16:00:00+00:00,115884.7,117900.0,114722.0,117596.6,7787.84474143
2025-09-18 16:00:00+00:00,117596.6,117910.0,115466.1,115880.1,3416.78208033
2025-09-19 16:00:00+00:00,115880.0,116142.0,115088.0,115989.9,1810.98852488
2025-09-20 16:00:00+00:00,115990.0,116096.1,115340.0,115534.1,1384.26324651
2025-09-21 16:00:00+00:00,115534.0,115671.2,111514.3,112828.9,6735.31179411
2025-09-22 16:00:00+00:00,112829.0,113290.8,111481.5,112872.0,2870.9315952
2025-09-23 16:00:00+00:00,112872.0,113894.9,111020.0,113350.9,3758.7546444
2025-09-24 16:00:00+00:00,113350.9,113946.0,110620.0,111586.9,4677.90069616
2025-09-25 16:00:00+00:00,111587.0,111671.7,108617.3,109029.9,6494.55698152
2025-09-26 16:00:00+00:00,109030.0,110294.3,109020.7,109392.1,2305.86392931
2025-09-27 16:00:00+00:00,109392.1,110035.6,109200.0,110035.6,1922.6591428
2025-09-28 16:00:00+00:00,110035.5,114239.2,110007.1,113819.0,6429.60157202
2025-09-29 16:00:00+00:00,113819.1,114800.0,112666.9,113120.3,5232.55137575
2025-09-30 16:00:00+00:00,113120.4,117657.0,112787.2,117425.0,5559.57124587
2025-10-01 16:00:00+00:00,117426.0,119920.0,116724.0,119919.9,7906.6929895
2025-10-02 16:00:00+00:00,119919.9,122367.2,119257.0,122271.2,7171.70544071
2025-10-03 16:00:00+00:00,122271.3,123888.0,121486.9,121797.7,7432.6076389
2025-10-04 16:00:00+00:00,121797.8,125790.0,121519.4,122807.0,6991.05745994
2025-10-05 16:00:00+00:00,122807.0,125420.6,122300.1,124999.8,6394.68807166
2025-10-06 16:00:00+00:00,124999.8,126200.0,121182.7,121859.5,7387.8584721
2025-10-07 16:00:00+00:00,121859.6,123351.6,120592.0,122194.9,5905.10006532
2025-10-08 16:00:00+00:00,122194.9,124200.0,120687.4,121161.3,5785.54662484
2025-10-09 16:00:00+00:00,121161.3,122564.1,118485.6,119017.0,7435.77675377
2025-10-10 16:00:00+00:00,119017.0,119460.8,101500.0,111785.6,29724.69632323
2025-10-11 16:00:00+00:00,111785.6,113766.0,109568.2,113199.0,8517.98209178
2025-10-12 16:00:00+00:00,113199.1,115960.0,113199.1,114337.1,8839.90017267
2025-10-13 16:00:00+00:00,114337.1,115887.6,109872.7,112894.6,9914.82733366
2025-10-14 16:00:00+00:00,112894.5,113619.9,110354.5,110802.6,10382.96068231
2025-10-15 16:00:00+00:00,110802.6,112000.0,108345.4,108557.9,9234.02903005
2025-10-16 16:00:00+00:00,108557.9,109260.5,103514.5,106794.2,15025.34303005
2025-10-17 16:00:00+00:00,106794.2,107571.4,106080.0,106947.0,5089.05545941
2025-10-18 16:00:00+00:00,106947.0,108625.0,106110.5,108480.0,6109.97993582
2025-10-19 16:00:00+00:00,108480.0,111719.3,107425.6,111153.9,7973.33087409
2025-10-20 16:00:00+00:00,111154.0,113558.0,107476.8,113426.5,11649.59897999
2025-10-21 16:00:00+00:00,113426.6,114013.6,106650.9,108412.8,13459.75950422
2025-10-22 16:00:00+00:00,108412.8,110300.3,106666.6,109899.9,8808.7850784
2025-10-23 16:00:00+00:00,109899.9,112188.0,109350.0,110056.0,9229.90872347
2025-10-24 16:00:00+00:00,110056.1,111950.0,109808.8,111391.9,3380.25093679
2025-10-25 16:00:00+00:00,111392.0,114047.7,111176.0,113699.7,4195.80915089
2025-10-26 16:00:00+00:00,113699.8,116400.0,112900.0,114959.8,7647.19855641
2025-10-27 16:00:00+00:00,114959.9,116100.0,113440.3,114646.0,7577.30587542
2025-10-28 16:00:00+00:00,114644.1,115590.0,111405.1,111514.5,9383.63303898
2025-10-29 16:00:00+00:00,111514.5,112020.0,107323.9,107716.1,11631.34070926
2025-10-30 16:00:00+00:00,107716.2,111172.7,106308.9,110188.7,9544.19257207
2025-10-31 16:00:00+00:00,110180.8,110548.0,108630.3,110300.2,5933.01505472
2025-11-01 16:00:00+00:00,110299.4,111245.5,109862.0,110117.0,3288.51752552
2025-11-02 16:00:00+00:00,110117.1,110757.5,105500.0,105746.9,11028.9003796
2025-11-03 16:00:00+00:00,105747.0,107757.1,102926.1,103205.9,10370.53723957
2025-11-04 16:00:00+00:00,103205.9,103802.4,98941.2,103730.4,15739.49570064
2025-11-05 16:00:00+00:00,103730.4,104546.5,101625.0,102015.2,6793.82876552
2025-11-06 16:00:00+00:00,102014.0,102528.0,99267.9,100802.5,11376.52401622
2025-11-07 16:00:00+00:00,100802.6,104082.6,100511.0,101725.1,5463.81165808
2025-11-08 16:00:00+00:00,101724.0,104187.6,101375.0,103753.1,4208.73680426
2025-11-09 16:00:00+00:00,103753.0,106663.2,103333.1,105078.8,7504.06547279
2025-11-10 16:00:00+00:00,105080.4,107500.0,103200.0,103472.9,9658.25899076
2025-11-11 16:00:00+00:00,103472.9,105332.8,102000.0,102182.0,7402.46673158
2025-11-12 16:00:00+00:00,102181.9,104039.0,100800.0,101388.5,10246.48692643
2025-11-13 16:00:00+00:00,101388.3,101535.9,94551.0,96802.9,17484.80035172
2025-11-14 16:00:00+00:00,96803.0,97407.5,94000.1,96265.2,6795.11022402
2025-11-15 16:00:00+00:00,96265.2,96626.6,94383.1,94589.7,3662.0498608
2025-11-16 16:00:00+00:00,94589.7,96055.8,93000.0,93958.8,9165.72921188
2025-11-17 16:00:00+00:00,93960.3,94418.9,89281.8,92906.2,15661.87445633
2025-11-18 16:00:00+00:00,92906.3,93836.5,89875.0,89951.1,7591.35674623
2025-11-19 16:00:00+00:00,89947.7,93158.5,88611.7,89862.5,8969.40546744
2025-11-20 16:00:00+00:00,89862.5,89909.7,80636.3,82938.3,25830.65137616
2025-11-21 16:00:00+00:00,82938.2,85618.8,82337.3,84282.9,8941.37451496
2025-11-22 16:00:00+00:00,84282.9,87240.0,84223.2,87084.1,5207.04443985
2025-11-23 16:00:00+00:00,87084.0,88129.3,85278.2,86615.8,7455.13405483
2025-11-24 16:00:00+00:00,86615.8,89230.5,86118.2,86987.9,8072.09311919
2025-11-25 16:00:00+00:00,86988.1,88224.2,86182.5,86965.0,5701.62467178
2025-11-26 16:00:00+00:00,86965.0,91949.5,86949.3,90959.9,9159.95555001
2025-11-27 16:00:00+00:00,90959.8,93079.0,90654.6,92356.1,6353.97951961
2025-11-28 16:00:00+00:00,92356.1,92374.2,90213.9,91068.0,4941.77361684
2025-11-29 16:00:00+00:00,91068.0,91972.1,90168.0,91439.9,3002.21934375
2025-11-30 16:00:00+00:00,91440.0,91855.0,83833.4,84687.0,10927.60506952
2025-12-01 16:00:00+00:00,84687.1,91194.9,84050.0,90847.4,8126.01381435
2025-12-02 16:00:00+00:00,90847.4,93959.3,90214.8,92379.9,10121.55881405
2025-12-03 16:00:00+00:00,92380.1,94162.8,91798.6,92968.9,7031.6693467
2025-12-04 16:00:00+00:00,92968.7,93178.0,89900.0,90456.0,5710.15738872
2025-12-05 16:00:00+00:00,90456.1,90499.9,88040.4,89756.4,5152.1670618
2025-12-06 16:00:00+00:00,89756.5,89981.0,87731.7,89554.8,3471.86884171
2025-12-07 16:00:00+00:00,89554.7,92288.0,88985.0,89962.0,6088.77959509
2025-12-08 16:00:00+00:00,89962.0,92888.0,89500.0,92706.6,6815.0016169
2025-12-09 16:00:00+00:00,92706.6,94600.0,91567.6,92069.9,8143.52474387
2025-12-10 16:00:00+00:00,92070.0,94495.2,89255.9,89875.1,8668.22703315
2025-12-11 16:00:00+00:00,89875.0,93564.4,89333.3,89941.4,6317.39750568
2025-12-12 16:00:00+00:00,89933.7,90659.9,89466.6,90100.7,4264.10114512
2025-12-13 16:00:00+00:00,90100.6,90475.0,88632.9,89027.7,2653.45626892
2025-12-14 16:00:00+00:00,89027.7,90021.9,86626.6,87042.9,4987.02496503
2025-12-15 16:00:00+00:00,87044.6,88180.0,85147.7,87968.9,6306.7639833
2025-12-16 16:00:00+00:00,87968.9,90375.0,86211.5,87231.9,5772.88883195
2025-12-17 16:00:00+00:00,87231.7,89480.0,85328.4,88513.7,6547.81262944
2025-12-18 16:00:00+00:00,88513.7,89426.3,84456.2,87957.9,8118.96283087
2025-12-19 16:00:00+00:00,87958.0,88882.3,86846.8,88175.0,3091.22215371
2025-12-20 16:00:00+00:00,88175.1,89081.6,87607.6,88071.1,2628.4379342
2025-12-21 16:00:00+00:00,88071.0,90598.0,87886.9,89733.9,5627.6738257
2025-12-22 16:00:00+00:00,89733.9,90118.0,86578.9,87444.9,5270.61910807
2025-12-23 16:00:00+00:00,87444.9,88364.9,86400.0,87043.1,3813.61500801
2025-12-24 16:00:00+00:00,87043.1,88603.5,86919.0,88367.1,2156.88646065
2025-12-25 16:00:00+00:00,88367.2,89569.3,86666.0,87139.0,5464.71588091
2025-12-26 16:00:00+00:00,87139.0,87791.7,86816.7,87559.5,2902.55676813
2025-12-27 16:00:00+00:00,87559.5,88088.0,87446.8,87839.2,2861.09960891
2025-12-28 16:00:00+00:00,87839.2,90389.4,86804.2,87686.7,6650.25031353
2025-12-29 16:00:00+00:00,87686.6,89152.5,86825.6,89005.0,3914.15477275
2025-12-30 16:00:00+00:00,89000.6,89400.0,87777.3,87945.0,3952.8236171
2025-12-31 16:00:00+00:00,87945.0,88109.0,87240.0,88034.0,2422.6809388
2026-01-01 16:00:00+00:00,88034.1,90170.3,87878.4,89411.0,5301.02520704
2026-01-02 16:00:00+00:00,89410.9,90960.0,89200.3,89971.4,4017.27765804
2026-01-03 16:00:00+00:00,89972.9,91820.0,89921.7,91332.9,4155.73434393
2026-01-04 16:00:00+00:00,91332.9,94010.0,90875.0,93957.1,5561.32108167
2026-01-05 16:00:00+00:00,93957.0,94793.7,93140.0,93648.1,5877.3023875
2026-01-06 16:00:00+00:00,93648.2,93853.5,91019.3,91347.0,7593.02120629
2026-01-07 16:00:00+00:00,91347.0,91788.3,89327.8,90790.5,6260.37616217
2026-01-08 16:00:00+00:00,90790.5,92020.2,89700.0,91183.9,5608.70712187
2026-01-09 16:00:00+00:00,91183.8,91781.9,90124.7,90661.2,3202.66700551
2026-01-10 16:00:00+00:00,90661.1,91199.8,90396.3,90875.0,1929.71781482
2026-01-11 16:00:00+00:00,90875.0,92520.6,90132.1,91666.9,5026.15011015
2026-01-12 16:00:00+00:00,91666.0,93456.0,90948.4,93455.9,6367.4861015
2026-01-13 16:00:00+00:00,93455.9,97088.0,93080.7,96755.6,11333.33012453
2026-01-14 16:00:00+00:00,96755.5,97925.4,95451.0,96742.1,9383.04416689
2026-01-15 16:00:00+00:00,96742.0,97074.5,94303.6,94589.3,4787.20726267
2026-01-16 16:00:00+00:00,94589.2,95638.0,94514.1,95571.0,2270.26843572
2026-01-17 16:00:00+00:00,95571.0,95571.0,94878.1,95113.9,1578.11711268
2026-01-18 16:00:00+00:00,95114.0,95529.0,91900.0,93063.0,7105.07302127
2026-01-19 16:00:00+00:00,93063.0,93400.0,89852.0,90681.1,7683.42864804
2026-01-20 16:00:00+00:00,90681.1,90973.8,87806.2,90279.5,8723.31212553
2026-01-21 16:00:00+00:00,90279.5,90454.2,87258.7,89003.2,7022.92021541
2026-01-22 16:00:00+00:00,89003.3,90096.9,88563.6,89754.2,4879.69224677
2026-01-23 16:00:00+00:00,89754.3,91222.0,89178.5,89279.9,3025.50505984
2026-01-24 16:00:00+00:00,89280.0,89507.2,88133.5,88456.1,2144.93327727
2026-01-25 16:00:00+00:00,88456.1,88857.0,86090.0,87643.0,7255.08768604
2026-01-26 16:00:00+00:00,87643.1,88996.0,87041.1,88038.9,4275.27069649
2026-01-27 16:00:00+00:00,88039.0,90488.0,87311.7,89480.5,5872.70165154
2026-01-28 16:00:00+00:00,89480.5,90606.1,84389.9,84950.5,8047.87648884
2026-01-29 16:00:00+00:00,84951.0,85631.3,81010.0,82885.4,13040.16625305
2026-01-30 16:00:00+00:00,82882.1,84631.3,80831.6,81302.0,9116.29413156
2026-01-31 16:00:00+00:00,81302.0,82216.0,75678.0,77600.9,14363.86011201
2026-02-01 16:00:00+00:00,77601.9,79335.5,74612.0,78851.7,14881.86093033
2026-02-02 16:00:00+00:00,78845.1,79292.0,77057.0,78134.1,8213.88758239
2026-02-03 16:00:00+00:00,78134.1,78140.0,72917.8,74140.1,12490.86701745
2026-02-04 16:00:00+00:00,74142.4,74242.3,66700.3,67482.9,21696.40291123
2026-02-05 16:00:00+00:00,67488.0,69190.9,60000.0,68629.0,41236.42735898
2026-02-06 16:00:00+00:00,68629.0,71745.8,67350.0,69159.9,17469.21656222
2026-02-07 16:00:00+00:00,69159.9,71553.0,68548.7,71181.5,7681.4845778
2026-02-08 16:00:00+00:00,71181.5,72288.0,68309.4,69567.1,8188.71639095
2026-02-09 16:00:00+00:00,69564.1,71125.5,67911.6,69288.1,7281.68319376
2026-02-10 16:00:00+00:00,69288.2,69990.0,65759.1,66522.0,9146.72404873
2026-02-11 16:00:00+00:00,66518.5,68421.6,65877.6,67131.0,7965.84081578
2026-02-12 16:00:00+00:00,67133.0,69310.0,65120.1,68704.0,9654.1625847
2026-02-13 16:00:00+00:00,68698.6,70576.8,68536.5,69793.3,6018.52294795
2026-02-14 16:00:00+00:00,69793.3,70969.2,68776.6,69094.9,4311.68215049
2026-02-15 16:00:00+00:00,69096.0,70118.0,67288.0,67538.9,5677.03909842
2026-02-16 16:00:00+00:00,67541.8,69249.1,66622.8,67398.0,4551.0987676
2026-02-17 16:00:00+00:00,67397.5,68470.9,66718.8,67695.9,4721.80378874
2026-02-18 16:00:00+00:00,67696.0,67711.3,65641.2,66408.5,6064.4912645
2026-02-19 16:00:00+00:00,66407.1,68333.3,65898.5,67579.2,6590.64234685
2026-02-20 16:00:00+00:00,67579.3,68706.9,66963.1,68615.0,4331.70217061
2026-02-21 16:00:00+00:00,68617.1,68666.8,67305.7,67691.3,3543.32302475
2026-02-22 16:00:00+00:00,67691.3,67746.6,64280.0,65660.0,9821.49325333
2026-02-23 16:00:00+00:00,65658.1,65728.7,62500.2,63972.4,10981.71599943
2026-02-24 16:00:00+00:00,63972.4,67571.2,63700.0,67403.1,10261.7647852
2026-02-25 16:00:00+00:00,67403.0,69999.9,66766.4,67379.8,12086.76643873
2026-02-26 16:00:00+00:00,67379.8,68221.0,65667.6,66100.8,10598.27375974
2026-02-27 16:00:00+00:00,66100.7,66125.7,63020.1,64837.1,10157.83551678
2026-02-28 16:00:00+00:00,64837.0,68194.4,64677.9,66841.6,8983.43848995
2026-03-01 16:00:00+00:00,66844.4,69603.8,65051.5,69117.1,10658.53017908
2026-03-02 16:00:00+00:00,69117.2,70100.0,66149.5,67724.9,11030.36427174
2026-03-03 16:00:00+00:00,67722.2,73476.0,67401.1,73391.9,16187.60377621
2026-03-04 16:00:00+00:00,73392.0,74096.0,71156.2,71647.0,12214.44020167
2026-03-05 16:00:00+00:00,71648.3,71650.9,68171.6,68492.1,11478.53077744
2026-03-06 16:00:00+00:00,68492.2,68791.6,67433.6,67880.9,6058.92420587
2026-03-07 16:00:00+00:00,67881.0,68195.4,66543.1,67209.0,4285.76066411
2026-03-08 16:00:00+00:00,67208.1,69477.4,65616.3,68866.2,10991.66356517
2026-03-09 16:00:00+00:00,68865.7,71782.3,68234.0,71344.1,9395.6365775
2026-03-10 16:00:00+00:00,71344.0,71696.7,68977.4,70235.8,7014.88372881
2026-03-11 16:00:00+00:00,70235.8,71320.0,69210.7,70327.0,6858.80042772
2026-03-12 16:00:00+00:00,70327.1,73893.0,69777.4,71832.0,8139.26888947
2026-03-13 16:00:00+00:00,71832.0,72241.7,70320.0,70579.1,5075.94120973
2026-03-14 16:00:00+00:00,70579.2,71933.3,70473.5,71478.1,2531.34066533
2026-03-15 16:00:00+00:00,71478.1,74500.0,71300.0,73269.1,8461.09988252
2026-03-16 16:00:00+00:00,73269.1,76011.8,73158.0,73917.4,8631.72481679
2026-03-17 16:00:00+00:00,73915.5,74800.0,70858.1,71468.0,6609.40462577
2026-03-18 16:00:00+00:00,71468.0,72008.0,68796.3,69409.5,7517.56242433
2026-03-19 16:00:00+00:00,69411.0,71366.0,69125.3,69870.6,6135.4614229
2026-03-20 16:00:00+00:00,69870.7,71100.0,69393.5,70630.1,3505.17943471
2026-03-21 16:00:00+00:00,70630.2,70655.9,68100.1,68843.9,4544.57387575
2026-03-22 16:00:00+00:00,68844.0,71809.4,67360.1,70133.0,10870.2002724
2026-03-23 16:00:00+00:00,70134.0,71400.0,69517.1,69869.6,6134.11561323
2026-03-24 16:00:00+00:00,69869.6,72012.0,68924.0,70831.5,6647.41509274
2026-03-25 16:00:00+00:00,70831.1,71760.2,68616.7,69090.0,5699.10284825
2026-03-26 16:00:00+00:00,69086.3,69485.2,65714.2,66102.0,9974.52933849
2026-03-27 16:00:00+00:00,66102.0,67300.0,65559.6,67020.0,4643.84135867
2026-03-28 16:00:00+00:00,67020.3,67124.6,66277.0,66526.2,3099.21431368
2026-03-29 16:00:00+00:00,66526.2,68181.6,65000.0,67623.9,7030.86504309
2026-03-30 16:00:00+00:00,67624.0,68414.0,66000.0,66733.1,7137.26589371
2026-03-31 16:00:00+00:00,66733.1,69318.0,66727.7,68917.3,7698.64692812
2026-04-01 16:00:00+00:00,68917.3,69176.3,65701.7,66852.4,7079.55293845
2026-04-02 16:00:00+00:00,66849.2,67428.5,66284.1,66832.1,3745.88757681
2026-04-03 16:00:00+00:00,66832.1,67545.7,66755.6,67379.4,1966.23705841
2026-04-04 16:00:00+00:00,67379.5,67866.6,66606.7,67304.4,2212.44556513
2026-04-05 16:00:00+00:00,67304.5,70273.4,67157.0,69965.1,7045.01076731
2026-04-06 16:00:00+00:00,69965.0,70344.8,67730.1,68168.2,6119.07744715
2026-04-07 16:00:00+00:00,68168.2,72858.0,68079.9,71307.4,11521.78088735
2026-04-08 16:00:00+00:00,71306.6,72350.0,70463.1,72144.4,5066.65951684
2026-04-09 16:00:00+00:00,72144.4,73305.4,71428.0,72456.0,6841.03977263
2026-04-10 16:00:00+00:00,72456.0,73444.5,72380.9,72863.0,3166.64679935
2026-04-11 16:00:00+00:00,72863.0,73807.2,70610.8,70887.0,5889.73735937
2026-04-12 16:00:00+00:00,70887.0,72458.7,70505.9,71868.1,4373.63098902
2026-04-13 16:00:00+00:00,71868.0,76048.1,71675.8,75328.2,10303.75624369
2026-04-14 16:00:00+00:00,75327.1,75693.5,73507.1,73843.8,6834.23359696
2026-04-15 16:00:00+00:00,73841.4,75429.9,73302.8,74701.6,6041.81591695
2026-04-16 16:00:00+00:00,74701.6,78044.1,73914.5,77781.3,10805.55456228
2026-04-17 16:00:00+00:00,77781.3,78344.3,75780.9,76171.6,5791.01923493
2026-04-18 16:00:00+00:00,76171.7,76248.7,74889.7,75851.1,3536.2983322
2026-04-19 16:00:00+00:00,75851.1,75862.5,73717.9,75710.9,6207.18364076
2026-04-20 16:00:00+00:00,75713.6,76954.1,75290.1,75839.4,4580.32967057
2026-04-21 16:00:00+00:00,75839.5,79398.0,74825.6,79270.5,7187.02890614
2026-04-22 16:00:00+00:00,79270.6,79462.3,77180.0,78377.1,7428.69937867
2026-04-23 16:00:00+00:00,78377.2,78571.4,76953.8,78043.7,6979.0644555
2026-04-24 16:00:00+00:00,78043.7,78061.2,77260.8,77332.0,3605.45589776
2026-04-25 16:00:00+00:00,77332.0,78212.1,77129.5,78045.0,2594.0035884
2026-04-26 16:00:00+00:00,78045.0,79488.0,76562.3,76790.2,5520.58296351
2026-04-27 16:00:00+00:00,76790.3,77494.5,75660.1,76067.2,5015.30875141
2026-04-28 16:00:00+00:00,76067.7,77891.7,75714.0,75922.2,5116.88329136
2026-04-29 16:00:00+00:00,75922.1,76660.0,74943.7,76465.7,6723.83836494
2026-04-30 16:00:00+00:00,76465.7,78919.7,76077.8,78445.3,14483.625931
2026-05-01 16:00:00+00:00,78445.1,78683.8,77750.0,78490.6,2378.65437272
2026-05-02 16:00:00+00:00,78490.7,79198.6,78061.9,78668.9,2466.89589503
2026-05-03 16:00:00+00:00,78668.9,80622.0,78205.0,80033.5,10186.82098237
2026-05-04 16:00:00+00:00,80033.5,81730.5,79624.5,81530.3,6953.74638277
2026-05-05 16:00:00+00:00,81529.3,82842.0,80722.8,81704.6,7045.6944901
2026-05-06 16:00:00+00:00,81702.1,81891.3,79705.7,79898.0,4530.47867935
2026-05-07 16:00:00+00:00,79898.0,80513.2,79164.5,80150.3,5254.67037055
2026-05-08 16:00:00+00:00,80150.4,80684.2,79739.2,80522.6,2335.391782
2026-05-09 16:00:00+00:00,80522.6,81449.0,80481.6,81413.4,1901.36765546
2026-05-10 16:00:00+00:00,81414.5,82473.6,80280.1,81450.0,4950.22810542
2026-05-11 16:00:00+00:00,81450.1,82134.9,80174.1,80331.0,8600.44121233
2026-05-12 16:00:00+00:00,80331.0,81324.6,78812.0,78835.1,9081.4394508
2026-05-13 16:00:00+00:00,78835.0,81330.5,78760.1,81292.0,6863.41372237
2026-05-14 16:00:00+00:00,81292.1,82048.1,78650.0,79159.5,8044.47531343
2026-05-15 16:00:00+00:00,79159.6,79572.8,77656.0,78237.1,4909.21157327
2026-05-16 16:00:00+00:00,78237.2,78605.4,77704.0,78041.8,3267.30273161
2026-05-17 16:00:00+00:00,78041.8,78487.6,76053.0,76416.1,9441.40024412
2026-05-18 16:00:00+00:00,76416.1,77410.9,76143.7,76528.5,10852.263315
2026-05-19 16:00:00+00:00,76529.2,77853.0,76413.6,77458.1,4417.04545747
2026-05-20 16:00:00+00:00,77458.2,78200.0,76734.5,77262.8,5551.70504304
2026-05-21 16:00:00+00:00,77262.8,78100.0,76571.5,76797.4,9109.36873243
2026-05-22 16:00:00+00:00,76797.4,77099.9,74258.6,75521.6,5490.70977459
2026-05-23 16:00:00+00:00,75521.6,77529.3,75367.7,76377.7,4034.54417349
2026-05-24 16:00:00+00:00,76377.8,77906.8,76109.7,77629.0,3577.1394805
2026-05-25 16:00:00+00:00,77629.0,78084.5,76267.3,76519.3,4704.5070919
2026-05-26 16:00:00+00:00,76519.4,76720.1,74772.3,75335.3,5186.96030425
2026-05-27 16:00:00+00:00,75335.4,75420.8,72584.1,72930.9,7410.30552373
2026-05-28 16:00:00+00:00,72930.4,74195.6,72508.0,73805.7,5537.56920722
2026-05-29 16:00:00+00:00,73804.4,74335.0,73185.0,73929.4,8152.278955
2026-05-30 16:00:00+00:00,73929.5,74276.6,73508.4,73651.9,3597.63854862
2026-05-31 16:00:00+00:00,73651.9,74210.9,71070.6,71130.6,6377.80128028
2026-06-01 16:00:00+00:00,71130.6,71808.4,67082.0,67303.0,12978.23696447
2026-06-02 16:00:00+00:00,67303.0,68141.0,65450.0,66077.1,10719.7313162
2026-06-03 16:00:00+00:00,66077.1,66374.9,61365.0,63893.4,18365.21215995
2026-06-04 16:00:00+00:00,63893.4,64160.0,60050.0,60430.7,14961.39491634
2026-06-05 16:00:00+00:00,60430.7,61998.9,59111.2,60777.2,14828.51674602
2026-06-06 16:00:00+00:00,60777.2,62961.2,60401.9,62099.2,6499.51662885
2026-06-07 16:00:00+00:00,62100.0,64381.9,61185.0,63774.8,8608.67416607
2026-06-08 16:00:00+00:00,63774.9,64046.6,61040.0,61131.3,7620.31922638
2026-06-09 16:00:00+00:00,61130.9,62857.1,60687.2,62636.8,38722.5928498
2026-06-10 16:00:00+00:00,62636.8,63260.0,61105.3,62754.7,8290.87907255
2026-06-11 16:00:00+00:00,62754.8,64388.0,62342.3,63594.7,7315.14289153
2026-06-12 16:00:00+00:00,63595.3,64345.0,63392.7,64305.5,3852.04155942
2026-06-13 16:00:00+00:00,64305.5,64758.8,63868.0,64024.7,6367.04241786
2026-06-14 16:00:00+00:00,64024.6,67300.0,63683.9,67293.6,14064.7344733
2026-06-15 16:00:00+00:00,67293.7,67293.7,65366.0,65873.4,5058.00325699
2026-06-16 16:00:00+00:00,65873.2,66245.0,64560.6,65752.3,4360.4278619
2026-06-17 16:00:00+00:00,65752.3,66436.1,62291.0,62373.0,13942.14894542
2026-06-18 16:00:00+00:00,62369.8,63425.5,62270.0,63220.3,6254.29293756
2026-06-19 16:00:00+00:00,63220.5,64384.5,62869.1,64163.5,6582.60152672
2026-06-20 16:00:00+00:00,64168.0,64594.0,63734.0,64225.7,6831.85286568
2026-06-21 16:00:00+00:00,64224.7,65629.5,63262.0,64835.0,5807.18731761
2026-06-22 16:00:00+00:00,64838.8,64870.9,61930.0,62489.5,5286.41691909
2026-06-23 16:00:00+00:00,62489.5,63244.7,60264.3,60279.9,5980.46284937
2026-06-24 16:00:00+00:00,60279.9,61964.2,58110.0,59560.6,13615.1501498
2026-06-25 16:00:00+00:00,59560.7,60764.2,58330.5,60325.2,10251.16534052
2026-06-26 16:00:00+00:00,60325.2,60947.7,59558.3,60845.9,3801.73464141
2026-06-27 16:00:00+00:00,60846.0,60867.8,59754.4,59895.7,2279.4375163
2026-06-28 16:00:00+00:00,59895.8,60789.4,58896.0,59820.4,7537.17232071
2026-06-29 16:00:00+00:00,59820.4,60688.0,58200.0,58384.0,21400.05467029
2026-06-30 16:00:00+00:00,58384.1,60545.4,57809.4,60147.9,9848.19166208
2026-07-01 16:00:00+00:00,60147.9,62209.2,59582.6,61606.8,20226.49236269
2026-07-02 16:00:00+00:00,61606.9,62407.0,61129.0,61929.8,6524.76326339
2026-07-03 16:00:00+00:00,61929.8,63090.9,61911.1,62939.7,4593.7068554
2026-07-04 16:00:00+00:00,62939.7,63469.3,62444.4,62741.8,3115.07388176
2026-07-05 16:00:00+00:00,62741.9,63999.8,61318.3,63546.8,7977.32663866
2026-07-06 16:00:00+00:00,63547.9,64706.3,62663.1,63940.9,7403.13209227
2026-07-07 16:00:00+00:00,63941.0,64247.9,61548.4,61699.4,6707.63659155
2026-07-08 16:00:00+00:00,61699.2,63284.8,61690.4,62863.2,20748.76909819
2026-07-09 16:00:00+00:00,62860.8,64694.9,62560.1,64045.4,8261.1190396
2026-07-10 16:00:00+00:00,64044.5,64520.2,63664.0,64175.2,3193.26502495
2026-07-11 16:00:00+00:00,64175.2,64464.9,63643.2,64180.1,2437.89235701
2026-07-12 16:00:00+00:00,64180.1,64424.9,62108.0,62615.9,8625.5974523
2026-07-13 16:00:00+00:00,62615.9,64999.0,61830.0,64758.0,7031.35076182
2026-07-14 16:00:00+00:00,64758.1,65600.0,64263.6,65424.5,6994.56160863
2026-07-15 16:00:00+00:00,65424.6,65467.4,63858.8,64703.6,4451.98072359
2026-07-16 16:00:00+00:00,64703.7,64719.1,62536.4,63457.9,5657.99353699
2026-07-17 16:00:00+00:00,63457.9,64391.9,63312.9,64120.4,2098.26578132
2026-07-18 16:00:00+00:00,64120.5,64967.9,64091.7,64579.0,5810.09760296
2026-07-19 16:00:00+00:00,64579.1,65678.0,63762.4,65598.6,6529.24459805
2026-07-20 16:00:00+00:00,65598.6,66955.0,65045.5,66677.3,6985.91562389
2026-07-21 16:00:00+00:00,66677.2,66762.2,65552.6,66043.0,7353.73114617
2026-07-22 16:00:00+00:00,66043.0,66385.4,64725.4,64957.7,6061.36316791
2026-07-23 16:00:00+00:00,64957.7,65800.0,63740.0,64099.2,9142.06311019
2026-07-24 16:00:00+00:00,64099.2,64291.3,63806.4,64182.6,2713.53745802
2026-07-25 16:00:00+00:00,64182.7,64828.8,64124.2,64773.3,2229.29878491
2026-07-26 16:00:00+00:00,64773.0,65750.0,64426.4,64561.0,5288.56061098
2026-07-27 16:00:00+00:00,64559.6,65099.3,62741.1,63923.4,6177.12036552
2026-07-28 16:00:00+00:00,63923.4,64751.6,63504.2,63972.4,4481.85464847
2026-07-29 16:00:00+00:00,63972.4,65180.0,63261.6,64733.9,5859.77886175
2026-07-30 16:00:00+00:00,64734.0,65423.7,62457.1,62725.0,6283.24767266
2026-07-31 16:00:00+00:00,62725.1,63307.2,62710.6,63000.1,2421.33939269
2026-08-01 16:00:00+00:00,63000.1,63639.4,62268.5,63111.9,2454.83775905
2026-08-02 16:00:00+00:00,63112.0,63990.0,62300.0,63693.0,4404.79870176
2026-08-03 16:00:00+00:00,63693.0,64244.2,63328.0,64120.8,4152.6050141
2026-08-04 16:00:00+00:00,64120.9,64746.4,63880.7,64386.2,7260.05254466
2026-08-05 16:00:00+00:00,64386.2,65026.6,64172.6,64630.9,3690.82036653
2026-08-06 16:00:00+00:00,64631.0,65388.0,64159.6,64908.9,3308.5430796
2026-08-07 16:00:00+00:00,64909.7,65189.8,64519.2,65078.3,1593.22520202
2026-08-08 16:00:00+00:00,65078.4,65300.0,64722.7,65230.4,1023.03857229
2026-08-09 16:00:00+00:00,65230.4,65490.3,64205.6,64298.0,3098.04869375
2026-08-10 16:00:00+00:00,64298.0,64500.0,63450.0,63606.0,3492.49993884
2026-08-11 16:00:00+00:00,63606.7,64496.9,63237.6,63445.9,5822.59226145
2026-08-12 16:00:00+00:00,63445.9,64014.2,63309.4,63416.6,4544.05804809
2026-08-13 16:00:00+00:00,63416.7,63645.4,62521.8,62984.7,6402.05540588
2026-08-14 16:00:00+00:00,62984.8,63244.6,62800.0,63093.9,1609.44088092
2026-08-15 16:00:00+00:00,63094.0,63172.1,62964.3,63146.6,694.64060009
2026-08-16 16:00:00+00:00,63146.7,64228.1,62715.7,64203.6,3530.55788907
2026-08-17 16:00:00+00:00,64203.7,65066.1,63979.7,64860.2,5094.81191096
2026-08-18 16:00:00+00:00,64860.3,64896.7,64366.0,64382.5,994.29904339
