timestamp,open,high,low,close,volume
2025-10-31 23:00:00,3855.3,3858.47,3847.25,3847.89,1958.652727
2025-11-01 00:00:00,3847.89,3849.96,3830.64,3847.47,1844.25609
2025-11-01 01:00:00,3847.47,3860.86,3842.51,3844.0,2070.237378
2025-11-01 02:00:00,3844.0,3855.04,3835.8,3852.27,1686.444787
2025-11-01 03:00:00,3852.28,3864.21,3851.01,3861.67,1173.669539
2025-11-01 04:00:00,3861.67,3869.27,3854.49,3866.39,2674.784277
2025-11-01 05:00:00,3866.4,3867.64,3853.34,3855.22,1584.580688
2025-11-01 06:00:00,3855.22,3861.0,3852.37,3858.74,1953.831515
2025-11-01 07:00:00,3858.84,3867.34,3856.08,3860.56,1327.109504
2025-11-01 08:00:00,3860.63,3883.09,3859.4,3882.23,4515.098294
2025-11-01 09:00:00,3882.24,3882.94,3871.56,3875.03,2707.805395
2025-11-01 10:00:00,3875.03,3881.6,3868.66,3876.65,3279.842347
2025-11-01 11:00:00,3876.69,3881.0,3868.67,3877.69,2119.175368
2025-11-01 12:00:00,3877.69,3881.0,3874.74,3875.75,1700.514261
2025-11-01 13:00:00,3875.86,3878.77,3857.39,3869.85,2623.627776
2025-11-01 14:00:00,3869.81,3875.0,3858.26,3872.7,2259.678221
2025-11-01 15:00:00,3872.71,3902.84,3871.0,3894.29,6785.538995
2025-11-01 16:00:00,3894.7,3910.0,3885.78,3892.23,4075.99239
2025-11-01 17:00:00,3892.22,3894.8,3862.58,3865.95,4559.596964
2025-11-01 18:00:00,3865.87,3880.79,3863.92,3880.26,1151.999981
2025-11-01 19:00:00,3880.25,3880.8,3871.05,3879.99,547.399417
2025-11-01 20:00:00,3880.0,3891.5,3878.69,3881.59,1522.019376
2025-11-01 21:00:00,3881.6,3884.66,3867.4,3867.41,1180.309315
2025-11-01 22:00:00,3867.41,3876.0,3864.03,3874.83,940.334592
2025-11-01 23:00:00,3874.84,3877.39,3868.68,3873.9,458.160906
2025-11-02 00:00:00,3873.9,3874.39,3861.29,3866.49,1157.650445
2025-11-02 01:00:00,3866.5,3877.07,3862.2,3872.15,1077.632678
2025-11-02 02:00:00,3872.15,3887.14,3868.6,3880.25,1103.727192
2025-11-02 03:00:00,3880.24,3884.97,3877.64,3880.61,483.023522
2025-11-02 04:00:00,3880.61,3914.28,3876.0,3908.54,4276.093897
2025-11-02 05:00:00,3908.54,3909.6,3894.71,3902.83,1661.535473
2025-11-02 06:00:00,3902.84,3908.0,3892.13,3902.03,1438.401735
2025-11-02 07:00:00,3902.03,3918.45,3892.0,3906.25,3864.827136
2025-11-02 08:00:00,3906.25,3910.66,3892.55,3894.83,2605.59333
2025-11-02 09:00:00,3894.84,3903.45,3868.54,3872.26,5953.069321
2025-11-02 10:00:00,3872.26,3876.46,3852.32,3863.26,6110.209131
2025-11-02 11:00:00,3863.27,3897.23,3861.94,3890.55,4744.439106
2025-11-02 12:00:00,3890.56,3894.71,3871.03,3877.2,3084.724552
2025-11-02 13:00:00,3877.21,3877.54,3854.67,3868.14,2404.223447
2025-11-02 14:00:00,3868.14,3873.21,3839.0,3853.01,7227.19488
2025-11-02 15:00:00,3853.01,3871.66,3846.23,3853.21,3305.65227
2025-11-02 16:00:00,3853.21,3865.58,3840.36,3864.31,2681.397961
2025-11-02 17:00:00,3864.32,3864.6,3849.99,3859.18,1083.428974
2025-11-02 18:00:00,3859.19,3867.59,3855.03,3863.92,706.779299
2025-11-02 19:00:00,3863.92,3864.39,3843.21,3856.25,1367.264569
2025-11-02 20:00:00,3856.26,3859.65,3847.6,3859.2,857.799667
2025-11-02 21:00:00,3859.21,3869.99,3850.0,3861.44,1514.573418
2025-11-02 22:00:00,3861.45,3863.99,3844.67,3855.23,1748.139346
2025-11-02 23:00:00,3855.36,3917.45,3855.36,3906.52,11145.911732
2025-11-03 00:00:00,3906.48,3914.42,3862.76,3864.67,6485.884692
2025-11-03 01:00:00,3864.77,3864.77,3826.96,3837.43,8068.726401
2025-11-03 02:00:00,3837.43,3842.25,3786.79,3799.4,13605.20472
2025-11-03 03:00:00,3799.26,3806.99,3728.07,3736.48,16379.167166
2025-11-03 04:00:00,3736.5,3748.67,3715.63,3746.7,6556.616609
2025-11-03 05:00:00,3746.71,3765.9,3728.01,3732.29,5126.831976
2025-11-03 06:00:00,3732.3,3741.44,3683.25,3718.74,13092.734221
2025-11-03 07:00:00,3718.73,3736.93,3699.27,3714.61,13063.482269
2025-11-03 08:00:00,3714.67,3720.83,3687.01,3716.8,9311.877342
2025-11-03 09:00:00,3716.79,3740.91,3696.34,3703.45,9833.758336
2025-11-03 10:00:00,3703.45,3719.98,3660.68,3675.69,11933.038271
2025-11-03 11:00:00,3675.93,3724.0,3673.28,3711.48,9659.759293
2025-11-03 12:00:00,3711.6,3728.7,3704.7,3709.13,5514.321745
2025-11-03 13:00:00,3709.13,3728.57,3693.13,3719.76,7517.380773
2025-11-03 14:00:00,3720.04,3748.64,3705.34,3734.31,10320.683073
2025-11-03 15:00:00,3734.65,3739.0,3582.22,3588.92,48563.609252
2025-11-03 16:00:00,3588.93,3626.78,3562.69,3618.87,23077.545457
2025-11-03 17:00:00,3619.0,3682.44,3610.61,3666.21,16189.122645
2025-11-03 18:00:00,3666.47,3672.91,3630.49,3632.02,5971.792102
2025-11-03 19:00:00,3632.02,3648.8,3619.92,3631.06,6462.174803
2025-11-03 20:00:00,3631.32,3636.49,3560.36,3587.75,7873.402111
2025-11-03 21:00:00,3587.27,3615.2,3557.24,3601.94,7313.667118
2025-11-03 22:00:00,3601.79,3603.59,3560.01,3589.76,5951.809863
2025-11-03 23:00:00,3589.71,3608.13,3566.01,3603.75,5627.691774
2025-11-04 00:00:00,3603.66,3635.99,3567.0,3617.84,10009.722044
2025-11-04 01:00:00,3618.06,3654.38,3607.07,3644.17,6319.415276
2025-11-04 02:00:00,3644.1,3648.84,3618.01,3625.72,3745.264851
2025-11-04 03:00:00,3625.67,3651.48,3620.79,3642.41,4793.497336
2025-11-04 04:00:00,3642.41,3647.82,3621.1,3624.99,4165.342606
2025-11-04 05:00:00,3624.99,3631.6,3484.35,3492.26,36012.786929
2025-11-04 06:00:00,3492.25,3560.8,3479.0,3512.1,25241.630853
2025-11-04 07:00:00,3512.01,3520.63,3473.75,3494.86,25776.008343
2025-11-04 08:00:00,3494.85,3513.41,3460.26,3495.61,16192.734419
2025-11-04 09:00:00,3495.61,3503.0,3476.26,3492.01,8324.400489
2025-11-04 10:00:00,3492.02,3502.66,3472.7,3485.23,10315.2341
2025-11-04 11:00:00,3485.25,3533.97,3483.48,3529.21,11925.517529
2025-11-04 12:00:00,3529.21,3532.22,3495.6,3510.87,8110.365684
2025-11-04 13:00:00,3510.86,3523.29,3493.17,3506.94,5839.332322
2025-11-04 14:00:00,3506.95,3563.28,3473.74,3556.25,17737.544349
2025-11-04 15:00:00,3556.25,3587.59,3495.96,3507.5,20264.504939
2025-11-04 16:00:00,3507.76,3520.48,3425.28,3429.92,21487.31146
2025-11-04 17:00:00,3429.81,3429.84,3362.9,3372.95,36029.194719
2025-11-04 18:00:00,3372.94,3374.19,3255.75,3303.35,57240.950438
2025-11-04 19:00:00,3303.34,3316.88,3225.78,3231.01,23382.108867
2025-11-04 20:00:00,3231.01,3252.37,3124.02,3213.47,60742.530547
2025-11-04 21:00:00,3213.71,3219.15,3056.01,3215.61,56620.170706
2025-11-04 22:00:00,3215.73,3289.38,3198.66,3247.23,28605.641042
2025-11-04 23:00:00,3247.23,3305.0,3242.01,3286.91,21641.10147
2025-11-05 00:00:00,3286.91,3301.45,3228.79,3240.73,19167.139684
2025-11-05 01:00:00,3240.73,3254.8,3166.45,3243.3,32258.798832
2025-11-05 02:00:00,3243.25,3327.27,3243.22,3325.0,23166.32106
2025-11-05 03:00:00,3325.1,3349.47,3305.66,3334.97,17461.34951
2025-11-05 04:00:00,3334.97,3345.49,3313.99,3329.2,11326.801246
2025-11-05 05:00:00,3329.21,3354.87,3324.18,3326.03,7979.985136
2025-11-05 06:00:00,3325.93,3341.39,3310.0,3337.01,8259.742997
2025-11-05 07:00:00,3337.09,3342.35,3304.0,3331.16,9151.433841
2025-11-05 08:00:00,3331.3,3331.59,3282.89,3300.98,12377.305914
2025-11-05 09:00:00,3300.98,3322.39,3293.66,3307.72,6387.039608
2025-11-05 10:00:00,3307.71,3308.4,3274.9,3276.29,6129.35414
2025-11-05 11:00:00,3276.55,3325.2,3275.74,3322.81,8900.423342
2025-11-05 12:00:00,3322.84,3359.87,3312.72,3345.15,10213.702281
2025-11-05 13:00:00,3345.15,3376.64,3322.71,3360.5,11408.524661
2025-11-05 14:00:00,3360.4,3371.94,3319.38,3348.74,13248.333874
2025-11-05 15:00:00,3348.75,3398.91,3334.18,3397.99,20972.534744
2025-11-05 16:00:00,3397.99,3440.36,3370.0,3437.46,21779.976518
2025-11-05 17:00:00,3437.31,3446.94,3417.79,3435.58,10894.709401
2025-11-05 18:00:00,3435.25,3479.48,3429.6,3461.59,9675.247055
2025-11-05 19:00:00,3461.58,3471.78,3445.21,3454.85,6266.813823
2025-11-05 20:00:00,3454.84,3480.66,3440.47,3451.02,10332.091989
2025-11-05 21:00:00,3451.01,3451.01,3430.52,3442.32,9904.85269
2025-11-05 22:00:00,3442.32,3445.88,3411.0,3424.46,7425.506521
2025-11-05 23:00:00,3424.35,3436.2,3415.51,3424.34,4324.116943
2025-11-06 00:00:00,3424.35,3424.65,3393.0,3407.75,8674.997074
2025-11-06 01:00:00,3407.74,3411.0,3373.27,3405.6,10645.812207
2025-11-06 02:00:00,3405.55,3430.25,3392.19,3422.0,7713.082147
2025-11-06 03:00:00,3422.01,3450.65,3421.21,3433.15,6251.443299
2025-11-06 04:00:00,3433.15,3456.25,3428.89,3452.78,4447.80411
2025-11-06 05:00:00,3452.76,3452.91,3380.0,3388.21,8370.164631
2025-11-06 06:00:00,3388.0,3402.52,3378.82,3384.81,6321.216407
2025-11-06 07:00:00,3384.81,3394.93,3364.0,3380.53,9143.58287
2025-11-06 08:00:00,3380.52,3394.96,3372.94,3385.33,5190.438663
2025-11-06 09:00:00,3385.33,3394.43,3375.16,3383.0,3042.816906
2025-11-06 10:00:00,3383.04,3415.0,3367.08,3394.02,7694.995087
2025-11-06 11:00:00,3393.91,3407.99,3381.11,3399.67,4506.994911
2025-11-06 12:00:00,3399.67,3405.0,3342.45,3349.91,9730.451618
2025-11-06 13:00:00,3350.06,3403.65,3350.06,3391.52,6496.844014
2025-11-06 14:00:00,3391.53,3400.77,3318.64,3329.27,14689.248311
2025-11-06 15:00:00,3329.27,3365.85,3277.2,3300.81,22602.060877
2025-11-06 16:00:00,3300.57,3323.46,3245.64,3276.59,17954.155034
2025-11-06 17:00:00,3276.58,3340.55,3270.5,3329.24,15260.093888
2025-11-06 18:00:00,3329.23,3352.39,3294.77,3329.01,12956.796167
2025-11-06 19:00:00,3328.87,3343.58,3310.0,3325.8,7786.110829
2025-11-06 20:00:00,3325.94,3336.84,3287.29,3306.46,8460.068609
2025-11-06 21:00:00,3306.45,3335.7,3292.44,3326.25,5248.698531
2025-11-06 22:00:00,3326.16,3330.86,3295.58,3318.77,4698.715254
2025-11-06 23:00:00,3318.7,3319.13,3290.25,3315.43,5718.813248
2025-11-07 00:00:00,3315.44,3332.32,3294.24,3325.36,8416.173026
2025-11-07 01:00:00,3325.36,3330.94,3275.55,3325.14,12644.109298
2025-11-07 02:00:00,3324.73,3355.42,3304.34,3346.7,7436.955947
2025-11-07 03:00:00,3346.8,3365.51,3342.6,3344.75,5538.249263
2025-11-07 04:00:00,3344.79,3348.61,3319.88,3338.58,4371.353282
2025-11-07 05:00:00,3338.51,3370.18,3337.69,3367.14,5083.486274
2025-11-07 06:00:00,3367.17,3369.84,3346.65,3347.8,3824.600049
2025-11-07 07:00:00,3347.81,3364.73,3336.37,3358.54,9601.22577
2025-11-07 08:00:00,3358.54,3360.85,3334.5,3341.78,3236.318074
2025-11-07 09:00:00,3341.77,3342.34,3290.02,3301.43,6729.189521
2025-11-07 10:00:00,3301.43,3310.74,3272.69,3280.71,6349.243597
2025-11-07 11:00:00,3280.65,3280.66,3225.67,3260.3,16101.015659
2025-11-07 12:00:00,3260.26,3274.91,3196.63,3223.07,17067.088906
2025-11-07 13:00:00,3223.08,3249.9,3214.48,3241.02,8871.913272
2025-11-07 14:00:00,3240.98,3299.33,3194.0,3288.65,21211.308199
2025-11-07 15:00:00,3288.66,3318.71,3263.05,3297.65,22603.726904
2025-11-07 16:00:00,3297.62,3333.48,3273.87,3309.36,14966.338278
2025-11-07 17:00:00,3309.23,3395.72,3296.86,3385.73,16720.887418
2025-11-07 18:00:00,3385.71,3435.47,3378.17,3426.09,12122.900243
2025-11-07 19:00:00,3426.1,3450.0,3416.78,3443.52,7151.300681
2025-11-07 20:00:00,3443.46,3471.28,3429.16,3464.81,12656.481622
2025-11-07 21:00:00,3464.81,3470.3,3448.84,3468.35,6750.798861
2025-11-07 22:00:00,3468.49,3473.0,3443.46,3445.55,5074.606392
2025-11-07 23:00:00,3445.54,3449.87,3432.61,3435.66,5318.408362
2025-11-08 00:00:00,3435.6,3448.6,3406.66,3424.27,10927.479575
2025-11-08 01:00:00,3424.27,3447.18,3422.26,3437.22,3927.680059
2025-11-08 02:00:00,3437.32,3459.98,3432.61,3440.69,4813.138648
2025-11-08 03:00:00,3440.69,3467.21,3437.9,3453.89,4883.281813
2025-11-08 04:00:00,3453.89,3487.84,3449.01,3458.71,7273.752752
2025-11-08 05:00:00,3458.7,3467.5,3426.24,3431.43,6486.161972
2025-11-08 06:00:00,3431.43,3455.69,3417.99,3445.42,7693.137692
2025-11-08 07:00:00,3445.43,3451.39,3424.7,3447.7,8362.809778
2025-11-08 08:00:00,3447.7,3470.55,3435.69,3454.6,4292.378695
2025-11-08 09:00:00,3454.6,3464.81,3438.59,3439.61,4214.551668
2025-11-08 10:00:00,3439.61,3450.0,3433.52,3445.95,2314.507742
2025-11-08 11:00:00,3445.94,3456.0,3406.83,3413.16,6960.623649
2025-11-08 12:00:00,3413.16,3418.26,3397.28,3409.39,5062.341908
2025-11-08 13:00:00,3409.39,3413.29,3389.93,3396.95,5803.57016
2025-11-08 14:00:00,3397.2,3412.01,3373.49,3400.25,7902.634783
2025-11-08 15:00:00,3400.25,3404.4,3369.78,3377.44,4269.343025
2025-11-08 16:00:00,3377.45,3384.72,3356.04,3368.44,7283.427497
2025-11-08 17:00:00,3368.43,3400.68,3363.09,3399.19,4485.96316
2025-11-08 18:00:00,3399.2,3408.21,3386.4,3402.59,2058.278981
2025-11-08 19:00:00,3402.6,3406.49,3363.4,3389.4,3895.332345
2025-11-08 20:00:00,3389.36,3403.87,3380.93,3398.03,1448.40541
2025-11-08 21:00:00,3398.0,3410.32,3394.7,3405.94,988.762467
2025-11-08 22:00:00,3405.91,3411.42,3394.05,3409.55,1922.060474
2025-11-08 23:00:00,3409.45,3416.0,3400.11,3401.79,1164.471087
2025-11-09 00:00:00,3401.8,3402.63,3373.17,3384.84,3394.395677
2025-11-09 01:00:00,3384.77,3404.32,3380.16,3400.84,1755.243529
2025-11-09 02:00:00,3400.84,3400.84,3364.4,3368.0,4783.127124
2025-11-09 03:00:00,3368.1,3378.75,3358.85,3376.32,2704.896569
2025-11-09 04:00:00,3376.33,3390.41,3370.0,3374.4,8392.181708
2025-11-09 05:00:00,3374.41,3408.62,3372.29,3405.31,5331.177064
2025-11-09 06:00:00,3405.26,3419.34,3399.76,3404.81,2275.354804
2025-11-09 07:00:00,3404.76,3427.82,3402.71,3422.75,5982.812376
2025-11-09 08:00:00,3422.78,3424.18,3409.58,3421.72,2909.945871
2025-11-09 09:00:00,3421.72,3435.37,3399.34,3401.01,5181.811919
2025-11-09 10:00:00,3401.0,3402.38,3382.41,3402.31,3579.172555
2025-11-09 11:00:00,3402.31,3433.24,3402.31,3428.7,4637.563285
2025-11-09 12:00:00,3428.69,3464.56,3424.81,3441.94,9753.691776
2025-11-09 13:00:00,3441.99,3464.98,3441.7,3458.63,4835.824723
2025-11-09 14:00:00,3458.63,3563.99,3453.55,3506.64,30841.59655
2025-11-09 15:00:00,3506.63,3537.6,3504.69,3515.29,10935.68779
2025-11-09 16:00:00,3515.29,3537.2,3500.44,3528.15,6501.089012
2025-11-09 17:00:00,3528.17,3531.53,3504.0,3515.31,3726.311385
2025-11-09 18:00:00,3515.32,3544.79,3511.0,3541.48,3511.885884
2025-11-09 19:00:00,3541.39,3580.0,3535.01,3579.98,6400.397496
2025-11-09 20:00:00,3579.98,3597.9,3562.03,3578.59,10667.139602
2025-11-09 21:00:00,3578.58,3596.0,3572.97,3581.33,5032.466971
2025-11-09 22:00:00,3581.33,3595.0,3565.01,3587.92,3224.810793
2025-11-09 23:00:00,3587.92,3623.98,3565.97,3583.51,12947.127681
2025-11-10 00:00:00,3583.5,3653.19,3554.05,3635.51,17724.951164
2025-11-10 01:00:00,3635.5,3658.66,3617.34,3629.41,12967.884035
2025-11-10 02:00:00,3629.35,3639.63,3612.5,3628.41,5810.193796
2025-11-10 03:00:00,3628.48,3647.74,3623.13,3627.47,7743.177122
2025-11-10 04:00:00,3627.34,3631.84,3603.34,3617.15,7145.288596
2025-11-10 05:00:00,3617.1,3626.24,3589.0,3608.03,5389.412643
2025-11-10 06:00:00,3608.03,3612.59,3595.0,3605.08,2951.848997
2025-11-10 07:00:00,3605.09,3622.95,3603.07,3609.1,5947.657564
2025-11-10 08:00:00,3609.12,3615.92,3588.0,3594.48,5747.899047
2025-11-10 09:00:00,3594.49,3631.22,3586.66,3624.39,5085.597486
2025-11-10 10:00:00,3624.39,3628.0,3603.7,3606.51,2525.037874
2025-11-10 11:00:00,3606.66,3621.09,3604.0,3610.27,1991.044948
2025-11-10 12:00:00,3610.27,3610.92,3585.01,3592.04,3550.68675
2025-11-10 13:00:00,3592.05,3622.22,3590.18,3615.6,5696.743008
2025-11-10 14:00:00,3615.56,3615.9,3530.0,3542.0,15189.092452
2025-11-10 15:00:00,3542.0,3560.37,3508.6,3519.79,16717.806323
2025-11-10 16:00:00,3519.73,3538.23,3506.05,3529.93,8356.920302
2025-11-10 17:00:00,3529.93,3559.83,3523.01,3555.36,7363.185182
2025-11-10 18:00:00,3555.54,3557.99,3532.85,3532.85,3414.502735
2025-11-10 19:00:00,3532.85,3577.44,3529.34,3558.79,4997.990266
2025-11-10 20:00:00,3558.79,3583.91,3555.37,3571.9,3799.463757
2025-11-10 21:00:00,3571.9,3572.82,3530.62,3541.9,4854.736033
2025-11-10 22:00:00,3541.91,3580.57,3528.93,3576.41,4831.353109
2025-11-10 23:00:00,3576.41,3582.39,3562.83,3567.91,2966.752449
2025-11-11 00:00:00,3568.11,3592.43,3552.68,3585.76,6168.525815
2025-11-11 01:00:00,3585.75,3647.97,3575.48,3581.23,14447.749525
2025-11-11 02:00:00,3581.23,3636.29,3559.63,3615.39,12924.691983
2025-11-11 03:00:00,3615.21,3633.64,3599.0,3606.07,5515.260796
2025-11-11 04:00:00,3606.05,3610.33,3572.0,3575.26,5504.222605
2025-11-11 05:00:00,3575.09,3575.79,3543.99,3548.6,6402.601068
2025-11-11 06:00:00,3548.57,3559.34,3531.08,3557.56,9495.117821
2025-11-11 07:00:00,3557.56,3566.76,3542.01,3544.58,4746.436197
2025-11-11 08:00:00,3544.59,3563.86,3543.01,3563.26,2857.999747
2025-11-11 09:00:00,3563.26,3586.59,3551.95,3555.51,6171.70849
2025-11-11 10:00:00,3555.48,3566.64,3548.94,3560.7,2804.403682
2025-11-11 11:00:00,3560.8,3581.97,3560.43,3574.07,3205.840225
2025-11-11 12:00:00,3574.08,3594.25,3540.12,3541.67,6529.591193
2025-11-11 13:00:00,3541.66,3574.26,3527.17,3533.07,7394.464173
2025-11-11 14:00:00,3533.1,3547.6,3487.84,3530.27,17699.926472
2025-11-11 15:00:00,3530.27,3530.27,3466.88,3481.2,13235.042121
2025-11-11 16:00:00,3481.21,3502.77,3465.25,3485.13,6967.010267
2025-11-11 17:00:00,3485.13,3500.58,3446.08,3473.63,10645.005146
2025-11-11 18:00:00,3473.61,3487.08,3460.56,3468.96,6543.62606
2025-11-11 19:00:00,3469.02,3469.98,3448.84,3456.95,4495.565313
2025-11-11 20:00:00,3456.95,3462.37,3428.83,3438.16,8438.471189
2025-11-11 21:00:00,3438.35,3449.98,3408.34,3418.02,7358.010195
2025-11-11 22:00:00,3418.0,3437.22,3405.14,3430.08,5334.916028
2025-11-11 23:00:00,3430.09,3439.02,3409.35,3418.25,4802.974457
2025-11-12 00:00:00,3418.26,3435.2,3410.15,3418.35,4456.678609
2025-11-12 01:00:00,3418.35,3451.78,3412.4,3448.11,6298.964671
2025-11-12 02:00:00,3448.13,3455.94,3417.72,3427.39,4807.471442
2025-11-12 03:00:00,3427.39,3446.23,3421.89,3439.44,2715.738903
2025-11-12 04:00:00,3439.37,3445.56,3431.92,3444.54,1654.658331
2025-11-12 05:00:00,3444.55,3457.11,3443.59,3449.1,4313.141588
2025-11-12 06:00:00,3449.18,3457.14,3439.0,3439.0,2318.733623
2025-11-12 07:00:00,3439.01,3452.8,3424.64,3428.31,4775.559227
2025-11-12 08:00:00,3428.31,3480.7,3426.3,3468.62,6639.607297
2025-11-12 09:00:00,3468.6,3494.9,3466.2,3483.48,5435.564569
2025-11-12 10:00:00,3483.63,3548.71,3482.76,3533.97,9837.366287
2025-11-12 11:00:00,3533.96,3569.83,3533.62,3549.6,7113.094212
2025-11-12 12:00:00,3549.6,3565.8,3539.12,3552.09,4023.293334
2025-11-12 13:00:00,3552.09,3588.0,3545.02,3576.27,6850.57342
2025-11-12 14:00:00,3576.27,3581.24,3480.02,3502.18,14985.26215
2025-11-12 15:00:00,3502.44,3521.55,3418.8,3428.17,20793.234214
2025-11-12 16:00:00,3428.18,3433.55,3372.1,3399.75,23752.566681
2025-11-12 17:00:00,3399.86,3453.99,3391.71,3429.67,11649.400572
2025-11-12 18:00:00,3429.67,3454.78,3417.6,3424.01,8753.895789
2025-11-12 19:00:00,3424.05,3426.55,3372.09,3408.28,11364.583632
2025-11-12 20:00:00,3408.28,3439.89,3400.8,3416.41,6136.879522
2025-11-12 21:00:00,3416.66,3430.29,3408.37,3423.4,2930.98734
2025-11-12 22:00:00,3423.41,3423.41,3392.07,3422.06,5211.519018
2025-11-12 23:00:00,3422.06,3423.69,3403.71,3414.91,2882.144944
2025-11-13 00:00:00,3414.82,3434.11,3404.53,3412.21,7285.748324
2025-11-13 01:00:00,3412.21,3457.13,3410.03,3424.48,14677.958196
2025-11-13 02:00:00,3424.46,3447.24,3422.82,3434.41,3256.306034
2025-11-13 03:00:00,3434.42,3473.7,3376.48,3452.99,20363.505734
2025-11-13 04:00:00,3452.76,3491.26,3433.07,3482.5,18943.759476
2025-11-13 05:00:00,3482.5,3540.0,3465.75,3528.74,11732.705513
2025-11-13 06:00:00,3528.74,3553.33,3520.56,3540.59,12560.231072
2025-11-13 07:00:00,3540.6,3565.64,3530.58,3538.07,14216.138512
2025-11-13 08:00:00,3538.0,3549.86,3522.0,3524.0,6687.411318
2025-11-13 09:00:00,3524.0,3529.56,3477.66,3486.66,11384.567039
2025-11-13 10:00:00,3486.72,3517.2,3486.63,3505.34,4706.385772
2025-11-13 11:00:00,3505.34,3518.15,3495.05,3501.5,3677.425067
2025-11-13 12:00:00,3501.51,3511.71,3482.41,3501.73,7206.47306
2025-11-13 13:00:00,3501.73,3502.44,3426.67,3438.08,21124.825578
2025-11-13 14:00:00,3438.15,3478.91,3393.59,3444.07,22778.731278
2025-11-13 15:00:00,3444.07,3448.27,3366.66,3387.01,25967.023226
2025-11-13 16:00:00,3387.0,3398.87,3324.02,3327.95,18222.180062
2025-11-13 17:00:00,3328.05,3329.28,3253.07,3255.6,23158.446399
2025-11-13 18:00:00,3255.71,3265.09,3184.0,3213.99,25217.752743
2025-11-13 19:00:00,3214.26,3239.34,3175.41,3197.72,17209.566276
2025-11-13 20:00:00,3197.93,3206.34,3154.31,3171.79,15448.534557
2025-11-13 21:00:00,3171.68,3194.18,3160.65,3179.91,7771.744359
2025-11-13 22:00:00,3179.73,3236.66,3175.0,3229.35,10799.776104
2025-11-13 23:00:00,3229.35,3272.84,3216.66,3231.66,13683.576737
2025-11-14 00:00:00,3231.61,3241.48,3186.29,3200.88,10538.106389
2025-11-14 01:00:00,3201.2,3221.55,3186.04,3207.34,7694.109441
2025-11-14 02:00:00,3207.34,3251.74,3205.21,3237.9,8201.534394
2025-11-14 03:00:00,3237.9,3240.19,3208.19,3228.11,6474.217225
2025-11-14 04:00:00,3227.96,3228.57,3107.69,3163.2,25675.288272
2025-11-14 05:00:00,3163.3,3207.54,3157.61,3192.6,15444.967646
2025-11-14 06:00:00,3192.6,3227.52,3134.78,3222.78,17052.196221
2025-11-14 07:00:00,3222.52,3241.15,3193.16,3215.81,17466.57874
2025-11-14 08:00:00,3215.61,3219.46,3183.47,3205.46,5920.708347
2025-11-14 09:00:00,3205.59,3215.81,3150.14,3156.34,10242.645054
2025-11-14 10:00:00,3156.4,3196.28,3155.01,3176.26,4784.081261
2025-11-14 11:00:00,3176.0,3183.33,3117.03,3144.61,12058.764873
2025-11-14 12:00:00,3144.79,3144.79,3070.32,3126.96,25669.69513
2025-11-14 13:00:00,3126.97,3151.8,3073.78,3122.13,16956.618217
2025-11-14 14:00:00,3122.12,3221.35,3108.04,3199.73,32955.982602
2025-11-14 15:00:00,3199.64,3235.2,3160.56,3196.78,18799.638326
2025-11-14 16:00:00,3196.77,3257.4,3182.28,3231.67,15659.678652
2025-11-14 17:00:00,3231.62,3245.54,3162.05,3179.98,11789.987166
2025-11-14 18:00:00,3179.91,3208.91,3155.09,3168.7,7426.219959
2025-11-14 19:00:00,3168.92,3221.02,3159.49,3207.74,6809.82438
2025-11-14 20:00:00,3207.92,3213.21,3122.25,3137.93,7702.000123
2025-11-14 21:00:00,3138.1,3175.59,3124.78,3167.74,3970.822813
2025-11-14 22:00:00,3167.58,3188.38,3142.34,3159.27,3903.334492
2025-11-14 23:00:00,3159.28,3159.28,3090.0,3112.4,7907.104329
2025-11-15 00:00:00,3112.56,3150.96,3110.87,3141.19,5339.664154
2025-11-15 01:00:00,3141.04,3179.39,3124.37,3173.86,4129.645128
2025-11-15 02:00:00,3173.61,3193.93,3163.0,3193.82,3854.408879
2025-11-15 03:00:00,3193.58,3193.95,3167.55,3179.08,3638.688274
2025-11-15 04:00:00,3179.21,3192.2,3158.52,3172.06,3128.150486
2025-11-15 05:00:00,3172.07,3183.55,3161.39,3178.92,1784.747803
2025-11-15 06:00:00,3178.91,3187.89,3166.66,3175.81,1453.953072
2025-11-15 07:00:00,3175.61,3185.95,3169.2,3176.8,6689.983019
2025-11-15 08:00:00,3176.8,3178.74,3134.95,3143.38,5636.308892
2025-11-15 09:00:00,3143.32,3165.59,3139.05,3153.13,3737.182503
2025-11-15 10:00:00,3153.04,3171.98,3145.79,3169.0,1833.610938
2025-11-15 11:00:00,3169.01,3172.48,3147.01,3152.57,2396.628417
2025-11-15 12:00:00,3152.58,3168.59,3147.29,3162.38,2817.85283
2025-11-15 13:00:00,3162.38,3197.3,3158.23,3192.4,6326.175063
2025-11-15 14:00:00,3192.4,3193.45,3174.11,3177.85,2361.233759
2025-11-15 15:00:00,3177.85,3191.0,3173.34,3185.82,1743.127009
2025-11-15 16:00:00,3185.78,3187.96,3163.03,3186.13,2829.913734
2025-11-15 17:00:00,3186.24,3219.97,3182.58,3215.16,7992.286088
2025-11-15 18:00:00,3215.17,3231.11,3203.87,3208.2,5645.841807
2025-11-15 19:00:00,3208.21,3214.72,3192.78,3197.9,2445.320659
2025-11-15 20:00:00,3197.91,3200.94,3167.17,3174.98,2528.775313
2025-11-15 21:00:00,3174.76,3188.8,3152.64,3157.93,3526.968211
2025-11-15 22:00:00,3157.94,3172.72,3155.15,3171.5,1788.174802
2025-11-15 23:00:00,3171.64,3177.52,3167.1,3167.99,1035.761766
2025-11-16 00:00:00,3168.0,3175.05,3145.65,3152.79,3028.050699
2025-11-16 01:00:00,3152.64,3157.87,3131.77,3150.39,9830.261681
2025-11-16 02:00:00,3150.27,3205.69,3142.44,3202.91,6895.099284
2025-11-16 03:00:00,3202.92,3209.99,3192.43,3202.45,3049.738268
2025-11-16 04:00:00,3202.41,3206.94,3186.32,3194.1,1778.488632
2025-11-16 05:00:00,3194.11,3215.59,3193.16,3204.32,3787.604068
2025-11-16 06:00:00,3204.32,3216.25,3197.62,3200.75,4045.670676
2025-11-16 07:00:00,3200.75,3220.99,3198.81,3219.66,3462.939341
2025-11-16 08:00:00,3219.66,3228.0,3206.12,3219.34,2776.969812
2025-11-16 09:00:00,3219.34,3249.1,3208.76,3248.41,6475.030612
2025-11-16 10:00:00,3248.4,3248.4,3229.61,3236.16,3513.8479
2025-11-16 11:00:00,3236.16,3237.89,3160.32,3168.67,10212.637584
2025-11-16 12:00:00,3168.68,3182.72,3154.89,3169.71,5559.739003
2025-11-16 13:00:00,3169.63,3173.87,3139.14,3154.09,4974.436864
2025-11-16 14:00:00,3154.15,3179.17,3147.83,3172.0,3788.825424
2025-11-16 15:00:00,3172.01,3181.28,3098.85,3105.65,11950.928777
2025-11-16 16:00:00,3105.36,3126.05,3058.1,3062.0,19359.704212
2025-11-16 17:00:00,3062.0,3088.0,3024.71,3079.58,20338.574943
2025-11-16 18:00:00,3079.58,3128.1,3042.83,3060.65,16940.345331
2025-11-16 19:00:00,3060.74,3116.5,3057.72,3091.36,7119.688079
2025-11-16 20:00:00,3091.36,3118.19,3085.42,3089.33,2412.428953
2025-11-16 21:00:00,3089.41,3096.9,3058.69,3073.73,6452.644803
2025-11-16 22:00:00,3073.73,3103.22,3043.82,3091.87,7543.900567
2025-11-16 23:00:00,3092.0,3107.59,3003.01,3095.44,18855.087178
2025-11-17 00:00:00,3095.36,3141.32,3069.15,3136.65,12642.602848
2025-11-17 01:00:00,3136.5,3147.07,3114.26,3114.79,9138.201116
2025-11-17 02:00:00,3114.8,3160.5,3111.45,3149.11,7205.386831
2025-11-17 03:00:00,3149.25,3180.54,3147.71,3177.09,8692.597776
2025-11-17 04:00:00,3177.09,3194.1,3165.64,3185.54,6307.944642
2025-11-17 05:00:00,3185.55,3193.59,3177.56,3186.8,4335.968958
2025-11-17 06:00:00,3187.01,3197.97,3171.34,3194.11,4936.754411
2025-11-17 07:00:00,3194.15,3208.65,3189.13,3198.99,7553.801724
2025-11-17 08:00:00,3198.98,3205.32,3183.22,3190.18,4534.23229
2025-11-17 09:00:00,3190.17,3216.0,3179.6,3195.09,4692.983412
2025-11-17 10:00:00,3195.09,3207.62,3191.33,3196.6,2547.302411
2025-11-17 11:00:00,3196.65,3223.33,3192.94,3203.82,4283.060651
2025-11-17 12:00:00,3203.94,3204.32,3182.41,3183.7,4290.329673
2025-11-17 13:00:00,3183.78,3188.99,3094.49,3122.0,14951.350389
2025-11-17 14:00:00,3121.94,3211.57,3102.83,3152.39,24611.515576
2025-11-17 15:00:00,3152.4,3166.64,3105.57,3120.8,13064.259423
2025-11-17 16:00:00,3120.94,3142.76,3064.07,3134.81,16100.519183
2025-11-17 17:00:00,3134.69,3137.83,3053.61,3058.47,9388.268376
2025-11-17 18:00:00,3058.84,3081.18,3019.94,3025.0,13076.082387
2025-11-17 19:00:00,3025.08,3038.73,2971.27,2982.4,22852.310373
2025-11-17 20:00:00,2982.55,3022.24,2959.76,3005.07,17124.468724
2025-11-17 21:00:00,3005.15,3028.15,2984.68,3009.6,10132.890234
2025-11-17 22:00:00,3009.6,3032.07,3000.15,3023.49,4666.689394
2025-11-17 23:00:00,3023.6,3031.54,3006.0,3031.53,5177.093821
2025-11-18 00:00:00,3031.54,3040.91,2991.0,3033.2,8736.264513
2025-11-18 01:00:00,3032.85,3049.99,3012.45,3017.61,7430.946343
2025-11-18 02:00:00,3017.6,3045.75,2977.91,2985.49,21101.797343
2025-11-18 03:00:00,2985.6,3028.27,2945.78,3024.21,27288.648856
2025-11-18 04:00:00,3024.17,3025.3,2958.1,3006.28,17479.336726
2025-11-18 05:00:00,3006.29,3023.97,2984.1,3012.2,8584.550604
2025-11-18 06:00:00,3012.22,3015.38,2974.0,2989.99,8532.189178
2025-11-18 07:00:00,2989.99,3034.69,2977.79,3024.33,13746.838777
2025-11-18 08:00:00,3024.7,3068.33,3024.7,3060.0,11498.443498
2025-11-18 09:00:00,3060.1,3067.14,3028.28,3060.1,6684.89671
2025-11-18 10:00:00,3060.05,3074.07,3050.24,3065.83,3983.663452
2025-11-18 11:00:00,3065.82,3073.83,3052.12,3057.54,6292.836962
2025-11-18 12:00:00,3057.7,3066.0,3038.63,3049.56,5822.67501
2025-11-18 13:00:00,3049.31,3051.48,3021.87,3048.39,6145.257365
2025-11-18 14:00:00,3048.2,3092.7,3032.63,3058.15,15169.512105
2025-11-18 15:00:00,3058.15,3124.12,3033.56,3106.83,23229.549915
2025-11-18 16:00:00,3106.8,3168.71,3099.12,3152.05,14883.650708
2025-11-18 17:00:00,3152.0,3159.25,3119.04,3135.39,7390.131674
2025-11-18 18:00:00,3135.52,3170.09,3135.26,3160.38,6868.877848
2025-11-18 19:00:00,3160.7,3168.61,3135.81,3145.68,3794.693403
2025-11-18 20:00:00,3145.8,3150.47,3122.78,3122.92,2263.173382
2025-11-18 21:00:00,3123.2,3131.08,3096.66,3098.2,3984.687395
2025-11-18 22:00:00,3098.21,3129.47,3097.6,3125.06,3136.187113
2025-11-18 23:00:00,3125.21,3126.4,3107.66,3123.67,1922.999493
2025-11-19 00:00:00,3123.68,3124.4,3078.09,3100.73,5685.647572
2025-11-19 01:00:00,3100.85,3116.58,3085.37,3105.55,4588.991995
2025-11-19 02:00:00,3105.26,3126.72,3098.05,3114.18,4759.518209
2025-11-19 03:00:00,3114.11,3118.42,3070.01,3073.39,5863.331836
2025-11-19 04:00:00,3073.32,3077.19,3046.66,3048.7,8021.300731
2025-11-19 05:00:00,3048.97,3053.33,2992.5,3017.65,17278.698049
2025-11-19 06:00:00,3017.94,3045.13,3010.75,3040.9,7486.029035
2025-11-19 07:00:00,3040.8,3088.05,3039.2,3085.13,7181.679899
2025-11-19 08:00:00,3085.11,3100.0,3072.41,3079.99,8887.01789
2025-11-19 09:00:00,3079.99,3088.24,3053.33,3088.24,9296.892877
2025-11-19 10:00:00,3088.25,3112.59,3083.61,3091.76,4682.594904
2025-11-19 11:00:00,3091.71,3102.27,3077.47,3083.44,2658.319003
2025-11-19 12:00:00,3083.43,3108.52,3081.0,3100.58,2983.426215
2025-11-19 13:00:00,3100.65,3101.35,3056.51,3067.4,7224.894982
2025-11-19 14:00:00,3067.12,3070.14,3024.04,3060.4,12944.667839
2025-11-19 15:00:00,3060.73,3106.65,2967.03,2973.32,22799.797073
2025-11-19 16:00:00,2973.31,2987.19,2936.73,2950.25,16519.206843
2025-11-19 17:00:00,2950.24,2961.3,2897.75,2923.2,15646.558336
2025-11-19 18:00:00,2923.19,2929.6,2880.33,2900.12,14627.825251
2025-11-19 19:00:00,2900.12,2906.23,2872.78,2881.87,9140.984228
2025-11-19 20:00:00,2881.88,2956.87,2874.5,2945.71,10861.442863
2025-11-19 21:00:00,2945.44,3001.0,2939.46,2991.65,14718.605934
2025-11-19 22:00:00,2991.65,2992.4,2955.84,2984.7,6268.973133
2025-11-19 23:00:00,2984.7,3028.21,2984.54,3025.71,8359.74266
2025-11-20 00:00:00,3025.63,3049.14,3004.81,3019.2,7653.556844
2025-11-20 01:00:00,3019.2,3050.71,3018.63,3047.76,5840.389499
2025-11-20 02:00:00,3047.75,3058.17,3030.0,3043.7,7447.851326
2025-11-20 03:00:00,3043.99,3053.08,3036.73,3039.13,4487.396338
2025-11-20 04:00:00,3039.04,3055.24,3017.44,3054.14,7783.577855
2025-11-20 05:00:00,3054.15,3063.69,3033.04,3035.48,4699.312632
2025-11-20 06:00:00,3035.49,3042.91,3007.21,3020.97,5535.979548
2025-11-20 07:00:00,3020.97,3044.51,3015.31,3039.66,4654.202971
2025-11-20 08:00:00,3039.66,3045.0,3022.85,3031.3,4409.9101
2025-11-20 09:00:00,3031.05,3034.07,2995.01,3011.33,6825.454706
2025-11-20 10:00:00,3011.12,3020.85,2993.37,3015.13,6360.629264
2025-11-20 11:00:00,3015.56,3027.75,3001.78,3023.55,3079.830891
2025-11-20 12:00:00,3023.59,3032.89,3010.58,3028.4,4274.693302
2025-11-20 13:00:00,3028.72,3050.0,2996.91,3000.06,13310.10905
2025-11-20 14:00:00,3000.23,3022.75,2963.45,3001.2,19221.277569
2025-11-20 15:00:00,3000.89,3003.6,2952.25,2955.84,13209.609743
2025-11-20 16:00:00,2955.75,2961.34,2848.0,2862.66,46240.103411
2025-11-20 17:00:00,2862.56,2873.72,2807.7,2833.85,28413.022861
2025-11-20 18:00:00,2833.84,2861.0,2806.0,2813.52,18646.482968
2025-11-20 19:00:00,2813.71,2855.93,2788.2,2848.11,17239.380482
2025-11-20 20:00:00,2847.94,2856.81,2819.55,2835.36,7934.453997
2025-11-20 21:00:00,2835.36,2897.61,2834.6,2879.87,6469.526204
2025-11-20 22:00:00,2879.57,2905.81,2876.12,2886.46,5432.952764
2025-11-20 23:00:00,2886.13,2891.52,2827.06,2834.15,9301.412247
2025-11-21 00:00:00,2834.04,2870.0,2832.57,2861.07,6153.336275
2025-11-21 01:00:00,2861.27,2886.66,2851.68,2862.06,9212.76338
2025-11-21 02:00:00,2862.19,2862.29,2772.68,2782.69,21644.258121
2025-11-21 03:00:00,2782.59,2826.1,2782.31,2809.26,8766.803081
2025-11-21 04:00:00,2809.14,2822.38,2783.0,2819.15,7623.426864
2025-11-21 05:00:00,2819.0,2833.0,2800.3,2809.83,6865.463879
2025-11-21 06:00:00,2810.0,2814.98,2780.08,2790.51,7571.115996
2025-11-21 07:00:00,2790.51,2800.85,2649.2,2720.56,73435.35299
2025-11-21 08:00:00,2720.64,2754.8,2706.76,2738.25,17153.360576
2025-11-21 09:00:00,2738.25,2748.75,2680.0,2681.99,14439.923594
2025-11-21 10:00:00,2681.76,2717.45,2663.54,2697.13,15634.749992
2025-11-21 11:00:00,2697.2,2723.27,2674.68,2688.6,7190.544396
2025-11-21 12:00:00,2688.56,2743.7,2622.87,2727.54,31237.215355
2025-11-21 13:00:00,2727.65,2769.56,2711.11,2741.6,18143.633765
2025-11-21 14:00:00,2741.99,2781.12,2717.55,2770.29,23777.626384
2025-11-21 15:00:00,2770.4,2779.4,2688.0,2705.17,24824.810845
2025-11-21 16:00:00,2705.47,2764.21,2675.3,2763.18,20978.216958
2025-11-21 17:00:00,2762.95,2806.7,2755.01,2780.66,13898.378998
2025-11-21 18:00:00,2780.8,2794.52,2716.47,2779.42,13675.669617
2025-11-21 19:00:00,2779.13,2787.57,2740.05,2752.4,5536.492031
2025-11-21 20:00:00,2752.04,2756.23,2708.42,2737.98,7081.708742
2025-11-21 21:00:00,2738.13,2776.32,2731.8,2766.91,4711.118764
2025-11-21 22:00:00,2766.92,2773.99,2720.61,2722.0,4031.852592
2025-11-21 23:00:00,2722.4,2769.84,2713.03,2765.94,4161.12963
2025-11-22 00:00:00,2765.94,2780.68,2758.23,2766.04,4376.500388
2025-11-22 01:00:00,2766.25,2784.08,2760.9,2774.68,2220.596596
2025-11-22 02:00:00,2774.7,2777.65,2739.25,2752.8,3398.504207
2025-11-22 03:00:00,2753.05,2757.93,2742.43,2752.49,2176.247704
2025-11-22 04:00:00,2752.47,2754.34,2727.0,2747.2,4203.277996
2025-11-22 05:00:00,2747.44,2749.71,2727.15,2744.36,2567.26899
2025-11-22 06:00:00,2744.36,2768.48,2732.73,2766.22,4377.920037
2025-11-22 07:00:00,2766.14,2770.84,2754.61,2756.34,3617.150284
2025-11-22 08:00:00,2756.35,2756.76,2718.87,2730.4,5252.991937
2025-11-22 09:00:00,2730.5,2739.77,2721.34,2725.9,3288.715217
2025-11-22 10:00:00,2726.0,2731.69,2704.86,2713.02,3010.830149
2025-11-22 11:00:00,2713.07,2743.03,2704.23,2735.02,4804.882765
2025-11-22 12:00:00,2734.91,2735.84,2711.26,2721.23,2921.364155
2025-11-22 13:00:00,2721.25,2734.52,2711.76,2719.46,2243.137701
2025-11-22 14:00:00,2719.46,2754.44,2718.69,2745.99,5455.067173
2025-11-22 15:00:00,2745.89,2750.81,2726.0,2738.92,4536.435516
2025-11-22 16:00:00,2738.92,2759.0,2735.25,2755.19,3792.050287
2025-11-22 17:00:00,2755.2,2758.0,2744.42,2749.84,1883.04073
2025-11-22 18:00:00,2749.77,2754.8,2743.04,2752.34,1265.744662
2025-11-22 19:00:00,2752.49,2757.29,2744.77,2750.57,1116.526501
2025-11-22 20:00:00,2750.5,2756.79,2733.33,2741.29,1405.168032
2025-11-22 21:00:00,2741.38,2748.67,2737.15,2747.68,2240.372163
2025-11-22 22:00:00,2747.61,2799.61,2741.6,2789.42,6999.64995
2025-11-22 23:00:00,2789.2,2793.59,2767.69,2770.18,3966.589586
2025-11-23 00:00:00,2770.18,2790.01,2768.19,2773.2,2967.13716
2025-11-23 01:00:00,2773.37,2815.68,2771.79,2808.79,5925.105897
2025-11-23 02:00:00,2808.75,2834.16,2804.4,2821.2,8140.683403
2025-11-23 03:00:00,2821.05,2825.1,2808.69,2824.8,3439.697571
2025-11-23 04:00:00,2824.79,2852.45,2819.72,2827.85,11288.899584
2025-11-23 05:00:00,2827.93,2831.49,2813.38,2825.29,4852.457134
2025-11-23 06:00:00,2825.29,2832.44,2803.06,2810.03,4724.249048
2025-11-23 07:00:00,2810.02,2812.08,2777.04,2793.95,6555.990436
2025-11-23 08:00:00,2793.71,2815.78,2793.65,2811.65,9089.649055
2025-11-23 09:00:00,2811.66,2824.64,2806.02,2816.56,1991.644623
2025-11-23 10:00:00,2816.56,2817.09,2802.89,2808.66,2238.799573
2025-11-23 11:00:00,2808.66,2820.75,2803.9,2816.0,2656.361102
2025-11-23 12:00:00,2815.99,2846.56,2814.05,2835.13,7169.048394
2025-11-23 13:00:00,2835.13,2845.79,2822.0,2843.99,3581.492358
2025-11-23 14:00:00,2843.91,2858.82,2812.14,2814.75,7321.294116
2025-11-23 15:00:00,2814.76,2840.0,2810.04,2836.5,3805.78906
2025-11-23 16:00:00,2836.51,2846.85,2797.84,2800.39,7187.865592
2025-11-23 17:00:00,2800.4,2808.66,2786.89,2792.74,6322.975718
2025-11-23 18:00:00,2792.75,2817.1,2792.75,2809.0,2798.430353
2025-11-23 19:00:00,2809.09,2837.82,2807.2,2822.65,2289.430781
2025-11-23 20:00:00,2822.78,2835.7,2821.37,2828.69,2088.359575
2025-11-23 21:00:00,2828.75,2845.6,2817.26,2841.61,3476.711071
2025-11-23 22:00:00,2841.61,2844.93,2824.5,2838.54,2504.980651
2025-11-23 23:00:00,2838.54,2843.78,2794.94,2802.19,8521.170876
2025-11-24 00:00:00,2802.09,2803.5,2763.18,2787.73,11084.298841
2025-11-24 01:00:00,2788.18,2807.41,2778.37,2806.12,4354.975306
2025-11-24 02:00:00,2806.34,2867.33,2804.21,2840.6,15311.84209
2025-11-24 03:00:00,2840.16,2867.15,2834.99,2856.57,4914.030908
2025-11-24 04:00:00,2856.41,2870.63,2803.14,2824.83,6888.742203
2025-11-24 05:00:00,2824.83,2885.88,2822.53,2867.23,11922.850637
2025-11-24 06:00:00,2867.16,2868.75,2829.02,2839.2,7330.33572
2025-11-24 07:00:00,2839.2,2846.0,2823.7,2829.99,6088.646082
2025-11-24 08:00:00,2829.99,2843.02,2821.81,2838.99,3099.285814
2025-11-24 09:00:00,2838.99,2838.99,2788.0,2797.61,8565.903306
2025-11-24 10:00:00,2797.92,2807.27,2793.95,2799.24,3574.203113
2025-11-24 11:00:00,2799.23,2808.37,2790.0,2803.47,2759.322607
2025-11-24 12:00:00,2803.26,2812.25,2794.27,2803.72,2733.601097
2025-11-24 13:00:00,2803.71,2829.2,2802.1,2815.42,4951.157724
2025-11-24 14:00:00,2815.42,2848.86,2784.93,2832.31,13606.807917
2025-11-24 15:00:00,2832.31,2860.17,2812.75,2846.5,10822.367929
2025-11-24 16:00:00,2846.44,2875.02,2842.69,2858.81,10966.200145
2025-11-24 17:00:00,2859.0,2944.0,2856.66,2939.87,21853.63738
2025-11-24 18:00:00,2939.87,2962.98,2928.54,2957.36,17461.089542
2025-11-24 19:00:00,2957.36,2979.56,2953.6,2958.8,9653.183648
2025-11-24 20:00:00,2958.91,2986.2,2952.32,2972.86,10896.424283
2025-11-24 21:00:00,2972.85,2973.79,2947.68,2959.06,5486.46808
2025-11-24 22:00:00,2959.03,2980.19,2952.29,2960.33,4486.392939
2025-11-24 23:00:00,2960.41,2968.63,2951.85,2953.32,4644.328522
2025-11-25 00:00:00,2953.33,2953.33,2931.72,2942.99,7560.146712
2025-11-25 01:00:00,2942.91,2948.1,2914.9,2919.01,5302.132023
2025-11-25 02:00:00,2919.01,2934.27,2908.01,2931.12,5948.761626
2025-11-25 03:00:00,2930.88,2936.74,2903.0,2911.81,5560.733474
2025-11-25 04:00:00,2911.92,2943.74,2909.33,2937.57,5117.61811
2025-11-25 05:00:00,2937.58,2938.8,2918.5,2928.5,2992.416949
2025-11-25 06:00:00,2928.37,2928.66,2912.08,2922.81,3497.658836
2025-11-25 07:00:00,2922.81,2925.8,2902.06,2902.77,5834.347101
2025-11-25 08:00:00,2902.78,2910.53,2869.95,2872.11,8401.421508
2025-11-25 09:00:00,2872.11,2893.54,2865.59,2892.53,4898.031715
2025-11-25 10:00:00,2892.54,2900.06,2880.22,2898.77,4075.952912
2025-11-25 11:00:00,2898.62,2899.76,2888.0,2891.19,1778.466354
2025-11-25 12:00:00,2891.2,2932.9,2890.21,2927.53,6959.345645
2025-11-25 13:00:00,2927.36,2934.21,2897.93,2907.79,6691.047867
2025-11-25 14:00:00,2907.8,2921.99,2857.0,2881.4,12667.096647
2025-11-25 15:00:00,2881.23,2915.53,2856.65,2895.64,9535.18229
2025-11-25 16:00:00,2895.56,2938.1,2887.11,2929.07,7847.531567
2025-11-25 17:00:00,2929.05,2952.25,2920.41,2936.14,6545.959996
2025-11-25 18:00:00,2936.2,2958.05,2922.52,2923.97,5465.412912
2025-11-25 19:00:00,2923.98,2928.15,2871.8,2922.8,8901.688093
2025-11-25 20:00:00,2922.67,2943.02,2916.5,2928.85,3852.807803
2025-11-25 21:00:00,2928.98,2945.32,2922.69,2930.84,2467.729935
2025-11-25 22:00:00,2930.77,2977.29,2906.71,2970.28,6704.3307
2025-11-25 23:00:00,2970.21,2980.0,2953.61,2959.38,4412.274268
2025-11-26 00:00:00,2959.38,2971.78,2949.5,2953.99,3385.164276
2025-11-26 01:00:00,2953.99,2984.0,2944.67,2969.94,6214.904034
2025-11-26 02:00:00,2969.94,2976.16,2956.25,2956.62,3307.236006
2025-11-26 03:00:00,2956.56,2964.49,2921.13,2926.99,7034.015617
2025-11-26 04:00:00,2927.0,2939.58,2920.63,2930.52,3100.145319
2025-11-26 05:00:00,2930.52,2952.37,2930.0,2944.1,2617.568336
2025-11-26 06:00:00,2944.05,2954.37,2932.81,2946.38,3515.434811
2025-11-26 07:00:00,2946.37,2949.28,2935.0,2944.29,3126.181652
2025-11-26 08:00:00,2944.29,2948.79,2912.0,2912.92,4597.646647
2025-11-26 09:00:00,2912.91,2917.83,2902.5,2907.55,4355.095464
2025-11-26 10:00:00,2907.46,2918.0,2906.02,2914.5,2634.359595
2025-11-26 11:00:00,2914.5,2918.34,2907.56,2914.43,2079.599486
2025-11-26 12:00:00,2914.25,2918.17,2888.02,2901.73,5572.456592
2025-11-26 13:00:00,2901.73,2936.86,2899.7,2934.45,7143.817747
2025-11-26 14:00:00,2934.46,2947.92,2904.4,2910.37,8651.957352
2025-11-26 15:00:00,2910.58,2939.57,2907.21,2927.61,4992.403533
2025-11-26 16:00:00,2927.61,2960.0,2926.41,2946.29,8084.469518
2025-11-26 17:00:00,2946.3,3033.0,2939.18,3026.77,17505.912797
2025-11-26 18:00:00,3026.77,3044.99,3013.0,3034.07,11279.418025
2025-11-26 19:00:00,3034.07,3037.76,3017.35,3032.23,4409.886242
2025-11-26 20:00:00,3032.24,3032.24,3008.32,3024.85,3343.121587
2025-11-26 21:00:00,3024.74,3035.92,3015.63,3021.63,3976.531266
2025-11-26 22:00:00,3021.73,3033.3,3018.14,3027.93,4266.298066
2025-11-26 23:00:00,3027.81,3033.29,3016.17,3026.5,2741.167002
2025-11-27 00:00:00,3026.5,3047.99,3005.0,3035.43,9180.621687
2025-11-27 01:00:00,3035.44,3056.49,3028.33,3052.38,7493.078967
2025-11-27 02:00:00,3052.38,3071.2,3036.96,3037.55,16797.153371
2025-11-27 03:00:00,3037.55,3052.0,3030.2,3033.41,6035.537124
2025-11-27 04:00:00,3033.41,3053.87,3031.21,3041.11,4014.904488
2025-11-27 05:00:00,3041.24,3045.76,3017.43,3023.25,5906.029538
2025-11-27 06:00:00,3023.26,3035.0,3022.47,3027.74,2619.280397
2025-11-27 07:00:00,3027.79,3036.0,3025.5,3033.46,4687.930865
2025-11-27 08:00:00,3033.47,3035.68,3018.0,3028.13,3693.750815
2025-11-27 09:00:00,3028.14,3044.76,3025.28,3027.76,3280.451351
2025-11-27 10:00:00,3027.75,3036.08,3021.93,3034.43,3439.090921
2025-11-27 11:00:00,3034.42,3036.0,3023.21,3028.29,3392.33042
2025-11-27 12:00:00,3028.29,3030.45,2988.01,2991.51,7214.596557
2025-11-27 13:00:00,2991.51,3002.19,2988.6,2995.66,4304.027588
2025-11-27 14:00:00,2995.67,2999.73,2986.19,2996.42,2910.801459
2025-11-27 15:00:00,2996.42,3015.0,2990.53,3011.26,3577.744313
2025-11-27 16:00:00,3011.25,3027.55,3004.93,3021.2,3714.407081
2025-11-27 17:00:00,3021.2,3024.88,3013.23,3020.24,1566.733842
2025-11-27 18:00:00,3020.23,3039.44,3016.41,3037.81,2542.877496
2025-11-27 19:00:00,3037.8,3037.8,3026.55,3032.0,1014.856486
2025-11-27 20:00:00,3031.99,3044.58,3030.27,3039.11,1674.514361
2025-11-27 21:00:00,3039.01,3043.74,3030.34,3032.92,3454.756811
2025-11-27 22:00:00,3032.91,3034.76,3003.83,3011.0,4153.818675
2025-11-27 23:00:00,3010.89,3023.33,3007.36,3015.39,1936.391958
2025-11-28 00:00:00,3015.39,3023.97,3008.6,3014.52,2368.951103
2025-11-28 01:00:00,3014.52,3016.62,2993.9,2998.25,4817.435263
2025-11-28 02:00:00,2998.46,3015.3,2996.05,3012.41,3702.280827
2025-11-28 03:00:00,3012.42,3015.37,3002.43,3008.57,2351.658625
2025-11-28 04:00:00,3008.57,3019.82,3005.54,3017.34,2304.684685
2025-11-28 05:00:00,3017.34,3029.38,3015.23,3023.96,3899.018997
2025-11-28 06:00:00,3023.97,3023.97,3003.21,3009.99,3566.771593
2025-11-28 07:00:00,3009.99,3024.19,3000.06,3001.69,6749.403769
2025-11-28 08:00:00,3001.69,3077.68,3001.4,3065.0,10382.087753
2025-11-28 09:00:00,3064.66,3072.77,3048.82,3055.29,5644.019853
2025-11-28 10:00:00,3055.29,3065.39,3047.0,3060.94,2564.343106
2025-11-28 11:00:00,3060.95,3062.37,3016.65,3033.61,7815.374144
2025-11-28 12:00:00,3033.61,3045.75,3032.01,3036.15,5958.293967
2025-11-28 13:00:00,3036.15,3087.28,3025.02,3073.83,9404.44862
2025-11-28 14:00:00,3073.93,3099.0,3051.82,3067.38,12374.946517
2025-11-28 15:00:00,3067.38,3091.84,3055.53,3073.7,15034.287563
2025-11-28 16:00:00,3073.62,3074.28,3021.31,3025.37,11543.756591
2025-11-28 17:00:00,3025.37,3044.14,3011.23,3034.77,7300.753204
2025-11-28 18:00:00,3034.51,3048.9,3024.3,3042.3,3607.425612
2025-11-28 19:00:00,3042.3,3060.08,3037.41,3049.98,2792.875862
2025-11-28 20:00:00,3049.98,3057.5,3035.49,3056.12,3108.785201
2025-11-28 21:00:00,3056.13,3059.31,3036.2,3036.45,2357.063776
2025-11-28 22:00:00,3036.46,3043.2,3020.0,3039.8,3067.246289
2025-11-28 23:00:00,3040.0,3045.42,3030.08,3031.18,1266.005241
2025-11-29 00:00:00,3031.19,3039.22,3030.0,3035.99,1457.272699
2025-11-29 01:00:00,3035.99,3052.54,3032.4,3038.23,3314.415746
2025-11-29 02:00:00,3038.23,3040.71,3023.61,3030.58,1995.711613
2025-11-29 03:00:00,3030.71,3036.0,3017.23,3022.72,2057.883448
2025-11-29 04:00:00,3022.82,3044.97,3020.01,3040.72,2215.090156
2025-11-29 05:00:00,3040.72,3042.89,3030.84,3032.78,1103.058953
2025-11-29 06:00:00,3032.78,3038.46,2993.0,3007.56,9031.214418
2025-11-29 07:00:00,3007.56,3014.5,2995.0,3004.97,3130.679061
2025-11-29 08:00:00,3004.97,3011.54,3001.2,3008.48,1806.566637
2025-11-29 09:00:00,3008.48,3010.54,2998.5,3002.08,1829.643511
2025-11-29 10:00:00,3002.08,3007.87,2985.0,2997.28,4160.228591
2025-11-29 11:00:00,2997.27,3002.1,2992.4,3000.25,2983.456697
2025-11-29 12:00:00,3000.25,3002.76,2992.02,2997.01,1819.329998
2025-11-29 13:00:00,2997.01,3001.94,2992.44,2998.4,1637.536827
2025-11-29 14:00:00,2998.4,2998.83,2985.3,2988.3,3768.935608
2025-11-29 15:00:00,2988.31,3014.53,2988.31,3007.53,4791.692185
2025-11-29 16:00:00,3007.54,3012.26,2998.59,3003.68,2046.891762
2025-11-29 17:00:00,3003.68,3004.88,2965.5,2970.03,9721.95863
2025-11-29 18:00:00,2970.03,2997.51,2962.0,2994.9,5808.528695
2025-11-29 19:00:00,2994.9,2999.9,2984.0,2988.6,1528.985946
2025-11-29 20:00:00,2988.6,2998.53,2983.23,2997.52,1153.081548
2025-11-29 21:00:00,2997.52,2999.0,2982.5,2994.16,1604.759532
2025-11-29 22:00:00,2994.16,2995.73,2983.61,2989.0,1531.133065
2025-11-29 23:00:00,2989.26,2994.0,2985.67,2989.26,1270.496978
2025-11-30 00:00:00,2989.3,2999.52,2988.0,2997.48,1304.855896
2025-11-30 01:00:00,2997.57,3012.43,2996.29,3005.13,3102.204866
2025-11-30 02:00:00,3005.13,3011.99,2990.38,2991.01,1570.917076
2025-11-30 03:00:00,2991.02,3005.57,2975.22,3001.73,3771.766534
2025-11-30 04:00:00,3001.73,3003.88,2995.53,2998.27,1000.419547
2025-11-30 05:00:00,2998.27,2998.41,2985.04,2992.09,1671.686206
2025-11-30 06:00:00,2992.09,3000.35,2987.01,2997.8,1191.850702
2025-11-30 07:00:00,2997.81,3009.3,2996.1,3004.65,1962.89797
2025-11-30 08:00:00,3004.84,3018.76,3002.41,3006.96,2516.788379
2025-11-30 09:00:00,3006.97,3015.3,3004.39,3009.99,2008.426898
2025-11-30 10:00:00,3009.99,3011.49,3005.97,3009.32,1085.320267
2025-11-30 11:00:00,3009.45,3016.82,2998.02,3002.84,1955.92158
2025-11-30 12:00:00,3003.08,3034.19,2999.72,3025.95,3788.787858
2025-11-30 13:00:00,3025.95,3052.94,3022.49,3048.79,5887.251302
2025-11-30 14:00:00,3048.8,3051.04,3027.6,3037.94,2835.292848
2025-11-30 15:00:00,3037.69,3037.69,3024.59,3028.81,1724.016543
2025-11-30 16:00:00,3028.8,3049.6,3028.28,3043.86,1762.272486
2025-11-30 17:00:00,3043.86,3044.32,3031.57,3041.35,2284.907916
2025-11-30 18:00:00,3041.35,3041.69,3029.27,3036.77,1042.693348
2025-11-30 19:00:00,3036.77,3040.74,3029.36,3034.72,1493.18787
2025-11-30 20:00:00,3034.72,3041.0,3023.21,3028.93,782.481286
2025-11-30 21:00:00,3028.93,3029.31,3015.12,3022.36,2032.421465
2025-11-30 22:00:00,3022.37,3036.37,3020.93,3033.55,1596.983121
2025-11-30 23:00:00,3033.7,3035.48,2989.58,2991.59,5173.558481
2025-12-01 00:00:00,2991.41,2999.75,2830.47,2836.78,38910.136831
2025-12-01 01:00:00,2836.78,2860.9,2833.99,2851.51,9132.930807
2025-12-01 02:00:00,2851.52,2874.28,2826.92,2838.37,13673.742665
2025-12-01 03:00:00,2838.31,2842.35,2813.88,2826.1,10755.183504
2025-12-01 04:00:00,2825.92,2828.19,2807.19,2822.31,10320.555006
2025-12-01 05:00:00,2822.31,2831.42,2810.84,2828.3,5639.927858
2025-12-01 06:00:00,2828.29,2836.24,2822.0,2824.86,6796.114225
2025-12-01 07:00:00,2824.99,2844.22,2820.0,2840.31,8649.64484
2025-12-01 08:00:00,2840.3,2846.36,2832.59,2840.41,3390.323635
2025-12-01 09:00:00,2840.41,2853.8,2828.86,2839.46,7071.820426
2025-12-01 10:00:00,2839.46,2846.19,2837.48,2843.58,2562.530941
2025-12-01 11:00:00,2843.59,2850.03,2835.48,2837.9,7748.748361
2025-12-01 12:00:00,2837.91,2839.5,2793.73,2821.1,16235.978046
2025-12-01 13:00:00,2821.09,2839.77,2805.36,2813.58,7906.519597
2025-12-01 14:00:00,2813.57,2832.19,2806.0,2818.39,7430.206555
2025-12-01 15:00:00,2818.4,2820.8,2719.43,2745.78,30800.490278
2025-12-01 16:00:00,2745.97,2756.28,2720.0,2731.97,10382.704388
2025-12-01 17:00:00,2731.78,2753.29,2728.76,2739.99,6923.249174
2025-12-01 18:00:00,2739.85,2758.46,2725.0,2749.8,6439.129751
2025-12-01 19:00:00,2749.8,2753.58,2730.75,2740.7,3932.46058
2025-12-01 20:00:00,2740.7,2769.88,2740.01,2757.51,7591.17779
2025-12-01 21:00:00,2757.94,2798.04,2756.0,2791.64,7504.661134
2025-12-01 22:00:00,2791.64,2813.02,2790.74,2797.15,4363.100855
2025-12-01 23:00:00,2797.16,2819.28,2796.52,2798.75,3690.152605
2025-12-02 00:00:00,2798.75,2804.28,2783.0,2795.6,4193.423271
2025-12-02 01:00:00,2795.59,2825.25,2793.03,2795.27,5564.964674
2025-12-02 02:00:00,2795.03,2815.89,2784.47,2801.0,3967.942672
2025-12-02 03:00:00,2801.0,2810.38,2785.36,2804.5,3778.447204
2025-12-02 04:00:00,2804.49,2814.27,2803.23,2804.66,2426.573642
2025-12-02 05:00:00,2804.66,2807.0,2797.4,2803.2,4057.081881
2025-12-02 06:00:00,2803.2,2815.82,2797.51,2812.73,3191.699059
2025-12-02 07:00:00,2812.72,2814.42,2802.64,2805.78,1734.628129
2025-12-02 08:00:00,2805.65,2806.69,2782.15,2798.25,4327.708947
2025-12-02 09:00:00,2798.34,2811.94,2795.3,2798.0,2586.587998
2025-12-02 10:00:00,2797.95,2834.85,2797.4,2823.01,4371.789431
2025-12-02 11:00:00,2823.17,2830.93,2816.16,2826.05,2928.841994
2025-12-02 12:00:00,2826.05,2831.96,2816.2,2827.92,3574.280635
2025-12-02 13:00:00,2827.98,2847.8,2822.03,2844.49,8678.394984
2025-12-02 14:00:00,2844.49,2909.82,2840.0,2895.0,23102.94869
2025-12-02 15:00:00,2895.0,3024.9,2894.07,3006.22,38845.177808
2025-12-02 16:00:00,3006.22,3024.7,2987.0,2995.62,19431.378877
2025-12-02 17:00:00,2995.52,3034.65,2994.12,3015.9,8594.510175
2025-12-02 18:00:00,3015.9,3034.21,3008.36,3013.67,6473.736374
2025-12-02 19:00:00,3013.67,3029.97,3013.09,3015.94,4240.835325
2025-12-02 20:00:00,3015.94,3017.32,2972.97,2979.98,9311.91876
2025-12-02 21:00:00,2980.15,2998.0,2977.63,2995.64,3302.369096
2025-12-02 22:00:00,2995.63,3022.0,2995.2,3017.7,4830.151333
2025-12-02 23:00:00,3017.93,3019.13,2992.31,2996.12,3232.250357
2025-12-03 00:00:00,2996.14,3008.93,2985.55,3003.5,4032.197072
2025-12-03 01:00:00,3003.51,3028.0,2998.98,3015.84,7989.353004
2025-12-03 02:00:00,3015.89,3049.89,3014.16,3031.12,11377.118671
2025-12-03 03:00:00,3031.18,3037.98,3020.28,3030.55,4365.702699
2025-12-03 04:00:00,3030.55,3060.0,3029.5,3056.89,10503.982606
2025-12-03 05:00:00,3056.71,3070.83,3048.33,3058.85,7193.694432
2025-12-03 06:00:00,3058.84,3085.79,3054.95,3066.99,8762.145069
2025-12-03 07:00:00,3066.99,3068.39,3052.0,3057.57,8332.644236
2025-12-03 08:00:00,3057.58,3061.22,3043.6,3050.99,3900.673426
2025-12-03 09:00:00,3050.98,3063.76,3045.41,3060.75,2818.24008
2025-12-03 10:00:00,3060.76,3079.49,3050.56,3055.42,5399.103494
2025-12-03 11:00:00,3055.64,3077.1,3050.22,3073.08,5608.673041
2025-12-03 12:00:00,3073.08,3084.38,3066.47,3081.53,9718.368535
2025-12-03 13:00:00,3081.52,3094.82,3077.8,3090.0,6492.245128
2025-12-03 14:00:00,3090.14,3146.0,3028.87,3076.43,40614.524038
2025-12-03 15:00:00,3076.58,3110.31,3056.72,3086.3,10208.903855
2025-12-03 16:00:00,3086.29,3107.57,3064.46,3088.55,5763.890711
2025-12-03 17:00:00,3088.37,3133.82,3087.46,3128.06,9560.918603
2025-12-03 18:00:00,3128.07,3143.1,3104.84,3115.71,6572.670739
2025-12-03 19:00:00,3115.31,3133.71,3109.14,3128.6,4477.52805
2025-12-03 20:00:00,3128.62,3159.99,3117.76,3138.24,9943.15816
2025-12-03 21:00:00,3138.54,3170.2,3128.7,3164.69,8257.290318
2025-12-03 22:00:00,3164.69,3197.44,3145.14,3189.47,14805.164028
2025-12-03 23:00:00,3189.47,3218.05,3178.32,3188.22,9403.460937
2025-12-04 00:00:00,3188.49,3206.99,3174.17,3198.09,11866.757953
2025-12-04 01:00:00,3198.2,3240.74,3195.0,3202.69,11761.501904
2025-12-04 02:00:00,3202.69,3225.64,3198.58,3221.76,6269.820325
2025-12-04 03:00:00,3221.76,3228.68,3205.01,3209.9,3994.196656
2025-12-04 04:00:00,3209.89,3219.0,3187.0,3191.74,5097.138391
2025-12-04 05:00:00,3191.75,3194.1,3170.34,3184.91,10536.607983
2025-12-04 06:00:00,3184.91,3219.99,3180.61,3205.05,9413.574761
2025-12-04 07:00:00,3205.05,3205.49,3181.17,3190.3,9778.387466
2025-12-04 08:00:00,3190.3,3197.61,3175.43,3184.25,4518.542817
2025-12-04 09:00:00,3184.25,3209.0,3182.85,3200.04,4015.416565
2025-12-04 10:00:00,3200.05,3203.8,3184.8,3188.52,1982.111067
2025-12-04 11:00:00,3188.52,3194.71,3177.36,3186.72,3261.937242
2025-12-04 12:00:00,3186.72,3193.6,3172.73,3176.7,3010.34474
2025-12-04 13:00:00,3176.69,3191.0,3158.06,3170.55,7067.641508
2025-12-04 14:00:00,3170.55,3188.42,3139.76,3144.09,9352.077395
2025-12-04 15:00:00,3144.19,3224.87,3143.89,3208.0,15714.687635
2025-12-04 16:00:00,3208.0,3226.24,3160.0,3169.2,16842.221258
2025-12-04 17:00:00,3169.0,3175.6,3136.21,3161.04,7035.602607
2025-12-04 18:00:00,3161.03,3165.53,3133.61,3141.27,5654.294368
2025-12-04 19:00:00,3141.27,3142.22,3066.73,3119.46,19821.154738
2025-12-04 20:00:00,3119.1,3145.28,3105.92,3141.2,7428.886921
2025-12-04 21:00:00,3141.12,3151.88,3119.07,3123.19,4198.695782
2025-12-04 22:00:00,3123.12,3149.0,3123.01,3143.73,3552.122576
2025-12-04 23:00:00,3143.73,3144.43,3128.8,3133.2,2098.875289
2025-12-05 00:00:00,3133.21,3157.81,3132.78,3146.71,3813.400604
2025-12-05 01:00:00,3146.71,3170.39,3143.53,3163.11,4052.065248
2025-12-05 02:00:00,3163.12,3188.83,3156.22,3182.91,5378.927754
2025-12-05 03:00:00,3182.92,3192.98,3165.67,3171.08,3544.846909
2025-12-05 04:00:00,3171.08,3181.91,3151.63,3167.99,5498.714911
2025-12-05 05:00:00,3167.99,3173.46,3152.0,3155.8,2764.135826
2025-12-05 06:00:00,3155.8,3176.0,3155.8,3168.94,3314.500173
2025-12-05 07:00:00,3168.94,3182.1,3166.47,3173.71,6549.349826
2025-12-05 08:00:00,3173.72,3173.72,3143.26,3155.0,4729.219545
2025-12-05 09:00:00,3155.25,3155.31,3108.0,3122.08,11473.11992
2025-12-05 10:00:00,3121.79,3148.34,3120.65,3134.61,7640.118511
2025-12-05 11:00:00,3134.81,3143.7,3110.0,3131.55,6372.040375
2025-12-05 12:00:00,3131.56,3135.29,3118.03,3127.68,4071.830192
2025-12-05 13:00:00,3127.69,3137.48,3087.26,3099.48,9233.737304
2025-12-05 14:00:00,3099.48,3116.0,3082.66,3103.94,7960.223266
2025-12-05 15:00:00,3103.59,3158.02,3094.7,3106.41,18107.113618
2025-12-05 16:00:00,3106.41,3108.49,3000.0,3033.02,28683.812828
2025-12-05 17:00:00,3033.03,3039.98,3006.82,3033.46,7573.50272
2025-12-05 18:00:00,3033.46,3063.25,3004.1,3007.4,8075.037723
2025-12-05 19:00:00,3007.17,3047.56,2982.62,3038.29,9687.440593
2025-12-05 20:00:00,3038.59,3049.17,3015.09,3022.42,4667.018886
2025-12-05 21:00:00,3022.62,3036.99,3014.52,3019.99,3214.846053
2025-12-05 22:00:00,3020.0,3032.58,3009.99,3027.0,2427.092916
2025-12-05 23:00:00,3027.01,3027.68,3006.57,3021.67,2833.416045
2025-12-06 00:00:00,3021.84,3028.86,3012.0,3026.01,1705.91612
2025-12-06 01:00:00,3026.01,3033.78,3019.42,3026.86,1549.262361
2025-12-06 02:00:00,3026.87,3030.37,3018.71,3029.06,1301.352154
2025-12-06 03:00:00,3029.18,3048.11,3027.18,3039.98,5488.506127
2025-12-06 04:00:00,3039.99,3042.61,3030.04,3036.66,1785.912682
2025-12-06 05:00:00,3036.65,3040.58,3032.12,3037.31,1569.829584
2025-12-06 06:00:00,3037.31,3041.65,3033.46,3039.51,1403.875099
2025-12-06 07:00:00,3039.68,3041.38,3024.06,3026.73,4810.862558
2025-12-06 08:00:00,3026.72,3035.99,3013.33,3014.34,2826.079533
2025-12-06 09:00:00,3014.35,3033.25,3013.54,3029.99,2249.088364
2025-12-06 10:00:00,3029.99,3038.2,3025.5,3031.01,728.740403
2025-12-06 11:00:00,3031.01,3041.87,3028.48,3038.62,1255.881609
2025-12-06 12:00:00,3038.61,3040.76,3029.21,3031.56,1048.695627
2025-12-06 13:00:00,3031.57,3042.36,3029.52,3036.01,1150.910108
2025-12-06 14:00:00,3036.01,3069.13,3034.3,3055.23,7068.15436
2025-12-06 15:00:00,3055.02,3055.83,3026.1,3041.72,4134.934864
2025-12-06 16:00:00,3041.72,3066.65,3040.65,3052.45,2161.207017
2025-12-06 17:00:00,3052.45,3059.94,3046.34,3055.5,1244.874128
2025-12-06 18:00:00,3055.83,3056.27,3037.18,3042.05,1223.526675
2025-12-06 19:00:00,3042.01,3047.87,3025.2,3030.62,2461.184005
2025-12-06 20:00:00,3030.61,3041.42,3030.08,3040.14,862.396105
2025-12-06 21:00:00,3040.14,3044.76,3036.41,3042.89,1177.520641
2025-12-06 22:00:00,3042.89,3054.91,3036.85,3042.17,3767.244161
2025-12-06 23:00:00,3042.18,3043.52,3026.59,3038.09,4482.796521
2025-12-07 00:00:00,3038.09,3049.07,3032.25,3044.9,1918.646682
2025-12-07 01:00:00,3044.9,3052.35,3041.51,3043.0,2926.635621
2025-12-07 02:00:00,3043.01,3057.65,3042.35,3053.9,924.743057
2025-12-07 03:00:00,3053.89,3057.0,3049.6,3054.01,972.702852
2025-12-07 04:00:00,3054.02,3058.11,3043.4,3046.39,1057.691794
2025-12-07 05:00:00,3046.4,3049.6,3044.0,3044.67,939.993614
2025-12-07 06:00:00,3044.82,3049.0,3043.78,3048.11,820.1699
2025-12-07 07:00:00,3048.12,3050.91,3031.26,3037.56,2574.885652
2025-12-07 08:00:00,3037.56,3043.24,3028.0,3034.63,3385.010529
2025-12-07 09:00:00,3034.63,3039.46,3024.52,3030.39,1818.106766
2025-12-07 10:00:00,3030.39,3044.34,3029.74,3038.2,1603.292869
2025-12-07 11:00:00,3038.21,3041.99,3035.32,3035.89,922.842569
2025-12-07 12:00:00,3035.99,3051.0,3034.66,3048.92,1364.464931
2025-12-07 13:00:00,3048.93,3053.41,3026.85,3031.79,3607.394199
2025-12-07 14:00:00,3031.98,3035.38,2908.0,2942.75,36702.762232
2025-12-07 15:00:00,2942.75,3038.85,2940.21,3026.96,25309.695549
2025-12-07 16:00:00,3026.62,3040.4,2999.48,3040.05,8995.737658
2025-12-07 17:00:00,3040.07,3134.89,3025.0,3113.05,20248.222527
2025-12-07 18:00:00,3112.9,3150.0,3112.7,3128.98,6982.912088
2025-12-07 19:00:00,3128.99,3143.03,3121.16,3137.8,3048.131318
2025-12-07 20:00:00,3138.07,3147.14,3132.0,3141.09,1655.117721
2025-12-07 21:00:00,3141.08,3141.09,3069.42,3085.17,7392.470744
2025-12-07 22:00:00,3085.46,3086.56,3013.14,3033.21,12115.146278
2025-12-07 23:00:00,3033.36,3064.94,3025.56,3060.01,5267.536863
2025-12-08 00:00:00,3060.01,3076.97,3040.98,3063.21,3914.261641
2025-12-08 01:00:00,3063.22,3134.59,3062.75,3098.22,11587.15757
2025-12-08 02:00:00,3098.45,3115.41,3092.02,3109.41,4173.982094
2025-12-08 03:00:00,3109.79,3120.44,3101.5,3110.73,4394.668022
2025-12-08 04:00:00,3110.72,3138.0,3108.13,3128.88,5067.032407
2025-12-08 05:00:00,3128.89,3140.9,3120.28,3130.37,4692.788712
2025-12-08 06:00:00,3130.37,3140.56,3122.28,3130.56,4703.132208
2025-12-08 07:00:00,3130.57,3137.89,3122.9,3133.86,4603.70769
2025-12-08 08:00:00,3133.86,3146.66,3125.01,3143.78,3332.714758
2025-12-08 09:00:00,3143.78,3180.0,3140.97,3158.91,8882.886196
2025-12-08 10:00:00,3158.91,3164.97,3153.16,3160.45,2619.072914
2025-12-08 11:00:00,3160.45,3164.0,3135.31,3142.03,5298.307265
2025-12-08 12:00:00,3142.04,3143.42,3122.58,3131.56,4999.799266
2025-12-08 13:00:00,3131.55,3161.82,3129.37,3145.93,6170.217107
2025-12-08 14:00:00,3145.93,3179.06,3125.58,3128.57,12963.207477
2025-12-08 15:00:00,3128.57,3139.39,3088.63,3101.61,17547.778304
2025-12-08 16:00:00,3101.56,3133.19,3092.8,3107.99,8460.887368
2025-12-08 17:00:00,3107.99,3129.21,3098.24,3120.87,5965.90753
2025-12-08 18:00:00,3120.87,3133.2,3075.25,3092.43,7007.089306
2025-12-08 19:00:00,3092.52,3128.29,3090.47,3118.73,2785.061852
2025-12-08 20:00:00,3118.8,3145.6,3118.74,3136.31,3577.021429
2025-12-08 21:00:00,3136.31,3153.44,3126.8,3146.72,3329.564252
2025-12-08 22:00:00,3146.73,3147.67,3120.51,3129.64,2731.591757
2025-12-08 23:00:00,3129.83,3136.89,3112.88,3124.4,2806.046893
2025-12-09 00:00:00,3124.58,3143.54,3114.38,3119.76,3627.665501
2025-12-09 01:00:00,3119.58,3124.34,3098.66,3106.79,5603.779897
2025-12-09 02:00:00,3106.79,3115.8,3097.82,3098.52,3991.226609
2025-12-09 03:00:00,3098.53,3129.19,3090.67,3129.19,7029.169869
2025-12-09 04:00:00,3129.2,3131.07,3104.0,3107.33,3817.760661
2025-12-09 05:00:00,3107.32,3118.52,3096.0,3108.19,3609.187596
2025-12-09 06:00:00,3108.2,3115.87,3095.83,3113.13,3057.934823
2025-12-09 07:00:00,3113.15,3127.28,3110.06,3123.32,3540.837076
2025-12-09 08:00:00,3123.33,3130.16,3115.38,3120.79,2429.714174
2025-12-09 09:00:00,3120.79,3123.0,3104.24,3105.88,2619.97705
2025-12-09 10:00:00,3106.13,3114.37,3092.69,3108.03,3257.391828
2025-12-09 11:00:00,3108.03,3120.99,3100.69,3118.59,3023.483318
2025-12-09 12:00:00,3118.6,3141.39,3115.0,3137.6,4987.547509
2025-12-09 13:00:00,3137.6,3140.54,3109.66,3117.73,4683.628071
2025-12-09 14:00:00,3117.73,3128.91,3098.93,3117.81,6001.308186
2025-12-09 15:00:00,3117.66,3257.14,3115.81,3245.96,32740.86745
2025-12-09 16:00:00,3245.7,3378.17,3245.68,3365.83,41221.267021
2025-12-09 17:00:00,3366.16,3398.66,3356.69,3374.99,17608.662477
2025-12-09 18:00:00,3375.0,3388.0,3361.0,3376.0,7205.24291
2025-12-09 19:00:00,3376.0,3378.0,3345.06,3357.84,8667.157765
2025-12-09 20:00:00,3357.98,3361.11,3305.16,3327.59,9667.316643
2025-12-09 21:00:00,3327.68,3335.18,3285.04,3301.97,8347.866454
2025-12-09 22:00:00,3302.14,3345.28,3297.76,3328.62,7210.144244
2025-12-09 23:00:00,3328.62,3336.05,3317.14,3318.3,3334.425982
2025-12-10 00:00:00,3318.0,3327.99,3305.58,3306.02,3929.784009
2025-12-10 01:00:00,3306.01,3315.26,3288.3,3302.9,4615.072848
2025-12-10 02:00:00,3302.96,3313.16,3292.15,3310.83,4657.717022
2025-12-10 03:00:00,3310.98,3316.36,3305.26,3309.22,2205.135117
2025-12-10 04:00:00,3309.47,3327.0,3306.66,3322.52,3195.459824
2025-12-10 05:00:00,3322.53,3334.39,3315.01,3322.61,3152.355007
2025-12-10 06:00:00,3322.76,3328.42,3315.27,3325.58,1767.568206
2025-12-10 07:00:00,3325.57,3327.26,3310.97,3326.84,4933.65576
2025-12-10 08:00:00,3326.85,3333.99,3322.4,3322.41,3506.756767
2025-12-10 09:00:00,3322.41,3348.89,3315.12,3347.87,4586.690827
2025-12-10 10:00:00,3347.87,3376.08,3310.53,3312.28,12308.84506
2025-12-10 11:00:00,3312.28,3320.4,3297.26,3318.47,4799.740417
2025-12-10 12:00:00,3318.52,3327.26,3309.26,3324.43,3456.995445
2025-12-10 13:00:00,3324.43,3339.8,3319.63,3335.01,4357.694128
2025-12-10 14:00:00,3335.0,3339.45,3303.06,3319.78,9269.773608
2025-12-10 15:00:00,3319.65,3338.2,3307.15,3328.52,7818.33949
2025-12-10 16:00:00,3328.41,3370.0,3321.12,3351.54,9639.664351
2025-12-10 17:00:00,3351.33,3386.96,3346.67,3370.55,7272.359507
2025-12-10 18:00:00,3370.55,3430.0,3358.0,3381.51,16629.520872
2025-12-10 19:00:00,3381.72,3435.27,3345.01,3390.41,36522.365858
2025-12-10 20:00:00,3390.41,3448.0,3346.01,3355.17,20409.480316
2025-12-10 21:00:00,3355.4,3369.05,3329.13,3339.44,9269.996815
2025-12-10 22:00:00,3339.44,3355.4,3318.4,3346.4,5685.237798
2025-12-10 23:00:00,3346.49,3352.64,3320.0,3323.97,4129.511658
2025-12-11 00:00:00,3323.98,3327.41,3258.19,3279.67,12784.569456
2025-12-11 01:00:00,3279.67,3280.0,3243.6,3254.87,10153.386647
2025-12-11 02:00:00,3254.86,3256.15,3206.85,3211.28,13412.741611
2025-12-11 03:00:00,3211.28,3211.28,3167.37,3191.71,14353.409303
2025-12-11 04:00:00,3191.44,3216.22,3180.04,3214.95,11556.053745
2025-12-11 05:00:00,3214.94,3215.77,3193.83,3214.7,5207.544759
2025-12-11 06:00:00,3214.7,3214.71,3194.47,3203.01,4363.758138
2025-12-11 07:00:00,3203.01,3206.87,3196.16,3201.5,7167.730246
2025-12-11 08:00:00,3201.51,3211.58,3178.62,3197.23,10669.23396
2025-12-11 09:00:00,3197.22,3213.19,3193.51,3199.03,5516.255971
2025-12-11 10:00:00,3199.02,3203.0,3188.52,3196.32,4654.212212
2025-12-11 11:00:00,3196.32,3202.4,3193.02,3193.03,1630.887338
2025-12-11 12:00:00,3193.03,3207.88,3187.27,3199.12,2998.327028
2025-12-11 13:00:00,3199.12,3204.0,3188.61,3191.95,2321.752762
2025-12-11 14:00:00,3192.0,3196.24,3145.01,3159.94,18031.658856
2025-12-11 15:00:00,3159.92,3209.99,3155.2,3179.11,11264.56469
2025-12-11 16:00:00,3179.25,3197.54,3155.42,3175.16,9346.001888
2025-12-11 17:00:00,3175.37,3204.43,3168.2,3181.77,4280.721114
2025-12-11 18:00:00,3181.42,3234.0,3179.85,3203.56,11494.834105
2025-12-11 19:00:00,3203.56,3229.0,3190.0,3194.42,8686.112968
2025-12-11 20:00:00,3194.28,3227.11,3192.71,3221.76,8720.453616
2025-12-11 21:00:00,3222.0,3273.33,3215.18,3249.42,18559.278601
2025-12-11 22:00:00,3249.41,3265.79,3229.72,3238.47,5287.180263
2025-12-11 23:00:00,3238.41,3245.52,3223.43,3237.44,4284.083485
2025-12-12 00:00:00,3237.45,3247.0,3185.0,3189.19,6107.319182
2025-12-12 01:00:00,3189.6,3246.5,3189.6,3234.61,5945.011026
2025-12-12 02:00:00,3234.61,3265.66,3227.45,3258.7,4699.711519
2025-12-12 03:00:00,3258.7,3264.34,3238.46,3245.77,3301.552576
2025-12-12 04:00:00,3245.5,3251.75,3240.3,3247.83,2152.410441
2025-12-12 05:00:00,3247.84,3252.0,3232.65,3247.81,2400.60476
2025-12-12 06:00:00,3247.81,3265.0,3245.9,3254.29,4250.139039
2025-12-12 07:00:00,3254.3,3258.12,3242.8,3246.39,4301.299314
2025-12-12 08:00:00,3246.4,3251.32,3234.22,3245.0,3583.073944
2025-12-12 09:00:00,3244.92,3255.3,3233.33,3251.6,3380.788087
2025-12-12 10:00:00,3251.6,3255.99,3240.55,3244.35,3508.108532
2025-12-12 11:00:00,3244.35,3246.2,3227.11,3242.85,2786.407518
2025-12-12 12:00:00,3242.85,3249.77,3234.0,3247.8,2671.352383
2025-12-12 13:00:00,3247.81,3251.49,3238.45,3242.7,2055.254485
2025-12-12 14:00:00,3242.7,3248.17,3216.21,3231.61,5907.177611
2025-12-12 15:00:00,3231.6,3232.05,3057.23,3071.22,51281.042882
2025-12-12 16:00:00,3071.24,3088.87,3037.58,3069.65,28489.378986
2025-12-12 17:00:00,3069.58,3099.84,3061.96,3066.5,14886.125015
2025-12-12 18:00:00,3066.51,3097.67,3064.7,3079.72,7398.484675
2025-12-12 19:00:00,3079.72,3081.95,3063.11,3073.4,5131.130416
2025-12-12 20:00:00,3073.41,3086.14,3067.16,3081.6,5953.330389
2025-12-12 21:00:00,3081.61,3090.25,3076.02,3081.08,3879.068418
2025-12-12 22:00:00,3080.97,3094.0,3080.13,3093.1,2022.173171
2025-12-12 23:00:00,3093.09,3096.0,3082.71,3084.59,3166.13961
2025-12-13 00:00:00,3084.59,3095.0,3082.1,3086.3,2038.796718
2025-12-13 01:00:00,3086.3,3090.55,3078.19,3084.39,1648.500658
2025-12-13 02:00:00,3084.4,3089.34,3082.09,3084.95,2729.772252
2025-12-13 03:00:00,3084.96,3095.0,3084.01,3090.1,2323.145684
2025-12-13 04:00:00,3090.09,3092.51,3086.4,3089.93,1044.49908
2025-12-13 05:00:00,3089.92,3092.0,3084.51,3089.38,4107.990438
2025-12-13 06:00:00,3089.38,3095.82,3084.6,3093.95,3144.895063
2025-12-13 07:00:00,3093.96,3095.51,3090.0,3094.9,6873.417927
2025-12-13 08:00:00,3094.9,3132.77,3092.61,3116.27,6841.051163
2025-12-13 09:00:00,3116.27,3122.97,3112.51,3118.19,2768.335532
2025-12-13 10:00:00,3118.2,3135.36,3117.77,3127.59,2119.090936
2025-12-13 11:00:00,3127.59,3128.79,3115.02,3119.23,2730.062838
2025-12-13 12:00:00,3119.24,3127.47,3109.67,3114.76,2943.240392
2025-12-13 13:00:00,3114.86,3119.28,3095.0,3109.65,3089.397089
2025-12-13 14:00:00,3109.66,3116.01,3096.25,3110.55,4046.547715
2025-12-13 15:00:00,3110.56,3124.0,3104.72,3109.73,2650.446966
2025-12-13 16:00:00,3109.73,3116.64,3100.8,3105.49,2566.923951
2025-12-13 17:00:00,3105.49,3105.6,3096.1,3101.0,3192.334614
2025-12-13 18:00:00,3101.01,3110.7,3099.03,3101.73,3244.357354
2025-12-13 19:00:00,3101.73,3111.27,3100.51,3108.55,1239.778788
2025-12-13 20:00:00,3108.56,3109.9,3102.4,3104.17,613.711191
2025-12-13 21:00:00,3104.18,3114.69,3078.31,3111.61,3338.710974
2025-12-13 22:00:00,3111.62,3119.69,3102.23,3114.5,1567.153441
2025-12-13 23:00:00,3114.51,3117.99,3109.66,3114.27,1306.54285
2025-12-14 00:00:00,3114.27,3122.67,3103.65,3119.31,2373.39154
2025-12-14 01:00:00,3119.31,3129.51,3115.06,3119.95,1589.494312
2025-12-14 02:00:00,3119.96,3125.68,3116.06,3122.75,1141.314264
2025-12-14 03:00:00,3122.76,3125.99,3117.25,3118.77,893.475665
2025-12-14 04:00:00,3118.84,3122.38,3106.33,3111.25,1599.610299
2025-12-14 05:00:00,3111.26,3115.12,3104.22,3111.72,2323.063456
2025-12-14 06:00:00,3111.74,3115.27,3105.65,3110.82,545.067893
2025-12-14 07:00:00,3110.83,3117.8,3109.0,3115.36,1380.903899
2025-12-14 08:00:00,3115.36,3119.7,3109.23,3110.74,1258.230905
2025-12-14 09:00:00,3110.74,3113.6,3107.36,3109.2,1694.557965
2025-12-14 10:00:00,3109.21,3112.99,3093.35,3107.44,2962.317083
2025-12-14 11:00:00,3107.44,3109.79,3050.0,3084.85,10912.505028
2025-12-14 12:00:00,3084.85,3108.0,3070.47,3098.6,5195.124515
2025-12-14 13:00:00,3098.16,3102.96,3077.41,3101.33,5309.020199
2025-12-14 14:00:00,3101.34,3107.69,3074.0,3085.51,6673.225812
2025-12-14 15:00:00,3085.52,3087.8,3070.01,3084.56,3457.337075
2025-12-14 16:00:00,3084.59,3108.0,3078.0,3097.82,4390.314769
2025-12-14 17:00:00,3097.72,3103.68,3074.02,3084.84,3018.757263
2025-12-14 18:00:00,3084.75,3104.32,3080.61,3101.58,5350.11811
2025-12-14 19:00:00,3101.58,3101.6,3086.01,3093.18,3444.86506
2025-12-14 20:00:00,3093.17,3097.0,3064.0,3082.49,8495.673463
2025-12-14 21:00:00,3082.49,3091.28,3077.04,3081.75,1930.361475
2025-12-14 22:00:00,3081.75,3089.4,3054.26,3074.24,4384.045762
2025-12-14 23:00:00,3074.24,3090.95,3025.0,3063.26,13542.257696
2025-12-15 00:00:00,3063.25,3084.8,3056.78,3074.74,9087.246825
2025-12-15 01:00:00,3074.74,3121.0,3066.67,3108.42,11719.157035
2025-12-15 02:00:00,3108.48,3150.98,3107.07,3120.0,11204.296634
2025-12-15 03:00:00,3119.99,3125.99,3107.36,3108.48,4696.95305
2025-12-15 04:00:00,3108.56,3127.19,3104.38,3124.08,2842.071613
2025-12-15 05:00:00,3124.09,3125.0,3115.01,3120.49,3082.855705
2025-12-15 06:00:00,3120.49,3145.06,3115.46,3137.33,3569.638514
2025-12-15 07:00:00,3137.34,3142.12,3123.0,3128.72,3880.381892
2025-12-15 08:00:00,3128.71,3144.62,3125.05,3140.09,2450.27923
2025-12-15 09:00:00,3140.1,3161.0,3139.1,3153.5,4941.639822
2025-12-15 10:00:00,3153.5,3177.78,3151.01,3159.59,6267.979193
2025-12-15 11:00:00,3159.6,3162.74,3145.65,3157.0,2242.19931
2025-12-15 12:00:00,3156.99,3159.79,3148.11,3156.0,3101.66717
2025-12-15 13:00:00,3156.0,3156.76,3127.0,3132.23,5891.032967
2025-12-15 14:00:00,3132.24,3147.0,3032.75,3049.01,20770.930969
2025-12-15 15:00:00,3049.0,3061.55,2986.4,3011.11,37737.139493
2025-12-15 16:00:00,3011.36,3017.85,2966.56,2988.85,12329.912913
2025-12-15 17:00:00,2988.85,2993.67,2932.91,2937.56,14793.147957
2025-12-15 18:00:00,2937.19,2943.59,2895.0,2938.12,18797.31452
2025-12-15 19:00:00,2938.11,2964.8,2928.23,2940.71,8036.141305
2025-12-15 20:00:00,2940.71,2947.11,2917.17,2929.17,8185.021743
2025-12-15 21:00:00,2929.12,2949.47,2919.43,2946.7,5395.472224
2025-12-15 22:00:00,2946.6,2953.07,2936.21,2952.4,5534.57084
2025-12-15 23:00:00,2952.2,2970.0,2950.0,2965.15,8310.161105
2025-12-16 00:00:00,2965.14,2978.97,2940.53,2942.59,11139.974919
2025-12-16 01:00:00,2942.6,2962.29,2935.58,2947.3,9042.705991
2025-12-16 02:00:00,2947.35,2966.84,2939.3,2946.01,7104.222516
2025-12-16 03:00:00,2946.01,2951.1,2923.08,2937.35,9783.670554
2025-12-16 04:00:00,2937.35,2940.3,2878.18,2918.44,16773.768951
2025-12-16 05:00:00,2918.45,2928.67,2912.69,2923.23,8165.286987
2025-12-16 06:00:00,2923.24,2952.36,2922.9,2945.96,8427.43331
2025-12-16 07:00:00,2945.96,2949.34,2918.77,2924.4,12065.497157
2025-12-16 08:00:00,2924.4,2940.65,2920.55,2931.55,6894.213128
2025-12-16 09:00:00,2931.55,2936.58,2923.53,2927.21,5382.423473
2025-12-16 10:00:00,2927.21,2964.39,2921.51,2948.01,6803.731992
2025-12-16 11:00:00,2948.2,2962.93,2938.41,2957.89,4866.21601
2025-12-16 12:00:00,2957.93,2964.25,2947.47,2952.05,4076.029072
2025-12-16 13:00:00,2952.05,2983.11,2909.17,2909.76,19134.443293
2025-12-16 14:00:00,2910.62,2960.78,2886.52,2941.38,18774.690219
2025-12-16 15:00:00,2941.74,2975.73,2914.02,2963.24,14046.60326
2025-12-16 16:00:00,2963.33,2964.4,2924.86,2938.68,10158.77361
2025-12-16 17:00:00,2938.68,2954.9,2917.17,2919.81,6364.950026
2025-12-16 18:00:00,2919.47,2967.97,2912.21,2952.21,6641.512136
2025-12-16 19:00:00,2952.18,2958.08,2920.84,2945.6,5360.932335
2025-12-16 20:00:00,2945.6,2963.74,2943.17,2947.3,3469.040258
2025-12-16 21:00:00,2947.3,2958.0,2938.13,2950.9,1868.431533
2025-12-16 22:00:00,2950.91,2960.99,2944.31,2954.25,1372.964712
2025-12-16 23:00:00,2954.25,2966.14,2948.06,2962.5,2647.153277
2025-12-17 00:00:00,2962.5,2962.51,2944.39,2949.65,2660.299717
2025-12-17 01:00:00,2949.66,2974.21,2948.64,2953.96,3039.399758
2025-12-17 02:00:00,2953.96,2964.67,2938.46,2959.43,2082.084354
2025-12-17 03:00:00,2959.44,2962.0,2943.01,2947.69,1878.687173
2025-12-17 04:00:00,2947.7,2951.5,2927.07,2932.3,3285.209493
2025-12-17 05:00:00,2932.29,2937.89,2914.02,2930.64,8875.086822
2025-12-17 06:00:00,2930.63,2944.5,2930.34,2936.59,3405.029641
2025-12-17 07:00:00,2936.59,2954.44,2932.11,2947.9,5559.568389
2025-12-17 08:00:00,2947.91,2947.91,2922.89,2925.8,3595.080996
2025-12-17 09:00:00,2925.82,2933.43,2918.65,2923.51,3833.406882
2025-12-17 10:00:00,2923.41,2928.45,2908.4,2920.56,3917.417642
2025-12-17 11:00:00,2920.55,2934.51,2917.82,2928.99,2436.822368
2025-12-17 12:00:00,2929.0,2936.0,2919.92,2925.72,4354.461201
2025-12-17 13:00:00,2925.73,2954.54,2918.68,2944.83,6348.281092
2025-12-17 14:00:00,2944.83,2996.57,2886.67,2995.66,26020.363295
2025-12-17 15:00:00,2995.66,3031.03,2894.63,2904.87,44587.20008
2025-12-17 16:00:00,2904.53,2926.15,2831.99,2864.27,29629.97215
2025-12-17 17:00:00,2864.26,2878.59,2842.18,2848.02,10165.728921
2025-12-17 18:00:00,2848.05,2862.58,2806.33,2814.0,18330.997291
2025-12-17 19:00:00,2814.0,2821.75,2790.64,2820.73,20797.637543
2025-12-17 20:00:00,2820.73,2834.7,2806.0,2823.12,15925.058176
2025-12-17 21:00:00,2823.31,2831.54,2812.01,2820.28,7757.513383
2025-12-17 22:00:00,2820.29,2838.17,2814.0,2835.53,5046.196117
2025-12-17 23:00:00,2835.49,2836.63,2818.51,2834.19,4091.753889
2025-12-18 00:00:00,2834.19,2838.87,2826.53,2836.67,3298.930962
2025-12-18 01:00:00,2836.66,2836.89,2822.0,2828.0,3550.24096
2025-12-18 02:00:00,2828.01,2848.38,2822.63,2837.7,3922.168869
2025-12-18 03:00:00,2837.7,2838.67,2822.33,2832.41,3147.885175
2025-12-18 04:00:00,2832.41,2842.12,2832.15,2838.64,2527.172509
2025-12-18 05:00:00,2838.64,2838.65,2823.3,2825.99,7432.448014
2025-12-18 06:00:00,2826.0,2833.66,2824.01,2831.7,2642.214224
2025-12-18 07:00:00,2831.71,2839.92,2829.01,2836.6,3750.746116
2025-12-18 08:00:00,2836.8,2852.73,2832.05,2842.04,7066.86272
2025-12-18 09:00:00,2842.04,2857.91,2835.16,2853.11,5292.568913
2025-12-18 10:00:00,2853.1,2864.76,2850.11,2859.59,2392.228882
2025-12-18 11:00:00,2859.59,2859.85,2850.15,2858.76,2319.758842
2025-12-18 12:00:00,2858.9,2874.99,2854.45,2871.4,3490.04936
2025-12-18 13:00:00,2871.41,2979.74,2871.01,2964.04,34067.281469
2025-12-18 14:00:00,2964.05,2992.0,2923.62,2950.44,26536.607925
2025-12-18 15:00:00,2950.7,2997.65,2933.12,2965.37,16852.216267
2025-12-18 16:00:00,2965.36,2967.9,2929.21,2944.01,9874.719191
2025-12-18 17:00:00,2944.02,2944.9,2797.0,2845.87,42681.062205
2025-12-18 18:00:00,2845.86,2867.9,2818.91,2827.75,10963.790302
2025-12-18 19:00:00,2827.75,2833.42,2775.01,2782.2,15648.252673
2025-12-18 20:00:00,2782.15,2814.27,2780.02,2781.26,8937.3184
2025-12-18 21:00:00,2781.26,2831.9,2780.88,2829.94,10687.524454
2025-12-18 22:00:00,2830.0,2838.15,2816.37,2829.64,4812.45503
2025-12-18 23:00:00,2829.41,2834.13,2823.66,2828.45,3241.279783
2025-12-19 00:00:00,2828.46,2841.17,2814.6,2831.33,5730.830812
2025-12-19 01:00:00,2830.81,2833.6,2808.79,2821.1,4316.567578
2025-12-19 02:00:00,2821.05,2840.89,2812.53,2835.95,7435.491222
2025-12-19 03:00:00,2835.95,2936.42,2835.0,2908.82,31512.215275
2025-12-19 04:00:00,2909.0,2933.74,2907.01,2921.29,10357.274997
2025-12-19 05:00:00,2921.3,2928.97,2909.1,2922.93,6443.158013
2025-12-19 06:00:00,2922.58,2949.87,2915.74,2947.64,6015.601093
2025-12-19 07:00:00,2947.64,2984.6,2945.92,2951.69,22504.62921
2025-12-19 08:00:00,2951.69,2964.39,2938.01,2951.04,7076.191425
2025-12-19 09:00:00,2951.0,2960.44,2946.2,2954.93,3904.194725
2025-12-19 10:00:00,2954.93,2964.72,2948.76,2954.4,4119.813247
2025-12-19 11:00:00,2954.4,2971.0,2950.28,2965.01,4290.261332
2025-12-19 12:00:00,2965.04,2968.07,2946.22,2956.24,5619.105992
2025-12-19 13:00:00,2956.24,2967.99,2953.77,2961.47,3601.40146
2025-12-19 14:00:00,2961.49,2994.4,2942.86,2976.78,18619.585503
2025-12-19 15:00:00,2976.77,3018.79,2954.46,2964.55,24367.389712
2025-12-19 16:00:00,2964.72,3007.76,2960.28,2967.12,11547.136995
2025-12-19 17:00:00,2967.12,2993.6,2935.3,2939.83,13309.540144
2025-12-19 18:00:00,2939.82,2978.52,2937.6,2966.55,7826.811665
2025-12-19 19:00:00,2966.56,2996.93,2966.56,2985.43,5100.203834
2025-12-19 20:00:00,2985.29,3003.24,2976.91,2995.49,4486.926701
2025-12-19 21:00:00,2995.49,2995.7,2974.91,2977.95,1568.33721
2025-12-19 22:00:00,2977.86,2993.0,2977.43,2988.4,1540.604054
2025-12-19 23:00:00,2987.94,2988.75,2978.11,2979.85,1599.416398
2025-12-20 00:00:00,2979.85,2980.98,2971.01,2974.66,2519.534128
2025-12-20 01:00:00,2974.66,2983.09,2973.45,2976.89,1134.659946
2025-12-20 02:00:00,2976.9,2990.38,2974.45,2983.38,7265.003762
2025-12-20 03:00:00,2983.39,2994.4,2982.76,2989.75,1735.72178
2025-12-20 04:00:00,2989.75,2991.34,2976.0,2984.56,3709.006244
2025-12-20 05:00:00,2984.57,2990.0,2980.65,2981.17,1724.530906
2025-12-20 06:00:00,2981.17,2985.58,2980.01,2980.89,915.754892
2025-12-20 07:00:00,2980.9,2984.79,2975.2,2981.55,3395.704519
2025-12-20 08:00:00,2981.56,2990.0,2981.56,2983.16,1944.34887
2025-12-20 09:00:00,2983.15,2987.0,2982.35,2983.44,1167.353211
2025-12-20 10:00:00,2983.45,2983.46,2975.21,2979.3,1438.136794
2025-12-20 11:00:00,2979.31,2990.16,2976.51,2987.42,2467.48142
2025-12-20 12:00:00,2987.42,2993.74,2986.53,2989.24,1514.991568
2025-12-20 13:00:00,2989.25,2991.98,2967.2,2980.19,6932.218396
2025-12-20 14:00:00,2980.2,2981.0,2969.5,2980.14,1443.615184
2025-12-20 15:00:00,2980.15,2980.35,2968.34,2977.22,1852.967815
2025-12-20 16:00:00,2977.23,2979.9,2973.21,2978.86,896.646156
2025-12-20 17:00:00,2978.86,2981.49,2974.49,2978.04,762.687036
2025-12-20 18:00:00,2978.05,2980.73,2974.8,2978.25,853.7885
2025-12-20 19:00:00,2978.25,2981.26,2974.76,2978.25,488.385386
2025-12-20 20:00:00,2978.26,2985.84,2977.6,2984.67,961.285618
2025-12-20 21:00:00,2984.67,2986.12,2979.0,2979.1,721.360167
2025-12-20 22:00:00,2979.09,2980.8,2974.71,2977.6,1117.5814
2025-12-20 23:00:00,2977.6,2979.47,2973.01,2978.1,2780.721489
2025-12-21 00:00:00,2978.15,2983.29,2976.31,2980.26,2053.041836
2025-12-21 01:00:00,2980.22,2980.22,2962.65,2968.09,2855.776887
2025-12-21 02:00:00,2968.1,2975.49,2961.69,2966.14,3110.396903
2025-12-21 03:00:00,2966.15,2976.32,2965.47,2973.1,2596.983818
2025-12-21 04:00:00,2973.09,2978.94,2972.05,2975.32,741.362024
2025-12-21 05:00:00,2975.32,2978.96,2973.31,2973.71,665.98745
2025-12-21 06:00:00,2973.72,2978.19,2973.2,2976.39,459.765801
2025-12-21 07:00:00,2976.4,2982.75,2975.65,2981.49,804.388093
2025-12-21 08:00:00,2981.49,2999.62,2977.7,2992.32,3189.33688
2025-12-21 09:00:00,2992.13,3013.7,2984.96,3003.54,5925.804956
2025-12-21 10:00:00,3003.54,3008.65,2992.77,2996.79,3668.228287
2025-12-21 11:00:00,2996.8,3001.39,2993.06,2996.7,1628.073342
2025-12-21 12:00:00,2996.69,3005.72,2982.77,2990.4,2499.451009
2025-12-21 13:00:00,2990.4,2992.4,2944.03,2950.41,14298.250717
2025-12-21 14:00:00,2950.36,2977.6,2947.0,2971.04,7326.230204
2025-12-21 15:00:00,2971.05,2980.23,2962.5,2974.66,3880.00112
2025-12-21 16:00:00,2974.67,2987.69,2969.15,2986.13,4814.462204
2025-12-21 17:00:00,2986.13,2988.67,2977.2,2983.9,2400.579746
2025-12-21 18:00:00,2983.9,2988.54,2967.59,2988.54,2317.494609
2025-12-21 19:00:00,2988.56,2997.98,2978.66,2991.39,3482.323353
2025-12-21 20:00:00,2991.39,2994.39,2985.33,2987.11,1417.582121
2025-12-21 21:00:00,2987.11,2991.0,2971.04,2973.9,1011.011287
2025-12-21 22:00:00,2973.91,2996.59,2971.75,2996.59,1751.073071
2025-12-21 23:00:00,2996.59,3012.5,2992.41,3002.07,4965.820818
2025-12-22 00:00:00,3002.07,3061.21,3002.07,3022.69,15952.279136
2025-12-22 01:00:00,3022.65,3047.84,3018.2,3018.7,5582.171826
2025-12-22 02:00:00,3018.9,3019.95,2973.06,3010.2,9949.21315
2025-12-22 03:00:00,3010.2,3032.82,3002.03,3021.69,3386.281349
2025-12-22 04:00:00,3021.82,3042.76,3020.0,3040.36,4094.102571
2025-12-22 05:00:00,3040.3,3041.6,3025.16,3028.4,3629.914502
2025-12-22 06:00:00,3028.29,3033.83,3022.71,3024.73,2159.862142
2025-12-22 07:00:00,3024.64,3035.9,3023.5,3030.2,2557.504982
2025-12-22 08:00:00,3030.2,3056.0,3025.38,3027.9,7402.725573
2025-12-22 09:00:00,3027.9,3042.79,3026.01,3041.54,2991.98571
2025-12-22 10:00:00,3041.55,3045.45,3032.3,3040.82,2635.075171
2025-12-22 11:00:00,3040.82,3058.92,3036.9,3049.15,5254.063923
2025-12-22 12:00:00,3049.15,3077.98,3043.93,3058.67,5580.165265
2025-12-22 13:00:00,3058.67,3064.99,3048.04,3056.75,4697.340411
2025-12-22 14:00:00,3056.95,3074.62,3030.0,3061.75,10223.928597
2025-12-22 15:00:00,3062.04,3072.9,3021.73,3052.49,10111.841068
2025-12-22 16:00:00,3052.81,3059.58,3038.59,3043.4,3354.173323
2025-12-22 17:00:00,3043.35,3044.6,3023.66,3032.89,3171.716308
2025-12-22 18:00:00,3032.88,3040.99,3008.22,3016.0,4763.687122
2025-12-22 19:00:00,3016.0,3016.0,2974.62,2981.01,8007.5379
2025-12-22 20:00:00,2981.01,2986.98,2963.2,2976.31,7535.141073
2025-12-22 21:00:00,2976.42,2998.6,2976.31,2988.83,5376.545436
2025-12-22 22:00:00,2988.83,3015.99,2982.48,3012.59,6637.581925
2025-12-22 23:00:00,3012.39,3013.33,3001.94,3009.98,4567.698947
2025-12-23 00:00:00,3009.97,3036.1,3005.75,3028.39,6115.956771
2025-12-23 01:00:00,3028.4,3033.24,3017.01,3018.76,4496.157315
2025-12-23 02:00:00,3018.71,3025.55,2988.05,2991.1,8302.759767
2025-12-23 03:00:00,2991.25,2998.99,2972.34,2992.05,7084.167125
2025-12-23 04:00:00,2992.01,3000.39,2984.0,2984.38,4461.933293
2025-12-23 05:00:00,2984.39,2986.4,2966.43,2975.75,8743.019025
2025-12-23 06:00:00,2975.75,2978.94,2946.85,2960.41,13906.519539
2025-12-23 07:00:00,2960.41,2970.0,2956.21,2965.26,8185.555692
2025-12-23 08:00:00,2965.25,2973.62,2960.14,2962.35,2925.024613
2025-12-23 09:00:00,2962.35,2966.99,2952.9,2964.11,3413.426094
2025-12-23 10:00:00,2964.11,2972.0,2962.7,2967.35,1811.298452
2025-12-23 11:00:00,2967.35,2975.62,2963.54,2973.61,2407.886609
2025-12-23 12:00:00,2973.65,2974.79,2955.0,2955.51,3222.042491
2025-12-23 13:00:00,2955.51,2963.49,2930.44,2941.91,11866.43221
2025-12-23 14:00:00,2942.03,2953.55,2897.6,2916.95,17562.006256
2025-12-23 15:00:00,2916.91,2933.99,2906.39,2928.45,12097.249471
2025-12-23 16:00:00,2928.46,2965.6,2922.41,2956.76,18017.271813
2025-12-23 17:00:00,2956.75,2966.35,2909.24,2911.14,9051.563592
2025-12-23 18:00:00,2910.9,2952.35,2908.81,2947.29,9462.948297
2025-12-23 19:00:00,2947.3,2954.49,2930.85,2943.56,5859.904405
2025-12-23 20:00:00,2943.94,2988.14,2940.0,2969.35,5704.749182
2025-12-23 21:00:00,2969.58,2976.02,2960.1,2974.32,2456.337945
2025-12-23 22:00:00,2974.32,2980.35,2950.0,2961.09,5198.894506
2025-12-23 23:00:00,2961.1,2973.0,2952.0,2964.57,4668.85538
2025-12-24 00:00:00,2964.9,2974.01,2956.36,2973.03,3342.969049
2025-12-24 01:00:00,2973.34,2978.0,2960.8,2963.78,2033.830429
2025-12-24 02:00:00,2963.79,2965.28,2923.94,2935.54,7546.089194
2025-12-24 03:00:00,2935.55,2948.27,2921.21,2945.86,5641.768674
2025-12-24 04:00:00,2945.87,2959.04,2935.0,2935.74,3428.216132
2025-12-24 05:00:00,2935.75,2941.59,2918.21,2929.33,5524.351052
2025-12-24 06:00:00,2929.33,2939.0,2923.5,2933.67,2243.939806
2025-12-24 07:00:00,2933.68,2943.99,2931.98,2932.72,3905.720885
2025-12-24 08:00:00,2932.71,2940.13,2921.6,2923.09,4500.566988
2025-12-24 09:00:00,2923.24,2932.12,2914.77,2919.47,2860.736428
2025-12-24 10:00:00,2919.41,2935.0,2918.66,2927.85,2417.313944
2025-12-24 11:00:00,2927.85,2937.89,2925.36,2925.45,2481.658383
2025-12-24 12:00:00,2925.46,2938.89,2923.55,2936.61,5282.733536
2025-12-24 13:00:00,2936.6,2937.25,2924.81,2931.02,2983.390548
2025-12-24 14:00:00,2931.1,2936.31,2888.88,2914.85,14114.776708
2025-12-24 15:00:00,2914.85,2930.48,2903.01,2925.6,4633.989456
2025-12-24 16:00:00,2925.56,2948.8,2921.38,2940.52,9429.04317
2025-12-24 17:00:00,2940.56,2954.41,2935.0,2937.1,3040.434284
2025-12-24 18:00:00,2937.1,2945.18,2930.46,2941.71,1507.928495
2025-12-24 19:00:00,2941.62,2947.32,2937.01,2945.99,1235.316582
2025-12-24 20:00:00,2945.99,2952.47,2941.77,2943.2,1502.673534
2025-12-24 21:00:00,2943.2,2954.0,2943.2,2950.9,1694.336731
2025-12-24 22:00:00,2950.91,2963.44,2949.29,2959.99,2900.20056
2025-12-24 23:00:00,2960.0,2960.4,2946.41,2947.48,1470.474587
2025-12-25 00:00:00,2947.48,2949.1,2936.8,2939.5,1587.487244
2025-12-25 01:00:00,2939.5,2951.41,2939.49,2948.65,1035.967058
2025-12-25 02:00:00,2948.66,2956.99,2943.01,2952.5,1316.166128
2025-12-25 03:00:00,2952.51,2953.1,2943.65,2947.25,1708.38065
2025-12-25 04:00:00,2947.26,2948.53,2942.32,2945.05,1229.177083
2025-12-25 05:00:00,2944.91,2944.91,2938.36,2942.4,1827.765167
2025-12-25 06:00:00,2942.41,2943.85,2938.3,2943.41,1050.914326
2025-12-25 07:00:00,2943.41,2943.84,2939.4,2942.25,1529.991446
2025-12-25 08:00:00,2942.25,2947.23,2917.79,2930.71,6307.623416
2025-12-25 09:00:00,2930.71,2931.49,2926.01,2928.46,1277.977204
2025-12-25 10:00:00,2928.47,2929.25,2912.12,2920.6,3629.055363
2025-12-25 11:00:00,2920.74,2928.89,2920.21,2924.95,1241.282005
2025-12-25 12:00:00,2924.95,2930.0,2923.91,2928.15,987.234685
2025-12-25 13:00:00,2928.16,2935.19,2920.11,2931.36,3032.834407
2025-12-25 14:00:00,2931.36,2939.31,2923.16,2933.16,2565.21478
2025-12-25 15:00:00,2933.17,2971.34,2932.0,2960.99,9978.187821
2025-12-25 16:00:00,2960.99,2967.44,2943.54,2948.21,5018.876186
2025-12-25 17:00:00,2948.17,2954.37,2943.52,2952.58,2387.616574
2025-12-25 18:00:00,2952.58,2965.76,2951.05,2959.21,2676.207018
2025-12-25 19:00:00,2959.22,2959.62,2949.66,2956.28,1069.928471
2025-12-25 20:00:00,2956.28,2956.7,2944.31,2950.15,1064.27022
2025-12-25 21:00:00,2950.16,2953.44,2944.78,2946.93,1208.540772
2025-12-25 22:00:00,2946.94,2948.43,2906.92,2921.69,6155.863883
2025-12-25 23:00:00,2921.91,2927.0,2891.2,2904.01,7778.370405
2025-12-26 00:00:00,2904.01,2911.75,2894.75,2904.39,4503.980847
2025-12-26 01:00:00,2904.4,2923.75,2902.8,2918.3,2730.133255
2025-12-26 02:00:00,2918.3,2994.44,2918.01,2973.39,21997.57515
2025-12-26 03:00:00,2973.43,2976.59,2957.46,2964.87,6961.326507
2025-12-26 04:00:00,2964.87,2975.53,2952.24,2971.66,3122.188209
2025-12-26 05:00:00,2971.66,2974.79,2967.25,2973.05,2445.058741
2025-12-26 06:00:00,2973.37,2982.43,2971.9,2976.54,3209.139627
2025-12-26 07:00:00,2976.55,2993.5,2952.97,2956.84,8684.110318
2025-12-26 08:00:00,2956.85,2972.09,2954.7,2964.73,3871.48124
2025-12-26 09:00:00,2964.64,2976.06,2963.23,2972.99,2345.060886
2025-12-26 10:00:00,2972.81,2974.47,2966.79,2971.66,1544.420929
2025-12-26 11:00:00,2971.66,2971.66,2961.6,2964.64,2227.16724
2025-12-26 12:00:00,2964.74,2973.82,2964.25,2972.49,2832.890143
2025-12-26 13:00:00,2972.49,2986.8,2971.03,2984.38,4295.401004
2025-12-26 14:00:00,2984.38,2985.15,2910.51,2917.48,23275.445264
2025-12-26 15:00:00,2917.63,2929.43,2895.0,2923.39,15269.614038
2025-12-26 16:00:00,2923.4,2930.47,2907.21,2909.95,4614.810364
2025-12-26 17:00:00,2909.96,2935.64,2907.91,2922.59,4336.023891
2025-12-26 18:00:00,2922.56,2928.93,2920.0,2923.34,1429.099179
2025-12-26 19:00:00,2923.33,2930.56,2918.61,2925.95,1219.010417
2025-12-26 20:00:00,2925.95,2938.81,2922.41,2931.73,1765.638676
2025-12-26 21:00:00,2931.45,2935.34,2924.61,2924.8,1175.436854
2025-12-26 22:00:00,2924.81,2931.6,2922.01,2931.44,1104.995615
2025-12-26 23:00:00,2931.45,2934.29,2926.0,2928.09,2108.463144
2025-12-27 00:00:00,2928.1,2931.58,2923.45,2927.51,1813.808463
2025-12-27 01:00:00,2927.52,2929.0,2921.54,2927.76,1046.823662
2025-12-27 02:00:00,2927.76,2931.0,2924.01,2928.14,1368.752501
2025-12-27 03:00:00,2928.15,2933.68,2925.55,2933.39,1082.03988
2025-12-27 04:00:00,2933.39,2934.0,2928.07,2930.45,599.03522
2025-12-27 05:00:00,2930.45,2931.5,2928.46,2931.0,622.71286
2025-12-27 06:00:00,2931.0,2931.0,2927.77,2929.8,1043.377815
2025-12-27 07:00:00,2929.8,2938.0,2929.79,2933.06,2733.11358
2025-12-27 08:00:00,2933.05,2937.06,2933.05,2933.99,1041.728728
2025-12-27 09:00:00,2934.0,2940.36,2932.0,2935.09,1444.318246
2025-12-27 10:00:00,2935.09,2935.09,2918.02,2926.87,2969.269541
2025-12-27 11:00:00,2926.86,2933.84,2923.2,2931.01,1305.757191
2025-12-27 12:00:00,2931.01,2933.84,2929.11,2931.94,813.556236
2025-12-27 13:00:00,2931.95,2933.12,2925.34,2929.85,1182.467746
2025-12-27 14:00:00,2929.85,2931.24,2926.2,2929.66,1600.455279
2025-12-27 15:00:00,2929.67,2931.0,2926.51,2927.09,1107.05208
2025-12-27 16:00:00,2927.1,2928.9,2917.6,2920.81,2058.196513
2025-12-27 17:00:00,2920.81,2929.0,2920.0,2928.37,1173.357439
2025-12-27 18:00:00,2928.36,2928.4,2925.2,2926.55,456.7218
2025-12-27 19:00:00,2926.55,2930.95,2926.11,2930.78,534.179381
2025-12-27 20:00:00,2930.79,2935.0,2929.11,2929.24,586.223174
2025-12-27 21:00:00,2929.25,2934.99,2928.49,2934.99,547.934215
2025-12-27 22:00:00,2934.99,2953.67,2930.01,2933.1,3888.270008
2025-12-27 23:00:00,2933.11,2961.15,2933.0,2948.65,4241.408916
2025-12-28 00:00:00,2948.79,2951.76,2943.33,2945.49,1424.820115
2025-12-28 01:00:00,2945.5,2950.15,2941.19,2943.99,1004.089699
2025-12-28 02:00:00,2944.0,2949.88,2942.75,2947.14,847.536329
2025-12-28 03:00:00,2947.15,2948.32,2941.6,2943.35,591.714843
2025-12-28 04:00:00,2943.36,2946.99,2938.47,2938.67,1504.850555
2025-12-28 05:00:00,2938.67,2941.14,2929.69,2935.05,3314.420111
2025-12-28 06:00:00,2935.06,2943.92,2934.52,2942.8,1723.301304
2025-12-28 07:00:00,2942.8,2942.93,2937.0,2939.29,1157.627234
2025-12-28 08:00:00,2939.29,2947.77,2938.39,2939.8,1295.416922
2025-12-28 09:00:00,2939.81,2944.29,2931.62,2937.89,1789.821653
2025-12-28 10:00:00,2937.89,2944.82,2937.05,2943.26,1078.048065
2025-12-28 11:00:00,2943.26,2947.0,2939.99,2944.19,2566.642344
2025-12-28 12:00:00,2944.19,2945.3,2937.55,2939.19,1088.548274
2025-12-28 13:00:00,2939.2,2944.99,2938.83,2940.35,1286.409544
2025-12-28 14:00:00,2940.4,2955.4,2940.05,2945.48,3521.251069
2025-12-28 15:00:00,2945.48,2960.68,2945.01,2949.25,2531.700551
2025-12-28 16:00:00,2949.25,2954.78,2940.05,2943.13,1528.754941
2025-12-28 17:00:00,2943.12,2951.34,2942.7,2945.95,829.856979
2025-12-28 18:00:00,2945.96,2946.55,2925.0,2931.49,3871.514432
2025-12-28 19:00:00,2931.49,2940.55,2926.69,2933.65,2942.189121
2025-12-28 20:00:00,2933.56,2937.82,2930.18,2932.55,1637.106186
2025-12-28 21:00:00,2932.5,2939.34,2928.92,2938.3,1797.743643
2025-12-28 22:00:00,2938.61,2955.96,2935.21,2950.28,1769.640383
2025-12-28 23:00:00,2950.28,2954.4,2940.55,2950.95,2758.873088
2025-12-29 00:00:00,2951.05,2977.23,2944.38,2966.7,5663.859515
2025-12-29 01:00:00,2966.69,2986.69,2952.85,2981.0,6000.081752
2025-12-29 02:00:00,2981.0,3018.92,2981.0,3003.54,14653.251067
2025-12-29 03:00:00,3003.55,3049.0,3002.8,3043.7,12828.426186
2025-12-29 04:00:00,3043.7,3057.16,3039.65,3039.7,8133.896661
2025-12-29 05:00:00,3039.71,3044.8,3032.17,3037.15,5907.609758
2025-12-29 06:00:00,3037.15,3044.31,3031.75,3036.23,6439.535147
2025-12-29 07:00:00,3036.24,3038.45,3009.16,3019.44,11567.513103
2025-12-29 08:00:00,3019.44,3026.65,3010.64,3014.34,4171.858525
2025-12-29 09:00:00,3014.12,3015.7,2957.02,2976.96,14188.563374
2025-12-29 10:00:00,2976.84,2984.37,2962.0,2966.59,6178.390062
2025-12-29 11:00:00,2966.59,2967.92,2958.77,2960.3,5133.344689
2025-12-29 12:00:00,2960.28,2960.3,2910.74,2931.15,18323.114159
2025-12-29 13:00:00,2931.16,2938.2,2918.86,2927.35,7292.293059
2025-12-29 14:00:00,2927.34,2965.8,2917.11,2928.74,12086.123362
2025-12-29 15:00:00,2928.65,2950.86,2920.0,2935.68,10785.861623
2025-12-29 16:00:00,2935.68,2942.86,2925.0,2936.46,3796.138054
2025-12-29 17:00:00,2936.46,2943.65,2926.5,2943.63,2563.991926
2025-12-29 18:00:00,2943.5,2946.14,2913.59,2919.3,5461.586037
2025-12-29 19:00:00,2919.33,2941.86,2917.85,2932.55,4939.713244
2025-12-29 20:00:00,2932.55,2943.16,2926.05,2930.06,16102.720631
2025-12-29 21:00:00,2930.06,2939.5,2929.02,2937.87,8420.181997
2025-12-29 22:00:00,2937.86,2944.71,2930.85,2938.21,7370.80867
2025-12-29 23:00:00,2938.21,2945.0,2932.89,2938.31,4474.344517
2025-12-30 00:00:00,2938.31,2942.64,2932.0,2938.19,4246.353254
2025-12-30 01:00:00,2938.2,2940.24,2925.21,2936.91,2243.29273
2025-12-30 02:00:00,2936.91,2939.88,2923.11,2928.2,2810.486015
2025-12-30 03:00:00,2928.25,2955.6,2919.39,2951.59,7136.092558
2025-12-30 04:00:00,2951.59,2958.6,2946.0,2946.0,3698.625565
2025-12-30 05:00:00,2946.01,2948.0,2937.24,2941.47,2940.989435
2025-12-30 06:00:00,2941.47,2952.42,2940.45,2945.74,2457.013726
2025-12-30 07:00:00,2945.74,2955.98,2945.15,2951.15,4555.284094
2025-12-30 08:00:00,2951.15,3003.05,2950.14,2977.4,13977.768325
2025-12-30 09:00:00,2977.6,2988.0,2970.99,2985.36,4697.303892
2025-12-30 10:00:00,2985.35,2988.43,2973.33,2977.05,2965.621236
2025-12-30 11:00:00,2977.2,2984.42,2972.81,2978.72,2904.980338
2025-12-30 12:00:00,2978.72,2986.44,2976.87,2980.95,2588.5255
2025-12-30 13:00:00,2980.94,2991.94,2979.15,2986.5,4531.241617
2025-12-30 14:00:00,2986.51,3009.92,2958.75,2996.74,15109.098802
2025-12-30 15:00:00,2996.46,3002.97,2970.0,2989.44,8848.03295
2025-12-30 16:00:00,2989.35,2994.76,2975.0,2982.7,4327.613064
2025-12-30 17:00:00,2982.7,2986.65,2965.85,2977.0,3956.654848
2025-12-30 18:00:00,2977.0,2978.99,2960.02,2971.86,3402.068342
2025-12-30 19:00:00,2971.86,2974.8,2944.44,2971.0,6432.30419
2025-12-30 20:00:00,2971.16,2973.9,2956.52,2958.79,2446.770861
2025-12-30 21:00:00,2959.0,2969.49,2954.07,2968.73,1988.802039
2025-12-30 22:00:00,2968.99,2971.94,2965.06,2969.62,1311.227461
2025-12-30 23:00:00,2969.78,2975.96,2967.57,2973.74,1424.216084
2025-12-31 00:00:00,2973.74,2973.75,2963.0,2966.4,1915.704439
2025-12-31 01:00:00,2966.41,2985.19,2962.3,2980.01,3105.269293
2025-12-31 02:00:00,2980.01,2983.6,2974.37,2981.45,1400.156553
2025-12-31 03:00:00,2981.46,2984.0,2965.64,2970.83,2211.967576
2025-12-31 04:00:00,2970.84,2975.78,2968.62,2969.0,1884.021299
2025-12-31 05:00:00,2969.01,2980.08,2969.01,2975.22,3103.818338
2025-12-31 06:00:00,2975.21,2978.85,2974.73,2975.6,1015.725879
2025-12-31 07:00:00,2975.6,2977.57,2970.28,2977.0,1227.097327
2025-12-31 08:00:00,2977.0,2980.23,2963.86,2969.56,2220.442401
2025-12-31 09:00:00,2969.55,2978.11,2969.46,2976.91,1453.509982
2025-12-31 10:00:00,2976.92,2982.88,2975.55,2981.15,2146.682795
2025-12-31 11:00:00,2981.16,3003.44,2980.1,3001.85,7363.504432
2025-12-31 12:00:00,3001.85,3003.25,2984.16,2987.39,4879.811923
2025-12-31 13:00:00,2987.39,3000.3,2986.43,2996.81,2283.179755
2025-12-31 14:00:00,2996.81,3028.57,2981.26,2994.0,10662.444008
2025-12-31 15:00:00,2993.62,2994.34,2966.93,2985.8,7632.210967
2025-12-31 16:00:00,2985.79,2997.97,2957.91,2976.35,8886.317229
2025-12-31 17:00:00,2976.36,2980.82,2968.06,2975.84,2351.953594
2025-12-31 18:00:00,2975.85,2986.0,2971.39,2974.22,2324.496261
2025-12-31 19:00:00,2974.23,2981.49,2970.23,2971.26,1219.233151
2025-12-31 20:00:00,2971.31,2979.98,2963.61,2975.94,3782.996273
2025-12-31 21:00:00,2976.0,2984.92,2974.68,2982.29,1952.207687
2025-12-31 22:00:00,2982.3,2984.35,2974.63,2977.24,1201.683325
2025-12-31 23:00:00,2977.24,2977.25,2970.22,2971.6,1994.688971
2026-01-01 00:00:00,2971.63,2983.0,2971.36,2979.86,1514.408434
2026-01-01 01:00:00,2979.86,2989.07,2979.32,2984.23,2059.719831
2026-01-01 02:00:00,2984.24,2988.0,2981.13,2982.73,765.619338
2026-01-01 03:00:00,2982.74,2986.22,2979.87,2980.44,646.260284
2026-01-01 04:00:00,2980.54,2981.32,2973.55,2975.96,3058.022548
2026-01-01 05:00:00,2975.96,2983.97,2975.96,2982.15,1202.932813
2026-01-01 06:00:00,2982.16,2982.16,2976.62,2976.63,1598.626976
2026-01-01 07:00:00,2976.63,2981.64,2976.62,2978.56,1813.328238
2026-01-01 08:00:00,2978.56,2983.4,2978.2,2982.6,1409.965965
2026-01-01 09:00:00,2982.61,2987.69,2982.24,2984.09,1675.35519
2026-01-01 10:00:00,2984.09,2985.9,2982.0,2985.0,827.193134
2026-01-01 11:00:00,2985.0,2993.4,2985.0,2989.61,1347.297186
2026-01-01 12:00:00,2989.61,2990.5,2983.25,2987.6,926.289794
2026-01-01 13:00:00,2987.6,2989.82,2982.2,2983.14,1274.931781
2026-01-01 14:00:00,2983.01,2986.61,2977.85,2985.32,1674.339791
2026-01-01 15:00:00,2985.32,2995.42,2980.8,2989.81,2480.576823
2026-01-01 16:00:00,2989.82,2991.0,2980.46,2982.38,3032.500923
2026-01-01 17:00:00,2982.71,3006.0,2981.21,2990.87,4942.154004
2026-01-01 18:00:00,2990.88,2992.93,2985.24,2990.31,1182.331529
2026-01-01 19:00:00,2990.32,2997.99,2987.42,2995.4,739.398755
2026-01-01 20:00:00,2995.4,2997.0,2987.54,2988.91,977.689636
2026-01-01 21:00:00,2989.1,2993.34,2987.5,2989.82,375.456357
2026-01-01 22:00:00,2989.82,3000.34,2987.6,2999.07,1277.033747
2026-01-01 23:00:00,2999.1,3009.73,2992.0,3004.21,3110.995272
2026-01-02 00:00:00,3004.22,3008.17,2995.36,3006.0,2029.253853
2026-01-02 01:00:00,3006.0,3008.0,2998.2,3002.86,1348.861112
2026-01-02 02:00:00,3002.87,3003.68,2992.4,3002.12,1717.174756
2026-01-02 03:00:00,3002.13,3035.39,3000.0,3022.6,8795.373699
2026-01-02 04:00:00,3022.59,3024.95,3010.5,3011.76,2982.365334
2026-01-02 05:00:00,3011.76,3018.63,3009.0,3016.7,1792.694813
2026-01-02 06:00:00,3016.51,3039.11,3014.55,3026.7,3175.40705
2026-01-02 07:00:00,3026.7,3032.29,3016.62,3018.11,4572.393101
2026-01-02 08:00:00,3018.11,3033.89,3016.0,3032.08,2778.346473
2026-01-02 09:00:00,3032.08,3054.6,3030.01,3047.95,7930.973841
2026-01-02 10:00:00,3048.1,3069.0,3045.61,3056.96,10964.043092
2026-01-02 11:00:00,3056.95,3057.4,3040.01,3047.55,4485.802527
2026-01-02 12:00:00,3047.54,3057.74,3043.05,3048.5,2285.778581
2026-01-02 13:00:00,3048.51,3058.0,3046.16,3049.91,2724.453762
2026-01-02 14:00:00,3049.87,3109.54,3020.35,3082.42,27732.170247
2026-01-02 15:00:00,3082.42,3097.35,3055.05,3086.34,11733.079471
2026-01-02 16:00:00,3086.29,3146.2,3078.84,3132.27,18074.350805
2026-01-02 17:00:00,3132.25,3150.0,3110.8,3122.99,14338.52793
2026-01-02 18:00:00,3122.99,3132.15,3097.13,3110.75,5624.003589
2026-01-02 19:00:00,3110.73,3127.99,3107.81,3123.5,2921.395335
2026-01-02 20:00:00,3123.88,3129.69,3111.26,3117.82,2169.17546
2026-01-02 21:00:00,3117.7,3133.97,3116.31,3130.84,1395.258066
2026-01-02 22:00:00,3130.76,3146.3,3128.01,3133.76,2698.709754
2026-01-02 23:00:00,3133.75,3135.62,3120.43,3125.44,1742.953633
2026-01-03 00:00:00,3125.44,3136.56,3122.09,3131.01,1596.520991
2026-01-03 01:00:00,3131.02,3132.0,3123.56,3130.85,1397.299836
2026-01-03 02:00:00,3130.86,3130.87,3120.0,3125.97,1771.255444
2026-01-03 03:00:00,3125.98,3127.63,3119.08,3125.46,2132.515394
2026-01-03 04:00:00,3125.5,3127.93,3114.34,3116.38,3011.625355
2026-01-03 05:00:00,3116.38,3118.8,3104.54,3112.01,2960.806745
2026-01-03 06:00:00,3112.01,3117.56,3098.21,3098.21,3082.155632
2026-01-03 07:00:00,3098.2,3105.25,3075.82,3090.62,10717.994955
2026-01-03 08:00:00,3090.62,3106.14,3084.23,3095.84,3200.433972
2026-01-03 09:00:00,3095.94,3110.78,3092.35,3100.93,3123.851144
2026-01-03 10:00:00,3100.94,3105.97,3097.0,3097.41,1639.205552
2026-01-03 11:00:00,3097.42,3100.3,3092.01,3098.47,1584.09333
2026-01-03 12:00:00,3098.55,3105.83,3093.6,3104.81,2727.956047
2026-01-03 13:00:00,3105.02,3108.0,3101.0,3103.11,1453.205192
2026-01-03 14:00:00,3103.1,3114.52,3101.45,3106.3,2156.117081
2026-01-03 15:00:00,3106.31,3107.59,3100.21,3101.54,1855.903645
2026-01-03 16:00:00,3101.22,3112.3,3098.36,3107.09,2173.6954
2026-01-03 17:00:00,3107.09,3110.5,3105.82,3108.89,594.999451
2026-01-03 18:00:00,3108.9,3118.63,3105.14,3116.45,1046.751872
2026-01-03 19:00:00,3116.46,3116.46,3110.34,3113.26,492.587547
2026-01-03 20:00:00,3113.26,3116.98,3107.42,3115.53,573.817518
2026-01-03 21:00:00,3115.54,3129.3,3113.08,3120.91,1705.562733
2026-01-03 22:00:00,3120.99,3125.99,3113.45,3122.7,1212.318794
2026-01-03 23:00:00,3122.7,3131.0,3121.0,3126.89,2611.285347
2026-01-04 00:00:00,3126.9,3170.52,3125.93,3157.8,10844.287256
2026-01-04 01:00:00,3157.8,3162.3,3141.58,3150.13,2546.085243
2026-01-04 02:00:00,3150.13,3151.2,3137.61,3140.84,2241.913741
2026-01-04 03:00:00,3140.85,3150.65,3140.14,3147.38,1870.938358
2026-01-04 04:00:00,3147.38,3155.99,3144.65,3148.25,1527.061722
2026-01-04 05:00:00,3148.25,3152.2,3145.0,3150.95,1520.2793
2026-01-04 06:00:00,3150.94,3163.61,3139.31,3139.8,3858.7699
2026-01-04 07:00:00,3139.8,3147.04,3134.29,3140.94,4370.046689
2026-01-04 08:00:00,3140.95,3141.79,3125.27,3138.63,3647.35083
2026-01-04 09:00:00,3138.62,3148.97,3135.0,3143.91,2750.641428
2026-01-04 10:00:00,3143.92,3148.49,3142.73,3146.34,1091.721665
2026-01-04 11:00:00,3146.34,3146.35,3135.0,3139.81,1424.108094
2026-01-04 12:00:00,3139.81,3147.39,3133.82,3136.93,1914.753625
2026-01-04 13:00:00,3136.86,3141.73,3131.88,3140.72,1671.905433
2026-01-04 14:00:00,3140.72,3143.39,3132.4,3137.29,1956.809432
2026-01-04 15:00:00,3137.29,3139.98,3118.2,3135.59,3751.287088
2026-01-04 16:00:00,3135.59,3140.48,3131.2,3139.41,1762.651363
2026-01-04 17:00:00,3139.42,3144.18,3135.98,3137.49,929.813074
2026-01-04 18:00:00,3137.8,3138.15,3123.01,3135.17,2275.015664
2026-01-04 19:00:00,3135.18,3135.57,3119.04,3133.0,2799.581696
2026-01-04 20:00:00,3133.0,3142.89,3131.02,3142.09,1047.511675
2026-01-04 21:00:00,3142.1,3155.54,3137.61,3145.01,2899.22372
2026-01-04 22:00:00,3145.05,3150.39,3136.62,3139.43,1209.771128
2026-01-04 23:00:00,3139.43,3153.68,3134.78,3144.78,2054.376704
2026-01-05 00:00:00,3144.71,3178.0,3143.7,3168.5,7642.839258
2026-01-05 01:00:00,3168.51,3222.0,3164.0,3197.99,18220.219453
2026-01-05 02:00:00,3198.05,3204.79,3183.6,3193.13,5312.541068
2026-01-05 03:00:00,3193.37,3197.86,3184.93,3186.23,2634.259007
2026-01-05 04:00:00,3186.23,3188.57,3158.0,3167.14,7458.623123
2026-01-05 05:00:00,3167.29,3169.97,3148.02,3149.89,4950.514792
2026-01-05 06:00:00,3149.9,3159.25,3135.77,3157.76,5424.490719
2026-01-05 07:00:00,3157.76,3163.25,3155.39,3157.49,3049.506359
2026-01-05 08:00:00,3157.48,3172.68,3155.9,3163.71,2553.48136
2026-01-05 09:00:00,3163.56,3175.63,3153.56,3168.21,3465.596172
2026-01-05 10:00:00,3168.21,3179.1,3162.59,3173.19,3040.782228
2026-01-05 11:00:00,3173.19,3184.28,3168.4,3180.26,2109.322649
2026-01-05 12:00:00,3180.26,3183.66,3166.31,3170.74,2455.632311
2026-01-05 13:00:00,3170.75,3175.56,3143.18,3154.46,5766.118889
2026-01-05 14:00:00,3154.46,3177.79,3135.23,3166.55,13569.235989
2026-01-05 15:00:00,3166.62,3205.7,3152.29,3195.76,13295.428976
2026-01-05 16:00:00,3195.71,3202.48,3172.57,3183.86,5829.235956
2026-01-05 17:00:00,3183.86,3229.6,3159.33,3213.25,11183.681527
2026-01-05 18:00:00,3213.49,3228.73,3185.67,3227.98,6983.825233
2026-01-05 19:00:00,3228.02,3228.72,3214.95,3223.15,4186.825786
2026-01-05 20:00:00,3223.1,3265.88,3220.08,3241.82,10665.102526
2026-01-05 21:00:00,3242.0,3248.48,3231.67,3238.16,2825.977392
2026-01-05 22:00:00,3238.1,3249.56,3230.15,3240.06,2008.45035
2026-01-05 23:00:00,3240.22,3241.42,3225.0,3225.0,2448.673609
2026-01-06 00:00:00,3225.01,3230.99,3203.41,3216.16,3267.666847
2026-01-06 01:00:00,3216.0,3247.42,3215.65,3218.3,4488.770605
2026-01-06 02:00:00,3218.4,3224.4,3209.21,3217.09,1981.810114
2026-01-06 03:00:00,3217.1,3233.6,3214.05,3225.08,1794.140831
2026-01-06 04:00:00,3225.14,3233.84,3223.07,3223.07,1218.373822
2026-01-06 05:00:00,3223.04,3229.25,3217.01,3218.49,2110.44753
2026-01-06 06:00:00,3218.5,3254.89,3218.0,3241.0,6483.679107
2026-01-06 07:00:00,3241.01,3242.45,3211.49,3219.54,6800.586091
2026-01-06 08:00:00,3219.54,3228.77,3214.34,3220.21,5046.438869
2026-01-06 09:00:00,3220.18,3229.6,3218.0,3223.4,3356.164731
2026-01-06 10:00:00,3223.41,3232.0,3221.73,3229.21,2226.330874
2026-01-06 11:00:00,3229.21,3243.2,3227.48,3237.9,2958.596628
2026-01-06 12:00:00,3237.91,3245.65,3236.09,3238.63,1705.692645
2026-01-06 13:00:00,3238.63,3239.36,3229.61,3238.16,1903.641938
2026-01-06 14:00:00,3238.16,3309.05,3238.15,3277.96,24481.329444
2026-01-06 15:00:00,3277.91,3302.3,3261.53,3272.21,12892.021641
2026-01-06 16:00:00,3272.2,3279.39,3234.48,3252.0,10543.449859
2026-01-06 17:00:00,3251.99,3259.73,3190.55,3196.61,12617.729114
2026-01-06 18:00:00,3196.6,3233.25,3181.96,3219.31,7095.146503
2026-01-06 19:00:00,3219.6,3230.34,3213.44,3223.59,2039.44995
2026-01-06 20:00:00,3223.59,3250.8,3223.51,3241.96,2480.397171
2026-01-06 21:00:00,3241.96,3300.73,3238.63,3275.96,8215.758258
2026-01-06 22:00:00,3275.86,3290.7,3265.01,3277.48,2965.310031
2026-01-06 23:00:00,3277.55,3302.28,3276.26,3296.81,3959.16226
2026-01-07 00:00:00,3296.85,3297.02,3255.6,3258.0,4609.545164
2026-01-07 01:00:00,3257.83,3272.42,3239.24,3245.52,4093.72999
2026-01-07 02:00:00,3245.43,3274.1,3240.0,3270.2,2972.330302
2026-01-07 03:00:00,3270.19,3282.21,3265.2,3266.6,2619.35817
2026-01-07 04:00:00,3266.6,3271.7,3253.89,3256.28,2021.842456
2026-01-07 05:00:00,3256.28,3262.6,3246.7,3248.61,2827.210467
2026-01-07 06:00:00,3248.62,3260.0,3248.0,3251.25,1313.608893
2026-01-07 07:00:00,3251.21,3262.93,3251.14,3255.26,1650.035035
2026-01-07 08:00:00,3255.27,3263.3,3253.0,3254.63,1766.094184
2026-01-07 09:00:00,3254.63,3255.0,3198.92,3200.36,11977.247901
2026-01-07 10:00:00,3200.35,3222.53,3196.21,3218.63,4595.809971
2026-01-07 11:00:00,3218.63,3228.0,3217.02,3220.8,2110.096065
2026-01-07 12:00:00,3220.63,3222.8,3211.05,3213.15,1841.55013
2026-01-07 13:00:00,3213.16,3229.45,3202.54,3212.29,3309.894375
2026-01-07 14:00:00,3212.12,3212.58,3166.69,3191.86,13113.157173
2026-01-07 15:00:00,3191.89,3193.42,3144.78,3164.63,13521.420812
2026-01-07 16:00:00,3164.77,3179.41,3149.93,3157.53,4579.53844
2026-01-07 17:00:00,3157.53,3171.48,3146.02,3152.37,3348.132249
2026-01-07 18:00:00,3152.23,3165.18,3133.45,3146.22,7699.397336
2026-01-07 19:00:00,3146.23,3155.33,3125.27,3145.66,5881.249155
2026-01-07 20:00:00,3145.66,3151.42,3128.32,3139.02,3821.346203
2026-01-07 21:00:00,3139.01,3152.8,3138.41,3149.99,1990.335278
2026-01-07 22:00:00,3150.0,3166.41,3143.45,3153.16,2555.010796
2026-01-07 23:00:00,3153.17,3181.58,3143.5,3168.97,7083.551532
2026-01-08 00:00:00,3168.97,3175.65,3155.05,3170.64,2644.13061
2026-01-08 01:00:00,3170.7,3181.85,3168.4,3175.66,2158.366602
2026-01-08 02:00:00,3175.67,3184.3,3148.19,3159.42,3964.134321
2026-01-08 03:00:00,3159.5,3166.66,3133.44,3142.69,2882.996856
2026-01-08 04:00:00,3142.7,3158.99,3139.0,3154.15,1972.827327
2026-01-08 05:00:00,3154.3,3161.31,3142.09,3143.52,1728.841925
2026-01-08 06:00:00,3143.53,3146.59,3104.75,3105.34,10134.085946
2026-01-08 07:00:00,3105.62,3133.28,3090.23,3128.0,13254.008411
2026-01-08 08:00:00,3128.0,3136.9,3113.34,3116.73,4147.045002
2026-01-08 09:00:00,3116.74,3123.99,3105.42,3112.01,2626.288772
2026-01-08 10:00:00,3112.02,3133.94,3096.14,3128.18,4847.519255
2026-01-08 11:00:00,3128.19,3131.92,3112.5,3121.21,4582.061964
2026-01-08 12:00:00,3121.21,3121.3,3085.0,3095.47,7104.577077
2026-01-08 13:00:00,3095.46,3102.73,3090.51,3097.15,3110.754713
2026-01-08 14:00:00,3097.16,3097.16,3055.0,3077.24,14854.679989
2026-01-08 15:00:00,3077.24,3112.49,3067.0,3104.26,7898.980842
2026-01-08 16:00:00,3104.14,3123.68,3090.4,3122.02,4756.651788
2026-01-08 17:00:00,3122.07,3139.0,3110.53,3134.26,4148.506308
2026-01-08 18:00:00,3134.42,3135.48,3115.0,3119.82,2244.793346
2026-01-08 19:00:00,3120.0,3128.65,3103.71,3111.35,1705.655327
2026-01-08 20:00:00,3111.34,3111.34,3089.23,3107.72,3129.13028
2026-01-08 21:00:00,3107.63,3123.28,3107.23,3119.07,1906.474999
2026-01-08 22:00:00,3119.17,3130.4,3107.86,3119.12,1832.23688
2026-01-08 23:00:00,3119.13,3121.99,3104.87,3106.6,1139.684371
2026-01-09 00:00:00,3106.7,3117.86,3104.15,3115.93,1689.22199
2026-01-09 01:00:00,3116.0,3148.2,3081.23,3105.77,12674.428886
2026-01-09 02:00:00,3105.72,3126.33,3103.5,3109.42,2820.462616
2026-01-09 03:00:00,3109.6,3121.29,3103.1,3119.71,1582.855742
2026-01-09 04:00:00,3119.7,3124.33,3112.6,3116.47,1283.921569
2026-01-09 05:00:00,3116.48,3121.0,3113.66,3118.79,967.461823
2026-01-09 06:00:00,3118.83,3125.43,3117.62,3123.33,645.70945
2026-01-09 07:00:00,3123.33,3123.92,3110.42,3111.11,1985.903898
2026-01-09 08:00:00,3111.11,3115.51,3066.8,3082.89,6856.737738
2026-01-09 09:00:00,3082.99,3101.44,3082.2,3092.64,2482.243343
2026-01-09 10:00:00,3092.64,3099.15,3088.48,3097.01,825.043106
2026-01-09 11:00:00,3097.01,3104.5,3088.77,3090.15,1400.432633
2026-01-09 12:00:00,3090.34,3096.22,3082.12,3084.51,2101.512223
2026-01-09 13:00:00,3084.51,3112.1,3083.51,3098.43,5194.098897
2026-01-09 14:00:00,3098.43,3098.85,3061.63,3078.82,4788.359771
2026-01-09 15:00:00,3079.13,3143.14,3058.8,3112.5,14596.148911
2026-01-09 16:00:00,3112.57,3145.75,3111.24,3133.36,5818.22002
2026-01-09 17:00:00,3133.46,3135.22,3104.92,3114.44,3066.647883
2026-01-09 18:00:00,3114.43,3118.73,3073.79,3095.18,3747.731282
2026-01-09 19:00:00,3095.17,3095.17,3069.23,3080.55,2297.634127
2026-01-09 20:00:00,3080.43,3091.96,3070.88,3073.3,2617.91503
2026-01-09 21:00:00,3073.58,3093.56,3065.0,3085.9,2911.530742
2026-01-09 22:00:00,3085.9,3089.41,3074.54,3086.75,1826.975831
2026-01-09 23:00:00,3086.75,3093.45,3084.15,3088.49,894.529756
2026-01-10 00:00:00,3088.49,3090.01,3082.0,3083.54,699.191007
2026-01-10 01:00:00,3083.54,3091.64,3083.54,3090.29,1078.809662
2026-01-10 02:00:00,3090.25,3095.33,3083.56,3088.29,846.718034
2026-01-10 03:00:00,3088.3,3089.45,3080.42,3086.82,1186.002781
2026-01-10 04:00:00,3086.82,3087.82,3078.88,3080.22,1858.817615
2026-01-10 05:00:00,3080.25,3088.05,3080.24,3086.84,436.440893
2026-01-10 06:00:00,3086.85,3088.99,3083.67,3087.65,515.537711
2026-01-10 07:00:00,3087.65,3093.87,3087.64,3093.12,1655.961264
2026-01-10 08:00:00,3093.11,3093.35,3087.22,3090.39,550.550637
2026-01-10 09:00:00,3090.4,3099.99,3089.7,3096.11,936.244945
2026-01-10 10:00:00,3096.11,3103.63,3094.52,3103.23,1191.332616
2026-01-10 11:00:00,3103.23,3103.46,3095.0,3097.0,590.5602
2026-01-10 12:00:00,3096.99,3103.99,3093.76,3099.2,846.42488
2026-01-10 13:00:00,3099.2,3099.2,3093.6,3095.02,534.263484
2026-01-10 14:00:00,3095.02,3096.56,3089.06,3092.01,1612.488689
2026-01-10 15:00:00,3092.02,3096.56,3092.02,3095.55,596.869541
2026-01-10 16:00:00,3095.55,3097.6,3091.87,3095.7,517.225081
2026-01-10 17:00:00,3095.7,3099.02,3092.05,3092.82,564.218508
2026-01-10 18:00:00,3092.81,3094.02,3090.25,3092.84,593.29609
2026-01-10 19:00:00,3092.84,3094.5,3090.4,3092.19,441.193495
2026-01-10 20:00:00,3092.2,3093.62,3089.0,3089.59,675.1117
2026-01-10 21:00:00,3089.59,3090.02,3085.23,3086.22,835.729475
2026-01-10 22:00:00,3086.23,3089.41,3078.79,3080.7,1592.856526
2026-01-10 23:00:00,3080.71,3090.0,3080.03,3086.84,741.67084
2026-01-11 00:00:00,3086.85,3092.99,3084.7,3092.5,690.543426
2026-01-11 01:00:00,3092.5,3095.69,3089.48,3095.69,593.020145
2026-01-11 02:00:00,3095.7,3097.3,3092.05,3092.55,455.950325
2026-01-11 03:00:00,3092.65,3097.64,3092.0,3096.91,418.620463
2026-01-11 04:00:00,3096.9,3098.89,3094.82,3098.1,642.103531
2026-01-11 05:00:00,3098.1,3102.4,3096.14,3099.22,732.431606
2026-01-11 06:00:00,3099.25,3100.82,3090.01,3097.39,1284.555718
2026-01-11 07:00:00,3097.4,3098.42,3092.6,3095.36,532.5567
2026-01-11 08:00:00,3095.35,3108.0,3093.0,3103.45,1335.914425
2026-01-11 09:00:00,3103.46,3109.5,3100.64,3104.33,882.814576
2026-01-11 10:00:00,3104.34,3108.35,3102.14,3107.55,604.990545
2026-01-11 11:00:00,3107.56,3107.93,3103.07,3105.04,659.858417
2026-01-11 12:00:00,3105.07,3116.66,3104.9,3114.26,1467.538964
2026-01-11 13:00:00,3114.26,3116.41,3107.2,3109.65,1701.717949
2026-01-11 14:00:00,3109.65,3129.45,3109.61,3125.68,2061.743491
2026-01-11 15:00:00,3125.68,3131.06,3110.24,3118.1,2948.031948
2026-01-11 16:00:00,3118.14,3147.21,3116.02,3129.61,6415.637227
2026-01-11 17:00:00,3129.61,3134.07,3118.43,3127.21,1522.031056
2026-01-11 18:00:00,3127.22,3134.11,3120.65,3129.68,1278.34918
2026-01-11 19:00:00,3129.72,3133.2,3119.2,3124.7,1289.771553
2026-01-11 20:00:00,3124.65,3124.66,3101.77,3115.31,2741.967787
2026-01-11 21:00:00,3115.31,3126.4,3107.78,3121.3,1909.956539
2026-01-11 22:00:00,3121.26,3121.26,3106.71,3109.8,1641.018834
2026-01-11 23:00:00,3109.63,3125.94,3093.0,3123.62,7168.199251
2026-01-12 00:00:00,3123.51,3127.59,3097.51,3120.3,5640.014046
2026-01-12 01:00:00,3120.31,3137.49,3114.27,3125.11,5717.558267
2026-01-12 02:00:00,3125.11,3168.0,3122.67,3157.7,8671.965506
2026-01-12 03:00:00,3158.0,3171.62,3151.66,3152.49,5688.718996
2026-01-12 04:00:00,3152.49,3163.95,3148.75,3159.4,1966.360082
2026-01-12 05:00:00,3159.4,3167.0,3155.4,3158.86,2229.547474
2026-01-12 06:00:00,3158.86,3165.87,3152.54,3154.86,2766.196224
2026-01-12 07:00:00,3154.86,3161.84,3133.78,3135.6,6635.216352
2026-01-12 08:00:00,3135.6,3147.92,3101.63,3115.87,10542.522999
2026-01-12 09:00:00,3115.88,3124.9,3111.33,3116.71,3922.807154
2026-01-12 10:00:00,3116.71,3120.0,3104.51,3107.14,2478.758434
2026-01-12 11:00:00,3107.14,3121.96,3106.82,3115.62,2826.505169
2026-01-12 12:00:00,3115.6,3122.99,3113.1,3117.26,1503.47837
2026-01-12 13:00:00,3117.27,3120.44,3106.01,3109.42,3273.084991
2026-01-12 14:00:00,3109.37,3119.78,3066.0,3105.5,18240.007724
2026-01-12 15:00:00,3105.26,3133.99,3093.15,3130.58,7976.552853
2026-01-12 16:00:00,3130.42,3146.82,3120.56,3130.76,7270.574499
2026-01-12 17:00:00,3130.77,3137.1,3084.21,3105.22,9300.88099
2026-01-12 18:00:00,3105.23,3119.39,3095.34,3108.42,4638.968126
2026-01-12 19:00:00,3108.43,3122.57,3097.23,3121.76,1542.892051
2026-01-12 20:00:00,3121.76,3127.9,3100.31,3103.13,2467.225962
2026-01-12 21:00:00,3102.82,3106.89,3084.77,3092.37,3962.696325
2026-01-12 22:00:00,3092.42,3107.98,3092.42,3096.02,3523.408932
2026-01-12 23:00:00,3095.87,3099.14,3088.77,3095.65,2131.155244
2026-01-13 00:00:00,3095.66,3110.0,3093.5,3109.01,2554.252895
2026-01-13 01:00:00,3109.01,3114.63,3092.02,3097.84,1869.42277
2026-01-13 02:00:00,3097.85,3108.54,3097.85,3101.62,2116.36922
2026-01-13 03:00:00,3101.64,3119.0,3101.63,3116.29,2606.754636
2026-01-13 04:00:00,3116.29,3123.55,3112.37,3122.39,2330.857147
2026-01-13 05:00:00,3122.4,3147.3,3121.51,3131.57,5723.180359
2026-01-13 06:00:00,3131.57,3137.92,3123.8,3134.51,4115.737155
2026-01-13 07:00:00,3134.51,3135.62,3122.0,3122.29,1744.107976
2026-01-13 08:00:00,3122.29,3138.38,3121.75,3135.94,2159.283829
2026-01-13 09:00:00,3135.94,3148.5,3128.66,3138.7,5609.433597
2026-01-13 10:00:00,3138.77,3141.84,3130.0,3134.81,2490.669494
2026-01-13 11:00:00,3134.82,3139.0,3131.35,3133.98,1302.149093
2026-01-13 12:00:00,3134.04,3137.93,3129.49,3135.25,1715.395849
2026-01-13 13:00:00,3135.24,3161.07,3130.25,3142.43,15277.274249
2026-01-13 14:00:00,3142.43,3165.77,3130.32,3145.21,8876.261695
2026-01-13 15:00:00,3145.0,3188.8,3133.33,3184.41,9582.420508
2026-01-13 16:00:00,3184.42,3196.3,3171.81,3180.92,9657.523002
2026-01-13 17:00:00,3180.91,3187.78,3172.85,3180.07,4465.466716
2026-01-13 18:00:00,3180.0,3214.39,3178.17,3201.09,6018.62331
2026-01-13 19:00:00,3201.1,3218.75,3191.41,3215.98,3035.190144
2026-01-13 20:00:00,3216.0,3220.68,3190.66,3204.26,6054.220712
2026-01-13 21:00:00,3204.69,3217.48,3200.28,3209.9,3839.777065
2026-01-13 22:00:00,3209.91,3380.0,3209.91,3330.79,41726.315208
2026-01-13 23:00:00,3330.8,3347.29,3313.37,3325.3,12815.990391
2026-01-14 00:00:00,3325.29,3337.09,3315.0,3324.1,6196.374308
2026-01-14 01:00:00,3324.1,3344.8,3321.01,3336.01,6771.997346
2026-01-14 02:00:00,3336.01,3358.18,3320.35,3326.73,7955.863213
2026-01-14 03:00:00,3326.74,3352.47,3320.8,3352.47,4927.34931
2026-01-14 04:00:00,3352.46,3365.0,3336.2,3339.16,8555.040257
2026-01-14 05:00:00,3339.15,3339.54,3325.75,3330.67,5810.763094
2026-01-14 06:00:00,3330.67,3336.28,3320.0,3334.5,7811.959768
2026-01-14 07:00:00,3334.5,3342.5,3327.23,3335.41,12058.000578
2026-01-14 08:00:00,3335.41,3343.19,3327.26,3327.52,3062.128655
2026-01-14 09:00:00,3327.51,3335.2,3324.79,3328.0,1734.609673
2026-01-14 10:00:00,3328.0,3333.35,3304.62,3313.2,6586.056641
2026-01-14 11:00:00,3313.2,3313.69,3282.84,3286.35,7284.971293
2026-01-14 12:00:00,3286.34,3299.45,3280.27,3296.6,3865.438795
2026-01-14 13:00:00,3296.6,3308.5,3289.44,3303.1,5300.704432
2026-01-14 14:00:00,3303.11,3358.4,3302.19,3349.41,19207.137371
2026-01-14 15:00:00,3349.4,3362.45,3327.7,3345.67,21955.72015
2026-01-14 16:00:00,3345.67,3403.36,3345.16,3370.03,18967.717163
2026-01-14 17:00:00,3370.03,3381.22,3338.0,3342.44,12309.787398
2026-01-14 18:00:00,3342.24,3356.16,3315.39,3339.71,9434.370297
2026-01-14 19:00:00,3339.1,3401.49,3332.14,3367.54,12993.888826
2026-01-14 20:00:00,3367.53,3392.76,3361.41,3383.71,5705.492128
2026-01-14 21:00:00,3383.71,3383.71,3357.21,3372.69,4223.302341
2026-01-14 22:00:00,3372.75,3374.74,3347.33,3348.83,4055.779515
2026-01-14 23:00:00,3348.83,3369.48,3348.76,3354.75,2876.157717
2026-01-15 00:00:00,3354.75,3355.65,3325.19,3331.19,4140.433825
2026-01-15 01:00:00,3331.2,3343.0,3317.28,3324.93,3168.332798
2026-01-15 02:00:00,3324.93,3332.5,3305.38,3314.23,3888.464308
2026-01-15 03:00:00,3314.28,3321.53,3276.0,3286.46,11382.824133
2026-01-15 04:00:00,3286.46,3308.57,3284.8,3305.59,4298.976851
2026-01-15 05:00:00,3305.59,3315.85,3302.66,3311.22,3617.323587
2026-01-15 06:00:00,3311.2,3323.99,3310.0,3316.18,3707.401272
2026-01-15 07:00:00,3316.19,3335.28,3314.65,3330.01,6916.831042
2026-01-15 08:00:00,3330.01,3338.75,3320.12,3336.45,4493.151232
2026-01-15 09:00:00,3336.44,3374.74,3330.4,3366.15,10557.170248
2026-01-15 10:00:00,3366.15,3378.69,3358.0,3364.3,5924.065877
2026-01-15 11:00:00,3364.31,3365.99,3345.25,3349.46,4537.185766
2026-01-15 12:00:00,3349.45,3371.19,3344.01,3369.15,3567.600924
2026-01-15 13:00:00,3369.14,3384.76,3356.9,3371.29,4957.924924
2026-01-15 14:00:00,3371.3,3382.99,3322.22,3342.1,14870.219363
2026-01-15 15:00:00,3342.01,3358.29,3286.0,3331.25,18138.839913
2026-01-15 16:00:00,3331.25,3335.66,3310.2,3330.61,6031.394732
2026-01-15 17:00:00,3330.6,3337.6,3297.3,3301.59,6992.313802
2026-01-15 18:00:00,3301.59,3307.68,3274.21,3289.0,9009.217175
2026-01-15 19:00:00,3288.99,3302.33,3277.37,3295.79,5086.201293
2026-01-15 20:00:00,3295.68,3307.38,3277.11,3288.5,9147.118306
2026-01-15 21:00:00,3288.51,3306.03,3284.39,3299.64,2547.921662
2026-01-15 22:00:00,3299.65,3319.64,3296.46,3309.26,4302.930541
2026-01-15 23:00:00,3309.25,3323.68,3302.55,3318.75,2846.594898
2026-01-16 00:00:00,3318.75,3327.72,3316.11,3317.14,2141.621166
2026-01-16 01:00:00,3317.15,3321.87,3302.14,3314.2,2407.079115
2026-01-16 02:00:00,3314.06,3314.06,3292.03,3303.72,4376.864299
2026-01-16 03:00:00,3303.77,3308.2,3295.26,3295.26,1102.228134
2026-01-16 04:00:00,3295.26,3304.85,3277.0,3288.15,6857.239523
2026-01-16 05:00:00,3288.15,3316.0,3284.55,3309.41,4574.057767
2026-01-16 06:00:00,3309.4,3317.18,3302.34,3314.35,3269.420284
2026-01-16 07:00:00,3314.38,3316.0,3301.93,3309.35,2770.6313
2026-01-16 08:00:00,3309.35,3320.33,3308.8,3313.69,4936.543913
2026-01-16 09:00:00,3313.7,3317.15,3307.72,3307.85,1160.775149
2026-01-16 10:00:00,3307.84,3309.01,3295.0,3297.94,1794.23554
2026-01-16 11:00:00,3297.95,3306.87,3293.5,3302.11,2337.286214
2026-01-16 12:00:00,3302.11,3314.55,3300.61,3309.12,2934.959775
2026-01-16 13:00:00,3309.2,3311.0,3295.67,3307.9,2957.250753
2026-01-16 14:00:00,3307.91,3319.36,3290.76,3294.2,6692.635571
2026-01-16 15:00:00,3294.14,3311.83,3253.44,3264.51,18416.069829
2026-01-16 16:00:00,3264.5,3289.06,3260.08,3279.2,8886.279376
2026-01-16 17:00:00,3279.2,3286.65,3266.42,3284.5,2375.236772
2026-01-16 18:00:00,3284.37,3288.81,3278.01,3278.86,1433.928203
2026-01-16 19:00:00,3278.85,3279.35,3269.02,3276.7,1617.528953
2026-01-16 20:00:00,3276.8,3293.68,3264.46,3293.11,3207.380183
2026-01-16 21:00:00,3293.12,3298.98,3288.36,3294.29,3391.517241
2026-01-16 22:00:00,3294.3,3296.24,3283.01,3294.05,2257.528129
2026-01-16 23:00:00,3294.15,3299.98,3292.14,3296.27,1315.174847
2026-01-17 00:00:00,3296.26,3297.76,3290.22,3293.24,719.369887
2026-01-17 01:00:00,3293.25,3295.89,3288.18,3290.52,1367.53639
2026-01-17 02:00:00,3290.56,3292.68,3284.0,3292.35,905.576196
2026-01-17 03:00:00,3292.36,3292.88,3288.0,3289.4,722.014251
2026-01-17 04:00:00,3289.41,3292.6,3286.02,3292.1,568.028943
2026-01-17 05:00:00,3292.1,3294.29,3289.62,3291.63,590.06646
2026-01-17 06:00:00,3291.55,3294.01,3287.44,3291.55,833.636106
2026-01-17 07:00:00,3291.55,3292.93,3287.27,3291.87,2703.39672
2026-01-17 08:00:00,3291.87,3298.08,3289.29,3296.45,1398.199968
2026-01-17 09:00:00,3296.45,3304.53,3293.6,3298.65,2043.745553
2026-01-17 10:00:00,3298.65,3300.54,3292.36,3296.6,2724.66847
2026-01-17 11:00:00,3296.61,3305.36,3291.99,3302.51,3254.405214
2026-01-17 12:00:00,3302.5,3306.14,3300.02,3302.69,1231.471911
2026-01-17 13:00:00,3302.68,3304.63,3299.69,3303.84,1278.846233
2026-01-17 14:00:00,3303.84,3311.99,3301.6,3310.35,3755.471492
2026-01-17 15:00:00,3310.35,3330.0,3307.71,3329.79,8817.738732
2026-01-17 16:00:00,3329.79,3330.0,3312.35,3319.31,6156.144323
2026-01-17 17:00:00,3319.31,3327.83,3317.45,3319.31,1401.41693
2026-01-17 18:00:00,3319.3,3320.8,3314.33,3317.89,1108.614279
2026-01-17 19:00:00,3317.9,3321.2,3313.61,3316.45,883.818427
2026-01-17 20:00:00,3316.46,3320.3,3314.65,3317.45,595.486271
2026-01-17 21:00:00,3317.45,3317.74,3306.73,3312.8,1121.086015
2026-01-17 22:00:00,3312.79,3312.95,3297.14,3301.9,2062.431299
2026-01-17 23:00:00,3301.91,3310.6,3301.4,3310.59,1319.212625
2026-01-18 00:00:00,3310.59,3314.43,3303.05,3304.8,992.064224
2026-01-18 01:00:00,3304.8,3307.04,3296.31,3301.24,2582.97397
2026-01-18 02:00:00,3301.25,3306.16,3296.8,3303.5,1707.766045
2026-01-18 03:00:00,3303.54,3319.99,3303.3,3316.1,1515.923182
2026-01-18 04:00:00,3316.09,3317.85,3309.81,3312.12,689.19845
2026-01-18 05:00:00,3312.12,3317.99,3310.9,3315.93,2048.308585
2026-01-18 06:00:00,3315.93,3317.66,3311.8,3315.57,1067.194087
2026-01-18 07:00:00,3315.57,3315.78,3306.4,3307.23,1554.830471
2026-01-18 08:00:00,3307.23,3316.66,3303.3,3315.48,2224.861468
2026-01-18 09:00:00,3315.48,3325.0,3314.18,3322.85,2656.555345
2026-01-18 10:00:00,3322.85,3325.97,3318.41,3325.61,1133.56481
2026-01-18 11:00:00,3325.61,3325.61,3319.0,3322.22,645.992056
2026-01-18 12:00:00,3322.22,3327.2,3318.7,3322.23,1333.47816
2026-01-18 13:00:00,3322.24,3330.51,3314.64,3326.11,3119.046478
2026-01-18 14:00:00,3326.11,3347.9,3322.78,3325.05,5377.201457
2026-01-18 15:00:00,3325.05,3335.55,3319.18,3334.01,1442.807835
2026-01-18 16:00:00,3334.01,3338.85,3330.0,3333.66,1742.634538
2026-01-18 17:00:00,3333.66,3346.17,3332.2,3345.19,1623.338048
2026-01-18 18:00:00,3345.01,3369.0,3337.04,3361.85,7464.594823
2026-01-18 19:00:00,3361.86,3365.85,3344.61,3346.76,2019.108736
2026-01-18 20:00:00,3346.75,3353.03,3338.16,3341.15,1598.727455
2026-01-18 21:00:00,3341.16,3345.62,3337.05,3341.91,1148.755324
2026-01-18 22:00:00,3341.89,3356.67,3340.1,3350.9,1605.193726
2026-01-18 23:00:00,3350.9,3350.91,3279.18,3284.35,15014.198772
2026-01-19 00:00:00,3284.16,3284.8,3176.0,3212.46,61928.207147
2026-01-19 01:00:00,3212.35,3221.44,3194.64,3207.01,10043.587074
2026-01-19 02:00:00,3207.02,3216.76,3194.19,3204.55,5890.305656
2026-01-19 03:00:00,3204.68,3213.67,3195.33,3212.25,7085.60434
2026-01-19 04:00:00,3212.26,3217.82,3205.0,3212.81,5358.680377
2026-01-19 05:00:00,3212.8,3215.46,3196.2,3202.41,8603.927618
2026-01-19 06:00:00,3202.41,3204.97,3187.77,3195.85,4379.4457
2026-01-19 07:00:00,3195.9,3209.69,3195.9,3207.25,9124.554292
2026-01-19 08:00:00,3207.25,3222.0,3196.78,3214.0,7585.354981
2026-01-19 09:00:00,3214.0,3214.71,3205.2,3209.4,2444.284962
2026-01-19 10:00:00,3209.4,3216.72,3205.53,3215.5,2628.098779
2026-01-19 11:00:00,3215.5,3231.16,3213.25,3223.84,6895.5945
2026-01-19 12:00:00,3223.83,3236.0,3219.27,3224.99,7214.732815
2026-01-19 13:00:00,3225.0,3225.0,3212.6,3218.1,3216.382436
2026-01-19 14:00:00,3218.18,3219.4,3202.1,3212.7,5369.128182
2026-01-19 15:00:00,3212.71,3220.72,3210.02,3215.96,3436.184528
2026-01-19 16:00:00,3215.96,3227.0,3212.52,3223.1,3013.133576
2026-01-19 17:00:00,3223.05,3225.95,3216.82,3219.8,1720.76391
2026-01-19 18:00:00,3219.84,3220.91,3208.03,3214.58,1848.030072
2026-01-19 19:00:00,3214.55,3224.31,3214.55,3219.68,1656.511697
2026-01-19 20:00:00,3219.68,3225.63,3212.28,3214.17,1803.912706
2026-01-19 21:00:00,3214.18,3221.37,3209.94,3212.57,1085.514746
2026-01-19 22:00:00,3212.56,3214.37,3186.31,3188.46,4442.808217
2026-01-19 23:00:00,3188.46,3197.52,3166.0,3189.23,8753.450674
2026-01-20 00:00:00,3189.2,3200.39,3176.71,3184.11,5725.600808
2026-01-20 01:00:00,3184.11,3199.6,3176.0,3193.73,3579.895867
2026-01-20 02:00:00,3193.75,3200.0,3179.32,3192.87,5357.0109
2026-01-20 03:00:00,3192.87,3195.1,3184.0,3188.84,2395.348264
2026-01-20 04:00:00,3188.84,3189.45,3168.64,3173.05,4351.715921
2026-01-20 05:00:00,3173.05,3175.56,3152.46,3171.76,12155.763667
2026-01-20 06:00:00,3171.75,3172.5,3110.11,3117.06,17736.286517
2026-01-20 07:00:00,3117.06,3131.89,3112.36,3123.46,7152.433554
2026-01-20 08:00:00,3123.46,3124.09,3086.0,3106.87,18048.015586
2026-01-20 09:00:00,3106.87,3109.02,3088.34,3094.36,6328.263523
2026-01-20 10:00:00,3094.36,3108.99,3091.33,3103.02,2824.507832
2026-01-20 11:00:00,3103.02,3112.96,3103.02,3109.64,2229.707655
2026-01-20 12:00:00,3109.65,3115.0,3102.53,3111.05,1883.901271
2026-01-20 13:00:00,3111.05,3113.0,3073.61,3078.84,7827.97719
2026-01-20 14:00:00,3078.85,3088.98,3033.95,3047.33,23480.966271
2026-01-20 15:00:00,3047.25,3049.99,2995.27,3032.84,24575.672568
2026-01-20 16:00:00,3032.85,3043.0,2998.59,3009.33,8520.5522
2026-01-20 17:00:00,3009.3,3023.67,2983.67,2999.8,10156.137718
2026-01-20 18:00:00,2999.76,3009.14,2987.76,2992.02,5016.668544
2026-01-20 19:00:00,2992.01,3003.3,2980.21,2996.45,3028.42728
2026-01-20 20:00:00,2996.46,3007.53,2986.25,3006.56,3693.918285
2026-01-20 21:00:00,3007.01,3007.59,2989.99,2993.5,1194.46242
2026-01-20 22:00:00,2993.46,2999.19,2907.4,2951.6,25540.882026
2026-01-20 23:00:00,2951.6,2952.45,2930.15,2939.91,7936.921726
2026-01-21 00:00:00,2939.91,2969.41,2921.98,2960.16,11883.523495
2026-01-21 01:00:00,2960.16,2974.54,2955.4,2965.32,7058.763393
2026-01-21 02:00:00,2965.31,2975.4,2958.15,2961.5,3631.383631
2026-01-21 03:00:00,2961.55,2984.69,2961.01,2981.81,3643.488439
2026-01-21 04:00:00,2981.81,2985.55,2974.81,2979.3,2758.698533
2026-01-21 05:00:00,2979.31,3002.47,2978.06,2993.0,5361.581844
2026-01-21 06:00:00,2993.0,2993.77,2975.33,2980.21,3540.692152
2026-01-21 07:00:00,2980.21,2985.71,2966.04,2970.74,8838.965763
2026-01-21 08:00:00,2970.5,2974.53,2956.42,2965.3,5374.466161
2026-01-21 09:00:00,2965.29,2974.84,2949.61,2953.88,3434.324418
2026-01-21 10:00:00,2953.89,2970.0,2952.06,2964.01,2539.216596
2026-01-21 11:00:00,2964.0,2971.63,2938.0,2943.4,4737.418093
2026-01-21 12:00:00,2943.4,2946.55,2902.64,2931.7,14769.899899
2026-01-21 13:00:00,2931.73,2945.54,2920.59,2928.25,7773.534095
2026-01-21 14:00:00,2928.25,2995.86,2924.6,2981.07,22671.393845
2026-01-21 15:00:00,2980.99,3026.47,2975.01,3002.62,19225.192129
2026-01-21 16:00:00,3002.62,3005.53,2886.04,2891.87,24155.822717
2026-01-21 17:00:00,2891.86,2914.36,2866.36,2904.01,17712.189656
2026-01-21 18:00:00,2904.01,2933.94,2888.05,2927.58,5876.51331
2026-01-21 19:00:00,2927.58,3069.5,2916.71,3055.45,26163.22708
2026-01-21 20:00:00,3055.46,3058.0,3003.55,3032.09,15987.159512
2026-01-21 21:00:00,3031.78,3044.09,3021.05,3031.47,4680.721146
2026-01-21 22:00:00,3031.39,3045.67,3009.38,3010.32,3319.178704
2026-01-21 23:00:00,3010.32,3025.43,2970.0,2982.18,7817.096407
2026-01-22 00:00:00,2982.18,3011.18,2980.64,3005.46,5168.039174
2026-01-22 01:00:00,3005.59,3034.54,3002.61,3028.78,6161.617317
2026-01-22 02:00:00,3028.71,3038.45,3015.35,3017.82,4452.809561
2026-01-22 03:00:00,3017.85,3031.53,2999.8,3013.53,4167.736463
2026-01-22 04:00:00,3013.52,3025.25,3011.45,3022.79,1919.711453
2026-01-22 05:00:00,3022.84,3027.8,3014.63,3019.99,1880.429389
2026-01-22 06:00:00,3020.0,3027.6,3009.12,3019.21,3850.0483
2026-01-22 07:00:00,3019.21,3022.58,3000.57,3001.05,3478.428866
2026-01-22 08:00:00,3001.05,3008.2,2992.61,3005.81,5873.339153
2026-01-22 09:00:00,3005.81,3016.51,3003.25,3013.76,2664.554917
2026-01-22 10:00:00,3013.76,3015.0,3000.11,3003.05,3748.368982
2026-01-22 11:00:00,3003.04,3007.16,2978.16,2986.84,4464.758137
2026-01-22 12:00:00,2986.84,2998.69,2975.29,2991.0,4828.549559
2026-01-22 13:00:00,2991.1,3010.77,2962.09,2973.01,9671.291992
2026-01-22 14:00:00,2973.02,2983.51,2935.36,2940.88,16565.88823
2026-01-22 15:00:00,2940.89,2968.63,2905.4,2942.24,13126.498797
2026-01-22 16:00:00,2942.07,2958.68,2924.0,2946.51,5216.952966
2026-01-22 17:00:00,2946.5,2964.02,2935.2,2962.03,3119.524045
2026-01-22 18:00:00,2962.0,2972.93,2938.76,2939.74,4047.227775
2026-01-22 19:00:00,2939.75,2963.26,2928.66,2954.09,3045.140674
2026-01-22 20:00:00,2954.08,2957.79,2930.83,2939.15,3308.626438
2026-01-22 21:00:00,2939.16,2951.7,2933.77,2946.14,2539.238146
2026-01-22 22:00:00,2946.15,2959.77,2943.28,2951.88,2926.735422
2026-01-22 23:00:00,2951.83,2956.24,2940.98,2952.89,2389.192744
2026-01-23 00:00:00,2952.89,2957.46,2946.4,2953.55,1986.012005
2026-01-23 01:00:00,2953.62,2970.09,2953.2,2969.26,1787.243956
2026-01-23 02:00:00,2969.25,2972.28,2953.0,2953.0,2244.454913
2026-01-23 03:00:00,2953.01,2965.47,2952.05,2964.46,1324.589187
2026-01-23 04:00:00,2964.5,2984.57,2963.06,2978.1,4092.220708
2026-01-23 05:00:00,2978.11,2978.6,2964.2,2968.64,2621.452867
2026-01-23 06:00:00,2968.64,2975.6,2937.04,2939.98,5501.399372
2026-01-23 07:00:00,2939.99,2951.69,2935.4,2948.76,8744.642826
2026-01-23 08:00:00,2948.85,2951.39,2922.59,2927.51,7108.429011
2026-01-23 09:00:00,2927.5,2935.2,2915.5,2921.26,4574.36847
2026-01-23 10:00:00,2921.26,2934.54,2915.06,2931.03,4863.289196
2026-01-23 11:00:00,2931.02,2946.64,2928.54,2940.91,3134.24412
2026-01-23 12:00:00,2940.92,2940.92,2929.22,2935.0,1635.907555
2026-01-23 13:00:00,2935.01,2944.3,2927.28,2930.84,5725.934461
2026-01-23 14:00:00,2930.85,2942.18,2892.12,2916.13,18729.800891
2026-01-23 15:00:00,2916.14,2965.43,2899.6,2952.52,14748.590406
2026-01-23 16:00:00,2952.64,2979.99,2938.42,2967.99,8656.014345
2026-01-23 17:00:00,2968.0,3019.53,2960.0,2987.44,14303.485085
2026-01-23 18:00:00,2987.43,3007.36,2978.35,2988.37,9286.935684
2026-01-23 19:00:00,2988.38,2988.73,2946.67,2959.98,8354.564219
2026-01-23 20:00:00,2960.0,2964.02,2930.66,2940.37,3815.656406
2026-01-23 21:00:00,2940.11,2953.15,2938.34,2944.24,1318.915626
2026-01-23 22:00:00,2944.06,2962.14,2943.35,2959.77,1911.273594
2026-01-23 23:00:00,2959.76,2959.76,2951.24,2956.25,681.761559
2026-01-24 00:00:00,2956.26,2959.17,2949.31,2951.01,1333.265534
2026-01-24 01:00:00,2951.01,2959.4,2950.0,2956.02,991.359417
2026-01-24 02:00:00,2956.0,2962.29,2954.55,2959.47,692.346637
2026-01-24 03:00:00,2959.48,2970.13,2957.2,2962.63,1625.795436
2026-01-24 04:00:00,2962.63,2966.66,2959.02,2963.18,1328.745888
2026-01-24 05:00:00,2963.18,2965.6,2957.0,2961.0,1501.482651
2026-01-24 06:00:00,2961.0,2963.87,2958.57,2961.39,950.450724
2026-01-24 07:00:00,2961.38,2962.07,2954.11,2957.01,1870.077086
2026-01-24 08:00:00,2957.0,2963.27,2954.82,2962.87,1677.889951
2026-01-24 09:00:00,2962.88,2964.89,2958.61,2960.4,1037.362282
2026-01-24 10:00:00,2960.39,2962.25,2958.45,2961.67,846.30541
2026-01-24 11:00:00,2961.67,2964.41,2960.3,2961.1,488.073616
2026-01-24 12:00:00,2961.1,2964.8,2959.09,2962.32,732.12738
2026-01-24 13:00:00,2962.32,2963.61,2947.95,2948.7,2599.289763
2026-01-24 14:00:00,2948.92,2960.0,2943.64,2959.86,3198.533275
2026-01-24 15:00:00,2959.86,2968.54,2955.32,2957.17,4416.768126
2026-01-24 16:00:00,2957.18,2961.89,2952.11,2959.01,2048.583959
2026-01-24 17:00:00,2959.01,2966.17,2958.01,2964.19,1323.344971
2026-01-24 18:00:00,2964.24,2968.54,2962.06,2963.66,667.910837
2026-01-24 19:00:00,2963.66,2964.44,2952.74,2954.0,2678.888149
2026-01-24 20:00:00,2954.0,2959.0,2953.81,2956.51,612.18348
2026-01-24 21:00:00,2956.51,2958.21,2949.41,2958.21,1475.401698
2026-01-24 22:00:00,2958.22,2964.71,2958.22,2962.99,1130.897809
2026-01-24 23:00:00,2962.99,2964.71,2952.35,2953.5,1398.641965
2026-01-25 00:00:00,2953.5,2958.99,2952.6,2958.99,1461.719611
2026-01-25 01:00:00,2959.0,2960.58,2950.0,2955.27,2223.948858
2026-01-25 02:00:00,2955.28,2957.96,2953.03,2953.21,562.405522
2026-01-25 03:00:00,2953.21,2954.11,2936.8,2942.72,2728.413704
2026-01-25 04:00:00,2942.73,2949.5,2940.07,2945.04,3984.789884
2026-01-25 05:00:00,2945.04,2948.57,2942.0,2947.16,460.25067
2026-01-25 06:00:00,2947.16,2947.59,2933.7,2944.08,1632.420118
2026-01-25 07:00:00,2944.08,2944.09,2938.61,2939.85,1165.80785
2026-01-25 08:00:00,2939.86,2945.0,2920.7,2929.1,4980.277375
2026-01-25 09:00:00,2929.04,2939.53,2926.84,2935.88,2499.273101
2026-01-25 10:00:00,2935.88,2948.24,2935.65,2945.5,2677.715242
2026-01-25 11:00:00,2945.51,2946.4,2932.34,2937.45,2486.61226
2026-01-25 12:00:00,2937.31,2945.18,2932.76,2942.53,2590.783546
2026-01-25 13:00:00,2942.53,2945.42,2935.22,2942.0,1415.113582
2026-01-25 14:00:00,2941.92,2942.91,2924.55,2932.52,3451.21896
2026-01-25 15:00:00,2932.51,2936.13,2922.08,2926.95,1640.349664
2026-01-25 16:00:00,2926.95,2927.86,2876.0,2896.96,20056.101075
2026-01-25 17:00:00,2896.83,2898.72,2878.81,2884.27,4686.64761
2026-01-25 18:00:00,2884.28,2888.8,2827.17,2848.12,31906.2144
2026-01-25 19:00:00,2848.13,2853.83,2797.0,2813.0,21670.531285
2026-01-25 20:00:00,2813.0,2824.11,2787.27,2809.76,18145.792466
2026-01-25 21:00:00,2809.76,2825.45,2802.4,2819.05,10304.370478
2026-01-25 22:00:00,2819.06,2819.29,2789.8,2807.0,8109.237794
2026-01-25 23:00:00,2807.0,2821.39,2786.34,2817.36,8914.943898
2026-01-26 00:00:00,2817.37,2847.17,2812.58,2841.88,10211.311134
2026-01-26 01:00:00,2841.95,2898.53,2838.6,2882.65,13347.865555
2026-01-26 02:00:00,2882.79,2885.18,2863.19,2865.97,8142.315028
2026-01-26 03:00:00,2865.98,2872.52,2841.02,2850.92,5446.590717
2026-01-26 04:00:00,2850.93,2875.67,2850.0,2866.0,4558.265361
2026-01-26 05:00:00,2866.0,2873.0,2860.21,2869.69,1829.851825
2026-01-26 06:00:00,2869.76,2892.42,2866.0,2891.48,4034.608543
2026-01-26 07:00:00,2891.48,2911.0,2886.14,2904.26,7094.144608
2026-01-26 08:00:00,2904.26,2934.76,2897.5,2912.29,8220.708395
2026-01-26 09:00:00,2912.29,2913.22,2881.28,2885.94,5569.700882
2026-01-26 10:00:00,2885.93,2901.62,2884.55,2896.37,1330.556366
2026-01-26 11:00:00,2896.37,2900.71,2888.26,2892.21,1844.908415
2026-01-26 12:00:00,2892.2,2915.74,2892.2,2902.63,3558.795304
2026-01-26 13:00:00,2902.58,2911.39,2897.05,2909.85,2667.789443
2026-01-26 14:00:00,2909.86,2934.69,2875.78,2922.93,18836.154345
2026-01-26 15:00:00,2923.07,2951.42,2887.27,2899.5,16762.331904
2026-01-26 16:00:00,2899.5,2917.6,2891.67,2901.63,10045.077538
2026-01-26 17:00:00,2901.74,2916.3,2886.15,2909.58,6047.211508
2026-01-26 18:00:00,2909.59,2932.95,2908.01,2932.6,6848.169628
2026-01-26 19:00:00,2932.67,2936.66,2918.66,2923.36,3163.969407
2026-01-26 20:00:00,2923.36,2929.42,2898.41,2901.51,3162.733726
2026-01-26 21:00:00,2901.71,2944.38,2893.71,2929.02,6054.273178
2026-01-26 22:00:00,2928.99,2937.45,2920.0,2927.16,2567.918402
2026-01-26 23:00:00,2927.15,2945.44,2918.42,2930.0,4111.715688
2026-01-27 00:00:00,2930.0,2930.91,2917.73,2920.6,1380.941297
2026-01-27 01:00:00,2920.6,2940.02,2912.5,2932.65,3481.422113
2026-01-27 02:00:00,2932.65,2947.9,2932.65,2945.21,2578.937537
2026-01-27 03:00:00,2945.2,2948.99,2936.16,2940.95,1625.133319
2026-01-27 04:00:00,2940.96,2957.0,2936.65,2940.63,3307.239426
2026-01-27 05:00:00,2940.63,2942.29,2933.55,2939.3,1515.906041
2026-01-27 06:00:00,2939.31,2942.92,2924.5,2929.4,1936.88658
2026-01-27 07:00:00,2929.4,2937.49,2927.4,2928.99,1710.129124
2026-01-27 08:00:00,2928.99,2932.69,2920.0,2923.4,1724.85167
2026-01-27 09:00:00,2923.41,2923.41,2907.39,2908.01,2445.575723
2026-01-27 10:00:00,2908.01,2915.53,2902.05,2903.55,3196.247304
2026-01-27 11:00:00,2903.56,2922.76,2900.0,2917.25,3462.929773
2026-01-27 12:00:00,2917.25,2928.44,2915.79,2918.24,1758.997832
2026-01-27 13:00:00,2918.27,2919.29,2906.01,2912.81,1673.264191
2026-01-27 14:00:00,2912.81,2943.97,2907.24,2918.6,7308.825073
2026-01-27 15:00:00,2918.7,2941.92,2913.1,2937.6,4689.875701
2026-01-27 16:00:00,2937.6,2999.0,2934.91,2990.78,18540.447731
2026-01-27 17:00:00,2990.7,2994.4,2918.31,2930.42,10970.439149
2026-01-27 18:00:00,2930.45,2989.6,2926.16,2978.19,8394.737678
2026-01-27 19:00:00,2978.16,2992.29,2965.86,2980.36,4178.219854
2026-01-27 20:00:00,2980.37,3027.96,2979.01,3020.72,13539.852251
2026-01-27 21:00:00,3020.74,3031.08,3005.43,3015.74,5220.699496
2026-01-27 22:00:00,3015.75,3023.46,3004.3,3019.18,3254.572774
2026-01-27 23:00:00,3019.19,3035.0,3010.27,3025.84,5392.3461
2026-01-28 00:00:00,3025.84,3029.32,3015.16,3023.73,3588.10561
2026-01-28 01:00:00,3023.73,3026.58,3007.11,3017.98,2863.73095
2026-01-28 02:00:00,3017.98,3018.31,3005.6,3010.7,1579.91339
2026-01-28 03:00:00,3010.71,3012.16,2996.98,3004.89,4163.27888
2026-01-28 04:00:00,3004.9,3006.93,2992.91,2999.44,5175.334091
2026-01-28 05:00:00,2999.45,3008.68,2996.35,3004.26,2900.519739
2026-01-28 06:00:00,3004.27,3018.32,3003.07,3014.5,2694.356629
2026-01-28 07:00:00,3014.59,3015.25,3001.96,3004.9,3884.322738
2026-01-28 08:00:00,3004.9,3006.39,2988.62,2990.71,3733.878756
2026-01-28 09:00:00,2990.72,3017.6,2986.4,3017.5,4997.735347
2026-01-28 10:00:00,3017.6,3039.82,3012.79,3025.81,7191.068644
2026-01-28 11:00:00,3025.8,3045.79,3014.59,3039.94,6284.989086
2026-01-28 12:00:00,3039.81,3040.74,3024.07,3031.35,5627.555604
2026-01-28 13:00:00,3031.39,3046.0,3029.46,3034.66,3378.28231
2026-01-28 14:00:00,3034.66,3035.19,3007.39,3013.22,13604.304445
2026-01-28 15:00:00,3013.29,3021.34,2983.06,3007.83,9760.42959
2026-01-28 16:00:00,3007.89,3018.0,2996.05,2999.86,3963.810603
2026-01-28 17:00:00,2999.85,3032.0,2989.31,3014.93,5614.703463
2026-01-28 18:00:00,3014.94,3024.71,3000.26,3015.61,4180.512938
2026-01-28 19:00:00,3015.2,3024.31,2996.98,3016.75,7145.681654
2026-01-28 20:00:00,3016.74,3038.45,3008.54,3012.03,5273.029204
2026-01-28 21:00:00,3012.03,3023.64,2996.74,3021.79,2938.407663
2026-01-28 22:00:00,3021.82,3027.22,3008.8,3018.76,1333.137356
2026-01-28 23:00:00,3018.77,3023.04,3008.21,3010.79,818.113109
2026-01-29 00:00:00,3010.69,3013.52,2996.68,3009.5,1707.332667
2026-01-29 01:00:00,3009.49,3011.61,2987.34,2992.86,2998.174437
2026-01-29 02:00:00,2992.85,2999.2,2944.62,2959.54,13017.982832
2026-01-29 03:00:00,2959.46,2972.8,2947.78,2952.86,7017.779738
2026-01-29 04:00:00,2952.86,2960.66,2937.86,2959.36,3187.822648
2026-01-29 05:00:00,2959.36,2965.64,2948.03,2951.4,1516.82363
2026-01-29 06:00:00,2951.45,2959.45,2950.21,2956.36,1479.967708
2026-01-29 07:00:00,2956.36,2965.0,2955.82,2961.9,3725.038179
2026-01-29 08:00:00,2961.94,2969.87,2943.52,2952.75,5772.77385
2026-01-29 09:00:00,2952.76,2955.35,2942.69,2942.69,3017.378132
2026-01-29 10:00:00,2942.69,2949.32,2941.77,2944.78,1702.874108
2026-01-29 11:00:00,2944.78,2945.5,2923.81,2929.35,7497.476695
2026-01-29 12:00:00,2929.36,2938.89,2926.0,2936.65,2355.879651
2026-01-29 13:00:00,2936.65,2939.33,2931.61,2936.08,1018.580359
2026-01-29 14:00:00,2936.1,2937.1,2875.86,2876.45,10149.049726
2026-01-29 15:00:00,2876.6,2877.58,2796.55,2824.55,38371.484039
2026-01-29 16:00:00,2824.54,2836.73,2802.03,2835.41,13845.217709
2026-01-29 17:00:00,2835.41,2860.39,2819.01,2824.51,10578.598982
2026-01-29 18:00:00,2824.57,2834.7,2754.32,2764.14,24248.932264
2026-01-29 19:00:00,2764.01,2811.3,2758.34,2797.5,12510.632523
2026-01-29 20:00:00,2797.65,2812.65,2789.41,2806.44,6197.810563
2026-01-29 21:00:00,2806.45,2825.2,2805.5,2819.92,3996.958829
2026-01-29 22:00:00,2820.0,2825.39,2810.19,2820.39,2122.577525
2026-01-29 23:00:00,2820.4,2827.91,2813.0,2822.58,2527.944313
2026-01-30 00:00:00,2822.58,2828.93,2802.64,2805.0,3457.746956
2026-01-30 01:00:00,2805.01,2813.21,2682.32,2747.17,41686.049691
2026-01-30 02:00:00,2746.9,2751.08,2699.1,2736.54,18273.850003
2026-01-30 03:00:00,2736.79,2747.84,2733.87,2741.06,5000.000722
2026-01-30 04:00:00,2741.06,2774.83,2738.16,2752.89,6681.663185
2026-01-30 05:00:00,2752.95,2760.82,2746.84,2747.05,4101.660262
2026-01-30 06:00:00,2747.2,2748.6,2696.29,2718.36,8306.709756
2026-01-30 07:00:00,2718.35,2751.11,2718.05,2740.44,18049.40769
2026-01-30 08:00:00,2740.44,2748.61,2722.67,2737.81,5484.792696
2026-01-30 09:00:00,2737.81,2744.41,2710.04,2722.1,5494.604852
2026-01-30 10:00:00,2722.1,2737.0,2711.19,2736.25,4350.196435
2026-01-30 11:00:00,2736.24,2769.06,2734.65,2759.89,5611.030953
2026-01-30 12:00:00,2759.89,2766.81,2737.59,2740.77,4092.497345
2026-01-30 13:00:00,2740.78,2751.42,2719.54,2730.14,5942.151246
2026-01-30 14:00:00,2730.14,2764.68,2724.64,2737.21,10359.367635
2026-01-30 15:00:00,2737.27,2752.93,2693.66,2729.47,16681.979095
2026-01-30 16:00:00,2729.37,2744.47,2706.18,2726.71,7826.359745
2026-01-30 17:00:00,2726.71,2741.03,2706.76,2712.64,7197.714146
2026-01-30 18:00:00,2712.65,2750.27,2636.8,2741.09,31677.17272
2026-01-30 19:00:00,2740.5,2761.47,2734.75,2742.36,23490.136525
2026-01-30 20:00:00,2742.35,2742.86,2665.0,2680.61,18736.609554
2026-01-30 21:00:00,2680.88,2715.58,2677.24,2704.72,10255.043606
2026-01-30 22:00:00,2705.11,2709.99,2693.21,2709.99,2585.198711
2026-01-30 23:00:00,2709.84,2711.78,2694.39,2707.22,3181.546588
2026-01-31 00:00:00,2707.25,2714.81,2703.0,2706.29,1846.597522
2026-01-31 01:00:00,2706.4,2714.73,2699.02,2699.9,2657.036054
2026-01-31 02:00:00,2699.99,2708.59,2684.21,2701.99,5554.402573
2026-01-31 03:00:00,2702.0,2706.65,2694.8,2696.07,1419.175055
2026-01-31 04:00:00,2696.06,2705.08,2693.37,2695.91,3049.346495
2026-01-31 05:00:00,2695.92,2703.64,2691.01,2698.09,1595.164534
2026-01-31 06:00:00,2698.1,2701.07,2684.22,2692.8,3449.030196
2026-01-31 07:00:00,2692.8,2694.36,2668.0,2680.5,6003.502967
2026-01-31 08:00:00,2680.49,2683.85,2609.64,2644.05,25431.920403
2026-01-31 09:00:00,2644.27,2659.92,2634.03,2648.67,9418.079637
2026-01-31 10:00:00,2648.7,2655.84,2636.41,2651.65,2880.659984
2026-01-31 11:00:00,2651.65,2651.65,2634.29,2640.73,5010.509962
2026-01-31 12:00:00,2640.71,2644.53,2628.17,2633.34,7020.092023
2026-01-31 13:00:00,2633.35,2637.37,2618.15,2629.35,5971.361041
2026-01-31 14:00:00,2629.34,2636.57,2508.0,2538.91,60575.251966
2026-01-31 15:00:00,2538.74,2555.15,2526.4,2534.34,13448.476977
2026-01-31 16:00:00,2534.31,2551.28,2468.1,2482.8,40004.459925
2026-01-31 17:00:00,2482.8,2495.21,2359.0,2403.05,69862.620534
2026-01-31 18:00:00,2403.0,2417.25,2240.2,2380.64,105592.464822
2026-01-31 19:00:00,2380.68,2433.66,2372.48,2382.73,47217.370858
2026-01-31 20:00:00,2382.81,2407.93,2354.1,2382.38,18231.384653
2026-01-31 21:00:00,2382.37,2424.17,2373.03,2419.48,14509.516254
2026-01-31 22:00:00,2419.69,2425.95,2406.28,2419.06,7105.623971
2026-01-31 23:00:00,2419.23,2473.92,2416.76,2452.2,17004.751625
2026-02-01 00:00:00,2451.95,2476.3,2446.05,2452.19,9602.966785
2026-02-01 01:00:00,2452.16,2455.85,2429.03,2444.64,8217.435752
2026-02-01 02:00:00,2444.64,2461.73,2440.28,2452.61,4231.92595
2026-02-01 03:00:00,2452.8,2456.69,2438.17,2445.62,3204.864869
2026-02-01 04:00:00,2445.56,2454.95,2441.56,2448.31,5000.39475
2026-02-01 05:00:00,2448.31,2449.46,2424.3,2430.91,7251.409651
2026-02-01 06:00:00,2430.9,2440.37,2408.37,2418.6,7556.297642
2026-02-01 07:00:00,2418.61,2438.85,2393.62,2411.61,14331.950833
2026-02-01 08:00:00,2411.6,2428.87,2396.65,2413.15,10202.447577
2026-02-01 09:00:00,2413.16,2437.9,2406.81,2432.42,4663.282973
2026-02-01 10:00:00,2432.45,2439.15,2376.48,2381.01,11864.05382
2026-02-01 11:00:00,2381.01,2423.93,2381.01,2412.04,6806.878489
2026-02-01 12:00:00,2412.05,2412.65,2383.42,2395.79,9750.150187
2026-02-01 13:00:00,2395.8,2410.34,2369.68,2381.05,10305.007318
2026-02-01 14:00:00,2381.07,2389.45,2327.4,2373.38,36490.311898
2026-02-01 15:00:00,2373.11,2373.49,2286.58,2315.85,41459.736139
2026-02-01 16:00:00,2315.89,2333.93,2284.0,2304.4,19336.550773
2026-02-01 17:00:00,2304.4,2322.1,2297.27,2314.63,15969.115417
2026-02-01 18:00:00,2314.52,2378.71,2313.78,2351.2,17640.683972
2026-02-01 19:00:00,2351.2,2357.02,2306.65,2320.62,9911.284219
2026-02-01 20:00:00,2320.62,2349.65,2298.89,2316.28,16917.842448
2026-02-01 21:00:00,2316.27,2319.82,2278.73,2290.9,13721.307
2026-02-01 22:00:00,2290.92,2335.22,2287.22,2318.99,11895.266153
2026-02-01 23:00:00,2319.09,2321.73,2220.0,2270.47,46815.202427
2026-02-02 00:00:00,2270.48,2324.49,2242.71,2293.14,18177.768727
2026-02-02 01:00:00,2293.25,2318.56,2250.41,2291.46,13811.962649
2026-02-02 02:00:00,2291.43,2300.97,2260.0,2262.58,8500.022803
2026-02-02 03:00:00,2262.59,2268.27,2165.79,2238.56,64533.450786
2026-02-02 04:00:00,2238.91,2268.4,2207.75,2240.57,19265.174304
2026-02-02 05:00:00,2240.57,2243.06,2184.57,2198.21,30645.961332
2026-02-02 06:00:00,2198.24,2241.01,2156.97,2227.48,39100.114771
2026-02-02 07:00:00,2227.49,2253.89,2217.66,2228.87,17502.791159
2026-02-02 08:00:00,2228.68,2258.93,2227.42,2249.41,13936.537553
2026-02-02 09:00:00,2249.41,2319.52,2237.84,2291.59,31594.110269
2026-02-02 10:00:00,2291.55,2299.77,2274.05,2278.11,11343.833757
2026-02-02 11:00:00,2278.11,2298.12,2273.0,2282.3,12258.195436
2026-02-02 12:00:00,2282.35,2318.25,2282.2,2311.89,15414.669961
2026-02-02 13:00:00,2311.87,2336.02,2302.16,2328.01,13299.213517
2026-02-02 14:00:00,2328.0,2368.64,2299.22,2328.69,39900.784268
2026-02-02 15:00:00,2328.84,2396.78,2318.04,2372.66,33133.391815
2026-02-02 16:00:00,2372.71,2387.89,2350.0,2358.99,18129.516667
2026-02-02 17:00:00,2358.99,2381.69,2341.04,2356.6,12943.225116
2026-02-02 18:00:00,2356.56,2359.85,2333.8,2344.67,9548.275319
2026-02-02 19:00:00,2344.65,2350.74,2327.65,2331.11,8262.897195
2026-02-02 20:00:00,2331.1,2341.62,2312.24,2321.38,10370.996413
2026-02-02 21:00:00,2321.71,2345.17,2319.0,2341.92,3740.175544
2026-02-02 22:00:00,2341.92,2354.7,2335.78,2351.11,3026.983314
2026-02-02 23:00:00,2351.14,2356.1,2339.79,2347.0,3040.420036
2026-02-03 00:00:00,2346.99,2355.54,2325.17,2354.04,5379.659116
2026-02-03 01:00:00,2354.04,2359.78,2337.81,2354.62,2876.592271
2026-02-03 02:00:00,2354.63,2355.07,2297.15,2298.7,8781.494389
2026-02-03 03:00:00,2298.61,2345.15,2284.0,2343.9,15947.748167
2026-02-03 04:00:00,2343.81,2355.76,2333.36,2345.84,5067.298811
2026-02-03 05:00:00,2345.84,2346.2,2315.12,2316.52,4862.463782
2026-02-03 06:00:00,2316.5,2328.74,2297.9,2320.41,9929.262002
2026-02-03 07:00:00,2320.41,2333.78,2312.79,2323.14,10078.544876
2026-02-03 08:00:00,2323.15,2332.99,2308.86,2315.77,8573.048189
2026-02-03 09:00:00,2315.76,2318.9,2261.78,2292.17,21700.353724
2026-02-03 10:00:00,2292.17,2299.75,2276.41,2281.83,6117.266572
2026-02-03 11:00:00,2281.84,2288.43,2270.27,2276.56,6802.58065
2026-02-03 12:00:00,2276.65,2306.0,2272.23,2301.51,6179.754499
2026-02-03 13:00:00,2301.5,2317.51,2296.25,2312.3,6403.682362
2026-02-03 14:00:00,2312.5,2317.14,2254.63,2257.17,15621.146494
2026-02-03 15:00:00,2257.16,2314.0,2252.0,2303.32,23330.207789
2026-02-03 16:00:00,2303.36,2303.9,2235.83,2241.14,27663.907002
2026-02-03 17:00:00,2241.13,2244.79,2194.0,2195.0,19753.818944
2026-02-03 18:00:00,2195.46,2207.65,2108.0,2120.66,62354.135497
2026-02-03 19:00:00,2120.66,2218.77,2112.36,2205.75,33855.873773
2026-02-03 20:00:00,2205.71,2345.0,2188.12,2299.56,42347.619388
2026-02-03 21:00:00,2299.95,2337.33,2279.32,2283.99,12251.648984
2026-02-03 22:00:00,2284.0,2286.4,2228.8,2236.64,10712.710596
2026-02-03 23:00:00,2236.61,2248.7,2212.66,2233.81,9782.787279
2026-02-04 00:00:00,2233.81,2256.94,2223.83,2241.24,7765.277223
2026-02-04 01:00:00,2241.25,2282.19,2241.25,2268.71,6420.239815
2026-02-04 02:00:00,2268.61,2276.89,2242.62,2252.11,4783.649706
2026-02-04 03:00:00,2252.0,2295.8,2248.82,2283.49,10472.704827
2026-02-04 04:00:00,2283.49,2290.0,2270.46,2273.6,5826.586921
2026-02-04 05:00:00,2273.6,2280.31,2256.03,2265.48,5210.851213
2026-02-04 06:00:00,2265.24,2284.47,2258.36,2277.45,8491.490621
2026-02-04 07:00:00,2277.46,2293.27,2263.91,2283.95,10582.34046
2026-02-04 08:00:00,2283.94,2286.72,2266.77,2280.07,4273.204552
2026-02-04 09:00:00,2280.05,2280.05,2251.55,2261.1,5454.477378
2026-02-04 10:00:00,2261.1,2264.58,2250.63,2260.92,3883.374115
2026-02-04 11:00:00,2260.91,2268.7,2226.36,2254.88,16471.914734
2026-02-04 12:00:00,2254.94,2263.32,2231.73,2243.65,8299.137415
2026-02-04 13:00:00,2244.2,2246.27,2197.51,2198.6,12712.905213
2026-02-04 14:00:00,2198.56,2227.27,2164.94,2172.06,24582.827258
2026-02-04 15:00:00,2172.25,2197.69,2136.7,2151.96,31698.517465
2026-02-04 16:00:00,2152.01,2161.21,2105.44,2135.42,34914.781942
2026-02-04 17:00:00,2135.41,2155.17,2093.51,2126.41,33934.180226
2026-02-04 18:00:00,2126.26,2186.77,2076.88,2148.16,59399.971239
2026-02-04 19:00:00,2148.14,2197.03,2133.63,2188.46,35507.075898
2026-02-04 20:00:00,2188.51,2193.13,2162.13,2172.25,9115.449416
2026-02-04 21:00:00,2172.24,2181.16,2108.6,2129.82,15165.765934
2026-02-04 22:00:00,2129.8,2168.73,2087.69,2120.46,17701.254101
2026-02-04 23:00:00,2120.28,2166.0,2115.55,2148.11,13080.68494
2026-02-05 00:00:00,2148.1,2164.64,2136.8,2150.05,5819.923457
2026-02-05 01:00:00,2150.15,2174.62,2123.15,2148.68,10796.724445
2026-02-05 02:00:00,2148.61,2163.67,2113.25,2123.62,14501.396716
2026-02-05 03:00:00,2124.39,2136.83,2098.55,2110.19,14030.047436
2026-02-05 04:00:00,2110.15,2125.7,2078.76,2103.95,21587.161881
2026-02-05 05:00:00,2103.91,2124.57,2077.83,2101.69,20700.155949
2026-02-05 06:00:00,2101.7,2107.9,2068.0,2087.71,18899.459102
2026-02-05 07:00:00,2087.7,2124.44,2086.0,2091.89,18319.587123
2026-02-05 08:00:00,2091.9,2121.39,2091.7,2112.03,10310.855681
2026-02-05 09:00:00,2112.04,2149.99,2111.21,2133.62,16109.522187
2026-02-05 10:00:00,2133.63,2140.55,2086.54,2097.95,13331.36933
2026-02-05 11:00:00,2097.95,2105.47,2062.01,2079.88,31574.111763
2026-02-05 12:00:00,2079.91,2094.36,2042.79,2063.91,26581.609423
2026-02-05 13:00:00,2063.99,2081.61,2049.19,2058.76,18467.878848
2026-02-05 14:00:00,2058.77,2106.84,2042.68,2047.07,25318.827234
2026-02-05 15:00:00,2046.65,2054.86,1926.97,1961.0,111680.797252
2026-02-05 16:00:00,1961.01,2018.28,1944.39,1998.7,48534.338927
2026-02-05 17:00:00,1998.75,2001.99,1942.85,1954.8,30110.654175
2026-02-05 18:00:00,1954.6,1968.85,1913.47,1949.92,30648.358542
2026-02-05 19:00:00,1950.12,1953.24,1918.0,1928.77,12633.427748
2026-02-05 20:00:00,1928.92,1942.89,1824.71,1869.6,88576.85092
2026-02-05 21:00:00,1869.81,1912.74,1840.21,1850.6,49931.337839
2026-02-05 22:00:00,1850.41,1890.0,1816.15,1870.5,34459.379573
2026-02-05 23:00:00,1870.5,1907.52,1820.23,1826.71,39471.829504
2026-02-06 00:00:00,1826.7,1892.99,1744.0,1870.9,135972.661734
2026-02-06 01:00:00,1870.88,1940.44,1870.41,1932.1,45600.274223
2026-02-06 02:00:00,1932.09,1947.98,1890.88,1907.6,21231.660923
2026-02-06 03:00:00,1907.81,1917.53,1879.43,1892.1,17532.390901
2026-02-06 04:00:00,1892.1,1918.3,1886.19,1909.51,13086.899428
2026-02-06 05:00:00,1909.2,1975.91,1906.8,1958.77,20798.17469
2026-02-06 06:00:00,1958.84,1967.45,1907.0,1909.21,23578.372493
2026-02-06 07:00:00,1908.8,1915.66,1887.35,1899.9,23061.723402
2026-02-06 08:00:00,1899.71,1907.43,1866.73,1875.09,26618.941898
2026-02-06 09:00:00,1875.1,1929.46,1871.62,1919.36,20810.866704
2026-02-06 10:00:00,1919.36,1937.17,1910.2,1926.99,14179.017996
2026-02-06 11:00:00,1926.95,1939.83,1920.01,1933.2,8897.35913
2026-02-06 12:00:00,1932.8,1932.8,1915.05,1921.46,7579.89059
2026-02-06 13:00:00,1921.46,1962.99,1919.61,1950.24,17114.016525
2026-02-06 14:00:00,1950.24,2003.79,1933.34,1979.0,34254.081899
2026-02-06 15:00:00,1979.0,1997.89,1961.12,1980.66,23784.912845
2026-02-06 16:00:00,1980.66,2048.19,1971.52,2036.31,37060.344657
2026-02-06 17:00:00,2036.31,2091.0,2027.76,2067.41,32252.490834
2026-02-06 18:00:00,2067.41,2070.57,2030.5,2045.0,19587.052259
2026-02-06 19:00:00,2045.01,2072.49,2033.67,2066.11,12750.582701
2026-02-06 20:00:00,2066.11,2094.57,2044.1,2054.02,24290.484957
2026-02-06 21:00:00,2054.24,2062.24,2041.98,2054.25,8598.487142
2026-02-06 22:00:00,2054.3,2085.88,2046.31,2075.26,11123.100148
2026-02-06 23:00:00,2075.25,2087.95,2050.4,2063.3,9866.930702
2026-02-07 00:00:00,2063.41,2064.58,2037.15,2043.5,13607.728238
2026-02-07 01:00:00,2043.63,2066.8,2033.0,2062.0,11937.514961
2026-02-07 02:00:00,2062.0,2065.4,2048.87,2059.47,11216.206047
2026-02-07 03:00:00,2059.46,2086.35,2058.44,2080.94,13906.210914
2026-02-07 04:00:00,2080.93,2119.79,2079.0,2087.17,19541.402609
2026-02-07 05:00:00,2087.17,2103.97,2077.96,2083.87,6737.977836
2026-02-07 06:00:00,2083.86,2093.33,2047.21,2047.81,10112.997782
2026-02-07 07:00:00,2047.91,2055.98,1993.61,2027.03,38123.908547
2026-02-07 08:00:00,2027.19,2032.52,2015.39,2019.29,8537.147444
2026-02-07 09:00:00,2019.3,2030.0,2005.24,2014.63,5868.578417
2026-02-07 10:00:00,2014.62,2019.8,1999.91,2010.91,5812.449746
2026-02-07 11:00:00,2010.71,2021.97,2007.0,2018.92,4359.371166
2026-02-07 12:00:00,2018.93,2076.13,2017.08,2041.61,28017.986868
2026-02-07 13:00:00,2041.75,2051.34,2028.58,2041.99,8918.164624
2026-02-07 14:00:00,2041.99,2050.0,2009.41,2020.55,12327.855891
2026-02-07 15:00:00,2020.55,2064.27,2014.51,2052.58,9657.248713
2026-02-07 16:00:00,2052.58,2125.0,2006.88,2050.58,228955.901396
2026-02-07 17:00:00,2050.4,2073.26,2032.2,2061.03,10283.447067
2026-02-07 18:00:00,2061.03,2109.77,2058.57,2096.92,17544.057532
2026-02-07 19:00:00,2097.0,2101.1,2083.78,2091.36,3562.445203
2026-02-07 20:00:00,2091.21,2115.0,2084.44,2105.17,6055.059925
2026-02-07 21:00:00,2105.17,2110.83,2097.68,2100.53,5155.287809
2026-02-07 22:00:00,2100.62,2107.5,2087.21,2088.9,2307.605718
2026-02-07 23:00:00,2089.03,2095.7,2071.53,2087.31,5912.360751
2026-02-08 00:00:00,2087.34,2094.8,2076.83,2084.28,3201.572895
2026-02-08 01:00:00,2084.35,2098.12,2082.39,2096.2,5237.907121
2026-02-08 02:00:00,2096.23,2107.66,2082.36,2089.2,5441.964769
2026-02-08 03:00:00,2089.25,2093.38,2077.15,2078.84,3466.547646
2026-02-08 04:00:00,2078.85,2089.1,2066.23,2087.76,4998.392369
2026-02-08 05:00:00,2087.76,2088.67,2078.61,2084.75,2653.035258
2026-02-08 06:00:00,2084.75,2089.0,2077.07,2079.41,3122.50601
2026-02-08 07:00:00,2079.55,2084.6,2068.33,2084.58,5886.418562
2026-02-08 08:00:00,2084.58,2125.22,2078.16,2115.8,15129.698873
2026-02-08 09:00:00,2115.96,2123.27,2095.22,2100.4,6265.028354
2026-02-08 10:00:00,2100.5,2114.3,2083.91,2096.08,7684.167411
2026-02-08 11:00:00,2096.1,2138.0,2094.23,2132.15,12499.62302
2026-02-08 12:00:00,2132.16,2145.72,2125.69,2131.43,9777.917077
2026-02-08 13:00:00,2131.43,2141.47,2117.39,2126.65,9798.36754
2026-02-08 14:00:00,2126.64,2129.6,2116.0,2128.93,4993.009465
2026-02-08 15:00:00,2128.99,2130.98,2097.17,2108.61,10372.298599
2026-02-08 16:00:00,2108.64,2116.47,2072.86,2081.21,8475.965141
2026-02-08 17:00:00,2081.02,2099.34,2080.27,2092.28,5081.663173
2026-02-08 18:00:00,2092.35,2122.72,2090.69,2109.5,6755.17396
2026-02-08 19:00:00,2109.31,2129.71,2107.71,2126.74,3141.909649
2026-02-08 20:00:00,2127.0,2127.4,2100.21,2104.66,3207.11575
2026-02-08 21:00:00,2104.65,2115.22,2090.0,2094.0,4390.733745
2026-02-08 22:00:00,2094.01,2112.5,2093.75,2108.61,3228.069022
2026-02-08 23:00:00,2108.69,2152.46,2071.37,2090.01,16110.70635
2026-02-09 00:00:00,2090.0,2097.29,2076.3,2084.4,5280.919802
2026-02-09 01:00:00,2084.31,2101.23,2054.19,2071.0,13914.68658
2026-02-09 02:00:00,2071.0,2095.55,2065.82,2081.65,6247.760276
2026-02-09 03:00:00,2081.65,2103.43,2081.36,2100.01,5165.690204
2026-02-09 04:00:00,2100.0,2101.79,2086.66,2090.46,4072.306601
2026-02-09 05:00:00,2090.45,2097.31,2083.68,2095.78,3695.088069
2026-02-09 06:00:00,2095.99,2095.99,2072.63,2081.7,5632.51329
2026-02-09 07:00:00,2081.69,2087.87,2065.06,2065.9,7371.957313
2026-02-09 08:00:00,2065.9,2070.43,2034.67,2050.04,14176.775364
2026-02-09 09:00:00,2049.99,2058.52,2034.67,2042.35,6397.040633
2026-02-09 10:00:00,2042.34,2047.56,2013.66,2022.76,12806.49228
2026-02-09 11:00:00,2022.83,2036.8,2020.84,2028.3,7967.148633
2026-02-09 12:00:00,2028.31,2039.36,2027.42,2035.74,4059.698109
2026-02-09 13:00:00,2035.74,2050.34,2022.66,2022.76,5568.828781
2026-02-09 14:00:00,2022.76,2050.21,2009.0,2043.69,18117.352554
2026-02-09 15:00:00,2043.7,2073.8,2032.6,2061.7,13792.736575
2026-02-09 16:00:00,2061.56,2109.87,2047.66,2091.19,13274.772334
2026-02-09 17:00:00,2091.11,2138.0,2077.96,2127.43,16670.239852
2026-02-09 18:00:00,2127.51,2142.98,2109.41,2130.65,9409.11986
2026-02-09 19:00:00,2130.65,2138.22,2119.1,2131.6,7042.971251
2026-02-09 20:00:00,2131.59,2148.23,2118.36,2124.73,8834.339665
2026-02-09 21:00:00,2124.73,2130.25,2088.67,2122.01,10588.102817
2026-02-09 22:00:00,2122.01,2125.79,2111.48,2115.3,4450.455804
2026-02-09 23:00:00,2115.31,2122.55,2101.25,2104.79,4124.925061
2026-02-10 00:00:00,2104.9,2112.98,2096.41,2096.59,3881.83008
2026-02-10 01:00:00,2096.59,2124.85,2096.41,2117.4,4200.011465
2026-02-10 02:00:00,2117.3,2121.9,2102.47,2108.35,2864.923245
2026-02-10 03:00:00,2108.2,2110.79,2051.65,2065.04,16250.254021
2026-02-10 04:00:00,2065.05,2074.7,2063.1,2070.8,5360.633572
2026-02-10 05:00:00,2070.81,2072.57,2045.59,2053.36,5816.07257
2026-02-10 06:00:00,2053.35,2058.0,1998.01,2009.4,37083.834868
2026-02-10 07:00:00,2009.41,2019.67,2000.11,2007.78,20569.804424
2026-02-10 08:00:00,2007.8,2018.0,1995.65,2015.14,18405.805498
2026-02-10 09:00:00,2015.1,2032.8,2010.33,2017.0,9134.113587
2026-02-10 10:00:00,2017.0,2022.68,2010.0,2014.15,5133.203335
2026-02-10 11:00:00,2014.15,2022.71,2001.01,2003.2,6592.061091
2026-02-10 12:00:00,2003.28,2017.5,2002.93,2008.4,3804.103017
2026-02-10 13:00:00,2008.3,2027.79,1997.35,2022.66,10035.364121
2026-02-10 14:00:00,2022.65,2040.75,1987.9,2009.89,20968.937125
2026-02-10 15:00:00,2009.71,2030.1,2003.85,2022.75,11089.121614
2026-02-10 16:00:00,2022.8,2037.91,2012.23,2026.3,7692.285294
2026-02-10 17:00:00,2026.21,2047.0,2019.8,2040.51,6623.768785
2026-02-10 18:00:00,2040.51,2042.79,1996.0,2009.36,7962.402379
2026-02-10 19:00:00,2009.36,2025.86,2003.64,2017.91,3566.554275
2026-02-10 20:00:00,2017.91,2021.49,2004.63,2011.68,4256.307064
2026-02-10 21:00:00,2011.68,2018.0,1997.01,2008.4,4412.417061
2026-02-10 22:00:00,2008.5,2020.47,2007.01,2017.56,2814.232821
2026-02-10 23:00:00,2017.55,2022.96,2012.77,2022.84,2209.628786
2026-02-11 00:00:00,2022.85,2029.65,2019.42,2025.55,2866.340857
2026-02-11 01:00:00,2025.56,2031.0,2016.66,2024.56,2886.057578
2026-02-11 02:00:00,2024.55,2032.55,2014.3,2017.7,3724.514977
2026-02-11 03:00:00,2017.7,2021.25,1997.59,2009.55,10254.364034
2026-02-11 04:00:00,2009.53,2011.19,1963.28,1971.45,23327.057463
2026-02-11 05:00:00,1971.55,1981.4,1971.51,1974.51,4194.637337
2026-02-11 06:00:00,1974.51,1977.72,1939.0,1949.03,19666.994412
2026-02-11 07:00:00,1948.91,1958.7,1945.47,1951.01,5879.363399
2026-02-11 08:00:00,1951.06,1953.58,1936.83,1950.11,6963.738363
2026-02-11 09:00:00,1950.11,1955.88,1943.16,1946.96,3464.95816
2026-02-11 10:00:00,1946.95,1947.0,1932.0,1939.53,5146.400508
2026-02-11 11:00:00,1939.44,1956.43,1937.4,1953.57,5965.315786
2026-02-11 12:00:00,1953.57,1967.6,1948.78,1952.25,9990.969103
2026-02-11 13:00:00,1952.3,1968.78,1942.17,1960.44,17398.820046
2026-02-11 14:00:00,1960.45,2015.84,1936.0,1943.19,44484.016618
2026-02-11 15:00:00,1943.28,1950.73,1902.23,1929.11,29610.101144
2026-02-11 16:00:00,1929.22,1956.07,1909.76,1915.32,14397.328821
2026-02-11 17:00:00,1915.32,1942.89,1909.0,1929.83,8552.282557
2026-02-11 18:00:00,1929.94,1948.62,1915.79,1944.17,5332.342512
2026-02-11 19:00:00,1944.17,1959.6,1938.0,1952.29,5309.56427
2026-02-11 20:00:00,1952.29,1958.81,1940.01,1954.0,4424.39219
2026-02-11 21:00:00,1954.14,1987.96,1950.75,1970.34,8425.345031
2026-02-11 22:00:00,1970.34,1973.0,1946.01,1951.29,4466.518325
2026-02-11 23:00:00,1951.29,1956.8,1932.07,1941.03,5560.302057
2026-02-12 00:00:00,1941.2,1963.3,1941.2,1958.61,3038.623598
2026-02-12 01:00:00,1958.82,1977.73,1958.82,1965.63,3431.197422
2026-02-12 02:00:00,1965.62,1971.5,1955.58,1958.84,3652.587668
2026-02-12 03:00:00,1958.84,1969.0,1957.14,1968.58,2410.316632
2026-02-12 04:00:00,1968.51,1975.97,1960.41,1965.75,3839.382117
2026-02-12 05:00:00,1965.7,1971.75,1953.17,1970.41,4652.901891
2026-02-12 06:00:00,1970.4,1983.27,1965.71,1975.19,5161.572099
2026-02-12 07:00:00,1975.1,1978.31,1966.21,1967.89,3695.834506
2026-02-12 08:00:00,1967.89,1974.0,1957.51,1965.66,4176.845396
2026-02-12 09:00:00,1965.66,1990.0,1963.34,1982.36,5463.176981
2026-02-12 10:00:00,1982.36,1995.55,1976.66,1994.0,4356.204482
2026-02-12 11:00:00,1994.14,2001.67,1984.15,1989.02,11074.729138
2026-02-12 12:00:00,1989.0,1990.95,1975.02,1980.84,6354.724885
2026-02-12 13:00:00,1980.74,1996.72,1975.7,1995.2,4273.11937
2026-02-12 14:00:00,1995.08,1996.21,1973.41,1978.4,9204.725271
2026-02-12 15:00:00,1978.67,1984.93,1945.23,1948.8,12855.923819
2026-02-12 16:00:00,1948.81,1950.47,1896.4,1908.92,25294.015365
2026-02-12 17:00:00,1909.04,1927.47,1902.54,1910.51,12879.795759
2026-02-12 18:00:00,1910.51,1924.95,1901.92,1918.66,8912.963421
2026-02-12 19:00:00,1918.71,1941.0,1911.45,1925.42,7950.39305
2026-02-12 20:00:00,1925.41,1932.15,1909.5,1915.76,4104.118259
2026-02-12 21:00:00,1915.86,1927.93,1914.3,1923.62,2959.119746
2026-02-12 22:00:00,1923.61,1945.65,1920.41,1943.0,3328.188142
2026-02-12 23:00:00,1943.0,1952.85,1939.21,1947.94,5371.602084
2026-02-13 00:00:00,1947.99,1954.48,1927.77,1933.14,5875.659304
2026-02-13 01:00:00,1933.32,1950.32,1933.14,1943.79,3570.425003
2026-02-13 02:00:00,1943.8,1952.0,1940.96,1948.15,3477.277778
2026-02-13 03:00:00,1948.15,1958.7,1944.25,1953.57,3321.496825
2026-02-13 04:00:00,1953.59,1955.73,1943.51,1944.59,2996.133964
2026-02-13 05:00:00,1944.6,1946.89,1931.66,1934.18,2867.177451
2026-02-13 06:00:00,1934.16,1939.5,1924.72,1936.94,3720.942813
2026-02-13 07:00:00,1936.94,1948.83,1932.91,1935.99,4553.91581
2026-02-13 08:00:00,1936.0,1964.8,1934.0,1958.98,6514.774272
2026-02-13 09:00:00,1958.97,1967.63,1953.2,1961.94,4625.943453
2026-02-13 10:00:00,1961.98,1969.33,1956.6,1959.32,2958.818135
2026-02-13 11:00:00,1959.32,1962.7,1945.26,1960.32,4336.843766
2026-02-13 12:00:00,1960.25,1964.92,1952.73,1961.0,2682.852903
2026-02-13 13:00:00,1961.01,1981.43,1956.01,1970.57,9820.714184
2026-02-13 14:00:00,1970.55,2002.49,1963.21,1990.95,17718.964319
2026-02-13 15:00:00,1991.0,2050.58,1987.01,2035.07,27733.870932
2026-02-13 16:00:00,2034.81,2072.8,2031.26,2061.29,24108.805033
2026-02-13 17:00:00,2061.19,2068.09,2049.0,2059.3,8601.881738
2026-02-13 18:00:00,2059.29,2064.55,2050.59,2057.38,4226.562115
2026-02-13 19:00:00,2057.38,2062.27,2052.58,2058.8,49041.910957
2026-02-13 20:00:00,2058.8,2060.79,2038.75,2045.67,18137.618028
2026-02-13 21:00:00,2045.8,2058.57,2045.19,2054.09,3412.438563
2026-02-13 22:00:00,2054.01,2059.59,2045.22,2054.38,2583.054143
2026-02-13 23:00:00,2054.39,2054.52,2046.57,2048.91,3595.783313
2026-02-14 00:00:00,2048.82,2056.0,2042.23,2055.39,3463.017684
2026-02-14 01:00:00,2055.15,2057.76,2050.66,2054.35,1212.915742
2026-02-14 02:00:00,2054.36,2054.63,2048.26,2050.3,1568.526374
2026-02-14 03:00:00,2050.3,2056.21,2048.61,2054.44,2847.469758
2026-02-14 04:00:00,2054.45,2058.07,2052.6,2053.39,1612.640231
2026-02-14 05:00:00,2053.39,2056.23,2050.81,2051.1,6114.218504
2026-02-14 06:00:00,2051.11,2054.64,2048.49,2053.6,1574.633586
2026-02-14 07:00:00,2053.6,2060.73,2050.66,2056.95,4919.056386
2026-02-14 08:00:00,2056.96,2092.0,2056.96,2082.16,10724.129113
2026-02-14 09:00:00,2082.15,2088.84,2075.77,2078.25,3323.158549
2026-02-14 10:00:00,2078.3,2078.3,2072.7,2077.36,2183.087249
2026-02-14 11:00:00,2077.36,2107.95,2077.36,2099.41,9601.7496
2026-02-14 12:00:00,2099.41,2100.0,2068.08,2071.04,10153.814461
2026-02-14 13:00:00,2070.96,2076.32,2064.8,2071.69,4204.146432
2026-02-14 14:00:00,2071.75,2088.97,2069.3,2085.16,3863.362857
2026-02-14 15:00:00,2085.17,2094.06,2081.08,2087.51,3013.182233
2026-02-14 16:00:00,2087.51,2088.2,2067.78,2082.85,3816.855571
2026-02-14 17:00:00,2082.95,2089.26,2077.61,2080.45,2179.749503
2026-02-14 18:00:00,2080.46,2086.99,2078.95,2085.51,1256.978338
2026-02-14 19:00:00,2085.55,2090.77,2078.71,2088.52,1262.389752
2026-02-14 20:00:00,2088.53,2093.01,2081.3,2089.96,2241.552326
2026-02-14 21:00:00,2089.96,2099.41,2078.5,2086.14,3546.989156
2026-02-14 22:00:00,2086.15,2095.2,2083.84,2090.54,2296.44746
2026-02-14 23:00:00,2090.54,2093.6,2083.91,2086.69,2095.763087
2026-02-15 00:00:00,2086.7,2091.2,2072.08,2080.29,4892.028168
2026-02-15 01:00:00,2080.21,2085.0,2053.76,2064.16,6270.784128
2026-02-15 02:00:00,2064.15,2072.43,2045.28,2060.0,6275.900741
2026-02-15 03:00:00,2059.97,2063.6,2036.0,2059.26,14567.809722
2026-02-15 04:00:00,2059.26,2087.84,2059.26,2076.55,13808.665365
2026-02-15 05:00:00,2076.6,2096.48,2075.26,2088.8,3996.396654
2026-02-15 06:00:00,2088.8,2094.97,2082.86,2086.01,3019.997519
2026-02-15 07:00:00,2086.02,2103.83,2082.58,2091.51,12294.409652
2026-02-15 08:00:00,2091.5,2096.82,2056.0,2069.31,7964.995458
2026-02-15 09:00:00,2069.31,2079.03,2066.25,2068.65,3473.341888
2026-02-15 10:00:00,2068.65,2070.35,2054.45,2061.74,3343.589771
2026-02-15 11:00:00,2061.73,2067.19,2058.65,2061.99,1329.865378
2026-02-15 12:00:00,2062.0,2069.23,2010.81,2010.81,14163.68901
2026-02-15 13:00:00,2010.82,2028.29,1993.99,2002.66,16906.01552
2026-02-15 14:00:00,2002.65,2012.64,1993.0,2010.6,7910.80618
2026-02-15 15:00:00,2010.59,2015.61,2002.6,2011.64,3522.100504
2026-02-15 16:00:00,2011.61,2011.64,1993.0,2006.61,6745.890449
2026-02-15 17:00:00,2006.61,2009.22,1957.26,1970.97,19801.191308
2026-02-15 18:00:00,1971.31,1981.57,1953.36,1959.77,17760.646576
2026-02-15 19:00:00,1959.67,1962.08,1929.39,1942.33,21006.57377
2026-02-15 20:00:00,1942.34,1958.54,1934.5,1950.46,5160.40228
2026-02-15 21:00:00,1950.47,1966.32,1950.14,1958.59,4273.254778
2026-02-15 22:00:00,1958.48,1974.99,1956.7,1970.2,3926.603934
2026-02-15 23:00:00,1970.39,1970.93,1944.76,1966.59,6825.316017
2026-02-16 00:00:00,1966.59,1979.17,1963.37,1969.41,5050.606529
2026-02-16 01:00:00,1969.41,1981.47,1956.88,1963.21,4381.781565
2026-02-16 02:00:00,1963.21,1966.89,1952.73,1957.04,3944.480242
2026-02-16 03:00:00,1957.1,1959.98,1948.94,1958.94,3505.436816
2026-02-16 04:00:00,1958.95,1973.2,1958.68,1973.19,2555.761938
2026-02-16 05:00:00,1973.19,1974.39,1953.0,1958.1,2593.141283
2026-02-16 06:00:00,1958.06,1967.77,1955.97,1967.17,2022.852104
2026-02-16 07:00:00,1967.17,1978.85,1964.66,1971.49,7473.084342
2026-02-16 08:00:00,1971.49,1978.93,1969.97,1977.4,3031.962278
2026-02-16 09:00:00,1977.4,1994.0,1976.31,1987.74,5343.636158
2026-02-16 10:00:00,1987.65,1988.8,1977.38,1979.0,2243.237919
2026-02-16 11:00:00,1979.01,1984.42,1957.4,1976.25,6930.609641
2026-02-16 12:00:00,1976.26,2009.99,1972.69,2006.89,7395.375039
2026-02-16 13:00:00,2006.55,2023.78,1961.29,1968.23,13376.038801
2026-02-16 14:00:00,1967.82,1983.54,1951.26,1973.13,7188.901485
2026-02-16 15:00:00,1973.13,1986.22,1937.36,1956.61,14751.843994
2026-02-16 16:00:00,1956.76,1980.25,1956.28,1973.61,5521.644826
2026-02-16 17:00:00,1973.6,1988.59,1964.37,1978.91,4645.319313
2026-02-16 18:00:00,1978.91,1985.78,1966.97,1968.8,2073.289359
2026-02-16 19:00:00,1968.8,1979.97,1966.0,1974.17,1466.898747
2026-02-16 20:00:00,1974.3,1995.92,1971.33,1993.42,3908.981126
2026-02-16 21:00:00,1993.28,2004.39,1986.45,1999.35,2654.098126
2026-02-16 22:00:00,1999.35,2002.75,1984.86,1990.3,4252.730112
2026-02-16 23:00:00,1990.26,2002.54,1989.05,1998.32,2197.834279
2026-02-17 00:00:00,1998.32,2006.68,1993.35,1998.45,2180.741543
2026-02-17 01:00:00,1998.45,2008.15,1990.82,1991.7,3459.852702
2026-02-17 02:00:00,1991.69,2008.88,1979.71,1998.62,6598.546591
2026-02-17 03:00:00,1998.7,1999.24,1984.44,1985.85,4143.453508
2026-02-17 04:00:00,1985.86,1998.43,1982.38,1989.5,3269.488448
2026-02-17 05:00:00,1989.49,1991.1,1964.67,1975.77,5502.30277
2026-02-17 06:00:00,1975.78,1984.98,1975.68,1981.02,2206.760288
2026-02-17 07:00:00,1981.0,1988.44,1973.51,1985.96,3579.956127
2026-02-17 08:00:00,1985.99,1990.9,1973.81,1976.95,4080.452879
2026-02-17 09:00:00,1977.0,1979.99,1970.0,1976.11,2139.491037
2026-02-17 10:00:00,1976.1,1977.83,1961.54,1967.02,3627.822145
2026-02-17 11:00:00,1967.25,1972.69,1964.28,1968.73,2586.816864
2026-02-17 12:00:00,1968.72,1977.14,1967.32,1969.89,3302.127716
2026-02-17 13:00:00,1969.95,1999.92,1965.0,1990.55,6746.787474
2026-02-17 14:00:00,1990.56,2002.95,1944.2,1948.61,17223.480486
2026-02-17 15:00:00,1948.73,1969.59,1941.67,1968.75,11251.619886
2026-02-17 16:00:00,1968.78,2010.66,1967.7,1980.51,13100.09927
2026-02-17 17:00:00,1980.51,1984.31,1954.06,1966.41,8293.820326
2026-02-17 18:00:00,1966.32,2007.63,1961.93,1998.67,10265.839639
2026-02-17 19:00:00,1998.68,2015.89,1995.2,1998.26,7629.398447
2026-02-17 20:00:00,1998.26,2001.65,1987.38,1994.74,3854.245146
2026-02-17 21:00:00,1994.74,2003.06,1991.8,1999.66,1927.606528
2026-02-17 22:00:00,1999.76,2004.38,1992.8,1994.0,2696.520375
2026-02-17 23:00:00,1994.0,1998.52,1989.66,1991.69,2551.602796
2026-02-18 00:00:00,1991.8,1997.99,1981.25,1981.51,2278.622412
2026-02-18 01:00:00,1981.55,1983.99,1968.57,1978.15,5490.448302
2026-02-18 02:00:00,1978.16,1992.9,1977.61,1987.55,3526.453069
2026-02-18 03:00:00,1987.61,2000.24,1986.61,1996.67,2580.818177
2026-02-18 04:00:00,1996.67,2002.48,1993.24,1999.14,2646.348536
2026-02-18 05:00:00,1999.14,2002.79,1995.8,1996.16,2575.264505
2026-02-18 06:00:00,1996.16,2008.29,1995.4,2002.0,2479.33858
2026-02-18 07:00:00,2002.0,2023.67,1996.4,2017.8,7838.823872
2026-02-18 08:00:00,2017.86,2039.0,2017.03,2020.4,10639.25981
2026-02-18 09:00:00,2020.43,2022.81,2014.9,2016.44,1981.729891
2026-02-18 10:00:00,2016.45,2018.32,1995.51,1997.1,5358.648865
2026-02-18 11:00:00,1997.15,1998.21,1976.5,1981.41,8166.475186
2026-02-18 12:00:00,1981.41,1989.28,1971.63,1982.38,4047.48198
2026-02-18 13:00:00,1982.39,1994.49,1961.56,1970.8,7244.325846
2026-02-18 14:00:00,1970.79,1976.84,1954.0,1974.8,11525.318173
2026-02-18 15:00:00,1974.95,2010.1,1973.61,1985.46,13607.2841
2026-02-18 16:00:00,1985.46,1985.84,1965.04,1971.81,8732.624341
2026-02-18 17:00:00,1971.81,1987.74,1970.81,1974.34,4746.588152
2026-02-18 18:00:00,1974.4,1977.64,1949.5,1952.78,16018.373407
2026-02-18 19:00:00,1952.76,1961.69,1923.44,1941.09,15313.170842
2026-02-18 20:00:00,1941.1,1952.75,1935.79,1939.74,6016.963245
2026-02-18 21:00:00,1939.75,1948.56,1936.0,1941.98,3154.011501
2026-02-18 22:00:00,1941.99,1950.12,1939.76,1948.21,1889.821354
2026-02-18 23:00:00,1948.4,1956.7,1944.46,1956.02,3568.909863
2026-02-19 00:00:00,1956.06,1961.25,1950.51,1956.6,1654.978011
2026-02-19 01:00:00,1956.36,1975.75,1956.35,1967.09,5247.356431
2026-02-19 02:00:00,1967.15,1973.09,1962.63,1967.9,3487.134862
2026-02-19 03:00:00,1967.95,1973.33,1963.2,1972.35,1814.845009
2026-02-19 04:00:00,1972.4,1979.62,1969.1,1969.56,3233.856252
2026-02-19 05:00:00,1969.56,1972.8,1964.25,1970.41,1720.663763
2026-02-19 06:00:00,1970.4,1985.16,1970.16,1983.1,3174.204627
2026-02-19 07:00:00,1983.11,1987.4,1979.01,1981.77,4892.120298
2026-02-19 08:00:00,1981.75,1982.48,1966.36,1970.22,4937.272266
2026-02-19 09:00:00,1970.59,1980.36,1961.96,1963.9,3598.926394
2026-02-19 10:00:00,1963.9,1968.79,1957.7,1959.69,3408.404409
2026-02-19 11:00:00,1959.88,1964.38,1948.0,1949.77,3585.729873
2026-02-19 12:00:00,1949.67,1956.3,1945.12,1947.7,4038.667341
2026-02-19 13:00:00,1947.7,1948.59,1911.36,1921.52,13495.857782
2026-02-19 14:00:00,1921.52,1948.55,1912.37,1936.97,10341.809232
2026-02-19 15:00:00,1937.0,1947.72,1913.23,1926.53,11952.481815
2026-02-19 16:00:00,1926.47,1929.99,1906.2,1922.1,8775.767185
2026-02-19 17:00:00,1922.12,1944.92,1910.62,1920.81,9232.423204
2026-02-19 18:00:00,1920.78,1944.56,1916.8,1939.6,6813.113101
2026-02-19 19:00:00,1939.72,1947.67,1927.86,1941.43,3366.050169
2026-02-19 20:00:00,1941.18,1952.51,1934.87,1950.13,3520.613895
2026-02-19 21:00:00,1950.11,1952.54,1945.7,1948.57,1880.473611
2026-02-19 22:00:00,1948.61,1948.61,1936.81,1943.89,3367.40491
2026-02-19 23:00:00,1944.09,1951.2,1942.16,1948.75,3156.74979
2026-02-20 00:00:00,1948.83,1964.58,1947.2,1957.36,6244.307985
2026-02-20 01:00:00,1957.4,1961.44,1949.55,1953.59,3576.417072
2026-02-20 02:00:00,1953.69,1956.55,1947.48,1949.25,2941.824309
2026-02-20 03:00:00,1949.39,1960.56,1949.36,1954.9,3341.506889
2026-02-20 04:00:00,1954.89,1956.12,1930.86,1939.2,6390.420916
2026-02-20 05:00:00,1939.23,1965.41,1936.32,1955.09,5984.683937
2026-02-20 06:00:00,1955.11,1960.5,1949.59,1958.42,4500.941319
2026-02-20 07:00:00,1958.43,1968.8,1957.04,1960.91,5494.184318
2026-02-20 08:00:00,1960.9,1966.4,1957.04,1959.92,2953.237989
2026-02-20 09:00:00,1959.89,1972.45,1959.89,1967.9,5419.125081
2026-02-20 10:00:00,1967.9,1973.46,1956.54,1957.48,4704.866992
2026-02-20 11:00:00,1957.49,1957.49,1940.54,1943.96,4924.063775
2026-02-20 12:00:00,1943.97,1951.94,1942.37,1949.89,2214.241155
2026-02-20 13:00:00,1949.89,1949.89,1923.23,1934.09,7128.394018
2026-02-20 14:00:00,1934.09,1954.54,1933.16,1943.56,6188.0529
2026-02-20 15:00:00,1943.7,1980.51,1935.15,1963.97,22974.37809
2026-02-20 16:00:00,1963.83,1973.35,1953.87,1968.45,10379.291848
2026-02-20 17:00:00,1968.44,1971.0,1939.2,1966.53,10685.21313
2026-02-20 18:00:00,1966.53,1981.57,1959.5,1975.53,11232.059183
2026-02-20 19:00:00,1975.54,1978.39,1961.4,1963.69,3676.389719
2026-02-20 20:00:00,1963.7,1971.1,1961.6,1971.1,1013.42986
2026-02-20 21:00:00,1970.79,1974.99,1967.05,1974.41,2278.27055
2026-02-20 22:00:00,1974.41,1974.41,1964.2,1971.26,2332.012326
2026-02-20 23:00:00,1971.2,1973.55,1963.41,1968.84,1987.429762
2026-02-21 00:00:00,1968.85,1969.4,1961.29,1963.2,1296.006381
2026-02-21 01:00:00,1963.25,1969.4,1963.0,1966.22,1726.976093
2026-02-21 02:00:00,1966.25,1970.65,1964.66,1965.71,1292.79095
2026-02-21 03:00:00,1965.71,1966.1,1955.62,1959.21,1600.994578
2026-02-21 04:00:00,1959.25,1963.44,1956.25,1962.49,978.493198
2026-02-21 05:00:00,1962.49,1964.6,1961.12,1962.95,787.914247
2026-02-21 06:00:00,1962.95,1966.23,1960.64,1961.56,3061.165757
2026-02-21 07:00:00,1961.56,1965.1,1960.0,1962.96,764.143554
2026-02-21 08:00:00,1962.95,1971.32,1962.26,1969.02,1518.004907
2026-02-21 09:00:00,1969.02,1977.77,1967.24,1970.28,3921.928099
2026-02-21 10:00:00,1970.28,1974.99,1970.12,1974.0,3529.356005
2026-02-21 11:00:00,1974.0,1988.5,1973.65,1977.09,4457.809504
2026-02-21 12:00:00,1977.06,1978.26,1969.26,1975.95,2897.291112
2026-02-21 13:00:00,1975.94,1981.6,1972.66,1981.23,1187.507157
2026-02-21 14:00:00,1981.22,1996.26,1978.57,1987.4,7803.236033
2026-02-21 15:00:00,1987.4,1993.35,1984.18,1987.95,2951.137991
2026-02-21 16:00:00,1988.06,1989.88,1976.5,1986.44,5926.23901
2026-02-21 17:00:00,1986.45,1992.54,1984.47,1988.94,1334.608968
2026-02-21 18:00:00,1988.94,1995.5,1987.66,1991.98,3098.984412
2026-02-21 19:00:00,1992.01,1994.85,1988.0,1988.54,1287.729484
2026-02-21 20:00:00,1988.55,1990.64,1972.94,1974.4,4422.977588
2026-02-21 21:00:00,1974.31,1982.87,1970.0,1982.3,2375.968472
2026-02-21 22:00:00,1982.3,1982.74,1972.21,1974.37,1397.625153
2026-02-21 23:00:00,1974.4,1978.01,1971.1,1973.6,1450.927256
2026-02-22 00:00:00,1973.56,1975.51,1967.91,1973.04,2132.500325
2026-02-22 01:00:00,1973.04,1980.0,1972.5,1977.53,1689.224036
2026-02-22 02:00:00,1977.52,1983.29,1972.32,1972.51,1655.215237
2026-02-22 03:00:00,1972.51,1976.5,1967.49,1975.01,1793.496234
2026-02-22 04:00:00,1975.0,1976.44,1971.26,1973.96,1002.880682
2026-02-22 05:00:00,1973.97,1975.34,1971.1,1975.25,747.501061
2026-02-22 06:00:00,1975.26,1979.53,1974.33,1976.18,2272.640781
2026-02-22 07:00:00,1976.19,1978.95,1974.42,1976.2,1241.153213
2026-02-22 08:00:00,1976.19,1977.2,1970.6,1973.51,1218.522625
2026-02-22 09:00:00,1973.51,1976.46,1971.86,1975.81,905.545172
2026-02-22 10:00:00,1975.81,1980.8,1974.98,1977.64,1478.036218
2026-02-22 11:00:00,1977.65,1983.21,1977.56,1980.7,1569.55955
2026-02-22 12:00:00,1980.7,1981.48,1962.06,1966.55,5222.488618
2026-02-22 13:00:00,1966.53,1968.82,1945.0,1951.37,7067.602523
2026-02-22 14:00:00,1951.36,1954.86,1943.78,1950.78,4992.683143
2026-02-22 15:00:00,1950.85,1959.0,1946.06,1954.05,3726.215289
2026-02-22 16:00:00,1954.06,1955.82,1947.64,1952.76,2762.607308
2026-02-22 17:00:00,1952.77,1953.8,1935.03,1940.44,4715.369446
2026-02-22 18:00:00,1940.44,1944.38,1938.75,1943.09,1724.825429
2026-02-22 19:00:00,1943.09,1946.04,1940.72,1944.04,627.812475
2026-02-22 20:00:00,1944.05,1946.09,1940.16,1941.2,773.097806
2026-02-22 21:00:00,1941.2,1952.58,1941.2,1950.65,1319.002322
2026-02-22 22:00:00,1950.65,1962.14,1946.7,1958.6,2305.84316
2026-02-22 23:00:00,1958.56,1961.21,1948.56,1957.97,3143.449498
2026-02-23 00:00:00,1957.98,1958.4,1928.03,1929.26,5329.366687
2026-02-23 01:00:00,1929.26,1929.26,1846.67,1856.54,73190.500459
2026-02-23 02:00:00,1856.45,1868.92,1850.91,1863.3,12985.471855
2026-02-23 03:00:00,1863.3,1871.79,1856.03,1862.9,7079.667142
2026-02-23 04:00:00,1862.9,1864.97,1853.65,1859.86,4934.223153
2026-02-23 05:00:00,1859.86,1870.5,1859.8,1865.76,7688.421316
2026-02-23 06:00:00,1865.76,1882.69,1864.1,1879.2,10166.857253
2026-02-23 07:00:00,1879.21,1888.85,1876.62,1885.26,9067.463503
2026-02-23 08:00:00,1885.26,1890.0,1876.5,1880.56,5309.637189
2026-02-23 09:00:00,1880.56,1918.7,1880.56,1918.01,13059.194875
2026-02-23 10:00:00,1917.88,1928.0,1912.02,1913.75,7678.560442
2026-02-23 11:00:00,1913.73,1920.51,1910.77,1915.26,12445.216248
2026-02-23 12:00:00,1915.25,1926.49,1905.5,1919.94,16492.403612
2026-02-23 13:00:00,1919.94,1935.36,1918.67,1921.6,10355.03982
2026-02-23 14:00:00,1921.6,1925.29,1895.03,1906.92,20119.183546
2026-02-23 15:00:00,1906.91,1913.21,1892.6,1895.61,10274.986442
2026-02-23 16:00:00,1895.61,1900.0,1880.76,1884.61,9566.215883
2026-02-23 17:00:00,1884.61,1888.14,1837.43,1864.09,22387.721984
2026-02-23 18:00:00,1863.94,1874.35,1855.09,1857.7,5467.453485
2026-02-23 19:00:00,1857.7,1864.8,1846.5,1857.11,4314.278059
2026-02-23 20:00:00,1857.15,1862.56,1846.92,1860.75,4035.748697
2026-02-23 21:00:00,1860.74,1869.2,1858.57,1863.61,3036.079671
2026-02-23 22:00:00,1863.56,1870.13,1860.0,1860.16,3724.298275
2026-02-23 23:00:00,1860.2,1867.14,1851.02,1856.51,4377.687161
2026-02-24 00:00:00,1856.51,1869.69,1855.45,1867.9,3362.733668
2026-02-24 01:00:00,1867.89,1867.95,1811.6,1840.65,26541.018145
2026-02-24 02:00:00,1840.82,1854.58,1837.02,1843.56,5499.444361
2026-02-24 03:00:00,1843.55,1843.55,1823.11,1831.95,8419.265824
2026-02-24 04:00:00,1831.95,1834.07,1813.72,1830.9,10145.299217
2026-02-24 05:00:00,1830.89,1840.6,1814.06,1826.38,7910.24554
2026-02-24 06:00:00,1826.35,1831.41,1818.02,1820.87,4538.759003
2026-02-24 07:00:00,1820.9,1832.01,1815.19,1825.85,8812.235789
2026-02-24 08:00:00,1825.81,1836.36,1818.62,1831.7,6023.621364
2026-02-24 09:00:00,1831.5,1834.6,1815.17,1827.11,8002.794993
2026-02-24 10:00:00,1827.1,1829.5,1820.6,1825.92,6585.845104
2026-02-24 11:00:00,1825.95,1827.55,1818.36,1826.81,4640.270565
2026-02-24 12:00:00,1826.81,1830.52,1821.26,1824.01,3482.354277
2026-02-24 13:00:00,1824.02,1827.64,1798.16,1815.69,18751.369174
2026-02-24 14:00:00,1815.68,1848.0,1803.62,1834.75,16437.045327
2026-02-24 15:00:00,1834.71,1850.0,1828.33,1847.35,9197.324543
2026-02-24 16:00:00,1847.36,1863.42,1838.12,1858.6,13412.785742
2026-02-24 17:00:00,1858.53,1865.29,1849.37,1855.33,9357.359825
2026-02-24 18:00:00,1855.27,1860.42,1845.33,1854.95,3440.065421
2026-02-24 19:00:00,1854.94,1862.6,1846.92,1852.32,2583.232521
2026-02-24 20:00:00,1852.32,1862.35,1849.29,1858.51,1778.774787
2026-02-24 21:00:00,1858.36,1858.5,1845.46,1853.95,2858.61144
2026-02-24 22:00:00,1853.93,1864.16,1852.66,1860.45,2058.82668
2026-02-24 23:00:00,1860.45,1860.55,1851.09,1851.8,2210.0174
2026-02-25 00:00:00,1851.88,1856.54,1846.46,1851.8,2332.229006
2026-02-25 01:00:00,1851.8,1924.33,1850.41,1918.35,34513.397603
2026-02-25 02:00:00,1918.34,1945.38,1917.96,1920.86,13471.438111
2026-02-25 03:00:00,1920.86,1922.8,1903.45,1906.24,12153.656546
2026-02-25 04:00:00,1906.24,1914.44,1894.46,1906.6,10907.405259
2026-02-25 05:00:00,1906.41,1908.49,1878.27,1888.02,7847.861519
2026-02-25 06:00:00,1888.03,1896.49,1885.01,1885.39,1959.554675
2026-02-25 07:00:00,1885.4,1895.22,1882.21,1893.42,4749.561356
2026-02-25 08:00:00,1893.35,1913.98,1890.22,1910.37,4835.622527
2026-02-25 09:00:00,1910.32,1917.84,1907.73,1915.45,4989.09748
2026-02-25 10:00:00,1915.44,1923.98,1910.55,1912.72,5824.716348
2026-02-25 11:00:00,1912.71,1928.56,1907.96,1926.51,6905.607698
2026-02-25 12:00:00,1926.56,1956.73,1922.26,1953.55,14150.181064
2026-02-25 13:00:00,1953.56,1977.15,1952.54,1964.58,15006.24309
2026-02-25 14:00:00,1964.59,2002.62,1962.2,1997.54,18584.601336
2026-02-25 15:00:00,1997.54,2028.77,1986.66,2013.73,30402.156862
2026-02-25 16:00:00,2013.84,2049.76,2013.56,2046.79,24011.157106
2026-02-25 17:00:00,2046.57,2087.41,2044.46,2074.13,31047.45174
2026-02-25 18:00:00,2074.09,2081.58,2057.05,2073.88,10480.140182
2026-02-25 19:00:00,2073.9,2075.0,2059.5,2071.05,7656.89139
2026-02-25 20:00:00,2071.1,2084.54,2058.5,2075.23,13386.475224
2026-02-25 21:00:00,2075.23,2150.0,2065.79,2100.56,47304.326675
2026-02-25 22:00:00,2100.99,2115.61,2073.84,2083.24,14063.564563
2026-02-25 23:00:00,2083.03,2087.25,2034.41,2057.5,21877.672122
2026-02-26 00:00:00,2057.5,2076.54,2047.66,2062.38,9456.969585
2026-02-26 01:00:00,2062.41,2066.94,2049.56,2058.45,5142.716094
2026-02-26 02:00:00,2058.46,2059.14,2039.36,2053.36,7549.366709
2026-02-26 03:00:00,2053.36,2059.27,2047.28,2054.19,3760.12435
2026-02-26 04:00:00,2054.35,2082.74,2051.96,2074.93,5848.625397
2026-02-26 05:00:00,2075.15,2075.58,2056.81,2066.55,5647.29554
2026-02-26 06:00:00,2066.36,2076.5,2059.83,2062.78,4815.529036
2026-02-26 07:00:00,2062.78,2068.66,2051.7,2053.13,7147.334547
2026-02-26 08:00:00,2053.12,2059.43,2044.85,2054.7,8070.52834
2026-02-26 09:00:00,2054.56,2077.36,2053.01,2075.02,6633.645476
2026-02-26 10:00:00,2075.01,2083.62,2062.37,2065.47,4243.405509
2026-02-26 11:00:00,2065.48,2067.58,2053.6,2057.55,2544.884711
2026-02-26 12:00:00,2057.55,2071.98,2055.44,2070.0,2949.252808
2026-02-26 13:00:00,2069.99,2073.8,2061.04,2065.25,3282.294804
2026-02-26 14:00:00,2065.26,2077.99,2034.19,2051.35,15700.039589
2026-02-26 15:00:00,2051.08,2053.13,2011.6,2033.32,21057.195741
2026-02-26 16:00:00,2033.33,2037.85,1977.64,1983.94,21729.315073
2026-02-26 17:00:00,1983.93,1999.21,1982.02,1988.22,8976.590595
2026-02-26 18:00:00,1988.21,2009.95,1975.3,2004.03,11417.273184
2026-02-26 19:00:00,2004.03,2034.04,2003.6,2029.96,11174.532318
2026-02-26 20:00:00,2029.92,2041.94,2021.48,2023.49,5293.167952
2026-02-26 21:00:00,2023.4,2034.79,2017.89,2030.24,3480.174114
2026-02-26 22:00:00,2030.24,2037.5,2027.11,2033.09,1292.282694
2026-02-26 23:00:00,2033.07,2033.39,2023.77,2027.62,2036.359381
2026-02-27 00:00:00,2027.56,2030.49,2008.06,2014.83,5678.966976
2026-02-27 01:00:00,2014.77,2022.64,2000.44,2021.83,16236.026128
2026-02-27 02:00:00,2021.84,2034.37,2019.24,2025.9,3112.459454
2026-02-27 03:00:00,2026.04,2049.53,2019.48,2045.2,3775.671596
2026-02-27 04:00:00,2045.21,2063.65,2038.73,2042.59,10213.681905
2026-02-27 05:00:00,2042.64,2049.24,2038.5,2041.61,3385.429908
2026-02-27 06:00:00,2041.61,2042.74,2028.58,2036.13,3268.894152
2026-02-27 07:00:00,2036.14,2041.66,2022.4,2032.6,5771.862816
2026-02-27 08:00:00,2032.59,2045.89,2028.42,2033.93,5409.376235
2026-02-27 09:00:00,2033.95,2042.3,2008.49,2010.36,5901.573856
2026-02-27 10:00:00,2010.19,2013.81,1978.72,1980.81,14518.895914
2026-02-27 11:00:00,1980.9,1984.35,1953.42,1962.06,13632.627578
2026-02-27 12:00:00,1962.06,1969.0,1949.5,1960.1,8194.105537
2026-02-27 13:00:00,1960.13,1967.95,1938.87,1963.37,11373.275167
2026-02-27 14:00:00,1963.36,1964.44,1940.04,1942.92,9220.604122
2026-02-27 15:00:00,1942.85,1959.19,1940.45,1948.65,7982.758075
2026-02-27 16:00:00,1948.64,1948.89,1924.24,1927.13,11919.61206
2026-02-27 17:00:00,1927.06,1935.11,1907.31,1932.26,9647.41727
2026-02-27 18:00:00,1932.33,1933.17,1915.51,1918.18,2266.060084
2026-02-27 19:00:00,1918.19,1923.5,1912.35,1921.3,1738.87996
2026-02-27 20:00:00,1921.3,1929.4,1920.25,1923.23,1921.936107
2026-02-27 21:00:00,1923.32,1933.97,1917.44,1921.35,1635.948046
2026-02-27 22:00:00,1921.35,1927.4,1886.48,1921.48,8850.329651
2026-02-27 23:00:00,1921.36,1933.03,1919.98,1929.81,3116.218299
2026-02-28 00:00:00,1929.81,1937.0,1924.39,1932.44,3299.894479
2026-02-28 01:00:00,1932.49,1936.17,1919.66,1924.56,2509.746913
2026-02-28 02:00:00,1924.51,1932.39,1922.44,1930.24,982.501989
2026-02-28 03:00:00,1930.24,1931.23,1920.62,1924.35,1960.244064
2026-02-28 04:00:00,1924.36,1932.45,1914.47,1925.12,3238.357365
2026-02-28 05:00:00,1925.23,1928.16,1914.32,1920.1,1483.684729
2026-02-28 06:00:00,1920.1,1920.44,1835.47,1842.86,36283.517105
2026-02-28 07:00:00,1842.86,1885.65,1835.7,1866.72,26252.073108
2026-02-28 08:00:00,1866.73,1868.58,1848.93,1852.64,10115.382968
2026-02-28 09:00:00,1852.62,1863.67,1845.0,1855.16,5973.538959
2026-02-28 10:00:00,1855.15,1868.85,1848.93,1865.13,6700.955945
2026-02-28 11:00:00,1865.13,1881.13,1861.6,1863.41,6857.638989
2026-02-28 12:00:00,1863.46,1874.48,1862.61,1868.61,2586.801694
2026-02-28 13:00:00,1868.73,1910.22,1865.29,1905.69,16683.653651
2026-02-28 14:00:00,1905.46,1916.1,1883.15,1887.81,14561.783636
2026-02-28 15:00:00,1887.81,1904.69,1873.49,1898.67,9043.762958
2026-02-28 16:00:00,1898.67,1910.5,1891.81,1904.02,4619.019556
2026-02-28 17:00:00,1904.0,1911.69,1885.71,1907.01,7168.124202
2026-02-28 18:00:00,1907.0,1947.05,1900.95,1936.02,11811.133305
2026-02-28 19:00:00,1936.02,1955.21,1920.45,1947.29,15006.505745
2026-02-28 20:00:00,1947.23,1972.5,1938.78,1965.9,12120.765241
2026-02-28 21:00:00,1965.9,1968.02,1945.36,1957.7,5453.110886
2026-02-28 22:00:00,1957.7,1985.0,1955.36,1965.57,6021.595134
2026-02-28 23:00:00,1965.37,1969.68,1956.92,1964.3,3176.482336
2026-03-01 00:00:00,1964.31,1969.36,1954.53,1962.45,3298.633993
2026-03-01 01:00:00,1962.37,2023.3,1943.54,2012.3,16684.789247
2026-03-01 02:00:00,2012.54,2055.0,2008.66,2032.82,26787.246721
2026-03-01 03:00:00,2032.57,2039.08,2016.62,2022.95,7088.142398
2026-03-01 04:00:00,2022.98,2030.11,1998.28,2015.65,9528.046047
2026-03-01 05:00:00,2015.66,2023.2,2009.53,2010.96,7849.155647
2026-03-01 06:00:00,2010.96,2012.5,1988.92,1998.44,10336.756842
2026-03-01 07:00:00,1998.44,2009.29,1992.66,2007.03,7473.732089
2026-03-01 08:00:00,2007.02,2010.2,1980.53,1985.79,7054.355801
2026-03-01 09:00:00,1986.0,1995.8,1973.76,1980.65,7239.148853
2026-03-01 10:00:00,1980.65,1992.8,1972.02,1984.8,4595.406887
2026-03-01 11:00:00,1984.66,1989.72,1982.04,1983.15,1825.489684
2026-03-01 12:00:00,1983.16,1988.81,1976.3,1978.09,2629.992599
2026-03-01 13:00:00,1978.1,2025.0,1968.5,2006.84,10677.001088
2026-03-01 14:00:00,2006.79,2028.0,1993.47,2000.21,9544.596994
2026-03-01 15:00:00,2000.34,2016.4,1992.1,1993.34,9697.46925
2026-03-01 16:00:00,1993.35,2009.5,1960.55,1974.04,13862.973958
2026-03-01 17:00:00,1974.04,1976.0,1952.87,1961.2,6504.337633
2026-03-01 18:00:00,1961.2,1997.06,1960.38,1975.77,9116.26356
2026-03-01 19:00:00,1975.77,1976.73,1947.0,1954.12,5843.347487
2026-03-01 20:00:00,1954.11,1955.04,1907.4,1913.92,14094.311996
2026-03-01 21:00:00,1913.94,1932.49,1912.55,1929.06,4006.83823
2026-03-01 22:00:00,1929.06,1970.19,1914.6,1924.61,13920.258443
2026-03-01 23:00:00,1924.68,1948.33,1918.75,1939.68,6778.945936
2026-03-02 00:00:00,1939.7,1967.52,1937.41,1961.01,9616.462921
2026-03-02 01:00:00,1961.0,1989.44,1959.74,1963.79,7163.76623
2026-03-02 02:00:00,1963.84,1966.41,1939.57,1955.64,7015.936566
2026-03-02 03:00:00,1955.61,1979.98,1948.07,1972.09,9980.720935
2026-03-02 04:00:00,1972.1,1980.12,1968.07,1972.99,4174.61044
2026-03-02 05:00:00,1972.98,1984.13,1962.48,1971.08,3305.551021
2026-03-02 06:00:00,1971.09,1971.28,1937.44,1943.6,6790.646913
2026-03-02 07:00:00,1943.61,1945.25,1925.76,1941.63,6036.664227
2026-03-02 08:00:00,1941.69,1952.09,1919.71,1949.35,8898.423539
2026-03-02 09:00:00,1949.21,1967.26,1946.65,1948.01,8480.920724
2026-03-02 10:00:00,1948.0,1956.92,1944.0,1952.52,2664.853456
2026-03-02 11:00:00,1952.49,1955.51,1935.72,1947.85,7416.755133
2026-03-02 12:00:00,1947.79,1949.2,1930.79,1938.5,4347.607102
2026-03-02 13:00:00,1938.42,1944.92,1922.78,1927.96,5091.885602
2026-03-02 14:00:00,1927.95,1985.71,1921.7,1979.75,20092.287787
2026-03-02 15:00:00,1979.58,2065.54,1974.42,2047.7,40874.798537
2026-03-02 16:00:00,2047.73,2090.9,2043.35,2064.27,22887.501322
2026-03-02 17:00:00,2064.21,2066.56,2025.65,2041.23,9856.805039
2026-03-02 18:00:00,2041.01,2041.09,2024.23,2029.32,5614.321047
2026-03-02 19:00:00,2029.33,2050.6,2016.72,2043.6,6539.114459
2026-03-02 20:00:00,2043.51,2057.65,2025.12,2035.42,8383.390575
2026-03-02 21:00:00,2035.52,2047.92,2029.38,2043.19,3170.4492
2026-03-02 22:00:00,2043.19,2058.69,2041.43,2053.81,2983.267215
2026-03-02 23:00:00,2053.82,2055.45,2024.94,2027.5,6924.619724
2026-03-03 00:00:00,2027.5,2039.36,2018.71,2035.44,4679.946295
2026-03-03 01:00:00,2035.45,2041.71,2019.78,2019.89,4859.887191
2026-03-03 02:00:00,2020.04,2022.61,1998.04,2013.84,11392.844917
2026-03-03 03:00:00,2013.96,2017.0,2005.56,2008.85,3618.26087
2026-03-03 04:00:00,2008.85,2013.75,1997.3,1999.99,5093.685905
2026-03-03 05:00:00,1999.99,2019.57,1987.5,1993.44,6766.485331
2026-03-03 06:00:00,1993.55,2002.07,1988.38,1999.49,6016.841131
2026-03-03 07:00:00,1999.48,2003.8,1993.36,1996.42,2205.731902
2026-03-03 08:00:00,1996.43,2000.85,1948.19,1953.3,17014.402526
2026-03-03 09:00:00,1953.46,1968.93,1939.41,1951.69,13837.751457
2026-03-03 10:00:00,1951.57,1964.31,1945.36,1958.34,5845.697657
2026-03-03 11:00:00,1958.34,1966.88,1951.88,1961.35,4432.192114
2026-03-03 12:00:00,1961.36,1990.35,1960.9,1967.71,6393.479305
2026-03-03 13:00:00,1967.71,1968.85,1943.86,1952.43,7006.183758
2026-03-03 14:00:00,1952.36,1977.62,1929.0,1943.01,16504.901769
2026-03-03 15:00:00,1943.0,1972.79,1931.89,1969.46,11721.200094
2026-03-03 16:00:00,1969.17,2013.94,1958.73,1983.8,19872.261486
2026-03-03 17:00:00,1983.88,1985.6,1959.19,1980.38,7755.142713
2026-03-03 18:00:00,1980.42,2000.35,1969.66,1988.2,6247.935257
2026-03-03 19:00:00,1988.25,1994.33,1977.01,1986.08,4083.753697
2026-03-03 20:00:00,1986.09,1989.81,1969.7,1978.3,1985.777526
2026-03-03 21:00:00,1978.34,1978.41,1959.35,1968.44,2763.800423
2026-03-03 22:00:00,1968.49,1987.85,1968.21,1983.48,2655.600752
2026-03-03 23:00:00,1983.11,2001.61,1981.17,1982.82,5716.748882
2026-03-04 00:00:00,1982.82,1986.75,1962.0,1976.86,4971.004828
2026-03-04 01:00:00,1976.67,1998.76,1970.07,1981.92,5065.409261
2026-03-04 02:00:00,1981.46,1983.17,1968.88,1979.17,3985.945704
2026-03-04 03:00:00,1979.17,1979.99,1945.01,1961.29,9408.399992
2026-03-04 04:00:00,1961.17,1964.54,1950.63,1960.34,3580.825258
2026-03-04 05:00:00,1960.4,1977.57,1955.77,1971.14,4331.841786
2026-03-04 06:00:00,1971.19,1986.51,1963.22,1980.11,4408.910693
2026-03-04 07:00:00,1980.12,2010.29,1974.71,2006.61,8734.793023
2026-03-04 08:00:00,2006.64,2066.55,2000.49,2063.63,24933.480554
2026-03-04 09:00:00,2063.62,2089.44,2055.31,2075.18,23082.009691
2026-03-04 10:00:00,2075.11,2093.55,2065.13,2072.35,14307.948778
2026-03-04 11:00:00,2072.35,2078.28,2046.66,2054.72,11390.672636
2026-03-04 12:00:00,2054.89,2059.25,2036.37,2054.56,6459.315073
2026-03-04 13:00:00,2054.64,2068.85,2053.09,2064.65,7629.400761
2026-03-04 14:00:00,2064.64,2110.74,2063.01,2079.64,28975.123447
2026-03-04 15:00:00,2079.8,2157.23,2078.67,2150.26,45891.619466
2026-03-04 16:00:00,2150.25,2166.0,2126.56,2142.79,24848.611764
2026-03-04 17:00:00,2142.51,2156.51,2129.81,2146.05,9425.019366
2026-03-04 18:00:00,2146.0,2165.0,2138.07,2163.44,15128.330955
2026-03-04 19:00:00,2163.5,2200.0,2161.35,2177.84,32152.677839
2026-03-04 20:00:00,2177.85,2180.0,2150.0,2150.76,6731.574996
2026-03-04 21:00:00,2150.29,2155.99,2142.13,2149.76,8033.767448
2026-03-04 22:00:00,2149.66,2164.25,2127.03,2132.01,5586.815383
2026-03-04 23:00:00,2131.85,2137.03,2116.67,2127.41,4986.015009
2026-03-05 00:00:00,2127.3,2135.32,2121.57,2128.38,4259.57365
2026-03-05 01:00:00,2128.33,2142.11,2107.5,2113.93,8618.793407
2026-03-05 02:00:00,2113.73,2134.13,2113.01,2122.18,5079.151542
2026-03-05 03:00:00,2122.18,2126.17,2107.53,2119.88,5028.401743
2026-03-05 04:00:00,2120.14,2144.44,2118.56,2137.53,9468.716808
2026-03-05 05:00:00,2137.53,2139.7,2114.04,2119.58,6596.821745
2026-03-05 06:00:00,2119.72,2130.9,2110.28,2128.3,5347.153444
2026-03-05 07:00:00,2128.37,2132.89,2095.8,2105.0,10396.055019
2026-03-05 08:00:00,2105.15,2118.55,2093.78,2117.9,14553.225466
2026-03-05 09:00:00,2117.9,2138.03,2116.83,2125.79,10847.287826
2026-03-05 10:00:00,2125.8,2163.68,2120.38,2156.3,9413.018726
2026-03-05 11:00:00,2156.31,2159.58,2133.75,2138.06,6775.622404
2026-03-05 12:00:00,2138.06,2142.92,2123.34,2138.32,6668.048942
2026-03-05 13:00:00,2138.32,2139.95,2107.76,2117.56,8909.578911
2026-03-05 14:00:00,2117.56,2131.37,2096.2,2119.25,14057.439427
2026-03-05 15:00:00,2119.32,2121.99,2067.0,2087.09,25478.708496
2026-03-05 16:00:00,2087.09,2087.49,2056.58,2080.35,8892.56061
2026-03-05 17:00:00,2080.35,2094.0,2054.35,2059.89,8429.912575
2026-03-05 18:00:00,2059.85,2078.38,2057.45,2076.85,4668.245899
2026-03-05 19:00:00,2076.84,2092.64,2072.3,2074.48,4499.677038
2026-03-05 20:00:00,2074.6,2098.81,2070.11,2092.35,5377.917243
2026-03-05 21:00:00,2092.25,2099.6,2075.93,2080.51,2831.87389
2026-03-05 22:00:00,2080.51,2085.27,2077.56,2080.22,1790.651556
2026-03-05 23:00:00,2080.47,2084.7,2068.98,2072.66,5033.920819
2026-03-06 00:00:00,2072.66,2080.25,2067.47,2075.0,8553.232226
2026-03-06 01:00:00,2075.0,2091.15,2061.77,2087.64,4942.411772
2026-03-06 02:00:00,2087.67,2093.3,2080.2,2083.92,2217.254521
2026-03-06 03:00:00,2083.69,2088.88,2075.02,2083.91,2081.303538
2026-03-06 04:00:00,2083.91,2086.0,2059.47,2071.05,3842.487846
2026-03-06 05:00:00,2071.05,2074.52,2059.47,2068.96,4185.201982
2026-03-06 06:00:00,2068.96,2080.89,2063.7,2074.24,2817.749698
2026-03-06 07:00:00,2074.24,2087.5,2068.77,2082.82,7297.01462
2026-03-06 08:00:00,2082.84,2082.85,2074.53,2076.1,3835.723522
2026-03-06 09:00:00,2076.1,2077.4,2045.7,2059.94,10925.5508
2026-03-06 10:00:00,2059.92,2070.0,2058.59,2063.4,3989.952444
2026-03-06 11:00:00,2063.4,2067.5,2050.0,2051.18,3356.315139
2026-03-06 12:00:00,2051.19,2055.32,2038.0,2048.56,7822.170565
2026-03-06 13:00:00,2048.55,2063.06,2019.35,2020.1,18277.235018
2026-03-06 14:00:00,2019.96,2024.44,1971.96,1981.66,28487.205623
2026-03-06 15:00:00,1981.65,1997.84,1966.0,1977.74,15378.498442
2026-03-06 16:00:00,1977.73,1984.98,1966.5,1971.5,7544.388314
2026-03-06 17:00:00,1971.49,1982.44,1955.96,1966.86,9088.594594
2026-03-06 18:00:00,1966.85,1983.7,1966.56,1974.74,5881.247059
2026-03-06 19:00:00,1974.58,1993.28,1974.58,1983.7,2859.887825
2026-03-06 20:00:00,1983.71,1988.88,1969.01,1978.65,5541.464782
2026-03-06 21:00:00,1978.8,1984.58,1971.59,1983.9,2288.817211
2026-03-06 22:00:00,1983.91,1990.2,1981.6,1987.52,1926.62904
2026-03-06 23:00:00,1987.65,1987.96,1977.1,1978.89,1475.332426
2026-03-07 00:00:00,1978.79,1983.5,1977.0,1981.41,1979.487682
2026-03-07 01:00:00,1981.41,1983.86,1975.31,1980.61,3989.497854
2026-03-07 02:00:00,1980.51,1984.69,1972.28,1983.5,3463.376859
2026-03-07 03:00:00,1983.65,1996.0,1979.76,1980.01,3384.606864
2026-03-07 04:00:00,1980.11,1980.53,1964.1,1975.45,3365.481829
2026-03-07 05:00:00,1975.44,1979.99,1972.51,1978.6,1337.600238
2026-03-07 06:00:00,1978.6,1978.6,1968.43,1971.75,1761.303894
2026-03-07 07:00:00,1971.8,1984.67,1967.06,1983.49,6925.181655
2026-03-07 08:00:00,1983.5,1987.9,1975.59,1977.75,2343.278976
2026-03-07 09:00:00,1977.75,1989.63,1975.23,1986.3,1893.290808
2026-03-07 10:00:00,1986.55,1988.86,1983.2,1984.16,1025.014056
2026-03-07 11:00:00,1984.16,1994.66,1982.15,1988.6,3126.919815
2026-03-07 12:00:00,1988.6,1990.95,1979.1,1982.31,2304.816863
2026-03-07 13:00:00,1982.34,1983.88,1977.51,1981.53,1791.879818
2026-03-07 14:00:00,1981.5,1990.27,1970.01,1986.67,3360.754229
2026-03-07 15:00:00,1986.92,1987.65,1976.12,1981.07,1736.167386
2026-03-07 16:00:00,1981.08,1981.08,1974.53,1977.16,1128.957187
2026-03-07 17:00:00,1977.2,1983.65,1976.26,1977.58,1247.707656
2026-03-07 18:00:00,1977.57,1977.57,1965.76,1971.34,2993.500976
2026-03-07 19:00:00,1971.34,1971.34,1947.38,1955.22,7024.40389
2026-03-07 20:00:00,1955.14,1968.7,1955.0,1966.31,5629.071204
2026-03-07 21:00:00,1966.31,1971.95,1963.74,1970.5,1887.987114
2026-03-07 22:00:00,1970.51,1971.1,1958.87,1966.51,7833.890452
2026-03-07 23:00:00,1966.52,1974.24,1965.61,1969.75,4025.68226
2026-03-08 00:00:00,1969.75,1977.42,1966.51,1968.82,3836.848876
2026-03-08 01:00:00,1968.77,1971.82,1963.52,1968.94,2580.805699
2026-03-08 02:00:00,1968.95,1970.04,1935.6,1942.28,13834.638469
2026-03-08 03:00:00,1942.3,1951.48,1941.47,1947.66,6026.969499
2026-03-08 04:00:00,1947.63,1953.26,1929.37,1938.43,5429.169173
2026-03-08 05:00:00,1938.42,1952.29,1938.11,1948.78,8815.860095
2026-03-08 06:00:00,1948.77,1952.07,1942.88,1947.7,1547.693124
2026-03-08 07:00:00,1947.71,1960.43,1947.0,1955.39,4216.929575
2026-03-08 08:00:00,1955.2,1960.48,1949.06,1959.67,3445.141812
2026-03-08 09:00:00,1959.67,1970.02,1956.7,1963.56,5321.511915
2026-03-08 10:00:00,1963.43,1979.89,1963.37,1974.06,8031.156638
2026-03-08 11:00:00,1974.05,1974.45,1944.7,1951.27,5368.184473
2026-03-08 12:00:00,1951.3,1954.66,1925.14,1946.11,9464.065522
2026-03-08 13:00:00,1946.11,1947.85,1922.85,1944.49,9770.321084
2026-03-08 14:00:00,1944.49,1950.55,1937.43,1945.4,4090.656874
2026-03-08 15:00:00,1945.41,1947.86,1937.3,1943.06,2985.122543
2026-03-08 16:00:00,1943.06,1944.71,1933.4,1936.5,3101.32883
2026-03-08 17:00:00,1936.51,1946.49,1933.06,1935.64,2725.013972
2026-03-08 18:00:00,1935.71,1936.79,1927.18,1930.18,2161.118635
2026-03-08 19:00:00,1930.05,1969.96,1928.06,1964.49,11582.223099
2026-03-08 20:00:00,1964.49,1971.19,1953.37,1958.61,4488.81186
2026-03-08 21:00:00,1958.75,1962.13,1943.8,1953.68,4001.284792
2026-03-08 22:00:00,1953.8,1953.8,1910.0,1942.9,32647.419814
2026-03-08 23:00:00,1942.9,1954.99,1935.15,1936.87,7082.452508
2026-03-09 00:00:00,1936.87,1966.06,1928.86,1950.9,7824.116032
2026-03-09 01:00:00,1950.87,1963.18,1942.66,1945.81,5229.75865
2026-03-09 02:00:00,1945.66,1963.1,1938.22,1959.59,4218.438276
2026-03-09 03:00:00,1959.58,2005.74,1958.95,1977.56,29957.00363
2026-03-09 04:00:00,1977.6,1989.39,1973.09,1977.27,3683.98046
2026-03-09 05:00:00,1977.35,2014.36,1976.3,2011.04,15660.031163
2026-03-09 06:00:00,2010.81,2012.98,1983.44,1985.15,6623.077769
2026-03-09 07:00:00,1985.15,1985.84,1963.41,1983.85,6623.421444
2026-03-09 08:00:00,1983.94,1999.86,1978.87,1996.7,6552.318854
2026-03-09 09:00:00,1996.75,2022.72,1986.76,2004.36,9110.618242
2026-03-09 10:00:00,2004.36,2007.06,1992.5,1995.42,5913.643578
2026-03-09 11:00:00,1995.45,1999.93,1980.33,1992.2,4605.460603
2026-03-09 12:00:00,1992.2,2013.8,1992.2,2002.22,6731.05859
2026-03-09 13:00:00,2002.22,2030.0,2000.61,2017.86,15962.082965
2026-03-09 14:00:00,2018.01,2032.89,2007.96,2022.12,14992.056416
2026-03-09 15:00:00,2022.19,2029.42,2013.82,2022.34,6615.304462
2026-03-09 16:00:00,2022.46,2038.71,2018.7,2027.27,9077.355833
2026-03-09 17:00:00,2027.2,2032.35,2005.42,2016.57,10811.214099
2026-03-09 18:00:00,2016.56,2022.72,2006.1,2011.84,5665.733802
2026-03-09 19:00:00,2011.85,2054.06,2009.82,2034.04,12548.008213
2026-03-09 20:00:00,2033.92,2037.46,2018.75,2025.66,2997.198796
2026-03-09 21:00:00,2025.6,2035.29,2022.17,2028.48,3907.372812
2026-03-09 22:00:00,2028.48,2031.39,1998.98,2002.76,8535.687831
2026-03-09 23:00:00,2002.76,2007.57,1989.3,1993.32,6492.15632
2026-03-10 00:00:00,1993.25,2023.0,1991.11,2015.55,5540.11501
2026-03-10 01:00:00,2015.51,2025.35,2006.72,2019.2,4498.495342
2026-03-10 02:00:00,2019.19,2054.48,2014.04,2042.31,11193.892875
2026-03-10 03:00:00,2042.31,2047.79,2022.85,2027.01,5180.933266
2026-03-10 04:00:00,2027.02,2047.5,2026.51,2046.13,5827.850177
2026-03-10 05:00:00,2045.9,2054.3,2039.48,2044.19,5047.095326
2026-03-10 06:00:00,2044.2,2049.39,2036.4,2043.78,3861.207588
2026-03-10 07:00:00,2043.71,2059.98,2040.4,2051.11,8092.125103
2026-03-10 08:00:00,2051.12,2070.66,2051.12,2057.06,18192.840581
2026-03-10 09:00:00,2057.05,2074.71,2055.49,2068.36,9685.167006
2026-03-10 10:00:00,2068.35,2069.3,2055.67,2062.88,10581.080086
2026-03-10 11:00:00,2062.91,2068.45,2052.21,2061.8,7013.834938
2026-03-10 12:00:00,2061.81,2062.19,2047.08,2049.84,6371.822484
2026-03-10 13:00:00,2049.89,2061.0,2024.5,2033.61,12087.187824
2026-03-10 14:00:00,2033.61,2081.03,2008.11,2075.25,27732.880108
2026-03-10 15:00:00,2075.33,2086.16,2059.18,2079.7,20035.039836
2026-03-10 16:00:00,2079.66,2088.69,2069.65,2080.9,7826.811946
2026-03-10 17:00:00,2080.65,2085.33,2057.73,2071.94,8381.644988
2026-03-10 18:00:00,2071.86,2073.48,2035.03,2039.67,10283.322247
2026-03-10 19:00:00,2039.68,2045.59,2027.17,2037.01,5366.60117
2026-03-10 20:00:00,2037.01,2047.52,2035.2,2042.64,3233.042951
2026-03-10 21:00:00,2042.64,2048.66,2019.49,2029.5,4555.603779
2026-03-10 22:00:00,2029.4,2032.86,2020.21,2027.68,4203.346873
2026-03-10 23:00:00,2027.68,2037.5,2027.31,2036.71,2024.023025
2026-03-11 00:00:00,2036.71,2041.95,2028.84,2037.93,2949.960714
2026-03-11 01:00:00,2037.95,2041.2,2028.95,2036.14,1769.157839
2026-03-11 02:00:00,2036.14,2039.27,2018.75,2026.81,6557.16701
2026-03-11 03:00:00,2026.81,2029.5,2018.21,2021.22,2185.132374
2026-03-11 04:00:00,2021.21,2041.74,2018.03,2039.25,4728.029752
2026-03-11 05:00:00,2039.14,2041.64,2010.56,2014.64,6570.118185
2026-03-11 06:00:00,2014.63,2026.0,2013.81,2024.5,3298.515135
2026-03-11 07:00:00,2024.46,2025.9,2007.36,2012.51,4394.596338
2026-03-11 08:00:00,2012.52,2026.32,2009.41,2024.16,8457.253246
2026-03-11 09:00:00,2024.07,2028.0,2014.61,2018.21,3687.498784
2026-03-11 10:00:00,2018.21,2032.27,2017.51,2029.21,3842.368729
2026-03-11 11:00:00,2029.1,2034.3,2015.3,2018.14,4603.271292
2026-03-11 12:00:00,2018.1,2037.29,2013.0,2023.36,11995.087473
2026-03-11 13:00:00,2023.14,2083.11,2021.8,2050.99,22884.3468
2026-03-11 14:00:00,2050.99,2077.75,2043.41,2062.92,14936.314942
2026-03-11 15:00:00,2063.0,2065.88,2030.23,2050.05,9664.037158
2026-03-11 16:00:00,2050.05,2072.68,2046.41,2067.17,7653.416703
2026-03-11 17:00:00,2067.17,2085.9,2057.81,2068.42,10159.985181
2026-03-11 18:00:00,2068.41,2079.92,2064.49,2076.75,5596.779396
2026-03-11 19:00:00,2076.71,2077.91,2068.75,2076.4,4516.826074
2026-03-11 20:00:00,2076.39,2076.41,2065.9,2068.7,1982.059124
2026-03-11 21:00:00,2068.7,2075.66,2062.82,2073.22,2701.57745
2026-03-11 22:00:00,2073.23,2084.68,2059.13,2061.93,6397.616787
2026-03-11 23:00:00,2061.93,2065.16,2045.56,2052.09,5317.253783
2026-03-12 00:00:00,2052.08,2058.38,2047.9,2055.77,2896.661381
2026-03-12 01:00:00,2055.76,2056.44,2043.0,2046.41,3745.880765
2026-03-12 02:00:00,2046.2,2047.85,2021.99,2024.65,12111.207968
2026-03-12 03:00:00,2024.71,2034.92,2017.95,2023.44,6171.814396
2026-03-12 04:00:00,2023.5,2029.92,2021.55,2023.26,4566.622965
2026-03-12 05:00:00,2023.25,2028.24,2019.15,2027.16,4977.216833
2026-03-12 06:00:00,2027.16,2032.0,2024.8,2030.67,3166.78781
2026-03-12 07:00:00,2030.71,2042.44,2025.78,2040.98,4943.920307
2026-03-12 08:00:00,2040.8,2052.9,2038.62,2047.75,5634.977657
2026-03-12 09:00:00,2047.75,2065.65,2038.06,2055.81,7020.262674
2026-03-12 10:00:00,2055.81,2075.67,2052.69,2070.0,7057.64567
2026-03-12 11:00:00,2069.99,2076.96,2057.53,2062.73,4848.058711
2026-03-12 12:00:00,2062.72,2071.05,2057.85,2065.67,3939.311572
2026-03-12 13:00:00,2065.68,2081.05,2051.46,2065.58,12742.481629
2026-03-12 14:00:00,2065.63,2095.55,2037.99,2045.62,22172.482569
2026-03-12 15:00:00,2045.32,2082.61,2039.02,2072.43,10265.402444
2026-03-12 16:00:00,2072.34,2078.17,2056.26,2069.78,6278.725505
2026-03-12 17:00:00,2069.78,2075.26,2055.22,2058.34,3259.190569
2026-03-12 18:00:00,2058.34,2062.2,2046.41,2048.88,3498.079519
2026-03-12 19:00:00,2048.92,2073.6,2045.34,2069.6,3697.528461
2026-03-12 20:00:00,2069.6,2073.75,2060.39,2062.46,1563.376942
2026-03-12 21:00:00,2062.51,2069.51,2057.65,2063.09,1167.125861
2026-03-12 22:00:00,2063.09,2067.82,2055.64,2065.61,3073.849858
2026-03-12 23:00:00,2065.6,2093.6,2064.88,2073.62,8277.577827
2026-03-13 00:00:00,2073.62,2149.66,2070.14,2119.05,29979.107309
2026-03-13 01:00:00,2119.05,2131.09,2111.46,2124.76,7550.436698
2026-03-13 02:00:00,2124.76,2127.29,2102.51,2105.66,5246.942574
2026-03-13 03:00:00,2105.66,2123.8,2102.3,2118.85,4444.675864
2026-03-13 04:00:00,2118.86,2120.19,2110.0,2111.95,2209.712527
2026-03-13 05:00:00,2111.86,2115.28,2103.59,2110.6,2630.499563
2026-03-13 06:00:00,2110.61,2113.16,2090.0,2096.24,7725.908911
2026-03-13 07:00:00,2096.15,2104.64,2092.76,2099.3,7000.901276
2026-03-13 08:00:00,2099.3,2117.79,2091.41,2100.14,9171.005683
2026-03-13 09:00:00,2100.14,2117.18,2096.26,2113.45,7192.05181
2026-03-13 10:00:00,2113.46,2133.04,2112.76,2126.79,8371.118311
2026-03-13 11:00:00,2126.79,2129.92,2116.16,2120.73,4066.501782
2026-03-13 12:00:00,2120.72,2153.1,2120.38,2146.67,14866.153941
2026-03-13 13:00:00,2146.56,2200.0,2141.59,2185.33,33303.858378
2026-03-13 14:00:00,2185.32,2209.96,2145.75,2151.18,30889.619614
2026-03-13 15:00:00,2151.2,2165.72,2125.36,2128.06,16509.15601
2026-03-13 16:00:00,2128.16,2143.53,2110.59,2134.03,12427.729426
2026-03-13 17:00:00,2134.03,2141.33,2091.0,2102.99,13356.027356
2026-03-13 18:00:00,2103.11,2108.61,2090.62,2100.95,5168.395521
2026-03-13 19:00:00,2100.96,2106.22,2096.4,2102.54,3525.521284
2026-03-13 20:00:00,2102.71,2115.09,2101.11,2111.73,3091.007929
2026-03-13 21:00:00,2111.74,2116.88,2101.26,2103.22,1946.560195
2026-03-13 22:00:00,2103.22,2105.04,2078.57,2089.01,8531.389546
2026-03-13 23:00:00,2089.2,2094.57,2085.71,2092.28,2478.909373
2026-03-14 00:00:00,2092.26,2095.07,2082.87,2085.51,3203.418651
2026-03-14 01:00:00,2085.47,2095.41,2081.5,2092.75,3037.924775
2026-03-14 02:00:00,2092.66,2095.7,2089.55,2092.44,2197.115614
2026-03-14 03:00:00,2092.45,2104.26,2092.45,2101.49,3351.98957
2026-03-14 04:00:00,2101.5,2106.09,2087.86,2090.43,5503.563116
2026-03-14 05:00:00,2090.42,2094.64,2085.87,2092.45,2315.092851
2026-03-14 06:00:00,2092.45,2092.45,2068.52,2078.25,7381.813337
2026-03-14 07:00:00,2078.3,2081.53,2074.98,2077.7,3753.718834
2026-03-14 08:00:00,2077.73,2081.99,2073.0,2074.56,3410.393566
2026-03-14 09:00:00,2074.56,2078.11,2063.8,2067.36,4645.293192
2026-03-14 10:00:00,2067.36,2068.95,2061.62,2066.18,3870.407988
2026-03-14 11:00:00,2066.15,2076.73,2065.8,2073.86,2553.030531
2026-03-14 12:00:00,2073.85,2078.66,2069.9,2075.62,2241.169663
2026-03-14 13:00:00,2075.62,2081.03,2072.91,2078.5,1841.00948
2026-03-14 14:00:00,2078.5,2080.53,2069.7,2071.16,2158.348417
2026-03-14 15:00:00,2071.07,2077.84,2070.19,2074.72,1606.667184
2026-03-14 16:00:00,2074.7,2078.8,2069.04,2077.75,1839.527523
2026-03-14 17:00:00,2077.75,2078.36,2073.61,2075.28,878.842788
2026-03-14 18:00:00,2075.35,2078.48,2072.72,2077.02,672.54931
2026-03-14 19:00:00,2077.02,2079.47,2074.85,2077.55,769.870478
2026-03-14 20:00:00,2077.56,2087.6,2076.01,2085.9,2851.532706
2026-03-14 21:00:00,2085.9,2088.87,2081.51,2086.91,1105.978342
2026-03-14 22:00:00,2086.92,2088.44,2082.26,2084.6,1145.634178
2026-03-14 23:00:00,2084.59,2099.91,2084.16,2096.29,4364.34846
2026-03-15 00:00:00,2096.3,2096.75,2086.28,2087.82,2342.195474
2026-03-15 01:00:00,2087.82,2091.41,2083.4,2088.36,1585.592312
2026-03-15 02:00:00,2088.36,2108.05,2088.36,2101.76,6316.654048
2026-03-15 03:00:00,2102.15,2105.19,2093.59,2096.25,2945.582933
2026-03-15 04:00:00,2096.25,2104.24,2096.02,2104.24,2203.560267
2026-03-15 05:00:00,2104.24,2115.68,2102.06,2107.81,5488.538727
2026-03-15 06:00:00,2107.81,2111.2,2103.0,2107.55,1522.862485
2026-03-15 07:00:00,2107.58,2113.5,2103.34,2105.65,1923.520723
2026-03-15 08:00:00,2105.67,2113.15,2105.67,2113.1,2506.762721
2026-03-15 09:00:00,2113.09,2124.04,2112.95,2117.14,4455.534095
2026-03-15 10:00:00,2117.15,2121.9,2114.25,2119.08,1673.169447
2026-03-15 11:00:00,2119.09,2121.19,2114.8,2119.7,1299.447404
2026-03-15 12:00:00,2119.7,2119.95,2108.2,2109.43,2138.8986
2026-03-15 13:00:00,2109.41,2112.59,2086.44,2097.5,8771.613882
2026-03-15 14:00:00,2097.46,2099.62,2086.61,2096.9,3408.596263
2026-03-15 15:00:00,2096.9,2097.15,2090.26,2093.84,1334.342382
2026-03-15 16:00:00,2093.84,2098.87,2088.78,2091.65,1808.054818
2026-03-15 17:00:00,2091.65,2118.25,2091.25,2110.81,3079.861196
2026-03-15 18:00:00,2110.89,2113.71,2094.36,2099.16,2423.32766
2026-03-15 19:00:00,2099.15,2114.27,2096.29,2113.57,4453.107143
2026-03-15 20:00:00,2113.6,2139.0,2110.01,2129.45,5388.147934
2026-03-15 21:00:00,2129.28,2145.14,2123.51,2139.11,4163.806268
2026-03-15 22:00:00,2139.2,2192.65,2125.57,2184.5,19923.008093
2026-03-15 23:00:00,2184.55,2202.8,2165.9,2178.17,15582.19563
2026-03-16 00:00:00,2178.16,2187.39,2164.36,2171.19,5414.40963
2026-03-16 01:00:00,2171.19,2190.43,2164.48,2185.84,5696.7019
2026-03-16 02:00:00,2185.85,2189.18,2170.01,2180.67,4365.459297
2026-03-16 03:00:00,2180.65,2253.75,2177.45,2235.64,32309.592963
2026-03-16 04:00:00,2235.64,2278.22,2235.64,2263.04,25779.787056
2026-03-16 05:00:00,2263.03,2288.46,2256.84,2280.03,18463.608277
2026-03-16 06:00:00,2280.03,2281.1,2260.15,2261.19,6556.161542
2026-03-16 07:00:00,2261.23,2269.46,2244.57,2248.5,12816.897427
2026-03-16 08:00:00,2248.51,2258.66,2234.41,2243.2,8105.235491
2026-03-16 09:00:00,2243.23,2265.99,2239.77,2260.46,6442.486188
2026-03-16 10:00:00,2260.41,2278.84,2256.02,2277.99,11356.793578
2026-03-16 11:00:00,2278.0,2280.34,2266.0,2269.9,9551.160164
2026-03-16 12:00:00,2269.91,2305.0,2269.79,2279.3,22408.394461
2026-03-16 13:00:00,2279.31,2308.0,2272.22,2288.6,20668.298557
2026-03-16 14:00:00,2288.34,2304.17,2255.0,2288.29,29338.587077
2026-03-16 15:00:00,2288.29,2299.0,2269.52,2273.37,12267.948851
2026-03-16 16:00:00,2273.37,2300.0,2269.54,2296.95,13960.220076
2026-03-16 17:00:00,2296.96,2323.18,2293.29,2314.41,11309.804892
2026-03-16 18:00:00,2314.41,2346.9,2313.71,2321.41,19924.21749
2026-03-16 19:00:00,2321.5,2348.18,2318.34,2331.08,8844.066777
2026-03-16 20:00:00,2330.85,2347.63,2323.74,2345.26,3487.68567
2026-03-16 21:00:00,2345.29,2377.0,2343.76,2360.96,15537.317527
2026-03-16 22:00:00,2360.73,2387.23,2355.01,2357.95,10139.354072
2026-03-16 23:00:00,2358.1,2363.8,2330.46,2352.68,10963.056226
2026-03-17 00:00:00,2352.68,2377.0,2340.61,2357.69,18539.38553
2026-03-17 01:00:00,2357.71,2374.94,2346.89,2360.93,15955.347833
2026-03-17 02:00:00,2360.91,2361.85,2344.61,2351.09,7097.926504
2026-03-17 03:00:00,2351.1,2355.89,2308.11,2320.16,15421.774761
2026-03-17 04:00:00,2320.17,2330.53,2296.32,2311.5,15132.095618
2026-03-17 05:00:00,2311.51,2319.83,2298.13,2307.41,6580.563923
2026-03-17 06:00:00,2307.54,2324.54,2296.75,2315.29,6900.140963
2026-03-17 07:00:00,2315.3,2339.83,2315.13,2327.94,6061.738304
2026-03-17 08:00:00,2327.87,2335.47,2316.17,2320.78,5529.068254
2026-03-17 09:00:00,2320.77,2329.55,2306.64,2315.99,7573.176593
2026-03-17 10:00:00,2315.99,2317.14,2303.7,2313.2,7688.944819
2026-03-17 11:00:00,2313.21,2333.3,2312.01,2326.86,4457.444019
2026-03-17 12:00:00,2326.84,2335.12,2312.95,2315.62,5419.715721
2026-03-17 13:00:00,2315.65,2346.66,2313.47,2328.93,17412.392984
2026-03-17 14:00:00,2328.95,2348.85,2319.24,2343.44,10795.848671
2026-03-17 15:00:00,2343.44,2357.74,2304.55,2316.24,12534.91007
2026-03-17 16:00:00,2316.19,2337.79,2312.53,2327.07,4634.729525
2026-03-17 17:00:00,2327.06,2343.26,2320.49,2340.18,3503.618646
2026-03-17 18:00:00,2340.2,2342.83,2328.0,2333.47,3303.818841
2026-03-17 19:00:00,2333.31,2340.48,2317.01,2320.44,3944.007791
2026-03-17 20:00:00,2320.43,2330.98,2317.83,2328.06,2279.668491
2026-03-17 21:00:00,2328.04,2345.15,2327.87,2338.43,6304.321453
2026-03-17 22:00:00,2338.43,2342.29,2318.32,2329.68,2700.95636
2026-03-17 23:00:00,2329.67,2333.15,2316.4,2317.54,2826.010281
2026-03-18 00:00:00,2317.55,2325.75,2307.15,2324.2,4136.713753
2026-03-18 01:00:00,2324.23,2335.41,2323.19,2325.0,3518.66668
2026-03-18 02:00:00,2325.01,2341.17,2324.28,2331.28,3548.574928
2026-03-18 03:00:00,2331.28,2350.0,2328.21,2340.73,3908.700576
2026-03-18 04:00:00,2340.74,2342.2,2326.35,2327.45,2514.344571
2026-03-18 05:00:00,2327.38,2330.89,2314.23,2318.53,3923.140713
2026-03-18 06:00:00,2318.53,2331.24,2318.21,2322.83,2592.889931
2026-03-18 07:00:00,2322.84,2323.54,2312.07,2317.65,2749.012605
2026-03-18 08:00:00,2317.64,2325.67,2317.34,2322.76,1904.284599
2026-03-18 09:00:00,2322.96,2333.45,2321.73,2329.2,1948.123788
2026-03-18 10:00:00,2329.2,2331.99,2308.0,2312.96,6038.94753
2026-03-18 11:00:00,2312.96,2319.36,2263.33,2269.19,26052.59422
2026-03-18 12:00:00,2269.18,2270.5,2235.66,2237.51,17181.900855
2026-03-18 13:00:00,2237.75,2244.74,2223.67,2235.74,11604.097184
2026-03-18 14:00:00,2235.75,2237.25,2187.02,2190.54,17526.169332
2026-03-18 15:00:00,2190.31,2197.06,2170.0,2187.77,19923.268373
2026-03-18 16:00:00,2187.76,2191.25,2166.38,2181.39,9499.115399
2026-03-18 17:00:00,2181.41,2211.88,2177.33,2204.15,9335.956272
2026-03-18 18:00:00,2204.16,2220.45,2176.01,2181.12,13220.762244
2026-03-18 19:00:00,2181.08,2196.87,2178.56,2186.04,4543.605433
2026-03-18 20:00:00,2185.87,2195.24,2152.58,2187.4,11463.944842
2026-03-18 21:00:00,2187.4,2207.12,2185.61,2202.57,4552.756145
2026-03-18 22:00:00,2202.74,2203.92,2187.5,2194.47,3130.766035
2026-03-18 23:00:00,2194.47,2207.08,2188.39,2203.42,3632.484319
2026-03-19 00:00:00,2203.43,2208.88,2190.74,2193.06,3132.568015
2026-03-19 01:00:00,2193.06,2202.16,2187.4,2196.87,2591.324057
2026-03-19 02:00:00,2196.94,2205.0,2189.19,2196.6,2522.222107
2026-03-19 03:00:00,2196.84,2234.08,2196.71,2212.08,12030.691659
2026-03-19 04:00:00,2212.08,2213.14,2190.67,2193.42,5058.212026
2026-03-19 05:00:00,2193.43,2198.65,2186.46,2189.25,2213.55687
2026-03-19 06:00:00,2189.25,2195.61,2177.74,2180.69,5707.500393
2026-03-19 07:00:00,2180.69,2181.88,2142.85,2166.68,20209.133761
2026-03-19 08:00:00,2166.68,2171.22,2158.12,2160.63,5366.09279
2026-03-19 09:00:00,2160.64,2190.89,2160.63,2189.54,8151.511082
2026-03-19 10:00:00,2189.36,2192.69,2172.72,2172.73,3213.619259
2026-03-19 11:00:00,2172.82,2177.56,2165.63,2166.94,2318.283419
2026-03-19 12:00:00,2166.97,2167.37,2130.0,2132.45,10254.664875
2026-03-19 13:00:00,2132.45,2143.79,2111.4,2137.73,19021.924082
2026-03-19 14:00:00,2137.73,2147.76,2102.46,2121.76,13646.800159
2026-03-19 15:00:00,2121.76,2137.0,2099.27,2118.88,13956.436862
2026-03-19 16:00:00,2118.89,2122.26,2106.57,2115.54,8525.705678
2026-03-19 17:00:00,2115.32,2131.91,2105.0,2127.4,4792.193542
2026-03-19 18:00:00,2127.39,2129.59,2114.49,2125.41,3290.664407
2026-03-19 19:00:00,2125.33,2157.01,2125.07,2141.45,8862.656497
2026-03-19 20:00:00,2141.29,2152.9,2139.49,2146.31,2361.282337
2026-03-19 21:00:00,2146.3,2155.8,2145.12,2150.18,2904.255094
2026-03-19 22:00:00,2150.17,2152.43,2132.74,2139.87,2862.556986
2026-03-19 23:00:00,2140.03,2147.48,2130.54,2137.87,2713.995424
2026-03-20 00:00:00,2137.82,2149.51,2135.0,2145.79,2518.729194
2026-03-20 01:00:00,2145.8,2160.75,2145.09,2150.96,4337.636869
2026-03-20 02:00:00,2150.96,2151.83,2131.23,2144.64,2974.371825
2026-03-20 03:00:00,2144.62,2157.31,2143.64,2151.57,2727.248518
2026-03-20 04:00:00,2151.57,2159.3,2139.44,2148.48,3747.174315
2026-03-20 05:00:00,2148.47,2152.06,2137.39,2140.27,2195.076745
2026-03-20 06:00:00,2140.31,2141.78,2132.19,2136.73,2251.305291
2026-03-20 07:00:00,2136.73,2153.43,2121.44,2150.69,8050.044065
2026-03-20 08:00:00,2150.69,2176.57,2146.21,2164.09,9115.742982
2026-03-20 09:00:00,2164.02,2164.03,2135.0,2141.66,4969.155212
2026-03-20 10:00:00,2141.66,2151.54,2131.39,2148.25,3647.389526
2026-03-20 11:00:00,2148.37,2158.68,2134.85,2141.56,3069.673168
2026-03-20 12:00:00,2141.54,2152.9,2135.01,2141.16,2030.932534
2026-03-20 13:00:00,2141.17,2152.77,2123.33,2127.5,6058.58386
2026-03-20 14:00:00,2127.5,2147.75,2116.89,2129.4,10892.08631
2026-03-20 15:00:00,2129.18,2138.8,2120.38,2134.01,4973.064097
2026-03-20 16:00:00,2134.02,2144.64,2130.35,2137.41,2445.089479
2026-03-20 17:00:00,2137.46,2141.32,2119.37,2136.68,3851.690652
2026-03-20 18:00:00,2136.82,2137.71,2117.51,2123.5,4229.987895
2026-03-20 19:00:00,2123.66,2135.01,2117.53,2133.32,2463.420017
2026-03-20 20:00:00,2133.21,2137.25,2124.03,2133.41,1467.554004
2026-03-20 21:00:00,2133.35,2157.73,2130.79,2147.77,3184.164749
2026-03-20 22:00:00,2147.78,2168.0,2147.78,2154.79,3171.289584
2026-03-20 23:00:00,2154.79,2155.69,2143.26,2146.28,1189.181303
2026-03-21 00:00:00,2146.05,2156.54,2144.19,2153.43,1302.511231
2026-03-21 01:00:00,2153.43,2159.73,2147.2,2147.52,1473.744985
2026-03-21 02:00:00,2147.59,2156.34,2145.96,2155.13,873.662459
2026-03-21 03:00:00,2155.13,2155.92,2150.86,2153.6,716.996639
2026-03-21 04:00:00,2153.48,2158.36,2150.46,2151.84,1282.01146
2026-03-21 05:00:00,2151.84,2157.94,2151.84,2153.32,1087.434086
2026-03-21 06:00:00,2153.28,2156.46,2152.26,2155.75,705.720247
2026-03-21 07:00:00,2155.76,2161.77,2153.47,2155.59,1563.344393
2026-03-21 08:00:00,2155.58,2157.34,2148.82,2154.04,1167.31489
2026-03-21 09:00:00,2154.04,2159.1,2153.63,2158.79,1432.384551
2026-03-21 10:00:00,2158.79,2159.57,2153.1,2154.36,836.986558
2026-03-21 11:00:00,2154.38,2158.0,2153.01,2157.41,639.069516
2026-03-21 12:00:00,2157.41,2160.86,2156.77,2157.91,876.257337
2026-03-21 13:00:00,2157.91,2159.79,2155.0,2155.86,665.472354
2026-03-21 14:00:00,2155.87,2168.5,2150.61,2152.39,2906.690129
2026-03-21 15:00:00,2152.4,2157.8,2146.74,2155.48,1862.469296
2026-03-21 16:00:00,2155.49,2155.85,2144.79,2146.94,2597.952491
2026-03-21 17:00:00,2146.93,2150.85,2142.02,2148.28,1191.212324
2026-03-21 18:00:00,2148.29,2155.91,2147.66,2151.39,1045.454808
2026-03-21 19:00:00,2151.4,2153.4,2149.26,2152.41,670.7224
2026-03-21 20:00:00,2152.42,2156.97,2149.87,2155.61,1727.480928
2026-03-21 21:00:00,2155.61,2157.0,2152.12,2153.65,960.621527
2026-03-21 22:00:00,2153.64,2154.04,2149.51,2150.09,703.34555
2026-03-21 23:00:00,2150.02,2150.15,2070.09,2084.7,22155.070203
2026-03-22 00:00:00,2084.69,2095.87,2049.38,2087.55,29217.878642
2026-03-22 01:00:00,2087.56,2094.67,2081.86,2091.52,5359.754972
2026-03-22 02:00:00,2091.52,2109.38,2088.0,2102.3,5424.668121
2026-03-22 03:00:00,2102.3,2126.88,2098.15,2113.84,6036.939246
2026-03-22 04:00:00,2113.85,2123.07,2105.96,2119.24,5156.357852
2026-03-22 05:00:00,2119.15,2120.71,2112.21,2112.74,2120.176338
2026-03-22 06:00:00,2112.75,2113.34,2107.39,2108.58,1891.660989
2026-03-22 07:00:00,2108.51,2111.99,2092.41,2093.33,3995.53874
2026-03-22 08:00:00,2093.54,2095.75,2074.21,2086.61,7303.898479
2026-03-22 09:00:00,2086.61,2096.72,2079.13,2085.16,3563.744368
2026-03-22 10:00:00,2085.16,2087.1,2077.42,2081.5,1334.824109
2026-03-22 11:00:00,2081.4,2083.79,2066.58,2069.84,3885.218346
2026-03-22 12:00:00,2069.87,2088.42,2068.2,2082.54,2852.872816
2026-03-22 13:00:00,2082.55,2092.6,2072.55,2078.57,3398.893703
2026-03-22 14:00:00,2078.57,2085.34,2071.9,2078.13,2540.800599
2026-03-22 15:00:00,2078.11,2084.71,2075.78,2083.2,2389.971144
2026-03-22 16:00:00,2083.2,2084.61,2078.0,2082.21,1447.053116
2026-03-22 17:00:00,2082.21,2084.6,2077.42,2079.72,1257.124447
2026-03-22 18:00:00,2079.71,2080.59,2056.84,2072.11,4576.40441
2026-03-22 19:00:00,2072.11,2072.69,2054.18,2063.11,3391.374531
2026-03-22 20:00:00,2063.11,2072.07,2056.26,2058.55,2498.329451
2026-03-22 21:00:00,2058.55,2060.47,2025.75,2045.97,17262.558989
2026-03-22 22:00:00,2045.96,2065.81,2032.57,2062.74,11360.73889
2026-03-22 23:00:00,2062.76,2074.72,2051.0,2053.9,4653.749943
2026-03-23 00:00:00,2053.91,2063.27,2035.71,2043.42,4212.961075
2026-03-23 01:00:00,2043.51,2062.85,2039.24,2047.68,3856.967555
2026-03-23 02:00:00,2047.69,2070.26,2046.8,2063.36,5074.825467
2026-03-23 03:00:00,2063.36,2072.37,2052.08,2052.7,2050.26404
2026-03-23 04:00:00,2052.7,2066.87,2050.9,2065.63,2165.513879
2026-03-23 05:00:00,2065.63,2072.02,2060.78,2069.47,2792.24381
2026-03-23 06:00:00,2069.28,2069.28,2028.12,2037.49,7888.323513
2026-03-23 07:00:00,2037.49,2049.95,2022.21,2044.73,6616.686818
2026-03-23 08:00:00,2044.79,2059.09,2043.8,2047.91,3637.791383
2026-03-23 09:00:00,2047.91,2049.22,2028.84,2043.74,3835.271623
2026-03-23 10:00:00,2043.75,2054.0,2040.47,2049.01,3064.274489
2026-03-23 11:00:00,2049.01,2198.34,2049.01,2134.92,86982.180277
2026-03-23 12:00:00,2134.8,2148.26,2108.11,2144.39,17849.607951
2026-03-23 13:00:00,2144.4,2188.91,2140.26,2185.75,15499.770825
2026-03-23 14:00:00,2185.75,2192.22,2169.2,2181.0,14159.490979
2026-03-23 15:00:00,2181.12,2187.99,2124.7,2128.6,15914.135
2026-03-23 16:00:00,2128.55,2143.39,2118.0,2135.94,10788.93572
2026-03-23 17:00:00,2135.94,2159.01,2124.6,2152.85,7000.995039
2026-03-23 18:00:00,2152.9,2172.12,2145.8,2168.88,6758.568723
2026-03-23 19:00:00,2168.85,2178.85,2149.66,2154.31,5837.523671
2026-03-23 20:00:00,2154.32,2166.88,2150.24,2161.61,1606.429717
2026-03-23 21:00:00,2161.61,2164.03,2154.37,2158.0,1926.005755
2026-03-23 22:00:00,2158.06,2159.5,2143.76,2152.93,1749.50785
2026-03-23 23:00:00,2152.92,2155.42,2140.32,2152.04,2170.301246
2026-03-24 00:00:00,2152.05,2156.34,2130.12,2143.12,5640.348646
2026-03-24 01:00:00,2143.12,2149.95,2124.46,2137.71,3899.316184
2026-03-24 02:00:00,2137.71,2145.99,2132.6,2136.0,2476.102386
2026-03-24 03:00:00,2136.0,2143.52,2130.6,2141.81,2282.359985
2026-03-24 04:00:00,2141.75,2152.79,2131.25,2136.38,3066.313868
2026-03-24 05:00:00,2136.39,2138.81,2129.04,2134.1,3126.843609
2026-03-24 06:00:00,2133.9,2146.66,2132.06,2145.47,2358.510871
2026-03-24 07:00:00,2145.48,2170.73,2144.18,2165.44,11749.97008
2026-03-24 08:00:00,2165.43,2167.63,2152.21,2155.0,5678.243585
2026-03-24 09:00:00,2154.99,2167.79,2145.86,2165.03,3935.39728
2026-03-24 10:00:00,2165.03,2165.18,2155.55,2161.53,2366.626415
2026-03-24 11:00:00,2161.49,2176.04,2152.16,2165.97,8976.356981
2026-03-24 12:00:00,2166.0,2170.49,2158.99,2162.67,2086.605095
2026-03-24 13:00:00,2162.67,2165.99,2130.4,2138.52,9416.250543
2026-03-24 14:00:00,2138.37,2148.57,2120.09,2134.54,11968.926946
2026-03-24 15:00:00,2134.57,2147.5,2131.64,2135.17,5617.941821
2026-03-24 16:00:00,2135.12,2140.79,2120.27,2127.64,4949.311873
2026-03-24 17:00:00,2127.64,2128.98,2102.86,2109.58,10467.680033
2026-03-24 18:00:00,2109.49,2128.0,2105.12,2119.27,4427.538266
2026-03-24 19:00:00,2119.27,2128.26,2114.43,2116.68,2496.725453
2026-03-24 20:00:00,2116.99,2154.88,2115.42,2148.82,10385.381483
2026-03-24 21:00:00,2148.85,2152.16,2140.68,2149.01,3469.609483
2026-03-24 22:00:00,2149.01,2156.27,2140.85,2145.58,4062.554778
2026-03-24 23:00:00,2145.58,2166.03,2143.25,2156.33,4943.632115
2026-03-25 00:00:00,2156.33,2169.17,2145.8,2161.64,7644.218385
2026-03-25 01:00:00,2161.66,2167.32,2156.8,2157.04,5524.212482
2026-03-25 02:00:00,2157.05,2161.81,2153.8,2155.95,4554.921344
2026-03-25 03:00:00,2155.96,2161.19,2146.6,2158.6,5277.482936
2026-03-25 04:00:00,2158.61,2167.99,2156.65,2166.6,5297.04342
2026-03-25 05:00:00,2166.6,2180.0,2164.5,2168.98,8223.084422
2026-03-25 06:00:00,2168.98,2173.0,2163.19,2163.56,5432.531505
2026-03-25 07:00:00,2163.57,2177.45,2159.57,2164.93,6082.201278
2026-03-25 08:00:00,2164.93,2190.82,2164.48,2176.63,10250.84251
2026-03-25 09:00:00,2176.62,2189.0,2175.1,2186.42,4857.215326
2026-03-25 10:00:00,2186.42,2188.8,2181.11,2185.25,4260.425923
2026-03-25 11:00:00,2185.24,2199.62,2180.0,2186.54,10076.610508
2026-03-25 12:00:00,2186.35,2195.09,2165.01,2183.48,12800.105273
2026-03-25 13:00:00,2183.69,2198.22,2179.65,2184.32,5832.695437
2026-03-25 14:00:00,2184.29,2188.17,2173.33,2174.25,4310.658535
2026-03-25 15:00:00,2174.26,2176.92,2148.0,2162.53,6778.395814
2026-03-25 16:00:00,2162.5,2186.5,2156.19,2173.81,7322.872239
2026-03-25 17:00:00,2173.81,2176.44,2160.24,2164.14,2625.595558
2026-03-25 18:00:00,2164.14,2173.74,2157.72,2162.33,2321.319023
2026-03-25 19:00:00,2162.38,2176.71,2159.43,2172.98,2320.269648
2026-03-25 20:00:00,2172.98,2173.39,2159.39,2166.78,1915.568912
2026-03-25 21:00:00,2166.79,2169.55,2162.07,2163.9,1312.482439
2026-03-25 22:00:00,2163.9,2183.88,2161.44,2174.59,4099.619459
2026-03-25 23:00:00,2174.56,2178.94,2164.71,2169.26,2458.623045
2026-03-26 00:00:00,2169.28,2172.3,2162.52,2166.51,1495.037434
2026-03-26 01:00:00,2166.51,2170.0,2160.29,2165.04,2522.863657
2026-03-26 02:00:00,2165.04,2165.9,2143.73,2150.2,4765.176736
2026-03-26 03:00:00,2150.01,2155.77,2144.72,2153.35,3513.80691
2026-03-26 04:00:00,2153.36,2154.55,2148.02,2149.65,2678.656665
2026-03-26 05:00:00,2149.66,2151.37,2113.8,2120.1,13129.253634
2026-03-26 06:00:00,2120.01,2125.09,2112.5,2122.35,6094.752599
2026-03-26 07:00:00,2122.36,2125.09,2113.18,2123.91,7474.097215
2026-03-26 08:00:00,2123.9,2127.27,2113.84,2119.98,4346.891927
2026-03-26 09:00:00,2119.85,2122.67,2075.0,2082.81,17255.616853
2026-03-26 10:00:00,2082.82,2083.89,2073.06,2078.84,5346.846596
2026-03-26 11:00:00,2078.84,2081.55,2063.08,2068.75,6433.495399
2026-03-26 12:00:00,2068.76,2075.76,2066.01,2073.67,4538.51401
2026-03-26 13:00:00,2073.65,2094.0,2070.07,2081.33,10244.618991
2026-03-26 14:00:00,2081.21,2085.98,2067.21,2076.3,5857.287965
2026-03-26 15:00:00,2076.25,2077.34,2051.71,2070.46,9500.680899
2026-03-26 16:00:00,2070.44,2071.14,2060.0,2060.95,2793.901798
2026-03-26 17:00:00,2060.95,2070.95,2045.0,2049.45,12008.793165
2026-03-26 18:00:00,2049.27,2055.86,2034.2,2047.07,9152.204207
2026-03-26 19:00:00,2046.99,2054.13,2039.04,2048.74,3672.42649
2026-03-26 20:00:00,2048.74,2080.58,2046.34,2065.1,12490.488544
2026-03-26 21:00:00,2064.82,2077.04,2060.25,2068.4,2738.744922
2026-03-26 22:00:00,2068.4,2073.13,2054.15,2065.68,2789.395774
2026-03-26 23:00:00,2065.68,2069.64,2055.94,2060.16,2832.505545
2026-03-27 00:00:00,2060.16,2067.88,2056.75,2065.21,2060.992679
2026-03-27 01:00:00,2065.21,2074.69,2063.45,2074.26,2385.952911
2026-03-27 02:00:00,2074.3,2077.39,2067.13,2068.02,2036.776345
2026-03-27 03:00:00,2068.02,2069.09,2059.35,2061.56,1962.829781
2026-03-27 04:00:00,2061.6,2062.1,2042.2,2052.95,5505.680173
2026-03-27 05:00:00,2053.05,2067.07,2051.92,2061.3,2374.633157
2026-03-27 06:00:00,2061.31,2068.0,2058.51,2062.71,1515.235627
2026-03-27 07:00:00,2062.71,2073.5,2058.99,2065.97,5830.616908
2026-03-27 08:00:00,2065.86,2069.65,2033.57,2047.6,11152.067461
2026-03-27 09:00:00,2047.79,2051.62,2035.68,2040.96,4410.624971
2026-03-27 10:00:00,2041.02,2044.58,1980.25,1991.27,29337.203528
2026-03-27 11:00:00,1991.2,1998.25,1981.99,1991.53,10181.805421
2026-03-27 12:00:00,1991.58,1993.52,1981.51,1989.16,7570.799152
2026-03-27 13:00:00,1989.17,1997.14,1966.88,1978.9,19458.902451
2026-03-27 14:00:00,1978.91,1989.64,1971.75,1989.43,9703.507573
2026-03-27 15:00:00,1989.32,2009.99,1983.16,1990.98,13589.73149
2026-03-27 16:00:00,1990.88,1992.27,1980.05,1986.71,5297.091815
2026-03-27 17:00:00,1986.71,1998.25,1974.69,1977.16,5735.162041
2026-03-27 18:00:00,1977.16,1986.33,1974.48,1984.31,4183.366948
2026-03-27 19:00:00,1984.31,1997.58,1978.93,1991.36,4400.449662
2026-03-27 20:00:00,1991.56,1996.0,1979.98,1985.87,3900.980695
2026-03-27 21:00:00,1986.0,1991.22,1984.41,1985.87,1046.946828
2026-03-27 22:00:00,1985.87,1987.24,1981.81,1985.61,1245.25641
2026-03-27 23:00:00,1985.6,1994.19,1980.54,1992.95,2128.311713
2026-03-28 00:00:00,1992.81,1995.45,1989.61,1992.75,1609.18483
2026-03-28 01:00:00,1992.75,1993.0,1984.81,1990.42,2014.54626
2026-03-28 02:00:00,1990.43,1993.83,1982.6,1987.24,1534.433077
2026-03-28 03:00:00,1987.26,1991.15,1987.0,1989.09,972.252106
2026-03-28 04:00:00,1989.1,1992.49,1987.09,1990.64,811.674298
2026-03-28 05:00:00,1990.64,1994.89,1988.15,1994.14,3468.192439
2026-03-28 06:00:00,1994.16,2006.91,1993.11,2000.91,4329.497267
2026-03-28 07:00:00,2000.91,2008.45,2000.55,2007.2,2864.334858
2026-03-28 08:00:00,2007.21,2008.45,1998.2,1999.3,2252.702896
2026-03-28 09:00:00,1999.3,1999.95,1995.06,1999.5,1033.266004
2026-03-28 10:00:00,1999.5,2004.76,1992.65,1996.82,2320.585885
2026-03-28 11:00:00,1996.83,2000.76,1995.87,1997.81,1218.997975
2026-03-28 12:00:00,1997.62,2004.35,1992.0,1999.64,2690.58601
2026-03-28 13:00:00,1999.65,2046.51,1999.39,2026.59,18199.753248
2026-03-28 14:00:00,2026.6,2029.33,2016.05,2020.91,4931.837727
2026-03-28 15:00:00,2020.81,2040.03,2018.7,2027.19,6493.483531
2026-03-28 16:00:00,2027.2,2030.24,2021.0,2024.71,3139.553526
2026-03-28 17:00:00,2024.68,2027.16,2016.7,2020.91,2040.076586
2026-03-28 18:00:00,2020.91,2024.71,2020.5,2021.7,647.469534
2026-03-28 19:00:00,2021.71,2023.01,2017.38,2020.63,575.674527
2026-03-28 20:00:00,2020.63,2026.61,2020.63,2024.68,1574.04755
2026-03-28 21:00:00,2024.67,2025.76,2005.76,2009.68,2645.889334
2026-03-28 22:00:00,2009.68,2013.54,2005.47,2011.92,1244.21754
2026-03-28 23:00:00,2011.91,2011.91,1989.0,1994.66,4731.671457
2026-03-29 00:00:00,1994.66,1999.99,1991.47,1999.18,2932.301348
2026-03-29 01:00:00,1999.11,2008.6,1997.73,2005.11,2389.275527
2026-03-29 02:00:00,2005.15,2010.59,2002.6,2009.19,1316.444076
2026-03-29 03:00:00,2009.2,2019.71,2007.07,2011.13,2790.488379
2026-03-29 04:00:00,2011.14,2012.79,2004.43,2005.9,1281.514778
2026-03-29 05:00:00,2005.9,2007.66,1997.7,2005.55,2225.217725
2026-03-29 06:00:00,2005.46,2008.6,2000.13,2004.81,895.37884
2026-03-29 07:00:00,2004.82,2009.89,2000.22,2006.06,1042.843833
2026-03-29 08:00:00,2006.06,2007.57,2002.52,2004.46,753.771446
2026-03-29 09:00:00,2004.47,2005.75,1994.6,1999.19,3145.202832
2026-03-29 10:00:00,1999.19,1999.19,1991.72,1996.11,1856.771046
2026-03-29 11:00:00,1996.11,2008.72,1995.36,2003.91,1359.010483
2026-03-29 12:00:00,2003.91,2005.11,1998.02,2002.05,1202.170339
2026-03-29 13:00:00,2002.04,2002.5,1983.33,1987.19,4785.254038
2026-03-29 14:00:00,1987.2,2002.41,1984.0,1994.3,3189.737438
2026-03-29 15:00:00,1994.31,2000.12,1986.5,1993.08,3451.920341
2026-03-29 16:00:00,1993.15,2004.97,1991.81,1998.0,2755.129543
2026-03-29 17:00:00,1998.0,2000.46,1987.85,1995.27,1599.350522
2026-03-29 18:00:00,1995.5,2002.14,1991.56,1997.4,1839.209636
2026-03-29 19:00:00,1997.41,2000.37,1994.51,1996.01,637.470333
2026-03-29 20:00:00,1996.01,2009.67,1995.9,2002.7,1331.157516
2026-03-29 21:00:00,2002.7,2007.33,2001.65,2006.39,892.672203
2026-03-29 22:00:00,2006.4,2006.71,1938.36,1974.01,22001.801394
2026-03-29 23:00:00,1974.02,1994.77,1973.77,1984.75,7615.873319
2026-03-30 00:00:00,1984.86,2024.56,1980.12,1997.59,11113.140428
2026-03-30 01:00:00,1997.6,2016.45,1997.39,2010.35,5747.475992
2026-03-30 02:00:00,2010.36,2044.54,2007.7,2029.99,10523.232603
2026-03-30 03:00:00,2029.99,2042.85,2027.85,2035.82,3736.622999
2026-03-30 04:00:00,2036.11,2053.71,2036.1,2048.55,6475.776163
2026-03-30 05:00:00,2048.55,2059.27,2044.77,2047.91,6897.599893
2026-03-30 06:00:00,2047.86,2052.51,2040.74,2042.5,3774.059777
2026-03-30 07:00:00,2042.51,2068.33,2041.5,2059.8,9518.415348
2026-03-30 08:00:00,2059.82,2075.88,2058.31,2062.6,7029.265611
2026-03-30 09:00:00,2062.5,2064.2,2054.01,2055.2,3052.28737
2026-03-30 10:00:00,2055.21,2058.54,2048.49,2057.96,2834.041689
2026-03-30 11:00:00,2058.05,2081.81,2057.71,2071.55,8577.240634
2026-03-30 12:00:00,2071.61,2078.75,2069.01,2074.7,3799.479009
2026-03-30 13:00:00,2074.71,2085.57,2058.2,2061.04,9376.222251
2026-03-30 14:00:00,2060.85,2076.11,2044.01,2072.09,9653.208495
2026-03-30 15:00:00,2072.0,2079.99,2062.06,2074.66,5896.541318
2026-03-30 16:00:00,2074.55,2075.0,2059.13,2066.62,4374.450893
2026-03-30 17:00:00,2066.46,2072.41,2032.06,2041.86,6349.108717
2026-03-30 18:00:00,2041.77,2044.27,2028.18,2032.73,3842.945329
2026-03-30 19:00:00,2032.59,2032.88,2013.59,2024.11,5211.187915
2026-03-30 20:00:00,2024.2,2028.17,2021.35,2023.45,2478.974743
2026-03-30 21:00:00,2023.45,2049.99,2021.36,2036.02,5688.06388
2026-03-30 22:00:00,2036.11,2044.46,2029.46,2033.3,1744.394
2026-03-30 23:00:00,2033.26,2033.3,2014.22,2026.73,3897.92691
2026-03-31 00:00:00,2026.78,2041.24,2016.37,2037.13,7919.549028
2026-03-31 01:00:00,2037.2,2092.64,2032.51,2073.22,21140.443925
2026-03-31 02:00:00,2073.21,2083.09,2067.44,2073.13,3449.668202
2026-03-31 03:00:00,2072.96,2076.74,2061.74,2066.89,2741.837952
2026-03-31 04:00:00,2066.9,2072.51,2057.12,2060.8,3255.741007
2026-03-31 05:00:00,2060.81,2069.2,2054.94,2064.34,2618.964123
2026-03-31 06:00:00,2064.38,2065.0,2055.17,2062.4,1605.34155
2026-03-31 07:00:00,2062.41,2063.2,2042.13,2055.86,6963.904664
2026-03-31 08:00:00,2055.85,2059.12,2035.91,2039.87,5927.753299
2026-03-31 09:00:00,2039.87,2044.59,2012.55,2018.61,10113.648593
2026-03-31 10:00:00,2018.5,2030.5,2017.16,2026.64,3378.943745
2026-03-31 11:00:00,2026.63,2044.78,2023.06,2041.3,10129.38885
2026-03-31 12:00:00,2041.35,2058.19,2035.55,2047.78,5238.918616
2026-03-31 13:00:00,2047.77,2080.0,2047.77,2075.07,7595.521468
2026-03-31 14:00:00,2075.04,2092.0,2037.26,2045.9,18724.896389
2026-03-31 15:00:00,2046.04,2078.0,2045.41,2055.0,5989.825922
2026-03-31 16:00:00,2054.82,2108.95,2054.41,2091.86,20815.696172
2026-03-31 17:00:00,2091.73,2124.78,2088.73,2093.5,17270.724354
2026-03-31 18:00:00,2093.41,2115.3,2093.41,2099.99,6223.228668
2026-03-31 19:00:00,2099.99,2104.0,2092.29,2096.8,3831.417251
2026-03-31 20:00:00,2096.88,2110.77,2096.31,2107.95,2801.27077
2026-03-31 21:00:00,2107.95,2109.49,2093.46,2102.4,3205.825327
2026-03-31 22:00:00,2102.4,2104.76,2087.82,2096.86,7452.660148
2026-03-31 23:00:00,2096.86,2109.39,2093.14,2105.79,5833.192151
2026-04-01 00:00:00,2105.61,2117.88,2097.12,2114.93,6398.011228
2026-04-01 01:00:00,2115.0,2116.27,2091.55,2093.06,6181.951962
2026-04-01 02:00:00,2093.07,2097.1,2081.57,2088.7,5520.909618
2026-04-01 03:00:00,2088.74,2106.96,2088.74,2102.96,4059.076741
2026-04-01 04:00:00,2102.97,2116.94,2100.63,2111.48,4598.225442
2026-04-01 05:00:00,2111.49,2136.61,2106.43,2122.91,9066.983964
2026-04-01 06:00:00,2122.91,2156.27,2122.91,2151.11,11889.648329
2026-04-01 07:00:00,2151.23,2158.5,2129.86,2130.74,11353.216515
2026-04-01 08:00:00,2130.7,2143.2,2125.0,2136.93,7300.596774
2026-04-01 09:00:00,2136.93,2140.41,2128.24,2136.54,4215.333373
2026-04-01 10:00:00,2136.55,2138.0,2126.29,2132.66,4901.925852
2026-04-01 11:00:00,2132.65,2140.15,2130.9,2135.7,5143.641947
2026-04-01 12:00:00,2135.68,2149.71,2122.14,2131.3,10836.602068
2026-04-01 13:00:00,2131.27,2135.2,2108.36,2119.39,14937.33592
2026-04-01 14:00:00,2119.39,2130.5,2114.45,2126.85,8896.78988
2026-04-01 15:00:00,2126.86,2138.22,2122.21,2135.07,6143.15238
2026-04-01 16:00:00,2135.01,2152.97,2125.0,2146.1,7179.817452
2026-04-01 17:00:00,2146.09,2168.0,2133.85,2137.29,10075.097961
2026-04-01 18:00:00,2137.25,2137.9,2123.77,2128.93,5576.236818
2026-04-01 19:00:00,2128.94,2145.64,2127.48,2141.29,3224.028869
2026-04-01 20:00:00,2141.36,2147.45,2130.39,2143.61,4507.500358
2026-04-01 21:00:00,2143.65,2165.43,2143.07,2156.81,6389.682859
2026-04-01 22:00:00,2156.8,2158.48,2137.79,2139.91,5473.354625
2026-04-01 23:00:00,2139.91,2145.96,2135.43,2140.22,2859.575932
2026-04-02 00:00:00,2140.11,2159.07,2136.11,2155.92,4382.175686
2026-04-02 01:00:00,2155.93,2155.93,2088.2,2100.0,23885.884716
2026-04-02 02:00:00,2100.09,2100.09,2064.23,2074.1,13943.529043
2026-04-02 03:00:00,2074.09,2076.84,2046.12,2056.21,12683.319139
2026-04-02 04:00:00,2056.21,2058.71,2042.0,2044.82,6263.745679
2026-04-02 05:00:00,2044.82,2051.68,2038.5,2050.14,4029.541497
2026-04-02 06:00:00,2050.31,2054.05,2045.75,2050.17,3624.157084
2026-04-02 07:00:00,2050.17,2056.92,2044.49,2056.31,6417.525378
2026-04-02 08:00:00,2056.31,2056.31,2045.6,2046.35,3858.580562
2026-04-02 09:00:00,2046.36,2048.32,2039.12,2044.1,3308.525364
2026-04-02 10:00:00,2044.09,2045.1,2032.12,2039.09,4321.980271
2026-04-02 11:00:00,2039.1,2040.63,2023.69,2033.2,4846.70676
2026-04-02 12:00:00,2033.2,2033.85,2024.64,2027.24,4168.241651
2026-04-02 13:00:00,2027.27,2041.38,2017.09,2039.34,9782.120402
2026-04-02 14:00:00,2039.21,2072.27,2032.8,2063.77,16374.890763
2026-04-02 15:00:00,2063.78,2067.93,2048.42,2059.51,6621.085197
2026-04-02 16:00:00,2059.52,2076.54,2052.17,2063.25,6435.94177
2026-04-02 17:00:00,2063.25,2072.62,2044.58,2047.2,5064.08803
2026-04-02 18:00:00,2047.2,2063.17,2043.64,2058.45,1849.396367
2026-04-02 19:00:00,2058.5,2066.65,2055.0,2065.39,2103.329112
2026-04-02 20:00:00,2065.63,2074.15,2061.11,2068.16,2843.148058
2026-04-02 21:00:00,2068.16,2070.6,2056.0,2063.5,1561.039495
2026-04-02 22:00:00,2063.48,2065.0,2053.45,2060.06,1543.498432
2026-04-02 23:00:00,2060.15,2062.34,2053.92,2057.09,1807.14106
2026-04-03 00:00:00,2057.1,2059.59,2050.05,2053.02,1031.191945
2026-04-03 01:00:00,2053.03,2062.49,2045.21,2050.51,2662.629961
2026-04-03 02:00:00,2050.55,2060.16,2040.61,2052.54,2546.818553
2026-04-03 03:00:00,2052.55,2057.25,2050.01,2053.95,1323.193606
2026-04-03 04:00:00,2053.94,2057.95,2048.63,2054.64,1258.310727
2026-04-03 05:00:00,2054.65,2064.86,2047.31,2057.05,2189.971845
2026-04-03 06:00:00,2057.05,2066.89,2055.01,2063.75,2238.096449
2026-04-03 07:00:00,2063.76,2075.52,2062.08,2066.27,2775.830869
2026-04-03 08:00:00,2066.29,2072.33,2058.75,2061.04,5624.863481
2026-04-03 09:00:00,2061.05,2064.44,2057.15,2061.45,1547.595128
2026-04-03 10:00:00,2061.4,2061.4,2053.5,2060.1,1778.529758
2026-04-03 11:00:00,2060.1,2065.37,2057.74,2063.16,2179.100341
2026-04-03 12:00:00,2063.16,2082.38,2045.35,2050.19,7349.662054
2026-04-03 13:00:00,2050.2,2051.4,2041.79,2048.21,2573.770963
2026-04-03 14:00:00,2048.22,2057.3,2045.51,2054.56,2210.218093
2026-04-03 15:00:00,2054.59,2057.95,2049.46,2051.4,1449.097857
2026-04-03 16:00:00,2051.41,2056.79,2050.0,2054.98,1433.406103
2026-04-03 17:00:00,2054.96,2055.5,2043.79,2050.31,1324.118567
2026-04-03 18:00:00,2050.3,2053.48,2047.92,2049.5,1406.292378
2026-04-03 19:00:00,2049.48,2054.62,2045.4,2052.8,1410.42583
2026-04-03 20:00:00,2052.81,2055.25,2052.02,2052.77,445.172508
2026-04-03 21:00:00,2052.78,2061.47,2052.66,2058.45,1544.495435
2026-04-03 22:00:00,2058.51,2059.95,2049.74,2052.24,859.559089
2026-04-03 23:00:00,2052.25,2054.5,2049.49,2054.02,738.715054
2026-04-04 00:00:00,2054.02,2054.19,2051.66,2052.42,378.937982
2026-04-04 01:00:00,2052.42,2054.02,2049.7,2051.7,685.596765
2026-04-04 02:00:00,2051.7,2053.82,2048.06,2050.31,1363.203822
2026-04-04 03:00:00,2050.34,2052.32,2049.55,2050.05,2993.416202
2026-04-04 04:00:00,2050.05,2051.74,2048.51,2051.15,923.75514
2026-04-04 05:00:00,2051.15,2055.03,2049.87,2053.82,1178.244999
2026-04-04 06:00:00,2053.86,2058.06,2052.73,2056.46,995.222247
2026-04-04 07:00:00,2056.46,2057.15,2051.57,2053.87,965.531073
2026-04-04 08:00:00,2053.91,2055.44,2048.91,2050.45,885.535567
2026-04-04 09:00:00,2050.5,2051.94,2049.2,2050.45,879.989655
2026-04-04 10:00:00,2050.45,2054.99,2047.56,2054.23,1207.178942
2026-04-04 11:00:00,2054.25,2055.0,2051.25,2052.02,905.095156
2026-04-04 12:00:00,2052.02,2053.44,2048.12,2050.05,958.141706
2026-04-04 13:00:00,2050.05,2054.98,2049.6,2053.61,1118.663136
2026-04-04 14:00:00,2053.61,2054.89,2044.02,2053.05,1209.475044
2026-04-04 15:00:00,2053.15,2062.17,2052.06,2056.29,2378.713502
2026-04-04 16:00:00,2056.29,2062.18,2053.26,2055.59,2020.148261
2026-04-04 17:00:00,2055.6,2058.12,2052.79,2056.98,771.472538
2026-04-04 18:00:00,2057.02,2058.5,2055.02,2055.39,541.167526
2026-04-04 19:00:00,2055.4,2084.05,2055.15,2064.66,5599.700869
2026-04-04 20:00:00,2064.66,2065.0,2060.03,2062.99,1172.973466
2026-04-04 21:00:00,2063.0,2071.93,2062.91,2068.87,1413.102964
2026-04-04 22:00:00,2068.87,2072.32,2068.27,2069.19,838.792249
2026-04-04 23:00:00,2069.15,2069.2,2062.61,2065.57,876.459338
2026-04-05 00:00:00,2065.57,2065.7,2060.34,2062.29,920.92587
2026-04-05 01:00:00,2062.3,2062.59,2056.87,2057.25,1568.389833
2026-04-05 02:00:00,2057.26,2059.85,2053.61,2059.7,1365.717341
2026-04-05 03:00:00,2059.7,2060.53,2055.1,2056.65,424.787148
2026-04-05 04:00:00,2056.68,2058.18,2053.97,2055.2,573.2864
2026-04-05 05:00:00,2055.2,2056.89,2047.22,2048.78,1738.938766
2026-04-05 06:00:00,2048.8,2049.4,2026.84,2038.2,9085.137014
2026-04-05 07:00:00,2038.21,2042.68,2033.28,2037.26,2224.086606
2026-04-05 08:00:00,2037.25,2040.17,2035.81,2039.45,1175.639999
2026-04-05 09:00:00,2039.45,2046.09,2039.1,2044.48,1715.6749
2026-04-05 10:00:00,2044.46,2052.76,2042.32,2044.75,1489.479238
2026-04-05 11:00:00,2044.75,2045.82,2040.35,2041.95,875.448248
2026-04-05 12:00:00,2041.96,2041.96,2021.66,2028.6,5996.343491
2026-04-05 13:00:00,2028.54,2037.75,2025.51,2036.5,1987.55257
2026-04-05 14:00:00,2036.51,2043.19,2035.0,2038.59,2148.362515
2026-04-05 15:00:00,2038.6,2070.0,2034.29,2053.84,9610.391129
2026-04-05 16:00:00,2053.85,2059.13,2049.53,2051.95,2036.842582
2026-04-05 17:00:00,2051.95,2062.5,2048.1,2062.37,1342.346753
2026-04-05 18:00:00,2062.37,2066.85,2056.89,2062.86,1956.505832
2026-04-05 19:00:00,2062.9,2069.88,2057.94,2061.95,1451.168635
2026-04-05 20:00:00,2061.95,2074.85,2061.61,2068.85,1996.320456
2026-04-05 21:00:00,2068.9,2069.05,2056.77,2060.1,2008.553443
2026-04-05 22:00:00,2060.1,2087.9,2049.93,2085.69,8229.645334
2026-04-05 23:00:00,2085.69,2123.47,2082.15,2110.0,12519.97398
2026-04-06 00:00:00,2110.0,2135.44,2110.0,2121.83,11576.295687
2026-04-06 01:00:00,2121.85,2124.6,2112.5,2114.98,4374.912715
2026-04-06 02:00:00,2115.09,2147.4,2114.33,2133.44,6493.446691
2026-04-06 03:00:00,2133.42,2137.31,2126.76,2129.15,4771.843393
2026-04-06 04:00:00,2129.16,2134.57,2124.74,2130.9,3083.907823
2026-04-06 05:00:00,2130.89,2134.49,2128.35,2131.31,1304.149111
2026-04-06 06:00:00,2131.3,2138.95,2120.04,2127.24,5045.819349
2026-04-06 07:00:00,2127.25,2141.38,2122.56,2134.84,7359.350124
2026-04-06 08:00:00,2134.85,2147.61,2133.44,2138.54,5901.077048
2026-04-06 09:00:00,2138.54,2174.38,2138.21,2150.9,14432.867938
2026-04-06 10:00:00,2150.9,2157.42,2148.36,2153.22,5169.828581
2026-04-06 11:00:00,2153.22,2153.69,2146.24,2151.34,3478.454842
2026-04-06 12:00:00,2151.34,2154.42,2141.64,2143.14,3089.462728
2026-04-06 13:00:00,2143.15,2149.16,2137.85,2146.07,5804.780344
2026-04-06 14:00:00,2146.08,2165.0,2137.74,2156.56,15532.469942
2026-04-06 15:00:00,2156.56,2169.55,2155.55,2164.75,8241.557834
2026-04-06 16:00:00,2164.75,2168.58,2139.34,2140.4,5722.61579
2026-04-06 17:00:00,2140.4,2140.84,2123.42,2135.1,9618.577351
2026-04-06 18:00:00,2134.91,2149.04,2131.59,2144.89,4156.402534
2026-04-06 19:00:00,2144.93,2146.4,2135.81,2144.69,3119.522117
2026-04-06 20:00:00,2144.69,2155.11,2140.35,2148.75,2676.739143
2026-04-06 21:00:00,2148.79,2148.79,2137.57,2139.58,2019.395702
2026-04-06 22:00:00,2139.53,2140.92,2104.87,2105.14,7795.499111
2026-04-06 23:00:00,2105.15,2110.65,2088.0,2107.25,9865.871662
2026-04-07 00:00:00,2107.29,2120.15,2105.7,2112.65,3838.833768
2026-04-07 01:00:00,2112.7,2120.0,2097.52,2099.35,4111.440801
2026-04-07 02:00:00,2099.49,2111.68,2093.3,2106.95,2169.118392
2026-04-07 03:00:00,2106.94,2109.98,2103.72,2108.15,1589.024773
2026-04-07 04:00:00,2108.14,2119.37,2103.4,2114.07,1683.952853
2026-04-07 05:00:00,2114.15,2114.46,2103.71,2105.97,1033.541332
2026-04-07 06:00:00,2105.7,2106.64,2096.8,2104.06,2584.364148
2026-04-07 07:00:00,2104.2,2106.51,2098.97,2104.1,1883.599428
2026-04-07 08:00:00,2104.11,2117.23,2103.41,2114.97,3122.975627
2026-04-07 09:00:00,2114.97,2133.98,2113.93,2128.22,4966.288332
2026-04-07 10:00:00,2128.22,2131.65,2085.67,2089.24,11369.330078
2026-04-07 11:00:00,2089.24,2094.1,2081.96,2089.61,5371.827349
2026-04-07 12:00:00,2089.61,2093.45,2074.04,2087.06,9213.508162
2026-04-07 13:00:00,2087.06,2093.36,2074.27,2075.01,4471.615271
2026-04-07 14:00:00,2075.11,2081.78,2060.11,2069.6,8632.805795
2026-04-07 15:00:00,2069.56,2084.3,2064.74,2080.61,6350.096202
2026-04-07 16:00:00,2080.51,2090.3,2077.51,2083.99,3653.17916
2026-04-07 17:00:00,2084.0,2114.67,2080.0,2099.26,8477.59842
2026-04-07 18:00:00,2099.26,2101.63,2082.41,2086.32,3392.31414
2026-04-07 19:00:00,2086.27,2117.17,2084.36,2113.55,8540.299486
2026-04-07 20:00:00,2113.6,2125.75,2110.62,2115.48,5969.395305
2026-04-07 21:00:00,2115.49,2152.8,2115.49,2145.1,13089.714343
2026-04-07 22:00:00,2145.18,2219.49,2145.18,2219.48,32706.080648
2026-04-07 23:00:00,2219.49,2273.44,2215.29,2240.01,39997.982397
2026-04-08 00:00:00,2240.0,2250.82,2227.26,2235.96,15023.36782
2026-04-08 01:00:00,2235.96,2242.36,2230.2,2234.04,5900.45303
2026-04-08 02:00:00,2234.12,2247.74,2230.76,2237.26,6437.995967
2026-04-08 03:00:00,2237.26,2239.65,2231.96,2234.63,3099.186313
2026-04-08 04:00:00,2234.64,2252.77,2234.64,2240.64,6992.721974
2026-04-08 05:00:00,2240.75,2245.08,2238.27,2240.49,2842.263151
2026-04-08 06:00:00,2240.5,2253.81,2235.56,2245.84,4676.016199
2026-04-08 07:00:00,2245.84,2260.59,2244.51,2253.55,14760.951714
2026-04-08 08:00:00,2253.59,2259.25,2250.0,2256.49,3816.146486
2026-04-08 09:00:00,2256.49,2263.37,2246.21,2249.69,4310.746032
2026-04-08 10:00:00,2249.73,2254.05,2242.0,2242.65,2247.579592
2026-04-08 11:00:00,2242.65,2254.85,2237.56,2247.44,4300.515062
2026-04-08 12:00:00,2247.48,2259.44,2242.66,2255.86,4438.018661
2026-04-08 13:00:00,2255.86,2270.29,2231.38,2236.1,15606.635083
2026-04-08 14:00:00,2236.1,2241.14,2186.4,2195.4,27499.559469
2026-04-08 15:00:00,2195.35,2218.12,2193.34,2215.62,7550.539995
2026-04-08 16:00:00,2215.62,2225.48,2211.37,2221.01,5092.135148
2026-04-08 17:00:00,2221.01,2239.47,2213.32,2232.0,7059.368884
2026-04-08 18:00:00,2232.11,2232.74,2199.11,2201.3,7301.128958
2026-04-08 19:00:00,2201.36,2211.9,2197.27,2211.0,4083.778323
2026-04-08 20:00:00,2210.89,2216.98,2205.94,2209.98,1502.320144
2026-04-08 21:00:00,2209.98,2223.0,2207.96,2214.68,2310.084255
2026-04-08 22:00:00,2214.75,2215.5,2187.2,2190.03,5395.067858
2026-04-08 23:00:00,2190.03,2194.1,2179.68,2190.1,4880.401201
2026-04-09 00:00:00,2190.19,2193.89,2179.23,2183.18,4298.65267
2026-04-09 01:00:00,2183.16,2185.38,2161.81,2178.97,6129.398712
2026-04-09 02:00:00,2178.98,2185.67,2174.12,2181.63,2721.450979
2026-04-09 03:00:00,2181.71,2184.0,2175.68,2182.71,2083.310001
2026-04-09 04:00:00,2182.71,2182.71,2176.55,2177.69,1203.060461
2026-04-09 05:00:00,2177.7,2188.85,2175.55,2182.18,3432.266091
2026-04-09 06:00:00,2182.18,2186.28,2175.64,2181.66,1061.395937
2026-04-09 07:00:00,2181.7,2185.88,2179.9,2181.08,3531.466602
2026-04-09 08:00:00,2181.08,2191.53,2176.55,2186.11,2778.029033
2026-04-09 09:00:00,2186.1,2197.0,2179.55,2194.2,4469.319196
2026-04-09 10:00:00,2194.2,2196.47,2188.15,2190.72,2061.412167
2026-04-09 11:00:00,2190.7,2192.99,2178.21,2180.1,3043.145374
2026-04-09 12:00:00,2180.11,2187.86,2174.25,2183.56,3655.095797
2026-04-09 13:00:00,2183.6,2186.37,2158.98,2165.31,6803.787651
2026-04-09 14:00:00,2165.3,2182.5,2157.49,2177.85,8378.803491
2026-04-09 15:00:00,2177.95,2225.0,2169.81,2218.05,15179.129585
2026-04-09 16:00:00,2218.09,2230.0,2193.25,2208.34,10479.696806
2026-04-09 17:00:00,2208.31,2225.5,2206.29,2223.1,6252.384144
2026-04-09 18:00:00,2223.14,2224.0,2200.88,2206.91,4320.40291
2026-04-09 19:00:00,2206.91,2224.99,2204.47,2216.49,4426.261963
2026-04-09 20:00:00,2216.4,2221.99,2210.81,2213.06,1960.536293
2026-04-09 21:00:00,2213.07,2226.95,2207.75,2211.05,2736.668051
2026-04-09 22:00:00,2211.11,2246.15,2197.47,2197.75,8095.768605
2026-04-09 23:00:00,2197.73,2201.19,2183.38,2190.14,4983.539064
2026-04-10 00:00:00,2190.15,2197.38,2182.01,2195.29,3780.831654
2026-04-10 01:00:00,2195.16,2204.63,2176.08,2194.71,5145.853893
2026-04-10 02:00:00,2194.66,2198.73,2187.14,2189.12,2058.785001
2026-04-10 03:00:00,2189.24,2192.59,2182.61,2186.37,1601.41954
2026-04-10 04:00:00,2186.37,2199.69,2186.05,2195.71,2054.447449
2026-04-10 05:00:00,2195.89,2203.73,2192.29,2197.17,2554.130193
2026-04-10 06:00:00,2197.01,2198.69,2184.22,2186.5,2320.089886
2026-04-10 07:00:00,2186.49,2188.67,2176.31,2179.78,4217.504117
2026-04-10 08:00:00,2179.77,2190.34,2177.36,2185.96,4131.754506
2026-04-10 09:00:00,2185.96,2198.1,2185.95,2196.22,3357.163647
2026-04-10 10:00:00,2196.23,2198.48,2190.5,2197.35,1392.220976
2026-04-10 11:00:00,2197.39,2224.13,2197.26,2215.56,8222.037735
2026-04-10 12:00:00,2215.57,2228.74,2207.93,2218.73,8240.417026
2026-04-10 13:00:00,2218.83,2225.38,2208.44,2223.14,3766.221703
2026-04-10 14:00:00,2222.83,2253.0,2219.74,2242.4,14607.222758
2026-04-10 15:00:00,2242.39,2257.99,2220.0,2224.45,9160.05971
2026-04-10 16:00:00,2224.48,2247.58,2220.14,2245.54,6597.753337
2026-04-10 17:00:00,2245.54,2249.35,2239.23,2248.5,4047.918911
2026-04-10 18:00:00,2248.49,2252.13,2238.93,2249.1,5192.204727
2026-04-10 19:00:00,2249.1,2255.71,2243.39,2252.93,4326.44585
2026-04-10 20:00:00,2252.91,2257.5,2242.91,2255.32,4327.945895
2026-04-10 21:00:00,2255.32,2255.93,2242.47,2254.8,2745.464079
2026-04-10 22:00:00,2254.87,2255.37,2235.24,2242.31,3324.94069
2026-04-10 23:00:00,2242.31,2245.75,2239.09,2245.25,1579.614058
2026-04-11 00:00:00,2245.26,2245.26,2235.9,2238.96,1360.416241
2026-04-11 01:00:00,2238.97,2246.49,2234.5,2244.43,1462.864636
2026-04-11 02:00:00,2244.44,2252.24,2242.15,2248.27,1755.794309
2026-04-11 03:00:00,2248.28,2250.86,2235.66,2237.31,2514.250246
2026-04-11 04:00:00,2237.31,2243.05,2235.62,2241.1,1008.326767
2026-04-11 05:00:00,2241.1,2241.95,2228.53,2232.94,1724.771251
2026-04-11 06:00:00,2232.93,2236.81,2229.65,2235.99,1227.218142
2026-04-11 07:00:00,2236.0,2236.84,2230.75,2232.7,1785.978442
2026-04-11 08:00:00,2232.8,2235.7,2232.0,2232.62,2306.575631
2026-04-11 09:00:00,2232.61,2249.0,2232.01,2243.72,3303.270251
2026-04-11 10:00:00,2243.72,2245.22,2237.66,2240.25,1437.470583
2026-04-11 11:00:00,2240.25,2246.79,2238.6,2246.07,1041.501086
2026-04-11 12:00:00,2246.08,2246.74,2241.14,2245.3,830.184016
2026-04-11 13:00:00,2245.3,2245.31,2232.29,2239.64,2229.412211
2026-04-11 14:00:00,2239.66,2243.96,2238.28,2241.97,853.0035
2026-04-11 15:00:00,2241.97,2256.15,2241.21,2249.46,3024.282012
2026-04-11 16:00:00,2249.46,2274.26,2246.42,2258.82,6926.559548
2026-04-11 17:00:00,2258.83,2265.26,2253.66,2259.77,2847.459852
2026-04-11 18:00:00,2259.8,2312.6,2257.0,2305.31,15462.123594
2026-04-11 19:00:00,2305.31,2330.34,2305.15,2315.97,12107.619003
2026-04-11 20:00:00,2315.98,2317.07,2288.35,2298.31,4105.834687
2026-04-11 21:00:00,2298.3,2304.48,2292.38,2299.43,2698.795908
2026-04-11 22:00:00,2299.43,2308.2,2288.84,2297.04,2737.218304
2026-04-11 23:00:00,2297.04,2297.04,2276.69,2285.05,3651.706262
2026-04-12 00:00:00,2285.09,2290.0,2277.77,2285.84,2924.332512
2026-04-12 01:00:00,2285.77,2288.6,2208.78,2219.28,18145.317667
2026-04-12 02:00:00,2219.34,2234.73,2207.27,2223.73,8135.747985
2026-04-12 03:00:00,2223.73,2227.4,2213.01,2214.18,3835.308125
2026-04-12 04:00:00,2214.18,2216.72,2210.0,2212.34,3811.872158
2026-04-12 05:00:00,2212.35,2220.08,2208.75,2217.38,2838.156492
2026-04-12 06:00:00,2217.38,2221.05,2215.0,2216.35,1932.916219
2026-04-12 07:00:00,2216.35,2220.94,2212.85,2218.49,1834.952276
2026-04-12 08:00:00,2218.48,2219.3,2212.13,2214.37,1757.474348
2026-04-12 09:00:00,2214.36,2216.43,2211.6,2214.45,1381.60464
2026-04-12 10:00:00,2214.46,2217.59,2193.7,2201.73,12264.205008
2026-04-12 11:00:00,2201.8,2207.44,2197.34,2204.51,2403.721838
2026-04-12 12:00:00,2204.51,2208.23,2188.0,2195.0,10586.003664
2026-04-12 13:00:00,2195.0,2199.34,2185.0,2187.05,11067.431782
2026-04-12 14:00:00,2187.07,2193.71,2178.39,2180.61,8229.898342
2026-04-12 15:00:00,2180.7,2188.95,2175.0,2186.65,4325.006384
2026-04-12 16:00:00,2186.65,2190.33,2183.1,2187.49,3332.535287
2026-04-12 17:00:00,2187.5,2205.42,2187.5,2203.61,5707.248982
2026-04-12 18:00:00,2203.62,2207.57,2199.61,2200.48,2229.653767
2026-04-12 19:00:00,2200.48,2205.31,2197.5,2198.36,1014.187771
2026-04-12 20:00:00,2198.37,2217.94,2193.66,2213.54,4295.839543
2026-04-12 21:00:00,2213.55,2217.69,2204.87,2211.32,2569.627266
2026-04-12 22:00:00,2211.18,2211.4,2183.33,2199.33,9325.733013
2026-04-12 23:00:00,2199.33,2199.41,2186.31,2191.21,2723.549795
2026-04-13 00:00:00,2191.39,2207.98,2187.04,2205.06,4290.61237
2026-04-13 01:00:00,2205.08,2208.89,2200.38,2203.38,2065.385784
2026-04-13 02:00:00,2203.39,2205.55,2192.54,2194.37,2429.984128
2026-04-13 03:00:00,2194.37,2195.88,2190.5,2194.25,1328.985893
2026-04-13 04:00:00,2194.26,2199.36,2187.87,2190.19,1803.799519
2026-04-13 05:00:00,2190.2,2191.7,2182.5,2191.54,2426.835743
2026-04-13 06:00:00,2191.71,2201.61,2190.87,2198.36,2824.391358
2026-04-13 07:00:00,2198.37,2200.0,2183.5,2187.14,5418.429042
2026-04-13 08:00:00,2187.15,2189.99,2179.8,2185.42,3343.680132
2026-04-13 09:00:00,2185.43,2195.6,2185.43,2188.14,2169.321508
2026-04-13 10:00:00,2188.15,2188.91,2179.31,2183.69,2814.117646
2026-04-13 11:00:00,2183.82,2191.19,2182.63,2187.45,2274.420288
2026-04-13 12:00:00,2187.46,2198.87,2175.3,2192.6,6185.784355
2026-04-13 13:00:00,2192.65,2215.38,2181.51,2215.26,14667.306779
2026-04-13 14:00:00,2215.25,2234.99,2203.09,2234.09,13955.923669
2026-04-13 15:00:00,2233.98,2236.36,2199.55,2209.46,11083.711195
2026-04-13 16:00:00,2209.46,2234.66,2200.31,2225.79,11205.988044
2026-04-13 17:00:00,2225.8,2242.97,2222.5,2224.92,6338.806719
2026-04-13 18:00:00,2225.04,2233.79,2218.71,2232.32,4197.109553
2026-04-13 19:00:00,2232.32,2269.0,2228.0,2262.47,24515.538976
2026-04-13 20:00:00,2262.47,2263.79,2247.68,2252.5,7319.60631
2026-04-13 21:00:00,2252.49,2267.14,2249.8,2259.99,3410.845189
2026-04-13 22:00:00,2259.86,2363.46,2259.69,2352.82,55654.989015
2026-04-13 23:00:00,2352.88,2394.5,2339.55,2369.44,37714.339478
2026-04-14 00:00:00,2369.44,2376.35,2359.5,2360.81,10002.275303
2026-04-14 01:00:00,2360.82,2373.0,2353.88,2368.4,7813.867932
2026-04-14 02:00:00,2368.41,2378.35,2366.22,2367.41,5039.71022
2026-04-14 03:00:00,2367.35,2370.0,2361.47,2365.15,3506.500699
2026-04-14 04:00:00,2365.16,2367.8,2361.64,2364.0,5027.279482
2026-04-14 05:00:00,2363.99,2368.68,2354.5,2355.4,4554.459497
2026-04-14 06:00:00,2355.39,2376.47,2355.39,2372.84,4640.929107
2026-04-14 07:00:00,2372.92,2390.0,2370.33,2377.44,13306.795373
2026-04-14 08:00:00,2377.45,2395.55,2373.89,2387.4,15229.49958
2026-04-14 09:00:00,2387.4,2394.26,2382.69,2386.98,6258.187235
2026-04-14 10:00:00,2386.98,2387.48,2373.07,2374.7,3085.109127
2026-04-14 11:00:00,2374.7,2377.72,2367.44,2374.01,3890.008509
2026-04-14 12:00:00,2374.18,2377.9,2368.76,2373.93,3434.768221
2026-04-14 13:00:00,2373.97,2395.88,2372.41,2391.5,12711.01358
2026-04-14 14:00:00,2391.51,2415.5,2353.04,2353.26,28297.23316
2026-04-14 15:00:00,2353.3,2372.22,2333.11,2364.81,28381.421263
2026-04-14 16:00:00,2364.8,2371.86,2329.59,2333.8,7972.003803
2026-04-14 17:00:00,2333.8,2345.53,2324.05,2338.59,6530.058814
2026-04-14 18:00:00,2338.61,2344.74,2309.59,2314.23,8684.208659
2026-04-14 19:00:00,2314.13,2322.98,2303.47,2313.25,7401.971034
2026-04-14 20:00:00,2313.28,2323.11,2308.92,2315.3,3953.241857
2026-04-14 21:00:00,2315.31,2326.48,2314.96,2323.97,3567.37978
2026-04-14 22:00:00,2323.96,2332.25,2312.01,2315.08,3886.039066
2026-04-14 23:00:00,2315.08,2326.69,2314.65,2322.21,3275.506991
2026-04-15 00:00:00,2322.3,2344.38,2321.74,2333.71,4611.687289
2026-04-15 01:00:00,2333.71,2342.68,2331.44,2335.82,3191.414763
2026-04-15 02:00:00,2335.83,2338.16,2317.5,2324.99,2343.092205
2026-04-15 03:00:00,2325.02,2329.5,2320.69,2328.9,1065.531095
2026-04-15 04:00:00,2328.9,2334.74,2328.21,2333.14,1883.34139
2026-04-15 05:00:00,2333.14,2338.73,2314.19,2319.7,3064.84901
2026-04-15 06:00:00,2319.69,2321.29,2315.5,2317.31,1689.742903
2026-04-15 07:00:00,2317.31,2323.99,2309.0,2316.54,5401.851697
2026-04-15 08:00:00,2316.57,2333.11,2313.9,2327.7,4371.732053
2026-04-15 09:00:00,2327.71,2330.26,2318.75,2320.15,1621.932619
2026-04-15 10:00:00,2320.16,2328.69,2312.17,2317.04,2936.734818
2026-04-15 11:00:00,2317.04,2339.83,2316.7,2337.25,4857.280964
2026-04-15 12:00:00,2337.25,2340.2,2330.0,2332.86,3073.196154
2026-04-15 13:00:00,2332.87,2335.01,2317.85,2327.16,4907.494546
2026-04-15 14:00:00,2327.18,2345.95,2322.22,2338.53,6203.97233
2026-04-15 15:00:00,2338.53,2349.77,2320.77,2331.9,8643.802655
2026-04-15 16:00:00,2331.9,2349.78,2329.4,2341.66,5821.438236
2026-04-15 17:00:00,2341.73,2359.48,2339.84,2348.99,7156.467604
2026-04-15 18:00:00,2348.99,2360.0,2346.42,2358.67,3503.808308
2026-04-15 19:00:00,2358.67,2385.92,2357.4,2375.02,9403.857486
2026-04-15 20:00:00,2375.02,2376.48,2354.03,2362.95,3761.646192
2026-04-15 21:00:00,2362.83,2363.65,2346.68,2361.29,5107.814912
2026-04-15 22:00:00,2361.3,2380.37,2360.27,2363.53,5433.860399
2026-04-15 23:00:00,2363.43,2363.6,2349.1,2360.0,3172.968127
2026-04-16 00:00:00,2360.06,2363.66,2349.91,2360.77,1368.751426
2026-04-16 01:00:00,2360.53,2360.53,2344.75,2352.21,2199.173514
2026-04-16 02:00:00,2352.21,2369.49,2350.09,2356.68,3080.570404
2026-04-16 03:00:00,2356.6,2365.77,2356.05,2357.98,1534.620085
2026-04-16 04:00:00,2357.99,2364.08,2348.39,2354.38,2745.452929
2026-04-16 05:00:00,2354.39,2361.73,2350.17,2357.21,1957.307728
2026-04-16 06:00:00,2357.27,2360.89,2350.0,2356.2,1456.971056
2026-04-16 07:00:00,2356.2,2357.37,2335.23,2341.66,5354.030802
2026-04-16 08:00:00,2341.66,2346.15,2334.93,2339.14,3548.207066
2026-04-16 09:00:00,2339.15,2348.34,2338.0,2338.24,4053.943277
2026-04-16 10:00:00,2338.31,2340.42,2328.75,2332.31,3717.554937
2026-04-16 11:00:00,2332.32,2336.54,2329.75,2336.25,2653.636335
2026-04-16 12:00:00,2336.18,2348.35,2335.0,2340.62,4384.242191
2026-04-16 13:00:00,2340.62,2352.39,2290.44,2308.39,15621.081473
2026-04-16 14:00:00,2308.35,2316.31,2284.5,2309.87,18792.422694
2026-04-16 15:00:00,2309.87,2350.0,2308.37,2339.07,11358.515461
2026-04-16 16:00:00,2339.08,2348.92,2310.18,2316.71,7494.027777
2026-04-16 17:00:00,2316.75,2329.4,2310.21,2325.62,4508.345366
2026-04-16 18:00:00,2325.56,2347.13,2320.59,2343.29,3780.531843
2026-04-16 19:00:00,2343.3,2361.96,2334.95,2359.74,6662.013706
2026-04-16 20:00:00,2359.74,2364.96,2341.6,2349.92,5311.433579
2026-04-16 21:00:00,2349.9,2356.81,2336.31,2341.26,3130.978426
2026-04-16 22:00:00,2341.27,2350.73,2339.05,2342.39,4281.420168
2026-04-16 23:00:00,2342.39,2354.85,2341.45,2348.15,2626.843799
2026-04-17 00:00:00,2348.15,2350.88,2341.0,2344.18,2186.928727
2026-04-17 01:00:00,2344.43,2348.79,2326.89,2335.31,3900.056862
2026-04-17 02:00:00,2335.26,2338.89,2323.71,2331.81,1637.271506
2026-04-17 03:00:00,2331.82,2332.0,2323.77,2325.63,1067.123671
2026-04-17 04:00:00,2325.63,2333.93,2324.18,2329.17,940.479333
2026-04-17 05:00:00,2329.17,2329.23,2317.01,2319.57,2488.830202
2026-04-17 06:00:00,2319.57,2332.4,2318.0,2331.31,2107.187526
2026-04-17 07:00:00,2331.6,2342.31,2330.04,2334.04,3121.258659
2026-04-17 08:00:00,2334.09,2359.12,2332.93,2354.8,6202.167934
2026-04-17 09:00:00,2354.83,2377.7,2348.07,2358.87,8704.448957
2026-04-17 10:00:00,2358.87,2360.79,2336.17,2343.91,6090.770647
2026-04-17 11:00:00,2343.8,2356.77,2343.27,2354.58,3125.864651
2026-04-17 12:00:00,2354.65,2381.76,2349.0,2371.98,10592.502748
2026-04-17 13:00:00,2371.83,2440.5,2366.75,2436.92,50033.218953
2026-04-17 14:00:00,2436.93,2457.0,2425.01,2446.88,23639.398796
2026-04-17 15:00:00,2446.91,2449.2,2432.54,2441.97,12619.618784
2026-04-17 16:00:00,2442.0,2466.0,2441.28,2451.09,14241.902837
2026-04-17 17:00:00,2451.08,2452.39,2422.77,2440.23,13913.125983
2026-04-17 18:00:00,2440.18,2442.57,2415.5,2420.23,9225.284997
2026-04-17 19:00:00,2420.2,2432.86,2417.15,2427.83,4422.177238
2026-04-17 20:00:00,2427.73,2435.45,2416.96,2426.6,2362.236023
2026-04-17 21:00:00,2426.53,2433.3,2419.5,2429.44,2401.784042
2026-04-17 22:00:00,2429.44,2442.54,2422.91,2433.27,3927.479559
2026-04-17 23:00:00,2433.27,2433.34,2415.8,2419.01,2975.349592
2026-04-18 00:00:00,2418.88,2423.54,2409.09,2420.98,3099.106217
2026-04-18 01:00:00,2421.11,2427.51,2417.01,2421.37,1452.488593
2026-04-18 02:00:00,2421.37,2425.0,2416.97,2419.67,1327.236045
2026-04-18 03:00:00,2419.67,2420.77,2400.0,2405.14,4455.219905
2026-04-18 04:00:00,2405.29,2410.38,2400.0,2407.73,3016.068505
2026-04-18 05:00:00,2407.73,2413.91,2406.0,2409.09,1691.329183
2026-04-18 06:00:00,2409.1,2412.16,2405.5,2410.17,2992.339306
2026-04-18 07:00:00,2410.18,2411.4,2402.0,2403.8,2875.86187
2026-04-18 08:00:00,2403.8,2405.23,2368.0,2381.12,13214.716155
2026-04-18 09:00:00,2381.13,2381.32,2369.86,2376.3,5423.407063
2026-04-18 10:00:00,2376.41,2376.46,2354.84,2359.55,10927.355522
2026-04-18 11:00:00,2359.6,2360.9,2343.94,2353.17,9853.960669
2026-04-18 12:00:00,2353.17,2363.66,2350.56,2358.21,4750.642548
2026-04-18 13:00:00,2358.2,2360.52,2345.55,2355.75,4644.042081
2026-04-18 14:00:00,2355.74,2365.62,2349.72,2365.26,3342.884486
2026-04-18 15:00:00,2365.27,2369.95,2358.63,2363.68,2674.683386
2026-04-18 16:00:00,2363.69,2379.01,2354.62,2360.88,5526.902535
2026-04-18 17:00:00,2360.88,2364.81,2352.26,2361.45,2467.768602
2026-04-18 18:00:00,2361.47,2363.62,2338.77,2347.4,7941.4014
2026-04-18 19:00:00,2347.41,2355.55,2346.38,2348.35,1853.427183
2026-04-18 20:00:00,2348.35,2354.86,2344.8,2352.28,1807.776003
2026-04-18 21:00:00,2352.28,2355.3,2347.08,2355.29,2136.73757
2026-04-18 22:00:00,2355.12,2359.29,2348.45,2356.3,1917.148761
2026-04-18 23:00:00,2356.3,2360.43,2349.66,2350.53,1357.190872
2026-04-19 00:00:00,2350.54,2355.52,2344.5,2349.16,1180.799548
2026-04-19 01:00:00,2349.17,2353.14,2341.51,2347.85,1759.359243
2026-04-19 02:00:00,2347.86,2349.1,2333.11,2338.2,3147.201974
2026-04-19 03:00:00,2338.24,2344.2,2332.15,2339.72,1362.344014
2026-04-19 04:00:00,2339.72,2345.98,2321.4,2333.02,8832.613729
2026-04-19 05:00:00,2333.02,2338.48,2329.01,2332.5,996.903635
2026-04-19 06:00:00,2332.51,2333.23,2321.7,2327.26,4290.107273
2026-04-19 07:00:00,2327.27,2327.27,2296.6,2316.1,14293.361055
2026-04-19 08:00:00,2316.1,2320.95,2311.06,2318.3,4048.037789
2026-04-19 09:00:00,2318.31,2319.14,2306.0,2309.97,8762.876891
2026-04-19 10:00:00,2309.98,2319.83,2306.48,2317.84,6671.369496
2026-04-19 11:00:00,2317.84,2331.09,2317.41,2329.11,2988.772729
2026-04-19 12:00:00,2329.22,2336.99,2324.04,2331.05,3773.879118
2026-04-19 13:00:00,2330.96,2349.75,2330.17,2338.49,8980.724422
2026-04-19 14:00:00,2338.51,2343.12,2326.87,2337.88,4591.370487
2026-04-19 15:00:00,2337.93,2341.51,2315.02,2330.45,4999.233766
2026-04-19 16:00:00,2330.53,2331.48,2304.42,2311.63,4637.149995
2026-04-19 17:00:00,2311.86,2317.37,2293.93,2296.49,7811.464381
2026-04-19 18:00:00,2296.55,2301.84,2287.53,2295.81,8489.923514
2026-04-19 19:00:00,2295.91,2304.92,2294.27,2299.82,4751.025845
2026-04-19 20:00:00,2299.78,2300.4,2273.18,2280.72,10224.201613
2026-04-19 21:00:00,2280.43,2291.01,2275.19,2276.37,3988.748008
2026-04-19 22:00:00,2276.0,2277.46,2252.05,2270.27,15513.786651
2026-04-19 23:00:00,2270.18,2271.1,2256.57,2263.6,4035.886297
2026-04-20 00:00:00,2263.62,2283.19,2259.79,2279.83,4656.119678
2026-04-20 01:00:00,2279.73,2294.43,2278.3,2286.14,5590.346763
2026-04-20 02:00:00,2286.16,2287.04,2272.0,2277.56,2973.512575
2026-04-20 03:00:00,2277.6,2288.76,2276.18,2286.28,1741.1807
2026-04-20 04:00:00,2286.27,2286.28,2278.76,2283.54,1501.994485
2026-04-20 05:00:00,2283.53,2283.54,2263.08,2270.32,2667.876997
2026-04-20 06:00:00,2270.33,2289.19,2268.81,2285.94,2643.565928
2026-04-20 07:00:00,2285.95,2332.55,2283.01,2298.13,11664.806586
2026-04-20 08:00:00,2298.24,2308.13,2289.93,2294.04,3309.694148
2026-04-20 09:00:00,2294.05,2314.45,2293.2,2308.97,2999.60051
2026-04-20 10:00:00,2308.97,2320.0,2303.2,2303.28,2713.450436
2026-04-20 11:00:00,2303.28,2312.27,2299.28,2308.23,2190.814049
2026-04-20 12:00:00,2308.23,2323.32,2304.5,2318.86,4047.911864
2026-04-20 13:00:00,2318.86,2326.72,2301.82,2310.81,7528.736819
2026-04-20 14:00:00,2310.8,2322.1,2282.86,2290.84,11419.060852
2026-04-20 15:00:00,2290.84,2319.22,2275.0,2313.85,10195.038454
2026-04-20 16:00:00,2314.02,2314.69,2298.62,2300.01,2482.215539
2026-04-20 17:00:00,2300.01,2322.53,2297.81,2317.1,4091.717939
2026-04-20 18:00:00,2317.11,2344.03,2317.11,2334.53,8832.536724
2026-04-20 19:00:00,2334.54,2335.99,2327.1,2331.62,2848.8041
2026-04-20 20:00:00,2331.65,2340.28,2325.21,2337.3,4398.423284
2026-04-20 21:00:00,2337.3,2346.67,2315.01,2321.45,5877.263733
2026-04-20 22:00:00,2321.46,2328.39,2316.68,2319.55,1714.746661
2026-04-20 23:00:00,2319.55,2319.55,2307.1,2313.62,2567.897268
2026-04-21 00:00:00,2313.58,2324.59,2311.53,2321.99,1654.382368
2026-04-21 01:00:00,2321.99,2326.86,2312.6,2315.0,1522.556829
2026-04-21 02:00:00,2315.0,2315.5,2306.32,2308.3,1474.393294
2026-04-21 03:00:00,2308.3,2312.83,2300.0,2311.52,2648.312939
2026-04-21 04:00:00,2311.52,2316.12,2304.3,2314.87,1418.21294
2026-04-21 05:00:00,2314.71,2320.7,2312.69,2314.29,1677.71294
2026-04-21 06:00:00,2314.07,2327.07,2308.0,2317.58,1918.839881
2026-04-21 07:00:00,2317.58,2324.53,2311.69,2318.21,3365.091588
2026-04-21 08:00:00,2318.21,2338.88,2313.6,2323.4,4345.002955
2026-04-21 09:00:00,2323.38,2327.5,2317.82,2325.46,2186.774531
2026-04-21 10:00:00,2325.56,2337.15,2324.79,2330.91,2777.675127
2026-04-21 11:00:00,2330.92,2331.32,2315.68,2320.0,4165.987072
2026-04-21 12:00:00,2320.0,2324.96,2293.86,2308.26,6925.366265
2026-04-21 13:00:00,2308.26,2317.22,2300.81,2312.65,4541.795107
2026-04-21 14:00:00,2312.97,2327.68,2295.5,2299.32,8056.665834
2026-04-21 15:00:00,2299.4,2310.99,2290.32,2310.41,8408.836771
2026-04-21 16:00:00,2310.44,2324.87,2306.57,2307.52,4399.24839
2026-04-21 17:00:00,2307.44,2319.98,2283.46,2306.27,8066.79356
2026-04-21 18:00:00,2306.25,2313.33,2299.83,2313.0,2828.966239
2026-04-21 19:00:00,2312.99,2331.82,2287.44,2298.66,8269.392911
2026-04-21 20:00:00,2298.69,2326.18,2295.76,2314.44,9412.925464
2026-04-21 21:00:00,2314.4,2318.17,2309.65,2312.47,991.857286
2026-04-21 22:00:00,2312.43,2317.0,2300.74,2311.4,2497.177422
2026-04-21 23:00:00,2311.3,2330.02,2310.98,2327.58,4485.446262
2026-04-22 00:00:00,2327.58,2330.76,2322.19,2325.65,3844.689451
2026-04-22 01:00:00,2325.58,2328.65,2313.22,2322.58,1852.787472
2026-04-22 02:00:00,2322.77,2375.85,2320.4,2370.48,16046.625148
2026-04-22 03:00:00,2370.51,2379.46,2358.28,2363.82,6615.583558
2026-04-22 04:00:00,2363.73,2369.44,2358.39,2363.92,2856.251377
2026-04-22 05:00:00,2363.93,2413.33,2361.9,2396.83,23219.549031
2026-04-22 06:00:00,2396.82,2397.19,2389.61,2393.22,3213.512612
2026-04-22 07:00:00,2393.22,2397.68,2384.01,2390.05,7788.442302
2026-04-22 08:00:00,2390.05,2393.44,2383.1,2388.11,3821.196997
2026-04-22 09:00:00,2388.0,2394.0,2384.0,2387.52,2080.672431
2026-04-22 10:00:00,2387.45,2393.7,2385.0,2390.46,1416.16912
2026-04-22 11:00:00,2390.36,2400.72,2386.64,2398.52,3617.249854
2026-04-22 12:00:00,2398.52,2407.27,2395.91,2404.8,4751.111242
2026-04-22 13:00:00,2404.8,2423.93,2401.45,2417.59,16807.614605
2026-04-22 14:00:00,2417.71,2424.09,2392.0,2403.01,10984.607114
2026-04-22 15:00:00,2403.02,2413.82,2390.51,2403.8,7027.808578
2026-04-22 16:00:00,2403.8,2413.77,2384.09,2386.18,7549.027221
2026-04-22 17:00:00,2386.27,2402.93,2386.27,2399.38,4547.943542
2026-04-22 18:00:00,2399.39,2404.89,2395.25,2397.0,2460.441729
2026-04-22 19:00:00,2397.05,2407.14,2389.24,2397.73,3237.238697
2026-04-22 20:00:00,2397.74,2402.29,2390.6,2391.57,2142.352927
2026-04-22 21:00:00,2391.57,2406.04,2391.56,2402.59,3715.749936
2026-04-22 22:00:00,2402.58,2405.25,2394.11,2399.87,1613.34282
2026-04-22 23:00:00,2399.98,2400.96,2373.92,2374.06,5257.192581
2026-04-23 00:00:00,2374.07,2382.46,2343.29,2372.71,10348.695232
2026-04-23 01:00:00,2372.76,2372.76,2360.68,2366.82,3536.923208
2026-04-23 02:00:00,2366.89,2366.89,2344.0,2352.16,7399.494698
2026-04-23 03:00:00,2352.29,2353.87,2331.73,2341.07,6021.596808
2026-04-23 04:00:00,2341.07,2348.8,2336.97,2347.96,3455.837776
2026-04-23 05:00:00,2347.86,2352.94,2340.34,2349.06,2748.226012
2026-04-23 06:00:00,2349.07,2360.0,2349.07,2354.67,4814.87021
2026-04-23 07:00:00,2354.67,2356.93,2340.68,2344.42,7895.003745
2026-04-23 08:00:00,2344.46,2345.0,2335.14,2340.29,3437.501563
2026-04-23 09:00:00,2340.3,2340.59,2312.68,2316.75,11502.989741
2026-04-23 10:00:00,2316.7,2319.62,2306.21,2314.54,6612.714631
2026-04-23 11:00:00,2314.61,2333.01,2314.61,2329.62,4310.38025
2026-04-23 12:00:00,2329.62,2335.57,2321.0,2329.09,6473.944234
2026-04-23 13:00:00,2329.1,2332.68,2314.65,2319.86,4114.655405
2026-04-23 14:00:00,2319.86,2335.15,2316.2,2334.15,4242.967997
2026-04-23 15:00:00,2334.27,2343.97,2324.0,2333.34,5178.248229
2026-04-23 16:00:00,2333.4,2335.95,2323.26,2326.1,3486.105338
2026-04-23 17:00:00,2326.1,2329.29,2285.01,2310.44,17806.414671
2026-04-23 18:00:00,2310.54,2319.18,2304.32,2305.19,4476.05333
2026-04-23 19:00:00,2305.32,2319.18,2300.76,2312.99,2600.885399
2026-04-23 20:00:00,2313.06,2329.4,2312.86,2325.41,3766.959839
2026-04-23 21:00:00,2325.42,2328.95,2320.66,2321.54,1758.109764
2026-04-23 22:00:00,2321.52,2339.38,2321.38,2331.81,3793.303452
2026-04-23 23:00:00,2331.81,2333.29,2324.0,2330.46,1340.05595
2026-04-24 00:00:00,2330.46,2337.5,2326.72,2332.48,2512.151745
2026-04-24 01:00:00,2332.49,2334.3,2318.54,2332.97,2685.81154
2026-04-24 02:00:00,2332.86,2335.37,2315.19,2319.75,2586.873618
2026-04-24 03:00:00,2319.73,2322.45,2301.06,2308.72,4138.87036
2026-04-24 04:00:00,2308.72,2311.88,2300.32,2306.29,3160.910511
2026-04-24 05:00:00,2306.28,2317.0,2299.99,2314.96,9519.731136
2026-04-24 06:00:00,2315.03,2317.0,2308.37,2309.07,3114.373388
2026-04-24 07:00:00,2309.08,2316.24,2308.56,2311.73,4681.24744
2026-04-24 08:00:00,2311.77,2323.28,2307.49,2315.12,3457.019508
2026-04-24 09:00:00,2315.11,2315.76,2303.6,2310.07,2716.149738
2026-04-24 10:00:00,2310.23,2319.04,2306.01,2315.82,1780.56192
2026-04-24 11:00:00,2315.82,2332.5,2315.82,2328.27,7697.620326
2026-04-24 12:00:00,2328.23,2331.95,2318.17,2325.5,3698.784113
2026-04-24 13:00:00,2325.32,2331.82,2310.78,2317.14,5251.710033
2026-04-24 14:00:00,2317.24,2318.4,2304.0,2313.5,6510.44315
2026-04-24 15:00:00,2313.56,2330.22,2301.68,2323.88,6830.93049
2026-04-24 16:00:00,2323.87,2324.35,2310.0,2316.94,2406.192247
2026-04-24 17:00:00,2316.8,2321.87,2308.81,2319.65,3244.618689
2026-04-24 18:00:00,2319.66,2321.46,2309.92,2319.89,1828.545175
2026-04-24 19:00:00,2320.22,2325.0,2319.1,2321.45,2419.008784
2026-04-24 20:00:00,2321.5,2328.47,2314.14,2326.38,2671.015541
2026-04-24 21:00:00,2326.37,2327.77,2312.15,2315.27,3195.982514
2026-04-24 22:00:00,2315.22,2316.2,2307.6,2312.07,1678.136394
2026-04-24 23:00:00,2312.2,2316.73,2312.2,2315.09,749.299438
2026-04-25 00:00:00,2315.08,2316.06,2311.27,2315.9,1210.237754
2026-04-25 01:00:00,2315.91,2321.32,2315.68,2318.06,766.849208
2026-04-25 02:00:00,2318.05,2319.5,2314.46,2317.77,832.280728
2026-04-25 03:00:00,2317.81,2320.99,2315.52,2318.61,657.570438
2026-04-25 04:00:00,2318.61,2319.24,2316.11,2316.69,396.899342
2026-04-25 05:00:00,2316.68,2316.69,2313.33,2316.18,685.473755
2026-04-25 06:00:00,2316.18,2317.67,2314.67,2316.0,457.45325
2026-04-25 07:00:00,2316.01,2318.85,2314.19,2316.43,620.931429
2026-04-25 08:00:00,2316.42,2320.98,2315.96,2319.26,541.624225
2026-04-25 09:00:00,2319.26,2323.14,2316.56,2318.84,1188.335506
2026-04-25 10:00:00,2318.84,2322.65,2318.59,2320.39,934.106723
2026-04-25 11:00:00,2320.38,2320.38,2311.0,2313.65,1387.275163
2026-04-25 12:00:00,2313.65,2317.35,2310.71,2313.53,2571.455724
2026-04-25 13:00:00,2313.54,2317.84,2313.54,2316.2,1056.679347
2026-04-25 14:00:00,2316.21,2318.99,2315.0,2315.93,1192.233319
2026-04-25 15:00:00,2315.93,2318.4,2303.0,2308.01,3386.756249
2026-04-25 16:00:00,2308.01,2311.3,2300.69,2309.99,3056.974845
2026-04-25 17:00:00,2309.99,2313.91,2307.38,2309.32,1682.978844
2026-04-25 18:00:00,2309.23,2314.16,2308.41,2311.54,1345.09076
2026-04-25 19:00:00,2311.74,2312.39,2307.44,2310.24,812.495796
2026-04-25 20:00:00,2310.24,2313.42,2309.1,2313.13,852.117819
2026-04-25 21:00:00,2313.13,2317.39,2313.12,2316.0,1705.475393
2026-04-25 22:00:00,2316.0,2320.93,2315.23,2318.14,868.257413
2026-04-25 23:00:00,2318.18,2319.99,2317.01,2319.71,736.433262
2026-04-26 00:00:00,2319.72,2319.91,2311.78,2315.31,1289.056338
2026-04-26 01:00:00,2315.31,2318.07,2313.45,2314.01,836.287771
2026-04-26 02:00:00,2314.01,2318.66,2313.58,2315.17,622.609433
2026-04-26 03:00:00,2315.14,2316.66,2306.77,2310.02,1155.024997
2026-04-26 04:00:00,2310.01,2319.81,2309.22,2317.71,1385.891322
2026-04-26 05:00:00,2317.71,2336.18,2317.7,2328.02,5623.124619
2026-04-26 06:00:00,2328.02,2333.52,2325.78,2330.0,1291.210111
2026-04-26 07:00:00,2330.0,2331.96,2327.98,2331.15,1404.178346
2026-04-26 08:00:00,2331.15,2337.55,2330.38,2332.2,2257.543463
2026-04-26 09:00:00,2332.2,2335.23,2329.4,2334.59,851.482425
2026-04-26 10:00:00,2334.59,2336.22,2331.49,2332.68,828.579648
2026-04-26 11:00:00,2332.67,2337.2,2332.67,2335.62,1942.364872
2026-04-26 12:00:00,2335.61,2336.21,2324.64,2328.89,2858.271291
2026-04-26 13:00:00,2328.9,2335.72,2328.19,2335.28,2369.669967
2026-04-26 14:00:00,2335.27,2352.17,2333.45,2346.25,7275.578583
2026-04-26 15:00:00,2346.25,2349.0,2344.12,2348.23,2667.303912
2026-04-26 16:00:00,2348.23,2349.71,2342.81,2342.84,2435.983369
2026-04-26 17:00:00,2342.81,2351.51,2340.45,2349.52,1995.017327
2026-04-26 18:00:00,2349.52,2368.75,2347.41,2361.85,6855.603097
2026-04-26 19:00:00,2361.85,2376.2,2359.54,2367.49,5819.995269
2026-04-26 20:00:00,2367.5,2372.94,2362.08,2362.44,2156.912389
2026-04-26 21:00:00,2362.52,2370.4,2348.28,2364.42,5360.04278
2026-04-26 22:00:00,2364.41,2380.0,2353.45,2361.94,5365.689397
2026-04-26 23:00:00,2361.93,2378.3,2356.82,2369.35,4779.64855
2026-04-27 00:00:00,2369.36,2392.0,2358.84,2389.83,8893.367659
2026-04-27 01:00:00,2390.0,2404.42,2377.51,2394.49,12152.507251
2026-04-27 02:00:00,2394.78,2396.99,2387.5,2392.32,2286.999043
2026-04-27 03:00:00,2392.32,2400.5,2390.59,2394.61,3519.603222
2026-04-27 04:00:00,2394.61,2396.0,2380.5,2382.86,4361.611917
2026-04-27 05:00:00,2382.88,2383.53,2318.95,2323.29,22983.802349
2026-04-27 06:00:00,2323.29,2328.92,2312.59,2321.03,5679.224064
2026-04-27 07:00:00,2321.01,2323.93,2315.18,2316.18,4224.481006
2026-04-27 08:00:00,2316.18,2319.99,2309.22,2319.67,5201.159203
2026-04-27 09:00:00,2319.72,2325.44,2315.57,2322.04,2704.520197
2026-04-27 10:00:00,2322.03,2324.13,2318.63,2320.03,1338.515715
2026-04-27 11:00:00,2320.03,2324.59,2317.0,2320.09,1946.490125
2026-04-27 12:00:00,2320.04,2321.05,2312.11,2313.98,3387.790159
2026-04-27 13:00:00,2313.98,2320.52,2303.34,2312.05,8849.476419
2026-04-27 14:00:00,2312.06,2329.37,2308.54,2314.88,9108.595224
2026-04-27 15:00:00,2314.94,2315.26,2265.68,2275.08,26327.646363
2026-04-27 16:00:00,2275.08,2280.79,2270.31,2278.11,4139.552363
2026-04-27 17:00:00,2278.12,2292.5,2278.12,2286.87,6066.889613
2026-04-27 18:00:00,2286.86,2292.0,2284.34,2288.69,3966.555466
2026-04-27 19:00:00,2288.68,2291.33,2275.11,2289.28,3574.775421
2026-04-27 20:00:00,2289.37,2296.52,2289.37,2291.71,1673.108283
2026-04-27 21:00:00,2291.71,2292.49,2287.0,2287.43,1769.420684
2026-04-27 22:00:00,2287.43,2295.6,2284.55,2294.53,2527.323722
2026-04-27 23:00:00,2294.52,2308.4,2291.17,2303.74,3613.881995
2026-04-28 00:00:00,2303.72,2310.76,2299.58,2306.65,1928.742114
2026-04-28 01:00:00,2306.63,2308.71,2297.78,2298.78,1719.507914
2026-04-28 02:00:00,2298.78,2300.85,2280.39,2288.88,3959.560089
2026-04-28 03:00:00,2288.85,2291.0,2282.48,2290.71,2018.546441
2026-04-28 04:00:00,2290.71,2294.6,2283.37,2288.6,2509.712924
2026-04-28 05:00:00,2288.61,2297.01,2286.67,2288.15,2530.179121
2026-04-28 06:00:00,2288.11,2290.99,2270.0,2277.79,5052.0941
2026-04-28 07:00:00,2277.79,2288.77,2270.4,2287.99,3068.57254
2026-04-28 08:00:00,2287.99,2291.72,2283.1,2287.05,2119.29986
2026-04-28 09:00:00,2287.05,2288.48,2276.78,2282.27,1848.968062
2026-04-28 10:00:00,2282.27,2287.32,2280.69,2284.38,1368.186385
2026-04-28 11:00:00,2284.4,2285.38,2270.57,2275.51,2598.296379
2026-04-28 12:00:00,2275.53,2281.24,2272.0,2278.49,2751.287292
2026-04-28 13:00:00,2278.45,2286.63,2258.48,2276.41,10273.466562
2026-04-28 14:00:00,2276.55,2276.83,2261.1,2273.43,3672.263579
2026-04-28 15:00:00,2273.45,2280.71,2269.27,2279.93,2993.236461
2026-04-28 16:00:00,2279.96,2288.21,2274.26,2286.18,3559.233596
2026-04-28 17:00:00,2286.19,2293.33,2279.0,2290.59,2134.799723
2026-04-28 18:00:00,2290.59,2298.35,2287.66,2296.91,2383.84152
2026-04-28 19:00:00,2297.1,2305.52,2290.34,2301.79,4024.728062
2026-04-28 20:00:00,2301.8,2305.64,2295.3,2295.48,1269.443764
2026-04-28 21:00:00,2295.48,2297.3,2285.69,2290.44,1869.683614
2026-04-28 22:00:00,2290.4,2294.65,2285.32,2286.16,797.716389
2026-04-28 23:00:00,2286.15,2290.18,2283.31,2289.24,1479.503239
2026-04-29 00:00:00,2289.24,2294.53,2285.37,2292.49,1395.866869
2026-04-29 01:00:00,2292.49,2297.29,2279.01,2292.4,4550.396271
2026-04-29 02:00:00,2292.41,2295.48,2284.69,2288.8,2315.100195
2026-04-29 03:00:00,2288.8,2316.74,2287.86,2311.63,8482.839224
2026-04-29 04:00:00,2311.63,2342.79,2309.38,2327.26,10434.2482
2026-04-29 05:00:00,2327.27,2332.3,2322.72,2329.03,4073.488316
2026-04-29 06:00:00,2328.96,2336.96,2320.44,2324.7,4019.514395
2026-04-29 07:00:00,2324.78,2330.71,2321.68,2323.8,4637.838369
2026-04-29 08:00:00,2323.81,2329.0,2320.96,2325.52,2166.644364
2026-04-29 09:00:00,2325.52,2347.08,2322.86,2339.72,5585.522953
2026-04-29 10:00:00,2339.72,2346.62,2329.7,2333.45,7370.657429
2026-04-29 11:00:00,2333.45,2336.52,2328.64,2331.7,2852.619854
2026-04-29 12:00:00,2331.7,2332.09,2307.25,2316.43,6836.065254
2026-04-29 13:00:00,2316.43,2318.59,2290.15,2303.13,7949.45788
2026-04-29 14:00:00,2303.14,2308.41,2293.8,2299.48,3748.731875
2026-04-29 15:00:00,2299.49,2301.37,2263.48,2272.88,9558.04392
2026-04-29 16:00:00,2272.89,2279.37,2263.37,2267.43,4869.801411
2026-04-29 17:00:00,2267.44,2284.0,2266.22,2283.57,3995.45708
2026-04-29 18:00:00,2283.57,2286.53,2220.33,2239.56,32125.544159
2026-04-29 19:00:00,2239.56,2243.49,2225.47,2233.59,6939.835961
2026-04-29 20:00:00,2233.56,2248.59,2230.05,2240.67,6629.82093
2026-04-29 21:00:00,2240.7,2266.11,2238.63,2253.01,5649.883804
2026-04-29 22:00:00,2253.01,2260.86,2250.0,2257.96,4098.091802
2026-04-29 23:00:00,2257.96,2260.73,2250.45,2253.09,2902.617026
2026-04-30 00:00:00,2253.08,2275.68,2249.27,2272.55,5688.741245
2026-04-30 01:00:00,2272.55,2279.34,2267.31,2269.47,3713.696095
2026-04-30 02:00:00,2269.47,2273.57,2236.05,2245.51,6553.290973
2026-04-30 03:00:00,2245.47,2257.29,2244.2,2253.67,4575.560977
2026-04-30 04:00:00,2253.68,2254.55,2237.0,2239.5,3611.262138
2026-04-30 05:00:00,2239.55,2248.72,2232.01,2242.92,3055.587938
2026-04-30 06:00:00,2242.91,2252.79,2242.01,2248.03,1441.65686
2026-04-30 07:00:00,2248.03,2262.83,2243.83,2260.68,8518.989996
2026-04-30 08:00:00,2260.69,2262.5,2255.49,2256.67,2403.116111
2026-04-30 09:00:00,2256.51,2271.98,2255.97,2261.92,2471.683316
2026-04-30 10:00:00,2261.93,2265.81,2256.67,2261.81,1406.392367
2026-04-30 11:00:00,2261.82,2273.5,2251.4,2258.37,3939.593573
2026-04-30 12:00:00,2258.3,2271.1,2257.72,2265.45,2546.193456
2026-04-30 13:00:00,2265.45,2272.7,2253.83,2264.16,3357.995479
2026-04-30 14:00:00,2264.17,2270.99,2246.52,2262.18,5990.382805
2026-04-30 15:00:00,2262.22,2275.46,2257.7,2265.71,4208.011759
2026-04-30 16:00:00,2265.71,2267.29,2255.33,2257.03,2016.178431
2026-04-30 17:00:00,2257.04,2260.69,2251.62,2258.11,2302.725518
2026-04-30 18:00:00,2258.1,2265.51,2254.47,2259.81,1845.95603
2026-04-30 19:00:00,2259.8,2266.94,2258.1,2261.8,1600.388856
2026-04-30 20:00:00,2261.8,2267.32,2260.56,2264.27,1043.739589
2026-04-30 21:00:00,2264.27,2264.85,2254.33,2256.27,1330.415023
2026-04-30 22:00:00,2256.28,2261.57,2252.44,2254.4,1130.84195
2026-04-30 23:00:00,2254.55,2259.38,2253.9,2257.95,689.87853
2026-05-01 00:00:00,2258.0,2266.0,2257.41,2260.2,980.650146
2026-05-01 01:00:00,2260.2,2270.57,2259.99,2267.6,1852.095715
2026-05-01 02:00:00,2267.61,2270.26,2264.79,2267.19,1694.400077
2026-05-01 03:00:00,2267.2,2295.56,2266.12,2282.79,9790.817484
2026-05-01 04:00:00,2282.86,2285.59,2277.68,2280.04,2853.485274
2026-05-01 05:00:00,2280.04,2286.59,2278.17,2283.5,1354.153764
2026-05-01 06:00:00,2283.61,2286.59,2272.47,2277.33,1977.703924
2026-05-01 07:00:00,2277.33,2281.15,2273.2,2279.63,4456.962081
2026-05-01 08:00:00,2279.63,2288.59,2277.18,2286.74,3056.556478
2026-05-01 09:00:00,2286.74,2286.96,2279.86,2282.02,1949.673789
2026-05-01 10:00:00,2282.03,2286.0,2277.25,2282.65,3136.033024
2026-05-01 11:00:00,2282.66,2293.08,2281.45,2286.56,10146.76096
2026-05-01 12:00:00,2286.57,2312.16,2284.03,2301.03,14936.626458
2026-05-01 13:00:00,2301.04,2324.06,2301.04,2317.99,11227.265885
2026-05-01 14:00:00,2318.0,2325.56,2301.49,2307.97,7680.60858
2026-05-01 15:00:00,2307.97,2316.69,2298.24,2307.86,5263.368624
2026-05-01 16:00:00,2307.86,2314.28,2298.25,2301.91,5348.697758
2026-05-01 17:00:00,2301.87,2313.8,2298.73,2311.81,2620.843725
2026-05-01 18:00:00,2311.87,2312.77,2303.39,2304.49,2919.729658
2026-05-01 19:00:00,2304.54,2307.89,2302.25,2304.81,2671.961643
2026-05-01 20:00:00,2304.81,2306.4,2279.1,2284.78,7400.482533
2026-05-01 21:00:00,2284.78,2294.2,2283.49,2292.62,3053.765599
2026-05-01 22:00:00,2292.61,2299.59,2290.42,2293.25,1038.159661
2026-05-01 23:00:00,2293.25,2296.45,2288.88,2295.57,1104.629185
2026-05-02 00:00:00,2295.57,2299.36,2292.88,2297.54,1149.07564
2026-05-02 01:00:00,2297.64,2300.54,2295.55,2298.77,945.745798
2026-05-02 02:00:00,2298.81,2308.22,2295.14,2303.32,1707.068447
2026-05-02 03:00:00,2303.32,2308.52,2301.01,2304.29,1151.621639
2026-05-02 04:00:00,2304.52,2304.95,2299.42,2301.34,655.546164
2026-05-02 05:00:00,2301.33,2301.59,2296.58,2299.51,603.517094
2026-05-02 06:00:00,2299.54,2306.59,2297.0,2305.63,1428.944127
2026-05-02 07:00:00,2305.63,2306.21,2300.58,2300.72,2631.381262
2026-05-02 08:00:00,2300.72,2304.55,2298.73,2303.4,1664.942211
2026-05-02 09:00:00,2303.4,2307.69,2303.22,2305.28,428.585506
2026-05-02 10:00:00,2305.29,2306.01,2302.2,2303.47,624.321491
2026-05-02 11:00:00,2303.46,2304.99,2300.33,2302.0,598.16465
2026-05-02 12:00:00,2302.0,2305.47,2301.37,2303.55,753.157409
2026-05-02 13:00:00,2303.56,2312.25,2303.56,2308.12,1855.529974
2026-05-02 14:00:00,2308.12,2308.81,2305.46,2306.48,816.717046
2026-05-02 15:00:00,2306.48,2309.85,2305.46,2309.1,697.033461
2026-05-02 16:00:00,2309.11,2313.53,2307.61,2309.3,1061.058097
2026-05-02 17:00:00,2309.3,2310.36,2305.46,2306.01,878.99042
2026-05-02 18:00:00,2306.01,2311.48,2303.62,2309.99,736.569625
2026-05-02 19:00:00,2310.0,2312.72,2308.92,2311.5,698.217177
2026-05-02 20:00:00,2311.51,2311.99,2309.68,2311.61,696.126521
2026-05-02 21:00:00,2311.65,2343.12,2310.77,2325.79,7618.60104
2026-05-02 22:00:00,2325.8,2328.29,2317.8,2327.17,2435.211481
2026-05-02 23:00:00,2327.15,2327.15,2314.16,2317.05,2053.319843
2026-05-03 00:00:00,2317.17,2317.95,2309.22,2314.22,2142.097677
2026-05-03 01:00:00,2314.22,2314.59,2303.39,2303.98,1708.475987
2026-05-03 02:00:00,2303.98,2307.0,2299.16,2303.49,2930.047422
2026-05-03 03:00:00,2303.49,2304.29,2299.76,2302.27,992.843576
2026-05-03 04:00:00,2302.26,2304.77,2297.7,2301.68,1292.668575
2026-05-03 05:00:00,2301.68,2305.23,2301.39,2304.34,389.405253
2026-05-03 06:00:00,2304.33,2306.65,2299.9,2304.41,723.416555
2026-05-03 07:00:00,2304.42,2314.07,2304.36,2309.47,1692.478777
2026-05-03 08:00:00,2309.47,2312.75,2307.52,2308.18,549.072817
2026-05-03 09:00:00,2308.19,2322.04,2307.51,2316.66,2176.344509
2026-05-03 10:00:00,2316.66,2317.01,2311.32,2311.44,494.917455
2026-05-03 11:00:00,2311.44,2327.51,2310.52,2319.63,2095.370655
2026-05-03 12:00:00,2319.64,2332.99,2319.64,2325.5,3049.433315
2026-05-03 13:00:00,2325.5,2328.7,2320.48,2321.86,3933.66334
2026-05-03 14:00:00,2321.86,2329.33,2321.15,2327.9,2336.569134
2026-05-03 15:00:00,2327.91,2333.66,2324.47,2328.31,6317.865834
2026-05-03 16:00:00,2328.24,2335.0,2322.07,2328.15,9651.480868
2026-05-03 17:00:00,2328.15,2335.28,2323.7,2331.96,3556.299641
2026-05-03 18:00:00,2331.99,2333.63,2328.21,2330.96,614.913209
2026-05-03 19:00:00,2330.96,2338.2,2328.4,2335.7,2667.273291
2026-05-03 20:00:00,2335.56,2344.44,2328.45,2329.67,4409.31947
2026-05-03 21:00:00,2329.67,2334.35,2314.82,2324.18,2763.80741
2026-05-03 22:00:00,2324.24,2356.71,2324.05,2343.87,8952.741298
2026-05-03 23:00:00,2343.86,2347.55,2320.01,2323.1,3980.620971
2026-05-04 00:00:00,2323.12,2323.12,2309.23,2319.2,4233.111387
2026-05-04 01:00:00,2319.21,2354.41,2312.66,2350.94,9441.040671
2026-05-04 02:00:00,2350.94,2387.62,2345.44,2374.63,23454.768525
2026-05-04 03:00:00,2374.83,2391.53,2371.76,2385.09,9602.294544
2026-05-04 04:00:00,2385.09,2399.0,2384.27,2390.27,7158.6828
2026-05-04 05:00:00,2390.31,2391.44,2375.04,2376.5,5153.751408
2026-05-04 06:00:00,2376.51,2378.62,2354.43,2368.56,5982.739157
2026-05-04 07:00:00,2368.56,2374.58,2362.38,2362.69,4819.204063
2026-05-04 08:00:00,2362.69,2365.05,2357.79,2360.24,3117.041238
2026-05-04 09:00:00,2360.24,2370.9,2358.14,2368.57,1951.829184
2026-05-04 10:00:00,2368.57,2370.09,2314.49,2338.42,23325.094858
2026-05-04 11:00:00,2338.41,2343.58,2332.53,2337.11,5657.083015
2026-05-04 12:00:00,2337.11,2343.94,2332.55,2335.41,6509.342009
2026-05-04 13:00:00,2335.41,2344.99,2325.76,2336.6,6476.587407
2026-05-04 14:00:00,2336.6,2382.02,2327.4,2371.09,13449.089672
2026-05-04 15:00:00,2371.13,2374.4,2335.2,2350.19,14481.596942
2026-05-04 16:00:00,2350.24,2365.42,2336.71,2355.3,9055.127374
2026-05-04 17:00:00,2355.29,2380.02,2353.88,2370.16,7058.956936
2026-05-04 18:00:00,2370.17,2375.0,2357.18,2361.41,5541.365671
2026-05-04 19:00:00,2361.42,2364.43,2353.76,2356.4,4284.912398
2026-05-04 20:00:00,2356.54,2359.37,2347.66,2350.09,1684.717618
2026-05-04 21:00:00,2350.1,2364.86,2350.0,2360.81,1465.798175
2026-05-04 22:00:00,2360.81,2366.37,2353.84,2354.57,1749.167446
2026-05-04 23:00:00,2354.57,2354.57,2344.69,2347.24,2328.533174
2026-05-05 00:00:00,2347.25,2359.35,2344.94,2358.94,1478.289433
2026-05-05 01:00:00,2358.94,2364.95,2355.03,2361.83,1993.558386
2026-05-05 02:00:00,2361.83,2377.29,2358.97,2367.63,4840.201606
2026-05-05 03:00:00,2367.63,2389.29,2364.32,2382.14,5641.11402
2026-05-05 04:00:00,2382.13,2385.69,2375.73,2380.95,2511.379526
2026-05-05 05:00:00,2380.93,2390.49,2377.29,2380.22,6108.056455
2026-05-05 06:00:00,2380.23,2381.53,2367.26,2378.91,4110.797737
2026-05-05 07:00:00,2378.91,2388.61,2375.84,2380.56,4849.598696
2026-05-05 08:00:00,2380.55,2384.45,2372.73,2376.88,1974.155084
2026-05-05 09:00:00,2376.87,2376.94,2367.0,2369.8,2250.625095
2026-05-05 10:00:00,2369.8,2379.63,2367.36,2378.67,2364.454453
2026-05-05 11:00:00,2378.66,2384.0,2373.0,2379.78,2505.468072
2026-05-05 12:00:00,2379.79,2389.88,2376.22,2388.48,3293.606024
2026-05-05 13:00:00,2388.49,2399.56,2383.36,2388.67,10468.470961
2026-05-05 14:00:00,2388.67,2392.55,2369.27,2378.73,8932.680827
2026-05-05 15:00:00,2378.73,2388.28,2375.45,2381.32,2782.178203
2026-05-05 16:00:00,2381.43,2383.37,2360.67,2366.01,5386.881999
2026-05-05 17:00:00,2366.01,2370.21,2359.81,2363.14,3489.257343
2026-05-05 18:00:00,2363.15,2374.78,2363.0,2372.29,1928.748941
2026-05-05 19:00:00,2372.29,2376.45,2369.27,2372.0,1493.476754
2026-05-05 20:00:00,2371.99,2387.49,2371.28,2382.78,5133.351373
2026-05-05 21:00:00,2382.78,2388.56,2368.64,2375.61,3144.426052
2026-05-05 22:00:00,2375.6,2381.81,2354.36,2367.6,6293.486491
2026-05-05 23:00:00,2367.59,2370.0,2354.58,2361.01,3826.775084
2026-05-06 00:00:00,2361.0,2368.23,2354.17,2364.42,2970.304109
2026-05-06 01:00:00,2364.55,2376.88,2362.49,2373.12,3792.405816
2026-05-06 02:00:00,2373.13,2373.63,2360.01,2369.46,2268.152159
2026-05-06 03:00:00,2369.5,2380.87,2368.0,2376.5,3435.534574
2026-05-06 04:00:00,2376.5,2379.37,2361.0,2366.01,2953.824649
2026-05-06 05:00:00,2366.0,2367.17,2354.7,2365.13,3246.387738
2026-05-06 06:00:00,2365.13,2371.42,2361.25,2370.61,2054.785925
2026-05-06 07:00:00,2370.62,2375.38,2368.62,2371.69,1956.282391
2026-05-06 08:00:00,2371.68,2396.52,2369.4,2394.2,7097.568582
2026-05-06 09:00:00,2394.31,2418.87,2384.83,2412.62,18717.934455
2026-05-06 10:00:00,2412.8,2414.54,2405.71,2410.2,6699.196874
2026-05-06 11:00:00,2410.15,2423.69,2407.64,2410.54,11656.730475
2026-05-06 12:00:00,2410.55,2413.87,2400.19,2405.28,5622.859237
2026-05-06 13:00:00,2405.22,2405.23,2364.44,2368.54,17540.543758
2026-05-06 14:00:00,2368.62,2373.38,2346.0,2359.67,17513.595528
2026-05-06 15:00:00,2359.75,2366.31,2354.38,2359.06,8117.553554
2026-05-06 16:00:00,2359.06,2368.0,2350.3,2358.38,8590.90169
2026-05-06 17:00:00,2358.24,2360.95,2348.0,2349.91,3931.668204
2026-05-06 18:00:00,2349.91,2352.6,2337.78,2345.17,5661.839892
2026-05-06 19:00:00,2345.16,2349.99,2342.56,2348.72,2202.637631
2026-05-06 20:00:00,2348.69,2357.34,2345.45,2351.23,4936.22878
2026-05-06 21:00:00,2351.22,2357.71,2346.31,2354.81,3611.679419
2026-05-06 22:00:00,2354.9,2355.42,2345.47,2347.71,3319.630591
2026-05-06 23:00:00,2347.71,2351.96,2338.72,2351.29,4404.880005
2026-05-07 00:00:00,2351.29,2352.91,2329.4,2329.91,7730.54094
2026-05-07 01:00:00,2329.91,2335.24,2313.81,2327.77,9242.899637
2026-05-07 02:00:00,2327.73,2328.19,2314.11,2322.1,7994.888506
2026-05-07 03:00:00,2322.1,2325.82,2315.52,2322.35,3083.623846
2026-05-07 04:00:00,2322.36,2328.05,2317.8,2327.56,2100.001868
2026-05-07 05:00:00,2327.56,2334.08,2327.11,2331.2,2611.888094
2026-05-07 06:00:00,2331.2,2338.65,2319.94,2337.25,4413.269452
2026-05-07 07:00:00,2337.25,2347.2,2336.77,2344.81,7038.953526
2026-05-07 08:00:00,2344.8,2346.87,2332.01,2334.09,4323.708
2026-05-07 09:00:00,2334.1,2337.48,2327.01,2329.3,3459.236344
2026-05-07 10:00:00,2329.24,2331.99,2317.53,2327.01,3694.627224
2026-05-07 11:00:00,2327.01,2332.1,2325.56,2330.23,2004.12586
2026-05-07 12:00:00,2330.22,2337.55,2329.29,2333.19,3017.099523
2026-05-07 13:00:00,2333.19,2333.19,2305.14,2314.56,9348.553994
2026-05-07 14:00:00,2314.67,2318.96,2289.0,2299.37,19848.746928
2026-05-07 15:00:00,2299.37,2304.71,2285.0,2295.17,8578.794579
2026-05-07 16:00:00,2294.81,2298.55,2285.84,2291.81,4583.410468
2026-05-07 17:00:00,2291.82,2302.04,2280.0,2300.19,5876.757634
2026-05-07 18:00:00,2300.18,2304.44,2291.37,2296.34,4454.069439
2026-05-07 19:00:00,2296.27,2297.48,2288.32,2296.19,4380.251252
2026-05-07 20:00:00,2296.24,2303.04,2288.39,2289.65,3871.543252
2026-05-07 21:00:00,2289.66,2294.51,2281.81,2288.17,4876.771815
2026-05-07 22:00:00,2288.07,2290.77,2281.31,2287.47,5766.105839
2026-05-07 23:00:00,2287.48,2293.66,2286.58,2291.55,2576.510648
2026-05-08 00:00:00,2291.55,2294.72,2284.0,2287.11,2285.690462
2026-05-08 01:00:00,2287.26,2289.72,2280.41,2285.35,1884.848758
2026-05-08 02:00:00,2285.36,2285.89,2268.14,2279.2,6459.864731
2026-05-08 03:00:00,2279.23,2281.81,2265.0,2278.97,4246.672307
2026-05-08 04:00:00,2278.97,2284.92,2276.51,2281.75,1535.736434
2026-05-08 05:00:00,2281.74,2284.17,2276.31,2276.36,1844.195687
2026-05-08 06:00:00,2276.31,2278.61,2268.81,2275.44,1849.853268
2026-05-08 07:00:00,2275.4,2282.53,2267.1,2281.54,9126.0874
2026-05-08 08:00:00,2281.54,2289.51,2279.87,2283.4,4150.794508
2026-05-08 09:00:00,2283.4,2292.13,2279.99,2284.51,4261.86049
2026-05-08 10:00:00,2284.51,2290.9,2281.26,2287.96,1648.831509
2026-05-08 11:00:00,2288.03,2298.29,2288.03,2295.51,4348.898225
2026-05-08 12:00:00,2295.51,2303.03,2282.58,2284.89,5433.021448
2026-05-08 13:00:00,2284.89,2287.26,2270.0,2276.42,5045.529848
2026-05-08 14:00:00,2276.5,2292.9,2273.39,2285.98,4478.909201
2026-05-08 15:00:00,2285.98,2294.64,2275.0,2293.57,3929.841617
2026-05-08 16:00:00,2293.65,2294.56,2286.56,2290.05,2669.903993
2026-05-08 17:00:00,2290.04,2315.97,2289.43,2305.09,7929.545126
2026-05-08 18:00:00,2305.12,2321.51,2305.12,2313.77,7404.656988
2026-05-08 19:00:00,2313.77,2320.77,2312.61,2316.25,2881.767946
2026-05-08 20:00:00,2316.32,2317.24,2305.71,2307.18,2090.057603
2026-05-08 21:00:00,2307.18,2315.39,2304.6,2314.92,1961.231811
2026-05-08 22:00:00,2314.93,2319.33,2310.93,2311.06,1680.75164
2026-05-08 23:00:00,2311.06,2311.46,2303.45,2307.54,1441.691256
2026-05-09 00:00:00,2307.55,2312.47,2304.5,2308.85,1372.544376
2026-05-09 01:00:00,2308.86,2318.44,2308.31,2314.47,1874.2914
2026-05-09 02:00:00,2314.47,2320.57,2314.01,2317.03,1900.404984
2026-05-09 03:00:00,2317.16,2321.2,2312.84,2315.38,1524.306738
2026-05-09 04:00:00,2315.38,2325.42,2311.76,2312.8,2403.56442
2026-05-09 05:00:00,2312.8,2318.56,2311.33,2314.95,849.601052
2026-05-09 06:00:00,2314.96,2319.19,2312.67,2314.57,1388.305482
2026-05-09 07:00:00,2314.7,2318.52,2311.28,2314.72,1839.439027
2026-05-09 08:00:00,2314.72,2320.0,2314.0,2317.28,2250.802816
2026-05-09 09:00:00,2317.28,2318.04,2311.35,2313.58,1975.281041
2026-05-09 10:00:00,2313.59,2315.58,2310.25,2312.86,758.440923
2026-05-09 11:00:00,2312.85,2316.31,2312.64,2314.82,897.14324
2026-05-09 12:00:00,2314.83,2318.63,2313.35,2316.62,660.909078
2026-05-09 13:00:00,2316.63,2316.76,2311.78,2314.55,767.865837
2026-05-09 14:00:00,2314.56,2315.58,2305.2,2308.57,2444.132373
2026-05-09 15:00:00,2308.5,2317.5,2299.87,2317.49,3394.93911
2026-05-09 16:00:00,2317.5,2324.95,2315.12,2319.9,3968.624252
2026-05-09 17:00:00,2319.9,2333.64,2319.9,2329.53,6684.075017
2026-05-09 18:00:00,2329.54,2338.45,2328.94,2329.77,2861.271876
2026-05-09 19:00:00,2330.13,2332.98,2326.75,2332.05,2247.656784
2026-05-09 20:00:00,2332.05,2332.78,2327.06,2329.17,600.76764
2026-05-09 21:00:00,2329.18,2331.8,2328.64,2330.86,1354.987354
2026-05-09 22:00:00,2330.86,2333.5,2327.41,2330.03,728.290759
2026-05-09 23:00:00,2330.0,2331.84,2324.46,2326.43,768.405685
2026-05-10 00:00:00,2326.43,2329.95,2321.33,2323.96,1701.270885
2026-05-10 01:00:00,2323.96,2324.99,2318.41,2323.95,1709.267846
2026-05-10 02:00:00,2323.95,2328.28,2320.28,2327.96,940.292213
2026-05-10 03:00:00,2327.99,2333.82,2323.85,2327.93,1497.683714
2026-05-10 04:00:00,2327.93,2331.23,2326.14,2328.43,705.176086
2026-05-10 05:00:00,2328.43,2330.4,2326.67,2327.33,747.713826
2026-05-10 06:00:00,2327.34,2330.79,2327.04,2329.51,1759.839141
2026-05-10 07:00:00,2329.52,2332.0,2327.5,2327.5,938.034991
2026-05-10 08:00:00,2327.51,2332.0,2326.38,2330.14,978.22747
2026-05-10 09:00:00,2330.15,2333.59,2327.01,2328.37,1592.733834
2026-05-10 10:00:00,2328.38,2329.0,2323.52,2325.18,5422.852784
2026-05-10 11:00:00,2325.36,2327.76,2319.0,2322.32,4060.938875
2026-05-10 12:00:00,2322.32,2325.6,2320.76,2324.38,2086.852539
2026-05-10 13:00:00,2324.29,2332.26,2323.44,2330.07,1939.491784
2026-05-10 14:00:00,2330.08,2335.29,2327.16,2331.0,1740.678788
2026-05-10 15:00:00,2331.0,2351.78,2331.0,2347.78,9105.455545
2026-05-10 16:00:00,2347.82,2351.06,2340.24,2349.87,4370.019808
2026-05-10 17:00:00,2349.87,2367.89,2345.46,2364.09,9322.184778
2026-05-10 18:00:00,2364.09,2366.59,2356.6,2358.52,3950.72542
2026-05-10 19:00:00,2358.52,2367.0,2351.26,2365.81,3925.201374
2026-05-10 20:00:00,2365.81,2369.76,2311.46,2328.72,11936.068315
2026-05-10 21:00:00,2328.72,2336.93,2324.02,2330.73,3883.222809
2026-05-10 22:00:00,2330.71,2377.95,2327.78,2374.17,12328.1223
2026-05-10 23:00:00,2374.18,2382.99,2368.07,2371.4,9830.819303
2026-05-11 00:00:00,2371.4,2375.0,2344.44,2352.69,9477.469708
2026-05-11 01:00:00,2352.84,2365.92,2345.5,2358.8,3356.072933
2026-05-11 02:00:00,2358.8,2360.99,2343.53,2345.65,2353.216101
2026-05-11 03:00:00,2345.46,2345.72,2320.01,2330.53,9745.65552
2026-05-11 04:00:00,2330.68,2336.02,2326.78,2333.13,2208.10221
2026-05-11 05:00:00,2333.08,2340.5,2332.01,2335.34,1282.228253
2026-05-11 06:00:00,2335.34,2342.6,2330.4,2333.83,2362.733003
2026-05-11 07:00:00,2333.76,2333.84,2328.22,2330.86,1218.511004
2026-05-11 08:00:00,2330.86,2334.9,2326.96,2330.62,2113.468952
2026-05-11 09:00:00,2330.58,2338.63,2330.57,2335.99,965.016718
2026-05-11 10:00:00,2335.98,2339.9,2330.0,2330.0,1196.247702
2026-05-11 11:00:00,2330.01,2336.1,2327.5,2336.1,1362.21441
2026-05-11 12:00:00,2336.11,2339.14,2328.66,2329.62,15598.032574
2026-05-11 13:00:00,2329.63,2333.35,2314.51,2322.22,25407.952334
2026-05-11 14:00:00,2322.22,2329.2,2304.0,2316.37,22571.682443
2026-05-11 15:00:00,2316.36,2335.68,2313.36,2333.49,9977.384413
2026-05-11 16:00:00,2333.49,2341.57,2327.13,2329.93,5202.140149
2026-05-11 17:00:00,2329.94,2343.84,2323.75,2336.64,2795.679529
2026-05-11 18:00:00,2336.64,2344.33,2334.37,2335.65,2792.763675
2026-05-11 19:00:00,2335.65,2344.07,2332.0,2340.59,1612.762589
2026-05-11 20:00:00,2340.6,2345.45,2336.34,2337.93,3130.761545
2026-05-11 21:00:00,2337.93,2342.36,2336.29,2341.02,1162.964021
2026-05-11 22:00:00,2341.01,2345.76,2336.97,2341.33,1310.666656
2026-05-11 23:00:00,2341.31,2342.11,2335.2,2339.85,897.602065
2026-05-12 00:00:00,2339.89,2340.8,2332.08,2333.54,1743.867253
2026-05-12 01:00:00,2333.54,2335.77,2295.2,2311.26,10534.077305
2026-05-12 02:00:00,2311.25,2317.24,2307.47,2315.64,2459.902886
2026-05-12 03:00:00,2315.63,2317.28,2307.15,2309.52,1776.18105
2026-05-12 04:00:00,2309.6,2314.58,2305.16,2311.19,1501.979266
2026-05-12 05:00:00,2311.14,2314.3,2309.82,2310.5,2376.823222
2026-05-12 06:00:00,2310.51,2314.12,2302.77,2304.18,3478.20869
2026-05-12 07:00:00,2304.18,2305.16,2291.1,2295.12,9246.976607
2026-05-12 08:00:00,2295.24,2296.3,2280.08,2288.25,7672.16469
2026-05-12 09:00:00,2288.24,2295.23,2281.39,2292.59,3892.938231
2026-05-12 10:00:00,2292.79,2294.02,2281.51,2286.42,2351.468239
2026-05-12 11:00:00,2286.5,2287.58,2278.0,2287.22,9493.949735
2026-05-12 12:00:00,2287.12,2294.96,2281.42,2289.07,12526.79161
2026-05-12 13:00:00,2289.05,2292.59,2268.72,2271.98,19830.190518
2026-05-12 14:00:00,2272.07,2281.81,2262.0,2269.08,20575.642961
2026-05-12 15:00:00,2269.07,2274.5,2256.76,2262.02,21710.948383
2026-05-12 16:00:00,2262.03,2271.5,2256.24,2264.08,10163.176642
2026-05-12 17:00:00,2264.09,2278.56,2264.09,2276.69,8177.128492
2026-05-12 18:00:00,2276.69,2284.77,2274.26,2279.56,7652.051197
2026-05-12 19:00:00,2279.56,2287.81,2279.15,2285.26,14545.988726
2026-05-12 20:00:00,2285.26,2287.77,2280.89,2284.8,13259.508113
2026-05-12 21:00:00,2284.8,2287.73,2283.0,2285.38,9690.766209
2026-05-12 22:00:00,2285.38,2291.52,2282.21,2282.41,7666.727674
2026-05-12 23:00:00,2282.41,2284.25,2273.53,2275.02,3696.616667
2026-05-13 00:00:00,2275.03,2286.91,2273.34,2281.57,2210.886673
2026-05-13 01:00:00,2281.57,2295.85,2281.21,2290.08,3762.929724
2026-05-13 02:00:00,2290.08,2300.0,2287.31,2293.87,4024.899767
2026-05-13 03:00:00,2293.88,2303.57,2292.27,2301.77,3886.894048
2026-05-13 04:00:00,2301.77,2309.15,2298.48,2306.99,2419.094447
2026-05-13 05:00:00,2307.0,2307.55,2295.68,2297.81,2347.034071
2026-05-13 06:00:00,2297.81,2305.12,2297.37,2301.8,1455.738493
2026-05-13 07:00:00,2301.81,2302.86,2296.95,2301.43,1638.730923
2026-05-13 08:00:00,2301.42,2316.93,2300.51,2316.91,8200.828418
2026-05-13 09:00:00,2316.92,2323.7,2314.78,2321.06,10497.660454
2026-05-13 10:00:00,2321.06,2321.45,2305.6,2308.4,5397.111988
2026-05-13 11:00:00,2308.4,2308.84,2298.78,2301.9,6155.841098
2026-05-13 12:00:00,2301.9,2307.89,2270.42,2284.45,10788.749443
2026-05-13 13:00:00,2284.45,2288.53,2259.0,2262.46,11690.279538
2026-05-13 14:00:00,2262.46,2270.92,2251.0,2267.63,9946.989857
2026-05-13 15:00:00,2267.64,2270.4,2234.45,2236.68,11599.68356
2026-05-13 16:00:00,2236.69,2253.56,2235.48,2250.91,6052.183348
2026-05-13 17:00:00,2250.92,2261.98,2250.92,2258.5,3054.370904
2026-05-13 18:00:00,2258.61,2268.46,2258.61,2259.59,2153.13173
2026-05-13 19:00:00,2259.68,2260.95,2250.52,2256.52,1791.957078
2026-05-13 20:00:00,2256.53,2264.46,2256.53,2264.0,968.341188
2026-05-13 21:00:00,2264.06,2264.29,2253.85,2256.0,1179.882319
2026-05-13 22:00:00,2256.0,2260.65,2251.0,2259.26,1784.824095
2026-05-13 23:00:00,2259.27,2261.8,2254.44,2258.78,1633.568879
2026-05-14 00:00:00,2258.78,2269.63,2258.01,2266.69,2433.764431
2026-05-14 01:00:00,2266.69,2269.37,2259.65,2264.84,2322.098541
2026-05-14 02:00:00,2264.84,2266.86,2247.46,2251.4,9662.853417
2026-05-14 03:00:00,2251.52,2255.0,2238.59,2242.15,7272.938561
2026-05-14 04:00:00,2242.21,2258.32,2239.03,2256.51,4135.241494
2026-05-14 05:00:00,2256.69,2273.49,2255.17,2268.17,4135.021571
2026-05-14 06:00:00,2268.17,2275.09,2266.29,2267.5,6631.503439
2026-05-14 07:00:00,2267.5,2270.79,2263.6,2265.44,4246.794387
2026-05-14 08:00:00,2265.45,2271.17,2261.96,2266.44,4498.628646
2026-05-14 09:00:00,2266.48,2268.1,2252.67,2258.01,2107.228115
2026-05-14 10:00:00,2258.01,2265.44,2255.6,2262.22,2407.125888
2026-05-14 11:00:00,2262.23,2264.23,2252.7,2254.01,2897.562455
2026-05-14 12:00:00,2254.0,2263.47,2248.35,2261.59,2727.665727
2026-05-14 13:00:00,2261.59,2265.61,2248.43,2249.3,9672.721551
2026-05-14 14:00:00,2249.26,2289.5,2246.46,2286.8,11118.968913
2026-05-14 15:00:00,2286.81,2299.5,2280.37,2298.39,12162.828409
2026-05-14 16:00:00,2298.39,2318.55,2293.86,2316.13,13341.424448
2026-05-14 17:00:00,2316.12,2319.26,2296.26,2308.24,9110.830473
2026-05-14 18:00:00,2308.24,2316.79,2303.03,2309.54,5442.11783
2026-05-14 19:00:00,2309.48,2312.37,2297.51,2298.37,3428.034093
2026-05-14 20:00:00,2298.38,2301.4,2288.43,2298.07,2676.63959
2026-05-14 21:00:00,2298.07,2300.6,2290.03,2296.97,2795.462692
2026-05-14 22:00:00,2296.97,2302.13,2295.4,2298.13,1176.185266
2026-05-14 23:00:00,2298.13,2298.14,2280.62,2283.59,4269.393277
2026-05-15 00:00:00,2283.6,2300.29,2281.63,2291.3,3085.640448
2026-05-15 01:00:00,2291.25,2294.87,2273.49,2275.89,4687.761319
2026-05-15 02:00:00,2275.89,2279.55,2260.22,2276.93,7654.486977
2026-05-15 03:00:00,2276.92,2279.76,2268.26,2273.52,2663.21336
2026-05-15 04:00:00,2273.53,2274.06,2262.69,2263.3,2144.963953
2026-05-15 05:00:00,2263.3,2267.0,2237.85,2245.39,12221.656233
2026-05-15 06:00:00,2245.25,2256.98,2243.99,2255.38,3821.304855
2026-05-15 07:00:00,2255.38,2272.36,2253.81,2265.15,5970.612852
2026-05-15 08:00:00,2265.15,2265.56,2250.0,2257.57,5186.974914
2026-05-15 09:00:00,2257.63,2260.0,2250.76,2254.59,2163.663732
2026-05-15 10:00:00,2254.59,2264.39,2252.15,2262.26,2785.510784
2026-05-15 11:00:00,2262.26,2264.14,2257.45,2257.46,1727.743089
2026-05-15 12:00:00,2257.45,2260.52,2251.05,2254.17,2864.590024
2026-05-15 13:00:00,2254.16,2254.16,2210.57,2213.87,22218.245492
2026-05-15 14:00:00,2213.64,2224.02,2205.34,2213.31,15512.133072
2026-05-15 15:00:00,2213.31,2223.9,2209.86,2222.78,4582.245915
2026-05-15 16:00:00,2222.78,2231.0,2218.89,2224.65,3671.734353
2026-05-15 17:00:00,2224.65,2233.01,2224.11,2229.51,2799.916279
2026-05-15 18:00:00,2229.52,2233.24,2224.88,2228.22,4500.625276
2026-05-15 19:00:00,2228.22,2228.49,2222.22,2223.11,1742.481801
2026-05-15 20:00:00,2223.04,2225.93,2217.01,2220.02,2450.013242
2026-05-15 21:00:00,2219.99,2225.52,2215.04,2217.03,1394.50862
2026-05-15 22:00:00,2217.03,2225.0,2217.03,2223.97,855.637334
2026-05-15 23:00:00,2223.97,2226.17,2222.58,2224.51,1107.563897
2026-05-16 00:00:00,2224.64,2231.38,2223.5,2226.98,1807.56774
2026-05-16 01:00:00,2227.1,2230.56,2223.33,2229.42,1244.45702
2026-05-16 02:00:00,2229.42,2231.37,2226.75,2229.78,1366.55967
2026-05-16 03:00:00,2229.78,2230.42,2226.75,2227.49,1098.383823
2026-05-16 04:00:00,2227.5,2228.78,2217.9,2225.79,3341.932294
2026-05-16 05:00:00,2225.81,2227.05,2222.52,2225.38,791.892172
2026-05-16 06:00:00,2225.38,2226.69,2209.73,2215.55,3649.219374
2026-05-16 07:00:00,2215.56,2216.0,2181.62,2194.85,23272.254311
2026-05-16 08:00:00,2194.86,2196.86,2192.01,2193.16,3064.14657
2026-05-16 09:00:00,2193.16,2193.71,2161.75,2173.57,16265.430668
2026-05-16 10:00:00,2173.58,2175.24,2162.53,2174.09,5210.3057
2026-05-16 11:00:00,2174.09,2181.36,2174.09,2176.26,2283.187921
2026-05-16 12:00:00,2176.27,2179.5,2173.67,2176.42,1621.011499
2026-05-16 13:00:00,2176.43,2180.39,2172.45,2177.08,2102.957583
2026-05-16 14:00:00,2177.09,2188.57,2173.79,2180.04,2357.997564
2026-05-16 15:00:00,2180.04,2183.88,2177.22,2180.14,1990.894445
2026-05-16 16:00:00,2180.14,2183.63,2170.33,2174.36,3116.692135
2026-05-16 17:00:00,2174.44,2181.15,2174.27,2178.86,1049.462131
2026-05-16 18:00:00,2178.86,2185.0,2176.16,2181.43,767.272256
2026-05-16 19:00:00,2181.44,2182.97,2178.97,2179.73,1384.11932
2026-05-16 20:00:00,2179.73,2183.28,2179.73,2181.51,1950.048482
2026-05-16 21:00:00,2181.27,2183.75,2180.77,2182.71,3327.414285
2026-05-16 22:00:00,2182.7,2183.57,2179.73,2180.25,871.448495
2026-05-16 23:00:00,2180.23,2183.0,2179.16,2180.74,1257.402881
2026-05-17 00:00:00,2180.75,2185.65,2173.71,2177.66,7513.936149
2026-05-17 01:00:00,2177.67,2183.66,2168.0,2169.17,4945.407972
2026-05-17 02:00:00,2169.31,2176.21,2169.11,2174.37,1244.573456
2026-05-17 03:00:00,2174.3,2184.31,2174.11,2181.58,1901.827095
2026-05-17 04:00:00,2181.52,2189.8,2181.01,2187.31,1923.577151
2026-05-17 05:00:00,2187.32,2195.21,2185.62,2185.8,1793.185192
2026-05-17 06:00:00,2185.84,2187.98,2181.51,2185.13,927.331678
2026-05-17 07:00:00,2185.13,2188.27,2182.24,2186.64,1669.747371
2026-05-17 08:00:00,2186.57,2187.28,2182.81,2186.12,817.282323
2026-05-17 09:00:00,2186.12,2191.47,2185.86,2190.14,2140.289905
2026-05-17 10:00:00,2190.14,2198.57,2190.11,2194.28,4289.21504
2026-05-17 11:00:00,2194.28,2194.68,2188.0,2192.16,3282.671171
2026-05-17 12:00:00,2192.17,2198.39,2191.28,2194.53,2093.55486
2026-05-17 13:00:00,2194.54,2195.3,2187.72,2192.05,1559.019313
2026-05-17 14:00:00,2192.05,2192.5,2178.05,2186.62,2331.647466
2026-05-17 15:00:00,2186.61,2188.69,2181.12,2186.28,1597.312761
2026-05-17 16:00:00,2186.29,2188.99,2182.49,2182.69,1987.205989
2026-05-17 17:00:00,2182.7,2185.25,2176.52,2183.89,1757.941903
2026-05-17 18:00:00,2183.89,2188.56,2179.3,2188.54,1091.124678
2026-05-17 19:00:00,2188.55,2193.62,2187.26,2192.4,717.656512
2026-05-17 20:00:00,2192.41,2194.31,2186.68,2189.44,11584.387456
2026-05-17 21:00:00,2189.38,2195.0,2187.24,2191.75,2091.445313
2026-05-17 22:00:00,2191.74,2191.79,2173.21,2179.7,4621.106833
2026-05-17 23:00:00,2179.7,2179.89,2084.46,2130.75,50174.23532
2026-05-18 00:00:00,2130.63,2131.67,2104.71,2115.59,17089.204556
2026-05-18 01:00:00,2115.59,2121.57,2106.77,2117.63,5772.707689
2026-05-18 02:00:00,2117.72,2124.25,2112.43,2116.64,5710.705866
2026-05-18 03:00:00,2116.65,2123.62,2115.65,2118.6,4953.852095
2026-05-18 04:00:00,2118.6,2125.64,2114.3,2124.8,3032.883235
2026-05-18 05:00:00,2124.79,2125.81,2117.01,2118.45,2030.155634
2026-05-18 06:00:00,2118.38,2121.41,2110.0,2118.88,4192.830927
2026-05-18 07:00:00,2118.88,2123.52,2111.94,2120.92,5158.23624
2026-05-18 08:00:00,2120.92,2123.89,2117.28,2121.31,4052.548522
2026-05-18 09:00:00,2121.31,2121.67,2115.73,2116.86,1540.800999
2026-05-18 10:00:00,2116.87,2117.65,2112.44,2114.55,2932.968683
2026-05-18 11:00:00,2114.61,2139.84,2110.48,2133.99,6448.061139
2026-05-18 12:00:00,2133.99,2157.46,2133.83,2151.15,10087.854181
2026-05-18 13:00:00,2151.15,2151.5,2120.24,2130.98,10168.496607
2026-05-18 14:00:00,2130.89,2130.89,2097.43,2110.25,11351.394222
2026-05-18 15:00:00,2110.27,2111.31,2093.73,2107.93,9876.704879
2026-05-18 16:00:00,2107.94,2111.48,2090.36,2097.76,6570.955097
2026-05-18 17:00:00,2097.76,2110.34,2095.41,2108.03,2980.697535
2026-05-18 18:00:00,2108.03,2109.11,2077.83,2081.38,10767.763572
2026-05-18 19:00:00,2081.38,2128.5,2079.49,2124.86,11597.207257
2026-05-18 20:00:00,2125.32,2131.02,2115.02,2117.53,3365.933723
2026-05-18 21:00:00,2117.54,2142.56,2114.55,2137.33,5245.918643
2026-05-18 22:00:00,2137.34,2142.72,2130.46,2135.82,5405.069792
2026-05-18 23:00:00,2135.82,2139.08,2127.77,2130.09,1595.117098
2026-05-19 00:00:00,2130.08,2147.02,2128.35,2136.06,2899.379493
2026-05-19 01:00:00,2136.15,2138.45,2123.69,2124.93,3245.724881
2026-05-19 02:00:00,2124.92,2136.11,2119.36,2123.23,22119.174254
2026-05-19 03:00:00,2123.23,2134.97,2122.08,2131.81,27931.414992
2026-05-19 04:00:00,2131.8,2136.89,2128.1,2134.0,6472.704008
2026-05-19 05:00:00,2134.0,2137.64,2123.44,2135.33,4428.316103
2026-05-19 06:00:00,2135.34,2140.45,2132.52,2137.44,4989.45942
2026-05-19 07:00:00,2137.43,2145.0,2135.32,2140.83,3038.005855
2026-05-19 08:00:00,2140.83,2141.39,2131.01,2133.42,3770.498308
2026-05-19 09:00:00,2133.41,2134.38,2111.36,2114.36,6919.815536
2026-05-19 10:00:00,2114.36,2122.2,2107.1,2118.69,3782.19093
2026-05-19 11:00:00,2118.66,2120.55,2109.36,2110.72,5366.415752
2026-05-19 12:00:00,2110.71,2119.61,2108.75,2118.27,2783.624892
2026-05-19 13:00:00,2118.28,2127.5,2107.64,2119.07,7496.317983
2026-05-19 14:00:00,2119.12,2123.62,2093.98,2106.68,14031.701613
2026-05-19 15:00:00,2106.61,2113.87,2103.81,2110.5,3249.353467
2026-05-19 16:00:00,2110.58,2122.49,2107.15,2121.14,4260.966157
2026-05-19 17:00:00,2121.14,2125.16,2112.86,2115.77,7041.359274
2026-05-19 18:00:00,2115.78,2119.63,2110.62,2115.18,5028.191831
2026-05-19 19:00:00,2115.23,2123.06,2110.38,2113.31,2993.63266
2026-05-19 20:00:00,2113.31,2119.0,2112.26,2118.49,1431.107111
2026-05-19 21:00:00,2118.49,2120.54,2116.58,2116.98,1686.29401
2026-05-19 22:00:00,2116.95,2116.95,2102.67,2106.33,2900.858604
2026-05-19 23:00:00,2106.33,2118.67,2104.72,2112.04,4143.435958
2026-05-20 00:00:00,2112.03,2116.05,2103.36,2111.52,3335.849627
2026-05-20 01:00:00,2111.52,2119.34,2103.3,2115.19,9504.112079
2026-05-20 02:00:00,2115.19,2117.23,2106.22,2109.21,17277.164931
2026-05-20 03:00:00,2109.23,2116.44,2106.22,2111.54,2656.594921
2026-05-20 04:00:00,2111.54,2114.84,2107.12,2113.54,4347.499644
2026-05-20 05:00:00,2113.54,2130.62,2113.54,2125.74,7214.052749
2026-05-20 06:00:00,2125.73,2134.46,2125.53,2133.95,5728.351979
2026-05-20 07:00:00,2133.96,2136.44,2128.41,2129.6,2984.546602
2026-05-20 08:00:00,2129.59,2138.31,2128.6,2131.69,3964.778541
2026-05-20 09:00:00,2131.7,2132.98,2127.46,2129.34,2151.579912
2026-05-20 10:00:00,2129.35,2137.05,2129.35,2130.58,1425.506705
2026-05-20 11:00:00,2130.58,2132.0,2124.01,2128.12,2183.148078
2026-05-20 12:00:00,2128.12,2140.0,2126.81,2134.0,4692.482827
2026-05-20 13:00:00,2134.0,2135.66,2115.5,2120.69,6020.720635
2026-05-20 14:00:00,2120.7,2139.65,2113.57,2134.93,11455.175172
2026-05-20 15:00:00,2134.86,2149.0,2129.09,2136.78,13138.788102
2026-05-20 16:00:00,2136.78,2140.61,2124.0,2135.48,10819.980095
2026-05-20 17:00:00,2135.48,2149.0,2132.15,2140.6,6799.686332
2026-05-20 18:00:00,2140.59,2141.0,2131.31,2132.22,1869.019068
2026-05-20 19:00:00,2132.22,2142.02,2129.15,2139.4,1640.361565
2026-05-20 20:00:00,2139.39,2140.93,2129.4,2135.92,2821.827114
2026-05-20 21:00:00,2135.91,2138.55,2130.45,2130.62,1421.657263
2026-05-20 22:00:00,2130.62,2130.62,2118.45,2128.42,4497.740437
2026-05-20 23:00:00,2128.38,2130.7,2122.46,2129.58,1554.111923
2026-05-21 00:00:00,2129.58,2145.15,2128.5,2142.99,3591.571463
2026-05-21 01:00:00,2142.99,2157.59,2138.91,2141.11,6190.240346
2026-05-21 02:00:00,2141.12,2148.19,2139.27,2141.85,3678.565471
2026-05-21 03:00:00,2141.85,2147.48,2140.84,2146.02,1592.378649
2026-05-21 04:00:00,2145.97,2148.78,2142.5,2145.0,1424.960746
2026-05-21 05:00:00,2145.0,2148.35,2132.96,2136.49,3261.755598
2026-05-21 06:00:00,2136.5,2138.88,2127.79,2128.75,7870.968412
2026-05-21 07:00:00,2128.76,2137.15,2124.42,2135.15,11469.814297
2026-05-21 08:00:00,2135.15,2148.61,2135.13,2138.0,10837.123964
2026-05-21 09:00:00,2138.0,2140.97,2127.83,2128.1,18653.703292
2026-05-21 10:00:00,2128.1,2130.23,2110.0,2114.42,25863.338814
2026-05-21 11:00:00,2114.42,2119.99,2111.87,2115.09,71366.102262
2026-05-21 12:00:00,2115.09,2119.88,2112.02,2117.28,4240.233288
2026-05-21 13:00:00,2117.27,2124.55,2105.14,2120.49,8700.947824
2026-05-21 14:00:00,2120.49,2125.71,2110.79,2121.87,4780.397685
2026-05-21 15:00:00,2121.86,2138.32,2119.26,2132.58,6204.35972
2026-05-21 16:00:00,2132.6,2136.73,2122.53,2127.85,3061.352974
2026-05-21 17:00:00,2127.86,2153.6,2125.85,2146.76,8441.642954
2026-05-21 18:00:00,2146.76,2148.15,2121.06,2127.0,5487.882217
2026-05-21 19:00:00,2127.02,2145.65,2126.46,2142.61,3836.237879
2026-05-21 20:00:00,2142.91,2143.39,2137.01,2138.62,1681.302838
2026-05-21 21:00:00,2138.63,2140.96,2134.23,2135.61,906.542677
2026-05-21 22:00:00,2135.62,2136.96,2130.93,2131.88,1167.29198
2026-05-21 23:00:00,2131.88,2136.99,2127.28,2133.93,1269.969156
2026-05-22 00:00:00,2133.93,2135.09,2129.02,2129.23,1126.102914
2026-05-22 01:00:00,2129.24,2137.02,2125.49,2135.9,2361.153405
2026-05-22 02:00:00,2135.9,2140.0,2134.33,2137.82,1648.644848
2026-05-22 03:00:00,2137.81,2141.34,2135.09,2137.94,746.3862
2026-05-22 04:00:00,2137.94,2141.5,2132.72,2134.01,1056.160825
2026-05-22 05:00:00,2134.01,2136.1,2127.07,2129.5,2679.939122
2026-05-22 06:00:00,2129.5,2131.15,2124.12,2125.87,1878.430586
2026-05-22 07:00:00,2125.88,2132.66,2122.34,2128.9,2704.929538
2026-05-22 08:00:00,2128.9,2133.74,2120.08,2122.45,3974.626039
2026-05-22 09:00:00,2122.44,2126.0,2119.15,2124.08,3240.849755
2026-05-22 10:00:00,2124.09,2125.61,2120.94,2123.25,1987.129745
2026-05-22 11:00:00,2123.37,2130.91,2120.16,2130.69,2055.708267
2026-05-22 12:00:00,2130.7,2138.32,2129.41,2134.78,4173.162113
2026-05-22 13:00:00,2134.78,2135.69,2123.81,2130.12,5692.157865
2026-05-22 14:00:00,2130.14,2130.14,2112.5,2116.94,5287.396935
2026-05-22 15:00:00,2116.94,2125.7,2112.5,2119.6,3168.324473
2026-05-22 16:00:00,2119.61,2124.51,2118.18,2123.19,2360.3148
2026-05-22 17:00:00,2123.19,2130.09,2119.38,2119.76,3720.041712
2026-05-22 18:00:00,2119.77,2121.57,2084.44,2100.14,12581.763517
2026-05-22 19:00:00,2100.14,2103.26,2057.27,2065.75,19899.360292
2026-05-22 20:00:00,2065.75,2078.96,2064.57,2073.36,6134.337517
2026-05-22 21:00:00,2073.36,2079.68,2071.54,2078.39,2044.007456
2026-05-22 22:00:00,2078.49,2079.59,2066.5,2072.7,4309.250665
2026-05-22 23:00:00,2072.7,2077.22,2057.5,2066.08,6654.603675
2026-05-23 00:00:00,2066.09,2070.62,2052.03,2064.7,7209.073286
2026-05-23 01:00:00,2064.62,2069.99,2062.72,2069.0,1971.39131
2026-05-23 02:00:00,2068.99,2070.47,2065.0,2068.53,1550.596589
2026-05-23 03:00:00,2068.52,2072.69,2068.11,2070.92,1260.220876
2026-05-23 04:00:00,2070.92,2071.33,2065.44,2067.35,849.60862
2026-05-23 05:00:00,2067.35,2067.99,2062.0,2065.0,1462.58644
2026-05-23 06:00:00,2065.0,2065.93,2060.75,2061.96,1014.675404
2026-05-23 07:00:00,2061.95,2063.27,2008.34,2028.79,34093.012433
2026-05-23 08:00:00,2028.79,2032.24,2021.44,2030.56,8541.380561
2026-05-23 09:00:00,2030.56,2031.47,2027.06,2027.41,4199.710634
2026-05-23 10:00:00,2027.41,2033.53,2027.06,2031.62,1146.417834
2026-05-23 11:00:00,2031.64,2035.63,2030.57,2031.49,1883.613453
2026-05-23 12:00:00,2031.49,2032.1,2027.24,2030.98,1136.658263
2026-05-23 13:00:00,2030.98,2046.08,2030.98,2044.84,7911.130146
2026-05-23 14:00:00,2044.85,2065.2,2040.87,2061.3,6073.254401
2026-05-23 15:00:00,2061.31,2068.54,2055.5,2060.23,4562.694268
2026-05-23 16:00:00,2060.23,2064.96,2057.0,2061.44,2800.68003
2026-05-23 17:00:00,2061.45,2065.49,2058.88,2064.0,1567.38806
2026-05-23 18:00:00,2064.01,2083.8,2063.54,2074.01,6618.279638
2026-05-23 19:00:00,2073.98,2080.78,2069.64,2077.4,3477.986451
2026-05-23 20:00:00,2077.39,2147.0,2074.62,2146.2,29625.239196
2026-05-23 21:00:00,2146.2,2149.99,2106.07,2116.74,10740.914851
2026-05-23 22:00:00,2116.73,2120.28,2103.52,2116.72,3695.217974
2026-05-23 23:00:00,2116.71,2121.88,2114.3,2117.86,2211.500378
2026-05-24 00:00:00,2117.94,2121.4,2112.53,2119.35,1973.1779
2026-05-24 01:00:00,2119.37,2125.9,2118.16,2122.44,2413.738772
2026-05-24 02:00:00,2122.44,2125.49,2118.19,2122.54,1743.053198
2026-05-24 03:00:00,2122.53,2127.29,2116.53,2119.01,1687.249902
2026-05-24 04:00:00,2119.02,2123.71,2119.02,2120.32,790.008924
2026-05-24 05:00:00,2120.33,2121.27,2113.53,2119.77,2426.094117
2026-05-24 06:00:00,2119.74,2129.87,2117.43,2128.2,1913.129287
2026-05-24 07:00:00,2128.21,2129.79,2119.14,2120.87,3570.927817
2026-05-24 08:00:00,2120.91,2123.33,2119.03,2120.41,1939.532556
2026-05-24 09:00:00,2120.42,2124.99,2119.01,2123.5,1961.968672
2026-05-24 10:00:00,2123.5,2131.91,2119.31,2122.32,3839.110335
2026-05-24 11:00:00,2122.31,2127.62,2122.07,2126.06,1693.748547
2026-05-24 12:00:00,2126.07,2126.49,2117.15,2120.0,2209.255639
2026-05-24 13:00:00,2120.0,2121.12,2105.83,2110.25,5212.243391
2026-05-24 14:00:00,2110.28,2113.14,2079.79,2098.34,12452.433253
2026-05-24 15:00:00,2098.34,2100.29,2094.0,2095.97,1958.230493
2026-05-24 16:00:00,2095.97,2109.09,2095.2,2103.73,2959.369068
2026-05-24 17:00:00,2103.73,2106.83,2101.47,2103.02,1043.629817
2026-05-24 18:00:00,2103.02,2104.96,2097.83,2099.99,842.144356
2026-05-24 19:00:00,2099.99,2102.76,2096.18,2100.98,846.81558
2026-05-24 20:00:00,2101.04,2102.18,2091.91,2093.13,2030.640261
2026-05-24 21:00:00,2093.14,2099.07,2062.13,2070.78,6571.252664
2026-05-24 22:00:00,2070.81,2099.6,2070.51,2092.54,5552.258448
2026-05-24 23:00:00,2092.56,2106.87,2091.49,2100.0,2725.430892
2026-05-25 00:00:00,2099.97,2109.63,2099.82,2105.06,2556.496256
2026-05-25 01:00:00,2105.09,2108.28,2093.41,2094.36,1734.998177
2026-05-25 02:00:00,2094.36,2113.33,2094.36,2098.29,3224.353906
2026-05-25 03:00:00,2098.29,2100.14,2092.49,2095.6,1347.842385
2026-05-25 04:00:00,2095.6,2108.23,2092.41,2106.03,2594.440979
2026-05-25 05:00:00,2106.04,2111.63,2104.35,2108.23,2388.328823
2026-05-25 06:00:00,2108.31,2111.63,2099.53,2109.53,14368.122895
2026-05-25 07:00:00,2109.53,2117.8,2106.47,2116.31,6402.108418
2026-05-25 08:00:00,2116.32,2117.98,2111.63,2116.82,1633.258012
2026-05-25 09:00:00,2116.74,2124.56,2116.18,2116.85,2889.327607
2026-05-25 10:00:00,2116.85,2121.17,2114.61,2117.06,1478.577257
2026-05-25 11:00:00,2117.06,2120.27,2113.73,2114.83,1930.559731
2026-05-25 12:00:00,2114.84,2119.51,2112.05,2117.25,1965.621085
2026-05-25 13:00:00,2117.25,2120.0,2114.29,2116.4,1303.307439
2026-05-25 14:00:00,2116.41,2130.35,2115.51,2128.53,4863.44489
2026-05-25 15:00:00,2128.54,2138.56,2122.77,2126.95,4256.980495
2026-05-25 16:00:00,2126.9,2141.99,2124.87,2136.52,3336.214066
2026-05-25 17:00:00,2136.52,2140.86,2128.44,2128.73,3089.857155
2026-05-25 18:00:00,2128.74,2133.98,2126.91,2127.11,1180.708335
2026-05-25 19:00:00,2127.12,2127.12,2116.71,2121.5,2559.864221
2026-05-25 20:00:00,2121.49,2123.43,2107.5,2108.81,2519.100364
2026-05-25 21:00:00,2108.92,2113.25,2107.92,2110.96,1252.359461
2026-05-25 22:00:00,2110.97,2115.75,2102.52,2103.58,2336.141617
2026-05-25 23:00:00,2103.58,2114.08,2102.45,2112.92,1709.943882
2026-05-26 00:00:00,2112.92,2114.05,2085.0,2097.67,5222.389984
2026-05-26 01:00:00,2097.63,2100.55,2088.04,2094.31,3319.699895
2026-05-26 02:00:00,2094.3,2096.0,2084.75,2088.88,2778.658548
2026-05-26 03:00:00,2088.88,2094.03,2084.69,2093.37,1766.907431
2026-05-26 04:00:00,2093.37,2096.45,2088.64,2093.7,1796.585012
2026-05-26 05:00:00,2093.69,2103.57,2092.01,2100.88,2128.388586
2026-05-26 06:00:00,2100.88,2104.74,2095.01,2101.88,1992.389993
2026-05-26 07:00:00,2101.98,2102.77,2090.9,2095.39,4308.793558
2026-05-26 08:00:00,2095.39,2100.15,2095.02,2097.22,1299.914764
2026-05-26 09:00:00,2097.25,2099.77,2094.11,2096.84,1296.305122
2026-05-26 10:00:00,2096.84,2137.38,2094.32,2127.59,9745.724402
2026-05-26 11:00:00,2127.6,2130.86,2118.65,2120.85,5733.657331
2026-05-26 12:00:00,2120.85,2127.1,2111.41,2126.71,4579.265286
2026-05-26 13:00:00,2126.71,2131.52,2109.71,2125.44,5540.050436
2026-05-26 14:00:00,2125.46,2140.35,2105.82,2109.51,11402.377463
2026-05-26 15:00:00,2109.51,2112.48,2078.57,2087.61,11135.71916
2026-05-26 16:00:00,2087.61,2090.18,2073.35,2079.89,11156.129931
2026-05-26 17:00:00,2079.93,2084.19,2055.23,2070.88,12124.551643
2026-05-26 18:00:00,2070.78,2081.58,2066.54,2068.94,3830.343067
2026-05-26 19:00:00,2068.95,2077.27,2065.8,2074.5,1828.914799
2026-05-26 20:00:00,2074.68,2078.61,2073.66,2078.53,980.308985
2026-05-26 21:00:00,2078.54,2078.61,2069.27,2073.1,1658.57688
2026-05-26 22:00:00,2073.1,2076.73,2065.89,2068.84,2156.53491
2026-05-26 23:00:00,2068.84,2077.0,2068.84,2073.85,1310.598155
2026-05-27 00:00:00,2074.05,2084.59,2073.74,2083.46,2380.127924
2026-05-27 01:00:00,2083.47,2084.01,2071.77,2074.55,2127.114418
2026-05-27 02:00:00,2074.56,2076.09,2069.0,2076.06,1576.917658
2026-05-27 03:00:00,2076.14,2080.0,2068.72,2069.81,1880.474788
2026-05-27 04:00:00,2069.81,2073.33,2056.5,2072.21,3908.127839
2026-05-27 05:00:00,2072.21,2079.01,2071.59,2077.45,2195.195036
2026-05-27 06:00:00,2077.45,2081.42,2075.02,2079.79,1782.657173
2026-05-27 07:00:00,2079.8,2084.4,2075.73,2083.83,2815.187543
2026-05-27 08:00:00,2083.8,2096.59,2083.34,2084.87,5976.159052
2026-05-27 09:00:00,2084.87,2087.88,2078.42,2083.65,3656.964103
2026-05-27 10:00:00,2083.65,2088.1,2079.51,2079.57,3537.587667
2026-05-27 11:00:00,2079.58,2085.5,2078.49,2080.64,2375.177125
2026-05-27 12:00:00,2080.77,2097.39,2074.0,2078.91,5217.845823
2026-05-27 13:00:00,2078.93,2080.91,2051.96,2064.79,9862.553207
2026-05-27 14:00:00,2064.79,2072.01,2054.92,2062.75,6236.172539
2026-05-27 15:00:00,2062.7,2079.68,2061.29,2071.67,5095.167923
2026-05-27 16:00:00,2071.69,2074.56,2060.29,2070.4,3205.411526
2026-05-27 17:00:00,2070.41,2070.6,2043.76,2052.35,6480.568671
2026-05-27 18:00:00,2052.34,2057.04,2043.56,2056.81,3236.133408
2026-05-27 19:00:00,2056.86,2061.28,2054.46,2057.64,1634.398144
2026-05-27 20:00:00,2057.72,2066.12,2057.05,2063.29,2286.14632
2026-05-27 21:00:00,2063.29,2063.29,2016.0,2021.43,13129.143786
2026-05-27 22:00:00,2021.43,2035.28,2016.19,2025.78,8813.662715
2026-05-27 23:00:00,2025.77,2030.49,2018.37,2025.11,6113.165979
2026-05-28 00:00:00,2025.1,2029.33,2020.73,2028.5,3071.419673
2026-05-28 01:00:00,2028.48,2029.42,2012.61,2020.58,4125.612435
2026-05-28 02:00:00,2020.58,2022.63,2014.88,2017.82,2795.88588
2026-05-28 03:00:00,2017.82,2021.04,1968.01,1981.67,36278.689991
2026-05-28 04:00:00,1981.68,1986.49,1967.71,1982.24,13797.441003
2026-05-28 05:00:00,1982.24,1983.5,1975.47,1978.77,4343.553946
2026-05-28 06:00:00,1978.76,1984.65,1972.62,1984.29,5573.591027
2026-05-28 07:00:00,1984.29,1996.59,1982.69,1995.48,9554.080626
2026-05-28 08:00:00,1995.49,1996.59,1985.01,1988.49,3896.430079
2026-05-28 09:00:00,1988.49,1995.44,1984.61,1994.02,2124.31409
2026-05-28 10:00:00,1994.01,1998.59,1988.48,1990.25,2279.864525
2026-05-28 11:00:00,1990.25,1992.82,1986.47,1989.86,2920.024858
2026-05-28 12:00:00,1989.86,1994.73,1981.5,1992.03,2946.264792
2026-05-28 13:00:00,1992.03,1995.39,1975.46,1981.39,7584.541349
2026-05-28 14:00:00,1981.49,2002.37,1967.71,1993.7,20905.688863
2026-05-28 15:00:00,1993.71,1999.67,1983.87,1990.72,5810.780273
2026-05-28 16:00:00,1990.72,2015.16,1985.13,2013.54,6862.855264
2026-05-28 17:00:00,2013.54,2027.05,2009.19,2019.39,8149.105213
2026-05-28 18:00:00,2019.4,2030.4,2018.02,2025.03,3505.727327
2026-05-28 19:00:00,2025.03,2025.09,2014.16,2014.71,2435.670611
2026-05-28 20:00:00,2014.7,2020.25,2006.5,2014.2,3123.300009
2026-05-28 21:00:00,2014.21,2024.49,2013.6,2020.08,1974.604383
2026-05-28 22:00:00,2020.09,2023.0,2005.41,2005.67,1724.510636
2026-05-28 23:00:00,2005.67,2012.28,2005.67,2009.77,1631.013932
2026-05-29 00:00:00,2009.78,2017.22,2009.78,2012.5,1657.772752
2026-05-29 01:00:00,2012.5,2016.65,2006.01,2008.34,1470.090133
2026-05-29 02:00:00,2008.34,2010.74,1997.35,1999.25,2687.755397
2026-05-29 03:00:00,1999.29,2008.0,1999.29,2002.86,1213.197413
2026-05-29 04:00:00,2002.87,2008.51,1998.45,2008.51,1941.410535
2026-05-29 05:00:00,2008.51,2015.48,2008.19,2014.5,2418.41645
2026-05-29 06:00:00,2014.5,2021.58,2012.27,2018.22,2488.374218
2026-05-29 07:00:00,2018.23,2019.88,2003.69,2007.88,6807.527813
2026-05-29 08:00:00,2007.88,2013.99,2005.53,2006.51,3643.222946
2026-05-29 09:00:00,2006.52,2016.41,2006.1,2014.81,1489.786845
2026-05-29 10:00:00,2014.8,2014.96,2009.59,2011.05,1381.77249
2026-05-29 11:00:00,2011.05,2014.58,2002.51,2007.68,2663.247254
2026-05-29 12:00:00,2007.68,2007.68,1995.46,1999.79,4283.464062
2026-05-29 13:00:00,1999.7,2006.42,1988.41,1999.93,4943.417559
2026-05-29 14:00:00,1999.94,2004.54,1975.9,2001.98,10015.554963
2026-05-29 15:00:00,2001.98,2046.25,1999.39,2031.6,20171.607361
2026-05-29 16:00:00,2031.6,2043.0,2022.34,2040.31,6170.048859
2026-05-29 17:00:00,2040.32,2044.15,2026.17,2028.29,4052.675206
2026-05-29 18:00:00,2028.3,2031.79,2005.81,2011.6,5465.766015
2026-05-29 19:00:00,2011.61,2022.22,2004.99,2016.96,2335.014204
2026-05-29 20:00:00,2016.94,2023.61,2014.97,2018.3,2479.206398
2026-05-29 21:00:00,2018.3,2023.96,2008.43,2009.73,2167.885393
2026-05-29 22:00:00,2009.73,2017.38,2007.88,2013.96,1842.306882
2026-05-29 23:00:00,2013.97,2015.7,2007.0,2014.47,2474.748569
2026-05-30 00:00:00,2014.47,2016.5,2010.79,2014.86,1105.303469
2026-05-30 01:00:00,2014.87,2021.51,2013.65,2019.59,1909.01667
2026-05-30 02:00:00,2019.59,2021.49,2017.0,2021.48,548.231765
2026-05-30 03:00:00,2021.49,2023.54,2014.79,2016.97,1340.07411
2026-05-30 04:00:00,2016.98,2018.61,2002.0,2010.9,3158.689943
2026-05-30 05:00:00,2010.89,2019.2,2008.05,2015.9,4064.20978
2026-05-30 06:00:00,2015.91,2020.62,2012.81,2017.01,940.122184
2026-05-30 07:00:00,2017.01,2017.8,2013.6,2016.35,614.249332
2026-05-30 08:00:00,2016.35,2016.41,2013.86,2014.31,369.220461
2026-05-30 09:00:00,2014.31,2017.41,2013.81,2016.73,521.532813
2026-05-30 10:00:00,2016.74,2022.07,2016.48,2018.07,1918.944297
2026-05-30 11:00:00,2018.12,2019.21,2015.47,2017.47,496.304307
2026-05-30 12:00:00,2017.47,2020.5,2017.11,2020.0,797.957239
2026-05-30 13:00:00,2020.0,2022.57,2017.25,2020.82,1022.083977
2026-05-30 14:00:00,2020.83,2030.75,2020.41,2026.82,3798.201256
2026-05-30 15:00:00,2026.82,2032.29,2024.38,2026.9,1916.258848
2026-05-30 16:00:00,2026.9,2028.42,2024.48,2026.99,1113.937145
2026-05-30 17:00:00,2027.0,2029.19,2019.52,2027.19,1549.900651
2026-05-30 18:00:00,2027.19,2030.22,2024.4,2027.43,1137.945534
2026-05-30 19:00:00,2027.43,2029.45,2024.52,2028.84,895.932484
2026-05-30 20:00:00,2028.86,2029.82,2025.63,2027.1,905.640537
2026-05-30 21:00:00,2027.14,2031.39,2027.14,2028.34,1070.828045
2026-05-30 22:00:00,2028.34,2028.34,2020.53,2023.26,1175.648215
2026-05-30 23:00:00,2023.27,2026.34,2020.1,2022.49,860.047145
2026-05-31 00:00:00,2022.49,2027.98,2020.61,2026.91,888.88643
2026-05-31 01:00:00,2026.92,2034.35,2026.68,2029.12,1717.313817
2026-05-31 02:00:00,2029.12,2037.91,2027.81,2034.21,2824.716381
2026-05-31 03:00:00,2034.21,2036.82,2031.96,2033.32,1226.545962
2026-05-31 04:00:00,2033.33,2034.97,2031.27,2033.7,478.521805
2026-05-31 05:00:00,2033.62,2033.86,2029.16,2030.11,601.185027
2026-05-31 06:00:00,2030.12,2030.88,2028.48,2029.68,905.627609
2026-05-31 07:00:00,2029.69,2029.69,2022.6,2023.81,1661.730706
2026-05-31 08:00:00,2023.81,2029.04,2022.2,2027.67,2216.10705
2026-05-31 09:00:00,2027.66,2028.42,2018.33,2020.98,2115.633441
2026-05-31 10:00:00,2020.98,2021.68,2015.13,2021.03,2789.843837
2026-05-31 11:00:00,2021.02,2024.25,2021.0,2023.16,526.679704
2026-05-31 12:00:00,2023.16,2025.54,2019.25,2022.32,792.783756
2026-05-31 13:00:00,2022.33,2026.49,2019.66,2020.22,698.119574
2026-05-31 14:00:00,2020.22,2021.49,2006.0,2008.0,5480.385092
2026-05-31 15:00:00,2008.0,2015.2,2007.51,2010.54,6583.09691
2026-05-31 16:00:00,2010.55,2012.58,1998.5,2002.4,3664.0348
2026-05-31 17:00:00,2002.4,2007.92,1997.34,2006.12,2580.199782
2026-05-31 18:00:00,2006.14,2006.62,1999.16,2001.0,1012.603184
2026-05-31 19:00:00,2000.94,2002.79,1994.02,1999.78,1994.289773
2026-05-31 20:00:00,1999.79,2008.66,1999.79,2007.32,1668.788269
2026-05-31 21:00:00,2007.32,2014.61,2005.5,2012.42,2779.600478
2026-05-31 22:00:00,2012.5,2014.45,2004.56,2012.58,1464.618183
2026-05-31 23:00:00,2012.7,2022.99,2000.0,2007.35,3297.948035
2026-06-01 00:00:00,2007.36,2021.46,2006.19,2015.63,5808.487276
2026-06-01 01:00:00,2015.62,2017.01,1994.46,1995.1,3030.264453
2026-06-01 02:00:00,1995.09,2017.68,1991.5,2011.59,3842.902444
2026-06-01 03:00:00,2011.41,2018.2,2008.75,2009.15,2270.310048
2026-06-01 04:00:00,2009.15,2011.99,1994.04,1999.85,3126.196931
2026-06-01 05:00:00,1999.85,2001.33,1991.94,1994.6,2300.833551
2026-06-01 06:00:00,1994.6,1995.47,1980.22,1987.97,5813.077686
2026-06-01 07:00:00,1987.98,1990.56,1971.78,1976.46,8470.736445
2026-06-01 08:00:00,1976.45,1985.31,1972.0,1984.3,5263.416947
2026-06-01 09:00:00,1984.35,1990.39,1983.85,1987.73,3120.278629
2026-06-01 10:00:00,1987.73,1989.21,1981.0,1984.54,2164.173934
2026-06-01 11:00:00,1984.55,1986.93,1977.05,1981.57,2249.201689
2026-06-01 12:00:00,1981.58,1994.41,1967.4,1989.59,7335.621454
2026-06-01 13:00:00,1989.53,1990.44,1956.42,1971.39,14383.232066
2026-06-01 14:00:00,1971.5,1977.53,1964.99,1968.78,8440.728747
2026-06-01 15:00:00,1968.79,1980.4,1960.47,1968.47,7717.341514
2026-06-01 16:00:00,1968.47,1978.57,1958.68,1978.0,6250.071305
2026-06-01 17:00:00,1978.0,1996.91,1977.67,1990.65,7115.145686
2026-06-01 18:00:00,1990.5,1995.88,1983.23,1992.63,2736.177679
2026-06-01 19:00:00,1992.59,2008.71,1991.85,2004.63,3820.023686
2026-06-01 20:00:00,2004.63,2008.51,2001.01,2005.67,1684.449677
2026-06-01 21:00:00,2005.68,2009.3,1992.64,1994.58,3304.170503
2026-06-01 22:00:00,1994.57,2006.24,1984.49,2004.44,4102.52368
2026-06-01 23:00:00,2004.44,2008.75,1997.86,2006.56,3236.899791
2026-06-02 00:00:00,2006.55,2006.89,1995.03,1996.42,2210.538069
2026-06-02 01:00:00,1996.43,1999.1,1979.4,1980.26,3385.691116
2026-06-02 02:00:00,1980.25,1997.27,1963.01,1996.96,7976.191065
2026-06-02 03:00:00,1996.96,2005.0,1995.09,2003.9,3221.597182
2026-06-02 04:00:00,2003.91,2006.53,1995.65,1996.81,2552.83531
2026-06-02 05:00:00,1996.8,2001.21,1984.6,1984.92,4360.309436
2026-06-02 06:00:00,1984.92,1988.92,1978.51,1982.5,3559.703505
2026-06-02 07:00:00,1982.6,1990.13,1974.07,1981.97,4582.661295
2026-06-02 08:00:00,1981.96,1989.13,1976.71,1979.42,3608.132296
2026-06-02 09:00:00,1979.47,1980.05,1966.68,1975.38,4636.274981
2026-06-02 10:00:00,1975.39,1984.29,1971.64,1983.8,13286.178584
2026-06-02 11:00:00,1983.8,1984.26,1975.77,1978.74,6335.908926
2026-06-02 12:00:00,1978.74,1982.99,1972.43,1976.27,4606.398791
2026-06-02 13:00:00,1976.45,1981.99,1970.87,1974.43,10940.072068
2026-06-02 14:00:00,1974.43,1975.3,1925.17,1941.63,35694.632048
2026-06-02 15:00:00,1941.63,1941.98,1888.29,1915.11,44150.784022
2026-06-02 16:00:00,1915.04,1944.2,1909.76,1920.73,18782.820756
2026-06-02 17:00:00,1920.73,1931.59,1919.53,1924.35,3799.226109
2026-06-02 18:00:00,1924.35,1928.06,1903.7,1913.03,5130.707892
2026-06-02 19:00:00,1913.03,1917.83,1880.93,1912.23,13682.056799
2026-06-02 20:00:00,1912.49,1918.57,1895.72,1906.81,7602.939591
2026-06-02 21:00:00,1906.82,1911.69,1897.32,1900.48,5408.636211
2026-06-02 22:00:00,1900.48,1909.69,1862.16,1868.69,27566.674902
2026-06-02 23:00:00,1868.9,1873.65,1838.88,1859.91,30301.806764
2026-06-03 00:00:00,1859.91,1874.36,1854.78,1867.26,8501.340802
2026-06-03 01:00:00,1867.27,1870.21,1849.61,1864.64,11296.906882
2026-06-03 02:00:00,1864.64,1865.22,1851.21,1854.24,5457.010441
2026-06-03 03:00:00,1854.24,1856.95,1816.85,1828.18,21021.202582
2026-06-03 04:00:00,1828.18,1851.85,1827.67,1850.7,9087.105726
2026-06-03 05:00:00,1850.71,1875.94,1849.89,1873.47,10811.188914
2026-06-03 06:00:00,1873.46,1884.29,1870.36,1871.89,7129.395126
2026-06-03 07:00:00,1871.89,1880.55,1868.0,1878.59,7746.127582
2026-06-03 08:00:00,1878.58,1883.33,1873.16,1880.04,4566.201964
2026-06-03 09:00:00,1880.02,1886.77,1870.0,1876.34,4439.231241
2026-06-03 10:00:00,1876.34,1892.97,1875.03,1884.76,3624.54163
2026-06-03 11:00:00,1884.75,1888.38,1876.21,1878.24,3454.296275
2026-06-03 12:00:00,1878.3,1880.0,1868.06,1876.57,5202.654325
2026-06-03 13:00:00,1876.58,1879.68,1861.42,1867.56,5699.936455
2026-06-03 14:00:00,1867.56,1868.59,1852.78,1858.6,7971.961736
2026-06-03 15:00:00,1858.61,1860.14,1835.0,1837.15,13987.008776
2026-06-03 16:00:00,1837.16,1844.04,1810.96,1832.76,16200.253905
2026-06-03 17:00:00,1832.8,1839.33,1818.23,1828.31,4546.046192
2026-06-03 18:00:00,1828.31,1834.61,1821.76,1832.33,2927.305262
2026-06-03 19:00:00,1832.34,1833.79,1795.34,1803.53,13634.425159
2026-06-03 20:00:00,1803.53,1813.47,1768.11,1781.37,17169.695793
2026-06-03 21:00:00,1781.36,1850.28,1777.65,1850.28,14344.783146
2026-06-03 22:00:00,1850.28,1852.54,1822.75,1829.0,9221.78717
2026-06-03 23:00:00,1829.02,1830.82,1812.59,1813.23,5427.6986
2026-06-04 00:00:00,1813.25,1820.61,1782.46,1793.9,13028.747486
2026-06-04 01:00:00,1793.91,1801.11,1755.28,1760.28,18153.91345
2026-06-04 02:00:00,1760.13,1778.79,1717.0,1766.84,38177.552892
2026-06-04 03:00:00,1767.2,1813.04,1766.54,1809.12,18244.328768
2026-06-04 04:00:00,1809.12,1818.0,1802.45,1805.26,8574.848429
2026-06-04 05:00:00,1805.26,1805.26,1780.61,1783.95,13700.676472
2026-06-04 06:00:00,1783.94,1801.92,1782.0,1790.02,6913.2503
2026-06-04 07:00:00,1790.19,1790.77,1773.51,1777.57,9693.202345
2026-06-04 08:00:00,1777.57,1783.51,1764.06,1773.47,8941.396949
2026-06-04 09:00:00,1773.48,1774.18,1744.82,1766.37,12424.193051
2026-06-04 10:00:00,1766.51,1767.17,1730.32,1737.12,15718.966752
2026-06-04 11:00:00,1737.12,1754.86,1732.83,1751.77,8002.632796
2026-06-04 12:00:00,1751.41,1785.0,1744.4,1778.03,13514.856172
2026-06-04 13:00:00,1778.14,1790.53,1755.45,1785.72,11297.492133
2026-06-04 14:00:00,1785.72,1794.72,1766.47,1774.48,7447.16213
2026-06-04 15:00:00,1774.47,1791.41,1770.68,1776.94,7761.354336
2026-06-04 16:00:00,1777.01,1781.25,1766.25,1772.17,4990.065194
2026-06-04 17:00:00,1772.15,1776.24,1754.0,1767.94,6263.52469
2026-06-04 18:00:00,1767.94,1783.71,1760.0,1776.26,5853.946936
2026-06-04 19:00:00,1776.24,1787.32,1771.16,1776.94,4497.413764
2026-06-04 20:00:00,1777.04,1777.6,1764.6,1774.82,2901.258388
2026-06-04 21:00:00,1774.85,1782.98,1757.07,1761.2,3876.937937
2026-06-04 22:00:00,1761.19,1770.33,1752.65,1768.68,5416.908698
2026-06-04 23:00:00,1768.63,1777.04,1757.51,1770.68,3523.708753
2026-06-05 00:00:00,1770.72,1774.93,1758.79,1759.85,6940.88866
2026-06-05 01:00:00,1759.64,1764.03,1746.81,1753.47,9362.078291
2026-06-05 02:00:00,1753.44,1755.1,1727.72,1730.38,8285.167674
2026-06-05 03:00:00,1730.38,1739.5,1722.44,1729.8,9589.54317
2026-06-05 04:00:00,1729.81,1746.1,1718.63,1744.62,10127.509005
2026-06-05 05:00:00,1744.62,1747.86,1681.41,1684.36,38912.856823
2026-06-05 06:00:00,1684.36,1689.3,1622.0,1656.5,64782.840315
2026-06-05 07:00:00,1656.47,1680.31,1633.58,1679.52,26771.239704
2026-06-05 08:00:00,1679.54,1679.97,1659.4,1663.97,10229.624543
2026-06-05 09:00:00,1664.09,1690.0,1662.66,1682.72,13696.79397
2026-06-05 10:00:00,1682.72,1685.29,1672.0,1676.66,9751.48339
2026-06-05 11:00:00,1676.58,1681.59,1662.89,1663.18,10515.011578
2026-06-05 12:00:00,1663.14,1671.34,1645.91,1657.12,19646.766638
2026-06-05 13:00:00,1657.09,1677.5,1612.31,1614.62,33869.608432
2026-06-05 14:00:00,1614.62,1624.17,1590.12,1600.49,161122.829824
2026-06-05 15:00:00,1600.4,1604.39,1571.61,1582.99,51961.211886
2026-06-05 16:00:00,1582.98,1612.12,1547.21,1608.4,52417.710901
2026-06-05 17:00:00,1608.39,1612.7,1587.77,1594.05,14950.834191
2026-06-05 18:00:00,1594.2,1598.63,1545.0,1553.17,26128.283249
2026-06-05 19:00:00,1553.18,1579.96,1539.28,1573.83,27296.488471
2026-06-05 20:00:00,1573.92,1608.4,1557.31,1603.52,20926.083082
2026-06-05 21:00:00,1603.48,1619.49,1602.36,1609.67,19188.222776
2026-06-05 22:00:00,1609.82,1610.52,1589.88,1597.59,11746.719252
2026-06-05 23:00:00,1597.48,1603.99,1560.98,1583.59,15191.531067
2026-06-06 00:00:00,1583.59,1601.21,1582.68,1593.0,6776.446774
2026-06-06 01:00:00,1593.01,1596.9,1578.0,1583.17,5123.983138
2026-06-06 02:00:00,1583.06,1585.7,1566.6,1576.19,6708.711822
2026-06-06 03:00:00,1576.19,1576.44,1555.0,1563.35,9161.182827
2026-06-06 04:00:00,1563.33,1569.49,1509.58,1522.34,34778.292722
2026-06-06 05:00:00,1522.34,1568.86,1504.4,1566.57,33313.170026
2026-06-06 06:00:00,1566.58,1581.72,1555.05,1560.08,19187.500255
2026-06-06 07:00:00,1560.04,1580.25,1556.05,1575.44,10252.69385
2026-06-06 08:00:00,1575.44,1593.38,1570.06,1582.54,7669.348298
2026-06-06 09:00:00,1582.54,1588.56,1565.61,1570.56,6426.40863
2026-06-06 10:00:00,1570.57,1570.69,1535.59,1548.31,14916.019858
2026-06-06 11:00:00,1548.23,1567.5,1547.41,1558.82,6405.870427
2026-06-06 12:00:00,1558.82,1576.15,1551.52,1571.51,6726.326323
2026-06-06 13:00:00,1571.44,1573.72,1554.27,1557.37,4210.556317
2026-06-06 14:00:00,1557.37,1566.77,1556.19,1558.02,3409.342967
2026-06-06 15:00:00,1558.02,1565.98,1545.0,1560.52,5428.104077
2026-06-06 16:00:00,1560.52,1565.89,1553.17,1563.6,4052.440078
2026-06-06 17:00:00,1563.6,1566.4,1546.87,1553.45,6933.806721
2026-06-06 18:00:00,1553.45,1566.22,1550.0,1556.44,7806.37639
2026-06-06 19:00:00,1556.45,1563.51,1553.45,1554.54,2394.619181
2026-06-06 20:00:00,1554.53,1560.0,1551.02,1557.62,2801.19402
2026-06-06 21:00:00,1557.63,1565.46,1557.57,1558.09,2651.205346
2026-06-06 22:00:00,1557.96,1561.84,1551.53,1558.12,3606.742335
2026-06-06 23:00:00,1558.13,1570.0,1556.83,1569.65,4126.637627
2026-06-07 00:00:00,1569.65,1572.42,1564.03,1565.06,3314.764912
2026-06-07 01:00:00,1565.01,1596.57,1564.14,1590.18,9047.916575
2026-06-07 02:00:00,1590.18,1594.62,1582.23,1592.43,4783.728079
2026-06-07 03:00:00,1592.52,1600.9,1589.6,1594.88,4161.660768
2026-06-07 04:00:00,1594.88,1598.99,1584.66,1596.81,3164.182236
2026-06-07 05:00:00,1596.81,1609.71,1593.21,1603.93,7367.240222
2026-06-07 06:00:00,1603.82,1623.35,1598.39,1611.74,12381.091722
2026-06-07 07:00:00,1611.75,1617.28,1607.33,1615.38,6885.109888
2026-06-07 08:00:00,1615.23,1642.53,1608.54,1641.62,14458.785388
2026-06-07 09:00:00,1641.63,1648.57,1628.68,1633.36,9690.398202
2026-06-07 10:00:00,1633.36,1635.56,1624.33,1625.81,4808.640486
2026-06-07 11:00:00,1625.81,1634.39,1622.21,1630.27,4648.588137
2026-06-07 12:00:00,1630.28,1631.48,1606.67,1619.96,14647.152256
2026-06-07 13:00:00,1619.96,1623.11,1613.28,1617.32,4100.655311
2026-06-07 14:00:00,1617.31,1640.0,1616.69,1628.02,6690.439662
2026-06-07 15:00:00,1628.01,1636.25,1620.8,1630.0,4681.521728
2026-06-07 16:00:00,1630.0,1633.57,1623.21,1628.69,4466.374707
2026-06-07 17:00:00,1628.76,1637.99,1627.63,1631.11,5078.927375
2026-06-07 18:00:00,1631.12,1636.59,1628.82,1630.29,2384.752206
2026-06-07 19:00:00,1630.35,1630.48,1603.3,1613.14,10069.52526
2026-06-07 20:00:00,1613.14,1631.6,1609.35,1627.97,3845.322799
2026-06-07 21:00:00,1627.98,1634.5,1623.5,1634.46,2140.908638
2026-06-07 22:00:00,1634.5,1723.03,1629.06,1672.59,50200.388679
2026-06-07 23:00:00,1672.52,1692.12,1670.66,1690.6,8676.26118
2026-06-08 00:00:00,1690.56,1711.84,1683.33,1697.7,10413.531784
2026-06-08 01:00:00,1697.71,1700.22,1671.28,1687.44,9804.994326
2026-06-08 02:00:00,1687.62,1689.5,1677.33,1683.8,3595.693614
2026-06-08 03:00:00,1683.98,1694.36,1677.01,1679.97,5215.344497
2026-06-08 04:00:00,1679.97,1681.16,1656.17,1657.12,9115.668237
2026-06-08 05:00:00,1657.16,1659.93,1645.0,1653.71,7530.91477
2026-06-08 06:00:00,1653.71,1670.56,1652.83,1666.5,6351.351804
2026-06-08 07:00:00,1666.55,1678.99,1661.52,1673.58,6230.303508
2026-06-08 08:00:00,1673.46,1673.46,1658.79,1661.13,4641.956872
2026-06-08 09:00:00,1661.13,1672.03,1656.29,1670.89,7600.024951
2026-06-08 10:00:00,1670.89,1676.87,1661.94,1672.57,4562.850429
2026-06-08 11:00:00,1672.57,1696.8,1667.9,1683.64,10410.518112
2026-06-08 12:00:00,1683.65,1698.47,1666.59,1695.38,12537.172333
2026-06-08 13:00:00,1695.38,1697.02,1678.58,1681.63,8773.428487
2026-06-08 14:00:00,1681.69,1694.31,1676.52,1691.2,5966.508106
2026-06-08 15:00:00,1691.44,1706.17,1688.77,1691.61,11038.33549
2026-06-08 16:00:00,1691.61,1703.82,1682.47,1682.47,8451.886124
2026-06-08 17:00:00,1682.48,1688.19,1675.61,1686.74,7984.637845
2026-06-08 18:00:00,1686.74,1692.58,1678.73,1684.58,3890.795274
2026-06-08 19:00:00,1684.58,1690.51,1681.31,1684.69,7040.154138
2026-06-08 20:00:00,1684.69,1689.6,1678.85,1689.6,4338.657659
2026-06-08 21:00:00,1689.6,1714.09,1689.6,1703.44,8669.27794
2026-06-08 22:00:00,1703.44,1704.15,1688.18,1703.14,5365.156592
2026-06-08 23:00:00,1703.14,1714.39,1686.73,1690.24,6455.202731
2026-06-09 00:00:00,1690.22,1696.82,1660.0,1663.08,14089.546508
2026-06-09 01:00:00,1663.03,1674.1,1658.63,1669.08,5440.658942
2026-06-09 02:00:00,1668.96,1672.24,1654.58,1668.08,4344.508341
2026-06-09 03:00:00,1668.08,1671.58,1663.84,1669.5,2735.524196
2026-06-09 04:00:00,1669.49,1696.33,1664.45,1686.58,11048.795835
2026-06-09 05:00:00,1686.57,1695.18,1681.56,1688.39,3687.081381
2026-06-09 06:00:00,1688.4,1696.02,1683.76,1686.07,3401.071699
2026-06-09 07:00:00,1686.07,1691.89,1675.31,1680.04,7259.551244
2026-06-09 08:00:00,1680.05,1680.84,1668.43,1675.01,13268.503776
2026-06-09 09:00:00,1675.01,1680.47,1664.9,1670.54,7952.836839
2026-06-09 10:00:00,1670.55,1676.76,1666.81,1674.53,3760.689186
2026-06-09 11:00:00,1674.48,1675.5,1666.14,1671.83,3173.796358
2026-06-09 12:00:00,1671.73,1683.22,1670.98,1676.8,6937.913775
2026-06-09 13:00:00,1676.79,1680.4,1662.98,1666.66,12294.768466
2026-06-09 14:00:00,1666.74,1671.03,1633.59,1645.99,24841.67756
2026-06-09 15:00:00,1645.94,1653.99,1634.44,1636.17,8888.448235
2026-06-09 16:00:00,1636.35,1639.52,1614.19,1632.29,15381.893379
2026-06-09 17:00:00,1632.29,1650.0,1632.25,1642.93,6823.332069
2026-06-09 18:00:00,1643.04,1655.7,1640.0,1652.28,4506.621654
2026-06-09 19:00:00,1652.28,1658.68,1646.79,1657.47,5388.015143
2026-06-09 20:00:00,1657.48,1663.98,1655.41,1660.82,3402.209965
2026-06-09 21:00:00,1660.86,1661.83,1647.29,1650.38,2907.387632
2026-06-09 22:00:00,1650.39,1654.99,1639.45,1639.94,3179.934247
2026-06-09 23:00:00,1639.95,1642.77,1630.48,1639.53,3759.580662
2026-06-10 00:00:00,1639.53,1647.34,1629.47,1645.61,3413.868053
2026-06-10 01:00:00,1645.61,1647.04,1633.65,1639.09,3002.42087
2026-06-10 02:00:00,1639.14,1642.55,1621.68,1624.25,3771.95981
2026-06-10 03:00:00,1624.19,1636.57,1623.54,1630.77,2044.845207
2026-06-10 04:00:00,1630.77,1632.95,1622.42,1625.98,2063.024673
2026-06-10 05:00:00,1625.98,1629.98,1616.48,1628.06,6303.675465
2026-06-10 06:00:00,1628.09,1634.37,1622.68,1632.18,2453.464015
2026-06-10 07:00:00,1632.17,1643.96,1630.81,1640.31,4057.803296
2026-06-10 08:00:00,1640.32,1640.95,1618.28,1621.22,5522.864698
2026-06-10 09:00:00,1621.5,1626.89,1606.04,1623.87,4717.70449
2026-06-10 10:00:00,1623.87,1630.19,1618.13,1628.43,3085.302793
2026-06-10 11:00:00,1628.41,1630.34,1611.99,1620.07,5763.174783
2026-06-10 12:00:00,1620.1,1646.17,1615.81,1635.49,11507.278998
2026-06-10 13:00:00,1635.49,1668.07,1631.85,1651.79,11309.117938
2026-06-10 14:00:00,1651.8,1655.67,1637.35,1646.6,8598.582539
2026-06-10 15:00:00,1646.53,1665.21,1636.0,1658.01,13613.975572
2026-06-10 16:00:00,1658.01,1658.95,1632.4,1642.08,6554.877264
2026-06-10 17:00:00,1642.08,1647.49,1622.6,1632.47,6434.829434
2026-06-10 18:00:00,1632.47,1637.19,1622.78,1631.05,3892.548091
2026-06-10 19:00:00,1631.15,1633.57,1623.2,1630.18,3042.403239
2026-06-10 20:00:00,1630.22,1636.19,1623.33,1630.63,3326.80814
2026-06-10 21:00:00,1630.53,1630.64,1603.66,1611.59,6831.804725
2026-06-10 22:00:00,1611.42,1622.41,1604.62,1616.7,4638.769508
2026-06-10 23:00:00,1616.71,1625.48,1609.35,1621.38,3782.156248
2026-06-11 00:00:00,1621.56,1634.7,1621.56,1628.49,3835.162686
2026-06-11 01:00:00,1628.5,1647.73,1628.4,1642.96,3646.277502
2026-06-11 02:00:00,1643.05,1645.82,1630.65,1640.93,8868.099545
2026-06-11 03:00:00,1640.93,1661.51,1636.17,1653.89,8058.339434
2026-06-11 04:00:00,1653.95,1659.75,1650.0,1656.72,3054.126912
2026-06-11 05:00:00,1656.72,1656.73,1647.51,1647.95,2949.687406
2026-06-11 06:00:00,1647.93,1663.49,1646.22,1654.86,9156.664779
2026-06-11 07:00:00,1654.8,1658.4,1651.67,1654.47,3861.203993
2026-06-11 08:00:00,1654.47,1664.22,1654.44,1659.93,4905.16684
2026-06-11 09:00:00,1659.93,1662.34,1656.27,1659.07,3774.361436
2026-06-11 10:00:00,1659.11,1661.63,1654.02,1658.98,2900.207939
2026-06-11 11:00:00,1658.97,1673.5,1656.07,1666.79,6393.531957
2026-06-11 12:00:00,1666.79,1666.9,1642.48,1651.55,14165.750497
2026-06-11 13:00:00,1651.55,1659.66,1644.38,1653.41,6890.702027
2026-06-11 14:00:00,1653.34,1655.47,1638.92,1643.01,9622.10959
2026-06-11 15:00:00,1643.01,1650.84,1636.17,1645.58,4351.740887
2026-06-11 16:00:00,1645.56,1649.79,1638.23,1639.65,4040.131013
2026-06-11 17:00:00,1639.65,1693.56,1632.8,1688.8,27918.833486
2026-06-11 18:00:00,1688.61,1691.97,1677.11,1684.07,13699.056291
2026-06-11 19:00:00,1684.08,1693.73,1676.19,1681.2,6325.077279
2026-06-11 20:00:00,1681.18,1683.07,1667.25,1672.38,7749.55268
2026-06-11 21:00:00,1672.33,1683.38,1672.15,1677.19,2727.921757
2026-06-11 22:00:00,1677.19,1683.09,1675.37,1676.14,1780.828478
2026-06-11 23:00:00,1676.14,1679.26,1670.21,1673.56,2891.239594
2026-06-12 00:00:00,1673.56,1677.93,1670.0,1672.82,2643.109971
2026-06-12 01:00:00,1672.82,1672.96,1660.5,1667.2,3939.256248
2026-06-12 02:00:00,1667.2,1678.4,1666.89,1675.75,2231.779025
2026-06-12 03:00:00,1675.76,1676.55,1668.77,1673.14,1734.059129
2026-06-12 04:00:00,1673.15,1682.07,1669.26,1677.44,2415.180905
2026-06-12 05:00:00,1677.49,1677.97,1661.95,1664.22,3888.367921
2026-06-12 06:00:00,1664.26,1666.61,1652.12,1657.54,3506.170062
2026-06-12 07:00:00,1657.57,1665.82,1656.16,1662.14,3824.309747
2026-06-12 08:00:00,1662.14,1678.0,1662.08,1673.35,4317.084486
2026-06-12 09:00:00,1673.35,1685.57,1671.12,1680.12,4636.814743
2026-06-12 10:00:00,1680.13,1683.19,1671.67,1674.81,6037.413925
2026-06-12 11:00:00,1674.81,1678.51,1672.01,1673.7,1446.438105
2026-06-12 12:00:00,1673.71,1673.71,1663.0,1666.51,3247.384591
2026-06-12 13:00:00,1666.52,1668.96,1653.6,1657.67,5047.650806
2026-06-12 14:00:00,1657.69,1686.15,1656.07,1685.66,10068.410947
2026-06-12 15:00:00,1685.66,1691.0,1658.67,1660.15,14798.845518
2026-06-12 16:00:00,1660.18,1675.83,1657.4,1673.01,5573.566358
2026-06-12 17:00:00,1672.92,1678.16,1667.49,1668.85,2757.782542
2026-06-12 18:00:00,1668.9,1673.57,1663.71,1666.94,2885.856815
2026-06-12 19:00:00,1666.95,1672.39,1664.9,1665.75,1681.228063
2026-06-12 20:00:00,1665.74,1668.0,1662.08,1664.95,2234.180221
2026-06-12 21:00:00,1664.96,1668.11,1662.8,1664.23,2012.485827
2026-06-12 22:00:00,1664.16,1667.57,1661.63,1662.57,1278.597575
2026-06-12 23:00:00,1662.57,1666.61,1658.79,1666.59,1335.551508
2026-06-13 00:00:00,1666.6,1669.2,1665.37,1667.38,1873.489012
2026-06-13 01:00:00,1667.68,1676.0,1666.57,1674.23,3518.579337
2026-06-13 02:00:00,1674.24,1674.75,1665.63,1668.03,1025.632453
2026-06-13 03:00:00,1668.12,1669.86,1663.2,1665.25,1318.211644
2026-06-13 04:00:00,1665.26,1668.27,1663.68,1664.47,645.363496
2026-06-13 05:00:00,1664.47,1665.89,1662.26,1665.2,903.140448
2026-06-13 06:00:00,1665.29,1670.22,1663.76,1669.76,1358.964958
2026-06-13 07:00:00,1669.75,1677.77,1668.39,1676.37,3823.932221
2026-06-13 08:00:00,1676.31,1679.54,1673.69,1674.34,3852.405166
2026-06-13 09:00:00,1674.3,1676.23,1672.69,1673.66,3837.509874
2026-06-13 10:00:00,1673.64,1676.54,1672.69,1674.07,1199.215518
2026-06-13 11:00:00,1674.07,1678.79,1673.2,1678.45,2026.530737
2026-06-13 12:00:00,1678.46,1683.85,1676.82,1680.62,1723.251527
2026-06-13 13:00:00,1680.68,1681.57,1676.49,1677.81,6027.470769
2026-06-13 14:00:00,1677.77,1681.45,1677.38,1679.87,3898.405769
2026-06-13 15:00:00,1679.88,1686.66,1678.0,1682.19,3582.481763
2026-06-13 16:00:00,1682.19,1682.66,1670.81,1676.81,5985.368761
2026-06-13 17:00:00,1676.78,1678.56,1673.4,1674.31,1487.375778
2026-06-13 18:00:00,1674.35,1682.7,1674.18,1678.44,1136.232475
2026-06-13 19:00:00,1678.43,1680.25,1675.94,1678.12,1572.276193
2026-06-13 20:00:00,1678.45,1678.5,1675.17,1676.62,618.014671
2026-06-13 21:00:00,1676.63,1697.51,1675.0,1686.57,4379.345384
2026-06-13 22:00:00,1686.54,1686.82,1681.75,1681.75,1009.949837
2026-06-13 23:00:00,1681.75,1684.57,1678.33,1681.47,1028.1268
2026-06-14 00:00:00,1681.48,1683.59,1678.86,1682.09,1087.366729
2026-06-14 01:00:00,1682.09,1690.85,1680.4,1683.85,1887.162871
2026-06-14 02:00:00,1683.9,1685.82,1681.62,1682.33,1980.310364
2026-06-14 03:00:00,1682.32,1683.33,1679.82,1681.75,2811.772305
2026-06-14 04:00:00,1681.75,1682.71,1676.17,1677.93,1679.11876
2026-06-14 05:00:00,1677.93,1679.29,1674.02,1678.05,1241.439898
2026-06-14 06:00:00,1678.4,1682.48,1675.36,1676.59,3695.461661
2026-06-14 07:00:00,1676.6,1677.83,1673.81,1675.81,1809.185577
2026-06-14 08:00:00,1675.81,1678.77,1674.53,1675.44,1130.10533
2026-06-14 09:00:00,1675.55,1679.14,1669.07,1678.47,2865.048065
2026-06-14 10:00:00,1678.47,1678.69,1673.17,1673.2,1157.97511
2026-06-14 11:00:00,1673.2,1677.47,1672.46,1673.72,1198.694552
2026-06-14 12:00:00,1673.73,1674.66,1665.41,1667.08,2133.669478
2026-06-14 13:00:00,1667.08,1669.25,1664.55,1666.54,1924.205401
2026-06-14 14:00:00,1666.56,1670.3,1654.75,1659.83,5986.962798
2026-06-14 15:00:00,1659.82,1665.04,1659.56,1662.97,2883.339146
2026-06-14 16:00:00,1662.98,1668.61,1659.75,1661.28,3589.815659
2026-06-14 17:00:00,1661.27,1666.56,1660.78,1662.08,3435.36442
2026-06-14 18:00:00,1662.09,1663.41,1659.03,1661.96,1796.672578
2026-06-14 19:00:00,1662.06,1668.0,1661.13,1665.43,1616.097287
2026-06-14 20:00:00,1665.34,1674.25,1662.65,1670.45,3080.894746
2026-06-14 21:00:00,1670.44,1732.47,1670.0,1718.89,22111.719033
2026-06-14 22:00:00,1718.91,1729.35,1712.38,1722.74,12360.680651
2026-06-14 23:00:00,1722.75,1726.43,1716.69,1725.66,5809.1382
2026-06-15 00:00:00,1725.66,1733.0,1719.8,1720.97,8628.838505
2026-06-15 01:00:00,1720.97,1721.81,1709.81,1716.0,4687.874773
2026-06-15 02:00:00,1716.0,1726.99,1714.46,1716.84,2602.524164
2026-06-15 03:00:00,1716.85,1724.17,1715.6,1720.83,3346.013871
2026-06-15 04:00:00,1720.83,1722.25,1715.74,1717.1,3299.376823
2026-06-15 05:00:00,1717.11,1722.62,1716.0,1720.69,2186.784947
2026-06-15 06:00:00,1720.64,1723.33,1718.37,1720.05,2653.39227
2026-06-15 07:00:00,1720.06,1723.82,1716.44,1716.61,3856.121535
2026-06-15 08:00:00,1716.61,1721.92,1715.52,1720.52,2164.089795
2026-06-15 09:00:00,1720.53,1726.99,1712.37,1718.79,4807.202001
2026-06-15 10:00:00,1718.74,1750.0,1717.9,1737.73,10665.44612
2026-06-15 11:00:00,1737.73,1769.27,1734.06,1764.86,16649.216788
2026-06-15 12:00:00,1764.86,1777.93,1760.26,1777.54,10323.723244
2026-06-15 13:00:00,1777.55,1827.51,1774.44,1814.38,27200.267253
2026-06-15 14:00:00,1814.23,1818.53,1804.62,1814.38,10343.487913
2026-06-15 15:00:00,1814.37,1849.4,1813.34,1845.61,17803.665454
2026-06-15 16:00:00,1845.6,1847.22,1837.67,1842.73,10285.081858
2026-06-15 17:00:00,1842.73,1842.74,1823.68,1829.23,9670.046948
2026-06-15 18:00:00,1829.27,1835.68,1825.41,1828.13,3409.198756
2026-06-15 19:00:00,1828.13,1834.44,1811.19,1821.95,7287.261929
2026-06-15 20:00:00,1821.58,1826.52,1815.37,1816.99,3401.806941
2026-06-15 21:00:00,1817.0,1822.28,1809.34,1811.37,3087.126419
2026-06-15 22:00:00,1811.37,1813.45,1787.15,1789.62,7332.147291
2026-06-15 23:00:00,1789.51,1797.51,1782.68,1796.02,4139.978721
2026-06-16 00:00:00,1796.02,1802.78,1788.91,1789.6,3685.913976
2026-06-16 01:00:00,1789.6,1797.35,1789.13,1792.27,2048.015737
2026-06-16 02:00:00,1792.23,1794.15,1767.48,1770.16,8725.21784
2026-06-16 03:00:00,1770.17,1780.6,1764.83,1779.21,4982.107155
2026-06-16 04:00:00,1779.21,1783.31,1758.49,1760.6,6424.30856
2026-06-16 05:00:00,1760.61,1766.05,1760.59,1762.19,3966.770757
2026-06-16 06:00:00,1762.23,1774.22,1762.22,1771.64,5219.603437
2026-06-16 07:00:00,1771.67,1776.79,1769.12,1774.26,4056.930893
2026-06-16 08:00:00,1774.25,1807.99,1773.27,1803.3,11125.944518
2026-06-16 09:00:00,1803.11,1805.7,1787.14,1789.7,8347.161589
2026-06-16 10:00:00,1789.7,1800.55,1788.56,1794.14,5111.71771
2026-06-16 11:00:00,1794.08,1800.23,1790.89,1799.63,2958.988923
2026-06-16 12:00:00,1799.69,1839.5,1796.7,1814.73,15298.7949
2026-06-16 13:00:00,1814.78,1817.29,1791.51,1797.89,10321.382234
2026-06-16 14:00:00,1797.99,1805.6,1763.52,1780.66,18898.257691
2026-06-16 15:00:00,1780.54,1788.58,1775.0,1782.46,11908.376587
2026-06-16 16:00:00,1782.46,1785.66,1772.88,1778.04,4161.378036
2026-06-16 17:00:00,1778.05,1799.67,1777.26,1795.36,6090.488439
2026-06-16 18:00:00,1795.36,1809.33,1792.64,1799.44,7976.745923
2026-06-16 19:00:00,1799.45,1801.13,1790.1,1795.4,4873.179758
2026-06-16 20:00:00,1795.4,1798.72,1789.42,1797.99,2371.360151
2026-06-16 21:00:00,1798.0,1800.56,1790.62,1796.54,2046.435119
2026-06-16 22:00:00,1796.54,1799.55,1791.2,1796.34,1211.506766
2026-06-16 23:00:00,1796.34,1798.93,1791.26,1793.12,1234.398871
2026-06-17 00:00:00,1793.13,1799.1,1792.02,1794.23,2540.597898
2026-06-17 01:00:00,1794.24,1799.17,1780.0,1797.75,4945.702548
2026-06-17 02:00:00,1797.75,1810.23,1788.89,1795.67,5281.221995
2026-06-17 03:00:00,1795.68,1797.31,1787.61,1793.63,3217.55849
2026-06-17 04:00:00,1793.64,1802.5,1792.19,1794.3,1770.998235
2026-06-17 05:00:00,1794.33,1799.22,1789.13,1794.04,1514.560865
2026-06-17 06:00:00,1794.04,1797.25,1786.48,1790.47,2320.289338
2026-06-17 07:00:00,1790.49,1792.39,1779.0,1785.32,4408.365931
2026-06-17 08:00:00,1785.18,1786.48,1760.36,1765.51,6476.85567
2026-06-17 09:00:00,1765.51,1777.85,1765.04,1773.1,3389.956169
2026-06-17 10:00:00,1773.11,1776.01,1767.09,1768.45,1949.251047
2026-06-17 11:00:00,1768.46,1770.94,1759.63,1764.19,3842.116778
2026-06-17 12:00:00,1764.19,1766.13,1743.0,1759.37,9767.95034
2026-06-17 13:00:00,1759.32,1771.88,1754.89,1761.08,7320.370438
2026-06-17 14:00:00,1761.06,1765.5,1740.92,1754.88,8428.930231
2026-06-17 15:00:00,1755.06,1777.14,1751.0,1773.27,5473.076634
2026-06-17 16:00:00,1773.24,1791.66,1769.47,1771.96,6942.170942
2026-06-17 17:00:00,1772.02,1796.69,1767.47,1789.3,5602.43196
2026-06-17 18:00:00,1789.28,1789.51,1746.51,1770.25,21494.081206
2026-06-17 19:00:00,1770.21,1775.94,1729.45,1734.78,19858.229233
2026-06-17 20:00:00,1734.69,1747.99,1733.07,1747.46,5535.808487
2026-06-17 21:00:00,1747.47,1748.0,1736.49,1738.83,2886.302531
2026-06-17 22:00:00,1738.84,1746.63,1725.29,1740.26,3875.520268
2026-06-17 23:00:00,1740.26,1751.93,1740.11,1750.47,1960.050418
2026-06-18 00:00:00,1750.43,1759.58,1749.9,1752.89,2805.901335
2026-06-18 01:00:00,1752.89,1763.18,1752.76,1755.05,2904.58337
2026-06-18 02:00:00,1755.06,1759.08,1750.42,1755.86,2114.675983
2026-06-18 03:00:00,1755.91,1756.2,1741.24,1744.24,2634.86264
2026-06-18 04:00:00,1744.23,1746.08,1729.99,1730.73,5113.999971
2026-06-18 05:00:00,1730.73,1733.19,1722.31,1730.93,4842.221287
2026-06-18 06:00:00,1731.01,1737.04,1725.55,1735.48,3424.775914
2026-06-18 07:00:00,1735.62,1753.46,1732.68,1749.93,8484.39925
2026-06-18 08:00:00,1749.94,1753.69,1746.48,1747.78,3913.113364
2026-06-18 09:00:00,1747.79,1752.16,1742.53,1746.1,2348.575341
2026-06-18 10:00:00,1746.1,1753.15,1739.6,1746.97,3414.555299
2026-06-18 11:00:00,1747.01,1749.45,1739.15,1743.27,2569.539324
2026-06-18 12:00:00,1743.28,1753.17,1741.88,1750.33,2544.326461
2026-06-18 13:00:00,1750.34,1752.5,1729.12,1736.92,7201.476244
2026-06-18 14:00:00,1736.84,1745.56,1729.66,1739.96,5483.168327
2026-06-18 15:00:00,1739.97,1740.3,1679.4,1682.34,23390.849424
2026-06-18 16:00:00,1682.29,1693.15,1680.7,1686.99,9717.493213
2026-06-18 17:00:00,1687.06,1687.77,1671.63,1679.38,6874.584678
2026-06-18 18:00:00,1679.37,1689.17,1676.47,1685.26,3945.289856
2026-06-18 19:00:00,1685.27,1707.69,1682.75,1705.55,4749.496547
2026-06-18 20:00:00,1705.61,1717.46,1705.51,1710.58,3603.676683
2026-06-18 21:00:00,1710.59,1712.22,1701.87,1708.38,3568.244259
2026-06-18 22:00:00,1708.38,1708.67,1700.01,1707.0,1648.509727
2026-06-18 23:00:00,1707.0,1712.46,1703.07,1711.12,1466.743047
2026-06-19 00:00:00,1711.13,1716.3,1708.73,1713.93,2418.839555
2026-06-19 01:00:00,1713.94,1719.51,1706.27,1713.56,2282.595815
2026-06-19 02:00:00,1713.56,1715.37,1701.0,1706.95,2675.121674
2026-06-19 03:00:00,1706.95,1708.26,1682.38,1697.6,9734.475201
2026-06-19 04:00:00,1697.61,1702.99,1685.89,1689.69,3923.481278
2026-06-19 05:00:00,1689.59,1697.6,1689.44,1697.59,2604.921531
2026-06-19 06:00:00,1697.58,1703.5,1696.19,1700.37,4708.605602
2026-06-19 07:00:00,1700.34,1701.09,1690.16,1695.95,4766.411923
2026-06-19 08:00:00,1695.97,1699.12,1693.41,1697.98,2528.556379
2026-06-19 09:00:00,1697.99,1699.99,1688.75,1689.07,3511.290501
2026-06-19 10:00:00,1689.09,1694.67,1687.28,1692.55,1648.025459
2026-06-19 11:00:00,1692.55,1694.4,1688.63,1691.71,1193.604965
2026-06-19 12:00:00,1691.8,1696.0,1677.07,1695.3,5156.000832
2026-06-19 13:00:00,1695.32,1711.44,1687.87,1703.47,6592.113547
2026-06-19 14:00:00,1703.47,1709.99,1696.47,1707.02,5073.856993
2026-06-19 15:00:00,1707.03,1712.49,1698.12,1707.63,5107.168451
2026-06-19 16:00:00,1707.68,1711.88,1695.01,1696.66,3316.677923
2026-06-19 17:00:00,1696.77,1706.38,1692.54,1704.72,3354.239874
2026-06-19 18:00:00,1704.73,1705.5,1698.4,1702.77,1301.197681
2026-06-19 19:00:00,1702.78,1704.7,1698.22,1701.18,4772.534079
2026-06-19 20:00:00,1701.22,1709.48,1698.81,1708.85,1395.448811
2026-06-19 21:00:00,1708.86,1708.86,1701.4,1701.86,1024.764988
2026-06-19 22:00:00,1701.87,1710.45,1700.54,1707.61,1877.840811
2026-06-19 23:00:00,1707.65,1715.05,1704.64,1710.95,2448.471876
2026-06-20 00:00:00,1711.0,1718.28,1708.4,1708.82,3749.265993
2026-06-20 01:00:00,1708.83,1713.5,1706.77,1709.83,3322.231458
2026-06-20 02:00:00,1709.86,1710.67,1704.01,1705.01,1038.30468
2026-06-20 03:00:00,1705.01,1709.5,1704.7,1708.26,772.867055
2026-06-20 04:00:00,1708.26,1715.61,1706.67,1713.54,1999.24932
2026-06-20 05:00:00,1713.54,1733.63,1712.55,1726.19,8267.126543
2026-06-20 06:00:00,1726.19,1729.86,1724.13,1727.77,1524.142196
2026-06-20 07:00:00,1727.77,1729.5,1723.04,1725.58,2704.358197
2026-06-20 08:00:00,1725.75,1726.9,1721.37,1722.84,1919.503399
2026-06-20 09:00:00,1722.84,1730.36,1722.84,1728.49,4047.639236
2026-06-20 10:00:00,1728.5,1729.4,1725.46,1727.74,2025.817279
2026-06-20 11:00:00,1727.74,1732.29,1725.98,1727.18,2090.75617
2026-06-20 12:00:00,1727.19,1730.53,1723.7,1727.07,2706.776736
2026-06-20 13:00:00,1727.07,1727.28,1712.54,1717.46,5438.421176
2026-06-20 14:00:00,1717.45,1747.28,1708.02,1733.58,12345.64712
2026-06-20 15:00:00,1733.68,1749.84,1729.5,1740.71,9551.64037
2026-06-20 16:00:00,1740.8,1741.0,1730.83,1734.08,3033.025931
2026-06-20 17:00:00,1734.1,1734.1,1721.21,1727.0,4458.316287
2026-06-20 18:00:00,1727.0,1732.13,1726.06,1726.63,2268.343682
2026-06-20 19:00:00,1726.63,1730.33,1725.01,1729.1,11191.131124
2026-06-20 20:00:00,1729.1,1731.51,1726.28,1730.9,34089.128829
2026-06-20 21:00:00,1730.9,1738.0,1730.35,1735.42,16074.457984
2026-06-20 22:00:00,1735.41,1746.49,1733.07,1743.18,4412.398748
2026-06-20 23:00:00,1743.28,1743.8,1740.33,1740.77,2159.624825
2026-06-21 00:00:00,1740.78,1740.99,1736.23,1737.69,8371.553853
2026-06-21 01:00:00,1737.69,1740.25,1734.23,1736.78,37143.966181
2026-06-21 02:00:00,1736.76,1738.38,1735.4,1736.14,29744.421925
2026-06-21 03:00:00,1736.15,1741.92,1733.5,1737.87,15739.836544
2026-06-21 04:00:00,1737.88,1741.55,1731.55,1732.9,14213.833705
2026-06-21 05:00:00,1732.91,1737.11,1728.79,1733.36,17128.236459
2026-06-21 06:00:00,1733.35,1738.68,1732.39,1736.09,23519.422345
2026-06-21 07:00:00,1736.09,1736.4,1731.61,1732.24,55884.638358
2026-06-21 08:00:00,1732.23,1733.29,1724.04,1729.23,34476.832658
2026-06-21 09:00:00,1729.23,1734.51,1725.85,1732.89,32718.320957
2026-06-21 10:00:00,1732.89,1737.04,1730.8,1731.51,33804.519676
2026-06-21 11:00:00,1731.52,1734.99,1718.8,1725.48,10085.919979
2026-06-21 12:00:00,1725.49,1727.05,1716.89,1726.05,13297.091101
2026-06-21 13:00:00,1726.04,1728.05,1721.77,1725.04,6915.34781
2026-06-21 14:00:00,1725.04,1728.54,1721.69,1728.53,6113.38249
2026-06-21 15:00:00,1728.54,1732.62,1726.98,1730.8,8027.116576
2026-06-21 16:00:00,1730.8,1730.8,1722.14,1728.18,15823.525854
2026-06-21 17:00:00,1728.17,1731.47,1725.83,1727.23,28440.710448
2026-06-21 18:00:00,1727.22,1737.89,1721.45,1735.36,20181.088534
2026-06-21 19:00:00,1735.5,1739.34,1733.69,1734.05,14037.028365
2026-06-21 20:00:00,1734.09,1735.48,1717.27,1721.39,16470.007105
2026-06-21 21:00:00,1721.4,1724.31,1701.68,1718.51,16954.250528
2026-06-21 22:00:00,1718.5,1721.41,1708.71,1717.82,7258.242617
2026-06-21 23:00:00,1717.83,1717.83,1704.4,1707.14,12872.199707
2026-06-22 00:00:00,1707.15,1732.14,1707.14,1726.88,15097.993251
2026-06-22 01:00:00,1726.97,1759.67,1724.57,1743.81,29031.704315
2026-06-22 02:00:00,1743.81,1745.58,1737.17,1737.18,12413.822379
2026-06-22 03:00:00,1737.18,1741.16,1726.59,1730.19,19602.602769
2026-06-22 04:00:00,1730.19,1736.06,1727.61,1735.42,15290.781306
2026-06-22 05:00:00,1735.43,1739.69,1734.04,1737.14,55694.10951
2026-06-22 06:00:00,1737.14,1740.41,1733.16,1735.17,90398.605204
2026-06-22 07:00:00,1735.17,1751.52,1734.66,1746.48,77918.575692
2026-06-22 08:00:00,1746.48,1752.31,1743.6,1747.74,99613.571658
2026-06-22 09:00:00,1747.75,1750.61,1743.71,1745.89,154131.345355
2026-06-22 10:00:00,1745.9,1751.54,1745.16,1748.77,2586.411661
2026-06-22 11:00:00,1748.77,1774.65,1747.28,1767.72,10548.649794
2026-06-22 12:00:00,1767.73,1772.34,1761.01,1764.01,9462.590964
2026-06-22 13:00:00,1764.01,1780.0,1762.08,1777.71,8761.217331
2026-06-22 14:00:00,1777.73,1777.99,1750.0,1754.68,8762.857732
2026-06-22 15:00:00,1754.66,1757.9,1742.48,1744.88,6032.897874
2026-06-22 16:00:00,1744.9,1746.45,1733.33,1740.17,8073.647484
2026-06-22 17:00:00,1740.17,1743.19,1731.43,1740.95,4563.074257
2026-06-22 18:00:00,1740.96,1747.86,1729.67,1733.71,6636.489673
2026-06-22 19:00:00,1733.59,1736.89,1729.29,1734.79,4988.954042
2026-06-22 20:00:00,1734.79,1740.25,1731.26,1734.77,2662.440119
2026-06-22 21:00:00,1734.78,1737.66,1727.0,1732.91,2777.149209
2026-06-22 22:00:00,1732.96,1736.04,1717.01,1724.34,8253.288658
2026-06-22 23:00:00,1724.34,1730.46,1721.35,1728.36,3292.692705
2026-06-23 00:00:00,1728.36,1732.15,1719.79,1731.41,2450.586137
2026-06-23 01:00:00,1731.42,1736.24,1721.24,1730.51,3253.853504
2026-06-23 02:00:00,1730.68,1735.0,1726.26,1732.67,1405.031395
2026-06-23 03:00:00,1732.68,1733.12,1725.66,1729.89,2059.19155
2026-06-23 04:00:00,1729.9,1731.32,1718.16,1718.96,2781.511513
2026-06-23 05:00:00,1719.13,1721.58,1710.01,1713.61,4725.564124
2026-06-23 06:00:00,1713.48,1713.8,1680.43,1692.28,13759.533312
2026-06-23 07:00:00,1692.27,1696.5,1681.38,1682.94,8315.543777
2026-06-23 08:00:00,1682.94,1684.9,1635.0,1648.27,30882.841853
2026-06-23 09:00:00,1648.26,1654.39,1648.0,1650.95,5876.119096
2026-06-23 10:00:00,1650.86,1659.85,1649.3,1652.46,4699.141267
2026-06-23 11:00:00,1652.46,1663.8,1652.46,1660.93,6171.004844
2026-06-23 12:00:00,1660.94,1662.68,1653.76,1654.63,3394.825787
2026-06-23 13:00:00,1654.64,1664.02,1645.11,1662.94,11978.465249
2026-06-23 14:00:00,1662.88,1671.99,1657.87,1662.01,9420.489394
2026-06-23 15:00:00,1662.07,1663.44,1651.35,1659.72,4538.711685
2026-06-23 16:00:00,1659.73,1673.96,1657.79,1659.4,6336.742922
2026-06-23 17:00:00,1659.35,1664.98,1654.58,1656.79,3467.663861
2026-06-23 18:00:00,1656.87,1660.64,1649.86,1655.33,3102.664789
2026-06-23 19:00:00,1655.33,1664.0,1655.33,1662.5,3225.41202
2026-06-23 20:00:00,1662.82,1667.66,1661.17,1664.07,1554.044287
2026-06-23 21:00:00,1664.03,1668.48,1663.49,1666.89,1567.361683
2026-06-23 22:00:00,1666.87,1673.06,1663.02,1664.59,1472.996069
2026-06-23 23:00:00,1664.6,1669.55,1660.37,1667.18,2744.094107
2026-06-24 00:00:00,1667.2,1674.65,1666.92,1671.27,2349.228648
2026-06-24 01:00:00,1671.27,1680.49,1666.23,1672.81,3128.797696
2026-06-24 02:00:00,1672.81,1673.71,1663.45,1663.81,2262.602734
2026-06-24 03:00:00,1663.86,1670.0,1658.01,1666.85,2909.962207
2026-06-24 04:00:00,1666.83,1671.05,1658.33,1668.98,2026.505387
2026-06-24 05:00:00,1668.99,1679.59,1667.96,1674.53,4945.048771
2026-06-24 06:00:00,1674.54,1677.05,1670.48,1674.95,2007.534218
2026-06-24 07:00:00,1674.96,1678.79,1670.87,1673.17,2892.488638
2026-06-24 08:00:00,1673.2,1675.16,1669.26,1673.19,3280.978505
2026-06-24 09:00:00,1673.26,1673.29,1665.28,1667.05,1876.598372
2026-06-24 10:00:00,1667.03,1668.16,1662.77,1663.83,2952.902766
2026-06-24 11:00:00,1663.81,1693.69,1655.7,1679.55,10083.072014
2026-06-24 12:00:00,1679.56,1681.36,1670.51,1671.53,3607.977045
2026-06-24 13:00:00,1671.52,1672.56,1641.27,1645.4,17315.455139
2026-06-24 14:00:00,1645.51,1657.36,1638.13,1647.21,11437.821271
2026-06-24 15:00:00,1647.24,1651.3,1617.02,1618.33,15665.77733
2026-06-24 16:00:00,1618.33,1636.25,1585.0,1589.83,31512.176024
2026-06-24 17:00:00,1589.84,1597.56,1552.53,1560.51,26784.270669
2026-06-24 18:00:00,1560.56,1584.87,1556.49,1572.4,15533.431083
2026-06-24 19:00:00,1572.41,1585.38,1567.04,1584.37,6889.913801
2026-06-24 20:00:00,1584.47,1622.0,1579.73,1613.71,13003.706824
2026-06-24 21:00:00,1613.8,1621.66,1605.8,1621.18,3458.165608
2026-06-24 22:00:00,1621.23,1629.67,1613.52,1615.51,4047.540902
2026-06-24 23:00:00,1615.42,1623.64,1613.54,1622.4,2275.237394
2026-06-25 00:00:00,1622.4,1626.5,1616.3,1619.14,3231.789381
2026-06-25 01:00:00,1619.14,1624.23,1614.27,1620.72,4654.321986
2026-06-25 02:00:00,1620.73,1621.61,1615.01,1620.93,2147.964392
2026-06-25 03:00:00,1620.91,1624.29,1616.23,1619.61,2599.95711
2026-06-25 04:00:00,1619.61,1636.35,1617.13,1634.97,8424.069639
2026-06-25 05:00:00,1634.87,1652.25,1633.52,1645.81,12130.412348
2026-06-25 06:00:00,1645.82,1660.51,1644.29,1653.85,4822.360629
2026-06-25 07:00:00,1653.93,1659.88,1651.3,1657.2,4016.849099
2026-06-25 08:00:00,1657.18,1658.99,1650.89,1652.94,2002.453553
2026-06-25 09:00:00,1652.95,1655.34,1646.68,1648.89,2068.642409
2026-06-25 10:00:00,1648.82,1649.64,1633.45,1636.72,4541.207339
2026-06-25 11:00:00,1636.72,1638.99,1627.73,1633.29,7256.239588
2026-06-25 12:00:00,1633.29,1651.19,1624.56,1635.7,9622.716897
2026-06-25 13:00:00,1635.67,1640.69,1532.0,1538.06,41351.055438
2026-06-25 14:00:00,1537.99,1593.44,1537.98,1568.34,37717.645574
2026-06-25 15:00:00,1568.34,1573.45,1544.2,1569.99,14438.781943
2026-06-25 16:00:00,1570.04,1587.56,1558.15,1562.0,10348.304375
2026-06-25 17:00:00,1562.01,1575.38,1557.41,1574.83,5744.709595
2026-06-25 18:00:00,1574.89,1577.3,1560.09,1567.81,5462.992145
2026-06-25 19:00:00,1567.8,1568.0,1554.51,1559.35,3752.476279
2026-06-25 20:00:00,1559.55,1570.76,1556.85,1560.31,3242.05855
2026-06-25 21:00:00,1560.31,1583.4,1560.3,1580.79,3557.221269
2026-06-25 22:00:00,1580.68,1583.52,1566.67,1570.33,3082.760619
2026-06-25 23:00:00,1570.32,1579.85,1564.43,1567.82,3494.666916
2026-06-26 00:00:00,1567.83,1571.83,1563.71,1564.69,1704.122039
2026-06-26 01:00:00,1564.69,1568.59,1555.29,1560.08,2779.700992
2026-06-26 02:00:00,1560.08,1560.9,1519.27,1524.58,23542.647221
2026-06-26 03:00:00,1524.61,1563.63,1512.04,1557.8,20290.918621
2026-06-26 04:00:00,1557.81,1560.73,1547.62,1549.81,4072.639536
2026-06-26 05:00:00,1549.81,1559.38,1548.42,1555.68,2985.634895
2026-06-26 06:00:00,1555.69,1574.23,1543.21,1571.07,8654.786744
2026-06-26 07:00:00,1571.12,1586.47,1570.76,1580.87,16224.473456
2026-06-26 08:00:00,1580.87,1582.33,1563.61,1566.51,6466.711898
2026-06-26 09:00:00,1566.59,1567.29,1549.24,1552.82,7786.255002
2026-06-26 10:00:00,1552.92,1556.0,1544.91,1548.35,5669.874634
2026-06-26 11:00:00,1548.35,1555.15,1540.78,1545.11,17794.072476
2026-06-26 12:00:00,1545.12,1560.91,1527.41,1536.21,19171.80718
2026-06-26 13:00:00,1536.33,1571.36,1521.52,1569.53,14897.066341
2026-06-26 14:00:00,1569.56,1575.91,1553.58,1560.04,17615.645983
2026-06-26 15:00:00,1560.09,1588.56,1559.44,1580.08,11393.843809
2026-06-26 16:00:00,1580.14,1595.0,1572.3,1577.87,7033.7283
2026-06-26 17:00:00,1577.88,1589.32,1576.65,1581.98,5596.346406
2026-06-26 18:00:00,1581.91,1585.41,1570.48,1573.26,2359.595715
2026-06-26 19:00:00,1573.28,1584.19,1570.32,1574.42,3998.628471
2026-06-26 20:00:00,1574.63,1583.46,1567.36,1571.08,4355.899543
2026-06-26 21:00:00,1570.92,1579.33,1568.31,1575.15,1256.106452
2026-06-26 22:00:00,1575.16,1579.4,1569.41,1577.9,1932.036639
2026-06-26 23:00:00,1577.86,1580.92,1574.23,1578.73,1809.260417
2026-06-27 00:00:00,1578.71,1582.17,1571.54,1576.74,2335.513073
2026-06-27 01:00:00,1576.78,1577.62,1573.93,1575.74,1088.462502
2026-06-27 02:00:00,1575.74,1586.99,1574.51,1583.26,6557.995131
2026-06-27 03:00:00,1583.26,1585.29,1578.48,1580.61,1725.145931
2026-06-27 04:00:00,1580.62,1585.41,1579.2,1579.7,1047.330967
2026-06-27 05:00:00,1579.71,1581.33,1577.01,1578.79,1390.649366
2026-06-27 06:00:00,1578.79,1584.68,1575.47,1582.72,1557.097692
2026-06-27 07:00:00,1582.72,1586.48,1580.55,1585.7,1363.739489
2026-06-27 08:00:00,1585.7,1586.15,1581.8,1584.28,1621.865434
2026-06-27 09:00:00,1584.28,1585.25,1579.6,1582.81,1343.271262
2026-06-27 10:00:00,1582.81,1585.0,1582.0,1584.32,1091.532393
2026-06-27 11:00:00,1584.32,1585.39,1578.9,1584.03,13780.909709
2026-06-27 12:00:00,1583.94,1586.28,1581.3,1585.83,1450.349166
2026-06-27 13:00:00,1585.81,1593.45,1584.95,1592.17,3505.671688
2026-06-27 14:00:00,1592.13,1598.73,1589.32,1594.55,3810.511133
2026-06-27 15:00:00,1594.59,1611.11,1593.84,1605.65,6097.2655
2026-06-27 16:00:00,1605.66,1607.93,1601.54,1607.2,2224.849788
2026-06-27 17:00:00,1607.05,1607.21,1588.45,1591.51,5563.195238
2026-06-27 18:00:00,1591.51,1594.73,1589.19,1593.87,1013.431431
2026-06-27 19:00:00,1593.95,1595.31,1573.33,1578.52,6044.225462
2026-06-27 20:00:00,1578.51,1583.34,1578.43,1581.7,1769.516053
2026-06-27 21:00:00,1581.78,1585.48,1574.42,1575.19,4055.076312
2026-06-27 22:00:00,1575.19,1579.6,1562.78,1579.2,4356.27823
2026-06-27 23:00:00,1579.22,1581.43,1570.71,1574.01,1958.280752
2026-06-28 00:00:00,1573.99,1578.24,1572.69,1574.77,1399.943659
2026-06-28 01:00:00,1574.78,1577.06,1570.0,1575.39,1515.754475
2026-06-28 02:00:00,1575.39,1579.99,1569.23,1572.26,9308.604599
2026-06-28 03:00:00,1572.27,1576.49,1572.27,1575.22,889.324951
2026-06-28 04:00:00,1575.22,1577.53,1570.67,1574.47,1097.634699
2026-06-28 05:00:00,1574.48,1574.63,1564.24,1569.25,9255.039524
2026-06-28 06:00:00,1569.13,1570.52,1562.68,1567.86,1677.11208
2026-06-28 07:00:00,1567.86,1577.22,1567.85,1576.03,1483.883699
2026-06-28 08:00:00,1576.01,1585.34,1573.68,1581.45,2954.074364
2026-06-28 09:00:00,1581.46,1586.0,1578.47,1579.02,1499.428019
2026-06-28 10:00:00,1579.02,1581.47,1572.22,1577.36,1828.894747
2026-06-28 11:00:00,1577.37,1583.99,1575.75,1582.81,1542.229053
2026-06-28 12:00:00,1582.82,1589.14,1578.25,1583.63,2188.950985
2026-06-28 13:00:00,1583.6,1583.69,1575.01,1579.71,2084.549031
2026-06-28 14:00:00,1579.72,1586.28,1578.24,1581.6,1882.899979
2026-06-28 15:00:00,1581.5,1585.49,1577.3,1580.7,2344.783181
2026-06-28 16:00:00,1580.85,1582.0,1566.5,1572.81,4850.337294
2026-06-28 17:00:00,1572.8,1577.52,1563.53,1572.4,3966.889577
2026-06-28 18:00:00,1572.28,1575.25,1569.26,1571.9,1347.691478
2026-06-28 19:00:00,1571.9,1574.48,1556.7,1564.69,4814.090629
2026-06-28 20:00:00,1564.66,1576.65,1564.11,1573.39,2015.622515
2026-06-28 21:00:00,1573.39,1573.9,1559.21,1563.85,1834.253393
2026-06-28 22:00:00,1563.86,1582.26,1548.05,1557.0,8830.334455
2026-06-28 23:00:00,1556.99,1580.0,1555.05,1571.93,4180.423758
2026-06-29 00:00:00,1571.97,1574.7,1552.0,1573.23,7105.308465
2026-06-29 01:00:00,1573.29,1574.38,1560.0,1568.43,2374.966348
2026-06-29 02:00:00,1568.43,1579.04,1550.06,1576.61,6268.63588
2026-06-29 03:00:00,1576.62,1589.6,1576.62,1584.81,3954.53787
2026-06-29 04:00:00,1584.81,1585.0,1574.72,1575.55,1728.633471
2026-06-29 05:00:00,1575.55,1583.33,1562.34,1583.22,4670.864728
2026-06-29 06:00:00,1583.29,1589.0,1579.72,1582.86,3192.159427
2026-06-29 07:00:00,1582.89,1584.9,1577.65,1580.29,2102.742289
2026-06-29 08:00:00,1580.28,1582.47,1570.1,1573.01,2722.876024
2026-06-29 09:00:00,1573.01,1580.45,1570.36,1576.26,2400.44949
2026-06-29 10:00:00,1576.3,1587.11,1576.3,1578.5,2590.218999
2026-06-29 11:00:00,1578.5,1582.34,1570.41,1574.9,4401.709166
2026-06-29 12:00:00,1574.97,1597.0,1566.72,1576.23,16383.287076
2026-06-29 13:00:00,1576.24,1588.8,1565.0,1572.97,9094.886076
2026-06-29 14:00:00,1573.05,1579.25,1557.51,1573.02,8153.296888
2026-06-29 15:00:00,1573.02,1585.57,1561.54,1580.25,9855.017699
2026-06-29 16:00:00,1580.22,1587.87,1574.03,1585.33,3459.973627
2026-06-29 17:00:00,1585.25,1637.92,1585.25,1627.95,20958.870598
2026-06-29 18:00:00,1627.95,1628.83,1618.47,1621.25,3789.237925
2026-06-29 19:00:00,1621.25,1627.4,1616.37,1625.74,3142.325788
2026-06-29 20:00:00,1625.59,1626.7,1617.51,1617.82,2378.195575
2026-06-29 21:00:00,1617.79,1623.13,1612.0,1620.33,2777.009025
2026-06-29 22:00:00,1620.34,1621.99,1612.61,1612.99,1896.896766
2026-06-29 23:00:00,1613.0,1614.1,1607.86,1613.03,1979.757665
2026-06-30 00:00:00,1613.18,1614.5,1592.71,1594.67,5895.608628
2026-06-30 01:00:00,1594.74,1599.98,1589.1,1593.95,4791.608017
2026-06-30 02:00:00,1593.98,1594.13,1586.62,1590.96,2536.862259
2026-06-30 03:00:00,1590.96,1596.39,1586.66,1587.24,1738.146702
2026-06-30 04:00:00,1587.25,1591.15,1580.0,1587.96,4283.840545
2026-06-30 05:00:00,1587.96,1592.12,1585.17,1591.52,2487.891913
2026-06-30 06:00:00,1591.66,1594.81,1588.81,1593.93,2132.073201
2026-06-30 07:00:00,1593.94,1596.37,1590.11,1592.33,1623.229183
2026-06-30 08:00:00,1592.49,1594.36,1579.0,1584.07,6144.911437
2026-06-30 09:00:00,1584.06,1587.25,1581.51,1585.47,1866.328262
2026-06-30 10:00:00,1585.53,1587.09,1582.27,1584.61,1371.389086
2026-06-30 11:00:00,1584.57,1586.33,1575.94,1578.59,3636.321393
2026-06-30 12:00:00,1578.54,1578.6,1552.0,1552.91,11254.300508
2026-06-30 13:00:00,1552.9,1567.84,1550.47,1567.43,11886.872736
2026-06-30 14:00:00,1567.42,1578.24,1561.3,1563.59,9811.731652
2026-06-30 15:00:00,1563.59,1577.0,1557.28,1565.41,6840.71671
2026-06-30 16:00:00,1565.41,1575.03,1562.0,1572.56,3445.714636
2026-06-30 17:00:00,1572.57,1577.4,1568.67,1570.99,2505.161428
2026-06-30 18:00:00,1570.99,1582.26,1569.51,1579.02,3266.948289
2026-06-30 19:00:00,1579.02,1581.99,1575.72,1580.74,2445.661955
2026-06-30 20:00:00,1580.73,1583.16,1573.13,1576.01,2139.942399
2026-06-30 21:00:00,1576.01,1577.4,1570.01,1571.82,1635.652092
2026-06-30 22:00:00,1571.85,1575.47,1566.87,1567.73,1615.084847
2026-06-30 23:00:00,1567.74,1572.9,1565.76,1572.04,1903.671439
2026-07-01 00:00:00,1572.14,1576.99,1566.08,1574.89,2369.787468
2026-07-01 01:00:00,1574.95,1586.43,1552.8,1577.86,12780.625235
2026-07-01 02:00:00,1577.86,1589.46,1574.34,1586.25,6047.792874
2026-07-01 03:00:00,1586.24,1599.17,1582.41,1594.69,6913.196424
2026-07-01 04:00:00,1594.67,1604.0,1590.8,1599.47,6470.275471
2026-07-01 05:00:00,1599.48,1601.0,1591.0,1592.63,4552.477617
2026-07-01 06:00:00,1592.68,1593.15,1571.43,1576.18,9763.665395
2026-07-01 07:00:00,1576.24,1581.27,1572.35,1578.46,9277.729252
2026-07-01 08:00:00,1578.45,1582.34,1568.43,1582.34,4557.566519
2026-07-01 09:00:00,1582.35,1585.34,1578.59,1581.16,3252.737524
2026-07-01 10:00:00,1581.16,1581.72,1572.09,1573.25,2763.353414
2026-07-01 11:00:00,1573.48,1576.13,1566.4,1570.0,2153.466754
2026-07-01 12:00:00,1570.03,1572.81,1565.19,1570.0,5308.19141
2026-07-01 13:00:00,1570.23,1598.18,1569.74,1597.31,10681.501166
2026-07-01 14:00:00,1597.2,1617.39,1591.23,1601.34,13342.267451
2026-07-01 15:00:00,1601.16,1631.27,1600.87,1620.15,16799.408065
2026-07-01 16:00:00,1620.07,1629.68,1612.73,1614.5,11770.004888
2026-07-01 17:00:00,1614.5,1624.95,1607.25,1622.82,4588.814839
2026-07-01 18:00:00,1622.88,1624.6,1612.23,1616.67,4043.665445
2026-07-01 19:00:00,1616.59,1624.3,1614.77,1618.2,2245.489544
2026-07-01 20:00:00,1618.17,1620.71,1610.48,1617.82,2944.432723
2026-07-01 21:00:00,1617.85,1639.0,1617.6,1632.03,6450.009758
2026-07-01 22:00:00,1632.03,1646.26,1620.19,1621.79,9732.459772
2026-07-01 23:00:00,1621.79,1621.79,1608.42,1609.65,4376.466991
2026-07-02 00:00:00,1609.74,1609.97,1597.25,1603.57,5221.693788
2026-07-02 01:00:00,1603.59,1625.0,1602.55,1620.49,4221.63447
2026-07-02 02:00:00,1620.52,1624.59,1614.7,1620.87,2437.205104
2026-07-02 03:00:00,1621.0,1642.6,1618.26,1639.56,7427.828292
2026-07-02 04:00:00,1639.61,1640.12,1630.48,1632.76,3285.646955
2026-07-02 05:00:00,1632.76,1635.0,1625.41,1626.79,3804.773435
2026-07-02 06:00:00,1626.8,1629.99,1617.79,1619.17,4651.133149
2026-07-02 07:00:00,1619.13,1620.25,1614.54,1616.07,7789.877763
2026-07-02 08:00:00,1616.1,1626.41,1615.16,1625.13,5694.385859
2026-07-02 09:00:00,1625.01,1651.83,1620.56,1643.21,17189.085283
2026-07-02 10:00:00,1643.21,1649.57,1641.45,1646.44,5005.394621
2026-07-02 11:00:00,1646.56,1655.0,1644.6,1650.4,5814.107853
2026-07-02 12:00:00,1650.2,1670.0,1647.61,1662.69,15886.079931
2026-07-02 13:00:00,1662.76,1714.0,1661.0,1710.76,35071.117108
2026-07-02 14:00:00,1710.8,1724.88,1691.06,1701.61,27157.304761
2026-07-02 15:00:00,1701.67,1703.75,1688.8,1697.2,9476.862697
2026-07-02 16:00:00,1697.21,1704.06,1686.75,1699.64,9028.981935
2026-07-02 17:00:00,1699.64,1705.56,1694.41,1695.74,3620.222482
2026-07-02 18:00:00,1695.75,1707.85,1695.26,1702.1,3262.820281
2026-07-02 19:00:00,1702.12,1705.52,1694.65,1700.03,3480.310029
2026-07-02 20:00:00,1699.97,1706.66,1696.11,1705.71,3383.620427
2026-07-02 21:00:00,1705.72,1706.15,1697.02,1700.1,2494.431479
2026-07-02 22:00:00,1700.09,1700.9,1694.09,1696.79,1487.514673
2026-07-02 23:00:00,1696.66,1701.8,1692.04,1700.7,1548.575561
2026-07-03 00:00:00,1700.6,1703.06,1694.66,1696.88,2054.525672
2026-07-03 01:00:00,1696.88,1718.92,1695.43,1712.39,5862.930427
2026-07-03 02:00:00,1712.4,1715.5,1696.37,1704.84,3421.16659
2026-07-03 03:00:00,1704.84,1712.13,1699.47,1706.55,3539.174786
2026-07-03 04:00:00,1706.58,1708.7,1702.6,1703.5,10958.007263
2026-07-03 05:00:00,1703.51,1722.0,1702.57,1715.04,6680.505244
2026-07-03 06:00:00,1715.05,1721.5,1713.16,1716.25,3693.271966
2026-07-03 07:00:00,1716.25,1722.24,1714.14,1718.02,6562.098111
2026-07-03 08:00:00,1718.01,1734.93,1715.86,1720.0,7402.371628
2026-07-03 09:00:00,1719.93,1731.33,1717.17,1726.42,3626.597258
2026-07-03 10:00:00,1726.41,1749.0,1726.25,1742.39,9497.162896
2026-07-03 11:00:00,1742.27,1747.99,1737.4,1742.45,4293.394062
2026-07-03 12:00:00,1742.5,1745.11,1731.54,1736.56,3679.821015
2026-07-03 13:00:00,1736.64,1753.48,1736.2,1748.37,6922.011961
2026-07-03 14:00:00,1748.38,1748.38,1729.15,1737.48,6203.841372
2026-07-03 15:00:00,1737.48,1746.0,1729.3,1731.3,5805.894078
2026-07-03 16:00:00,1731.3,1735.56,1728.0,1733.69,2454.706076
2026-07-03 17:00:00,1733.7,1742.08,1732.4,1738.38,2384.47169
2026-07-03 18:00:00,1738.4,1741.32,1736.26,1738.96,1187.15665
2026-07-03 19:00:00,1738.97,1753.21,1737.38,1745.41,5295.074208
2026-07-03 20:00:00,1745.41,1773.89,1743.66,1766.34,10360.885544
2026-07-03 21:00:00,1766.21,1775.86,1757.01,1763.31,5161.292481
2026-07-03 22:00:00,1763.35,1764.31,1756.15,1757.46,2020.507732
2026-07-03 23:00:00,1757.46,1762.03,1755.41,1758.18,1103.820283
2026-07-04 00:00:00,1758.13,1764.07,1756.5,1758.61,1938.680802
2026-07-04 01:00:00,1758.61,1758.61,1746.01,1747.93,9960.247973
2026-07-04 02:00:00,1747.9,1751.05,1744.39,1749.41,8458.861787
2026-07-04 03:00:00,1749.42,1756.58,1747.17,1753.79,1703.429404
2026-07-04 04:00:00,1753.79,1764.53,1752.04,1761.8,2364.66672
2026-07-04 05:00:00,1761.8,1761.8,1753.09,1756.0,3755.517149
2026-07-04 06:00:00,1755.99,1761.21,1751.57,1754.84,1423.42942
2026-07-04 07:00:00,1754.84,1759.5,1752.76,1757.99,4159.874208
2026-07-04 08:00:00,1758.02,1765.77,1757.28,1762.3,2947.543582
2026-07-04 09:00:00,1762.3,1763.13,1754.89,1758.06,3395.512031
2026-07-04 10:00:00,1758.06,1761.02,1756.88,1759.21,1015.598774
2026-07-04 11:00:00,1759.1,1760.39,1756.28,1758.04,997.613583
2026-07-04 12:00:00,1758.03,1766.49,1758.03,1764.42,2301.510582
2026-07-04 13:00:00,1764.47,1778.62,1761.57,1764.07,4723.158472
2026-07-04 14:00:00,1763.95,1774.84,1763.85,1772.43,2143.224977
2026-07-04 15:00:00,1772.43,1800.0,1772.41,1791.38,17403.106266
2026-07-04 16:00:00,1791.3,1792.37,1783.46,1787.16,3662.631605
2026-07-04 17:00:00,1787.15,1808.2,1779.14,1799.63,9680.406279
2026-07-04 18:00:00,1799.74,1806.0,1791.73,1793.88,2791.346082
2026-07-04 19:00:00,1793.89,1797.95,1788.58,1792.62,1594.370125
2026-07-04 20:00:00,1792.63,1796.09,1783.86,1787.18,1752.280595
2026-07-04 21:00:00,1787.18,1795.0,1786.29,1789.31,1321.969342
2026-07-04 22:00:00,1789.25,1789.49,1782.06,1784.77,1199.031453
2026-07-04 23:00:00,1784.78,1785.73,1772.38,1780.64,4067.446798
2026-07-05 00:00:00,1780.66,1780.9,1769.09,1772.65,2792.120354
2026-07-05 01:00:00,1772.66,1774.57,1761.22,1766.48,4885.691398
2026-07-05 02:00:00,1766.51,1767.93,1756.89,1760.61,4153.56113
2026-07-05 03:00:00,1760.62,1763.99,1757.74,1761.52,1834.911549
2026-07-05 04:00:00,1761.52,1773.09,1760.07,1767.47,3308.406288
2026-07-05 05:00:00,1767.51,1767.94,1760.51,1766.19,2083.131956
2026-07-05 06:00:00,1766.2,1768.1,1762.07,1764.91,1554.209991
2026-07-05 07:00:00,1764.72,1772.17,1762.01,1769.88,2543.083746
2026-07-05 08:00:00,1769.88,1773.07,1766.61,1767.62,1190.860047
2026-07-05 09:00:00,1767.62,1767.99,1748.11,1758.12,6368.143391
2026-07-05 10:00:00,1758.02,1762.19,1755.0,1761.61,3155.663003
2026-07-05 11:00:00,1761.61,1765.43,1758.73,1760.32,2958.113383
2026-07-05 12:00:00,1760.32,1769.53,1756.42,1765.02,1948.445117
2026-07-05 13:00:00,1765.03,1767.78,1761.16,1766.42,1695.455135
2026-07-05 14:00:00,1766.42,1772.9,1765.0,1772.44,2241.738619
2026-07-05 15:00:00,1772.58,1782.0,1770.29,1774.84,4858.268786
2026-07-05 16:00:00,1774.85,1777.67,1770.28,1772.92,2228.207665
2026-07-05 17:00:00,1772.91,1786.0,1772.91,1779.45,4298.37859
2026-07-05 18:00:00,1779.4,1787.42,1777.96,1781.51,2043.37129
2026-07-05 19:00:00,1781.3,1784.77,1777.89,1781.6,764.068341
2026-07-05 20:00:00,1781.6,1783.75,1776.34,1777.42,1382.790259
2026-07-05 21:00:00,1777.43,1793.33,1768.4,1786.88,4867.681296
2026-07-05 22:00:00,1786.88,1808.18,1784.27,1789.97,9961.728157
2026-07-05 23:00:00,1789.89,1802.58,1782.67,1785.77,4713.511474
2026-07-06 00:00:00,1785.97,1794.1,1774.69,1793.47,5333.121109
2026-07-06 01:00:00,1793.45,1799.0,1785.27,1786.27,2476.569449
2026-07-06 02:00:00,1786.28,1790.45,1779.45,1783.82,2593.125651
2026-07-06 03:00:00,1783.75,1785.2,1771.79,1779.96,4236.613577
2026-07-06 04:00:00,1779.85,1785.26,1776.36,1778.07,2711.693719
2026-07-06 05:00:00,1777.87,1778.58,1765.01,1774.06,4557.316093
2026-07-06 06:00:00,1774.25,1775.48,1769.17,1769.51,2343.247206
2026-07-06 07:00:00,1769.5,1775.45,1766.98,1772.39,5187.310932
2026-07-06 08:00:00,1772.39,1778.68,1762.92,1765.8,2535.853287
2026-07-06 09:00:00,1765.76,1766.27,1756.0,1758.79,3473.903679
2026-07-06 10:00:00,1758.8,1774.14,1758.08,1771.25,10171.135757
2026-07-06 11:00:00,1771.25,1775.56,1759.47,1759.88,11316.748777
2026-07-06 12:00:00,1759.57,1760.94,1735.0,1740.78,55763.75527
2026-07-06 13:00:00,1740.78,1753.5,1728.86,1744.9,250917.754677
2026-07-06 14:00:00,1744.9,1763.0,1741.94,1751.83,333572.482169
2026-07-06 15:00:00,1751.84,1789.18,1751.48,1788.56,399683.000707
2026-07-06 16:00:00,1788.56,1804.94,1782.42,1792.65,25043.812187
2026-07-06 17:00:00,1792.66,1800.63,1787.34,1788.33,5896.91876
2026-07-06 18:00:00,1788.34,1796.58,1786.45,1792.84,3753.940498
2026-07-06 19:00:00,1792.83,1798.99,1791.1,1792.52,3618.344597
2026-07-06 20:00:00,1792.53,1796.43,1787.18,1793.07,3498.084116
2026-07-06 21:00:00,1793.07,1834.0,1792.54,1815.26,26734.589832
2026-07-06 22:00:00,1815.31,1817.0,1804.49,1806.22,17096.531557
2026-07-06 23:00:00,1806.18,1810.16,1797.35,1799.63,3789.214831
2026-07-07 00:00:00,1799.57,1810.18,1795.0,1803.52,5749.742452
2026-07-07 01:00:00,1803.64,1803.64,1788.15,1792.41,5423.090668
2026-07-07 02:00:00,1792.41,1794.5,1777.02,1778.41,5254.746297
2026-07-07 03:00:00,1778.49,1781.81,1769.0,1771.46,3881.964838
2026-07-07 04:00:00,1771.46,1773.8,1762.32,1766.54,3176.708469
2026-07-07 05:00:00,1766.56,1774.0,1757.62,1770.71,4184.538534
2026-07-07 06:00:00,1770.7,1782.56,1764.82,1779.08,5043.315685
2026-07-07 07:00:00,1779.17,1782.56,1770.86,1771.29,3621.529951
2026-07-07 08:00:00,1771.28,1775.59,1768.33,1770.63,4279.259912
2026-07-07 09:00:00,1770.62,1784.68,1768.56,1778.09,3339.292622
2026-07-07 10:00:00,1778.09,1784.95,1774.32,1775.94,3378.61879
2026-07-07 11:00:00,1775.96,1785.0,1771.66,1780.85,3265.662984
2026-07-07 12:00:00,1780.88,1794.63,1780.11,1781.97,5726.414974
2026-07-07 13:00:00,1781.99,1783.38,1766.21,1769.01,8669.601029
2026-07-07 14:00:00,1769.04,1793.0,1760.93,1789.35,12591.088048
2026-07-07 15:00:00,1789.35,1803.03,1782.98,1797.56,8644.461733
2026-07-07 16:00:00,1797.56,1813.2,1792.46,1802.26,7236.353386
2026-07-07 17:00:00,1802.34,1810.57,1798.45,1810.4,5042.441403
2026-07-07 18:00:00,1810.29,1810.44,1785.54,1786.41,5991.883275
2026-07-07 19:00:00,1786.34,1792.44,1773.58,1790.58,6949.68196
2026-07-07 20:00:00,1790.71,1793.27,1781.57,1784.24,2359.946566
2026-07-07 21:00:00,1784.24,1789.54,1771.13,1773.72,5591.566932
2026-07-07 22:00:00,1773.62,1778.57,1765.58,1775.52,4418.933341
2026-07-07 23:00:00,1775.51,1781.24,1768.36,1771.44,2925.16137
2026-07-08 00:00:00,1771.47,1785.58,1769.96,1780.4,4845.864727
2026-07-08 01:00:00,1780.42,1780.92,1750.06,1755.92,7685.508849
2026-07-08 02:00:00,1755.9,1760.0,1741.74,1757.87,7457.232995
2026-07-08 03:00:00,1757.88,1763.94,1749.17,1751.78,3763.255863
2026-07-08 04:00:00,1751.81,1758.05,1749.24,1756.3,2121.253887
2026-07-08 05:00:00,1756.31,1759.57,1750.47,1754.26,2687.01279
2026-07-08 06:00:00,1754.2,1755.32,1746.31,1751.75,2934.244842
2026-07-08 07:00:00,1751.76,1757.49,1745.0,1756.8,6327.763521
2026-07-08 08:00:00,1756.81,1758.75,1725.0,1735.45,14784.887081
2026-07-08 09:00:00,1735.47,1740.8,1730.31,1736.3,4590.072296
2026-07-08 10:00:00,1736.39,1742.45,1732.66,1739.47,3827.302055
2026-07-08 11:00:00,1739.48,1751.56,1735.72,1748.09,10168.263079
2026-07-08 12:00:00,1748.0,1751.38,1737.96,1738.51,16625.669591
2026-07-08 13:00:00,1738.52,1744.42,1731.21,1737.83,43447.731858
2026-07-08 14:00:00,1737.61,1741.07,1722.64,1729.78,50527.875153
2026-07-08 15:00:00,1729.78,1730.73,1713.46,1722.85,63780.957899
2026-07-08 16:00:00,1722.85,1738.33,1722.75,1736.4,5467.468229
2026-07-08 17:00:00,1736.57,1746.65,1731.0,1733.22,4560.147201
2026-07-08 18:00:00,1733.02,1741.07,1729.9,1737.32,3062.914047
2026-07-08 19:00:00,1737.32,1741.57,1733.63,1741.14,1788.236723
2026-07-08 20:00:00,1741.06,1741.57,1734.53,1736.6,2328.183831
2026-07-08 21:00:00,1736.6,1739.99,1731.5,1738.07,1766.936895
2026-07-08 22:00:00,1738.07,1743.91,1736.73,1741.35,3712.426894
2026-07-08 23:00:00,1741.26,1745.26,1738.93,1743.5,5098.098751
2026-07-09 00:00:00,1743.49,1744.71,1736.96,1738.3,1671.651468
2026-07-09 01:00:00,1738.29,1757.08,1730.33,1731.84,7155.21686
2026-07-09 02:00:00,1731.77,1739.39,1723.48,1727.26,2896.429634
2026-07-09 03:00:00,1727.26,1734.48,1721.67,1730.58,2559.966354
2026-07-09 04:00:00,1730.58,1743.72,1730.28,1742.42,3372.775835
2026-07-09 05:00:00,1742.4,1749.51,1737.6,1749.4,3854.288601
2026-07-09 06:00:00,1749.39,1755.66,1746.0,1755.31,4336.364234
2026-07-09 07:00:00,1755.17,1762.66,1750.57,1753.29,4591.384775
2026-07-09 08:00:00,1753.3,1758.74,1750.8,1754.3,1701.840685
2026-07-09 09:00:00,1754.31,1756.41,1749.4,1755.7,1600.86637
2026-07-09 10:00:00,1755.7,1757.43,1744.04,1746.27,2306.834032
2026-07-09 11:00:00,1746.31,1748.38,1741.33,1744.07,2400.555131
2026-07-09 12:00:00,1744.15,1747.4,1735.06,1741.77,10107.092147
2026-07-09 13:00:00,1741.78,1752.19,1736.0,1747.06,4236.424167
2026-07-09 14:00:00,1747.12,1749.96,1733.33,1743.18,5064.373968
2026-07-09 15:00:00,1743.19,1749.39,1737.35,1739.48,3570.296097
2026-07-09 16:00:00,1739.49,1743.99,1732.01,1739.1,2575.552378
2026-07-09 17:00:00,1739.1,1752.49,1738.42,1748.53,3460.171304
2026-07-09 18:00:00,1748.52,1759.68,1747.44,1751.44,4083.765233
2026-07-09 19:00:00,1751.5,1753.11,1747.13,1748.61,1352.691274
2026-07-09 20:00:00,1748.6,1750.52,1745.13,1748.81,2460.069736
2026-07-09 21:00:00,1748.82,1751.06,1745.03,1748.21,1159.54084
2026-07-09 22:00:00,1748.21,1751.18,1746.26,1747.45,1260.560487
2026-07-09 23:00:00,1747.45,1749.35,1741.38,1745.2,1444.445702
2026-07-10 00:00:00,1745.24,1746.56,1737.38,1742.99,3361.843994
2026-07-10 01:00:00,1743.0,1777.57,1738.06,1767.79,13048.575705
2026-07-10 02:00:00,1767.79,1775.0,1764.67,1772.81,6679.332716
2026-07-10 03:00:00,1772.9,1779.9,1769.08,1776.31,4075.038367
2026-07-10 04:00:00,1776.32,1780.25,1771.77,1774.8,3393.723134
2026-07-10 05:00:00,1774.82,1779.95,1772.57,1779.1,4262.836124
2026-07-10 06:00:00,1779.11,1779.95,1769.31,1771.2,3293.680326
2026-07-10 07:00:00,1771.21,1777.54,1768.71,1773.23,3180.201332
2026-07-10 08:00:00,1773.31,1789.66,1772.6,1783.98,6424.125203
2026-07-10 09:00:00,1783.9,1795.0,1781.17,1792.61,5457.878198
2026-07-10 10:00:00,1792.61,1803.0,1789.45,1796.97,6598.799319
2026-07-10 11:00:00,1796.97,1802.49,1794.38,1801.41,4176.059482
2026-07-10 12:00:00,1801.41,1807.73,1792.76,1793.96,6344.327836
2026-07-10 13:00:00,1793.97,1813.0,1793.7,1803.9,5991.15764
2026-07-10 14:00:00,1803.84,1804.68,1775.4,1785.03,11812.862259
2026-07-10 15:00:00,1785.04,1796.88,1783.88,1791.2,7059.270307
2026-07-10 16:00:00,1791.2,1799.56,1785.8,1797.46,3554.712297
2026-07-10 17:00:00,1797.47,1799.25,1788.2,1788.21,3388.065772
2026-07-10 18:00:00,1788.36,1793.85,1780.94,1785.02,3526.283416
2026-07-10 19:00:00,1784.94,1797.34,1784.04,1792.67,3383.624956
2026-07-10 20:00:00,1792.59,1794.52,1789.49,1790.07,1901.344829
2026-07-10 21:00:00,1790.07,1797.22,1789.57,1794.52,1244.775414
2026-07-10 22:00:00,1794.52,1796.96,1792.99,1795.26,1140.223428
2026-07-10 23:00:00,1795.26,1798.22,1792.43,1796.9,1461.840435
2026-07-11 00:00:00,1796.93,1797.22,1789.64,1793.19,1944.826946
2026-07-11 01:00:00,1793.22,1799.3,1788.53,1789.07,1999.49143
2026-07-11 02:00:00,1789.08,1796.0,1786.78,1795.5,1593.162401
2026-07-11 03:00:00,1795.5,1798.24,1792.62,1796.61,1964.392898
2026-07-11 04:00:00,1796.61,1800.67,1795.66,1796.52,1144.154296
2026-07-11 05:00:00,1796.53,1802.44,1794.96,1799.38,1190.593422
2026-07-11 06:00:00,1799.38,1803.6,1794.75,1799.31,1628.464461
2026-07-11 07:00:00,1799.3,1801.83,1798.11,1799.75,1041.171313
2026-07-11 08:00:00,1799.75,1803.49,1799.38,1801.51,2056.736898
2026-07-11 09:00:00,1801.5,1802.75,1795.16,1795.57,2113.700781
2026-07-11 10:00:00,1795.53,1799.44,1795.12,1798.36,1686.822689
2026-07-11 11:00:00,1798.45,1800.99,1797.12,1800.5,1176.985956
2026-07-11 12:00:00,1800.51,1801.5,1798.48,1800.16,842.454315
2026-07-11 13:00:00,1800.16,1808.38,1798.85,1802.77,2347.234103
2026-07-11 14:00:00,1802.77,1818.0,1802.59,1810.75,5823.753851
2026-07-11 15:00:00,1810.73,1828.12,1808.72,1814.69,16282.994071
2026-07-11 16:00:00,1814.7,1824.3,1810.65,1823.36,6403.670212
2026-07-11 17:00:00,1823.37,1829.91,1818.18,1824.67,3168.170281
2026-07-11 18:00:00,1824.64,1829.99,1823.64,1826.29,2353.05535
2026-07-11 19:00:00,1826.3,1827.34,1819.41,1824.5,2451.403082
2026-07-11 20:00:00,1824.51,1828.53,1823.94,1825.96,794.089503
2026-07-11 21:00:00,1825.96,1829.46,1822.6,1823.95,1659.192218
2026-07-11 22:00:00,1823.96,1824.31,1809.49,1813.76,4537.282286
2026-07-11 23:00:00,1813.77,1815.73,1786.66,1787.77,9689.455827
2026-07-12 00:00:00,1787.77,1791.2,1779.6,1789.19,5869.579585
2026-07-12 01:00:00,1789.19,1808.32,1788.14,1806.69,5689.971127
2026-07-12 02:00:00,1806.69,1807.44,1802.6,1805.24,2220.999522
2026-07-12 03:00:00,1805.14,1813.61,1802.5,1811.58,3006.950527
2026-07-12 04:00:00,1811.59,1812.54,1804.11,1805.69,1910.076776
2026-07-12 05:00:00,1805.7,1807.3,1800.47,1803.15,1966.188367
2026-07-12 06:00:00,1803.12,1803.12,1789.36,1795.24,3446.181356
2026-07-12 07:00:00,1795.25,1799.14,1794.23,1798.88,1075.890633
2026-07-12 08:00:00,1798.89,1809.0,1798.66,1805.26,3060.615357
2026-07-12 09:00:00,1805.27,1805.98,1796.74,1802.48,2265.801888
2026-07-12 10:00:00,1802.49,1802.61,1798.99,1799.45,2349.95794
2026-07-12 11:00:00,1799.45,1806.61,1796.33,1803.64,1407.629342
2026-07-12 12:00:00,1803.63,1809.64,1802.87,1807.07,1670.107924
2026-07-12 13:00:00,1807.08,1809.83,1805.33,1805.88,1846.226411
2026-07-12 14:00:00,1805.88,1823.0,1803.94,1819.56,4178.551712
2026-07-12 15:00:00,1819.48,1826.7,1816.5,1820.89,4999.88939
2026-07-12 16:00:00,1820.89,1824.28,1817.32,1821.81,3561.075087
2026-07-12 17:00:00,1821.81,1822.5,1811.55,1818.26,3427.038421
2026-07-12 18:00:00,1818.26,1822.22,1815.03,1821.53,915.501344
2026-07-12 19:00:00,1821.54,1823.67,1818.64,1821.35,769.898961
2026-07-12 20:00:00,1821.35,1824.16,1818.71,1821.26,1219.869351
2026-07-12 21:00:00,1821.26,1823.58,1811.39,1812.52,1684.55863
2026-07-12 22:00:00,1812.53,1812.53,1797.44,1805.01,5695.626283
2026-07-12 23:00:00,1805.0,1809.0,1800.92,1806.8,1475.99024
2026-07-13 00:00:00,1806.8,1846.04,1804.17,1826.48,19000.065525
2026-07-13 01:00:00,1826.66,1829.9,1805.45,1806.84,7631.221751
2026-07-13 02:00:00,1807.0,1814.94,1799.19,1808.59,6305.489761
