timestamp,open,high,low,close,volume
2025-10-31 23:00:00,187.29,187.84,187.12,187.2,10292.809662
2025-11-01 00:00:00,187.21,187.33,186.03,187.14,20165.311409
2025-11-01 01:00:00,187.13,187.45,186.11,186.15,9772.775477
2025-11-01 02:00:00,186.14,186.73,185.51,186.61,12923.260017
2025-11-01 03:00:00,186.62,187.51,186.6,187.2,17429.873944
2025-11-01 04:00:00,187.2,187.55,186.3,187.05,14409.931916
2025-11-01 05:00:00,187.05,187.13,186.16,186.21,7825.138082
2025-11-01 06:00:00,186.21,186.37,185.0,185.72,16592.921681
2025-11-01 07:00:00,185.72,186.39,185.35,185.81,8884.637482
2025-11-01 08:00:00,185.81,186.55,185.69,186.55,9622.308478
2025-11-01 09:00:00,186.55,186.72,185.76,185.83,9747.566508
2025-11-01 10:00:00,185.84,186.39,185.29,186.11,25549.82169
2025-11-01 11:00:00,186.12,186.6,185.63,186.19,10547.454457
2025-11-01 12:00:00,186.19,186.62,186.19,186.38,11540.202654
2025-11-01 13:00:00,186.39,186.48,184.77,185.3,18357.839357
2025-11-01 14:00:00,185.28,185.57,183.74,185.02,41107.540225
2025-11-01 15:00:00,185.03,186.41,184.86,186.4,18465.809646
2025-11-01 16:00:00,186.42,187.12,185.97,186.42,23722.446939
2025-11-01 17:00:00,186.42,186.55,184.89,184.97,12729.774974
2025-11-01 18:00:00,184.96,185.8,184.88,185.74,16505.046552
2025-11-01 19:00:00,185.75,186.3,185.41,186.25,9250.706105
2025-11-01 20:00:00,186.26,186.96,186.14,186.52,8020.48538
2025-11-01 21:00:00,186.52,186.6,185.33,185.36,15215.419474
2025-11-01 22:00:00,185.38,186.27,185.0,186.14,10007.718437
2025-11-01 23:00:00,186.15,186.61,185.86,186.38,9717.891781
2025-11-02 00:00:00,186.39,186.42,185.1,185.13,8429.274011
2025-11-02 01:00:00,185.12,185.54,184.69,184.82,17619.538672
2025-11-02 02:00:00,184.82,186.03,184.8,185.4,14081.482377
2025-11-02 03:00:00,185.41,185.55,185.0,185.32,9274.153492
2025-11-02 04:00:00,185.32,188.04,185.06,187.87,37639.9646
2025-11-02 05:00:00,187.85,187.86,186.53,187.09,19974.189646
2025-11-02 06:00:00,187.1,187.67,186.66,187.41,9904.135522
2025-11-02 07:00:00,187.42,188.33,186.7,187.7,24055.937013
2025-11-02 08:00:00,187.72,187.93,186.96,187.14,14770.04631
2025-11-02 09:00:00,187.13,187.91,185.82,185.91,19934.435248
2025-11-02 10:00:00,185.92,186.18,184.43,185.05,29240.28097
2025-11-02 11:00:00,185.05,186.38,184.88,186.15,17070.251043
2025-11-02 12:00:00,186.15,186.5,185.28,185.54,16714.864351
2025-11-02 13:00:00,185.55,185.58,184.0,185.12,23384.433467
2025-11-02 14:00:00,185.1,185.35,183.53,184.4,30401.785937
2025-11-02 15:00:00,184.4,185.06,183.76,183.81,20620.45922
2025-11-02 16:00:00,183.8,184.45,182.02,184.3,57040.31979
2025-11-02 17:00:00,184.31,184.6,183.59,184.4,19357.421549
2025-11-02 18:00:00,184.41,184.68,183.97,184.27,9307.87435
2025-11-02 19:00:00,184.28,184.32,183.08,184.03,14161.071515
2025-11-02 20:00:00,184.03,184.54,183.62,184.54,5632.12604
2025-11-02 21:00:00,184.55,185.99,184.54,185.48,15029.477067
2025-11-02 22:00:00,185.48,185.68,184.34,184.96,14469.664883
2025-11-02 23:00:00,184.97,188.1,184.97,187.75,50058.1074
2025-11-03 00:00:00,187.75,189.08,186.57,186.59,54177.373169
2025-11-03 01:00:00,186.59,187.19,185.36,185.53,43830.200488
2025-11-03 02:00:00,185.53,185.93,183.02,183.5,46421.598728
2025-11-03 03:00:00,183.51,183.69,176.74,177.56,167947.201123
2025-11-03 04:00:00,177.56,178.4,175.81,177.93,84609.31241
2025-11-03 05:00:00,177.93,178.77,176.49,176.81,53493.959493
2025-11-03 06:00:00,176.8,177.25,174.24,176.1,83130.230805
2025-11-03 07:00:00,176.1,177.13,175.44,176.48,45132.106617
2025-11-03 08:00:00,176.48,176.59,174.41,175.66,65302.391897
2025-11-03 09:00:00,175.66,176.9,174.66,174.94,49405.282326
2025-11-03 10:00:00,174.95,175.91,173.58,174.12,42712.234082
2025-11-03 11:00:00,174.14,176.07,174.13,175.29,32265.551586
2025-11-03 12:00:00,175.31,176.56,175.02,175.55,37114.669217
2025-11-03 13:00:00,175.55,176.33,174.98,175.8,43992.277375
2025-11-03 14:00:00,175.81,176.94,174.81,176.41,43650.257241
2025-11-03 15:00:00,176.42,176.75,164.52,166.8,660057.406399
2025-11-03 16:00:00,166.81,169.17,165.62,168.39,135163.435262
2025-11-03 17:00:00,168.39,170.99,168.1,169.93,80150.600361
2025-11-03 18:00:00,169.94,170.13,167.78,167.89,57855.036066
2025-11-03 19:00:00,167.88,168.34,166.6,166.72,38320.775107
2025-11-03 20:00:00,166.74,167.23,163.22,164.37,91815.619464
2025-11-03 21:00:00,164.37,166.22,163.27,165.96,61938.369549
2025-11-03 22:00:00,165.96,166.29,164.22,165.75,39736.264408
2025-11-03 23:00:00,165.75,166.28,164.5,166.07,23375.649334
2025-11-04 00:00:00,166.07,167.24,164.2,166.59,42803.573093
2025-11-04 01:00:00,166.6,168.39,165.91,167.86,45059.837634
2025-11-04 02:00:00,167.85,168.39,166.44,166.7,33590.876485
2025-11-04 03:00:00,166.7,168.3,166.25,167.67,30115.056721
2025-11-04 04:00:00,167.68,168.11,164.75,165.02,50134.410982
2025-11-04 05:00:00,165.02,165.49,157.16,157.71,299878.01618
2025-11-04 06:00:00,157.72,161.29,157.65,158.6,102636.888433
2025-11-04 07:00:00,158.58,158.91,155.88,157.05,112275.985819
2025-11-04 08:00:00,157.07,160.48,156.41,159.26,100094.835077
2025-11-04 09:00:00,159.26,160.46,158.66,160.37,50439.469792
2025-11-04 10:00:00,160.37,161.37,159.95,160.5,45149.973325
2025-11-04 11:00:00,160.49,162.24,160.32,161.72,51952.926696
2025-11-04 12:00:00,161.72,162.51,160.82,161.41,43358.203723
2025-11-04 13:00:00,161.41,162.65,160.51,161.26,52033.556461
2025-11-04 14:00:00,161.27,164.76,159.34,164.38,113451.406165
2025-11-04 15:00:00,164.4,165.27,161.32,161.48,78645.311456
2025-11-04 16:00:00,161.48,162.36,158.17,158.21,92596.593176
2025-11-04 17:00:00,158.22,158.24,153.06,156.22,243082.990133
2025-11-04 18:00:00,156.2,156.56,152.29,156.42,137047.624861
2025-11-04 19:00:00,156.4,157.43,154.21,154.63,74784.626573
2025-11-04 20:00:00,154.63,155.1,148.16,153.38,273385.59291
2025-11-04 21:00:00,153.42,154.07,145.81,151.18,231606.16979
2025-11-04 22:00:00,151.19,155.59,150.5,155.22,94283.869226
2025-11-04 23:00:00,155.22,155.93,153.89,155.03,68397.694385
2025-11-05 00:00:00,155.03,155.63,152.51,153.36,54804.346592
2025-11-05 01:00:00,153.36,153.54,147.27,152.66,147886.657722
2025-11-05 02:00:00,152.65,156.24,152.61,156.12,115907.063038
2025-11-05 03:00:00,156.11,157.46,155.07,156.92,62325.618471
2025-11-05 04:00:00,156.93,157.93,155.65,157.06,41225.183574
2025-11-05 05:00:00,157.07,158.53,156.83,157.55,48067.520346
2025-11-05 06:00:00,157.54,158.14,156.6,158.03,42009.527291
2025-11-05 07:00:00,158.02,158.11,155.96,156.47,38384.028977
2025-11-05 08:00:00,156.47,156.49,153.68,155.7,48178.347898
2025-11-05 09:00:00,155.7,157.36,155.58,157.03,39100.63295
2025-11-05 10:00:00,157.03,157.08,154.7,154.88,31348.974811
2025-11-05 11:00:00,154.88,157.62,154.86,157.48,31487.703673
2025-11-05 12:00:00,157.48,158.71,156.76,158.29,59816.658992
2025-11-05 13:00:00,158.29,159.92,157.59,159.45,76488.189441
2025-11-05 14:00:00,159.43,159.67,156.9,158.74,67768.025213
2025-11-05 15:00:00,158.75,160.52,157.88,160.48,65970.903924
2025-11-05 16:00:00,160.49,162.07,158.53,161.81,123052.785111
2025-11-05 17:00:00,161.83,162.48,160.92,162.04,57947.192452
2025-11-05 18:00:00,162.04,163.93,161.67,163.1,55850.641294
2025-11-05 19:00:00,163.1,163.39,162.18,162.54,39682.395267
2025-11-05 20:00:00,162.54,163.96,162.33,162.57,36108.63233
2025-11-05 21:00:00,162.56,162.56,161.11,161.85,41335.926049
2025-11-05 22:00:00,161.86,162.9,161.35,162.82,38984.336893
2025-11-05 23:00:00,162.81,163.07,162.14,162.37,20778.342326
2025-11-06 00:00:00,162.37,162.37,160.44,161.4,40096.824893
2025-11-06 01:00:00,161.4,161.73,159.73,160.84,59565.708149
2025-11-06 02:00:00,160.84,162.4,160.14,161.76,45850.633912
2025-11-06 03:00:00,161.77,162.94,161.64,162.46,28755.390287
2025-11-06 04:00:00,162.49,162.77,161.75,162.15,21391.846386
2025-11-06 05:00:00,162.14,162.14,158.93,159.34,47295.476493
2025-11-06 06:00:00,159.34,160.01,158.77,158.81,28089.419246
2025-11-06 07:00:00,158.81,160.02,158.25,158.88,26287.945903
2025-11-06 08:00:00,158.86,159.67,158.53,159.35,15486.283787
2025-11-06 09:00:00,159.34,159.91,158.78,158.8,15901.441249
2025-11-06 10:00:00,158.81,159.78,157.66,159.09,25825.7837
2025-11-06 11:00:00,159.09,159.43,158.21,158.87,16542.295046
2025-11-06 12:00:00,158.85,159.42,157.09,157.51,39904.511671
2025-11-06 13:00:00,157.51,161.33,157.51,160.66,58517.633817
2025-11-06 14:00:00,160.66,161.58,157.4,157.78,81591.439363
2025-11-06 15:00:00,157.79,159.01,155.4,155.95,115898.279754
2025-11-06 16:00:00,155.92,156.99,153.82,155.4,96271.298203
2025-11-06 17:00:00,155.39,157.64,154.84,157.26,50207.528025
2025-11-06 18:00:00,157.25,158.66,155.46,157.5,32420.467538
2025-11-06 19:00:00,157.47,157.82,156.13,156.88,29578.494421
2025-11-06 20:00:00,156.9,157.82,154.63,155.28,59148.747414
2025-11-06 21:00:00,155.31,156.92,154.66,156.48,25753.759911
2025-11-06 22:00:00,156.49,156.8,154.27,155.59,23877.810621
2025-11-06 23:00:00,155.58,155.58,153.45,155.28,37602.324343
2025-11-07 00:00:00,155.28,157.15,154.91,156.74,49554.871222
2025-11-07 01:00:00,156.77,157.26,154.22,157.04,53868.162982
2025-11-07 02:00:00,157.03,158.13,156.18,158.03,31504.603314
2025-11-07 03:00:00,158.03,158.6,156.81,156.88,30935.119959
2025-11-07 04:00:00,156.88,157.09,155.27,156.19,31274.205702
2025-11-07 05:00:00,156.18,158.24,156.17,158.12,33925.617652
2025-11-07 06:00:00,158.12,158.27,156.81,156.82,22693.833053
2025-11-07 07:00:00,156.83,157.86,156.38,157.78,16338.364353
2025-11-07 08:00:00,157.79,158.2,156.88,157.32,27069.666803
2025-11-07 09:00:00,157.32,157.34,154.12,154.73,32083.072749
2025-11-07 10:00:00,154.73,155.76,153.63,154.28,39335.661654
2025-11-07 11:00:00,154.26,154.26,151.63,153.87,68707.290112
2025-11-07 12:00:00,153.86,154.17,150.94,151.64,54246.20082
2025-11-07 13:00:00,151.65,153.19,151.01,152.32,48226.274481
2025-11-07 14:00:00,152.31,155.13,149.82,154.7,95848.985147
2025-11-07 15:00:00,154.72,156.3,153.33,155.42,122559.553933
2025-11-07 16:00:00,155.42,158.13,154.41,157.27,72206.119863
2025-11-07 17:00:00,157.24,161.52,156.52,161.17,100432.887696
2025-11-07 18:00:00,161.17,162.94,160.91,162.12,69147.896681
2025-11-07 19:00:00,162.12,164.46,161.49,164.17,43090.18052
2025-11-07 20:00:00,164.17,164.39,162.08,163.37,42600.811472
2025-11-07 21:00:00,163.36,163.8,162.67,163.5,60282.241762
2025-11-07 22:00:00,163.5,163.89,162.79,163.21,50201.252936
2025-11-07 23:00:00,163.22,163.27,161.6,161.81,45171.732243
2025-11-08 00:00:00,161.81,162.63,160.62,160.88,52251.174018
2025-11-08 01:00:00,160.89,162.49,160.84,162.08,29212.251977
2025-11-08 02:00:00,162.06,164.46,161.94,163.42,40515.778533
2025-11-08 03:00:00,163.42,164.9,162.5,162.52,48353.724935
2025-11-08 04:00:00,162.54,163.69,162.53,162.74,44194.814276
2025-11-08 05:00:00,162.7,163.08,161.04,161.39,35238.063891
2025-11-08 06:00:00,161.39,161.96,160.19,161.12,43081.401509
2025-11-08 07:00:00,161.13,161.18,159.59,161.04,28659.285529
2025-11-08 08:00:00,161.04,162.05,160.31,161.55,24111.612049
2025-11-08 09:00:00,161.56,162.35,160.98,161.15,30842.249229
2025-11-08 10:00:00,161.15,161.22,160.53,160.82,17453.669633
2025-11-08 11:00:00,160.81,161.18,159.14,159.37,33715.074408
2025-11-08 12:00:00,159.38,159.69,158.76,159.43,23397.184602
2025-11-08 13:00:00,159.43,159.47,158.14,158.21,23259.736294
2025-11-08 14:00:00,158.22,158.53,156.82,157.71,50706.497566
2025-11-08 15:00:00,157.71,157.87,155.85,156.69,52214.585297
2025-11-08 16:00:00,156.7,157.39,155.83,156.76,35317.444821
2025-11-08 17:00:00,156.78,157.66,156.06,157.6,18449.669049
2025-11-08 18:00:00,157.59,158.21,156.92,157.93,35539.513493
2025-11-08 19:00:00,157.94,158.03,156.22,157.34,26787.770642
2025-11-08 20:00:00,157.35,158.25,157.22,157.69,12545.199057
2025-11-08 21:00:00,157.68,158.24,157.61,158.03,10699.614126
2025-11-08 22:00:00,158.04,158.4,157.63,158.02,10122.001392
2025-11-08 23:00:00,158.02,158.42,157.85,158.0,9203.575306
2025-11-09 00:00:00,158.02,158.03,156.58,156.85,13670.041961
2025-11-09 01:00:00,156.84,158.29,156.79,158.15,12163.019174
2025-11-09 02:00:00,158.16,158.16,155.71,156.03,27589.794467
2025-11-09 03:00:00,156.03,156.51,155.07,155.88,37118.131668
2025-11-09 04:00:00,155.9,157.49,155.86,157.21,56676.061873
2025-11-09 05:00:00,157.2,158.32,157.11,158.09,15555.350941
2025-11-09 06:00:00,158.09,159.14,157.86,158.24,14409.127063
2025-11-09 07:00:00,158.22,159.55,157.8,159.28,30060.153008
2025-11-09 08:00:00,159.28,159.68,158.74,159.44,16547.335695
2025-11-09 09:00:00,159.44,159.94,158.17,158.25,16927.419878
2025-11-09 10:00:00,158.26,158.44,157.28,158.43,16021.703646
2025-11-09 11:00:00,158.44,159.46,158.44,159.04,17286.670727
2025-11-09 12:00:00,159.04,159.88,158.59,159.11,18201.72771
2025-11-09 13:00:00,159.12,160.5,159.0,160.07,29970.542291
2025-11-09 14:00:00,160.06,163.15,159.27,160.17,117327.086047
2025-11-09 15:00:00,160.17,163.97,159.82,162.54,72984.875216
2025-11-09 16:00:00,162.54,163.18,161.79,162.94,32812.365033
2025-11-09 17:00:00,162.94,163.02,161.25,161.81,24860.026739
2025-11-09 18:00:00,161.82,164.1,161.37,163.99,22270.979776
2025-11-09 19:00:00,163.98,166.3,163.37,166.17,45906.178284
2025-11-09 20:00:00,166.18,166.34,165.05,165.36,25129.915287
2025-11-09 21:00:00,165.36,165.81,164.38,165.23,20310.424122
2025-11-09 22:00:00,165.23,165.68,164.13,165.44,24599.136509
2025-11-09 23:00:00,165.46,166.59,163.92,164.56,38665.962022
2025-11-10 00:00:00,164.54,168.38,163.35,167.48,71772.889161
2025-11-10 01:00:00,167.48,168.3,166.34,167.08,53351.25567
2025-11-10 02:00:00,167.1,167.99,166.4,167.75,33081.458275
2025-11-10 03:00:00,167.74,168.74,167.15,168.11,36183.289117
2025-11-10 04:00:00,168.12,168.91,166.66,168.04,48778.864978
2025-11-10 05:00:00,168.05,168.59,166.89,167.54,20549.729525
2025-11-10 06:00:00,167.55,167.73,166.39,166.94,20496.374145
2025-11-10 07:00:00,166.94,168.18,166.77,167.4,17435.165762
2025-11-10 08:00:00,167.39,167.44,166.14,166.65,21870.159773
2025-11-10 09:00:00,166.65,169.82,166.35,169.47,38427.635347
2025-11-10 10:00:00,169.48,169.67,167.99,168.36,47318.805054
2025-11-10 11:00:00,168.37,168.84,168.05,168.34,39096.456723
2025-11-10 12:00:00,168.33,168.51,166.92,168.13,24480.391663
2025-11-10 13:00:00,168.12,170.5,168.0,169.73,43006.363373
2025-11-10 14:00:00,169.75,169.76,165.26,166.15,69755.337252
2025-11-10 15:00:00,166.15,167.29,165.09,166.27,56930.555052
2025-11-10 16:00:00,166.27,167.07,165.25,166.11,34728.842922
2025-11-10 17:00:00,166.1,168.47,165.96,167.81,22333.020323
2025-11-10 18:00:00,167.81,168.14,165.66,165.68,18534.379054
2025-11-10 19:00:00,165.67,167.68,165.61,167.22,19852.752992
2025-11-10 20:00:00,167.21,168.42,166.86,167.82,22992.45682
2025-11-10 21:00:00,167.85,167.88,164.83,165.51,44440.383347
2025-11-10 22:00:00,165.52,167.81,165.15,167.63,24060.828874
2025-11-10 23:00:00,167.64,168.11,167.2,167.32,20311.541933
2025-11-11 00:00:00,167.33,167.61,166.01,167.48,20347.722886
2025-11-11 01:00:00,167.49,171.01,166.57,167.4,73729.761944
2025-11-11 02:00:00,167.42,171.03,166.27,170.29,106599.010825
2025-11-11 03:00:00,170.28,171.94,169.5,169.98,50360.993286
2025-11-11 04:00:00,169.97,170.12,166.58,166.93,50052.952754
2025-11-11 05:00:00,166.93,166.95,165.02,165.17,59650.605401
2025-11-11 06:00:00,165.17,165.31,163.57,164.96,90379.183848
2025-11-11 07:00:00,164.95,165.24,163.88,163.99,30351.683501
2025-11-11 08:00:00,163.98,164.87,163.59,164.0,25590.05085
2025-11-11 09:00:00,164.0,164.96,163.13,164.0,38398.316735
2025-11-11 10:00:00,163.99,164.35,162.68,163.77,48390.637305
2025-11-11 11:00:00,163.78,164.58,163.01,163.68,25913.540489
2025-11-11 12:00:00,163.69,164.37,162.56,163.33,39419.389804
2025-11-11 13:00:00,163.31,163.93,162.43,162.81,28882.254247
2025-11-11 14:00:00,162.83,163.23,161.12,162.98,69076.133417
2025-11-11 15:00:00,162.98,162.98,160.02,160.91,88490.276379
2025-11-11 16:00:00,160.9,161.24,159.77,160.67,47654.750798
2025-11-11 17:00:00,160.69,161.08,158.21,159.52,37614.955684
2025-11-11 18:00:00,159.51,159.8,158.38,158.97,33457.838546
2025-11-11 19:00:00,158.97,158.97,157.42,157.61,30601.528488
2025-11-11 20:00:00,157.61,157.88,156.26,156.78,45738.62656
2025-11-11 21:00:00,156.78,157.41,155.67,156.08,32499.501849
2025-11-11 22:00:00,156.08,157.28,155.54,156.72,34181.959513
2025-11-11 23:00:00,156.71,156.86,153.9,154.6,58552.270799
2025-11-12 00:00:00,154.61,155.33,153.6,153.83,38827.35308
2025-11-12 01:00:00,153.84,155.53,153.7,155.43,40326.988396
2025-11-12 02:00:00,155.42,155.6,153.78,154.28,32119.942584
2025-11-12 03:00:00,154.29,155.03,153.96,154.58,26131.642621
2025-11-12 04:00:00,154.57,155.04,154.2,154.93,12683.970126
2025-11-12 05:00:00,154.94,156.07,154.9,155.48,34506.869709
2025-11-12 06:00:00,155.47,156.5,155.35,155.89,23518.699264
2025-11-12 07:00:00,155.89,156.57,154.71,155.01,49972.430661
2025-11-12 08:00:00,155.02,158.09,155.01,157.99,51600.024479
2025-11-12 09:00:00,157.99,158.9,157.77,158.06,39118.451546
2025-11-12 10:00:00,158.07,160.51,158.01,160.28,66928.043312
2025-11-12 11:00:00,160.26,161.11,159.49,160.04,56963.218228
2025-11-12 12:00:00,160.01,160.76,159.09,159.82,34146.621944
2025-11-12 13:00:00,159.82,161.03,158.83,160.55,31468.517056
2025-11-12 14:00:00,160.55,161.08,157.09,158.59,83643.013369
2025-11-12 15:00:00,158.58,159.62,155.24,155.73,127937.552229
2025-11-12 16:00:00,155.74,156.25,152.17,152.83,148367.626915
2025-11-12 17:00:00,152.83,154.86,152.4,153.33,60492.485854
2025-11-12 18:00:00,153.34,154.22,152.76,152.77,43810.197849
2025-11-12 19:00:00,152.76,153.78,151.2,153.04,67753.356702
2025-11-12 20:00:00,153.04,154.66,152.53,153.74,36435.782763
2025-11-12 21:00:00,153.75,154.29,153.37,154.12,14385.523392
2025-11-12 22:00:00,154.13,154.13,152.73,153.86,74246.287679
2025-11-12 23:00:00,153.86,153.9,152.8,153.42,23381.596222
2025-11-13 00:00:00,153.42,154.41,152.39,153.01,37879.463395
2025-11-13 01:00:00,153.0,154.46,152.28,152.75,62833.53144
2025-11-13 02:00:00,152.76,153.4,152.42,152.91,26649.541453
2025-11-13 03:00:00,152.91,155.81,150.41,154.32,110592.127389
2025-11-13 04:00:00,154.35,154.92,153.39,154.3,47597.961718
2025-11-13 05:00:00,154.29,156.79,153.76,156.14,50430.344989
2025-11-13 06:00:00,156.15,157.15,155.74,156.74,40606.232485
2025-11-13 07:00:00,156.73,157.24,154.88,155.3,58013.942256
2025-11-13 08:00:00,155.29,156.51,154.96,155.95,24248.631878
2025-11-13 09:00:00,155.95,156.08,153.85,155.01,51080.852513
2025-11-13 10:00:00,155.02,156.16,154.86,155.4,18089.515002
2025-11-13 11:00:00,155.41,156.48,155.4,156.28,22537.016165
2025-11-13 12:00:00,156.27,156.98,155.8,156.41,33651.771421
2025-11-13 13:00:00,156.42,156.54,153.65,153.82,63570.081348
2025-11-13 14:00:00,153.82,156.73,152.26,155.32,95314.158375
2025-11-13 15:00:00,155.31,155.84,152.51,153.12,70074.372293
2025-11-13 16:00:00,153.11,153.36,150.77,151.11,73684.631058
2025-11-13 17:00:00,151.12,151.25,146.79,147.12,118838.007765
2025-11-13 18:00:00,147.11,147.8,144.55,145.46,138707.393832
2025-11-13 19:00:00,145.47,146.37,142.0,142.74,129816.830651
2025-11-13 20:00:00,142.74,143.29,141.04,142.74,101185.720648
2025-11-13 21:00:00,142.74,143.71,141.26,142.09,67598.592717
2025-11-13 22:00:00,142.08,144.83,141.71,144.6,62520.744665
2025-11-13 23:00:00,144.61,146.22,143.92,144.73,82826.442222
2025-11-14 00:00:00,144.74,145.26,142.93,143.31,59761.001765
2025-11-14 01:00:00,143.31,144.55,142.75,143.69,38983.653704
2025-11-14 02:00:00,143.7,145.67,143.68,145.3,39487.170896
2025-11-14 03:00:00,145.3,145.56,143.62,144.29,37466.906947
2025-11-14 04:00:00,144.29,144.39,138.7,141.91,218720.911265
2025-11-14 05:00:00,141.91,143.64,141.42,143.14,96223.160559
2025-11-14 06:00:00,143.15,144.11,139.97,143.91,128025.240047
2025-11-14 07:00:00,143.93,144.44,142.4,142.84,148174.863353
2025-11-14 08:00:00,142.84,142.97,141.41,142.49,43262.606513
2025-11-14 09:00:00,142.49,143.19,140.5,140.93,51918.446835
2025-11-14 10:00:00,140.93,142.92,140.85,141.96,38885.739672
2025-11-14 11:00:00,141.95,142.22,139.84,140.76,87380.950129
2025-11-14 12:00:00,140.75,140.75,135.77,138.73,235374.450917
2025-11-14 13:00:00,138.74,139.79,135.92,138.96,115518.187361
2025-11-14 14:00:00,138.97,142.84,137.56,142.21,150496.948553
2025-11-14 15:00:00,142.21,143.76,140.23,142.24,84541.136983
2025-11-14 16:00:00,142.23,144.22,141.59,143.44,88618.122376
2025-11-14 17:00:00,143.44,143.96,140.58,141.4,53788.869671
2025-11-14 18:00:00,141.42,142.92,140.73,141.29,34044.97051
2025-11-14 19:00:00,141.28,143.6,140.96,143.14,26262.315385
2025-11-14 20:00:00,143.15,143.25,139.28,139.62,37762.629621
2025-11-14 21:00:00,139.63,141.23,139.11,140.67,33592.504994
2025-11-14 22:00:00,140.67,141.8,139.64,140.33,24719.796197
2025-11-14 23:00:00,140.34,140.35,137.18,138.92,57566.370479
2025-11-15 00:00:00,138.92,141.3,138.75,141.1,32072.597239
2025-11-15 01:00:00,141.1,142.36,140.28,142.04,30229.811872
2025-11-15 02:00:00,142.04,143.17,141.62,143.11,33603.281575
2025-11-15 03:00:00,143.1,143.36,142.42,142.53,29277.688757
2025-11-15 04:00:00,142.54,143.1,141.81,142.39,26944.344797
2025-11-15 05:00:00,142.4,143.2,142.33,142.85,14923.684433
2025-11-15 06:00:00,142.86,143.59,142.36,142.69,20569.722618
2025-11-15 07:00:00,142.69,143.39,142.32,142.75,19839.516109
2025-11-15 08:00:00,142.76,142.85,140.5,140.8,31942.006655
2025-11-15 09:00:00,140.79,141.7,140.51,140.96,18488.77596
2025-11-15 10:00:00,140.97,141.43,140.62,141.27,21659.995294
2025-11-15 11:00:00,141.25,141.39,139.98,140.22,16028.055518
2025-11-15 12:00:00,140.22,141.03,140.0,140.9,13700.713197
2025-11-15 13:00:00,140.88,141.96,140.65,141.65,19370.982205
2025-11-15 14:00:00,141.66,141.74,140.76,141.51,16951.589215
2025-11-15 15:00:00,141.5,142.27,141.27,141.72,15197.451
2025-11-15 16:00:00,141.72,142.82,140.81,142.73,27026.900893
2025-11-15 17:00:00,142.75,144.66,142.45,143.44,48649.817359
2025-11-15 18:00:00,143.44,143.44,142.18,142.49,15556.077429
2025-11-15 19:00:00,142.49,142.9,141.72,141.79,13946.041784
2025-11-15 20:00:00,141.79,141.97,140.14,140.41,24120.859924
2025-11-15 21:00:00,140.4,140.82,138.62,138.97,26556.834755
2025-11-15 22:00:00,138.97,140.02,138.63,139.86,25686.398105
2025-11-15 23:00:00,139.85,140.2,139.48,139.6,12568.74289
2025-11-16 00:00:00,139.62,139.79,138.6,139.25,17959.619328
2025-11-16 01:00:00,139.25,139.53,137.38,138.8,40328.830519
2025-11-16 02:00:00,138.78,140.83,138.46,140.8,38877.27084
2025-11-16 03:00:00,140.83,141.49,140.29,141.41,23260.185871
2025-11-16 04:00:00,141.4,141.61,140.69,141.35,26545.717394
2025-11-16 05:00:00,141.34,142.22,141.26,141.43,19934.688448
2025-11-16 06:00:00,141.43,142.17,141.32,141.66,14977.076165
2025-11-16 07:00:00,141.67,142.47,141.24,142.31,18396.654727
2025-11-16 08:00:00,142.32,142.63,141.64,142.2,13073.222444
2025-11-16 09:00:00,142.2,143.35,141.37,143.28,31629.063006
2025-11-16 10:00:00,143.27,143.35,142.65,142.92,19418.65973
2025-11-16 11:00:00,142.94,143.1,139.55,139.96,40715.853722
2025-11-16 12:00:00,139.97,140.64,139.13,140.06,35422.115689
2025-11-16 13:00:00,140.05,140.6,138.8,139.46,48354.819558
2025-11-16 14:00:00,139.47,140.87,139.43,140.42,25511.143298
2025-11-16 15:00:00,140.44,140.49,137.13,137.49,57741.486904
2025-11-16 16:00:00,137.47,138.24,135.33,135.71,106272.660905
2025-11-16 17:00:00,135.71,136.41,134.42,135.84,101394.890873
2025-11-16 18:00:00,135.83,138.52,135.25,135.83,67978.562648
2025-11-16 19:00:00,135.84,138.02,135.73,136.86,40154.76927
2025-11-16 20:00:00,136.84,138.16,136.65,136.65,17599.590261
2025-11-16 21:00:00,136.66,136.78,135.45,136.44,27335.710373
2025-11-16 22:00:00,136.44,137.98,135.11,137.33,40710.720995
2025-11-16 23:00:00,137.34,138.16,134.91,137.19,123371.100867
2025-11-17 00:00:00,137.19,139.53,136.1,139.19,62685.953242
2025-11-17 01:00:00,139.19,139.47,138.14,138.29,45956.250944
2025-11-17 02:00:00,138.29,139.34,137.97,138.9,32281.002806
2025-11-17 03:00:00,138.91,140.63,138.88,140.28,43878.699079
2025-11-17 04:00:00,140.29,140.8,139.68,140.36,31275.746352
2025-11-17 05:00:00,140.37,140.85,139.88,140.59,20493.037638
2025-11-17 06:00:00,140.6,141.58,140.12,141.38,28385.6215
2025-11-17 07:00:00,141.4,141.86,141.12,141.33,28423.040121
2025-11-17 08:00:00,141.34,141.79,141.0,141.35,48320.423734
2025-11-17 09:00:00,141.36,142.6,140.96,142.01,41651.313549
2025-11-17 10:00:00,142.01,142.51,141.79,142.27,18784.417258
2025-11-17 11:00:00,142.27,142.82,141.74,141.89,26845.405073
2025-11-17 12:00:00,141.89,142.66,141.59,141.8,31141.643485
2025-11-17 13:00:00,141.81,142.0,137.18,138.07,109641.062108
2025-11-17 14:00:00,138.06,143.32,136.85,140.15,180633.824076
2025-11-17 15:00:00,140.16,140.81,136.87,137.17,97044.514184
2025-11-17 16:00:00,137.17,137.22,133.18,135.85,175418.295552
2025-11-17 17:00:00,135.87,135.94,131.74,132.03,105311.427759
2025-11-17 18:00:00,132.04,133.15,130.39,130.53,116944.794339
2025-11-17 19:00:00,130.51,131.34,129.27,129.65,152413.220756
2025-11-17 20:00:00,129.66,130.87,128.81,130.31,90816.517024
2025-11-17 21:00:00,130.33,130.98,129.82,130.72,66941.737454
2025-11-17 22:00:00,130.72,131.95,130.3,131.31,54921.412089
2025-11-17 23:00:00,131.31,131.78,130.24,131.0,45062.591467
2025-11-18 00:00:00,131.0,131.53,129.01,131.31,70871.69581
2025-11-18 01:00:00,131.32,132.4,130.97,131.97,110716.146864
2025-11-18 02:00:00,131.96,134.7,130.46,132.41,258708.761847
2025-11-18 03:00:00,132.42,135.26,131.44,134.52,155427.79037
2025-11-18 04:00:00,134.52,136.13,132.52,135.55,139469.701962
2025-11-18 05:00:00,135.57,136.73,134.92,135.95,137760.967662
2025-11-18 06:00:00,135.96,137.11,135.01,135.7,78957.496146
2025-11-18 07:00:00,135.7,137.85,135.0,136.95,115664.977261
2025-11-18 08:00:00,136.96,138.26,136.96,137.77,68243.487186
2025-11-18 09:00:00,137.75,138.18,136.48,137.86,34801.577591
2025-11-18 10:00:00,137.85,139.12,137.62,138.0,55007.149144
2025-11-18 11:00:00,137.99,138.23,137.3,137.85,24185.468994
2025-11-18 12:00:00,137.86,138.6,136.99,138.23,43634.133364
2025-11-18 13:00:00,138.23,138.4,136.84,138.28,36530.12752
2025-11-18 14:00:00,138.28,139.88,137.5,137.5,99714.532692
2025-11-18 15:00:00,137.5,142.14,137.19,139.69,144679.572402
2025-11-18 16:00:00,139.71,142.0,138.78,141.08,90811.138384
2025-11-18 17:00:00,141.08,141.2,139.32,140.05,33929.111924
2025-11-18 18:00:00,140.07,141.81,140.0,141.47,33607.29258
2025-11-18 19:00:00,141.47,142.13,140.92,141.45,22799.535175
2025-11-18 20:00:00,141.45,142.12,141.14,141.14,16270.325312
2025-11-18 21:00:00,141.15,141.57,139.68,139.76,20706.035299
2025-11-18 22:00:00,139.78,141.87,139.74,141.44,19739.635364
2025-11-18 23:00:00,141.44,141.62,140.48,140.7,11923.237801
2025-11-19 00:00:00,140.7,141.62,139.29,141.18,40412.256997
2025-11-19 01:00:00,141.18,141.8,139.82,140.39,33674.011177
2025-11-19 02:00:00,140.39,142.83,140.06,142.21,42842.730125
2025-11-19 03:00:00,142.22,142.45,139.44,139.82,88784.157854
2025-11-19 04:00:00,139.82,140.27,138.42,138.68,61499.370967
2025-11-19 05:00:00,138.7,139.13,137.1,137.99,70632.038578
2025-11-19 06:00:00,138.0,139.33,137.59,139.06,54767.267283
2025-11-19 07:00:00,139.05,141.18,138.96,140.58,58555.201182
2025-11-19 08:00:00,140.57,141.04,139.79,140.17,27256.603964
2025-11-19 09:00:00,140.17,140.22,138.85,139.72,35626.15575
2025-11-19 10:00:00,139.72,140.32,139.26,139.56,14683.065464
2025-11-19 11:00:00,139.55,139.82,138.38,138.58,20492.820843
2025-11-19 12:00:00,138.58,139.22,138.16,138.96,17789.465685
2025-11-19 13:00:00,138.96,138.98,136.71,136.74,37231.833421
2025-11-19 14:00:00,136.74,137.85,136.0,137.22,66149.145065
2025-11-19 15:00:00,137.23,139.08,134.37,134.61,125366.084048
2025-11-19 16:00:00,134.59,135.44,132.87,133.39,89971.377129
2025-11-19 17:00:00,133.38,133.81,131.36,132.21,62682.735286
2025-11-19 18:00:00,132.19,132.53,130.55,131.5,52518.268442
2025-11-19 19:00:00,131.5,132.1,130.84,131.74,33989.7689
2025-11-19 20:00:00,131.76,133.57,131.36,133.2,56363.236758
2025-11-19 21:00:00,133.23,135.99,132.72,135.45,80272.959489
2025-11-19 22:00:00,135.44,135.71,134.21,135.56,25718.166323
2025-11-19 23:00:00,135.56,137.1,135.41,137.08,44310.552471
2025-11-20 00:00:00,137.07,138.15,136.36,137.71,35566.279411
2025-11-20 01:00:00,137.73,139.82,137.49,139.66,56049.403189
2025-11-20 02:00:00,139.67,144.21,139.38,143.66,201216.824456
2025-11-20 03:00:00,143.65,144.45,142.95,143.19,57727.027221
2025-11-20 04:00:00,143.19,144.76,142.35,144.67,68202.839076
2025-11-20 05:00:00,144.66,144.8,143.64,144.12,39010.621953
2025-11-20 06:00:00,144.11,144.34,142.17,142.86,59633.19759
2025-11-20 07:00:00,142.85,143.96,142.73,143.8,42195.862958
2025-11-20 08:00:00,143.81,143.98,142.97,143.4,30502.387817
2025-11-20 09:00:00,143.41,143.43,141.41,142.03,71897.580985
2025-11-20 10:00:00,142.03,142.36,141.13,142.27,32681.365134
2025-11-20 11:00:00,142.28,142.52,141.56,142.14,18146.224678
2025-11-20 12:00:00,142.13,142.39,141.38,142.03,31717.91034
2025-11-20 13:00:00,142.04,143.44,140.53,140.72,93885.229232
2025-11-20 14:00:00,140.73,141.59,139.0,140.95,90612.133906
2025-11-20 15:00:00,140.97,141.1,138.36,138.58,55510.580624
2025-11-20 16:00:00,138.58,138.74,131.57,132.64,371180.913421
2025-11-20 17:00:00,132.64,133.13,131.15,132.82,160195.345597
2025-11-20 18:00:00,132.82,134.59,132.01,132.59,101642.676351
2025-11-20 19:00:00,132.57,134.46,131.64,133.92,80506.481783
2025-11-20 20:00:00,133.92,134.68,132.66,133.71,82748.898039
2025-11-20 21:00:00,133.71,135.37,133.54,134.14,61645.837203
2025-11-20 22:00:00,134.12,136.66,133.95,136.43,43661.515843
2025-11-20 23:00:00,136.42,136.54,133.32,133.65,52049.50589
2025-11-21 00:00:00,133.66,135.08,133.63,134.22,47364.532563
2025-11-21 01:00:00,134.2,135.04,133.62,134.25,32788.9493
2025-11-21 02:00:00,134.26,134.66,131.0,131.35,89963.371934
2025-11-21 03:00:00,131.38,133.67,131.38,132.65,53153.196164
2025-11-21 04:00:00,132.63,133.07,130.48,132.66,62766.631044
2025-11-21 05:00:00,132.65,133.12,131.61,132.09,30023.151865
2025-11-21 06:00:00,132.13,132.37,130.56,130.88,46338.72427
2025-11-21 07:00:00,130.86,131.38,121.35,127.56,645778.902504
2025-11-21 08:00:00,127.56,129.44,126.88,128.09,109776.006185
2025-11-21 09:00:00,128.09,128.93,125.5,125.52,110273.083165
2025-11-21 10:00:00,125.51,126.61,124.86,125.12,119624.221333
2025-11-21 11:00:00,125.12,126.36,123.81,124.35,81123.068828
2025-11-21 12:00:00,124.34,127.29,121.61,126.26,194009.708937
2025-11-21 13:00:00,126.25,128.31,125.57,127.21,125595.184362
2025-11-21 14:00:00,127.2,129.58,126.21,128.59,164611.366117
2025-11-21 15:00:00,128.6,128.98,124.77,125.41,122569.397716
2025-11-21 16:00:00,125.41,128.82,123.59,128.66,154135.082174
2025-11-21 17:00:00,128.67,130.61,128.38,129.19,76589.601701
2025-11-21 18:00:00,129.24,130.41,126.53,129.55,74009.672654
2025-11-21 19:00:00,129.54,129.88,127.56,128.13,41630.113094
2025-11-21 20:00:00,128.13,128.5,125.99,127.19,72776.53942
2025-11-21 21:00:00,127.19,129.31,126.69,128.88,29190.260096
2025-11-21 22:00:00,128.88,129.35,125.46,125.49,43020.568378
2025-11-21 23:00:00,125.5,128.85,125.12,128.68,59691.437514
2025-11-22 00:00:00,128.68,129.42,127.99,128.45,43767.427959
2025-11-22 01:00:00,128.47,129.92,128.39,129.49,29674.90988
2025-11-22 02:00:00,129.5,129.63,127.29,128.05,25856.936372
2025-11-22 03:00:00,128.05,128.42,126.85,127.15,34213.179119
2025-11-22 04:00:00,127.15,127.41,125.69,127.0,34765.297482
2025-11-22 05:00:00,127.01,127.29,125.39,126.24,31749.834569
2025-11-22 06:00:00,126.25,128.28,125.36,128.06,32815.901288
2025-11-22 07:00:00,128.06,128.36,127.36,127.72,20620.247461
2025-11-22 08:00:00,127.72,127.73,125.52,125.93,32237.239393
2025-11-22 09:00:00,125.94,127.54,125.67,126.46,26459.385021
2025-11-22 10:00:00,126.46,127.2,125.56,125.92,26315.258915
2025-11-22 11:00:00,125.94,127.48,125.3,126.7,22571.80445
2025-11-22 12:00:00,126.7,126.74,125.23,125.83,20728.729719
2025-11-22 13:00:00,125.85,126.43,125.12,125.61,16574.189559
2025-11-22 14:00:00,125.63,127.51,125.56,127.13,39330.610773
2025-11-22 15:00:00,127.12,127.77,126.16,127.11,27712.303248
2025-11-22 16:00:00,127.13,128.6,126.86,128.21,25166.410382
2025-11-22 17:00:00,128.2,128.43,127.29,127.61,32226.983842
2025-11-22 18:00:00,127.6,128.06,127.34,127.77,12458.34163
2025-11-22 19:00:00,127.77,128.09,126.8,127.2,11220.192292
2025-11-22 20:00:00,127.2,127.67,126.12,126.45,14183.445394
2025-11-22 21:00:00,126.46,126.85,126.13,126.63,9723.291614
2025-11-22 22:00:00,126.64,128.91,126.21,128.24,18715.116105
2025-11-22 23:00:00,128.24,128.46,127.32,127.59,20647.133881
2025-11-23 00:00:00,127.59,128.65,127.57,128.03,17364.004483
2025-11-23 01:00:00,128.04,129.86,127.9,129.46,34717.316982
2025-11-23 02:00:00,129.46,130.82,129.11,130.04,61927.754119
2025-11-23 03:00:00,130.04,130.42,129.35,129.94,19860.190426
2025-11-23 04:00:00,129.94,131.91,129.94,130.74,46692.297514
2025-11-23 05:00:00,130.74,130.95,130.21,130.53,26268.012459
2025-11-23 06:00:00,130.54,130.93,129.17,129.34,47106.598241
2025-11-23 07:00:00,129.35,129.43,128.12,128.86,34467.122669
2025-11-23 08:00:00,128.86,129.77,128.83,129.68,21788.892841
2025-11-23 09:00:00,129.68,130.86,129.44,130.09,44802.451502
2025-11-23 10:00:00,130.1,130.19,129.42,129.96,14586.540509
2025-11-23 11:00:00,129.95,130.01,129.03,129.77,12097.299424
2025-11-23 12:00:00,129.77,131.72,129.68,130.87,51653.942182
2025-11-23 13:00:00,130.88,131.73,130.36,131.58,29222.370301
2025-11-23 14:00:00,131.59,132.75,130.51,130.75,43799.982065
2025-11-23 15:00:00,130.76,133.12,130.42,132.91,41159.193977
2025-11-23 16:00:00,132.89,133.51,131.77,131.79,43538.251947
2025-11-23 17:00:00,131.79,131.9,130.86,131.4,26271.8792
2025-11-23 18:00:00,131.4,132.93,131.4,132.22,24268.20696
2025-11-23 19:00:00,132.21,133.08,131.98,132.38,16105.675814
2025-11-23 20:00:00,132.39,132.85,132.1,132.65,12880.916946
2025-11-23 21:00:00,132.65,133.54,131.53,133.15,17771.755951
2025-11-23 22:00:00,133.16,133.34,132.27,132.67,16816.698954
2025-11-23 23:00:00,132.67,132.87,130.5,130.58,34707.250886
2025-11-24 00:00:00,130.58,132.09,129.32,130.82,45793.813846
2025-11-24 01:00:00,130.82,131.74,130.0,131.49,28459.138312
2025-11-24 02:00:00,131.5,134.39,131.43,133.4,58895.670426
2025-11-24 03:00:00,133.39,134.42,132.82,133.44,32335.1696
2025-11-24 04:00:00,133.44,133.54,130.63,131.41,41843.780501
2025-11-24 05:00:00,131.4,133.92,131.24,132.95,45088.164892
2025-11-24 06:00:00,132.96,133.04,130.69,131.19,57859.487788
2025-11-24 07:00:00,131.18,131.43,130.2,130.34,37419.535444
2025-11-24 08:00:00,130.33,130.75,129.64,130.58,55080.552124
2025-11-24 09:00:00,130.58,130.66,128.44,128.89,49133.389773
2025-11-24 10:00:00,128.9,129.47,128.77,129.25,18373.79263
2025-11-24 11:00:00,129.23,129.95,128.79,129.63,20767.499103
2025-11-24 12:00:00,129.61,130.01,129.03,129.53,25812.927658
2025-11-24 13:00:00,129.52,130.6,129.4,129.75,30734.510209
2025-11-24 14:00:00,129.74,131.6,128.53,130.77,69272.673489
2025-11-24 15:00:00,130.78,132.61,130.04,131.96,75062.34525
2025-11-24 16:00:00,131.96,134.44,131.84,133.71,90695.532684
2025-11-24 17:00:00,133.71,137.19,133.57,136.91,114865.75299
2025-11-24 18:00:00,136.93,138.0,136.48,137.4,61833.676694
2025-11-24 19:00:00,137.39,137.83,136.68,137.24,45770.266607
2025-11-24 20:00:00,137.25,139.34,137.25,138.99,88267.705381
2025-11-24 21:00:00,138.97,139.16,138.03,139.0,37353.271935
2025-11-24 22:00:00,138.98,139.84,138.42,139.02,40722.216971
2025-11-24 23:00:00,139.03,139.2,138.21,138.42,24848.325225
2025-11-25 00:00:00,138.42,139.0,137.58,138.41,34812.005639
2025-11-25 01:00:00,138.42,138.97,137.77,137.82,23683.666359
2025-11-25 02:00:00,137.82,138.39,137.24,138.17,29902.391824
2025-11-25 03:00:00,138.18,138.68,137.29,137.81,17497.185608
2025-11-25 04:00:00,137.81,138.95,137.73,138.55,24686.236868
2025-11-25 05:00:00,138.54,138.84,137.88,138.59,17363.076409
2025-11-25 06:00:00,138.59,138.63,137.41,138.16,20917.93255
2025-11-25 07:00:00,138.18,138.2,136.31,136.34,32654.915232
2025-11-25 08:00:00,136.35,136.72,135.17,135.48,33227.332988
2025-11-25 09:00:00,135.48,136.36,134.76,136.31,28651.902271
2025-11-25 10:00:00,136.31,136.86,135.88,136.65,26187.078015
2025-11-25 11:00:00,136.65,136.74,135.95,136.3,19035.946619
2025-11-25 12:00:00,136.3,136.98,135.65,136.29,36173.205971
2025-11-25 13:00:00,136.3,136.97,135.15,135.47,48243.507427
2025-11-25 14:00:00,135.46,136.24,133.12,134.68,115396.210683
2025-11-25 15:00:00,134.7,135.5,133.46,134.86,72794.598161
2025-11-25 16:00:00,134.86,137.08,134.56,136.09,30525.127634
2025-11-25 17:00:00,136.09,138.0,135.75,136.93,29060.442446
2025-11-25 18:00:00,136.91,137.73,136.3,136.34,33165.959377
2025-11-25 19:00:00,136.34,136.72,134.23,136.7,34676.49971
2025-11-25 20:00:00,136.7,138.01,136.26,137.75,33744.667707
2025-11-25 21:00:00,137.76,138.11,137.0,137.18,22360.93706
2025-11-25 22:00:00,137.17,139.57,136.0,138.98,39924.245224
2025-11-25 23:00:00,138.97,140.53,138.55,138.96,55488.087411
2025-11-26 00:00:00,138.97,139.88,138.81,139.06,28229.760284
2025-11-26 01:00:00,139.06,140.69,138.59,140.01,30360.835078
2025-11-26 02:00:00,140.01,140.23,139.08,139.26,19306.808609
2025-11-26 03:00:00,139.26,139.77,137.94,138.16,33976.671231
2025-11-26 04:00:00,138.16,138.57,137.75,138.01,26504.180458
2025-11-26 05:00:00,138.0,139.28,137.97,139.02,14100.484496
2025-11-26 06:00:00,139.01,139.77,138.42,139.57,20789.594716
2025-11-26 07:00:00,139.57,139.95,139.11,139.89,16713.284753
2025-11-26 08:00:00,139.88,139.92,137.92,137.95,24306.779547
2025-11-26 09:00:00,137.95,138.12,136.21,136.73,68047.620384
2025-11-26 10:00:00,136.73,137.46,136.62,137.28,28378.589341
2025-11-26 11:00:00,137.29,137.39,136.59,136.87,23508.702876
2025-11-26 12:00:00,136.86,137.11,135.57,135.65,28784.217906
2025-11-26 13:00:00,135.65,136.95,135.53,136.76,26760.844878
2025-11-26 14:00:00,136.76,138.31,135.7,136.36,95844.732431
2025-11-26 15:00:00,136.35,137.43,135.79,136.67,55571.638701
2025-11-26 16:00:00,136.68,138.14,136.47,137.05,44309.594833
2025-11-26 17:00:00,137.06,141.1,136.76,140.74,74640.882001
2025-11-26 18:00:00,140.75,144.76,140.69,144.63,177421.594978
2025-11-26 19:00:00,144.62,144.74,143.67,143.99,38605.229294
2025-11-26 20:00:00,143.99,144.01,142.54,142.89,37131.225565
2025-11-26 21:00:00,142.9,144.23,142.84,143.52,26747.304028
2025-11-26 22:00:00,143.52,144.07,142.82,143.08,22713.989165
2025-11-26 23:00:00,143.06,143.45,142.5,143.03,14904.270704
2025-11-27 00:00:00,143.01,143.73,142.23,142.83,32681.845021
2025-11-27 01:00:00,142.84,143.68,142.04,143.3,36728.442286
2025-11-27 02:00:00,143.29,144.08,142.77,142.99,57595.586715
2025-11-27 03:00:00,142.98,143.71,142.35,142.53,30014.053698
2025-11-27 04:00:00,142.54,143.02,142.31,142.86,13621.306443
2025-11-27 05:00:00,142.86,143.48,142.57,142.76,15380.175935
2025-11-27 06:00:00,142.77,144.1,142.77,143.93,25434.552538
2025-11-27 07:00:00,143.94,144.24,143.6,143.76,14996.844025
2025-11-27 08:00:00,143.76,143.89,142.13,142.58,27465.310855
2025-11-27 09:00:00,142.58,143.03,141.66,141.74,28838.881726
2025-11-27 10:00:00,141.74,142.33,141.52,142.3,23961.41319
2025-11-27 11:00:00,142.31,142.33,141.69,142.06,13228.34995
2025-11-27 12:00:00,142.06,142.18,141.0,141.14,20837.220824
2025-11-27 13:00:00,141.14,141.52,140.71,141.25,19561.76192
2025-11-27 14:00:00,141.26,141.82,140.89,141.28,18514.664736
2025-11-27 15:00:00,141.27,142.56,141.1,142.18,28866.286247
2025-11-27 16:00:00,142.17,142.47,141.61,142.2,28277.632179
2025-11-27 17:00:00,142.21,142.28,141.42,141.61,21175.07846
2025-11-27 18:00:00,141.6,143.15,141.51,142.93,21772.623765
2025-11-27 19:00:00,142.92,142.93,142.25,142.72,10252.743885
2025-11-27 20:00:00,142.71,142.9,142.41,142.47,15617.894887
2025-11-27 21:00:00,142.47,142.54,141.79,141.92,10680.722531
2025-11-27 22:00:00,141.92,142.05,140.5,140.81,23891.346224
2025-11-27 23:00:00,140.8,141.45,140.47,140.85,20617.204992
2025-11-28 00:00:00,140.85,141.45,140.5,140.97,12681.404047
2025-11-28 01:00:00,140.97,141.03,138.83,139.04,37699.725457
2025-11-28 02:00:00,139.05,139.64,138.6,139.47,28563.305819
2025-11-28 03:00:00,139.49,139.75,139.16,139.68,24661.083565
2025-11-28 04:00:00,139.68,140.25,139.55,140.04,16729.411361
2025-11-28 05:00:00,140.04,140.55,139.83,140.35,29660.41612
2025-11-28 06:00:00,140.36,140.36,139.2,139.44,16700.498429
2025-11-28 07:00:00,139.44,140.03,138.95,138.98,24714.771548
2025-11-28 08:00:00,138.98,141.63,138.94,141.45,31570.94222
2025-11-28 09:00:00,141.44,142.65,141.0,141.67,45455.187615
2025-11-28 10:00:00,141.68,142.36,141.55,142.05,20163.973577
2025-11-28 11:00:00,142.05,142.06,139.94,141.0,45893.828265
2025-11-28 12:00:00,140.98,141.54,140.79,140.79,22964.996629
2025-11-28 13:00:00,140.8,143.43,140.45,142.51,53162.057919
2025-11-28 14:00:00,142.51,143.55,141.73,142.58,65260.784566
2025-11-28 15:00:00,142.59,143.64,141.33,141.63,68292.836978
2025-11-28 16:00:00,141.63,141.65,138.74,138.81,69291.654365
2025-11-28 17:00:00,138.82,138.86,136.75,137.17,79640.666305
2025-11-28 18:00:00,137.18,137.56,136.0,137.2,39331.359136
2025-11-28 19:00:00,137.19,137.99,137.06,137.53,19601.368035
2025-11-28 20:00:00,137.53,137.98,136.93,137.91,15670.723602
2025-11-28 21:00:00,137.91,138.04,137.28,137.4,7721.937569
2025-11-28 22:00:00,137.4,137.89,136.63,137.8,17673.233661
2025-11-28 23:00:00,137.82,138.3,137.25,137.34,13310.202879
2025-11-29 00:00:00,137.33,137.88,137.13,137.66,8454.663114
2025-11-29 01:00:00,137.66,137.83,137.27,137.42,6483.851156
2025-11-29 02:00:00,137.43,137.72,136.92,137.23,14774.50932
2025-11-29 03:00:00,137.23,137.42,136.79,136.85,9382.09204
2025-11-29 04:00:00,136.86,137.73,136.82,137.66,15369.95279
2025-11-29 05:00:00,137.66,137.66,137.14,137.21,6342.141401
2025-11-29 06:00:00,137.22,137.62,136.25,137.09,31051.246344
2025-11-29 07:00:00,137.1,137.55,136.94,137.29,20397.844058
2025-11-29 08:00:00,137.28,137.5,136.7,136.98,18411.000524
2025-11-29 09:00:00,136.98,137.14,136.62,136.7,11688.112596
2025-11-29 10:00:00,136.7,137.04,136.42,136.84,22117.102615
2025-11-29 11:00:00,136.83,137.38,136.67,137.35,9361.399537
2025-11-29 12:00:00,137.34,137.48,136.88,136.93,7368.025515
2025-11-29 13:00:00,136.93,137.07,136.67,136.91,7663.730916
2025-11-29 14:00:00,136.9,136.9,136.5,136.54,5759.754199
2025-11-29 15:00:00,136.54,137.66,136.54,137.55,16034.273737
2025-11-29 16:00:00,137.55,137.8,137.04,137.66,22588.747191
2025-11-29 17:00:00,137.67,138.04,136.14,136.2,27033.746521
2025-11-29 18:00:00,136.21,136.37,134.8,135.69,47813.578258
2025-11-29 19:00:00,135.69,136.26,135.42,135.69,11110.073669
2025-11-29 20:00:00,135.69,136.35,135.34,136.24,9323.823365
2025-11-29 21:00:00,136.24,136.52,135.78,136.48,11146.806779
2025-11-29 22:00:00,136.47,136.47,135.43,135.82,13675.018665
2025-11-29 23:00:00,135.83,136.21,135.4,135.93,21048.40713
2025-11-30 00:00:00,135.94,136.45,135.75,135.96,8411.679725
2025-11-30 01:00:00,135.97,136.63,135.9,136.32,10951.316551
2025-11-30 02:00:00,136.32,136.79,135.88,135.93,13112.136405
2025-11-30 03:00:00,135.95,136.49,135.26,136.4,19074.612751
2025-11-30 04:00:00,136.42,136.94,136.24,136.36,16933.384715
2025-11-30 05:00:00,136.35,136.35,135.55,135.77,12985.401601
2025-11-30 06:00:00,135.78,136.5,135.54,136.34,12159.312716
2025-11-30 07:00:00,136.33,136.71,136.21,136.51,8399.42033
2025-11-30 08:00:00,136.52,137.07,136.15,136.78,13995.00073
2025-11-30 09:00:00,136.78,137.11,136.46,136.82,11507.989403
2025-11-30 10:00:00,136.82,136.96,136.54,136.68,6555.437253
2025-11-30 11:00:00,136.68,136.91,136.2,136.44,11885.804146
2025-11-30 12:00:00,136.45,137.69,136.19,137.56,16202.393256
2025-11-30 13:00:00,137.56,140.17,137.34,139.26,74163.70788
2025-11-30 14:00:00,139.25,139.48,138.17,138.52,40573.066972
2025-11-30 15:00:00,138.51,138.54,137.52,138.36,32455.493923
2025-11-30 16:00:00,138.36,139.83,138.31,139.54,29163.058166
2025-11-30 17:00:00,139.53,139.53,138.37,138.48,25260.47759
2025-11-30 18:00:00,138.48,138.66,137.87,138.63,21597.041909
2025-11-30 19:00:00,138.63,138.69,137.41,137.64,24797.824175
2025-11-30 20:00:00,137.64,137.99,136.84,137.29,13994.453228
2025-11-30 21:00:00,137.28,137.4,136.63,137.06,13851.309094
2025-11-30 22:00:00,137.06,137.88,137.0,137.74,12396.778112
2025-11-30 23:00:00,137.74,137.81,133.27,133.46,85430.470744
2025-12-01 00:00:00,133.46,133.74,127.53,127.6,240650.391908
2025-12-01 01:00:00,127.59,129.32,127.45,127.97,65437.866645
2025-12-01 02:00:00,127.99,128.65,127.49,127.57,65085.759528
2025-12-01 03:00:00,127.57,127.58,126.53,126.99,53858.522833
2025-12-01 04:00:00,126.99,127.05,126.19,126.38,29116.678227
2025-12-01 05:00:00,126.37,126.57,125.83,126.13,28098.753546
2025-12-01 06:00:00,126.13,126.85,126.03,126.7,18535.694474
2025-12-01 07:00:00,126.71,127.45,126.32,127.4,29276.525304
2025-12-01 08:00:00,127.39,127.82,127.0,127.74,25641.289805
2025-12-01 09:00:00,127.72,128.02,126.87,127.02,38844.393695
2025-12-01 10:00:00,127.02,127.55,126.96,127.23,11565.221403
2025-12-01 11:00:00,127.25,127.38,126.88,127.12,14805.176663
2025-12-01 12:00:00,127.12,127.19,125.41,126.6,51986.998187
2025-12-01 13:00:00,126.59,127.71,126.15,126.48,41009.554549
2025-12-01 14:00:00,126.49,127.08,125.52,126.13,43005.989175
2025-12-01 15:00:00,126.14,126.31,123.14,125.12,145013.704952
2025-12-01 16:00:00,125.12,125.34,123.4,123.54,67588.510509
2025-12-01 17:00:00,123.54,124.99,123.53,124.45,28926.85433
2025-12-01 18:00:00,124.46,125.33,123.78,124.51,32245.836283
2025-12-01 19:00:00,124.52,124.6,123.28,123.85,39155.530551
2025-12-01 20:00:00,123.84,125.36,123.82,124.42,36155.274759
2025-12-01 21:00:00,124.43,126.24,124.22,126.1,70691.304648
2025-12-01 22:00:00,126.1,127.42,125.84,126.82,39801.775859
2025-12-01 23:00:00,126.82,127.39,126.53,126.63,37121.513842
2025-12-02 00:00:00,126.65,127.56,126.46,127.36,28577.974243
2025-12-02 01:00:00,127.35,128.54,126.82,127.01,24453.372851
2025-12-02 02:00:00,127.0,128.13,126.64,126.98,25989.182091
2025-12-02 03:00:00,126.97,127.74,126.0,127.26,32560.574119
2025-12-02 04:00:00,127.24,127.88,126.89,126.92,17928.49245
2025-12-02 05:00:00,126.91,127.09,126.41,126.72,20865.326275
2025-12-02 06:00:00,126.73,127.86,126.45,127.68,19242.852447
2025-12-02 07:00:00,127.68,127.72,126.97,127.3,49625.218055
2025-12-02 08:00:00,127.3,127.35,126.0,126.16,93141.740352
2025-12-02 09:00:00,126.16,127.18,126.12,126.76,23190.396587
2025-12-02 10:00:00,126.75,128.83,126.71,128.32,32258.424975
2025-12-02 11:00:00,128.3,128.51,127.83,128.3,26001.461693
2025-12-02 12:00:00,128.3,129.03,128.19,128.86,29248.79676
2025-12-02 13:00:00,128.87,131.01,128.44,130.6,85314.271363
2025-12-02 14:00:00,130.62,133.45,130.4,132.99,97678.119846
2025-12-02 15:00:00,132.98,139.72,132.94,137.81,242024.752619
2025-12-02 16:00:00,137.82,139.71,137.38,139.36,145121.590437
2025-12-02 17:00:00,139.37,140.9,139.26,139.48,71379.159572
2025-12-02 18:00:00,139.47,140.29,139.4,139.86,51747.397707
2025-12-02 19:00:00,139.86,140.65,139.77,140.26,49147.074602
2025-12-02 20:00:00,140.26,140.38,138.23,138.76,88654.509797
2025-12-02 21:00:00,138.75,139.3,138.4,139.13,19503.389521
2025-12-02 22:00:00,139.12,139.99,138.88,139.92,28185.358048
2025-12-02 23:00:00,139.93,139.93,138.41,138.69,24749.307493
2025-12-03 00:00:00,138.69,138.95,137.77,138.17,45833.891361
2025-12-03 01:00:00,138.18,139.24,137.9,138.89,36712.123338
2025-12-03 02:00:00,138.89,140.34,138.79,140.05,50034.064367
2025-12-03 03:00:00,140.06,140.65,139.79,140.34,31360.955903
2025-12-03 04:00:00,140.34,142.48,140.21,142.28,71169.190772
2025-12-03 05:00:00,142.27,143.26,142.18,143.06,53317.377347
2025-12-03 06:00:00,143.06,144.29,142.36,142.47,61615.017799
2025-12-03 07:00:00,142.46,142.57,141.82,141.86,27699.502028
2025-12-03 08:00:00,141.87,142.68,141.48,142.16,25969.612566
2025-12-03 09:00:00,142.15,142.44,141.56,142.12,30469.684288
2025-12-03 10:00:00,142.12,142.28,141.2,141.29,18428.242519
2025-12-03 11:00:00,141.3,141.8,140.72,141.73,20249.501237
2025-12-03 12:00:00,141.73,142.08,141.12,141.92,17342.329411
2025-12-03 13:00:00,141.93,142.45,141.5,141.87,20979.586083
2025-12-03 14:00:00,141.88,143.53,138.78,140.94,130122.195077
2025-12-03 15:00:00,140.94,142.09,140.17,140.99,42718.383036
2025-12-03 16:00:00,141.0,141.83,139.83,140.72,37413.925283
2025-12-03 17:00:00,140.72,142.09,140.47,141.84,49640.942579
2025-12-03 18:00:00,141.83,142.36,140.68,141.18,40913.091323
2025-12-03 19:00:00,141.17,141.6,141.03,141.26,10975.236659
2025-12-03 20:00:00,141.28,142.26,140.76,141.69,23838.66378
2025-12-03 21:00:00,141.7,146.11,141.62,145.5,77496.694534
2025-12-03 22:00:00,145.52,145.97,143.13,144.53,76030.217713
2025-12-03 23:00:00,144.54,145.62,144.48,144.66,56308.402231
2025-12-04 00:00:00,144.66,145.38,143.66,145.04,32724.549258
2025-12-04 01:00:00,145.04,146.91,144.11,144.17,64381.413425
2025-12-04 02:00:00,144.17,146.11,143.97,145.61,31242.906981
2025-12-04 03:00:00,145.6,145.63,144.34,144.66,16879.810355
2025-12-04 04:00:00,144.67,144.88,143.74,144.18,23878.739375
2025-12-04 05:00:00,144.18,144.24,142.86,143.24,27494.697221
2025-12-04 06:00:00,143.24,144.36,143.11,143.97,20776.408838
2025-12-04 07:00:00,143.97,144.02,142.63,143.46,26506.211199
2025-12-04 08:00:00,143.46,144.06,142.75,142.9,17291.023998
2025-12-04 09:00:00,142.91,144.18,142.9,143.9,28629.932804
2025-12-04 10:00:00,143.9,144.18,143.31,143.35,10555.896875
2025-12-04 11:00:00,143.35,143.47,142.7,143.05,16051.077626
2025-12-04 12:00:00,143.05,143.49,142.33,142.88,19930.591885
2025-12-04 13:00:00,142.89,143.17,141.82,142.24,34644.230955
2025-12-04 14:00:00,142.24,143.38,141.45,141.84,48980.625019
2025-12-04 15:00:00,141.84,144.32,141.81,143.21,73534.401048
2025-12-04 16:00:00,143.21,143.84,142.25,142.63,35573.159079
2025-12-04 17:00:00,142.62,142.81,141.03,142.15,30985.512417
2025-12-04 18:00:00,142.15,142.23,140.3,140.74,31382.620089
2025-12-04 19:00:00,140.75,140.87,137.77,139.67,71486.006498
2025-12-04 20:00:00,139.68,140.5,139.19,140.39,39442.994568
2025-12-04 21:00:00,140.38,140.43,138.55,138.73,30452.435781
2025-12-04 22:00:00,138.74,139.79,138.74,139.4,20031.764163
2025-12-04 23:00:00,139.4,139.43,138.71,139.01,11549.36621
2025-12-05 00:00:00,139.02,139.75,138.92,139.25,11387.622032
2025-12-05 01:00:00,139.26,140.22,139.16,139.84,19337.188459
2025-12-05 02:00:00,139.81,140.16,139.24,139.81,18718.500434
2025-12-05 03:00:00,139.8,140.17,138.32,138.56,32915.162566
2025-12-05 04:00:00,138.55,139.14,138.08,138.52,20618.5048
2025-12-05 05:00:00,138.53,138.75,137.75,138.07,21174.593054
2025-12-05 06:00:00,138.07,139.11,138.04,138.89,24200.778712
2025-12-05 07:00:00,138.89,140.72,138.76,139.66,63794.907844
2025-12-05 08:00:00,139.66,139.66,137.82,138.21,38327.967613
2025-12-05 09:00:00,138.22,138.28,136.3,136.38,54418.997876
2025-12-05 10:00:00,136.36,137.98,136.16,137.71,37781.716245
2025-12-05 11:00:00,137.71,138.07,136.87,137.02,19006.609891
2025-12-05 12:00:00,137.02,137.14,136.33,136.68,41067.778179
2025-12-05 13:00:00,136.68,137.07,135.77,135.95,45487.491459
2025-12-05 14:00:00,135.96,136.31,134.43,134.76,56684.288724
2025-12-05 15:00:00,134.76,137.21,134.64,135.04,88540.194665
2025-12-05 16:00:00,135.05,135.2,131.19,132.21,121415.656616
2025-12-05 17:00:00,132.21,132.73,131.13,132.18,51100.82684
2025-12-05 18:00:00,132.17,133.06,131.19,131.36,40232.496476
2025-12-05 19:00:00,131.36,132.95,130.72,132.5,35641.525949
2025-12-05 20:00:00,132.5,132.92,131.97,132.57,16020.951038
2025-12-05 21:00:00,132.57,133.13,132.0,132.4,20382.255927
2025-12-05 22:00:00,132.42,132.9,132.12,132.72,13776.702252
2025-12-05 23:00:00,132.72,133.36,132.28,133.3,9915.860341
2025-12-06 00:00:00,133.29,133.7,132.81,133.47,25175.649979
2025-12-06 01:00:00,133.47,133.84,133.22,133.49,10953.447765
2025-12-06 02:00:00,133.49,133.5,132.88,133.44,11638.585264
2025-12-06 03:00:00,133.43,134.12,133.32,133.74,19726.999603
2025-12-06 04:00:00,133.73,133.75,133.0,133.2,19732.740439
2025-12-06 05:00:00,133.2,133.41,132.9,133.07,7272.610095
2025-12-06 06:00:00,133.07,133.24,132.79,132.95,6991.370859
2025-12-06 07:00:00,132.96,133.2,132.56,132.72,8954.172201
2025-12-06 08:00:00,132.73,132.86,131.88,131.98,10105.07507
2025-12-06 09:00:00,131.98,132.84,131.98,132.52,13732.494549
2025-12-06 10:00:00,132.51,132.98,132.42,132.72,4876.033294
2025-12-06 11:00:00,132.72,133.28,132.68,133.23,9134.494347
2025-12-06 12:00:00,133.22,133.23,132.63,132.65,5949.382607
2025-12-06 13:00:00,132.65,133.27,132.6,132.95,6727.135187
2025-12-06 14:00:00,132.95,134.0,132.85,133.74,28667.173975
2025-12-06 15:00:00,133.74,133.79,132.24,132.86,41289.499743
2025-12-06 16:00:00,132.88,133.54,132.8,133.08,20588.240582
2025-12-06 17:00:00,133.07,133.38,132.68,132.97,10095.570307
2025-12-06 18:00:00,132.97,133.22,132.63,132.81,9658.573804
2025-12-06 19:00:00,132.8,132.98,131.79,132.08,28669.568898
2025-12-06 20:00:00,132.07,132.6,132.07,132.5,4796.839306
2025-12-06 21:00:00,132.49,132.92,132.24,132.41,6759.965932
2025-12-06 22:00:00,132.41,132.6,131.8,132.17,15399.365681
2025-12-06 23:00:00,132.17,132.36,131.31,132.21,14950.4335
2025-12-07 00:00:00,132.21,132.7,131.95,132.39,12079.478066
2025-12-07 01:00:00,132.39,132.79,132.32,132.33,6859.49584
2025-12-07 02:00:00,132.34,133.45,132.29,133.27,9496.268053
2025-12-07 03:00:00,133.26,133.58,133.02,133.49,5164.133062
2025-12-07 04:00:00,133.5,133.54,132.87,133.03,7149.701766
2025-12-07 05:00:00,133.03,133.24,132.67,132.83,9012.622032
2025-12-07 06:00:00,132.83,133.24,132.76,133.09,4620.81981
2025-12-07 07:00:00,133.09,133.13,131.93,132.12,10904.851678
2025-12-07 08:00:00,132.11,132.58,131.7,131.91,8279.350385
2025-12-07 09:00:00,131.92,132.11,131.56,131.9,6423.092073
2025-12-07 10:00:00,131.89,132.55,131.72,132.27,10938.333824
2025-12-07 11:00:00,132.27,132.52,132.16,132.42,11321.754192
2025-12-07 12:00:00,132.42,133.07,132.36,132.91,19918.464925
2025-12-07 13:00:00,132.91,133.03,131.52,131.74,17239.209347
2025-12-07 14:00:00,131.74,131.83,127.7,128.17,126913.617959
2025-12-07 15:00:00,128.16,132.19,128.03,132.02,72635.203227
2025-12-07 16:00:00,132.02,132.03,130.5,131.97,32082.118544
2025-12-07 17:00:00,131.97,135.55,131.3,134.81,69665.684765
2025-12-07 18:00:00,134.81,136.29,134.81,136.03,45763.799906
2025-12-07 19:00:00,136.04,136.16,135.2,135.72,22435.317641
2025-12-07 20:00:00,135.74,136.38,135.65,136.21,26372.880844
2025-12-07 21:00:00,136.21,136.21,132.46,133.12,46670.178375
2025-12-07 22:00:00,133.12,133.12,129.78,131.26,65689.989169
2025-12-07 23:00:00,131.25,132.4,130.63,132.27,20073.537291
2025-12-08 00:00:00,132.27,132.74,131.53,131.61,30662.620352
2025-12-08 01:00:00,131.61,134.5,131.52,133.36,42373.765607
2025-12-08 02:00:00,133.37,134.19,133.09,134.02,25701.008627
2025-12-08 03:00:00,134.03,134.69,133.7,134.31,24457.980192
2025-12-08 04:00:00,134.31,135.22,134.05,135.06,15705.839
2025-12-08 05:00:00,135.06,135.41,134.6,135.19,14126.630349
2025-12-08 06:00:00,135.19,135.99,134.7,135.72,27557.587486
2025-12-08 07:00:00,135.73,135.99,134.89,135.85,41674.587288
2025-12-08 08:00:00,135.85,136.96,135.63,136.7,24482.166193
2025-12-08 09:00:00,136.7,138.91,136.67,138.16,59394.270148
2025-12-08 10:00:00,138.16,139.35,138.06,138.77,36354.455352
2025-12-08 11:00:00,138.77,139.14,138.15,138.38,33334.941117
2025-12-08 12:00:00,138.38,138.59,137.26,137.85,48231.401069
2025-12-08 13:00:00,137.86,139.33,137.56,138.14,44561.700865
2025-12-08 14:00:00,138.13,139.0,136.9,137.2,55207.462554
2025-12-08 15:00:00,137.2,137.58,135.25,135.55,80149.88919
2025-12-08 16:00:00,135.55,136.55,134.88,135.6,40085.329254
2025-12-08 17:00:00,135.61,136.32,134.75,135.83,33018.117943
2025-12-08 18:00:00,135.83,136.25,133.0,133.62,54139.448933
2025-12-08 19:00:00,133.6,134.65,133.47,133.66,34393.988169
2025-12-08 20:00:00,133.65,134.92,133.43,134.09,50576.716124
2025-12-08 21:00:00,134.08,134.57,133.17,134.48,47743.172886
2025-12-08 22:00:00,134.48,134.54,133.38,133.6,27103.207929
2025-12-08 23:00:00,133.59,133.81,132.41,133.26,36694.00126
2025-12-09 00:00:00,133.26,133.6,132.58,133.02,20073.061349
2025-12-09 01:00:00,133.04,133.33,132.62,133.13,21737.927648
2025-12-09 02:00:00,133.13,133.65,132.76,132.78,15900.426237
2025-12-09 03:00:00,132.79,134.4,132.5,134.17,43458.744873
2025-12-09 04:00:00,134.19,134.28,132.35,132.66,42947.340116
2025-12-09 05:00:00,132.66,133.01,131.79,132.1,32078.768477
2025-12-09 06:00:00,132.12,132.78,132.0,132.63,13903.328654
2025-12-09 07:00:00,132.63,133.3,132.39,133.23,17599.092515
2025-12-09 08:00:00,133.23,133.44,132.66,133.14,20722.857228
2025-12-09 09:00:00,133.13,133.14,132.32,132.35,13069.441813
2025-12-09 10:00:00,132.36,132.88,132.04,132.76,19312.447076
2025-12-09 11:00:00,132.76,133.05,132.47,132.96,9840.16048
2025-12-09 12:00:00,132.95,133.6,132.75,133.13,19981.416029
2025-12-09 13:00:00,133.12,133.29,132.03,132.41,25657.636564
2025-12-09 14:00:00,132.41,132.84,131.61,132.52,28708.465227
2025-12-09 15:00:00,132.52,138.49,132.41,138.44,130373.058501
2025-12-09 16:00:00,138.44,144.67,138.44,143.69,270897.885706
2025-12-09 17:00:00,143.71,144.95,142.53,143.14,147462.555529
2025-12-09 18:00:00,143.15,143.3,141.67,142.49,76196.729561
2025-12-09 19:00:00,142.49,142.84,141.71,142.12,39874.160681
2025-12-09 20:00:00,142.11,142.35,139.64,140.16,46829.98435
2025-12-09 21:00:00,140.16,140.47,136.75,137.75,52658.979335
2025-12-09 22:00:00,137.76,139.44,137.46,138.75,39149.541003
2025-12-09 23:00:00,138.77,138.8,137.7,137.89,35109.884334
2025-12-10 00:00:00,137.88,138.33,137.21,137.28,28413.562632
2025-12-10 01:00:00,137.28,138.48,137.19,137.87,33246.876579
2025-12-10 02:00:00,137.86,138.12,137.21,137.74,19384.488883
2025-12-10 03:00:00,137.74,138.6,137.56,138.16,17196.048545
2025-12-10 04:00:00,138.16,140.23,138.05,139.07,51216.611753
2025-12-10 05:00:00,139.05,139.58,138.67,139.14,26310.054385
2025-12-10 06:00:00,139.15,139.44,138.75,139.22,18510.237233
2025-12-10 07:00:00,139.21,139.23,138.36,139.19,20634.387156
2025-12-10 08:00:00,139.2,139.45,138.43,138.5,21952.060717
2025-12-10 09:00:00,138.5,139.1,138.14,138.97,40466.067811
2025-12-10 10:00:00,138.96,139.83,136.83,136.97,81721.775923
2025-12-10 11:00:00,136.97,137.52,136.34,137.22,42660.03157
2025-12-10 12:00:00,137.22,138.17,136.85,137.91,25755.660507
2025-12-10 13:00:00,137.89,138.17,137.49,137.7,22549.206591
2025-12-10 14:00:00,137.69,137.76,136.53,137.19,35061.078162
2025-12-10 15:00:00,137.16,137.66,135.71,136.15,54723.355141
2025-12-10 16:00:00,136.15,137.45,135.74,136.14,84650.574548
2025-12-10 17:00:00,136.13,137.17,135.89,136.81,45852.113721
2025-12-10 18:00:00,136.82,139.5,136.41,137.68,103451.815251
2025-12-10 19:00:00,137.7,139.63,136.2,138.66,234075.806592
2025-12-10 20:00:00,138.67,142.64,137.44,138.36,194570.544085
2025-12-10 21:00:00,138.32,138.86,136.8,137.15,44730.775738
2025-12-10 22:00:00,137.17,137.84,135.29,137.61,54264.198106
2025-12-10 23:00:00,137.61,137.85,136.12,136.25,41028.020598
2025-12-11 00:00:00,136.25,136.42,133.43,133.88,104828.965736
2025-12-11 01:00:00,133.88,134.2,132.65,132.87,52493.520259
2025-12-11 02:00:00,132.88,132.94,130.52,130.81,121476.020136
2025-12-11 03:00:00,130.81,130.81,129.01,129.4,113946.791258
2025-12-11 04:00:00,129.39,131.53,129.05,131.03,80921.259707
2025-12-11 05:00:00,131.04,131.28,130.48,131.19,35237.373911
2025-12-11 06:00:00,131.2,131.43,130.37,131.06,27659.690887
2025-12-11 07:00:00,131.06,131.35,130.65,131.02,23032.75937
2025-12-11 08:00:00,131.03,131.14,130.18,131.11,24768.576136
2025-12-11 09:00:00,131.11,131.4,130.84,130.94,19122.271286
2025-12-11 10:00:00,130.94,131.11,130.52,130.85,14609.208059
2025-12-11 11:00:00,130.84,131.23,130.78,130.92,9515.354003
2025-12-11 12:00:00,130.92,131.88,130.74,131.23,14516.014906
2025-12-11 13:00:00,131.25,131.52,130.89,131.32,14811.818771
2025-12-11 14:00:00,131.33,131.52,129.85,130.66,78155.829577
2025-12-11 15:00:00,130.65,132.81,130.33,131.19,52180.224261
2025-12-11 16:00:00,131.18,131.99,130.13,131.34,39761.814566
2025-12-11 17:00:00,131.34,132.57,130.82,132.35,28184.345104
2025-12-11 18:00:00,132.36,135.56,132.01,134.46,92273.19615
2025-12-11 19:00:00,134.46,135.46,133.6,133.89,51368.304067
2025-12-11 20:00:00,133.89,137.0,133.81,136.09,67669.437699
2025-12-11 21:00:00,136.1,137.8,136.1,137.03,114563.840901
2025-12-11 22:00:00,137.04,137.5,135.85,136.18,91141.135189
2025-12-11 23:00:00,136.18,136.78,135.7,136.44,40486.506927
2025-12-12 00:00:00,136.44,137.49,135.37,135.5,62306.33179
2025-12-12 01:00:00,135.5,137.24,135.5,136.73,37292.709115
2025-12-12 02:00:00,136.74,137.95,136.5,137.19,28577.658398
2025-12-12 03:00:00,137.22,137.44,136.6,137.09,20764.164986
2025-12-12 04:00:00,137.08,137.2,136.78,137.07,17181.740579
2025-12-12 05:00:00,137.07,138.93,136.58,138.9,66910.385483
2025-12-12 06:00:00,138.91,140.15,138.73,139.16,113551.704027
2025-12-12 07:00:00,139.16,139.44,138.81,139.1,23674.054583
2025-12-12 08:00:00,139.09,139.15,137.59,137.95,51862.426421
2025-12-12 09:00:00,137.94,138.48,137.25,138.27,19934.569055
2025-12-12 10:00:00,138.26,138.58,137.97,138.39,16291.473746
2025-12-12 11:00:00,138.39,138.78,137.9,138.73,25608.295501
2025-12-12 12:00:00,138.73,139.84,138.35,139.64,21202.369848
2025-12-12 13:00:00,139.64,139.64,138.74,138.98,21659.721084
2025-12-12 14:00:00,138.99,139.58,138.1,138.5,34433.721168
2025-12-12 15:00:00,138.49,138.52,132.85,133.48,201278.575423
2025-12-12 16:00:00,133.48,133.99,131.5,132.18,147488.435089
2025-12-12 17:00:00,132.19,133.58,131.34,132.15,71531.24257
2025-12-12 18:00:00,132.15,133.25,131.46,132.74,55848.444718
2025-12-12 19:00:00,132.75,132.84,130.32,131.26,66564.919095
2025-12-12 20:00:00,131.25,131.92,131.01,131.56,29544.388811
2025-12-12 21:00:00,131.57,132.06,131.24,131.84,18996.257589
2025-12-12 22:00:00,131.85,132.86,131.82,132.75,21554.372908
2025-12-12 23:00:00,132.75,133.04,132.2,132.26,23643.632787
2025-12-13 00:00:00,132.27,132.76,132.27,132.63,9320.980695
2025-12-13 01:00:00,132.64,132.99,132.38,132.67,17037.499975
2025-12-13 02:00:00,132.66,133.02,132.57,132.62,11820.417008
2025-12-13 03:00:00,132.63,133.01,132.55,132.88,8589.080067
2025-12-13 04:00:00,132.89,132.94,132.58,132.88,8433.690937
2025-12-13 05:00:00,132.87,133.0,132.34,132.69,13694.25972
2025-12-13 06:00:00,132.68,132.96,132.4,132.87,5717.426029
2025-12-13 07:00:00,132.88,133.02,132.8,132.95,7514.509089
2025-12-13 08:00:00,132.95,134.21,132.95,134.0,29866.837168
2025-12-13 09:00:00,134.0,134.27,133.5,133.58,16794.670501
2025-12-13 10:00:00,133.59,134.26,133.48,133.94,24222.182723
2025-12-13 11:00:00,133.95,134.05,133.18,133.31,20429.06926
2025-12-13 12:00:00,133.3,133.68,132.63,132.97,21525.504247
2025-12-13 13:00:00,132.96,133.37,132.62,133.12,15126.741178
2025-12-13 14:00:00,133.15,133.41,132.62,133.18,15726.074277
2025-12-13 15:00:00,133.19,133.66,133.1,133.28,22820.234255
2025-12-13 16:00:00,133.28,133.83,132.88,133.19,9312.636585
2025-12-13 17:00:00,133.19,133.21,132.08,132.2,31402.532659
2025-12-13 18:00:00,132.21,132.8,132.06,132.33,23173.249105
2025-12-13 19:00:00,132.32,132.95,132.3,132.75,8028.07911
2025-12-13 20:00:00,132.74,132.99,132.24,132.3,7359.071685
2025-12-13 21:00:00,132.29,132.73,131.61,132.69,14264.239764
2025-12-13 22:00:00,132.7,133.06,132.21,132.84,17116.67366
2025-12-13 23:00:00,132.83,133.26,132.61,133.14,9720.386012
2025-12-14 00:00:00,133.14,133.66,132.71,133.25,19789.894529
2025-12-14 01:00:00,133.25,133.56,133.03,133.31,8610.700719
2025-12-14 02:00:00,133.3,133.54,133.09,133.34,5939.894751
2025-12-14 03:00:00,133.34,133.47,132.84,132.95,12622.066077
2025-12-14 04:00:00,132.96,133.2,132.41,132.5,13402.520157
2025-12-14 05:00:00,132.49,132.71,132.11,132.68,13513.953657
2025-12-14 06:00:00,132.67,133.05,132.49,132.94,13348.864132
2025-12-14 07:00:00,132.94,133.39,132.84,133.26,8702.587735
2025-12-14 08:00:00,133.26,133.5,132.65,132.69,15639.502742
2025-12-14 09:00:00,132.68,132.82,132.34,132.35,18036.004119
2025-12-14 10:00:00,132.34,132.62,130.98,131.79,75908.354549
2025-12-14 11:00:00,131.8,131.97,130.14,131.47,50067.17338
2025-12-14 12:00:00,131.48,131.9,130.89,131.38,34177.164934
2025-12-14 13:00:00,131.37,131.65,130.92,131.62,19576.695787
2025-12-14 14:00:00,131.62,131.8,130.42,130.89,25411.37295
2025-12-14 15:00:00,130.9,131.07,130.31,130.68,18881.131741
2025-12-14 16:00:00,130.67,131.61,130.5,131.03,16884.993928
2025-12-14 17:00:00,131.03,131.21,129.4,130.04,37881.073144
2025-12-14 18:00:00,130.05,130.72,129.91,130.64,11405.930797
2025-12-14 19:00:00,130.63,130.64,129.99,130.31,7001.074111
2025-12-14 20:00:00,130.31,130.72,129.85,130.05,18857.583249
2025-12-14 21:00:00,130.06,130.32,129.57,129.88,10241.344884
2025-12-14 22:00:00,129.9,130.29,129.59,130.2,11158.055488
2025-12-14 23:00:00,130.21,130.85,127.91,129.4,66475.356246
2025-12-15 00:00:00,129.39,130.38,129.31,130.15,29691.614504
2025-12-15 01:00:00,130.15,131.59,129.85,131.17,25343.209218
2025-12-15 02:00:00,131.19,133.23,131.19,131.52,40039.074205
2025-12-15 03:00:00,131.51,131.8,130.94,131.18,40976.086518
2025-12-15 04:00:00,131.19,132.01,130.88,131.82,20886.79909
2025-12-15 05:00:00,131.85,132.15,131.68,131.99,8969.352579
2025-12-15 06:00:00,132.0,132.7,131.7,132.4,17295.698908
2025-12-15 07:00:00,132.4,132.65,131.83,132.35,12214.869336
2025-12-15 08:00:00,132.35,132.71,132.11,132.39,11200.287141
2025-12-15 09:00:00,132.4,133.02,132.12,132.78,22990.797919
2025-12-15 10:00:00,132.74,133.03,132.33,132.63,17560.852262
2025-12-15 11:00:00,132.64,132.8,132.06,132.28,12485.129245
2025-12-15 12:00:00,132.28,133.15,131.8,132.78,22971.777779
2025-12-15 13:00:00,132.78,133.29,131.74,132.68,70352.970078
2025-12-15 14:00:00,132.68,135.5,129.5,130.51,198670.491757
2025-12-15 15:00:00,130.51,130.75,126.44,126.9,252454.164894
2025-12-15 16:00:00,126.9,127.29,125.58,126.49,101007.567684
2025-12-15 17:00:00,126.48,126.78,124.51,124.94,67468.419502
2025-12-15 18:00:00,124.94,125.29,123.62,124.9,63454.257446
2025-12-15 19:00:00,124.89,125.84,124.7,124.99,52825.667957
2025-12-15 20:00:00,125.01,125.63,123.9,125.01,34191.52305
2025-12-15 21:00:00,125.02,126.43,124.97,125.84,32544.934275
2025-12-15 22:00:00,125.87,126.42,125.63,126.38,17733.399048
2025-12-15 23:00:00,126.37,127.89,126.3,127.84,48220.637957
2025-12-16 00:00:00,127.83,128.04,126.17,126.21,42658.850706
2025-12-16 01:00:00,126.22,126.86,125.58,126.4,28800.569036
2025-12-16 02:00:00,126.41,127.32,125.98,126.77,18222.546761
2025-12-16 03:00:00,126.78,126.95,124.93,126.52,26625.645697
2025-12-16 04:00:00,126.52,126.83,124.88,126.14,37492.999621
2025-12-16 05:00:00,126.15,126.68,125.92,126.41,16421.823253
2025-12-16 06:00:00,126.41,127.48,126.3,127.35,14917.624313
2025-12-16 07:00:00,127.35,127.39,125.56,125.58,20525.124288
2025-12-16 08:00:00,125.59,126.61,125.45,125.99,11566.139475
2025-12-16 09:00:00,125.99,126.5,125.9,126.3,11545.564313
2025-12-16 10:00:00,126.32,128.9,126.16,128.47,35005.311323
2025-12-16 11:00:00,128.48,129.06,127.9,128.62,69756.293935
2025-12-16 12:00:00,128.62,128.99,128.23,128.63,18133.839737
2025-12-16 13:00:00,128.62,129.92,126.75,126.77,93171.96882
2025-12-16 14:00:00,126.76,129.8,126.14,128.59,106238.024233
2025-12-16 15:00:00,128.59,130.16,127.29,129.75,65278.347348
2025-12-16 16:00:00,129.75,129.86,127.79,128.34,37554.455153
2025-12-16 17:00:00,128.34,128.59,127.14,127.28,25644.575976
2025-12-16 18:00:00,127.29,128.61,126.98,128.03,21804.316898
2025-12-16 19:00:00,128.03,128.09,126.77,127.74,12732.901486
2025-12-16 20:00:00,127.73,128.93,127.46,128.42,17992.38847
2025-12-16 21:00:00,128.41,128.74,128.01,128.49,11191.867184
2025-12-16 22:00:00,128.49,129.02,128.27,128.61,9027.271485
2025-12-16 23:00:00,128.63,129.52,128.16,129.17,11783.585446
2025-12-17 00:00:00,129.18,129.18,128.29,128.91,13164.971596
2025-12-17 01:00:00,128.92,129.83,128.79,129.18,18346.185891
2025-12-17 02:00:00,129.17,129.5,128.46,129.3,18838.029147
2025-12-17 03:00:00,129.31,129.64,128.22,128.27,15548.408319
2025-12-17 04:00:00,128.27,128.47,127.44,127.89,21507.01178
2025-12-17 05:00:00,127.88,128.12,127.04,127.64,20316.273276
2025-12-17 06:00:00,127.64,128.07,127.59,127.78,10783.278894
2025-12-17 07:00:00,127.78,128.59,127.66,128.29,14569.482125
2025-12-17 08:00:00,128.29,128.29,126.82,126.93,12089.813009
2025-12-17 09:00:00,126.93,127.05,125.96,126.75,26395.906209
2025-12-17 10:00:00,126.75,126.99,126.31,126.6,16024.403747
2025-12-17 11:00:00,126.6,127.94,126.51,127.6,15730.356235
2025-12-17 12:00:00,127.61,128.18,127.41,127.95,14391.044699
2025-12-17 13:00:00,127.97,129.47,127.54,129.22,27926.106802
2025-12-17 14:00:00,129.22,132.68,127.0,132.64,170340.955869
2025-12-17 15:00:00,132.63,134.0,126.61,126.77,298898.225208
2025-12-17 16:00:00,126.75,128.07,123.81,124.93,176314.735524
2025-12-17 17:00:00,124.9,125.2,122.57,123.05,163972.053989
2025-12-17 18:00:00,123.08,123.97,121.7,122.11,83369.67806
2025-12-17 19:00:00,122.12,122.5,121.39,122.41,55798.411311
2025-12-17 20:00:00,122.42,123.78,122.04,123.01,45403.25701
2025-12-17 21:00:00,123.01,123.14,122.0,122.42,21443.223234
2025-12-17 22:00:00,122.44,123.55,122.09,123.5,30173.465301
2025-12-17 23:00:00,123.5,123.52,122.81,123.26,24211.10385
2025-12-18 00:00:00,123.27,123.78,123.04,123.71,17245.830554
2025-12-18 01:00:00,123.71,123.81,123.01,123.41,24866.052828
2025-12-18 02:00:00,123.41,124.14,123.1,123.73,31046.7454
2025-12-18 03:00:00,123.72,123.96,123.04,123.66,23639.795762
2025-12-18 04:00:00,123.66,124.13,123.59,123.65,24134.929728
2025-12-18 05:00:00,123.65,123.65,122.37,122.39,50173.131133
2025-12-18 06:00:00,122.4,122.86,122.22,122.8,14899.159373
2025-12-18 07:00:00,122.81,123.38,122.45,122.83,16909.399146
2025-12-18 08:00:00,122.85,123.42,122.45,123.03,23732.75741
2025-12-18 09:00:00,123.03,123.9,122.67,123.68,14831.371158
2025-12-18 10:00:00,123.69,124.14,123.37,123.94,22720.622326
2025-12-18 11:00:00,123.95,124.04,123.21,124.04,22786.316471
2025-12-18 12:00:00,124.04,124.5,123.66,123.95,27230.647432
2025-12-18 13:00:00,123.95,126.87,123.95,126.4,173835.89434
2025-12-18 14:00:00,126.4,127.9,124.77,125.86,155077.834651
2025-12-18 15:00:00,125.87,129.03,125.61,127.4,162775.634913
2025-12-18 16:00:00,127.41,127.5,126.1,126.87,48862.56956
2025-12-18 17:00:00,126.87,126.92,120.57,122.96,233441.876268
2025-12-18 18:00:00,122.97,123.93,121.2,121.55,104690.017479
2025-12-18 19:00:00,121.54,121.64,117.44,117.58,218171.42536
2025-12-18 20:00:00,117.57,119.02,116.85,117.23,103599.256637
2025-12-18 21:00:00,117.24,120.19,117.08,120.08,109458.961724
2025-12-18 22:00:00,120.1,120.11,119.2,119.79,35781.754898
2025-12-18 23:00:00,119.8,119.96,119.3,119.6,28106.17091
2025-12-19 00:00:00,119.62,119.89,117.91,118.45,78422.352124
2025-12-19 01:00:00,118.44,118.57,117.62,118.38,31584.353475
2025-12-19 02:00:00,118.37,119.22,117.91,118.96,32041.648303
2025-12-19 03:00:00,118.97,122.52,118.92,121.58,113735.130024
2025-12-19 04:00:00,121.59,123.06,121.35,122.85,99743.351713
2025-12-19 05:00:00,122.85,123.4,121.98,122.62,57282.697841
2025-12-19 06:00:00,122.63,123.66,122.21,123.46,41934.584636
2025-12-19 07:00:00,123.46,125.37,123.46,124.45,86110.331954
2025-12-19 08:00:00,124.43,125.63,123.88,124.98,45643.474518
2025-12-19 09:00:00,124.97,125.07,124.38,124.73,35518.810289
2025-12-19 10:00:00,124.73,125.03,124.54,124.76,25830.655733
2025-12-19 11:00:00,124.76,125.76,124.7,125.37,27963.003516
2025-12-19 12:00:00,125.37,126.2,124.92,125.78,50440.019836
2025-12-19 13:00:00,125.79,126.51,125.62,125.91,38938.735831
2025-12-19 14:00:00,125.91,126.93,124.68,126.02,108895.344601
2025-12-19 15:00:00,126.01,127.65,124.78,125.07,85953.991251
2025-12-19 16:00:00,125.07,127.02,124.85,125.29,41762.192488
2025-12-19 17:00:00,125.3,126.12,123.64,123.67,54933.037904
2025-12-19 18:00:00,123.67,125.36,123.61,124.8,34658.048235
2025-12-19 19:00:00,124.8,126.65,124.79,126.27,31052.580024
2025-12-19 20:00:00,126.25,127.89,126.09,127.17,43871.295247
2025-12-19 21:00:00,127.18,127.41,126.5,126.76,19891.814614
2025-12-19 22:00:00,126.8,127.33,126.76,126.88,12071.917596
2025-12-19 23:00:00,126.87,126.87,126.18,126.27,8746.732188
2025-12-20 00:00:00,126.29,126.35,125.63,125.8,10031.183058
2025-12-20 01:00:00,125.81,126.04,125.53,125.59,11423.555145
2025-12-20 02:00:00,125.59,126.18,125.31,125.86,9857.316256
2025-12-20 03:00:00,125.85,126.5,125.53,126.2,10385.082319
2025-12-20 04:00:00,126.21,126.41,125.87,126.25,8121.23374
2025-12-20 05:00:00,126.27,126.66,126.08,126.38,19465.645492
2025-12-20 06:00:00,126.39,126.65,126.24,126.27,7220.144654
2025-12-20 07:00:00,126.28,126.36,125.9,126.17,12257.01387
2025-12-20 08:00:00,126.17,126.9,126.13,126.49,18722.77995
2025-12-20 09:00:00,126.47,126.76,126.24,126.26,8539.601303
2025-12-20 10:00:00,126.27,126.4,126.02,126.06,6708.400727
2025-12-20 11:00:00,126.05,126.52,125.9,126.48,10245.672429
2025-12-20 12:00:00,126.49,126.49,126.1,126.29,5545.080764
2025-12-20 13:00:00,126.29,126.4,125.46,126.12,36938.36303
2025-12-20 14:00:00,126.13,126.39,125.58,126.36,9771.359658
2025-12-20 15:00:00,126.36,126.66,126.0,126.57,10465.843556
2025-12-20 16:00:00,126.57,126.71,126.12,126.3,9498.663199
2025-12-20 17:00:00,126.3,126.46,126.0,126.02,4715.321187
2025-12-20 18:00:00,126.02,126.13,125.76,126.03,4363.216421
2025-12-20 19:00:00,126.03,126.19,125.79,126.06,2467.62482
2025-12-20 20:00:00,126.06,126.45,125.94,126.44,2955.233219
2025-12-20 21:00:00,126.44,126.55,126.25,126.33,4867.004877
2025-12-20 22:00:00,126.34,126.38,125.78,126.04,7646.469559
2025-12-20 23:00:00,126.04,126.08,125.64,125.82,10001.951646
2025-12-21 00:00:00,125.82,126.12,125.71,126.04,8733.794108
2025-12-21 01:00:00,126.04,126.05,125.11,125.13,20105.342014
2025-12-21 02:00:00,125.13,125.38,124.7,124.92,17267.892312
2025-12-21 03:00:00,124.92,125.57,124.87,125.24,9494.896092
2025-12-21 04:00:00,125.24,125.45,125.15,125.21,8261.554484
2025-12-21 05:00:00,125.21,125.48,125.1,125.3,7619.472851
2025-12-21 06:00:00,125.3,125.49,125.17,125.42,9434.299999
2025-12-21 07:00:00,125.42,125.54,125.22,125.31,4358.091689
2025-12-21 08:00:00,125.31,125.94,124.81,125.58,18260.495613
2025-12-21 09:00:00,125.59,126.58,125.48,126.27,20711.064867
2025-12-21 10:00:00,126.31,126.63,125.61,125.84,18315.358331
2025-12-21 11:00:00,125.85,125.9,125.35,125.51,8554.464591
2025-12-21 12:00:00,125.51,126.09,125.12,125.59,11079.579586
2025-12-21 13:00:00,125.58,125.6,123.42,123.66,45325.528622
2025-12-21 14:00:00,123.65,124.73,123.52,124.42,20622.208645
2025-12-21 15:00:00,124.43,125.28,123.95,125.04,40911.609526
2025-12-21 16:00:00,125.05,125.6,124.8,125.49,23036.313251
2025-12-21 17:00:00,125.49,126.35,125.4,125.51,22740.514658
2025-12-21 18:00:00,125.5,125.5,124.37,125.15,26125.599217
2025-12-21 19:00:00,125.16,125.86,125.09,125.67,10136.155337
2025-12-21 20:00:00,125.67,125.79,125.33,125.36,4245.395613
2025-12-21 21:00:00,125.36,125.37,124.7,124.88,6106.417218
2025-12-21 22:00:00,124.88,125.9,124.78,125.81,9799.203628
2025-12-21 23:00:00,125.83,126.3,125.52,126.03,11746.317257
2025-12-22 00:00:00,126.03,128.54,125.99,126.26,72601.40897
2025-12-22 01:00:00,126.26,127.34,125.81,126.04,24265.975648
2025-12-22 02:00:00,126.04,126.07,124.52,125.26,46668.404233
2025-12-22 03:00:00,125.26,126.53,124.94,126.05,28537.43877
2025-12-22 04:00:00,126.05,126.74,125.86,126.54,24094.137982
2025-12-22 05:00:00,126.55,126.7,126.09,126.34,12892.371897
2025-12-22 06:00:00,126.33,126.58,125.77,125.77,14032.05129
2025-12-22 07:00:00,125.77,126.52,125.57,126.33,15974.174171
2025-12-22 08:00:00,126.31,127.37,125.62,125.64,43654.145198
2025-12-22 09:00:00,125.64,126.37,125.5,126.23,30002.954786
2025-12-22 10:00:00,126.24,126.94,125.9,126.71,22295.886298
2025-12-22 11:00:00,126.72,127.47,126.38,127.01,29918.775189
2025-12-22 12:00:00,127.01,127.74,126.7,127.0,41036.162167
2025-12-22 13:00:00,127.0,127.13,126.32,127.04,30264.675483
2025-12-22 14:00:00,127.04,128.28,126.52,127.85,81716.461584
2025-12-22 15:00:00,127.86,128.78,126.47,128.08,64427.891935
2025-12-22 16:00:00,128.09,128.37,127.16,127.25,41535.801031
2025-12-22 17:00:00,127.25,127.33,126.48,126.93,20287.391843
2025-12-22 18:00:00,126.93,127.5,126.37,126.51,25194.052764
2025-12-22 19:00:00,126.5,126.51,124.64,124.67,49080.152522
2025-12-22 20:00:00,124.68,125.27,124.21,124.41,52490.727257
2025-12-22 21:00:00,124.41,125.59,124.36,125.18,33134.182536
2025-12-22 22:00:00,125.18,126.03,125.0,125.87,27824.330658
2025-12-22 23:00:00,125.88,125.97,125.46,125.92,18261.782339
2025-12-23 00:00:00,125.94,126.91,125.8,126.71,25371.280705
2025-12-23 01:00:00,126.73,126.8,125.95,126.2,14243.150696
2025-12-23 02:00:00,126.2,126.62,125.5,125.65,21127.058533
2025-12-23 03:00:00,125.65,126.15,124.91,125.67,25766.650608
2025-12-23 04:00:00,125.67,126.09,125.44,125.45,11235.429725
2025-12-23 05:00:00,125.46,125.53,124.61,125.0,26479.457782
2025-12-23 06:00:00,125.0,125.31,124.15,124.38,43464.760678
2025-12-23 07:00:00,124.38,124.64,123.79,124.22,46199.452312
2025-12-23 08:00:00,124.23,124.67,124.04,124.21,13201.223034
2025-12-23 09:00:00,124.21,124.41,123.96,124.19,15221.075383
2025-12-23 10:00:00,124.19,124.88,124.13,124.85,15920.084167
2025-12-23 11:00:00,124.85,125.23,124.72,124.87,13697.906653
2025-12-23 12:00:00,124.86,124.93,123.94,124.2,17912.218511
2025-12-23 13:00:00,124.19,124.64,122.74,123.36,71686.301056
2025-12-23 14:00:00,123.36,123.74,122.15,122.7,68167.323823
2025-12-23 15:00:00,122.7,123.51,122.38,123.37,50780.099938
2025-12-23 16:00:00,123.37,124.91,123.03,124.63,49358.524936
2025-12-23 17:00:00,124.61,124.84,122.78,122.85,49511.02079
2025-12-23 18:00:00,122.86,124.16,122.84,123.99,27838.816553
2025-12-23 19:00:00,123.99,124.54,123.49,123.99,18789.108221
2025-12-23 20:00:00,123.98,125.65,123.47,124.69,31587.554773
2025-12-23 21:00:00,124.71,124.75,123.97,124.29,12238.065184
2025-12-23 22:00:00,124.29,124.49,123.6,123.87,14513.545446
2025-12-23 23:00:00,123.88,124.18,123.46,124.01,12009.299308
2025-12-24 00:00:00,124.01,124.3,123.57,123.89,16970.007874
2025-12-24 01:00:00,123.89,124.22,122.96,123.1,25149.498002
2025-12-24 02:00:00,123.12,123.15,121.8,122.32,30214.661421
2025-12-24 03:00:00,122.32,122.82,121.77,122.73,22880.256516
2025-12-24 04:00:00,122.73,123.07,121.52,121.63,27759.681938
2025-12-24 05:00:00,121.64,122.04,121.15,121.46,27860.719904
2025-12-24 06:00:00,121.47,121.6,120.63,121.6,26819.183325
2025-12-24 07:00:00,121.6,121.87,121.3,121.32,14975.552576
2025-12-24 08:00:00,121.32,121.69,121.12,121.39,14466.362967
2025-12-24 09:00:00,121.4,121.75,121.32,121.43,19312.526831
2025-12-24 10:00:00,121.44,122.23,121.4,121.77,15453.515357
2025-12-24 11:00:00,121.76,122.24,121.76,122.06,11271.391404
2025-12-24 12:00:00,122.06,122.54,121.94,122.45,12458.020726
2025-12-24 13:00:00,122.45,122.45,121.64,121.97,21161.17675
2025-12-24 14:00:00,121.97,122.31,120.7,121.48,33251.657771
2025-12-24 15:00:00,121.5,122.94,121.33,122.75,26655.732217
2025-12-24 16:00:00,122.74,123.46,122.43,122.71,23829.679542
2025-12-24 17:00:00,122.71,122.99,122.0,122.03,30185.272915
2025-12-24 18:00:00,122.05,122.69,121.81,122.48,17941.230831
2025-12-24 19:00:00,122.48,122.88,122.01,122.88,14160.311026
2025-12-24 20:00:00,122.88,123.13,122.59,122.66,14013.718499
2025-12-24 21:00:00,122.68,123.1,122.62,123.01,6533.69813
2025-12-24 22:00:00,123.0,123.4,122.93,123.31,11876.197577
2025-12-24 23:00:00,123.32,123.35,122.48,122.53,13971.493846
2025-12-25 00:00:00,122.54,122.7,122.09,122.18,17020.819352
2025-12-25 01:00:00,122.18,122.78,122.14,122.75,7398.839902
2025-12-25 02:00:00,122.75,123.14,122.46,123.05,7067.711986
2025-12-25 03:00:00,123.04,123.14,122.56,122.69,11777.899719
2025-12-25 04:00:00,122.7,122.86,122.61,122.79,5716.649775
2025-12-25 05:00:00,122.78,122.78,122.23,122.37,12303.753876
2025-12-25 06:00:00,122.38,122.52,122.2,122.48,11164.006468
2025-12-25 07:00:00,122.48,122.48,122.11,122.29,8830.145241
2025-12-25 08:00:00,122.29,122.65,121.65,122.11,21018.031537
2025-12-25 09:00:00,122.1,122.19,121.8,122.11,11911.262772
2025-12-25 10:00:00,122.1,122.1,121.31,121.56,15894.116282
2025-12-25 11:00:00,121.56,121.87,121.53,121.66,10434.331192
2025-12-25 12:00:00,121.66,122.06,121.6,122.06,6603.450368
2025-12-25 13:00:00,122.06,122.35,121.7,122.07,10329.002729
2025-12-25 14:00:00,122.07,122.35,121.78,122.12,11704.469569
2025-12-25 15:00:00,122.13,124.07,121.9,123.67,59259.364185
2025-12-25 16:00:00,123.68,124.44,123.34,123.51,40527.365242
2025-12-25 17:00:00,123.51,123.61,122.8,123.07,22649.513508
2025-12-25 18:00:00,123.08,124.17,123.08,124.0,38062.934605
2025-12-25 19:00:00,124.0,124.08,123.36,123.47,8368.273797
2025-12-25 20:00:00,123.47,123.49,122.96,123.29,10303.569706
2025-12-25 21:00:00,123.3,123.51,123.12,123.21,5506.696733
2025-12-25 22:00:00,123.22,123.44,121.39,121.84,31895.354809
2025-12-25 23:00:00,121.83,122.13,119.76,120.07,86387.233516
2025-12-26 00:00:00,120.06,120.34,119.24,120.34,61694.46041
2025-12-26 01:00:00,120.34,121.21,120.19,120.82,33022.987526
2025-12-26 02:00:00,120.82,124.34,120.81,123.44,151704.041147
2025-12-26 03:00:00,123.45,123.73,122.47,122.68,36442.529142
2025-12-26 04:00:00,122.68,122.99,121.78,122.84,24178.635179
2025-12-26 05:00:00,122.85,123.49,122.68,123.3,18279.72713
2025-12-26 06:00:00,123.3,123.76,123.3,123.48,21988.971367
2025-12-26 07:00:00,123.49,123.97,122.58,122.71,30263.575731
2025-12-26 08:00:00,122.72,123.13,122.31,122.69,11867.595686
2025-12-26 09:00:00,122.69,124.11,122.54,123.68,40051.134672
2025-12-26 10:00:00,123.68,123.91,123.45,123.76,11810.569014
2025-12-26 11:00:00,123.76,123.93,123.34,123.84,14433.949264
2025-12-26 12:00:00,123.84,124.2,123.75,123.96,16610.606238
2025-12-26 13:00:00,123.96,125.12,123.9,124.88,32935.013098
2025-12-26 14:00:00,124.9,124.98,122.06,122.24,66958.666599
2025-12-26 15:00:00,122.25,122.25,120.48,121.56,98269.392549
2025-12-26 16:00:00,121.57,122.24,121.18,121.23,31102.346677
2025-12-26 17:00:00,121.24,122.38,121.24,121.81,26861.48711
2025-12-26 18:00:00,121.86,122.23,121.73,122.09,11324.492055
2025-12-26 19:00:00,122.09,122.39,121.73,122.18,9009.06104
2025-12-26 20:00:00,122.18,122.66,121.89,122.42,18724.033952
2025-12-26 21:00:00,122.42,122.63,122.05,122.05,8400.718332
2025-12-26 22:00:00,122.07,122.43,121.82,122.43,8682.71773
2025-12-26 23:00:00,122.43,122.55,122.18,122.27,6186.923767
2025-12-27 00:00:00,122.28,122.38,121.9,122.1,9333.620065
2025-12-27 01:00:00,122.11,122.33,121.89,122.32,6075.466816
2025-12-27 02:00:00,122.33,122.44,122.15,122.34,4718.220098
2025-12-27 03:00:00,122.34,123.84,122.3,123.67,31620.706253
2025-12-27 04:00:00,123.67,123.74,122.92,122.99,25300.107242
2025-12-27 05:00:00,122.99,123.3,122.98,123.19,8033.972668
2025-12-27 06:00:00,123.2,123.2,122.79,123.04,8450.668404
2025-12-27 07:00:00,123.05,123.44,123.04,123.17,11048.809967
2025-12-27 08:00:00,123.17,123.34,122.83,122.86,4897.504606
2025-12-27 09:00:00,122.86,123.22,122.85,123.0,5155.020029
2025-12-27 10:00:00,123.01,123.14,122.53,122.88,8634.067943
2025-12-27 11:00:00,122.89,123.2,122.84,122.99,4842.476341
2025-12-27 12:00:00,123.0,123.2,122.75,122.89,4082.87286
2025-12-27 13:00:00,122.88,123.28,122.74,123.01,8232.038454
2025-12-27 14:00:00,123.01,123.33,122.86,123.32,5365.187196
2025-12-27 15:00:00,123.33,123.69,123.16,123.32,13066.997797
2025-12-27 16:00:00,123.32,123.44,122.92,123.0,6657.921319
2025-12-27 17:00:00,122.99,123.45,122.77,123.39,9653.39013
2025-12-27 18:00:00,123.4,123.45,123.02,123.21,5074.559434
2025-12-27 19:00:00,123.21,123.45,123.06,123.28,4568.642493
2025-12-27 20:00:00,123.28,123.79,123.28,123.57,13717.073229
2025-12-27 21:00:00,123.58,124.61,123.57,124.55,21553.290477
2025-12-27 22:00:00,124.56,124.97,123.66,123.91,30794.554942
2025-12-27 23:00:00,123.91,125.09,123.91,124.72,22386.890978
2025-12-28 00:00:00,124.73,124.89,124.28,124.37,9500.397213
2025-12-28 01:00:00,124.38,124.62,123.97,123.99,9809.204257
2025-12-28 02:00:00,123.99,124.41,123.91,124.24,8521.603088
2025-12-28 03:00:00,124.24,124.3,123.98,124.13,4705.222692
2025-12-28 04:00:00,124.13,124.32,123.99,124.09,4363.970218
2025-12-28 05:00:00,124.1,124.1,123.65,123.79,9503.65821
2025-12-28 06:00:00,123.79,124.2,123.75,124.12,5736.19251
2025-12-28 07:00:00,124.12,124.38,123.85,124.24,10171.001803
2025-12-28 08:00:00,124.25,124.68,124.17,124.29,11696.656768
2025-12-28 09:00:00,124.29,124.4,123.99,124.08,6768.096923
2025-12-28 10:00:00,124.08,124.62,124.02,124.52,11768.063563
2025-12-28 11:00:00,124.52,124.84,124.4,124.65,8889.753418
2025-12-28 12:00:00,124.66,124.77,124.39,124.41,7103.696461
2025-12-28 13:00:00,124.41,124.8,124.3,124.64,9876.362488
2025-12-28 14:00:00,124.65,124.98,124.39,124.57,16116.822519
2025-12-28 15:00:00,124.57,125.01,124.41,124.42,10393.456067
2025-12-28 16:00:00,124.43,124.68,124.2,124.32,8698.152014
2025-12-28 17:00:00,124.32,124.8,124.32,124.44,6075.734556
2025-12-28 18:00:00,124.47,124.52,123.14,123.16,24913.103288
2025-12-28 19:00:00,123.17,123.66,123.09,123.31,13055.75382
2025-12-28 20:00:00,123.31,123.7,123.11,123.44,8017.418037
2025-12-28 21:00:00,123.43,123.88,123.3,123.86,8988.965951
2025-12-28 22:00:00,123.87,124.33,123.54,124.23,8281.219966
2025-12-28 23:00:00,124.24,125.64,123.95,125.27,36909.47392
2025-12-29 00:00:00,125.27,128.21,125.0,127.02,115910.115005
2025-12-29 01:00:00,127.02,130.16,126.24,128.71,147193.58424
2025-12-29 02:00:00,128.71,129.48,128.16,128.73,57317.569713
2025-12-29 03:00:00,128.73,129.53,128.51,128.58,59627.265302
2025-12-29 04:00:00,128.58,129.2,128.23,128.6,69325.816762
2025-12-29 05:00:00,128.6,128.6,127.61,127.73,32939.025981
2025-12-29 06:00:00,127.74,128.06,127.51,127.79,39447.103651
2025-12-29 07:00:00,127.8,128.0,127.22,127.88,33621.499525
2025-12-29 08:00:00,127.89,128.53,127.7,127.91,40089.445114
2025-12-29 09:00:00,127.91,128.02,125.44,126.1,67432.047589
2025-12-29 10:00:00,126.08,126.39,125.51,125.71,33651.782832
2025-12-29 11:00:00,125.72,125.72,125.05,125.1,35832.536235
2025-12-29 12:00:00,125.1,125.41,122.93,123.73,130454.138026
2025-12-29 13:00:00,123.73,124.09,122.94,123.28,91254.653206
2025-12-29 14:00:00,123.28,124.54,122.3,123.44,101553.640028
2025-12-29 15:00:00,123.45,124.11,123.12,123.45,34266.62164
2025-12-29 16:00:00,123.43,123.73,122.65,123.49,35577.079551
2025-12-29 17:00:00,123.49,123.9,123.05,123.9,25479.822204
2025-12-29 18:00:00,123.9,123.97,122.97,123.12,31159.819909
2025-12-29 19:00:00,123.12,123.5,122.86,123.07,19484.184563
2025-12-29 20:00:00,123.07,123.61,122.87,123.35,17248.108228
2025-12-29 21:00:00,123.34,123.6,123.15,123.47,9466.714312
2025-12-29 22:00:00,123.47,123.61,123.19,123.42,10277.635958
2025-12-29 23:00:00,123.42,123.61,123.21,123.27,10357.37363
2025-12-30 00:00:00,123.27,123.35,122.9,123.11,8849.313144
2025-12-30 01:00:00,123.13,123.46,122.78,123.2,11664.482908
2025-12-30 02:00:00,123.2,123.25,122.6,123.01,18772.731893
2025-12-30 03:00:00,123.02,123.92,122.76,123.78,20499.201895
2025-12-30 04:00:00,123.78,124.25,123.59,123.95,13609.695234
2025-12-30 05:00:00,123.94,124.01,123.2,123.42,12722.649984
2025-12-30 06:00:00,123.43,124.07,123.39,123.91,12041.917928
2025-12-30 07:00:00,123.91,124.33,123.8,124.01,21797.139535
2025-12-30 08:00:00,124.02,125.14,123.99,124.78,38003.733828
2025-12-30 09:00:00,124.78,125.08,124.39,124.83,26775.657228
2025-12-30 10:00:00,124.81,124.96,124.48,124.58,14775.902556
2025-12-30 11:00:00,124.59,124.64,124.03,124.29,16381.340345
2025-12-30 12:00:00,124.29,124.64,124.12,124.3,13482.702168
2025-12-30 13:00:00,124.29,124.45,123.94,124.28,23316.703801
2025-12-30 14:00:00,124.28,125.37,123.55,125.04,55771.769257
2025-12-30 15:00:00,125.03,125.29,124.0,125.16,48573.514213
2025-12-30 16:00:00,125.16,126.64,124.88,125.66,60587.835218
2025-12-30 17:00:00,125.67,125.99,124.44,124.71,43645.322047
2025-12-30 18:00:00,124.71,124.72,124.21,124.56,25259.371626
2025-12-30 19:00:00,124.57,124.85,123.79,124.72,29807.076127
2025-12-30 20:00:00,124.71,124.81,123.88,124.06,17743.149926
2025-12-30 21:00:00,124.06,124.22,123.52,124.02,15344.496617
2025-12-30 22:00:00,124.03,124.6,123.89,124.44,10732.307711
2025-12-30 23:00:00,124.43,125.14,124.27,125.01,21012.648689
2025-12-31 00:00:00,125.02,125.08,124.43,124.93,21206.201052
2025-12-31 01:00:00,124.93,125.95,124.85,125.55,42980.466917
2025-12-31 02:00:00,125.55,126.11,125.29,126.02,34408.705659
2025-12-31 03:00:00,126.02,126.09,125.17,125.81,20414.66339
2025-12-31 04:00:00,125.82,125.96,125.39,125.45,35064.709504
2025-12-31 05:00:00,125.46,125.77,125.4,125.65,16953.619629
2025-12-31 06:00:00,125.66,126.09,125.62,125.9,21262.156354
2025-12-31 07:00:00,125.9,126.05,125.64,125.99,19309.090671
2025-12-31 08:00:00,125.98,126.29,125.45,125.58,23986.567182
2025-12-31 09:00:00,125.56,126.39,125.56,126.29,20783.953188
2025-12-31 10:00:00,126.29,126.43,126.0,126.39,36454.220986
2025-12-31 11:00:00,126.39,126.85,126.21,126.75,38315.326128
2025-12-31 12:00:00,126.72,126.77,126.08,126.19,18923.55249
2025-12-31 13:00:00,126.19,126.53,125.95,126.3,18981.374097
2025-12-31 14:00:00,126.3,127.46,125.4,125.8,64644.389512
2025-12-31 15:00:00,125.79,125.84,125.01,125.6,59493.665157
2025-12-31 16:00:00,125.61,125.75,124.31,124.86,45344.54329
2025-12-31 17:00:00,124.86,125.26,124.59,125.06,22051.466252
2025-12-31 18:00:00,125.07,125.54,124.65,124.8,20326.552273
2025-12-31 19:00:00,124.79,125.23,124.39,124.4,13321.171432
2025-12-31 20:00:00,124.4,125.15,123.5,124.21,94906.161862
2025-12-31 21:00:00,124.23,124.49,124.01,124.48,22284.67237
2025-12-31 22:00:00,124.48,125.19,124.27,124.88,12971.425504
2025-12-31 23:00:00,124.88,125.04,124.61,124.66,7133.918157
2026-01-01 00:00:00,124.67,125.25,124.61,125.15,9623.522683
2026-01-01 01:00:00,125.15,125.82,124.93,124.99,31022.461972
2026-01-01 02:00:00,125.0,125.24,124.81,125.19,11860.709123
2026-01-01 03:00:00,125.17,125.41,125.03,125.2,7960.010597
2026-01-01 04:00:00,125.2,125.27,124.81,124.96,5513.20685
2026-01-01 05:00:00,124.96,125.32,124.95,125.3,7213.015974
2026-01-01 06:00:00,125.31,125.33,124.88,124.89,5293.433358
2026-01-01 07:00:00,124.89,125.0,124.25,124.27,14100.898272
2026-01-01 08:00:00,124.28,124.73,124.16,124.7,11448.308672
2026-01-01 09:00:00,124.7,125.11,124.61,125.05,14330.251603
2026-01-01 10:00:00,125.04,125.28,124.93,125.02,9161.830227
2026-01-01 11:00:00,125.02,125.2,124.76,125.19,6828.617869
2026-01-01 12:00:00,125.19,125.26,125.0,125.0,12599.089835
2026-01-01 13:00:00,125.0,125.13,124.7,124.76,11130.921296
2026-01-01 14:00:00,124.76,124.92,124.42,124.73,30621.569122
2026-01-01 15:00:00,124.73,125.22,124.59,124.94,15242.824247
2026-01-01 16:00:00,124.95,125.03,124.29,124.46,25397.378482
2026-01-01 17:00:00,124.46,125.61,124.31,125.19,39413.975677
2026-01-01 18:00:00,125.19,125.38,125.03,125.34,12599.865923
2026-01-01 19:00:00,125.35,125.78,125.21,125.76,12555.555577
2026-01-01 20:00:00,125.76,125.95,125.33,125.38,11716.042796
2026-01-01 21:00:00,125.38,125.68,125.3,125.42,5856.654128
2026-01-01 22:00:00,125.42,126.25,125.38,126.09,18249.705677
2026-01-01 23:00:00,126.08,127.25,125.75,126.87,58343.162251
2026-01-02 00:00:00,126.88,127.14,126.45,126.78,28024.042045
2026-01-02 01:00:00,126.79,126.94,126.08,126.19,24699.255392
2026-01-02 02:00:00,126.2,126.67,125.87,126.58,17108.307359
2026-01-02 03:00:00,126.58,128.0,126.45,127.53,53079.9761
2026-01-02 04:00:00,127.54,127.71,126.96,126.98,14750.422038
2026-01-02 05:00:00,126.99,127.44,126.75,127.33,11798.28318
2026-01-02 06:00:00,127.33,127.73,127.27,127.33,21465.863823
2026-01-02 07:00:00,127.34,127.57,126.91,127.15,11409.869943
2026-01-02 08:00:00,127.15,127.97,127.13,127.94,23106.365276
2026-01-02 09:00:00,127.94,129.88,127.81,129.38,72036.119644
2026-01-02 10:00:00,129.4,129.99,128.84,128.92,36586.29861
2026-01-02 11:00:00,128.94,128.97,127.99,128.22,25318.480495
2026-01-02 12:00:00,128.21,128.64,127.91,128.43,14796.653144
2026-01-02 13:00:00,128.42,128.79,128.27,128.36,14678.788925
2026-01-02 14:00:00,128.35,129.65,126.84,128.72,60689.022206
2026-01-02 15:00:00,128.74,129.53,127.44,128.98,46502.720114
2026-01-02 16:00:00,128.97,131.79,128.67,130.92,102999.01561
2026-01-02 17:00:00,130.91,132.3,130.68,131.41,65239.970238
2026-01-02 18:00:00,131.41,132.02,130.33,130.79,38790.124964
2026-01-02 19:00:00,130.78,131.79,130.64,131.6,20793.578123
2026-01-02 20:00:00,131.62,132.13,130.83,131.12,23821.056712
2026-01-02 21:00:00,131.13,132.13,131.13,131.92,13685.291255
2026-01-02 22:00:00,131.93,133.27,131.91,132.63,39531.805647
2026-01-02 23:00:00,132.62,132.74,131.91,132.29,22149.10122
2026-01-03 00:00:00,132.28,132.93,132.24,132.53,12235.314233
2026-01-03 01:00:00,132.54,132.97,132.35,132.64,13171.780235
2026-01-03 02:00:00,132.65,133.09,132.07,132.86,20391.13815
2026-01-03 03:00:00,132.86,133.15,132.19,132.85,23051.889886
2026-01-03 04:00:00,132.84,132.92,132.2,132.36,12685.904764
2026-01-03 05:00:00,132.37,132.54,131.63,131.91,21949.356089
2026-01-03 06:00:00,131.91,132.3,131.07,131.18,18863.257916
2026-01-03 07:00:00,131.17,131.4,129.64,130.12,56444.42076
2026-01-03 08:00:00,130.11,131.06,129.83,130.7,28828.56318
2026-01-03 09:00:00,130.7,131.45,130.4,131.14,21024.282572
2026-01-03 10:00:00,131.15,131.24,130.81,130.95,15486.319223
2026-01-03 11:00:00,130.96,130.98,130.47,130.71,8700.427748
2026-01-03 12:00:00,130.7,130.95,130.5,130.9,14977.983175
2026-01-03 13:00:00,130.9,131.4,130.81,131.3,16734.542845
2026-01-03 14:00:00,131.3,132.16,131.14,131.99,25130.396033
2026-01-03 15:00:00,132.0,132.0,131.12,131.48,28917.20392
2026-01-03 16:00:00,131.49,131.99,131.48,131.76,19909.941437
2026-01-03 17:00:00,131.77,132.02,131.65,131.89,9577.006343
2026-01-03 18:00:00,131.89,132.11,131.61,131.96,12222.350522
2026-01-03 19:00:00,131.95,131.95,131.67,131.78,6633.66336
2026-01-03 20:00:00,131.79,132.02,131.34,131.99,7460.071129
2026-01-03 21:00:00,132.0,133.03,131.81,132.87,21248.978911
2026-01-03 22:00:00,132.87,133.97,132.59,133.43,28346.649389
2026-01-03 23:00:00,133.43,133.74,133.1,133.35,12663.350402
2026-01-04 00:00:00,133.36,134.96,133.32,134.56,49201.908493
2026-01-04 01:00:00,134.57,134.75,133.43,133.95,23337.952809
2026-01-04 02:00:00,133.95,134.0,133.5,133.74,14647.875933
2026-01-04 03:00:00,133.74,134.69,133.66,134.62,20913.142351
2026-01-04 04:00:00,134.62,134.84,134.24,134.31,20860.530586
2026-01-04 05:00:00,134.31,134.62,134.27,134.56,10612.544382
2026-01-04 06:00:00,134.56,134.99,133.68,133.77,31618.584128
2026-01-04 07:00:00,133.78,134.15,133.67,133.83,17594.208428
2026-01-04 08:00:00,133.82,134.18,133.21,134.12,29226.734197
2026-01-04 09:00:00,134.11,134.57,133.85,134.33,17366.435848
2026-01-04 10:00:00,134.32,134.88,134.23,134.67,14939.124356
2026-01-04 11:00:00,134.68,134.68,134.14,134.39,11711.11759
2026-01-04 12:00:00,134.38,134.89,134.21,134.33,16448.757961
2026-01-04 13:00:00,134.33,134.55,133.75,134.53,18583.817418
2026-01-04 14:00:00,134.52,134.98,134.25,134.96,25878.364586
2026-01-04 15:00:00,134.96,135.34,134.28,134.9,34254.898758
2026-01-04 16:00:00,134.9,135.55,134.76,135.12,25929.006176
2026-01-04 17:00:00,135.13,135.37,134.81,134.81,12097.754063
2026-01-04 18:00:00,134.84,134.89,133.72,134.2,26364.537787
2026-01-04 19:00:00,134.21,134.21,133.1,133.58,27074.439413
2026-01-04 20:00:00,133.58,134.24,133.4,134.01,12764.460748
2026-01-04 21:00:00,134.04,134.58,133.72,133.93,9716.938523
2026-01-04 22:00:00,133.93,134.43,133.81,134.18,8031.373747
2026-01-04 23:00:00,134.17,134.85,133.66,134.1,38364.784359
2026-01-05 00:00:00,134.11,135.8,134.0,135.52,39413.992101
2026-01-05 01:00:00,135.53,137.73,135.31,136.75,80902.470791
2026-01-05 02:00:00,136.76,137.22,135.73,136.87,32003.637641
2026-01-05 03:00:00,136.88,137.32,136.58,136.65,28666.167468
2026-01-05 04:00:00,136.65,136.79,135.0,135.69,34603.471645
2026-01-05 05:00:00,135.7,136.3,135.0,135.07,24174.123736
2026-01-05 06:00:00,135.06,135.71,134.64,135.63,31992.845864
2026-01-05 07:00:00,135.63,135.76,135.13,135.43,17201.599907
2026-01-05 08:00:00,135.42,135.94,135.19,135.22,20536.000106
2026-01-05 09:00:00,135.23,135.67,134.76,135.45,26218.250733
2026-01-05 10:00:00,135.44,136.03,135.26,135.81,20710.610596
2026-01-05 11:00:00,135.82,135.82,135.25,135.75,20270.341078
2026-01-05 12:00:00,135.75,135.82,134.9,135.12,22360.018672
2026-01-05 13:00:00,135.12,135.38,133.25,133.8,70235.851594
2026-01-05 14:00:00,133.8,135.6,133.17,134.97,121934.362943
2026-01-05 15:00:00,134.97,136.47,134.16,136.12,61713.491711
2026-01-05 16:00:00,136.12,136.29,134.98,135.4,32016.597786
2026-01-05 17:00:00,135.41,136.83,134.32,136.52,42525.282374
2026-01-05 18:00:00,136.53,137.55,135.68,137.37,38222.435389
2026-01-05 19:00:00,137.36,138.83,137.08,138.24,58407.546421
2026-01-05 20:00:00,138.23,139.88,137.75,137.86,61663.514361
2026-01-05 21:00:00,137.9,138.72,137.88,138.38,18084.49249
2026-01-05 22:00:00,138.38,139.17,138.28,138.77,20040.80985
2026-01-05 23:00:00,138.8,138.97,137.88,137.9,18623.420536
2026-01-06 00:00:00,137.91,138.2,136.89,137.73,35287.96205
2026-01-06 01:00:00,137.71,138.52,137.34,137.57,34326.376057
2026-01-06 02:00:00,137.58,138.0,137.32,137.61,17318.923634
2026-01-06 03:00:00,137.61,138.61,137.56,138.38,17815.050637
2026-01-06 04:00:00,138.38,138.99,138.2,138.44,27820.403867
2026-01-06 05:00:00,138.43,140.04,138.1,139.54,57015.923007
2026-01-06 06:00:00,139.55,139.75,138.84,139.02,38653.658657
2026-01-06 07:00:00,139.02,139.1,137.36,137.61,49923.995791
2026-01-06 08:00:00,137.6,138.16,137.4,137.6,27105.049794
2026-01-06 09:00:00,137.6,138.41,137.5,137.78,28287.174043
2026-01-06 10:00:00,137.77,138.11,137.4,137.74,36021.111669
2026-01-06 11:00:00,137.74,139.67,137.66,139.49,55576.545917
2026-01-06 12:00:00,139.5,139.61,138.88,139.08,26988.62626
2026-01-06 13:00:00,139.08,139.42,138.72,139.1,37960.574504
2026-01-06 14:00:00,139.1,143.47,139.1,141.99,180300.369679
2026-01-06 15:00:00,141.99,143.18,141.12,141.61,70634.702474
2026-01-06 16:00:00,141.61,141.96,138.18,138.93,112620.667778
2026-01-06 17:00:00,138.93,139.19,136.41,136.56,82337.00597
2026-01-06 18:00:00,136.54,138.04,136.22,137.59,43616.592876
2026-01-06 19:00:00,137.59,138.08,137.3,137.55,19968.520133
2026-01-06 20:00:00,137.56,139.17,137.52,138.97,25714.707859
2026-01-06 21:00:00,138.95,141.98,138.68,140.23,64482.341964
2026-01-06 22:00:00,140.22,141.01,139.55,140.05,24341.346443
2026-01-06 23:00:00,140.04,141.36,140.03,141.08,25948.503038
2026-01-07 00:00:00,141.09,141.39,139.76,139.85,24352.284847
2026-01-07 01:00:00,139.85,140.63,138.83,138.92,33751.882418
2026-01-07 02:00:00,138.91,140.12,138.52,139.96,43102.169531
2026-01-07 03:00:00,139.99,140.55,139.37,139.59,23141.683003
2026-01-07 04:00:00,139.59,139.72,138.76,138.79,21748.901462
2026-01-07 05:00:00,138.8,139.34,138.2,138.52,38693.318811
2026-01-07 06:00:00,138.52,139.08,138.48,138.8,15111.409379
2026-01-07 07:00:00,138.8,139.44,138.8,139.39,15298.683201
2026-01-07 08:00:00,139.4,139.8,139.1,139.41,26069.336909
2026-01-07 09:00:00,139.42,139.49,136.58,136.9,87851.463339
2026-01-07 10:00:00,136.9,137.73,136.76,137.59,28234.093491
2026-01-07 11:00:00,137.59,138.22,137.51,137.94,28692.650366
2026-01-07 12:00:00,137.94,138.21,137.62,137.94,14875.937137
2026-01-07 13:00:00,137.94,138.51,137.55,138.13,23738.193849
2026-01-07 14:00:00,138.14,138.23,136.63,138.03,48118.151049
2026-01-07 15:00:00,138.04,138.13,135.27,135.7,103279.167766
2026-01-07 16:00:00,135.71,136.66,135.32,135.7,44155.210033
2026-01-07 17:00:00,135.72,136.47,135.41,135.6,20661.88302
2026-01-07 18:00:00,135.59,135.9,134.77,135.24,53757.650317
2026-01-07 19:00:00,135.23,135.98,134.41,135.75,37373.817095
2026-01-07 20:00:00,135.75,135.99,135.01,135.8,16786.482213
2026-01-07 21:00:00,135.8,136.35,135.67,136.19,10007.366268
2026-01-07 22:00:00,136.19,136.87,135.76,136.48,24756.064176
2026-01-07 23:00:00,136.48,137.06,135.87,136.39,51077.726611
2026-01-08 00:00:00,136.39,136.97,135.99,136.82,23068.867235
2026-01-08 01:00:00,136.84,137.42,136.7,136.81,16264.708077
2026-01-08 02:00:00,136.82,137.99,136.58,137.91,66598.983853
2026-01-08 03:00:00,137.92,138.28,136.59,136.74,32740.331066
2026-01-08 04:00:00,136.75,138.31,136.44,137.64,34635.516086
2026-01-08 05:00:00,137.66,138.05,136.5,136.64,35615.663345
2026-01-08 06:00:00,136.64,136.76,134.72,134.84,71808.754921
2026-01-08 07:00:00,134.86,135.98,133.77,135.88,68386.128038
2026-01-08 08:00:00,135.88,136.2,135.04,135.1,16789.573739
2026-01-08 09:00:00,135.1,135.51,134.34,134.47,28988.766141
2026-01-08 10:00:00,134.47,135.43,133.92,135.1,32777.503572
2026-01-08 11:00:00,135.1,135.28,134.28,134.78,26484.61408
2026-01-08 12:00:00,134.78,134.83,133.72,134.14,25035.131194
2026-01-08 13:00:00,134.12,134.58,133.69,134.47,19137.438505
2026-01-08 14:00:00,134.46,134.48,132.69,134.03,97204.835761
2026-01-08 15:00:00,134.03,136.53,133.38,136.41,68970.53482
2026-01-08 16:00:00,136.4,138.2,136.22,138.17,76421.516682
2026-01-08 17:00:00,138.18,138.8,137.25,138.73,54778.440541
2026-01-08 18:00:00,138.72,139.06,137.9,138.1,35274.265193
2026-01-08 19:00:00,138.09,138.4,137.19,137.53,21043.976922
2026-01-08 20:00:00,137.51,137.85,136.52,137.7,21802.853053
2026-01-08 21:00:00,137.7,139.85,137.7,139.61,34888.945066
2026-01-08 22:00:00,139.61,140.04,138.3,138.86,49606.143363
2026-01-08 23:00:00,138.86,139.19,138.24,138.37,27651.532742
2026-01-09 00:00:00,138.37,139.32,138.28,139.11,20417.595584
2026-01-09 01:00:00,139.11,139.59,137.7,138.29,50973.240047
2026-01-09 02:00:00,138.27,139.53,138.22,138.95,23862.386054
2026-01-09 03:00:00,138.95,141.18,138.91,140.79,51719.393399
2026-01-09 04:00:00,140.8,141.07,139.65,139.74,21581.707183
2026-01-09 05:00:00,139.75,140.15,139.46,139.92,15499.492097
2026-01-09 06:00:00,139.92,140.85,139.64,140.67,23241.544008
2026-01-09 07:00:00,140.67,140.7,139.51,139.54,31035.558633
2026-01-09 08:00:00,139.56,139.68,137.04,137.95,64740.597228
2026-01-09 09:00:00,137.94,139.07,137.91,138.46,35941.684518
2026-01-09 10:00:00,138.47,138.99,138.16,138.74,20774.197322
2026-01-09 11:00:00,138.73,138.91,138.07,138.27,18950.953821
2026-01-09 12:00:00,138.28,138.64,137.58,137.72,17823.102304
2026-01-09 13:00:00,137.72,139.44,137.67,138.64,51811.611704
2026-01-09 14:00:00,138.65,138.65,136.48,136.88,46812.451435
2026-01-09 15:00:00,136.9,140.87,136.22,138.81,112764.927983
2026-01-09 16:00:00,138.82,140.24,138.73,139.95,43858.867025
2026-01-09 17:00:00,139.96,140.07,137.35,138.46,43893.247564
2026-01-09 18:00:00,138.45,138.46,135.81,136.85,55479.586176
2026-01-09 19:00:00,136.84,136.84,135.45,135.81,28125.067032
2026-01-09 20:00:00,135.8,136.06,134.97,135.63,39751.012332
2026-01-09 21:00:00,135.63,136.47,135.41,136.0,21809.568207
2026-01-09 22:00:00,136.01,136.23,135.57,136.17,17226.730536
2026-01-09 23:00:00,136.16,136.46,135.8,135.98,22565.999758
2026-01-10 00:00:00,135.98,136.13,135.71,135.91,9584.278046
2026-01-10 01:00:00,135.91,136.5,135.8,136.49,14770.887793
2026-01-10 02:00:00,136.49,136.69,135.94,136.4,13708.732247
2026-01-10 03:00:00,136.41,136.41,135.93,136.16,8861.020185
2026-01-10 04:00:00,136.16,136.19,135.76,135.86,8237.024962
2026-01-10 05:00:00,135.86,136.35,135.76,135.96,8083.977094
2026-01-10 06:00:00,135.96,136.26,135.77,136.01,13441.485577
2026-01-10 07:00:00,136.01,136.27,135.97,136.11,6088.684627
2026-01-10 08:00:00,136.11,136.46,136.01,136.22,11541.709008
2026-01-10 09:00:00,136.23,136.64,136.09,136.63,8856.131796
2026-01-10 10:00:00,136.64,137.04,136.42,137.0,13037.352424
2026-01-10 11:00:00,136.99,136.99,136.41,136.6,9507.375488
2026-01-10 12:00:00,136.6,137.02,136.55,136.65,9982.921899
2026-01-10 13:00:00,136.63,136.65,136.1,136.36,8798.863923
2026-01-10 14:00:00,136.35,136.48,136.01,136.16,7866.616823
2026-01-10 15:00:00,136.16,136.54,136.09,136.43,7138.011174
2026-01-10 16:00:00,136.43,136.64,136.18,136.44,4269.727186
2026-01-10 17:00:00,136.44,136.7,136.13,136.15,7180.906196
2026-01-10 18:00:00,136.16,136.33,135.91,136.16,11170.000198
2026-01-10 19:00:00,136.17,136.28,135.96,136.23,9923.142678
2026-01-10 20:00:00,136.23,136.3,136.0,136.1,3179.308439
2026-01-10 21:00:00,136.09,136.18,135.74,135.77,9159.811252
2026-01-10 22:00:00,135.77,135.94,135.4,135.59,19078.502602
2026-01-10 23:00:00,135.59,136.07,135.53,135.86,11196.197369
2026-01-11 00:00:00,135.87,136.45,135.76,136.39,8940.057823
2026-01-11 01:00:00,136.4,136.5,136.09,136.29,8437.141659
2026-01-11 02:00:00,136.3,136.46,135.96,136.02,9026.321176
2026-01-11 03:00:00,136.02,136.34,135.85,136.25,11430.195191
2026-01-11 04:00:00,136.27,136.4,135.99,136.21,15587.614188
2026-01-11 05:00:00,136.21,136.41,136.0,136.28,10588.132629
2026-01-11 06:00:00,136.28,136.4,135.88,136.17,11609.10797
2026-01-11 07:00:00,136.17,136.26,135.99,136.2,10233.440697
2026-01-11 08:00:00,136.2,136.89,136.11,136.75,18951.174076
2026-01-11 09:00:00,136.76,136.8,136.35,136.47,11140.533623
2026-01-11 10:00:00,136.48,136.72,136.29,136.57,9133.945569
2026-01-11 11:00:00,136.57,136.78,136.48,136.56,4189.765003
2026-01-11 12:00:00,136.56,137.27,136.5,137.09,14339.66084
2026-01-11 13:00:00,137.1,137.35,136.93,137.25,16634.321121
2026-01-11 14:00:00,137.25,139.43,137.24,139.22,46237.46333
2026-01-11 15:00:00,139.23,139.58,137.84,138.43,48385.55827
2026-01-11 16:00:00,138.44,141.59,138.44,140.02,115003.713652
2026-01-11 17:00:00,140.03,140.22,138.76,139.67,30176.167425
2026-01-11 18:00:00,139.67,140.2,139.14,140.04,21163.564316
2026-01-11 19:00:00,140.03,140.16,139.07,139.45,24058.877787
2026-01-11 20:00:00,139.44,139.44,137.98,138.55,34074.701993
2026-01-11 21:00:00,138.55,138.94,137.99,138.7,14323.159802
2026-01-11 22:00:00,138.7,138.7,137.73,138.19,17977.395704
2026-01-11 23:00:00,138.2,139.75,137.53,139.69,42123.493556
2026-01-12 00:00:00,139.69,141.33,138.9,141.3,62427.900259
2026-01-12 01:00:00,141.3,141.97,140.71,141.02,61753.292401
2026-01-12 02:00:00,141.03,142.75,140.93,142.4,55419.804311
2026-01-12 03:00:00,142.41,144.38,142.4,142.53,79317.720145
2026-01-12 04:00:00,142.55,143.07,142.44,142.76,26559.7802
2026-01-12 05:00:00,142.76,143.21,142.5,142.79,15961.419405
2026-01-12 06:00:00,142.79,143.33,141.86,142.01,34405.486062
2026-01-12 07:00:00,142.01,142.45,141.36,141.41,32282.234141
2026-01-12 08:00:00,141.41,142.04,139.05,140.08,68912.287221
2026-01-12 09:00:00,140.08,140.29,139.16,139.58,41380.297454
2026-01-12 10:00:00,139.59,140.2,139.06,139.26,20733.595585
2026-01-12 11:00:00,139.26,140.17,139.18,140.01,15324.939886
2026-01-12 12:00:00,140.02,140.31,139.68,139.76,15910.259271
2026-01-12 13:00:00,139.77,140.14,139.36,139.77,21812.395273
2026-01-12 14:00:00,139.77,140.82,138.71,140.46,57615.836399
2026-01-12 15:00:00,140.44,142.75,140.05,142.59,77258.159051
2026-01-12 16:00:00,142.58,144.25,142.09,142.96,76619.19296
2026-01-12 17:00:00,142.96,143.69,141.16,141.94,46774.684067
2026-01-12 18:00:00,141.94,142.85,140.5,141.22,47326.874516
2026-01-12 19:00:00,141.22,141.49,140.65,140.97,26899.273762
2026-01-12 20:00:00,141.01,141.84,140.0,140.26,30228.53943
2026-01-12 21:00:00,140.21,140.24,138.34,138.79,42579.721682
2026-01-12 22:00:00,138.81,139.83,138.78,139.17,27172.637554
2026-01-12 23:00:00,139.17,139.51,138.67,139.23,22062.438274
2026-01-13 00:00:00,139.23,139.42,138.72,139.29,29778.237687
2026-01-13 01:00:00,139.29,139.57,138.49,138.9,33635.747499
2026-01-13 02:00:00,138.9,139.31,138.14,138.38,64066.601566
2026-01-13 03:00:00,138.38,138.8,137.86,138.76,53553.885062
2026-01-13 04:00:00,138.75,139.17,138.4,139.14,22963.775763
2026-01-13 05:00:00,139.14,140.52,138.82,139.95,53825.770348
2026-01-13 06:00:00,139.95,140.75,139.84,140.6,21489.189047
2026-01-13 07:00:00,140.63,140.69,139.97,139.97,16113.660008
2026-01-13 08:00:00,139.96,141.82,139.96,141.6,29144.190559
2026-01-13 09:00:00,141.58,143.1,141.23,141.93,62499.406658
2026-01-13 10:00:00,141.94,142.64,141.7,142.08,34807.210037
2026-01-13 11:00:00,142.08,142.25,141.53,141.85,21592.90294
2026-01-13 12:00:00,141.85,142.37,141.42,142.25,38029.242238
2026-01-13 13:00:00,142.24,143.5,141.81,142.45,98026.11215
2026-01-13 14:00:00,142.45,143.82,141.69,142.06,69818.045449
2026-01-13 15:00:00,142.05,143.53,141.24,143.51,58896.049699
2026-01-13 16:00:00,143.49,144.53,142.87,143.17,61587.815307
2026-01-13 17:00:00,143.17,143.61,142.45,142.89,32436.144602
2026-01-13 18:00:00,142.88,143.88,142.68,143.47,21343.797058
2026-01-13 19:00:00,143.48,144.43,143.08,144.24,35165.740347
2026-01-13 20:00:00,144.25,144.43,143.04,143.82,25808.851742
2026-01-13 21:00:00,143.84,144.29,143.38,143.39,23105.877578
2026-01-13 22:00:00,143.39,148.71,143.39,146.96,223848.726114
2026-01-13 23:00:00,146.97,147.6,144.65,145.53,73573.683614
2026-01-14 00:00:00,145.53,145.87,144.35,145.06,60596.955204
2026-01-14 01:00:00,145.05,146.19,144.93,145.66,43282.695118
2026-01-14 02:00:00,145.7,146.58,145.32,145.5,43005.452745
2026-01-14 03:00:00,145.49,146.38,145.17,146.29,26457.694292
2026-01-14 04:00:00,146.29,146.45,144.83,144.94,39381.087641
2026-01-14 05:00:00,144.93,145.22,144.38,144.48,27323.7327
2026-01-14 06:00:00,144.48,144.73,143.95,144.71,25150.199254
2026-01-14 07:00:00,144.72,145.09,144.18,144.86,22232.652132
2026-01-14 08:00:00,144.87,145.19,144.65,144.91,15871.485109
2026-01-14 09:00:00,144.92,145.61,144.88,145.5,14532.288516
2026-01-14 10:00:00,145.51,145.76,144.55,144.74,19742.095093
2026-01-14 11:00:00,144.74,144.74,143.55,143.77,30418.094947
2026-01-14 12:00:00,143.76,144.77,143.39,144.58,23808.201281
2026-01-14 13:00:00,144.59,144.92,144.08,144.25,18836.196728
2026-01-14 14:00:00,144.24,147.55,144.24,146.64,69785.570753
2026-01-14 15:00:00,146.64,147.54,145.93,147.07,68808.930317
2026-01-14 16:00:00,147.08,148.42,146.84,147.08,79097.39666
2026-01-14 17:00:00,147.08,147.65,145.72,145.98,43567.656115
2026-01-14 18:00:00,145.98,147.43,145.35,146.35,36066.945914
2026-01-14 19:00:00,146.34,147.58,146.13,146.77,34445.527062
2026-01-14 20:00:00,146.78,147.74,146.54,147.57,62648.37545
2026-01-14 21:00:00,147.56,147.56,146.29,146.94,19755.723435
2026-01-14 22:00:00,146.91,147.16,145.83,146.18,20910.775026
2026-01-14 23:00:00,146.19,147.1,146.06,146.7,20614.36465
2026-01-15 00:00:00,146.69,146.72,145.49,146.04,27307.008177
2026-01-15 01:00:00,146.05,146.5,144.81,145.16,34269.610321
2026-01-15 02:00:00,145.16,145.54,144.31,144.53,37467.292068
2026-01-15 03:00:00,144.54,144.71,143.24,143.5,49356.626091
2026-01-15 04:00:00,143.48,144.48,143.32,144.47,21796.786729
2026-01-15 05:00:00,144.46,144.85,144.32,144.61,18135.133204
2026-01-15 06:00:00,144.59,144.87,144.06,144.2,17143.045019
2026-01-15 07:00:00,144.21,145.28,144.1,145.01,17445.450853
2026-01-15 08:00:00,145.01,145.24,144.0,144.88,30357.171931
2026-01-15 09:00:00,144.86,145.99,144.48,145.61,30879.671729
2026-01-15 10:00:00,145.62,145.67,145.22,145.42,16338.70187
2026-01-15 11:00:00,145.42,145.67,144.81,144.85,41631.948938
2026-01-15 12:00:00,144.84,145.06,144.33,144.92,19543.339565
2026-01-15 13:00:00,144.88,145.34,144.51,145.2,19445.517303
2026-01-15 14:00:00,145.2,145.65,143.25,143.95,47570.502171
2026-01-15 15:00:00,143.93,144.36,141.81,143.52,97024.408416
2026-01-15 16:00:00,143.51,144.01,142.8,143.53,27111.241801
2026-01-15 17:00:00,143.54,144.19,142.49,142.65,26656.731484
2026-01-15 18:00:00,142.67,143.03,141.44,141.56,30040.812004
2026-01-15 19:00:00,141.56,141.85,140.79,141.53,33004.287342
2026-01-15 20:00:00,141.53,141.91,141.03,141.42,16961.754966
2026-01-15 21:00:00,141.46,142.28,141.31,142.11,7909.516312
2026-01-15 22:00:00,142.11,142.58,142.0,142.42,10481.864923
2026-01-15 23:00:00,142.39,142.68,142.09,142.42,8963.343987
2026-01-16 00:00:00,142.42,142.83,142.25,142.46,11665.217458
2026-01-16 01:00:00,142.47,142.73,142.0,142.36,8242.144799
2026-01-16 02:00:00,142.37,142.37,141.7,142.21,11889.692656
2026-01-16 03:00:00,142.22,142.48,141.87,141.95,7543.666411
2026-01-16 04:00:00,141.96,142.73,141.41,141.68,23858.12631
2026-01-16 05:00:00,141.67,143.58,141.48,143.17,45269.319231
2026-01-16 06:00:00,143.18,143.39,142.73,143.33,15490.696341
2026-01-16 07:00:00,143.32,143.33,142.62,142.94,13857.153875
2026-01-16 08:00:00,142.94,143.46,142.92,143.16,15492.978145
2026-01-16 09:00:00,143.14,143.45,142.89,143.05,12809.279244
2026-01-16 10:00:00,143.04,143.16,142.7,143.1,9510.510114
2026-01-16 11:00:00,143.1,143.53,142.8,143.13,15357.862566
2026-01-16 12:00:00,143.12,143.84,143.09,143.67,29022.671319
2026-01-16 13:00:00,143.66,143.66,142.68,143.07,13821.082607
2026-01-16 14:00:00,143.08,143.73,142.7,143.02,27356.25439
2026-01-16 15:00:00,143.01,143.68,140.27,140.78,70219.065463
2026-01-16 16:00:00,140.79,142.0,140.66,141.92,32447.902363
2026-01-16 17:00:00,141.93,143.39,141.42,143.31,28872.281622
2026-01-16 18:00:00,143.32,144.18,143.0,143.52,25126.861176
2026-01-16 19:00:00,143.52,144.52,143.0,144.18,17073.144984
2026-01-16 20:00:00,144.17,145.0,143.49,144.96,18249.650542
2026-01-16 21:00:00,144.97,145.59,144.7,145.03,29371.365835
2026-01-16 22:00:00,145.05,145.15,144.61,144.94,24199.888732
2026-01-16 23:00:00,144.94,145.2,144.74,144.92,11198.673632
2026-01-17 00:00:00,144.92,145.0,144.19,144.3,18644.243708
2026-01-17 01:00:00,144.32,144.8,144.21,144.65,26743.270855
2026-01-17 02:00:00,144.65,144.67,144.24,144.57,8667.400833
2026-01-17 03:00:00,144.57,144.61,144.22,144.36,7705.784952
2026-01-17 04:00:00,144.36,144.48,144.22,144.32,6800.036622
2026-01-17 05:00:00,144.32,144.35,143.92,143.96,9979.532743
2026-01-17 06:00:00,143.95,144.08,143.74,143.84,11444.164334
2026-01-17 07:00:00,143.84,143.96,143.64,143.64,7835.396216
2026-01-17 08:00:00,143.64,144.25,143.6,144.2,13736.753798
2026-01-17 09:00:00,144.2,144.64,143.98,144.45,14185.258937
2026-01-17 10:00:00,144.45,144.63,143.92,143.97,15529.989697
2026-01-17 11:00:00,143.96,144.18,143.33,144.0,29106.484127
2026-01-17 12:00:00,144.0,144.07,143.66,143.76,10270.358395
2026-01-17 13:00:00,143.75,144.05,143.59,144.01,18478.462615
2026-01-17 14:00:00,144.0,144.25,143.74,143.93,17672.439424
2026-01-17 15:00:00,143.93,144.35,143.69,144.33,22780.383314
2026-01-17 16:00:00,144.32,144.32,143.66,143.88,22263.89817
2026-01-17 17:00:00,143.88,144.25,143.83,144.08,6750.269679
2026-01-17 18:00:00,144.08,144.29,143.99,144.27,4248.276256
2026-01-17 19:00:00,144.28,144.53,144.12,144.27,13669.400195
2026-01-17 20:00:00,144.26,144.57,144.2,144.5,6212.236669
2026-01-17 21:00:00,144.49,144.58,144.22,144.26,7041.369983
2026-01-17 22:00:00,144.26,144.26,143.51,143.76,16491.21828
2026-01-17 23:00:00,143.76,144.07,143.66,143.7,11217.415633
2026-01-18 00:00:00,143.73,143.99,143.11,143.24,30884.536174
2026-01-18 01:00:00,143.25,143.4,142.11,142.79,45364.231833
2026-01-18 02:00:00,142.78,143.06,141.99,142.57,25444.838694
2026-01-18 03:00:00,142.57,142.94,142.39,142.83,9453.176672
2026-01-18 04:00:00,142.83,142.94,142.56,142.84,9078.007273
2026-01-18 05:00:00,142.85,142.98,142.57,142.86,6856.691028
2026-01-18 06:00:00,142.86,143.03,142.51,142.7,12820.380658
2026-01-18 07:00:00,142.7,142.72,142.06,142.14,12819.254782
2026-01-18 08:00:00,142.14,142.48,141.95,142.46,20500.787848
2026-01-18 09:00:00,142.45,142.66,142.34,142.54,8628.389837
2026-01-18 10:00:00,142.55,142.56,142.17,142.43,9779.00777
2026-01-18 11:00:00,142.43,142.52,142.21,142.43,11199.627736
2026-01-18 12:00:00,142.42,142.53,142.2,142.24,6200.396915
2026-01-18 13:00:00,142.25,142.53,142.0,142.4,16101.981946
2026-01-18 14:00:00,142.39,142.78,141.66,141.74,22730.804217
2026-01-18 15:00:00,141.73,142.15,141.51,142.0,13635.236988
2026-01-18 16:00:00,142.0,142.25,141.76,142.04,13431.690932
2026-01-18 17:00:00,142.04,142.48,141.87,142.39,21390.910952
2026-01-18 18:00:00,142.38,142.93,142.09,142.76,13847.850086
2026-01-18 19:00:00,142.77,143.24,142.12,142.28,13055.033007
2026-01-18 20:00:00,142.28,142.56,141.95,142.48,8711.703089
2026-01-18 21:00:00,142.48,142.78,142.41,142.67,2919.904941
2026-01-18 22:00:00,142.67,143.03,142.46,142.88,15577.99468
2026-01-18 23:00:00,142.86,142.86,137.77,137.88,133404.654551
2026-01-19 00:00:00,137.87,137.87,130.0,133.77,559332.256997
2026-01-19 01:00:00,133.76,134.47,133.44,133.81,59612.222042
2026-01-19 02:00:00,133.82,134.12,133.48,133.83,30941.053796
2026-01-19 03:00:00,133.83,134.13,133.62,133.93,26047.821222
2026-01-19 04:00:00,133.94,134.1,133.55,133.71,20320.784937
2026-01-19 05:00:00,133.71,133.99,133.35,133.35,45687.988898
2026-01-19 06:00:00,133.36,133.44,132.71,133.28,26171.593444
2026-01-19 07:00:00,133.28,133.56,133.2,133.46,16174.018285
2026-01-19 08:00:00,133.46,134.06,133.29,133.87,32040.186232
2026-01-19 09:00:00,133.87,134.04,133.55,133.75,16188.94328
2026-01-19 10:00:00,133.75,133.85,133.53,133.8,10443.351353
2026-01-19 11:00:00,133.81,134.37,133.63,134.12,17753.928599
2026-01-19 12:00:00,134.12,134.19,133.71,134.13,15279.446339
2026-01-19 13:00:00,134.12,134.13,133.58,133.72,13837.64829
2026-01-19 14:00:00,133.73,133.78,133.28,133.51,15106.088133
2026-01-19 15:00:00,133.51,133.96,133.44,133.54,24399.492462
2026-01-19 16:00:00,133.54,134.64,133.48,134.46,16906.663712
2026-01-19 17:00:00,134.46,134.53,134.08,134.28,16751.253592
2026-01-19 18:00:00,134.29,134.41,133.88,134.27,9012.01425
2026-01-19 19:00:00,134.26,134.7,134.17,134.45,12817.590946
2026-01-19 20:00:00,134.44,135.15,134.44,134.69,17328.07659
2026-01-19 21:00:00,134.7,134.97,134.07,134.09,7475.648156
2026-01-19 22:00:00,134.09,134.21,132.93,132.96,24001.475315
2026-01-19 23:00:00,132.96,133.91,132.74,133.46,25123.257264
2026-01-20 00:00:00,133.46,133.94,133.08,133.73,20207.811576
2026-01-20 01:00:00,133.73,134.27,133.3,133.87,10237.773929
2026-01-20 02:00:00,133.89,134.15,133.37,133.86,15802.167767
2026-01-20 03:00:00,133.86,134.63,133.52,134.26,33685.640174
2026-01-20 04:00:00,134.26,134.27,133.23,133.43,24637.152082
2026-01-20 05:00:00,133.42,133.54,132.41,133.04,38573.093223
2026-01-20 06:00:00,133.03,133.03,131.01,131.23,68075.969058
2026-01-20 07:00:00,131.25,131.79,130.58,130.64,36871.536815
2026-01-20 08:00:00,130.64,130.82,128.38,129.13,147847.626731
2026-01-20 09:00:00,129.12,129.21,128.57,128.92,32354.5962
2026-01-20 10:00:00,128.93,129.36,128.77,128.92,21952.277808
2026-01-20 11:00:00,128.92,129.48,128.72,128.81,34028.191071
2026-01-20 12:00:00,128.81,129.47,128.74,129.35,20059.113901
2026-01-20 13:00:00,129.34,129.37,128.4,128.45,28798.581991
2026-01-20 14:00:00,128.44,129.78,127.97,128.89,82294.13123
2026-01-20 15:00:00,128.88,128.97,127.25,127.86,68354.020674
2026-01-20 16:00:00,127.86,128.58,126.31,127.08,58227.111952
2026-01-20 17:00:00,127.07,127.97,126.38,126.98,38723.640211
2026-01-20 18:00:00,126.98,127.72,126.86,127.0,25318.549192
2026-01-20 19:00:00,126.98,127.52,126.6,127.24,15393.963471
2026-01-20 20:00:00,127.24,128.09,127.0,127.84,26967.988369
2026-01-20 21:00:00,127.84,127.97,126.98,126.99,7866.448864
2026-01-20 22:00:00,126.99,127.5,124.67,126.09,56428.598668
2026-01-20 23:00:00,126.1,126.51,125.63,125.8,23480.662502
2026-01-21 00:00:00,125.81,127.5,125.75,127.31,26046.027305
2026-01-21 01:00:00,127.32,127.85,127.21,127.38,20806.413527
2026-01-21 02:00:00,127.37,127.8,126.78,126.94,15492.635911
2026-01-21 03:00:00,126.94,127.85,126.88,127.61,15805.319587
2026-01-21 04:00:00,127.61,128.03,127.45,127.77,13169.75246
2026-01-21 05:00:00,127.77,128.75,127.74,128.51,24027.099383
2026-01-21 06:00:00,128.51,128.63,128.02,128.25,12016.737579
2026-01-21 07:00:00,128.24,128.46,127.52,127.6,15005.80313
2026-01-21 08:00:00,127.61,127.7,127.01,127.17,20682.306427
2026-01-21 09:00:00,127.17,127.78,127.06,127.48,20542.270419
2026-01-21 10:00:00,127.47,128.19,127.42,127.73,13717.685955
2026-01-21 11:00:00,127.74,127.92,126.81,126.94,26214.43473
2026-01-21 12:00:00,126.94,127.46,126.17,127.42,30105.168995
2026-01-21 13:00:00,127.43,127.64,126.83,127.11,24967.65598
2026-01-21 14:00:00,127.1,129.76,126.98,129.56,83469.370661
2026-01-21 15:00:00,129.55,131.19,129.38,130.44,59723.526114
2026-01-21 16:00:00,130.44,130.47,125.52,125.59,92557.789508
2026-01-21 17:00:00,125.57,127.04,125.26,126.92,48587.36713
2026-01-21 18:00:00,126.91,127.86,126.36,127.62,32298.263212
2026-01-21 19:00:00,127.63,131.68,127.2,131.49,92591.245635
2026-01-21 20:00:00,131.49,131.65,130.02,131.15,36319.366766
2026-01-21 21:00:00,131.15,132.15,130.75,131.06,29891.657053
2026-01-21 22:00:00,131.07,131.75,130.59,130.6,19670.859445
2026-01-21 23:00:00,130.6,131.05,129.18,129.53,21459.826721
2026-01-22 00:00:00,129.55,130.35,129.55,129.99,15370.431513
2026-01-22 01:00:00,130.0,130.61,129.91,130.25,16136.703212
2026-01-22 02:00:00,130.25,130.61,129.75,129.8,12455.166617
2026-01-22 03:00:00,129.81,130.29,129.57,129.85,10521.593482
2026-01-22 04:00:00,129.85,130.47,129.81,130.34,9006.473484
2026-01-22 05:00:00,130.35,130.44,129.96,130.11,7202.688074
2026-01-22 06:00:00,130.12,130.43,129.74,130.34,9779.313147
2026-01-22 07:00:00,130.35,130.43,129.76,129.79,16261.756312
2026-01-22 08:00:00,129.8,130.11,129.33,129.94,15683.075868
2026-01-22 09:00:00,129.94,130.26,129.6,130.16,15662.581099
2026-01-22 10:00:00,130.16,130.41,130.01,130.18,9914.828031
2026-01-22 11:00:00,130.17,130.34,129.72,130.11,12060.363001
2026-01-22 12:00:00,130.11,130.44,129.99,130.09,10032.629452
2026-01-22 13:00:00,130.09,130.95,129.11,129.37,27492.177363
2026-01-22 14:00:00,129.37,129.51,127.85,127.93,48071.796876
2026-01-22 15:00:00,127.92,128.56,126.75,127.42,58360.711391
2026-01-22 16:00:00,127.42,128.29,126.93,127.92,39857.172554
2026-01-22 17:00:00,127.91,128.83,127.57,128.71,32098.839557
2026-01-22 18:00:00,128.71,128.82,127.65,127.76,20763.900746
2026-01-22 19:00:00,127.76,129.38,127.49,129.26,60791.881389
2026-01-22 20:00:00,129.25,129.76,128.34,128.48,28813.83336
2026-01-22 21:00:00,128.49,129.06,128.21,128.32,16884.303148
2026-01-22 22:00:00,128.32,128.77,128.03,128.72,14441.076569
2026-01-22 23:00:00,128.7,128.73,128.13,128.48,7750.473758
2026-01-23 00:00:00,128.49,128.51,128.09,128.35,6932.295853
2026-01-23 01:00:00,128.36,128.93,128.29,128.91,10891.816654
2026-01-23 02:00:00,128.91,128.97,128.21,128.21,10502.218001
2026-01-23 03:00:00,128.22,128.75,128.16,128.74,17517.615669
2026-01-23 04:00:00,128.74,129.28,128.61,129.11,36883.66234
2026-01-23 05:00:00,129.11,129.11,128.37,128.68,19848.708824
2026-01-23 06:00:00,128.68,129.13,127.25,127.5,29985.476151
2026-01-23 07:00:00,127.5,128.09,127.5,127.9,19164.340232
2026-01-23 08:00:00,127.91,128.0,127.0,127.13,15386.287838
2026-01-23 09:00:00,127.13,127.39,126.95,127.09,22209.356308
2026-01-23 10:00:00,127.09,127.49,127.02,127.3,14986.468785
2026-01-23 11:00:00,127.3,127.76,127.25,127.54,11062.615497
2026-01-23 12:00:00,127.54,127.54,127.17,127.2,14396.501464
2026-01-23 13:00:00,127.19,127.44,126.77,126.83,21945.827569
2026-01-23 14:00:00,126.84,127.37,125.29,126.13,51197.582269
2026-01-23 15:00:00,126.14,128.12,125.53,127.92,31487.080955
2026-01-23 16:00:00,127.92,129.21,127.47,128.45,69723.367032
2026-01-23 17:00:00,128.45,130.2,127.89,128.43,54702.89923
2026-01-23 18:00:00,128.43,129.56,128.26,129.04,29001.703396
2026-01-23 19:00:00,129.06,129.15,127.79,128.07,44766.63443
2026-01-23 20:00:00,128.1,128.26,126.54,126.98,38144.275656
2026-01-23 21:00:00,126.97,127.56,126.91,127.14,9832.14432
2026-01-23 22:00:00,127.13,127.9,127.12,127.66,9082.469336
2026-01-23 23:00:00,127.66,127.66,127.28,127.44,13675.904111
2026-01-24 00:00:00,127.44,127.74,127.38,127.42,10369.329933
2026-01-24 01:00:00,127.41,127.58,127.29,127.56,7521.301433
2026-01-24 02:00:00,127.56,127.8,127.5,127.72,5603.917037
2026-01-24 03:00:00,127.72,128.12,127.6,127.9,9332.422898
2026-01-24 04:00:00,127.91,128.1,127.69,127.85,6771.599648
2026-01-24 05:00:00,127.86,127.88,127.64,127.82,6090.835031
2026-01-24 06:00:00,127.82,127.84,127.55,127.66,4361.368017
2026-01-24 07:00:00,127.66,127.68,127.04,127.13,15000.717448
2026-01-24 08:00:00,127.13,127.4,127.0,127.36,13107.657125
2026-01-24 09:00:00,127.35,127.37,127.01,127.11,6211.109386
2026-01-24 10:00:00,127.11,127.27,126.95,127.2,5685.998298
2026-01-24 11:00:00,127.2,127.4,127.11,127.18,5885.160058
2026-01-24 12:00:00,127.17,127.4,127.09,127.31,8100.93906
2026-01-24 13:00:00,127.3,127.31,126.95,126.95,12205.625202
2026-01-24 14:00:00,126.96,127.28,126.83,127.18,11000.053476
2026-01-24 15:00:00,127.18,127.43,126.81,126.85,17656.22692
2026-01-24 16:00:00,126.86,127.13,126.66,127.02,11230.861826
2026-01-24 17:00:00,127.03,127.3,126.97,127.25,6037.81922
2026-01-24 18:00:00,127.26,127.47,127.16,127.39,7138.476794
2026-01-24 19:00:00,127.39,127.5,127.24,127.3,14466.520996
2026-01-24 20:00:00,127.31,127.51,127.27,127.3,3332.561118
2026-01-24 21:00:00,127.3,127.35,127.11,127.15,5132.872087
2026-01-24 22:00:00,127.15,127.72,127.15,127.65,17912.847629
2026-01-24 23:00:00,127.66,127.76,127.18,127.2,6501.178759
2026-01-25 00:00:00,127.21,127.46,126.83,127.33,20682.325059
2026-01-25 01:00:00,127.34,127.43,126.97,127.15,8485.621361
2026-01-25 02:00:00,127.15,127.43,126.95,127.06,6919.083683
2026-01-25 03:00:00,127.06,127.14,126.35,126.65,20126.300732
2026-01-25 04:00:00,126.65,127.01,126.54,126.79,12713.208328
2026-01-25 05:00:00,126.79,126.96,126.61,126.93,9048.893431
2026-01-25 06:00:00,126.94,126.94,126.44,126.72,8815.255185
2026-01-25 07:00:00,126.72,126.72,126.37,126.48,7348.744958
2026-01-25 08:00:00,126.48,126.82,125.99,126.23,20673.137645
2026-01-25 09:00:00,126.24,126.89,126.11,126.7,15708.460029
2026-01-25 10:00:00,126.71,127.19,126.61,126.95,13597.345655
2026-01-25 11:00:00,126.94,126.98,126.56,126.77,7612.970508
2026-01-25 12:00:00,126.77,127.04,126.58,127.04,16259.609052
2026-01-25 13:00:00,127.03,127.12,126.45,126.97,13692.96042
2026-01-25 14:00:00,126.97,126.99,125.69,126.1,22022.173968
2026-01-25 15:00:00,126.09,126.31,125.48,125.59,21758.218402
2026-01-25 16:00:00,125.59,125.59,122.2,122.8,193758.799981
2026-01-25 17:00:00,122.77,123.0,121.61,122.22,58208.362579
2026-01-25 18:00:00,122.23,122.32,120.73,121.69,98960.172046
2026-01-25 19:00:00,121.7,121.85,117.16,117.97,220605.869235
2026-01-25 20:00:00,117.96,118.7,117.45,118.34,141927.087797
2026-01-25 21:00:00,118.33,118.97,117.6,118.84,98813.980151
2026-01-25 22:00:00,118.84,118.84,117.9,118.43,33773.818742
2026-01-25 23:00:00,118.43,119.43,117.5,118.86,74754.872584
2026-01-26 00:00:00,118.86,119.8,118.56,119.65,49334.983433
2026-01-26 01:00:00,119.65,122.76,119.59,122.39,73941.704695
2026-01-26 02:00:00,122.43,122.68,121.28,122.04,32782.564833
2026-01-26 03:00:00,122.05,122.33,121.12,121.56,26667.800349
2026-01-26 04:00:00,121.57,123.58,121.57,122.58,36375.559298
2026-01-26 05:00:00,122.58,122.88,122.42,122.48,15726.354166
2026-01-26 06:00:00,122.48,122.78,122.19,122.48,20456.6854
2026-01-26 07:00:00,122.48,123.01,122.22,122.91,30375.935234
2026-01-26 08:00:00,122.9,123.58,122.27,122.7,46910.65212
2026-01-26 09:00:00,122.7,122.74,121.7,121.95,30673.694158
2026-01-26 10:00:00,121.95,122.69,121.92,122.46,20501.607128
2026-01-26 11:00:00,122.46,122.69,122.41,122.51,9231.922357
2026-01-26 12:00:00,122.51,122.97,122.37,122.69,18116.310605
2026-01-26 13:00:00,122.69,123.28,122.55,123.15,20824.750913
2026-01-26 14:00:00,123.15,124.29,122.67,123.79,83791.156665
2026-01-26 15:00:00,123.79,125.23,123.06,123.53,89702.938404
2026-01-26 16:00:00,123.54,124.86,123.19,124.3,92849.789327
2026-01-26 17:00:00,124.3,124.66,123.05,124.28,40559.906514
2026-01-26 18:00:00,124.29,125.6,123.98,124.91,63588.241404
2026-01-26 19:00:00,124.92,125.15,124.18,124.33,21343.298625
2026-01-26 20:00:00,124.33,124.46,123.41,123.68,19561.462147
2026-01-26 21:00:00,123.7,124.8,123.53,124.53,22045.062344
2026-01-26 22:00:00,124.53,124.87,124.26,124.54,17793.631321
2026-01-26 23:00:00,124.53,124.86,124.13,124.24,20703.203818
2026-01-27 00:00:00,124.24,124.4,123.87,124.09,11322.27282
2026-01-27 01:00:00,124.09,124.57,123.74,124.35,16625.872649
2026-01-27 02:00:00,124.36,125.12,124.35,125.05,22423.199225
2026-01-27 03:00:00,125.03,125.17,124.42,124.52,32343.592088
2026-01-27 04:00:00,124.51,125.14,124.27,124.42,12666.366924
2026-01-27 05:00:00,124.43,124.53,124.16,124.48,15231.570703
2026-01-27 06:00:00,124.49,124.73,124.01,124.22,13132.284518
2026-01-27 07:00:00,124.22,124.64,124.11,124.51,14335.628066
2026-01-27 08:00:00,124.51,124.79,124.05,124.09,21997.457784
2026-01-27 09:00:00,124.09,124.1,123.6,123.75,24939.315708
2026-01-27 10:00:00,123.75,124.16,123.7,123.71,11236.117937
2026-01-27 11:00:00,123.72,124.28,123.63,124.14,10598.174509
2026-01-27 12:00:00,124.13,124.37,123.85,123.89,12598.210656
2026-01-27 13:00:00,123.9,123.94,123.14,123.21,17155.598804
2026-01-27 14:00:00,123.21,124.62,123.19,123.65,53171.620436
2026-01-27 15:00:00,123.67,125.05,123.46,125.02,32602.092767
2026-01-27 16:00:00,125.02,126.8,124.99,126.32,78232.466278
2026-01-27 17:00:00,126.31,126.34,123.57,124.05,52574.769529
2026-01-27 18:00:00,124.05,126.3,123.84,125.81,49573.394152
2026-01-27 19:00:00,125.83,126.27,125.43,125.85,21810.296225
2026-01-27 20:00:00,125.85,127.53,125.73,127.37,45250.40019
2026-01-27 21:00:00,127.37,127.84,126.93,127.06,31583.622983
2026-01-27 22:00:00,127.07,127.8,126.99,127.6,18275.794147
2026-01-27 23:00:00,127.62,127.66,127.12,127.18,13436.700494
2026-01-28 00:00:00,127.18,127.3,126.65,127.25,19232.336862
2026-01-28 01:00:00,127.26,127.51,126.72,127.09,15356.595096
2026-01-28 02:00:00,127.1,127.42,126.71,127.07,30515.277323
2026-01-28 03:00:00,127.08,127.25,126.72,126.97,7908.805461
2026-01-28 04:00:00,126.97,127.05,126.47,126.84,16093.952006
2026-01-28 05:00:00,126.84,126.99,126.39,126.75,19572.474202
2026-01-28 06:00:00,126.75,127.52,126.75,127.41,18976.834266
2026-01-28 07:00:00,127.4,127.52,126.95,127.09,7611.541864
2026-01-28 08:00:00,127.1,127.27,126.66,126.68,13351.319055
2026-01-28 09:00:00,126.69,127.61,125.98,127.6,39546.26374
2026-01-28 10:00:00,127.6,128.13,127.31,127.32,42814.618561
2026-01-28 11:00:00,127.32,128.33,127.18,128.19,21270.51261
2026-01-28 12:00:00,128.15,128.23,127.05,127.26,27033.065717
2026-01-28 13:00:00,127.26,127.87,126.87,127.35,34561.049913
2026-01-28 14:00:00,127.34,127.36,126.49,126.87,33034.613658
2026-01-28 15:00:00,126.86,127.15,125.52,126.08,52470.280225
2026-01-28 16:00:00,126.08,126.65,125.6,126.09,20850.811478
2026-01-28 17:00:00,126.1,127.03,125.28,126.52,41661.618525
2026-01-28 18:00:00,126.54,126.54,125.68,126.09,19966.553949
2026-01-28 19:00:00,126.07,126.69,125.33,126.02,35065.937598
2026-01-28 20:00:00,126.01,126.67,125.33,125.43,41319.50219
2026-01-28 21:00:00,125.43,125.85,124.8,125.49,29862.052714
2026-01-28 22:00:00,125.5,125.86,125.17,125.73,12236.336122
2026-01-28 23:00:00,125.74,125.79,125.07,125.36,17332.80983
2026-01-29 00:00:00,125.36,125.5,124.57,125.11,15347.581457
2026-01-29 01:00:00,125.12,125.23,124.12,124.33,23882.447127
2026-01-29 02:00:00,124.34,124.78,123.13,123.53,78602.779814
2026-01-29 03:00:00,123.53,123.75,122.68,123.07,39703.530799
2026-01-29 04:00:00,123.07,123.5,122.5,123.46,22072.557216
2026-01-29 05:00:00,123.46,123.83,123.16,123.26,19292.515141
2026-01-29 06:00:00,123.27,123.81,123.11,123.73,25100.791657
2026-01-29 07:00:00,123.73,123.99,123.66,123.79,11353.139436
2026-01-29 08:00:00,123.79,123.96,123.19,123.3,17328.938031
2026-01-29 09:00:00,123.29,123.39,123.0,123.05,10258.007819
2026-01-29 10:00:00,123.05,123.3,122.93,123.24,9638.451587
2026-01-29 11:00:00,123.23,123.3,122.7,122.77,26735.421836
2026-01-29 12:00:00,122.77,123.2,122.43,122.86,13849.799295
2026-01-29 13:00:00,122.85,123.16,122.65,122.91,9120.883949
2026-01-29 14:00:00,122.92,123.09,120.37,120.38,85799.481061
2026-01-29 15:00:00,120.42,120.47,116.12,117.7,325696.157016
2026-01-29 16:00:00,117.69,118.98,116.76,118.96,111521.88309
2026-01-29 17:00:00,118.96,119.98,117.71,117.91,67587.220092
2026-01-29 18:00:00,117.93,118.18,115.38,115.76,187191.377353
2026-01-29 19:00:00,115.77,117.24,115.43,116.83,86115.835969
2026-01-29 20:00:00,116.83,117.48,116.57,116.96,46057.080008
2026-01-29 21:00:00,116.98,117.75,116.94,117.48,34724.841765
2026-01-29 22:00:00,117.49,117.82,117.34,117.58,27309.566283
2026-01-29 23:00:00,117.59,117.92,117.28,117.81,28598.278381
2026-01-30 00:00:00,117.82,118.24,117.49,117.64,43277.199281
2026-01-30 01:00:00,117.65,117.9,111.9,115.22,420975.937231
2026-01-30 02:00:00,115.22,115.37,112.78,114.13,103827.578988
2026-01-30 03:00:00,114.13,114.65,113.55,114.42,71036.818396
2026-01-30 04:00:00,114.42,115.81,114.28,115.57,51653.448085
2026-01-30 05:00:00,115.58,116.1,115.44,115.48,24248.499789
2026-01-30 06:00:00,115.47,115.47,113.01,113.87,53536.213823
2026-01-30 07:00:00,113.87,116.14,113.87,115.79,59683.427029
2026-01-30 08:00:00,115.79,116.17,115.16,115.4,24546.765628
2026-01-30 09:00:00,115.42,116.04,114.67,115.38,43934.622515
2026-01-30 10:00:00,115.37,115.99,115.11,115.93,27055.672177
2026-01-30 11:00:00,115.92,117.28,115.79,117.09,35353.907238
2026-01-30 12:00:00,117.08,117.34,115.96,116.29,34570.188747
2026-01-30 13:00:00,116.27,116.39,115.16,115.81,51469.546068
2026-01-30 14:00:00,115.81,117.77,115.8,116.36,67537.548882
2026-01-30 15:00:00,116.37,117.13,114.58,116.84,95734.07624
2026-01-30 16:00:00,116.8,118.0,116.23,117.13,69221.531506
2026-01-30 17:00:00,117.14,117.96,116.55,116.66,42440.303194
2026-01-30 18:00:00,116.65,118.59,114.35,118.1,130279.455
2026-01-30 19:00:00,118.1,119.12,118.1,118.28,90897.831405
2026-01-30 20:00:00,118.28,118.46,116.54,117.01,103870.672754
2026-01-30 21:00:00,117.0,118.02,116.85,117.39,43342.344007
2026-01-30 22:00:00,117.39,117.56,116.58,117.39,18891.951206
2026-01-30 23:00:00,117.38,117.64,116.9,117.6,16932.581321
2026-01-31 00:00:00,117.61,117.99,117.4,117.55,22880.932193
2026-01-31 01:00:00,117.55,118.38,117.54,118.18,19585.832969
2026-01-31 02:00:00,118.18,118.54,117.61,118.32,18736.373749
2026-01-31 03:00:00,118.32,118.63,118.18,118.39,13482.975153
2026-01-31 04:00:00,118.39,118.85,118.27,118.45,14322.442662
2026-01-31 05:00:00,118.45,118.77,118.02,118.62,18787.792496
2026-01-31 06:00:00,118.63,118.79,117.9,118.56,23291.926134
2026-01-31 07:00:00,118.56,118.61,117.21,117.39,25855.850575
2026-01-31 08:00:00,117.4,117.55,114.29,115.62,182514.201827
2026-01-31 09:00:00,115.63,116.83,115.4,116.35,26152.70575
2026-01-31 10:00:00,116.36,116.93,116.06,116.79,17171.594472
2026-01-31 11:00:00,116.8,116.8,115.98,116.06,27020.006645
2026-01-31 12:00:00,116.06,116.19,115.04,115.19,38503.108743
2026-01-31 13:00:00,115.21,115.22,113.62,114.17,54015.744354
2026-01-31 14:00:00,114.15,114.43,108.24,109.14,400310.534405
2026-01-31 15:00:00,109.13,110.21,108.41,108.67,112405.974415
2026-01-31 16:00:00,108.67,109.84,105.62,106.29,244731.211356
2026-01-31 17:00:00,106.28,106.71,100.25,103.32,596161.453842
2026-01-31 18:00:00,103.32,103.9,96.42,101.93,480014.334443
2026-01-31 19:00:00,101.93,103.46,101.5,101.76,192430.205151
2026-01-31 20:00:00,101.77,102.55,100.39,101.99,105088.392992
2026-01-31 21:00:00,101.98,103.77,101.32,103.48,149969.252695
2026-01-31 22:00:00,103.49,104.36,103.3,104.12,104530.960208
2026-01-31 23:00:00,104.1,106.53,103.85,105.55,158994.824483
2026-02-01 00:00:00,105.55,106.41,105.3,105.66,61118.411529
2026-02-01 01:00:00,105.66,105.79,104.21,104.98,59999.251629
2026-02-01 02:00:00,104.99,105.96,104.77,105.55,47998.890622
2026-02-01 03:00:00,105.55,105.69,104.54,104.97,21742.290949
2026-02-01 04:00:00,104.97,105.5,104.79,105.2,22331.627409
2026-02-01 05:00:00,105.2,105.68,104.48,104.68,29085.585616
2026-02-01 06:00:00,104.68,105.43,104.52,105.08,28563.751937
2026-02-01 07:00:00,105.08,106.0,103.96,105.21,50590.026383
2026-02-01 08:00:00,105.21,106.05,104.8,105.52,38378.367711
2026-02-01 09:00:00,105.53,105.94,104.97,105.8,28832.840956
2026-02-01 10:00:00,105.8,105.85,103.61,103.76,43641.572089
2026-02-01 11:00:00,103.76,105.4,103.74,105.03,27937.256741
2026-02-01 12:00:00,105.03,105.18,104.12,105.05,29299.849078
2026-02-01 13:00:00,105.05,106.68,104.09,104.47,55206.116646
2026-02-01 14:00:00,104.43,104.8,101.75,102.94,140638.624014
2026-02-01 15:00:00,102.96,102.96,100.22,101.69,114297.433123
2026-02-01 16:00:00,101.71,102.88,100.94,101.74,90381.926651
2026-02-01 17:00:00,101.74,102.49,101.15,102.45,36259.134731
2026-02-01 18:00:00,102.46,104.27,102.44,103.45,63718.555626
2026-02-01 19:00:00,103.45,103.77,101.57,101.97,37214.669092
2026-02-01 20:00:00,101.96,102.85,100.21,101.59,61367.146273
2026-02-01 21:00:00,101.59,101.71,100.14,100.87,59228.686825
2026-02-01 22:00:00,100.87,102.86,100.84,101.8,51843.538164
2026-02-01 23:00:00,101.79,102.05,98.02,100.78,179074.944138
2026-02-02 00:00:00,100.78,102.92,99.67,102.3,133429.136738
2026-02-02 01:00:00,102.3,103.13,100.44,102.1,64030.960626
2026-02-02 02:00:00,102.11,102.72,100.61,100.77,52867.100549
2026-02-02 03:00:00,100.77,100.89,95.94,100.07,311226.07574
2026-02-02 04:00:00,100.09,101.78,98.66,100.32,82999.136401
2026-02-02 05:00:00,100.32,100.45,97.68,98.31,83400.553053
2026-02-02 06:00:00,98.3,101.39,97.08,100.71,169923.527492
2026-02-02 07:00:00,100.72,102.44,100.46,101.43,91801.228991
2026-02-02 08:00:00,101.44,102.48,101.4,101.71,56396.048606
2026-02-02 09:00:00,101.71,103.21,101.43,102.8,78271.819916
2026-02-02 10:00:00,102.81,103.47,102.64,102.9,95233.447762
2026-02-02 11:00:00,102.9,103.43,102.66,102.79,28988.981212
2026-02-02 12:00:00,102.79,103.77,102.79,103.3,27043.66671
2026-02-02 13:00:00,103.28,103.7,102.84,103.34,31524.753859
2026-02-02 14:00:00,103.33,105.14,102.43,103.98,114037.912851
2026-02-02 15:00:00,103.97,106.12,103.59,104.7,92888.243291
2026-02-02 16:00:00,104.7,105.75,104.29,105.01,42734.606445
2026-02-02 17:00:00,105.0,105.6,104.45,104.82,35820.92186
2026-02-02 18:00:00,104.81,105.02,103.87,104.73,34983.195648
2026-02-02 19:00:00,104.72,104.83,103.47,103.84,78478.515868
2026-02-02 20:00:00,103.84,104.24,103.31,103.82,52156.890508
2026-02-02 21:00:00,103.82,104.98,103.79,104.83,18715.946419
2026-02-02 22:00:00,104.83,105.19,104.59,105.02,14779.581703
2026-02-02 23:00:00,105.04,105.07,104.4,104.54,12217.410596
2026-02-03 00:00:00,104.55,104.68,103.7,104.18,33758.77644
2026-02-03 01:00:00,104.18,104.39,103.56,104.38,27278.279436
2026-02-03 02:00:00,104.39,104.4,102.35,102.44,50747.443612
2026-02-03 03:00:00,102.44,104.4,102.19,104.15,69027.612324
2026-02-03 04:00:00,104.16,105.1,103.87,104.68,25597.305781
2026-02-03 05:00:00,104.68,104.75,103.66,103.71,18214.599702
2026-02-03 06:00:00,103.72,104.1,102.98,103.99,29186.689011
2026-02-03 07:00:00,103.98,104.9,103.73,104.68,19722.659837
2026-02-03 08:00:00,104.7,105.03,104.07,104.11,23163.789652
2026-02-03 09:00:00,104.11,104.21,102.54,103.12,71528.148338
2026-02-03 10:00:00,103.13,103.33,102.5,102.9,38148.906765
2026-02-03 11:00:00,102.9,103.43,102.84,103.0,20592.804417
2026-02-03 12:00:00,103.02,103.36,102.52,103.13,25426.135465
2026-02-03 13:00:00,103.12,103.58,102.75,103.42,24021.654358
2026-02-03 14:00:00,103.41,103.63,100.77,100.86,85830.326734
2026-02-03 15:00:00,100.83,102.78,100.41,102.56,126943.512215
2026-02-03 16:00:00,102.55,102.56,99.93,100.74,88122.823343
2026-02-03 17:00:00,100.74,100.98,99.03,99.11,70962.647747
2026-02-03 18:00:00,99.12,99.44,96.66,96.83,140864.731439
2026-02-03 19:00:00,96.82,100.14,96.7,99.03,154874.920745
2026-02-03 20:00:00,99.02,102.09,98.32,101.17,160145.998448
2026-02-03 21:00:00,101.15,101.84,100.0,100.21,67714.18489
2026-02-03 22:00:00,100.23,100.28,98.15,98.49,54822.045361
2026-02-03 23:00:00,98.47,98.59,97.22,97.87,126469.883323
2026-02-04 00:00:00,97.87,98.8,97.15,97.99,83848.383521
2026-02-04 01:00:00,97.99,99.67,97.99,99.13,48606.157423
2026-02-04 02:00:00,99.13,99.21,97.43,97.94,35462.199421
2026-02-04 03:00:00,97.94,99.6,97.92,99.12,64593.699993
2026-02-04 04:00:00,99.12,99.33,98.05,98.1,51043.387695
2026-02-04 05:00:00,98.1,98.44,96.42,97.0,96193.729828
2026-02-04 06:00:00,96.99,98.78,96.77,98.23,142675.758928
2026-02-04 07:00:00,98.23,98.24,97.4,97.88,113852.898341
2026-02-04 08:00:00,97.89,97.96,96.8,97.73,71247.318325
2026-02-04 09:00:00,97.72,97.8,96.78,97.15,49597.646239
2026-02-04 10:00:00,97.15,97.29,96.77,97.04,30758.979179
2026-02-04 11:00:00,97.04,97.08,94.7,96.12,238642.319568
2026-02-04 12:00:00,96.13,96.73,95.86,96.48,33551.026131
2026-02-04 13:00:00,96.47,96.49,94.17,94.39,96903.431309
2026-02-04 14:00:00,94.38,95.03,92.96,93.11,198728.093216
2026-02-04 15:00:00,93.12,94.21,91.31,92.79,215868.375986
2026-02-04 16:00:00,92.79,93.14,90.85,91.99,148801.872424
2026-02-04 17:00:00,91.98,92.61,90.0,91.44,121307.504128
2026-02-04 18:00:00,91.45,93.26,90.35,92.33,164155.232724
2026-02-04 19:00:00,92.31,94.72,92.3,94.38,241479.316553
2026-02-04 20:00:00,94.37,94.53,93.01,93.26,51543.682555
2026-02-04 21:00:00,93.25,93.39,90.75,91.33,131824.813483
2026-02-04 22:00:00,91.34,92.92,89.32,90.85,151812.005889
2026-02-04 23:00:00,90.83,92.93,90.27,92.13,110645.880313
2026-02-05 00:00:00,92.12,92.79,91.37,91.75,60771.517655
2026-02-05 01:00:00,91.75,92.92,90.53,91.95,99100.407274
2026-02-05 02:00:00,91.93,92.74,90.71,90.92,121406.34086
2026-02-05 03:00:00,90.93,91.69,90.25,91.15,85308.824762
2026-02-05 04:00:00,91.16,91.92,90.33,91.13,110334.6255
2026-02-05 05:00:00,91.13,92.09,89.91,91.17,152982.838252
2026-02-05 06:00:00,91.18,91.26,89.72,90.23,132027.942594
2026-02-05 07:00:00,90.22,91.69,90.17,90.55,93383.155771
2026-02-05 08:00:00,90.56,92.46,90.56,91.77,54977.434423
2026-02-05 09:00:00,91.78,93.43,91.75,92.5,78790.05115
2026-02-05 10:00:00,92.52,92.64,89.78,90.31,112418.088962
2026-02-05 11:00:00,90.31,90.8,88.68,89.98,174297.657941
2026-02-05 12:00:00,89.99,90.75,88.7,89.51,123600.906346
2026-02-05 13:00:00,89.51,90.06,88.15,88.49,89454.581023
2026-02-05 14:00:00,88.48,91.43,88.33,88.61,175977.818069
2026-02-05 15:00:00,88.61,88.99,83.41,84.61,516687.977875
2026-02-05 16:00:00,84.61,86.21,83.69,85.56,213997.061176
2026-02-05 17:00:00,85.56,85.73,82.4,82.7,271080.90929
2026-02-05 18:00:00,82.7,83.35,81.22,82.96,194828.301318
2026-02-05 19:00:00,82.97,83.31,81.41,81.68,103699.994833
2026-02-05 20:00:00,81.7,82.3,77.64,78.83,592133.909309
2026-02-05 21:00:00,78.84,81.21,78.39,79.01,261346.428122
2026-02-05 22:00:00,79.02,80.69,77.56,79.8,226507.366461
2026-02-05 23:00:00,79.8,81.63,78.08,78.36,173778.624311
2026-02-06 00:00:00,78.35,78.8,67.44,75.52,2021354.585782
2026-02-06 01:00:00,75.51,79.77,75.5,79.58,368952.480261
2026-02-06 02:00:00,79.59,80.28,76.39,76.94,404702.210365
2026-02-06 03:00:00,76.95,77.4,75.73,76.71,202412.285065
2026-02-06 04:00:00,76.71,78.03,76.21,77.76,164673.222569
2026-02-06 05:00:00,77.76,81.65,77.58,81.16,178610.663308
2026-02-06 06:00:00,81.15,81.59,79.4,79.5,186308.377074
2026-02-06 07:00:00,79.51,80.66,78.75,79.6,168629.587719
2026-02-06 08:00:00,79.59,80.24,78.68,79.06,155233.94817
2026-02-06 09:00:00,79.07,81.68,78.95,81.33,144305.581442
2026-02-06 10:00:00,81.33,82.06,80.74,80.82,103841.63621
2026-02-06 11:00:00,80.81,81.73,80.45,81.36,104802.467697
2026-02-06 12:00:00,81.35,81.97,80.86,81.9,69322.222843
2026-02-06 13:00:00,81.91,83.86,81.7,83.1,220353.936895
2026-02-06 14:00:00,83.11,85.18,81.9,84.15,273767.023395
2026-02-06 15:00:00,84.17,85.05,83.37,84.48,258898.68028
2026-02-06 16:00:00,84.47,87.22,83.7,86.74,220494.771292
2026-02-06 17:00:00,86.73,88.72,86.16,86.69,235693.003837
2026-02-06 18:00:00,86.7,86.86,85.24,86.16,106301.613361
2026-02-06 19:00:00,86.16,87.45,85.57,87.09,114991.887041
2026-02-06 20:00:00,87.1,87.97,86.62,86.9,85697.466733
2026-02-06 21:00:00,86.91,88.21,86.57,88.03,82409.612852
2026-02-06 22:00:00,88.08,89.83,87.95,89.18,81234.649704
2026-02-06 23:00:00,89.17,89.6,87.35,87.46,145076.135463
2026-02-07 00:00:00,87.45,87.48,86.12,86.56,186513.594742
2026-02-07 01:00:00,86.56,87.5,85.9,87.13,110521.369977
2026-02-07 02:00:00,87.12,87.61,86.81,87.34,60786.467134
2026-02-07 03:00:00,87.34,88.4,87.24,88.1,79327.264616
2026-02-07 04:00:00,88.1,89.05,87.3,87.74,102593.48137
2026-02-07 05:00:00,87.74,88.63,87.56,87.8,52520.932986
2026-02-07 06:00:00,87.8,88.24,86.22,86.25,59439.803596
2026-02-07 07:00:00,86.25,86.64,84.08,85.29,208394.345332
2026-02-07 08:00:00,85.29,85.72,84.75,85.35,71103.530244
2026-02-07 09:00:00,85.36,85.72,84.82,85.24,44984.95415
2026-02-07 10:00:00,85.24,85.5,84.51,85.0,39094.229967
2026-02-07 11:00:00,85.0,85.2,84.58,84.92,29126.493163
2026-02-07 12:00:00,84.91,87.22,84.86,86.22,94131.192088
2026-02-07 13:00:00,86.23,86.66,85.57,86.13,32698.083492
2026-02-07 14:00:00,86.13,86.6,85.5,85.76,37051.994047
2026-02-07 15:00:00,85.77,86.96,85.66,86.56,62994.70493
2026-02-07 16:00:00,86.56,88.13,86.17,87.06,657588.151207
2026-02-07 17:00:00,87.06,87.72,86.44,87.64,29105.386915
2026-02-07 18:00:00,87.64,89.2,87.44,88.72,42366.618288
2026-02-07 19:00:00,88.72,88.78,88.03,88.29,35569.416977
2026-02-07 20:00:00,88.28,89.19,88.0,88.89,29487.130997
2026-02-07 21:00:00,88.9,89.2,88.11,88.2,23665.147473
2026-02-07 22:00:00,88.22,88.76,88.17,88.27,24669.067307
2026-02-07 23:00:00,88.28,88.35,86.87,87.57,33585.13901
2026-02-08 00:00:00,87.58,87.67,87.1,87.36,19421.605732
2026-02-08 01:00:00,87.36,87.99,87.32,87.89,13966.128636
2026-02-08 02:00:00,87.89,88.22,86.94,87.28,27893.810266
2026-02-08 03:00:00,87.28,87.53,86.7,86.8,21800.683234
2026-02-08 04:00:00,86.81,87.4,86.62,87.39,19924.554773
2026-02-08 05:00:00,87.4,87.54,87.04,87.28,11016.471251
2026-02-08 06:00:00,87.29,87.49,86.93,87.15,17954.403906
2026-02-08 07:00:00,87.16,87.4,86.69,87.4,24627.625973
2026-02-08 08:00:00,87.41,88.81,86.94,88.62,55222.401726
2026-02-08 09:00:00,88.63,88.98,87.54,87.6,44196.010015
2026-02-08 10:00:00,87.59,88.13,86.44,86.89,54299.246964
2026-02-08 11:00:00,86.9,88.31,86.75,88.25,56826.536627
2026-02-08 12:00:00,88.25,88.37,87.7,88.16,43653.929416
2026-02-08 13:00:00,88.15,88.87,87.78,88.58,77092.99723
2026-02-08 14:00:00,88.58,88.74,88.01,88.43,28871.778829
2026-02-08 15:00:00,88.42,88.75,87.36,87.78,41679.456446
2026-02-08 16:00:00,87.77,87.9,85.78,86.23,59515.939898
2026-02-08 17:00:00,86.21,87.11,86.19,86.95,21651.329855
2026-02-08 18:00:00,86.96,88.6,86.94,87.84,35215.189646
2026-02-08 19:00:00,87.84,88.58,87.82,88.4,21666.2512
2026-02-08 20:00:00,88.4,88.42,86.77,86.9,25329.707032
2026-02-08 21:00:00,86.9,87.34,86.24,86.61,22147.538684
2026-02-08 22:00:00,86.61,87.26,86.47,87.13,16427.265413
2026-02-08 23:00:00,87.12,89.1,86.05,86.98,110140.752583
2026-02-09 00:00:00,86.98,87.45,86.4,87.08,39119.483326
2026-02-09 01:00:00,87.06,87.98,85.81,86.41,72239.043751
2026-02-09 02:00:00,86.42,87.85,86.21,87.02,49000.259792
2026-02-09 03:00:00,87.02,87.91,86.84,87.68,34139.058986
2026-02-09 04:00:00,87.67,87.71,86.98,87.11,19501.941328
2026-02-09 05:00:00,87.11,87.45,86.89,87.25,27217.873228
2026-02-09 06:00:00,87.25,87.25,85.97,86.46,37983.852883
2026-02-09 07:00:00,86.45,86.58,85.21,85.49,62124.06689
2026-02-09 08:00:00,85.5,85.64,83.87,84.58,76017.8794
2026-02-09 09:00:00,84.57,84.91,83.95,84.33,32661.151833
2026-02-09 10:00:00,84.32,84.47,82.88,83.23,98533.926253
2026-02-09 11:00:00,83.24,83.71,83.23,83.48,57775.134282
2026-02-09 12:00:00,83.49,84.42,83.44,84.05,36337.941849
2026-02-09 13:00:00,84.05,84.62,83.76,83.77,26577.688128
2026-02-09 14:00:00,83.77,85.23,83.58,84.96,73566.692638
2026-02-09 15:00:00,84.95,85.8,84.32,85.28,63211.803508
2026-02-09 16:00:00,85.28,86.87,84.82,86.11,57119.605721
2026-02-09 17:00:00,86.11,88.1,85.66,87.78,119670.043095
2026-02-09 18:00:00,87.77,88.69,87.05,87.51,73951.142932
2026-02-09 19:00:00,87.5,88.24,87.14,87.98,30666.326094
2026-02-09 20:00:00,87.96,88.32,87.21,87.76,26673.371291
2026-02-09 21:00:00,87.75,87.89,86.54,87.34,32667.64787
2026-02-09 22:00:00,87.35,87.59,86.97,87.1,17620.347498
2026-02-09 23:00:00,87.09,87.4,86.64,86.76,15826.39285
2026-02-10 00:00:00,86.77,86.94,86.29,86.39,17079.237373
2026-02-10 01:00:00,86.39,87.49,86.38,87.28,17860.386096
2026-02-10 02:00:00,87.28,87.32,86.41,86.66,25637.621425
2026-02-10 03:00:00,86.67,86.84,85.19,85.85,117001.948271
2026-02-10 04:00:00,85.85,86.66,85.78,86.56,24936.445701
2026-02-10 05:00:00,86.55,86.58,85.62,85.95,20822.615567
2026-02-10 06:00:00,85.93,86.03,84.32,84.6,59169.694808
2026-02-10 07:00:00,84.6,85.14,84.42,84.63,26217.725731
2026-02-10 08:00:00,84.64,84.87,84.19,84.65,32156.163501
2026-02-10 09:00:00,84.65,85.09,84.29,84.59,27418.117009
2026-02-10 10:00:00,84.59,84.75,84.21,84.23,20289.217039
2026-02-10 11:00:00,84.22,84.62,83.76,83.84,29173.572001
2026-02-10 12:00:00,83.85,84.36,83.7,83.96,29118.979821
2026-02-10 13:00:00,83.96,84.79,83.67,84.66,47948.208184
2026-02-10 14:00:00,84.65,85.23,83.22,83.74,87241.943674
2026-02-10 15:00:00,83.73,84.52,83.43,84.29,53965.794284
2026-02-10 16:00:00,84.3,84.94,83.78,84.46,33668.718542
2026-02-10 17:00:00,84.45,85.15,84.2,84.91,23106.840205
2026-02-10 18:00:00,84.91,84.98,82.73,82.94,57173.332403
2026-02-10 19:00:00,82.93,83.52,82.46,83.1,36497.862928
2026-02-10 20:00:00,83.08,83.23,82.28,82.64,38734.026031
2026-02-10 21:00:00,82.64,82.94,81.88,82.46,31889.797321
2026-02-10 22:00:00,82.46,82.99,82.37,82.62,18725.070905
2026-02-10 23:00:00,82.59,82.99,82.36,82.99,16412.069818
2026-02-11 00:00:00,82.99,83.71,82.93,83.48,25534.284277
2026-02-11 01:00:00,83.48,83.79,83.2,83.77,15415.332961
2026-02-11 02:00:00,83.77,84.39,83.54,83.55,34199.883609
2026-02-11 03:00:00,83.55,83.85,82.59,83.35,103283.535354
2026-02-11 04:00:00,83.35,83.53,81.71,81.97,74327.092952
2026-02-11 05:00:00,81.98,82.39,81.72,81.9,27221.735087
2026-02-11 06:00:00,81.91,81.98,80.59,80.87,83308.204288
2026-02-11 07:00:00,80.86,81.37,80.29,81.0,39059.923728
2026-02-11 08:00:00,81.01,81.2,80.55,81.09,33567.868183
2026-02-11 09:00:00,81.09,81.3,80.66,80.8,33428.204632
2026-02-11 10:00:00,80.81,81.0,80.39,80.69,29300.106027
2026-02-11 11:00:00,80.7,81.48,80.66,81.26,26161.267321
2026-02-11 12:00:00,81.26,81.5,80.96,81.17,40931.545592
2026-02-11 13:00:00,81.19,81.81,80.66,81.64,100087.539792
2026-02-11 14:00:00,81.65,83.19,79.72,79.95,226901.055746
2026-02-11 15:00:00,79.96,80.34,78.58,79.71,142550.883456
2026-02-11 16:00:00,79.7,80.92,78.69,78.74,92442.73898
2026-02-11 17:00:00,78.73,80.03,78.02,79.01,87032.481544
2026-02-11 18:00:00,79.01,79.99,78.52,79.82,54059.089911
2026-02-11 19:00:00,79.81,80.37,79.32,79.73,43136.35063
2026-02-11 20:00:00,79.71,80.0,79.0,79.64,44949.738178
2026-02-11 21:00:00,79.65,81.1,79.64,80.15,106956.959042
2026-02-11 22:00:00,80.16,80.24,79.37,79.5,43689.540499
2026-02-11 23:00:00,79.49,79.73,78.73,79.29,58374.616189
2026-02-12 00:00:00,79.3,80.22,79.27,79.98,37351.335132
2026-02-12 01:00:00,79.98,80.78,79.98,80.42,38730.768364
2026-02-12 02:00:00,80.43,80.72,79.94,80.33,23854.140458
2026-02-12 03:00:00,80.33,80.66,80.08,80.62,18991.951013
2026-02-12 04:00:00,80.62,80.96,80.3,80.32,35431.960333
2026-02-12 05:00:00,80.32,80.6,79.46,80.57,46762.398151
2026-02-12 06:00:00,80.58,80.99,80.37,80.58,19434.833691
2026-02-12 07:00:00,80.57,80.93,80.28,80.77,20665.134074
2026-02-12 08:00:00,80.77,80.92,80.33,80.76,15015.98577
2026-02-12 09:00:00,80.77,81.91,80.57,81.8,55722.085673
2026-02-12 10:00:00,81.81,82.24,81.34,82.17,25117.518766
2026-02-12 11:00:00,82.18,82.24,81.7,81.87,35083.652545
2026-02-12 12:00:00,81.86,81.96,80.85,81.1,33865.997769
2026-02-12 13:00:00,81.09,82.12,80.71,81.97,55932.288798
2026-02-12 14:00:00,81.96,82.0,81.01,81.13,49891.291173
2026-02-12 15:00:00,81.14,81.51,80.04,80.14,87276.820018
2026-02-12 16:00:00,80.13,80.21,78.19,78.32,117842.228967
2026-02-12 17:00:00,78.3,78.67,77.5,77.9,95398.212797
2026-02-12 18:00:00,77.91,78.47,77.17,77.6,48765.538872
2026-02-12 19:00:00,77.61,78.62,77.03,77.62,62999.415734
2026-02-12 20:00:00,77.62,77.93,76.58,76.91,62224.486454
2026-02-12 21:00:00,76.92,77.55,76.92,77.33,23951.937484
2026-02-12 22:00:00,77.32,78.12,76.96,78.1,37609.648161
2026-02-12 23:00:00,78.12,78.51,77.82,78.41,48957.876693
2026-02-13 00:00:00,78.41,78.75,77.53,78.03,29074.65867
2026-02-13 01:00:00,78.05,78.84,78.03,78.59,30162.854899
2026-02-13 02:00:00,78.6,79.33,78.44,79.12,27936.214634
2026-02-13 03:00:00,79.14,79.47,78.82,79.04,27016.524132
2026-02-13 04:00:00,79.05,79.25,78.44,78.51,19401.893672
2026-02-13 05:00:00,78.52,78.75,78.17,78.29,23503.956274
2026-02-13 06:00:00,78.29,78.66,77.86,78.61,27611.532805
2026-02-13 07:00:00,78.62,79.23,78.53,78.98,32509.732522
2026-02-13 08:00:00,78.99,79.91,78.85,79.72,45489.682894
2026-02-13 09:00:00,79.72,79.96,79.41,79.88,23138.788962
2026-02-13 10:00:00,79.89,80.64,79.75,80.36,54337.499935
2026-02-13 11:00:00,80.37,80.4,79.79,80.3,33129.316208
2026-02-13 12:00:00,80.3,80.3,79.86,79.98,21623.425139
2026-02-13 13:00:00,79.98,80.9,79.73,80.29,88813.870883
2026-02-13 14:00:00,80.29,81.96,79.85,81.34,123103.462225
2026-02-13 15:00:00,81.34,84.35,81.1,83.2,137691.251908
2026-02-13 16:00:00,83.2,85.0,82.92,84.22,84481.241711
2026-02-13 17:00:00,84.22,84.72,83.56,84.34,54940.774717
2026-02-13 18:00:00,84.35,85.6,84.12,85.39,88974.734284
2026-02-13 19:00:00,85.4,85.62,84.55,84.64,34823.075467
2026-02-13 20:00:00,84.66,85.08,84.17,84.78,44529.350369
2026-02-13 21:00:00,84.77,85.19,84.57,84.86,26381.186244
2026-02-13 22:00:00,84.86,84.93,84.45,84.66,17702.257505
2026-02-13 23:00:00,84.65,84.65,84.12,84.33,18156.892847
2026-02-14 00:00:00,84.34,85.09,84.22,84.96,27197.717734
2026-02-14 01:00:00,84.94,85.21,84.8,84.99,13615.116962
2026-02-14 02:00:00,84.99,85.01,84.6,84.89,19783.440532
2026-02-14 03:00:00,84.9,85.3,84.81,85.06,14260.267673
2026-02-14 04:00:00,85.06,85.1,84.81,84.82,8994.317898
2026-02-14 05:00:00,84.82,85.04,84.62,84.62,9714.810858
2026-02-14 06:00:00,84.63,84.93,84.35,84.86,8282.376073
2026-02-14 07:00:00,84.86,85.26,84.77,85.18,21680.173422
2026-02-14 08:00:00,85.17,86.42,85.14,86.21,71530.797405
2026-02-14 09:00:00,86.22,86.37,85.84,86.0,43593.057848
2026-02-14 10:00:00,86.02,86.02,85.73,85.82,10938.199284
2026-02-14 11:00:00,85.83,87.33,85.82,87.29,69480.751939
2026-02-14 12:00:00,87.28,87.31,86.25,86.41,61236.074159
2026-02-14 13:00:00,86.4,86.89,86.01,86.43,38292.839544
2026-02-14 14:00:00,86.44,87.5,86.36,87.25,41849.954106
2026-02-14 15:00:00,87.25,87.69,87.1,87.43,36953.103459
2026-02-14 16:00:00,87.43,88.23,87.01,88.12,83648.138063
2026-02-14 17:00:00,88.12,88.45,87.84,88.05,40918.522514
2026-02-14 18:00:00,88.05,88.29,87.8,88.02,27290.667183
2026-02-14 19:00:00,88.02,88.32,87.55,88.2,15670.329814
2026-02-14 20:00:00,88.21,88.44,87.67,88.16,32212.332242
2026-02-14 21:00:00,88.15,88.43,87.26,88.06,46699.391272
2026-02-14 22:00:00,88.06,88.88,87.9,88.49,43722.769254
2026-02-14 23:00:00,88.49,88.9,88.05,88.05,23773.804803
2026-02-15 00:00:00,88.06,88.42,87.79,88.19,28430.624688
2026-02-15 01:00:00,88.18,88.73,87.6,88.28,28313.777035
2026-02-15 02:00:00,88.27,88.49,87.5,87.99,32982.400235
2026-02-15 03:00:00,88.0,88.78,87.35,88.6,49526.683187
2026-02-15 04:00:00,88.6,89.8,88.39,88.79,92622.59462
2026-02-15 05:00:00,88.78,90.06,88.75,89.67,36113.381894
2026-02-15 06:00:00,89.67,90.15,89.33,89.6,34113.077264
2026-02-15 07:00:00,89.6,90.97,89.4,90.74,50108.800756
2026-02-15 08:00:00,90.74,91.25,89.24,89.67,80488.869913
2026-02-15 09:00:00,89.66,90.52,89.48,90.01,31732.389147
2026-02-15 10:00:00,90.01,90.1,89.11,89.53,42226.129763
2026-02-15 11:00:00,89.53,89.82,89.02,89.18,15997.177749
2026-02-15 12:00:00,89.18,89.62,87.31,87.32,52195.522828
2026-02-15 13:00:00,87.32,88.37,86.81,86.96,70949.195202
2026-02-15 14:00:00,86.96,87.6,86.66,87.35,39935.089398
2026-02-15 15:00:00,87.35,87.67,86.94,87.41,28662.211016
2026-02-15 16:00:00,87.41,87.65,86.69,87.56,44694.014619
2026-02-15 17:00:00,87.55,87.88,85.77,86.42,108387.000353
2026-02-15 18:00:00,86.42,86.86,86.01,86.22,47838.113232
2026-02-15 19:00:00,86.22,86.34,85.22,85.34,46789.114245
2026-02-15 20:00:00,85.34,85.97,84.9,85.87,31573.111107
2026-02-15 21:00:00,85.88,86.44,85.88,86.17,34654.955729
2026-02-15 22:00:00,86.17,86.7,86.05,86.37,23643.016426
2026-02-15 23:00:00,86.37,86.37,85.1,86.15,55951.6943
2026-02-16 00:00:00,86.15,86.51,85.6,86.17,23100.069086
2026-02-16 01:00:00,86.17,86.63,85.38,85.76,29932.825949
2026-02-16 02:00:00,85.76,86.2,85.24,85.39,28258.734744
2026-02-16 03:00:00,85.4,85.55,84.8,85.13,27289.169866
2026-02-16 04:00:00,85.15,85.82,85.09,85.8,15995.37528
2026-02-16 05:00:00,85.8,85.89,84.45,84.69,34389.901836
2026-02-16 06:00:00,84.7,85.21,84.53,85.05,17088.492969
2026-02-16 07:00:00,85.05,85.5,84.81,85.06,23541.347669
2026-02-16 08:00:00,85.07,85.49,85.03,85.38,22928.543485
2026-02-16 09:00:00,85.39,86.27,85.39,86.0,38610.347537
2026-02-16 10:00:00,85.99,86.04,85.62,85.76,16899.111654
2026-02-16 11:00:00,85.76,85.97,84.5,85.51,43747.75847
2026-02-16 12:00:00,85.52,86.41,85.28,86.19,47128.671034
2026-02-16 13:00:00,86.19,86.93,83.76,84.17,160651.990341
2026-02-16 14:00:00,84.17,84.68,83.49,84.05,85723.690675
2026-02-16 15:00:00,84.06,84.59,82.58,83.21,84339.405369
2026-02-16 16:00:00,83.21,84.09,83.12,83.99,73135.092754
2026-02-16 17:00:00,83.98,84.81,83.91,84.52,36451.874311
2026-02-16 18:00:00,84.52,85.15,84.48,84.51,33611.201346
2026-02-16 19:00:00,84.52,85.11,84.25,84.62,20144.047453
2026-02-16 20:00:00,84.62,85.48,84.49,85.37,25230.015111
2026-02-16 21:00:00,85.37,86.12,85.12,86.01,20736.896174
2026-02-16 22:00:00,86.02,86.23,85.6,85.72,24083.261567
2026-02-16 23:00:00,85.71,86.66,85.67,86.44,36111.552238
2026-02-17 00:00:00,86.45,87.15,86.28,86.62,35019.409664
2026-02-17 01:00:00,86.63,87.07,86.13,86.19,22692.996766
2026-02-17 02:00:00,86.18,87.68,85.71,87.29,43774.284961
2026-02-17 03:00:00,87.3,87.37,86.34,86.37,24975.091864
2026-02-17 04:00:00,86.37,86.67,85.93,86.37,30628.237142
2026-02-17 05:00:00,86.37,86.49,85.46,86.23,33063.733282
2026-02-17 06:00:00,86.23,86.79,86.22,86.5,22584.778858
2026-02-17 07:00:00,86.48,86.53,85.93,86.48,19557.925474
2026-02-17 08:00:00,86.49,86.75,85.91,85.96,30709.207818
2026-02-17 09:00:00,85.97,86.18,85.68,85.95,13285.874527
2026-02-17 10:00:00,85.94,86.05,84.87,85.04,26926.452979
2026-02-17 11:00:00,85.05,85.3,84.76,85.1,24980.065242
2026-02-17 12:00:00,85.11,85.57,84.52,84.63,36964.581884
2026-02-17 13:00:00,84.63,85.51,84.39,84.99,47450.81107
2026-02-17 14:00:00,84.99,85.44,83.0,83.26,107535.601383
2026-02-17 15:00:00,83.26,83.9,82.92,83.79,74764.259405
2026-02-17 16:00:00,83.81,85.46,83.71,84.18,65844.756281
2026-02-17 17:00:00,84.17,84.31,83.13,83.7,51068.305754
2026-02-17 18:00:00,83.71,85.43,83.57,85.11,49779.01783
2026-02-17 19:00:00,85.12,85.75,84.64,84.86,47228.460615
2026-02-17 20:00:00,84.86,85.28,84.5,84.99,43352.042612
2026-02-17 21:00:00,84.98,85.44,84.85,85.22,15120.288382
2026-02-17 22:00:00,85.22,85.44,84.98,85.04,11466.917898
2026-02-17 23:00:00,85.03,85.34,84.9,85.08,26379.793341
2026-02-18 00:00:00,85.09,85.49,84.81,84.86,20354.122098
2026-02-18 01:00:00,84.87,84.97,83.94,84.26,26949.02026
2026-02-18 02:00:00,84.25,85.0,84.24,84.66,12300.60543
2026-02-18 03:00:00,84.66,85.46,84.51,85.32,21280.634474
2026-02-18 04:00:00,85.32,85.54,84.91,85.15,18772.280469
2026-02-18 05:00:00,85.15,85.25,84.71,84.9,18096.753084
2026-02-18 06:00:00,84.89,85.3,84.79,84.91,8074.17247
2026-02-18 07:00:00,84.92,85.42,84.68,85.27,13159.488899
2026-02-18 08:00:00,85.29,86.08,85.23,85.46,26397.089524
2026-02-18 09:00:00,85.48,85.73,85.27,85.32,15581.508467
2026-02-18 10:00:00,85.31,85.38,84.19,84.28,27666.206143
2026-02-18 11:00:00,84.28,84.28,82.83,82.85,66440.28242
2026-02-18 12:00:00,82.86,83.36,82.36,83.0,157406.00758
2026-02-18 13:00:00,83.01,83.3,82.32,82.65,35878.980529
2026-02-18 14:00:00,82.63,82.88,81.68,82.58,89804.688865
2026-02-18 15:00:00,82.57,84.0,82.52,83.0,148364.524961
2026-02-18 16:00:00,83.0,83.09,82.03,82.3,65728.760608
2026-02-18 17:00:00,82.3,82.99,82.1,82.19,37478.698319
2026-02-18 18:00:00,82.2,82.36,80.96,81.27,79216.450986
2026-02-18 19:00:00,81.27,81.59,80.49,80.93,53142.636324
2026-02-18 20:00:00,80.93,81.58,80.85,81.32,27113.721183
2026-02-18 21:00:00,81.32,81.64,81.0,81.26,24795.927898
2026-02-18 22:00:00,81.28,81.56,81.06,81.43,11470.17145
2026-02-18 23:00:00,81.46,81.64,81.26,81.62,12705.357239
2026-02-19 00:00:00,81.62,81.73,81.25,81.51,11437.908471
2026-02-19 01:00:00,81.5,82.05,81.49,81.9,14405.188002
2026-02-19 02:00:00,81.9,82.07,81.34,81.66,20638.650119
2026-02-19 03:00:00,81.66,81.93,81.44,81.78,8380.797297
2026-02-19 04:00:00,81.78,82.01,81.45,81.51,23052.651987
2026-02-19 05:00:00,81.51,81.97,81.38,81.88,18751.622485
2026-02-19 06:00:00,81.89,82.48,81.84,82.37,15320.816162
2026-02-19 07:00:00,82.37,82.67,82.03,82.41,39951.000765
2026-02-19 08:00:00,82.4,82.41,81.52,81.72,28910.562456
2026-02-19 09:00:00,81.73,82.01,81.11,81.21,30376.039125
2026-02-19 10:00:00,81.2,81.82,80.92,81.52,25961.786548
2026-02-19 11:00:00,81.53,81.9,81.11,81.25,14819.669676
2026-02-19 12:00:00,81.24,81.3,80.69,80.8,35591.761671
2026-02-19 13:00:00,80.8,80.92,79.61,80.03,80142.409878
2026-02-19 14:00:00,80.01,81.32,79.96,80.78,47875.880623
2026-02-19 15:00:00,80.78,81.31,79.98,80.65,36137.465484
2026-02-19 16:00:00,80.64,80.97,79.94,80.8,52738.863751
2026-02-19 17:00:00,80.81,81.94,80.23,80.49,56598.331149
2026-02-19 18:00:00,80.47,82.04,80.4,81.98,38827.026789
2026-02-19 19:00:00,81.99,82.21,81.06,81.95,28835.103824
2026-02-19 20:00:00,81.95,82.37,81.69,82.09,39636.209954
2026-02-19 21:00:00,82.09,82.19,81.82,82.08,13471.787629
2026-02-19 22:00:00,82.08,82.59,81.91,82.34,30645.61
2026-02-19 23:00:00,82.34,82.57,82.13,82.5,20859.622057
2026-02-20 00:00:00,82.51,83.55,82.32,82.9,35393.708639
2026-02-20 01:00:00,82.91,83.16,82.72,83.02,20558.411677
2026-02-20 02:00:00,83.03,83.32,82.81,82.92,17648.392337
2026-02-20 03:00:00,82.91,83.37,82.84,83.04,41946.954909
2026-02-20 04:00:00,83.04,83.11,82.4,82.68,34084.905936
2026-02-20 05:00:00,82.69,83.74,82.5,83.27,26076.697341
2026-02-20 06:00:00,83.28,83.72,83.15,83.71,18534.740713
2026-02-20 07:00:00,83.7,83.91,83.4,83.45,16638.547441
2026-02-20 08:00:00,83.45,83.79,83.29,83.66,8881.556802
2026-02-20 09:00:00,83.65,84.5,83.64,84.2,30948.875058
2026-02-20 10:00:00,84.2,84.84,84.02,84.1,29043.909165
2026-02-20 11:00:00,84.1,84.26,83.34,83.58,33383.448963
2026-02-20 12:00:00,83.59,84.03,83.38,83.72,29806.003689
2026-02-20 13:00:00,83.72,83.72,81.76,82.19,69743.833794
2026-02-20 14:00:00,82.19,83.39,82.12,83.06,42823.86727
2026-02-20 15:00:00,83.07,84.79,82.69,84.38,107044.019084
2026-02-20 16:00:00,84.4,84.95,83.75,84.49,46390.18522
2026-02-20 17:00:00,84.5,84.6,82.81,84.49,66994.016177
2026-02-20 18:00:00,84.5,85.49,83.98,85.24,71499.128597
2026-02-20 19:00:00,85.25,85.39,84.38,84.77,27619.020351
2026-02-20 20:00:00,84.78,85.24,84.41,84.63,18183.659996
2026-02-20 21:00:00,84.62,84.78,84.31,84.55,15841.219685
2026-02-20 22:00:00,84.55,84.77,84.12,84.6,17100.259536
2026-02-20 23:00:00,84.58,84.72,84.3,84.67,6740.16501
2026-02-21 00:00:00,84.68,84.75,84.35,84.43,8500.170623
2026-02-21 01:00:00,84.44,84.85,84.44,84.68,6095.620748
2026-02-21 02:00:00,84.68,85.03,84.53,84.82,6808.412005
2026-02-21 03:00:00,84.82,84.84,84.22,84.35,12147.852793
2026-02-21 04:00:00,84.36,84.5,84.16,84.41,11691.194659
2026-02-21 05:00:00,84.4,84.59,84.39,84.48,4475.460336
2026-02-21 06:00:00,84.48,84.78,84.04,84.13,25763.986009
2026-02-21 07:00:00,84.12,84.33,83.97,84.24,10968.880733
2026-02-21 08:00:00,84.25,84.74,84.2,84.73,10107.293942
2026-02-21 09:00:00,84.73,85.21,84.67,84.91,17063.736117
2026-02-21 10:00:00,84.92,85.28,84.9,85.16,7266.324819
2026-02-21 11:00:00,85.15,85.68,85.15,85.4,16687.966933
2026-02-21 12:00:00,85.4,85.54,85.01,85.33,14175.02674
2026-02-21 13:00:00,85.33,85.98,85.18,85.87,15577.95069
2026-02-21 14:00:00,85.86,86.67,85.63,86.31,57753.979499
2026-02-21 15:00:00,86.32,86.74,86.18,86.6,26108.86003
2026-02-21 16:00:00,86.6,86.68,85.88,86.15,58890.848872
2026-02-21 17:00:00,86.15,86.46,85.84,86.25,14936.794835
2026-02-21 18:00:00,86.24,86.72,86.19,86.57,12372.063516
2026-02-21 19:00:00,86.57,86.69,86.19,86.22,6861.2874
2026-02-21 20:00:00,86.22,86.22,85.3,85.48,30311.306678
2026-02-21 21:00:00,85.48,85.86,85.42,85.85,7710.789012
2026-02-21 22:00:00,85.84,85.9,85.37,85.47,14948.641075
2026-02-21 23:00:00,85.45,85.56,85.14,85.17,17576.917884
2026-02-22 00:00:00,85.17,85.22,84.77,85.07,15039.440023
2026-02-22 01:00:00,85.08,85.42,85.05,85.32,14825.237366
2026-02-22 02:00:00,85.32,85.59,84.85,84.97,21485.961156
2026-02-22 03:00:00,84.97,85.16,84.71,85.08,19735.936999
2026-02-22 04:00:00,85.08,85.34,84.97,85.16,8590.267341
2026-02-22 05:00:00,85.16,85.21,84.79,84.97,7488.045879
2026-02-22 06:00:00,84.99,85.33,84.94,85.29,14036.608657
2026-02-22 07:00:00,85.3,85.59,85.13,85.24,15027.60007
2026-02-22 08:00:00,85.25,85.25,84.87,84.97,16886.075473
2026-02-22 09:00:00,84.99,85.19,84.93,85.03,6835.139759
2026-02-22 10:00:00,85.03,85.3,85.0,85.21,8458.383685
2026-02-22 11:00:00,85.22,85.46,85.17,85.27,7401.239584
2026-02-22 12:00:00,85.26,85.32,84.34,84.47,25262.193684
2026-02-22 13:00:00,84.47,84.62,83.71,83.98,84006.919534
2026-02-22 14:00:00,83.98,84.06,83.41,83.66,24487.902305
2026-02-22 15:00:00,83.65,83.71,83.0,83.49,38114.436348
2026-02-22 16:00:00,83.49,83.63,83.2,83.58,11548.253361
2026-02-22 17:00:00,83.58,83.61,82.83,83.05,24440.624867
2026-02-22 18:00:00,83.06,83.29,82.96,83.23,7630.471673
2026-02-22 19:00:00,83.23,83.41,83.03,83.3,11291.80169
2026-02-22 20:00:00,83.3,83.37,82.95,83.02,11990.100135
2026-02-22 21:00:00,83.03,83.59,83.03,83.51,9652.587044
2026-02-22 22:00:00,83.51,83.73,83.08,83.58,29326.187845
2026-02-22 23:00:00,83.58,83.65,82.47,82.79,53956.120798
2026-02-23 00:00:00,82.8,82.85,81.33,81.38,37709.328312
2026-02-23 01:00:00,81.38,81.38,77.5,77.98,288583.079251
2026-02-23 02:00:00,77.97,78.44,77.52,77.88,76009.964875
2026-02-23 03:00:00,77.88,78.32,77.27,77.66,66070.279549
2026-02-23 04:00:00,77.67,77.74,77.14,77.38,37136.560164
2026-02-23 05:00:00,77.39,78.08,77.33,77.85,61706.619673
2026-02-23 06:00:00,77.85,79.17,77.68,79.07,97936.044637
2026-02-23 07:00:00,79.08,79.68,78.92,79.39,65571.867399
2026-02-23 08:00:00,79.39,79.4,78.52,78.77,86301.298057
2026-02-23 09:00:00,78.77,80.54,78.77,80.44,106975.824898
2026-02-23 10:00:00,80.45,80.68,80.1,80.25,45266.03244
2026-02-23 11:00:00,80.26,80.53,79.97,80.05,35855.494122
2026-02-23 12:00:00,80.06,80.96,79.85,80.7,80137.940409
2026-02-23 13:00:00,80.71,81.11,80.43,80.53,83331.330148
2026-02-23 14:00:00,80.53,80.79,79.42,80.13,78398.860469
2026-02-23 15:00:00,80.14,80.33,79.21,79.4,93030.667299
2026-02-23 16:00:00,79.4,79.8,78.62,78.96,94239.980024
2026-02-23 17:00:00,78.97,79.15,77.25,78.32,103470.345835
2026-02-23 18:00:00,78.31,79.31,78.04,78.64,70332.732189
2026-02-23 19:00:00,78.64,78.92,78.0,78.29,58954.804065
2026-02-23 20:00:00,78.29,78.54,77.85,78.32,36491.470235
2026-02-23 21:00:00,78.3,78.71,78.18,78.37,23515.510651
2026-02-23 22:00:00,78.38,78.93,78.26,78.26,32829.706828
2026-02-23 23:00:00,78.26,78.54,77.64,77.91,20122.963753
2026-02-24 00:00:00,77.91,78.52,77.91,78.46,17429.760623
2026-02-24 01:00:00,78.45,78.46,75.75,77.67,146420.405814
2026-02-24 02:00:00,77.66,78.42,77.51,77.64,30122.47762
2026-02-24 03:00:00,77.64,77.64,76.49,76.88,52405.487476
2026-02-24 04:00:00,76.89,77.07,76.12,76.86,40690.163472
2026-02-24 05:00:00,76.87,77.35,76.22,76.63,53742.202134
2026-02-24 06:00:00,76.64,76.93,76.4,76.58,25501.421755
2026-02-24 07:00:00,76.59,77.22,76.51,76.85,42258.048048
2026-02-24 08:00:00,76.85,77.2,76.5,77.04,22653.007109
2026-02-24 09:00:00,77.04,77.13,76.0,76.64,30644.92639
2026-02-24 10:00:00,76.65,76.82,76.42,76.76,15017.725124
2026-02-24 11:00:00,76.75,76.9,76.49,76.77,18827.331202
2026-02-24 12:00:00,76.77,77.04,76.51,76.6,23211.641836
2026-02-24 13:00:00,76.61,76.82,76.03,76.56,60070.065944
2026-02-24 14:00:00,76.55,77.42,75.64,76.87,85824.136956
2026-02-24 15:00:00,76.88,77.49,76.6,77.29,64701.734275
2026-02-24 16:00:00,77.3,78.23,77.23,78.13,78254.061169
2026-02-24 17:00:00,78.13,78.49,77.8,77.97,54111.955104
2026-02-24 18:00:00,77.97,78.33,77.57,78.19,24634.977088
2026-02-24 19:00:00,78.2,78.5,77.89,78.39,25337.886617
2026-02-24 20:00:00,78.38,78.89,78.35,78.67,29682.436012
2026-02-24 21:00:00,78.65,78.73,78.14,78.55,29063.638283
2026-02-24 22:00:00,78.54,79.37,78.45,79.07,33817.413982
2026-02-24 23:00:00,79.07,79.61,78.65,78.98,40567.697748
2026-02-25 00:00:00,78.99,79.43,78.74,79.2,16298.817285
2026-02-25 01:00:00,79.19,82.58,79.11,82.01,255610.784318
2026-02-25 02:00:00,81.99,82.99,81.98,82.47,121021.486368
2026-02-25 03:00:00,82.47,82.58,81.62,81.74,97487.624578
2026-02-25 04:00:00,81.75,82.43,81.28,81.95,72450.724301
2026-02-25 05:00:00,81.95,82.16,80.95,81.29,75944.797491
2026-02-25 06:00:00,81.3,81.89,81.16,81.56,34171.760616
2026-02-25 07:00:00,81.57,82.43,81.49,82.18,55955.590207
2026-02-25 08:00:00,82.18,82.55,81.92,82.48,50014.479569
2026-02-25 09:00:00,82.48,82.69,82.22,82.53,38647.022778
2026-02-25 10:00:00,82.53,82.95,82.44,82.53,33824.075162
2026-02-25 11:00:00,82.54,83.4,82.31,83.38,51040.204667
2026-02-25 12:00:00,83.38,84.1,82.88,83.67,55551.558778
2026-02-25 13:00:00,83.68,84.44,83.38,83.83,67649.162919
2026-02-25 14:00:00,83.84,85.8,83.81,85.65,105194.231682
2026-02-25 15:00:00,85.63,86.46,85.04,86.0,137861.089123
2026-02-25 16:00:00,85.99,87.7,85.95,87.55,122176.640241
2026-02-25 17:00:00,87.55,88.96,87.41,88.57,147352.000648
2026-02-25 18:00:00,88.56,89.17,88.01,88.96,83100.716766
2026-02-25 19:00:00,88.96,89.65,88.34,89.44,61662.523134
2026-02-25 20:00:00,89.44,90.11,88.99,89.39,102667.932892
2026-02-25 21:00:00,89.39,92.15,89.38,89.86,184319.870618
2026-02-25 22:00:00,89.86,90.54,88.38,89.12,65266.469435
2026-02-25 23:00:00,89.11,89.33,87.09,88.04,80872.785393
2026-02-26 00:00:00,88.04,89.26,87.83,88.61,71159.8995
2026-02-26 01:00:00,88.63,89.14,88.22,88.42,35187.060573
2026-02-26 02:00:00,88.42,88.49,87.56,88.2,34155.34564
2026-02-26 03:00:00,88.2,88.36,87.77,87.94,22054.068387
2026-02-26 04:00:00,87.95,89.05,87.85,88.75,21880.610265
2026-02-26 05:00:00,88.74,88.75,87.23,87.77,39962.125081
2026-02-26 06:00:00,87.77,88.01,87.38,87.65,25286.129383
2026-02-26 07:00:00,87.64,87.88,87.25,87.25,21985.896591
2026-02-26 08:00:00,87.26,87.88,87.26,87.31,31359.791824
2026-02-26 09:00:00,87.3,88.7,87.23,88.34,53426.62471
2026-02-26 10:00:00,88.33,88.58,87.29,87.46,32191.961385
2026-02-26 11:00:00,87.47,87.62,86.6,86.82,43284.435131
2026-02-26 12:00:00,86.82,87.78,86.72,87.69,23345.271131
2026-02-26 13:00:00,87.69,88.08,87.49,87.63,26864.975898
2026-02-26 14:00:00,87.63,88.26,86.28,87.02,95036.327059
2026-02-26 15:00:00,87.01,87.1,85.28,86.57,140944.401113
2026-02-26 16:00:00,86.58,86.75,84.32,84.56,135486.069425
2026-02-26 17:00:00,84.58,85.33,84.5,84.91,71835.819605
2026-02-26 18:00:00,84.9,85.7,84.45,85.36,93476.940398
2026-02-26 19:00:00,85.37,86.66,85.33,86.47,84467.539047
2026-02-26 20:00:00,86.46,86.86,85.84,86.02,44154.940817
2026-02-26 21:00:00,86.01,86.29,85.7,85.93,29359.326335
2026-02-26 22:00:00,85.94,86.26,85.8,86.14,21313.968825
2026-02-26 23:00:00,86.13,86.14,85.75,85.89,18067.99004
2026-02-27 00:00:00,85.9,86.02,85.17,85.83,30215.826018
2026-02-27 01:00:00,85.83,86.14,85.3,86.12,38956.487928
2026-02-27 02:00:00,86.13,86.79,85.94,86.57,23853.236885
2026-02-27 03:00:00,86.59,87.81,86.36,87.62,28337.063354
2026-02-27 04:00:00,87.63,88.29,87.49,87.54,48837.325491
2026-02-27 05:00:00,87.54,87.86,87.39,87.54,20344.74233
2026-02-27 06:00:00,87.54,87.63,86.86,87.34,29303.713258
2026-02-27 07:00:00,87.33,87.44,86.82,87.32,29168.303556
2026-02-27 08:00:00,87.31,87.93,87.23,87.57,39000.176243
2026-02-27 09:00:00,87.57,87.83,86.23,86.32,47552.732559
2026-02-27 10:00:00,86.33,86.5,84.55,84.72,86360.645914
2026-02-27 11:00:00,84.72,84.96,83.3,83.6,75068.73446
2026-02-27 12:00:00,83.59,83.75,82.66,83.12,46720.978851
2026-02-27 13:00:00,83.11,83.55,81.99,83.07,120987.868529
2026-02-27 14:00:00,83.07,83.34,82.1,82.39,72024.700025
2026-02-27 15:00:00,82.37,83.06,82.31,82.7,45096.567585
2026-02-27 16:00:00,82.69,82.69,81.33,81.37,67052.265327
2026-02-27 17:00:00,81.37,81.9,81.1,81.85,47191.15053
2026-02-27 18:00:00,81.85,82.03,81.41,81.49,20165.881749
2026-02-27 19:00:00,81.48,81.73,81.14,81.57,11739.271834
2026-02-27 20:00:00,81.58,81.87,81.23,81.45,18889.251666
2026-02-27 21:00:00,81.46,81.81,80.88,81.2,26650.797219
2026-02-27 22:00:00,81.21,81.6,80.32,81.42,45202.248569
2026-02-27 23:00:00,81.43,82.11,81.35,81.85,34829.109932
2026-02-28 00:00:00,81.85,82.15,81.6,82.11,25956.502316
2026-02-28 01:00:00,82.12,82.25,81.73,81.77,25222.83558
2026-02-28 02:00:00,81.78,82.19,81.69,82.13,21109.720086
2026-02-28 03:00:00,82.13,82.13,81.54,81.72,18258.258293
2026-02-28 04:00:00,81.73,81.89,81.21,81.64,24150.177983
2026-02-28 05:00:00,81.63,81.8,81.28,81.55,16614.073233
2026-02-28 06:00:00,81.55,81.55,77.12,77.56,281912.434036
2026-02-28 07:00:00,77.55,79.63,77.13,78.71,138575.639721
2026-02-28 08:00:00,78.7,78.72,77.86,78.01,55618.308862
2026-02-28 09:00:00,78.01,78.71,77.75,78.42,56711.629681
2026-02-28 10:00:00,78.41,79.18,77.97,79.11,103377.044352
2026-02-28 11:00:00,79.12,79.59,78.66,78.77,36945.152781
2026-02-28 12:00:00,78.77,79.23,78.61,78.93,26692.496033
2026-02-28 13:00:00,78.94,80.99,78.71,80.83,109837.703278
2026-02-28 14:00:00,80.82,81.51,80.02,80.25,93946.434462
2026-02-28 15:00:00,80.25,81.11,79.62,80.92,58876.872191
2026-02-28 16:00:00,80.92,81.32,80.51,81.08,29132.561056
2026-02-28 17:00:00,81.08,81.53,80.58,81.37,33916.29423
2026-02-28 18:00:00,81.37,82.9,81.1,82.36,53653.086964
2026-02-28 19:00:00,82.36,82.77,81.46,82.22,58946.150055
2026-02-28 20:00:00,82.22,85.03,81.97,84.88,102074.533698
2026-02-28 21:00:00,84.89,85.04,83.59,84.48,57471.507542
2026-02-28 22:00:00,84.48,85.66,84.26,84.29,61533.582822
2026-02-28 23:00:00,84.27,84.73,83.92,84.37,23286.353229
2026-03-01 00:00:00,84.36,85.0,84.32,84.87,30147.60025
2026-03-01 01:00:00,84.87,87.5,84.25,86.74,125981.822914
2026-03-01 02:00:00,86.76,88.91,86.76,87.99,158098.690909
2026-03-01 03:00:00,87.96,88.33,87.65,88.01,63622.526541
2026-03-01 04:00:00,88.02,88.27,86.9,87.54,127966.072677
2026-03-01 05:00:00,87.55,88.03,87.22,87.26,22904.175935
2026-03-01 06:00:00,87.27,87.38,86.16,86.68,54181.907382
2026-03-01 07:00:00,86.68,86.9,86.3,86.62,21041.682947
2026-03-01 08:00:00,86.63,86.83,85.06,85.21,44590.243888
2026-03-01 09:00:00,85.21,85.85,84.8,84.98,54249.315123
2026-03-01 10:00:00,84.98,85.67,84.71,85.22,32848.755405
2026-03-01 11:00:00,85.22,85.52,85.0,85.18,12701.157345
2026-03-01 12:00:00,85.18,85.39,84.77,84.87,23168.1547
2026-03-01 13:00:00,84.88,87.0,84.52,86.09,91741.675883
2026-03-01 14:00:00,86.08,86.89,85.44,85.8,56335.380453
2026-03-01 15:00:00,85.81,86.68,85.61,85.67,34702.041062
2026-03-01 16:00:00,85.68,86.08,83.66,84.01,80833.499666
2026-03-01 17:00:00,84.01,84.28,83.2,83.89,49630.254154
2026-03-01 18:00:00,83.89,85.03,83.86,83.94,56733.617731
2026-03-01 19:00:00,83.94,84.02,83.05,83.23,33604.565766
2026-03-01 20:00:00,83.22,83.26,81.69,81.99,58764.613083
2026-03-01 21:00:00,81.99,83.02,81.94,82.95,28777.819299
2026-03-01 22:00:00,82.94,84.1,82.37,82.71,80836.411665
2026-03-01 23:00:00,82.71,84.08,82.52,83.61,49131.20145
2026-03-02 00:00:00,83.61,85.24,83.49,85.01,42952.339365
2026-03-02 01:00:00,85.01,86.17,84.4,84.61,64042.571501
2026-03-02 02:00:00,84.63,84.77,83.47,84.14,33124.167386
2026-03-02 03:00:00,84.16,85.13,83.84,84.77,34556.018461
2026-03-02 04:00:00,84.78,84.83,84.1,84.31,23891.617899
2026-03-02 05:00:00,84.31,84.69,83.84,84.22,18319.708371
2026-03-02 06:00:00,84.23,84.25,82.9,83.25,38078.769402
2026-03-02 07:00:00,83.25,83.31,82.39,82.94,30018.997438
2026-03-02 08:00:00,82.96,83.62,82.38,83.44,41202.811055
2026-03-02 09:00:00,83.45,84.13,83.32,83.64,59886.583055
2026-03-02 10:00:00,83.64,84.1,83.36,83.89,34369.420673
2026-03-02 11:00:00,83.88,84.29,83.47,83.89,33470.248629
2026-03-02 12:00:00,83.9,84.15,83.55,83.7,18171.203509
2026-03-02 13:00:00,83.7,83.84,82.93,83.08,39082.547882
2026-03-02 14:00:00,83.07,85.97,82.79,85.67,132599.355942
2026-03-02 15:00:00,85.66,88.97,85.49,88.77,268443.373955
2026-03-02 16:00:00,88.77,90.3,88.43,88.85,140580.932963
2026-03-02 17:00:00,88.84,88.99,86.4,87.61,91380.511426
2026-03-02 18:00:00,87.6,87.83,86.71,87.31,48935.783462
2026-03-02 19:00:00,87.32,87.81,86.84,87.64,43453.048096
2026-03-02 20:00:00,87.65,88.07,86.86,87.55,51338.387056
2026-03-02 21:00:00,87.57,87.72,87.16,87.54,29909.487523
2026-03-02 22:00:00,87.55,88.28,87.3,88.02,31366.16542
2026-03-02 23:00:00,88.01,88.08,86.3,86.64,67767.66421
2026-03-03 00:00:00,86.64,87.3,86.09,86.91,73107.501519
2026-03-03 01:00:00,86.91,87.18,86.15,86.17,29943.125075
2026-03-03 02:00:00,86.16,86.35,85.21,86.2,35321.085298
2026-03-03 03:00:00,86.21,86.62,85.91,86.3,16082.307243
2026-03-03 04:00:00,86.3,86.46,85.65,85.85,14235.18874
2026-03-03 05:00:00,85.84,86.81,85.4,85.8,35165.048816
2026-03-03 06:00:00,85.79,85.97,85.4,85.84,24205.886742
2026-03-03 07:00:00,85.83,86.29,85.4,85.58,40965.352587
2026-03-03 08:00:00,85.57,85.76,83.95,84.26,56852.536784
2026-03-03 09:00:00,84.27,84.99,84.02,84.31,41994.443609
2026-03-03 10:00:00,84.29,84.56,83.7,83.93,41550.356414
2026-03-03 11:00:00,83.92,84.4,83.77,84.2,42694.84664
2026-03-03 12:00:00,84.21,85.35,84.14,84.41,56372.534596
2026-03-03 13:00:00,84.43,84.47,83.19,83.64,49722.19379
2026-03-03 14:00:00,83.63,84.42,82.5,83.25,82866.339764
2026-03-03 15:00:00,83.25,85.16,83.05,85.03,81738.73011
2026-03-03 16:00:00,85.02,87.34,84.32,85.39,157295.665331
2026-03-03 17:00:00,85.41,85.48,84.16,85.18,45846.603253
2026-03-03 18:00:00,85.18,86.0,84.52,85.38,37855.664521
2026-03-03 19:00:00,85.39,85.77,84.67,85.08,54717.162854
2026-03-03 20:00:00,85.08,85.45,84.67,84.87,27685.799743
2026-03-03 21:00:00,84.85,85.17,84.18,85.12,30412.157231
2026-03-03 22:00:00,85.12,86.65,85.12,86.28,36979.48612
2026-03-03 23:00:00,86.27,87.46,86.19,86.97,105150.824377
2026-03-04 00:00:00,86.97,87.4,86.27,86.61,53822.737116
2026-03-04 01:00:00,86.61,88.08,86.5,87.26,70161.250068
2026-03-04 02:00:00,87.26,87.47,86.56,87.08,29949.92678
2026-03-04 03:00:00,87.06,87.09,85.19,85.77,65310.884849
2026-03-04 04:00:00,85.76,85.91,84.84,85.41,43809.385266
2026-03-04 05:00:00,85.41,85.97,84.77,85.67,57190.582284
2026-03-04 06:00:00,85.68,86.05,84.98,85.62,56021.978409
2026-03-04 07:00:00,85.62,87.5,85.47,87.4,45455.804819
2026-03-04 08:00:00,87.41,89.93,86.98,89.72,108910.890084
2026-03-04 09:00:00,89.71,91.47,89.22,90.53,177521.699602
2026-03-04 10:00:00,90.53,91.04,89.89,90.15,99640.334428
2026-03-04 11:00:00,90.16,90.66,89.42,89.76,60865.967451
2026-03-04 12:00:00,89.76,89.88,88.7,89.44,53121.491394
2026-03-04 13:00:00,89.44,90.15,89.32,89.99,37097.85686
2026-03-04 14:00:00,89.98,91.77,89.48,90.17,132071.762304
2026-03-04 15:00:00,90.16,93.12,90.15,92.93,193712.325995
2026-03-04 16:00:00,92.93,93.15,90.95,91.54,112112.777662
2026-03-04 17:00:00,91.56,92.23,90.64,91.55,91109.336402
2026-03-04 18:00:00,91.55,92.5,91.14,92.39,43718.703099
2026-03-04 19:00:00,92.39,94.07,92.3,93.19,134075.444043
2026-03-04 20:00:00,93.19,93.76,92.76,92.86,67526.795703
2026-03-04 21:00:00,92.88,92.98,92.16,92.34,31910.794333
2026-03-04 22:00:00,92.34,92.86,91.13,91.33,48422.332758
2026-03-04 23:00:00,91.33,91.43,90.27,90.86,41545.870741
2026-03-05 00:00:00,90.87,91.39,90.75,90.78,21813.118545
2026-03-05 01:00:00,90.79,91.42,89.73,89.99,72246.441144
2026-03-05 02:00:00,89.99,90.68,89.97,90.2,26307.714137
2026-03-05 03:00:00,90.2,90.53,89.62,90.04,34361.915272
2026-03-05 04:00:00,90.04,90.74,89.91,90.41,24356.501212
2026-03-05 05:00:00,90.41,90.64,90.04,90.18,21284.080102
2026-03-05 06:00:00,90.19,91.02,89.63,90.88,25466.173991
2026-03-05 07:00:00,90.91,91.31,89.73,90.17,35562.747238
2026-03-05 08:00:00,90.17,90.72,89.68,90.64,28111.848441
2026-03-05 09:00:00,90.66,91.94,90.62,91.17,76126.456927
2026-03-05 10:00:00,91.21,92.95,91.01,92.65,49119.53262
2026-03-05 11:00:00,92.66,92.79,91.65,91.83,39825.727541
2026-03-05 12:00:00,91.85,92.21,91.31,91.99,56292.554996
2026-03-05 13:00:00,91.99,92.07,90.42,90.84,85916.615295
2026-03-05 14:00:00,90.86,91.49,89.84,91.01,87231.622301
2026-03-05 15:00:00,91.03,91.16,88.81,89.61,129320.117581
2026-03-05 16:00:00,89.61,89.63,87.92,88.97,96931.023851
2026-03-05 17:00:00,88.97,89.42,87.92,88.12,44836.670478
2026-03-05 18:00:00,88.11,88.88,88.01,88.81,18929.846381
2026-03-05 19:00:00,88.81,89.38,88.68,88.74,33805.474685
2026-03-05 20:00:00,88.74,89.57,88.56,89.22,26454.646011
2026-03-05 21:00:00,89.2,89.84,88.89,89.11,24187.321643
2026-03-05 22:00:00,89.14,89.41,88.88,89.11,16607.465785
2026-03-05 23:00:00,89.11,89.21,88.62,88.77,14035.189236
2026-03-06 00:00:00,88.78,89.03,88.59,88.85,18671.153766
2026-03-06 01:00:00,88.86,89.28,88.03,89.13,31911.156675
2026-03-06 02:00:00,89.13,89.31,88.21,88.37,60476.719565
2026-03-06 03:00:00,88.36,88.7,88.13,88.41,25468.247816
2026-03-06 04:00:00,88.41,88.6,87.68,88.15,25770.237384
2026-03-06 05:00:00,88.16,88.25,87.52,87.9,23150.474922
2026-03-06 06:00:00,87.9,88.44,87.67,88.08,15696.82336
2026-03-06 07:00:00,88.1,88.91,87.8,88.71,49798.761096
2026-03-06 08:00:00,88.7,88.7,88.21,88.35,14188.19125
2026-03-06 09:00:00,88.36,88.49,87.18,87.5,43480.084449
2026-03-06 10:00:00,87.5,87.96,87.41,87.71,21753.314259
2026-03-06 11:00:00,87.7,87.99,87.08,87.26,24977.218604
2026-03-06 12:00:00,87.26,87.27,85.92,86.48,66397.315244
2026-03-06 13:00:00,86.48,87.1,85.56,85.58,103029.174559
2026-03-06 14:00:00,85.58,85.74,83.97,84.35,115736.863475
2026-03-06 15:00:00,84.34,85.33,84.2,84.65,45105.591049
2026-03-06 16:00:00,84.64,85.04,84.1,84.37,28653.844788
2026-03-06 17:00:00,84.36,84.7,83.65,84.21,43601.937222
2026-03-06 18:00:00,84.21,85.59,84.19,85.29,36172.520085
2026-03-06 19:00:00,85.29,85.88,85.09,85.21,29326.954591
2026-03-06 20:00:00,85.21,85.46,84.58,85.0,29104.3864
2026-03-06 21:00:00,85.02,85.11,84.44,84.73,11867.558892
2026-03-06 22:00:00,84.73,85.05,84.53,84.95,11065.307466
2026-03-06 23:00:00,84.97,85.04,84.62,84.69,7506.537443
2026-03-07 00:00:00,84.69,85.07,84.41,84.75,29771.479674
2026-03-07 01:00:00,84.76,84.88,84.57,84.7,9576.986694
2026-03-07 02:00:00,84.71,84.74,84.32,84.65,14302.611462
2026-03-07 03:00:00,84.67,85.06,84.35,84.53,16374.967943
2026-03-07 04:00:00,84.53,84.56,84.0,84.26,24484.174226
2026-03-07 05:00:00,84.26,84.5,84.09,84.35,9877.33848
2026-03-07 06:00:00,84.34,84.34,83.89,84.02,11816.605093
2026-03-07 07:00:00,84.05,84.46,83.88,84.32,18546.110452
2026-03-07 08:00:00,84.32,84.66,84.13,84.37,16230.527314
2026-03-07 09:00:00,84.37,84.69,84.21,84.58,6292.864272
2026-03-07 10:00:00,84.58,84.76,84.4,84.49,7443.740147
2026-03-07 11:00:00,84.48,84.94,84.26,84.65,15067.333209
2026-03-07 12:00:00,84.66,84.77,84.21,84.3,10683.645314
2026-03-07 13:00:00,84.29,84.55,84.11,84.31,15497.965075
2026-03-07 14:00:00,84.3,84.41,83.63,84.22,31611.034457
2026-03-07 15:00:00,84.22,84.22,83.37,83.75,25731.392972
2026-03-07 16:00:00,83.75,83.8,83.5,83.58,12432.034973
2026-03-07 17:00:00,83.58,84.08,83.55,83.61,18919.760753
2026-03-07 18:00:00,83.62,83.64,83.02,83.37,25496.629007
2026-03-07 19:00:00,83.38,83.38,82.29,82.52,46825.79461
2026-03-07 20:00:00,82.51,83.11,82.5,83.03,11794.327821
2026-03-07 21:00:00,83.03,83.28,82.9,83.27,10096.839018
2026-03-07 22:00:00,83.28,83.32,82.67,82.98,10894.228959
2026-03-07 23:00:00,82.97,83.25,82.92,83.2,8084.72111
2026-03-08 00:00:00,83.22,83.47,82.92,83.07,12128.427599
2026-03-08 01:00:00,83.07,83.21,82.7,82.98,14722.86155
2026-03-08 02:00:00,82.98,83.09,82.11,82.39,30440.821916
2026-03-08 03:00:00,82.4,82.75,82.27,82.35,21643.710413
2026-03-08 04:00:00,82.35,82.55,81.72,81.96,26260.09278
2026-03-08 05:00:00,81.95,82.79,81.94,82.5,19947.970766
2026-03-08 06:00:00,82.51,82.62,82.27,82.46,11593.624313
2026-03-08 07:00:00,82.46,83.09,82.41,82.95,19956.838108
2026-03-08 08:00:00,82.94,83.12,82.51,83.1,15497.362556
2026-03-08 09:00:00,83.1,83.38,82.78,83.17,21718.402739
2026-03-08 10:00:00,83.17,84.11,83.16,83.66,27014.633728
2026-03-08 11:00:00,83.65,83.66,82.65,82.82,25985.344494
2026-03-08 12:00:00,82.82,83.0,81.62,82.32,71365.77577
2026-03-08 13:00:00,82.31,82.45,81.18,82.07,39918.996424
2026-03-08 14:00:00,82.08,82.38,81.94,82.33,17124.443562
2026-03-08 15:00:00,82.32,82.4,81.84,82.06,13822.232777
2026-03-08 16:00:00,82.05,82.16,81.35,81.54,18379.082624
2026-03-08 17:00:00,81.53,81.99,81.38,81.68,21758.758206
2026-03-08 18:00:00,81.69,81.79,81.3,81.61,9739.598946
2026-03-08 19:00:00,81.61,82.66,81.51,82.48,25734.957609
2026-03-08 20:00:00,82.49,82.96,82.1,82.32,19756.449724
2026-03-08 21:00:00,82.34,82.44,81.7,82.25,18250.371695
2026-03-08 22:00:00,82.24,82.51,80.24,81.99,104227.980145
2026-03-08 23:00:00,81.99,82.43,81.48,81.59,25285.586762
2026-03-09 00:00:00,81.6,83.28,81.54,82.35,36611.202208
2026-03-09 01:00:00,82.35,82.89,81.88,82.09,30395.795422
2026-03-09 02:00:00,82.11,82.92,81.66,82.67,25092.135411
2026-03-09 03:00:00,82.67,84.5,82.62,83.17,97541.892319
2026-03-09 04:00:00,83.16,83.89,83.1,83.2,37625.804382
2026-03-09 05:00:00,83.21,84.61,83.15,84.27,53001.401598
2026-03-09 06:00:00,84.28,84.31,83.11,83.13,46424.323783
2026-03-09 07:00:00,83.14,83.32,82.33,83.17,56509.913223
2026-03-09 08:00:00,83.19,83.86,82.94,83.71,39432.496582
2026-03-09 09:00:00,83.72,84.59,83.33,84.04,51344.643489
2026-03-09 10:00:00,84.05,84.24,83.5,83.74,32325.257963
2026-03-09 11:00:00,83.74,83.93,83.11,83.57,29577.962132
2026-03-09 12:00:00,83.58,84.21,83.4,84.0,34474.995449
2026-03-09 13:00:00,84.01,85.74,84.0,85.15,131548.172333
2026-03-09 14:00:00,85.14,85.71,84.57,85.29,62988.069537
2026-03-09 15:00:00,85.29,85.44,84.63,85.05,35508.845584
2026-03-09 16:00:00,85.06,85.65,84.72,85.13,35444.215436
2026-03-09 17:00:00,85.13,85.41,84.31,85.08,75450.897424
2026-03-09 18:00:00,85.07,85.56,84.47,85.19,53140.518925
2026-03-09 19:00:00,85.2,87.08,85.07,85.97,101098.197995
2026-03-09 20:00:00,85.98,86.18,85.29,85.81,32094.134445
2026-03-09 21:00:00,85.8,86.36,85.7,86.02,27720.895936
2026-03-09 22:00:00,86.02,86.3,85.58,85.72,37561.322962
2026-03-09 23:00:00,85.72,85.99,84.84,84.95,36147.536591
2026-03-10 00:00:00,84.94,85.96,84.83,85.57,34602.684785
2026-03-10 01:00:00,85.57,85.97,85.11,85.74,18077.989946
2026-03-10 02:00:00,85.73,86.93,85.47,86.62,55546.809122
2026-03-10 03:00:00,86.61,86.74,85.51,85.56,37722.524041
2026-03-10 04:00:00,85.57,86.65,85.34,86.54,40527.839758
2026-03-10 05:00:00,86.55,86.97,86.34,86.41,25664.845821
2026-03-10 06:00:00,86.41,86.7,86.0,86.36,24440.948747
2026-03-10 07:00:00,86.35,86.9,86.18,86.7,40698.764403
2026-03-10 08:00:00,86.7,87.43,86.59,86.71,67382.105231
2026-03-10 09:00:00,86.71,87.5,86.66,87.24,48832.491366
2026-03-10 10:00:00,87.23,87.68,86.81,87.1,34622.72008
2026-03-10 11:00:00,87.1,87.21,86.64,86.79,26165.618146
2026-03-10 12:00:00,86.81,86.85,86.3,86.69,19958.939958
2026-03-10 13:00:00,86.7,87.3,85.76,86.09,56856.124529
2026-03-10 14:00:00,86.11,88.22,84.93,88.09,142422.873787
2026-03-10 15:00:00,88.09,88.62,87.27,88.35,81057.421385
2026-03-10 16:00:00,88.35,88.71,87.67,88.4,75444.533068
2026-03-10 17:00:00,88.39,88.8,87.64,87.94,52338.762576
2026-03-10 18:00:00,87.95,88.01,86.09,86.24,63106.633129
2026-03-10 19:00:00,86.28,86.48,85.66,86.02,33521.668578
2026-03-10 20:00:00,86.0,86.39,85.94,86.25,21170.601255
2026-03-10 21:00:00,86.25,86.44,85.26,85.71,37500.177775
2026-03-10 22:00:00,85.7,85.85,85.01,85.52,33568.659471
2026-03-10 23:00:00,85.52,85.9,85.35,85.87,22081.299336
2026-03-11 00:00:00,85.87,86.22,85.6,86.02,27694.868045
2026-03-11 01:00:00,86.03,86.27,85.67,86.1,13348.621179
2026-03-11 02:00:00,86.1,86.2,85.49,85.91,26454.098844
2026-03-11 03:00:00,85.92,86.17,85.52,85.62,16286.232875
2026-03-11 04:00:00,85.62,86.85,85.49,86.73,62265.6768
2026-03-11 05:00:00,86.73,86.89,85.61,85.72,59932.318455
2026-03-11 06:00:00,85.71,86.18,85.67,86.03,18710.648304
2026-03-11 07:00:00,86.03,86.13,85.14,85.44,23367.768213
2026-03-11 08:00:00,85.45,85.61,85.09,85.49,73334.037295
2026-03-11 09:00:00,85.49,85.58,84.7,84.89,29648.291976
2026-03-11 10:00:00,84.88,85.53,84.85,85.26,19190.264303
2026-03-11 11:00:00,85.26,85.32,84.37,84.53,55701.784004
2026-03-11 12:00:00,84.54,85.7,84.34,85.19,90271.117988
2026-03-11 13:00:00,85.19,87.4,85.12,85.97,106311.427753
2026-03-11 14:00:00,85.98,87.17,85.73,86.53,59642.982951
2026-03-11 15:00:00,86.54,86.64,84.56,85.4,49881.679769
2026-03-11 16:00:00,85.41,86.59,85.3,86.43,31710.430631
2026-03-11 17:00:00,86.44,87.86,86.44,87.27,81620.478547
2026-03-11 18:00:00,87.27,88.1,87.17,87.81,59848.86174
2026-03-11 19:00:00,87.8,87.86,87.03,87.3,22988.726561
2026-03-11 20:00:00,87.29,87.43,87.02,87.29,15184.284452
2026-03-11 21:00:00,87.29,87.61,87.15,87.53,13010.96872
2026-03-11 22:00:00,87.55,87.93,86.83,87.04,18691.368985
2026-03-11 23:00:00,87.05,87.21,86.46,86.57,18327.116265
2026-03-12 00:00:00,86.58,86.77,86.39,86.68,12709.879533
2026-03-12 01:00:00,86.68,86.71,85.95,86.04,19201.925347
2026-03-12 02:00:00,86.03,86.16,85.17,85.21,54693.750197
2026-03-12 03:00:00,85.21,85.42,84.68,85.02,30502.629083
2026-03-12 04:00:00,85.01,85.41,84.88,85.11,29141.771401
2026-03-12 05:00:00,85.1,85.32,84.89,85.14,13018.114163
2026-03-12 06:00:00,85.13,85.4,84.96,85.37,15933.901496
2026-03-12 07:00:00,85.39,85.9,84.99,85.81,26097.467308
2026-03-12 08:00:00,85.82,86.15,85.38,85.95,29732.253273
2026-03-12 09:00:00,85.95,86.7,85.45,86.18,27354.75829
2026-03-12 10:00:00,86.19,87.05,86.02,86.75,33290.953282
2026-03-12 11:00:00,86.76,87.12,86.64,86.8,28203.63673
2026-03-12 12:00:00,86.81,87.52,86.55,87.24,58932.345896
2026-03-12 13:00:00,87.25,87.71,86.35,86.74,71137.470911
2026-03-12 14:00:00,86.75,87.65,85.22,85.54,76090.172975
2026-03-12 15:00:00,85.54,87.03,85.1,86.58,65521.929217
2026-03-12 16:00:00,86.58,87.09,85.79,86.81,34735.219976
2026-03-12 17:00:00,86.81,87.0,86.33,86.6,18471.451861
2026-03-12 18:00:00,86.6,86.82,85.82,85.87,22830.459793
2026-03-12 19:00:00,85.87,86.94,85.68,86.79,25720.041617
2026-03-12 20:00:00,86.79,86.94,86.41,86.45,14750.631169
2026-03-12 21:00:00,86.45,86.69,86.18,86.54,12020.006584
2026-03-12 22:00:00,86.53,86.61,85.96,86.29,19342.905232
2026-03-12 23:00:00,86.28,87.23,86.27,86.84,27237.560625
2026-03-13 00:00:00,86.83,91.14,86.72,89.78,223955.513974
2026-03-13 01:00:00,89.77,90.73,89.77,90.47,50818.412048
2026-03-13 02:00:00,90.49,90.58,88.95,89.09,55354.125476
2026-03-13 03:00:00,89.11,89.97,88.9,89.7,30408.947056
2026-03-13 04:00:00,89.7,89.74,89.21,89.36,28746.468514
2026-03-13 05:00:00,89.36,89.49,88.91,89.09,32575.3082
2026-03-13 06:00:00,89.11,89.23,88.28,88.42,41066.515547
2026-03-13 07:00:00,88.42,88.97,88.16,88.69,40246.015728
2026-03-13 08:00:00,88.68,89.65,88.34,89.15,53031.947056
2026-03-13 09:00:00,89.14,89.65,88.8,89.5,28840.060833
2026-03-13 10:00:00,89.51,90.35,89.46,90.19,54308.80835
2026-03-13 11:00:00,90.19,90.44,89.94,90.31,40840.626979
2026-03-13 12:00:00,90.31,91.37,90.13,90.99,63389.643944
2026-03-13 13:00:00,90.99,92.34,90.93,91.86,145317.392189
2026-03-13 14:00:00,91.86,92.98,90.45,90.69,206294.020544
2026-03-13 15:00:00,90.7,91.23,89.3,89.48,86067.533729
2026-03-13 16:00:00,89.5,89.98,88.84,89.62,59076.232013
2026-03-13 17:00:00,89.61,90.15,88.57,88.89,62840.318189
2026-03-13 18:00:00,88.9,89.15,88.36,88.82,50585.33991
2026-03-13 19:00:00,88.83,89.04,88.38,88.91,42157.349987
2026-03-13 20:00:00,88.92,89.11,88.55,88.91,37718.484784
2026-03-13 21:00:00,88.91,89.14,88.32,88.57,18131.63309
2026-03-13 22:00:00,88.58,88.67,87.75,88.01,34283.394866
2026-03-13 23:00:00,88.02,88.25,87.8,88.18,18338.581627
2026-03-14 00:00:00,88.17,88.38,87.84,87.95,13996.780403
2026-03-14 01:00:00,87.95,88.38,87.81,88.25,19242.922904
2026-03-14 02:00:00,88.25,88.32,88.0,88.23,7571.511091
2026-03-14 03:00:00,88.23,88.62,88.21,88.42,18032.258171
2026-03-14 04:00:00,88.42,88.71,88.22,88.26,21051.139478
2026-03-14 05:00:00,88.25,88.4,87.86,88.1,27818.134343
2026-03-14 06:00:00,88.08,88.1,86.91,87.24,47574.832664
2026-03-14 07:00:00,87.25,87.43,87.15,87.32,20423.184317
2026-03-14 08:00:00,87.31,87.55,87.08,87.15,18144.966727
2026-03-14 09:00:00,87.15,87.3,86.64,86.85,25737.831718
2026-03-14 10:00:00,86.84,86.93,86.51,86.66,14067.389352
2026-03-14 11:00:00,86.65,87.01,86.64,86.96,16889.647483
2026-03-14 12:00:00,86.95,87.12,86.81,87.11,14995.145241
2026-03-14 13:00:00,87.09,87.36,87.03,87.12,14917.006334
2026-03-14 14:00:00,87.12,87.24,86.63,86.72,19963.761202
2026-03-14 15:00:00,86.72,86.93,86.63,86.73,14807.144359
2026-03-14 16:00:00,86.73,87.13,86.63,87.07,11402.385224
2026-03-14 17:00:00,87.07,87.09,86.84,86.9,8884.878402
2026-03-14 18:00:00,86.9,87.11,86.79,87.05,7502.871143
2026-03-14 19:00:00,87.04,87.1,86.9,87.01,6412.092862
2026-03-14 20:00:00,87.02,87.17,86.87,87.09,11101.248294
2026-03-14 21:00:00,87.09,87.34,86.85,87.3,8029.284536
2026-03-14 22:00:00,87.28,87.45,87.22,87.31,8579.225299
2026-03-14 23:00:00,87.32,88.17,87.32,88.04,28981.449423
2026-03-15 00:00:00,88.04,88.2,87.67,87.75,20253.404646
2026-03-15 01:00:00,87.75,87.91,87.59,87.69,10344.205817
2026-03-15 02:00:00,87.69,88.64,87.69,88.29,29927.749388
2026-03-15 03:00:00,88.29,88.43,87.71,87.87,18884.180451
2026-03-15 04:00:00,87.86,88.33,87.86,88.32,13167.335359
2026-03-15 05:00:00,88.3,88.66,88.11,88.33,35949.154152
2026-03-15 06:00:00,88.33,88.61,88.12,88.35,28113.707333
2026-03-15 07:00:00,88.34,88.52,88.12,88.22,13543.836532
2026-03-15 08:00:00,88.22,88.52,88.14,88.48,10936.585081
2026-03-15 09:00:00,88.5,88.87,88.41,88.53,19588.829148
2026-03-15 10:00:00,88.53,88.7,88.38,88.48,14308.961483
2026-03-15 11:00:00,88.48,88.67,88.26,88.56,9879.626805
2026-03-15 12:00:00,88.57,88.57,88.19,88.26,9353.292614
2026-03-15 13:00:00,88.27,88.4,87.37,87.84,36571.673482
2026-03-15 14:00:00,87.84,88.0,87.57,87.98,24821.134713
2026-03-15 15:00:00,87.98,88.12,87.77,87.91,10324.370827
2026-03-15 16:00:00,87.91,88.05,87.47,87.56,16298.355293
2026-03-15 17:00:00,87.56,88.84,87.52,88.43,23600.041773
2026-03-15 18:00:00,88.43,88.7,87.85,87.91,20103.906717
2026-03-15 19:00:00,87.91,88.29,87.83,88.18,9068.763214
2026-03-15 20:00:00,88.19,89.0,87.98,88.76,19439.49262
2026-03-15 21:00:00,88.76,90.3,88.57,90.03,48831.316439
2026-03-15 22:00:00,90.01,92.93,89.82,92.65,172388.833521
2026-03-15 23:00:00,92.65,93.24,91.62,92.3,118089.668679
2026-03-16 00:00:00,92.31,93.06,91.88,92.0,64001.834206
2026-03-16 01:00:00,92.02,92.23,91.49,92.09,42577.164118
2026-03-16 02:00:00,92.1,92.28,91.18,91.49,30881.060953
2026-03-16 03:00:00,91.49,93.96,91.29,93.17,148678.999724
2026-03-16 04:00:00,93.17,94.24,92.91,93.62,118089.807858
2026-03-16 05:00:00,93.62,94.31,93.21,94.05,71017.303348
2026-03-16 06:00:00,94.04,94.04,93.16,93.41,38638.581236
2026-03-16 07:00:00,93.41,93.87,93.33,93.56,40988.029188
2026-03-16 08:00:00,93.56,94.02,92.57,92.87,46519.649002
2026-03-16 09:00:00,92.87,93.46,92.73,93.3,26578.908961
2026-03-16 10:00:00,93.31,93.95,93.26,93.9,29379.766964
2026-03-16 11:00:00,93.91,93.99,93.51,93.74,18271.66636
2026-03-16 12:00:00,93.75,94.19,93.4,93.76,54290.950619
2026-03-16 13:00:00,93.77,95.13,93.43,93.67,123601.803565
2026-03-16 14:00:00,93.68,94.52,92.38,93.6,119163.075152
2026-03-16 15:00:00,93.61,94.34,93.09,93.2,54148.577974
2026-03-16 16:00:00,93.19,94.04,93.13,93.81,41895.510209
2026-03-16 17:00:00,93.81,94.42,93.7,94.08,47620.855639
2026-03-16 18:00:00,94.08,95.1,94.05,94.38,47312.151906
2026-03-16 19:00:00,94.38,95.5,94.17,95.21,57346.205922
2026-03-16 20:00:00,95.2,95.97,95.06,95.79,36635.917265
2026-03-16 21:00:00,95.8,96.89,95.51,96.18,51307.511826
2026-03-16 22:00:00,96.19,97.67,96.17,96.37,75155.279815
2026-03-16 23:00:00,96.36,96.47,95.42,96.21,43381.587637
2026-03-17 00:00:00,96.2,96.97,95.13,95.52,84577.141323
2026-03-17 01:00:00,95.51,96.1,94.97,95.7,76936.9809
2026-03-17 02:00:00,95.71,95.78,94.89,95.15,25410.04387
2026-03-17 03:00:00,95.14,95.29,93.71,94.07,71654.295783
2026-03-17 04:00:00,94.08,94.26,93.19,93.79,39949.577603
2026-03-17 05:00:00,93.79,94.09,93.34,93.81,26453.633099
2026-03-17 06:00:00,93.81,94.31,93.48,93.9,26506.917182
2026-03-17 07:00:00,93.9,94.65,93.86,94.42,22744.02477
2026-03-17 08:00:00,94.42,94.95,94.27,94.4,28527.956324
2026-03-17 09:00:00,94.4,95.1,93.69,93.9,58410.667566
2026-03-17 10:00:00,93.9,94.05,93.23,93.57,32953.566136
2026-03-17 11:00:00,93.57,93.93,93.41,93.65,26880.650106
2026-03-17 12:00:00,93.66,94.08,93.16,93.42,19793.532449
2026-03-17 13:00:00,93.41,94.57,93.36,93.79,51911.984325
2026-03-17 14:00:00,93.8,94.69,93.51,94.5,50004.080778
2026-03-17 15:00:00,94.5,95.18,93.26,93.84,66613.649352
2026-03-17 16:00:00,93.83,94.79,93.73,94.39,23609.230041
2026-03-17 17:00:00,94.38,94.71,94.15,94.57,12903.224863
2026-03-17 18:00:00,94.58,95.61,94.43,95.32,27809.910361
2026-03-17 19:00:00,95.33,95.55,94.62,94.67,18609.828578
2026-03-17 20:00:00,94.66,95.03,94.41,94.89,17878.617222
2026-03-17 21:00:00,94.9,95.44,94.84,95.27,13129.748686
2026-03-17 22:00:00,95.27,95.61,94.58,95.31,31177.268338
2026-03-17 23:00:00,95.3,95.42,94.58,94.61,18461.356825
2026-03-18 00:00:00,94.61,94.91,94.09,94.52,20626.74054
2026-03-18 01:00:00,94.54,94.92,94.32,94.42,14888.763728
2026-03-18 02:00:00,94.41,95.22,94.39,94.94,14545.538388
2026-03-18 03:00:00,94.94,95.65,94.82,95.04,19509.094668
2026-03-18 04:00:00,95.04,95.1,94.0,94.12,45925.106974
2026-03-18 05:00:00,94.13,94.39,93.74,93.93,35949.81613
2026-03-18 06:00:00,93.93,94.64,93.93,94.24,11685.057431
2026-03-18 07:00:00,94.24,94.3,93.83,93.96,15494.267063
2026-03-18 08:00:00,93.96,94.25,93.96,94.03,21311.311264
2026-03-18 09:00:00,94.02,94.42,93.94,94.27,24337.990369
2026-03-18 10:00:00,94.27,94.42,93.46,93.87,19102.220887
2026-03-18 11:00:00,93.85,94.07,91.8,92.01,115541.808773
2026-03-18 12:00:00,92.01,92.05,90.32,90.41,98910.269818
2026-03-18 13:00:00,90.42,90.75,89.87,90.31,79402.335879
2026-03-18 14:00:00,90.33,90.4,88.85,88.96,98483.406601
2026-03-18 15:00:00,88.95,89.46,88.53,89.38,52173.981036
2026-03-18 16:00:00,89.37,89.37,88.64,88.98,54645.412249
2026-03-18 17:00:00,88.98,90.36,88.82,89.94,44838.180707
2026-03-18 18:00:00,89.94,90.85,89.36,89.58,64516.900876
2026-03-18 19:00:00,89.57,90.06,89.45,89.7,18194.759671
2026-03-18 20:00:00,89.7,90.13,88.99,90.0,35401.915223
2026-03-18 21:00:00,89.99,90.61,89.94,90.46,20650.639161
2026-03-18 22:00:00,90.45,90.49,89.93,90.03,34129.014029
2026-03-18 23:00:00,90.03,90.17,89.69,90.09,13772.757653
2026-03-19 00:00:00,90.05,90.3,89.83,90.12,14044.786483
2026-03-19 01:00:00,90.13,90.39,89.93,90.18,14883.03407
2026-03-19 02:00:00,90.2,90.4,89.79,89.98,10997.592619
2026-03-19 03:00:00,89.99,91.4,89.93,90.73,37722.800492
2026-03-19 04:00:00,90.74,90.74,89.69,89.9,39309.547057
2026-03-19 05:00:00,89.92,90.1,89.68,89.76,12760.372778
2026-03-19 06:00:00,89.77,90.14,89.53,89.88,23855.024716
2026-03-19 07:00:00,89.86,90.03,88.63,89.41,47521.70419
2026-03-19 08:00:00,89.42,89.62,89.1,89.35,11983.785049
2026-03-19 09:00:00,89.35,90.4,89.16,90.2,32578.744989
2026-03-19 10:00:00,90.19,90.48,89.78,89.81,14376.539057
2026-03-19 11:00:00,89.8,90.03,89.47,89.62,7466.353482
2026-03-19 12:00:00,89.61,89.62,88.04,88.11,39757.519107
2026-03-19 13:00:00,88.11,88.73,87.55,88.5,84907.123915
2026-03-19 14:00:00,88.52,88.92,87.45,88.24,39556.08873
2026-03-19 15:00:00,88.23,88.75,87.16,87.62,77392.088913
2026-03-19 16:00:00,87.64,87.8,87.0,87.7,58515.808101
2026-03-19 17:00:00,87.69,88.35,87.08,88.14,46553.162244
2026-03-19 18:00:00,88.14,88.32,87.67,88.15,22258.963666
2026-03-19 19:00:00,88.13,89.27,88.12,88.71,37426.952088
2026-03-19 20:00:00,88.7,89.2,88.68,88.98,9138.122357
2026-03-19 21:00:00,88.98,89.32,88.84,89.14,16523.879167
2026-03-19 22:00:00,89.12,89.18,88.4,88.77,17930.366436
2026-03-19 23:00:00,88.78,89.21,88.59,88.89,23596.106741
2026-03-20 00:00:00,88.91,89.42,88.87,89.41,19912.072776
2026-03-20 01:00:00,89.42,89.84,89.33,89.48,18762.643351
2026-03-20 02:00:00,89.48,89.59,88.88,89.32,13212.236464
2026-03-20 03:00:00,89.32,89.71,89.25,89.55,12656.5342
2026-03-20 04:00:00,89.56,89.76,88.73,89.29,15101.394768
2026-03-20 05:00:00,89.29,89.53,88.88,89.35,26131.057825
2026-03-20 06:00:00,89.36,89.37,88.93,89.09,21785.473685
2026-03-20 07:00:00,89.09,89.5,88.51,89.38,14641.183537
2026-03-20 08:00:00,89.39,90.46,89.31,89.8,29245.846559
2026-03-20 09:00:00,89.8,89.8,88.65,88.97,20945.469413
2026-03-20 10:00:00,88.98,89.49,88.61,89.32,21454.206684
2026-03-20 11:00:00,89.32,89.59,88.89,89.15,15568.935981
2026-03-20 12:00:00,89.16,89.52,89.04,89.14,20900.140643
2026-03-20 13:00:00,89.15,89.63,88.63,88.82,39848.655477
2026-03-20 14:00:00,88.81,89.76,88.52,88.93,32719.28965
2026-03-20 15:00:00,88.93,89.33,88.63,88.96,23135.324015
2026-03-20 16:00:00,88.96,89.21,88.63,88.92,14502.572114
2026-03-20 17:00:00,88.93,89.04,88.15,88.91,17313.321355
2026-03-20 18:00:00,88.92,89.0,88.17,88.56,13927.326983
2026-03-20 19:00:00,88.59,89.06,88.24,88.98,11427.078766
2026-03-20 20:00:00,89.0,89.36,88.67,89.02,8741.19859
2026-03-20 21:00:00,89.02,90.03,88.93,89.6,15805.19014
2026-03-20 22:00:00,89.6,90.29,89.59,90.1,13665.763886
2026-03-20 23:00:00,90.11,90.15,89.73,89.86,9962.787722
2026-03-21 00:00:00,89.86,90.23,89.84,90.03,8644.107271
2026-03-21 01:00:00,90.03,90.34,89.7,89.87,13014.882797
2026-03-21 02:00:00,89.88,90.69,89.77,90.46,20323.499401
2026-03-21 03:00:00,90.47,90.61,90.33,90.44,9031.718768
2026-03-21 04:00:00,90.45,90.81,90.17,90.28,15818.424408
2026-03-21 05:00:00,90.27,90.53,89.98,89.98,9881.654712
2026-03-21 06:00:00,89.98,90.31,89.91,90.17,7449.495273
2026-03-21 07:00:00,90.16,90.41,89.95,90.13,10216.366766
2026-03-21 08:00:00,90.14,90.14,89.83,90.0,6669.532143
2026-03-21 09:00:00,90.0,90.44,89.99,90.19,15984.346127
2026-03-21 10:00:00,90.19,90.24,89.86,89.98,7399.631235
2026-03-21 11:00:00,89.99,90.02,89.84,89.95,6681.292835
2026-03-21 12:00:00,89.96,90.25,89.88,90.19,8078.160805
2026-03-21 13:00:00,90.18,90.28,89.99,90.03,10552.823414
2026-03-21 14:00:00,90.04,90.43,89.64,89.68,15906.015964
2026-03-21 15:00:00,89.68,89.94,89.4,89.84,12104.487439
2026-03-21 16:00:00,89.84,90.01,89.57,89.68,9570.342157
2026-03-21 17:00:00,89.69,89.71,89.41,89.57,7624.695507
2026-03-21 18:00:00,89.57,89.94,89.55,89.78,6240.889805
2026-03-21 19:00:00,89.78,89.92,89.7,89.8,2732.628503
2026-03-21 20:00:00,89.81,90.32,89.78,90.16,13534.519326
2026-03-21 21:00:00,90.17,90.22,89.9,90.01,10476.814214
2026-03-21 22:00:00,90.01,90.07,89.82,89.91,5839.694691
2026-03-21 23:00:00,89.9,89.9,87.14,87.56,94052.897239
2026-03-22 00:00:00,87.56,87.77,86.28,87.34,88437.287048
2026-03-22 01:00:00,87.34,87.73,86.99,87.45,39054.99349
2026-03-22 02:00:00,87.46,88.48,87.41,88.16,28007.625389
2026-03-22 03:00:00,88.16,89.15,87.77,88.67,28357.311432
2026-03-22 04:00:00,88.67,89.19,88.61,89.02,29673.079622
2026-03-22 05:00:00,89.0,89.01,88.45,88.46,15310.108645
2026-03-22 06:00:00,88.47,88.47,88.15,88.2,10272.021832
2026-03-22 07:00:00,88.19,88.33,87.67,87.71,10042.317873
2026-03-22 08:00:00,87.71,87.74,86.87,87.38,23667.738101
2026-03-22 09:00:00,87.38,87.66,87.18,87.32,12619.718682
2026-03-22 10:00:00,87.32,87.5,87.24,87.34,6781.562727
2026-03-22 11:00:00,87.33,87.47,86.84,86.84,16544.190625
2026-03-22 12:00:00,86.85,87.48,86.82,87.26,12469.050523
2026-03-22 13:00:00,87.27,87.73,87.02,87.33,9852.077849
2026-03-22 14:00:00,87.33,87.59,87.05,87.2,7384.152561
2026-03-22 15:00:00,87.21,87.6,87.18,87.58,14882.623554
2026-03-22 16:00:00,87.58,87.71,87.25,87.49,19585.692804
2026-03-22 17:00:00,87.48,87.56,87.21,87.27,6898.863936
2026-03-22 18:00:00,87.26,87.32,86.47,87.03,14945.504573
2026-03-22 19:00:00,87.02,87.02,86.58,86.87,8274.454607
2026-03-22 20:00:00,86.87,87.18,86.55,86.58,11753.597605
2026-03-22 21:00:00,86.59,86.63,85.11,85.99,62730.92433
2026-03-22 22:00:00,85.99,86.78,85.52,86.73,31665.184681
2026-03-22 23:00:00,86.75,87.01,86.02,86.21,15463.016665
2026-03-23 00:00:00,86.22,86.61,85.46,85.9,19603.554659
2026-03-23 01:00:00,85.9,86.62,85.76,86.09,15145.680009
2026-03-23 02:00:00,86.1,86.97,86.05,86.69,13257.450854
2026-03-23 03:00:00,86.7,87.21,86.37,86.4,13988.799301
2026-03-23 04:00:00,86.4,86.92,86.33,86.89,14620.494861
2026-03-23 05:00:00,86.91,87.31,86.84,87.19,35749.973673
2026-03-23 06:00:00,87.17,87.17,85.45,85.76,31974.72846
2026-03-23 07:00:00,85.76,86.23,85.1,85.99,44463.501493
2026-03-23 08:00:00,86.0,86.46,85.86,85.96,17383.100973
2026-03-23 09:00:00,85.97,86.02,85.18,85.76,13129.348366
2026-03-23 10:00:00,85.77,86.32,85.65,86.06,18377.099455
2026-03-23 11:00:00,86.08,91.96,86.04,88.79,525103.037924
2026-03-23 12:00:00,88.78,90.5,88.32,90.23,76600.927097
2026-03-23 13:00:00,90.23,91.49,89.89,91.33,64824.628202
2026-03-23 14:00:00,91.33,91.73,91.07,91.52,52474.608627
2026-03-23 15:00:00,91.53,92.28,89.77,89.95,73075.566021
2026-03-23 16:00:00,89.96,90.44,89.41,90.34,61117.716242
2026-03-23 17:00:00,90.37,91.4,89.71,91.28,71965.50701
2026-03-23 18:00:00,91.28,91.8,90.94,91.62,29556.720323
2026-03-23 19:00:00,91.62,91.9,91.25,91.39,18528.199403
2026-03-23 20:00:00,91.38,92.03,91.25,91.78,15831.622383
2026-03-23 21:00:00,91.8,91.97,91.52,91.62,8503.947473
2026-03-23 22:00:00,91.63,91.9,91.19,91.53,16825.17038
2026-03-23 23:00:00,91.52,91.58,90.99,91.44,14445.666225
2026-03-24 00:00:00,91.44,91.68,90.61,91.0,23989.642431
2026-03-24 01:00:00,91.0,91.05,90.15,90.42,13696.006701
2026-03-24 02:00:00,90.42,90.78,90.12,90.16,7909.845266
2026-03-24 03:00:00,90.16,90.35,89.94,90.34,15735.788436
2026-03-24 04:00:00,90.34,90.81,90.15,90.35,19385.924223
2026-03-24 05:00:00,90.37,90.41,90.0,90.13,19736.912408
2026-03-24 06:00:00,90.13,90.52,90.06,90.46,17065.150461
2026-03-24 07:00:00,90.46,91.88,90.41,91.73,40973.718106
2026-03-24 08:00:00,91.71,92.0,91.27,91.57,80255.379745
2026-03-24 09:00:00,91.58,92.16,91.01,92.13,64653.964073
2026-03-24 10:00:00,92.13,92.23,91.73,91.86,34303.532929
2026-03-24 11:00:00,91.85,92.17,91.36,91.77,31510.046646
2026-03-24 12:00:00,91.79,91.86,91.38,91.58,23763.637107
2026-03-24 13:00:00,91.59,91.76,89.57,89.86,77052.788013
2026-03-24 14:00:00,89.86,90.23,88.68,89.55,93899.650983
2026-03-24 15:00:00,89.56,90.29,89.5,89.74,33625.225603
2026-03-24 16:00:00,89.74,89.97,89.06,89.28,16318.254708
2026-03-24 17:00:00,89.29,89.39,88.72,89.17,22036.50285
2026-03-24 18:00:00,89.18,89.73,88.88,88.89,32872.124675
2026-03-24 19:00:00,88.89,89.29,88.4,88.51,30890.372766
2026-03-24 20:00:00,88.53,90.24,88.5,90.03,30149.468219
2026-03-24 21:00:00,90.04,90.62,89.69,90.37,18357.711579
2026-03-24 22:00:00,90.38,90.77,90.09,90.34,16768.767868
2026-03-24 23:00:00,90.34,91.14,90.23,90.79,24166.883593
2026-03-25 00:00:00,90.8,91.61,90.7,91.31,21435.835945
2026-03-25 01:00:00,91.32,91.47,90.92,90.92,16030.40844
2026-03-25 02:00:00,90.95,91.52,90.82,91.12,27978.634773
2026-03-25 03:00:00,91.13,91.95,90.79,91.69,29348.56432
2026-03-25 04:00:00,91.7,92.12,91.59,92.05,24334.131104
2026-03-25 05:00:00,92.05,92.96,91.96,92.42,42254.018416
2026-03-25 06:00:00,92.43,92.92,92.27,92.38,25838.807021
2026-03-25 07:00:00,92.39,92.5,91.77,91.82,20687.056658
2026-03-25 08:00:00,91.82,92.74,91.82,92.34,43336.275795
2026-03-25 09:00:00,92.34,92.65,92.13,92.54,37808.199615
2026-03-25 10:00:00,92.56,92.69,92.38,92.65,20960.215451
2026-03-25 11:00:00,92.64,93.48,92.42,92.98,56557.828239
2026-03-25 12:00:00,92.99,93.44,92.35,93.04,45556.393222
2026-03-25 13:00:00,93.04,93.42,92.71,92.74,42806.412798
2026-03-25 14:00:00,92.74,92.91,91.93,91.96,50312.04712
2026-03-25 15:00:00,91.96,92.09,91.0,91.79,49449.656771
2026-03-25 16:00:00,91.78,92.76,91.61,92.22,31280.601123
2026-03-25 17:00:00,92.22,92.35,91.61,91.71,27285.929647
2026-03-25 18:00:00,91.72,92.2,91.46,91.69,12998.604396
2026-03-25 19:00:00,91.7,92.0,91.41,91.76,11371.378651
2026-03-25 20:00:00,91.76,91.78,91.1,91.49,17253.610209
2026-03-25 21:00:00,91.5,91.61,91.16,91.26,8774.132249
2026-03-25 22:00:00,91.27,91.95,91.02,91.76,37763.685932
2026-03-25 23:00:00,91.75,91.85,91.47,91.71,9837.234109
2026-03-26 00:00:00,91.71,91.98,91.5,91.72,15656.841087
2026-03-26 01:00:00,91.72,91.96,91.62,91.84,12334.116384
2026-03-26 02:00:00,91.83,91.86,90.65,90.96,21588.771792
2026-03-26 03:00:00,90.95,91.15,90.6,91.07,18256.038743
2026-03-26 04:00:00,91.07,91.07,90.68,90.81,10900.555829
2026-03-26 05:00:00,90.82,90.86,89.13,89.25,84405.346391
2026-03-26 06:00:00,89.25,89.31,88.88,89.06,55445.150228
2026-03-26 07:00:00,89.05,89.37,88.8,89.1,41352.476119
2026-03-26 08:00:00,89.09,89.1,88.64,88.89,25080.203648
2026-03-26 09:00:00,88.88,89.02,87.75,88.11,50167.206768
2026-03-26 10:00:00,88.11,88.34,87.78,87.95,26896.484738
2026-03-26 11:00:00,87.96,88.12,87.45,87.57,33930.873377
2026-03-26 12:00:00,87.57,87.85,87.41,87.59,21291.861493
2026-03-26 13:00:00,87.59,88.28,87.33,87.92,39383.650465
2026-03-26 14:00:00,87.93,88.18,87.17,87.55,26808.298916
2026-03-26 15:00:00,87.55,87.82,86.71,87.54,34274.183744
2026-03-26 16:00:00,87.54,87.73,87.14,87.22,26418.863911
2026-03-26 17:00:00,87.22,87.5,86.53,86.61,33489.216039
2026-03-26 18:00:00,86.61,86.82,85.74,86.05,59340.038528
2026-03-26 19:00:00,86.07,86.09,85.43,85.46,35597.491618
2026-03-26 20:00:00,85.47,87.13,85.43,86.34,65944.794762
2026-03-26 21:00:00,86.35,87.13,86.21,86.84,21936.197668
2026-03-26 22:00:00,86.84,86.9,86.24,86.82,13782.31908
2026-03-26 23:00:00,86.82,86.96,86.21,86.53,26778.57072
2026-03-27 00:00:00,86.53,86.79,86.2,86.55,18183.654941
2026-03-27 01:00:00,86.55,86.9,86.46,86.88,10544.813524
2026-03-27 02:00:00,86.9,87.04,86.55,86.7,11121.399929
2026-03-27 03:00:00,86.71,86.79,86.35,86.43,12037.049381
2026-03-27 04:00:00,86.43,86.44,85.75,86.18,20001.744511
2026-03-27 05:00:00,86.17,86.76,85.95,86.11,22276.767634
2026-03-27 06:00:00,86.11,86.39,85.91,86.07,18176.364092
2026-03-27 07:00:00,86.07,86.36,85.7,85.93,23453.925312
2026-03-27 08:00:00,85.93,86.13,84.32,85.1,94746.795
2026-03-27 09:00:00,85.1,85.25,84.43,85.07,27599.177073
2026-03-27 10:00:00,85.08,85.15,82.64,83.01,148271.768509
2026-03-27 11:00:00,83.01,83.64,82.65,83.38,46869.490691
2026-03-27 12:00:00,83.38,83.42,83.04,83.1,36906.224284
2026-03-27 13:00:00,83.1,83.54,82.47,82.92,55430.048971
2026-03-27 14:00:00,82.92,83.33,82.61,83.17,45958.960242
2026-03-27 15:00:00,83.18,84.0,82.97,83.33,74738.017094
2026-03-27 16:00:00,83.34,83.37,82.63,83.02,42635.406951
2026-03-27 17:00:00,83.02,83.44,82.1,82.24,44102.406686
2026-03-27 18:00:00,82.24,82.49,81.85,82.4,26972.871266
2026-03-27 19:00:00,82.39,82.9,82.07,82.81,13938.447225
2026-03-27 20:00:00,82.82,82.96,82.38,82.78,11277.045395
2026-03-27 21:00:00,82.79,83.05,82.69,82.75,9179.998107
2026-03-27 22:00:00,82.76,82.84,82.53,82.74,6941.202494
2026-03-27 23:00:00,82.74,83.13,82.46,83.1,15840.01779
2026-03-28 00:00:00,83.1,83.1,82.72,82.86,10863.925362
2026-03-28 01:00:00,82.86,82.88,82.25,82.66,13282.826621
2026-03-28 02:00:00,82.67,82.92,82.39,82.57,9247.041185
2026-03-28 03:00:00,82.57,82.72,82.52,82.59,8194.962557
2026-03-28 04:00:00,82.6,82.77,82.42,82.56,13583.388786
2026-03-28 05:00:00,82.58,82.79,82.29,82.76,32595.323442
2026-03-28 06:00:00,82.76,83.27,82.66,83.18,21611.347123
2026-03-28 07:00:00,83.18,83.66,83.18,83.61,13550.021978
2026-03-28 08:00:00,83.61,83.71,83.38,83.39,15133.303239
2026-03-28 09:00:00,83.39,83.39,82.91,83.04,16829.609747
2026-03-28 10:00:00,83.05,83.34,82.73,83.02,34103.324807
2026-03-28 11:00:00,83.01,83.07,82.91,82.96,7103.101029
2026-03-28 12:00:00,82.95,83.21,82.61,82.69,13953.635323
2026-03-28 13:00:00,82.69,84.12,82.69,83.38,48117.922861
2026-03-28 14:00:00,83.37,83.53,83.0,83.26,22689.997193
2026-03-28 15:00:00,83.24,84.29,83.2,83.83,52496.08022
2026-03-28 16:00:00,83.83,83.95,83.45,83.55,24083.73636
2026-03-28 17:00:00,83.54,83.73,83.15,83.31,13555.273877
2026-03-28 18:00:00,83.31,83.52,83.29,83.37,6776.489237
2026-03-28 19:00:00,83.37,83.42,83.02,83.27,8541.759264
2026-03-28 20:00:00,83.28,83.5,83.28,83.4,9025.102541
2026-03-28 21:00:00,83.41,83.44,82.37,82.7,38788.129755
2026-03-28 22:00:00,82.69,82.89,82.47,82.79,10210.735828
2026-03-28 23:00:00,82.78,82.79,81.69,82.08,26486.71406
2026-03-29 00:00:00,82.09,82.26,81.87,82.21,13435.002449
2026-03-29 01:00:00,82.21,82.51,82.08,82.47,15694.577425
2026-03-29 02:00:00,82.47,82.84,82.42,82.77,7436.702849
2026-03-29 03:00:00,82.78,83.24,82.68,83.0,10661.37925
2026-03-29 04:00:00,83.0,83.03,82.71,82.78,14608.693436
2026-03-29 05:00:00,82.76,82.86,82.4,82.7,23381.59087
2026-03-29 06:00:00,82.71,82.81,82.28,82.48,23881.458238
2026-03-29 07:00:00,82.48,82.61,82.23,82.45,10118.621927
2026-03-29 08:00:00,82.45,82.62,82.34,82.45,5896.613051
2026-03-29 09:00:00,82.46,82.52,82.16,82.35,20811.037443
2026-03-29 10:00:00,82.34,82.34,81.98,82.12,12827.281628
2026-03-29 11:00:00,82.12,82.83,82.11,82.58,12485.410468
2026-03-29 12:00:00,82.58,82.63,82.22,82.43,6018.375159
2026-03-29 13:00:00,82.43,82.45,81.69,81.92,23463.174397
2026-03-29 14:00:00,81.92,82.43,81.71,81.92,26602.553085
2026-03-29 15:00:00,81.93,82.15,81.32,81.82,31386.83842
2026-03-29 16:00:00,81.82,82.12,81.63,81.7,9653.442386
2026-03-29 17:00:00,81.7,81.85,81.13,81.55,25606.978219
2026-03-29 18:00:00,81.55,81.92,81.4,81.8,17172.811897
2026-03-29 19:00:00,81.8,81.87,81.55,81.61,5749.312851
2026-03-29 20:00:00,81.61,82.21,81.6,81.93,15613.994861
2026-03-29 21:00:00,81.92,82.21,81.83,82.14,13701.294971
2026-03-29 22:00:00,82.15,82.15,78.88,80.93,165624.976381
2026-03-29 23:00:00,80.93,81.7,80.89,81.42,47800.738121
2026-03-30 00:00:00,81.43,83.01,81.16,81.89,46410.179272
2026-03-30 01:00:00,81.89,82.87,81.89,82.71,23371.829235
2026-03-30 02:00:00,82.72,83.97,82.48,83.35,46654.979019
2026-03-30 03:00:00,83.35,83.54,82.94,83.27,24116.899334
2026-03-30 04:00:00,83.28,83.89,83.26,83.77,33094.99768
2026-03-30 05:00:00,83.77,84.17,83.47,83.64,61305.024235
2026-03-30 06:00:00,83.63,83.87,83.41,83.46,17413.627108
2026-03-30 07:00:00,83.46,84.26,83.35,84.03,26625.940698
2026-03-30 08:00:00,84.02,84.89,84.0,84.5,66850.218942
2026-03-30 09:00:00,84.5,84.51,84.1,84.13,21024.356535
2026-03-30 10:00:00,84.15,84.21,83.58,83.92,29531.145277
2026-03-30 11:00:00,83.93,84.69,83.88,84.26,31121.418017
2026-03-30 12:00:00,84.28,84.61,84.13,84.51,29846.352738
2026-03-30 13:00:00,84.51,85.0,83.92,84.01,50865.192065
2026-03-30 14:00:00,84.0,84.64,83.66,84.39,55188.600565
2026-03-30 15:00:00,84.39,84.75,83.89,84.5,26674.850654
2026-03-30 16:00:00,84.5,84.55,83.94,84.22,21053.777243
2026-03-30 17:00:00,84.24,84.42,83.08,83.27,31276.190744
2026-03-30 18:00:00,83.27,83.43,82.47,82.7,20294.221464
2026-03-30 19:00:00,82.7,82.71,81.98,82.4,40690.735344
2026-03-30 20:00:00,82.39,82.9,82.36,82.81,20732.352722
2026-03-30 21:00:00,82.78,83.68,82.7,83.17,27581.855
2026-03-30 22:00:00,83.17,83.5,82.65,82.82,21800.223486
2026-03-30 23:00:00,82.81,82.82,82.14,82.55,16305.273388
2026-03-31 00:00:00,82.56,82.95,82.16,82.73,23676.64617
2026-03-31 01:00:00,82.74,84.62,82.61,83.85,51090.880051
2026-03-31 02:00:00,83.86,84.1,83.6,83.83,13246.469448
2026-03-31 03:00:00,83.83,83.92,83.28,83.6,9194.6633
2026-03-31 04:00:00,83.62,83.9,83.31,83.34,21552.915826
2026-03-31 05:00:00,83.34,83.77,82.89,83.77,27229.581084
2026-03-31 06:00:00,83.77,83.85,83.06,83.41,34897.414496
2026-03-31 07:00:00,83.42,83.44,82.69,83.1,24947.775257
2026-03-31 08:00:00,83.11,83.34,82.24,82.25,27635.346818
2026-03-31 09:00:00,82.25,82.47,80.11,80.56,83561.689459
2026-03-31 10:00:00,80.56,80.96,80.35,80.47,44711.411145
2026-03-31 11:00:00,80.48,80.97,80.28,80.86,60230.519071
2026-03-31 12:00:00,80.88,81.1,80.4,80.8,34284.045034
2026-03-31 13:00:00,80.82,82.04,80.76,81.87,42397.916063
2026-03-31 14:00:00,81.84,82.58,80.4,80.63,65998.153247
2026-03-31 15:00:00,80.64,81.67,80.64,80.87,34554.62336
2026-03-31 16:00:00,80.87,82.91,80.87,82.38,60400.036563
2026-03-31 17:00:00,82.37,83.47,82.2,82.39,70319.227092
2026-03-31 18:00:00,82.39,83.09,82.39,82.89,20946.674618
2026-03-31 19:00:00,82.9,82.98,82.47,82.71,17373.770154
2026-03-31 20:00:00,82.69,83.41,82.63,83.18,28336.013522
2026-03-31 21:00:00,83.18,83.19,82.63,82.86,20599.72842
2026-03-31 22:00:00,82.86,82.92,82.34,82.77,25432.677086
2026-03-31 23:00:00,82.78,83.27,82.67,83.19,21234.32199
2026-04-01 00:00:00,83.2,83.6,82.85,83.42,20326.501638
2026-04-01 01:00:00,83.42,83.48,82.73,82.75,23169.712041
2026-04-01 02:00:00,82.75,82.91,82.48,82.64,17069.887939
2026-04-01 03:00:00,82.66,83.49,82.66,83.44,19330.784326
2026-04-01 04:00:00,83.43,83.85,83.25,83.75,38894.772316
2026-04-01 05:00:00,83.75,84.37,83.37,84.14,53992.523138
2026-04-01 06:00:00,84.13,84.73,84.04,84.45,38477.213563
2026-04-01 07:00:00,84.44,84.74,83.8,83.83,30168.44643
2026-04-01 08:00:00,83.83,84.05,83.42,83.63,32209.807435
2026-04-01 09:00:00,83.63,83.75,83.15,83.39,37257.449594
2026-04-01 10:00:00,83.38,83.49,83.07,83.38,18817.641174
2026-04-01 11:00:00,83.37,83.58,83.17,83.38,10749.336855
2026-04-01 12:00:00,83.37,83.73,82.81,83.04,44978.429103
2026-04-01 13:00:00,83.06,83.45,82.4,82.67,46049.216299
2026-04-01 14:00:00,82.67,83.56,82.51,83.38,33859.402779
2026-04-01 15:00:00,83.38,83.87,83.08,83.64,41685.424668
2026-04-01 16:00:00,83.62,85.31,83.02,85.26,85857.340074
2026-04-01 17:00:00,85.26,86.62,84.24,84.44,136335.453777
2026-04-01 18:00:00,84.44,84.5,83.55,83.65,36929.361176
2026-04-01 19:00:00,83.67,84.42,83.65,83.84,29830.190854
2026-04-01 20:00:00,83.85,83.89,82.29,82.56,72555.154891
2026-04-01 21:00:00,82.58,83.18,81.41,81.87,52955.764113
2026-04-01 22:00:00,81.86,81.96,80.79,81.17,71269.890548
2026-04-01 23:00:00,81.17,81.46,81.03,81.2,36852.895119
2026-04-02 00:00:00,81.2,81.77,80.94,81.65,35816.296268
2026-04-02 01:00:00,81.64,81.65,78.97,79.35,179372.767858
2026-04-02 02:00:00,79.35,79.35,78.31,78.88,116039.375276
2026-04-02 03:00:00,78.88,79.42,78.69,79.01,73153.583116
2026-04-02 04:00:00,79.01,79.21,78.77,78.84,53954.573377
2026-04-02 05:00:00,78.84,79.41,78.62,79.26,42407.333198
2026-04-02 06:00:00,79.27,79.43,78.96,79.14,24251.736366
2026-04-02 07:00:00,79.14,79.68,79.01,79.64,21800.867524
2026-04-02 08:00:00,79.62,79.62,79.05,79.13,17696.148656
2026-04-02 09:00:00,79.13,79.37,78.93,79.27,16768.004637
2026-04-02 10:00:00,79.28,79.31,78.81,78.89,14417.669538
2026-04-02 11:00:00,78.9,78.99,78.17,78.33,37001.685562
2026-04-02 12:00:00,78.33,78.6,77.88,77.98,66199.147255
2026-04-02 13:00:00,77.99,78.27,76.7,77.76,98942.942776
2026-04-02 14:00:00,77.76,79.72,77.53,79.07,120020.713984
2026-04-02 15:00:00,79.08,79.25,78.36,79.05,53207.806491
2026-04-02 16:00:00,79.05,79.88,78.71,79.44,73617.432555
2026-04-02 17:00:00,79.43,79.67,78.56,78.59,34077.641639
2026-04-02 18:00:00,78.59,79.28,78.44,79.13,26064.405885
2026-04-02 19:00:00,79.14,79.26,78.71,78.99,23240.461856
2026-04-02 20:00:00,79.0,79.37,78.75,79.16,22280.43843
2026-04-02 21:00:00,79.17,79.24,78.64,78.98,20315.869491
2026-04-02 22:00:00,78.96,79.14,78.74,78.98,9843.497857
2026-04-02 23:00:00,78.99,79.15,78.8,78.95,25942.967762
2026-04-03 00:00:00,78.96,79.39,78.88,79.23,11966.971729
2026-04-03 01:00:00,79.22,79.79,78.95,79.18,31424.640129
2026-04-03 02:00:00,79.18,79.6,78.87,79.35,22510.082106
2026-04-03 03:00:00,79.35,79.47,79.01,79.01,25648.698259
2026-04-03 04:00:00,79.01,79.55,79.0,79.32,41486.232885
2026-04-03 05:00:00,79.32,79.67,79.07,79.32,14674.009422
2026-04-03 06:00:00,79.32,79.71,79.21,79.66,14363.972227
2026-04-03 07:00:00,79.65,80.15,79.44,79.94,22065.831671
2026-04-03 08:00:00,79.95,80.14,79.64,79.76,20591.876729
2026-04-03 09:00:00,79.77,80.25,79.7,79.96,35854.380315
2026-04-03 10:00:00,79.97,80.2,79.71,80.18,42474.784936
2026-04-03 11:00:00,80.18,80.46,79.89,80.18,42875.411559
2026-04-03 12:00:00,80.18,80.91,79.24,79.33,71532.006042
2026-04-03 13:00:00,79.35,79.63,79.17,79.62,22380.554397
2026-04-03 14:00:00,79.61,80.34,79.44,80.26,26985.341442
2026-04-03 15:00:00,80.24,80.67,80.16,80.33,37989.009012
2026-04-03 16:00:00,80.33,80.68,80.2,80.56,37066.830159
2026-04-03 17:00:00,80.56,80.56,79.91,80.2,15856.554782
2026-04-03 18:00:00,80.19,80.46,80.09,80.13,11351.28924
2026-04-03 19:00:00,80.12,80.29,79.87,80.19,13563.067408
2026-04-03 20:00:00,80.21,80.32,80.15,80.2,6155.317419
2026-04-03 21:00:00,80.2,80.74,80.11,80.4,20153.760956
2026-04-03 22:00:00,80.4,80.5,79.95,80.16,14640.454618
2026-04-03 23:00:00,80.16,80.59,80.13,80.4,21097.095623
2026-04-04 00:00:00,80.39,80.42,80.13,80.23,6745.470489
2026-04-04 01:00:00,80.23,80.34,80.05,80.14,9592.265049
2026-04-04 02:00:00,80.13,80.29,80.06,80.16,11531.723341
2026-04-04 03:00:00,80.18,80.29,80.15,80.17,12521.913623
2026-04-04 04:00:00,80.17,80.3,80.14,80.24,11347.629429
2026-04-04 05:00:00,80.24,80.28,80.1,80.18,13557.905667
2026-04-04 06:00:00,80.19,80.54,80.13,80.45,6808.34851
2026-04-04 07:00:00,80.46,80.48,80.21,80.32,3587.702301
2026-04-04 08:00:00,80.32,80.41,79.93,79.98,10734.985642
2026-04-04 09:00:00,79.99,80.09,79.91,80.04,7722.235037
2026-04-04 10:00:00,80.05,80.29,80.01,80.22,17428.088598
2026-04-04 11:00:00,80.22,80.28,80.03,80.19,11416.868042
2026-04-04 12:00:00,80.19,80.25,80.02,80.09,5184.735856
2026-04-04 13:00:00,80.08,80.24,79.93,80.03,10581.926126
2026-04-04 14:00:00,80.03,80.38,79.55,80.34,23691.067054
2026-04-04 15:00:00,80.36,81.61,80.27,81.09,72453.554779
2026-04-04 16:00:00,81.08,81.35,80.73,80.74,29790.687639
2026-04-04 17:00:00,80.75,81.03,80.62,80.93,9317.502734
2026-04-04 18:00:00,80.94,81.13,80.72,80.85,11311.908314
2026-04-04 19:00:00,80.85,81.33,80.75,80.86,23419.194692
2026-04-04 20:00:00,80.85,80.87,80.62,80.8,6230.740802
2026-04-04 21:00:00,80.81,81.03,80.78,80.92,13595.124376
2026-04-04 22:00:00,80.92,81.07,80.88,81.01,11238.919853
2026-04-04 23:00:00,80.99,80.99,80.72,80.85,6950.11308
2026-04-05 00:00:00,80.84,80.86,80.54,80.69,11469.290177
2026-04-05 01:00:00,80.69,80.78,80.49,80.49,9470.114026
2026-04-05 02:00:00,80.49,80.64,80.37,80.57,14628.368285
2026-04-05 03:00:00,80.58,80.62,80.4,80.54,8317.574583
2026-04-05 04:00:00,80.55,80.6,80.28,80.32,18873.05448
2026-04-05 05:00:00,80.33,80.42,80.14,80.33,13617.596059
2026-04-05 06:00:00,80.32,80.43,79.41,79.6,59936.66081
2026-04-05 07:00:00,79.6,79.87,79.52,79.6,21798.602417
2026-04-05 08:00:00,79.6,79.73,79.55,79.63,8506.110343
2026-04-05 09:00:00,79.63,79.88,79.63,79.85,8471.301749
2026-04-05 10:00:00,79.84,80.27,79.8,79.85,12251.86206
2026-04-05 11:00:00,79.86,79.93,79.78,79.92,8311.706796
2026-04-05 12:00:00,79.92,79.96,78.8,79.03,50584.613857
2026-04-05 13:00:00,79.03,79.25,78.51,79.2,42038.323951
2026-04-05 14:00:00,79.21,79.48,79.14,79.29,10780.049402
2026-04-05 15:00:00,79.3,80.33,79.0,79.6,46896.219651
2026-04-05 16:00:00,79.6,79.82,79.39,79.47,16084.722269
2026-04-05 17:00:00,79.47,79.93,79.39,79.89,14238.628866
2026-04-05 18:00:00,79.89,80.12,79.71,79.96,10579.073716
2026-04-05 19:00:00,79.97,80.22,79.54,79.82,9192.245098
2026-04-05 20:00:00,79.82,80.21,79.8,80.18,12712.900956
2026-04-05 21:00:00,80.17,80.2,79.5,79.74,18428.865907
2026-04-05 22:00:00,79.74,80.68,79.1,80.58,39539.770369
2026-04-05 23:00:00,80.57,82.12,80.46,81.89,68302.608746
2026-04-06 00:00:00,81.89,82.97,81.89,82.33,71683.115566
2026-04-06 01:00:00,82.35,82.42,81.68,81.7,38610.187273
2026-04-06 02:00:00,81.69,82.8,81.67,82.41,28349.090192
2026-04-06 03:00:00,82.41,82.47,81.95,82.09,46723.8745
2026-04-06 04:00:00,82.1,82.38,81.8,82.0,32165.98129
2026-04-06 05:00:00,82.0,82.07,81.84,81.9,13962.049296
2026-04-06 06:00:00,81.89,82.12,80.96,81.5,43767.381393
2026-04-06 07:00:00,81.52,81.97,81.33,81.81,40750.292763
2026-04-06 08:00:00,81.82,82.26,81.7,82.0,34012.16676
2026-04-06 09:00:00,81.99,83.2,81.88,82.45,72699.600597
2026-04-06 10:00:00,82.46,82.89,82.46,82.68,34763.836659
2026-04-06 11:00:00,82.67,82.67,82.32,82.43,20709.211792
2026-04-06 12:00:00,82.44,82.52,82.17,82.29,17059.876033
2026-04-06 13:00:00,82.29,82.66,82.16,82.47,17903.500417
2026-04-06 14:00:00,82.46,82.8,81.74,82.24,41853.803255
2026-04-06 15:00:00,82.24,82.45,82.01,82.28,24610.378328
2026-04-06 16:00:00,82.28,82.46,81.57,81.6,27119.257606
2026-04-06 17:00:00,81.61,81.78,81.19,81.65,24506.12442
2026-04-06 18:00:00,81.65,82.21,81.56,81.89,14663.656834
2026-04-06 19:00:00,81.88,81.96,81.56,81.89,10882.24173
2026-04-06 20:00:00,81.91,82.14,81.81,81.99,10525.242565
2026-04-06 21:00:00,81.99,81.99,81.38,81.49,13067.993775
2026-04-06 22:00:00,81.46,81.51,80.17,80.18,40789.910501
2026-04-06 23:00:00,80.18,80.25,79.6,80.02,76178.22076
2026-04-07 00:00:00,80.01,80.23,79.6,79.9,47431.036812
2026-04-07 01:00:00,79.9,80.13,79.38,79.52,39051.660514
2026-04-07 02:00:00,79.52,79.89,79.46,79.71,24631.726838
2026-04-07 03:00:00,79.72,79.9,79.69,79.8,13752.97207
2026-04-07 04:00:00,79.79,80.17,79.67,79.92,12056.647575
2026-04-07 05:00:00,79.93,79.96,79.46,79.61,26407.688142
2026-04-07 06:00:00,79.6,79.65,79.3,79.52,29803.124124
2026-04-07 07:00:00,79.55,79.95,79.45,79.87,36174.178509
2026-04-07 08:00:00,79.87,80.35,79.81,80.13,57807.503176
2026-04-07 09:00:00,80.14,80.57,80.14,80.37,29338.761345
2026-04-07 10:00:00,80.38,80.44,79.23,79.37,47830.184806
2026-04-07 11:00:00,79.38,79.55,78.96,79.23,45943.971147
2026-04-07 12:00:00,79.23,79.39,78.68,79.14,57891.639759
2026-04-07 13:00:00,79.14,79.25,78.83,78.88,27452.573733
2026-04-07 14:00:00,78.9,79.07,78.4,78.59,38972.75019
2026-04-07 15:00:00,78.59,79.0,78.38,78.87,41729.776244
2026-04-07 16:00:00,78.87,79.2,78.66,78.89,31450.160048
2026-04-07 17:00:00,78.9,80.98,78.83,80.05,122121.836047
2026-04-07 18:00:00,80.05,80.18,79.52,79.92,32596.726292
2026-04-07 19:00:00,79.91,81.83,79.87,81.62,100886.364419
2026-04-07 20:00:00,81.62,82.42,81.62,81.94,79468.339663
2026-04-07 21:00:00,81.94,83.26,81.87,82.91,122825.693736
2026-04-07 22:00:00,82.92,85.23,82.92,85.23,194655.772384
2026-04-07 23:00:00,85.24,87.03,85.07,85.54,235063.144555
2026-04-08 00:00:00,85.54,85.89,84.24,84.74,85152.240429
2026-04-08 01:00:00,84.74,84.96,84.43,84.68,36963.835707
2026-04-08 02:00:00,84.69,84.96,84.39,84.59,61709.336399
2026-04-08 03:00:00,84.6,84.67,84.37,84.56,53943.015448
2026-04-08 04:00:00,84.56,85.06,84.45,84.47,82928.99724
2026-04-08 05:00:00,84.49,84.75,84.12,84.2,67259.89535
2026-04-08 06:00:00,84.2,84.7,83.85,84.54,70467.637456
2026-04-08 07:00:00,84.54,84.7,84.19,84.49,47389.878526
2026-04-08 08:00:00,84.5,84.87,84.4,84.85,40530.177188
2026-04-08 09:00:00,84.84,84.97,84.53,84.64,36476.568909
2026-04-08 10:00:00,84.64,84.78,84.49,84.51,30471.103336
2026-04-08 11:00:00,84.5,84.84,84.15,84.47,30874.182231
2026-04-08 12:00:00,84.47,84.68,84.11,84.55,26235.427112
2026-04-08 13:00:00,84.56,84.99,83.92,84.07,57747.909745
2026-04-08 14:00:00,84.07,84.15,82.52,82.9,74434.460359
2026-04-08 15:00:00,82.9,83.47,82.81,83.35,36293.294539
2026-04-08 16:00:00,83.33,83.61,83.05,83.49,17465.130186
2026-04-08 17:00:00,83.5,84.22,83.31,84.0,36529.33721
2026-04-08 18:00:00,84.01,84.03,82.81,82.92,48813.114453
2026-04-08 19:00:00,82.92,83.33,82.78,83.21,23143.904574
2026-04-08 20:00:00,83.2,83.39,83.03,83.28,8293.67801
2026-04-08 21:00:00,83.28,83.63,83.2,83.42,11284.085993
2026-04-08 22:00:00,83.43,83.46,82.6,82.64,11739.970281
2026-04-08 23:00:00,82.63,83.03,82.25,82.57,25590.631366
2026-04-09 00:00:00,82.57,82.67,82.06,82.21,25153.762785
2026-04-09 01:00:00,82.21,82.38,81.71,82.23,67870.387973
2026-04-09 02:00:00,82.24,82.44,82.07,82.13,14448.282249
2026-04-09 03:00:00,82.14,82.19,81.87,82.04,23280.544351
2026-04-09 04:00:00,82.03,82.04,81.83,81.85,16454.740111
2026-04-09 05:00:00,81.85,82.32,81.74,82.16,14392.473976
2026-04-09 06:00:00,82.16,82.35,81.86,82.18,16050.991566
2026-04-09 07:00:00,82.18,82.47,82.18,82.28,20330.80014
2026-04-09 08:00:00,82.28,82.64,82.16,82.46,17409.271676
2026-04-09 09:00:00,82.46,82.67,82.1,82.59,31794.885145
2026-04-09 10:00:00,82.6,82.66,82.36,82.58,14957.89444
2026-04-09 11:00:00,82.58,82.71,82.03,82.16,34912.868014
2026-04-09 12:00:00,82.17,82.39,81.97,82.27,29289.087584
2026-04-09 13:00:00,82.28,82.41,81.58,81.85,31151.728142
2026-04-09 14:00:00,81.86,82.3,81.42,82.18,26747.165181
2026-04-09 15:00:00,82.19,83.93,81.91,83.76,111236.924103
2026-04-09 16:00:00,83.76,84.24,82.93,83.69,67461.147465
2026-04-09 17:00:00,83.7,84.71,83.67,84.67,70979.049839
2026-04-09 18:00:00,84.68,84.72,83.45,83.85,105402.540384
2026-04-09 19:00:00,83.84,84.31,83.43,84.17,40923.007184
2026-04-09 20:00:00,84.14,84.53,84.1,84.27,21712.101735
2026-04-09 21:00:00,84.28,84.74,84.16,84.27,20647.43176
2026-04-09 22:00:00,84.28,85.96,83.96,84.0,74582.018072
2026-04-09 23:00:00,83.99,84.07,83.15,83.34,37257.985636
2026-04-10 00:00:00,83.36,83.37,82.9,83.13,25673.208615
2026-04-10 01:00:00,83.13,83.79,82.83,83.15,46017.367062
2026-04-10 02:00:00,83.15,83.45,83.04,83.27,19597.654473
2026-04-10 03:00:00,83.26,83.3,82.66,82.9,27775.508376
2026-04-10 04:00:00,82.9,83.52,82.9,83.34,26373.309896
2026-04-10 05:00:00,83.35,83.6,83.11,83.39,17153.949985
2026-04-10 06:00:00,83.4,83.47,83.11,83.19,10058.94114
2026-04-10 07:00:00,83.2,83.27,82.89,82.97,19466.675859
2026-04-10 08:00:00,82.97,83.11,82.73,82.92,33060.417632
2026-04-10 09:00:00,82.93,83.59,82.91,83.52,35362.988953
2026-04-10 10:00:00,83.52,83.55,83.12,83.32,22095.38191
2026-04-10 11:00:00,83.32,83.74,83.32,83.53,24941.01931
2026-04-10 12:00:00,83.54,84.43,83.35,84.11,71462.29581
2026-04-10 13:00:00,84.11,84.38,83.58,84.26,47331.439076
2026-04-10 14:00:00,84.26,85.23,84.18,85.09,67157.723334
2026-04-10 15:00:00,85.08,85.58,84.07,84.23,50180.035154
2026-04-10 16:00:00,84.24,84.91,84.13,84.85,21938.317795
2026-04-10 17:00:00,84.85,84.91,84.47,84.88,7553.232132
2026-04-10 18:00:00,84.88,85.27,84.63,85.22,22256.255608
2026-04-10 19:00:00,85.22,85.48,85.11,85.45,14588.904252
2026-04-10 20:00:00,85.47,85.69,85.07,85.46,26421.838002
2026-04-10 21:00:00,85.46,85.46,84.97,85.24,14094.043885
2026-04-10 22:00:00,85.25,85.29,84.64,84.88,15326.954394
2026-04-10 23:00:00,84.88,84.95,84.74,84.82,5748.607256
2026-04-11 00:00:00,84.82,84.85,84.52,84.68,8889.100088
2026-04-11 01:00:00,84.68,84.72,84.38,84.66,8956.081286
2026-04-11 02:00:00,84.67,84.91,84.58,84.8,9992.185064
2026-04-11 03:00:00,84.8,84.9,84.3,84.41,13040.609756
2026-04-11 04:00:00,84.4,84.62,84.23,84.39,11073.353886
2026-04-11 05:00:00,84.39,84.41,84.09,84.1,19850.78487
2026-04-11 06:00:00,84.1,84.16,83.88,84.13,13905.832044
2026-04-11 07:00:00,84.14,84.35,84.07,84.27,9700.25726
2026-04-11 08:00:00,84.28,84.43,84.18,84.18,13322.187239
2026-04-11 09:00:00,84.18,84.79,84.16,84.5,30320.851752
2026-04-11 10:00:00,84.5,84.52,83.6,84.04,59381.647004
2026-04-11 11:00:00,84.03,84.26,83.78,84.24,17425.632232
2026-04-11 12:00:00,84.25,84.53,84.07,84.22,23227.906912
2026-04-11 13:00:00,84.23,84.3,83.83,84.1,13902.899174
2026-04-11 14:00:00,84.11,84.41,84.02,84.37,20730.570133
2026-04-11 15:00:00,84.38,84.9,84.23,84.66,36436.018805
2026-04-11 16:00:00,84.67,85.38,84.6,84.98,33916.323935
2026-04-11 17:00:00,84.98,85.0,84.68,84.8,9921.879658
2026-04-11 18:00:00,84.8,85.85,84.64,85.48,32969.577314
2026-04-11 19:00:00,85.49,86.26,85.42,86.0,41158.439896
2026-04-11 20:00:00,86.01,86.08,85.12,85.39,22926.083113
2026-04-11 21:00:00,85.4,85.53,85.19,85.35,14839.880035
2026-04-11 22:00:00,85.29,86.17,85.07,85.28,37816.806349
2026-04-11 23:00:00,85.26,85.26,84.53,84.93,16159.475559
2026-04-12 00:00:00,84.94,85.1,84.72,84.9,18945.594612
2026-04-12 01:00:00,84.9,84.98,82.03,82.29,114611.312456
2026-04-12 02:00:00,82.28,83.0,81.88,82.67,76057.993654
2026-04-12 03:00:00,82.66,82.79,82.32,82.33,27935.913412
2026-04-12 04:00:00,82.32,82.47,82.16,82.2,23924.270184
2026-04-12 05:00:00,82.21,82.46,82.06,82.4,27555.01758
2026-04-12 06:00:00,82.39,82.49,82.2,82.27,31690.606819
2026-04-12 07:00:00,82.26,82.45,82.23,82.28,12024.313561
2026-04-12 08:00:00,82.28,82.3,82.15,82.3,15002.173724
2026-04-12 09:00:00,82.3,82.42,82.12,82.21,19916.140404
2026-04-12 10:00:00,82.21,82.34,81.96,82.05,28574.028881
2026-04-12 11:00:00,82.05,82.4,81.96,82.22,22195.092401
2026-04-12 12:00:00,82.22,82.56,81.88,82.03,47058.525938
2026-04-12 13:00:00,82.02,82.22,81.76,81.9,42381.395939
2026-04-12 14:00:00,81.9,82.13,81.31,81.56,67918.536461
2026-04-12 15:00:00,81.57,81.82,81.32,81.6,36945.169136
2026-04-12 16:00:00,81.59,81.89,81.53,81.88,15703.156274
2026-04-12 17:00:00,81.89,82.31,81.76,82.19,13181.287883
2026-04-12 18:00:00,82.2,82.32,82.04,82.13,15729.323043
2026-04-12 19:00:00,82.14,82.32,81.93,81.98,9171.488354
2026-04-12 20:00:00,81.98,82.87,81.93,82.69,20915.451757
2026-04-12 21:00:00,82.69,82.87,82.43,82.8,16971.558626
2026-04-12 22:00:00,82.79,82.8,81.38,82.0,78178.703627
2026-04-12 23:00:00,81.99,81.99,81.3,81.54,28677.078528
2026-04-13 00:00:00,81.53,82.22,81.4,82.15,20034.521719
2026-04-13 01:00:00,82.15,82.35,81.97,82.33,24886.265659
2026-04-13 02:00:00,82.33,82.44,81.88,81.93,16150.639116
2026-04-13 03:00:00,81.94,82.06,81.75,81.91,12322.605448
2026-04-13 04:00:00,81.91,82.25,81.84,81.91,20103.253819
2026-04-13 05:00:00,81.91,81.98,81.54,81.84,14318.386823
2026-04-13 06:00:00,81.85,82.63,81.82,82.35,39067.931739
2026-04-13 07:00:00,82.36,82.41,81.87,82.16,13730.413694
2026-04-13 08:00:00,82.16,82.28,81.73,81.87,29758.969892
2026-04-13 09:00:00,81.87,82.21,81.81,81.87,21129.120528
2026-04-13 10:00:00,81.87,81.97,81.66,81.73,17529.873201
2026-04-13 11:00:00,81.74,82.05,81.7,81.86,18342.352734
2026-04-13 12:00:00,81.86,82.77,81.82,82.53,50530.264779
2026-04-13 13:00:00,82.54,83.67,82.28,83.6,86290.768252
2026-04-13 14:00:00,83.62,83.82,82.76,83.77,72270.4642
2026-04-13 15:00:00,83.76,83.82,82.36,82.67,54310.880238
2026-04-13 16:00:00,82.67,83.61,82.34,83.35,64057.551002
2026-04-13 17:00:00,83.36,83.84,83.02,83.05,38276.888411
2026-04-13 18:00:00,83.06,83.27,82.59,83.21,41570.824105
2026-04-13 19:00:00,83.22,84.24,83.09,84.1,114706.326825
2026-04-13 20:00:00,84.11,84.36,83.82,83.94,59924.402239
2026-04-13 21:00:00,83.94,84.13,83.81,83.94,37003.29471
2026-04-13 22:00:00,83.95,86.46,83.94,86.2,140810.791814
2026-04-13 23:00:00,86.22,86.8,85.9,86.51,114999.030679
2026-04-14 00:00:00,86.5,86.73,85.72,85.9,95068.449003
2026-04-14 01:00:00,85.9,86.1,85.66,85.94,51304.109518
2026-04-14 02:00:00,85.94,86.39,85.83,86.2,80622.600027
2026-04-14 03:00:00,86.21,86.25,85.97,86.03,39829.259112
2026-04-14 04:00:00,86.05,86.05,85.55,85.89,54584.949748
2026-04-14 05:00:00,85.89,85.92,85.43,85.5,36832.03474
2026-04-14 06:00:00,85.51,86.07,85.51,85.95,37194.996616
2026-04-14 07:00:00,85.95,86.18,85.79,85.89,77718.647586
2026-04-14 08:00:00,85.89,86.37,85.72,86.14,33918.968922
2026-04-14 09:00:00,86.14,86.26,85.98,86.1,22179.121421
2026-04-14 10:00:00,86.1,86.56,86.01,86.02,47272.847441
2026-04-14 11:00:00,86.02,86.1,85.59,85.77,72352.61682
2026-04-14 12:00:00,85.78,86.0,85.58,85.95,29856.993246
2026-04-14 13:00:00,85.96,87.4,85.91,87.3,86860.838467
2026-04-14 14:00:00,87.32,87.65,85.99,85.99,114648.179459
2026-04-14 15:00:00,85.99,86.31,85.26,85.97,81202.757237
2026-04-14 16:00:00,85.97,86.17,84.76,85.04,117855.106697
2026-04-14 17:00:00,85.03,85.44,84.7,85.26,47924.866162
2026-04-14 18:00:00,85.26,85.41,83.91,84.09,39826.135694
2026-04-14 19:00:00,84.08,84.32,83.7,83.94,48624.808719
2026-04-14 20:00:00,83.95,84.15,83.38,83.61,39991.699306
2026-04-14 21:00:00,83.61,83.94,83.54,83.81,28876.082877
2026-04-14 22:00:00,83.81,83.94,83.29,83.5,59499.518338
2026-04-14 23:00:00,83.5,84.09,83.44,83.71,44176.214249
2026-04-15 00:00:00,83.7,84.08,83.55,83.78,66403.894786
2026-04-15 01:00:00,83.77,84.02,83.56,83.92,37883.144693
2026-04-15 02:00:00,83.91,84.0,83.14,83.41,37263.734195
2026-04-15 03:00:00,83.41,83.52,83.29,83.46,14883.144673
2026-04-15 04:00:00,83.45,83.66,83.33,83.61,21306.038964
2026-04-15 05:00:00,83.61,83.8,82.96,83.13,45505.385477
2026-04-15 06:00:00,83.12,83.14,82.86,83.01,20562.519527
2026-04-15 07:00:00,83.01,83.25,82.65,82.93,42798.02582
2026-04-15 08:00:00,82.93,83.29,82.74,83.14,19324.954128
2026-04-15 09:00:00,83.14,83.25,82.88,83.17,16849.501126
2026-04-15 10:00:00,83.16,83.65,82.91,83.16,38307.372399
2026-04-15 11:00:00,83.18,83.71,83.05,83.61,28761.900058
2026-04-15 12:00:00,83.61,83.88,83.39,83.72,19984.669085
2026-04-15 13:00:00,83.72,83.82,83.21,83.63,30702.731326
2026-04-15 14:00:00,83.64,84.49,83.42,84.3,38513.584036
2026-04-15 15:00:00,84.31,84.46,83.52,84.01,49724.604252
2026-04-15 16:00:00,84.0,84.7,83.9,84.54,50677.045057
2026-04-15 17:00:00,84.55,85.17,84.46,84.71,45755.061698
2026-04-15 18:00:00,84.7,85.06,84.6,85.03,22225.135084
2026-04-15 19:00:00,85.03,85.82,84.94,85.5,37446.383722
2026-04-15 20:00:00,85.51,85.57,84.63,84.79,24675.481054
2026-04-15 21:00:00,84.78,84.88,84.2,84.77,23721.885663
2026-04-15 22:00:00,84.77,85.59,84.73,85.0,37315.72196
2026-04-15 23:00:00,85.02,85.02,84.62,84.9,29329.830849
2026-04-16 00:00:00,84.9,85.09,84.48,84.92,31584.902571
2026-04-16 01:00:00,84.92,84.93,84.42,84.84,14256.386858
2026-04-16 02:00:00,84.84,85.59,84.71,85.1,34863.453997
2026-04-16 03:00:00,85.1,85.49,85.07,85.28,20046.261803
2026-04-16 04:00:00,85.28,85.56,85.0,85.25,22027.517838
2026-04-16 05:00:00,85.24,85.52,85.04,85.39,14069.569407
2026-04-16 06:00:00,85.4,85.54,85.18,85.48,16236.987369
2026-04-16 07:00:00,85.47,85.68,85.11,85.21,38321.787677
2026-04-16 08:00:00,85.2,85.3,84.91,85.04,30933.516317
2026-04-16 09:00:00,85.05,85.5,84.96,85.21,50951.739977
2026-04-16 10:00:00,85.2,85.24,84.63,85.05,44989.097269
2026-04-16 11:00:00,85.05,85.17,84.94,85.08,11846.070141
2026-04-16 12:00:00,85.08,85.49,85.07,85.38,26381.601292
2026-04-16 13:00:00,85.37,86.27,83.81,84.79,109295.191719
2026-04-16 14:00:00,84.79,85.68,84.04,85.4,73135.831817
2026-04-16 15:00:00,85.39,87.14,85.31,86.62,105582.452591
2026-04-16 16:00:00,86.62,87.09,85.63,85.95,94509.43593
2026-04-16 17:00:00,85.94,86.8,85.72,86.66,69245.128203
2026-04-16 18:00:00,86.65,89.08,86.51,89.0,168255.900098
2026-04-16 19:00:00,89.0,90.14,88.66,90.1,106988.733917
2026-04-16 20:00:00,90.1,90.5,89.26,89.58,75311.152191
2026-04-16 21:00:00,89.58,89.74,88.74,88.94,44396.03329
2026-04-16 22:00:00,88.94,89.45,88.88,89.0,24041.984926
2026-04-16 23:00:00,88.99,89.23,88.83,89.05,17026.570008
2026-04-17 00:00:00,89.06,89.18,88.58,88.83,27859.274365
2026-04-17 01:00:00,88.81,89.01,87.91,88.23,39678.715511
2026-04-17 02:00:00,88.22,88.35,87.55,87.86,29098.724883
2026-04-17 03:00:00,87.86,87.95,87.47,87.72,29615.59181
2026-04-17 04:00:00,87.73,88.28,87.69,87.99,22062.863706
2026-04-17 05:00:00,88.0,88.0,87.41,87.41,31005.377705
2026-04-17 06:00:00,87.41,88.09,87.36,88.02,14229.353555
2026-04-17 07:00:00,88.03,88.47,87.98,88.15,17533.098225
2026-04-17 08:00:00,88.15,89.09,88.13,88.95,48313.479023
2026-04-17 09:00:00,88.96,89.52,88.29,88.72,52926.635337
2026-04-17 10:00:00,88.72,88.75,87.36,87.68,55140.260005
2026-04-17 11:00:00,87.68,88.32,87.63,88.21,25760.238882
2026-04-17 12:00:00,88.21,88.93,87.93,88.89,55040.601511
2026-04-17 13:00:00,88.9,90.52,88.59,90.13,212622.644476
2026-04-17 14:00:00,90.14,90.74,89.65,90.02,101222.750298
2026-04-17 15:00:00,90.04,90.19,89.47,89.95,59446.197841
2026-04-17 16:00:00,89.96,90.6,89.9,90.43,47430.560957
2026-04-17 17:00:00,90.43,90.43,89.1,89.75,69346.886794
2026-04-17 18:00:00,89.75,89.83,88.88,89.18,34791.578104
2026-04-17 19:00:00,89.18,89.5,88.92,89.22,17372.199877
2026-04-17 20:00:00,89.24,89.38,88.5,89.01,26150.890883
2026-04-17 21:00:00,89.01,89.27,88.81,89.12,24068.350984
2026-04-17 22:00:00,89.11,89.47,88.95,89.21,19633.105238
2026-04-17 23:00:00,89.21,89.21,88.5,88.77,18068.223531
2026-04-18 00:00:00,88.77,89.14,88.67,88.97,12195.673572
2026-04-18 01:00:00,88.97,89.15,88.7,88.88,13678.614166
2026-04-18 02:00:00,88.88,89.1,88.68,88.92,9196.121788
2026-04-18 03:00:00,88.94,88.94,88.24,88.33,18481.046071
2026-04-18 04:00:00,88.34,88.56,88.25,88.36,17536.237444
2026-04-18 05:00:00,88.34,88.65,88.18,88.42,29277.878229
2026-04-18 06:00:00,88.42,88.63,88.33,88.5,16161.777297
2026-04-18 07:00:00,88.5,88.56,88.32,88.46,12488.99207
2026-04-18 08:00:00,88.47,88.51,87.12,87.54,68910.116177
2026-04-18 09:00:00,87.54,87.68,87.16,87.64,36079.408006
2026-04-18 10:00:00,87.64,87.64,86.77,86.98,51035.795454
2026-04-18 11:00:00,86.98,86.99,86.29,86.54,50231.680901
2026-04-18 12:00:00,86.55,86.97,86.51,86.91,21922.499149
2026-04-18 13:00:00,86.91,86.99,86.43,86.76,18704.119732
2026-04-18 14:00:00,86.76,86.87,86.45,86.84,24107.642237
2026-04-18 15:00:00,86.85,86.96,86.58,86.77,25705.546885
2026-04-18 16:00:00,86.77,87.01,86.47,86.71,24377.829918
2026-04-18 17:00:00,86.7,86.85,86.52,86.77,12552.077265
2026-04-18 18:00:00,86.76,86.76,85.79,85.97,44640.185823
2026-04-18 19:00:00,85.97,86.28,85.94,86.13,12209.448658
2026-04-18 20:00:00,86.13,86.3,86.01,86.17,11251.25489
2026-04-18 21:00:00,86.18,86.27,86.04,86.21,6441.663149
2026-04-18 22:00:00,86.22,86.36,85.93,86.29,12250.340973
2026-04-18 23:00:00,86.3,86.46,86.12,86.15,7823.450702
2026-04-19 00:00:00,86.15,86.38,85.87,86.02,10378.770886
2026-04-19 01:00:00,86.02,86.23,85.61,85.75,11102.900707
2026-04-19 02:00:00,85.76,85.86,85.27,85.54,19720.371939
2026-04-19 03:00:00,85.54,85.79,85.32,85.6,8528.770471
2026-04-19 04:00:00,85.61,85.95,85.14,85.58,16964.999657
2026-04-19 05:00:00,85.58,85.79,85.39,85.49,19600.561216
2026-04-19 06:00:00,85.48,85.67,85.14,85.44,23983.071489
2026-04-19 07:00:00,85.45,85.45,84.42,84.87,70100.236676
2026-04-19 08:00:00,84.86,85.17,84.63,84.8,27572.73094
2026-04-19 09:00:00,84.81,85.04,84.58,84.59,21957.811482
2026-04-19 10:00:00,84.6,84.91,84.44,84.8,14607.965565
2026-04-19 11:00:00,84.81,85.71,84.77,85.6,22258.932741
2026-04-19 12:00:00,85.6,85.94,85.55,85.8,20698.290155
2026-04-19 13:00:00,85.78,86.94,85.77,86.35,70333.291288
2026-04-19 14:00:00,86.34,87.13,86.0,86.55,54956.150739
2026-04-19 15:00:00,86.54,86.67,85.61,86.36,29840.376932
2026-04-19 16:00:00,86.37,86.51,85.74,85.86,13440.150938
2026-04-19 17:00:00,85.86,86.0,85.02,85.14,36158.856526
2026-04-19 18:00:00,85.16,85.3,84.89,85.12,10862.523291
2026-04-19 19:00:00,85.13,85.56,85.13,85.34,13144.780603
2026-04-19 20:00:00,85.34,85.37,84.76,84.96,15604.383849
2026-04-19 21:00:00,84.97,85.25,84.61,84.71,13508.909278
2026-04-19 22:00:00,84.7,84.7,82.93,83.78,130222.265731
2026-04-19 23:00:00,83.77,83.78,83.35,83.48,28394.259049
2026-04-20 00:00:00,83.49,84.2,83.34,84.0,35009.514876
2026-04-20 01:00:00,84.01,84.55,83.96,84.36,34983.209257
2026-04-20 02:00:00,84.36,84.4,83.72,84.21,22773.561446
2026-04-20 03:00:00,84.21,84.6,84.12,84.58,9548.082171
2026-04-20 04:00:00,84.58,84.61,84.25,84.57,9401.919016
2026-04-20 05:00:00,84.57,84.59,83.76,83.84,24484.270164
2026-04-20 06:00:00,83.85,84.75,83.77,84.46,34824.017041
2026-04-20 07:00:00,84.46,85.76,84.43,84.73,63505.583919
2026-04-20 08:00:00,84.73,85.12,84.56,84.68,23848.489248
2026-04-20 09:00:00,84.68,85.25,84.63,85.07,18900.737353
2026-04-20 10:00:00,85.08,85.4,84.8,84.84,29680.622836
2026-04-20 11:00:00,84.86,85.36,84.77,85.04,37625.778789
2026-04-20 12:00:00,85.05,85.54,84.85,85.33,51830.172962
2026-04-20 13:00:00,85.32,85.57,84.89,85.32,39077.447941
2026-04-20 14:00:00,85.31,85.82,84.55,84.78,58903.574883
2026-04-20 15:00:00,84.8,85.88,84.43,85.87,41552.003811
2026-04-20 16:00:00,85.86,85.88,85.26,85.3,23376.511282
2026-04-20 17:00:00,85.31,86.12,85.26,85.69,26764.32378
2026-04-20 18:00:00,85.7,86.23,85.7,86.07,39436.548461
2026-04-20 19:00:00,86.08,86.14,85.77,85.8,18001.236276
2026-04-20 20:00:00,85.8,86.17,85.67,85.96,18184.218729
2026-04-20 21:00:00,85.95,86.2,85.58,85.81,29894.134747
2026-04-20 22:00:00,85.81,86.06,85.61,85.71,10569.784591
2026-04-20 23:00:00,85.7,85.7,85.22,85.29,24207.522681
2026-04-21 00:00:00,85.3,85.78,85.26,85.67,15665.58062
2026-04-21 01:00:00,85.67,85.82,85.37,85.44,13253.38233
2026-04-21 02:00:00,85.44,85.47,85.19,85.27,12920.475467
2026-04-21 03:00:00,85.27,85.53,84.9,85.16,42297.265699
2026-04-21 04:00:00,85.17,85.46,85.01,85.43,31970.509355
2026-04-21 05:00:00,85.42,85.84,85.41,85.68,35057.306207
2026-04-21 06:00:00,85.68,85.94,85.18,85.67,23467.996268
2026-04-21 07:00:00,85.68,85.98,85.42,85.7,24231.038239
2026-04-21 08:00:00,85.71,86.42,85.64,85.81,31134.538667
2026-04-21 09:00:00,85.82,85.92,85.53,85.88,20541.388319
2026-04-21 10:00:00,85.89,86.32,85.84,86.14,29253.617528
2026-04-21 11:00:00,86.15,86.17,85.72,85.83,40279.654266
2026-04-21 12:00:00,85.84,86.02,85.18,85.52,35678.860337
2026-04-21 13:00:00,85.53,85.85,85.3,85.82,21788.729974
2026-04-21 14:00:00,85.83,86.89,85.61,85.77,45829.099914
2026-04-21 15:00:00,85.77,86.27,85.4,86.06,43034.578092
2026-04-21 16:00:00,86.06,86.29,85.65,85.68,28823.757056
2026-04-21 17:00:00,85.69,85.82,84.71,85.32,67163.044731
2026-04-21 18:00:00,85.32,85.42,84.75,85.24,37100.316762
2026-04-21 19:00:00,85.24,85.73,84.31,84.59,36567.241871
2026-04-21 20:00:00,84.58,85.74,84.45,85.4,46578.009176
2026-04-21 21:00:00,85.4,85.57,85.02,85.15,10084.476598
2026-04-21 22:00:00,85.15,85.44,85.0,85.37,20241.565163
2026-04-21 23:00:00,85.36,86.13,85.35,86.04,26241.834508
2026-04-22 00:00:00,86.05,86.53,86.02,86.5,36306.568512
2026-04-22 01:00:00,86.5,86.55,86.1,86.28,18545.245241
2026-04-22 02:00:00,86.29,87.56,86.21,87.42,85119.137114
2026-04-22 03:00:00,87.41,87.87,87.12,87.26,49959.060554
2026-04-22 04:00:00,87.26,87.36,86.99,87.08,20998.201469
2026-04-22 05:00:00,87.09,88.34,87.03,88.02,98080.843964
2026-04-22 06:00:00,88.02,88.19,87.8,87.96,34067.172715
2026-04-22 07:00:00,87.96,88.27,87.71,88.07,54423.412866
2026-04-22 08:00:00,88.07,88.29,87.62,88.0,34697.140673
2026-04-22 09:00:00,88.0,88.86,87.85,88.31,39481.368953
2026-04-22 10:00:00,88.31,88.41,88.13,88.34,13601.044831
2026-04-22 11:00:00,88.34,88.49,88.16,88.31,13991.752287
2026-04-22 12:00:00,88.32,88.67,88.21,88.57,22878.876058
2026-04-22 13:00:00,88.57,89.17,88.44,89.09,58936.35727
2026-04-22 14:00:00,89.1,89.31,88.49,88.74,57860.252734
2026-04-22 15:00:00,88.74,88.79,88.04,88.2,47814.886306
2026-04-22 16:00:00,88.2,88.47,87.54,87.66,47192.076206
2026-04-22 17:00:00,87.66,88.04,87.63,87.85,16404.10866
2026-04-22 18:00:00,87.85,88.41,87.79,87.81,20132.860729
2026-04-22 19:00:00,87.82,87.84,87.09,87.38,43414.873595
2026-04-22 20:00:00,87.38,87.49,87.09,87.13,16033.493093
2026-04-22 21:00:00,87.13,87.64,87.11,87.59,15019.931995
2026-04-22 22:00:00,87.58,87.71,87.27,87.41,20087.10152
2026-04-22 23:00:00,87.41,87.46,86.81,86.87,26075.474242
2026-04-23 00:00:00,86.87,87.15,85.94,86.84,67366.182515
2026-04-23 01:00:00,86.86,86.86,86.12,86.43,34665.330977
2026-04-23 02:00:00,86.44,86.45,85.72,85.94,46532.543745
2026-04-23 03:00:00,85.95,86.08,85.47,85.79,24336.825821
2026-04-23 04:00:00,85.77,85.99,85.65,85.96,24373.347605
2026-04-23 05:00:00,85.96,86.12,85.52,85.88,38575.841855
2026-04-23 06:00:00,85.89,86.23,85.84,86.18,29853.561538
2026-04-23 07:00:00,86.18,86.23,85.84,85.89,33349.518473
2026-04-23 08:00:00,85.9,85.93,85.56,85.7,35967.062255
2026-04-23 09:00:00,85.71,85.71,85.29,85.54,24805.641025
2026-04-23 10:00:00,85.53,85.61,85.2,85.42,25723.519865
2026-04-23 11:00:00,85.44,85.9,85.37,85.82,24442.932795
2026-04-23 12:00:00,85.82,86.09,85.67,85.96,25590.899023
2026-04-23 13:00:00,85.96,86.03,85.57,85.77,30356.065507
2026-04-23 14:00:00,85.76,86.18,85.55,86.06,27131.968969
2026-04-23 15:00:00,86.06,86.64,85.79,86.34,68420.133446
2026-04-23 16:00:00,86.35,86.4,85.78,85.81,20967.528692
2026-04-23 17:00:00,85.82,85.87,84.49,85.34,86404.069478
2026-04-23 18:00:00,85.33,85.66,85.21,85.25,30562.0034
2026-04-23 19:00:00,85.25,85.55,85.14,85.29,29131.037466
2026-04-23 20:00:00,85.3,85.84,85.29,85.6,13242.330105
2026-04-23 21:00:00,85.6,86.0,85.51,85.8,12548.833465
2026-04-23 22:00:00,85.81,86.25,85.81,85.97,24937.564457
2026-04-23 23:00:00,85.96,86.19,85.63,86.13,17125.222514
2026-04-24 00:00:00,86.14,86.35,86.05,86.19,14834.823775
2026-04-24 01:00:00,86.2,86.32,85.83,86.28,16622.911823
2026-04-24 02:00:00,86.27,86.35,85.78,85.9,9834.220899
2026-04-24 03:00:00,85.89,85.94,85.41,85.69,18416.211561
2026-04-24 04:00:00,85.7,85.71,85.18,85.32,25003.100147
2026-04-24 05:00:00,85.31,85.85,85.15,85.69,45604.728227
2026-04-24 06:00:00,85.72,85.74,85.32,85.43,21437.115941
2026-04-24 07:00:00,85.43,85.61,85.34,85.49,13237.184652
2026-04-24 08:00:00,85.5,85.73,85.3,85.36,21124.808814
2026-04-24 09:00:00,85.36,85.47,84.95,85.46,24353.927609
2026-04-24 10:00:00,85.47,85.76,85.2,85.7,18656.05662
2026-04-24 11:00:00,85.72,86.26,85.71,86.18,39512.326064
2026-04-24 12:00:00,86.18,86.79,86.06,86.34,51955.137163
2026-04-24 13:00:00,86.34,86.62,85.86,86.09,26052.045574
2026-04-24 14:00:00,86.08,86.22,85.68,86.05,23921.738679
2026-04-24 15:00:00,86.04,86.56,85.55,86.52,27586.116881
2026-04-24 16:00:00,86.52,86.58,86.1,86.34,17267.835007
2026-04-24 17:00:00,86.33,86.57,86.12,86.48,22480.395464
2026-04-24 18:00:00,86.49,86.54,85.97,86.37,10258.268522
2026-04-24 19:00:00,86.38,86.53,86.26,86.32,8600.554619
2026-04-24 20:00:00,86.32,86.92,86.23,86.87,26406.349582
2026-04-24 21:00:00,86.87,86.94,86.37,86.44,17063.284879
2026-04-24 22:00:00,86.44,86.44,86.08,86.18,14405.883095
2026-04-24 23:00:00,86.18,86.29,86.1,86.18,8440.419567
2026-04-25 00:00:00,86.17,86.25,86.03,86.23,7232.343708
2026-04-25 01:00:00,86.24,86.35,86.13,86.27,6722.088908
2026-04-25 02:00:00,86.28,86.39,86.16,86.27,4340.711683
2026-04-25 03:00:00,86.29,86.5,86.27,86.47,12420.95923
2026-04-25 04:00:00,86.47,86.51,86.29,86.34,7969.166953
2026-04-25 05:00:00,86.33,86.33,86.14,86.21,3666.582412
2026-04-25 06:00:00,86.22,86.66,86.22,86.44,21721.434404
2026-04-25 07:00:00,86.44,86.51,86.26,86.37,27005.68742
2026-04-25 08:00:00,86.36,86.81,86.3,86.62,21600.669297
2026-04-25 09:00:00,86.62,86.79,86.56,86.58,9036.700024
2026-04-25 10:00:00,86.58,86.72,86.58,86.63,7221.727557
2026-04-25 11:00:00,86.63,86.63,86.25,86.36,17101.218691
2026-04-25 12:00:00,86.36,86.43,86.23,86.38,8665.918069
2026-04-25 13:00:00,86.37,86.67,86.37,86.59,6998.618759
2026-04-25 14:00:00,86.6,86.66,86.45,86.45,7797.191956
2026-04-25 15:00:00,86.46,86.63,86.11,86.23,10506.894339
2026-04-25 16:00:00,86.22,86.33,85.62,85.88,23547.808832
2026-04-25 17:00:00,85.89,85.89,85.53,85.55,21013.549895
2026-04-25 18:00:00,85.55,85.83,85.54,85.69,37693.302074
2026-04-25 19:00:00,85.69,85.72,85.57,85.67,11026.051476
2026-04-25 20:00:00,85.68,85.92,85.61,85.9,6207.630529
2026-04-25 21:00:00,85.91,86.1,85.73,85.9,12212.852448
2026-04-25 22:00:00,85.9,86.16,85.86,86.1,3769.720712
2026-04-25 23:00:00,86.1,86.17,86.02,86.16,5377.232509
2026-04-26 00:00:00,86.17,86.2,85.94,86.03,7209.310785
2026-04-26 01:00:00,86.03,86.12,85.97,85.98,5326.713168
2026-04-26 02:00:00,85.98,86.38,85.97,86.38,13069.943358
2026-04-26 03:00:00,86.38,86.45,85.84,85.99,29603.210942
2026-04-26 04:00:00,85.99,86.72,85.93,86.44,31781.036026
2026-04-26 05:00:00,86.44,86.71,86.14,86.45,29545.805241
2026-04-26 06:00:00,86.46,86.59,86.39,86.5,5222.136978
2026-04-26 07:00:00,86.5,86.64,86.45,86.64,7675.946598
2026-04-26 08:00:00,86.64,86.77,86.52,86.58,14532.418473
2026-04-26 09:00:00,86.58,86.59,86.46,86.53,5509.702177
2026-04-26 10:00:00,86.54,86.61,86.43,86.48,3961.043418
2026-04-26 11:00:00,86.48,86.64,86.46,86.48,10719.939437
2026-04-26 12:00:00,86.49,86.5,85.9,86.09,27627.748904
2026-04-26 13:00:00,86.1,86.3,85.98,86.13,44259.426438
2026-04-26 14:00:00,86.12,86.5,86.07,86.4,13850.20637
2026-04-26 15:00:00,86.41,86.58,86.36,86.55,10294.27501
2026-04-26 16:00:00,86.56,86.59,86.39,86.43,10491.071266
2026-04-26 17:00:00,86.43,86.58,86.28,86.54,6800.800555
2026-04-26 18:00:00,86.53,86.99,86.43,86.82,23277.928173
2026-04-26 19:00:00,86.82,87.26,86.69,86.88,22493.830665
2026-04-26 20:00:00,86.88,86.93,86.6,86.7,14461.99696
2026-04-26 21:00:00,86.71,87.14,86.18,86.84,39174.295917
2026-04-26 22:00:00,86.82,87.33,86.33,86.72,30261.994196
2026-04-26 23:00:00,86.72,87.17,86.53,86.93,13204.010372
2026-04-27 00:00:00,86.93,87.4,86.56,87.34,42521.359124
2026-04-27 01:00:00,87.35,87.88,87.26,87.82,46485.565001
2026-04-27 02:00:00,87.82,88.1,87.37,87.82,34088.629002
2026-04-27 03:00:00,87.81,88.07,87.68,87.73,13514.05699
2026-04-27 04:00:00,87.73,87.85,87.41,87.53,12226.79705
2026-04-27 05:00:00,87.54,87.55,85.8,85.96,83389.465102
2026-04-27 06:00:00,85.95,86.04,85.42,85.73,34631.010729
2026-04-27 07:00:00,85.73,85.79,85.25,85.26,38301.500948
2026-04-27 08:00:00,85.26,85.55,85.04,85.5,32387.491444
2026-04-27 09:00:00,85.52,85.63,85.17,85.47,43558.685536
2026-04-27 10:00:00,85.47,85.57,85.15,85.18,39592.960797
2026-04-27 11:00:00,85.18,85.27,85.06,85.26,12696.252063
2026-04-27 12:00:00,85.26,85.26,84.92,85.1,33761.749181
2026-04-27 13:00:00,85.1,85.38,84.72,85.14,31729.863523
2026-04-27 14:00:00,85.13,85.83,84.99,85.22,38055.002742
2026-04-27 15:00:00,85.22,85.26,83.63,84.17,90604.933731
2026-04-27 16:00:00,84.17,84.39,84.04,84.28,18920.701514
2026-04-27 17:00:00,84.29,84.7,84.27,84.47,26987.843569
2026-04-27 18:00:00,84.46,84.68,84.41,84.58,6991.930963
2026-04-27 19:00:00,84.57,84.65,83.84,84.19,25136.634458
2026-04-27 20:00:00,84.19,84.35,84.16,84.29,11195.029672
2026-04-27 21:00:00,84.28,84.5,84.12,84.27,14136.834713
2026-04-27 22:00:00,84.27,84.64,84.2,84.54,10226.132213
2026-04-27 23:00:00,84.53,84.91,84.47,84.82,15986.841542
2026-04-28 00:00:00,84.83,84.94,84.43,84.83,18362.817457
2026-04-28 01:00:00,84.83,84.88,84.4,84.41,13060.969485
2026-04-28 02:00:00,84.41,84.65,83.92,84.18,24432.812441
2026-04-28 03:00:00,84.18,84.2,84.02,84.18,10529.473752
2026-04-28 04:00:00,84.19,84.42,83.83,84.07,36198.959307
2026-04-28 05:00:00,84.07,84.45,84.04,84.21,41314.677806
2026-04-28 06:00:00,84.21,84.32,83.69,83.95,21149.784657
2026-04-28 07:00:00,83.96,84.07,83.65,84.03,16079.934209
2026-04-28 08:00:00,84.03,84.2,83.77,83.95,13937.982631
2026-04-28 09:00:00,83.95,83.98,83.42,83.64,15685.686406
2026-04-28 10:00:00,83.65,83.82,83.63,83.8,7004.701775
2026-04-28 11:00:00,83.8,83.85,83.29,83.42,21202.019856
2026-04-28 12:00:00,83.43,83.74,83.26,83.69,22353.720425
2026-04-28 13:00:00,83.69,84.0,83.17,83.54,27885.421421
2026-04-28 14:00:00,83.54,83.54,82.99,83.42,45196.509626
2026-04-28 15:00:00,83.41,83.51,83.22,83.48,18584.346604
2026-04-28 16:00:00,83.48,83.75,83.33,83.59,28277.702636
2026-04-28 17:00:00,83.6,83.82,83.38,83.62,12463.310431
2026-04-28 18:00:00,83.63,83.84,83.6,83.82,10876.85697
2026-04-28 19:00:00,83.81,84.05,83.71,83.9,10533.266915
2026-04-28 20:00:00,83.9,84.0,83.77,83.79,9206.564769
2026-04-28 21:00:00,83.78,83.96,83.63,83.72,16166.711101
2026-04-28 22:00:00,83.74,83.96,83.57,83.72,24464.075307
2026-04-28 23:00:00,83.72,84.16,83.63,84.07,41841.417268
2026-04-29 00:00:00,84.07,84.2,83.81,84.06,29816.838052
2026-04-29 01:00:00,84.06,84.2,83.8,84.08,11626.053951
2026-04-29 02:00:00,84.1,84.23,83.94,84.05,10295.083594
2026-04-29 03:00:00,84.05,84.73,84.05,84.58,28911.28
2026-04-29 04:00:00,84.59,85.06,84.43,84.96,30510.03337
2026-04-29 05:00:00,84.97,85.02,84.7,84.84,29765.994173
2026-04-29 06:00:00,84.85,85.0,84.54,84.62,21065.463333
2026-04-29 07:00:00,84.63,84.86,84.6,84.71,10125.031212
2026-04-29 08:00:00,84.71,84.76,84.36,84.51,12949.372549
2026-04-29 09:00:00,84.52,85.58,84.48,85.29,54983.146706
2026-04-29 10:00:00,85.31,85.54,85.14,85.16,42297.977063
2026-04-29 11:00:00,85.15,85.18,84.81,84.91,18608.135692
2026-04-29 12:00:00,84.92,84.92,83.94,84.26,53107.280899
2026-04-29 13:00:00,84.25,84.29,83.65,83.99,39078.378032
2026-04-29 14:00:00,84.0,84.05,83.67,83.85,27127.024188
2026-04-29 15:00:00,83.85,83.92,82.99,83.26,67391.597787
2026-04-29 16:00:00,83.25,83.63,82.95,83.11,49825.274482
2026-04-29 17:00:00,83.12,83.37,82.73,83.36,32915.856001
2026-04-29 18:00:00,83.36,83.44,81.41,82.29,123376.086534
2026-04-29 19:00:00,82.29,82.4,81.99,82.2,42731.547757
2026-04-29 20:00:00,82.21,82.8,82.17,82.63,23683.725136
2026-04-29 21:00:00,82.63,83.22,82.53,82.91,20932.362201
2026-04-29 22:00:00,82.9,83.15,82.8,83.06,20842.23463
2026-04-29 23:00:00,83.06,83.11,82.83,83.05,10583.113263
2026-04-30 00:00:00,83.06,84.02,83.06,83.8,49205.410444
2026-04-30 01:00:00,83.81,84.01,83.67,83.75,18748.11239
2026-04-30 02:00:00,83.76,83.97,82.69,82.98,28616.626778
2026-04-30 03:00:00,82.98,83.23,82.87,83.05,8845.901762
2026-04-30 04:00:00,83.05,83.09,82.38,82.4,21571.195335
2026-04-30 05:00:00,82.4,82.99,82.17,82.58,35049.453306
2026-04-30 06:00:00,82.57,83.06,82.54,82.94,17949.824597
2026-04-30 07:00:00,82.94,83.4,82.89,83.35,24451.466052
2026-04-30 08:00:00,83.35,83.43,83.12,83.12,13668.734966
2026-04-30 09:00:00,83.12,83.56,83.07,83.15,17168.874494
2026-04-30 10:00:00,83.16,83.22,82.91,83.0,12085.633983
2026-04-30 11:00:00,83.01,83.38,82.8,83.01,18036.475691
2026-04-30 12:00:00,83.01,83.47,83.0,83.21,12595.868515
2026-04-30 13:00:00,83.21,83.56,82.88,83.2,21170.584276
2026-04-30 14:00:00,83.2,83.43,82.7,83.24,35160.330998
2026-04-30 15:00:00,83.24,83.84,83.02,83.36,30592.24983
2026-04-30 16:00:00,83.36,83.45,82.94,83.03,13512.959393
2026-04-30 17:00:00,83.03,83.15,82.87,83.04,16982.913275
2026-04-30 18:00:00,83.04,83.3,83.0,83.07,8525.219283
2026-04-30 19:00:00,83.06,83.29,83.01,83.04,13664.391457
2026-04-30 20:00:00,83.03,83.2,82.98,83.1,7750.421442
2026-04-30 21:00:00,83.11,83.16,82.86,82.89,6912.807961
2026-04-30 22:00:00,82.89,83.05,82.8,82.87,10169.30849
2026-04-30 23:00:00,82.88,83.1,82.86,83.09,4649.762095
2026-05-01 00:00:00,83.09,83.42,83.08,83.21,11563.324893
2026-05-01 01:00:00,83.21,83.68,83.19,83.62,17360.933419
2026-05-01 02:00:00,83.62,83.86,83.47,83.63,21814.320078
2026-05-01 03:00:00,83.63,84.39,83.57,83.9,31715.417101
2026-05-01 04:00:00,83.91,84.07,83.7,83.82,15925.879517
2026-05-01 05:00:00,83.82,84.25,83.76,84.06,18828.241079
2026-05-01 06:00:00,84.07,84.2,83.71,83.86,11392.347967
2026-05-01 07:00:00,83.87,84.0,83.68,83.97,48017.165803
2026-05-01 08:00:00,83.97,84.3,83.9,84.19,20625.361752
2026-05-01 09:00:00,84.19,84.19,83.93,83.97,11669.329522
2026-05-01 10:00:00,83.97,84.09,83.74,83.95,14507.361803
2026-05-01 11:00:00,83.96,84.22,83.88,84.03,5715.184574
2026-05-01 12:00:00,84.03,84.59,83.93,84.27,27186.820082
2026-05-01 13:00:00,84.28,84.86,84.25,84.6,42605.516552
2026-05-01 14:00:00,84.61,84.74,83.87,84.2,31188.994738
2026-05-01 15:00:00,84.21,84.62,84.01,84.46,32433.228677
2026-05-01 16:00:00,84.46,84.63,83.99,84.01,27159.309271
2026-05-01 17:00:00,84.01,84.27,83.92,84.23,16749.116846
2026-05-01 18:00:00,84.23,84.31,83.97,83.98,16390.223823
2026-05-01 19:00:00,83.98,84.06,83.78,83.88,12156.152182
2026-05-01 20:00:00,83.89,83.93,83.33,83.48,27581.683135
2026-05-01 21:00:00,83.48,83.81,83.43,83.71,13893.539289
2026-05-01 22:00:00,83.72,83.89,83.58,83.75,14400.648836
2026-05-01 23:00:00,83.75,83.89,83.56,83.75,29345.598815
2026-05-02 00:00:00,83.76,83.86,83.43,83.82,27610.785697
2026-05-02 01:00:00,83.83,84.05,83.76,84.03,16843.737547
2026-05-02 02:00:00,84.04,84.2,83.86,83.92,35082.021219
2026-05-02 03:00:00,83.93,83.96,83.71,83.8,17207.551898
2026-05-02 04:00:00,83.81,83.82,83.56,83.62,12934.920806
2026-05-02 05:00:00,83.63,83.74,83.53,83.68,16169.173847
2026-05-02 06:00:00,83.69,83.85,83.56,83.82,20181.331312
2026-05-02 07:00:00,83.82,83.85,83.7,83.7,8714.37306
2026-05-02 08:00:00,83.71,83.87,83.62,83.82,8233.197283
2026-05-02 09:00:00,83.83,84.15,83.81,83.99,13797.420959
2026-05-02 10:00:00,84.0,84.01,83.87,83.94,7517.495278
2026-05-02 11:00:00,83.93,83.93,83.52,83.7,29122.469434
2026-05-02 12:00:00,83.71,84.1,83.68,83.86,47006.030128
2026-05-02 13:00:00,83.86,84.07,83.86,83.93,7503.413998
2026-05-02 14:00:00,83.94,84.09,83.9,83.98,11077.043182
2026-05-02 15:00:00,83.98,84.07,83.93,84.05,11376.266604
2026-05-02 16:00:00,84.06,84.27,84.03,84.2,19295.427445
2026-05-02 17:00:00,84.2,84.21,84.0,84.04,3624.970419
2026-05-02 18:00:00,84.05,84.21,83.95,84.17,4993.977426
2026-05-02 19:00:00,84.18,84.31,84.17,84.23,3314.955873
2026-05-02 20:00:00,84.23,84.23,84.09,84.19,1964.46163
2026-05-02 21:00:00,84.19,84.98,84.15,84.55,40228.522313
2026-05-02 22:00:00,84.56,84.64,84.05,84.47,28172.858273
2026-05-02 23:00:00,84.47,84.52,84.23,84.28,23391.001261
2026-05-03 00:00:00,84.28,84.32,83.83,84.09,36706.455678
2026-05-03 01:00:00,84.09,84.1,83.74,83.76,10067.449771
2026-05-03 02:00:00,83.74,83.83,83.61,83.69,9534.388266
2026-05-03 03:00:00,83.69,83.74,83.59,83.67,6685.406126
2026-05-03 04:00:00,83.67,83.75,83.58,83.71,6356.121781
2026-05-03 05:00:00,83.71,83.85,83.68,83.76,10981.742411
2026-05-03 06:00:00,83.75,83.88,83.6,83.75,6113.437736
2026-05-03 07:00:00,83.75,84.02,83.74,83.88,10604.514821
2026-05-03 08:00:00,83.88,84.02,83.83,83.9,11153.315673
2026-05-03 09:00:00,83.91,84.12,83.88,84.04,13637.16915
2026-05-03 10:00:00,84.05,84.05,83.81,83.82,4715.786938
2026-05-03 11:00:00,83.81,84.2,83.74,83.95,13432.894042
2026-05-03 12:00:00,83.96,84.24,83.96,84.1,6930.083863
2026-05-03 13:00:00,84.11,84.22,84.0,84.09,9018.864973
2026-05-03 14:00:00,84.1,84.44,84.09,84.36,11133.041698
2026-05-03 15:00:00,84.36,84.43,84.11,84.14,11672.278463
2026-05-03 16:00:00,84.15,84.29,84.0,84.14,9919.663359
2026-05-03 17:00:00,84.14,84.33,83.99,84.2,8184.58322
2026-05-03 18:00:00,84.2,84.32,84.11,84.27,3684.738279
2026-05-03 19:00:00,84.27,84.49,84.25,84.37,5741.646026
2026-05-03 20:00:00,84.37,84.74,84.26,84.34,13463.93267
2026-05-03 21:00:00,84.35,84.44,83.88,84.12,36255.455725
2026-05-03 22:00:00,84.14,84.96,84.14,84.69,40384.500418
2026-05-03 23:00:00,84.68,84.78,83.88,83.92,23320.311094
2026-05-04 00:00:00,83.92,83.92,83.36,83.79,31428.968488
2026-05-04 01:00:00,83.8,84.92,83.44,84.76,76419.682518
2026-05-04 02:00:00,84.77,85.65,84.71,85.24,134778.774496
2026-05-04 03:00:00,85.25,85.59,85.12,85.41,77543.338306
2026-05-04 04:00:00,85.42,85.9,85.38,85.75,47815.180376
2026-05-04 05:00:00,85.76,85.8,85.34,85.37,30587.898189
2026-05-04 06:00:00,85.38,85.41,84.52,84.87,66530.028903
2026-05-04 07:00:00,84.88,85.02,84.68,84.88,12413.160165
2026-05-04 08:00:00,84.88,84.9,84.63,84.77,14823.409153
2026-05-04 09:00:00,84.77,85.19,84.69,85.04,13929.138629
2026-05-04 10:00:00,85.04,85.07,83.26,84.04,122499.653355
2026-05-04 11:00:00,84.05,84.14,83.83,83.96,16966.596749
2026-05-04 12:00:00,83.96,84.17,83.85,83.89,14659.134638
2026-05-04 13:00:00,83.89,84.33,83.6,84.01,30432.707446
2026-05-04 14:00:00,84.01,85.32,83.78,84.98,71221.973424
2026-05-04 15:00:00,84.99,85.18,83.97,84.48,77091.762282
2026-05-04 16:00:00,84.48,84.8,84.0,84.49,41504.832103
2026-05-04 17:00:00,84.5,85.2,84.49,84.95,24782.850187
2026-05-04 18:00:00,84.95,85.04,84.59,84.76,28095.274658
2026-05-04 19:00:00,84.76,84.77,84.38,84.45,9191.695903
2026-05-04 20:00:00,84.46,84.46,84.06,84.08,9344.024767
2026-05-04 21:00:00,84.09,84.5,84.08,84.42,10302.437718
2026-05-04 22:00:00,84.41,84.54,84.18,84.2,9143.413326
2026-05-04 23:00:00,84.21,84.22,84.02,84.09,8220.172621
2026-05-05 00:00:00,84.1,84.36,84.03,84.33,13141.00102
2026-05-05 01:00:00,84.33,84.48,84.16,84.42,20233.570988
2026-05-05 02:00:00,84.42,84.8,84.35,84.51,18845.917328
2026-05-05 03:00:00,84.52,84.97,84.41,84.78,28143.504973
2026-05-05 04:00:00,84.77,84.92,84.58,84.77,32886.456174
2026-05-05 05:00:00,84.77,85.14,84.71,84.92,44460.4224
2026-05-05 06:00:00,84.92,85.0,84.55,85.0,38877.297758
2026-05-05 07:00:00,85.0,85.07,84.79,84.88,33156.694565
2026-05-05 08:00:00,84.87,84.9,84.7,84.79,12375.392012
2026-05-05 09:00:00,84.79,84.8,84.46,84.54,34915.466256
2026-05-05 10:00:00,84.55,84.94,84.44,84.91,15529.602063
2026-05-05 11:00:00,84.9,85.0,84.7,84.97,18328.59496
2026-05-05 12:00:00,84.98,85.37,84.91,85.31,29049.769285
2026-05-05 13:00:00,85.31,86.08,85.31,85.61,88798.966884
2026-05-05 14:00:00,85.62,85.75,85.18,85.49,54050.483667
2026-05-05 15:00:00,85.49,85.89,85.35,85.51,33233.884147
2026-05-05 16:00:00,85.51,85.69,85.03,85.32,36921.528576
2026-05-05 17:00:00,85.33,85.52,85.12,85.47,12989.618547
2026-05-05 18:00:00,85.47,85.89,85.43,85.88,22927.840059
2026-05-05 19:00:00,85.88,86.57,85.82,86.5,47433.623131
2026-05-05 20:00:00,86.49,86.92,86.41,86.64,40675.778069
2026-05-05 21:00:00,86.65,86.94,86.27,86.73,36397.132185
2026-05-05 22:00:00,86.73,86.98,86.2,86.57,44926.186407
2026-05-05 23:00:00,86.57,86.67,86.17,86.31,32645.229214
2026-05-06 00:00:00,86.29,86.54,86.1,86.37,32745.261463
2026-05-06 01:00:00,86.38,87.02,86.32,86.85,23973.613194
2026-05-06 02:00:00,86.86,86.92,86.39,86.88,23716.19546
2026-05-06 03:00:00,86.89,87.46,86.88,87.32,50134.008216
2026-05-06 04:00:00,87.32,87.42,86.67,86.8,31838.890349
2026-05-06 05:00:00,86.8,87.5,86.76,87.39,44233.751919
2026-05-06 06:00:00,87.41,87.56,87.17,87.49,24120.585969
2026-05-06 07:00:00,87.5,87.9,87.46,87.69,43324.844575
2026-05-06 08:00:00,87.7,89.21,87.64,89.02,99281.925337
2026-05-06 09:00:00,89.03,89.56,88.6,89.48,72341.038333
2026-05-06 10:00:00,89.49,89.7,89.21,89.38,47667.763777
2026-05-06 11:00:00,89.37,90.08,89.32,89.87,51585.473259
2026-05-06 12:00:00,89.87,89.96,89.46,89.66,46362.373838
2026-05-06 13:00:00,89.65,89.65,88.05,88.33,119791.692403
2026-05-06 14:00:00,88.32,88.84,87.46,88.4,81512.220582
2026-05-06 15:00:00,88.4,89.06,88.31,88.97,33666.513741
2026-05-06 16:00:00,88.97,89.53,88.6,89.18,40631.349223
2026-05-06 17:00:00,89.18,89.43,88.58,88.83,53794.948997
2026-05-06 18:00:00,88.84,89.14,88.49,88.98,26625.61714
2026-05-06 19:00:00,88.97,89.33,88.89,89.27,15093.49296
2026-05-06 20:00:00,89.27,89.62,88.92,89.19,32760.581752
2026-05-06 21:00:00,89.2,89.59,89.08,89.48,55986.961585
2026-05-06 22:00:00,89.49,89.56,89.03,89.07,15378.869145
2026-05-06 23:00:00,89.08,89.18,88.67,89.16,18361.75929
2026-05-07 00:00:00,89.16,89.25,88.21,88.33,40472.875714
2026-05-07 01:00:00,88.34,88.51,87.88,88.31,44236.338776
2026-05-07 02:00:00,88.31,88.36,87.81,88.14,40084.517042
2026-05-07 03:00:00,88.14,88.14,87.64,87.75,53329.705239
2026-05-07 04:00:00,87.76,88.37,87.7,88.36,52555.870902
2026-05-07 05:00:00,88.37,88.89,88.34,88.66,87330.612746
2026-05-07 06:00:00,88.66,89.29,88.22,89.27,64614.91506
2026-05-07 07:00:00,89.27,90.42,89.13,90.15,100665.84353
2026-05-07 08:00:00,90.15,90.27,89.5,89.6,70333.639493
2026-05-07 09:00:00,89.6,89.6,89.18,89.45,53269.653716
2026-05-07 10:00:00,89.45,89.53,88.73,89.17,59037.436729
2026-05-07 11:00:00,89.17,89.68,89.17,89.57,68066.61894
2026-05-07 12:00:00,89.56,90.1,89.53,89.77,36387.777734
2026-05-07 13:00:00,89.76,89.76,88.4,88.67,69840.112909
2026-05-07 14:00:00,88.67,88.91,87.85,88.16,65504.359826
2026-05-07 15:00:00,88.16,88.58,87.8,88.32,42308.495492
2026-05-07 16:00:00,88.31,88.79,88.1,88.46,45985.674156
2026-05-07 17:00:00,88.47,88.86,87.97,88.8,36346.288766
2026-05-07 18:00:00,88.82,89.05,88.25,88.59,34730.5565
2026-05-07 19:00:00,88.59,88.74,88.22,88.44,22971.918906
2026-05-07 20:00:00,88.46,88.86,88.05,88.05,27453.257803
2026-05-07 21:00:00,88.07,88.22,87.67,87.98,31900.443879
2026-05-07 22:00:00,87.97,88.23,87.7,88.1,27807.72919
2026-05-07 23:00:00,88.1,88.49,88.07,88.43,11177.061954
2026-05-08 00:00:00,88.44,88.65,88.12,88.27,21757.898787
2026-05-08 01:00:00,88.28,88.37,87.93,88.15,16413.2666
2026-05-08 02:00:00,88.15,88.35,87.59,88.07,26362.406663
2026-05-08 03:00:00,88.08,88.37,87.63,88.23,31467.091541
2026-05-08 04:00:00,88.23,88.37,88.03,88.18,12416.490543
2026-05-08 05:00:00,88.18,88.44,88.04,88.04,13371.323119
2026-05-08 06:00:00,88.04,88.28,87.83,88.05,39503.23462
2026-05-08 07:00:00,88.05,88.24,87.66,88.23,53605.815566
2026-05-08 08:00:00,88.24,88.62,88.02,88.36,53848.520255
2026-05-08 09:00:00,88.37,88.71,88.23,88.41,20327.863575
2026-05-08 10:00:00,88.42,88.77,88.28,88.63,21708.983876
2026-05-08 11:00:00,88.63,88.72,88.48,88.64,21486.786498
2026-05-08 12:00:00,88.65,88.87,88.37,88.46,22272.514595
2026-05-08 13:00:00,88.46,88.56,88.01,88.32,57631.790205
2026-05-08 14:00:00,88.32,89.38,88.32,89.13,97934.38747
2026-05-08 15:00:00,89.14,89.6,88.43,89.59,64642.147518
2026-05-08 16:00:00,89.6,89.78,89.34,89.6,35673.754395
2026-05-08 17:00:00,89.6,91.97,89.56,91.66,181773.378189
2026-05-08 18:00:00,91.67,92.57,91.65,92.32,92646.741822
2026-05-08 19:00:00,92.32,92.8,92.05,92.59,79550.729761
2026-05-08 20:00:00,92.6,92.66,92.03,92.11,38499.301454
2026-05-08 21:00:00,92.12,92.39,91.75,92.32,33249.530696
2026-05-08 22:00:00,92.32,92.7,92.26,92.3,20186.445839
2026-05-08 23:00:00,92.31,92.31,91.75,92.02,29501.617672
2026-05-09 00:00:00,92.02,92.62,91.85,92.47,24192.60874
2026-05-09 01:00:00,92.47,93.83,92.43,93.5,87162.895531
2026-05-09 02:00:00,93.5,93.79,93.27,93.49,38097.856719
2026-05-09 03:00:00,93.5,93.76,93.4,93.63,25986.168541
2026-05-09 04:00:00,93.63,94.17,93.1,93.23,52532.486055
2026-05-09 05:00:00,93.23,93.77,92.83,93.72,46007.63664
2026-05-09 06:00:00,93.74,94.11,93.2,93.51,45840.606888
2026-05-09 07:00:00,93.52,94.0,93.34,93.74,43538.729024
2026-05-09 08:00:00,93.74,93.94,93.66,93.7,16918.930456
2026-05-09 09:00:00,93.7,93.7,93.05,93.28,28487.492788
2026-05-09 10:00:00,93.28,93.59,93.11,93.39,12321.065708
2026-05-09 11:00:00,93.38,93.67,93.32,93.61,12866.682426
2026-05-09 12:00:00,93.61,93.74,93.24,93.45,17330.524153
2026-05-09 13:00:00,93.44,93.46,93.01,93.45,20106.98567
2026-05-09 14:00:00,93.45,93.45,92.77,92.87,24103.039238
2026-05-09 15:00:00,92.88,92.99,92.4,92.99,23392.879439
2026-05-09 16:00:00,93.0,93.3,92.69,92.77,36714.557323
2026-05-09 17:00:00,92.77,93.49,92.77,93.22,20997.738455
2026-05-09 18:00:00,93.23,93.64,93.16,93.38,10997.464717
2026-05-09 19:00:00,93.38,93.59,93.23,93.51,16601.195823
2026-05-09 20:00:00,93.52,93.53,93.15,93.27,5923.192438
2026-05-09 21:00:00,93.27,93.55,93.25,93.48,7497.628752
2026-05-09 22:00:00,93.49,93.51,93.22,93.33,6940.366211
2026-05-09 23:00:00,93.34,93.49,93.04,93.13,5759.37616
2026-05-10 00:00:00,93.13,93.35,92.93,93.02,10965.270131
2026-05-10 01:00:00,93.03,93.03,92.61,92.97,24819.163038
2026-05-10 02:00:00,92.98,93.11,92.81,93.03,32415.593514
2026-05-10 03:00:00,93.04,93.49,93.02,93.41,18951.212259
2026-05-10 04:00:00,93.41,93.6,93.23,93.35,20721.720306
2026-05-10 05:00:00,93.35,93.5,93.25,93.33,5406.526457
2026-05-10 06:00:00,93.34,93.46,93.24,93.4,12236.955058
2026-05-10 07:00:00,93.41,93.64,93.37,93.45,7956.640424
2026-05-10 08:00:00,93.45,94.07,93.42,94.05,21243.940625
2026-05-10 09:00:00,94.06,94.84,94.05,94.29,56246.770545
2026-05-10 10:00:00,94.3,94.37,93.57,93.86,43072.828238
2026-05-10 11:00:00,93.86,94.01,92.92,93.56,37269.04595
2026-05-10 12:00:00,93.55,93.69,93.2,93.32,15788.978801
2026-05-10 13:00:00,93.31,93.96,93.24,93.77,27265.794921
2026-05-10 14:00:00,93.78,94.13,93.69,93.89,17338.034841
2026-05-10 15:00:00,93.89,94.74,93.89,94.54,48274.944258
2026-05-10 16:00:00,94.54,94.98,94.17,94.81,46575.116246
2026-05-10 17:00:00,94.82,96.51,94.82,96.49,76870.132742
2026-05-10 18:00:00,96.5,96.89,96.13,96.44,46662.116202
2026-05-10 19:00:00,96.43,96.88,95.75,96.48,32579.419021
2026-05-10 20:00:00,96.48,96.61,93.41,94.53,88427.201756
2026-05-10 21:00:00,94.51,95.58,94.47,95.07,47800.708936
2026-05-10 22:00:00,95.05,96.36,94.87,96.21,49619.636278
2026-05-10 23:00:00,96.24,96.88,95.97,96.45,55376.696938
2026-05-11 00:00:00,96.46,96.66,95.34,95.79,75412.622521
2026-05-11 01:00:00,95.79,96.4,95.33,96.06,35997.81037
2026-05-11 02:00:00,96.07,96.14,95.19,95.31,27195.339066
2026-05-11 03:00:00,95.32,95.36,94.46,94.77,44682.502273
2026-05-11 04:00:00,94.78,95.2,94.44,94.96,14849.094755
2026-05-11 05:00:00,94.97,95.87,94.94,95.7,18048.035439
2026-05-11 06:00:00,95.7,96.17,95.43,95.49,18388.278397
2026-05-11 07:00:00,95.49,95.57,95.17,95.34,18342.499801
2026-05-11 08:00:00,95.34,95.37,94.58,94.77,44527.278695
2026-05-11 09:00:00,94.77,95.35,94.74,95.29,17877.382391
2026-05-11 10:00:00,95.29,95.59,95.05,95.07,28717.482431
2026-05-11 11:00:00,95.07,95.5,94.92,95.25,12317.08174
2026-05-11 12:00:00,95.26,95.38,94.68,94.79,28981.208117
2026-05-11 13:00:00,94.8,95.48,94.57,95.23,36782.809735
2026-05-11 14:00:00,95.24,95.88,94.31,95.17,63671.286023
2026-05-11 15:00:00,95.19,96.8,94.89,96.79,68122.146899
2026-05-11 16:00:00,96.8,97.98,96.49,97.32,88021.167231
2026-05-11 17:00:00,97.33,97.94,96.89,97.76,29069.669936
2026-05-11 18:00:00,97.77,98.07,97.25,97.28,48587.876855
2026-05-11 19:00:00,97.29,98.38,97.03,98.18,52763.486856
2026-05-11 20:00:00,98.2,98.38,97.6,97.64,27075.810205
2026-05-11 21:00:00,97.63,97.81,97.32,97.4,22364.925525
2026-05-11 22:00:00,97.39,97.83,97.36,97.64,11255.056911
2026-05-11 23:00:00,97.64,97.64,97.09,97.36,16386.299482
2026-05-12 00:00:00,97.37,97.66,97.18,97.51,13221.291794
2026-05-12 01:00:00,97.52,97.65,95.54,96.29,53686.070155
2026-05-12 02:00:00,96.28,96.71,96.16,96.56,22134.801836
2026-05-12 03:00:00,96.57,96.65,96.05,96.14,14292.042967
2026-05-12 04:00:00,96.15,96.5,96.08,96.36,8732.281331
2026-05-12 05:00:00,96.36,96.76,96.24,96.57,12198.040744
2026-05-12 06:00:00,96.57,96.99,96.16,96.2,11623.305941
2026-05-12 07:00:00,96.19,96.31,95.82,96.04,21572.16101
2026-05-12 08:00:00,96.05,96.19,95.39,95.66,56093.28945
2026-05-12 09:00:00,95.65,96.06,95.33,95.79,29728.275078
2026-05-12 10:00:00,95.79,95.98,94.95,95.01,27201.481711
2026-05-12 11:00:00,95.02,95.06,94.61,94.98,18789.020734
2026-05-12 12:00:00,94.98,95.57,94.39,95.22,48561.376472
2026-05-12 13:00:00,95.23,95.39,94.55,94.69,25766.200528
2026-05-12 14:00:00,94.71,95.23,94.41,94.56,34109.561922
2026-05-12 15:00:00,94.56,94.79,93.62,93.87,74230.447586
2026-05-12 16:00:00,93.87,94.31,93.61,93.84,33612.849673
2026-05-12 17:00:00,93.84,94.67,93.82,94.52,22669.014689
2026-05-12 18:00:00,94.53,94.8,94.36,94.56,14913.29534
2026-05-12 19:00:00,94.56,94.98,94.56,94.93,11739.069081
2026-05-12 20:00:00,94.92,94.98,94.63,94.75,19559.634631
2026-05-12 21:00:00,94.76,94.87,94.54,94.69,12979.995877
2026-05-12 22:00:00,94.69,95.05,94.64,94.68,6953.030673
2026-05-12 23:00:00,94.67,94.76,94.25,94.29,8180.072899
2026-05-13 00:00:00,94.29,94.63,94.06,94.49,12172.629131
2026-05-13 01:00:00,94.49,95.44,94.48,95.19,22585.563363
2026-05-13 02:00:00,95.2,95.58,95.03,95.24,10104.310009
2026-05-13 03:00:00,95.24,95.57,95.08,95.56,12669.878183
2026-05-13 04:00:00,95.57,95.99,95.44,95.49,18263.370886
2026-05-13 05:00:00,95.49,95.51,95.08,95.25,37573.246155
2026-05-13 06:00:00,95.26,95.76,95.11,95.12,49265.38025
2026-05-13 07:00:00,95.12,95.3,94.89,95.13,13719.006137
2026-05-13 08:00:00,95.14,95.76,95.0,95.56,18559.702573
2026-05-13 09:00:00,95.56,95.87,95.56,95.72,17279.555043
2026-05-13 10:00:00,95.72,95.76,94.74,94.79,20834.600917
2026-05-13 11:00:00,94.8,94.83,94.25,94.34,51079.321161
2026-05-13 12:00:00,94.34,94.64,92.26,93.18,140668.410087
2026-05-13 13:00:00,93.18,93.45,91.96,92.29,72413.477645
2026-05-13 14:00:00,92.29,92.34,91.44,91.78,100121.414374
2026-05-13 15:00:00,91.77,91.95,90.29,90.45,74770.19949
2026-05-13 16:00:00,90.45,91.27,90.42,90.89,53128.017686
2026-05-13 17:00:00,90.89,91.15,90.72,90.9,36697.68116
2026-05-13 18:00:00,90.9,91.42,90.77,90.94,26346.056877
2026-05-13 19:00:00,90.93,91.02,90.49,90.95,18350.738376
2026-05-13 20:00:00,90.96,91.35,90.93,91.23,19522.322897
2026-05-13 21:00:00,91.25,91.28,90.74,90.89,22272.306718
2026-05-13 22:00:00,90.89,91.23,90.65,91.17,12521.796069
2026-05-13 23:00:00,91.18,91.32,91.05,91.17,9599.232626
2026-05-14 00:00:00,91.16,91.42,91.08,91.21,14219.572203
2026-05-14 01:00:00,91.21,91.34,91.01,91.17,12628.791356
2026-05-14 02:00:00,91.17,91.25,90.44,90.58,19944.775832
2026-05-14 03:00:00,90.59,90.77,89.81,89.93,40048.775968
2026-05-14 04:00:00,89.94,90.62,89.87,90.48,19005.902317
2026-05-14 05:00:00,90.48,91.46,90.41,91.29,21582.508881
2026-05-14 06:00:00,91.28,91.47,91.12,91.39,36500.429106
2026-05-14 07:00:00,91.39,91.71,90.69,90.89,59456.502889
2026-05-14 08:00:00,90.89,91.29,90.68,91.06,14545.647265
2026-05-14 09:00:00,91.06,91.14,90.59,90.85,15088.649747
2026-05-14 10:00:00,90.86,91.12,90.66,91.06,11904.84313
2026-05-14 11:00:00,91.05,91.1,90.62,90.64,9300.393244
2026-05-14 12:00:00,90.63,91.28,90.54,91.21,12662.127543
2026-05-14 13:00:00,91.21,91.48,90.73,90.78,29977.284412
2026-05-14 14:00:00,90.77,92.35,90.63,92.26,63011.442357
2026-05-14 15:00:00,92.28,93.23,91.94,93.16,72678.408972
2026-05-14 16:00:00,93.18,93.67,92.34,93.32,66870.042915
2026-05-14 17:00:00,93.32,93.56,92.31,93.0,52268.445011
2026-05-14 18:00:00,93.0,93.65,92.7,93.43,28769.6716
2026-05-14 19:00:00,93.43,93.63,92.8,92.9,30412.215373
2026-05-14 20:00:00,92.9,92.99,92.37,92.72,16056.240848
2026-05-14 21:00:00,92.74,92.95,92.55,92.7,12561.130453
2026-05-14 22:00:00,92.71,92.92,92.61,92.66,10266.07519
2026-05-14 23:00:00,92.65,92.66,92.12,92.17,16465.106205
2026-05-15 00:00:00,92.17,92.66,92.11,92.43,23825.296725
2026-05-15 01:00:00,92.43,92.55,91.71,91.76,26623.598163
2026-05-15 02:00:00,91.76,92.43,91.48,92.35,52462.87726
2026-05-15 03:00:00,92.35,92.45,91.88,92.06,12515.64775
2026-05-15 04:00:00,92.06,92.06,91.22,91.28,23817.022223
2026-05-15 05:00:00,91.29,91.52,90.27,90.6,43935.710571
2026-05-15 06:00:00,90.59,91.08,90.48,91.01,37512.568927
2026-05-15 07:00:00,91.01,91.72,90.93,91.6,52387.757747
2026-05-15 08:00:00,91.61,91.69,90.97,91.26,48665.050699
2026-05-15 09:00:00,91.28,91.35,90.93,91.16,35438.974726
2026-05-15 10:00:00,91.17,91.58,91.01,91.46,16757.005263
2026-05-15 11:00:00,91.47,91.55,91.18,91.27,11194.664056
2026-05-15 12:00:00,91.26,91.26,90.57,90.68,24576.319377
2026-05-15 13:00:00,90.67,90.67,88.68,88.9,99321.721484
2026-05-15 14:00:00,88.91,89.56,88.55,89.07,61235.185685
2026-05-15 15:00:00,89.07,89.33,88.72,89.05,36730.755952
2026-05-15 16:00:00,89.05,89.72,88.82,89.53,32748.240335
2026-05-15 17:00:00,89.53,89.95,89.49,89.82,21712.189142
2026-05-15 18:00:00,89.83,90.1,89.47,89.81,19622.354274
2026-05-15 19:00:00,89.81,89.82,89.36,89.43,16479.490233
2026-05-15 20:00:00,89.44,89.53,89.1,89.29,11349.986875
2026-05-15 21:00:00,89.29,89.44,88.97,89.06,16515.375194
2026-05-15 22:00:00,89.07,89.37,89.07,89.35,4762.022953
2026-05-15 23:00:00,89.34,89.4,89.21,89.25,5247.539658
2026-05-16 00:00:00,89.25,89.44,89.15,89.23,6911.153831
2026-05-16 01:00:00,89.24,89.34,88.95,89.29,8081.201734
2026-05-16 02:00:00,89.29,89.39,88.99,89.2,10555.533355
2026-05-16 03:00:00,89.21,89.27,89.0,89.05,3656.511415
2026-05-16 04:00:00,89.05,89.1,88.17,88.87,37116.686935
2026-05-16 05:00:00,88.88,88.92,88.28,88.57,36730.2052
2026-05-16 06:00:00,88.58,88.66,87.81,88.02,26000.714666
2026-05-16 07:00:00,88.02,88.02,86.73,87.46,67588.663235
2026-05-16 08:00:00,87.46,87.63,87.38,87.49,15475.264101
2026-05-16 09:00:00,87.5,87.51,85.77,86.05,94058.375191
2026-05-16 10:00:00,86.05,86.15,85.52,86.0,32861.35889
2026-05-16 11:00:00,86.02,86.33,86.01,86.11,15357.177223
2026-05-16 12:00:00,86.11,86.44,86.01,86.25,12278.003005
2026-05-16 13:00:00,86.26,86.35,86.1,86.25,16168.493537
2026-05-16 14:00:00,86.25,86.7,86.05,86.39,20727.369943
2026-05-16 15:00:00,86.4,86.68,86.27,86.49,21621.322235
2026-05-16 16:00:00,86.49,86.78,86.3,86.63,38427.221548
2026-05-16 17:00:00,86.64,86.95,86.62,86.8,11295.49168
2026-05-16 18:00:00,86.8,86.96,86.62,86.82,8362.702082
2026-05-16 19:00:00,86.82,86.87,86.67,86.7,7341.279557
2026-05-16 20:00:00,86.7,86.9,86.67,86.67,6819.697198
2026-05-16 21:00:00,86.68,86.78,86.48,86.59,19083.912254
2026-05-16 22:00:00,86.58,86.7,86.45,86.53,4971.811973
2026-05-16 23:00:00,86.53,86.7,86.5,86.55,4269.050823
2026-05-17 00:00:00,86.55,86.73,85.97,86.13,31783.457809
2026-05-17 01:00:00,86.13,86.34,85.58,85.77,23817.290512
2026-05-17 02:00:00,85.77,86.28,85.77,86.0,42339.549576
2026-05-17 03:00:00,86.0,86.64,85.99,86.51,9918.396902
2026-05-17 04:00:00,86.52,86.97,86.48,86.86,11598.198221
2026-05-17 05:00:00,86.86,87.28,86.84,86.9,14810.679044
2026-05-17 06:00:00,86.91,87.02,86.71,86.85,17571.095618
2026-05-17 07:00:00,86.85,87.11,86.78,86.98,6104.164237
2026-05-17 08:00:00,86.98,87.03,86.59,86.84,9380.111803
2026-05-17 09:00:00,86.84,87.02,86.72,86.87,24578.600468
2026-05-17 10:00:00,86.88,87.27,86.8,87.0,28220.955349
2026-05-17 11:00:00,87.0,87.02,86.79,86.91,7476.136999
2026-05-17 12:00:00,86.91,87.02,86.73,86.78,6402.732583
2026-05-17 13:00:00,86.78,86.79,86.31,86.41,12920.848546
2026-05-17 14:00:00,86.41,86.45,85.94,86.31,16350.464502
2026-05-17 15:00:00,86.31,86.49,86.17,86.45,7450.18416
2026-05-17 16:00:00,86.45,86.68,86.12,86.3,13927.838588
2026-05-17 17:00:00,86.31,86.37,86.01,86.26,10431.25254
2026-05-17 18:00:00,86.26,86.44,86.02,86.43,6813.966124
2026-05-17 19:00:00,86.43,86.94,86.42,86.8,9435.042996
2026-05-17 20:00:00,86.8,86.9,86.58,86.7,10398.447771
2026-05-17 21:00:00,86.69,86.97,86.6,86.92,10601.659248
2026-05-17 22:00:00,86.92,86.92,86.01,86.23,19852.823277
2026-05-17 23:00:00,86.24,86.24,83.38,85.23,190949.213557
2026-05-18 00:00:00,85.23,85.34,84.4,85.34,61764.377606
2026-05-18 01:00:00,85.35,85.47,84.55,84.99,27065.642642
2026-05-18 02:00:00,85.0,85.35,84.72,84.89,22870.366973
2026-05-18 03:00:00,84.89,85.24,84.73,84.86,15304.189573
2026-05-18 04:00:00,84.86,85.32,84.59,85.27,18636.75183
2026-05-18 05:00:00,85.27,85.38,84.65,84.88,38581.120852
2026-05-18 06:00:00,84.87,84.99,84.28,84.75,54777.976296
2026-05-18 07:00:00,84.76,85.03,84.41,84.77,18909.193115
2026-05-18 08:00:00,84.77,85.02,84.62,84.9,14309.179916
2026-05-18 09:00:00,84.91,84.93,84.47,84.49,13120.387884
2026-05-18 10:00:00,84.49,84.53,84.21,84.27,20880.991709
2026-05-18 11:00:00,84.27,85.32,84.08,84.98,23531.791777
2026-05-18 12:00:00,84.99,85.79,84.99,85.56,35859.170482
2026-05-18 13:00:00,85.57,85.57,84.31,84.69,43936.486614
2026-05-18 14:00:00,84.7,84.7,83.73,83.97,57576.247522
2026-05-18 15:00:00,83.98,84.39,83.61,84.21,40738.870727
2026-05-18 16:00:00,84.21,84.52,83.99,84.33,25169.522176
2026-05-18 17:00:00,84.33,84.71,84.25,84.41,11672.278057
2026-05-18 18:00:00,84.4,84.44,83.5,83.54,26437.852745
2026-05-18 19:00:00,83.54,85.23,83.51,85.01,45036.480687
2026-05-18 20:00:00,85.01,85.42,84.85,84.93,18295.159068
2026-05-18 21:00:00,84.93,85.68,84.79,85.57,28650.508103
2026-05-18 22:00:00,85.58,85.78,85.28,85.46,14881.415271
2026-05-18 23:00:00,85.47,85.64,85.27,85.39,6576.705106
2026-05-19 00:00:00,85.39,85.97,85.34,85.58,14005.782415
2026-05-19 01:00:00,85.59,85.61,84.9,84.9,15788.304248
2026-05-19 02:00:00,84.9,85.29,84.62,84.86,11137.658922
2026-05-19 03:00:00,84.86,85.24,84.74,85.09,5230.450682
2026-05-19 04:00:00,85.09,85.32,84.79,85.15,12243.109552
2026-05-19 05:00:00,85.16,85.29,84.45,85.18,21355.226873
2026-05-19 06:00:00,85.18,85.6,85.12,85.26,30627.030465
2026-05-19 07:00:00,85.26,85.63,85.13,85.48,15704.562224
2026-05-19 08:00:00,85.49,85.59,85.05,85.24,30126.563121
2026-05-19 09:00:00,85.24,85.32,84.49,84.77,20319.325376
2026-05-19 10:00:00,84.77,84.88,84.31,84.72,13092.621086
2026-05-19 11:00:00,84.72,84.82,84.27,84.39,11359.883069
2026-05-19 12:00:00,84.39,84.79,84.3,84.78,9918.909421
2026-05-19 13:00:00,84.79,85.1,84.38,84.8,20985.258874
2026-05-19 14:00:00,84.8,84.94,83.7,84.11,33716.189854
2026-05-19 15:00:00,84.12,84.59,84.03,84.38,16797.755888
2026-05-19 16:00:00,84.38,84.9,84.15,84.84,10953.895623
2026-05-19 17:00:00,84.84,85.06,84.48,84.68,18153.135538
2026-05-19 18:00:00,84.69,84.8,84.25,84.37,11391.393709
2026-05-19 19:00:00,84.37,84.74,84.23,84.35,11104.934253
2026-05-19 20:00:00,84.36,84.58,84.31,84.52,8852.016823
2026-05-19 21:00:00,84.53,84.67,84.39,84.45,13931.202828
2026-05-19 22:00:00,84.44,84.44,84.0,84.06,10481.239893
2026-05-19 23:00:00,84.11,84.6,84.04,84.3,13116.595246
2026-05-20 00:00:00,84.29,84.41,83.92,84.23,12760.152644
2026-05-20 01:00:00,84.23,84.54,83.85,84.35,12154.755855
2026-05-20 02:00:00,84.36,84.48,83.91,84.0,23302.412532
2026-05-20 03:00:00,84.0,84.28,83.86,84.1,6693.129938
2026-05-20 04:00:00,84.11,84.22,83.88,84.22,6067.301308
2026-05-20 05:00:00,84.22,84.95,84.22,84.76,18813.341343
2026-05-20 06:00:00,84.76,85.01,84.71,84.98,12383.949795
2026-05-20 07:00:00,84.98,85.12,84.7,84.75,10947.376447
2026-05-20 08:00:00,84.76,85.17,84.72,84.98,13163.993051
2026-05-20 09:00:00,84.97,85.07,84.84,84.88,14852.656224
2026-05-20 10:00:00,84.88,85.19,84.87,84.96,9106.484604
2026-05-20 11:00:00,84.97,85.05,84.57,84.69,11559.233954
2026-05-20 12:00:00,84.69,85.33,84.61,85.11,12798.803946
2026-05-20 13:00:00,85.11,85.16,84.17,84.69,21811.220154
2026-05-20 14:00:00,84.69,86.15,84.34,85.85,69832.275963
2026-05-20 15:00:00,85.84,86.29,85.42,85.91,59000.733108
2026-05-20 16:00:00,85.92,86.83,85.54,86.48,64140.082988
2026-05-20 17:00:00,86.49,87.09,86.32,86.52,33164.581211
2026-05-20 18:00:00,86.52,86.58,85.68,85.82,27911.397488
2026-05-20 19:00:00,85.83,86.31,85.63,86.17,15129.202729
2026-05-20 20:00:00,86.18,86.24,85.56,86.17,17535.61521
2026-05-20 21:00:00,86.17,86.34,85.97,85.98,15043.915406
2026-05-20 22:00:00,85.98,86.22,85.62,86.04,22489.267527
2026-05-20 23:00:00,86.03,86.17,85.87,86.16,9852.85572
2026-05-21 00:00:00,86.17,86.83,86.1,86.64,17879.952281
2026-05-21 01:00:00,86.64,87.03,86.39,86.54,25333.572168
2026-05-21 02:00:00,86.55,86.9,86.44,86.61,13064.087772
2026-05-21 03:00:00,86.61,86.92,86.51,86.85,20697.009579
2026-05-21 04:00:00,86.85,87.24,86.77,86.99,49553.713885
2026-05-21 05:00:00,87.0,87.11,86.36,86.51,28511.558774
2026-05-21 06:00:00,86.51,86.61,86.2,86.32,30084.705052
2026-05-21 07:00:00,86.32,86.72,86.26,86.63,14301.624234
2026-05-21 08:00:00,86.63,87.2,86.63,86.86,46922.049946
2026-05-21 09:00:00,86.85,87.05,86.47,86.49,18308.865482
2026-05-21 10:00:00,86.5,86.67,85.72,85.75,35118.467815
2026-05-21 11:00:00,85.76,85.95,85.59,85.6,18024.740979
2026-05-21 12:00:00,85.6,85.86,85.44,85.76,17100.643147
2026-05-21 13:00:00,85.75,86.13,85.34,86.06,31296.058512
2026-05-21 14:00:00,86.07,86.48,85.63,86.0,44871.478172
2026-05-21 15:00:00,86.01,86.9,85.91,86.46,40043.854128
2026-05-21 16:00:00,86.46,86.6,86.05,86.27,26445.324371
2026-05-21 17:00:00,86.28,88.02,86.19,87.6,124062.043608
2026-05-21 18:00:00,87.6,87.78,86.79,87.08,32044.88709
2026-05-21 19:00:00,87.08,87.88,87.08,87.82,24638.344052
2026-05-21 20:00:00,87.84,87.92,87.5,87.56,17247.856829
2026-05-21 21:00:00,87.57,87.7,87.33,87.36,17528.717593
2026-05-21 22:00:00,87.36,87.49,87.11,87.19,7374.989699
2026-05-21 23:00:00,87.19,87.39,87.03,87.35,12390.240466
2026-05-22 00:00:00,87.36,87.36,86.83,86.85,9009.688721
2026-05-22 01:00:00,86.86,87.11,86.59,87.08,11340.36487
2026-05-22 02:00:00,87.08,87.25,87.0,87.17,12486.661147
2026-05-22 03:00:00,87.18,87.3,86.92,87.03,5738.859874
2026-05-22 04:00:00,87.04,87.38,86.93,86.98,11443.964487
2026-05-22 05:00:00,86.99,87.14,86.73,86.8,15259.30534
2026-05-22 06:00:00,86.81,86.86,86.51,86.72,29332.505842
2026-05-22 07:00:00,86.72,87.15,86.55,86.98,38404.526528
2026-05-22 08:00:00,86.99,87.52,86.87,87.15,27095.156047
2026-05-22 09:00:00,87.14,87.4,87.05,87.27,16461.063012
2026-05-22 10:00:00,87.27,87.28,86.89,87.0,7751.725284
2026-05-22 11:00:00,87.0,87.34,86.73,87.34,11257.126365
2026-05-22 12:00:00,87.34,87.79,87.26,87.77,22855.397749
2026-05-22 13:00:00,87.78,87.86,87.11,87.4,27893.508258
2026-05-22 14:00:00,87.4,87.4,86.37,86.63,40477.327894
2026-05-22 15:00:00,86.63,86.98,86.27,86.78,25996.34656
2026-05-22 16:00:00,86.78,87.02,86.65,86.92,8431.289757
2026-05-22 17:00:00,86.94,87.19,86.52,86.64,17274.190048
2026-05-22 18:00:00,86.65,86.69,84.6,85.47,67307.893106
2026-05-22 19:00:00,85.47,85.63,84.0,84.55,79811.462004
2026-05-22 20:00:00,84.55,85.07,84.55,85.0,32589.246272
2026-05-22 21:00:00,85.0,85.3,84.93,85.17,12681.938378
2026-05-22 22:00:00,85.18,85.22,84.77,84.95,9736.666307
2026-05-22 23:00:00,84.97,85.15,84.0,84.4,42590.490215
2026-05-23 00:00:00,84.41,84.54,84.08,84.44,25959.827842
2026-05-23 01:00:00,84.45,84.65,84.33,84.52,7668.391594
2026-05-23 02:00:00,84.53,84.6,84.21,84.53,16237.220411
2026-05-23 03:00:00,84.54,84.75,84.49,84.69,4710.986711
2026-05-23 04:00:00,84.69,84.71,84.35,84.4,8874.157271
2026-05-23 05:00:00,84.41,84.48,84.18,84.47,8263.843789
2026-05-23 06:00:00,84.47,84.5,84.19,84.26,11603.516119
2026-05-23 07:00:00,84.27,84.32,81.38,82.25,195259.116492
2026-05-23 08:00:00,82.25,82.35,81.69,82.14,95660.092396
2026-05-23 09:00:00,82.14,82.26,81.98,82.02,22693.199065
2026-05-23 10:00:00,82.02,82.41,82.01,82.26,20416.663543
2026-05-23 11:00:00,82.27,82.47,82.24,82.3,10031.137151
2026-05-23 12:00:00,82.29,82.55,82.15,82.48,12946.877283
2026-05-23 13:00:00,82.49,83.48,82.49,83.22,49562.814472
2026-05-23 14:00:00,83.23,84.47,83.09,84.13,51407.618593
2026-05-23 15:00:00,84.13,84.54,83.64,84.09,50126.96146
2026-05-23 16:00:00,84.1,84.31,83.93,84.11,31777.361951
2026-05-23 17:00:00,84.12,84.36,83.99,84.22,9536.934721
2026-05-23 18:00:00,84.24,85.15,84.19,84.72,35287.730936
2026-05-23 19:00:00,84.73,85.11,84.59,84.97,17408.658683
2026-05-23 20:00:00,84.97,87.09,84.79,87.08,84202.808293
2026-05-23 21:00:00,87.08,87.5,85.96,86.28,50741.547862
2026-05-23 22:00:00,86.3,86.61,85.53,85.82,22461.19348
2026-05-23 23:00:00,85.8,85.93,85.66,85.76,12940.702297
2026-05-24 00:00:00,85.77,86.04,85.63,85.89,9830.529849
2026-05-24 01:00:00,85.9,86.23,85.88,86.02,17371.305145
2026-05-24 02:00:00,86.03,86.1,85.74,85.97,9727.530284
2026-05-24 03:00:00,85.97,86.13,85.63,85.8,8754.756386
2026-05-24 04:00:00,85.81,86.1,85.78,85.93,14710.889835
2026-05-24 05:00:00,85.93,86.15,85.56,86.14,23667.085566
2026-05-24 06:00:00,86.15,86.47,85.92,86.46,15363.98421
2026-05-24 07:00:00,86.46,86.76,86.01,86.07,21052.595954
2026-05-24 08:00:00,86.08,86.57,86.0,86.51,22588.158635
2026-05-24 09:00:00,86.51,87.04,86.39,86.55,40292.348626
2026-05-24 10:00:00,86.55,86.72,86.25,86.5,33060.65536
2026-05-24 11:00:00,86.5,86.93,86.44,86.67,39704.107053
2026-05-24 12:00:00,86.67,86.69,86.17,86.35,11614.881308
2026-05-24 13:00:00,86.35,86.45,85.65,85.9,16583.879586
2026-05-24 14:00:00,85.91,86.01,84.47,85.26,47432.009043
2026-05-24 15:00:00,85.27,85.47,85.15,85.31,15362.257594
2026-05-24 16:00:00,85.31,85.87,85.18,85.64,34129.405093
2026-05-24 17:00:00,85.65,85.79,85.49,85.66,6521.753719
2026-05-24 18:00:00,85.66,85.68,85.27,85.4,18123.360396
2026-05-24 19:00:00,85.4,85.51,85.24,85.38,3713.364639
2026-05-24 20:00:00,85.38,85.42,84.55,84.79,25585.337418
2026-05-24 21:00:00,84.78,84.98,83.68,83.96,32632.948075
2026-05-24 22:00:00,83.96,85.32,83.93,84.99,35056.596312
2026-05-24 23:00:00,84.99,85.52,84.99,85.27,16888.846012
2026-05-25 00:00:00,85.28,85.66,85.26,85.49,13839.323793
2026-05-25 01:00:00,85.49,85.58,84.83,84.86,14364.718487
2026-05-25 02:00:00,84.86,85.77,84.86,85.08,24293.581651
2026-05-25 03:00:00,85.07,85.18,84.76,84.93,17612.665079
2026-05-25 04:00:00,84.94,85.91,84.92,85.84,22818.344045
2026-05-25 05:00:00,85.84,86.17,85.76,85.99,24790.009614
2026-05-25 06:00:00,85.99,86.17,85.65,85.98,17291.70488
2026-05-25 07:00:00,85.99,86.15,85.6,85.96,21156.203474
2026-05-25 08:00:00,85.97,86.08,85.75,86.03,11667.177108
2026-05-25 09:00:00,86.03,86.22,85.92,85.94,15548.708301
2026-05-25 10:00:00,85.94,86.11,85.9,86.07,9654.261155
2026-05-25 11:00:00,86.07,86.14,85.7,85.77,10389.500586
2026-05-25 12:00:00,85.77,86.08,85.67,85.88,12279.830594
2026-05-25 13:00:00,85.89,86.04,85.78,86.02,7858.140704
2026-05-25 14:00:00,86.03,86.45,85.94,86.34,22742.8532
2026-05-25 15:00:00,86.35,86.53,86.07,86.25,15230.723423
2026-05-25 16:00:00,86.25,86.44,85.98,86.27,12979.301241
2026-05-25 17:00:00,86.28,86.39,86.07,86.13,21467.873037
2026-05-25 18:00:00,86.14,86.31,85.89,85.92,8115.943239
2026-05-25 19:00:00,85.92,85.95,85.52,85.65,12006.210961
2026-05-25 20:00:00,85.64,85.88,85.32,85.42,9962.847365
2026-05-25 21:00:00,85.42,85.56,85.25,85.37,8091.234485
2026-05-25 22:00:00,85.38,85.55,84.72,84.82,23875.771288
2026-05-25 23:00:00,84.81,85.21,84.74,85.06,14936.464674
2026-05-26 00:00:00,85.06,85.1,83.92,84.38,33947.662889
2026-05-26 01:00:00,84.39,84.55,83.86,84.11,24027.724229
2026-05-26 02:00:00,84.12,84.23,83.92,84.03,18147.049362
2026-05-26 03:00:00,84.03,84.27,83.84,84.23,15924.365523
2026-05-26 04:00:00,84.23,84.51,84.01,84.37,29621.179372
2026-05-26 05:00:00,84.36,84.98,84.27,84.65,17405.897433
2026-05-26 06:00:00,84.66,84.83,84.4,84.61,13038.742451
2026-05-26 07:00:00,84.61,84.63,84.11,84.34,16221.069733
2026-05-26 08:00:00,84.35,84.57,84.33,84.45,7960.256764
2026-05-26 09:00:00,84.45,84.72,84.32,84.48,16509.360585
2026-05-26 10:00:00,84.49,85.81,84.36,85.56,46970.449024
2026-05-26 11:00:00,85.56,85.66,85.22,85.23,18418.494794
2026-05-26 12:00:00,85.23,85.4,84.83,85.33,24700.030247
2026-05-26 13:00:00,85.33,85.78,84.71,85.54,38559.178237
2026-05-26 14:00:00,85.54,86.15,84.78,85.24,75690.031623
2026-05-26 15:00:00,85.24,85.35,84.04,84.5,50136.642216
2026-05-26 16:00:00,84.5,84.58,83.91,84.24,40741.086272
2026-05-26 17:00:00,84.24,84.39,83.15,83.59,52896.231547
2026-05-26 18:00:00,83.6,84.07,83.49,83.61,24147.120205
2026-05-26 19:00:00,83.62,84.0,83.36,83.77,29813.785169
2026-05-26 20:00:00,83.78,83.96,83.73,83.93,6163.630233
2026-05-26 21:00:00,83.94,83.97,83.58,83.69,10397.617592
2026-05-26 22:00:00,83.7,83.88,83.53,83.65,6026.401317
2026-05-26 23:00:00,83.66,83.85,83.63,83.72,9794.08506
2026-05-27 00:00:00,83.72,84.18,83.72,84.14,7841.262337
2026-05-27 01:00:00,84.15,84.19,83.8,83.87,10633.999968
2026-05-27 02:00:00,83.88,83.96,83.57,83.95,8423.186503
2026-05-27 03:00:00,83.96,84.07,83.51,83.64,11122.105999
2026-05-27 04:00:00,83.64,83.68,82.86,83.64,36595.907553
2026-05-27 05:00:00,83.65,83.93,83.57,83.88,9761.808861
2026-05-27 06:00:00,83.89,84.06,83.75,84.05,14498.385168
2026-05-27 07:00:00,84.06,84.21,83.89,84.2,8833.410236
2026-05-27 08:00:00,84.2,84.42,83.91,83.95,18189.411096
2026-05-27 09:00:00,83.95,83.97,83.63,83.79,10294.970669
2026-05-27 10:00:00,83.79,84.1,83.68,83.96,10708.728383
2026-05-27 11:00:00,83.97,84.23,83.91,83.94,11296.049597
2026-05-27 12:00:00,83.96,84.68,83.56,83.94,34130.507172
2026-05-27 13:00:00,83.94,84.06,82.99,83.65,41828.278178
2026-05-27 14:00:00,83.65,84.12,83.22,83.9,45117.843528
2026-05-27 15:00:00,83.9,84.83,83.86,84.43,39519.695792
2026-05-27 16:00:00,84.44,84.75,83.87,84.18,25952.627819
2026-05-27 17:00:00,84.19,84.21,83.18,83.41,24296.660273
2026-05-27 18:00:00,83.41,83.99,83.21,83.95,11303.875532
2026-05-27 19:00:00,83.95,84.15,83.88,83.92,9455.368958
2026-05-27 20:00:00,83.93,84.14,83.77,83.82,10365.270282
2026-05-27 21:00:00,83.82,83.82,82.12,82.48,46955.683757
2026-05-27 22:00:00,82.5,83.02,82.25,82.47,19813.293632
2026-05-27 23:00:00,82.46,82.69,82.21,82.44,21576.696962
2026-05-28 00:00:00,82.43,82.74,82.37,82.73,13158.129213
2026-05-28 01:00:00,82.73,82.76,81.93,82.27,26543.997976
2026-05-28 02:00:00,82.29,82.44,82.02,82.11,17679.788759
2026-05-28 03:00:00,82.11,82.25,80.49,80.73,119226.452932
2026-05-28 04:00:00,80.73,80.96,80.02,80.91,59216.202729
2026-05-28 05:00:00,80.91,80.99,80.43,80.71,23740.052117
2026-05-28 06:00:00,80.7,81.09,80.53,80.97,25097.45655
2026-05-28 07:00:00,80.98,81.35,80.86,81.27,23315.613861
2026-05-28 08:00:00,81.27,81.3,80.83,81.0,14973.01489
2026-05-28 09:00:00,81.0,81.31,80.83,81.23,14261.085473
2026-05-28 10:00:00,81.23,81.31,80.72,80.75,21260.759659
2026-05-28 11:00:00,80.75,80.93,80.61,80.87,16343.991067
2026-05-28 12:00:00,80.88,81.25,80.59,81.13,16087.065803
2026-05-28 13:00:00,81.14,81.35,80.54,80.8,47335.076951
2026-05-28 14:00:00,80.8,81.66,80.03,81.19,87335.734039
2026-05-28 15:00:00,81.19,81.38,80.57,81.14,26951.75998
2026-05-28 16:00:00,81.15,82.18,80.93,82.07,32439.026095
2026-05-28 17:00:00,82.08,82.64,81.84,82.3,25139.560178
2026-05-28 18:00:00,82.3,83.0,82.25,82.89,27651.069498
2026-05-28 19:00:00,82.9,82.9,82.14,82.18,18087.133396
2026-05-28 20:00:00,82.18,82.61,81.78,82.3,17298.700183
2026-05-28 21:00:00,82.35,82.67,82.24,82.44,13047.781087
2026-05-28 22:00:00,82.44,82.63,81.92,82.03,19951.140955
2026-05-28 23:00:00,82.04,82.28,82.01,82.12,6908.563336
2026-05-29 00:00:00,82.12,82.48,82.12,82.33,6745.719054
2026-05-29 01:00:00,82.33,82.48,82.06,82.2,7940.738511
2026-05-29 02:00:00,82.22,82.32,81.49,81.56,12897.175375
2026-05-29 03:00:00,81.58,81.95,81.54,81.63,8070.32549
2026-05-29 04:00:00,81.63,81.94,81.39,81.93,9414.566625
2026-05-29 05:00:00,81.93,82.19,81.84,82.09,11654.653857
2026-05-29 06:00:00,82.09,82.5,82.03,82.31,14016.483948
2026-05-29 07:00:00,82.31,82.48,81.91,82.25,20210.636558
2026-05-29 08:00:00,82.25,82.49,82.19,82.21,12215.495306
2026-05-29 09:00:00,82.21,82.64,82.21,82.47,6963.020654
2026-05-29 10:00:00,82.45,82.45,82.1,82.16,11272.920005
2026-05-29 11:00:00,82.16,82.23,81.52,81.78,13077.667982
2026-05-29 12:00:00,81.78,81.8,81.32,81.5,13349.616013
2026-05-29 13:00:00,81.5,81.71,81.12,81.43,12520.027352
2026-05-29 14:00:00,81.45,81.58,80.37,81.36,51084.455341
2026-05-29 15:00:00,81.34,83.24,81.22,82.57,100211.477975
2026-05-29 16:00:00,82.59,83.12,82.21,82.93,41788.782671
2026-05-29 17:00:00,82.93,83.21,82.68,82.8,29537.441756
2026-05-29 18:00:00,82.81,83.0,81.83,82.08,28948.294558
2026-05-29 19:00:00,82.08,82.41,81.6,82.06,15208.19093
2026-05-29 20:00:00,82.05,82.35,82.01,82.22,9009.825243
2026-05-29 21:00:00,82.23,82.41,81.71,81.72,14143.315037
2026-05-29 22:00:00,81.72,82.03,81.62,81.98,12469.202683
2026-05-29 23:00:00,81.99,82.12,81.77,82.05,13580.053939
2026-05-30 00:00:00,82.05,82.35,81.95,82.3,9369.955839
2026-05-30 01:00:00,82.3,82.94,82.22,82.81,14450.241554
2026-05-30 02:00:00,82.82,83.04,82.79,82.98,17082.339535
2026-05-30 03:00:00,82.99,83.09,82.62,82.67,14348.190138
2026-05-30 04:00:00,82.68,82.8,81.87,82.33,22298.359056
2026-05-30 05:00:00,82.34,82.75,82.21,82.61,22731.454632
2026-05-30 06:00:00,82.61,82.75,82.41,82.49,8556.452552
2026-05-30 07:00:00,82.49,82.52,82.28,82.39,6558.314759
2026-05-30 08:00:00,82.39,82.41,82.2,82.24,4942.587851
2026-05-30 09:00:00,82.24,82.4,82.21,82.33,4988.387232
2026-05-30 10:00:00,82.34,82.52,82.32,82.38,5971.70151
2026-05-30 11:00:00,82.39,82.55,82.22,82.33,5610.308966
2026-05-30 12:00:00,82.34,82.45,82.26,82.45,5762.827188
2026-05-30 13:00:00,82.45,82.57,82.26,82.48,11112.497719
2026-05-30 14:00:00,82.49,82.76,82.46,82.63,13358.823045
2026-05-30 15:00:00,82.63,82.92,82.5,82.7,16095.124781
2026-05-30 16:00:00,82.7,82.93,82.63,82.89,7939.257072
2026-05-30 17:00:00,82.9,83.05,82.63,83.05,14269.009771
2026-05-30 18:00:00,83.04,83.14,82.87,83.02,7972.91148
2026-05-30 19:00:00,83.02,83.04,82.78,82.99,7313.950231
2026-05-30 20:00:00,82.99,83.08,82.86,82.96,8145.271275
2026-05-30 21:00:00,82.97,83.19,82.91,83.01,11768.251073
2026-05-30 22:00:00,83.02,83.02,82.46,82.66,10435.452581
2026-05-30 23:00:00,82.66,82.89,82.52,82.73,8161.072898
2026-05-31 00:00:00,82.74,82.96,82.62,82.94,5562.473263
2026-05-31 01:00:00,82.94,83.2,82.92,83.01,20200.231342
2026-05-31 02:00:00,83.01,83.4,82.88,83.16,14890.920555
2026-05-31 03:00:00,83.16,83.34,83.1,83.23,7907.43602
2026-05-31 04:00:00,83.23,83.3,83.09,83.21,7189.445358
2026-05-31 05:00:00,83.2,83.22,83.0,83.04,8357.15784
2026-05-31 06:00:00,83.04,83.04,82.86,82.98,7113.591944
2026-05-31 07:00:00,82.97,82.97,82.52,82.68,12940.478837
2026-05-31 08:00:00,82.68,82.87,82.6,82.81,5918.399207
2026-05-31 09:00:00,82.8,83.05,82.65,82.76,10512.800269
2026-05-31 10:00:00,82.76,82.76,82.49,82.72,10016.848236
2026-05-31 11:00:00,82.73,82.86,82.67,82.75,4514.616308
2026-05-31 12:00:00,82.75,82.93,82.58,82.83,6769.375818
2026-05-31 13:00:00,82.82,83.11,82.66,82.77,8636.481484
2026-05-31 14:00:00,82.77,82.77,81.8,81.97,50959.681097
2026-05-31 15:00:00,81.97,82.28,81.85,81.89,13253.28531
2026-05-31 16:00:00,81.89,82.06,81.44,81.58,21825.104369
2026-05-31 17:00:00,81.59,81.91,81.49,81.86,7881.104989
2026-05-31 18:00:00,81.87,81.88,81.62,81.75,6332.851992
2026-05-31 19:00:00,81.76,81.79,81.34,81.59,4342.544407
2026-05-31 20:00:00,81.6,82.01,81.6,81.96,6839.552739
2026-05-31 21:00:00,81.97,82.37,81.89,82.31,13431.841637
2026-05-31 22:00:00,82.32,82.7,82.05,82.53,14013.918258
2026-05-31 23:00:00,82.53,82.91,81.96,82.46,16499.383238
2026-06-01 00:00:00,82.45,83.11,82.36,82.82,27447.807164
2026-06-01 01:00:00,82.82,82.88,81.75,81.77,21111.471776
2026-06-01 02:00:00,81.78,82.89,81.61,82.7,17080.064706
2026-06-01 03:00:00,82.68,82.98,82.55,82.61,13383.446899
2026-06-01 04:00:00,82.62,82.77,81.77,82.04,15366.844065
2026-06-01 05:00:00,82.04,82.12,81.64,81.81,10007.058975
2026-06-01 06:00:00,81.81,81.87,81.14,81.45,21404.54242
2026-06-01 07:00:00,81.45,81.58,80.65,80.74,25666.463422
2026-06-01 08:00:00,80.73,81.04,80.47,80.98,22509.208015
2026-06-01 09:00:00,80.99,81.29,80.99,81.08,14899.71848
2026-06-01 10:00:00,81.09,81.18,80.82,81.08,15730.910456
2026-06-01 11:00:00,81.1,81.22,80.61,80.82,16362.161581
2026-06-01 12:00:00,80.83,81.08,80.25,80.83,37631.059278
2026-06-01 13:00:00,80.84,80.88,79.24,79.86,102807.313296
2026-06-01 14:00:00,79.86,80.12,79.45,79.73,42585.080276
2026-06-01 15:00:00,79.73,80.06,79.2,79.62,44870.509214
2026-06-01 16:00:00,79.62,80.45,79.12,80.41,41170.685398
2026-06-01 17:00:00,80.41,81.2,80.28,80.93,51958.463847
2026-06-01 18:00:00,80.92,81.21,80.58,80.86,19386.473981
2026-06-01 19:00:00,80.87,81.32,80.61,81.2,14137.143089
2026-06-01 20:00:00,81.19,81.24,80.97,81.13,7880.701195
2026-06-01 21:00:00,81.14,81.15,80.52,80.68,34714.468397
2026-06-01 22:00:00,80.67,81.49,80.33,81.4,22512.439371
2026-06-01 23:00:00,81.4,81.63,81.08,81.27,20188.145688
2026-06-02 00:00:00,81.28,81.3,80.89,80.9,12340.504404
2026-06-02 01:00:00,80.9,81.02,80.05,80.12,16264.390831
2026-06-02 02:00:00,80.12,80.78,79.39,80.78,32562.023961
2026-06-02 03:00:00,80.79,81.04,80.64,80.91,18008.828706
2026-06-02 04:00:00,80.91,81.01,80.39,80.45,21179.577768
2026-06-02 05:00:00,80.45,80.58,79.56,79.64,24604.291977
2026-06-02 06:00:00,79.63,79.83,79.34,79.59,29456.347275
2026-06-02 07:00:00,79.6,79.93,79.15,79.68,19994.051571
2026-06-02 08:00:00,79.69,79.82,79.48,79.62,17958.952637
2026-06-02 09:00:00,79.62,79.65,78.7,79.1,33509.788715
2026-06-02 10:00:00,79.11,79.5,78.98,79.44,28116.724934
2026-06-02 11:00:00,79.44,79.45,78.87,78.95,31232.943954
2026-06-02 12:00:00,78.95,79.16,78.67,78.98,28347.233557
2026-06-02 13:00:00,78.99,79.22,78.81,78.95,25475.864852
2026-06-02 14:00:00,78.95,78.99,76.74,77.45,122150.461769
2026-06-02 15:00:00,77.44,77.5,75.51,76.38,133609.329128
2026-06-02 16:00:00,76.38,77.68,76.16,76.72,46179.223377
2026-06-02 17:00:00,76.73,77.19,76.49,76.83,30501.821885
2026-06-02 18:00:00,76.84,77.07,75.8,76.15,29106.20692
2026-06-02 19:00:00,76.16,76.26,74.41,75.52,92940.947272
2026-06-02 20:00:00,75.52,75.93,74.78,75.44,25780.645652
2026-06-02 21:00:00,75.44,76.08,75.33,75.67,20429.748988
2026-06-02 22:00:00,75.66,75.66,73.31,73.66,74846.804069
2026-06-02 23:00:00,73.67,74.31,72.72,74.21,87603.661856
2026-06-03 00:00:00,74.23,75.13,74.0,74.84,62956.193354
2026-06-03 01:00:00,74.84,75.04,74.16,74.74,24644.123378
2026-06-03 02:00:00,74.75,74.8,74.21,74.41,19430.27104
2026-06-03 03:00:00,74.4,74.53,72.28,72.71,77504.081911
2026-06-03 04:00:00,72.72,74.12,72.7,74.05,52493.3698
2026-06-03 05:00:00,74.06,74.92,74.06,74.74,56052.73028
2026-06-03 06:00:00,74.74,75.4,74.67,74.86,54995.240773
2026-06-03 07:00:00,74.86,75.42,74.76,75.26,32579.04398
2026-06-03 08:00:00,75.26,75.33,74.86,74.99,23021.559156
2026-06-03 09:00:00,75.0,75.4,74.71,74.99,36901.325759
2026-06-03 10:00:00,75.0,75.62,74.96,75.54,27820.884934
2026-06-03 11:00:00,75.55,75.7,75.0,75.12,22064.57119
2026-06-03 12:00:00,75.13,75.27,74.68,75.18,27486.69469
2026-06-03 13:00:00,75.18,75.37,74.38,74.57,40465.113263
2026-06-03 14:00:00,74.56,74.6,73.84,74.45,29353.10932
2026-06-03 15:00:00,74.46,74.51,73.25,73.3,42291.67594
2026-06-03 16:00:00,73.31,73.48,72.04,72.99,82747.328317
2026-06-03 17:00:00,73.0,74.1,72.4,73.18,33722.981631
2026-06-03 18:00:00,73.18,73.49,72.46,73.11,25799.885102
2026-06-03 19:00:00,73.11,73.17,71.71,71.99,41240.835611
2026-06-03 20:00:00,71.98,72.43,70.88,71.22,71145.896848
2026-06-03 21:00:00,71.23,72.86,71.04,72.82,47277.185007
2026-06-03 22:00:00,72.81,73.2,71.94,72.21,29837.625351
2026-06-03 23:00:00,72.22,72.28,71.56,71.62,26487.872525
2026-06-04 00:00:00,71.61,72.11,70.33,70.76,61250.16779
2026-06-04 01:00:00,70.77,70.96,68.41,68.6,139253.426964
2026-06-04 02:00:00,68.62,70.46,66.67,70.06,250970.863755
2026-06-04 03:00:00,70.07,71.63,70.06,71.47,98671.75102
2026-06-04 04:00:00,71.49,71.77,70.8,70.89,41735.842892
2026-06-04 05:00:00,70.89,70.89,69.89,70.34,42796.258677
2026-06-04 06:00:00,70.33,71.2,70.25,70.36,25773.07147
2026-06-04 07:00:00,70.36,70.41,69.13,69.16,44712.929832
2026-06-04 08:00:00,69.14,69.43,68.31,69.24,87379.852147
2026-06-04 09:00:00,69.24,69.27,67.75,68.87,44908.552519
2026-06-04 10:00:00,68.88,68.93,67.56,67.89,66631.223634
2026-06-04 11:00:00,67.89,68.7,67.41,68.69,46865.623905
2026-06-04 12:00:00,68.7,70.36,68.32,70.11,63883.479107
2026-06-04 13:00:00,70.12,70.58,69.03,70.38,52102.539994
2026-06-04 14:00:00,70.39,70.66,69.56,69.78,34964.637682
2026-06-04 15:00:00,69.77,70.51,69.41,69.65,34691.717064
2026-06-04 16:00:00,69.65,69.67,68.98,69.42,17209.47759
2026-06-04 17:00:00,69.42,69.73,68.49,69.25,30110.943585
2026-06-04 18:00:00,69.25,69.89,68.66,69.51,35232.550464
2026-06-04 19:00:00,69.5,69.72,69.03,69.1,27931.606008
2026-06-04 20:00:00,69.09,69.15,68.46,68.81,20637.37237
2026-06-04 21:00:00,68.81,69.04,67.62,67.79,32170.604146
2026-06-04 22:00:00,67.78,68.57,67.57,68.49,41225.355666
2026-06-04 23:00:00,68.47,68.91,68.01,68.88,27471.232843
2026-06-05 00:00:00,68.87,69.1,68.28,68.3,29003.16991
2026-06-05 01:00:00,68.3,68.82,67.57,68.51,45838.022056
2026-06-05 02:00:00,68.52,68.62,67.2,67.32,52990.667965
2026-06-05 03:00:00,67.33,67.86,66.93,67.1,48097.013257
2026-06-05 04:00:00,67.12,68.02,66.5,67.94,87493.525646
2026-06-05 05:00:00,67.94,68.09,66.07,66.23,78067.406739
2026-06-05 06:00:00,66.24,66.54,63.61,65.05,278339.995599
2026-06-05 07:00:00,65.04,66.3,63.91,66.17,113710.67728
2026-06-05 08:00:00,66.18,66.2,65.09,65.33,62452.359487
2026-06-05 09:00:00,65.33,66.6,65.29,66.56,66998.669844
2026-06-05 10:00:00,66.55,66.74,66.16,66.41,33576.359705
2026-06-05 11:00:00,66.41,66.81,65.84,66.09,58365.529299
2026-06-05 12:00:00,66.08,66.35,65.23,65.83,76226.915555
2026-06-05 13:00:00,65.82,66.82,64.3,64.31,95506.568179
2026-06-05 14:00:00,64.32,65.84,63.94,65.24,170686.864728
2026-06-05 15:00:00,65.26,65.32,63.78,64.25,138120.19173
2026-06-05 16:00:00,64.24,65.98,63.16,65.88,206034.825168
2026-06-05 17:00:00,65.87,66.06,64.81,65.11,51970.546812
2026-06-05 18:00:00,65.11,65.39,62.63,62.92,123871.501265
2026-06-05 19:00:00,62.9,63.83,61.46,63.43,162147.019694
2026-06-05 20:00:00,63.43,64.81,62.68,64.67,99048.833319
2026-06-05 21:00:00,64.64,65.4,64.54,64.88,56367.502977
2026-06-05 22:00:00,64.88,64.89,63.8,64.41,67868.58966
2026-06-05 23:00:00,64.44,64.79,62.65,63.63,48446.396639
2026-06-06 00:00:00,63.64,64.82,63.64,64.66,35440.445684
2026-06-06 01:00:00,64.68,64.86,63.78,63.84,27094.173591
2026-06-06 02:00:00,63.85,63.93,63.26,63.53,35488.365116
2026-06-06 03:00:00,63.53,63.53,62.56,62.82,46303.16422
2026-06-06 04:00:00,62.84,63.12,60.29,60.86,152628.346599
2026-06-06 05:00:00,60.87,62.71,60.11,62.61,113779.570619
2026-06-06 06:00:00,62.62,63.35,62.1,62.22,47467.672927
2026-06-06 07:00:00,62.23,63.15,62.07,62.79,46000.727313
2026-06-06 08:00:00,62.79,63.6,62.53,63.16,43934.176624
2026-06-06 09:00:00,63.17,63.56,62.45,62.69,25760.113439
2026-06-06 10:00:00,62.7,62.7,61.2,61.84,65044.041821
2026-06-06 11:00:00,61.84,62.68,61.77,62.45,36065.086148
2026-06-06 12:00:00,62.46,63.11,62.02,62.92,40998.154725
2026-06-06 13:00:00,62.94,63.07,62.17,62.44,24907.77796
2026-06-06 14:00:00,62.44,62.93,62.31,62.33,30545.679192
2026-06-06 15:00:00,62.33,62.48,61.34,62.06,50671.03689
2026-06-06 16:00:00,62.05,62.41,61.38,62.12,40070.99535
2026-06-06 17:00:00,62.13,62.26,61.47,61.63,32816.201696
2026-06-06 18:00:00,61.63,62.15,61.42,61.74,25642.2997
2026-06-06 19:00:00,61.74,62.2,61.63,61.65,26627.508865
2026-06-06 20:00:00,61.64,61.95,61.38,61.85,36820.88076
2026-06-06 21:00:00,61.84,62.37,61.83,61.9,19991.293259
2026-06-06 22:00:00,61.91,61.99,61.47,61.73,18260.070862
2026-06-06 23:00:00,61.72,62.3,61.68,62.21,20161.030856
2026-06-07 00:00:00,62.21,62.63,61.97,62.11,18966.24571
2026-06-07 01:00:00,62.11,63.87,62.04,63.67,59146.80261
2026-06-07 02:00:00,63.68,63.78,63.07,63.55,31459.523804
2026-06-07 03:00:00,63.55,64.15,63.41,63.83,43011.66399
2026-06-07 04:00:00,63.82,64.13,63.3,64.09,23050.856712
2026-06-07 05:00:00,64.1,64.49,63.9,64.26,35233.5608
2026-06-07 06:00:00,64.26,65.0,64.02,64.84,34136.868362
2026-06-07 07:00:00,64.84,65.01,64.61,64.92,30207.754288
2026-06-07 08:00:00,64.92,65.95,64.49,65.95,42398.00227
2026-06-07 09:00:00,65.95,66.11,64.84,65.01,57830.068266
2026-06-07 10:00:00,65.02,65.07,64.44,64.66,35235.332529
2026-06-07 11:00:00,64.66,65.22,64.53,65.03,26341.113415
2026-06-07 12:00:00,65.04,65.09,63.65,64.32,71047.881717
2026-06-07 13:00:00,64.3,64.43,64.09,64.32,14327.23475
2026-06-07 14:00:00,64.33,65.33,64.33,64.92,34415.036667
2026-06-07 15:00:00,64.91,65.25,64.63,64.98,27620.131381
2026-06-07 16:00:00,64.99,65.45,64.75,65.17,72997.32333
2026-06-07 17:00:00,65.17,65.61,65.09,65.32,23825.125235
2026-06-07 18:00:00,65.33,65.58,64.91,64.95,19988.028875
2026-06-07 19:00:00,64.96,64.99,63.64,63.94,52463.771134
2026-06-07 20:00:00,63.94,64.79,63.74,64.69,33981.561368
2026-06-07 21:00:00,64.69,64.91,64.31,64.62,36936.151183
2026-06-07 22:00:00,64.63,67.92,64.52,65.83,128619.606872
2026-06-07 23:00:00,65.82,66.65,65.78,66.5,42238.086813
2026-06-08 00:00:00,66.49,67.1,66.03,66.72,41685.010703
2026-06-08 01:00:00,66.72,66.81,65.41,66.17,52208.00391
2026-06-08 02:00:00,66.18,66.63,66.06,66.45,26287.38713
2026-06-08 03:00:00,66.46,66.75,66.17,66.35,24738.076285
2026-06-08 04:00:00,66.36,66.41,65.38,65.42,29352.900726
2026-06-08 05:00:00,65.43,65.65,64.98,65.34,25828.606995
2026-06-08 06:00:00,65.34,65.88,65.29,65.68,23955.634513
2026-06-08 07:00:00,65.68,66.21,65.37,66.11,33310.876355
2026-06-08 08:00:00,66.1,66.1,65.46,65.63,20603.300647
2026-06-08 09:00:00,65.63,66.45,65.61,66.37,42472.060943
2026-06-08 10:00:00,66.37,66.45,65.8,66.2,37528.178661
2026-06-08 11:00:00,66.21,67.05,66.04,66.69,68755.879976
2026-06-08 12:00:00,66.69,67.31,65.98,67.25,72609.884295
2026-06-08 13:00:00,67.26,67.3,66.43,66.77,43583.345266
2026-06-08 14:00:00,66.79,67.31,66.45,67.27,48355.133247
2026-06-08 15:00:00,67.27,67.82,67.06,67.19,101416.233711
2026-06-08 16:00:00,67.19,67.75,66.9,66.95,55870.960807
2026-06-08 17:00:00,66.95,67.39,66.56,67.37,37251.65782
2026-06-08 18:00:00,67.38,67.62,67.17,67.45,24825.326697
2026-06-08 19:00:00,67.45,67.82,67.26,67.46,42865.151209
2026-06-08 20:00:00,67.46,67.52,66.94,67.48,37580.745852
2026-06-08 21:00:00,67.48,68.16,67.42,67.47,54989.319181
2026-06-08 22:00:00,67.46,67.46,66.85,67.19,43570.415898
2026-06-08 23:00:00,67.18,67.4,66.66,66.83,27730.770408
2026-06-09 00:00:00,66.82,66.88,65.29,65.42,77593.275846
2026-06-09 01:00:00,65.43,66.07,65.38,65.99,28388.208209
2026-06-09 02:00:00,65.97,66.08,65.54,65.91,15267.971797
2026-06-09 03:00:00,65.92,66.09,65.68,66.02,15863.096087
2026-06-09 04:00:00,66.01,67.41,65.82,67.01,61977.754276
2026-06-09 05:00:00,67.02,67.39,66.72,67.19,37277.331909
2026-06-09 06:00:00,67.2,67.47,66.97,67.06,23820.467574
2026-06-09 07:00:00,67.06,67.35,66.64,66.91,31142.401311
2026-06-09 08:00:00,66.9,66.94,66.39,66.61,54085.270969
2026-06-09 09:00:00,66.61,66.83,66.08,66.17,46302.260948
2026-06-09 10:00:00,66.18,66.49,65.92,66.42,38684.197629
2026-06-09 11:00:00,66.41,66.48,65.85,66.12,35464.199228
2026-06-09 12:00:00,66.11,66.52,65.96,66.23,37366.109359
2026-06-09 13:00:00,66.22,66.37,65.6,65.86,42735.329632
2026-06-09 14:00:00,65.85,66.0,64.41,65.09,91843.708782
2026-06-09 15:00:00,65.09,65.32,64.27,64.33,57054.459881
2026-06-09 16:00:00,64.33,64.49,63.55,64.15,98550.848651
2026-06-09 17:00:00,64.15,65.16,64.1,64.8,74875.072423
2026-06-09 18:00:00,64.81,65.55,64.67,65.29,48037.262366
2026-06-09 19:00:00,65.29,65.66,65.06,65.41,44496.534174
2026-06-09 20:00:00,65.42,65.71,65.3,65.62,24894.942758
2026-06-09 21:00:00,65.63,65.66,64.89,65.0,20787.692766
2026-06-09 22:00:00,65.02,65.35,64.82,64.89,22529.140911
2026-06-09 23:00:00,64.9,65.18,64.68,64.98,19084.220323
2026-06-10 00:00:00,64.97,65.22,64.49,65.18,21893.85071
2026-06-10 01:00:00,65.19,65.3,64.82,65.1,19801.35859
2026-06-10 02:00:00,65.12,65.25,64.25,64.31,19362.948989
2026-06-10 03:00:00,64.31,64.85,64.27,64.52,13647.079244
2026-06-10 04:00:00,64.53,64.66,64.13,64.29,11783.216475
2026-06-10 05:00:00,64.3,64.37,63.92,64.13,28892.937832
2026-06-10 06:00:00,64.14,64.36,63.83,64.2,20213.500256
2026-06-10 07:00:00,64.2,64.78,64.14,64.49,24684.37207
2026-06-10 08:00:00,64.5,64.52,63.42,63.63,40061.317628
2026-06-10 09:00:00,63.64,63.75,63.06,63.64,47216.862459
2026-06-10 10:00:00,63.65,63.79,63.28,63.69,20047.939021
2026-06-10 11:00:00,63.69,63.77,62.96,63.51,75036.040028
2026-06-10 12:00:00,63.5,64.69,63.3,64.14,93386.587197
2026-06-10 13:00:00,64.15,65.55,64.02,65.09,76331.242123
2026-06-10 14:00:00,65.09,65.28,64.6,65.06,44506.792482
2026-06-10 15:00:00,65.07,65.77,64.56,65.45,79836.726412
2026-06-10 16:00:00,65.45,65.48,64.25,64.62,46094.17694
2026-06-10 17:00:00,64.63,64.97,63.64,64.05,49158.138492
2026-06-10 18:00:00,64.05,64.22,63.37,63.85,37444.897213
2026-06-10 19:00:00,63.85,63.95,63.4,63.56,34887.900167
2026-06-10 20:00:00,63.55,63.66,63.17,63.32,22678.7131
2026-06-10 21:00:00,63.32,63.32,62.35,62.59,37586.172453
2026-06-10 22:00:00,62.6,63.07,62.37,62.79,41892.992015
2026-06-10 23:00:00,62.79,63.31,62.46,63.19,34119.79015
2026-06-11 00:00:00,63.2,63.77,63.2,63.68,24805.067246
2026-06-11 01:00:00,63.67,65.17,63.66,64.91,90001.553283
2026-06-11 02:00:00,64.92,65.0,64.37,64.53,27611.288971
2026-06-11 03:00:00,64.54,65.49,64.34,65.27,55069.067542
2026-06-11 04:00:00,65.28,65.34,64.95,65.22,19219.011679
2026-06-11 05:00:00,65.22,65.24,64.96,64.96,13029.877545
2026-06-11 06:00:00,64.97,65.44,64.82,65.11,34736.468067
2026-06-11 07:00:00,65.1,65.18,64.79,65.05,21949.105925
2026-06-11 08:00:00,65.05,65.53,65.05,65.31,25249.037607
2026-06-11 09:00:00,65.32,65.56,65.02,65.4,44885.31308
2026-06-11 10:00:00,65.4,65.66,65.28,65.5,21085.119796
2026-06-11 11:00:00,65.51,66.15,65.33,65.88,42651.457783
2026-06-11 12:00:00,65.89,65.93,64.89,65.26,71602.672502
2026-06-11 13:00:00,65.26,65.73,65.06,65.52,77653.434019
2026-06-11 14:00:00,65.52,65.77,65.0,65.35,62583.009231
2026-06-11 15:00:00,65.36,65.86,65.0,65.56,38465.883271
2026-06-11 16:00:00,65.56,65.81,65.3,65.39,30015.628612
2026-06-11 17:00:00,65.39,67.18,65.05,67.17,111550.278772
2026-06-11 18:00:00,67.17,67.32,66.67,66.8,40390.034065
2026-06-11 19:00:00,66.81,67.39,66.6,66.95,32130.551921
2026-06-11 20:00:00,66.94,67.05,66.35,66.59,19565.987589
2026-06-11 21:00:00,66.6,67.1,66.59,66.91,16507.599831
2026-06-11 22:00:00,66.91,67.13,66.87,66.89,16993.627375
2026-06-11 23:00:00,66.89,67.12,66.69,66.91,20779.835815
2026-06-12 00:00:00,66.92,67.09,66.74,66.88,15220.678188
2026-06-12 01:00:00,66.88,66.88,66.42,66.7,22957.844354
2026-06-12 02:00:00,66.7,67.3,66.68,67.13,22433.516203
2026-06-12 03:00:00,67.14,67.17,66.68,67.02,19965.373625
2026-06-12 04:00:00,67.03,67.24,66.85,67.05,17344.60706
2026-06-12 05:00:00,67.06,67.09,66.64,66.74,30118.697882
2026-06-12 06:00:00,66.75,66.82,65.94,66.12,32594.434712
2026-06-12 07:00:00,66.14,66.48,66.13,66.32,36036.836686
2026-06-12 08:00:00,66.32,67.07,66.31,66.91,24605.785142
2026-06-12 09:00:00,66.91,67.49,66.84,67.18,30888.835313
2026-06-12 10:00:00,67.18,67.35,66.58,66.79,31251.424661
2026-06-12 11:00:00,66.79,67.09,66.78,66.92,18192.419864
2026-06-12 12:00:00,66.93,66.99,66.64,66.77,22054.004602
2026-06-12 13:00:00,66.77,67.01,66.38,66.71,55570.479712
2026-06-12 14:00:00,66.73,67.99,66.63,67.93,74276.73134
2026-06-12 15:00:00,67.94,68.82,67.17,67.25,124356.639616
2026-06-12 16:00:00,67.26,68.02,67.08,68.0,56596.280911
2026-06-12 17:00:00,68.01,68.21,67.27,67.4,38043.335632
2026-06-12 18:00:00,67.41,67.48,67.01,67.06,27329.47926
2026-06-12 19:00:00,67.07,67.4,66.69,66.79,49679.679976
2026-06-12 20:00:00,66.79,66.83,66.52,66.67,28794.411567
2026-06-12 21:00:00,66.68,66.94,66.47,66.58,21726.324241
2026-06-12 22:00:00,66.58,66.76,66.46,66.63,14291.602784
2026-06-12 23:00:00,66.64,66.83,66.47,66.82,10121.77147
2026-06-13 00:00:00,66.83,67.09,66.78,66.98,11674.902654
2026-06-13 01:00:00,67.0,67.51,66.98,67.44,16723.667041
2026-06-13 02:00:00,67.46,67.5,66.87,66.98,16427.739034
2026-06-13 03:00:00,66.97,67.11,66.7,66.89,14139.827466
2026-06-13 04:00:00,66.89,66.97,66.65,66.67,7857.804226
2026-06-13 05:00:00,66.67,66.88,66.55,66.8,21128.362162
2026-06-13 06:00:00,66.8,67.22,66.67,67.16,12901.298314
2026-06-13 07:00:00,67.16,67.49,66.97,67.37,34136.205115
2026-06-13 08:00:00,67.37,67.56,67.26,67.33,21338.632246
2026-06-13 09:00:00,67.33,67.53,67.28,67.37,15978.714049
2026-06-13 10:00:00,67.37,67.6,67.34,67.44,10711.427098
2026-06-13 11:00:00,67.44,67.96,67.39,67.9,20010.148506
2026-06-13 12:00:00,67.9,68.06,67.78,67.97,17637.830547
2026-06-13 13:00:00,67.98,68.31,67.82,68.03,37221.853426
2026-06-13 14:00:00,68.02,68.43,67.99,68.27,18046.688699
2026-06-13 15:00:00,68.28,68.71,68.18,68.59,31624.511301
2026-06-13 16:00:00,68.6,68.63,67.84,68.09,37698.378189
2026-06-13 17:00:00,68.09,68.27,67.84,68.0,20386.380281
2026-06-13 18:00:00,68.0,68.37,67.98,68.12,17252.207275
2026-06-13 19:00:00,68.13,68.39,68.02,68.23,13229.471185
2026-06-13 20:00:00,68.24,68.29,68.06,68.29,7644.609157
2026-06-13 21:00:00,68.29,69.56,68.23,69.27,58035.706777
2026-06-13 22:00:00,69.27,69.29,68.88,68.9,31866.416237
2026-06-13 23:00:00,68.91,69.18,68.79,68.94,18865.492994
2026-06-14 00:00:00,68.93,68.93,68.65,68.75,14417.119586
2026-06-14 01:00:00,68.77,69.09,68.64,68.81,19759.824443
2026-06-14 02:00:00,68.82,69.09,68.72,68.84,12678.934126
2026-06-14 03:00:00,68.83,69.03,68.76,68.95,14213.256342
2026-06-14 04:00:00,68.95,69.01,68.44,68.52,32052.961634
2026-06-14 05:00:00,68.53,68.6,68.02,68.25,34755.540138
2026-06-14 06:00:00,68.26,68.51,68.11,68.2,16151.530386
2026-06-14 07:00:00,68.2,68.26,68.05,68.22,7819.317761
2026-06-14 08:00:00,68.23,68.36,68.12,68.27,10526.782515
2026-06-14 09:00:00,68.27,68.5,67.92,68.48,11599.203761
2026-06-14 10:00:00,68.49,68.52,68.16,68.16,11550.622495
2026-06-14 11:00:00,68.17,68.34,68.03,68.11,7580.812189
2026-06-14 12:00:00,68.11,68.17,67.71,67.79,17226.662774
2026-06-14 13:00:00,67.79,67.87,67.51,67.76,18101.309754
2026-06-14 14:00:00,67.77,67.82,66.95,67.26,24127.592935
2026-06-14 15:00:00,67.28,67.57,67.27,67.43,15473.032077
2026-06-14 16:00:00,67.44,67.75,67.42,67.49,10397.075944
2026-06-14 17:00:00,67.5,67.73,67.31,67.34,10927.002819
2026-06-14 18:00:00,67.34,67.49,67.21,67.41,5701.641256
2026-06-14 19:00:00,67.42,67.75,67.34,67.56,8953.412364
2026-06-14 20:00:00,67.56,68.07,67.45,67.81,11706.064707
2026-06-14 21:00:00,67.81,70.54,67.81,70.15,103597.605145
2026-06-14 22:00:00,70.16,70.73,69.69,70.45,57935.137254
2026-06-14 23:00:00,70.46,71.28,70.16,71.28,45818.851794
2026-06-15 00:00:00,71.28,71.72,70.95,71.14,47717.915546
2026-06-15 01:00:00,71.14,71.35,70.67,71.01,70417.252355
2026-06-15 02:00:00,71.02,71.58,70.91,70.98,20239.980001
2026-06-15 03:00:00,70.98,71.36,70.91,71.24,18166.983193
2026-06-15 04:00:00,71.25,71.28,70.89,70.93,20183.421711
2026-06-15 05:00:00,70.93,71.3,70.82,71.21,19537.770305
2026-06-15 06:00:00,71.21,71.49,71.1,71.35,38439.366287
2026-06-15 07:00:00,71.35,71.5,71.12,71.28,22751.845712
2026-06-15 08:00:00,71.28,71.62,71.17,71.29,25053.391279
2026-06-15 09:00:00,71.29,71.48,70.82,71.23,20054.433911
2026-06-15 10:00:00,71.23,72.14,71.2,71.88,48899.936608
2026-06-15 11:00:00,71.87,72.85,71.67,72.6,79009.676158
2026-06-15 12:00:00,72.61,73.0,72.31,72.84,43839.849966
2026-06-15 13:00:00,72.85,74.24,72.72,73.64,99102.603252
2026-06-15 14:00:00,73.63,73.98,73.2,73.8,48315.385312
2026-06-15 15:00:00,73.8,75.25,73.78,75.25,81211.175935
2026-06-15 16:00:00,75.25,76.09,74.96,75.47,84479.276306
2026-06-15 17:00:00,75.47,75.49,74.68,75.28,48176.580665
2026-06-15 18:00:00,75.29,75.7,75.11,75.3,39410.399527
2026-06-15 19:00:00,75.3,75.79,74.59,75.28,50820.429693
2026-06-15 20:00:00,75.27,75.46,74.77,74.96,22293.967566
2026-06-15 21:00:00,74.96,75.04,74.4,74.46,31791.597074
2026-06-15 22:00:00,74.46,74.6,73.63,73.77,27138.222265
2026-06-15 23:00:00,73.78,74.07,73.62,73.98,24814.406699
2026-06-16 00:00:00,73.97,74.39,73.86,74.04,22493.524944
2026-06-16 01:00:00,74.04,74.35,73.87,73.88,20376.400415
2026-06-16 02:00:00,73.89,73.9,72.79,73.03,42668.355871
2026-06-16 03:00:00,73.04,73.83,72.87,73.74,32657.800023
2026-06-16 04:00:00,73.74,73.93,73.21,73.36,26309.404699
2026-06-16 05:00:00,73.36,73.83,73.36,73.66,19905.474829
2026-06-16 06:00:00,73.66,74.31,73.66,74.19,21834.841817
2026-06-16 07:00:00,74.19,74.53,74.13,74.47,29492.804277
2026-06-16 08:00:00,74.47,75.64,74.35,75.39,42096.883839
2026-06-16 09:00:00,75.39,75.45,74.78,74.83,31525.391972
2026-06-16 10:00:00,74.84,75.12,74.68,74.69,28557.294127
2026-06-16 11:00:00,74.7,74.9,74.38,74.65,19337.687882
2026-06-16 12:00:00,74.67,75.54,74.5,74.95,27979.138344
2026-06-16 13:00:00,74.95,74.98,73.87,73.98,39076.352151
2026-06-16 14:00:00,74.0,74.29,72.32,72.98,73834.44728
2026-06-16 15:00:00,72.98,73.65,72.88,73.28,29540.218765
2026-06-16 16:00:00,73.29,73.49,73.02,73.1,36713.558854
2026-06-16 17:00:00,73.11,73.83,73.07,73.67,23676.372694
2026-06-16 18:00:00,73.68,74.34,73.58,74.01,38982.120612
2026-06-16 19:00:00,74.01,74.22,73.51,73.85,24991.418886
2026-06-16 20:00:00,73.84,74.25,73.69,74.15,10823.926016
2026-06-16 21:00:00,74.15,74.2,73.75,73.94,13111.838701
2026-06-16 22:00:00,73.94,74.1,73.62,73.85,6130.352385
2026-06-16 23:00:00,73.85,73.96,73.44,73.53,6918.387906
2026-06-17 00:00:00,73.55,73.78,73.33,73.37,13574.481206
2026-06-17 01:00:00,73.38,74.01,73.17,73.95,21853.976497
2026-06-17 02:00:00,73.94,74.45,73.7,74.06,16995.134541
2026-06-17 03:00:00,74.06,74.06,73.54,73.69,9652.964311
2026-06-17 04:00:00,73.7,74.11,73.61,73.84,9121.627394
2026-06-17 05:00:00,73.85,74.01,73.44,73.65,9172.093828
2026-06-17 06:00:00,73.66,73.83,73.19,73.41,20717.2315
2026-06-17 07:00:00,73.42,73.62,73.0,73.27,33092.914587
2026-06-17 08:00:00,73.28,73.3,72.16,72.35,41115.513895
2026-06-17 09:00:00,72.35,72.67,72.32,72.55,15385.367829
2026-06-17 10:00:00,72.55,72.69,72.12,72.16,13520.417362
2026-06-17 11:00:00,72.16,72.25,71.73,72.04,49692.897017
2026-06-17 12:00:00,72.05,72.35,71.6,72.35,45495.711749
2026-06-17 13:00:00,72.33,72.76,72.16,72.44,31504.811986
2026-06-17 14:00:00,72.43,72.66,71.84,72.38,38425.442582
2026-06-17 15:00:00,72.39,73.88,72.37,73.8,45543.985933
2026-06-17 16:00:00,73.81,74.69,73.71,73.77,44923.06663
2026-06-17 17:00:00,73.78,74.35,73.48,74.21,26565.337409
2026-06-17 18:00:00,74.19,74.37,72.2,73.5,130170.054894
2026-06-17 19:00:00,73.51,73.72,71.42,71.66,155180.754768
2026-06-17 20:00:00,71.65,72.24,71.54,72.19,45107.902178
2026-06-17 21:00:00,72.2,72.23,71.37,71.61,34953.006473
2026-06-17 22:00:00,71.61,71.94,70.83,71.7,28103.899093
2026-06-17 23:00:00,71.7,72.13,71.68,72.04,14129.636191
2026-06-18 00:00:00,72.04,72.51,72.02,72.22,17730.082851
2026-06-18 01:00:00,72.23,72.64,72.09,72.22,13147.968328
2026-06-18 02:00:00,72.23,72.67,72.11,72.53,18785.600477
2026-06-18 03:00:00,72.52,72.55,71.53,71.66,22939.526949
2026-06-18 04:00:00,71.66,71.72,70.9,71.06,31709.594299
2026-06-18 05:00:00,71.06,71.13,70.63,71.13,23245.823932
2026-06-18 06:00:00,71.13,71.41,70.99,71.34,17779.258484
2026-06-18 07:00:00,71.35,71.84,71.16,71.77,20601.970967
2026-06-18 08:00:00,71.78,72.06,71.63,71.87,16863.453912
2026-06-18 09:00:00,71.87,72.15,71.75,71.84,12663.441005
2026-06-18 10:00:00,71.84,71.85,71.1,71.39,34179.234493
2026-06-18 11:00:00,71.4,71.55,70.73,70.94,23860.738773
2026-06-18 12:00:00,70.94,71.61,70.89,71.57,16262.019447
2026-06-18 13:00:00,71.57,71.8,70.72,71.05,36027.687033
2026-06-18 14:00:00,71.05,71.71,70.71,71.09,42467.036529
2026-06-18 15:00:00,71.11,71.11,68.37,68.44,159391.073113
2026-06-18 16:00:00,68.45,69.13,68.39,69.07,61145.096159
2026-06-18 17:00:00,69.08,69.16,68.52,68.63,51531.90314
2026-06-18 18:00:00,68.64,68.98,68.24,68.67,51668.591323
2026-06-18 19:00:00,68.66,69.53,68.57,69.38,33695.445833
2026-06-18 20:00:00,69.39,69.96,69.39,69.82,25832.383041
2026-06-18 21:00:00,69.82,69.9,69.39,69.56,29380.212191
2026-06-18 22:00:00,69.56,69.68,69.26,69.52,15698.500706
2026-06-18 23:00:00,69.52,69.79,69.27,69.72,14706.497566
2026-06-19 00:00:00,69.72,69.89,69.56,69.79,13974.792164
2026-06-19 01:00:00,69.79,70.04,69.55,69.94,13565.837496
2026-06-19 02:00:00,69.94,70.08,69.43,69.66,11473.32736
2026-06-19 03:00:00,69.67,69.74,68.65,69.05,45974.969483
2026-06-19 04:00:00,69.06,69.26,68.2,68.33,30218.891636
2026-06-19 05:00:00,68.34,68.75,68.32,68.69,24519.111735
2026-06-19 06:00:00,68.7,68.85,68.47,68.76,26080.151473
2026-06-19 07:00:00,68.75,68.78,67.99,68.39,34845.075518
2026-06-19 08:00:00,68.39,68.75,68.24,68.69,24601.753212
2026-06-19 09:00:00,68.69,68.75,68.22,68.33,22111.725496
2026-06-19 10:00:00,68.33,68.46,68.06,68.32,19687.523468
2026-06-19 11:00:00,68.32,68.47,68.1,68.25,15576.879389
2026-06-19 12:00:00,68.26,68.72,67.92,68.62,34307.201008
2026-06-19 13:00:00,68.62,69.58,68.4,69.28,54712.554203
2026-06-19 14:00:00,69.27,69.47,68.83,69.15,48250.187538
2026-06-19 15:00:00,69.15,69.54,68.93,69.33,24401.713885
2026-06-19 16:00:00,69.34,69.57,68.7,68.72,21067.960905
2026-06-19 17:00:00,68.73,69.52,68.63,69.32,22280.218073
2026-06-19 18:00:00,69.33,69.37,68.8,69.06,10257.730117
2026-06-19 19:00:00,69.05,69.14,68.79,68.96,7961.207986
2026-06-19 20:00:00,68.98,69.3,68.74,69.26,16784.570884
2026-06-19 21:00:00,69.26,69.3,68.91,69.01,16318.26499
2026-06-19 22:00:00,69.02,69.45,68.98,69.41,15781.58493
2026-06-19 23:00:00,69.42,69.87,69.24,69.74,27235.616906
2026-06-20 00:00:00,69.73,70.12,69.62,69.64,30509.672049
2026-06-20 01:00:00,69.64,69.94,69.55,69.81,9106.360388
2026-06-20 02:00:00,69.8,69.87,69.48,69.65,6974.819468
2026-06-20 03:00:00,69.65,70.1,69.63,70.0,14365.826889
2026-06-20 04:00:00,70.01,71.08,69.89,70.86,45638.9802
2026-06-20 05:00:00,70.87,72.48,70.71,71.8,86238.262145
2026-06-20 06:00:00,71.8,72.38,71.7,72.1,42827.328158
2026-06-20 07:00:00,72.13,72.13,71.43,71.59,32766.937443
2026-06-20 08:00:00,71.6,71.64,71.27,71.34,22106.485582
2026-06-20 09:00:00,71.35,71.63,71.21,71.56,14504.858912
2026-06-20 10:00:00,71.56,71.71,71.41,71.69,15470.574514
2026-06-20 11:00:00,71.7,72.1,71.45,71.78,27638.360305
2026-06-20 12:00:00,71.79,71.94,71.4,71.55,22644.046829
2026-06-20 13:00:00,71.55,71.6,70.74,71.2,28866.501515
2026-06-20 14:00:00,71.2,72.19,70.46,71.94,65549.021623
2026-06-20 15:00:00,71.94,72.63,71.64,72.04,82848.972953
2026-06-20 16:00:00,72.05,72.07,71.34,71.67,35115.730331
2026-06-20 17:00:00,71.68,71.68,71.1,71.57,20991.969065
2026-06-20 18:00:00,71.57,71.98,71.54,71.77,22944.687342
2026-06-20 19:00:00,71.75,71.93,71.61,71.87,11250.388892
2026-06-20 20:00:00,71.87,72.06,71.71,72.03,9033.802546
2026-06-20 21:00:00,72.04,72.46,71.97,72.39,14572.789842
2026-06-20 22:00:00,72.4,74.3,72.36,73.57,67391.98867
2026-06-20 23:00:00,73.57,73.66,73.2,73.21,18176.253228
2026-06-21 00:00:00,73.22,73.28,73.01,73.21,14545.31263
2026-06-21 01:00:00,73.2,73.31,72.89,73.19,11565.199637
2026-06-21 02:00:00,73.19,73.39,73.08,73.34,8379.994156
2026-06-21 03:00:00,73.35,73.88,73.14,73.64,20340.014563
2026-06-21 04:00:00,73.63,73.85,73.39,73.45,31155.534566
2026-06-21 05:00:00,73.46,73.53,73.01,73.07,25435.806821
2026-06-21 06:00:00,73.07,73.36,73.05,73.24,59646.02186
2026-06-21 07:00:00,73.25,73.46,73.12,73.21,33708.771956
2026-06-21 08:00:00,73.21,73.26,72.74,73.15,17854.950925
2026-06-21 09:00:00,73.15,74.1,73.07,74.03,26615.436615
2026-06-21 10:00:00,74.04,74.4,73.87,73.9,26466.294144
2026-06-21 11:00:00,73.9,74.03,73.1,73.21,25710.376664
2026-06-21 12:00:00,73.2,73.69,72.93,73.64,26467.188589
2026-06-21 13:00:00,73.64,73.94,73.47,73.91,24490.475236
2026-06-21 14:00:00,73.91,74.15,73.65,74.1,19217.684736
2026-06-21 15:00:00,74.11,74.29,73.92,74.15,20469.540316
2026-06-21 16:00:00,74.14,74.67,73.8,74.34,32291.448687
2026-06-21 17:00:00,74.34,74.69,74.06,74.25,64262.112267
2026-06-21 18:00:00,74.26,74.45,73.88,74.22,21127.288775
2026-06-21 19:00:00,74.23,74.47,74.11,74.43,14000.660881
2026-06-21 20:00:00,74.44,74.56,73.35,73.44,31466.596222
2026-06-21 21:00:00,73.44,73.46,72.43,73.14,69167.178982
2026-06-21 22:00:00,73.14,73.25,72.64,73.06,26252.39225
2026-06-21 23:00:00,73.05,73.1,72.3,72.45,27269.024492
2026-06-22 00:00:00,72.46,73.58,72.46,73.37,30082.809572
2026-06-22 01:00:00,73.38,75.0,73.27,74.37,62670.317125
2026-06-22 02:00:00,74.38,74.46,73.77,73.83,18832.647899
2026-06-22 03:00:00,73.84,74.07,73.3,73.52,25718.401335
2026-06-22 04:00:00,73.53,73.91,73.37,73.87,13318.882176
2026-06-22 05:00:00,73.87,74.14,73.8,73.95,13335.413764
2026-06-22 06:00:00,73.96,74.21,73.57,73.71,16316.783797
2026-06-22 07:00:00,73.72,74.47,73.68,74.11,22315.790789
2026-06-22 08:00:00,74.11,74.33,73.72,73.9,15584.310187
2026-06-22 09:00:00,73.91,74.02,73.58,73.81,12565.481262
2026-06-22 10:00:00,73.81,74.02,73.59,73.77,13569.762158
2026-06-22 11:00:00,73.78,74.43,73.66,74.19,51593.682248
2026-06-22 12:00:00,74.19,74.56,74.03,74.42,40060.452221
2026-06-22 13:00:00,74.42,74.99,74.25,74.97,91912.720719
2026-06-22 14:00:00,74.99,75.0,73.2,73.43,100219.754237
2026-06-22 15:00:00,73.45,73.8,73.0,73.15,47254.087105
2026-06-22 16:00:00,73.16,73.22,72.56,72.95,46701.69348
2026-06-22 17:00:00,72.96,73.33,72.65,73.29,27008.492305
2026-06-22 18:00:00,73.28,73.57,72.59,72.65,72657.738216
2026-06-22 19:00:00,72.65,72.81,72.47,72.7,26092.741685
2026-06-22 20:00:00,72.71,72.96,72.49,72.83,14788.852544
2026-06-22 21:00:00,72.83,72.89,72.3,72.73,14460.658175
2026-06-22 22:00:00,72.74,72.96,71.36,72.12,50720.583602
2026-06-22 23:00:00,72.1,72.16,71.83,71.96,12628.878654
2026-06-23 00:00:00,71.96,72.02,71.47,71.88,20787.52836
2026-06-23 01:00:00,71.89,72.04,71.32,71.71,16216.902413
2026-06-23 02:00:00,71.72,72.05,71.56,72.0,16020.196937
2026-06-23 03:00:00,72.0,72.01,71.72,71.99,10605.552445
2026-06-23 04:00:00,71.99,72.02,71.38,71.46,17460.797145
2026-06-23 05:00:00,71.47,71.6,70.93,71.02,37432.716034
2026-06-23 06:00:00,71.04,71.07,69.68,70.32,81925.050344
2026-06-23 07:00:00,70.3,70.56,69.98,70.01,23790.888392
2026-06-23 08:00:00,70.01,70.13,68.14,68.71,155089.65938
2026-06-23 09:00:00,68.71,69.05,68.68,68.91,27703.567121
2026-06-23 10:00:00,68.92,69.21,68.61,68.81,24543.294452
2026-06-23 11:00:00,68.82,69.34,68.82,69.31,34781.026259
2026-06-23 12:00:00,69.31,69.37,68.85,68.97,29243.880974
2026-06-23 13:00:00,68.97,69.37,68.64,69.2,66721.617007
2026-06-23 14:00:00,69.2,69.67,69.08,69.19,49265.293323
2026-06-23 15:00:00,69.19,69.2,68.39,68.92,41132.497323
2026-06-23 16:00:00,68.92,69.4,68.81,68.89,29128.557825
2026-06-23 17:00:00,68.89,69.19,68.63,68.77,13561.417844
2026-06-23 18:00:00,68.78,69.04,68.69,68.92,12178.391279
2026-06-23 19:00:00,68.9,69.11,68.74,68.85,11627.546948
2026-06-23 20:00:00,68.87,69.07,68.84,69.01,7288.255885
2026-06-23 21:00:00,69.02,69.33,68.98,69.27,12354.408891
2026-06-23 22:00:00,69.28,69.84,69.24,69.56,23674.361113
2026-06-23 23:00:00,69.56,69.81,69.31,69.7,15605.680874
2026-06-24 00:00:00,69.7,70.14,69.6,69.99,29684.107613
2026-06-24 01:00:00,70.0,70.41,69.68,70.09,22818.893337
2026-06-24 02:00:00,70.1,70.15,69.43,69.46,21732.51242
2026-06-24 03:00:00,69.46,69.77,69.11,69.56,14871.697078
2026-06-24 04:00:00,69.58,69.67,69.0,69.59,21573.038992
2026-06-24 05:00:00,69.58,70.21,69.52,69.94,18087.016497
2026-06-24 06:00:00,69.94,70.04,69.7,69.74,9918.220944
2026-06-24 07:00:00,69.75,69.79,69.27,69.37,26107.375599
2026-06-24 08:00:00,69.38,69.62,69.24,69.47,63471.014472
2026-06-24 09:00:00,69.46,69.54,69.2,69.3,63309.088452
2026-06-24 10:00:00,69.31,69.34,68.95,69.05,32933.459428
2026-06-24 11:00:00,69.05,70.45,68.78,69.81,44326.553322
2026-06-24 12:00:00,69.83,69.92,69.42,69.45,17622.569669
2026-06-24 13:00:00,69.45,69.5,68.38,68.88,95314.097367
2026-06-24 14:00:00,68.86,69.42,68.6,68.87,52819.326789
2026-06-24 15:00:00,68.87,68.89,67.26,67.33,64669.560637
2026-06-24 16:00:00,67.32,68.03,66.3,66.54,149792.580637
2026-06-24 17:00:00,66.54,66.92,64.71,64.97,150625.817747
2026-06-24 18:00:00,64.98,66.49,64.81,66.02,61459.109368
2026-06-24 19:00:00,66.03,66.39,65.55,66.14,50650.820204
2026-06-24 20:00:00,66.13,68.01,65.98,67.68,82679.353356
2026-06-24 21:00:00,67.7,68.12,67.23,68.07,30825.185609
2026-06-24 22:00:00,68.08,68.55,67.69,67.84,28140.819532
2026-06-24 23:00:00,67.83,68.19,67.76,68.11,10489.326468
2026-06-25 00:00:00,68.12,68.32,67.53,67.72,20364.828864
2026-06-25 01:00:00,67.71,68.02,67.41,67.88,16886.453604
2026-06-25 02:00:00,67.88,67.94,67.62,67.73,10154.842018
2026-06-25 03:00:00,67.73,67.86,67.48,67.69,17121.403174
2026-06-25 04:00:00,67.7,68.52,67.49,68.45,33112.790975
2026-06-25 05:00:00,68.46,69.3,68.36,69.04,70133.111252
2026-06-25 06:00:00,69.04,69.66,69.01,69.47,40993.243473
2026-06-25 07:00:00,69.47,69.59,69.24,69.44,36289.001235
2026-06-25 08:00:00,69.44,69.44,68.99,69.05,31104.061068
2026-06-25 09:00:00,69.06,69.18,68.79,68.82,21130.962914
2026-06-25 10:00:00,68.82,68.88,68.15,68.31,27739.217553
2026-06-25 11:00:00,68.31,68.43,68.01,68.18,31582.90566
2026-06-25 12:00:00,68.18,68.92,67.78,68.31,55767.744162
2026-06-25 13:00:00,68.31,68.46,64.05,64.25,189376.743682
2026-06-25 14:00:00,64.25,67.15,64.25,66.37,196408.132343
2026-06-25 15:00:00,66.38,66.38,65.24,66.32,103345.199864
2026-06-25 16:00:00,66.32,67.05,65.66,65.97,58915.459096
2026-06-25 17:00:00,65.98,67.36,65.83,67.13,58270.436525
2026-06-25 18:00:00,67.12,67.16,65.92,66.2,51284.019574
2026-06-25 19:00:00,66.22,66.23,65.66,66.21,55642.078951
2026-06-25 20:00:00,66.22,66.81,66.09,66.29,34593.123807
2026-06-25 21:00:00,66.28,67.32,66.27,67.29,29726.868029
2026-06-25 22:00:00,67.27,67.34,66.93,67.16,16821.0322
2026-06-25 23:00:00,67.15,68.82,67.0,67.7,64991.466212
2026-06-26 00:00:00,67.72,68.1,67.62,67.74,30565.799298
2026-06-26 01:00:00,67.74,67.91,67.15,67.33,43393.118627
2026-06-26 02:00:00,67.33,67.37,65.93,66.21,104859.637624
2026-06-26 03:00:00,66.22,68.5,65.93,68.22,96818.529748
2026-06-26 04:00:00,68.21,68.38,67.97,68.07,29968.410197
2026-06-26 05:00:00,68.08,68.47,67.99,68.37,28856.338751
2026-06-26 06:00:00,68.37,70.06,68.01,70.01,114382.373112
2026-06-26 07:00:00,70.0,71.0,69.92,70.78,103781.771932
2026-06-26 08:00:00,70.78,70.88,69.72,69.93,72082.686341
2026-06-26 09:00:00,69.94,69.96,68.85,69.01,51885.716625
2026-06-26 10:00:00,69.02,69.25,68.66,68.78,31431.867114
2026-06-26 11:00:00,68.78,69.11,68.4,68.61,28290.077914
2026-06-26 12:00:00,68.62,69.73,68.38,68.87,73510.568699
2026-06-26 13:00:00,68.87,70.95,68.2,70.7,118254.016936
2026-06-26 14:00:00,70.7,71.98,70.25,70.47,143329.244744
2026-06-26 15:00:00,70.48,72.24,70.32,72.06,93492.801865
2026-06-26 16:00:00,72.06,73.57,72.02,72.5,138863.337337
2026-06-26 17:00:00,72.5,72.89,72.19,72.57,42655.227026
2026-06-26 18:00:00,72.57,73.1,72.38,72.6,30963.834922
2026-06-26 19:00:00,72.61,73.93,72.48,73.0,74229.078898
2026-06-26 20:00:00,73.01,73.68,72.07,72.18,84569.070163
2026-06-26 21:00:00,72.17,72.41,71.82,71.99,29427.164617
2026-06-26 22:00:00,71.99,72.09,71.44,71.83,31712.93573
2026-06-26 23:00:00,71.82,72.02,71.68,71.9,21252.717417
2026-06-27 00:00:00,71.91,72.56,71.57,71.82,43970.630054
2026-06-27 01:00:00,71.83,71.83,71.36,71.44,13060.960519
2026-06-27 02:00:00,71.44,72.29,71.39,72.13,30661.532994
2026-06-27 03:00:00,72.12,72.42,71.85,72.27,49719.991306
2026-06-27 04:00:00,72.26,72.58,71.9,71.94,16548.630441
2026-06-27 05:00:00,71.94,72.03,71.52,71.81,22160.270069
2026-06-27 06:00:00,71.81,72.32,71.63,72.13,24596.62355
2026-06-27 07:00:00,72.14,72.34,72.01,72.29,20555.472183
2026-06-27 08:00:00,72.3,72.33,71.88,72.03,18673.731526
2026-06-27 09:00:00,72.02,72.11,71.73,71.88,24237.753697
2026-06-27 10:00:00,71.87,72.06,71.83,72.04,15859.419153
2026-06-27 11:00:00,72.04,72.08,71.55,71.8,16817.073715
2026-06-27 12:00:00,71.81,72.18,71.65,72.18,14438.626447
2026-06-27 13:00:00,72.18,72.63,72.13,72.36,29339.466713
2026-06-27 14:00:00,72.36,72.92,72.23,72.72,29725.976878
2026-06-27 15:00:00,72.72,73.19,72.61,72.85,35986.453103
2026-06-27 16:00:00,72.85,73.01,72.65,72.65,25807.921574
2026-06-27 17:00:00,72.65,72.65,71.89,72.04,45765.366486
2026-06-27 18:00:00,72.04,72.17,71.76,71.91,21907.133837
2026-06-27 19:00:00,71.91,72.01,70.96,71.1,58594.591862
2026-06-27 20:00:00,71.1,71.34,71.08,71.29,18525.169419
2026-06-27 21:00:00,71.31,71.62,70.8,70.98,43130.901726
2026-06-27 22:00:00,70.98,71.09,70.26,71.07,62909.459743
2026-06-27 23:00:00,71.08,71.14,70.44,70.51,24615.975634
2026-06-28 00:00:00,70.51,70.8,70.47,70.71,11050.510946
2026-06-28 01:00:00,70.72,70.93,70.45,70.85,7885.061655
2026-06-28 02:00:00,70.85,71.01,70.5,70.72,11242.586008
2026-06-28 03:00:00,70.73,70.98,70.73,70.87,9362.952253
2026-06-28 04:00:00,70.87,70.98,70.56,70.77,7097.680901
2026-06-28 05:00:00,70.78,70.78,70.15,70.53,26282.584385
2026-06-28 06:00:00,70.54,70.58,70.19,70.45,10863.483853
2026-06-28 07:00:00,70.45,71.08,70.44,71.07,22752.340289
2026-06-28 08:00:00,71.06,72.19,71.06,71.91,50529.614687
2026-06-28 09:00:00,71.91,72.04,71.48,71.53,23930.115882
2026-06-28 10:00:00,71.54,71.62,71.1,71.47,27702.436508
2026-06-28 11:00:00,71.47,72.03,71.42,71.92,20295.43818
2026-06-28 12:00:00,71.91,72.41,71.65,71.89,20901.588033
2026-06-28 13:00:00,71.88,72.09,71.33,71.74,28401.321316
2026-06-28 14:00:00,71.74,72.19,71.65,71.65,19572.362384
2026-06-28 15:00:00,71.66,72.12,71.46,72.08,24701.333674
2026-06-28 16:00:00,72.08,72.13,71.16,71.57,39398.72302
2026-06-28 17:00:00,71.56,71.99,70.97,71.56,31922.343162
2026-06-28 18:00:00,71.56,71.71,71.0,71.17,14966.032269
2026-06-28 19:00:00,71.17,71.32,70.25,70.72,38232.165247
2026-06-28 20:00:00,70.71,71.29,70.65,70.92,26919.635703
2026-06-28 21:00:00,70.92,71.06,70.22,70.46,16670.757624
2026-06-28 22:00:00,70.46,71.53,69.73,70.23,55847.321054
2026-06-28 23:00:00,70.23,71.78,70.14,71.38,35027.221177
2026-06-29 00:00:00,71.4,71.69,70.35,71.66,58633.097747
2026-06-29 01:00:00,71.66,71.7,70.96,71.49,30380.722698
2026-06-29 02:00:00,71.49,72.21,70.52,72.19,54666.070098
2026-06-29 03:00:00,72.2,73.33,72.18,72.69,69050.0782
2026-06-29 04:00:00,72.69,72.71,71.65,71.7,27122.945536
2026-06-29 05:00:00,71.7,72.35,71.04,72.31,32818.515707
2026-06-29 06:00:00,72.32,73.12,72.22,72.39,48512.304806
2026-06-29 07:00:00,72.39,72.95,72.09,72.73,27017.735604
2026-06-29 08:00:00,72.72,73.0,72.38,72.72,42094.478137
2026-06-29 09:00:00,72.73,73.16,72.6,72.93,32651.994381
2026-06-29 10:00:00,72.94,73.68,72.94,73.24,48250.435341
2026-06-29 11:00:00,73.24,73.27,72.25,72.53,82798.329147
2026-06-29 12:00:00,72.54,74.55,72.13,73.51,183137.213313
2026-06-29 13:00:00,73.51,74.35,72.78,73.73,183591.689654
2026-06-29 14:00:00,73.74,73.96,72.31,73.73,175795.02929
2026-06-29 15:00:00,73.74,74.44,72.8,73.91,111895.602158
2026-06-29 16:00:00,73.92,74.18,72.91,74.04,68528.80892
2026-06-29 17:00:00,74.04,76.48,74.02,75.29,211291.55412
2026-06-29 18:00:00,75.31,75.83,75.15,75.6,42796.112153
2026-06-29 19:00:00,75.61,76.22,75.42,75.99,50090.660159
2026-06-29 20:00:00,75.99,76.03,75.28,75.38,31186.097331
2026-06-29 21:00:00,75.39,75.8,75.25,75.54,24336.902719
2026-06-29 22:00:00,75.54,75.65,75.05,75.28,23047.23745
2026-06-29 23:00:00,75.28,75.44,74.9,75.19,22626.148185
2026-06-30 00:00:00,75.16,75.23,74.19,74.43,38091.121484
2026-06-30 01:00:00,74.44,74.66,74.07,74.41,40746.435068
2026-06-30 02:00:00,74.42,74.83,74.05,74.59,13069.340503
2026-06-30 03:00:00,74.61,74.89,74.13,74.19,12645.017159
2026-06-30 04:00:00,74.19,74.26,73.71,74.03,36897.607759
2026-06-30 05:00:00,74.04,74.24,73.86,74.23,16467.383334
2026-06-30 06:00:00,74.24,74.26,73.9,74.18,11586.901699
2026-06-30 07:00:00,74.18,74.25,73.86,74.16,21443.862279
2026-06-30 08:00:00,74.15,74.22,73.33,73.63,89710.132604
2026-06-30 09:00:00,73.63,73.89,73.55,73.81,27456.1756
2026-06-30 10:00:00,73.82,73.9,73.49,73.7,17173.325981
2026-06-30 11:00:00,73.71,73.78,73.35,73.41,19429.757149
2026-06-30 12:00:00,73.41,73.43,72.08,72.1,54542.573081
2026-06-30 13:00:00,72.11,72.93,71.91,72.88,94820.630828
2026-06-30 14:00:00,72.86,73.93,72.74,72.96,60352.19106
2026-06-30 15:00:00,72.95,74.12,72.59,73.14,78621.777904
2026-06-30 16:00:00,73.16,73.72,72.73,73.5,40988.157767
2026-06-30 17:00:00,73.53,73.92,73.18,73.19,28474.964316
2026-06-30 18:00:00,73.2,73.81,72.96,73.6,21911.323718
2026-06-30 19:00:00,73.58,73.96,73.36,73.77,19783.826119
2026-06-30 20:00:00,73.75,73.95,73.53,73.7,17732.27612
2026-06-30 21:00:00,73.7,73.8,73.2,73.5,19207.934018
2026-06-30 22:00:00,73.51,73.75,73.28,73.42,16525.939641
2026-06-30 23:00:00,73.44,73.71,73.33,73.67,8390.671013
2026-07-01 00:00:00,73.68,73.89,73.37,73.65,17856.8676
2026-07-01 01:00:00,73.64,74.36,72.26,73.94,58254.917524
2026-07-01 02:00:00,73.95,75.03,73.79,74.78,47943.770395
2026-07-01 03:00:00,74.78,75.69,74.36,75.48,44578.128813
2026-07-01 04:00:00,75.48,75.86,75.25,75.57,36804.034875
2026-07-01 05:00:00,75.57,75.79,75.16,75.25,34173.535277
2026-07-01 06:00:00,75.25,75.27,73.97,74.31,65322.758398
2026-07-01 07:00:00,74.32,74.95,74.1,74.88,44732.497441
2026-07-01 08:00:00,74.88,75.51,74.46,75.44,47209.909789
2026-07-01 09:00:00,75.44,75.59,75.07,75.47,61774.148377
2026-07-01 10:00:00,75.46,75.56,74.99,75.0,35904.242217
2026-07-01 11:00:00,75.0,75.32,74.65,74.84,31912.945983
2026-07-01 12:00:00,74.86,74.98,74.28,74.6,45665.558557
2026-07-01 13:00:00,74.61,76.17,74.61,76.05,99916.265513
2026-07-01 14:00:00,76.03,77.26,75.66,76.98,117108.599608
2026-07-01 15:00:00,76.96,77.81,76.85,77.43,77932.451858
2026-07-01 16:00:00,77.43,78.25,76.9,77.18,74751.764413
2026-07-01 17:00:00,77.17,77.95,76.85,77.78,53595.862769
2026-07-01 18:00:00,77.78,77.92,77.3,77.44,37299.140811
2026-07-01 19:00:00,77.44,77.69,76.82,77.01,29357.763332
2026-07-01 20:00:00,77.01,77.52,76.6,77.42,48165.999325
2026-07-01 21:00:00,77.42,78.71,77.42,78.42,63053.991001
2026-07-01 22:00:00,78.41,78.96,77.78,77.88,59284.659076
2026-07-01 23:00:00,77.87,77.89,77.27,77.45,48654.098016
2026-07-02 00:00:00,77.46,77.48,76.9,77.27,32673.892279
2026-07-02 01:00:00,77.28,78.71,77.23,78.18,42263.583852
2026-07-02 02:00:00,78.19,78.6,77.82,78.43,21090.744347
2026-07-02 03:00:00,78.44,78.98,77.95,78.72,58168.219558
2026-07-02 04:00:00,78.72,78.73,78.07,78.28,24358.963901
2026-07-02 05:00:00,78.29,78.35,77.8,78.12,29425.171068
2026-07-02 06:00:00,78.13,78.64,77.77,77.92,23368.766692
2026-07-02 07:00:00,77.92,78.19,77.61,77.99,25200.846392
2026-07-02 08:00:00,78.0,78.5,77.94,78.48,25305.986108
2026-07-02 09:00:00,78.48,79.8,78.3,79.47,91006.254357
2026-07-02 10:00:00,79.47,82.19,79.43,82.09,204818.739306
2026-07-02 11:00:00,82.09,82.78,81.52,82.4,169819.82931
2026-07-02 12:00:00,82.38,82.45,81.13,81.4,149622.901952
2026-07-02 13:00:00,81.42,82.0,80.73,81.52,136979.625641
2026-07-02 14:00:00,81.53,81.54,80.14,80.55,106381.285871
2026-07-02 15:00:00,80.55,80.92,80.1,80.87,45346.383837
2026-07-02 16:00:00,80.88,81.11,80.16,80.56,46356.543518
2026-07-02 17:00:00,80.55,81.29,80.51,80.64,38780.813826
2026-07-02 18:00:00,80.65,81.25,80.64,81.04,25014.575029
2026-07-02 19:00:00,81.04,81.29,80.8,80.84,23007.990514
2026-07-02 20:00:00,80.84,81.1,80.6,81.03,20161.769628
2026-07-02 21:00:00,81.03,81.17,80.5,80.8,20571.950302
2026-07-02 22:00:00,80.79,80.89,80.43,80.67,26692.061814
2026-07-02 23:00:00,80.66,80.78,80.51,80.73,9552.272144
2026-07-03 00:00:00,80.73,80.96,80.54,80.75,20286.975792
2026-07-03 01:00:00,80.76,81.71,80.72,81.48,31967.590726
2026-07-03 02:00:00,81.5,81.69,80.68,80.81,22375.519017
2026-07-03 03:00:00,80.81,81.0,80.33,80.73,17786.32646
2026-07-03 04:00:00,80.74,80.82,80.48,80.52,11553.200994
2026-07-03 05:00:00,80.52,81.26,80.48,81.16,22145.057248
2026-07-03 06:00:00,81.17,81.39,80.75,80.97,27386.26031
2026-07-03 07:00:00,80.97,81.54,80.83,81.24,17224.406925
2026-07-03 08:00:00,81.25,81.53,80.85,80.93,31459.447173
2026-07-03 09:00:00,80.92,81.3,80.69,81.04,16438.093632
2026-07-03 10:00:00,81.03,81.87,80.86,81.56,48100.006013
2026-07-03 11:00:00,81.56,81.7,81.25,81.56,20724.702103
2026-07-03 12:00:00,81.57,81.77,81.23,81.53,21428.307418
2026-07-03 13:00:00,81.53,81.9,81.44,81.6,22453.652327
2026-07-03 14:00:00,81.61,81.81,80.93,81.7,32855.102908
2026-07-03 15:00:00,81.71,82.06,81.15,81.22,28408.118554
2026-07-03 16:00:00,81.22,81.57,81.07,81.54,19290.68536
2026-07-03 17:00:00,81.55,81.99,81.48,81.78,21181.541661
2026-07-03 18:00:00,81.79,82.4,81.65,82.11,21586.541668
2026-07-03 19:00:00,82.12,83.23,82.08,82.51,63357.556474
2026-07-03 20:00:00,82.49,83.0,82.24,82.73,43166.781379
2026-07-03 21:00:00,82.73,83.06,82.18,82.66,37462.14429
2026-07-03 22:00:00,82.67,82.69,82.27,82.36,19053.370996
2026-07-03 23:00:00,82.36,82.5,82.19,82.36,8355.014571
2026-07-04 00:00:00,82.35,82.73,82.26,82.4,17411.428087
2026-07-04 01:00:00,82.4,82.41,81.81,81.95,22801.510616
2026-07-04 02:00:00,81.95,82.4,81.91,82.18,10156.951325
2026-07-04 03:00:00,82.19,82.85,82.05,82.72,27017.79118
2026-07-04 04:00:00,82.73,83.98,82.66,83.47,68252.997739
2026-07-04 05:00:00,83.49,83.49,82.91,83.37,28959.114805
2026-07-04 06:00:00,83.37,83.59,82.47,82.56,38703.248116
2026-07-04 07:00:00,82.57,82.84,82.25,82.72,23805.390817
2026-07-04 08:00:00,82.72,82.79,82.26,82.32,25268.972788
2026-07-04 09:00:00,82.32,82.34,81.61,81.75,38944.917972
2026-07-04 10:00:00,81.74,81.94,81.43,81.66,24528.671299
2026-07-04 11:00:00,81.65,81.93,81.55,81.83,19407.92975
2026-07-04 12:00:00,81.84,82.0,81.35,81.6,26318.466899
2026-07-04 13:00:00,81.61,81.93,81.38,81.66,22082.341823
2026-07-04 14:00:00,81.65,81.87,81.56,81.82,18151.5415
2026-07-04 15:00:00,81.82,82.42,81.72,82.24,57085.136765
2026-07-04 16:00:00,82.25,82.39,82.0,82.22,39893.675597
2026-07-04 17:00:00,82.23,82.83,81.9,82.54,38859.620579
2026-07-04 18:00:00,82.54,82.63,82.1,82.27,17856.166577
2026-07-04 19:00:00,82.28,82.35,81.71,81.89,26071.158918
2026-07-04 20:00:00,81.89,82.18,81.59,81.98,24024.532502
2026-07-04 21:00:00,81.99,82.23,81.84,82.0,9615.029514
2026-07-04 22:00:00,82.0,82.03,81.8,81.93,8454.022502
2026-07-04 23:00:00,81.94,81.94,81.46,81.8,17075.127604
2026-07-05 00:00:00,81.8,81.81,81.13,81.32,27458.966374
2026-07-05 01:00:00,81.33,81.46,80.58,80.85,43186.459072
2026-07-05 02:00:00,80.84,80.88,80.21,80.37,41668.339356
2026-07-05 03:00:00,80.38,80.62,80.36,80.57,15661.92746
2026-07-05 04:00:00,80.57,80.88,80.42,80.6,20377.969169
2026-07-05 05:00:00,80.6,80.6,80.25,80.48,13501.304778
2026-07-05 06:00:00,80.47,80.64,80.34,80.59,9307.356832
2026-07-05 07:00:00,80.6,80.78,80.37,80.71,24734.037899
2026-07-05 08:00:00,80.72,80.87,80.45,80.49,13850.476197
2026-07-05 09:00:00,80.5,80.55,79.67,79.89,52635.774734
2026-07-05 10:00:00,79.9,80.47,79.75,80.44,30507.463397
2026-07-05 11:00:00,80.44,80.67,80.36,80.56,42825.4686
2026-07-05 12:00:00,80.57,81.3,80.37,80.77,31799.183812
2026-07-05 13:00:00,80.78,81.25,80.67,81.24,19382.286723
2026-07-05 14:00:00,81.25,81.61,81.04,81.45,25512.225586
2026-07-05 15:00:00,81.46,81.77,81.13,81.35,15170.437886
2026-07-05 16:00:00,81.36,81.54,80.91,81.1,29895.501525
2026-07-05 17:00:00,81.1,81.39,81.02,81.14,17779.780473
2026-07-05 18:00:00,81.15,81.27,81.01,81.01,10116.85578
2026-07-05 19:00:00,81.01,81.14,80.82,81.05,15837.303006
2026-07-05 20:00:00,81.05,81.17,80.97,81.09,5327.744677
2026-07-05 21:00:00,81.09,82.32,80.77,81.79,43287.108529
2026-07-05 22:00:00,81.79,82.43,81.64,81.83,87821.322513
2026-07-05 23:00:00,81.83,82.08,81.46,81.59,31371.758915
2026-07-06 00:00:00,81.59,82.25,81.13,82.2,42432.188318
2026-07-06 01:00:00,82.21,82.35,81.49,81.54,21271.819566
2026-07-06 02:00:00,81.55,81.69,80.83,81.03,41762.356434
2026-07-06 03:00:00,81.02,81.06,80.46,80.81,42195.694034
2026-07-06 04:00:00,80.81,81.02,80.71,80.84,25714.593165
2026-07-06 05:00:00,80.83,80.84,80.17,80.43,27475.178926
2026-07-06 06:00:00,80.43,80.54,80.26,80.37,20509.245626
2026-07-06 07:00:00,80.37,81.05,80.28,80.84,38383.686826
2026-07-06 08:00:00,80.84,81.1,80.3,80.49,18394.642732
2026-07-06 09:00:00,80.5,80.5,80.07,80.08,15445.048814
2026-07-06 10:00:00,80.08,80.71,80.06,80.68,31567.088641
2026-07-06 11:00:00,80.69,81.0,80.38,80.4,34444.344602
2026-07-06 12:00:00,80.39,80.64,79.32,79.47,123889.921235
2026-07-06 13:00:00,79.47,80.92,79.25,80.18,73736.209461
2026-07-06 14:00:00,80.17,80.78,79.86,80.29,48223.698955
2026-07-06 15:00:00,80.3,81.55,80.3,81.49,72061.667016
2026-07-06 16:00:00,81.5,82.4,81.28,82.1,100012.538511
2026-07-06 17:00:00,82.1,82.18,81.46,81.65,41147.638078
2026-07-06 18:00:00,81.66,82.3,81.32,82.0,36384.189625
2026-07-06 19:00:00,82.01,82.17,81.82,82.07,17005.514794
2026-07-06 20:00:00,82.08,82.24,81.68,82.1,15333.115799
2026-07-06 21:00:00,82.1,83.79,82.06,82.82,80727.748344
2026-07-06 22:00:00,82.83,82.88,82.25,82.31,17893.784666
2026-07-06 23:00:00,82.32,82.42,81.91,81.94,14995.41988
2026-07-07 00:00:00,81.94,82.48,81.82,82.36,28300.830759
2026-07-07 01:00:00,82.37,82.37,81.81,81.9,28251.152751
2026-07-07 02:00:00,81.91,81.99,81.29,81.35,20890.874459
2026-07-07 03:00:00,81.36,81.47,80.95,81.06,24883.009181
2026-07-07 04:00:00,81.05,81.09,80.66,80.91,17416.13155
2026-07-07 05:00:00,80.92,81.22,80.47,81.11,24784.92739
2026-07-07 06:00:00,81.1,81.65,80.81,81.56,27793.467298
2026-07-07 07:00:00,81.56,81.75,81.34,81.5,17273.267838
2026-07-07 08:00:00,81.5,81.59,81.2,81.28,43258.407661
2026-07-07 09:00:00,81.28,81.49,81.14,81.31,32765.703835
2026-07-07 10:00:00,81.31,81.58,80.92,80.99,31945.631102
2026-07-07 11:00:00,81.0,81.41,80.75,81.32,16511.102554
2026-07-07 12:00:00,81.33,82.0,81.31,81.45,39532.420566
2026-07-07 13:00:00,81.46,81.62,80.67,80.84,43695.563374
2026-07-07 14:00:00,80.85,81.9,80.51,81.79,49405.797432
2026-07-07 15:00:00,81.8,82.35,81.49,82.11,39338.856626
2026-07-07 16:00:00,82.12,82.56,81.83,82.21,20089.100671
2026-07-07 17:00:00,82.21,82.79,82.08,82.71,29461.939501
2026-07-07 18:00:00,82.72,82.72,81.26,81.31,26926.57165
2026-07-07 19:00:00,81.3,81.58,80.77,81.37,30801.139589
2026-07-07 20:00:00,81.39,81.5,81.02,81.17,11052.785945
2026-07-07 21:00:00,81.18,81.42,80.56,80.82,15841.722303
2026-07-07 22:00:00,80.82,81.09,80.33,80.88,20185.91418
2026-07-07 23:00:00,80.86,81.14,80.51,80.56,12648.467781
2026-07-08 00:00:00,80.55,80.77,80.36,80.38,22717.273392
2026-07-08 01:00:00,80.39,80.43,78.84,79.1,83017.812266
2026-07-08 02:00:00,79.1,79.19,78.22,79.06,61448.565268
2026-07-08 03:00:00,79.08,79.34,78.63,78.74,34212.888023
2026-07-08 04:00:00,78.74,78.94,78.36,78.64,21277.550874
2026-07-08 05:00:00,78.65,78.81,78.34,78.43,31057.171295
2026-07-08 06:00:00,78.44,78.45,77.94,78.21,33763.767946
2026-07-08 07:00:00,78.22,78.34,77.81,78.3,50206.472761
2026-07-08 08:00:00,78.3,78.43,76.9,77.26,112397.024474
2026-07-08 09:00:00,77.27,77.51,77.02,77.19,24682.860669
2026-07-08 10:00:00,77.2,77.49,76.95,77.33,20853.207361
2026-07-08 11:00:00,77.34,77.71,77.1,77.56,25301.649687
2026-07-08 12:00:00,77.56,77.66,77.01,77.01,22146.498055
2026-07-08 13:00:00,77.03,77.46,76.65,77.31,45629.913652
2026-07-08 14:00:00,77.29,77.42,76.7,77.11,40785.439536
2026-07-08 15:00:00,77.12,77.15,76.28,76.76,44230.112016
2026-07-08 16:00:00,76.76,77.37,76.76,77.29,29840.322245
2026-07-08 17:00:00,77.29,77.68,77.04,77.15,21128.482071
2026-07-08 18:00:00,77.14,77.36,76.83,77.15,16831.260477
2026-07-08 19:00:00,77.16,77.5,76.96,77.42,15612.984174
2026-07-08 20:00:00,77.43,77.56,77.06,77.18,11240.766467
2026-07-08 21:00:00,77.19,77.34,76.93,77.25,11790.57314
2026-07-08 22:00:00,77.26,77.58,77.19,77.55,10545.328049
2026-07-08 23:00:00,77.54,77.95,77.44,77.83,14167.121097
2026-07-09 00:00:00,77.83,77.89,77.52,77.72,18014.533436
2026-07-09 01:00:00,77.72,78.78,77.22,77.35,56087.511569
2026-07-09 02:00:00,77.36,77.84,76.99,77.07,26420.161396
2026-07-09 03:00:00,77.07,77.39,76.72,77.38,21345.60295
2026-07-09 04:00:00,77.38,78.04,77.2,77.99,21371.846297
2026-07-09 05:00:00,77.98,78.4,77.74,78.4,27602.239497
2026-07-09 06:00:00,78.4,78.6,78.12,78.49,29896.700798
2026-07-09 07:00:00,78.49,78.83,78.13,78.21,33168.7897
2026-07-09 08:00:00,78.21,78.4,77.96,78.12,19353.083166
2026-07-09 09:00:00,78.12,78.2,77.86,78.14,12984.040337
2026-07-09 10:00:00,78.14,78.21,77.52,77.69,22150.383689
2026-07-09 11:00:00,77.7,77.78,77.32,77.62,26483.272502
2026-07-09 12:00:00,77.62,78.22,77.44,77.64,82738.827197
2026-07-09 13:00:00,77.64,78.49,77.35,78.23,29478.969524
2026-07-09 14:00:00,78.23,78.36,77.58,77.89,27204.716537
2026-07-09 15:00:00,77.91,78.19,77.51,77.62,23461.060252
2026-07-09 16:00:00,77.62,77.82,77.25,77.69,19226.906864
2026-07-09 17:00:00,77.69,78.16,77.64,78.07,19140.603092
2026-07-09 18:00:00,78.07,78.44,78.02,78.2,16705.797819
2026-07-09 19:00:00,78.21,78.31,77.91,78.16,10249.265622
2026-07-09 20:00:00,78.17,78.3,77.98,78.15,8227.497732
2026-07-09 21:00:00,78.16,78.29,77.91,78.06,7314.071207
2026-07-09 22:00:00,78.06,78.28,78.0,78.11,6622.599786
2026-07-09 23:00:00,78.11,78.21,77.78,78.04,9366.253258
2026-07-10 00:00:00,78.04,78.15,77.8,78.1,15239.021238
2026-07-10 01:00:00,78.11,79.45,77.94,79.06,48177.522941
2026-07-10 02:00:00,79.08,79.15,78.83,79.04,21506.083314
2026-07-10 03:00:00,79.04,79.14,78.69,79.04,23935.051258
2026-07-10 04:00:00,79.07,79.1,78.84,78.98,12019.021634
2026-07-10 05:00:00,78.98,79.35,78.88,79.19,21144.767173
2026-07-10 06:00:00,79.19,79.24,78.88,78.91,11588.368293
2026-07-10 07:00:00,78.92,79.08,78.74,78.87,13907.208021
2026-07-10 08:00:00,78.87,79.42,78.8,79.21,28361.363779
2026-07-10 09:00:00,79.2,79.37,78.95,79.23,14977.233954
2026-07-10 10:00:00,79.23,79.67,79.14,79.4,26060.14733
2026-07-10 11:00:00,79.4,79.52,79.19,79.38,17852.289434
2026-07-10 12:00:00,79.38,79.55,78.91,78.92,26758.645658
2026-07-10 13:00:00,78.93,79.36,78.76,78.98,33330.380253
2026-07-10 14:00:00,78.97,78.98,77.08,77.91,234176.954306
2026-07-10 15:00:00,77.9,78.36,77.78,78.12,31381.74337
2026-07-10 16:00:00,78.14,78.25,77.65,78.14,17355.158551
2026-07-10 17:00:00,78.14,78.18,77.58,77.59,16002.816992
2026-07-10 18:00:00,77.58,77.89,77.34,77.53,17253.553415
2026-07-10 19:00:00,77.52,78.05,77.46,77.89,14351.083835
2026-07-10 20:00:00,77.89,77.99,77.72,77.75,9320.494023
2026-07-10 21:00:00,77.75,78.1,77.73,77.99,8057.371126
2026-07-10 22:00:00,77.99,78.28,77.94,78.16,11562.815205
2026-07-10 23:00:00,78.17,78.18,77.94,78.13,6676.74841
2026-07-11 00:00:00,78.13,78.13,77.79,77.84,8417.993775
2026-07-11 01:00:00,77.84,78.07,77.48,77.53,16993.158484
2026-07-11 02:00:00,77.54,77.82,77.5,77.79,7232.42298
2026-07-11 03:00:00,77.79,77.88,77.61,77.79,10776.703305
2026-07-11 04:00:00,77.79,77.86,77.64,77.73,7268.881629
2026-07-11 05:00:00,77.74,77.97,77.6,77.9,5701.512915
2026-07-11 06:00:00,77.9,78.11,77.78,78.05,9927.563414
2026-07-11 07:00:00,78.05,78.1,77.93,77.97,6886.397544
2026-07-11 08:00:00,77.98,78.18,77.94,78.17,10400.533386
2026-07-11 09:00:00,78.17,78.34,77.83,77.84,19978.925401
2026-07-11 10:00:00,77.83,78.1,77.66,78.05,22436.681239
2026-07-11 11:00:00,78.06,78.14,77.98,78.1,5257.61853
2026-07-11 12:00:00,78.11,78.22,77.95,78.09,7272.250787
2026-07-11 13:00:00,78.09,78.45,78.03,78.17,10759.255059
2026-07-11 14:00:00,78.18,78.72,78.16,78.5,18987.048161
2026-07-11 15:00:00,78.5,78.89,77.95,78.39,40306.938556
2026-07-11 16:00:00,78.39,78.4,77.66,77.95,41939.676913
2026-07-11 17:00:00,77.95,78.2,77.83,78.1,12625.49309
2026-07-11 18:00:00,78.09,78.32,78.01,78.08,8233.809404
2026-07-11 19:00:00,78.09,78.15,77.88,78.14,6809.049815
2026-07-11 20:00:00,78.14,78.27,78.11,78.16,4387.091028
2026-07-11 21:00:00,78.17,78.33,78.14,78.22,8983.143698
2026-07-11 22:00:00,78.23,78.27,77.75,77.9,11791.621372
2026-07-11 23:00:00,77.89,77.93,76.78,76.78,53953.870262
2026-07-12 00:00:00,76.78,76.88,75.64,76.1,66942.177412
2026-07-12 01:00:00,76.11,76.87,76.04,76.84,36365.355855
2026-07-12 02:00:00,76.83,76.91,76.63,76.85,10134.798147
2026-07-12 03:00:00,76.85,77.08,76.74,77.05,17044.278075
2026-07-12 04:00:00,77.06,77.08,76.61,76.71,9629.534777
2026-07-12 05:00:00,76.71,76.82,76.39,76.44,14975.108223
2026-07-12 06:00:00,76.43,76.43,75.86,76.37,32721.360351
2026-07-12 07:00:00,76.37,76.71,76.31,76.52,11974.104841
2026-07-12 08:00:00,76.51,76.83,76.47,76.7,10153.789889
2026-07-12 09:00:00,76.71,76.91,76.41,76.76,12866.581019
2026-07-12 10:00:00,76.76,76.86,76.66,76.71,11936.370921
2026-07-12 11:00:00,76.72,77.26,76.54,76.95,12859.362242
2026-07-12 12:00:00,76.94,77.24,76.79,77.18,15394.019204
2026-07-12 13:00:00,77.17,77.48,77.12,77.16,21080.755401
2026-07-12 14:00:00,77.16,77.72,76.98,77.55,20154.29179
2026-07-12 15:00:00,77.55,77.62,77.28,77.47,22185.74091
2026-07-12 16:00:00,77.48,77.67,77.39,77.55,16460.116829
2026-07-12 17:00:00,77.55,77.62,77.24,77.35,6480.015696
2026-07-12 18:00:00,77.36,77.65,77.23,77.58,10827.23356
2026-07-12 19:00:00,77.58,77.78,77.44,77.69,10253.863297
2026-07-12 20:00:00,77.69,77.73,77.44,77.47,5553.811178
2026-07-12 21:00:00,77.47,77.69,76.98,77.11,17063.267826
2026-07-12 22:00:00,77.1,77.1,76.48,76.76,23007.726247
2026-07-12 23:00:00,76.77,76.95,76.66,76.91,11523.262396
2026-07-13 00:00:00,76.91,78.22,76.83,77.51,50111.529622
2026-07-13 01:00:00,77.52,77.65,76.28,76.31,29547.810136
2026-07-13 02:00:00,76.32,76.66,76.13,76.55,22173.759231
