timestamp,open,high,low,close,volume
2025-10-31 23:00:00,5.754,5.757,5.73,5.744,17972.455762
2025-11-01 00:00:00,5.747,5.782,5.729,5.782,21244.956312
2025-11-01 01:00:00,5.78,5.786,5.752,5.753,10835.062636
2025-11-01 02:00:00,5.752,5.793,5.738,5.79,20911.026889
2025-11-01 03:00:00,5.79,5.827,5.788,5.815,27590.920002
2025-11-01 04:00:00,5.815,5.823,5.78,5.787,9312.639284
2025-11-01 05:00:00,5.787,5.79,5.724,5.741,50987.848862
2025-11-01 06:00:00,5.742,5.78,5.742,5.776,12620.436133
2025-11-01 07:00:00,5.78,5.812,5.765,5.808,30380.212474
2025-11-01 08:00:00,5.807,5.831,5.794,5.829,11213.470322
2025-11-01 09:00:00,5.831,5.838,5.796,5.814,23764.288961
2025-11-01 10:00:00,5.816,5.888,5.815,5.841,39839.941153
2025-11-01 11:00:00,5.846,5.86,5.817,5.84,16072.020795
2025-11-01 12:00:00,5.842,5.859,5.837,5.849,12381.881023
2025-11-01 13:00:00,5.85,5.873,5.801,5.835,69451.134463
2025-11-01 14:00:00,5.835,5.856,5.781,5.81,63517.830262
2025-11-01 15:00:00,5.813,5.863,5.808,5.854,24695.455629
2025-11-01 16:00:00,5.856,5.896,5.839,5.871,40296.907236
2025-11-01 17:00:00,5.872,5.877,5.838,5.844,13970.22189
2025-11-01 18:00:00,5.844,5.852,5.831,5.84,22195.791239
2025-11-01 19:00:00,5.84,5.843,5.819,5.843,9976.290294
2025-11-01 20:00:00,5.844,5.868,5.841,5.847,3795.616988
2025-11-01 21:00:00,5.848,5.867,5.805,5.808,10566.141412
2025-11-01 22:00:00,5.809,5.867,5.809,5.863,9740.334799
2025-11-01 23:00:00,5.862,5.871,5.849,5.867,16602.269155
2025-11-02 00:00:00,5.867,5.867,5.838,5.85,7236.354133
2025-11-02 01:00:00,5.85,5.86,5.827,5.838,7533.321639
2025-11-02 02:00:00,5.835,5.872,5.827,5.843,11756.972595
2025-11-02 03:00:00,5.842,5.855,5.83,5.837,3917.988272
2025-11-02 04:00:00,5.835,5.883,5.82,5.883,70790.008482
2025-11-02 05:00:00,5.882,5.883,5.846,5.878,10413.845541
2025-11-02 06:00:00,5.878,5.893,5.865,5.886,13077.81011
2025-11-02 07:00:00,5.885,5.927,5.873,5.914,11713.588291
2025-11-02 08:00:00,5.915,5.923,5.864,5.871,15047.262785
2025-11-02 09:00:00,5.873,5.9,5.831,5.839,15393.835839
2025-11-02 10:00:00,5.839,5.854,5.797,5.835,19194.871978
2025-11-02 11:00:00,5.834,5.892,5.833,5.889,11270.212713
2025-11-02 12:00:00,5.889,5.891,5.856,5.86,10512.657619
2025-11-02 13:00:00,5.86,5.864,5.8,5.822,34569.74544
2025-11-02 14:00:00,5.819,5.831,5.718,5.749,45738.28319
2025-11-02 15:00:00,5.748,5.79,5.728,5.76,23316.799707
2025-11-02 16:00:00,5.759,5.805,5.713,5.805,30447.326404
2025-11-02 17:00:00,5.805,5.806,5.737,5.762,24864.921673
2025-11-02 18:00:00,5.768,5.776,5.746,5.748,6210.760676
2025-11-02 19:00:00,5.748,5.758,5.725,5.75,9491.06743
2025-11-02 20:00:00,5.751,5.758,5.741,5.754,4587.556955
2025-11-02 21:00:00,5.756,5.787,5.75,5.781,5789.054971
2025-11-02 22:00:00,5.78,5.809,5.758,5.784,11700.312218
2025-11-02 23:00:00,5.785,5.877,5.785,5.863,33945.320512
2025-11-03 00:00:00,5.861,5.888,5.787,5.794,34623.836159
2025-11-03 01:00:00,5.788,5.793,5.728,5.74,18223.874288
2025-11-03 02:00:00,5.74,5.745,5.663,5.694,46222.597002
2025-11-03 03:00:00,5.69,5.704,5.45,5.461,216865.272541
2025-11-03 04:00:00,5.459,5.459,5.384,5.415,177338.977288
2025-11-03 05:00:00,5.418,5.469,5.316,5.322,176103.145356
2025-11-03 06:00:00,5.321,5.367,5.281,5.351,111300.32622
2025-11-03 07:00:00,5.35,5.411,5.332,5.344,75896.986713
2025-11-03 08:00:00,5.344,5.39,5.329,5.378,38330.722577
2025-11-03 09:00:00,5.379,5.438,5.37,5.373,20537.996607
2025-11-03 10:00:00,5.372,5.41,5.329,5.353,47313.130418
2025-11-03 11:00:00,5.353,5.418,5.353,5.396,33448.081642
2025-11-03 12:00:00,5.398,5.438,5.391,5.391,17166.01681
2025-11-03 13:00:00,5.391,5.428,5.365,5.408,25867.143567
2025-11-03 14:00:00,5.41,5.469,5.376,5.417,25398.429562
2025-11-03 15:00:00,5.417,5.428,4.942,5.136,478577.842928
2025-11-03 16:00:00,5.137,5.252,5.103,5.21,98559.214065
2025-11-03 17:00:00,5.209,5.324,5.203,5.302,35814.696081
2025-11-03 18:00:00,5.297,5.304,5.22,5.223,82646.993244
2025-11-03 19:00:00,5.225,5.25,5.189,5.191,123587.744155
2025-11-03 20:00:00,5.192,5.201,5.093,5.116,51170.107035
2025-11-03 21:00:00,5.114,5.177,5.084,5.175,34251.050853
2025-11-03 22:00:00,5.175,5.19,5.112,5.168,30375.197824
2025-11-03 23:00:00,5.168,5.204,5.126,5.197,20712.094856
2025-11-04 00:00:00,5.202,5.283,5.171,5.25,54384.784826
2025-11-04 01:00:00,5.25,5.276,5.217,5.263,45117.080788
2025-11-04 02:00:00,5.261,5.275,5.217,5.225,16858.736343
2025-11-04 03:00:00,5.225,5.28,5.221,5.271,28784.976234
2025-11-04 04:00:00,5.266,5.283,5.234,5.244,32743.355688
2025-11-04 05:00:00,5.243,5.263,5.04,5.049,90152.794963
2025-11-04 06:00:00,5.047,5.211,5.044,5.116,78617.167018
2025-11-04 07:00:00,5.111,5.117,5.027,5.062,75113.132042
2025-11-04 08:00:00,5.063,5.172,5.05,5.12,87003.28963
2025-11-04 09:00:00,5.123,5.17,5.107,5.17,37290.302206
2025-11-04 10:00:00,5.17,5.191,5.157,5.177,31029.67846
2025-11-04 11:00:00,5.182,5.239,5.173,5.215,33135.491819
2025-11-04 12:00:00,5.214,5.214,5.144,5.163,14969.835766
2025-11-04 13:00:00,5.164,5.185,5.12,5.141,19460.846234
2025-11-04 14:00:00,5.141,5.261,5.088,5.233,72035.375466
2025-11-04 15:00:00,5.233,5.261,5.136,5.152,46922.550996
2025-11-04 16:00:00,5.152,5.201,5.066,5.074,109604.689199
2025-11-04 17:00:00,5.072,5.088,4.93,5.031,218450.710079
2025-11-04 18:00:00,5.029,5.03,4.877,5.017,163877.402838
2025-11-04 19:00:00,5.014,5.057,4.94,4.945,80582.615503
2025-11-04 20:00:00,4.947,4.975,4.742,4.92,276272.487565
2025-11-04 21:00:00,4.928,4.972,4.736,4.969,190794.430753
2025-11-04 22:00:00,4.96,5.109,4.953,5.085,88781.116632
2025-11-04 23:00:00,5.085,5.136,5.06,5.071,100128.813806
2025-11-05 00:00:00,5.073,5.093,4.997,5.029,66760.313071
2025-11-05 01:00:00,5.034,5.034,4.876,5.01,183278.102589
2025-11-05 02:00:00,5.017,5.159,5.015,5.159,98903.991285
2025-11-05 03:00:00,5.159,5.191,5.121,5.177,127039.429526
2025-11-05 04:00:00,5.177,5.204,5.151,5.161,31847.859816
2025-11-05 05:00:00,5.165,5.219,5.159,5.199,37653.939735
2025-11-05 06:00:00,5.201,5.217,5.172,5.21,49567.244181
2025-11-05 07:00:00,5.211,5.227,5.151,5.222,37928.092364
2025-11-05 08:00:00,5.222,5.225,5.123,5.154,45908.070824
2025-11-05 09:00:00,5.151,5.221,5.148,5.211,24059.692658
2025-11-05 10:00:00,5.211,5.242,5.153,5.164,110996.136361
2025-11-05 11:00:00,5.164,5.289,5.163,5.279,50220.104238
2025-11-05 12:00:00,5.28,5.29,5.232,5.255,61617.383043
2025-11-05 13:00:00,5.258,5.315,5.252,5.288,47750.652985
2025-11-05 14:00:00,5.287,5.316,5.254,5.31,64875.580252
2025-11-05 15:00:00,5.31,5.372,5.278,5.372,58279.029283
2025-11-05 16:00:00,5.372,5.4,5.319,5.394,59611.929579
2025-11-05 17:00:00,5.394,5.409,5.362,5.408,39285.926797
2025-11-05 18:00:00,5.408,5.493,5.405,5.475,37105.910826
2025-11-05 19:00:00,5.474,5.485,5.433,5.454,73727.686326
2025-11-05 20:00:00,5.452,5.487,5.376,5.384,32141.243761
2025-11-05 21:00:00,5.384,5.384,5.334,5.366,29194.524529
2025-11-05 22:00:00,5.364,5.385,5.327,5.379,16318.073076
2025-11-05 23:00:00,5.383,5.387,5.345,5.347,32644.060359
2025-11-06 00:00:00,5.345,5.352,5.312,5.332,16369.950058
2025-11-06 01:00:00,5.332,5.332,5.258,5.324,61907.836176
2025-11-06 02:00:00,5.323,5.372,5.29,5.346,25937.237494
2025-11-06 03:00:00,5.345,5.357,5.328,5.338,16934.147573
2025-11-06 04:00:00,5.338,5.361,5.334,5.345,14987.34642
2025-11-06 05:00:00,5.342,5.342,5.257,5.266,26880.285718
2025-11-06 06:00:00,5.267,5.297,5.267,5.273,16914.266999
2025-11-06 07:00:00,5.272,5.299,5.232,5.247,47616.888012
2025-11-06 08:00:00,5.245,5.274,5.239,5.255,86998.471175
2025-11-06 09:00:00,5.256,5.284,5.241,5.251,22896.582121
2025-11-06 10:00:00,5.252,5.309,5.239,5.285,31155.974886
2025-11-06 11:00:00,5.287,5.291,5.249,5.284,26918.383183
2025-11-06 12:00:00,5.284,5.287,5.221,5.229,24816.535578
2025-11-06 13:00:00,5.229,5.337,5.222,5.306,39234.598191
2025-11-06 14:00:00,5.309,5.321,5.227,5.242,86858.965421
2025-11-06 15:00:00,5.24,5.309,5.181,5.199,46828.861271
2025-11-06 16:00:00,5.199,5.228,5.106,5.173,44678.047682
2025-11-06 17:00:00,5.176,5.247,5.139,5.235,21870.931783
2025-11-06 18:00:00,5.233,5.306,5.19,5.256,13015.778222
2025-11-06 19:00:00,5.253,5.301,5.234,5.289,30839.379059
2025-11-06 20:00:00,5.289,5.311,5.226,5.249,23694.085117
2025-11-06 21:00:00,5.249,5.302,5.23,5.286,14959.418462
2025-11-06 22:00:00,5.285,5.3,5.238,5.285,14698.524988
2025-11-06 23:00:00,5.283,5.301,5.215,5.251,44010.199768
2025-11-07 00:00:00,5.255,5.318,5.247,5.309,59057.68483
2025-11-07 01:00:00,5.308,5.325,5.243,5.309,66125.787969
2025-11-07 02:00:00,5.31,5.339,5.27,5.33,39111.80523
2025-11-07 03:00:00,5.331,5.383,5.321,5.336,49566.203406
2025-11-07 04:00:00,5.336,5.351,5.293,5.33,77270.918726
2025-11-07 05:00:00,5.329,5.382,5.323,5.377,51158.211816
2025-11-07 06:00:00,5.376,5.407,5.362,5.391,64143.026965
2025-11-07 07:00:00,5.391,5.483,5.391,5.471,61082.706265
2025-11-07 08:00:00,5.471,5.503,5.456,5.474,199682.557608
2025-11-07 09:00:00,5.474,5.475,5.363,5.434,165305.146028
2025-11-07 10:00:00,5.432,5.467,5.358,5.387,77314.431569
2025-11-07 11:00:00,5.386,5.395,5.301,5.374,90344.725183
2025-11-07 12:00:00,5.376,5.404,5.251,5.289,79403.858603
2025-11-07 13:00:00,5.293,5.391,5.271,5.381,57709.871476
2025-11-07 14:00:00,5.379,5.543,5.307,5.518,132934.122287
2025-11-07 15:00:00,5.517,5.6,5.483,5.573,170830.934463
2025-11-07 16:00:00,5.573,5.78,5.556,5.74,324388.86942
2025-11-07 17:00:00,5.737,5.879,5.702,5.87,136476.872153
2025-11-07 18:00:00,5.873,5.946,5.84,5.876,165729.914781
2025-11-07 19:00:00,5.875,5.939,5.859,5.906,48210.873953
2025-11-07 20:00:00,5.907,5.98,5.872,5.97,60372.443
2025-11-07 21:00:00,5.97,6.0,5.95,5.961,61116.786603
2025-11-07 22:00:00,5.963,5.997,5.917,5.935,75118.119087
2025-11-07 23:00:00,5.93,5.946,5.85,5.872,99865.033638
2025-11-08 00:00:00,5.872,5.96,5.808,5.809,103212.124554
2025-11-08 01:00:00,5.811,5.928,5.811,5.902,62000.21948
2025-11-08 02:00:00,5.898,6.027,5.885,6.004,136184.685372
2025-11-08 03:00:00,5.997,6.125,5.94,6.055,221695.299388
2025-11-08 04:00:00,6.055,6.09,6.017,6.023,62512.691164
2025-11-08 05:00:00,6.024,6.029,5.913,5.917,100520.89433
2025-11-08 06:00:00,5.921,5.982,5.883,5.955,35192.473678
2025-11-08 07:00:00,5.952,6.003,5.89,5.997,44940.360681
2025-11-08 08:00:00,5.998,6.07,5.964,6.04,62657.462808
2025-11-08 09:00:00,6.034,6.04,5.943,5.959,47288.712322
2025-11-08 10:00:00,5.959,6.074,5.953,6.072,42611.568656
2025-11-08 11:00:00,6.073,6.141,6.054,6.094,65887.557233
2025-11-08 12:00:00,6.096,6.107,6.025,6.077,47245.870331
2025-11-08 13:00:00,6.077,6.078,5.945,5.951,74371.393645
2025-11-08 14:00:00,5.954,6.031,5.909,6.003,53269.673016
2025-11-08 15:00:00,6.004,6.064,5.943,5.989,76568.242229
2025-11-08 16:00:00,5.992,5.996,5.908,5.933,83925.495158
2025-11-08 17:00:00,5.93,6.019,5.921,5.994,25267.367737
2025-11-08 18:00:00,6.0,6.033,5.952,6.015,20673.101521
2025-11-08 19:00:00,6.008,6.03,5.95,6.019,9125.416582
2025-11-08 20:00:00,6.026,6.043,5.969,6.035,11514.379291
2025-11-08 21:00:00,6.038,6.057,6.019,6.027,18413.680841
2025-11-08 22:00:00,6.026,6.04,5.985,6.015,66732.606637
2025-11-08 23:00:00,6.015,6.035,5.985,6.008,13570.370573
2025-11-09 00:00:00,6.011,6.011,5.928,5.954,45257.368355
2025-11-09 01:00:00,5.956,5.99,5.92,5.962,43259.671586
2025-11-09 02:00:00,5.957,5.981,5.825,5.853,97137.35558
2025-11-09 03:00:00,5.853,5.878,5.792,5.817,81440.874221
2025-11-09 04:00:00,5.821,5.871,5.814,5.843,24817.238873
2025-11-09 05:00:00,5.842,5.887,5.816,5.879,37639.048158
2025-11-09 06:00:00,5.881,5.918,5.857,5.862,17526.945333
2025-11-09 07:00:00,5.87,5.947,5.868,5.932,14829.621274
2025-11-09 08:00:00,5.938,5.939,5.875,5.893,25710.109558
2025-11-09 09:00:00,5.903,5.962,5.885,5.904,33085.300802
2025-11-09 10:00:00,5.898,6.117,5.855,6.099,97993.005316
2025-11-09 11:00:00,6.1,6.429,6.072,6.384,385147.572505
2025-11-09 12:00:00,6.389,6.518,6.318,6.5,218067.322275
2025-11-09 13:00:00,6.498,6.51,6.404,6.42,137152.220563
2025-11-09 14:00:00,6.418,6.656,6.374,6.59,449745.167917
2025-11-09 15:00:00,6.589,6.613,6.495,6.517,109264.832993
2025-11-09 16:00:00,6.516,6.642,6.503,6.61,138746.114363
2025-11-09 17:00:00,6.615,6.63,6.573,6.606,58398.155062
2025-11-09 18:00:00,6.613,6.733,6.594,6.711,180382.051855
2025-11-09 19:00:00,6.714,6.777,6.683,6.763,96966.65181
2025-11-09 20:00:00,6.765,6.766,6.687,6.697,68559.371301
2025-11-09 21:00:00,6.7,6.741,6.665,6.685,30173.927923
2025-11-09 22:00:00,6.682,6.733,6.627,6.649,68405.44553
2025-11-09 23:00:00,6.65,6.714,6.549,6.573,79965.160974
2025-11-10 00:00:00,6.573,6.703,6.548,6.66,97089.954363
2025-11-10 01:00:00,6.662,6.711,6.63,6.684,42684.299235
2025-11-10 02:00:00,6.684,6.689,6.578,6.635,50236.268982
2025-11-10 03:00:00,6.636,6.712,6.631,6.709,54085.655327
2025-11-10 04:00:00,6.712,6.734,6.674,6.697,72300.777162
2025-11-10 05:00:00,6.7,6.786,6.7,6.781,52695.044941
2025-11-10 06:00:00,6.783,6.8,6.646,6.69,69223.474275
2025-11-10 07:00:00,6.687,6.749,6.682,6.741,37396.024272
2025-11-10 08:00:00,6.743,6.795,6.702,6.783,71665.659863
2025-11-10 09:00:00,6.786,6.934,6.767,6.875,121183.625374
2025-11-10 10:00:00,6.88,7.025,6.838,6.988,374006.899738
2025-11-10 11:00:00,6.987,7.199,6.982,7.134,411411.996801
2025-11-10 12:00:00,7.136,7.153,6.81,6.889,313684.762444
2025-11-10 13:00:00,6.892,6.952,6.85,6.946,153240.228271
2025-11-10 14:00:00,6.936,6.941,6.777,6.831,144433.120288
2025-11-10 15:00:00,6.834,7.028,6.829,6.971,125434.947824
2025-11-10 16:00:00,6.967,6.976,6.909,6.937,68350.861434
2025-11-10 17:00:00,6.932,7.034,6.913,7.026,52913.662289
2025-11-10 18:00:00,7.029,7.037,6.972,6.993,25296.040984
2025-11-10 19:00:00,6.994,7.303,6.989,7.16,225601.49531
2025-11-10 20:00:00,7.159,7.8,7.139,7.66,891258.774129
2025-11-10 21:00:00,7.662,8.958,7.379,8.64,1589279.536508
2025-11-10 22:00:00,8.64,10.054,8.581,9.596,2185947.997922
2025-11-10 23:00:00,9.594,9.783,8.893,9.345,1738055.55134
2025-11-11 00:00:00,9.347,10.045,9.085,9.498,2225164.586723
2025-11-11 01:00:00,9.498,10.3,9.342,9.614,1604049.707337
2025-11-11 02:00:00,9.613,9.865,9.32,9.594,961832.734876
2025-11-11 03:00:00,9.592,9.683,9.279,9.307,485995.811391
2025-11-11 04:00:00,9.303,9.363,9.005,9.21,831785.249865
2025-11-11 05:00:00,9.207,9.306,8.668,8.774,716077.838267
2025-11-11 06:00:00,8.773,8.859,8.564,8.722,581519.14711
2025-11-11 07:00:00,8.721,8.776,8.354,8.454,493327.826113
2025-11-11 08:00:00,8.454,8.576,8.212,8.299,377300.756091
2025-11-11 09:00:00,8.297,8.444,8.131,8.174,320610.798148
2025-11-11 10:00:00,8.175,8.724,8.172,8.676,891798.43362
2025-11-11 11:00:00,8.674,8.69,8.515,8.634,311319.724819
2025-11-11 12:00:00,8.635,8.873,8.408,8.45,496330.440117
2025-11-11 13:00:00,8.45,8.611,8.422,8.496,460945.682292
2025-11-11 14:00:00,8.498,9.359,8.365,9.304,1029620.079696
2025-11-11 15:00:00,9.304,9.305,8.759,8.987,943435.001826
2025-11-11 16:00:00,8.991,9.104,8.771,9.006,476292.348779
2025-11-11 17:00:00,9.007,9.188,8.594,8.643,524711.420673
2025-11-11 18:00:00,8.638,8.729,8.533,8.667,245103.387233
2025-11-11 19:00:00,8.666,8.687,8.526,8.672,153503.884079
2025-11-11 20:00:00,8.672,8.706,8.413,8.496,188566.599236
2025-11-11 21:00:00,8.498,8.598,8.303,8.317,194942.129877
2025-11-11 22:00:00,8.316,8.458,8.182,8.414,231115.071031
2025-11-11 23:00:00,8.407,8.414,8.158,8.248,331674.859489
2025-11-12 00:00:00,8.249,8.536,8.228,8.314,332979.878429
2025-11-12 01:00:00,8.314,8.624,8.288,8.476,231449.805972
2025-11-12 02:00:00,8.476,8.534,8.273,8.448,146098.401672
2025-11-12 03:00:00,8.45,8.833,8.447,8.713,452390.711088
2025-11-12 04:00:00,8.713,8.794,8.62,8.781,211045.807399
2025-11-12 05:00:00,8.782,8.865,8.562,8.634,318984.606502
2025-11-12 06:00:00,8.632,8.648,8.406,8.48,222929.396318
2025-11-12 07:00:00,8.48,8.572,8.378,8.41,120333.62018
2025-11-12 08:00:00,8.409,8.623,8.409,8.592,148876.198039
2025-11-12 09:00:00,8.593,8.673,8.535,8.567,295761.533816
2025-11-12 10:00:00,8.569,8.637,8.496,8.539,442114.387054
2025-11-12 11:00:00,8.536,8.813,8.512,8.655,318376.116104
2025-11-12 12:00:00,8.655,8.658,8.286,8.378,320466.493069
2025-11-12 13:00:00,8.379,8.449,8.297,8.353,121873.265368
2025-11-12 14:00:00,8.349,8.408,8.101,8.176,361102.500711
2025-11-12 15:00:00,8.172,8.231,7.737,7.82,730413.671437
2025-11-12 16:00:00,7.82,7.976,7.757,7.777,651542.366814
2025-11-12 17:00:00,7.777,7.813,7.642,7.665,383719.936145
2025-11-12 18:00:00,7.666,7.734,7.563,7.641,207756.141833
2025-11-12 19:00:00,7.642,7.67,7.536,7.554,120001.305789
2025-11-12 20:00:00,7.553,7.673,7.517,7.608,90981.777657
2025-11-12 21:00:00,7.612,7.666,7.562,7.582,83115.124755
2025-11-12 22:00:00,7.583,7.747,7.475,7.662,149246.579028
2025-11-12 23:00:00,7.667,7.676,7.55,7.567,58698.490246
2025-11-13 00:00:00,7.564,7.669,7.527,7.601,111053.922232
2025-11-13 01:00:00,7.6,7.894,7.568,7.809,267776.229188
2025-11-13 02:00:00,7.81,7.969,7.788,7.936,205043.295347
2025-11-13 03:00:00,7.936,8.199,7.786,7.918,494792.982476
2025-11-13 04:00:00,7.918,8.104,7.9,8.053,234534.562167
2025-11-13 05:00:00,8.048,8.145,7.965,8.105,148327.369017
2025-11-13 06:00:00,8.107,8.128,7.936,7.998,329544.989766
2025-11-13 07:00:00,8.0,8.06,7.835,7.869,218844.725495
2025-11-13 08:00:00,7.87,8.097,7.864,7.936,126584.992653
2025-11-13 09:00:00,7.937,7.948,7.809,7.816,145713.54433
2025-11-13 10:00:00,7.816,7.949,7.816,7.902,117519.799533
2025-11-13 11:00:00,7.902,8.028,7.858,7.924,128761.83172
2025-11-13 12:00:00,7.923,8.06,7.868,8.04,101478.250553
2025-11-13 13:00:00,8.041,8.041,7.813,7.824,177682.399232
2025-11-13 14:00:00,7.822,8.135,7.629,8.074,460172.48308
2025-11-13 15:00:00,8.075,8.11,7.869,7.928,248605.970919
2025-11-13 16:00:00,7.926,8.023,7.766,7.792,218785.000437
2025-11-13 17:00:00,7.791,7.794,7.511,7.567,288226.830795
2025-11-13 18:00:00,7.568,7.901,7.523,7.774,396182.231103
2025-11-13 19:00:00,7.775,7.778,7.518,7.576,291943.538722
2025-11-13 20:00:00,7.574,7.625,7.481,7.514,236956.549577
2025-11-13 21:00:00,7.515,7.579,7.455,7.562,154350.276018
2025-11-13 22:00:00,7.561,7.773,7.543,7.714,118338.574707
2025-11-13 23:00:00,7.713,7.84,7.672,7.752,178722.792181
2025-11-14 00:00:00,7.751,7.801,7.55,7.579,195337.242541
2025-11-14 01:00:00,7.58,7.632,7.487,7.516,131642.409531
2025-11-14 02:00:00,7.519,7.688,7.516,7.638,87705.539726
2025-11-14 03:00:00,7.638,7.642,7.49,7.597,71938.264994
2025-11-14 04:00:00,7.595,7.595,7.227,7.374,304117.865662
2025-11-14 05:00:00,7.374,7.589,7.352,7.518,135245.913725
2025-11-14 06:00:00,7.514,7.622,7.44,7.612,152088.729524
2025-11-14 07:00:00,7.611,7.65,7.507,7.521,84621.302098
2025-11-14 08:00:00,7.52,7.531,7.361,7.384,92559.137129
2025-11-14 09:00:00,7.377,7.418,7.158,7.158,153942.234318
2025-11-14 10:00:00,7.158,7.28,7.137,7.244,126210.354084
2025-11-14 11:00:00,7.242,7.257,7.186,7.225,113956.467724
2025-11-14 12:00:00,7.223,7.223,7.033,7.131,304595.762421
2025-11-14 13:00:00,7.132,7.225,7.057,7.12,148991.675555
2025-11-14 14:00:00,7.119,7.241,6.963,7.197,232821.414754
2025-11-14 15:00:00,7.199,7.324,7.077,7.275,123521.959121
2025-11-14 16:00:00,7.275,7.355,7.229,7.238,69006.495348
2025-11-14 17:00:00,7.238,7.267,7.102,7.111,40877.431946
2025-11-14 18:00:00,7.11,7.194,7.038,7.08,106256.945788
2025-11-14 19:00:00,7.083,7.258,7.074,7.228,85670.381521
2025-11-14 20:00:00,7.227,7.227,6.93,7.008,86576.431041
2025-11-14 21:00:00,7.009,7.089,6.977,7.044,58815.530619
2025-11-14 22:00:00,7.042,7.158,7.033,7.095,43636.480113
2025-11-14 23:00:00,7.102,7.102,6.928,6.991,87558.154985
2025-11-15 00:00:00,6.989,7.275,6.974,7.126,149442.266521
2025-11-15 01:00:00,7.126,7.312,7.117,7.258,81382.370101
2025-11-15 02:00:00,7.256,7.331,7.22,7.328,57881.12834
2025-11-15 03:00:00,7.326,7.46,7.322,7.429,162688.330921
2025-11-15 04:00:00,7.43,7.484,7.364,7.414,112427.596087
2025-11-15 05:00:00,7.416,7.486,7.379,7.442,41058.679963
2025-11-15 06:00:00,7.442,7.536,7.407,7.456,50916.309373
2025-11-15 07:00:00,7.456,7.554,7.442,7.508,59851.606243
2025-11-15 08:00:00,7.506,7.51,7.298,7.334,85147.097423
2025-11-15 09:00:00,7.332,7.372,7.265,7.276,61102.381558
2025-11-15 10:00:00,7.278,7.374,7.264,7.359,41257.744578
2025-11-15 11:00:00,7.358,7.382,7.275,7.299,39828.520018
2025-11-15 12:00:00,7.3,7.347,7.286,7.302,21756.817965
2025-11-15 13:00:00,7.302,7.433,7.293,7.433,36857.892967
2025-11-15 14:00:00,7.434,7.463,7.339,7.384,51218.66642
2025-11-15 15:00:00,7.384,7.525,7.354,7.464,48398.469689
2025-11-15 16:00:00,7.464,7.474,7.363,7.428,52612.12689
2025-11-15 17:00:00,7.434,7.558,7.427,7.541,56464.284103
2025-11-15 18:00:00,7.542,7.641,7.495,7.594,123142.673121
2025-11-15 19:00:00,7.594,7.594,7.482,7.496,32652.891101
2025-11-15 20:00:00,7.494,7.5,7.362,7.402,50021.515067
2025-11-15 21:00:00,7.402,7.462,7.372,7.384,21793.875943
2025-11-15 22:00:00,7.38,7.427,7.333,7.381,42819.873014
2025-11-15 23:00:00,7.382,7.409,7.344,7.359,18206.712781
2025-11-16 00:00:00,7.364,7.37,7.244,7.293,61897.871036
2025-11-16 01:00:00,7.292,7.312,7.198,7.31,64379.407587
2025-11-16 02:00:00,7.309,7.419,7.25,7.388,70349.70417
2025-11-16 03:00:00,7.392,7.454,7.361,7.416,57263.081876
2025-11-16 04:00:00,7.417,7.435,7.357,7.387,18460.922062
2025-11-16 05:00:00,7.386,7.745,7.382,7.711,185394.555952
2025-11-16 06:00:00,7.71,7.851,7.64,7.656,241202.999981
2025-11-16 07:00:00,7.657,7.874,7.596,7.858,234337.564269
2025-11-16 08:00:00,7.856,7.9,7.726,7.76,135708.583274
2025-11-16 09:00:00,7.76,7.91,7.74,7.894,101436.606956
2025-11-16 10:00:00,7.892,7.922,7.814,7.837,160924.692634
2025-11-16 11:00:00,7.84,7.845,7.568,7.577,330303.533646
2025-11-16 12:00:00,7.576,7.649,7.541,7.626,107881.57332
2025-11-16 13:00:00,7.622,7.633,7.446,7.49,78913.266059
2025-11-16 14:00:00,7.484,7.515,7.432,7.469,61859.756381
2025-11-16 15:00:00,7.472,7.483,7.329,7.334,85525.566222
2025-11-16 16:00:00,7.334,7.389,7.199,7.231,222903.08201
2025-11-16 17:00:00,7.231,7.272,7.146,7.244,148038.499097
2025-11-16 18:00:00,7.243,7.367,7.18,7.21,95154.469154
2025-11-16 19:00:00,7.209,7.307,7.175,7.194,88320.74524
2025-11-16 20:00:00,7.196,7.238,7.16,7.164,19557.606519
2025-11-16 21:00:00,7.16,7.17,7.075,7.117,73777.555415
2025-11-16 22:00:00,7.116,7.235,7.051,7.18,52764.884014
2025-11-16 23:00:00,7.178,7.232,6.976,7.181,202557.045106
2025-11-17 00:00:00,7.177,7.398,7.109,7.308,119500.058473
2025-11-17 01:00:00,7.31,7.337,7.204,7.204,61139.655911
2025-11-17 02:00:00,7.206,7.275,7.171,7.207,82336.182313
2025-11-17 03:00:00,7.206,7.379,7.193,7.358,122113.865237
2025-11-17 04:00:00,7.358,7.446,7.323,7.424,90232.801301
2025-11-17 05:00:00,7.424,7.558,7.416,7.51,77080.572871
2025-11-17 06:00:00,7.511,7.535,7.394,7.47,113061.139537
2025-11-17 07:00:00,7.467,8.111,7.436,8.099,357711.936808
2025-11-17 08:00:00,8.1,8.146,7.8,7.876,368488.303044
2025-11-17 09:00:00,7.878,7.912,7.747,7.85,394277.449376
2025-11-17 10:00:00,7.85,8.159,7.804,8.0,456028.862086
2025-11-17 11:00:00,7.995,8.099,7.945,8.017,175748.672574
2025-11-17 12:00:00,8.019,8.028,7.893,7.963,129377.977666
2025-11-17 13:00:00,7.962,8.009,7.681,7.782,409101.3188
2025-11-17 14:00:00,7.779,8.108,7.694,7.894,522545.884632
2025-11-17 15:00:00,7.904,7.915,7.716,7.775,250229.095007
2025-11-17 16:00:00,7.784,7.79,7.554,7.72,235933.927971
2025-11-17 17:00:00,7.716,7.735,7.378,7.392,204564.320107
2025-11-17 18:00:00,7.392,7.406,7.21,7.224,200486.092953
2025-11-17 19:00:00,7.221,7.277,7.101,7.155,230073.697073
2025-11-17 20:00:00,7.152,7.247,7.089,7.171,164542.083779
2025-11-17 21:00:00,7.175,7.432,7.173,7.424,196677.405673
2025-11-17 22:00:00,7.428,7.471,7.34,7.413,144962.987459
2025-11-17 23:00:00,7.413,7.466,7.38,7.425,202137.739313
2025-11-18 00:00:00,7.426,7.537,7.255,7.341,310236.528181
2025-11-18 01:00:00,7.341,7.489,7.293,7.385,170486.337072
2025-11-18 02:00:00,7.38,7.586,7.287,7.431,207028.909904
2025-11-18 03:00:00,7.429,7.595,7.316,7.518,226482.210704
2025-11-18 04:00:00,7.521,7.528,7.266,7.414,163395.93172
2025-11-18 05:00:00,7.416,7.424,7.293,7.302,235808.092336
2025-11-18 06:00:00,7.304,7.328,7.182,7.218,97880.826959
2025-11-18 07:00:00,7.217,7.475,7.187,7.376,203373.038425
2025-11-18 08:00:00,7.374,7.472,7.352,7.408,456110.583811
2025-11-18 09:00:00,7.407,7.414,7.298,7.349,438707.927594
2025-11-18 10:00:00,7.349,7.352,7.26,7.312,255521.800072
2025-11-18 11:00:00,7.312,7.406,7.28,7.357,105969.666834
2025-11-18 12:00:00,7.358,7.359,7.265,7.298,75797.202156
2025-11-18 13:00:00,7.294,7.369,7.275,7.341,41479.262363
2025-11-18 14:00:00,7.343,7.493,7.283,7.353,143947.839471
2025-11-18 15:00:00,7.348,7.644,7.306,7.613,220347.569255
2025-11-18 16:00:00,7.61,7.768,7.575,7.739,247928.528941
2025-11-18 17:00:00,7.738,7.759,7.618,7.681,210400.378346
2025-11-18 18:00:00,7.683,7.759,7.65,7.695,57772.496991
2025-11-18 19:00:00,7.694,7.698,7.527,7.549,54758.324265
2025-11-18 20:00:00,7.549,7.564,7.498,7.515,80314.342462
2025-11-18 21:00:00,7.51,7.55,7.432,7.437,31641.035482
2025-11-18 22:00:00,7.437,7.563,7.433,7.529,62180.025461
2025-11-18 23:00:00,7.53,7.55,7.479,7.505,21789.115687
2025-11-19 00:00:00,7.499,7.501,7.361,7.432,92191.816751
2025-11-19 01:00:00,7.434,7.434,7.294,7.38,210466.143045
2025-11-19 02:00:00,7.382,7.519,7.371,7.431,131540.837223
2025-11-19 03:00:00,7.429,7.462,7.253,7.294,88318.163927
2025-11-19 04:00:00,7.294,7.31,7.229,7.237,62812.322086
2025-11-19 05:00:00,7.237,7.252,7.1,7.176,120915.444302
2025-11-19 06:00:00,7.177,7.255,7.146,7.223,120103.188871
2025-11-19 07:00:00,7.223,7.305,7.196,7.297,170356.772496
2025-11-19 08:00:00,7.297,7.397,7.291,7.36,85399.404967
2025-11-19 09:00:00,7.357,7.4,7.289,7.357,59581.278903
2025-11-19 10:00:00,7.358,7.4,7.332,7.359,41482.776401
2025-11-19 11:00:00,7.36,7.365,7.272,7.283,61879.562356
2025-11-19 12:00:00,7.283,7.318,7.264,7.301,39073.189972
2025-11-19 13:00:00,7.302,7.304,7.174,7.182,72892.772554
2025-11-19 14:00:00,7.179,7.181,7.026,7.071,224388.629172
2025-11-19 15:00:00,7.072,7.214,6.864,6.89,320796.675729
2025-11-19 16:00:00,6.885,6.992,6.873,6.955,724063.164542
2025-11-19 17:00:00,6.952,7.031,6.883,6.96,751658.698242
2025-11-19 18:00:00,6.958,6.963,6.838,6.883,70061.867673
2025-11-19 19:00:00,6.885,6.89,6.818,6.847,206050.25348
2025-11-19 20:00:00,6.848,6.951,6.823,6.944,58908.926096
2025-11-19 21:00:00,6.945,7.142,6.929,7.08,149357.698173
2025-11-19 22:00:00,7.08,7.099,7.006,7.077,62194.251268
2025-11-19 23:00:00,7.073,7.241,7.072,7.225,197195.36945
2025-11-20 00:00:00,7.226,7.269,7.18,7.223,81517.57236
2025-11-20 01:00:00,7.223,7.31,7.217,7.268,71243.355172
2025-11-20 02:00:00,7.265,7.313,7.178,7.309,191271.867908
2025-11-20 03:00:00,7.31,7.342,7.265,7.287,64579.415383
2025-11-20 04:00:00,7.287,7.292,7.193,7.272,111915.755583
2025-11-20 05:00:00,7.272,7.286,7.202,7.213,40214.647728
2025-11-20 06:00:00,7.213,7.286,7.18,7.211,97008.98753
2025-11-20 07:00:00,7.211,7.345,7.183,7.321,87754.482848
2025-11-20 08:00:00,7.321,7.338,7.253,7.263,62153.48113
2025-11-20 09:00:00,7.263,7.266,7.19,7.228,138864.509625
2025-11-20 10:00:00,7.229,7.259,7.199,7.242,49824.59429
2025-11-20 11:00:00,7.243,7.285,7.21,7.273,28830.107359
2025-11-20 12:00:00,7.275,7.325,7.221,7.32,63550.630951
2025-11-20 13:00:00,7.318,7.4,7.223,7.27,224645.073208
2025-11-20 14:00:00,7.27,7.285,7.144,7.216,197774.431347
2025-11-20 15:00:00,7.222,7.227,7.041,7.055,223694.41267
2025-11-20 16:00:00,7.057,7.068,6.675,6.724,394868.839349
2025-11-20 17:00:00,6.718,6.759,6.575,6.685,247882.084662
2025-11-20 18:00:00,6.685,6.728,6.567,6.589,92413.278101
2025-11-20 19:00:00,6.584,6.614,6.484,6.586,195484.951029
2025-11-20 20:00:00,6.586,6.648,6.537,6.582,53789.991255
2025-11-20 21:00:00,6.582,6.723,6.581,6.656,53879.702147
2025-11-20 22:00:00,6.655,6.731,6.639,6.714,63406.924477
2025-11-20 23:00:00,6.714,6.725,6.562,6.574,96256.996826
2025-11-21 00:00:00,6.572,6.692,6.57,6.657,58394.846575
2025-11-21 01:00:00,6.658,6.746,6.641,6.691,71952.736418
2025-11-21 02:00:00,6.69,6.714,6.548,6.576,186789.596891
2025-11-21 03:00:00,6.573,6.693,6.571,6.586,95978.946879
2025-11-21 04:00:00,6.585,6.645,6.523,6.63,70803.217843
2025-11-21 05:00:00,6.631,6.644,6.521,6.548,49554.656218
2025-11-21 06:00:00,6.547,6.582,6.472,6.49,172860.996575
2025-11-21 07:00:00,6.491,6.521,5.901,6.283,1142255.242231
2025-11-21 08:00:00,6.283,6.394,6.267,6.321,137758.266302
2025-11-21 09:00:00,6.325,6.381,6.222,6.228,97964.874195
2025-11-21 10:00:00,6.227,6.288,6.188,6.2,83953.346934
2025-11-21 11:00:00,6.193,6.27,6.097,6.122,101979.534912
2025-11-21 12:00:00,6.125,6.366,6.03,6.267,289497.063731
2025-11-21 13:00:00,6.266,6.34,6.242,6.283,145271.149119
2025-11-21 14:00:00,6.285,6.397,6.26,6.334,182496.804809
2025-11-21 15:00:00,6.336,6.355,6.212,6.234,165132.969947
2025-11-21 16:00:00,6.234,6.404,6.174,6.397,160320.116162
2025-11-21 17:00:00,6.399,6.487,6.393,6.412,196798.27688
2025-11-21 18:00:00,6.414,6.525,6.33,6.447,238125.738217
2025-11-21 19:00:00,6.447,6.474,6.374,6.399,35143.631371
2025-11-21 20:00:00,6.396,6.4,6.292,6.339,49995.258772
2025-11-21 21:00:00,6.341,6.474,6.317,6.44,47554.388402
2025-11-21 22:00:00,6.438,6.456,6.297,6.299,58213.422372
2025-11-21 23:00:00,6.299,6.469,6.271,6.427,77065.971934
2025-11-22 00:00:00,6.427,6.493,6.425,6.458,50374.647095
2025-11-22 01:00:00,6.461,6.524,6.445,6.515,71071.369305
2025-11-22 02:00:00,6.516,6.522,6.446,6.463,41256.649725
2025-11-22 03:00:00,6.46,6.544,6.45,6.525,35416.984816
2025-11-22 04:00:00,6.526,6.542,6.42,6.459,116899.375535
2025-11-22 05:00:00,6.457,6.476,6.345,6.397,85416.225061
2025-11-22 06:00:00,6.396,6.459,6.343,6.413,40841.226271
2025-11-22 07:00:00,6.412,6.423,6.326,6.326,113848.072655
2025-11-22 08:00:00,6.326,6.345,6.179,6.187,140307.958577
2025-11-22 09:00:00,6.19,6.23,6.152,6.156,70710.109879
2025-11-22 10:00:00,6.158,6.2,6.1,6.134,56207.15692
2025-11-22 11:00:00,6.129,6.222,6.101,6.112,59900.477198
2025-11-22 12:00:00,6.113,6.113,6.016,6.062,87886.161501
2025-11-22 13:00:00,6.059,6.088,6.023,6.036,39886.003686
2025-11-22 14:00:00,6.036,6.172,6.036,6.129,61519.239816
2025-11-22 15:00:00,6.133,6.145,6.031,6.06,53160.054379
2025-11-22 16:00:00,6.063,6.144,6.048,6.089,79029.69493
2025-11-22 17:00:00,6.087,6.092,6.026,6.04,26114.884743
2025-11-22 18:00:00,6.039,6.077,6.013,6.058,18676.575375
2025-11-22 19:00:00,6.058,6.083,5.975,6.013,75641.057404
2025-11-22 20:00:00,6.015,6.048,5.907,5.942,39352.514047
2025-11-22 21:00:00,5.94,5.974,5.908,5.918,40511.720927
2025-11-22 22:00:00,5.921,6.335,5.859,6.252,269438.327384
2025-11-22 23:00:00,6.25,6.301,6.134,6.162,109188.295689
2025-11-23 00:00:00,6.162,6.197,6.089,6.113,89594.414894
2025-11-23 01:00:00,6.114,6.225,6.105,6.193,54926.207197
2025-11-23 02:00:00,6.193,6.286,6.178,6.245,65000.914075
2025-11-23 03:00:00,6.247,6.289,6.209,6.283,29213.929765
2025-11-23 04:00:00,6.283,6.352,6.267,6.291,105571.580994
2025-11-23 05:00:00,6.291,6.329,6.264,6.289,73093.370579
2025-11-23 06:00:00,6.288,6.306,6.25,6.255,53160.884843
2025-11-23 07:00:00,6.252,6.259,6.178,6.2,43172.509804
2025-11-23 08:00:00,6.199,6.252,6.197,6.249,23386.36319
2025-11-23 09:00:00,6.252,6.278,6.224,6.247,20260.073571
2025-11-23 10:00:00,6.248,6.251,6.175,6.207,26984.590782
2025-11-23 11:00:00,6.204,6.204,6.142,6.168,43659.58699
2025-11-23 12:00:00,6.169,6.268,6.164,6.208,50822.875205
2025-11-23 13:00:00,6.212,6.253,6.179,6.237,22629.043722
2025-11-23 14:00:00,6.242,6.281,6.183,6.189,41401.734214
2025-11-23 15:00:00,6.19,6.286,6.182,6.247,29816.084958
2025-11-23 16:00:00,6.247,6.266,6.13,6.134,46189.39495
2025-11-23 17:00:00,6.134,6.137,6.058,6.086,117412.099946
2025-11-23 18:00:00,6.088,6.207,6.087,6.16,50253.876441
2025-11-23 19:00:00,6.16,6.236,6.15,6.207,22698.399507
2025-11-23 20:00:00,6.207,6.249,6.197,6.21,21911.210147
2025-11-23 21:00:00,6.212,6.301,6.169,6.276,211919.744428
2025-11-23 22:00:00,6.273,6.307,6.2,6.246,79132.390814
2025-11-23 23:00:00,6.249,6.269,6.124,6.138,79660.517447
2025-11-24 00:00:00,6.136,6.179,6.08,6.129,75347.844008
2025-11-24 01:00:00,6.128,6.2,6.095,6.186,59760.599968
2025-11-24 02:00:00,6.186,6.359,6.177,6.33,156672.431207
2025-11-24 03:00:00,6.329,6.404,6.288,6.375,92285.00041
2025-11-24 04:00:00,6.374,6.396,6.21,6.255,138490.454766
2025-11-24 05:00:00,6.252,6.426,6.241,6.378,170487.901423
2025-11-24 06:00:00,6.38,6.39,6.25,6.282,99828.25437
2025-11-24 07:00:00,6.28,6.295,6.23,6.234,77998.212723
2025-11-24 08:00:00,6.233,6.293,6.216,6.264,28224.514473
2025-11-24 09:00:00,6.264,6.268,6.134,6.145,53229.229766
2025-11-24 10:00:00,6.145,6.19,6.11,6.126,39900.748422
2025-11-24 11:00:00,6.125,6.164,6.095,6.155,35116.826786
2025-11-24 12:00:00,6.15,6.159,6.078,6.111,60674.561002
2025-11-24 13:00:00,6.111,6.204,6.105,6.117,45338.962463
2025-11-24 14:00:00,6.116,6.2,6.049,6.153,353309.028581
2025-11-24 15:00:00,6.155,6.236,6.114,6.191,91530.939455
2025-11-24 16:00:00,6.194,6.281,6.186,6.252,91022.989308
2025-11-24 17:00:00,6.251,6.392,6.244,6.347,161454.585578
2025-11-24 18:00:00,6.347,6.365,6.306,6.356,110513.750045
2025-11-24 19:00:00,6.356,6.395,6.328,6.352,62696.326204
2025-11-24 20:00:00,6.357,6.417,6.331,6.398,48041.189047
2025-11-24 21:00:00,6.397,6.408,6.344,6.358,59504.556157
2025-11-24 22:00:00,6.357,6.404,6.337,6.36,114238.568051
2025-11-24 23:00:00,6.359,6.37,6.29,6.297,46354.6451
2025-11-25 00:00:00,6.293,6.318,6.222,6.283,135529.925145
2025-11-25 01:00:00,6.288,6.346,6.259,6.276,79045.519302
2025-11-25 02:00:00,6.278,6.315,6.23,6.315,76563.708857
2025-11-25 03:00:00,6.312,6.337,6.262,6.278,14805.680986
2025-11-25 04:00:00,6.279,6.375,6.271,6.359,87762.418335
2025-11-25 05:00:00,6.357,6.363,6.284,6.309,18731.935954
2025-11-25 06:00:00,6.306,6.308,6.218,6.243,36391.321209
2025-11-25 07:00:00,6.24,6.258,6.19,6.199,44958.692736
2025-11-25 08:00:00,6.2,6.237,6.148,6.148,97266.915226
2025-11-25 09:00:00,6.153,6.201,6.107,6.186,101115.427364
2025-11-25 10:00:00,6.186,6.189,6.145,6.183,51369.932584
2025-11-25 11:00:00,6.181,6.181,6.125,6.136,36842.781441
2025-11-25 12:00:00,6.14,6.206,6.13,6.178,52817.36522
2025-11-25 13:00:00,6.176,6.2,6.051,6.084,90219.780877
2025-11-25 14:00:00,6.088,6.113,5.926,5.964,133145.118695
2025-11-25 15:00:00,5.963,5.988,5.883,5.923,117590.56279
2025-11-25 16:00:00,5.925,6.087,5.91,6.031,85452.192503
2025-11-25 17:00:00,6.024,6.133,5.995,6.072,46958.828903
2025-11-25 18:00:00,6.073,6.15,6.047,6.07,58756.256557
2025-11-25 19:00:00,6.07,6.106,5.963,6.101,29516.470499
2025-11-25 20:00:00,6.101,6.174,6.093,6.139,84154.492225
2025-11-25 21:00:00,6.138,6.168,6.111,6.126,39688.372237
2025-11-25 22:00:00,6.125,6.228,6.077,6.214,161512.716003
2025-11-25 23:00:00,6.215,6.317,6.203,6.233,82837.604556
2025-11-26 00:00:00,6.233,6.264,6.208,6.23,45576.329037
2025-11-26 01:00:00,6.231,6.322,6.22,6.275,51984.87596
2025-11-26 02:00:00,6.276,6.284,6.224,6.225,26350.176288
2025-11-26 03:00:00,6.226,6.246,6.156,6.16,135931.18019
2025-11-26 04:00:00,6.161,6.196,6.145,6.165,26264.186156
2025-11-26 05:00:00,6.164,6.215,6.156,6.213,37813.552789
2025-11-26 06:00:00,6.206,6.228,6.176,6.222,30364.641071
2025-11-26 07:00:00,6.223,6.233,6.205,6.229,29031.614584
2025-11-26 08:00:00,6.231,6.232,6.142,6.142,28115.941207
2025-11-26 09:00:00,6.141,6.145,6.083,6.094,31433.019379
2025-11-26 10:00:00,6.093,6.116,6.068,6.104,35103.288118
2025-11-26 11:00:00,6.103,6.128,6.093,6.105,8774.66104
2025-11-26 12:00:00,6.105,6.113,6.025,6.071,24649.46463
2025-11-26 13:00:00,6.068,6.135,6.062,6.134,38239.768929
2025-11-26 14:00:00,6.131,6.152,6.039,6.051,33358.981578
2025-11-26 15:00:00,6.053,6.088,5.997,6.043,52130.502764
2025-11-26 16:00:00,6.044,6.192,6.044,6.172,32960.125495
2025-11-26 17:00:00,6.172,6.372,6.163,6.324,117628.003961
2025-11-26 18:00:00,6.324,6.387,6.317,6.383,98584.309873
2025-11-26 19:00:00,6.383,6.386,6.326,6.343,23540.502911
2025-11-26 20:00:00,6.343,6.344,6.256,6.295,33273.464059
2025-11-26 21:00:00,6.296,6.369,6.295,6.345,18674.156844
2025-11-26 22:00:00,6.344,6.37,6.309,6.318,33816.96416
2025-11-26 23:00:00,6.319,6.341,6.275,6.304,20823.977385
2025-11-27 00:00:00,6.304,6.328,6.267,6.306,32281.709394
2025-11-27 01:00:00,6.307,6.39,6.3,6.373,65695.458041
2025-11-27 02:00:00,6.377,6.431,6.293,6.302,152011.705407
2025-11-27 03:00:00,6.299,6.373,6.258,6.267,43811.552006
2025-11-27 04:00:00,6.268,6.307,6.253,6.263,78561.949538
2025-11-27 05:00:00,6.262,6.262,6.187,6.2,52272.32264
2025-11-27 06:00:00,6.199,6.228,6.181,6.212,39217.995113
2025-11-27 07:00:00,6.214,6.238,6.178,6.203,17018.986294
2025-11-27 08:00:00,6.195,6.202,6.153,6.188,22597.330548
2025-11-27 09:00:00,6.187,6.255,6.182,6.199,31529.417029
2025-11-27 10:00:00,6.198,6.205,6.16,6.185,22990.126464
2025-11-27 11:00:00,6.183,6.184,6.158,6.158,9783.487933
2025-11-27 12:00:00,6.159,6.167,6.101,6.105,20677.193236
2025-11-27 13:00:00,6.104,6.153,6.104,6.13,21856.548737
2025-11-27 14:00:00,6.13,6.168,6.116,6.156,15391.189309
2025-11-27 15:00:00,6.155,6.223,6.139,6.187,112676.290491
2025-11-27 16:00:00,6.185,6.24,6.159,6.231,24496.79139
2025-11-27 17:00:00,6.23,6.232,6.184,6.216,18589.298
2025-11-27 18:00:00,6.215,6.268,6.212,6.25,88599.002103
2025-11-27 19:00:00,6.25,6.267,6.235,6.256,14135.564812
2025-11-27 20:00:00,6.26,6.277,6.236,6.241,17031.553369
2025-11-27 21:00:00,6.241,6.255,6.202,6.202,9784.427606
2025-11-27 22:00:00,6.201,6.216,6.136,6.149,26660.23365
2025-11-27 23:00:00,6.151,6.178,6.126,6.143,15201.424838
2025-11-28 00:00:00,6.144,6.169,6.13,6.14,84070.542326
2025-11-28 01:00:00,6.137,6.143,6.064,6.07,24201.286877
2025-11-28 02:00:00,6.07,6.125,6.051,6.118,25792.213917
2025-11-28 03:00:00,6.123,6.133,6.1,6.114,9292.90607
2025-11-28 04:00:00,6.113,6.135,6.095,6.099,16385.949758
2025-11-28 05:00:00,6.099,6.144,6.087,6.127,24288.320326
2025-11-28 06:00:00,6.128,6.128,6.08,6.095,15583.196463
2025-11-28 07:00:00,6.095,6.125,6.087,6.091,15193.450464
2025-11-28 08:00:00,6.09,6.311,6.09,6.28,80646.142711
2025-11-28 09:00:00,6.282,6.3,6.234,6.273,39307.818413
2025-11-28 10:00:00,6.275,6.29,6.251,6.278,27685.602276
2025-11-28 11:00:00,6.279,6.286,6.174,6.196,28200.941808
2025-11-28 12:00:00,6.193,6.227,6.166,6.209,34950.076089
2025-11-28 13:00:00,6.208,6.336,6.185,6.288,58928.579602
2025-11-28 14:00:00,6.289,6.355,6.245,6.285,69959.584411
2025-11-28 15:00:00,6.286,6.335,6.255,6.273,52547.4845
2025-11-28 16:00:00,6.272,6.272,6.114,6.125,40465.936849
2025-11-28 17:00:00,6.124,6.141,6.07,6.099,44571.727852
2025-11-28 18:00:00,6.102,6.133,6.061,6.131,21682.561949
2025-11-28 19:00:00,6.13,6.222,6.126,6.196,17230.065668
2025-11-28 20:00:00,6.196,6.214,6.15,6.214,14766.119658
2025-11-28 21:00:00,6.214,6.227,6.144,6.144,11232.746627
2025-11-28 22:00:00,6.147,6.179,6.129,6.167,25690.064095
2025-11-28 23:00:00,6.169,6.195,6.125,6.129,5906.072844
2025-11-29 00:00:00,6.129,6.168,6.127,6.159,5115.262466
2025-11-29 01:00:00,6.159,6.214,6.159,6.19,12739.79874
2025-11-29 02:00:00,6.185,6.196,6.143,6.166,30315.682659
2025-11-29 03:00:00,6.167,6.181,6.122,6.126,14654.919213
2025-11-29 04:00:00,6.127,6.176,6.109,6.176,8001.872865
2025-11-29 05:00:00,6.173,6.175,6.135,6.135,5124.370395
2025-11-29 06:00:00,6.136,6.147,6.08,6.107,38052.189281
2025-11-29 07:00:00,6.105,6.119,6.09,6.115,17241.357101
2025-11-29 08:00:00,6.113,6.151,6.109,6.118,10142.304892
2025-11-29 09:00:00,6.124,6.13,6.101,6.118,23246.333459
2025-11-29 10:00:00,6.119,6.174,6.097,6.174,17260.976179
2025-11-29 11:00:00,6.167,6.177,6.143,6.157,9217.967609
2025-11-29 12:00:00,6.156,6.156,6.111,6.119,14264.292948
2025-11-29 13:00:00,6.115,6.121,6.097,6.107,17346.85866
2025-11-29 14:00:00,6.108,6.109,6.085,6.089,6554.564572
2025-11-29 15:00:00,6.09,6.146,6.083,6.125,27435.350499
2025-11-29 16:00:00,6.126,6.127,6.081,6.099,13073.725723
2025-11-29 17:00:00,6.095,6.102,6.027,6.027,83655.937406
2025-11-29 18:00:00,6.029,6.033,5.98,6.03,42281.559997
2025-11-29 19:00:00,6.032,6.045,6.019,6.025,8370.791031
2025-11-29 20:00:00,6.027,6.082,6.013,6.082,7508.403762
2025-11-29 21:00:00,6.083,6.088,6.057,6.068,32222.25322
2025-11-29 22:00:00,6.068,6.069,6.037,6.045,11618.017825
2025-11-29 23:00:00,6.042,6.086,6.025,6.057,14459.33331
2025-11-30 00:00:00,6.06,6.087,6.059,6.079,6649.32959
2025-11-30 01:00:00,6.076,6.12,6.07,6.099,10152.187908
2025-11-30 02:00:00,6.099,6.115,6.052,6.059,7647.548395
2025-11-30 03:00:00,6.059,6.119,6.01,6.119,38707.894909
2025-11-30 04:00:00,6.12,6.121,6.077,6.104,21676.053679
2025-11-30 05:00:00,6.103,6.105,6.049,6.061,13961.779172
2025-11-30 06:00:00,6.063,6.163,6.051,6.116,17099.57986
2025-11-30 07:00:00,6.115,6.225,6.111,6.221,47163.454546
2025-11-30 08:00:00,6.221,6.278,6.158,6.225,49690.629732
2025-11-30 09:00:00,6.228,6.253,6.17,6.204,111087.20831
2025-11-30 10:00:00,6.205,6.221,6.14,6.147,47667.844375
2025-11-30 11:00:00,6.147,6.172,6.116,6.121,22813.786089
2025-11-30 12:00:00,6.121,6.183,6.108,6.157,19148.583086
2025-11-30 13:00:00,6.158,6.236,6.154,6.193,32813.718067
2025-11-30 14:00:00,6.192,6.198,6.133,6.15,10449.805118
2025-11-30 15:00:00,6.155,6.155,6.108,6.131,15988.75458
2025-11-30 16:00:00,6.134,6.193,6.131,6.177,23404.285987
2025-11-30 17:00:00,6.177,6.193,6.143,6.177,13848.54451
2025-11-30 18:00:00,6.175,6.175,6.138,6.146,5581.745825
2025-11-30 19:00:00,6.145,6.161,6.135,6.143,4120.977404
2025-11-30 20:00:00,6.142,6.172,6.125,6.151,5593.207207
2025-11-30 21:00:00,6.149,6.153,6.118,6.139,10488.290712
2025-11-30 22:00:00,6.138,6.18,6.138,6.178,13314.921629
2025-11-30 23:00:00,6.173,6.174,6.032,6.044,30675.806912
2025-12-01 00:00:00,6.044,6.059,5.615,5.628,491696.867508
2025-12-01 01:00:00,5.628,5.722,5.62,5.647,96658.828069
2025-12-01 02:00:00,5.646,5.674,5.604,5.609,108055.575217
2025-12-01 03:00:00,5.607,5.608,5.504,5.53,137172.243053
2025-12-01 04:00:00,5.529,5.547,5.471,5.519,111385.310412
2025-12-01 05:00:00,5.517,5.567,5.505,5.517,112428.107588
2025-12-01 06:00:00,5.517,5.534,5.488,5.496,68375.858785
2025-12-01 07:00:00,5.496,5.561,5.496,5.557,44807.101094
2025-12-01 08:00:00,5.555,5.576,5.527,5.576,32402.262439
2025-12-01 09:00:00,5.572,5.591,5.533,5.545,20034.700113
2025-12-01 10:00:00,5.544,5.594,5.544,5.567,17169.13796
2025-12-01 11:00:00,5.569,5.584,5.547,5.554,18888.027496
2025-12-01 12:00:00,5.555,5.566,5.438,5.521,112346.30908
2025-12-01 13:00:00,5.52,5.583,5.493,5.542,63224.892116
2025-12-01 14:00:00,5.534,5.624,5.507,5.574,65257.537765
2025-12-01 15:00:00,5.575,5.609,5.466,5.573,149969.201132
2025-12-01 16:00:00,5.574,5.594,5.493,5.501,68851.286444
2025-12-01 17:00:00,5.504,5.55,5.489,5.513,49874.918642
2025-12-01 18:00:00,5.518,5.564,5.485,5.526,31529.523605
2025-12-01 19:00:00,5.524,5.526,5.454,5.482,31933.823046
2025-12-01 20:00:00,5.488,5.568,5.488,5.505,24856.810033
2025-12-01 21:00:00,5.508,5.573,5.508,5.554,17053.875541
2025-12-01 22:00:00,5.559,5.624,5.557,5.593,19162.697552
2025-12-01 23:00:00,5.595,5.641,5.594,5.601,25085.972957
2025-12-02 00:00:00,5.601,5.626,5.567,5.569,34497.735508
2025-12-02 01:00:00,5.57,5.65,5.508,5.52,36241.058748
2025-12-02 02:00:00,5.521,5.561,5.499,5.504,82593.073571
2025-12-02 03:00:00,5.504,5.546,5.456,5.523,27737.72668
2025-12-02 04:00:00,5.527,5.551,5.5,5.5,28109.030857
2025-12-02 05:00:00,5.501,5.516,5.478,5.494,15006.028376
2025-12-02 06:00:00,5.495,5.539,5.479,5.535,22820.51239
2025-12-02 07:00:00,5.535,5.537,5.472,5.484,30292.317101
2025-12-02 08:00:00,5.49,5.497,5.369,5.402,190354.41081
2025-12-02 09:00:00,5.405,5.463,5.405,5.437,14069.839492
2025-12-02 10:00:00,5.432,5.534,5.429,5.499,54201.669704
2025-12-02 11:00:00,5.499,5.548,5.478,5.534,98270.808734
2025-12-02 12:00:00,5.538,5.557,5.512,5.545,24067.710857
2025-12-02 13:00:00,5.546,5.6,5.534,5.568,57865.149944
2025-12-02 14:00:00,5.569,5.742,5.563,5.718,123422.204071
2025-12-02 15:00:00,5.72,6.041,5.72,5.98,164537.988679
2025-12-02 16:00:00,5.987,6.013,5.863,5.906,120782.364708
2025-12-02 17:00:00,5.91,5.985,5.899,5.96,95663.464114
2025-12-02 18:00:00,5.963,5.995,5.931,5.945,43016.778345
2025-12-02 19:00:00,5.948,6.013,5.931,5.948,49789.224112
2025-12-02 20:00:00,5.95,5.951,5.87,5.919,37192.844785
2025-12-02 21:00:00,5.918,5.924,5.905,5.916,5534.396287
2025-12-02 22:00:00,5.919,5.972,5.913,5.972,33275.084297
2025-12-02 23:00:00,5.966,5.977,5.914,5.916,17358.770391
2025-12-03 00:00:00,5.917,5.978,5.916,5.952,34817.381971
2025-12-03 01:00:00,5.952,5.975,5.932,5.957,21138.951333
2025-12-03 02:00:00,5.953,6.02,5.951,6.012,86734.346772
2025-12-03 03:00:00,6.012,6.033,5.979,5.992,36712.639581
2025-12-03 04:00:00,5.989,6.127,5.968,6.12,132243.872788
2025-12-03 05:00:00,6.122,6.141,6.061,6.119,101533.356243
2025-12-03 06:00:00,6.119,6.177,6.077,6.095,90952.111584
2025-12-03 07:00:00,6.099,6.103,6.051,6.06,29727.146585
2025-12-03 08:00:00,6.062,6.091,6.041,6.085,25755.697089
2025-12-03 09:00:00,6.083,6.089,6.019,6.063,14169.420088
2025-12-03 10:00:00,6.064,6.081,6.009,6.016,15311.681321
2025-12-03 11:00:00,6.02,6.038,6.001,6.033,25152.400646
2025-12-03 12:00:00,6.035,6.05,6.004,6.013,21905.425463
2025-12-03 13:00:00,6.013,6.065,6.004,6.049,31696.344931
2025-12-03 14:00:00,6.048,6.085,5.894,5.943,216901.620034
2025-12-03 15:00:00,5.941,6.031,5.918,6.001,72940.230684
2025-12-03 16:00:00,6.003,6.041,5.954,5.994,69020.523117
2025-12-03 17:00:00,5.995,6.084,5.995,6.06,40612.963216
2025-12-03 18:00:00,6.062,6.096,6.016,6.031,32905.485467
2025-12-03 19:00:00,6.03,6.05,6.018,6.036,15015.320483
2025-12-03 20:00:00,6.037,6.081,6.019,6.043,14942.121752
2025-12-03 21:00:00,6.041,6.128,6.025,6.123,18406.299847
2025-12-03 22:00:00,6.119,6.17,6.088,6.14,49782.442771
2025-12-03 23:00:00,6.139,6.194,6.105,6.107,41371.933177
2025-12-04 00:00:00,6.107,6.127,6.065,6.109,29370.553429
2025-12-04 01:00:00,6.11,6.198,6.097,6.117,70722.893709
2025-12-04 02:00:00,6.119,6.183,6.115,6.18,30249.439482
2025-12-04 03:00:00,6.181,6.19,6.124,6.139,20522.663426
2025-12-04 04:00:00,6.14,6.174,6.099,6.109,39564.16965
2025-12-04 05:00:00,6.111,6.118,6.053,6.075,51912.809245
2025-12-04 06:00:00,6.075,6.142,6.067,6.116,57382.073513
2025-12-04 07:00:00,6.118,6.118,6.06,6.099,31555.924144
2025-12-04 08:00:00,6.097,6.11,6.062,6.073,17006.558402
2025-12-04 09:00:00,6.077,6.125,6.075,6.101,14820.981872
2025-12-04 10:00:00,6.101,6.11,6.057,6.064,23251.311549
2025-12-04 11:00:00,6.063,6.074,6.031,6.043,98717.091854
2025-12-04 12:00:00,6.043,6.057,6.01,6.024,77141.804366
2025-12-04 13:00:00,6.026,6.048,5.984,5.993,22657.938699
2025-12-04 14:00:00,5.991,6.031,5.936,5.944,54998.389258
2025-12-04 15:00:00,5.943,6.086,5.942,6.051,72173.291846
2025-12-04 16:00:00,6.049,6.073,5.976,5.996,35986.720952
2025-12-04 17:00:00,5.997,6.006,5.92,5.979,54167.518474
2025-12-04 18:00:00,5.981,6.013,5.947,5.966,11167.148662
2025-12-04 19:00:00,5.965,5.968,5.829,5.939,44761.077961
2025-12-04 20:00:00,5.938,5.99,5.914,5.973,11829.738103
2025-12-04 21:00:00,5.972,5.985,5.919,5.926,12581.775727
2025-12-04 22:00:00,5.927,5.978,5.926,5.966,18804.54999
2025-12-04 23:00:00,5.967,5.983,5.948,5.961,27545.132166
2025-12-05 00:00:00,5.96,6.016,5.955,5.977,22779.183453
2025-12-05 01:00:00,5.975,6.032,5.974,6.019,29846.449674
2025-12-05 02:00:00,6.015,6.037,5.981,6.018,25474.502413
2025-12-05 03:00:00,6.019,6.033,5.969,5.981,10140.241401
2025-12-05 04:00:00,5.98,6.001,5.895,5.928,37481.163541
2025-12-05 05:00:00,5.932,5.945,5.887,5.909,10936.600293
2025-12-05 06:00:00,5.915,5.961,5.915,5.952,11993.828711
2025-12-05 07:00:00,5.945,5.981,5.94,5.959,19894.753241
2025-12-05 08:00:00,5.954,5.959,5.893,5.911,16268.790706
2025-12-05 09:00:00,5.91,5.91,5.802,5.814,79094.372162
2025-12-05 10:00:00,5.814,5.875,5.805,5.828,41219.444938
2025-12-05 11:00:00,5.83,5.839,5.775,5.801,48371.80046
2025-12-05 12:00:00,5.802,5.812,5.786,5.793,29958.570293
2025-12-05 13:00:00,5.792,5.822,5.735,5.762,34743.748688
2025-12-05 14:00:00,5.761,5.782,5.7,5.714,28511.519321
2025-12-05 15:00:00,5.721,5.834,5.709,5.731,48101.316312
2025-12-05 16:00:00,5.731,5.736,5.49,5.557,163886.001997
2025-12-05 17:00:00,5.555,5.579,5.514,5.546,52497.798132
2025-12-05 18:00:00,5.543,5.592,5.46,5.462,46934.129501
2025-12-05 19:00:00,5.463,5.546,5.427,5.521,101652.425593
2025-12-05 20:00:00,5.524,5.546,5.485,5.496,22238.45312
2025-12-05 21:00:00,5.495,5.531,5.492,5.503,13296.351193
2025-12-05 22:00:00,5.504,5.55,5.486,5.529,12798.539445
2025-12-05 23:00:00,5.53,5.533,5.463,5.474,25361.367619
2025-12-06 00:00:00,5.475,5.475,5.417,5.459,35303.017177
2025-12-06 01:00:00,5.461,5.488,5.452,5.485,9388.68139
2025-12-06 02:00:00,5.487,5.489,5.461,5.485,26500.574206
2025-12-06 03:00:00,5.485,5.528,5.485,5.515,19877.926419
2025-12-06 04:00:00,5.515,5.519,5.469,5.504,15335.172461
2025-12-06 05:00:00,5.504,5.512,5.495,5.503,4128.360617
2025-12-06 06:00:00,5.504,5.524,5.498,5.51,6188.631818
2025-12-06 07:00:00,5.51,5.511,5.476,5.491,9933.029414
2025-12-06 08:00:00,5.492,5.497,5.455,5.457,30883.507839
2025-12-06 09:00:00,5.456,5.502,5.454,5.499,16656.717304
2025-12-06 10:00:00,5.496,5.528,5.472,5.478,7405.461705
2025-12-06 11:00:00,5.479,5.494,5.47,5.486,17760.067655
2025-12-06 12:00:00,5.485,5.516,5.473,5.497,13139.411553
2025-12-06 13:00:00,5.497,5.531,5.49,5.525,13113.451583
2025-12-06 14:00:00,5.524,5.587,5.516,5.556,35874.127968
2025-12-06 15:00:00,5.558,5.56,5.493,5.53,27358.782307
2025-12-06 16:00:00,5.53,5.608,5.527,5.583,29599.597051
2025-12-06 17:00:00,5.579,5.601,5.566,5.593,7795.41062
2025-12-06 18:00:00,5.592,5.625,5.578,5.595,14610.528717
2025-12-06 19:00:00,5.594,5.596,5.532,5.551,19183.725329
2025-12-06 20:00:00,5.552,5.577,5.551,5.575,5045.583999
2025-12-06 21:00:00,5.574,5.603,5.557,5.568,8933.190979
2025-12-06 22:00:00,5.573,5.583,5.545,5.555,10523.179503
2025-12-06 23:00:00,5.556,5.566,5.535,5.566,8594.486982
2025-12-07 00:00:00,5.567,5.617,5.564,5.605,76552.917445
2025-12-07 01:00:00,5.603,5.603,5.575,5.575,14302.090539
2025-12-07 02:00:00,5.575,5.631,5.575,5.62,19490.818898
2025-12-07 03:00:00,5.622,5.626,5.596,5.621,11948.845669
2025-12-07 04:00:00,5.622,5.627,5.592,5.592,5365.694594
2025-12-07 05:00:00,5.593,5.613,5.581,5.604,6195.186044
2025-12-07 06:00:00,5.603,5.636,5.6,5.635,9127.061914
2025-12-07 07:00:00,5.636,5.637,5.568,5.588,17354.028337
2025-12-07 08:00:00,5.589,5.6,5.558,5.568,4463.478703
2025-12-07 09:00:00,5.568,5.575,5.511,5.524,40135.088114
2025-12-07 10:00:00,5.523,5.548,5.511,5.523,89458.228951
2025-12-07 11:00:00,5.525,5.557,5.525,5.533,6302.966125
2025-12-07 12:00:00,5.532,5.583,5.532,5.568,20304.987363
2025-12-07 13:00:00,5.571,5.583,5.502,5.52,31561.982119
2025-12-07 14:00:00,5.521,5.528,5.319,5.36,159420.72672
2025-12-07 15:00:00,5.358,5.538,5.352,5.523,48536.34778
2025-12-07 16:00:00,5.522,5.523,5.463,5.522,28351.82463
2025-12-07 17:00:00,5.522,5.648,5.481,5.622,125383.493551
2025-12-07 18:00:00,5.625,5.671,5.624,5.637,25278.176102
2025-12-07 19:00:00,5.64,5.647,5.61,5.642,18278.208241
2025-12-07 20:00:00,5.645,5.654,5.63,5.654,9822.396581
2025-12-07 21:00:00,5.652,5.652,5.475,5.512,38294.876792
2025-12-07 22:00:00,5.504,5.505,5.369,5.439,78218.023448
2025-12-07 23:00:00,5.439,5.463,5.402,5.463,12196.707573
2025-12-08 00:00:00,5.463,5.506,5.431,5.487,148534.509925
2025-12-08 01:00:00,5.488,5.63,5.483,5.545,86437.459484
2025-12-08 02:00:00,5.544,5.602,5.539,5.59,14046.422233
2025-12-08 03:00:00,5.593,5.608,5.561,5.571,35392.471522
2025-12-08 04:00:00,5.574,5.648,5.574,5.622,18328.52509
2025-12-08 05:00:00,5.62,5.642,5.607,5.631,10485.05811
2025-12-08 06:00:00,5.634,5.716,5.621,5.676,68746.194085
2025-12-08 07:00:00,5.677,5.698,5.655,5.668,35924.763848
2025-12-08 08:00:00,5.668,5.689,5.659,5.686,28027.868759
2025-12-08 09:00:00,5.685,5.77,5.684,5.734,50869.227989
2025-12-08 10:00:00,5.736,5.742,5.711,5.726,12111.475872
2025-12-08 11:00:00,5.728,5.743,5.686,5.699,18939.816551
2025-12-08 12:00:00,5.698,5.701,5.656,5.68,26448.067275
2025-12-08 13:00:00,5.681,5.709,5.644,5.659,30446.097914
2025-12-08 14:00:00,5.661,5.742,5.642,5.674,70138.545225
2025-12-08 15:00:00,5.676,5.696,5.577,5.601,74417.107338
2025-12-08 16:00:00,5.6,5.666,5.561,5.608,42743.384062
2025-12-08 17:00:00,5.613,5.639,5.567,5.626,30439.823046
2025-12-08 18:00:00,5.627,5.643,5.554,5.578,25920.602398
2025-12-08 19:00:00,5.578,5.624,5.575,5.599,12190.445358
2025-12-08 20:00:00,5.6,5.654,5.599,5.637,16275.221571
2025-12-08 21:00:00,5.639,5.679,5.619,5.661,18694.077578
2025-12-08 22:00:00,5.664,5.664,5.609,5.632,6879.129049
2025-12-08 23:00:00,5.633,5.64,5.6,5.617,6975.006262
2025-12-09 00:00:00,5.616,5.639,5.547,5.56,20532.002552
2025-12-09 01:00:00,5.561,5.573,5.483,5.49,39335.022555
2025-12-09 02:00:00,5.49,5.51,5.457,5.457,27845.886098
2025-12-09 03:00:00,5.457,5.522,5.429,5.51,48942.890484
2025-12-09 04:00:00,5.513,5.515,5.445,5.466,20319.730767
2025-12-09 05:00:00,5.469,5.481,5.439,5.454,18610.7831
2025-12-09 06:00:00,5.456,5.471,5.426,5.462,16636.858202
2025-12-09 07:00:00,5.466,5.486,5.453,5.477,8254.426413
2025-12-09 08:00:00,5.477,5.487,5.463,5.477,32570.571063
2025-12-09 09:00:00,5.477,5.478,5.441,5.444,6236.690154
2025-12-09 10:00:00,5.444,5.489,5.442,5.478,20060.582046
2025-12-09 11:00:00,5.479,5.489,5.46,5.484,18272.068504
2025-12-09 12:00:00,5.483,5.549,5.472,5.543,17356.362154
2025-12-09 13:00:00,5.543,5.556,5.487,5.496,19782.578989
2025-12-09 14:00:00,5.498,5.523,5.455,5.49,26074.229538
2025-12-09 15:00:00,5.493,5.738,5.488,5.719,108500.039588
2025-12-09 16:00:00,5.723,5.934,5.723,5.917,134976.610893
2025-12-09 17:00:00,5.915,5.973,5.861,5.882,126975.585197
2025-12-09 18:00:00,5.885,5.909,5.863,5.876,27180.540398
2025-12-09 19:00:00,5.875,5.881,5.826,5.843,29943.622276
2025-12-09 20:00:00,5.843,5.859,5.749,5.8,38484.500479
2025-12-09 21:00:00,5.8,5.814,5.657,5.731,62860.789768
2025-12-09 22:00:00,5.735,5.821,5.73,5.79,45235.301531
2025-12-09 23:00:00,5.788,5.795,5.746,5.746,12002.046096
2025-12-10 00:00:00,5.745,5.757,5.649,5.651,31303.100071
2025-12-10 01:00:00,5.654,5.679,5.613,5.649,64911.506847
2025-12-10 02:00:00,5.648,5.682,5.627,5.668,21717.972912
2025-12-10 03:00:00,5.662,5.673,5.651,5.658,8976.820377
2025-12-10 04:00:00,5.657,5.681,5.644,5.66,30638.407041
2025-12-10 05:00:00,5.66,5.685,5.646,5.652,19190.140179
2025-12-10 06:00:00,5.652,5.655,5.623,5.631,21909.359236
2025-12-10 07:00:00,5.631,5.631,5.578,5.609,29720.991194
2025-12-10 08:00:00,5.612,5.623,5.589,5.589,15242.64721
2025-12-10 09:00:00,5.588,5.631,5.564,5.631,38221.438527
2025-12-10 10:00:00,5.63,5.677,5.552,5.552,52449.721212
2025-12-10 11:00:00,5.551,5.566,5.529,5.562,36156.669258
2025-12-10 12:00:00,5.56,5.565,5.53,5.565,35264.667087
2025-12-10 13:00:00,5.565,5.576,5.547,5.553,22564.5786
2025-12-10 14:00:00,5.554,5.564,5.532,5.552,61967.022371
2025-12-10 15:00:00,5.551,5.604,5.531,5.585,68957.704736
2025-12-10 16:00:00,5.584,5.659,5.564,5.646,87011.619087
2025-12-10 17:00:00,5.646,5.706,5.632,5.659,89558.720126
2025-12-10 18:00:00,5.658,5.796,5.642,5.723,126282.886477
2025-12-10 19:00:00,5.723,5.831,5.649,5.802,349838.275462
2025-12-10 20:00:00,5.802,5.947,5.74,5.758,266465.78012
2025-12-10 21:00:00,5.758,5.784,5.684,5.691,51323.958052
2025-12-10 22:00:00,5.687,5.71,5.601,5.682,39048.999375
2025-12-10 23:00:00,5.679,5.692,5.598,5.599,18530.998329
2025-12-11 00:00:00,5.6,5.607,5.484,5.497,57896.547541
2025-12-11 01:00:00,5.496,5.508,5.436,5.436,81012.528987
2025-12-11 02:00:00,5.436,5.436,5.366,5.386,149410.909323
2025-12-11 03:00:00,5.385,5.385,5.293,5.315,96846.806548
2025-12-11 04:00:00,5.317,5.392,5.295,5.377,46028.824346
2025-12-11 05:00:00,5.377,5.393,5.358,5.38,27480.763115
2025-12-11 06:00:00,5.38,5.38,5.331,5.359,24243.921837
2025-12-11 07:00:00,5.359,5.379,5.347,5.356,28667.840182
2025-12-11 08:00:00,5.356,5.368,5.328,5.354,50555.158131
2025-12-11 09:00:00,5.354,5.395,5.337,5.344,36153.242092
2025-12-11 10:00:00,5.344,5.363,5.328,5.359,17085.242045
2025-12-11 11:00:00,5.358,5.419,5.354,5.407,21009.811972
2025-12-11 12:00:00,5.407,5.407,5.362,5.364,141986.127038
2025-12-11 13:00:00,5.364,5.38,5.347,5.368,21420.1956
2025-12-11 14:00:00,5.371,5.384,5.31,5.338,81303.823069
2025-12-11 15:00:00,5.338,5.406,5.319,5.349,73387.593749
2025-12-11 16:00:00,5.349,5.384,5.309,5.338,37574.870364
2025-12-11 17:00:00,5.338,5.388,5.329,5.342,48370.392712
2025-12-11 18:00:00,5.341,5.456,5.331,5.406,117589.235651
2025-12-11 19:00:00,5.407,5.475,5.4,5.418,57072.521181
2025-12-11 20:00:00,5.417,5.476,5.402,5.469,47238.977333
2025-12-11 21:00:00,5.469,5.6,5.46,5.58,67593.385687
2025-12-11 22:00:00,5.586,5.599,5.51,5.53,47971.49095
2025-12-11 23:00:00,5.53,5.57,5.497,5.55,29281.954421
2025-12-12 00:00:00,5.549,5.585,5.463,5.472,63453.643593
2025-12-12 01:00:00,5.478,5.56,5.477,5.529,41736.620776
2025-12-12 02:00:00,5.529,5.59,5.514,5.575,43663.922057
2025-12-12 03:00:00,5.577,5.587,5.535,5.541,16490.715656
2025-12-12 04:00:00,5.54,5.542,5.51,5.512,15240.756014
2025-12-12 05:00:00,5.514,5.548,5.496,5.548,27521.985373
2025-12-12 06:00:00,5.549,5.61,5.549,5.565,45718.985501
2025-12-12 07:00:00,5.564,5.597,5.553,5.578,35450.65689
2025-12-12 08:00:00,5.578,5.595,5.545,5.578,39059.1275
2025-12-12 09:00:00,5.578,5.637,5.562,5.634,26536.788923
2025-12-12 10:00:00,5.633,5.652,5.601,5.608,35902.235672
2025-12-12 11:00:00,5.608,5.608,5.56,5.573,25637.342468
2025-12-12 12:00:00,5.578,5.614,5.566,5.614,25392.358173
2025-12-12 13:00:00,5.613,5.636,5.603,5.617,16829.303738
2025-12-12 14:00:00,5.618,5.619,5.569,5.595,48242.586437
2025-12-12 15:00:00,5.594,5.594,5.251,5.29,143265.146971
2025-12-12 16:00:00,5.288,5.315,5.211,5.267,155276.744665
2025-12-12 17:00:00,5.269,5.349,5.264,5.298,42616.202748
2025-12-12 18:00:00,5.3,5.381,5.299,5.343,17617.972997
2025-12-12 19:00:00,5.346,5.354,5.316,5.353,7450.182483
2025-12-12 20:00:00,5.353,5.363,5.321,5.359,23937.247183
2025-12-12 21:00:00,5.359,5.391,5.35,5.38,14739.018913
2025-12-12 22:00:00,5.382,5.416,5.378,5.384,26928.209693
2025-12-12 23:00:00,5.387,5.431,5.386,5.421,9315.434661
2025-12-13 00:00:00,5.428,5.446,5.398,5.401,25055.073832
2025-12-13 01:00:00,5.401,5.415,5.374,5.383,21575.98143
2025-12-13 02:00:00,5.386,5.422,5.386,5.415,10693.199464
2025-12-13 03:00:00,5.414,5.423,5.401,5.402,15590.943581
2025-12-13 04:00:00,5.404,5.423,5.397,5.416,22716.882997
2025-12-13 05:00:00,5.41,5.413,5.385,5.392,5634.700908
2025-12-13 06:00:00,5.388,5.413,5.387,5.409,3578.696149
2025-12-13 07:00:00,5.413,5.441,5.407,5.435,6784.680069
2025-12-13 08:00:00,5.437,5.494,5.43,5.475,21074.275459
2025-12-13 09:00:00,5.478,5.488,5.464,5.479,9129.724591
2025-12-13 10:00:00,5.477,5.506,5.473,5.49,70714.138748
2025-12-13 11:00:00,5.49,5.5,5.46,5.468,20146.821103
2025-12-13 12:00:00,5.462,5.476,5.433,5.445,16900.405015
2025-12-13 13:00:00,5.453,5.46,5.424,5.428,41878.11063
2025-12-13 14:00:00,5.433,5.448,5.414,5.434,15528.973228
2025-12-13 15:00:00,5.434,5.468,5.434,5.461,8719.871045
2025-12-13 16:00:00,5.465,5.484,5.453,5.457,6063.465626
2025-12-13 17:00:00,5.457,5.458,5.431,5.445,10577.429325
2025-12-13 18:00:00,5.445,5.47,5.438,5.445,5853.584788
2025-12-13 19:00:00,5.444,5.454,5.433,5.447,3464.322166
2025-12-13 20:00:00,5.447,5.457,5.443,5.446,1082.367702
2025-12-13 21:00:00,5.447,5.453,5.413,5.447,4529.16879
2025-12-13 22:00:00,5.448,5.484,5.442,5.47,18281.889147
2025-12-13 23:00:00,5.468,5.53,5.462,5.501,16365.404981
2025-12-14 00:00:00,5.503,5.552,5.476,5.536,23966.512058
2025-12-14 01:00:00,5.535,5.54,5.506,5.516,10109.003679
2025-12-14 02:00:00,5.519,5.563,5.504,5.55,14698.512159
2025-12-14 03:00:00,5.548,5.548,5.505,5.514,41901.789285
2025-12-14 04:00:00,5.513,5.519,5.494,5.506,11867.14922
2025-12-14 05:00:00,5.506,5.507,5.463,5.492,12735.227573
2025-12-14 06:00:00,5.491,5.493,5.466,5.484,6052.654709
2025-12-14 07:00:00,5.485,5.488,5.467,5.483,5335.854179
2025-12-14 08:00:00,5.483,5.492,5.453,5.457,8349.004177
2025-12-14 09:00:00,5.457,5.461,5.444,5.456,11145.96561
2025-12-14 10:00:00,5.455,5.462,5.421,5.431,11948.658301
2025-12-14 11:00:00,5.43,5.443,5.338,5.409,45073.313793
2025-12-14 12:00:00,5.406,5.446,5.381,5.438,12850.56313
2025-12-14 13:00:00,5.438,5.438,5.397,5.424,20285.941807
2025-12-14 14:00:00,5.425,5.437,5.359,5.389,8735.095361
2025-12-14 15:00:00,5.389,5.394,5.362,5.378,21867.371692
2025-12-14 16:00:00,5.381,5.42,5.363,5.39,16414.979934
2025-12-14 17:00:00,5.392,5.404,5.331,5.342,14248.343963
2025-12-14 18:00:00,5.344,5.371,5.336,5.371,9724.241331
2025-12-14 19:00:00,5.37,5.371,5.322,5.333,9950.862818
2025-12-14 20:00:00,5.331,5.365,5.303,5.323,19030.966375
2025-12-14 21:00:00,5.322,5.351,5.294,5.31,70012.448399
2025-12-14 22:00:00,5.311,5.336,5.293,5.324,35562.727074
2025-12-14 23:00:00,5.323,5.349,5.248,5.31,39543.267446
2025-12-15 00:00:00,5.312,5.356,5.294,5.343,109450.063473
2025-12-15 01:00:00,5.344,5.429,5.336,5.407,52065.66745
2025-12-15 02:00:00,5.408,5.467,5.389,5.391,51998.729483
2025-12-15 03:00:00,5.391,5.406,5.381,5.392,33950.803149
2025-12-15 04:00:00,5.395,5.415,5.376,5.399,6716.181052
2025-12-15 05:00:00,5.4,5.407,5.38,5.389,6840.770623
2025-12-15 06:00:00,5.39,5.43,5.373,5.407,14572.749064
2025-12-15 07:00:00,5.407,5.414,5.363,5.378,19743.331857
2025-12-15 08:00:00,5.379,5.398,5.369,5.384,4111.646797
2025-12-15 09:00:00,5.384,5.427,5.382,5.414,17325.9885
2025-12-15 10:00:00,5.413,5.454,5.4,5.422,13288.756625
2025-12-15 11:00:00,5.419,5.429,5.378,5.402,15423.389634
2025-12-15 12:00:00,5.4,5.419,5.384,5.415,6090.677214
2025-12-15 13:00:00,5.413,5.418,5.349,5.365,15150.994799
2025-12-15 14:00:00,5.365,5.421,5.205,5.238,112986.38016
2025-12-15 15:00:00,5.235,5.242,5.064,5.107,423764.806953
2025-12-15 16:00:00,5.107,5.11,5.019,5.042,118190.771972
2025-12-15 17:00:00,5.041,5.078,5.02,5.02,52698.271241
2025-12-15 18:00:00,5.019,5.067,4.972,5.067,66095.276323
2025-12-15 19:00:00,5.068,5.126,5.063,5.077,39663.344062
2025-12-15 20:00:00,5.077,5.077,5.01,5.016,24270.562502
2025-12-15 21:00:00,5.017,5.045,4.999,5.019,18992.350195
2025-12-15 22:00:00,5.021,5.041,5.003,5.04,8648.997271
2025-12-15 23:00:00,5.039,5.08,5.034,5.08,33916.521035
2025-12-16 00:00:00,5.078,5.09,5.001,5.001,22044.82938
2025-12-16 01:00:00,5.003,5.039,4.996,5.029,21581.150668
2025-12-16 02:00:00,5.028,5.088,5.01,5.048,30259.303396
2025-12-16 03:00:00,5.054,5.062,5.02,5.054,10937.965169
2025-12-16 04:00:00,5.058,5.064,4.939,5.007,93982.148661
2025-12-16 05:00:00,5.003,5.02,4.988,5.0,30143.06895
2025-12-16 06:00:00,4.998,5.043,4.998,5.039,5307.732026
2025-12-16 07:00:00,5.038,5.045,4.985,5.028,19140.19586
2025-12-16 08:00:00,5.029,5.073,5.015,5.055,18764.913822
2025-12-16 09:00:00,5.057,5.063,5.045,5.049,11834.267531
2025-12-16 10:00:00,5.054,5.143,5.045,5.118,14408.278644
2025-12-16 11:00:00,5.12,5.166,5.096,5.155,32104.214177
2025-12-16 12:00:00,5.155,5.157,5.13,5.139,9700.101065
2025-12-16 13:00:00,5.137,5.197,5.125,5.137,97421.793668
2025-12-16 14:00:00,5.138,5.214,5.089,5.188,62448.080944
2025-12-16 15:00:00,5.189,5.277,5.148,5.25,85795.722192
2025-12-16 16:00:00,5.25,5.25,5.172,5.19,99424.319571
2025-12-16 17:00:00,5.19,5.221,5.157,5.158,21524.525304
2025-12-16 18:00:00,5.161,5.227,5.138,5.201,19277.248735
2025-12-16 19:00:00,5.2,5.211,5.156,5.193,7876.232225
2025-12-16 20:00:00,5.19,5.204,5.172,5.174,10842.945781
2025-12-16 21:00:00,5.176,5.199,5.158,5.182,4812.315857
2025-12-16 22:00:00,5.187,5.205,5.167,5.195,20010.639174
2025-12-16 23:00:00,5.199,5.203,5.177,5.201,3002.813635
2025-12-17 00:00:00,5.196,5.205,5.156,5.178,28623.761846
2025-12-17 01:00:00,5.182,5.242,5.169,5.189,90086.298856
2025-12-17 02:00:00,5.192,5.193,5.139,5.171,42696.02454
2025-12-17 03:00:00,5.172,5.185,5.13,5.134,47697.025068
2025-12-17 04:00:00,5.134,5.138,5.072,5.082,69660.761136
2025-12-17 05:00:00,5.081,5.11,5.058,5.09,31368.432273
2025-12-17 06:00:00,5.089,5.115,5.076,5.079,22235.069463
2025-12-17 07:00:00,5.08,5.122,5.073,5.096,41814.206376
2025-12-17 08:00:00,5.096,5.096,5.065,5.079,22397.65707
2025-12-17 09:00:00,5.079,5.097,5.067,5.074,12434.727908
2025-12-17 10:00:00,5.074,5.099,5.061,5.071,32704.27008
2025-12-17 11:00:00,5.069,5.108,5.069,5.096,24879.823533
2025-12-17 12:00:00,5.095,5.11,5.074,5.084,8618.442202
2025-12-17 13:00:00,5.086,5.152,5.076,5.142,20266.934905
2025-12-17 14:00:00,5.141,5.239,5.019,5.233,59076.30594
2025-12-17 15:00:00,5.236,5.322,5.069,5.082,191391.685211
2025-12-17 16:00:00,5.081,5.128,4.949,5.03,106942.25784
2025-12-17 17:00:00,5.029,5.043,4.954,4.961,33624.150628
2025-12-17 18:00:00,4.966,4.998,4.906,4.915,27775.711793
2025-12-17 19:00:00,4.915,4.957,4.888,4.953,27489.452708
2025-12-17 20:00:00,4.954,4.985,4.924,4.934,9914.975606
2025-12-17 21:00:00,4.936,4.953,4.892,4.905,22769.080254
2025-12-17 22:00:00,4.905,4.96,4.886,4.955,27353.53169
2025-12-17 23:00:00,4.955,4.966,4.93,4.966,19685.348196
2025-12-18 00:00:00,4.967,4.972,4.939,4.962,10244.934868
2025-12-18 01:00:00,4.962,4.962,4.915,4.927,13230.169244
2025-12-18 02:00:00,4.93,4.989,4.918,4.979,12003.331089
2025-12-18 03:00:00,4.98,4.98,4.92,4.936,19744.678948
2025-12-18 04:00:00,4.937,4.971,4.933,4.941,43331.60105
2025-12-18 05:00:00,4.94,4.94,4.863,4.874,30385.896493
2025-12-18 06:00:00,4.872,4.928,4.855,4.92,48784.725251
2025-12-18 07:00:00,4.922,4.936,4.905,4.932,10291.642957
2025-12-18 08:00:00,4.932,5.317,4.929,5.191,644190.225742
2025-12-18 09:00:00,5.189,5.267,5.163,5.235,139770.077109
2025-12-18 10:00:00,5.234,5.348,5.223,5.256,121783.500809
2025-12-18 11:00:00,5.258,5.277,5.209,5.216,60150.134787
2025-12-18 12:00:00,5.219,5.297,5.176,5.273,71166.496495
2025-12-18 13:00:00,5.275,5.431,5.272,5.353,168650.112451
2025-12-18 14:00:00,5.354,5.382,5.213,5.262,89251.163219
2025-12-18 15:00:00,5.265,5.331,5.233,5.292,46012.138802
2025-12-18 16:00:00,5.291,5.299,5.223,5.242,49246.927034
2025-12-18 17:00:00,5.243,5.246,4.99,5.106,217388.157043
2025-12-18 18:00:00,5.108,5.16,5.051,5.064,62097.45775
2025-12-18 19:00:00,5.062,5.088,4.894,4.9,146648.87704
2025-12-18 20:00:00,4.9,4.958,4.863,4.882,85241.625453
2025-12-18 21:00:00,4.883,4.995,4.883,4.995,44877.952319
2025-12-18 22:00:00,4.995,5.02,4.962,4.969,30769.85572
2025-12-18 23:00:00,4.969,5.002,4.942,4.959,35434.815804
2025-12-19 00:00:00,4.961,4.975,4.917,4.944,30162.659948
2025-12-19 01:00:00,4.945,4.958,4.901,4.932,29913.279228
2025-12-19 02:00:00,4.93,4.979,4.903,4.947,33333.936396
2025-12-19 03:00:00,4.946,5.135,4.944,5.056,150283.239184
2025-12-19 04:00:00,5.058,5.1,5.048,5.084,72815.89913
2025-12-19 05:00:00,5.084,5.087,5.028,5.043,57696.086111
2025-12-19 06:00:00,5.048,5.107,5.01,5.107,43536.737912
2025-12-19 07:00:00,5.107,5.193,5.107,5.19,79452.686857
2025-12-19 08:00:00,5.188,5.248,5.159,5.243,82383.699333
2025-12-19 09:00:00,5.243,5.26,5.188,5.209,37306.955845
2025-12-19 10:00:00,5.209,5.216,5.165,5.198,52350.004672
2025-12-19 11:00:00,5.198,5.239,5.166,5.229,48253.418004
2025-12-19 12:00:00,5.229,5.231,5.164,5.174,25577.209956
2025-12-19 13:00:00,5.178,5.198,5.169,5.195,35197.931666
2025-12-19 14:00:00,5.199,5.295,5.177,5.246,66174.183495
2025-12-19 15:00:00,5.246,5.333,5.177,5.186,79924.743386
2025-12-19 16:00:00,5.193,5.3,5.19,5.227,39487.292301
2025-12-19 17:00:00,5.228,5.29,5.19,5.19,52130.925071
2025-12-19 18:00:00,5.194,5.246,5.188,5.234,23358.935964
2025-12-19 19:00:00,5.235,5.297,5.231,5.27,32730.83827
2025-12-19 20:00:00,5.27,5.307,5.268,5.298,27078.426353
2025-12-19 21:00:00,5.3,5.303,5.257,5.264,10505.739724
2025-12-19 22:00:00,5.266,5.322,5.266,5.321,27706.971785
2025-12-19 23:00:00,5.323,5.336,5.293,5.318,27174.790032
2025-12-20 00:00:00,5.318,5.329,5.28,5.3,37246.932989
2025-12-20 01:00:00,5.3,5.302,5.257,5.277,25285.713243
2025-12-20 02:00:00,5.275,5.313,5.261,5.291,34121.367073
2025-12-20 03:00:00,5.289,5.327,5.269,5.322,22083.873416
2025-12-20 04:00:00,5.323,5.329,5.29,5.302,19724.483353
2025-12-20 05:00:00,5.304,5.538,5.303,5.44,255307.908567
2025-12-20 06:00:00,5.439,5.47,5.388,5.415,78890.979571
2025-12-20 07:00:00,5.417,5.838,5.404,5.735,453309.87925
2025-12-20 08:00:00,5.734,5.781,5.687,5.742,133657.542558
2025-12-20 09:00:00,5.744,5.748,5.681,5.684,35494.178164
2025-12-20 10:00:00,5.688,5.688,5.592,5.609,69534.534762
2025-12-20 11:00:00,5.608,5.778,5.594,5.747,71763.044296
2025-12-20 12:00:00,5.746,5.778,5.726,5.734,37779.135951
2025-12-20 13:00:00,5.734,5.783,5.684,5.774,63533.702519
2025-12-20 14:00:00,5.771,6.005,5.736,5.944,218756.914877
2025-12-20 15:00:00,5.945,6.091,5.911,6.053,263942.932737
2025-12-20 16:00:00,6.051,6.15,6.043,6.081,312595.850881
2025-12-20 17:00:00,6.084,6.249,6.076,6.214,224166.727464
2025-12-20 18:00:00,6.214,6.29,6.19,6.236,136635.989459
2025-12-20 19:00:00,6.234,6.309,6.209,6.244,190131.802002
2025-12-20 20:00:00,6.244,6.282,6.165,6.275,87879.61804
2025-12-20 21:00:00,6.274,6.382,6.229,6.254,149639.393893
2025-12-20 22:00:00,6.254,6.294,6.215,6.259,58908.439406
2025-12-20 23:00:00,6.253,6.278,6.225,6.264,48659.183847
2025-12-21 00:00:00,6.262,6.287,6.13,6.177,131532.41996
2025-12-21 01:00:00,6.175,6.21,6.116,6.157,114417.077528
2025-12-21 02:00:00,6.158,6.244,6.133,6.133,86829.967874
2025-12-21 03:00:00,6.137,6.21,6.134,6.193,63243.58994
2025-12-21 04:00:00,6.194,6.293,6.194,6.283,118532.950747
2025-12-21 05:00:00,6.283,6.5,6.274,6.383,307521.763756
2025-12-21 06:00:00,6.381,6.418,6.332,6.368,72547.740371
2025-12-21 07:00:00,6.365,6.366,6.306,6.322,39402.498116
2025-12-21 08:00:00,6.321,6.382,6.308,6.343,40767.300679
2025-12-21 09:00:00,6.34,6.397,6.336,6.352,75610.498679
2025-12-21 10:00:00,6.352,6.37,6.249,6.29,73415.926347
2025-12-21 11:00:00,6.288,6.35,6.262,6.273,36547.435658
2025-12-21 12:00:00,6.274,6.423,6.272,6.354,105979.427644
2025-12-21 13:00:00,6.354,6.357,6.087,6.108,272288.787432
2025-12-21 14:00:00,6.11,6.209,6.095,6.146,109701.258951
2025-12-21 15:00:00,6.144,6.194,6.064,6.09,96701.34006
2025-12-21 16:00:00,6.09,6.197,6.076,6.147,65895.158984
2025-12-21 17:00:00,6.149,6.165,6.109,6.134,24249.778942
2025-12-21 18:00:00,6.129,6.136,6.091,6.13,27633.153161
2025-12-21 19:00:00,6.13,6.142,6.095,6.128,10458.289552
2025-12-21 20:00:00,6.125,6.146,6.109,6.141,7368.41931
2025-12-21 21:00:00,6.14,6.152,6.079,6.082,21602.248885
2025-12-21 22:00:00,6.081,6.128,6.063,6.12,34557.580041
2025-12-21 23:00:00,6.12,6.152,6.078,6.116,77253.193037
2025-12-22 00:00:00,6.116,6.213,6.116,6.15,65087.938551
2025-12-22 01:00:00,6.151,6.308,6.126,6.13,95885.303933
2025-12-22 02:00:00,6.13,6.169,6.032,6.166,58939.642201
2025-12-22 03:00:00,6.164,6.209,6.134,6.185,45528.026129
2025-12-22 04:00:00,6.185,6.191,6.153,6.188,28118.682878
2025-12-22 05:00:00,6.19,6.25,6.155,6.213,34148.915969
2025-12-22 06:00:00,6.214,6.271,6.178,6.249,38401.423942
2025-12-22 07:00:00,6.246,6.339,6.238,6.247,110886.752973
2025-12-22 08:00:00,6.248,6.329,6.219,6.221,66252.476362
2025-12-22 09:00:00,6.224,6.23,6.165,6.188,96826.176977
2025-12-22 10:00:00,6.186,6.222,6.161,6.208,106493.998036
2025-12-22 11:00:00,6.21,6.261,6.201,6.238,100794.178232
2025-12-22 12:00:00,6.234,6.413,6.227,6.325,170575.270337
2025-12-22 13:00:00,6.323,6.337,6.263,6.301,70509.499562
2025-12-22 14:00:00,6.302,6.338,6.213,6.219,100284.64687
2025-12-22 15:00:00,6.221,6.228,6.035,6.156,472919.027599
2025-12-22 16:00:00,6.156,6.224,6.111,6.122,97424.153763
2025-12-22 17:00:00,6.12,6.152,6.088,6.1,50966.478429
2025-12-22 18:00:00,6.098,6.132,6.08,6.092,77221.589341
2025-12-22 19:00:00,6.091,6.095,6.014,6.031,45819.069337
2025-12-22 20:00:00,6.027,6.058,5.907,5.97,146896.064988
2025-12-22 21:00:00,5.973,6.031,5.973,5.992,58636.21218
2025-12-22 22:00:00,5.994,6.069,5.983,6.056,50701.497622
2025-12-22 23:00:00,6.057,6.067,5.998,6.014,62412.876415
2025-12-23 00:00:00,6.014,6.076,6.0,6.071,31249.58596
2025-12-23 01:00:00,6.072,6.106,6.063,6.105,27314.582062
2025-12-23 02:00:00,6.106,6.122,6.035,6.066,94318.54098
2025-12-23 03:00:00,6.066,6.092,6.02,6.067,70982.529523
2025-12-23 04:00:00,6.066,6.102,6.061,6.095,47168.169086
2025-12-23 05:00:00,6.094,6.114,6.03,6.046,110280.176362
2025-12-23 06:00:00,6.047,6.05,5.954,6.0,140851.765927
2025-12-23 07:00:00,6.0,6.07,6.0,6.047,37238.241917
2025-12-23 08:00:00,6.046,6.079,5.979,5.996,80284.089365
2025-12-23 09:00:00,5.996,6.027,5.866,5.924,129599.511552
2025-12-23 10:00:00,5.923,5.933,5.805,5.884,153293.869779
2025-12-23 11:00:00,5.882,5.889,5.852,5.867,26384.510229
2025-12-23 12:00:00,5.868,5.868,5.753,5.758,174443.151965
2025-12-23 13:00:00,5.756,5.804,5.732,5.742,152156.163107
2025-12-23 14:00:00,5.742,5.774,5.655,5.708,239943.988204
2025-12-23 15:00:00,5.709,5.819,5.687,5.739,177863.848612
2025-12-23 16:00:00,5.739,5.835,5.729,5.809,66474.436352
2025-12-23 17:00:00,5.81,5.828,5.703,5.704,63293.843167
2025-12-23 18:00:00,5.705,5.787,5.703,5.776,40663.708681
2025-12-23 19:00:00,5.776,5.79,5.757,5.775,18474.24707
2025-12-23 20:00:00,5.776,5.812,5.757,5.77,20109.78236
2025-12-23 21:00:00,5.771,5.826,5.746,5.826,37128.491338
2025-12-23 22:00:00,5.826,5.832,5.783,5.793,34834.302382
2025-12-23 23:00:00,5.796,5.834,5.783,5.811,27568.78064
2025-12-24 00:00:00,5.813,5.833,5.809,5.824,25524.822513
2025-12-24 01:00:00,5.828,5.866,5.817,5.853,48092.879365
2025-12-24 02:00:00,5.853,5.859,5.747,5.769,90368.701262
2025-12-24 03:00:00,5.769,5.77,5.689,5.736,113548.526175
2025-12-24 04:00:00,5.737,5.775,5.702,5.704,64061.222836
2025-12-24 05:00:00,5.704,5.717,5.662,5.675,61598.9639
2025-12-24 06:00:00,5.677,5.678,5.613,5.628,72534.962341
2025-12-24 07:00:00,5.629,5.648,5.598,5.603,54989.058095
2025-12-24 08:00:00,5.604,5.639,5.596,5.631,61912.868863
2025-12-24 09:00:00,5.635,5.707,5.635,5.686,79646.367458
2025-12-24 10:00:00,5.687,5.765,5.687,5.753,66298.653176
2025-12-24 11:00:00,5.751,5.77,5.732,5.733,39511.077384
2025-12-24 12:00:00,5.734,5.764,5.721,5.754,34910.138128
2025-12-24 13:00:00,5.751,5.751,5.71,5.719,19936.571391
2025-12-24 14:00:00,5.722,5.764,5.683,5.719,67137.136389
2025-12-24 15:00:00,5.725,5.775,5.679,5.764,56662.859337
2025-12-24 16:00:00,5.765,5.891,5.753,5.869,94571.598385
2025-12-24 17:00:00,5.87,5.877,5.804,5.811,54442.202812
2025-12-24 18:00:00,5.807,5.81,5.778,5.798,14659.41542
2025-12-24 19:00:00,5.799,5.799,5.77,5.788,8328.807127
2025-12-24 20:00:00,5.79,5.799,5.761,5.764,11668.147997
2025-12-24 21:00:00,5.767,5.821,5.761,5.82,12036.721699
2025-12-24 22:00:00,5.818,5.832,5.793,5.818,20119.1122
2025-12-24 23:00:00,5.82,5.823,5.77,5.78,21204.720198
2025-12-25 00:00:00,5.779,5.808,5.764,5.808,13154.580865
2025-12-25 01:00:00,5.809,5.854,5.795,5.832,10643.84375
2025-12-25 02:00:00,5.831,5.863,5.807,5.849,27508.608689
2025-12-25 03:00:00,5.848,5.85,5.798,5.818,12408.38587
2025-12-25 04:00:00,5.819,5.835,5.801,5.822,16516.879376
2025-12-25 05:00:00,5.821,5.821,5.77,5.782,18221.585995
2025-12-25 06:00:00,5.781,5.826,5.759,5.814,37864.818227
2025-12-25 07:00:00,5.811,5.812,5.787,5.79,19081.681095
2025-12-25 08:00:00,5.79,5.825,5.749,5.781,43584.081605
2025-12-25 09:00:00,5.784,5.836,5.769,5.825,25077.466356
2025-12-25 10:00:00,5.825,5.825,5.761,5.776,20610.463773
2025-12-25 11:00:00,5.776,5.803,5.765,5.792,14606.780027
2025-12-25 12:00:00,5.789,5.866,5.778,5.85,35696.530394
2025-12-25 13:00:00,5.849,5.872,5.831,5.861,32817.766528
2025-12-25 14:00:00,5.86,5.863,5.815,5.821,16722.403505
2025-12-25 15:00:00,5.82,5.942,5.797,5.905,76222.120337
2025-12-25 16:00:00,5.905,6.019,5.905,5.978,97922.382908
2025-12-25 17:00:00,5.981,5.981,5.924,5.934,18841.194261
2025-12-25 18:00:00,5.936,6.083,5.913,5.976,94760.707581
2025-12-25 19:00:00,5.979,5.981,5.905,5.929,35169.173263
2025-12-25 20:00:00,5.93,5.952,5.91,5.947,11280.982887
2025-12-25 21:00:00,5.948,6.018,5.94,6.017,22358.094995
2025-12-25 22:00:00,6.016,6.029,5.85,5.893,76405.452279
2025-12-25 23:00:00,5.894,5.916,5.79,5.814,69463.727938
2025-12-26 00:00:00,5.813,5.832,5.731,5.768,104208.778765
2025-12-26 01:00:00,5.77,5.82,5.762,5.796,24093.555443
2025-12-26 02:00:00,5.795,5.974,5.795,5.934,126702.296215
2025-12-26 03:00:00,5.936,5.946,5.875,5.91,40671.734449
2025-12-26 04:00:00,5.912,5.968,5.865,5.952,24998.692213
2025-12-26 05:00:00,5.951,5.967,5.917,5.961,31145.836538
2025-12-26 06:00:00,5.964,6.04,5.953,5.966,58602.386332
2025-12-26 07:00:00,5.964,6.002,5.884,5.895,120196.078328
2025-12-26 08:00:00,5.897,5.961,5.893,5.937,109652.210475
2025-12-26 09:00:00,5.938,5.94,5.91,5.929,41132.796627
2025-12-26 10:00:00,5.927,5.93,5.902,5.916,15351.00115
2025-12-26 11:00:00,5.916,5.92,5.887,5.907,13967.756243
2025-12-26 12:00:00,5.906,5.928,5.894,5.902,26990.641297
2025-12-26 13:00:00,5.902,5.948,5.9,5.926,18497.324269
2025-12-26 14:00:00,5.925,5.932,5.749,5.785,178714.547695
2025-12-26 15:00:00,5.784,5.829,5.736,5.808,45648.8013
2025-12-26 16:00:00,5.811,5.825,5.768,5.768,34680.944665
2025-12-26 17:00:00,5.77,5.814,5.768,5.794,12655.830436
2025-12-26 18:00:00,5.798,5.831,5.795,5.815,7206.519514
2025-12-26 19:00:00,5.817,5.857,5.815,5.845,10007.447874
2025-12-26 20:00:00,5.843,5.853,5.821,5.844,9196.629116
2025-12-26 21:00:00,5.843,5.853,5.816,5.819,19001.972578
2025-12-26 22:00:00,5.819,5.84,5.804,5.832,17940.405773
2025-12-26 23:00:00,5.83,5.84,5.824,5.83,3193.713299
2025-12-27 00:00:00,5.83,5.887,5.827,5.887,28757.777305
2025-12-27 01:00:00,5.887,5.911,5.876,5.905,25214.255025
2025-12-27 02:00:00,5.904,5.929,5.889,5.925,26584.077581
2025-12-27 03:00:00,5.925,6.012,5.924,6.001,127177.637523
2025-12-27 04:00:00,6.002,6.004,5.945,5.964,30834.304891
2025-12-27 05:00:00,5.963,5.988,5.945,5.979,25524.118367
2025-12-27 06:00:00,5.979,5.986,5.955,5.981,29131.591282
2025-12-27 07:00:00,5.978,6.022,5.972,6.003,25939.94747
2025-12-27 08:00:00,6.003,6.04,5.984,5.985,31087.931158
2025-12-27 09:00:00,5.987,5.999,5.962,5.974,29679.152952
2025-12-27 10:00:00,5.966,5.983,5.902,5.937,34511.94103
2025-12-27 11:00:00,5.938,5.957,5.93,5.954,22266.472283
2025-12-27 12:00:00,5.956,5.973,5.923,5.93,18873.789685
2025-12-27 13:00:00,5.931,5.936,5.901,5.915,16327.420125
2025-12-27 14:00:00,5.918,5.953,5.915,5.931,20580.869147
2025-12-27 15:00:00,5.931,5.97,5.912,5.955,64230.166825
2025-12-27 16:00:00,5.958,5.98,5.926,5.934,47614.825352
2025-12-27 17:00:00,5.935,5.945,5.922,5.928,7604.379049
2025-12-27 18:00:00,5.933,5.937,5.911,5.916,8977.109784
2025-12-27 19:00:00,5.919,5.947,5.917,5.936,6841.236828
2025-12-27 20:00:00,5.938,5.954,5.909,5.93,9443.095479
2025-12-27 21:00:00,5.931,5.97,5.923,5.959,19671.381908
2025-12-27 22:00:00,5.959,6.002,5.838,5.883,48279.425602
2025-12-27 23:00:00,5.883,5.985,5.883,5.965,36055.131665
2025-12-28 00:00:00,5.968,5.985,5.936,5.979,35623.439865
2025-12-28 01:00:00,5.979,6.034,5.945,6.022,40665.7331
2025-12-28 02:00:00,6.022,6.096,6.001,6.023,90894.157175
2025-12-28 03:00:00,6.022,6.031,6.001,6.024,21729.400332
2025-12-28 04:00:00,6.022,6.272,6.017,6.107,261158.821264
2025-12-28 05:00:00,6.1,6.227,6.075,6.168,116428.502237
2025-12-28 06:00:00,6.165,6.416,6.128,6.342,255100.23459
2025-12-28 07:00:00,6.341,6.396,6.278,6.329,153451.797056
2025-12-28 08:00:00,6.33,6.379,6.308,6.323,27585.22527
2025-12-28 09:00:00,6.322,6.331,6.251,6.261,50081.859611
2025-12-28 10:00:00,6.261,6.321,6.255,6.278,50322.290068
2025-12-28 11:00:00,6.28,6.323,6.269,6.288,50254.267162
2025-12-28 12:00:00,6.293,6.316,6.284,6.291,38261.749986
2025-12-28 13:00:00,6.297,6.346,6.285,6.342,39507.669876
2025-12-28 14:00:00,6.34,6.443,6.326,6.37,98695.651897
2025-12-28 15:00:00,6.371,6.567,6.364,6.448,290065.492882
2025-12-28 16:00:00,6.45,6.465,6.323,6.358,163124.647796
2025-12-28 17:00:00,6.358,6.4,6.357,6.37,31698.889158
2025-12-28 18:00:00,6.37,6.376,6.165,6.178,179738.25401
2025-12-28 19:00:00,6.177,6.212,6.106,6.134,58598.528785
2025-12-28 20:00:00,6.134,6.157,6.116,6.129,22080.068938
2025-12-28 21:00:00,6.132,6.149,6.111,6.149,15367.373146
2025-12-28 22:00:00,6.15,6.216,6.136,6.193,33097.891855
2025-12-28 23:00:00,6.193,6.23,6.15,6.23,34716.491552
2025-12-29 00:00:00,6.23,6.266,6.21,6.221,105015.600723
2025-12-29 01:00:00,6.221,6.294,6.133,6.288,214998.728064
2025-12-29 02:00:00,6.288,6.368,6.259,6.296,214461.509386
2025-12-29 03:00:00,6.295,6.362,6.275,6.342,169064.23574
2025-12-29 04:00:00,6.343,6.358,6.272,6.287,93093.428543
2025-12-29 05:00:00,6.288,6.292,6.254,6.262,38242.009857
2025-12-29 06:00:00,6.26,6.276,6.24,6.25,30661.9484
2025-12-29 07:00:00,6.254,6.265,6.185,6.189,56762.830153
2025-12-29 08:00:00,6.191,6.2,6.129,6.161,33411.867362
2025-12-29 09:00:00,6.16,6.161,6.033,6.094,137356.600885
2025-12-29 10:00:00,6.094,6.147,6.09,6.129,45525.0737
2025-12-29 11:00:00,6.126,6.139,6.112,6.113,22783.703273
2025-12-29 12:00:00,6.111,6.113,6.0,6.092,172812.655919
2025-12-29 13:00:00,6.09,6.111,5.991,6.007,101753.932109
2025-12-29 14:00:00,6.01,6.078,5.989,6.016,38409.13903
2025-12-29 15:00:00,6.016,6.111,6.007,6.057,54954.420202
2025-12-29 16:00:00,6.054,6.069,6.015,6.016,42645.546701
2025-12-29 17:00:00,6.017,6.044,6.001,6.01,31857.934595
2025-12-29 18:00:00,6.013,6.034,5.959,5.969,48539.769642
2025-12-29 19:00:00,5.969,5.99,5.941,5.958,47935.460288
2025-12-29 20:00:00,5.958,5.973,5.938,5.939,10590.540842
2025-12-29 21:00:00,5.939,6.005,5.929,5.998,49202.687221
2025-12-29 22:00:00,5.995,6.016,5.976,5.99,14013.790068
2025-12-29 23:00:00,5.987,6.025,5.977,5.996,10045.522818
2025-12-30 00:00:00,5.992,5.993,5.951,5.973,23564.332049
2025-12-30 01:00:00,5.972,6.041,5.964,6.021,22443.719805
2025-12-30 02:00:00,6.021,6.029,5.981,6.001,11589.837386
2025-12-30 03:00:00,6.001,6.013,5.96,5.996,14545.424311
2025-12-30 04:00:00,5.994,6.013,5.972,5.977,20446.460154
2025-12-30 05:00:00,5.977,5.981,5.934,5.935,24071.828258
2025-12-30 06:00:00,5.935,5.99,5.901,5.925,107925.300693
2025-12-30 07:00:00,5.924,5.974,5.914,5.958,35073.088126
2025-12-30 08:00:00,5.957,6.033,5.957,5.976,77245.901233
2025-12-30 09:00:00,5.976,6.024,5.967,6.011,28132.371413
2025-12-30 10:00:00,6.008,6.012,5.968,5.97,13219.883357
2025-12-30 11:00:00,5.971,5.991,5.945,5.986,35610.985538
2025-12-30 12:00:00,5.986,6.004,5.972,5.976,40055.632752
2025-12-30 13:00:00,5.975,6.004,5.963,5.987,41395.047948
2025-12-30 14:00:00,5.987,6.04,5.931,6.017,63158.395383
2025-12-30 15:00:00,6.017,6.025,5.974,6.007,38086.901327
2025-12-30 16:00:00,6.008,6.034,5.966,5.986,32072.649101
2025-12-30 17:00:00,5.988,6.007,5.959,5.973,24282.954161
2025-12-30 18:00:00,5.972,5.98,5.948,5.965,15357.416729
2025-12-30 19:00:00,5.964,5.969,5.927,5.944,23466.791994
2025-12-30 20:00:00,5.943,5.948,5.908,5.908,11252.227888
2025-12-30 21:00:00,5.908,5.929,5.897,5.924,15506.059494
2025-12-30 22:00:00,5.925,5.935,5.903,5.926,7890.950456
2025-12-30 23:00:00,5.923,5.943,5.916,5.928,13912.431216
2025-12-31 00:00:00,5.927,5.927,5.879,5.9,45956.753817
2025-12-31 01:00:00,5.899,5.973,5.893,5.959,37323.763456
2025-12-31 02:00:00,5.956,5.975,5.948,5.969,15260.993078
2025-12-31 03:00:00,5.97,5.977,5.916,5.931,29052.422324
2025-12-31 04:00:00,5.928,5.939,5.911,5.916,18012.073966
2025-12-31 05:00:00,5.916,5.927,5.913,5.922,6419.920626
2025-12-31 06:00:00,5.922,5.94,5.907,5.907,9036.951617
2025-12-31 07:00:00,5.907,5.92,5.886,5.914,62552.762004
2025-12-31 08:00:00,5.916,5.93,5.876,5.887,56694.755666
2025-12-31 09:00:00,5.887,5.913,5.878,5.91,65028.456129
2025-12-31 10:00:00,5.909,5.918,5.854,5.88,61027.311795
2025-12-31 11:00:00,5.881,5.94,5.881,5.928,75586.326228
2025-12-31 12:00:00,5.927,5.929,5.877,5.889,66447.629939
2025-12-31 13:00:00,5.886,5.925,5.878,5.917,20434.846242
2025-12-31 14:00:00,5.915,5.952,5.891,5.9,25709.714563
2025-12-31 15:00:00,5.899,5.9,5.816,5.854,80504.119254
2025-12-31 16:00:00,5.854,5.867,5.672,5.728,286847.868577
2025-12-31 17:00:00,5.729,5.747,5.693,5.704,42889.905076
2025-12-31 18:00:00,5.704,5.729,5.68,5.68,14024.502026
2025-12-31 19:00:00,5.682,5.708,5.669,5.677,72680.626348
2025-12-31 20:00:00,5.675,5.724,5.641,5.712,38720.080125
2025-12-31 21:00:00,5.713,5.718,5.68,5.684,14922.766499
2025-12-31 22:00:00,5.683,5.702,5.672,5.69,14096.649879
2025-12-31 23:00:00,5.689,5.7,5.621,5.639,28460.078242
2026-01-01 00:00:00,5.64,5.697,5.64,5.688,27622.990746
2026-01-01 01:00:00,5.684,5.709,5.67,5.689,18681.37365
2026-01-01 02:00:00,5.688,5.696,5.656,5.664,36787.044214
2026-01-01 03:00:00,5.663,5.682,5.641,5.644,18910.016868
2026-01-01 04:00:00,5.645,5.656,5.621,5.65,28866.602659
2026-01-01 05:00:00,5.652,5.686,5.646,5.675,16353.704062
2026-01-01 06:00:00,5.676,5.68,5.651,5.654,19568.031943
2026-01-01 07:00:00,5.656,5.667,5.614,5.644,58148.918341
2026-01-01 08:00:00,5.643,5.665,5.64,5.658,26225.365384
2026-01-01 09:00:00,5.66,5.692,5.66,5.664,19087.924161
2026-01-01 10:00:00,5.664,5.679,5.66,5.67,21230.051393
2026-01-01 11:00:00,5.668,5.688,5.651,5.681,10309.241856
2026-01-01 12:00:00,5.68,5.686,5.651,5.652,33871.292015
2026-01-01 13:00:00,5.651,5.685,5.641,5.668,17585.791712
2026-01-01 14:00:00,5.67,5.709,5.668,5.695,33030.26455
2026-01-01 15:00:00,5.697,5.774,5.695,5.748,50666.307657
2026-01-01 16:00:00,5.748,5.763,5.718,5.724,19657.876599
2026-01-01 17:00:00,5.721,5.792,5.72,5.781,107258.424432
2026-01-01 18:00:00,5.782,5.796,5.764,5.784,25032.504851
2026-01-01 19:00:00,5.783,5.832,5.771,5.83,24274.850984
2026-01-01 20:00:00,5.83,5.839,5.781,5.8,42683.416456
2026-01-01 21:00:00,5.802,5.823,5.787,5.794,21719.354425
2026-01-01 22:00:00,5.8,5.83,5.794,5.817,10498.563217
2026-01-01 23:00:00,5.818,5.829,5.8,5.809,10702.171873
2026-01-02 00:00:00,5.809,5.817,5.769,5.777,33510.631031
2026-01-02 01:00:00,5.777,5.795,5.73,5.74,41900.031031
2026-01-02 02:00:00,5.743,5.772,5.673,5.764,80845.07762
2026-01-02 03:00:00,5.763,5.843,5.752,5.81,53109.684863
2026-01-02 04:00:00,5.812,5.815,5.773,5.783,40849.635153
2026-01-02 05:00:00,5.783,5.783,5.745,5.771,26278.844143
2026-01-02 06:00:00,5.771,5.804,5.771,5.779,29214.051161
2026-01-02 07:00:00,5.78,5.79,5.734,5.745,20265.406796
2026-01-02 08:00:00,5.745,5.774,5.738,5.773,15258.461966
2026-01-02 09:00:00,5.772,5.891,5.762,5.868,67026.923717
2026-01-02 10:00:00,5.868,5.894,5.845,5.874,53085.54657
2026-01-02 11:00:00,5.875,5.875,5.775,5.803,40317.929775
2026-01-02 12:00:00,5.804,5.861,5.774,5.826,28858.853065
2026-01-02 13:00:00,5.826,5.853,5.809,5.812,24623.944683
2026-01-02 14:00:00,5.812,5.892,5.732,5.83,101514.889108
2026-01-02 15:00:00,5.831,5.916,5.762,5.864,63005.432642
2026-01-02 16:00:00,5.864,5.962,5.837,5.928,80291.822839
2026-01-02 17:00:00,5.93,5.972,5.915,5.959,37022.827578
2026-01-02 18:00:00,5.958,5.993,5.914,5.95,44304.987211
2026-01-02 19:00:00,5.952,6.022,5.949,6.02,31686.675134
2026-01-02 20:00:00,6.02,6.045,5.993,6.012,12225.024555
2026-01-02 21:00:00,6.01,6.068,6.008,6.066,55632.89239
2026-01-02 22:00:00,6.066,6.101,6.053,6.068,36162.148672
2026-01-02 23:00:00,6.066,6.094,6.028,6.039,39140.71338
2026-01-03 00:00:00,6.039,6.11,6.039,6.094,39204.359046
2026-01-03 01:00:00,6.089,6.121,6.074,6.098,26108.540693
2026-01-03 02:00:00,6.096,6.096,6.059,6.064,33469.695277
2026-01-03 03:00:00,6.063,6.076,6.042,6.058,76981.255052
2026-01-03 04:00:00,6.061,6.064,6.026,6.031,37628.232681
2026-01-03 05:00:00,6.033,6.059,5.963,5.983,72949.198539
2026-01-03 06:00:00,5.984,6.023,5.792,5.825,198691.899151
2026-01-03 07:00:00,5.824,5.841,5.744,5.786,96725.530912
2026-01-03 08:00:00,5.786,5.83,5.755,5.808,72366.792723
2026-01-03 09:00:00,5.808,5.852,5.782,5.819,44274.115114
2026-01-03 10:00:00,5.82,5.822,5.792,5.796,22777.390143
2026-01-03 11:00:00,5.796,5.809,5.771,5.808,49090.30105
2026-01-03 12:00:00,5.806,5.835,5.796,5.828,31140.523208
2026-01-03 13:00:00,5.827,5.849,5.823,5.833,36154.298925
2026-01-03 14:00:00,5.833,5.852,5.817,5.828,31771.294636
2026-01-03 15:00:00,5.826,5.829,5.797,5.809,32691.37284
2026-01-03 16:00:00,5.813,5.898,5.802,5.876,51060.219176
2026-01-03 17:00:00,5.878,5.892,5.847,5.873,11843.537169
2026-01-03 18:00:00,5.875,5.908,5.845,5.908,15186.285868
2026-01-03 19:00:00,5.908,5.911,5.888,5.896,7717.838995
2026-01-03 20:00:00,5.898,5.919,5.869,5.899,7168.330633
2026-01-03 21:00:00,5.9,5.929,5.881,5.912,21926.321718
2026-01-03 22:00:00,5.913,5.94,5.897,5.927,17455.455275
2026-01-03 23:00:00,5.93,5.938,5.913,5.915,10889.291782
2026-01-04 00:00:00,5.915,6.009,5.911,5.994,51859.832787
2026-01-04 01:00:00,5.997,6.021,5.933,5.968,204865.250989
2026-01-04 02:00:00,5.968,5.97,5.92,5.931,56436.544938
2026-01-04 03:00:00,5.934,5.963,5.918,5.942,49076.635783
2026-01-04 04:00:00,5.94,5.945,5.913,5.917,63476.287927
2026-01-04 05:00:00,5.918,5.922,5.881,5.922,68110.551177
2026-01-04 06:00:00,5.922,5.947,5.833,5.853,94476.879884
2026-01-04 07:00:00,5.854,5.888,5.842,5.867,57387.643948
2026-01-04 08:00:00,5.869,5.888,5.828,5.881,38406.040594
2026-01-04 09:00:00,5.883,5.935,5.854,5.92,107323.448272
2026-01-04 10:00:00,5.92,5.941,5.892,5.925,53009.337533
2026-01-04 11:00:00,5.922,5.922,5.88,5.891,60758.198301
2026-01-04 12:00:00,5.89,5.945,5.865,5.903,71446.790784
2026-01-04 13:00:00,5.903,5.933,5.873,5.932,56807.800705
2026-01-04 14:00:00,5.931,5.948,5.911,5.948,64484.851531
2026-01-04 15:00:00,5.946,5.96,5.899,5.945,75441.268042
2026-01-04 16:00:00,5.945,5.988,5.937,5.986,43617.879847
2026-01-04 17:00:00,5.982,5.999,5.969,5.973,53887.036187
2026-01-04 18:00:00,5.973,5.974,5.863,5.899,47418.064563
2026-01-04 19:00:00,5.896,5.898,5.81,5.852,64748.682049
2026-01-04 20:00:00,5.851,5.874,5.836,5.849,15291.916105
2026-01-04 21:00:00,5.849,5.893,5.767,5.78,66128.824348
2026-01-04 22:00:00,5.78,5.833,5.768,5.828,64971.941278
2026-01-04 23:00:00,5.83,5.87,5.818,5.851,31940.291539
2026-01-05 00:00:00,5.852,5.927,5.843,5.921,50293.192947
2026-01-05 01:00:00,5.925,6.042,5.896,5.983,171049.033456
2026-01-05 02:00:00,5.984,6.017,5.936,5.977,65265.187065
2026-01-05 03:00:00,5.975,6.005,5.943,5.961,49207.896908
2026-01-05 04:00:00,5.96,5.972,5.829,5.897,65795.636838
2026-01-05 05:00:00,5.898,5.916,5.851,5.859,31857.45325
2026-01-05 06:00:00,5.862,5.901,5.802,5.89,106842.302505
2026-01-05 07:00:00,5.888,5.949,5.878,5.91,57678.039358
2026-01-05 08:00:00,5.908,5.954,5.896,5.896,41490.638817
2026-01-05 09:00:00,5.896,5.896,5.817,5.844,62997.154446
2026-01-05 10:00:00,5.846,5.887,5.834,5.875,61881.323928
2026-01-05 11:00:00,5.872,5.915,5.856,5.91,35839.3584
2026-01-05 12:00:00,5.91,5.91,5.836,5.853,50223.377329
2026-01-05 13:00:00,5.856,5.874,5.794,5.824,51222.418485
2026-01-05 14:00:00,5.822,5.909,5.796,5.868,59770.062198
2026-01-05 15:00:00,5.867,5.919,5.823,5.874,107284.855
2026-01-05 16:00:00,5.874,5.902,5.794,5.815,168968.57702
2026-01-05 17:00:00,5.815,5.878,5.722,5.858,183093.680505
2026-01-05 18:00:00,5.862,5.936,5.837,5.93,68156.189243
2026-01-05 19:00:00,5.931,5.949,5.877,5.9,44887.957905
2026-01-05 20:00:00,5.9,6.008,5.892,5.979,91898.848913
2026-01-05 21:00:00,5.981,6.133,5.957,6.106,94830.363998
2026-01-05 22:00:00,6.108,6.443,6.074,6.258,357927.341567
2026-01-05 23:00:00,6.265,6.268,6.154,6.16,127590.483429
2026-01-06 00:00:00,6.161,6.242,6.12,6.197,147056.628394
2026-01-06 01:00:00,6.199,6.25,6.113,6.117,76824.103214
2026-01-06 02:00:00,6.118,6.159,6.083,6.099,60515.212726
2026-01-06 03:00:00,6.099,6.193,6.097,6.159,102889.413156
2026-01-06 04:00:00,6.158,6.226,6.152,6.216,295408.477337
2026-01-06 05:00:00,6.215,6.247,6.205,6.212,118302.633461
2026-01-06 06:00:00,6.21,6.297,6.189,6.27,135733.017358
2026-01-06 07:00:00,6.271,6.284,6.095,6.118,187770.677839
2026-01-06 08:00:00,6.119,6.178,6.09,6.111,61603.849658
2026-01-06 09:00:00,6.111,6.168,6.103,6.144,169243.417331
2026-01-06 10:00:00,6.146,6.168,6.117,6.121,41484.499236
2026-01-06 11:00:00,6.121,6.195,6.117,6.187,47630.807477
2026-01-06 12:00:00,6.192,6.235,6.182,6.191,83193.270208
2026-01-06 13:00:00,6.191,6.196,6.135,6.147,49711.626259
2026-01-06 14:00:00,6.152,6.314,6.14,6.185,191957.565043
2026-01-06 15:00:00,6.184,6.249,6.115,6.144,106737.192213
2026-01-06 16:00:00,6.143,6.185,5.945,6.014,182543.107153
2026-01-06 17:00:00,6.011,6.043,5.849,5.868,89821.734577
2026-01-06 18:00:00,5.868,5.944,5.843,5.914,39613.340888
2026-01-06 19:00:00,5.912,5.968,5.903,5.915,21248.669885
2026-01-06 20:00:00,5.916,5.968,5.916,5.943,29878.215888
2026-01-06 21:00:00,5.942,6.051,5.926,6.014,39112.311869
2026-01-06 22:00:00,6.011,6.034,5.978,6.022,39985.829311
2026-01-06 23:00:00,6.022,6.075,6.022,6.072,25209.840397
2026-01-07 00:00:00,6.069,6.094,5.983,5.984,39798.155507
2026-01-07 01:00:00,5.986,6.016,5.932,5.945,48713.887225
2026-01-07 02:00:00,5.944,6.025,5.919,6.019,49838.000703
2026-01-07 03:00:00,6.02,6.062,6.0,6.006,50139.830479
2026-01-07 04:00:00,6.007,6.014,5.968,5.973,22346.49993
2026-01-07 05:00:00,5.974,6.019,5.964,5.972,27663.174098
2026-01-07 06:00:00,5.978,6.031,5.978,6.018,27038.488004
2026-01-07 07:00:00,6.013,6.068,6.013,6.045,27663.803845
2026-01-07 08:00:00,6.049,6.078,6.03,6.05,49684.505155
2026-01-07 09:00:00,6.048,6.049,5.883,5.9,75502.876863
2026-01-07 10:00:00,5.898,5.933,5.889,5.915,51947.800733
2026-01-07 11:00:00,5.915,5.951,5.912,5.927,21382.477391
2026-01-07 12:00:00,5.927,5.93,5.867,5.873,51294.362786
2026-01-07 13:00:00,5.871,5.884,5.828,5.847,71337.125582
2026-01-07 14:00:00,5.85,5.85,5.69,5.8,204297.688565
2026-01-07 15:00:00,5.8,5.802,5.694,5.748,114521.804897
2026-01-07 16:00:00,5.747,5.767,5.705,5.737,41336.559011
2026-01-07 17:00:00,5.739,5.781,5.725,5.738,28874.714901
2026-01-07 18:00:00,5.739,5.766,5.696,5.71,35975.625809
2026-01-07 19:00:00,5.708,5.72,5.658,5.694,47149.335623
2026-01-07 20:00:00,5.694,5.699,5.642,5.665,37587.736295
2026-01-07 21:00:00,5.664,5.688,5.66,5.678,13811.40205
2026-01-07 22:00:00,5.672,5.723,5.66,5.698,35299.687232
2026-01-07 23:00:00,5.694,5.757,5.668,5.726,23757.960269
2026-01-08 00:00:00,5.722,5.759,5.692,5.751,29109.080963
2026-01-08 01:00:00,5.75,5.812,5.739,5.808,77609.998818
2026-01-08 02:00:00,5.806,5.817,5.732,5.738,36166.111243
2026-01-08 03:00:00,5.74,5.769,5.67,5.683,32480.92114
2026-01-08 04:00:00,5.684,5.738,5.669,5.707,49540.020348
2026-01-08 05:00:00,5.708,5.73,5.701,5.715,11008.21252
2026-01-08 06:00:00,5.716,5.726,5.518,5.521,182262.766205
2026-01-08 07:00:00,5.524,5.624,5.488,5.616,179330.29858
2026-01-08 08:00:00,5.615,5.623,5.542,5.547,40855.085512
2026-01-08 09:00:00,5.552,5.584,5.492,5.504,389852.697991
2026-01-08 10:00:00,5.506,5.526,5.45,5.515,161426.176002
2026-01-08 11:00:00,5.512,5.516,5.441,5.484,72971.052716
2026-01-08 12:00:00,5.483,5.49,5.446,5.467,57436.169727
2026-01-08 13:00:00,5.466,5.489,5.457,5.47,28578.792499
2026-01-08 14:00:00,5.466,5.48,5.39,5.44,89600.786459
2026-01-08 15:00:00,5.436,5.501,5.404,5.494,64921.658436
2026-01-08 16:00:00,5.493,5.502,5.415,5.498,53535.07587
2026-01-08 17:00:00,5.5,5.527,5.471,5.518,68850.20261
2026-01-08 18:00:00,5.516,5.531,5.485,5.495,51472.185416
2026-01-08 19:00:00,5.498,5.51,5.445,5.453,43086.906293
2026-01-08 20:00:00,5.455,5.461,5.407,5.455,51302.356007
2026-01-08 21:00:00,5.454,5.513,5.454,5.503,30473.897391
2026-01-08 22:00:00,5.503,5.525,5.466,5.492,36115.028359
2026-01-08 23:00:00,5.495,5.512,5.48,5.487,28213.586393
2026-01-09 00:00:00,5.487,5.51,5.484,5.5,32426.813652
2026-01-09 01:00:00,5.501,5.548,5.444,5.48,66048.564545
2026-01-09 02:00:00,5.477,5.517,5.464,5.467,51732.614906
2026-01-09 03:00:00,5.466,5.527,5.462,5.519,18435.295969
2026-01-09 04:00:00,5.52,5.523,5.481,5.486,21660.189624
2026-01-09 05:00:00,5.484,5.502,5.471,5.486,8688.228019
2026-01-09 06:00:00,5.485,5.51,5.468,5.506,47515.038667
2026-01-09 07:00:00,5.502,5.502,5.47,5.47,18003.541291
2026-01-09 08:00:00,5.47,5.477,5.349,5.412,216978.669328
2026-01-09 09:00:00,5.413,5.468,5.41,5.434,32279.867449
2026-01-09 10:00:00,5.432,5.468,5.425,5.467,10777.356074
2026-01-09 11:00:00,5.468,5.477,5.447,5.453,15100.233777
2026-01-09 12:00:00,5.45,5.46,5.427,5.452,6422.523108
2026-01-09 13:00:00,5.45,5.508,5.45,5.472,54068.970897
2026-01-09 14:00:00,5.47,5.481,5.417,5.433,22420.694391
2026-01-09 15:00:00,5.433,5.57,5.41,5.496,76352.108981
2026-01-09 16:00:00,5.497,5.567,5.467,5.521,81528.507824
2026-01-09 17:00:00,5.522,5.581,5.454,5.533,144173.23896
2026-01-09 18:00:00,5.532,5.538,5.439,5.488,27201.360107
2026-01-09 19:00:00,5.487,5.487,5.435,5.442,20552.44086
2026-01-09 20:00:00,5.441,5.481,5.437,5.46,16119.51545
2026-01-09 21:00:00,5.46,5.489,5.444,5.487,15915.026103
2026-01-09 22:00:00,5.487,5.489,5.452,5.484,17707.137598
2026-01-09 23:00:00,5.486,5.49,5.462,5.467,12939.547751
2026-01-10 00:00:00,5.466,5.475,5.443,5.444,7950.830289
2026-01-10 01:00:00,5.45,5.486,5.443,5.481,7659.938132
2026-01-10 02:00:00,5.481,5.482,5.46,5.47,5994.247272
2026-01-10 03:00:00,5.476,5.477,5.445,5.454,18919.037761
2026-01-10 04:00:00,5.453,5.458,5.427,5.44,15865.344684
2026-01-10 05:00:00,5.441,5.474,5.434,5.468,12932.443171
2026-01-10 06:00:00,5.469,5.522,5.46,5.472,51127.794298
2026-01-10 07:00:00,5.471,5.518,5.466,5.517,22137.963533
2026-01-10 08:00:00,5.515,5.535,5.486,5.5,31440.55751
2026-01-10 09:00:00,5.501,5.508,5.486,5.497,18270.978032
2026-01-10 10:00:00,5.496,5.523,5.482,5.509,43405.295675
2026-01-10 11:00:00,5.51,5.524,5.504,5.519,8266.899918
2026-01-10 12:00:00,5.519,5.555,5.513,5.547,26092.762987
2026-01-10 13:00:00,5.547,5.551,5.527,5.533,12120.526598
2026-01-10 14:00:00,5.533,5.533,5.493,5.498,64375.06237
2026-01-10 15:00:00,5.5,5.514,5.489,5.506,12408.445316
2026-01-10 16:00:00,5.507,5.516,5.491,5.497,17994.911908
2026-01-10 17:00:00,5.497,5.519,5.494,5.497,11204.449099
2026-01-10 18:00:00,5.499,5.506,5.477,5.496,5855.187359
2026-01-10 19:00:00,5.499,5.508,5.491,5.504,10729.370932
2026-01-10 20:00:00,5.505,5.517,5.503,5.515,7736.416527
2026-01-10 21:00:00,5.514,5.515,5.491,5.491,9825.401392
2026-01-10 22:00:00,5.491,5.502,5.444,5.457,26543.239688
2026-01-10 23:00:00,5.457,5.485,5.455,5.475,5837.301676
2026-01-11 00:00:00,5.475,5.497,5.467,5.497,9593.952099
2026-01-11 01:00:00,5.495,5.512,5.488,5.51,7897.394301
2026-01-11 02:00:00,5.51,5.52,5.5,5.505,16022.576236
2026-01-11 03:00:00,5.506,5.534,5.5,5.523,17701.98199
2026-01-11 04:00:00,5.526,5.527,5.502,5.508,24926.764933
2026-01-11 05:00:00,5.506,5.524,5.504,5.522,8230.293187
2026-01-11 06:00:00,5.521,5.537,5.494,5.505,5975.007866
2026-01-11 07:00:00,5.505,5.509,5.497,5.509,8954.694944
2026-01-11 08:00:00,5.506,5.522,5.489,5.512,4893.637458
2026-01-11 09:00:00,5.512,5.527,5.501,5.505,7678.79534
2026-01-11 10:00:00,5.502,5.516,5.496,5.505,5443.068561
2026-01-11 11:00:00,5.506,5.509,5.496,5.501,8820.567343
2026-01-11 12:00:00,5.503,5.536,5.501,5.528,12882.363886
2026-01-11 13:00:00,5.529,5.535,5.5,5.503,37808.524613
2026-01-11 14:00:00,5.504,5.532,5.501,5.522,13341.990407
2026-01-11 15:00:00,5.523,5.528,5.45,5.478,37855.315637
2026-01-11 16:00:00,5.479,5.542,5.467,5.502,31799.576962
2026-01-11 17:00:00,5.501,5.508,5.471,5.506,11036.12973
2026-01-11 18:00:00,5.507,5.509,5.47,5.492,15576.176628
2026-01-11 19:00:00,5.493,5.513,5.483,5.49,9487.49395
2026-01-11 20:00:00,5.489,5.489,5.422,5.448,20627.60794
2026-01-11 21:00:00,5.445,5.474,5.421,5.47,5735.757472
2026-01-11 22:00:00,5.469,5.469,5.41,5.427,10723.991765
2026-01-11 23:00:00,5.425,5.458,5.377,5.454,35360.951835
2026-01-12 00:00:00,5.453,5.474,5.392,5.462,41754.055109
2026-01-12 01:00:00,5.464,5.514,5.46,5.492,43841.82226
2026-01-12 02:00:00,5.496,5.58,5.496,5.567,51985.579676
2026-01-12 03:00:00,5.568,5.593,5.518,5.52,62352.365629
2026-01-12 04:00:00,5.521,5.581,5.506,5.581,34003.783322
2026-01-12 05:00:00,5.578,5.607,5.529,5.541,69301.999363
2026-01-12 06:00:00,5.542,5.549,5.498,5.507,19025.687718
2026-01-12 07:00:00,5.507,5.525,5.443,5.454,22026.364405
2026-01-12 08:00:00,5.453,5.469,5.361,5.413,65239.527775
2026-01-12 09:00:00,5.41,5.425,5.387,5.392,31849.010881
2026-01-12 10:00:00,5.395,5.409,5.376,5.382,16111.381218
2026-01-12 11:00:00,5.383,5.42,5.382,5.414,13390.672142
2026-01-12 12:00:00,5.412,5.425,5.395,5.396,7004.628625
2026-01-12 13:00:00,5.395,5.405,5.336,5.347,57351.224397
2026-01-12 14:00:00,5.346,5.389,5.284,5.374,54170.678694
2026-01-12 15:00:00,5.374,5.409,5.356,5.388,27821.232965
2026-01-12 16:00:00,5.388,5.45,5.374,5.402,43538.243422
2026-01-12 17:00:00,5.402,5.417,5.311,5.356,37083.050871
2026-01-12 18:00:00,5.357,5.388,5.338,5.363,15842.327515
2026-01-12 19:00:00,5.359,5.394,5.338,5.39,11074.561356
2026-01-12 20:00:00,5.393,5.412,5.325,5.33,16591.587713
2026-01-12 21:00:00,5.331,5.332,5.294,5.312,24844.165273
2026-01-12 22:00:00,5.317,5.363,5.314,5.358,8941.019906
2026-01-12 23:00:00,5.359,5.37,5.338,5.368,6600.807764
2026-01-13 00:00:00,5.367,5.387,5.358,5.38,13301.998903
2026-01-13 01:00:00,5.38,5.401,5.35,5.366,28655.118935
2026-01-13 02:00:00,5.367,5.396,5.358,5.358,9593.17656
2026-01-13 03:00:00,5.364,5.389,5.357,5.374,28225.434128
2026-01-13 04:00:00,5.374,5.412,5.374,5.405,18265.818454
2026-01-13 05:00:00,5.405,5.458,5.404,5.412,31060.799351
2026-01-13 06:00:00,5.414,5.449,5.413,5.447,23854.185213
2026-01-13 07:00:00,5.448,5.449,5.427,5.433,10135.673885
2026-01-13 08:00:00,5.433,5.447,5.409,5.447,6770.91407
2026-01-13 09:00:00,5.446,5.47,5.415,5.422,53523.706471
2026-01-13 10:00:00,5.424,5.432,5.408,5.41,15250.295288
2026-01-13 11:00:00,5.413,5.436,5.41,5.426,12178.010585
2026-01-13 12:00:00,5.429,5.46,5.418,5.454,15811.167096
2026-01-13 13:00:00,5.455,5.516,5.455,5.494,55849.532126
2026-01-13 14:00:00,5.494,5.572,5.477,5.515,114429.339785
2026-01-13 15:00:00,5.514,5.572,5.473,5.569,78236.714953
2026-01-13 16:00:00,5.57,5.618,5.56,5.59,149698.138954
2026-01-13 17:00:00,5.592,5.626,5.541,5.566,44339.624813
2026-01-13 18:00:00,5.564,5.601,5.558,5.582,15628.523123
2026-01-13 19:00:00,5.582,5.615,5.565,5.604,20486.275223
2026-01-13 20:00:00,5.607,5.615,5.561,5.586,23642.529629
2026-01-13 21:00:00,5.587,5.638,5.583,5.62,64264.430862
2026-01-13 22:00:00,5.621,5.806,5.618,5.77,169106.077559
2026-01-13 23:00:00,5.771,5.796,5.698,5.727,209028.725316
2026-01-14 00:00:00,5.727,5.763,5.699,5.746,86273.29782
2026-01-14 01:00:00,5.741,5.775,5.732,5.754,59259.131221
2026-01-14 02:00:00,5.753,5.79,5.739,5.748,44348.028202
2026-01-14 03:00:00,5.748,5.771,5.726,5.768,56569.099482
2026-01-14 04:00:00,5.768,5.781,5.74,5.75,65456.906796
2026-01-14 05:00:00,5.748,5.751,5.71,5.739,62968.548232
2026-01-14 06:00:00,5.741,5.773,5.699,5.77,45232.512279
2026-01-14 07:00:00,5.769,5.776,5.734,5.757,21673.932345
2026-01-14 08:00:00,5.757,5.823,5.755,5.792,36726.561259
2026-01-14 09:00:00,5.793,5.834,5.776,5.787,69833.406936
2026-01-14 10:00:00,5.788,5.82,5.747,5.754,63925.265334
2026-01-14 11:00:00,5.754,5.754,5.7,5.709,49462.153325
2026-01-14 12:00:00,5.713,5.735,5.703,5.72,16990.751559
2026-01-14 13:00:00,5.719,5.737,5.679,5.688,43422.118148
2026-01-14 14:00:00,5.687,5.802,5.686,5.768,78699.205369
2026-01-14 15:00:00,5.77,5.819,5.733,5.787,73387.891647
2026-01-14 16:00:00,5.788,5.851,5.78,5.793,159034.771139
2026-01-14 17:00:00,5.79,5.823,5.738,5.746,68236.12436
2026-01-14 18:00:00,5.745,5.756,5.655,5.704,60053.504322
2026-01-14 19:00:00,5.705,5.809,5.691,5.762,70141.34887
2026-01-14 20:00:00,5.761,5.788,5.731,5.761,22349.12438
2026-01-14 21:00:00,5.758,5.775,5.735,5.761,25659.63062
2026-01-14 22:00:00,5.758,5.762,5.697,5.7,24774.012347
2026-01-14 23:00:00,5.699,5.735,5.678,5.681,24247.883023
2026-01-15 00:00:00,5.682,5.686,5.622,5.634,58564.149674
2026-01-15 01:00:00,5.637,5.674,5.609,5.623,55431.670774
2026-01-15 02:00:00,5.623,5.638,5.566,5.573,32759.011284
2026-01-15 03:00:00,5.576,5.587,5.481,5.493,82609.292535
2026-01-15 04:00:00,5.492,5.511,5.485,5.501,34129.367037
2026-01-15 05:00:00,5.501,5.515,5.493,5.507,26074.906366
2026-01-15 06:00:00,5.505,5.534,5.454,5.461,81559.562077
2026-01-15 07:00:00,5.461,5.527,5.46,5.508,32762.917087
2026-01-15 08:00:00,5.509,5.518,5.484,5.514,23368.174187
2026-01-15 09:00:00,5.514,5.585,5.498,5.562,74054.536613
2026-01-15 10:00:00,5.564,5.57,5.522,5.527,30436.02195
2026-01-15 11:00:00,5.528,5.542,5.506,5.528,54035.841011
2026-01-15 12:00:00,5.529,5.546,5.479,5.502,143399.466299
2026-01-15 13:00:00,5.499,5.507,5.479,5.492,51898.76457
2026-01-15 14:00:00,5.491,5.513,5.397,5.439,67636.284316
2026-01-15 15:00:00,5.44,5.459,5.321,5.403,114706.358564
2026-01-15 16:00:00,5.4,5.432,5.357,5.412,89575.332802
2026-01-15 17:00:00,5.413,5.436,5.374,5.378,42525.962592
2026-01-15 18:00:00,5.382,5.392,5.302,5.323,54489.638913
2026-01-15 19:00:00,5.322,5.33,5.28,5.307,161217.6057
2026-01-15 20:00:00,5.306,5.31,5.224,5.24,73530.290749
2026-01-15 21:00:00,5.242,5.296,5.241,5.284,44619.070078
2026-01-15 22:00:00,5.285,5.339,5.284,5.322,81487.901052
2026-01-15 23:00:00,5.324,5.357,5.311,5.35,26002.537711
2026-01-16 00:00:00,5.35,5.361,5.329,5.329,23825.201822
2026-01-16 01:00:00,5.329,5.337,5.303,5.311,31158.356736
2026-01-16 02:00:00,5.31,5.331,5.263,5.331,92960.477959
2026-01-16 03:00:00,5.332,5.334,5.302,5.313,17712.628918
2026-01-16 04:00:00,5.313,5.335,5.274,5.291,24091.81591
2026-01-16 05:00:00,5.291,5.337,5.285,5.319,30998.956089
2026-01-16 06:00:00,5.318,5.332,5.303,5.326,24688.26465
2026-01-16 07:00:00,5.326,5.342,5.302,5.318,125961.093586
2026-01-16 08:00:00,5.317,5.338,5.31,5.333,30990.832985
2026-01-16 09:00:00,5.329,5.339,5.326,5.326,14770.105297
2026-01-16 10:00:00,5.327,5.328,5.304,5.308,14243.659955
2026-01-16 11:00:00,5.307,5.325,5.299,5.325,26428.143623
2026-01-16 12:00:00,5.326,5.332,5.299,5.307,22299.587075
2026-01-16 13:00:00,5.306,5.306,5.252,5.275,62639.457315
2026-01-16 14:00:00,5.272,5.294,5.263,5.266,29127.111601
2026-01-16 15:00:00,5.264,5.291,5.13,5.168,114350.963924
2026-01-16 16:00:00,5.168,5.23,5.157,5.207,53496.35522
2026-01-16 17:00:00,5.208,5.238,5.192,5.237,9347.040188
2026-01-16 18:00:00,5.238,5.244,5.223,5.231,12536.259506
2026-01-16 19:00:00,5.228,5.248,5.209,5.244,6965.189142
2026-01-16 20:00:00,5.245,5.32,5.218,5.32,27592.423817
2026-01-16 21:00:00,5.32,5.35,5.309,5.329,34344.010624
2026-01-16 22:00:00,5.329,5.339,5.313,5.335,20617.659976
2026-01-16 23:00:00,5.334,5.338,5.307,5.316,12109.567914
2026-01-17 00:00:00,5.317,5.34,5.306,5.334,22534.817229
2026-01-17 01:00:00,5.33,5.346,5.323,5.33,31898.639541
2026-01-17 02:00:00,5.33,5.342,5.314,5.34,23546.129662
2026-01-17 03:00:00,5.341,5.343,5.322,5.342,10549.610625
2026-01-17 04:00:00,5.338,5.35,5.326,5.348,7962.78444
2026-01-17 05:00:00,5.345,5.369,5.345,5.354,45927.706386
2026-01-17 06:00:00,5.352,5.353,5.333,5.342,7074.078602
2026-01-17 07:00:00,5.337,5.362,5.323,5.36,7974.663164
2026-01-17 08:00:00,5.363,5.378,5.352,5.372,15475.717881
2026-01-17 09:00:00,5.373,5.39,5.369,5.388,25649.641595
2026-01-17 10:00:00,5.388,5.416,5.378,5.381,30920.499591
2026-01-17 11:00:00,5.383,5.393,5.348,5.349,25331.632088
2026-01-17 12:00:00,5.348,5.375,5.334,5.372,31849.713217
2026-01-17 13:00:00,5.373,5.415,5.372,5.392,24643.09798
2026-01-17 14:00:00,5.392,5.427,5.382,5.42,31309.359581
2026-01-17 15:00:00,5.421,5.443,5.405,5.435,30201.526291
2026-01-17 16:00:00,5.435,5.438,5.372,5.388,30369.811958
2026-01-17 17:00:00,5.386,5.401,5.37,5.376,9217.778829
2026-01-17 18:00:00,5.381,5.39,5.371,5.382,7763.706318
2026-01-17 19:00:00,5.384,5.408,5.381,5.387,20890.052992
2026-01-17 20:00:00,5.39,5.408,5.386,5.391,4009.652847
2026-01-17 21:00:00,5.39,5.396,5.379,5.396,8129.662615
2026-01-17 22:00:00,5.394,5.394,5.343,5.358,14144.034151
2026-01-17 23:00:00,5.357,5.364,5.346,5.35,8593.20296
2026-01-18 00:00:00,5.35,5.387,5.348,5.367,28779.945157
2026-01-18 01:00:00,5.369,5.374,5.284,5.305,53641.363719
2026-01-18 02:00:00,5.306,5.34,5.297,5.31,17337.40163
2026-01-18 03:00:00,5.31,5.347,5.31,5.332,11900.748651
2026-01-18 04:00:00,5.333,5.335,5.316,5.324,11676.275187
2026-01-18 05:00:00,5.323,5.328,5.31,5.326,8690.922253
2026-01-18 06:00:00,5.327,5.339,5.309,5.31,8405.430667
2026-01-18 07:00:00,5.313,5.324,5.291,5.31,15893.73735
2026-01-18 08:00:00,5.311,5.325,5.306,5.321,7030.405456
2026-01-18 09:00:00,5.318,5.333,5.31,5.33,14219.247462
2026-01-18 10:00:00,5.331,5.332,5.31,5.32,6285.292652
2026-01-18 11:00:00,5.321,5.334,5.313,5.327,5725.463076
2026-01-18 12:00:00,5.326,5.328,5.298,5.306,11035.620159
2026-01-18 13:00:00,5.302,5.308,5.267,5.29,59401.515987
2026-01-18 14:00:00,5.289,5.323,5.268,5.271,31009.224875
2026-01-18 15:00:00,5.27,5.339,5.259,5.338,28744.632257
2026-01-18 16:00:00,5.339,5.384,5.331,5.344,31874.664448
2026-01-18 17:00:00,5.346,5.365,5.335,5.36,9379.00479
2026-01-18 18:00:00,5.36,5.397,5.351,5.384,8216.746569
2026-01-18 19:00:00,5.384,5.392,5.347,5.359,11205.650655
2026-01-18 20:00:00,5.36,5.389,5.346,5.367,22765.677039
2026-01-18 21:00:00,5.371,5.374,5.358,5.367,17654.573176
2026-01-18 22:00:00,5.369,5.39,5.356,5.365,13117.881079
2026-01-18 23:00:00,5.362,5.362,5.09,5.095,178600.034524
2026-01-19 00:00:00,5.096,5.096,4.601,4.921,1166640.188183
2026-01-19 01:00:00,4.92,4.976,4.891,4.954,93516.450874
2026-01-19 02:00:00,4.953,5.002,4.938,4.98,57342.888756
2026-01-19 03:00:00,4.979,5.034,4.972,5.024,109108.519977
2026-01-19 04:00:00,5.023,5.039,4.983,4.994,41499.466778
2026-01-19 05:00:00,4.993,5.004,4.959,4.97,54379.806093
2026-01-19 06:00:00,4.971,4.996,4.951,4.989,55895.2118
2026-01-19 07:00:00,4.985,4.999,4.961,4.966,62052.21836
2026-01-19 08:00:00,4.966,4.999,4.938,4.983,70900.46765
2026-01-19 09:00:00,4.982,5.0,4.969,4.999,20024.983754
2026-01-19 10:00:00,4.996,4.998,4.973,4.976,19291.168685
2026-01-19 11:00:00,4.977,5.022,4.973,5.001,32270.084491
2026-01-19 12:00:00,4.999,5.024,4.974,4.984,80247.15742
2026-01-19 13:00:00,4.984,5.003,4.976,4.985,19295.574562
2026-01-19 14:00:00,4.986,5.007,4.974,4.996,69194.930217
2026-01-19 15:00:00,4.997,5.008,4.975,4.977,47168.40901
2026-01-19 16:00:00,4.977,5.024,4.974,5.016,23371.525075
2026-01-19 17:00:00,5.016,5.019,4.997,5.002,35043.558669
2026-01-19 18:00:00,5.003,5.005,4.981,5.003,13989.014944
2026-01-19 19:00:00,5.004,5.048,5.003,5.033,20181.64797
2026-01-19 20:00:00,5.034,5.049,5.027,5.03,10752.698863
2026-01-19 21:00:00,5.032,5.045,5.0,5.0,14620.405314
2026-01-19 22:00:00,5.0,5.011,4.977,4.977,27997.84309
2026-01-19 23:00:00,4.977,5.035,4.974,5.028,42819.800674
2026-01-20 00:00:00,5.029,5.03,4.992,4.997,21876.043347
2026-01-20 01:00:00,4.997,5.028,4.984,5.02,14138.486745
2026-01-20 02:00:00,5.019,5.023,4.989,5.018,16802.840166
2026-01-20 03:00:00,5.019,5.025,4.99,5.003,11394.136968
2026-01-20 04:00:00,5.0,5.004,4.982,4.982,11519.077723
2026-01-20 05:00:00,4.982,5.002,4.949,4.973,62802.43226
2026-01-20 06:00:00,4.971,5.0,4.914,4.956,98472.118772
2026-01-20 07:00:00,4.956,4.981,4.943,4.946,21920.983841
2026-01-20 08:00:00,4.945,4.951,4.873,4.911,112244.71216
2026-01-20 09:00:00,4.911,4.915,4.889,4.906,21484.297631
2026-01-20 10:00:00,4.904,4.93,4.904,4.923,22241.365849
2026-01-20 11:00:00,4.919,4.937,4.894,4.898,12302.146727
2026-01-20 12:00:00,4.896,4.924,4.89,4.917,19287.826074
2026-01-20 13:00:00,4.917,4.923,4.783,4.798,268663.897842
2026-01-20 14:00:00,4.798,4.882,4.798,4.832,103450.517888
2026-01-20 15:00:00,4.832,4.837,4.762,4.808,102923.911535
2026-01-20 16:00:00,4.809,4.837,4.738,4.764,76691.095197
2026-01-20 17:00:00,4.762,4.811,4.726,4.754,33594.405004
2026-01-20 18:00:00,4.754,4.768,4.712,4.741,32992.121936
2026-01-20 19:00:00,4.741,4.767,4.739,4.765,6933.176189
2026-01-20 20:00:00,4.764,4.809,4.753,4.797,20629.164005
2026-01-20 21:00:00,4.8,4.805,4.761,4.764,9926.760487
2026-01-20 22:00:00,4.763,4.798,4.693,4.783,80876.627647
2026-01-20 23:00:00,4.783,4.822,4.758,4.801,89073.413639
2026-01-21 00:00:00,4.802,4.869,4.797,4.865,61644.617692
2026-01-21 01:00:00,4.865,4.907,4.863,4.888,72001.787986
2026-01-21 02:00:00,4.89,4.925,4.89,4.909,45640.562895
2026-01-21 03:00:00,4.909,4.943,4.907,4.924,14820.152358
2026-01-21 04:00:00,4.922,4.932,4.914,4.919,7545.016668
2026-01-21 05:00:00,4.918,4.963,4.918,4.951,15837.3458
2026-01-21 06:00:00,4.951,4.951,4.904,4.914,21277.681101
2026-01-21 07:00:00,4.908,4.921,4.874,4.885,28820.424222
2026-01-21 08:00:00,4.884,4.892,4.852,4.87,41090.674629
2026-01-21 09:00:00,4.871,4.898,4.862,4.878,35320.696876
2026-01-21 10:00:00,4.88,4.904,4.878,4.894,17020.743036
2026-01-21 11:00:00,4.894,4.919,4.845,4.851,23122.721369
2026-01-21 12:00:00,4.849,4.861,4.789,4.858,83971.921457
2026-01-21 13:00:00,4.854,4.877,4.811,4.826,19936.602585
2026-01-21 14:00:00,4.823,4.951,4.822,4.938,88817.499128
2026-01-21 15:00:00,4.938,4.999,4.923,4.972,40002.88814
2026-01-21 16:00:00,4.974,4.976,4.8,4.808,33932.499988
2026-01-21 17:00:00,4.808,4.853,4.761,4.824,31293.294742
2026-01-21 18:00:00,4.824,4.891,4.807,4.868,10216.777049
2026-01-21 19:00:00,4.871,5.064,4.85,5.064,59292.950632
2026-01-21 20:00:00,5.064,5.066,4.973,5.019,24445.052661
2026-01-21 21:00:00,5.019,5.047,5.0,5.004,16512.060799
2026-01-21 22:00:00,5.004,5.037,4.947,4.973,32809.923106
2026-01-21 23:00:00,4.972,4.993,4.926,4.938,37553.846024
2026-01-22 00:00:00,4.94,4.984,4.94,4.971,16286.373365
2026-01-22 01:00:00,4.97,4.99,4.963,4.981,14270.731712
2026-01-22 02:00:00,4.981,4.994,4.963,4.968,16925.550811
2026-01-22 03:00:00,4.968,4.985,4.941,4.95,9054.969882
2026-01-22 04:00:00,4.948,4.967,4.945,4.959,8203.139848
2026-01-22 05:00:00,4.959,4.964,4.936,4.94,5282.204764
2026-01-22 06:00:00,4.942,4.951,4.921,4.94,6261.192617
2026-01-22 07:00:00,4.947,4.953,4.922,4.93,4510.075517
2026-01-22 08:00:00,4.93,4.951,4.925,4.951,7732.097961
2026-01-22 09:00:00,4.952,4.968,4.946,4.965,12252.265066
2026-01-22 10:00:00,4.967,4.97,4.95,4.957,6531.309224
2026-01-22 11:00:00,4.95,4.954,4.918,4.918,7978.90628
2026-01-22 12:00:00,4.917,4.932,4.913,4.921,12359.731959
2026-01-22 13:00:00,4.921,4.952,4.881,4.895,38216.603461
2026-01-22 14:00:00,4.895,4.899,4.824,4.838,64026.143014
2026-01-22 15:00:00,4.837,4.851,4.772,4.82,58559.482156
2026-01-22 16:00:00,4.818,4.866,4.809,4.854,10334.914668
2026-01-22 17:00:00,4.858,4.88,4.836,4.88,27866.179111
2026-01-22 18:00:00,4.878,4.878,4.834,4.835,18737.80036
2026-01-22 19:00:00,4.836,4.867,4.823,4.853,11625.28175
2026-01-22 20:00:00,4.852,4.864,4.814,4.824,14300.332725
2026-01-22 21:00:00,4.824,4.851,4.824,4.836,17085.13723
2026-01-22 22:00:00,4.838,4.861,4.826,4.836,20788.625755
2026-01-22 23:00:00,4.835,4.843,4.815,4.838,3839.064826
2026-01-23 00:00:00,4.838,4.846,4.822,4.825,13080.226018
2026-01-23 01:00:00,4.824,4.877,4.824,4.877,55073.107909
2026-01-23 02:00:00,4.877,4.881,4.853,4.853,23977.433459
2026-01-23 03:00:00,4.854,4.893,4.854,4.877,23755.976445
2026-01-23 04:00:00,4.88,4.91,4.875,4.897,7918.78255
2026-01-23 05:00:00,4.895,4.897,4.859,4.867,19013.357664
2026-01-23 06:00:00,4.87,4.889,4.844,4.846,26940.882502
2026-01-23 07:00:00,4.845,4.877,4.841,4.873,4314.114025
2026-01-23 08:00:00,4.872,4.886,4.831,4.842,13674.163877
2026-01-23 09:00:00,4.838,4.86,4.832,4.844,15263.861783
2026-01-23 10:00:00,4.844,4.856,4.833,4.844,6590.872832
2026-01-23 11:00:00,4.845,4.882,4.843,4.87,4752.886796
2026-01-23 12:00:00,4.873,4.882,4.859,4.877,4726.77619
2026-01-23 13:00:00,4.876,4.886,4.87,4.871,8145.253227
2026-01-23 14:00:00,4.872,4.881,4.769,4.81,48175.945223
2026-01-23 15:00:00,4.811,4.909,4.788,4.894,63066.674035
2026-01-23 16:00:00,4.895,4.934,4.859,4.9,42368.301501
2026-01-23 17:00:00,4.9,4.987,4.875,4.921,47658.706788
2026-01-23 18:00:00,4.921,4.954,4.908,4.933,18291.211127
2026-01-23 19:00:00,4.931,4.931,4.853,4.87,21660.514715
2026-01-23 20:00:00,4.874,4.879,4.82,4.837,10179.076068
2026-01-23 21:00:00,4.837,4.867,4.833,4.853,4528.220877
2026-01-23 22:00:00,4.854,4.891,4.854,4.889,6114.568619
2026-01-23 23:00:00,4.885,4.885,4.867,4.87,17724.418662
2026-01-24 00:00:00,4.871,4.885,4.856,4.856,14300.243384
2026-01-24 01:00:00,4.856,4.864,4.842,4.864,11876.307482
2026-01-24 02:00:00,4.864,4.877,4.864,4.868,10950.480811
2026-01-24 03:00:00,4.866,4.89,4.859,4.884,10187.479426
2026-01-24 04:00:00,4.886,4.895,4.874,4.882,7982.34282
2026-01-24 05:00:00,4.883,4.907,4.878,4.905,7429.737594
2026-01-24 06:00:00,4.908,4.909,4.892,4.901,5424.287163
2026-01-24 07:00:00,4.901,4.901,4.88,4.888,6398.501389
2026-01-24 08:00:00,4.887,4.914,4.883,4.912,6488.997748
2026-01-24 09:00:00,4.909,4.909,4.881,4.881,6287.760576
2026-01-24 10:00:00,4.882,4.895,4.879,4.891,9388.133336
2026-01-24 11:00:00,4.892,4.901,4.889,4.894,8911.035297
2026-01-24 12:00:00,4.894,4.911,4.894,4.904,4266.846459
2026-01-24 13:00:00,4.906,4.906,4.855,4.855,31400.825422
2026-01-24 14:00:00,4.856,4.882,4.856,4.87,23107.421938
2026-01-24 15:00:00,4.873,4.877,4.84,4.842,20855.235585
2026-01-24 16:00:00,4.842,4.853,4.828,4.851,10644.633317
2026-01-24 17:00:00,4.851,4.868,4.844,4.864,25005.609731
2026-01-24 18:00:00,4.865,4.872,4.858,4.86,7830.709511
2026-01-24 19:00:00,4.859,4.861,4.847,4.847,24850.210606
2026-01-24 20:00:00,4.847,4.862,4.847,4.862,4512.677587
2026-01-24 21:00:00,4.862,4.862,4.848,4.857,3800.370192
2026-01-24 22:00:00,4.857,4.873,4.856,4.864,38161.731788
2026-01-24 23:00:00,4.869,4.871,4.851,4.852,20261.942783
2026-01-25 00:00:00,4.853,4.874,4.853,4.873,15378.930053
2026-01-25 01:00:00,4.873,4.878,4.85,4.859,14137.665312
2026-01-25 02:00:00,4.858,4.866,4.852,4.862,26343.789883
2026-01-25 03:00:00,4.863,4.865,4.827,4.842,29993.483669
2026-01-25 04:00:00,4.834,4.855,4.831,4.849,8039.020946
2026-01-25 05:00:00,4.847,4.856,4.82,4.843,33650.809073
2026-01-25 06:00:00,4.843,4.843,4.815,4.83,56489.70772
2026-01-25 07:00:00,4.83,4.831,4.803,4.824,31873.001799
2026-01-25 08:00:00,4.827,4.846,4.803,4.816,41931.983639
2026-01-25 09:00:00,4.814,4.856,4.809,4.845,31601.317581
2026-01-25 10:00:00,4.845,4.896,4.845,4.87,103062.140679
2026-01-25 11:00:00,4.866,4.88,4.85,4.858,15450.875267
2026-01-25 12:00:00,4.854,4.856,4.836,4.85,21643.240696
2026-01-25 13:00:00,4.85,4.876,4.837,4.87,12585.23835
2026-01-25 14:00:00,4.871,4.873,4.808,4.821,24777.953022
2026-01-25 15:00:00,4.82,4.848,4.808,4.815,21840.76394
2026-01-25 16:00:00,4.817,4.817,4.662,4.728,187725.230023
2026-01-25 17:00:00,4.727,4.741,4.693,4.715,123963.831034
2026-01-25 18:00:00,4.714,4.718,4.633,4.658,57688.340379
2026-01-25 19:00:00,4.655,4.665,4.563,4.581,110760.541843
2026-01-25 20:00:00,4.583,4.617,4.574,4.606,38687.183305
2026-01-25 21:00:00,4.607,4.654,4.607,4.642,34815.368982
2026-01-25 22:00:00,4.641,4.644,4.579,4.599,22371.392681
2026-01-25 23:00:00,4.6,4.645,4.58,4.637,57268.812822
2026-01-26 00:00:00,4.637,4.667,4.491,4.565,329514.146356
2026-01-26 01:00:00,4.567,4.661,4.563,4.651,93542.36801
2026-01-26 02:00:00,4.652,4.691,4.609,4.627,73232.792591
2026-01-26 03:00:00,4.629,4.641,4.581,4.595,42068.592193
2026-01-26 04:00:00,4.6,4.634,4.593,4.607,46259.161729
2026-01-26 05:00:00,4.607,4.614,4.552,4.568,106865.542134
2026-01-26 06:00:00,4.567,4.605,4.558,4.605,53905.299595
2026-01-26 07:00:00,4.605,4.634,4.587,4.622,66107.45984
2026-01-26 08:00:00,4.62,4.691,4.62,4.666,79821.516374
2026-01-26 09:00:00,4.666,4.666,4.617,4.627,28225.990011
2026-01-26 10:00:00,4.629,4.642,4.625,4.641,17454.946348
2026-01-26 11:00:00,4.641,4.66,4.631,4.631,12700.557228
2026-01-26 12:00:00,4.632,4.67,4.632,4.649,16024.062581
2026-01-26 13:00:00,4.645,4.673,4.645,4.666,14825.183912
2026-01-26 14:00:00,4.666,4.715,4.618,4.709,121536.528218
2026-01-26 15:00:00,4.708,4.761,4.662,4.688,100073.854603
2026-01-26 16:00:00,4.689,4.746,4.671,4.712,92385.573207
2026-01-26 17:00:00,4.711,4.723,4.663,4.707,62059.152322
2026-01-26 18:00:00,4.703,4.745,4.696,4.729,47796.542117
2026-01-26 19:00:00,4.73,4.742,4.7,4.704,14633.778634
2026-01-26 20:00:00,4.706,4.718,4.679,4.685,16428.815702
2026-01-26 21:00:00,4.686,4.752,4.676,4.72,45012.24079
2026-01-26 22:00:00,4.724,4.74,4.709,4.714,19394.684946
2026-01-26 23:00:00,4.712,4.735,4.698,4.712,16554.08105
2026-01-27 00:00:00,4.713,4.713,4.692,4.705,24192.301025
2026-01-27 01:00:00,4.704,4.734,4.686,4.716,68559.274408
2026-01-27 02:00:00,4.717,4.739,4.703,4.727,56469.278268
2026-01-27 03:00:00,4.726,4.734,4.708,4.723,28307.578599
2026-01-27 04:00:00,4.724,4.753,4.721,4.734,28644.472805
2026-01-27 05:00:00,4.734,4.737,4.72,4.73,23737.570283
2026-01-27 06:00:00,4.729,4.729,4.682,4.684,55509.522278
2026-01-27 07:00:00,4.684,4.704,4.683,4.689,14095.677271
2026-01-27 08:00:00,4.69,4.706,4.68,4.685,12796.430704
2026-01-27 09:00:00,4.68,4.68,4.65,4.65,36980.299155
2026-01-27 10:00:00,4.654,4.661,4.641,4.656,33478.122565
2026-01-27 11:00:00,4.655,4.676,4.649,4.664,6932.881435
2026-01-27 12:00:00,4.664,4.668,4.646,4.653,9862.866487
2026-01-27 13:00:00,4.656,4.664,4.635,4.644,28196.488665
2026-01-27 14:00:00,4.645,4.698,4.644,4.659,19832.946571
2026-01-27 15:00:00,4.658,4.719,4.649,4.715,26638.609335
2026-01-27 16:00:00,4.712,4.772,4.706,4.759,65192.668405
2026-01-27 17:00:00,4.759,4.761,4.639,4.649,60549.525312
2026-01-27 18:00:00,4.648,4.74,4.631,4.725,30272.378533
2026-01-27 19:00:00,4.723,4.754,4.709,4.742,27712.921237
2026-01-27 20:00:00,4.744,4.816,4.735,4.805,71781.02714
2026-01-27 21:00:00,4.807,4.814,4.766,4.772,17349.20522
2026-01-27 22:00:00,4.772,4.813,4.772,4.796,36149.895875
2026-01-27 23:00:00,4.798,4.816,4.79,4.802,20144.713873
2026-01-28 00:00:00,4.803,4.815,4.785,4.811,26475.673782
2026-01-28 01:00:00,4.812,4.812,4.773,4.794,9193.865221
2026-01-28 02:00:00,4.792,4.807,4.778,4.796,25094.421301
2026-01-28 03:00:00,4.796,4.8,4.782,4.784,9659.939602
2026-01-28 04:00:00,4.781,4.787,4.756,4.767,14138.649263
2026-01-28 05:00:00,4.77,4.784,4.764,4.78,22867.194987
2026-01-28 06:00:00,4.78,4.809,4.78,4.807,27624.016259
2026-01-28 07:00:00,4.806,4.809,4.789,4.799,30363.509216
2026-01-28 08:00:00,4.8,4.822,4.786,4.792,69741.758055
2026-01-28 09:00:00,4.791,4.85,4.788,4.849,31530.634698
2026-01-28 10:00:00,4.85,4.864,4.836,4.838,27337.87198
2026-01-28 11:00:00,4.837,4.874,4.82,4.872,30117.966951
2026-01-28 12:00:00,4.871,4.876,4.836,4.847,19531.253228
2026-01-28 13:00:00,4.848,4.868,4.836,4.844,17203.461527
2026-01-28 14:00:00,4.842,4.85,4.808,4.821,48703.15656
2026-01-28 15:00:00,4.823,4.841,4.777,4.815,52845.437175
2026-01-28 16:00:00,4.816,4.83,4.788,4.798,11845.614226
2026-01-28 17:00:00,4.8,4.857,4.777,4.838,22329.438376
2026-01-28 18:00:00,4.837,4.837,4.803,4.823,22003.480685
2026-01-28 19:00:00,4.824,4.841,4.8,4.825,30457.06743
2026-01-28 20:00:00,4.825,4.872,4.819,4.825,23032.112259
2026-01-28 21:00:00,4.825,4.848,4.791,4.837,18410.842465
2026-01-28 22:00:00,4.838,4.852,4.813,4.85,17970.920654
2026-01-28 23:00:00,4.853,4.865,4.818,4.821,34917.120225
2026-01-29 00:00:00,4.819,4.834,4.785,4.805,22888.711344
2026-01-29 01:00:00,4.802,4.811,4.758,4.765,20753.867647
2026-01-29 02:00:00,4.765,4.778,4.688,4.705,69697.719671
2026-01-29 03:00:00,4.704,4.74,4.694,4.714,30643.50672
2026-01-29 04:00:00,4.714,4.737,4.686,4.727,11011.973184
2026-01-29 05:00:00,4.727,4.738,4.716,4.721,10293.209794
2026-01-29 06:00:00,4.72,4.737,4.717,4.737,8996.935009
2026-01-29 07:00:00,4.738,4.75,4.727,4.727,15274.807111
2026-01-29 08:00:00,4.726,4.736,4.697,4.708,22219.677474
2026-01-29 09:00:00,4.708,4.712,4.695,4.701,13938.935588
2026-01-29 10:00:00,4.7,4.706,4.679,4.689,34553.071408
2026-01-29 11:00:00,4.687,4.687,4.648,4.654,58692.21451
2026-01-29 12:00:00,4.653,4.669,4.639,4.655,20249.826497
2026-01-29 13:00:00,4.656,4.688,4.656,4.685,10140.791485
2026-01-29 14:00:00,4.688,4.693,4.571,4.574,90894.852533
2026-01-29 15:00:00,4.574,4.574,4.412,4.455,345128.671439
2026-01-29 16:00:00,4.455,4.467,4.4,4.436,156651.541973
2026-01-29 17:00:00,4.436,4.504,4.394,4.401,112289.15746
2026-01-29 18:00:00,4.401,4.421,4.319,4.322,167593.709059
2026-01-29 19:00:00,4.322,4.362,4.286,4.343,119585.079261
2026-01-29 20:00:00,4.344,4.39,4.321,4.382,61145.290582
2026-01-29 21:00:00,4.381,4.403,4.364,4.39,40746.043119
2026-01-29 22:00:00,4.39,4.401,4.364,4.381,69652.660517
2026-01-29 23:00:00,4.382,4.404,4.361,4.398,36598.029972
2026-01-30 00:00:00,4.399,4.419,4.379,4.392,49208.702208
2026-01-30 01:00:00,4.393,4.404,4.198,4.325,534762.043453
2026-01-30 02:00:00,4.325,4.328,4.204,4.245,192251.889503
2026-01-30 03:00:00,4.246,4.272,4.243,4.254,34632.573926
2026-01-30 04:00:00,4.252,4.316,4.252,4.291,38060.526236
2026-01-30 05:00:00,4.292,4.293,4.261,4.271,23953.005604
2026-01-30 06:00:00,4.271,4.278,4.183,4.209,52326.832619
2026-01-30 07:00:00,4.211,4.274,4.211,4.259,39489.975328
2026-01-30 08:00:00,4.257,4.268,4.199,4.204,37415.067219
2026-01-30 09:00:00,4.204,4.228,4.189,4.221,38692.30587
2026-01-30 10:00:00,4.22,4.253,4.202,4.251,29003.160802
2026-01-30 11:00:00,4.252,4.334,4.248,4.314,44084.907277
2026-01-30 12:00:00,4.317,4.318,4.28,4.297,47321.067397
2026-01-30 13:00:00,4.294,4.305,4.247,4.26,67533.35351
2026-01-30 14:00:00,4.259,4.316,4.247,4.279,78693.905969
2026-01-30 15:00:00,4.28,4.311,4.209,4.264,36944.213183
2026-01-30 16:00:00,4.262,4.308,4.23,4.268,55296.595918
2026-01-30 17:00:00,4.269,4.303,4.24,4.259,34710.758209
2026-01-30 18:00:00,4.258,4.337,4.142,4.318,125788.652437
2026-01-30 19:00:00,4.319,4.346,4.3,4.309,51126.500364
2026-01-30 20:00:00,4.309,4.309,4.222,4.236,71594.498008
2026-01-30 21:00:00,4.235,4.284,4.233,4.278,49726.237189
2026-01-30 22:00:00,4.276,4.286,4.264,4.282,15584.917574
2026-01-30 23:00:00,4.283,4.286,4.261,4.277,12335.080084
2026-01-31 00:00:00,4.277,4.298,4.271,4.287,21477.461992
2026-01-31 01:00:00,4.287,4.308,4.272,4.283,17172.19175
2026-01-31 02:00:00,4.282,4.298,4.262,4.283,44866.355851
2026-01-31 03:00:00,4.284,4.288,4.263,4.267,22686.103624
2026-01-31 04:00:00,4.267,4.285,4.258,4.26,11958.858869
2026-01-31 05:00:00,4.261,4.286,4.259,4.285,19703.493307
2026-01-31 06:00:00,4.285,4.289,4.254,4.261,20881.797525
2026-01-31 07:00:00,4.262,4.262,4.21,4.227,20115.431126
2026-01-31 08:00:00,4.227,4.236,4.112,4.177,184381.855764
2026-01-31 09:00:00,4.177,4.196,4.155,4.175,32188.553338
2026-01-31 10:00:00,4.172,4.193,4.148,4.169,21567.268405
2026-01-31 11:00:00,4.17,4.17,4.139,4.14,32353.540139
2026-01-31 12:00:00,4.142,4.151,4.116,4.121,32580.31479
2026-01-31 13:00:00,4.123,4.123,4.079,4.1,81766.010395
2026-01-31 14:00:00,4.099,4.11,3.894,3.98,714403.047248
2026-01-31 15:00:00,3.978,4.028,3.972,3.995,177816.386672
2026-01-31 16:00:00,3.995,4.072,3.949,3.96,201415.653027
2026-01-31 17:00:00,3.96,3.971,3.704,3.829,843570.248887
2026-01-31 18:00:00,3.83,3.844,3.6,3.794,809628.14943
2026-01-31 19:00:00,3.796,3.876,3.79,3.824,159749.345813
2026-01-31 20:00:00,3.824,3.843,3.779,3.83,103158.632
2026-01-31 21:00:00,3.83,3.907,3.816,3.895,97676.280405
2026-01-31 22:00:00,3.896,3.907,3.874,3.889,83466.978236
2026-01-31 23:00:00,3.89,3.976,3.886,3.961,44826.941493
2026-02-01 00:00:00,3.962,4.006,3.954,3.989,48823.074848
2026-02-01 01:00:00,3.988,3.995,3.942,3.981,52428.012031
2026-02-01 02:00:00,3.983,4.028,3.978,4.018,40795.840784
2026-02-01 03:00:00,4.019,4.021,3.983,3.991,51440.782352
2026-02-01 04:00:00,3.991,4.016,3.986,3.999,61636.701945
2026-02-01 05:00:00,4.0,4.011,3.964,3.966,27576.051952
2026-02-01 06:00:00,3.971,3.986,3.942,3.957,16297.295804
2026-02-01 07:00:00,3.958,3.988,3.933,3.959,62095.62327
2026-02-01 08:00:00,3.959,3.992,3.944,3.961,47250.166634
2026-02-01 09:00:00,3.96,3.98,3.938,3.97,34261.287379
2026-02-01 10:00:00,3.972,3.981,3.904,3.909,33388.575045
2026-02-01 11:00:00,3.911,3.96,3.903,3.943,28583.103731
2026-02-01 12:00:00,3.944,3.944,3.891,3.892,29600.35351
2026-02-01 13:00:00,3.893,3.928,3.864,3.876,53680.463889
2026-02-01 14:00:00,3.876,3.919,3.819,3.881,83536.77857
2026-02-01 15:00:00,3.88,3.883,3.766,3.831,94223.656869
2026-02-01 16:00:00,3.832,3.876,3.799,3.848,59058.542385
2026-02-01 17:00:00,3.845,3.861,3.819,3.857,97968.956805
2026-02-01 18:00:00,3.859,3.931,3.858,3.892,32217.796219
2026-02-01 19:00:00,3.894,3.905,3.843,3.863,15454.028033
2026-02-01 20:00:00,3.863,3.906,3.825,3.864,25166.369412
2026-02-01 21:00:00,3.863,3.865,3.828,3.844,24713.318044
2026-02-01 22:00:00,3.845,3.908,3.84,3.876,34707.407153
2026-02-01 23:00:00,3.875,3.906,3.756,3.839,120035.358297
2026-02-02 00:00:00,3.84,3.935,3.82,3.899,116437.794881
2026-02-02 01:00:00,3.899,3.963,3.855,3.927,55115.264126
2026-02-02 02:00:00,3.924,3.942,3.884,3.886,27869.933904
2026-02-02 03:00:00,3.887,3.893,3.717,3.85,98718.545209
2026-02-02 04:00:00,3.85,3.883,3.78,3.847,61959.994968
2026-02-02 05:00:00,3.847,3.855,3.73,3.76,132804.40374
2026-02-02 06:00:00,3.76,3.869,3.707,3.829,159750.038906
2026-02-02 07:00:00,3.829,3.888,3.823,3.853,203692.878981
2026-02-02 08:00:00,3.853,3.889,3.853,3.875,35180.168168
2026-02-02 09:00:00,3.874,3.926,3.857,3.909,82952.310212
2026-02-02 10:00:00,3.909,3.933,3.901,3.912,42645.617971
2026-02-02 11:00:00,3.913,3.934,3.902,3.913,56711.86013
2026-02-02 12:00:00,3.914,3.953,3.914,3.937,33248.874341
2026-02-02 13:00:00,3.937,3.948,3.918,3.935,32260.339411
2026-02-02 14:00:00,3.934,3.963,3.897,3.915,91689.72249
2026-02-02 15:00:00,3.916,3.998,3.907,3.97,75353.47882
2026-02-02 16:00:00,3.969,3.991,3.947,3.951,35450.21399
2026-02-02 17:00:00,3.95,3.974,3.928,3.944,24896.033769
2026-02-02 18:00:00,3.944,3.96,3.92,3.942,37921.108674
2026-02-02 19:00:00,3.941,3.944,3.921,3.923,12159.122347
2026-02-02 20:00:00,3.922,3.934,3.903,3.912,19974.432931
2026-02-02 21:00:00,3.914,3.937,3.912,3.929,9063.620253
2026-02-02 22:00:00,3.929,3.944,3.927,3.94,7768.888765
2026-02-02 23:00:00,3.94,3.943,3.922,3.929,7121.355753
2026-02-03 00:00:00,3.929,3.933,3.888,3.918,13146.696207
2026-02-03 01:00:00,3.914,3.921,3.894,3.912,9564.594906
2026-02-03 02:00:00,3.912,3.913,3.847,3.849,75269.961257
2026-02-03 03:00:00,3.848,3.93,3.837,3.924,29035.384867
2026-02-03 04:00:00,3.924,3.955,3.917,3.945,20240.07843
2026-02-03 05:00:00,3.95,3.95,3.913,3.914,21091.650997
2026-02-03 06:00:00,3.914,3.919,3.884,3.908,22588.110579
2026-02-03 07:00:00,3.907,3.933,3.895,3.907,18615.777477
2026-02-03 08:00:00,3.908,3.933,3.895,3.906,23196.698298
2026-02-03 09:00:00,3.904,3.913,3.851,3.882,55389.951916
2026-02-03 10:00:00,3.882,3.941,3.878,3.887,225826.339238
2026-02-03 11:00:00,3.887,3.91,3.884,3.899,44532.749817
2026-02-03 12:00:00,3.899,3.939,3.889,3.933,42536.979144
2026-02-03 13:00:00,3.929,3.943,3.922,3.939,28493.930792
2026-02-03 14:00:00,3.937,3.953,3.864,3.867,87758.787947
2026-02-03 15:00:00,3.866,3.972,3.861,3.965,118898.919126
2026-02-03 16:00:00,3.966,3.967,3.868,3.877,116609.270133
2026-02-03 17:00:00,3.877,3.886,3.804,3.804,103013.577829
2026-02-03 18:00:00,3.803,3.823,3.692,3.717,182970.466567
2026-02-03 19:00:00,3.714,3.932,3.704,3.883,109739.247679
2026-02-03 20:00:00,3.882,4.027,3.835,3.984,132519.365742
2026-02-03 21:00:00,3.985,4.02,3.914,3.92,50970.401636
2026-02-03 22:00:00,3.923,3.923,3.868,3.88,34413.646154
2026-02-03 23:00:00,3.877,3.888,3.837,3.862,44780.360439
2026-02-04 00:00:00,3.861,3.903,3.85,3.888,16106.861351
2026-02-04 01:00:00,3.89,3.945,3.889,3.915,25367.171056
2026-02-04 02:00:00,3.91,3.924,3.889,3.904,22862.8019
2026-02-04 03:00:00,3.903,3.962,3.898,3.949,21526.687842
2026-02-04 04:00:00,3.948,3.954,3.924,3.926,12019.728805
2026-02-04 05:00:00,3.927,3.933,3.893,3.906,18695.764994
2026-02-04 06:00:00,3.906,3.937,3.903,3.925,10736.127335
2026-02-04 07:00:00,3.924,3.942,3.901,3.927,16953.411214
2026-02-04 08:00:00,3.927,3.936,3.873,3.876,100483.031871
2026-02-04 09:00:00,3.876,3.894,3.858,3.871,113768.241801
2026-02-04 10:00:00,3.871,3.874,3.86,3.868,21688.597099
2026-02-04 11:00:00,3.867,3.879,3.823,3.853,33667.550806
2026-02-04 12:00:00,3.852,3.863,3.829,3.846,8764.46826
2026-02-04 13:00:00,3.844,3.848,3.784,3.784,44314.951979
2026-02-04 14:00:00,3.784,3.806,3.716,3.722,72027.679898
2026-02-04 15:00:00,3.721,3.776,3.677,3.722,133766.803813
2026-02-04 16:00:00,3.721,3.745,3.666,3.714,119750.145466
2026-02-04 17:00:00,3.708,3.74,3.675,3.731,63442.87008
2026-02-04 18:00:00,3.73,3.792,3.642,3.75,158107.905786
2026-02-04 19:00:00,3.752,3.891,3.732,3.864,91613.158459
2026-02-04 20:00:00,3.865,3.869,3.803,3.816,25723.435636
2026-02-04 21:00:00,3.815,3.827,3.749,3.782,24060.184403
2026-02-04 22:00:00,3.783,3.835,3.717,3.754,49831.607827
2026-02-04 23:00:00,3.753,3.829,3.752,3.8,66932.627651
2026-02-05 00:00:00,3.801,3.827,3.786,3.801,19126.52877
2026-02-05 01:00:00,3.801,3.836,3.762,3.792,75673.700077
2026-02-05 02:00:00,3.793,3.827,3.757,3.762,69504.002648
2026-02-05 03:00:00,3.763,3.795,3.743,3.752,52505.696917
2026-02-05 04:00:00,3.751,3.77,3.721,3.738,74936.172192
2026-02-05 05:00:00,3.737,3.793,3.7,3.746,108338.030979
2026-02-05 06:00:00,3.748,3.751,3.699,3.711,43924.712243
2026-02-05 07:00:00,3.71,3.757,3.696,3.701,47555.704597
2026-02-05 08:00:00,3.702,3.751,3.702,3.73,26053.736235
2026-02-05 09:00:00,3.73,3.774,3.728,3.736,37602.411648
2026-02-05 10:00:00,3.738,3.746,3.65,3.662,50344.560396
2026-02-05 11:00:00,3.662,3.681,3.601,3.641,74377.156567
2026-02-05 12:00:00,3.64,3.66,3.601,3.626,126314.617902
2026-02-05 13:00:00,3.626,3.651,3.595,3.616,68944.646484
2026-02-05 14:00:00,3.614,3.715,3.614,3.626,128335.840294
2026-02-05 15:00:00,3.626,3.641,3.315,3.355,1734686.318788
2026-02-05 16:00:00,3.356,3.479,3.342,3.442,332923.680772
2026-02-05 17:00:00,3.44,3.469,3.298,3.322,196217.424296
2026-02-05 18:00:00,3.325,3.352,3.259,3.345,161145.051714
2026-02-05 19:00:00,3.338,3.342,3.264,3.278,69459.632668
2026-02-05 20:00:00,3.281,3.304,3.124,3.187,336188.381413
2026-02-05 21:00:00,3.187,3.274,3.156,3.179,115277.634571
2026-02-05 22:00:00,3.178,3.249,3.134,3.2,110460.098459
2026-02-05 23:00:00,3.199,3.271,3.157,3.167,153834.636432
2026-02-06 00:00:00,3.17,3.195,2.843,3.145,946163.070428
2026-02-06 01:00:00,3.146,3.245,3.127,3.236,182282.398033
2026-02-06 02:00:00,3.24,3.262,3.144,3.159,204368.964415
2026-02-06 03:00:00,3.162,3.163,3.068,3.08,237923.820792
2026-02-06 04:00:00,3.081,3.163,3.065,3.142,88017.013978
2026-02-06 05:00:00,3.142,3.272,3.137,3.259,92373.264499
2026-02-06 06:00:00,3.259,3.274,3.213,3.216,649926.608491
2026-02-06 07:00:00,3.218,3.225,3.18,3.195,255525.960471
2026-02-06 08:00:00,3.196,3.223,3.175,3.209,229759.117645
2026-02-06 09:00:00,3.208,3.291,3.197,3.278,128251.899209
2026-02-06 10:00:00,3.28,3.326,3.27,3.323,155898.481433
2026-02-06 11:00:00,3.322,3.349,3.314,3.339,118495.471433
2026-02-06 12:00:00,3.338,3.351,3.317,3.344,186631.272075
2026-02-06 13:00:00,3.346,3.404,3.341,3.378,137101.880307
2026-02-06 14:00:00,3.377,3.445,3.339,3.434,98060.489511
2026-02-06 15:00:00,3.435,3.463,3.394,3.45,78870.209276
2026-02-06 16:00:00,3.45,3.558,3.436,3.539,176938.988208
2026-02-06 17:00:00,3.539,3.633,3.525,3.58,313256.1454
2026-02-06 18:00:00,3.58,3.587,3.496,3.533,58105.023787
2026-02-06 19:00:00,3.534,3.556,3.509,3.55,33020.83779
2026-02-06 20:00:00,3.549,3.578,3.521,3.538,24519.539686
2026-02-06 21:00:00,3.538,3.56,3.51,3.539,15980.224273
2026-02-06 22:00:00,3.545,3.59,3.541,3.578,32305.405934
2026-02-06 23:00:00,3.581,3.598,3.543,3.554,67706.563274
2026-02-07 00:00:00,3.552,3.552,3.501,3.52,93237.286337
2026-02-07 01:00:00,3.518,3.543,3.493,3.536,56211.019365
2026-02-07 02:00:00,3.535,3.553,3.523,3.54,18537.839843
2026-02-07 03:00:00,3.543,3.585,3.542,3.57,70556.78973
2026-02-07 04:00:00,3.57,3.625,3.555,3.572,75293.625829
2026-02-07 05:00:00,3.571,3.598,3.556,3.568,23957.508197
2026-02-07 06:00:00,3.568,3.579,3.503,3.503,36374.000434
2026-02-07 07:00:00,3.504,3.522,3.43,3.465,111827.518605
2026-02-07 08:00:00,3.464,3.499,3.455,3.494,51327.711603
2026-02-07 09:00:00,3.492,3.498,3.457,3.469,25628.921315
2026-02-07 10:00:00,3.47,3.475,3.432,3.452,19052.241733
2026-02-07 11:00:00,3.451,3.466,3.443,3.464,9213.102044
2026-02-07 12:00:00,3.463,3.574,3.461,3.53,46668.025763
2026-02-07 13:00:00,3.53,3.542,3.489,3.504,24705.097371
2026-02-07 14:00:00,3.506,3.514,3.462,3.469,12309.629832
2026-02-07 15:00:00,3.47,3.535,3.464,3.52,33852.942198
2026-02-07 16:00:00,3.521,3.61,3.508,3.543,242447.619976
2026-02-07 17:00:00,3.544,3.568,3.523,3.548,17997.100971
2026-02-07 18:00:00,3.549,3.601,3.544,3.578,15195.687635
2026-02-07 19:00:00,3.576,3.576,3.552,3.555,8671.119953
2026-02-07 20:00:00,3.557,3.581,3.549,3.573,8616.337766
2026-02-07 21:00:00,3.575,3.582,3.557,3.561,23514.766692
2026-02-07 22:00:00,3.561,3.573,3.549,3.554,8691.577481
2026-02-07 23:00:00,3.551,3.556,3.521,3.539,42372.263594
2026-02-08 00:00:00,3.541,3.543,3.517,3.529,18033.21229
2026-02-08 01:00:00,3.53,3.542,3.526,3.535,2198.331973
2026-02-08 02:00:00,3.535,3.546,3.513,3.521,21222.634493
2026-02-08 03:00:00,3.523,3.525,3.498,3.502,36731.171605
2026-02-08 04:00:00,3.501,3.518,3.485,3.518,25409.022556
2026-02-08 05:00:00,3.517,3.522,3.502,3.502,9635.882039
2026-02-08 06:00:00,3.501,3.504,3.487,3.487,20102.764939
2026-02-08 07:00:00,3.488,3.493,3.471,3.487,15023.991476
2026-02-08 08:00:00,3.49,3.544,3.479,3.533,38054.687281
2026-02-08 09:00:00,3.536,3.537,3.48,3.496,28108.607437
2026-02-08 10:00:00,3.493,3.508,3.469,3.482,12826.936383
2026-02-08 11:00:00,3.483,3.546,3.483,3.538,32565.189751
2026-02-08 12:00:00,3.541,3.547,3.515,3.547,31169.19865
2026-02-08 13:00:00,3.546,3.551,3.52,3.534,26350.987648
2026-02-08 14:00:00,3.537,3.545,3.522,3.537,6911.201616
2026-02-08 15:00:00,3.54,3.548,3.496,3.508,15080.213349
2026-02-08 16:00:00,3.511,3.522,3.438,3.45,21983.217328
2026-02-08 17:00:00,3.455,3.487,3.455,3.481,3026.140301
2026-02-08 18:00:00,3.481,3.522,3.479,3.506,11241.993563
2026-02-08 19:00:00,3.504,3.519,3.498,3.514,3518.547143
2026-02-08 20:00:00,3.518,3.518,3.468,3.472,4769.735221
2026-02-08 21:00:00,3.474,3.479,3.447,3.46,4465.409737
2026-02-08 22:00:00,3.459,3.486,3.459,3.485,12108.118408
2026-02-08 23:00:00,3.482,3.549,3.439,3.465,32234.31983
2026-02-09 00:00:00,3.467,3.48,3.443,3.469,18921.34041
2026-02-09 01:00:00,3.468,3.497,3.435,3.454,33053.513578
2026-02-09 02:00:00,3.453,3.491,3.445,3.472,12762.552637
2026-02-09 03:00:00,3.473,3.513,3.473,3.506,19435.029262
2026-02-09 04:00:00,3.507,3.507,3.467,3.474,5803.646908
2026-02-09 05:00:00,3.471,3.49,3.466,3.488,7196.849234
2026-02-09 06:00:00,3.486,3.486,3.444,3.465,12309.100962
2026-02-09 07:00:00,3.464,3.484,3.455,3.46,14877.14902
2026-02-09 08:00:00,3.453,3.463,3.385,3.408,63306.062778
2026-02-09 09:00:00,3.407,3.414,3.372,3.375,19105.605639
2026-02-09 10:00:00,3.378,3.382,3.319,3.334,30439.361183
2026-02-09 11:00:00,3.336,3.359,3.333,3.34,18651.342527
2026-02-09 12:00:00,3.342,3.367,3.342,3.354,14034.98757
2026-02-09 13:00:00,3.353,3.362,3.321,3.321,12450.45208
2026-02-09 14:00:00,3.322,3.38,3.309,3.369,61680.191106
2026-02-09 15:00:00,3.369,3.445,3.369,3.432,71128.632557
2026-02-09 16:00:00,3.434,3.515,3.407,3.476,58502.279389
2026-02-09 17:00:00,3.475,3.585,3.458,3.533,99236.213525
2026-02-09 18:00:00,3.534,3.544,3.481,3.514,57047.405483
2026-02-09 19:00:00,3.514,3.531,3.501,3.518,9450.498922
2026-02-09 20:00:00,3.518,3.533,3.486,3.5,17297.78009
2026-02-09 21:00:00,3.501,3.512,3.46,3.498,14386.564142
2026-02-09 22:00:00,3.495,3.511,3.493,3.503,7273.189731
2026-02-09 23:00:00,3.504,3.518,3.49,3.494,6585.937428
2026-02-10 00:00:00,3.494,3.499,3.447,3.455,14231.218777
2026-02-10 01:00:00,3.452,3.487,3.452,3.476,12293.372198
2026-02-10 02:00:00,3.478,3.478,3.448,3.452,7453.187286
2026-02-10 03:00:00,3.453,3.455,3.382,3.406,52528.897827
2026-02-10 04:00:00,3.404,3.438,3.403,3.434,13752.648981
2026-02-10 05:00:00,3.435,3.435,3.391,3.4,8596.59104
2026-02-10 06:00:00,3.398,3.403,3.335,3.345,97051.376701
2026-02-10 07:00:00,3.346,3.371,3.346,3.363,10020.386227
2026-02-10 08:00:00,3.363,3.378,3.352,3.378,13801.237385
2026-02-10 09:00:00,3.376,3.398,3.371,3.383,10563.400623
2026-02-10 10:00:00,3.383,3.39,3.363,3.367,6159.996893
2026-02-10 11:00:00,3.365,3.382,3.352,3.352,20745.639565
2026-02-10 12:00:00,3.353,3.367,3.324,3.339,38712.224747
2026-02-10 13:00:00,3.335,3.356,3.328,3.348,15473.240994
2026-02-10 14:00:00,3.349,3.373,3.318,3.341,28702.258106
2026-02-10 15:00:00,3.338,3.381,3.33,3.367,40707.003469
2026-02-10 16:00:00,3.368,3.394,3.349,3.378,9437.852009
2026-02-10 17:00:00,3.379,3.404,3.364,3.391,6573.429099
2026-02-10 18:00:00,3.392,3.396,3.323,3.339,47411.350723
2026-02-10 19:00:00,3.341,3.364,3.328,3.35,10614.494416
2026-02-10 20:00:00,3.349,3.352,3.331,3.341,9466.869308
2026-02-10 21:00:00,3.342,3.352,3.325,3.337,7023.153078
2026-02-10 22:00:00,3.34,3.372,3.339,3.355,7202.552476
2026-02-10 23:00:00,3.353,3.365,3.343,3.36,3577.115254
2026-02-11 00:00:00,3.361,3.375,3.36,3.371,4454.638858
2026-02-11 01:00:00,3.372,3.377,3.359,3.364,4369.246046
2026-02-11 02:00:00,3.365,3.386,3.365,3.366,8948.105973
2026-02-11 03:00:00,3.364,3.381,3.329,3.359,20119.253835
2026-02-11 04:00:00,3.36,3.363,3.296,3.307,55744.171382
2026-02-11 05:00:00,3.307,3.321,3.285,3.288,15290.971561
2026-02-11 06:00:00,3.287,3.291,3.24,3.248,44876.804709
2026-02-11 07:00:00,3.247,3.27,3.243,3.258,10056.787199
2026-02-11 08:00:00,3.257,3.259,3.239,3.25,18649.116916
2026-02-11 09:00:00,3.25,3.259,3.229,3.238,17593.899509
2026-02-11 10:00:00,3.239,3.247,3.223,3.234,8940.06744
2026-02-11 11:00:00,3.236,3.272,3.236,3.265,15190.647341
2026-02-11 12:00:00,3.265,3.276,3.25,3.258,9345.703496
2026-02-11 13:00:00,3.258,3.402,3.247,3.395,164862.589632
2026-02-11 14:00:00,3.393,4.552,3.393,3.967,3787204.918164
2026-02-11 15:00:00,3.967,3.967,3.757,3.826,1052172.412983
2026-02-11 16:00:00,3.824,3.912,3.743,3.764,455513.771353
2026-02-11 17:00:00,3.762,3.775,3.592,3.598,784308.47226
2026-02-11 18:00:00,3.598,3.619,3.469,3.518,717518.636365
2026-02-11 19:00:00,3.517,3.543,3.446,3.494,387998.148029
2026-02-11 20:00:00,3.495,3.517,3.454,3.505,201196.779336
2026-02-11 21:00:00,3.506,3.582,3.502,3.512,238714.964294
2026-02-11 22:00:00,3.513,3.519,3.434,3.439,144734.510351
2026-02-11 23:00:00,3.439,3.463,3.344,3.368,306512.299319
2026-02-12 00:00:00,3.37,3.432,3.354,3.399,294851.04595
2026-02-12 01:00:00,3.401,3.435,3.375,3.416,157210.845023
2026-02-12 02:00:00,3.417,3.484,3.406,3.472,180344.84474
2026-02-12 03:00:00,3.472,3.496,3.441,3.474,202356.514883
2026-02-12 04:00:00,3.474,3.479,3.399,3.421,202272.44571
2026-02-12 05:00:00,3.419,3.432,3.387,3.421,88439.172905
2026-02-12 06:00:00,3.421,3.437,3.405,3.414,68939.219437
2026-02-12 07:00:00,3.414,3.431,3.374,3.41,98518.639079
2026-02-12 08:00:00,3.411,3.415,3.346,3.362,99809.076519
2026-02-12 09:00:00,3.362,3.387,3.32,3.375,241271.234477
2026-02-12 10:00:00,3.374,3.407,3.356,3.406,97428.038739
2026-02-12 11:00:00,3.406,3.428,3.386,3.415,109526.322288
2026-02-12 12:00:00,3.412,3.437,3.39,3.413,83850.344048
2026-02-12 13:00:00,3.411,3.464,3.383,3.456,146828.675814
2026-02-12 14:00:00,3.456,3.456,3.347,3.365,270468.03153
2026-02-12 15:00:00,3.363,3.392,3.329,3.343,209565.325579
2026-02-12 16:00:00,3.345,3.346,3.212,3.239,297065.012349
2026-02-12 17:00:00,3.236,3.263,3.212,3.222,127498.074117
2026-02-12 18:00:00,3.224,3.24,3.19,3.206,79535.73862
2026-02-12 19:00:00,3.207,3.275,3.204,3.222,49972.563302
2026-02-12 20:00:00,3.223,3.234,3.141,3.164,95339.039423
2026-02-12 21:00:00,3.17,3.198,3.17,3.193,29056.754004
2026-02-12 22:00:00,3.194,3.248,3.184,3.244,46101.030151
2026-02-12 23:00:00,3.244,3.252,3.224,3.248,44675.013164
2026-02-13 00:00:00,3.246,3.253,3.21,3.228,40363.962375
2026-02-13 01:00:00,3.228,3.282,3.224,3.258,70946.089161
2026-02-13 02:00:00,3.259,3.282,3.254,3.274,57197.230271
2026-02-13 03:00:00,3.274,3.279,3.248,3.272,34537.097189
2026-02-13 04:00:00,3.273,3.314,3.272,3.285,102609.950859
2026-02-13 05:00:00,3.286,3.303,3.264,3.276,39278.597776
2026-02-13 06:00:00,3.279,3.301,3.255,3.298,79972.918988
2026-02-13 07:00:00,3.297,3.336,3.285,3.3,99780.542682
2026-02-13 08:00:00,3.301,3.33,3.296,3.326,33828.505513
2026-02-13 09:00:00,3.324,3.324,3.289,3.318,41955.179575
2026-02-13 10:00:00,3.319,3.331,3.303,3.325,35538.679896
2026-02-13 11:00:00,3.323,3.337,3.308,3.322,75449.264815
2026-02-13 12:00:00,3.321,3.34,3.309,3.323,35962.071845
2026-02-13 13:00:00,3.323,3.388,3.323,3.349,141065.488314
2026-02-13 14:00:00,3.348,3.427,3.348,3.412,213903.759053
2026-02-13 15:00:00,3.415,3.47,3.391,3.408,159350.92461
2026-02-13 16:00:00,3.409,3.494,3.405,3.472,176265.663604
2026-02-13 17:00:00,3.476,3.476,3.444,3.449,49338.593222
2026-02-13 18:00:00,3.446,3.46,3.436,3.452,75348.757154
2026-02-13 19:00:00,3.455,3.459,3.421,3.425,51253.132098
2026-02-13 20:00:00,3.424,3.427,3.408,3.416,51111.365861
2026-02-13 21:00:00,3.416,3.445,3.413,3.423,39714.635586
2026-02-13 22:00:00,3.422,3.435,3.388,3.405,55588.847256
2026-02-13 23:00:00,3.405,3.407,3.391,3.398,48278.64393
2026-02-14 00:00:00,3.398,3.412,3.382,3.4,73181.122744
2026-02-14 01:00:00,3.4,3.411,3.39,3.406,166279.846661
2026-02-14 02:00:00,3.406,3.406,3.373,3.394,59496.436181
2026-02-14 03:00:00,3.395,3.413,3.393,3.403,69869.653451
2026-02-14 04:00:00,3.403,3.431,3.402,3.406,67774.478834
2026-02-14 05:00:00,3.406,3.414,3.396,3.398,19651.929884
2026-02-14 06:00:00,3.398,3.407,3.385,3.395,28613.570462
2026-02-14 07:00:00,3.394,3.409,3.39,3.403,48820.602666
2026-02-14 08:00:00,3.404,3.494,3.404,3.486,351494.194586
2026-02-14 09:00:00,3.482,3.512,3.475,3.494,106938.331583
2026-02-14 10:00:00,3.494,3.494,3.452,3.47,75976.167346
2026-02-14 11:00:00,3.469,3.523,3.469,3.518,54164.837905
2026-02-14 12:00:00,3.521,3.522,3.445,3.455,99214.267669
2026-02-14 13:00:00,3.458,3.496,3.448,3.488,83658.507536
2026-02-14 14:00:00,3.487,3.564,3.487,3.561,88953.81909
2026-02-14 15:00:00,3.563,3.598,3.539,3.584,121205.451608
2026-02-14 16:00:00,3.585,3.633,3.551,3.629,190806.485523
2026-02-14 17:00:00,3.63,3.732,3.611,3.66,192387.913084
2026-02-14 18:00:00,3.657,3.688,3.65,3.67,32774.714514
2026-02-14 19:00:00,3.671,3.687,3.647,3.667,35208.791201
2026-02-14 20:00:00,3.669,3.688,3.641,3.672,27156.16178
2026-02-14 21:00:00,3.673,3.696,3.639,3.657,43749.53508
2026-02-14 22:00:00,3.658,3.682,3.653,3.667,32881.034294
2026-02-14 23:00:00,3.666,3.68,3.591,3.629,109305.634493
2026-02-15 00:00:00,3.629,3.652,3.6,3.645,75621.047106
2026-02-15 01:00:00,3.644,3.677,3.605,3.632,107706.062233
2026-02-15 02:00:00,3.631,3.661,3.605,3.611,134212.153718
2026-02-15 03:00:00,3.611,3.629,3.555,3.624,135534.295981
2026-02-15 04:00:00,3.622,3.674,3.621,3.636,58427.455197
2026-02-15 05:00:00,3.636,3.662,3.626,3.651,24455.095717
2026-02-15 06:00:00,3.651,3.651,3.604,3.614,30883.28292
2026-02-15 07:00:00,3.614,3.649,3.611,3.622,33952.3444
2026-02-15 08:00:00,3.624,3.638,3.549,3.578,88505.112004
2026-02-15 09:00:00,3.577,3.615,3.574,3.594,25745.357693
2026-02-15 10:00:00,3.596,3.598,3.562,3.588,36616.322428
2026-02-15 11:00:00,3.589,3.602,3.585,3.589,15978.265893
2026-02-15 12:00:00,3.588,3.597,3.494,3.502,64448.75303
2026-02-15 13:00:00,3.503,3.544,3.466,3.479,103198.741905
2026-02-15 14:00:00,3.478,3.535,3.478,3.522,69017.430252
2026-02-15 15:00:00,3.521,3.529,3.494,3.509,28764.983753
2026-02-15 16:00:00,3.51,3.51,3.475,3.49,27010.507091
2026-02-15 17:00:00,3.491,3.502,3.407,3.452,116957.794548
2026-02-15 18:00:00,3.45,3.458,3.396,3.421,75364.391103
2026-02-15 19:00:00,3.42,3.444,3.397,3.425,40692.67154
2026-02-15 20:00:00,3.425,3.451,3.407,3.444,18877.574772
2026-02-15 21:00:00,3.444,3.466,3.444,3.463,9985.357019
2026-02-15 22:00:00,3.462,3.472,3.452,3.469,19894.914182
2026-02-15 23:00:00,3.47,3.48,3.425,3.472,18283.613937
2026-02-16 00:00:00,3.472,3.504,3.466,3.493,26528.966753
2026-02-16 01:00:00,3.492,3.526,3.484,3.508,82720.854232
2026-02-16 02:00:00,3.509,3.541,3.505,3.522,46283.273084
2026-02-16 03:00:00,3.523,3.529,3.498,3.521,21590.056553
2026-02-16 04:00:00,3.522,3.587,3.521,3.582,54504.429604
2026-02-16 05:00:00,3.583,3.588,3.516,3.551,60678.623675
2026-02-16 06:00:00,3.55,3.57,3.531,3.55,29907.908439
2026-02-16 07:00:00,3.549,3.567,3.528,3.536,20533.653308
2026-02-16 08:00:00,3.536,3.557,3.53,3.55,10695.000741
2026-02-16 09:00:00,3.548,3.582,3.532,3.538,45680.779735
2026-02-16 10:00:00,3.536,3.54,3.505,3.511,38977.552593
2026-02-16 11:00:00,3.51,3.526,3.465,3.496,31421.275197
2026-02-16 12:00:00,3.496,3.569,3.486,3.555,49247.217595
2026-02-16 13:00:00,3.556,3.579,3.486,3.5,120165.834093
2026-02-16 14:00:00,3.498,3.531,3.48,3.502,25937.143001
2026-02-16 15:00:00,3.504,3.53,3.424,3.456,73952.958323
2026-02-16 16:00:00,3.455,3.509,3.45,3.496,53193.192771
2026-02-16 17:00:00,3.496,3.529,3.479,3.508,24311.578591
2026-02-16 18:00:00,3.509,3.53,3.491,3.496,25770.439227
2026-02-16 19:00:00,3.497,3.521,3.491,3.513,5732.21449
2026-02-16 20:00:00,3.513,3.554,3.509,3.546,12165.121441
2026-02-16 21:00:00,3.544,3.59,3.532,3.585,50312.606884
2026-02-16 22:00:00,3.584,3.595,3.556,3.586,45305.671833
2026-02-16 23:00:00,3.585,3.628,3.582,3.601,43437.776479
2026-02-17 00:00:00,3.601,3.63,3.596,3.604,43580.583823
2026-02-17 01:00:00,3.606,3.614,3.57,3.571,48376.679925
2026-02-17 02:00:00,3.571,3.607,3.553,3.595,23475.149352
2026-02-17 03:00:00,3.594,3.596,3.575,3.59,18999.773446
2026-02-17 04:00:00,3.591,3.604,3.571,3.594,23537.297907
2026-02-17 05:00:00,3.595,3.596,3.529,3.57,48834.785332
2026-02-17 06:00:00,3.571,3.58,3.566,3.566,9717.487871
2026-02-17 07:00:00,3.565,3.582,3.563,3.566,33991.274807
2026-02-17 08:00:00,3.566,3.58,3.54,3.562,86177.905659
2026-02-17 09:00:00,3.56,3.565,3.536,3.557,22596.516239
2026-02-17 10:00:00,3.554,3.555,3.516,3.529,56820.371549
2026-02-17 11:00:00,3.528,3.535,3.508,3.522,24145.390842
2026-02-17 12:00:00,3.521,3.554,3.521,3.533,37635.440155
2026-02-17 13:00:00,3.534,3.575,3.531,3.557,23557.436363
2026-02-17 14:00:00,3.556,3.574,3.465,3.475,91211.351417
2026-02-17 15:00:00,3.473,3.512,3.454,3.506,79264.218002
2026-02-17 16:00:00,3.505,3.576,3.499,3.522,66544.403806
2026-02-17 17:00:00,3.523,3.531,3.476,3.501,24619.344368
2026-02-17 18:00:00,3.501,3.567,3.496,3.558,24283.508033
2026-02-17 19:00:00,3.558,3.57,3.527,3.535,32253.326604
2026-02-17 20:00:00,3.536,3.547,3.514,3.54,8866.234375
2026-02-17 21:00:00,3.54,3.552,3.534,3.544,5971.870659
2026-02-17 22:00:00,3.546,3.553,3.526,3.53,10416.712393
2026-02-17 23:00:00,3.53,3.532,3.513,3.524,25984.897817
2026-02-18 00:00:00,3.526,3.538,3.505,3.512,16506.915464
2026-02-18 01:00:00,3.512,3.518,3.496,3.514,10267.699222
2026-02-18 02:00:00,3.513,3.54,3.513,3.533,12321.520525
2026-02-18 03:00:00,3.532,3.554,3.531,3.55,18335.81243
2026-02-18 04:00:00,3.55,3.554,3.54,3.548,10631.102719
2026-02-18 05:00:00,3.549,3.556,3.536,3.543,13126.95029
2026-02-18 06:00:00,3.545,3.57,3.541,3.552,14902.830951
2026-02-18 07:00:00,3.552,3.596,3.549,3.575,28539.701147
2026-02-18 08:00:00,3.573,3.59,3.56,3.565,20151.657232
2026-02-18 09:00:00,3.566,3.592,3.561,3.587,20061.305583
2026-02-18 10:00:00,3.589,3.607,3.567,3.576,25849.502445
2026-02-18 11:00:00,3.577,3.579,3.521,3.55,29095.270812
2026-02-18 12:00:00,3.551,3.575,3.538,3.566,38106.913388
2026-02-18 13:00:00,3.566,3.573,3.498,3.517,31366.525675
2026-02-18 14:00:00,3.52,3.552,3.508,3.539,31088.202722
2026-02-18 15:00:00,3.538,3.603,3.533,3.556,58374.119735
2026-02-18 16:00:00,3.558,3.558,3.512,3.517,38936.061223
2026-02-18 17:00:00,3.518,3.555,3.51,3.517,12812.111617
2026-02-18 18:00:00,3.517,3.52,3.436,3.44,63361.789917
2026-02-18 19:00:00,3.439,3.455,3.367,3.4,77304.080271
2026-02-18 20:00:00,3.4,3.444,3.382,3.407,86187.398738
2026-02-18 21:00:00,3.409,3.417,3.379,3.385,34550.092047
2026-02-18 22:00:00,3.386,3.391,3.354,3.379,63270.687762
2026-02-18 23:00:00,3.378,3.412,3.373,3.405,33183.99085
2026-02-19 00:00:00,3.404,3.417,3.392,3.4,20708.661365
2026-02-19 01:00:00,3.402,3.466,3.402,3.453,49470.14747
2026-02-19 02:00:00,3.453,3.467,3.411,3.427,41899.328593
2026-02-19 03:00:00,3.426,3.432,3.413,3.42,12295.914998
2026-02-19 04:00:00,3.421,3.432,3.41,3.411,18832.649465
2026-02-19 05:00:00,3.411,3.418,3.387,3.402,12887.157155
2026-02-19 06:00:00,3.403,3.439,3.403,3.434,11352.504729
2026-02-19 07:00:00,3.434,3.439,3.42,3.429,9330.194768
2026-02-19 08:00:00,3.43,3.434,3.391,3.408,26237.9115
2026-02-19 09:00:00,3.407,3.434,3.401,3.401,28760.584578
2026-02-19 10:00:00,3.401,3.417,3.379,3.387,86658.151691
2026-02-19 11:00:00,3.385,3.399,3.383,3.388,15334.728971
2026-02-19 12:00:00,3.387,3.393,3.345,3.358,37094.046808
2026-02-19 13:00:00,3.359,3.359,3.296,3.322,135600.340186
2026-02-19 14:00:00,3.322,3.38,3.315,3.36,94273.571537
2026-02-19 15:00:00,3.361,3.376,3.312,3.331,34806.22014
2026-02-19 16:00:00,3.331,3.359,3.297,3.337,25605.15754
2026-02-19 17:00:00,3.338,3.39,3.313,3.334,14033.366105
2026-02-19 18:00:00,3.334,3.383,3.33,3.368,11309.067369
2026-02-19 19:00:00,3.371,3.378,3.34,3.365,8589.853959
2026-02-19 20:00:00,3.366,3.377,3.349,3.372,10469.58681
2026-02-19 21:00:00,3.371,3.382,3.357,3.357,15632.212701
2026-02-19 22:00:00,3.36,3.368,3.341,3.365,12592.182059
2026-02-19 23:00:00,3.365,3.393,3.365,3.391,19518.506273
2026-02-20 00:00:00,3.392,3.423,3.383,3.405,63839.404722
2026-02-20 01:00:00,3.405,3.412,3.397,3.397,13708.081408
2026-02-20 02:00:00,3.399,3.409,3.38,3.381,8892.203158
2026-02-20 03:00:00,3.38,3.399,3.377,3.396,6286.515636
2026-02-20 04:00:00,3.396,3.396,3.361,3.378,15330.198896
2026-02-20 05:00:00,3.378,3.417,3.363,3.4,18247.207082
2026-02-20 06:00:00,3.402,3.405,3.383,3.403,9136.120927
2026-02-20 07:00:00,3.404,3.416,3.394,3.399,28642.344823
2026-02-20 08:00:00,3.4,3.427,3.397,3.411,14387.325964
2026-02-20 09:00:00,3.41,3.436,3.407,3.43,41501.357678
2026-02-20 10:00:00,3.43,3.448,3.42,3.423,35686.687098
2026-02-20 11:00:00,3.422,3.434,3.383,3.394,47231.152905
2026-02-20 12:00:00,3.395,3.415,3.388,3.401,21211.819071
2026-02-20 13:00:00,3.398,3.404,3.311,3.341,115970.582164
2026-02-20 14:00:00,3.34,3.398,3.335,3.381,59468.287969
2026-02-20 15:00:00,3.384,3.477,3.384,3.455,95076.399617
2026-02-20 16:00:00,3.456,3.481,3.425,3.466,55798.631976
2026-02-20 17:00:00,3.464,3.47,3.385,3.464,53968.527898
2026-02-20 18:00:00,3.463,3.489,3.441,3.466,23219.108621
2026-02-20 19:00:00,3.467,3.473,3.448,3.457,11726.688811
2026-02-20 20:00:00,3.457,3.467,3.438,3.449,7768.092096
2026-02-20 21:00:00,3.45,3.464,3.442,3.458,7407.178945
2026-02-20 22:00:00,3.459,3.484,3.45,3.484,9243.853492
2026-02-20 23:00:00,3.483,3.497,3.48,3.491,13797.753886
2026-02-21 00:00:00,3.492,3.502,3.468,3.472,18971.411404
2026-02-21 01:00:00,3.474,3.518,3.474,3.506,21147.283143
2026-02-21 02:00:00,3.508,3.531,3.502,3.525,11776.78747
2026-02-21 03:00:00,3.526,3.526,3.492,3.517,27027.923195
2026-02-21 04:00:00,3.516,3.546,3.516,3.546,16306.574833
2026-02-21 05:00:00,3.546,3.562,3.535,3.544,24861.188212
2026-02-21 06:00:00,3.543,3.561,3.532,3.539,11703.018002
2026-02-21 07:00:00,3.538,3.551,3.525,3.54,8689.315756
2026-02-21 08:00:00,3.54,3.58,3.536,3.577,21168.360263
2026-02-21 09:00:00,3.577,3.645,3.569,3.609,94506.510355
2026-02-21 10:00:00,3.61,3.678,3.61,3.646,132845.963122
2026-02-21 11:00:00,3.644,3.661,3.636,3.647,23142.950239
2026-02-21 12:00:00,3.648,3.671,3.616,3.63,79881.893038
2026-02-21 13:00:00,3.629,3.649,3.624,3.643,24581.143536
2026-02-21 14:00:00,3.644,3.68,3.635,3.638,91301.554021
2026-02-21 15:00:00,3.638,3.665,3.635,3.639,44726.199791
2026-02-21 16:00:00,3.641,3.644,3.6,3.616,31027.749779
2026-02-21 17:00:00,3.615,3.624,3.603,3.618,19506.657021
2026-02-21 18:00:00,3.618,3.647,3.615,3.639,20303.54548
2026-02-21 19:00:00,3.64,3.649,3.62,3.628,26474.331414
2026-02-21 20:00:00,3.629,3.639,3.617,3.619,11197.779475
2026-02-21 21:00:00,3.619,3.636,3.611,3.634,6365.517835
2026-02-21 22:00:00,3.632,3.636,3.612,3.617,13381.082509
2026-02-21 23:00:00,3.616,3.629,3.607,3.61,14239.184754
2026-02-22 00:00:00,3.608,3.611,3.553,3.589,85181.042632
2026-02-22 01:00:00,3.587,3.623,3.584,3.606,27463.769721
2026-02-22 02:00:00,3.607,3.628,3.582,3.594,24737.447754
2026-02-22 03:00:00,3.592,3.605,3.563,3.573,56390.557732
2026-02-22 04:00:00,3.574,3.603,3.567,3.571,25264.129073
2026-02-22 05:00:00,3.572,3.585,3.559,3.568,8302.608509
2026-02-22 06:00:00,3.567,3.574,3.532,3.566,33101.935493
2026-02-22 07:00:00,3.57,3.601,3.566,3.58,59327.841861
2026-02-22 08:00:00,3.58,3.587,3.554,3.556,48029.789404
2026-02-22 09:00:00,3.555,3.559,3.542,3.559,27702.293313
2026-02-22 10:00:00,3.559,3.564,3.552,3.556,11337.43137
2026-02-22 11:00:00,3.558,3.569,3.548,3.558,4865.49627
2026-02-22 12:00:00,3.557,3.558,3.486,3.511,57069.530083
2026-02-22 13:00:00,3.51,3.514,3.479,3.488,35823.932345
2026-02-22 14:00:00,3.489,3.492,3.459,3.475,21609.832913
2026-02-22 15:00:00,3.476,3.491,3.452,3.475,23996.309811
2026-02-22 16:00:00,3.475,3.487,3.46,3.483,7040.71862
2026-02-22 17:00:00,3.483,3.484,3.453,3.465,20625.451223
2026-02-22 18:00:00,3.464,3.466,3.452,3.461,5477.233728
2026-02-22 19:00:00,3.461,3.467,3.451,3.463,8679.961002
2026-02-22 20:00:00,3.464,3.465,3.432,3.436,12531.391944
2026-02-22 21:00:00,3.437,3.476,3.437,3.459,30376.468053
2026-02-22 22:00:00,3.459,3.49,3.45,3.486,20327.145917
2026-02-22 23:00:00,3.485,3.496,3.472,3.491,10322.131308
2026-02-23 00:00:00,3.491,3.495,3.432,3.435,26073.465732
2026-02-23 01:00:00,3.437,3.437,3.277,3.28,271125.092372
2026-02-23 02:00:00,3.283,3.316,3.275,3.3,58726.657497
2026-02-23 03:00:00,3.301,3.32,3.286,3.312,74026.179388
2026-02-23 04:00:00,3.313,3.323,3.289,3.3,35813.428857
2026-02-23 05:00:00,3.3,3.339,3.299,3.326,26232.40014
2026-02-23 06:00:00,3.326,3.366,3.321,3.363,23412.412178
2026-02-23 07:00:00,3.364,3.37,3.343,3.358,45974.097532
2026-02-23 08:00:00,3.355,3.388,3.346,3.387,22253.533881
2026-02-23 09:00:00,3.387,3.546,3.387,3.545,134393.611292
2026-02-23 10:00:00,3.545,3.565,3.467,3.468,122977.40616
2026-02-23 11:00:00,3.468,3.472,3.429,3.435,25351.935817
2026-02-23 12:00:00,3.435,3.481,3.428,3.464,55139.119119
2026-02-23 13:00:00,3.465,3.491,3.452,3.453,14100.916125
2026-02-23 14:00:00,3.455,3.48,3.415,3.457,73637.354
2026-02-23 15:00:00,3.458,3.463,3.388,3.395,62733.858584
2026-02-23 16:00:00,3.394,3.408,3.367,3.374,39188.290946
2026-02-23 17:00:00,3.376,3.386,3.31,3.354,53722.208335
2026-02-23 18:00:00,3.353,3.369,3.324,3.328,82167.846178
2026-02-23 19:00:00,3.33,3.335,3.311,3.323,26850.579649
2026-02-23 20:00:00,3.323,3.352,3.309,3.352,18787.081557
2026-02-23 21:00:00,3.352,3.378,3.351,3.369,23518.413712
2026-02-23 22:00:00,3.368,3.383,3.362,3.363,15165.138462
2026-02-23 23:00:00,3.364,3.384,3.334,3.348,16041.298462
2026-02-24 00:00:00,3.349,3.396,3.348,3.381,69894.59885
2026-02-24 01:00:00,3.38,3.383,3.294,3.324,178163.527047
2026-02-24 02:00:00,3.322,3.354,3.314,3.332,27254.576859
2026-02-24 03:00:00,3.33,3.335,3.301,3.32,42819.964599
2026-02-24 04:00:00,3.321,3.336,3.295,3.326,93208.781601
2026-02-24 05:00:00,3.324,3.339,3.29,3.305,34276.864775
2026-02-24 06:00:00,3.305,3.322,3.297,3.306,8577.630768
2026-02-24 07:00:00,3.307,3.326,3.299,3.321,32815.13191
2026-02-24 08:00:00,3.32,3.334,3.295,3.332,21120.575055
2026-02-24 09:00:00,3.332,3.345,3.3,3.323,97559.074787
2026-02-24 10:00:00,3.32,3.324,3.305,3.311,78420.442177
2026-02-24 11:00:00,3.311,3.314,3.296,3.312,12653.213967
2026-02-24 12:00:00,3.315,3.332,3.308,3.309,29227.244809
2026-02-24 13:00:00,3.31,3.314,3.26,3.291,76496.732425
2026-02-24 14:00:00,3.29,3.373,3.264,3.353,65478.954489
2026-02-24 15:00:00,3.354,3.38,3.34,3.362,79078.069131
2026-02-24 16:00:00,3.363,3.403,3.342,3.39,25415.466064
2026-02-24 17:00:00,3.385,3.399,3.37,3.38,25163.970203
2026-02-24 18:00:00,3.379,3.396,3.366,3.378,24533.672446
2026-02-24 19:00:00,3.376,3.389,3.343,3.344,15562.892263
2026-02-24 20:00:00,3.345,3.355,3.316,3.346,66314.403543
2026-02-24 21:00:00,3.345,3.345,3.311,3.337,11029.644285
2026-02-24 22:00:00,3.336,3.364,3.336,3.351,15992.371631
2026-02-24 23:00:00,3.35,3.353,3.329,3.338,10970.003575
2026-02-25 00:00:00,3.339,3.361,3.332,3.355,9802.061128
2026-02-25 01:00:00,3.353,3.535,3.351,3.52,162545.431096
2026-02-25 02:00:00,3.52,3.56,3.501,3.506,153322.468117
2026-02-25 03:00:00,3.507,3.51,3.466,3.472,45819.78073
2026-02-25 04:00:00,3.473,3.5,3.454,3.489,45347.454354
2026-02-25 05:00:00,3.49,3.505,3.428,3.468,46771.892218
2026-02-25 06:00:00,3.468,3.491,3.454,3.462,17462.804684
2026-02-25 07:00:00,3.463,3.501,3.453,3.496,69010.860711
2026-02-25 08:00:00,3.497,3.537,3.482,3.537,38758.429877
2026-02-25 09:00:00,3.536,3.556,3.526,3.544,52324.70826
2026-02-25 10:00:00,3.545,3.555,3.535,3.549,33304.064293
2026-02-25 11:00:00,3.55,3.569,3.533,3.558,32602.448355
2026-02-25 12:00:00,3.56,3.694,3.558,3.668,294888.493013
2026-02-25 13:00:00,3.669,3.798,3.669,3.714,294100.893104
2026-02-25 14:00:00,3.715,3.821,3.715,3.799,124320.461403
2026-02-25 15:00:00,3.799,4.029,3.786,3.937,376176.4887
2026-02-25 16:00:00,3.938,4.033,3.922,4.022,225459.318193
2026-02-25 17:00:00,4.023,4.088,4.0,4.063,89457.028932
2026-02-25 18:00:00,4.062,4.131,4.038,4.108,160111.968793
2026-02-25 19:00:00,4.107,4.116,4.069,4.098,60585.736409
2026-02-25 20:00:00,4.098,4.101,4.055,4.061,41089.395946
2026-02-25 21:00:00,4.061,4.17,4.048,4.114,96436.903804
2026-02-25 22:00:00,4.115,4.292,4.073,4.091,253633.567475
2026-02-25 23:00:00,4.088,4.102,3.986,4.056,171571.490417
2026-02-26 00:00:00,4.054,4.089,3.981,4.02,132171.330107
2026-02-26 01:00:00,4.018,4.049,3.99,3.995,168855.168883
2026-02-26 02:00:00,3.996,4.06,3.99,4.045,165661.788266
2026-02-26 03:00:00,4.045,4.05,4.0,4.018,52389.505509
2026-02-26 04:00:00,4.018,4.059,4.013,4.057,74920.438249
2026-02-26 05:00:00,4.056,4.059,3.964,4.006,94209.288811
2026-02-26 06:00:00,4.006,4.018,3.978,4.0,55664.692939
2026-02-26 07:00:00,3.998,4.017,3.972,3.989,39400.633948
2026-02-26 08:00:00,3.991,4.06,3.989,4.032,43373.752158
2026-02-26 09:00:00,4.03,4.087,4.025,4.041,76928.120758
2026-02-26 10:00:00,4.042,4.05,3.984,4.009,51817.543951
2026-02-26 11:00:00,4.009,4.019,3.991,4.01,18826.154605
2026-02-26 12:00:00,4.011,4.034,4.008,4.016,28722.996472
2026-02-26 13:00:00,4.015,4.019,3.95,3.964,51663.208887
2026-02-26 14:00:00,3.964,3.972,3.782,3.848,212621.59008
2026-02-26 15:00:00,3.848,3.856,3.792,3.801,110200.80558
2026-02-26 16:00:00,3.802,3.825,3.713,3.731,344291.113932
2026-02-26 17:00:00,3.729,3.774,3.728,3.752,30822.241275
2026-02-26 18:00:00,3.754,3.781,3.733,3.769,61574.639208
2026-02-26 19:00:00,3.768,3.841,3.768,3.835,63577.81727
2026-02-26 20:00:00,3.835,3.859,3.814,3.824,34015.500556
2026-02-26 21:00:00,3.824,3.859,3.816,3.847,34492.063533
2026-02-26 22:00:00,3.848,3.899,3.845,3.877,30951.224261
2026-02-26 23:00:00,3.878,3.883,3.855,3.877,13946.308709
2026-02-27 00:00:00,3.877,3.888,3.847,3.867,19571.019212
2026-02-27 01:00:00,3.868,3.877,3.839,3.86,22816.73124
2026-02-27 02:00:00,3.862,3.885,3.851,3.867,34737.404882
2026-02-27 03:00:00,3.868,3.911,3.856,3.908,26201.930861
2026-02-27 04:00:00,3.907,3.938,3.894,3.91,37614.647237
2026-02-27 05:00:00,3.911,3.946,3.911,3.937,29375.718627
2026-02-27 06:00:00,3.936,3.936,3.886,3.91,32270.700942
2026-02-27 07:00:00,3.908,3.908,3.864,3.894,32666.053867
2026-02-27 08:00:00,3.892,3.91,3.875,3.88,33658.17609
2026-02-27 09:00:00,3.879,3.889,3.829,3.842,30396.475932
2026-02-27 10:00:00,3.84,3.845,3.78,3.781,108913.918522
2026-02-27 11:00:00,3.781,3.807,3.748,3.758,117166.829126
2026-02-27 12:00:00,3.758,3.785,3.752,3.779,50938.141078
2026-02-27 13:00:00,3.778,3.811,3.738,3.799,120152.065142
2026-02-27 14:00:00,3.797,3.803,3.774,3.778,29343.050312
2026-02-27 15:00:00,3.776,3.83,3.774,3.797,55017.414065
2026-02-27 16:00:00,3.796,3.802,3.746,3.754,73843.346403
2026-02-27 17:00:00,3.753,3.782,3.73,3.776,90382.091495
2026-02-27 18:00:00,3.776,3.78,3.751,3.756,13961.359716
2026-02-27 19:00:00,3.755,3.758,3.722,3.741,23468.859635
2026-02-27 20:00:00,3.74,3.76,3.692,3.698,162572.390274
2026-02-27 21:00:00,3.699,3.735,3.699,3.716,24466.557106
2026-02-27 22:00:00,3.717,3.772,3.67,3.732,109541.551659
2026-02-27 23:00:00,3.731,3.751,3.724,3.743,23856.24272
2026-02-28 00:00:00,3.742,3.77,3.74,3.762,34408.065533
2026-02-28 01:00:00,3.76,3.772,3.721,3.726,32853.610571
2026-02-28 02:00:00,3.727,3.73,3.705,3.727,95045.845943
2026-02-28 03:00:00,3.726,3.737,3.706,3.712,19292.872286
2026-02-28 04:00:00,3.712,3.728,3.695,3.718,30428.268248
2026-02-28 05:00:00,3.721,3.724,3.687,3.7,97142.411207
2026-02-28 06:00:00,3.703,3.704,3.561,3.577,301790.407694
2026-02-28 07:00:00,3.574,3.69,3.559,3.636,111787.853035
2026-02-28 08:00:00,3.635,3.635,3.581,3.59,45556.006026
2026-02-28 09:00:00,3.589,3.619,3.572,3.583,62565.978655
2026-02-28 10:00:00,3.582,3.586,3.54,3.549,111180.430984
2026-02-28 11:00:00,3.548,3.586,3.545,3.553,79020.540054
2026-02-28 12:00:00,3.555,3.589,3.551,3.588,55315.20643
2026-02-28 13:00:00,3.59,3.702,3.583,3.686,77595.187514
2026-02-28 14:00:00,3.688,3.707,3.623,3.63,71595.692367
2026-02-28 15:00:00,3.63,3.673,3.607,3.658,45639.803808
2026-02-28 16:00:00,3.658,3.697,3.642,3.691,36702.536042
2026-02-28 17:00:00,3.69,3.702,3.657,3.696,47093.243746
2026-02-28 18:00:00,3.694,3.779,3.683,3.754,42063.700615
2026-02-28 19:00:00,3.758,3.818,3.73,3.793,59751.623001
2026-02-28 20:00:00,3.795,3.837,3.777,3.826,71871.634817
2026-02-28 21:00:00,3.828,3.829,3.787,3.82,18071.067355
2026-02-28 22:00:00,3.822,3.896,3.82,3.83,54944.609079
2026-02-28 23:00:00,3.83,3.835,3.8,3.811,84249.578911
2026-03-01 00:00:00,3.81,3.824,3.799,3.807,42558.598487
2026-03-01 01:00:00,3.806,3.925,3.776,3.887,87586.787109
2026-03-01 02:00:00,3.894,3.974,3.888,3.902,141392.186529
2026-03-01 03:00:00,3.904,3.914,3.844,3.858,79387.586998
2026-03-01 04:00:00,3.86,3.866,3.815,3.835,87419.568572
2026-03-01 05:00:00,3.836,3.841,3.821,3.827,48558.119205
2026-03-01 06:00:00,3.826,3.827,3.784,3.8,124345.56105
2026-03-01 07:00:00,3.8,3.821,3.774,3.812,51463.125868
2026-03-01 08:00:00,3.813,3.83,3.77,3.786,99369.700073
2026-03-01 09:00:00,3.786,3.815,3.772,3.783,51494.819095
2026-03-01 10:00:00,3.784,3.8,3.752,3.785,37677.122277
2026-03-01 11:00:00,3.786,3.788,3.746,3.765,38701.735536
2026-03-01 12:00:00,3.764,3.776,3.74,3.745,19413.5343
2026-03-01 13:00:00,3.747,3.829,3.73,3.803,51073.098677
2026-03-01 14:00:00,3.804,3.835,3.765,3.779,65049.328144
2026-03-01 15:00:00,3.78,3.819,3.775,3.783,17505.595122
2026-03-01 16:00:00,3.784,3.834,3.744,3.774,72560.82678
2026-03-01 17:00:00,3.773,3.776,3.718,3.74,74712.642187
2026-03-01 18:00:00,3.741,3.803,3.741,3.766,35514.238535
2026-03-01 19:00:00,3.766,3.768,3.73,3.733,19096.510347
2026-03-01 20:00:00,3.734,3.738,3.667,3.69,51857.478836
2026-03-01 21:00:00,3.691,3.726,3.691,3.721,39592.970343
2026-03-01 22:00:00,3.72,3.787,3.712,3.726,65734.481053
2026-03-01 23:00:00,3.724,3.778,3.718,3.748,12119.536886
2026-03-02 00:00:00,3.749,3.811,3.745,3.79,19855.330266
2026-03-02 01:00:00,3.79,3.857,3.789,3.819,63883.506622
2026-03-02 02:00:00,3.821,3.829,3.775,3.807,27437.653084
2026-03-02 03:00:00,3.808,3.849,3.792,3.834,23378.681734
2026-03-02 04:00:00,3.84,3.84,3.809,3.818,15947.283783
2026-03-02 05:00:00,3.82,3.851,3.796,3.828,16342.092501
2026-03-02 06:00:00,3.832,3.833,3.773,3.784,16272.506166
2026-03-02 07:00:00,3.784,3.784,3.742,3.764,36975.576864
2026-03-02 08:00:00,3.764,3.806,3.713,3.789,73398.716873
2026-03-02 09:00:00,3.788,3.825,3.784,3.792,55406.594458
2026-03-02 10:00:00,3.792,3.805,3.775,3.79,17339.162196
2026-03-02 11:00:00,3.79,3.792,3.765,3.779,31342.423813
2026-03-02 12:00:00,3.779,3.784,3.762,3.764,18172.156785
2026-03-02 13:00:00,3.765,3.785,3.742,3.752,44081.950132
2026-03-02 14:00:00,3.751,3.89,3.744,3.881,82377.700686
2026-03-02 15:00:00,3.881,4.039,3.875,3.984,210468.266635
2026-03-02 16:00:00,3.985,4.046,3.953,3.988,103796.696009
2026-03-02 17:00:00,3.989,3.989,3.894,3.938,73211.277326
2026-03-02 18:00:00,3.938,3.94,3.904,3.92,30422.233584
2026-03-02 19:00:00,3.92,3.957,3.885,3.941,56488.241744
2026-03-02 20:00:00,3.943,3.963,3.898,3.923,63595.495433
2026-03-02 21:00:00,3.924,3.942,3.899,3.932,53000.150255
2026-03-02 22:00:00,3.933,3.977,3.933,3.967,65265.773415
2026-03-02 23:00:00,3.968,3.968,3.91,3.928,28285.083603
2026-03-03 00:00:00,3.929,3.94,3.89,3.93,22429.941081
2026-03-03 01:00:00,3.929,3.941,3.903,3.912,19904.779253
2026-03-03 02:00:00,3.91,3.924,3.867,3.917,32885.974454
2026-03-03 03:00:00,3.917,3.921,3.887,3.91,21754.855354
2026-03-03 04:00:00,3.91,3.922,3.865,3.87,9006.110858
2026-03-03 05:00:00,3.871,3.912,3.846,3.864,32502.84346
2026-03-03 06:00:00,3.864,3.887,3.864,3.871,34542.420828
2026-03-03 07:00:00,3.871,3.905,3.867,3.88,17424.216091
2026-03-03 08:00:00,3.88,3.894,3.814,3.819,71788.666699
2026-03-03 09:00:00,3.818,3.841,3.784,3.8,51525.967063
2026-03-03 10:00:00,3.799,3.822,3.788,3.807,34887.276484
2026-03-03 11:00:00,3.808,3.815,3.789,3.798,29644.285453
2026-03-03 12:00:00,3.799,3.874,3.798,3.828,70780.708042
2026-03-03 13:00:00,3.83,3.83,3.778,3.791,31014.682462
2026-03-03 14:00:00,3.79,3.833,3.747,3.785,88550.095049
2026-03-03 15:00:00,3.784,3.848,3.759,3.846,76167.965302
2026-03-03 16:00:00,3.846,3.927,3.824,3.878,106075.117372
2026-03-03 17:00:00,3.879,3.896,3.838,3.89,26344.670156
2026-03-03 18:00:00,3.892,3.922,3.864,3.885,81550.374478
2026-03-03 19:00:00,3.886,3.891,3.858,3.876,22415.581884
2026-03-03 20:00:00,3.877,3.896,3.868,3.878,12588.274232
2026-03-03 21:00:00,3.879,3.879,3.835,3.862,24048.465417
2026-03-03 22:00:00,3.861,3.907,3.861,3.894,22801.592849
2026-03-03 23:00:00,3.894,3.936,3.889,3.914,29971.720175
2026-03-04 00:00:00,3.914,3.914,3.858,3.897,51418.994702
2026-03-04 01:00:00,3.898,3.958,3.895,3.931,76422.851115
2026-03-04 02:00:00,3.931,3.958,3.91,3.957,35028.604623
2026-03-04 03:00:00,3.955,3.961,3.895,3.926,58516.623814
2026-03-04 04:00:00,3.926,3.933,3.869,3.891,35092.259409
2026-03-04 05:00:00,3.891,3.929,3.881,3.919,19531.245015
2026-03-04 06:00:00,3.919,3.933,3.88,3.923,22151.903567
2026-03-04 07:00:00,3.922,3.958,3.895,3.957,37074.774606
2026-03-04 08:00:00,3.954,4.077,3.933,4.052,154356.919868
2026-03-04 09:00:00,4.054,4.083,4.027,4.051,134625.982387
2026-03-04 10:00:00,4.052,4.067,4.008,4.02,105410.165019
2026-03-04 11:00:00,4.02,4.027,3.968,3.984,56981.1791
2026-03-04 12:00:00,3.983,3.984,3.916,3.951,44164.788873
2026-03-04 13:00:00,3.951,3.993,3.95,3.969,41516.369989
2026-03-04 14:00:00,3.97,4.043,3.948,3.962,143800.964971
2026-03-04 15:00:00,3.964,4.049,3.964,4.042,189071.761904
2026-03-04 16:00:00,4.042,4.05,3.974,3.999,72116.051135
2026-03-04 17:00:00,3.997,4.036,3.985,4.009,110302.994456
2026-03-04 18:00:00,4.009,4.049,3.988,4.049,56392.284064
2026-03-04 19:00:00,4.049,4.089,4.041,4.067,41052.107841
2026-03-04 20:00:00,4.066,4.07,4.013,4.016,11833.166273
2026-03-04 21:00:00,4.018,4.023,3.989,4.004,17340.036035
2026-03-04 22:00:00,4.004,4.025,3.955,3.955,46634.44223
2026-03-04 23:00:00,3.961,3.993,3.94,3.978,59141.568303
2026-03-05 00:00:00,3.977,4.0,3.956,3.981,31205.917682
2026-03-05 01:00:00,3.98,4.023,3.958,3.964,48674.677206
2026-03-05 02:00:00,3.967,4.009,3.963,3.984,24400.875419
2026-03-05 03:00:00,3.983,4.001,3.973,3.988,41992.119265
2026-03-05 04:00:00,3.988,4.017,3.982,4.001,50560.006058
2026-03-05 05:00:00,4.002,4.011,3.975,3.989,49166.050979
2026-03-05 06:00:00,3.99,4.018,3.968,4.014,48211.545652
2026-03-05 07:00:00,4.014,4.014,3.951,3.97,69513.833419
2026-03-05 08:00:00,3.971,4.015,3.966,4.001,40902.742814
2026-03-05 09:00:00,4.001,4.052,3.999,4.009,80105.500284
2026-03-05 10:00:00,4.006,4.09,3.999,4.064,51825.193346
2026-03-05 11:00:00,4.063,4.069,4.018,4.044,32363.372704
2026-03-05 12:00:00,4.043,4.069,4.015,4.054,190812.13683
2026-03-05 13:00:00,4.055,4.055,3.972,4.035,178039.332489
2026-03-05 14:00:00,4.038,4.095,4.033,4.082,221212.327782
2026-03-05 15:00:00,4.084,4.089,3.981,4.007,117529.27902
2026-03-05 16:00:00,4.009,4.016,3.928,4.007,110548.293316
2026-03-05 17:00:00,4.007,4.032,3.948,3.96,61274.237452
2026-03-05 18:00:00,3.959,4.007,3.955,3.995,64623.310712
2026-03-05 19:00:00,3.994,4.02,3.983,3.995,52512.638147
2026-03-05 20:00:00,3.996,4.022,3.983,4.012,21613.239328
2026-03-05 21:00:00,4.012,4.016,3.978,3.984,12189.893131
2026-03-05 22:00:00,3.986,3.994,3.975,3.983,11293.283049
2026-03-05 23:00:00,3.981,3.994,3.967,3.971,107839.480266
2026-03-06 00:00:00,3.973,3.993,3.965,3.978,19878.884559
2026-03-06 01:00:00,3.979,4.014,3.946,4.013,110417.010417
2026-03-06 02:00:00,4.012,4.02,3.99,3.994,24905.323742
2026-03-06 03:00:00,3.998,4.008,3.979,3.986,18809.327412
2026-03-06 04:00:00,3.985,3.993,3.95,3.969,45321.984187
2026-03-06 05:00:00,3.969,3.98,3.945,3.967,38509.870692
2026-03-06 06:00:00,3.967,3.978,3.954,3.972,17928.031344
2026-03-06 07:00:00,3.972,4.016,3.969,4.011,22281.787443
2026-03-06 08:00:00,4.011,4.011,3.977,3.984,26836.560863
2026-03-06 09:00:00,3.985,3.988,3.939,3.962,49025.588614
2026-03-06 10:00:00,3.961,3.986,3.961,3.977,20528.045987
2026-03-06 11:00:00,3.975,3.975,3.927,3.932,12907.518504
2026-03-06 12:00:00,3.929,3.939,3.891,3.92,46826.255185
2026-03-06 13:00:00,3.92,3.956,3.855,3.875,124010.304649
2026-03-06 14:00:00,3.874,3.888,3.808,3.832,163409.630945
2026-03-06 15:00:00,3.831,3.868,3.809,3.833,40384.394031
2026-03-06 16:00:00,3.832,3.852,3.821,3.835,30164.837331
2026-03-06 17:00:00,3.838,3.861,3.811,3.842,22930.450805
2026-03-06 18:00:00,3.842,3.88,3.841,3.859,18191.264343
2026-03-06 19:00:00,3.86,3.873,3.843,3.847,4885.25468
2026-03-06 20:00:00,3.848,3.858,3.827,3.844,5404.196757
2026-03-06 21:00:00,3.844,3.853,3.825,3.853,26781.293177
2026-03-06 22:00:00,3.852,3.86,3.842,3.856,4966.062724
2026-03-06 23:00:00,3.856,3.859,3.846,3.849,4400.817286
2026-03-07 00:00:00,3.851,3.866,3.85,3.862,8696.551043
2026-03-07 01:00:00,3.863,3.865,3.841,3.846,7449.772667
2026-03-07 02:00:00,3.847,3.851,3.833,3.849,31006.651671
2026-03-07 03:00:00,3.848,3.869,3.832,3.832,16868.787821
2026-03-07 04:00:00,3.834,3.84,3.81,3.818,32292.481764
2026-03-07 05:00:00,3.819,3.824,3.812,3.823,6934.456275
2026-03-07 06:00:00,3.822,3.822,3.789,3.794,54873.499218
2026-03-07 07:00:00,3.796,3.828,3.786,3.827,16153.695316
2026-03-07 08:00:00,3.826,3.842,3.818,3.822,31315.370398
2026-03-07 09:00:00,3.821,3.834,3.802,3.827,18396.030846
2026-03-07 10:00:00,3.828,3.831,3.82,3.822,12526.748035
2026-03-07 11:00:00,3.823,3.843,3.813,3.819,5376.299882
2026-03-07 12:00:00,3.819,3.829,3.807,3.813,29220.192906
2026-03-07 13:00:00,3.814,3.838,3.809,3.828,39092.680824
2026-03-07 14:00:00,3.827,3.829,3.791,3.816,43483.50452
2026-03-07 15:00:00,3.812,3.813,3.781,3.796,14621.307162
2026-03-07 16:00:00,3.796,3.804,3.786,3.804,6550.926084
2026-03-07 17:00:00,3.804,3.82,3.798,3.798,8466.713846
2026-03-07 18:00:00,3.801,3.801,3.762,3.786,48832.026415
2026-03-07 19:00:00,3.784,3.786,3.758,3.765,15104.860821
2026-03-07 20:00:00,3.767,3.787,3.767,3.773,24122.503938
2026-03-07 21:00:00,3.774,3.787,3.767,3.775,5485.59087
2026-03-07 22:00:00,3.773,3.775,3.739,3.757,20705.087829
2026-03-07 23:00:00,3.756,3.775,3.756,3.772,7229.320997
2026-03-08 00:00:00,3.772,3.774,3.754,3.758,6773.581724
2026-03-08 01:00:00,3.758,3.765,3.743,3.75,40258.750092
2026-03-08 02:00:00,3.75,3.759,3.708,3.712,24636.47219
2026-03-08 03:00:00,3.714,3.726,3.709,3.722,10826.600844
2026-03-08 04:00:00,3.721,3.734,3.687,3.701,25180.448952
2026-03-08 05:00:00,3.701,3.737,3.701,3.724,5810.621629
2026-03-08 06:00:00,3.723,3.725,3.706,3.724,5226.826224
2026-03-08 07:00:00,3.722,3.743,3.72,3.726,12555.564043
2026-03-08 08:00:00,3.726,3.738,3.712,3.736,24443.134858
2026-03-08 09:00:00,3.735,3.762,3.731,3.752,22272.273017
2026-03-08 10:00:00,3.753,3.798,3.753,3.777,53573.785326
2026-03-08 11:00:00,3.776,3.776,3.731,3.741,19778.256634
2026-03-08 12:00:00,3.741,3.761,3.7,3.743,52437.789353
2026-03-08 13:00:00,3.743,3.745,3.684,3.696,58957.938596
2026-03-08 14:00:00,3.696,3.713,3.674,3.69,54373.838622
2026-03-08 15:00:00,3.69,3.695,3.679,3.695,7594.398526
2026-03-08 16:00:00,3.696,3.696,3.67,3.672,11618.601442
2026-03-08 17:00:00,3.677,3.699,3.665,3.672,11089.517092
2026-03-08 18:00:00,3.673,3.674,3.658,3.671,4170.44588
2026-03-08 19:00:00,3.671,3.731,3.668,3.714,55401.563455
2026-03-08 20:00:00,3.714,3.731,3.69,3.698,44083.333503
2026-03-08 21:00:00,3.7,3.704,3.681,3.695,18130.066802
2026-03-08 22:00:00,3.694,3.694,3.61,3.68,105114.870815
2026-03-08 23:00:00,3.683,3.693,3.65,3.661,17419.186673
2026-03-09 00:00:00,3.66,3.725,3.66,3.699,20846.565727
2026-03-09 01:00:00,3.699,3.723,3.676,3.679,40987.870296
2026-03-09 02:00:00,3.678,3.727,3.67,3.711,20173.680952
2026-03-09 03:00:00,3.71,3.793,3.709,3.738,201257.443301
2026-03-09 04:00:00,3.74,3.774,3.739,3.74,26896.690345
2026-03-09 05:00:00,3.742,3.827,3.737,3.818,75740.0282
2026-03-09 06:00:00,3.82,3.835,3.807,3.816,30818.099673
2026-03-09 07:00:00,3.814,3.829,3.752,3.78,89731.418111
2026-03-09 08:00:00,3.781,3.818,3.775,3.811,47883.686801
2026-03-09 09:00:00,3.81,3.871,3.794,3.836,70059.950161
2026-03-09 10:00:00,3.837,3.845,3.809,3.819,46231.776366
2026-03-09 11:00:00,3.817,3.823,3.783,3.807,58371.501878
2026-03-09 12:00:00,3.807,3.859,3.806,3.844,51985.787564
2026-03-09 13:00:00,3.843,3.92,3.841,3.914,77316.589809
2026-03-09 14:00:00,3.912,3.956,3.887,3.941,136583.511263
2026-03-09 15:00:00,3.941,3.97,3.925,3.936,95870.1079
2026-03-09 16:00:00,3.936,3.946,3.905,3.922,78889.407094
2026-03-09 17:00:00,3.921,3.949,3.893,3.898,24726.490139
2026-03-09 18:00:00,3.896,3.913,3.875,3.892,16978.838026
2026-03-09 19:00:00,3.894,3.993,3.886,3.926,33614.95599
2026-03-09 20:00:00,3.927,3.933,3.894,3.917,16829.691845
2026-03-09 21:00:00,3.915,3.936,3.9,3.913,5935.337788
2026-03-09 22:00:00,3.911,3.912,3.864,3.874,39671.175226
2026-03-09 23:00:00,3.875,3.878,3.852,3.861,31128.016942
2026-03-10 00:00:00,3.86,3.925,3.858,3.9,24970.556155
2026-03-10 01:00:00,3.9,3.92,3.879,3.905,19366.667565
2026-03-10 02:00:00,3.904,3.987,3.896,3.963,53479.663852
2026-03-10 03:00:00,3.963,3.965,3.884,3.9,27742.328591
2026-03-10 04:00:00,3.901,3.949,3.898,3.932,17808.979754
2026-03-10 05:00:00,3.933,3.945,3.916,3.922,26855.747846
2026-03-10 06:00:00,3.923,3.925,3.903,3.922,10285.099785
2026-03-10 07:00:00,3.921,3.955,3.916,3.953,23682.521091
2026-03-10 08:00:00,3.955,3.983,3.946,3.946,89360.656045
2026-03-10 09:00:00,3.948,3.998,3.948,3.97,52590.101715
2026-03-10 10:00:00,3.97,3.971,3.935,3.944,35207.154997
2026-03-10 11:00:00,3.945,3.948,3.931,3.939,16472.89818
2026-03-10 12:00:00,3.939,3.939,3.912,3.921,21238.19296
2026-03-10 13:00:00,3.922,3.933,3.855,3.872,77373.286768
2026-03-10 14:00:00,3.872,3.972,3.845,3.971,96743.066539
2026-03-10 15:00:00,3.971,3.98,3.908,3.941,89662.506369
2026-03-10 16:00:00,3.941,3.945,3.912,3.922,81319.268146
2026-03-10 17:00:00,3.922,3.925,3.874,3.898,63260.962995
2026-03-10 18:00:00,3.897,3.903,3.855,3.87,82864.683929
2026-03-10 19:00:00,3.87,3.876,3.843,3.864,23781.988772
2026-03-10 20:00:00,3.861,3.874,3.854,3.871,16740.264219
2026-03-10 21:00:00,3.87,3.876,3.829,3.849,25693.377525
2026-03-10 22:00:00,3.848,3.853,3.825,3.843,11624.000613
2026-03-10 23:00:00,3.849,3.854,3.839,3.844,18846.569114
2026-03-11 00:00:00,3.843,3.866,3.833,3.858,19935.885487
2026-03-11 01:00:00,3.86,3.874,3.851,3.869,16268.829941
2026-03-11 02:00:00,3.868,3.87,3.827,3.844,16878.349354
2026-03-11 03:00:00,3.844,3.851,3.831,3.834,17619.562766
2026-03-11 04:00:00,3.835,3.865,3.825,3.854,27243.381535
2026-03-11 05:00:00,3.856,3.858,3.805,3.811,8375.555914
2026-03-11 06:00:00,3.812,3.848,3.812,3.843,11037.989066
2026-03-11 07:00:00,3.842,3.849,3.811,3.824,15278.693345
2026-03-11 08:00:00,3.824,3.847,3.823,3.846,28463.824685
2026-03-11 09:00:00,3.847,3.865,3.84,3.848,30254.223452
2026-03-11 10:00:00,3.85,3.879,3.84,3.87,22014.291206
2026-03-11 11:00:00,3.87,3.873,3.847,3.864,15863.425008
2026-03-11 12:00:00,3.863,3.906,3.848,3.879,52265.847669
2026-03-11 13:00:00,3.881,3.97,3.879,3.913,82888.193376
2026-03-11 14:00:00,3.914,3.962,3.911,3.932,52032.294006
2026-03-11 15:00:00,3.932,3.934,3.864,3.899,68387.636339
2026-03-11 16:00:00,3.9,3.917,3.887,3.904,68274.143877
2026-03-11 17:00:00,3.905,3.938,3.882,3.912,58869.286502
2026-03-11 18:00:00,3.914,3.937,3.912,3.93,15412.213507
2026-03-11 19:00:00,3.932,3.943,3.92,3.926,5642.085257
2026-03-11 20:00:00,3.926,3.928,3.906,3.918,5114.60659
2026-03-11 21:00:00,3.917,3.924,3.904,3.922,7711.42982
2026-03-11 22:00:00,3.921,3.936,3.906,3.92,12018.177023
2026-03-11 23:00:00,3.921,3.927,3.884,3.898,14517.491452
2026-03-12 00:00:00,3.899,3.906,3.879,3.894,18219.952328
2026-03-12 01:00:00,3.895,3.895,3.867,3.881,13923.03759
2026-03-12 02:00:00,3.881,3.889,3.854,3.855,24131.475214
2026-03-12 03:00:00,3.856,3.874,3.848,3.854,5007.068086
2026-03-12 04:00:00,3.854,3.874,3.854,3.856,6700.357385
2026-03-12 05:00:00,3.855,3.866,3.843,3.855,5878.298279
2026-03-12 06:00:00,3.854,3.876,3.849,3.875,10025.223351
2026-03-12 07:00:00,3.876,3.895,3.865,3.891,8390.785849
2026-03-12 08:00:00,3.891,3.907,3.88,3.898,10412.501705
2026-03-12 09:00:00,3.898,3.927,3.871,3.913,19969.501806
2026-03-12 10:00:00,3.914,3.95,3.9,3.932,36444.286022
2026-03-12 11:00:00,3.93,3.94,3.905,3.914,23359.826429
2026-03-12 12:00:00,3.914,3.929,3.903,3.921,9548.183953
2026-03-12 13:00:00,3.921,3.931,3.877,3.896,49961.502517
2026-03-12 14:00:00,3.897,3.926,3.843,3.873,76302.268709
2026-03-12 15:00:00,3.872,3.916,3.866,3.897,20163.769643
2026-03-12 16:00:00,3.897,3.93,3.873,3.917,27122.047294
2026-03-12 17:00:00,3.917,3.924,3.892,3.9,7514.992324
2026-03-12 18:00:00,3.9,3.91,3.88,3.892,3763.834941
2026-03-12 19:00:00,3.892,3.918,3.881,3.911,4944.394241
2026-03-12 20:00:00,3.912,3.916,3.889,3.891,4739.877464
2026-03-12 21:00:00,3.891,3.911,3.886,3.906,4595.30724
2026-03-12 22:00:00,3.904,3.914,3.898,3.907,17477.432619
2026-03-12 23:00:00,3.91,3.938,3.909,3.918,7961.10994
2026-03-13 00:00:00,3.917,4.023,3.907,3.971,114656.355113
2026-03-13 01:00:00,3.973,4.011,3.97,4.008,36331.756671
2026-03-13 02:00:00,4.01,4.011,3.971,3.991,32331.205235
2026-03-13 03:00:00,3.992,4.064,3.989,4.042,44656.526303
2026-03-13 04:00:00,4.04,4.051,4.014,4.018,46264.554114
2026-03-13 05:00:00,4.017,4.023,4.0,4.005,25856.002024
2026-03-13 06:00:00,4.006,4.008,3.973,3.986,27427.814301
2026-03-13 07:00:00,3.986,4.001,3.977,3.993,9886.34316
2026-03-13 08:00:00,3.992,4.04,3.982,4.007,54850.254285
2026-03-13 09:00:00,4.008,4.035,4.001,4.028,28971.014453
2026-03-13 10:00:00,4.028,4.132,4.027,4.094,224711.594152
2026-03-13 11:00:00,4.097,4.097,4.07,4.088,39660.203135
2026-03-13 12:00:00,4.088,4.144,4.076,4.134,127642.453341
2026-03-13 13:00:00,4.133,4.209,4.13,4.175,134134.00967
2026-03-13 14:00:00,4.176,4.201,4.082,4.102,184776.794729
2026-03-13 15:00:00,4.102,4.134,4.061,4.068,65685.515577
2026-03-13 16:00:00,4.068,4.113,4.039,4.102,87155.895735
2026-03-13 17:00:00,4.101,4.104,4.02,4.039,56698.002297
2026-03-13 18:00:00,4.038,4.049,4.006,4.028,35655.194392
2026-03-13 19:00:00,4.027,4.04,4.014,4.03,11069.304999
2026-03-13 20:00:00,4.031,4.044,4.021,4.037,34298.47249
2026-03-13 21:00:00,4.041,4.049,4.011,4.023,24808.305199
2026-03-13 22:00:00,4.023,4.023,3.984,4.002,18719.946493
2026-03-13 23:00:00,4.0,4.018,3.993,4.003,27736.322295
2026-03-14 00:00:00,4.003,4.015,3.979,3.979,22589.14399
2026-03-14 01:00:00,3.979,4.005,3.968,3.998,35554.813128
2026-03-14 02:00:00,3.996,4.004,3.988,4.002,13227.710896
2026-03-14 03:00:00,3.998,4.018,3.998,4.008,8038.757339
2026-03-14 04:00:00,4.009,4.021,3.981,3.989,16475.896958
2026-03-14 05:00:00,3.989,3.992,3.96,3.974,37054.759075
2026-03-14 06:00:00,3.973,3.973,3.921,3.941,37156.199892
2026-03-14 07:00:00,3.94,3.948,3.923,3.927,14798.181256
2026-03-14 08:00:00,3.927,3.937,3.919,3.925,17750.008853
2026-03-14 09:00:00,3.926,3.943,3.913,3.927,17582.074758
2026-03-14 10:00:00,3.926,3.929,3.906,3.908,24441.621406
2026-03-14 11:00:00,3.908,3.939,3.908,3.928,12193.284253
2026-03-14 12:00:00,3.927,3.943,3.923,3.938,34308.295039
2026-03-14 13:00:00,3.936,3.954,3.923,3.941,37752.230517
2026-03-14 14:00:00,3.942,3.951,3.923,3.927,59136.170064
2026-03-14 15:00:00,3.927,3.936,3.918,3.936,5856.386707
2026-03-14 16:00:00,3.932,3.939,3.921,3.931,8149.561857
2026-03-14 17:00:00,3.931,3.931,3.918,3.921,11210.389443
2026-03-14 18:00:00,3.92,3.923,3.909,3.922,14262.198192
2026-03-14 19:00:00,3.919,3.919,3.913,3.913,3642.570592
2026-03-14 20:00:00,3.914,3.93,3.913,3.928,21145.332081
2026-03-14 21:00:00,3.924,3.929,3.912,3.924,10630.570736
2026-03-14 22:00:00,3.923,3.927,3.914,3.916,3827.804485
2026-03-14 23:00:00,3.918,3.952,3.918,3.947,37801.587453
2026-03-15 00:00:00,3.948,3.948,3.92,3.925,25540.486684
2026-03-15 01:00:00,3.926,3.941,3.918,3.937,6819.954663
2026-03-15 02:00:00,3.937,3.985,3.937,3.976,24851.998241
2026-03-15 03:00:00,3.974,3.98,3.943,3.953,10584.685314
2026-03-15 04:00:00,3.955,3.971,3.948,3.956,6257.261785
2026-03-15 05:00:00,3.959,3.977,3.944,3.959,35506.386121
2026-03-15 06:00:00,3.959,3.967,3.939,3.947,6328.8456
2026-03-15 07:00:00,3.946,3.959,3.937,3.944,4725.51784
2026-03-15 08:00:00,3.946,3.971,3.942,3.971,13310.131016
2026-03-15 09:00:00,3.971,3.987,3.956,3.964,28482.873272
2026-03-15 10:00:00,3.964,3.993,3.963,3.984,11025.622615
2026-03-15 11:00:00,3.987,3.997,3.981,3.997,7278.658218
2026-03-15 12:00:00,3.995,3.995,3.977,3.986,12459.08422
2026-03-15 13:00:00,3.988,3.992,3.935,3.959,22205.33879
2026-03-15 14:00:00,3.959,3.968,3.942,3.967,9780.421637
2026-03-15 15:00:00,3.968,3.968,3.951,3.955,5280.067088
2026-03-15 16:00:00,3.957,3.971,3.947,3.955,8000.283543
2026-03-15 17:00:00,3.954,4.005,3.954,3.996,9025.104271
2026-03-15 18:00:00,3.997,4.009,3.972,3.977,14930.637999
2026-03-15 19:00:00,3.976,4.005,3.976,4.003,8032.729659
2026-03-15 20:00:00,4.005,4.032,3.992,4.017,16094.941793
2026-03-15 21:00:00,4.02,4.055,4.004,4.042,6681.735491
2026-03-15 22:00:00,4.044,4.112,4.012,4.095,51361.004473
2026-03-15 23:00:00,4.097,4.114,4.036,4.069,35624.266653
2026-03-16 00:00:00,4.07,4.095,4.052,4.072,26118.512788
2026-03-16 01:00:00,4.074,4.1,4.047,4.097,21769.025711
2026-03-16 02:00:00,4.098,4.105,4.06,4.074,10209.101784
2026-03-16 03:00:00,4.071,4.177,4.065,4.1,142247.615691
2026-03-16 04:00:00,4.1,4.127,3.973,4.017,439678.393745
2026-03-16 05:00:00,4.017,4.074,4.01,4.069,85842.172853
2026-03-16 06:00:00,4.07,4.074,4.03,4.067,67734.655295
2026-03-16 07:00:00,4.068,4.1,4.067,4.081,80163.538905
2026-03-16 08:00:00,4.08,4.108,4.019,4.052,146520.605266
2026-03-16 09:00:00,4.055,4.098,4.052,4.084,33053.335222
2026-03-16 10:00:00,4.085,4.094,4.043,4.07,25378.808652
2026-03-16 11:00:00,4.07,4.079,4.051,4.055,26295.506459
2026-03-16 12:00:00,4.057,4.086,4.049,4.071,43131.636951
2026-03-16 13:00:00,4.071,4.145,4.069,4.122,131231.340245
2026-03-16 14:00:00,4.123,4.144,4.051,4.119,110563.533974
2026-03-16 15:00:00,4.12,4.129,4.076,4.081,42696.307028
2026-03-16 16:00:00,4.081,4.145,4.08,4.14,38206.483145
2026-03-16 17:00:00,4.139,4.168,4.133,4.14,36707.219604
2026-03-16 18:00:00,4.141,4.189,4.133,4.146,41805.820912
2026-03-16 19:00:00,4.147,4.176,4.133,4.154,27793.607356
2026-03-16 20:00:00,4.154,4.167,4.141,4.165,8209.08575
2026-03-16 21:00:00,4.163,4.184,4.138,4.162,73258.045769
2026-03-16 22:00:00,4.16,4.195,4.154,4.158,71835.135686
2026-03-16 23:00:00,4.156,4.175,4.12,4.157,87478.396593
2026-03-17 00:00:00,4.157,4.174,4.125,4.144,42137.053274
2026-03-17 01:00:00,4.145,4.172,4.123,4.151,52221.303046
2026-03-17 02:00:00,4.151,4.161,4.121,4.132,53524.59982
2026-03-17 03:00:00,4.132,4.137,4.057,4.076,110669.408083
2026-03-17 04:00:00,4.077,4.086,4.017,4.041,75952.231873
2026-03-17 05:00:00,4.04,4.044,4.0,4.029,35721.305599
2026-03-17 06:00:00,4.03,4.041,4.01,4.022,21527.573347
2026-03-17 07:00:00,4.023,4.049,4.021,4.028,37072.208348
2026-03-17 08:00:00,4.028,4.043,4.002,4.008,49311.514735
2026-03-17 09:00:00,4.008,4.021,3.992,4.005,56354.932161
2026-03-17 10:00:00,4.006,4.012,3.984,4.012,33418.291506
2026-03-17 11:00:00,4.013,4.037,4.008,4.011,34607.111257
2026-03-17 12:00:00,4.01,4.016,3.953,3.961,72354.984466
2026-03-17 13:00:00,3.961,3.994,3.94,3.966,78330.880373
2026-03-17 14:00:00,3.964,3.989,3.956,3.978,28837.99015
2026-03-17 15:00:00,3.978,4.003,3.949,3.971,18752.660285
2026-03-17 16:00:00,3.971,4.014,3.971,3.997,19323.93768
2026-03-17 17:00:00,3.999,4.014,3.989,4.003,49855.604242
2026-03-17 18:00:00,4.002,4.012,3.992,4.008,61031.136708
2026-03-17 19:00:00,4.007,4.011,3.977,3.977,64775.128509
2026-03-17 20:00:00,3.977,4.003,3.968,3.998,31681.284255
2026-03-17 21:00:00,3.998,4.021,3.993,4.004,41655.915641
2026-03-17 22:00:00,4.005,4.008,3.95,3.975,63448.216822
2026-03-17 23:00:00,3.975,3.976,3.952,3.956,31945.885827
2026-03-18 00:00:00,3.956,3.967,3.936,3.965,74875.027067
2026-03-18 01:00:00,3.966,3.986,3.957,3.972,24475.08916
2026-03-18 02:00:00,3.972,4.003,3.971,3.99,18353.193677
2026-03-18 03:00:00,3.991,4.016,3.985,3.992,28357.346734
2026-03-18 04:00:00,3.993,3.997,3.957,3.967,26625.969704
2026-03-18 05:00:00,3.967,3.997,3.951,3.962,25328.591384
2026-03-18 06:00:00,3.962,3.985,3.957,3.958,23204.272422
2026-03-18 07:00:00,3.957,3.957,3.928,3.944,32147.326684
2026-03-18 08:00:00,3.943,3.96,3.943,3.945,16124.959117
2026-03-18 09:00:00,3.946,3.961,3.938,3.94,9965.407695
2026-03-18 10:00:00,3.943,3.943,3.882,3.916,99833.121988
2026-03-18 11:00:00,3.915,3.927,3.844,3.862,116306.531233
2026-03-18 12:00:00,3.86,3.86,3.776,3.79,104636.272974
2026-03-18 13:00:00,3.79,3.8,3.756,3.768,43987.561368
2026-03-18 14:00:00,3.769,3.772,3.675,3.682,152335.403954
2026-03-18 15:00:00,3.681,3.693,3.64,3.673,172906.719166
2026-03-18 16:00:00,3.673,3.675,3.629,3.649,132802.82527
2026-03-18 17:00:00,3.65,3.679,3.645,3.668,106551.229324
2026-03-18 18:00:00,3.669,3.697,3.609,3.627,110332.354653
2026-03-18 19:00:00,3.627,3.659,3.626,3.649,32202.784452
2026-03-18 20:00:00,3.649,3.678,3.618,3.669,33785.105248
2026-03-18 21:00:00,3.669,3.694,3.66,3.688,33585.599286
2026-03-18 22:00:00,3.69,3.69,3.666,3.677,21179.552213
2026-03-18 23:00:00,3.675,3.686,3.666,3.682,23561.444721
2026-03-19 00:00:00,3.68,3.681,3.662,3.667,66830.041745
2026-03-19 01:00:00,3.667,3.676,3.66,3.667,14497.611141
2026-03-19 02:00:00,3.668,3.686,3.656,3.666,18163.925465
2026-03-19 03:00:00,3.666,3.721,3.666,3.684,92757.888871
2026-03-19 04:00:00,3.685,3.685,3.665,3.665,12016.768454
2026-03-19 05:00:00,3.665,3.677,3.656,3.661,14749.629961
2026-03-19 06:00:00,3.662,3.673,3.617,3.651,98312.86908
2026-03-19 07:00:00,3.65,3.652,3.584,3.597,124580.293062
2026-03-19 08:00:00,3.597,3.609,3.577,3.594,31863.466176
2026-03-19 09:00:00,3.594,3.624,3.589,3.62,30811.222596
2026-03-19 10:00:00,3.619,3.633,3.606,3.606,72147.812852
2026-03-19 11:00:00,3.606,3.619,3.602,3.602,6997.623634
2026-03-19 12:00:00,3.601,3.602,3.551,3.553,68784.962732
2026-03-19 13:00:00,3.553,3.585,3.529,3.573,69034.343139
2026-03-19 14:00:00,3.574,3.585,3.529,3.543,44155.7123
2026-03-19 15:00:00,3.538,3.561,3.502,3.53,56031.445987
2026-03-19 16:00:00,3.53,3.544,3.518,3.526,14529.130996
2026-03-19 17:00:00,3.528,3.569,3.522,3.56,13871.839137
2026-03-19 18:00:00,3.56,3.56,3.535,3.548,6469.078073
2026-03-19 19:00:00,3.547,3.59,3.547,3.562,57322.709709
2026-03-19 20:00:00,3.561,3.58,3.553,3.567,7053.524465
2026-03-19 21:00:00,3.567,3.584,3.567,3.58,35196.385799
2026-03-19 22:00:00,3.578,3.582,3.56,3.576,5728.60881
2026-03-19 23:00:00,3.577,3.586,3.566,3.578,19602.354466
2026-03-20 00:00:00,3.58,3.592,3.578,3.586,12357.853848
2026-03-20 01:00:00,3.585,3.613,3.585,3.603,31799.290415
2026-03-20 02:00:00,3.602,3.607,3.58,3.603,35561.876917
2026-03-20 03:00:00,3.605,3.625,3.6,3.609,11917.68769
2026-03-20 04:00:00,3.608,3.619,3.597,3.618,11721.993692
2026-03-20 05:00:00,3.618,3.637,3.608,3.623,12124.608626
2026-03-20 06:00:00,3.622,3.628,3.606,3.609,8776.951427
2026-03-20 07:00:00,3.607,3.622,3.582,3.619,32733.957813
2026-03-20 08:00:00,3.622,3.647,3.611,3.614,19878.051034
2026-03-20 09:00:00,3.613,3.626,3.596,3.615,8978.2023
2026-03-20 10:00:00,3.618,3.622,3.601,3.609,9246.319024
2026-03-20 11:00:00,3.608,3.624,3.585,3.596,20445.733918
2026-03-20 12:00:00,3.597,3.61,3.581,3.586,8745.713278
2026-03-20 13:00:00,3.588,3.599,3.565,3.57,33696.37691
2026-03-20 14:00:00,3.571,3.596,3.561,3.565,44274.895994
2026-03-20 15:00:00,3.566,3.575,3.551,3.563,22929.714776
2026-03-20 16:00:00,3.564,3.568,3.543,3.559,15001.434057
2026-03-20 17:00:00,3.56,3.585,3.552,3.584,21382.320163
2026-03-20 18:00:00,3.586,3.588,3.55,3.564,20604.595974
2026-03-20 19:00:00,3.565,3.589,3.557,3.583,21165.831095
2026-03-20 20:00:00,3.585,3.589,3.561,3.574,15450.834312
2026-03-20 21:00:00,3.576,3.606,3.567,3.593,16951.772471
2026-03-20 22:00:00,3.594,3.623,3.594,3.615,29021.402483
2026-03-20 23:00:00,3.614,3.617,3.596,3.606,8293.890624
2026-03-21 00:00:00,3.607,3.626,3.606,3.62,4456.898255
2026-03-21 01:00:00,3.621,3.628,3.602,3.602,5389.766789
2026-03-21 02:00:00,3.601,3.617,3.6,3.613,6098.868909
2026-03-21 03:00:00,3.615,3.615,3.6,3.603,5764.776329
2026-03-21 04:00:00,3.603,3.609,3.59,3.592,3295.145662
2026-03-21 05:00:00,3.592,3.603,3.591,3.597,9261.967254
2026-03-21 06:00:00,3.597,3.606,3.594,3.601,2816.972697
2026-03-21 07:00:00,3.602,3.606,3.594,3.595,10125.658778
2026-03-21 08:00:00,3.595,3.615,3.585,3.614,49422.677785
2026-03-21 09:00:00,3.614,3.62,3.599,3.604,14152.258032
2026-03-21 10:00:00,3.604,3.606,3.587,3.589,4415.071524
2026-03-21 11:00:00,3.59,3.598,3.589,3.593,1158.039942
2026-03-21 12:00:00,3.593,3.597,3.585,3.586,7607.945657
2026-03-21 13:00:00,3.587,3.588,3.576,3.58,3963.957459
2026-03-21 14:00:00,3.581,3.6,3.57,3.572,8287.978694
2026-03-21 15:00:00,3.572,3.599,3.571,3.597,8488.098346
2026-03-21 16:00:00,3.598,3.598,3.575,3.578,13882.882938
2026-03-21 17:00:00,3.578,3.585,3.573,3.582,2199.102967
2026-03-21 18:00:00,3.581,3.59,3.579,3.58,1059.478055
2026-03-21 19:00:00,3.581,3.581,3.574,3.579,4741.617194
2026-03-21 20:00:00,3.579,3.587,3.575,3.581,13256.684164
2026-03-21 21:00:00,3.581,3.584,3.573,3.577,16947.275493
2026-03-21 22:00:00,3.579,3.579,3.565,3.572,9715.719954
2026-03-21 23:00:00,3.572,3.572,3.459,3.486,100027.990862
2026-03-22 00:00:00,3.486,3.515,3.427,3.5,56787.559433
2026-03-22 01:00:00,3.499,3.511,3.477,3.495,14674.038277
2026-03-22 02:00:00,3.496,3.525,3.489,3.509,23033.416256
2026-03-22 03:00:00,3.508,3.539,3.498,3.509,9176.56357
2026-03-22 04:00:00,3.508,3.527,3.504,3.514,6026.205695
2026-03-22 05:00:00,3.515,3.517,3.484,3.501,63144.585791
2026-03-22 06:00:00,3.5,3.5,3.485,3.498,12368.99977
2026-03-22 07:00:00,3.497,3.506,3.481,3.482,7942.885071
2026-03-22 08:00:00,3.482,3.486,3.462,3.485,15321.279819
2026-03-22 09:00:00,3.484,3.494,3.474,3.481,7209.801654
2026-03-22 10:00:00,3.478,3.48,3.46,3.462,20365.646902
2026-03-22 11:00:00,3.461,3.478,3.459,3.462,7791.925888
2026-03-22 12:00:00,3.463,3.486,3.463,3.477,9952.881235
2026-03-22 13:00:00,3.478,3.491,3.473,3.48,10015.762529
2026-03-22 14:00:00,3.481,3.488,3.467,3.476,15965.127052
2026-03-22 15:00:00,3.477,3.49,3.474,3.481,1885.366208
2026-03-22 16:00:00,3.484,3.49,3.479,3.488,3999.174013
2026-03-22 17:00:00,3.486,3.502,3.48,3.488,37295.161326
2026-03-22 18:00:00,3.485,3.491,3.459,3.472,7175.444792
2026-03-22 19:00:00,3.474,3.475,3.424,3.455,58576.989729
2026-03-22 20:00:00,3.457,3.47,3.45,3.458,5926.512912
2026-03-22 21:00:00,3.459,3.461,3.41,3.451,33521.976034
2026-03-22 22:00:00,3.451,3.476,3.43,3.47,20521.948726
2026-03-22 23:00:00,3.471,3.488,3.468,3.472,25153.952621
2026-03-23 00:00:00,3.472,3.488,3.455,3.474,20258.257042
2026-03-23 01:00:00,3.473,3.496,3.467,3.48,9305.333347
2026-03-23 02:00:00,3.481,3.513,3.48,3.512,9197.267251
2026-03-23 03:00:00,3.512,3.556,3.486,3.496,156383.205383
2026-03-23 04:00:00,3.497,3.527,3.497,3.526,39729.264828
2026-03-23 05:00:00,3.526,3.546,3.52,3.542,20455.594895
2026-03-23 06:00:00,3.542,3.542,3.471,3.479,59648.473541
2026-03-23 07:00:00,3.479,3.489,3.453,3.482,29223.339907
2026-03-23 08:00:00,3.484,3.495,3.464,3.467,12448.477902
2026-03-23 09:00:00,3.469,3.475,3.437,3.473,26533.588679
2026-03-23 10:00:00,3.476,3.493,3.465,3.483,8910.624871
2026-03-23 11:00:00,3.485,3.684,3.485,3.574,414043.587682
2026-03-23 12:00:00,3.575,3.603,3.552,3.589,53154.134758
2026-03-23 13:00:00,3.591,3.609,3.562,3.603,53783.741793
2026-03-23 14:00:00,3.604,3.626,3.564,3.593,45322.4282
2026-03-23 15:00:00,3.591,3.614,3.524,3.528,74846.665237
2026-03-23 16:00:00,3.529,3.555,3.514,3.553,17563.120387
2026-03-23 17:00:00,3.554,3.587,3.538,3.572,11628.630515
2026-03-23 18:00:00,3.573,3.588,3.555,3.585,22756.026135
2026-03-23 19:00:00,3.585,3.615,3.575,3.575,85267.453727
2026-03-23 20:00:00,3.574,3.601,3.565,3.595,19263.557547
2026-03-23 21:00:00,3.595,3.602,3.588,3.592,15472.393458
2026-03-23 22:00:00,3.593,3.596,3.567,3.581,5731.872091
2026-03-23 23:00:00,3.579,3.592,3.567,3.587,13415.610765
2026-03-24 00:00:00,3.589,3.596,3.546,3.569,30347.252135
2026-03-24 01:00:00,3.567,3.578,3.55,3.565,11036.019347
2026-03-24 02:00:00,3.562,3.588,3.562,3.569,33899.918002
2026-03-24 03:00:00,3.57,3.593,3.568,3.586,11894.562168
2026-03-24 04:00:00,3.587,3.596,3.553,3.563,13289.92702
2026-03-24 05:00:00,3.563,3.568,3.55,3.557,13140.554286
2026-03-24 06:00:00,3.558,3.577,3.558,3.577,6154.042758
2026-03-24 07:00:00,3.574,3.607,3.573,3.598,36453.896197
2026-03-24 08:00:00,3.598,3.603,3.58,3.581,14964.526405
2026-03-24 09:00:00,3.581,3.586,3.563,3.585,17874.014136
2026-03-24 10:00:00,3.586,3.596,3.574,3.592,19444.054786
2026-03-24 11:00:00,3.591,3.605,3.576,3.592,36235.273683
2026-03-24 12:00:00,3.594,3.598,3.582,3.594,7947.651646
2026-03-24 13:00:00,3.594,3.598,3.558,3.569,31559.219109
2026-03-24 14:00:00,3.568,3.583,3.54,3.572,29598.699416
2026-03-24 15:00:00,3.575,3.586,3.561,3.572,15821.481597
2026-03-24 16:00:00,3.571,3.586,3.554,3.555,26165.076686
2026-03-24 17:00:00,3.554,3.556,3.53,3.542,24846.324417
2026-03-24 18:00:00,3.541,3.564,3.537,3.545,12742.911901
2026-03-24 19:00:00,3.545,3.556,3.54,3.544,4369.701107
2026-03-24 20:00:00,3.545,3.614,3.545,3.596,42675.058274
2026-03-24 21:00:00,3.596,3.602,3.579,3.6,17738.93618
2026-03-24 22:00:00,3.599,3.608,3.585,3.598,6873.768726
2026-03-24 23:00:00,3.598,3.624,3.594,3.609,18423.470865
2026-03-25 00:00:00,3.611,3.622,3.585,3.607,13663.779969
2026-03-25 01:00:00,3.607,3.614,3.599,3.602,30449.486867
2026-03-25 02:00:00,3.601,3.614,3.597,3.604,6281.368447
2026-03-25 03:00:00,3.605,3.611,3.593,3.602,5720.233212
2026-03-25 04:00:00,3.601,3.628,3.596,3.626,24681.308768
2026-03-25 05:00:00,3.626,3.648,3.616,3.632,35354.866662
2026-03-25 06:00:00,3.636,3.654,3.623,3.643,36896.865171
2026-03-25 07:00:00,3.643,3.666,3.636,3.644,15265.31879
2026-03-25 08:00:00,3.645,3.712,3.645,3.691,63962.109272
2026-03-25 09:00:00,3.693,3.695,3.674,3.69,12768.205267
2026-03-25 10:00:00,3.692,3.733,3.686,3.713,41037.892965
2026-03-25 11:00:00,3.712,3.715,3.689,3.697,20364.663998
2026-03-25 12:00:00,3.706,3.744,3.681,3.738,105512.474435
2026-03-25 13:00:00,3.738,3.762,3.727,3.738,128913.115764
2026-03-25 14:00:00,3.739,3.754,3.718,3.738,77673.209026
2026-03-25 15:00:00,3.738,3.748,3.674,3.7,71141.274399
2026-03-25 16:00:00,3.701,3.733,3.679,3.704,54471.341945
2026-03-25 17:00:00,3.705,3.746,3.694,3.705,171361.016165
2026-03-25 18:00:00,3.707,3.715,3.691,3.697,64668.994158
2026-03-25 19:00:00,3.698,3.712,3.692,3.707,9305.395148
2026-03-25 20:00:00,3.708,3.708,3.684,3.692,18216.317959
2026-03-25 21:00:00,3.693,3.7,3.679,3.697,49890.61491
2026-03-25 22:00:00,3.696,3.731,3.693,3.723,12559.536583
2026-03-25 23:00:00,3.724,3.725,3.695,3.708,8607.737086
2026-03-26 00:00:00,3.709,3.711,3.686,3.695,17424.401494
2026-03-26 01:00:00,3.697,3.718,3.695,3.701,32450.214563
2026-03-26 02:00:00,3.701,3.702,3.663,3.684,52868.185096
2026-03-26 03:00:00,3.683,3.683,3.654,3.67,48787.097105
2026-03-26 04:00:00,3.671,3.671,3.656,3.662,12916.470014
2026-03-26 05:00:00,3.662,3.664,3.609,3.615,37899.169657
2026-03-26 06:00:00,3.615,3.626,3.591,3.61,32948.235777
2026-03-26 07:00:00,3.61,3.617,3.598,3.609,7148.474965
2026-03-26 08:00:00,3.61,3.613,3.585,3.596,15899.912651
2026-03-26 09:00:00,3.594,3.609,3.542,3.558,24664.571186
2026-03-26 10:00:00,3.556,3.574,3.548,3.553,49200.177241
2026-03-26 11:00:00,3.554,3.555,3.526,3.527,32744.101424
2026-03-26 12:00:00,3.526,3.542,3.517,3.533,14018.410623
2026-03-26 13:00:00,3.533,3.568,3.529,3.552,25260.911418
2026-03-26 14:00:00,3.553,3.564,3.525,3.536,65777.010859
2026-03-26 15:00:00,3.534,3.534,3.499,3.516,36328.2794
2026-03-26 16:00:00,3.517,3.528,3.512,3.521,17464.46465
2026-03-26 17:00:00,3.519,3.528,3.49,3.502,9714.526863
2026-03-26 18:00:00,3.5,3.507,3.483,3.507,19147.013121
2026-03-26 19:00:00,3.508,3.508,3.489,3.494,2316.351415
2026-03-26 20:00:00,3.496,3.562,3.491,3.526,33923.071042
2026-03-26 21:00:00,3.525,3.552,3.523,3.532,10387.637876
2026-03-26 22:00:00,3.534,3.534,3.509,3.528,19018.15603
2026-03-26 23:00:00,3.529,3.533,3.517,3.528,15766.066849
2026-03-27 00:00:00,3.528,3.537,3.521,3.537,12931.056859
2026-03-27 01:00:00,3.536,3.549,3.524,3.549,16763.943417
2026-03-27 02:00:00,3.55,3.555,3.544,3.546,13749.691397
2026-03-27 03:00:00,3.546,3.549,3.531,3.536,34003.575937
2026-03-27 04:00:00,3.536,3.536,3.506,3.518,9143.965986
2026-03-27 05:00:00,3.518,3.537,3.513,3.518,6299.744641
2026-03-27 06:00:00,3.519,3.522,3.511,3.511,5955.356252
2026-03-27 07:00:00,3.51,3.526,3.503,3.515,25911.895242
2026-03-27 08:00:00,3.515,3.52,3.462,3.487,69701.007461
2026-03-27 09:00:00,3.487,3.492,3.458,3.477,16780.577956
2026-03-27 10:00:00,3.477,3.477,3.375,3.38,137112.863588
2026-03-27 11:00:00,3.381,3.411,3.365,3.406,36719.962955
2026-03-27 12:00:00,3.406,3.406,3.377,3.4,41196.678927
2026-03-27 13:00:00,3.402,3.418,3.379,3.399,30434.747929
2026-03-27 14:00:00,3.397,3.414,3.369,3.397,46495.080397
2026-03-27 15:00:00,3.398,3.448,3.397,3.408,38183.044761
2026-03-27 16:00:00,3.409,3.424,3.398,3.412,14496.218614
2026-03-27 17:00:00,3.412,3.428,3.397,3.399,8473.388521
2026-03-27 18:00:00,3.398,3.401,3.375,3.383,18185.891254
2026-03-27 19:00:00,3.382,3.399,3.371,3.397,6435.780807
2026-03-27 20:00:00,3.396,3.399,3.373,3.383,16091.23076
2026-03-27 21:00:00,3.384,3.396,3.38,3.381,11157.78266
2026-03-27 22:00:00,3.382,3.383,3.372,3.375,4270.808068
2026-03-27 23:00:00,3.375,3.392,3.371,3.388,16111.927156
2026-03-28 00:00:00,3.388,3.394,3.383,3.387,9521.033443
2026-03-28 01:00:00,3.388,3.389,3.354,3.374,21384.669032
2026-03-28 02:00:00,3.375,3.387,3.359,3.364,31810.236482
2026-03-28 03:00:00,3.364,3.375,3.362,3.365,12343.898952
2026-03-28 04:00:00,3.366,3.373,3.36,3.366,7983.147075
2026-03-28 05:00:00,3.367,3.385,3.366,3.382,5723.154768
2026-03-28 06:00:00,3.382,3.399,3.38,3.392,7721.342904
2026-03-28 07:00:00,3.391,3.407,3.39,3.398,19007.615433
2026-03-28 08:00:00,3.399,3.405,3.382,3.383,8582.925065
2026-03-28 09:00:00,3.383,3.384,3.377,3.378,1630.848003
2026-03-28 10:00:00,3.38,3.395,3.37,3.381,6216.391858
2026-03-28 11:00:00,3.381,3.39,3.377,3.388,1014.99898
2026-03-28 12:00:00,3.388,3.397,3.37,3.374,5570.960228
2026-03-28 13:00:00,3.373,3.43,3.369,3.411,28030.536124
2026-03-28 14:00:00,3.411,3.415,3.393,3.4,21439.781688
2026-03-28 15:00:00,3.401,3.432,3.396,3.416,26665.2364
2026-03-28 16:00:00,3.417,3.432,3.417,3.425,9591.066953
2026-03-28 17:00:00,3.424,3.429,3.412,3.427,7305.694167
2026-03-28 18:00:00,3.427,3.44,3.427,3.434,2817.376434
2026-03-28 19:00:00,3.434,3.441,3.429,3.437,5579.270544
2026-03-28 20:00:00,3.44,3.452,3.433,3.434,7910.891554
2026-03-28 21:00:00,3.434,3.434,3.411,3.415,6223.254552
2026-03-28 22:00:00,3.414,3.425,3.408,3.425,3275.488184
2026-03-28 23:00:00,3.424,3.424,3.368,3.384,61038.953836
2026-03-29 00:00:00,3.383,3.392,3.367,3.374,12087.846709
2026-03-29 01:00:00,3.377,3.392,3.377,3.388,9790.497939
2026-03-29 02:00:00,3.386,3.398,3.384,3.395,4860.443938
2026-03-29 03:00:00,3.396,3.417,3.394,3.409,20878.061132
2026-03-29 04:00:00,3.409,3.41,3.395,3.398,3436.360934
2026-03-29 05:00:00,3.397,3.399,3.383,3.395,7107.98103
2026-03-29 06:00:00,3.393,3.403,3.39,3.401,4028.20434
2026-03-29 07:00:00,3.401,3.403,3.39,3.396,2466.066713
2026-03-29 08:00:00,3.396,3.4,3.388,3.394,3358.994167
2026-03-29 09:00:00,3.393,3.399,3.378,3.381,12305.951738
2026-03-29 10:00:00,3.38,3.38,3.357,3.368,8815.750288
2026-03-29 11:00:00,3.367,3.389,3.366,3.383,5956.603521
2026-03-29 12:00:00,3.381,3.382,3.364,3.375,4138.839628
2026-03-29 13:00:00,3.376,3.376,3.34,3.353,19893.463507
2026-03-29 14:00:00,3.353,3.38,3.35,3.361,8153.911834
2026-03-29 15:00:00,3.364,3.372,3.35,3.359,14066.620108
2026-03-29 16:00:00,3.36,3.373,3.357,3.361,3116.779492
2026-03-29 17:00:00,3.364,3.369,3.344,3.359,11847.124313
2026-03-29 18:00:00,3.356,3.371,3.347,3.359,11251.598493
2026-03-29 19:00:00,3.358,3.366,3.353,3.356,3280.712122
2026-03-29 20:00:00,3.355,3.414,3.354,3.406,20751.986676
2026-03-29 21:00:00,3.407,3.428,3.364,3.397,56512.33529
2026-03-29 22:00:00,3.393,3.393,3.251,3.34,120418.359979
2026-03-29 23:00:00,3.341,3.371,3.338,3.355,17216.71299
2026-03-30 00:00:00,3.356,3.425,3.354,3.381,44499.434184
2026-03-30 01:00:00,3.381,3.407,3.38,3.399,21044.111885
2026-03-30 02:00:00,3.4,3.453,3.397,3.427,16531.256365
2026-03-30 03:00:00,3.426,3.46,3.421,3.452,22186.317939
2026-03-30 04:00:00,3.452,3.488,3.452,3.48,41716.02182
2026-03-30 05:00:00,3.481,3.5,3.471,3.476,24565.769835
2026-03-30 06:00:00,3.478,3.485,3.462,3.466,14975.920559
2026-03-30 07:00:00,3.465,3.542,3.463,3.536,64153.467966
2026-03-30 08:00:00,3.535,3.58,3.53,3.553,73982.912047
2026-03-30 09:00:00,3.552,3.553,3.512,3.513,31542.035131
2026-03-30 10:00:00,3.512,3.521,3.501,3.512,12329.435783
2026-03-30 11:00:00,3.513,3.548,3.509,3.528,39435.442294
2026-03-30 12:00:00,3.529,3.539,3.518,3.531,12825.922427
2026-03-30 13:00:00,3.532,3.57,3.529,3.539,51359.694209
2026-03-30 14:00:00,3.539,3.542,3.497,3.537,30236.024127
2026-03-30 15:00:00,3.537,3.548,3.519,3.525,9780.232088
2026-03-30 16:00:00,3.526,3.541,3.504,3.517,35616.550014
2026-03-30 17:00:00,3.52,3.522,3.475,3.49,24024.225019
2026-03-30 18:00:00,3.494,3.494,3.469,3.476,20375.661177
2026-03-30 19:00:00,3.477,3.477,3.451,3.475,4539.691249
2026-03-30 20:00:00,3.475,3.481,3.464,3.473,5932.212872
2026-03-30 21:00:00,3.471,3.513,3.47,3.492,16200.890179
2026-03-30 22:00:00,3.491,3.499,3.481,3.493,11208.339732
2026-03-30 23:00:00,3.492,3.492,3.461,3.48,16358.814787
2026-03-31 00:00:00,3.48,3.507,3.464,3.492,16205.42524
2026-03-31 01:00:00,3.495,3.571,3.49,3.555,47618.97335
2026-03-31 02:00:00,3.556,3.569,3.546,3.566,49669.454648
2026-03-31 03:00:00,3.562,3.562,3.527,3.534,28942.580857
2026-03-31 04:00:00,3.534,3.539,3.515,3.516,18011.16276
2026-03-31 05:00:00,3.518,3.532,3.506,3.521,54320.13273
2026-03-31 06:00:00,3.522,3.524,3.503,3.52,10404.281489
2026-03-31 07:00:00,3.518,3.52,3.497,3.511,9599.343268
2026-03-31 08:00:00,3.511,3.514,3.471,3.482,22025.76424
2026-03-31 09:00:00,3.482,3.497,3.454,3.462,64353.294354
2026-03-31 10:00:00,3.466,3.479,3.45,3.457,33817.340434
2026-03-31 11:00:00,3.456,3.496,3.453,3.483,35907.9595
2026-03-31 12:00:00,3.485,3.496,3.473,3.484,32402.663656
2026-03-31 13:00:00,3.485,3.53,3.485,3.52,31098.11074
2026-03-31 14:00:00,3.52,3.553,3.481,3.497,91207.298331
2026-03-31 15:00:00,3.499,3.559,3.496,3.513,111703.981732
2026-03-31 16:00:00,3.514,3.561,3.497,3.545,55295.074249
2026-03-31 17:00:00,3.546,3.592,3.53,3.546,60386.893157
2026-03-31 18:00:00,3.548,3.57,3.545,3.553,7275.3143
2026-03-31 19:00:00,3.554,3.558,3.53,3.536,23494.854476
2026-03-31 20:00:00,3.535,3.566,3.535,3.559,16107.432469
2026-03-31 21:00:00,3.56,3.565,3.541,3.546,63357.170224
2026-03-31 22:00:00,3.547,3.55,3.523,3.532,9021.582346
2026-03-31 23:00:00,3.532,3.551,3.528,3.545,36006.11307
2026-04-01 00:00:00,3.545,3.567,3.535,3.564,54389.015429
2026-04-01 01:00:00,3.566,3.57,3.538,3.546,29164.734733
2026-04-01 02:00:00,3.546,3.555,3.536,3.549,28774.510752
2026-04-01 03:00:00,3.551,3.581,3.551,3.569,14154.298604
2026-04-01 04:00:00,3.569,3.593,3.561,3.586,18810.069627
2026-04-01 05:00:00,3.586,3.61,3.57,3.601,24470.127862
2026-04-01 06:00:00,3.604,3.654,3.595,3.651,53828.962127
2026-04-01 07:00:00,3.65,3.674,3.621,3.624,74250.836991
2026-04-01 08:00:00,3.629,3.636,3.601,3.607,40051.108675
2026-04-01 09:00:00,3.606,3.608,3.582,3.591,21363.805781
2026-04-01 10:00:00,3.592,3.605,3.587,3.596,7448.935825
2026-04-01 11:00:00,3.597,3.608,3.588,3.603,11632.05056
2026-04-01 12:00:00,3.602,3.637,3.595,3.604,47009.715719
2026-04-01 13:00:00,3.606,3.611,3.576,3.601,38944.080467
2026-04-01 14:00:00,3.602,3.626,3.592,3.617,32518.344607
2026-04-01 15:00:00,3.618,3.629,3.602,3.625,25653.545273
2026-04-01 16:00:00,3.627,3.654,3.605,3.643,42488.629633
2026-04-01 17:00:00,3.642,3.668,3.629,3.632,79996.181126
2026-04-01 18:00:00,3.634,3.637,3.598,3.601,30758.166335
2026-04-01 19:00:00,3.604,3.622,3.602,3.617,12233.659311
2026-04-01 20:00:00,3.617,3.625,3.596,3.616,13146.319477
2026-04-01 21:00:00,3.616,3.64,3.616,3.628,26565.47559
2026-04-01 22:00:00,3.627,3.629,3.559,3.579,52130.023992
2026-04-01 23:00:00,3.578,3.582,3.564,3.568,14179.083365
2026-04-02 00:00:00,3.568,3.597,3.563,3.589,18107.96047
2026-04-02 01:00:00,3.589,3.589,3.481,3.506,114756.591564
2026-04-02 02:00:00,3.506,3.507,3.454,3.469,35678.423091
2026-04-02 03:00:00,3.467,3.472,3.422,3.445,44471.371134
2026-04-02 04:00:00,3.444,3.444,3.268,3.293,499660.771424
2026-04-02 05:00:00,3.294,3.318,3.275,3.315,123014.00529
2026-04-02 06:00:00,3.314,3.346,3.306,3.34,65143.100602
2026-04-02 07:00:00,3.341,3.349,3.33,3.337,38718.022617
2026-04-02 08:00:00,3.336,3.346,3.318,3.326,22717.25931
2026-04-02 09:00:00,3.327,3.338,3.318,3.336,52238.00632
2026-04-02 10:00:00,3.335,3.347,3.324,3.338,106749.202994
2026-04-02 11:00:00,3.338,3.354,3.332,3.342,51319.265661
2026-04-02 12:00:00,3.34,3.342,3.323,3.324,31561.608975
2026-04-02 13:00:00,3.326,3.326,3.1,3.137,883655.086509
2026-04-02 14:00:00,3.138,3.197,3.108,3.194,439524.377175
2026-04-02 15:00:00,3.194,3.2,3.157,3.185,138290.540257
2026-04-02 16:00:00,3.186,3.217,3.175,3.205,81899.711156
2026-04-02 17:00:00,3.204,3.204,3.126,3.133,191596.229816
2026-04-02 18:00:00,3.133,3.145,3.129,3.136,28109.860869
2026-04-02 19:00:00,3.137,3.145,3.116,3.132,19925.450406
2026-04-02 20:00:00,3.132,3.147,3.115,3.136,79173.914034
2026-04-02 21:00:00,3.136,3.139,3.116,3.132,46848.574331
2026-04-02 22:00:00,3.131,3.176,3.127,3.168,35717.258187
2026-04-02 23:00:00,3.168,3.178,3.158,3.176,37446.864756
2026-04-03 00:00:00,3.176,3.187,3.158,3.176,35811.60322
2026-04-03 01:00:00,3.176,3.189,3.17,3.181,47445.72427
2026-04-03 02:00:00,3.182,3.213,3.178,3.198,41440.457946
2026-04-03 03:00:00,3.198,3.203,3.177,3.186,22507.255809
2026-04-03 04:00:00,3.186,3.194,3.172,3.192,25762.778132
2026-04-03 05:00:00,3.192,3.249,3.192,3.23,51753.960902
2026-04-03 06:00:00,3.231,3.251,3.219,3.246,48751.233517
2026-04-03 07:00:00,3.246,3.256,3.231,3.235,36345.865087
2026-04-03 08:00:00,3.236,3.255,3.227,3.231,47039.681061
2026-04-03 09:00:00,3.231,3.232,3.211,3.218,38209.835308
2026-04-03 10:00:00,3.219,3.221,3.196,3.204,18550.526021
2026-04-03 11:00:00,3.205,3.224,3.205,3.219,34835.701482
2026-04-03 12:00:00,3.217,3.238,3.199,3.205,72837.305543
2026-04-03 13:00:00,3.206,3.207,3.183,3.198,37039.503881
2026-04-03 14:00:00,3.199,3.217,3.195,3.21,61910.235377
2026-04-03 15:00:00,3.207,3.212,3.157,3.169,28130.915059
2026-04-03 16:00:00,3.169,3.194,3.164,3.189,24678.674083
2026-04-03 17:00:00,3.189,3.192,3.157,3.166,21985.999538
2026-04-03 18:00:00,3.166,3.17,3.155,3.16,5478.930985
2026-04-03 19:00:00,3.161,3.165,3.153,3.163,9097.963656
2026-04-03 20:00:00,3.16,3.177,3.159,3.174,7618.249266
2026-04-03 21:00:00,3.176,3.184,3.166,3.174,13133.9408
2026-04-03 22:00:00,3.175,3.175,3.16,3.162,4233.900863
2026-04-03 23:00:00,3.162,3.174,3.148,3.171,43679.264382
2026-04-04 00:00:00,3.172,3.181,3.165,3.169,16144.485031
2026-04-04 01:00:00,3.168,3.177,3.159,3.167,13953.739957
2026-04-04 02:00:00,3.169,3.177,3.153,3.161,15573.423337
2026-04-04 03:00:00,3.161,3.169,3.156,3.165,17263.068712
2026-04-04 04:00:00,3.166,3.167,3.151,3.157,9867.956291
2026-04-04 05:00:00,3.156,3.16,3.151,3.154,11481.826418
2026-04-04 06:00:00,3.153,3.168,3.152,3.165,11811.091762
2026-04-04 07:00:00,3.165,3.166,3.147,3.152,35273.581948
2026-04-04 08:00:00,3.151,3.156,3.115,3.133,83813.302382
2026-04-04 09:00:00,3.134,3.136,3.12,3.121,21853.79293
2026-04-04 10:00:00,3.121,3.138,3.1,3.134,56701.744681
2026-04-04 11:00:00,3.133,3.137,3.123,3.13,9950.182813
2026-04-04 12:00:00,3.13,3.139,3.127,3.132,18245.205327
2026-04-04 13:00:00,3.133,3.152,3.131,3.139,50662.630809
2026-04-04 14:00:00,3.138,3.15,3.121,3.142,33131.627275
2026-04-04 15:00:00,3.143,3.15,3.106,3.127,86165.297816
2026-04-04 16:00:00,3.128,3.151,3.128,3.129,11596.968411
2026-04-04 17:00:00,3.129,3.146,3.122,3.136,20288.689732
2026-04-04 18:00:00,3.137,3.138,3.126,3.126,3471.159858
2026-04-04 19:00:00,3.124,3.16,3.123,3.134,34605.776133
2026-04-04 20:00:00,3.133,3.134,3.124,3.126,8785.646169
2026-04-04 21:00:00,3.125,3.15,3.122,3.143,20501.312042
2026-04-04 22:00:00,3.14,3.145,3.13,3.133,11618.281783
2026-04-04 23:00:00,3.134,3.135,3.122,3.125,6806.252827
2026-04-05 00:00:00,3.127,3.13,3.114,3.117,29291.180498
2026-04-05 01:00:00,3.117,3.123,3.109,3.109,46228.23049
2026-04-05 02:00:00,3.109,3.119,3.098,3.118,34934.230649
2026-04-05 03:00:00,3.118,3.118,3.108,3.112,10679.470611
2026-04-05 04:00:00,3.113,3.115,3.095,3.099,21348.421744
2026-04-05 05:00:00,3.099,3.11,3.062,3.088,67453.077314
2026-04-05 06:00:00,3.088,3.093,3.058,3.083,64186.024401
2026-04-05 07:00:00,3.084,3.092,3.074,3.079,41155.968159
2026-04-05 08:00:00,3.079,3.088,3.065,3.074,45708.087512
2026-04-05 09:00:00,3.075,3.085,3.074,3.081,12786.758379
2026-04-05 10:00:00,3.081,3.085,3.071,3.073,9070.617084
2026-04-05 11:00:00,3.07,3.082,3.067,3.078,8514.625592
2026-04-05 12:00:00,3.081,3.083,3.059,3.072,10123.153396
2026-04-05 13:00:00,3.073,3.086,3.066,3.084,32547.448718
2026-04-05 14:00:00,3.084,3.101,3.08,3.083,17844.606869
2026-04-05 15:00:00,3.082,3.133,3.071,3.097,30024.420632
2026-04-05 16:00:00,3.099,3.112,3.08,3.082,14275.405962
2026-04-05 17:00:00,3.083,3.099,3.08,3.094,4847.767512
2026-04-05 18:00:00,3.095,3.096,3.085,3.089,6497.25325
2026-04-05 19:00:00,3.089,3.099,3.086,3.098,5130.112862
2026-04-05 20:00:00,3.099,3.105,3.094,3.096,5975.39399
2026-04-05 21:00:00,3.096,3.101,3.078,3.091,14503.1441
2026-04-05 22:00:00,3.091,3.128,3.08,3.124,29958.609267
2026-04-05 23:00:00,3.127,3.163,3.118,3.148,66543.744281
2026-04-06 00:00:00,3.149,3.181,3.149,3.165,41003.670041
2026-04-06 01:00:00,3.166,3.169,3.143,3.149,17254.152643
2026-04-06 02:00:00,3.15,3.198,3.15,3.173,56452.49307
2026-04-06 03:00:00,3.173,3.183,3.159,3.165,17071.609759
2026-04-06 04:00:00,3.167,3.172,3.151,3.162,33867.993597
2026-04-06 05:00:00,3.163,3.17,3.161,3.167,23860.690508
2026-04-06 06:00:00,3.168,3.171,3.14,3.152,122529.926246
2026-04-06 07:00:00,3.151,3.164,3.14,3.154,33027.810481
2026-04-06 08:00:00,3.155,3.176,3.155,3.163,39823.120019
2026-04-06 09:00:00,3.164,3.208,3.163,3.197,82716.614779
2026-04-06 10:00:00,3.198,3.21,3.191,3.199,34126.327546
2026-04-06 11:00:00,3.2,3.204,3.193,3.199,24021.08318
2026-04-06 12:00:00,3.201,3.209,3.186,3.186,27363.072221
2026-04-06 13:00:00,3.187,3.19,3.169,3.176,45882.507184
2026-04-06 14:00:00,3.174,3.191,3.158,3.181,46404.510117
2026-04-06 15:00:00,3.181,3.195,3.174,3.189,28172.638872
2026-04-06 16:00:00,3.19,3.191,3.155,3.159,35237.496304
2026-04-06 17:00:00,3.16,3.17,3.144,3.163,29589.455203
2026-04-06 18:00:00,3.162,3.176,3.16,3.168,6282.669297
2026-04-06 19:00:00,3.166,3.166,3.145,3.153,24260.76219
2026-04-06 20:00:00,3.154,3.162,3.152,3.154,4518.15924
2026-04-06 21:00:00,3.153,3.153,3.133,3.139,15674.540092
2026-04-06 22:00:00,3.134,3.136,3.097,3.097,24197.966253
2026-04-06 23:00:00,3.096,3.103,3.072,3.096,31063.187736
2026-04-07 00:00:00,3.094,3.11,3.086,3.089,19411.84421
2026-04-07 01:00:00,3.089,3.1,3.07,3.074,22712.008213
2026-04-07 02:00:00,3.072,3.079,3.051,3.072,52233.616093
2026-04-07 03:00:00,3.073,3.085,3.069,3.082,17169.974794
2026-04-07 04:00:00,3.082,3.096,3.075,3.09,15716.735516
2026-04-07 05:00:00,3.09,3.091,3.061,3.069,16871.003149
2026-04-07 06:00:00,3.069,3.075,3.054,3.074,58906.468207
2026-04-07 07:00:00,3.07,3.08,3.07,3.073,9373.22524
2026-04-07 08:00:00,3.075,3.09,3.073,3.09,27170.614758
2026-04-07 09:00:00,3.088,3.109,3.087,3.102,40599.735243
2026-04-07 10:00:00,3.102,3.105,3.051,3.057,61415.071291
2026-04-07 11:00:00,3.057,3.06,3.043,3.052,44605.111668
2026-04-07 12:00:00,3.051,3.075,3.024,3.061,87366.342503
2026-04-07 13:00:00,3.061,3.068,3.048,3.058,44182.709665
2026-04-07 14:00:00,3.057,3.063,3.034,3.043,80162.48431
2026-04-07 15:00:00,3.043,3.062,3.026,3.029,66552.267131
2026-04-07 16:00:00,3.03,3.048,3.013,3.037,53233.910481
2026-04-07 17:00:00,3.038,3.087,3.038,3.066,16072.959798
2026-04-07 18:00:00,3.067,3.079,3.058,3.06,15071.579296
2026-04-07 19:00:00,3.064,3.106,3.064,3.106,31160.778265
2026-04-07 20:00:00,3.107,3.127,3.1,3.11,11231.267768
2026-04-07 21:00:00,3.112,3.184,3.112,3.163,90383.78852
2026-04-07 22:00:00,3.164,3.272,3.164,3.267,75474.632321
2026-04-07 23:00:00,3.269,3.324,3.26,3.286,227351.393948
2026-04-08 00:00:00,3.288,3.3,3.214,3.227,67654.893271
2026-04-08 01:00:00,3.226,3.241,3.216,3.233,34980.327325
2026-04-08 02:00:00,3.233,3.25,3.209,3.216,38700.846853
2026-04-08 03:00:00,3.214,3.224,3.208,3.209,30409.242849
2026-04-08 04:00:00,3.21,3.236,3.209,3.228,35071.606897
2026-04-08 05:00:00,3.229,3.241,3.214,3.232,50065.64696
2026-04-08 06:00:00,3.232,3.243,3.226,3.23,22398.391659
2026-04-08 07:00:00,3.231,3.256,3.226,3.252,27345.680936
2026-04-08 08:00:00,3.253,3.262,3.248,3.258,65325.367633
2026-04-08 09:00:00,3.259,3.264,3.243,3.253,63977.440319
2026-04-08 10:00:00,3.254,3.261,3.244,3.251,82087.36343
2026-04-08 11:00:00,3.25,3.259,3.219,3.227,99227.887465
2026-04-08 12:00:00,3.228,3.234,3.214,3.22,40931.969937
2026-04-08 13:00:00,3.221,3.246,3.218,3.223,57304.212571
2026-04-08 14:00:00,3.222,3.23,3.152,3.163,124405.071868
2026-04-08 15:00:00,3.163,3.183,3.158,3.169,42324.285251
2026-04-08 16:00:00,3.169,3.195,3.168,3.193,25513.881292
2026-04-08 17:00:00,3.194,3.199,3.17,3.19,19889.515736
2026-04-08 18:00:00,3.19,3.19,3.145,3.145,18676.267337
2026-04-08 19:00:00,3.145,3.157,3.137,3.157,9235.570827
2026-04-08 20:00:00,3.157,3.164,3.143,3.149,10730.323247
2026-04-08 21:00:00,3.151,3.17,3.142,3.16,12375.809652
2026-04-08 22:00:00,3.161,3.161,3.125,3.129,26814.30847
2026-04-08 23:00:00,3.127,3.135,3.108,3.121,31344.155825
2026-04-09 00:00:00,3.119,3.122,3.1,3.11,32966.448284
2026-04-09 01:00:00,3.111,3.114,3.087,3.106,84261.239899
2026-04-09 02:00:00,3.107,3.114,3.089,3.091,23289.044207
2026-04-09 03:00:00,3.091,3.094,3.049,3.057,61699.641743
2026-04-09 04:00:00,3.056,3.068,3.048,3.066,33078.866906
2026-04-09 05:00:00,3.065,3.1,3.063,3.074,47696.505205
2026-04-09 06:00:00,3.075,3.09,3.075,3.09,26355.496822
2026-04-09 07:00:00,3.091,3.095,3.085,3.086,64253.931419
2026-04-09 08:00:00,3.084,3.1,3.082,3.092,26262.395423
2026-04-09 09:00:00,3.094,3.096,3.078,3.095,42891.339977
2026-04-09 10:00:00,3.092,3.093,3.081,3.081,18612.488788
2026-04-09 11:00:00,3.081,3.083,3.07,3.074,37913.028625
2026-04-09 12:00:00,3.075,3.091,3.07,3.085,6551.453492
2026-04-09 13:00:00,3.086,3.088,3.062,3.075,34499.029025
2026-04-09 14:00:00,3.075,3.101,3.068,3.097,49683.017508
2026-04-09 15:00:00,3.097,3.137,3.086,3.128,93194.517531
2026-04-09 16:00:00,3.131,3.151,3.109,3.126,69407.890416
2026-04-09 17:00:00,3.127,3.151,3.125,3.149,17295.396759
2026-04-09 18:00:00,3.15,3.151,3.12,3.13,21938.944446
2026-04-09 19:00:00,3.129,3.151,3.126,3.142,10475.800759
2026-04-09 20:00:00,3.146,3.153,3.139,3.146,9305.64868
2026-04-09 21:00:00,3.145,3.162,3.141,3.15,24583.65901
2026-04-09 22:00:00,3.15,3.219,3.15,3.151,102346.486084
2026-04-09 23:00:00,3.151,3.158,3.1,3.108,74450.179993
2026-04-10 00:00:00,3.108,3.114,3.093,3.108,14574.547944
2026-04-10 01:00:00,3.106,3.137,3.09,3.108,26895.086735
2026-04-10 02:00:00,3.109,3.129,3.108,3.116,23389.138883
2026-04-10 03:00:00,3.117,3.123,3.1,3.108,20130.434376
2026-04-10 04:00:00,3.11,3.142,3.108,3.139,14064.340208
2026-04-10 05:00:00,3.14,3.154,3.132,3.146,86749.524623
2026-04-10 06:00:00,3.146,3.146,3.103,3.111,53151.518416
2026-04-10 07:00:00,3.111,3.122,3.106,3.112,21195.058051
2026-04-10 08:00:00,3.113,3.118,3.093,3.1,32572.903948
2026-04-10 09:00:00,3.1,3.127,3.1,3.126,38001.892892
2026-04-10 10:00:00,3.125,3.125,3.106,3.111,18290.632004
2026-04-10 11:00:00,3.11,3.13,3.11,3.121,29547.419101
2026-04-10 12:00:00,3.121,3.151,3.12,3.136,43067.167472
2026-04-10 13:00:00,3.135,3.147,3.122,3.143,15605.757921
2026-04-10 14:00:00,3.141,3.182,3.139,3.182,52286.850961
2026-04-10 15:00:00,3.183,3.196,3.147,3.157,105085.059464
2026-04-10 16:00:00,3.157,3.177,3.155,3.164,32956.374647
2026-04-10 17:00:00,3.166,3.166,3.148,3.161,6633.868877
2026-04-10 18:00:00,3.162,3.177,3.154,3.177,11771.500869
2026-04-10 19:00:00,3.177,3.195,3.174,3.193,15199.804769
2026-04-10 20:00:00,3.194,3.195,3.174,3.192,13495.957874
2026-04-10 21:00:00,3.194,3.195,3.17,3.184,18159.36181
2026-04-10 22:00:00,3.184,3.185,3.16,3.166,28820.979357
2026-04-10 23:00:00,3.167,3.167,3.156,3.163,25260.73315
2026-04-11 00:00:00,3.164,3.165,3.15,3.151,11761.480003
2026-04-11 01:00:00,3.15,3.158,3.138,3.151,19526.366096
2026-04-11 02:00:00,3.152,3.162,3.148,3.152,16945.638235
2026-04-11 03:00:00,3.151,3.171,3.148,3.148,18087.54175
2026-04-11 04:00:00,3.148,3.161,3.146,3.149,13349.83832
2026-04-11 05:00:00,3.15,3.151,3.13,3.135,10710.091108
2026-04-11 06:00:00,3.135,3.142,3.127,3.139,12272.033587
2026-04-11 07:00:00,3.14,3.143,3.133,3.14,5505.28976
2026-04-11 08:00:00,3.141,3.15,3.138,3.143,9460.893225
2026-04-11 09:00:00,3.143,3.156,3.136,3.153,13151.624884
2026-04-11 10:00:00,3.154,3.155,3.136,3.14,4864.879561
2026-04-11 11:00:00,3.139,3.145,3.135,3.138,11711.735755
2026-04-11 12:00:00,3.138,3.144,3.13,3.135,8009.702899
2026-04-11 13:00:00,3.136,3.136,3.113,3.125,27083.046423
2026-04-11 14:00:00,3.124,3.138,3.123,3.129,12801.140731
2026-04-11 15:00:00,3.13,3.152,3.13,3.147,21127.545173
2026-04-11 16:00:00,3.147,3.18,3.147,3.167,13848.398223
2026-04-11 17:00:00,3.168,3.171,3.158,3.16,19164.211052
2026-04-11 18:00:00,3.16,3.205,3.151,3.195,31672.716434
2026-04-11 19:00:00,3.199,3.22,3.191,3.209,25467.620204
2026-04-11 20:00:00,3.21,3.212,3.179,3.19,8696.638995
2026-04-11 21:00:00,3.188,3.191,3.177,3.182,16473.907034
2026-04-11 22:00:00,3.181,3.198,3.163,3.171,15111.171187
2026-04-11 23:00:00,3.169,3.169,3.141,3.149,12614.517509
2026-04-12 00:00:00,3.151,3.153,3.141,3.152,14929.86606
2026-04-12 01:00:00,3.151,3.158,3.048,3.068,126121.569341
2026-04-12 02:00:00,3.066,3.083,3.057,3.078,33461.957912
2026-04-12 03:00:00,3.079,3.09,3.067,3.082,34538.385498
2026-04-12 04:00:00,3.082,3.084,3.069,3.077,15104.780507
2026-04-12 05:00:00,3.077,3.082,3.067,3.077,7335.514033
2026-04-12 06:00:00,3.076,3.082,3.065,3.067,8202.419051
2026-04-12 07:00:00,3.066,3.083,3.066,3.077,8366.225237
2026-04-12 08:00:00,3.077,3.08,3.049,3.057,126741.965643
2026-04-12 09:00:00,3.056,3.057,3.049,3.051,13237.628648
2026-04-12 10:00:00,3.051,3.056,3.035,3.042,30727.173057
2026-04-12 11:00:00,3.041,3.052,3.034,3.049,20151.916536
2026-04-12 12:00:00,3.047,3.059,3.037,3.038,31854.488592
2026-04-12 13:00:00,3.037,3.045,3.021,3.028,102979.9947
2026-04-12 14:00:00,3.028,3.04,3.02,3.023,40261.783921
2026-04-12 15:00:00,3.024,3.035,3.014,3.03,31747.888961
2026-04-12 16:00:00,3.03,3.033,3.018,3.033,10912.355226
2026-04-12 17:00:00,3.034,3.054,3.031,3.049,21947.809739
2026-04-12 18:00:00,3.053,3.056,3.045,3.048,16508.210533
2026-04-12 19:00:00,3.046,3.054,3.032,3.034,13020.496767
2026-04-12 20:00:00,3.035,3.058,3.031,3.051,5372.658814
2026-04-12 21:00:00,3.053,3.055,3.037,3.044,15111.025127
2026-04-12 22:00:00,3.044,3.045,3.006,3.03,34221.742784
2026-04-12 23:00:00,3.028,3.028,3.009,3.019,33621.148784
2026-04-13 00:00:00,3.019,3.048,3.015,3.043,8766.571313
2026-04-13 01:00:00,3.044,3.054,3.041,3.051,17455.640305
2026-04-13 02:00:00,3.053,3.054,3.035,3.041,13692.942389
2026-04-13 03:00:00,3.042,3.046,3.036,3.043,11984.511066
2026-04-13 04:00:00,3.043,3.065,3.041,3.052,16593.039084
2026-04-13 05:00:00,3.053,3.061,3.043,3.057,21569.975938
2026-04-13 06:00:00,3.057,3.082,3.056,3.066,20326.173763
2026-04-13 07:00:00,3.066,3.068,3.044,3.053,19824.924256
2026-04-13 08:00:00,3.053,3.053,3.029,3.034,20079.853965
2026-04-13 09:00:00,3.034,3.051,3.027,3.036,29955.381898
2026-04-13 10:00:00,3.034,3.035,3.006,3.013,49944.564859
2026-04-13 11:00:00,3.018,3.026,3.015,3.02,10163.484367
2026-04-13 12:00:00,3.02,3.05,3.013,3.04,28387.280113
2026-04-13 13:00:00,3.041,3.084,3.023,3.079,66648.750714
2026-04-13 14:00:00,3.081,3.099,3.054,3.096,67181.424495
2026-04-13 15:00:00,3.097,3.097,3.067,3.087,56494.148852
2026-04-13 16:00:00,3.089,3.145,3.071,3.116,86515.080196
2026-04-13 17:00:00,3.114,3.126,3.088,3.089,22042.775427
2026-04-13 18:00:00,3.087,3.093,3.076,3.093,14263.420418
2026-04-13 19:00:00,3.093,3.141,3.093,3.137,32544.952758
2026-04-13 20:00:00,3.138,3.139,3.113,3.117,20175.163191
2026-04-13 21:00:00,3.118,3.13,3.112,3.125,12272.343277
2026-04-13 22:00:00,3.125,3.231,3.125,3.213,159937.457548
2026-04-13 23:00:00,3.213,3.258,3.192,3.234,115588.622335
2026-04-14 00:00:00,3.235,3.249,3.198,3.2,116879.982712
2026-04-14 01:00:00,3.201,3.21,3.186,3.204,44154.737386
2026-04-14 02:00:00,3.205,3.216,3.196,3.199,20150.178496
2026-04-14 03:00:00,3.199,3.208,3.188,3.2,15705.57626
2026-04-14 04:00:00,3.2,3.201,3.163,3.182,132228.219073
2026-04-14 05:00:00,3.183,3.183,3.159,3.169,58044.165054
2026-04-14 06:00:00,3.168,3.183,3.168,3.179,14813.426745
2026-04-14 07:00:00,3.178,3.19,3.169,3.175,18068.631026
2026-04-14 08:00:00,3.176,3.196,3.17,3.185,33623.033242
2026-04-14 09:00:00,3.184,3.2,3.183,3.195,25508.255569
2026-04-14 10:00:00,3.195,3.198,3.181,3.183,9719.864395
2026-04-14 11:00:00,3.18,3.188,3.177,3.178,22074.505493
2026-04-14 12:00:00,3.179,3.181,3.165,3.17,12956.353719
2026-04-14 13:00:00,3.171,3.207,3.167,3.207,139754.150453
2026-04-14 14:00:00,3.205,3.224,3.185,3.186,94791.66122
2026-04-14 15:00:00,3.186,3.193,3.148,3.158,82775.454352
2026-04-14 16:00:00,3.159,3.178,3.128,3.138,66687.620204
2026-04-14 17:00:00,3.138,3.158,3.129,3.151,20281.163757
2026-04-14 18:00:00,3.152,3.158,3.091,3.105,72099.321112
2026-04-14 19:00:00,3.104,3.121,3.092,3.115,12341.61897
2026-04-14 20:00:00,3.117,3.129,3.11,3.113,28315.425821
2026-04-14 21:00:00,3.114,3.131,3.113,3.125,15094.162549
2026-04-14 22:00:00,3.121,3.132,3.11,3.12,5032.121196
2026-04-14 23:00:00,3.12,3.132,3.116,3.132,10639.575402
2026-04-15 00:00:00,3.132,3.149,3.131,3.144,11520.507557
2026-04-15 01:00:00,3.143,3.169,3.141,3.156,17067.261749
2026-04-15 02:00:00,3.155,3.162,3.136,3.148,7603.746321
2026-04-15 03:00:00,3.149,3.154,3.14,3.154,14322.237551
2026-04-15 04:00:00,3.155,3.164,3.146,3.162,33303.058489
2026-04-15 05:00:00,3.163,3.169,3.139,3.146,8423.768836
2026-04-15 06:00:00,3.144,3.144,3.132,3.137,5267.200591
2026-04-15 07:00:00,3.138,3.143,3.118,3.129,13329.845697
2026-04-15 08:00:00,3.128,3.163,3.127,3.154,20062.331419
2026-04-15 09:00:00,3.155,3.159,3.143,3.149,21647.415215
2026-04-15 10:00:00,3.149,3.165,3.138,3.147,23040.53752
2026-04-15 11:00:00,3.149,3.187,3.149,3.18,35629.203825
2026-04-15 12:00:00,3.18,3.192,3.174,3.184,30647.902151
2026-04-15 13:00:00,3.184,3.195,3.174,3.184,23496.758604
2026-04-15 14:00:00,3.184,3.22,3.177,3.217,31983.304585
2026-04-15 15:00:00,3.216,3.216,3.171,3.191,35886.725469
2026-04-15 16:00:00,3.193,3.217,3.188,3.214,42412.549393
2026-04-15 17:00:00,3.216,3.224,3.2,3.21,15104.070904
2026-04-15 18:00:00,3.209,3.221,3.206,3.217,4033.317343
2026-04-15 19:00:00,3.216,3.26,3.215,3.24,33439.807815
2026-04-15 20:00:00,3.242,3.242,3.211,3.229,17693.822208
2026-04-15 21:00:00,3.227,3.238,3.21,3.23,43600.601455
2026-04-15 22:00:00,3.232,3.253,3.227,3.229,22097.72391
2026-04-15 23:00:00,3.228,3.228,3.209,3.225,21820.985465
2026-04-16 00:00:00,3.226,3.227,3.208,3.218,17352.188638
2026-04-16 01:00:00,3.217,3.217,3.198,3.215,31161.937117
2026-04-16 02:00:00,3.214,3.252,3.214,3.231,39192.73897
2026-04-16 03:00:00,3.229,3.242,3.227,3.236,33369.921298
2026-04-16 04:00:00,3.235,3.263,3.231,3.25,75458.802486
2026-04-16 05:00:00,3.249,3.26,3.234,3.248,25498.65863
2026-04-16 06:00:00,3.249,3.263,3.248,3.258,20130.288789
2026-04-16 07:00:00,3.259,3.273,3.254,3.264,22441.478897
2026-04-16 08:00:00,3.263,3.269,3.253,3.264,39939.653269
2026-04-16 09:00:00,3.263,3.279,3.258,3.264,44212.696019
2026-04-16 10:00:00,3.263,3.268,3.246,3.248,22325.136978
2026-04-16 11:00:00,3.249,3.266,3.239,3.258,26619.090381
2026-04-16 12:00:00,3.258,3.3,3.258,3.298,131668.140612
2026-04-16 13:00:00,3.298,3.381,3.264,3.301,289968.331662
2026-04-16 14:00:00,3.3,3.309,3.239,3.292,163976.241093
2026-04-16 15:00:00,3.292,3.404,3.284,3.403,145663.683606
2026-04-16 16:00:00,3.403,3.415,3.327,3.341,134401.945347
2026-04-16 17:00:00,3.34,3.377,3.328,3.371,50073.272462
2026-04-16 18:00:00,3.372,3.436,3.368,3.435,54170.995047
2026-04-16 19:00:00,3.436,3.468,3.424,3.463,37960.635833
2026-04-16 20:00:00,3.461,3.47,3.419,3.427,28213.021266
2026-04-16 21:00:00,3.429,3.433,3.395,3.412,33262.761452
2026-04-16 22:00:00,3.413,3.428,3.398,3.416,49294.712182
2026-04-16 23:00:00,3.415,3.439,3.405,3.429,45100.60729
2026-04-17 00:00:00,3.429,3.433,3.401,3.421,39672.123309
2026-04-17 01:00:00,3.42,3.432,3.379,3.393,80630.992536
2026-04-17 02:00:00,3.392,3.395,3.361,3.375,100464.757554
2026-04-17 03:00:00,3.375,3.375,3.358,3.358,31874.814342
2026-04-17 04:00:00,3.359,3.364,3.35,3.359,23902.382618
2026-04-17 05:00:00,3.36,3.36,3.325,3.326,39296.129837
2026-04-17 06:00:00,3.327,3.378,3.327,3.368,30147.472436
2026-04-17 07:00:00,3.369,3.4,3.369,3.399,53150.939474
2026-04-17 08:00:00,3.4,3.447,3.396,3.434,63492.310987
2026-04-17 09:00:00,3.434,3.454,3.414,3.445,71364.937931
2026-04-17 10:00:00,3.444,3.458,3.397,3.417,78832.040898
2026-04-17 11:00:00,3.417,3.453,3.414,3.453,27746.175289
2026-04-17 12:00:00,3.454,3.486,3.435,3.475,96438.726369
2026-04-17 13:00:00,3.474,3.532,3.461,3.525,219447.384268
2026-04-17 14:00:00,3.525,3.541,3.5,3.512,169844.587581
2026-04-17 15:00:00,3.512,3.516,3.481,3.509,119988.518769
2026-04-17 16:00:00,3.508,3.58,3.507,3.578,133586.415769
2026-04-17 17:00:00,3.578,3.581,3.513,3.529,81455.31884
2026-04-17 18:00:00,3.53,3.534,3.481,3.504,72809.741679
2026-04-17 19:00:00,3.504,3.519,3.492,3.506,13212.92593
2026-04-17 20:00:00,3.508,3.515,3.475,3.499,22381.298436
2026-04-17 21:00:00,3.5,3.524,3.489,3.5,82102.427697
2026-04-17 22:00:00,3.499,3.519,3.49,3.497,19695.114277
2026-04-17 23:00:00,3.497,3.497,3.45,3.452,89480.892656
2026-04-18 00:00:00,3.451,3.466,3.438,3.456,59616.618374
2026-04-18 01:00:00,3.457,3.471,3.444,3.453,26595.00237
2026-04-18 02:00:00,3.455,3.469,3.441,3.462,17624.220872
2026-04-18 03:00:00,3.461,3.466,3.435,3.441,23908.815055
2026-04-18 04:00:00,3.441,3.465,3.436,3.455,56793.387708
2026-04-18 05:00:00,3.453,3.477,3.453,3.472,8874.887201
2026-04-18 06:00:00,3.472,3.479,3.454,3.465,14711.426365
2026-04-18 07:00:00,3.464,3.479,3.461,3.465,15964.374277
2026-04-18 08:00:00,3.465,3.47,3.406,3.431,132288.713465
2026-04-18 09:00:00,3.43,3.444,3.41,3.419,52812.207548
2026-04-18 10:00:00,3.419,3.42,3.378,3.384,108845.522619
2026-04-18 11:00:00,3.385,3.385,3.343,3.362,112019.345576
2026-04-18 12:00:00,3.361,3.376,3.357,3.372,31987.579986
2026-04-18 13:00:00,3.371,3.379,3.345,3.373,47311.566094
2026-04-18 14:00:00,3.372,3.391,3.361,3.386,31582.611053
2026-04-18 15:00:00,3.386,3.399,3.374,3.383,25923.214043
2026-04-18 16:00:00,3.38,3.396,3.364,3.372,21814.183643
2026-04-18 17:00:00,3.37,3.381,3.354,3.375,11176.407621
2026-04-18 18:00:00,3.375,3.376,3.325,3.34,40830.490819
2026-04-18 19:00:00,3.339,3.363,3.334,3.349,12902.564063
2026-04-18 20:00:00,3.349,3.368,3.339,3.365,8856.028405
2026-04-18 21:00:00,3.366,3.378,3.357,3.378,7201.116521
2026-04-18 22:00:00,3.378,3.38,3.364,3.364,5654.570175
2026-04-18 23:00:00,3.362,3.38,3.348,3.349,8586.223228
2026-04-19 00:00:00,3.349,3.358,3.33,3.335,11555.848656
2026-04-19 01:00:00,3.336,3.346,3.315,3.326,58908.853482
2026-04-19 02:00:00,3.325,3.325,3.283,3.295,24481.336741
2026-04-19 03:00:00,3.295,3.316,3.271,3.302,30831.430136
2026-04-19 04:00:00,3.302,3.319,3.281,3.298,46920.276332
2026-04-19 05:00:00,3.298,3.304,3.287,3.288,26809.716042
2026-04-19 06:00:00,3.288,3.292,3.265,3.286,32416.298615
2026-04-19 07:00:00,3.285,3.286,3.245,3.272,88551.676365
2026-04-19 08:00:00,3.272,3.28,3.267,3.273,24184.771627
2026-04-19 09:00:00,3.273,3.282,3.267,3.272,13456.480527
2026-04-19 10:00:00,3.271,3.285,3.266,3.281,12003.336032
2026-04-19 11:00:00,3.28,3.318,3.279,3.316,53348.907004
2026-04-19 12:00:00,3.314,3.33,3.307,3.324,36501.710623
2026-04-19 13:00:00,3.325,3.361,3.323,3.326,45310.701562
2026-04-19 14:00:00,3.327,3.345,3.313,3.33,10230.275433
2026-04-19 15:00:00,3.33,3.331,3.287,3.322,46534.55366
2026-04-19 16:00:00,3.323,3.328,3.294,3.298,25263.23626
2026-04-19 17:00:00,3.297,3.303,3.26,3.264,39087.58925
2026-04-19 18:00:00,3.264,3.277,3.255,3.274,44639.064528
2026-04-19 19:00:00,3.275,3.303,3.275,3.292,9359.37132
2026-04-19 20:00:00,3.29,3.291,3.268,3.276,40603.329031
2026-04-19 21:00:00,3.276,3.294,3.266,3.27,39549.923642
2026-04-19 22:00:00,3.27,3.27,3.205,3.237,61961.475906
2026-04-19 23:00:00,3.236,3.239,3.222,3.23,34367.978689
2026-04-20 00:00:00,3.232,3.262,3.228,3.255,15032.467844
2026-04-20 01:00:00,3.256,3.275,3.253,3.258,17304.981843
2026-04-20 02:00:00,3.258,3.26,3.239,3.255,24751.117551
2026-04-20 03:00:00,3.257,3.279,3.254,3.276,13168.736119
2026-04-20 04:00:00,3.276,3.28,3.266,3.273,20147.369197
2026-04-20 05:00:00,3.273,3.273,3.231,3.246,46976.797112
2026-04-20 06:00:00,3.247,3.288,3.245,3.275,12970.608524
2026-04-20 07:00:00,3.276,3.336,3.269,3.29,74846.582321
2026-04-20 08:00:00,3.29,3.295,3.258,3.271,446018.650324
2026-04-20 09:00:00,3.27,3.28,3.249,3.266,557060.566481
2026-04-20 10:00:00,3.268,3.283,3.257,3.257,173426.627436
2026-04-20 11:00:00,3.257,3.265,3.251,3.252,81355.65534
2026-04-20 12:00:00,3.252,3.281,3.246,3.27,99486.988203
2026-04-20 13:00:00,3.269,3.282,3.239,3.26,35536.753528
2026-04-20 14:00:00,3.259,3.284,3.221,3.23,78825.776007
2026-04-20 15:00:00,3.231,3.261,3.196,3.238,126680.847727
2026-04-20 16:00:00,3.237,3.248,3.219,3.226,334046.294446
2026-04-20 17:00:00,3.226,3.265,3.226,3.257,27222.206092
2026-04-20 18:00:00,3.258,3.283,3.258,3.278,51514.168122
2026-04-20 19:00:00,3.278,3.279,3.255,3.26,13327.744937
2026-04-20 20:00:00,3.261,3.287,3.252,3.287,51970.501643
2026-04-20 21:00:00,3.287,3.287,3.254,3.268,31749.507497
2026-04-20 22:00:00,3.269,3.274,3.241,3.245,45310.307246
2026-04-20 23:00:00,3.245,3.245,3.222,3.232,34185.777127
2026-04-21 00:00:00,3.232,3.25,3.23,3.25,33407.780228
2026-04-21 01:00:00,3.25,3.268,3.245,3.245,20029.892981
2026-04-21 02:00:00,3.245,3.247,3.222,3.223,26586.935575
2026-04-21 03:00:00,3.221,3.247,3.213,3.242,9358.450144
2026-04-21 04:00:00,3.241,3.249,3.23,3.245,20024.599908
2026-04-21 05:00:00,3.245,3.263,3.245,3.259,15840.044287
2026-04-21 06:00:00,3.26,3.268,3.238,3.249,18453.346663
2026-04-21 07:00:00,3.249,3.265,3.239,3.253,12830.066145
2026-04-21 08:00:00,3.252,3.292,3.246,3.269,29684.568292
2026-04-21 09:00:00,3.268,3.287,3.262,3.287,50650.313301
2026-04-21 10:00:00,3.287,3.295,3.282,3.292,65170.320949
2026-04-21 11:00:00,3.291,3.293,3.271,3.275,49718.865456
2026-04-21 12:00:00,3.276,3.281,3.232,3.258,43205.729429
2026-04-21 13:00:00,3.258,3.259,3.241,3.255,11052.704776
2026-04-21 14:00:00,3.257,3.287,3.243,3.247,42832.536553
2026-04-21 15:00:00,3.247,3.268,3.236,3.243,46423.016268
2026-04-21 16:00:00,3.244,3.265,3.235,3.237,20769.770288
2026-04-21 17:00:00,3.237,3.251,3.197,3.229,101673.198872
2026-04-21 18:00:00,3.228,3.236,3.211,3.231,79877.59378
2026-04-21 19:00:00,3.232,3.251,3.187,3.201,57805.247981
2026-04-21 20:00:00,3.201,3.249,3.2,3.232,75259.668359
2026-04-21 21:00:00,3.231,3.239,3.225,3.235,44628.957424
2026-04-21 22:00:00,3.234,3.244,3.224,3.244,8737.606684
2026-04-21 23:00:00,3.244,3.277,3.244,3.271,23169.645254
2026-04-22 00:00:00,3.272,3.282,3.27,3.278,13239.518755
2026-04-22 01:00:00,3.278,3.281,3.258,3.268,25551.398746
2026-04-22 02:00:00,3.269,3.335,3.264,3.332,75067.028166
2026-04-22 03:00:00,3.333,3.344,3.307,3.318,86931.469883
2026-04-22 04:00:00,3.319,3.347,3.311,3.344,19659.282582
2026-04-22 05:00:00,3.345,3.398,3.336,3.378,172404.012458
2026-04-22 06:00:00,3.377,3.384,3.366,3.379,67660.243085
2026-04-22 07:00:00,3.379,3.393,3.365,3.391,62904.138658
2026-04-22 08:00:00,3.392,3.405,3.386,3.398,24712.501043
2026-04-22 09:00:00,3.397,3.407,3.387,3.39,33104.301985
2026-04-22 10:00:00,3.391,3.395,3.381,3.385,18994.176295
2026-04-22 11:00:00,3.386,3.39,3.375,3.385,22228.856208
2026-04-22 12:00:00,3.387,3.391,3.369,3.383,38159.234072
2026-04-22 13:00:00,3.382,3.421,3.374,3.409,93918.681877
2026-04-22 14:00:00,3.41,3.424,3.394,3.418,116495.323733
2026-04-22 15:00:00,3.418,3.439,3.406,3.409,115300.001595
2026-04-22 16:00:00,3.41,3.419,3.395,3.398,63320.360937
2026-04-22 17:00:00,3.399,3.421,3.394,3.414,38632.537047
2026-04-22 18:00:00,3.414,3.422,3.404,3.407,12412.539751
2026-04-22 19:00:00,3.408,3.409,3.371,3.382,18281.51798
2026-04-22 20:00:00,3.382,3.382,3.355,3.355,9195.127073
2026-04-22 21:00:00,3.354,3.375,3.353,3.369,24807.433918
2026-04-22 22:00:00,3.369,3.373,3.338,3.346,19954.325755
2026-04-22 23:00:00,3.346,3.348,3.314,3.316,29807.454449
2026-04-23 00:00:00,3.317,3.329,3.276,3.322,61107.834786
2026-04-23 01:00:00,3.324,3.324,3.296,3.31,7882.689195
2026-04-23 02:00:00,3.308,3.308,3.263,3.269,53642.517308
2026-04-23 03:00:00,3.268,3.275,3.245,3.26,31481.090812
2026-04-23 04:00:00,3.26,3.274,3.254,3.272,18599.234423
2026-04-23 05:00:00,3.272,3.289,3.267,3.283,49549.703545
2026-04-23 06:00:00,3.284,3.308,3.284,3.291,30813.50729
2026-04-23 07:00:00,3.291,3.292,3.25,3.254,94989.486744
2026-04-23 08:00:00,3.253,3.257,3.242,3.251,12864.403237
2026-04-23 09:00:00,3.25,3.25,3.217,3.228,71107.819253
2026-04-23 10:00:00,3.228,3.232,3.213,3.229,42018.011573
2026-04-23 11:00:00,3.228,3.25,3.227,3.246,31764.996246
2026-04-23 12:00:00,3.245,3.264,3.244,3.255,45166.854925
2026-04-23 13:00:00,3.256,3.274,3.253,3.269,27497.007253
2026-04-23 14:00:00,3.268,3.288,3.263,3.286,33006.252947
2026-04-23 15:00:00,3.287,3.314,3.276,3.297,17839.200004
2026-04-23 16:00:00,3.298,3.304,3.277,3.279,16780.648388
2026-04-23 17:00:00,3.28,3.281,3.208,3.236,68367.493871
2026-04-23 18:00:00,3.235,3.256,3.232,3.24,25590.700298
2026-04-23 19:00:00,3.24,3.262,3.235,3.255,24193.263492
2026-04-23 20:00:00,3.256,3.285,3.255,3.273,10281.633489
2026-04-23 21:00:00,3.274,3.292,3.271,3.28,32359.925086
2026-04-23 22:00:00,3.28,3.3,3.279,3.286,8309.613459
2026-04-23 23:00:00,3.285,3.301,3.28,3.292,17006.58489
2026-04-24 00:00:00,3.293,3.311,3.291,3.297,17376.233663
2026-04-24 01:00:00,3.297,3.297,3.243,3.265,135024.788951
2026-04-24 02:00:00,3.264,3.266,3.243,3.249,25198.529781
2026-04-24 03:00:00,3.249,3.253,3.22,3.241,30152.188566
2026-04-24 04:00:00,3.242,3.242,3.228,3.238,12163.467776
2026-04-24 05:00:00,3.239,3.264,3.233,3.258,38526.026322
2026-04-24 06:00:00,3.259,3.266,3.25,3.253,13854.700429
2026-04-24 07:00:00,3.253,3.262,3.238,3.248,22656.889293
2026-04-24 08:00:00,3.248,3.27,3.24,3.253,19716.506456
2026-04-24 09:00:00,3.253,3.255,3.237,3.246,19109.785574
2026-04-24 10:00:00,3.246,3.269,3.238,3.266,10327.383106
2026-04-24 11:00:00,3.266,3.286,3.26,3.276,36664.732875
2026-04-24 12:00:00,3.276,3.291,3.266,3.274,32957.420436
2026-04-24 13:00:00,3.276,3.291,3.26,3.266,17204.420878
2026-04-24 14:00:00,3.265,3.274,3.253,3.263,23767.319834
2026-04-24 15:00:00,3.263,3.271,3.24,3.262,26647.261779
2026-04-24 16:00:00,3.262,3.267,3.235,3.251,14227.409606
2026-04-24 17:00:00,3.25,3.268,3.25,3.262,4802.34265
2026-04-24 18:00:00,3.262,3.265,3.241,3.255,7459.428828
2026-04-24 19:00:00,3.257,3.27,3.254,3.269,10070.964512
2026-04-24 20:00:00,3.269,3.285,3.258,3.281,14274.369725
2026-04-24 21:00:00,3.281,3.292,3.264,3.268,19698.380635
2026-04-24 22:00:00,3.269,3.269,3.237,3.247,30209.984805
2026-04-24 23:00:00,3.247,3.254,3.245,3.252,7700.838853
2026-04-25 00:00:00,3.252,3.262,3.249,3.26,8118.607531
2026-04-25 01:00:00,3.261,3.274,3.253,3.266,15204.056036
2026-04-25 02:00:00,3.267,3.272,3.26,3.267,12345.714778
2026-04-25 03:00:00,3.267,3.279,3.261,3.274,10229.682412
2026-04-25 04:00:00,3.274,3.28,3.262,3.263,12166.892608
2026-04-25 05:00:00,3.262,3.266,3.251,3.263,10862.48999
2026-04-25 06:00:00,3.263,3.282,3.263,3.266,20416.429466
2026-04-25 07:00:00,3.266,3.269,3.258,3.258,7740.022817
2026-04-25 08:00:00,3.258,3.273,3.257,3.273,5648.182028
2026-04-25 09:00:00,3.273,3.278,3.265,3.271,15872.933684
2026-04-25 10:00:00,3.271,3.276,3.267,3.27,18499.731947
2026-04-25 11:00:00,3.269,3.269,3.238,3.248,40588.898628
2026-04-25 12:00:00,3.249,3.255,3.239,3.245,17157.865791
2026-04-25 13:00:00,3.245,3.259,3.244,3.253,57404.677306
2026-04-25 14:00:00,3.254,3.26,3.243,3.243,18647.16062
2026-04-25 15:00:00,3.242,3.257,3.231,3.244,22196.417699
2026-04-25 16:00:00,3.243,3.249,3.225,3.238,21753.537432
2026-04-25 17:00:00,3.237,3.242,3.228,3.232,12745.462286
2026-04-25 18:00:00,3.229,3.241,3.227,3.231,13430.453776
2026-04-25 19:00:00,3.232,3.234,3.227,3.233,7948.552881
2026-04-25 20:00:00,3.234,3.244,3.23,3.241,2274.128641
2026-04-25 21:00:00,3.242,3.248,3.239,3.244,17893.929901
2026-04-25 22:00:00,3.245,3.257,3.245,3.252,4578.848671
2026-04-25 23:00:00,3.253,3.262,3.248,3.258,10626.349124
2026-04-26 00:00:00,3.259,3.259,3.236,3.239,4232.441063
2026-04-26 01:00:00,3.239,3.242,3.23,3.231,15901.719876
2026-04-26 02:00:00,3.232,3.247,3.231,3.24,38434.420521
2026-04-26 03:00:00,3.242,3.254,3.238,3.253,21339.959872
2026-04-26 04:00:00,3.252,3.27,3.242,3.26,10956.792487
2026-04-26 05:00:00,3.26,3.294,3.26,3.273,30308.980846
2026-04-26 06:00:00,3.274,3.287,3.274,3.279,11209.94456
2026-04-26 07:00:00,3.281,3.283,3.272,3.283,25183.381577
2026-04-26 08:00:00,3.284,3.292,3.273,3.279,27554.952557
2026-04-26 09:00:00,3.279,3.291,3.274,3.287,6188.830764
2026-04-26 10:00:00,3.287,3.292,3.281,3.287,11545.303777
2026-04-26 11:00:00,3.289,3.3,3.284,3.288,19621.09127
2026-04-26 12:00:00,3.29,3.29,3.262,3.271,16854.144476
2026-04-26 13:00:00,3.269,3.271,3.257,3.26,30305.487218
2026-04-26 14:00:00,3.262,3.283,3.258,3.276,42314.149028
2026-04-26 15:00:00,3.275,3.281,3.268,3.278,14963.50756
2026-04-26 16:00:00,3.278,3.283,3.268,3.27,12973.07049
2026-04-26 17:00:00,3.27,3.275,3.262,3.272,8113.133721
2026-04-26 18:00:00,3.272,3.299,3.27,3.292,12764.390213
2026-04-26 19:00:00,3.292,3.309,3.289,3.295,17173.236579
2026-04-26 20:00:00,3.296,3.299,3.281,3.283,12161.653414
2026-04-26 21:00:00,3.282,3.294,3.264,3.291,16326.103934
2026-04-26 22:00:00,3.292,3.305,3.271,3.277,7067.843532
2026-04-26 23:00:00,3.276,3.297,3.272,3.281,7825.377321
2026-04-27 00:00:00,3.283,3.309,3.267,3.307,30011.397803
2026-04-27 01:00:00,3.308,3.326,3.293,3.325,30173.673208
2026-04-27 02:00:00,3.326,3.332,3.31,3.33,24858.095319
2026-04-27 03:00:00,3.328,3.36,3.328,3.347,31587.787666
2026-04-27 04:00:00,3.346,3.359,3.336,3.344,16668.270405
2026-04-27 05:00:00,3.345,3.345,3.244,3.253,113112.433085
2026-04-27 06:00:00,3.252,3.256,3.219,3.237,44363.175596
2026-04-27 07:00:00,3.237,3.241,3.22,3.229,63950.979717
2026-04-27 08:00:00,3.227,3.242,3.222,3.242,26956.973215
2026-04-27 09:00:00,3.243,3.25,3.235,3.246,27074.395325
2026-04-27 10:00:00,3.244,3.253,3.241,3.248,7194.685544
2026-04-27 11:00:00,3.248,3.256,3.237,3.256,15018.062416
2026-04-27 12:00:00,3.256,3.256,3.244,3.254,17702.836211
2026-04-27 13:00:00,3.254,3.259,3.226,3.24,28770.958718
2026-04-27 14:00:00,3.239,3.288,3.238,3.262,30112.516849
2026-04-27 15:00:00,3.262,3.263,3.176,3.194,112881.423039
2026-04-27 16:00:00,3.195,3.205,3.182,3.199,56975.160959
2026-04-27 17:00:00,3.2,3.217,3.199,3.21,32820.155205
2026-04-27 18:00:00,3.211,3.221,3.207,3.217,8138.965409
2026-04-27 19:00:00,3.217,3.219,3.195,3.211,13459.558817
2026-04-27 20:00:00,3.212,3.223,3.212,3.218,12283.499333
2026-04-27 21:00:00,3.215,3.229,3.212,3.216,9025.586438
2026-04-27 22:00:00,3.217,3.237,3.209,3.235,59984.617471
2026-04-27 23:00:00,3.235,3.255,3.231,3.251,12483.59322
2026-04-28 00:00:00,3.252,3.256,3.238,3.249,7363.063484
2026-04-28 01:00:00,3.249,3.253,3.241,3.243,21154.32816
2026-04-28 02:00:00,3.243,3.251,3.218,3.229,15156.751024
2026-04-28 03:00:00,3.229,3.232,3.22,3.224,10860.368834
2026-04-28 04:00:00,3.224,3.235,3.22,3.224,19352.659715
2026-04-28 05:00:00,3.224,3.241,3.223,3.228,9992.033572
2026-04-28 06:00:00,3.228,3.239,3.201,3.212,9935.323738
2026-04-28 07:00:00,3.212,3.219,3.196,3.218,10074.568158
2026-04-28 08:00:00,3.218,3.236,3.211,3.226,15434.926682
2026-04-28 09:00:00,3.226,3.229,3.21,3.217,7922.636908
2026-04-28 10:00:00,3.218,3.238,3.218,3.234,6172.857954
2026-04-28 11:00:00,3.235,3.238,3.211,3.217,8086.186828
2026-04-28 12:00:00,3.218,3.231,3.208,3.227,11569.067881
2026-04-28 13:00:00,3.228,3.235,3.196,3.223,14749.854454
2026-04-28 14:00:00,3.222,3.222,3.191,3.215,33057.595969
2026-04-28 15:00:00,3.216,3.228,3.216,3.225,22473.887397
2026-04-28 16:00:00,3.225,3.239,3.223,3.234,23971.149559
2026-04-28 17:00:00,3.231,3.239,3.217,3.234,15864.33111
2026-04-28 18:00:00,3.233,3.257,3.232,3.256,13072.891962
2026-04-28 19:00:00,3.258,3.275,3.248,3.272,24463.934959
2026-04-28 20:00:00,3.272,3.279,3.262,3.262,6412.844296
2026-04-28 21:00:00,3.262,3.27,3.249,3.26,11510.666086
2026-04-28 22:00:00,3.26,3.267,3.247,3.25,6236.645265
2026-04-28 23:00:00,3.251,3.253,3.233,3.241,10815.106975
2026-04-29 00:00:00,3.243,3.248,3.23,3.241,15693.362686
2026-04-29 01:00:00,3.24,3.248,3.23,3.243,6765.735616
2026-04-29 02:00:00,3.243,3.248,3.23,3.239,3543.442154
2026-04-29 03:00:00,3.24,3.276,3.24,3.271,29105.099824
2026-04-29 04:00:00,3.273,3.299,3.267,3.292,28945.719248
2026-04-29 05:00:00,3.292,3.306,3.282,3.297,31893.154587
2026-04-29 06:00:00,3.299,3.305,3.276,3.283,60654.086546
2026-04-29 07:00:00,3.283,3.298,3.276,3.289,47723.154275
2026-04-29 08:00:00,3.29,3.293,3.268,3.27,31492.811554
2026-04-29 09:00:00,3.269,3.321,3.265,3.316,27863.040629
2026-04-29 10:00:00,3.317,3.329,3.307,3.309,24738.21412
2026-04-29 11:00:00,3.309,3.31,3.29,3.298,13782.174063
2026-04-29 12:00:00,3.299,3.299,3.248,3.266,41505.632539
2026-04-29 13:00:00,3.265,3.27,3.222,3.241,26511.907625
2026-04-29 14:00:00,3.24,3.249,3.227,3.23,24003.731418
2026-04-29 15:00:00,3.23,3.234,3.177,3.186,71544.682163
2026-04-29 16:00:00,3.185,3.194,3.175,3.185,45797.064452
2026-04-29 17:00:00,3.185,3.221,3.185,3.215,57712.698204
2026-04-29 18:00:00,3.217,3.22,3.102,3.155,223368.704184
2026-04-29 19:00:00,3.155,3.163,3.141,3.152,21807.938272
2026-04-29 20:00:00,3.153,3.184,3.153,3.174,19340.29244
2026-04-29 21:00:00,3.173,3.199,3.169,3.187,10398.446977
2026-04-29 22:00:00,3.188,3.196,3.183,3.188,16141.545769
2026-04-29 23:00:00,3.188,3.195,3.181,3.191,3021.907043
2026-04-30 00:00:00,3.192,3.222,3.188,3.22,14235.231793
2026-04-30 01:00:00,3.218,3.225,3.208,3.214,33887.803867
2026-04-30 02:00:00,3.215,3.219,3.167,3.178,33485.256143
2026-04-30 03:00:00,3.177,3.193,3.171,3.189,10737.581033
2026-04-30 04:00:00,3.189,3.192,3.156,3.16,26127.386095
2026-04-30 05:00:00,3.16,3.172,3.145,3.164,14772.394864
2026-04-30 06:00:00,3.166,3.18,3.161,3.177,8565.741262
2026-04-30 07:00:00,3.179,3.203,3.174,3.197,18729.991489
2026-04-30 08:00:00,3.197,3.204,3.192,3.196,12376.485638
2026-04-30 09:00:00,3.196,3.221,3.194,3.211,12426.385542
2026-04-30 10:00:00,3.211,3.216,3.198,3.205,5950.229405
2026-04-30 11:00:00,3.207,3.227,3.193,3.205,21248.30753
2026-04-30 12:00:00,3.206,3.221,3.202,3.207,34562.290289
2026-04-30 13:00:00,3.207,3.214,3.19,3.198,13101.08851
2026-04-30 14:00:00,3.196,3.209,3.177,3.193,23298.658168
2026-04-30 15:00:00,3.192,3.206,3.181,3.193,30153.466705
2026-04-30 16:00:00,3.193,3.2,3.182,3.187,14110.183936
2026-04-30 17:00:00,3.186,3.195,3.178,3.189,12767.998333
2026-04-30 18:00:00,3.189,3.208,3.189,3.2,4219.608638
2026-04-30 19:00:00,3.198,3.208,3.188,3.192,18531.441731
2026-04-30 20:00:00,3.191,3.196,3.185,3.189,10918.519808
2026-04-30 21:00:00,3.19,3.194,3.175,3.175,15359.804128
2026-04-30 22:00:00,3.177,3.182,3.171,3.173,8637.06314
2026-04-30 23:00:00,3.174,3.192,3.171,3.186,12351.316389
2026-05-01 00:00:00,3.187,3.203,3.187,3.194,13446.352338
2026-05-01 01:00:00,3.194,3.212,3.194,3.209,9442.699365
2026-05-01 02:00:00,3.21,3.212,3.197,3.205,5448.835248
2026-05-01 03:00:00,3.206,3.245,3.2,3.226,19566.019744
2026-05-01 04:00:00,3.226,3.235,3.213,3.213,12412.96685
2026-05-01 05:00:00,3.215,3.224,3.208,3.22,10279.980203
2026-05-01 06:00:00,3.22,3.227,3.202,3.208,8984.381666
2026-05-01 07:00:00,3.208,3.214,3.198,3.211,21671.360175
2026-05-01 08:00:00,3.211,3.222,3.21,3.22,13176.937172
2026-05-01 09:00:00,3.219,3.219,3.197,3.205,10828.856048
2026-05-01 10:00:00,3.206,3.208,3.188,3.202,26473.007636
2026-05-01 11:00:00,3.203,3.212,3.197,3.209,21356.519878
2026-05-01 12:00:00,3.208,3.241,3.205,3.225,38279.456305
2026-05-01 13:00:00,3.227,3.276,3.227,3.266,42053.301974
2026-05-01 14:00:00,3.266,3.277,3.238,3.26,31106.608916
2026-05-01 15:00:00,3.261,3.268,3.234,3.246,50669.510488
2026-05-01 16:00:00,3.247,3.256,3.232,3.241,12108.757
2026-05-01 17:00:00,3.239,3.249,3.229,3.247,6520.758838
2026-05-01 18:00:00,3.247,3.25,3.235,3.236,11590.159462
2026-05-01 19:00:00,3.237,3.243,3.222,3.223,9511.52184
2026-05-01 20:00:00,3.224,3.226,3.191,3.198,19379.384796
2026-05-01 21:00:00,3.2,3.214,3.197,3.207,21135.211171
2026-05-01 22:00:00,3.208,3.217,3.201,3.203,8202.779256
2026-05-01 23:00:00,3.203,3.206,3.19,3.204,19458.814225
2026-05-02 00:00:00,3.205,3.212,3.2,3.208,8918.760978
2026-05-02 01:00:00,3.208,3.215,3.204,3.21,9040.273522
2026-05-02 02:00:00,3.21,3.214,3.204,3.208,5206.338929
2026-05-02 03:00:00,3.206,3.219,3.2,3.218,17521.679625
2026-05-02 04:00:00,3.217,3.218,3.198,3.2,17281.427083
2026-05-02 05:00:00,3.201,3.207,3.193,3.201,13228.666377
2026-05-02 06:00:00,3.201,3.213,3.198,3.212,6795.031681
2026-05-02 07:00:00,3.212,3.213,3.201,3.201,2685.780489
2026-05-02 08:00:00,3.201,3.205,3.198,3.204,2839.892615
2026-05-02 09:00:00,3.203,3.217,3.203,3.213,10571.182219
2026-05-02 10:00:00,3.213,3.218,3.211,3.214,11395.454592
2026-05-02 11:00:00,3.211,3.223,3.207,3.221,8449.706323
2026-05-02 12:00:00,3.222,3.231,3.217,3.217,16313.966614
2026-05-02 13:00:00,3.218,3.231,3.218,3.229,7261.743124
2026-05-02 14:00:00,3.23,3.236,3.226,3.235,13769.705239
2026-05-02 15:00:00,3.235,3.248,3.232,3.246,17623.947082
2026-05-02 16:00:00,3.247,3.259,3.246,3.253,12073.871858
2026-05-02 17:00:00,3.253,3.256,3.239,3.245,15251.274371
2026-05-02 18:00:00,3.242,3.254,3.235,3.248,10008.173941
2026-05-02 19:00:00,3.248,3.256,3.246,3.253,8014.477397
2026-05-02 20:00:00,3.255,3.256,3.251,3.251,3063.452994
2026-05-02 21:00:00,3.253,3.281,3.246,3.262,19788.593565
2026-05-02 22:00:00,3.264,3.273,3.259,3.27,13482.246481
2026-05-02 23:00:00,3.27,3.27,3.252,3.255,12700.698748
2026-05-03 00:00:00,3.256,3.261,3.239,3.246,9514.236663
2026-05-03 01:00:00,3.246,3.246,3.219,3.219,8086.337505
2026-05-03 02:00:00,3.22,3.223,3.209,3.214,12215.940676
2026-05-03 03:00:00,3.213,3.221,3.208,3.216,5993.088651
2026-05-03 04:00:00,3.214,3.218,3.209,3.213,4275.668799
2026-05-03 05:00:00,3.213,3.22,3.21,3.215,3668.799228
2026-05-03 06:00:00,3.214,3.223,3.21,3.216,10454.968389
2026-05-03 07:00:00,3.217,3.233,3.217,3.226,15029.36011
2026-05-03 08:00:00,3.227,3.236,3.222,3.222,10726.809621
2026-05-03 09:00:00,3.223,3.241,3.221,3.238,3415.186993
2026-05-03 10:00:00,3.239,3.239,3.224,3.226,1582.059143
2026-05-03 11:00:00,3.224,3.266,3.221,3.253,11370.123248
2026-05-03 12:00:00,3.254,3.267,3.248,3.25,11472.639017
2026-05-03 13:00:00,3.251,3.253,3.234,3.234,15195.454606
2026-05-03 14:00:00,3.238,3.245,3.231,3.242,15468.581925
2026-05-03 15:00:00,3.242,3.255,3.24,3.246,13959.054087
2026-05-03 16:00:00,3.249,3.254,3.236,3.243,4542.472997
2026-05-03 17:00:00,3.242,3.252,3.233,3.243,14553.256275
2026-05-03 18:00:00,3.245,3.251,3.238,3.24,31613.248734
2026-05-03 19:00:00,3.24,3.251,3.238,3.244,5382.288022
2026-05-03 20:00:00,3.245,3.266,3.244,3.247,16373.671296
2026-05-03 21:00:00,3.249,3.262,3.22,3.24,41668.283504
2026-05-03 22:00:00,3.241,3.277,3.241,3.264,22655.098351
2026-05-03 23:00:00,3.264,3.266,3.232,3.234,12579.388045
2026-05-04 00:00:00,3.235,3.243,3.21,3.239,13712.47435
2026-05-04 01:00:00,3.242,3.291,3.23,3.285,82216.524817
2026-05-04 02:00:00,3.288,3.337,3.288,3.323,103965.124378
2026-05-04 03:00:00,3.324,3.357,3.321,3.347,79260.144712
2026-05-04 04:00:00,3.348,3.452,3.346,3.445,189990.606833
2026-05-04 05:00:00,3.445,3.447,3.409,3.426,131469.834582
2026-05-04 06:00:00,3.427,3.432,3.36,3.39,96645.426797
2026-05-04 07:00:00,3.391,3.402,3.368,3.374,26802.319154
2026-05-04 08:00:00,3.373,3.39,3.369,3.38,75670.913384
2026-05-04 09:00:00,3.379,3.417,3.365,3.408,62418.451902
2026-05-04 10:00:00,3.41,3.41,3.259,3.29,195956.566088
2026-05-04 11:00:00,3.289,3.294,3.276,3.28,22567.80918
2026-05-04 12:00:00,3.28,3.309,3.279,3.282,48989.259567
2026-05-04 13:00:00,3.282,3.288,3.248,3.274,122647.256449
2026-05-04 14:00:00,3.273,3.352,3.266,3.333,105476.465641
2026-05-04 15:00:00,3.333,3.338,3.276,3.298,66275.738873
2026-05-04 16:00:00,3.299,3.318,3.273,3.297,41892.024999
2026-05-04 17:00:00,3.297,3.335,3.296,3.316,54803.174097
2026-05-04 18:00:00,3.315,3.32,3.298,3.313,13615.810524
2026-05-04 19:00:00,3.314,3.316,3.281,3.288,9311.614032
2026-05-04 20:00:00,3.289,3.289,3.263,3.264,20926.447655
2026-05-04 21:00:00,3.265,3.299,3.262,3.294,14584.203284
2026-05-04 22:00:00,3.293,3.305,3.28,3.282,14385.032443
2026-05-04 23:00:00,3.28,3.284,3.268,3.273,10300.245485
2026-05-05 00:00:00,3.274,3.293,3.271,3.291,24967.013767
2026-05-05 01:00:00,3.29,3.311,3.283,3.304,37510.514852
2026-05-05 02:00:00,3.304,3.33,3.301,3.314,14021.494267
2026-05-05 03:00:00,3.316,3.332,3.304,3.319,22182.791249
2026-05-05 04:00:00,3.319,3.337,3.314,3.325,7960.653434
2026-05-05 05:00:00,3.325,3.349,3.321,3.332,19328.701413
2026-05-05 06:00:00,3.334,3.337,3.313,3.337,12277.026304
2026-05-05 07:00:00,3.337,3.356,3.333,3.344,12144.646204
2026-05-05 08:00:00,3.345,3.352,3.333,3.346,16002.417288
2026-05-05 09:00:00,3.348,3.35,3.333,3.336,12155.149015
2026-05-05 10:00:00,3.338,3.363,3.331,3.357,11306.572736
2026-05-05 11:00:00,3.358,3.363,3.346,3.36,18868.892692
2026-05-05 12:00:00,3.362,3.373,3.356,3.37,21543.628893
2026-05-05 13:00:00,3.371,3.388,3.361,3.379,24471.097802
2026-05-05 14:00:00,3.379,3.391,3.343,3.361,30260.010779
2026-05-05 15:00:00,3.361,3.389,3.361,3.368,21133.951415
2026-05-05 16:00:00,3.369,3.374,3.339,3.349,26321.373083
2026-05-05 17:00:00,3.35,3.359,3.345,3.355,14777.284489
2026-05-05 18:00:00,3.355,3.371,3.354,3.36,16605.491931
2026-05-05 19:00:00,3.36,3.37,3.356,3.366,11284.353827
2026-05-05 20:00:00,3.367,3.391,3.364,3.389,49282.765695
2026-05-05 21:00:00,3.389,3.401,3.371,3.382,39789.330422
2026-05-05 22:00:00,3.382,3.388,3.345,3.358,46801.393679
2026-05-05 23:00:00,3.358,3.365,3.344,3.358,15484.97044
2026-05-06 00:00:00,3.357,3.366,3.34,3.362,27332.54886
2026-05-06 01:00:00,3.361,3.391,3.358,3.387,43119.387179
2026-05-06 02:00:00,3.386,3.386,3.351,3.37,26837.497022
2026-05-06 03:00:00,3.37,3.399,3.369,3.395,65033.209786
2026-05-06 04:00:00,3.396,3.401,3.376,3.381,28728.958037
2026-05-06 05:00:00,3.381,3.407,3.369,3.399,64575.060342
2026-05-06 06:00:00,3.4,3.406,3.38,3.397,41034.802766
2026-05-06 07:00:00,3.398,3.408,3.394,3.4,16085.318103
2026-05-06 08:00:00,3.399,3.475,3.397,3.473,57894.44851
2026-05-06 09:00:00,3.474,3.525,3.463,3.518,127560.778904
2026-05-06 10:00:00,3.519,3.553,3.517,3.544,209158.024449
2026-05-06 11:00:00,3.543,3.548,3.505,3.518,75712.917177
2026-05-06 12:00:00,3.519,3.539,3.509,3.517,46151.324974
2026-05-06 13:00:00,3.518,3.518,3.433,3.449,92342.381345
2026-05-06 14:00:00,3.448,3.468,3.397,3.439,103229.491485
2026-05-06 15:00:00,3.441,3.5,3.432,3.481,68021.730181
2026-05-06 16:00:00,3.481,3.494,3.452,3.477,34480.299545
2026-05-06 17:00:00,3.478,3.484,3.453,3.458,20029.645287
2026-05-06 18:00:00,3.46,3.465,3.44,3.453,12153.236663
2026-05-06 19:00:00,3.45,3.466,3.442,3.465,11429.241585
2026-05-06 20:00:00,3.465,3.485,3.451,3.466,13569.467817
2026-05-06 21:00:00,3.466,3.492,3.448,3.483,38508.370859
2026-05-06 22:00:00,3.483,3.485,3.456,3.463,19707.499579
2026-05-06 23:00:00,3.462,3.475,3.441,3.474,17939.766757
2026-05-07 00:00:00,3.475,3.48,3.431,3.432,58587.140413
2026-05-07 01:00:00,3.432,3.434,3.4,3.425,71755.872571
2026-05-07 02:00:00,3.424,3.436,3.399,3.431,70867.57801
2026-05-07 03:00:00,3.43,3.44,3.399,3.399,89311.748947
2026-05-07 04:00:00,3.402,3.434,3.39,3.434,43199.180071
2026-05-07 05:00:00,3.435,3.46,3.434,3.452,13349.522873
2026-05-07 06:00:00,3.453,3.494,3.432,3.491,43379.143088
2026-05-07 07:00:00,3.493,3.51,3.481,3.495,85876.662715
2026-05-07 08:00:00,3.496,3.498,3.481,3.485,28438.950605
2026-05-07 09:00:00,3.486,3.489,3.462,3.467,15918.800639
2026-05-07 10:00:00,3.466,3.481,3.449,3.466,36012.217763
2026-05-07 11:00:00,3.467,3.489,3.461,3.479,43285.385721
2026-05-07 12:00:00,3.478,3.509,3.476,3.505,47805.343006
2026-05-07 13:00:00,3.504,3.507,3.439,3.457,55637.657488
2026-05-07 14:00:00,3.456,3.465,3.402,3.423,91460.446737
2026-05-07 15:00:00,3.422,3.43,3.38,3.409,66921.490382
2026-05-07 16:00:00,3.409,3.443,3.402,3.42,67843.342359
2026-05-07 17:00:00,3.421,3.437,3.395,3.436,40790.219792
2026-05-07 18:00:00,3.436,3.453,3.423,3.433,15925.016974
2026-05-07 19:00:00,3.431,3.44,3.415,3.425,20297.420289
2026-05-07 20:00:00,3.426,3.451,3.409,3.409,18888.114196
2026-05-07 21:00:00,3.41,3.429,3.398,3.413,19263.877903
2026-05-07 22:00:00,3.412,3.418,3.394,3.41,23982.797121
2026-05-07 23:00:00,3.409,3.442,3.408,3.435,26244.855771
2026-05-08 00:00:00,3.435,3.449,3.418,3.428,17455.894907
2026-05-08 01:00:00,3.429,3.433,3.411,3.43,11474.576326
2026-05-08 02:00:00,3.428,3.432,3.389,3.413,22937.035661
2026-05-08 03:00:00,3.413,3.435,3.386,3.422,11174.470242
2026-05-08 04:00:00,3.421,3.444,3.418,3.433,27403.662846
2026-05-08 05:00:00,3.433,3.477,3.427,3.447,71494.193482
2026-05-08 06:00:00,3.446,3.465,3.429,3.442,49187.585906
2026-05-08 07:00:00,3.44,3.44,3.394,3.437,64052.524183
2026-05-08 08:00:00,3.437,3.468,3.434,3.457,68771.141267
2026-05-08 09:00:00,3.458,3.491,3.447,3.468,40449.707193
2026-05-08 10:00:00,3.468,3.512,3.465,3.488,121700.508191
2026-05-08 11:00:00,3.489,3.513,3.482,3.507,86354.503704
2026-05-08 12:00:00,3.506,3.511,3.483,3.493,64385.201593
2026-05-08 13:00:00,3.494,3.509,3.467,3.5,141883.57765
2026-05-08 14:00:00,3.502,3.6,3.497,3.584,213790.980421
2026-05-08 15:00:00,3.585,3.616,3.521,3.601,132203.732559
2026-05-08 16:00:00,3.603,3.707,3.588,3.679,450227.080176
2026-05-08 17:00:00,3.679,3.691,3.625,3.658,137364.136113
2026-05-08 18:00:00,3.658,3.703,3.658,3.694,66513.853378
2026-05-08 19:00:00,3.694,3.701,3.677,3.689,67566.606976
2026-05-08 20:00:00,3.69,3.699,3.669,3.685,33346.855679
2026-05-08 21:00:00,3.687,3.718,3.674,3.706,52184.96532
2026-05-08 22:00:00,3.706,3.733,3.69,3.698,36986.809974
2026-05-08 23:00:00,3.698,3.712,3.677,3.711,47004.810499
2026-05-09 00:00:00,3.712,3.824,3.692,3.778,364349.640041
2026-05-09 01:00:00,3.778,3.791,3.74,3.768,116134.617748
2026-05-09 02:00:00,3.767,3.776,3.736,3.743,64554.567629
2026-05-09 03:00:00,3.742,3.757,3.731,3.742,40257.99406
2026-05-09 04:00:00,3.743,3.763,3.719,3.727,48731.416214
2026-05-09 05:00:00,3.728,3.737,3.71,3.725,30591.474383
2026-05-09 06:00:00,3.725,3.732,3.676,3.69,55155.555552
2026-05-09 07:00:00,3.69,3.701,3.665,3.674,96534.242304
2026-05-09 08:00:00,3.674,3.688,3.667,3.671,24750.867256
2026-05-09 09:00:00,3.671,3.673,3.64,3.646,59216.914042
2026-05-09 10:00:00,3.649,3.659,3.636,3.652,16398.550732
2026-05-09 11:00:00,3.652,3.678,3.652,3.66,15700.478836
2026-05-09 12:00:00,3.659,3.671,3.652,3.656,15351.506609
2026-05-09 13:00:00,3.657,3.664,3.638,3.647,15331.152357
2026-05-09 14:00:00,3.647,3.647,3.622,3.628,63079.217119
2026-05-09 15:00:00,3.628,3.639,3.618,3.636,23529.130387
2026-05-09 16:00:00,3.638,3.649,3.627,3.641,79971.599574
2026-05-09 17:00:00,3.641,3.698,3.641,3.696,151758.308303
2026-05-09 18:00:00,3.695,3.741,3.695,3.709,66097.432672
2026-05-09 19:00:00,3.71,3.724,3.701,3.722,14334.643765
2026-05-09 20:00:00,3.722,3.734,3.716,3.734,20129.488544
2026-05-09 21:00:00,3.733,3.751,3.722,3.727,20949.627115
2026-05-09 22:00:00,3.728,3.787,3.717,3.76,52013.168288
2026-05-09 23:00:00,3.761,3.814,3.75,3.809,84209.819761
2026-05-10 00:00:00,3.81,3.825,3.743,3.746,142218.159217
2026-05-10 01:00:00,3.748,3.748,3.706,3.719,77468.002512
2026-05-10 02:00:00,3.719,3.719,3.68,3.712,93924.894931
2026-05-10 03:00:00,3.714,3.727,3.693,3.71,51958.835662
2026-05-10 04:00:00,3.71,3.764,3.705,3.749,76059.965062
2026-05-10 05:00:00,3.749,4.009,3.736,3.909,574458.520731
2026-05-10 06:00:00,3.908,3.983,3.895,3.979,287636.60826
2026-05-10 07:00:00,3.979,4.058,3.975,4.001,355255.603734
2026-05-10 08:00:00,4.002,4.056,3.986,4.026,246036.234919
2026-05-10 09:00:00,4.025,4.057,3.976,3.978,96050.54894
2026-05-10 10:00:00,3.979,3.979,3.909,3.92,144287.482474
2026-05-10 11:00:00,3.919,3.936,3.866,3.924,133497.401934
2026-05-10 12:00:00,3.923,4.007,3.919,3.993,271184.958446
2026-05-10 13:00:00,3.993,4.153,3.989,4.141,372360.291136
2026-05-10 14:00:00,4.143,4.17,4.037,4.067,210647.738585
2026-05-10 15:00:00,4.068,4.101,4.009,4.021,148817.667169
2026-05-10 16:00:00,4.022,4.086,4.006,4.04,160871.376117
2026-05-10 17:00:00,4.04,4.062,3.987,4.044,233067.285198
2026-05-10 18:00:00,4.045,4.047,4.014,4.032,28154.740239
2026-05-10 19:00:00,4.036,4.072,4.023,4.054,23692.006
2026-05-10 20:00:00,4.057,4.064,3.889,3.919,149137.505323
2026-05-10 21:00:00,3.917,3.966,3.902,3.921,89023.908807
2026-05-10 22:00:00,3.921,4.009,3.913,3.996,86428.133851
2026-05-10 23:00:00,3.997,4.021,3.979,3.993,45143.403515
2026-05-11 00:00:00,3.994,4.01,3.915,3.94,77485.022642
2026-05-11 01:00:00,3.941,3.997,3.929,3.992,21461.01036
2026-05-11 02:00:00,3.992,3.996,3.928,3.947,81504.159699
2026-05-11 03:00:00,3.948,3.96,3.879,3.95,217249.270033
2026-05-11 04:00:00,3.95,3.954,3.894,3.919,50832.131645
2026-05-11 05:00:00,3.92,3.968,3.918,3.954,40000.401854
2026-05-11 06:00:00,3.955,3.977,3.885,3.896,48673.966056
2026-05-11 07:00:00,3.894,3.916,3.88,3.902,36380.214224
2026-05-11 08:00:00,3.902,3.939,3.894,3.923,42058.667565
2026-05-11 09:00:00,3.923,3.952,3.918,3.949,27948.705387
2026-05-11 10:00:00,3.949,3.955,3.902,3.911,100108.732897
2026-05-11 11:00:00,3.913,3.928,3.904,3.91,18666.99381
2026-05-11 12:00:00,3.911,3.923,3.889,3.891,28913.315668
2026-05-11 13:00:00,3.893,3.911,3.846,3.868,74317.565367
2026-05-11 14:00:00,3.869,3.878,3.816,3.835,88421.31821
2026-05-11 15:00:00,3.836,3.906,3.824,3.904,46995.8557
2026-05-11 16:00:00,3.905,3.933,3.864,3.889,204700.763605
2026-05-11 17:00:00,3.889,3.917,3.872,3.899,27619.369119
2026-05-11 18:00:00,3.898,3.908,3.88,3.88,16020.704668
2026-05-11 19:00:00,3.881,3.911,3.877,3.909,44782.93729
2026-05-11 20:00:00,3.91,3.927,3.888,3.9,14562.799965
2026-05-11 21:00:00,3.901,3.911,3.889,3.889,8983.112502
2026-05-11 22:00:00,3.89,3.907,3.876,3.883,14274.019374
2026-05-11 23:00:00,3.883,3.901,3.867,3.898,9413.796238
2026-05-12 00:00:00,3.896,3.906,3.881,3.897,12093.40767
2026-05-12 01:00:00,3.897,3.902,3.776,3.807,122958.669541
2026-05-12 02:00:00,3.806,3.836,3.801,3.826,25489.823199
2026-05-12 03:00:00,3.827,3.833,3.807,3.813,9506.10759
2026-05-12 04:00:00,3.813,3.841,3.805,3.835,16218.275346
2026-05-12 05:00:00,3.834,3.845,3.823,3.836,8277.452612
2026-05-12 06:00:00,3.834,3.845,3.818,3.826,11699.33359
2026-05-12 07:00:00,3.826,3.839,3.806,3.825,15392.279726
2026-05-12 08:00:00,3.823,3.829,3.781,3.802,38677.524977
2026-05-12 09:00:00,3.802,3.813,3.781,3.805,22930.330819
2026-05-12 10:00:00,3.807,3.811,3.751,3.779,50933.203421
2026-05-12 11:00:00,3.78,3.783,3.746,3.769,56746.650294
2026-05-12 12:00:00,3.77,3.785,3.742,3.772,27657.493535
2026-05-12 13:00:00,3.772,3.785,3.736,3.742,38454.237604
2026-05-12 14:00:00,3.743,3.772,3.716,3.73,52587.512243
2026-05-12 15:00:00,3.73,3.74,3.696,3.707,56929.041256
2026-05-12 16:00:00,3.706,3.729,3.686,3.698,39686.230441
2026-05-12 17:00:00,3.698,3.746,3.698,3.74,12964.49004
2026-05-12 18:00:00,3.741,3.762,3.734,3.749,23714.404837
2026-05-12 19:00:00,3.75,3.778,3.75,3.769,8509.299274
2026-05-12 20:00:00,3.769,3.777,3.76,3.766,9232.013897
2026-05-12 21:00:00,3.767,3.775,3.762,3.77,3594.582562
2026-05-12 22:00:00,3.771,3.785,3.767,3.772,14969.761904
2026-05-12 23:00:00,3.77,3.781,3.756,3.764,16384.560694
2026-05-13 00:00:00,3.765,3.779,3.756,3.77,14054.796338
2026-05-13 01:00:00,3.773,3.828,3.773,3.803,106591.542353
2026-05-13 02:00:00,3.804,3.825,3.791,3.817,13050.165408
2026-05-13 03:00:00,3.816,3.84,3.812,3.833,34247.111161
2026-05-13 04:00:00,3.834,3.847,3.827,3.827,24221.476624
2026-05-13 05:00:00,3.826,3.827,3.778,3.802,99992.125339
2026-05-13 06:00:00,3.802,3.808,3.788,3.793,16312.557979
2026-05-13 07:00:00,3.793,3.796,3.782,3.796,10678.897527
2026-05-13 08:00:00,3.797,3.814,3.783,3.804,34701.663967
2026-05-13 09:00:00,3.805,3.839,3.803,3.814,81948.046201
2026-05-13 10:00:00,3.816,3.823,3.769,3.778,50922.538485
2026-05-13 11:00:00,3.778,3.782,3.74,3.752,56158.504607
2026-05-13 12:00:00,3.752,3.766,3.656,3.682,169588.377777
2026-05-13 13:00:00,3.682,3.702,3.64,3.656,86012.72909
2026-05-13 14:00:00,3.654,3.705,3.627,3.664,107244.277835
2026-05-13 15:00:00,3.663,3.675,3.58,3.588,99121.165989
2026-05-13 16:00:00,3.585,3.642,3.584,3.626,42828.268554
2026-05-13 17:00:00,3.626,3.646,3.626,3.634,36238.7305
2026-05-13 18:00:00,3.633,3.656,3.633,3.637,17855.393393
2026-05-13 19:00:00,3.637,3.639,3.62,3.625,14834.006842
2026-05-13 20:00:00,3.625,3.644,3.625,3.633,10700.720769
2026-05-13 21:00:00,3.635,3.636,3.606,3.61,9146.410911
2026-05-13 22:00:00,3.611,3.634,3.601,3.63,18717.651658
2026-05-13 23:00:00,3.63,3.635,3.618,3.623,5242.430977
2026-05-14 00:00:00,3.623,3.648,3.623,3.639,13069.891771
2026-05-14 01:00:00,3.636,3.646,3.629,3.642,12502.542557
2026-05-14 02:00:00,3.64,3.647,3.61,3.615,16966.265184
2026-05-14 03:00:00,3.615,3.626,3.564,3.573,36705.226284
2026-05-14 04:00:00,3.573,3.6,3.565,3.599,18207.882473
2026-05-14 05:00:00,3.598,3.622,3.597,3.615,35153.995491
2026-05-14 06:00:00,3.616,3.624,3.605,3.609,8744.045987
2026-05-14 07:00:00,3.608,3.619,3.595,3.595,5777.180609
2026-05-14 08:00:00,3.596,3.615,3.59,3.595,21001.627057
2026-05-14 09:00:00,3.598,3.598,3.576,3.589,9938.295369
2026-05-14 10:00:00,3.588,3.613,3.582,3.604,34477.993159
2026-05-14 11:00:00,3.605,3.605,3.581,3.585,24647.235489
2026-05-14 12:00:00,3.583,3.631,3.582,3.623,10927.667815
2026-05-14 13:00:00,3.624,3.656,3.62,3.639,31147.145047
2026-05-14 14:00:00,3.638,3.723,3.623,3.722,91730.467195
2026-05-14 15:00:00,3.724,3.762,3.702,3.759,89178.174875
2026-05-14 16:00:00,3.761,3.797,3.739,3.788,68037.543795
2026-05-14 17:00:00,3.791,3.791,3.729,3.761,55748.35432
2026-05-14 18:00:00,3.76,3.814,3.749,3.801,65911.700028
2026-05-14 19:00:00,3.8,3.815,3.766,3.787,50076.045969
2026-05-14 20:00:00,3.787,3.795,3.749,3.768,111081.365643
2026-05-14 21:00:00,3.769,3.772,3.744,3.763,13711.841792
2026-05-14 22:00:00,3.762,3.776,3.754,3.756,13796.615092
2026-05-14 23:00:00,3.755,3.755,3.72,3.733,27850.088736
2026-05-15 00:00:00,3.733,3.757,3.73,3.75,29538.345561
2026-05-15 01:00:00,3.75,3.757,3.694,3.704,91069.805334
2026-05-15 02:00:00,3.704,3.727,3.679,3.723,79410.533954
2026-05-15 03:00:00,3.722,3.73,3.703,3.707,17497.075307
2026-05-15 04:00:00,3.706,3.708,3.681,3.681,45432.339356
2026-05-15 05:00:00,3.681,3.687,3.629,3.635,70896.434992
2026-05-15 06:00:00,3.635,3.698,3.634,3.689,29534.047389
2026-05-15 07:00:00,3.691,3.727,3.683,3.706,31082.504948
2026-05-15 08:00:00,3.705,3.722,3.686,3.715,17174.151232
2026-05-15 09:00:00,3.716,3.716,3.66,3.686,25131.913242
2026-05-15 10:00:00,3.687,3.703,3.663,3.695,17705.07832
2026-05-15 11:00:00,3.696,3.699,3.671,3.674,17934.734411
2026-05-15 12:00:00,3.673,3.69,3.659,3.66,19904.673899
2026-05-15 13:00:00,3.662,3.67,3.53,3.541,177103.080111
2026-05-15 14:00:00,3.542,3.587,3.523,3.576,105208.3049
2026-05-15 15:00:00,3.576,3.61,3.561,3.602,24027.097841
2026-05-15 16:00:00,3.601,3.639,3.598,3.63,60967.993176
2026-05-15 17:00:00,3.63,3.64,3.616,3.63,24230.193035
2026-05-15 18:00:00,3.631,3.638,3.616,3.63,5725.465668
2026-05-15 19:00:00,3.631,3.631,3.603,3.605,4403.346629
2026-05-15 20:00:00,3.606,3.615,3.589,3.598,7975.646393
2026-05-15 21:00:00,3.597,3.606,3.587,3.589,42078.078741
2026-05-15 22:00:00,3.591,3.612,3.59,3.607,13886.612879
2026-05-15 23:00:00,3.606,3.61,3.598,3.601,5466.714801
2026-05-16 00:00:00,3.602,3.62,3.594,3.597,11577.800138
2026-05-16 01:00:00,3.598,3.601,3.579,3.592,20032.328111
2026-05-16 02:00:00,3.593,3.601,3.589,3.597,6149.000379
2026-05-16 03:00:00,3.598,3.602,3.584,3.586,6242.780329
2026-05-16 04:00:00,3.587,3.588,3.551,3.572,18949.168831
2026-05-16 05:00:00,3.573,3.584,3.558,3.564,13150.48214
2026-05-16 06:00:00,3.564,3.565,3.515,3.528,30708.501682
2026-05-16 07:00:00,3.528,3.544,3.468,3.543,411934.265272
2026-05-16 08:00:00,3.542,3.573,3.54,3.542,384579.527655
2026-05-16 09:00:00,3.542,3.549,3.474,3.494,82285.165613
2026-05-16 10:00:00,3.492,3.497,3.461,3.48,49058.401449
2026-05-16 11:00:00,3.479,3.496,3.479,3.484,58287.199159
2026-05-16 12:00:00,3.48,3.493,3.473,3.486,20719.585685
2026-05-16 13:00:00,3.486,3.499,3.478,3.498,23699.776377
2026-05-16 14:00:00,3.499,3.526,3.489,3.505,26824.018916
2026-05-16 15:00:00,3.505,3.515,3.5,3.505,23079.878222
2026-05-16 16:00:00,3.503,3.52,3.494,3.501,12591.212026
2026-05-16 17:00:00,3.502,3.523,3.502,3.518,8251.312511
2026-05-16 18:00:00,3.518,3.521,3.508,3.513,9248.377268
2026-05-16 19:00:00,3.514,3.515,3.507,3.508,724.464412
2026-05-16 20:00:00,3.509,3.519,3.504,3.506,4262.657764
2026-05-16 21:00:00,3.506,3.51,3.502,3.504,12815.037255
2026-05-16 22:00:00,3.504,3.505,3.493,3.493,3750.395953
2026-05-16 23:00:00,3.492,3.504,3.486,3.488,14185.125747
2026-05-17 00:00:00,3.487,3.497,3.47,3.48,14781.188433
2026-05-17 01:00:00,3.481,3.49,3.447,3.459,37608.262327
2026-05-17 02:00:00,3.459,3.475,3.456,3.47,12824.569364
2026-05-17 03:00:00,3.47,3.5,3.47,3.492,18701.577567
2026-05-17 04:00:00,3.493,3.522,3.491,3.509,17854.088252
2026-05-17 05:00:00,3.509,3.532,3.509,3.517,14857.139243
2026-05-17 06:00:00,3.517,3.522,3.506,3.51,11330.546493
2026-05-17 07:00:00,3.513,3.525,3.505,3.516,16951.929563
2026-05-17 08:00:00,3.518,3.521,3.502,3.504,8813.642473
2026-05-17 09:00:00,3.503,3.537,3.502,3.534,55617.065866
2026-05-17 10:00:00,3.535,3.573,3.535,3.571,43057.104299
2026-05-17 11:00:00,3.57,3.579,3.549,3.575,17515.024752
2026-05-17 12:00:00,3.576,3.611,3.568,3.593,24680.688386
2026-05-17 13:00:00,3.593,3.595,3.562,3.58,13746.266149
2026-05-17 14:00:00,3.58,3.582,3.529,3.56,28843.575305
2026-05-17 15:00:00,3.558,3.57,3.541,3.555,11117.74788
2026-05-17 16:00:00,3.555,3.575,3.537,3.543,11225.131349
2026-05-17 17:00:00,3.542,3.546,3.522,3.535,8763.43053
2026-05-17 18:00:00,3.534,3.563,3.525,3.563,8746.716903
2026-05-17 19:00:00,3.563,3.582,3.56,3.579,3498.718787
2026-05-17 20:00:00,3.579,3.585,3.56,3.583,8966.272841
2026-05-17 21:00:00,3.582,3.595,3.572,3.574,9130.316224
2026-05-17 22:00:00,3.573,3.574,3.521,3.536,22762.804093
2026-05-17 23:00:00,3.536,3.538,3.379,3.473,149558.099347
2026-05-18 00:00:00,3.472,3.48,3.44,3.454,65428.524382
2026-05-18 01:00:00,3.453,3.459,3.415,3.441,42949.875665
2026-05-18 02:00:00,3.44,3.467,3.439,3.453,22138.418337
2026-05-18 03:00:00,3.452,3.462,3.43,3.432,5510.143678
2026-05-18 04:00:00,3.434,3.448,3.414,3.447,88350.901419
2026-05-18 05:00:00,3.447,3.449,3.418,3.422,14411.801268
2026-05-18 06:00:00,3.423,3.441,3.406,3.424,52193.964261
2026-05-18 07:00:00,3.425,3.437,3.399,3.409,19051.584207
2026-05-18 08:00:00,3.411,3.427,3.411,3.425,7817.018532
2026-05-18 09:00:00,3.424,3.429,3.403,3.42,5963.907334
2026-05-18 10:00:00,3.422,3.424,3.363,3.385,73092.168542
2026-05-18 11:00:00,3.387,3.455,3.383,3.433,29740.25443
2026-05-18 12:00:00,3.432,3.478,3.432,3.46,23530.217982
2026-05-18 13:00:00,3.459,3.459,3.403,3.426,26575.871865
2026-05-18 14:00:00,3.426,3.428,3.368,3.383,46096.275307
2026-05-18 15:00:00,3.384,3.399,3.357,3.384,54558.537403
2026-05-18 16:00:00,3.386,3.399,3.368,3.393,30179.004636
2026-05-18 17:00:00,3.39,3.419,3.387,3.41,7213.814403
2026-05-18 18:00:00,3.41,3.412,3.365,3.367,10136.882181
2026-05-18 19:00:00,3.366,3.451,3.365,3.443,70095.00263
2026-05-18 20:00:00,3.444,3.46,3.433,3.444,14174.629242
2026-05-18 21:00:00,3.445,3.532,3.435,3.515,78671.491871
2026-05-18 22:00:00,3.516,3.546,3.516,3.536,69182.218036
2026-05-18 23:00:00,3.535,3.552,3.529,3.546,18188.561259
2026-05-19 00:00:00,3.546,3.588,3.544,3.561,54943.420104
2026-05-19 01:00:00,3.562,3.562,3.524,3.527,27397.761456
2026-05-19 02:00:00,3.526,3.559,3.509,3.525,20005.153652
2026-05-19 03:00:00,3.527,3.554,3.523,3.533,24583.423762
2026-05-19 04:00:00,3.533,3.549,3.517,3.527,16069.009377
2026-05-19 05:00:00,3.527,3.53,3.485,3.514,57909.951821
2026-05-19 06:00:00,3.512,3.533,3.512,3.524,15137.936786
2026-05-19 07:00:00,3.524,3.543,3.515,3.524,20262.590296
2026-05-19 08:00:00,3.524,3.534,3.501,3.519,8216.423738
2026-05-19 09:00:00,3.519,3.525,3.474,3.493,20527.274251
2026-05-19 10:00:00,3.494,3.507,3.476,3.492,18149.26783
2026-05-19 11:00:00,3.492,3.497,3.46,3.465,21819.440789
2026-05-19 12:00:00,3.464,3.49,3.458,3.49,44679.252997
2026-05-19 13:00:00,3.49,3.51,3.468,3.484,21260.573769
2026-05-19 14:00:00,3.485,3.492,3.436,3.46,28394.037526
2026-05-19 15:00:00,3.46,3.473,3.443,3.452,22676.231629
2026-05-19 16:00:00,3.457,3.479,3.447,3.477,5628.639407
2026-05-19 17:00:00,3.476,3.492,3.46,3.482,32871.754187
2026-05-19 18:00:00,3.481,3.498,3.464,3.467,5617.445168
2026-05-19 19:00:00,3.468,3.488,3.457,3.462,3643.824001
2026-05-19 20:00:00,3.463,3.479,3.46,3.474,10228.669594
2026-05-19 21:00:00,3.476,3.487,3.467,3.468,4066.117623
2026-05-19 22:00:00,3.467,3.467,3.439,3.444,6559.746302
2026-05-19 23:00:00,3.444,3.467,3.441,3.451,36416.531511
2026-05-20 00:00:00,3.451,3.46,3.433,3.442,8773.947778
2026-05-20 01:00:00,3.443,3.465,3.424,3.461,12025.940395
2026-05-20 02:00:00,3.461,3.467,3.444,3.448,4254.583499
2026-05-20 03:00:00,3.449,3.467,3.446,3.461,2049.504917
2026-05-20 04:00:00,3.461,3.475,3.459,3.475,5926.888396
2026-05-20 05:00:00,3.475,3.508,3.474,3.499,40828.469066
2026-05-20 06:00:00,3.5,3.581,3.499,3.578,71332.880791
2026-05-20 07:00:00,3.578,3.588,3.543,3.553,47353.740578
2026-05-20 08:00:00,3.554,3.632,3.55,3.599,333330.975936
2026-05-20 09:00:00,3.599,3.651,3.584,3.622,188846.798106
2026-05-20 10:00:00,3.623,3.666,3.618,3.626,60276.876927
2026-05-20 11:00:00,3.626,3.63,3.588,3.596,75729.836479
2026-05-20 12:00:00,3.595,3.614,3.59,3.604,17421.733789
2026-05-20 13:00:00,3.604,3.606,3.554,3.572,37397.164175
2026-05-20 14:00:00,3.573,3.613,3.555,3.603,30223.164422
2026-05-20 15:00:00,3.601,3.649,3.587,3.641,44977.47441
2026-05-20 16:00:00,3.64,3.644,3.592,3.61,49087.337067
2026-05-20 17:00:00,3.609,3.629,3.602,3.61,30232.277067
2026-05-20 18:00:00,3.611,3.622,3.591,3.6,8477.906397
2026-05-20 19:00:00,3.599,3.627,3.59,3.617,19074.32559
2026-05-20 20:00:00,3.617,3.639,3.604,3.633,15564.051679
2026-05-20 21:00:00,3.632,3.645,3.616,3.616,11709.714702
2026-05-20 22:00:00,3.615,3.629,3.596,3.626,10597.271396
2026-05-20 23:00:00,3.625,3.625,3.604,3.615,7493.252675
2026-05-21 00:00:00,3.615,3.659,3.614,3.645,58769.224799
2026-05-21 01:00:00,3.645,3.686,3.645,3.663,78185.464083
2026-05-21 02:00:00,3.663,3.695,3.654,3.654,211012.486368
2026-05-21 03:00:00,3.655,3.674,3.644,3.654,25592.27462
2026-05-21 04:00:00,3.654,3.683,3.654,3.678,13643.286672
2026-05-21 05:00:00,3.678,3.68,3.647,3.658,18578.237807
2026-05-21 06:00:00,3.658,3.667,3.627,3.642,41600.026582
2026-05-21 07:00:00,3.641,3.657,3.62,3.654,15955.571154
2026-05-21 08:00:00,3.655,3.69,3.651,3.652,14674.1295
2026-05-21 09:00:00,3.651,3.665,3.616,3.62,12980.821544
2026-05-21 10:00:00,3.618,3.624,3.571,3.588,54727.182284
2026-05-21 11:00:00,3.588,3.595,3.556,3.573,181307.864815
2026-05-21 12:00:00,3.574,3.589,3.563,3.583,27907.573303
2026-05-21 13:00:00,3.582,3.588,3.546,3.564,81687.362619
2026-05-21 14:00:00,3.566,3.579,3.544,3.558,79697.784051
2026-05-21 15:00:00,3.558,3.576,3.549,3.565,37676.04072
2026-05-21 16:00:00,3.566,3.575,3.526,3.538,26559.905841
2026-05-21 17:00:00,3.539,3.639,3.537,3.611,91715.796923
2026-05-21 18:00:00,3.609,3.629,3.583,3.6,39752.502538
2026-05-21 19:00:00,3.601,3.634,3.593,3.629,7928.74075
2026-05-21 20:00:00,3.629,3.64,3.612,3.614,10006.280418
2026-05-21 21:00:00,3.614,3.624,3.601,3.603,8577.350194
2026-05-21 22:00:00,3.605,3.613,3.593,3.604,6718.150599
2026-05-21 23:00:00,3.604,3.614,3.589,3.608,6658.34325
2026-05-22 00:00:00,3.61,3.61,3.58,3.587,32075.50343
2026-05-22 01:00:00,3.586,3.607,3.568,3.606,11873.044437
2026-05-22 02:00:00,3.608,3.648,3.607,3.631,29994.174651
2026-05-22 03:00:00,3.631,3.652,3.625,3.637,29686.252219
2026-05-22 04:00:00,3.638,3.654,3.615,3.622,8725.042533
2026-05-22 05:00:00,3.622,3.645,3.62,3.63,12433.291378
2026-05-22 06:00:00,3.63,3.635,3.607,3.612,6633.326283
2026-05-22 07:00:00,3.611,3.633,3.598,3.603,24041.329171
2026-05-22 08:00:00,3.604,3.613,3.571,3.592,14433.318969
2026-05-22 09:00:00,3.591,3.605,3.577,3.587,24427.712004
2026-05-22 10:00:00,3.587,3.596,3.572,3.587,13080.071437
2026-05-22 11:00:00,3.59,3.641,3.585,3.64,29454.174861
2026-05-22 12:00:00,3.64,3.676,3.634,3.676,39057.96835
2026-05-22 13:00:00,3.677,3.684,3.642,3.668,44274.260345
2026-05-22 14:00:00,3.668,3.668,3.592,3.603,36933.84559
2026-05-22 15:00:00,3.601,3.619,3.583,3.594,44327.602113
2026-05-22 16:00:00,3.594,3.612,3.579,3.604,47800.615615
2026-05-22 17:00:00,3.605,3.68,3.594,3.611,228328.879654
2026-05-22 18:00:00,3.61,3.611,3.5,3.537,73005.898487
2026-05-22 19:00:00,3.535,3.541,3.449,3.474,64759.569264
2026-05-22 20:00:00,3.474,3.504,3.473,3.5,31877.948415
2026-05-22 21:00:00,3.499,3.538,3.499,3.529,10811.693552
2026-05-22 22:00:00,3.527,3.527,3.492,3.498,17932.693601
2026-05-22 23:00:00,3.498,3.509,3.38,3.405,396394.523361
2026-05-23 00:00:00,3.406,3.406,3.315,3.333,333830.724581
2026-05-23 01:00:00,3.333,3.371,3.333,3.365,87746.128418
2026-05-23 02:00:00,3.366,3.378,3.361,3.375,27641.543118
2026-05-23 03:00:00,3.375,3.388,3.368,3.377,59442.613642
2026-05-23 04:00:00,3.376,3.377,3.345,3.362,65736.738857
2026-05-23 05:00:00,3.364,3.371,3.347,3.366,21886.923831
2026-05-23 06:00:00,3.367,3.369,3.34,3.349,34179.646768
2026-05-23 07:00:00,3.35,3.35,3.263,3.291,122436.017857
2026-05-23 08:00:00,3.29,3.313,3.277,3.313,45306.05879
2026-05-23 09:00:00,3.312,3.323,3.309,3.31,30853.662973
2026-05-23 10:00:00,3.31,3.316,3.3,3.306,19099.405435
2026-05-23 11:00:00,3.305,3.315,3.303,3.303,19150.814026
2026-05-23 12:00:00,3.302,3.313,3.294,3.311,21704.617465
2026-05-23 13:00:00,3.312,3.377,3.312,3.376,74317.178543
2026-05-23 14:00:00,3.376,3.409,3.355,3.396,159455.089172
2026-05-23 15:00:00,3.397,3.409,3.38,3.404,12547.991341
2026-05-23 16:00:00,3.403,3.426,3.386,3.414,35550.051222
2026-05-23 17:00:00,3.416,3.42,3.394,3.401,11148.734297
2026-05-23 18:00:00,3.4,3.45,3.398,3.43,23612.271499
2026-05-23 19:00:00,3.43,3.449,3.422,3.44,10439.573192
2026-05-23 20:00:00,3.441,3.561,3.431,3.561,53691.739942
2026-05-23 21:00:00,3.562,3.57,3.473,3.486,85610.854892
2026-05-23 22:00:00,3.488,3.497,3.45,3.464,18006.886807
2026-05-23 23:00:00,3.463,3.473,3.456,3.465,20180.611354
2026-05-24 00:00:00,3.466,3.469,3.453,3.458,24802.715324
2026-05-24 01:00:00,3.458,3.468,3.453,3.459,15697.903727
2026-05-24 02:00:00,3.46,3.461,3.441,3.452,16524.346391
2026-05-24 03:00:00,3.451,3.462,3.437,3.444,9163.142545
2026-05-24 04:00:00,3.446,3.456,3.444,3.446,6957.123714
2026-05-24 05:00:00,3.445,3.448,3.43,3.443,29542.075932
2026-05-24 06:00:00,3.443,3.469,3.439,3.463,13600.842029
2026-05-24 07:00:00,3.464,3.47,3.452,3.455,9576.81502
2026-05-24 08:00:00,3.457,3.469,3.449,3.458,11314.239104
2026-05-24 09:00:00,3.459,3.475,3.456,3.468,8543.73644
2026-05-24 10:00:00,3.469,3.472,3.445,3.451,26999.591827
2026-05-24 11:00:00,3.451,3.461,3.44,3.446,33223.012914
2026-05-24 12:00:00,3.449,3.449,3.419,3.43,11487.33506
2026-05-24 13:00:00,3.43,3.434,3.4,3.408,21194.947155
2026-05-24 14:00:00,3.413,3.417,3.347,3.392,93536.71717
2026-05-24 15:00:00,3.392,3.398,3.381,3.392,5570.127892
2026-05-24 16:00:00,3.391,3.402,3.381,3.395,17647.904515
2026-05-24 17:00:00,3.394,3.4,3.39,3.395,5323.851591
2026-05-24 18:00:00,3.395,3.398,3.377,3.385,6227.661253
2026-05-24 19:00:00,3.385,3.39,3.375,3.382,2259.031494
2026-05-24 20:00:00,3.383,3.384,3.364,3.367,10352.860891
2026-05-24 21:00:00,3.369,3.386,3.323,3.333,39008.70454
2026-05-24 22:00:00,3.335,3.385,3.335,3.367,8531.830692
2026-05-24 23:00:00,3.367,3.395,3.367,3.386,5866.126551
2026-05-25 00:00:00,3.388,3.408,3.388,3.394,19595.035587
2026-05-25 01:00:00,3.397,3.398,3.36,3.362,9275.055591
2026-05-25 02:00:00,3.363,3.392,3.363,3.369,9087.808835
2026-05-25 03:00:00,3.37,3.375,3.361,3.371,14131.90471
2026-05-25 04:00:00,3.372,3.402,3.366,3.395,8871.561489
2026-05-25 05:00:00,3.394,3.415,3.39,3.406,59652.147451
2026-05-25 06:00:00,3.405,3.419,3.396,3.405,12685.66815
2026-05-25 07:00:00,3.405,3.441,3.333,3.374,328856.969709
2026-05-25 08:00:00,3.37,3.375,3.359,3.369,22745.398112
2026-05-25 09:00:00,3.368,3.382,3.368,3.37,8572.156137
2026-05-25 10:00:00,3.371,3.389,3.367,3.381,14130.517824
2026-05-25 11:00:00,3.381,3.382,3.361,3.361,13165.132468
2026-05-25 12:00:00,3.361,3.366,3.351,3.355,10964.695926
2026-05-25 13:00:00,3.354,3.378,3.352,3.367,17486.274721
2026-05-25 14:00:00,3.366,3.396,3.366,3.392,37608.445402
2026-05-25 15:00:00,3.392,3.402,3.358,3.37,40234.865581
2026-05-25 16:00:00,3.37,3.387,3.352,3.387,25969.650844
2026-05-25 17:00:00,3.385,3.39,3.367,3.377,32200.735374
2026-05-25 18:00:00,3.375,3.383,3.35,3.355,26091.291737
2026-05-25 19:00:00,3.355,3.357,3.339,3.353,8959.688886
2026-05-25 20:00:00,3.353,3.361,3.325,3.33,11534.439852
2026-05-25 21:00:00,3.33,3.343,3.33,3.337,11542.158269
2026-05-25 22:00:00,3.338,3.342,3.312,3.312,31389.34195
2026-05-25 23:00:00,3.311,3.334,3.31,3.332,26882.316564
2026-05-26 00:00:00,3.33,3.334,3.27,3.288,98255.199542
2026-05-26 01:00:00,3.288,3.298,3.27,3.281,45368.526534
2026-05-26 02:00:00,3.282,3.289,3.274,3.281,9596.173793
2026-05-26 03:00:00,3.281,3.289,3.268,3.289,32092.126739
2026-05-26 04:00:00,3.29,3.305,3.279,3.3,18262.77105
2026-05-26 05:00:00,3.299,3.322,3.29,3.313,18261.675501
2026-05-26 06:00:00,3.311,3.314,3.293,3.304,33001.557719
2026-05-26 07:00:00,3.305,3.306,3.273,3.29,30844.958618
2026-05-26 08:00:00,3.291,3.308,3.29,3.304,10327.178411
2026-05-26 09:00:00,3.305,3.312,3.299,3.304,16178.472869
2026-05-26 10:00:00,3.303,3.368,3.301,3.361,74953.209032
2026-05-26 11:00:00,3.36,3.36,3.339,3.345,29284.713473
2026-05-26 12:00:00,3.344,3.358,3.328,3.357,29515.135123
2026-05-26 13:00:00,3.357,3.362,3.321,3.354,21331.858973
2026-05-26 14:00:00,3.354,3.388,3.32,3.34,95677.891443
2026-05-26 15:00:00,3.34,3.341,3.276,3.297,45916.869958
2026-05-26 16:00:00,3.297,3.299,3.257,3.286,61001.288825
2026-05-26 17:00:00,3.287,3.291,3.226,3.248,70831.179962
2026-05-26 18:00:00,3.246,3.268,3.235,3.243,20098.9511
2026-05-26 19:00:00,3.242,3.267,3.236,3.26,8145.67428
2026-05-26 20:00:00,3.261,3.265,3.253,3.265,7185.539739
2026-05-26 21:00:00,3.265,3.266,3.24,3.244,8893.662402
2026-05-26 22:00:00,3.245,3.253,3.239,3.246,13209.721421
2026-05-26 23:00:00,3.248,3.262,3.247,3.252,14605.606139
2026-05-27 00:00:00,3.253,3.286,3.253,3.285,26451.834938
2026-05-27 01:00:00,3.284,3.284,3.263,3.265,7046.056033
2026-05-27 02:00:00,3.268,3.275,3.251,3.274,15932.613915
2026-05-27 03:00:00,3.276,3.281,3.255,3.26,20770.062383
2026-05-27 04:00:00,3.259,3.265,3.223,3.26,37743.070508
2026-05-27 05:00:00,3.26,3.277,3.26,3.277,7153.256708
2026-05-27 06:00:00,3.277,3.3,3.27,3.293,24053.240159
2026-05-27 07:00:00,3.292,3.299,3.282,3.291,10685.563398
2026-05-27 08:00:00,3.291,3.301,3.27,3.273,11860.18459
2026-05-27 09:00:00,3.273,3.274,3.247,3.268,32510.36712
2026-05-27 10:00:00,3.268,3.28,3.264,3.274,16372.358571
2026-05-27 11:00:00,3.272,3.283,3.263,3.264,33162.482581
2026-05-27 12:00:00,3.263,3.305,3.258,3.284,35917.617589
2026-05-27 13:00:00,3.287,3.289,3.24,3.265,48511.51672
2026-05-27 14:00:00,3.267,3.287,3.243,3.276,19267.563509
2026-05-27 15:00:00,3.277,3.321,3.273,3.294,68144.377826
2026-05-27 16:00:00,3.297,3.304,3.267,3.283,15859.689463
2026-05-27 17:00:00,3.283,3.283,3.244,3.252,19131.515457
2026-05-27 18:00:00,3.249,3.271,3.234,3.269,23363.342528
2026-05-27 19:00:00,3.27,3.279,3.263,3.272,3234.484553
2026-05-27 20:00:00,3.273,3.283,3.266,3.278,7623.083811
2026-05-27 21:00:00,3.278,3.28,3.181,3.214,93262.616407
2026-05-27 22:00:00,3.214,3.238,3.206,3.223,31459.572595
2026-05-27 23:00:00,3.222,3.232,3.064,3.096,581942.465088
2026-05-28 00:00:00,3.095,3.118,3.081,3.104,170126.555472
2026-05-28 01:00:00,3.103,3.103,3.057,3.072,107132.763744
2026-05-28 02:00:00,3.073,3.086,3.068,3.081,83253.713916
2026-05-28 03:00:00,3.08,3.1,3.034,3.041,130826.682803
2026-05-28 04:00:00,3.039,3.06,3.018,3.058,296084.785579
2026-05-28 05:00:00,3.059,3.06,3.03,3.043,41880.644956
2026-05-28 06:00:00,3.042,3.047,3.028,3.041,42495.764551
2026-05-28 07:00:00,3.041,3.057,3.037,3.042,79154.164002
2026-05-28 08:00:00,3.044,3.05,3.018,3.02,68466.221001
2026-05-28 09:00:00,3.019,3.027,3.01,3.02,43158.900542
2026-05-28 10:00:00,3.02,3.024,3.005,3.008,34376.427819
2026-05-28 11:00:00,3.006,3.017,2.992,3.011,97777.210092
2026-05-28 12:00:00,3.011,3.029,2.997,3.021,25019.632226
2026-05-28 13:00:00,3.022,3.029,2.99,3.003,48786.869866
2026-05-28 14:00:00,3.003,3.031,2.974,3.006,55769.355241
2026-05-28 15:00:00,3.005,3.014,2.98,3.01,43525.856962
2026-05-28 16:00:00,3.01,3.057,2.999,3.043,75984.556655
2026-05-28 17:00:00,3.043,3.073,3.037,3.067,31016.191601
2026-05-28 18:00:00,3.066,3.083,3.063,3.068,29013.238359
2026-05-28 19:00:00,3.067,3.076,3.049,3.049,18928.247041
2026-05-28 20:00:00,3.049,3.07,3.036,3.058,17772.930243
2026-05-28 21:00:00,3.058,3.08,3.054,3.069,31091.401111
2026-05-28 22:00:00,3.07,3.076,3.039,3.045,8217.494839
2026-05-28 23:00:00,3.045,3.06,3.041,3.052,16843.56561
2026-05-29 00:00:00,3.052,3.087,3.052,3.071,85019.500846
2026-05-29 01:00:00,3.072,3.077,3.051,3.058,34898.71529
2026-05-29 02:00:00,3.058,3.065,3.033,3.037,18047.492878
2026-05-29 03:00:00,3.037,3.053,3.03,3.03,26374.588559
2026-05-29 04:00:00,3.032,3.048,3.022,3.048,30373.695053
2026-05-29 05:00:00,3.047,3.06,3.045,3.058,21304.893541
2026-05-29 06:00:00,3.059,3.07,3.053,3.068,18543.475714
2026-05-29 07:00:00,3.067,3.072,3.046,3.057,39523.800005
2026-05-29 08:00:00,3.057,3.069,2.98,2.998,391249.978853
2026-05-29 09:00:00,2.998,3.031,2.992,3.026,26758.22134
2026-05-29 10:00:00,3.024,3.029,3.0,3.006,62557.757928
2026-05-29 11:00:00,3.006,3.014,2.986,2.995,63393.215497
2026-05-29 12:00:00,2.996,2.998,2.976,2.986,58973.682342
2026-05-29 13:00:00,2.987,3.007,2.977,2.989,45633.350762
2026-05-29 14:00:00,2.991,3.006,2.948,2.993,79468.596666
2026-05-29 15:00:00,2.994,3.072,2.991,3.055,177363.383441
2026-05-29 16:00:00,3.057,3.059,3.03,3.053,50155.930288
2026-05-29 17:00:00,3.051,3.07,3.041,3.045,25640.689159
2026-05-29 18:00:00,3.045,3.053,3.0,3.013,63423.753718
2026-05-29 19:00:00,3.014,3.017,2.988,3.009,8423.262178
2026-05-29 20:00:00,3.009,3.024,3.006,3.021,6720.943967
2026-05-29 21:00:00,3.022,3.03,3.005,3.006,14391.497777
2026-05-29 22:00:00,3.007,3.022,3.001,3.018,15582.321974
2026-05-29 23:00:00,3.018,3.024,3.009,3.021,13599.395908
2026-05-30 00:00:00,3.022,3.051,3.016,3.05,53414.251719
2026-05-30 01:00:00,3.05,3.079,3.046,3.075,36597.798645
2026-05-30 02:00:00,3.074,3.085,3.068,3.082,13997.868805
2026-05-30 03:00:00,3.082,3.084,3.058,3.064,19618.390495
2026-05-30 04:00:00,3.065,3.071,3.019,3.044,40516.130445
2026-05-30 05:00:00,3.042,3.059,3.036,3.056,11559.394509
2026-05-30 06:00:00,3.055,3.06,3.042,3.044,7970.548984
2026-05-30 07:00:00,3.043,3.043,2.998,3.015,115056.678339
2026-05-30 08:00:00,3.015,3.026,3.015,3.02,8876.25404
2026-05-30 09:00:00,3.02,3.03,3.018,3.025,14353.179011
2026-05-30 10:00:00,3.027,3.049,3.026,3.03,25146.948104
2026-05-30 11:00:00,3.03,3.038,3.026,3.035,3569.223514
2026-05-30 12:00:00,3.035,3.035,3.027,3.032,7480.228516
2026-05-30 13:00:00,3.032,3.043,3.029,3.039,8354.444424
2026-05-30 14:00:00,3.039,3.052,3.039,3.046,26371.901454
2026-05-30 15:00:00,3.05,3.052,3.034,3.048,16093.211884
2026-05-30 16:00:00,3.048,3.059,3.043,3.059,8624.495482
2026-05-30 17:00:00,3.058,3.068,3.047,3.066,46021.179069
2026-05-30 18:00:00,3.067,3.074,3.06,3.071,12979.309015
2026-05-30 19:00:00,3.073,3.076,3.062,3.07,10352.293222
2026-05-30 20:00:00,3.068,3.076,3.067,3.074,4068.76721
2026-05-30 21:00:00,3.074,3.081,3.071,3.074,15087.305915
2026-05-30 22:00:00,3.073,3.073,3.041,3.05,17144.730562
2026-05-30 23:00:00,3.049,3.055,3.042,3.055,13977.471461
2026-05-31 00:00:00,3.056,3.067,3.05,3.058,11087.131456
2026-05-31 01:00:00,3.059,3.071,3.026,3.049,47187.256037
2026-05-31 02:00:00,3.048,3.067,3.044,3.063,12603.246296
2026-05-31 03:00:00,3.063,3.07,3.06,3.064,8862.613674
2026-05-31 04:00:00,3.064,3.07,3.06,3.07,13064.438092
2026-05-31 05:00:00,3.071,3.071,3.049,3.054,11463.821206
2026-05-31 06:00:00,3.054,3.057,3.046,3.051,15032.501037
2026-05-31 07:00:00,3.05,3.051,3.027,3.038,22187.830738
2026-05-31 08:00:00,3.038,3.049,3.035,3.044,19548.745957
2026-05-31 09:00:00,3.043,3.046,3.023,3.029,53553.603842
2026-05-31 10:00:00,3.029,3.032,3.018,3.032,6661.820235
2026-05-31 11:00:00,3.033,3.039,3.031,3.035,2042.130245
2026-05-31 12:00:00,3.035,3.044,3.027,3.039,6449.681009
2026-05-31 13:00:00,3.04,3.053,3.031,3.033,16661.932325
2026-05-31 14:00:00,3.033,3.033,2.974,2.988,94551.74538
2026-05-31 15:00:00,2.987,3.012,2.987,2.991,22674.375035
2026-05-31 16:00:00,2.991,2.994,2.965,2.966,24050.862067
2026-05-31 17:00:00,2.966,2.985,2.959,2.983,16025.15644
2026-05-31 18:00:00,2.983,2.986,2.976,2.983,26072.007723
2026-05-31 19:00:00,2.985,2.993,2.978,2.992,3936.277377
2026-05-31 20:00:00,2.992,3.008,2.992,3.007,4425.384079
2026-05-31 21:00:00,3.008,3.026,3.003,3.02,7680.990683
2026-05-31 22:00:00,3.021,3.03,3.006,3.028,29034.582826
2026-05-31 23:00:00,3.028,3.044,3.0,3.025,9616.218063
2026-06-01 00:00:00,3.026,3.045,3.023,3.035,13639.932115
2026-06-01 01:00:00,3.034,3.034,2.987,2.987,20766.498114
2026-06-01 02:00:00,2.987,3.034,2.981,3.026,25401.973512
2026-06-01 03:00:00,3.027,3.043,3.023,3.027,23215.737601
2026-06-01 04:00:00,3.028,3.035,2.995,3.005,17612.210694
2026-06-01 05:00:00,3.006,3.009,2.991,2.993,25575.677038
2026-06-01 06:00:00,2.995,2.998,2.965,2.98,37486.927926
2026-06-01 07:00:00,2.981,2.988,2.953,2.958,19131.475601
2026-06-01 08:00:00,2.958,2.965,2.933,2.959,49985.879824
2026-06-01 09:00:00,2.959,2.977,2.959,2.971,17809.06945
2026-06-01 10:00:00,2.974,2.977,2.962,2.975,14581.396525
2026-06-01 11:00:00,2.975,2.979,2.956,2.963,22192.181314
2026-06-01 12:00:00,2.965,2.974,2.936,2.96,70939.537869
2026-06-01 13:00:00,2.961,2.962,2.906,2.932,115674.886435
2026-06-01 14:00:00,2.933,2.943,2.917,2.931,23384.432423
2026-06-01 15:00:00,2.932,2.948,2.907,2.934,29212.959699
2026-06-01 16:00:00,2.933,2.965,2.913,2.964,45556.233396
2026-06-01 17:00:00,2.965,3.003,2.964,2.993,32633.962598
2026-06-01 18:00:00,2.993,2.997,2.977,2.985,10885.401834
2026-06-01 19:00:00,2.983,3.001,2.977,2.999,3870.006715
2026-06-01 20:00:00,2.998,2.999,2.983,2.983,16305.845168
2026-06-01 21:00:00,2.988,2.988,2.96,2.96,81405.970066
2026-06-01 22:00:00,2.96,2.984,2.946,2.983,13779.980681
2026-06-01 23:00:00,2.982,2.991,2.971,2.984,13418.373221
2026-06-02 00:00:00,2.985,2.986,2.965,2.967,8135.598971
2026-06-02 01:00:00,2.969,2.971,2.925,2.925,28125.652817
2026-06-02 02:00:00,2.926,2.951,2.897,2.951,86315.799778
2026-06-02 03:00:00,2.951,2.969,2.947,2.965,16527.20414
2026-06-02 04:00:00,2.966,2.97,2.942,2.944,15058.385769
2026-06-02 05:00:00,2.943,2.954,2.92,2.921,43778.703299
2026-06-02 06:00:00,2.921,2.931,2.902,2.911,24203.042537
2026-06-02 07:00:00,2.912,2.925,2.888,2.91,35684.27183
2026-06-02 08:00:00,2.908,2.919,2.903,2.911,12057.739657
2026-06-02 09:00:00,2.911,2.914,2.893,2.9,15358.377385
2026-06-02 10:00:00,2.904,2.926,2.897,2.923,12319.59084
2026-06-02 11:00:00,2.922,2.924,2.9,2.91,9033.655033
2026-06-02 12:00:00,2.908,2.924,2.903,2.92,24046.130339
2026-06-02 13:00:00,2.92,2.925,2.906,2.906,16017.993427
2026-06-02 14:00:00,2.911,2.911,2.803,2.842,277174.136504
2026-06-02 15:00:00,2.843,2.846,2.768,2.801,124084.284509
2026-06-02 16:00:00,2.8,2.863,2.794,2.831,78355.690266
2026-06-02 17:00:00,2.831,2.864,2.831,2.851,27471.784774
2026-06-02 18:00:00,2.853,2.865,2.818,2.829,10685.349137
2026-06-02 19:00:00,2.83,2.844,2.774,2.834,26827.877402
2026-06-02 20:00:00,2.834,2.848,2.811,2.844,30527.143264
2026-06-02 21:00:00,2.846,2.859,2.827,2.837,22475.006093
2026-06-02 22:00:00,2.836,2.836,2.76,2.765,42537.018381
2026-06-02 23:00:00,2.769,2.805,2.735,2.801,66733.23435
2026-06-03 00:00:00,2.802,2.834,2.789,2.825,82852.272594
2026-06-03 01:00:00,2.825,2.832,2.794,2.822,22565.890522
2026-06-03 02:00:00,2.821,2.821,2.803,2.813,12148.8577
2026-06-03 03:00:00,2.815,2.821,2.753,2.769,54942.163935
2026-06-03 04:00:00,2.77,2.824,2.77,2.822,36635.518318
2026-06-03 05:00:00,2.823,2.867,2.823,2.861,41798.897539
2026-06-03 06:00:00,2.861,2.872,2.848,2.854,35963.255927
2026-06-03 07:00:00,2.853,2.874,2.845,2.869,34760.97433
2026-06-03 08:00:00,2.871,2.888,2.865,2.875,22039.513799
2026-06-03 09:00:00,2.878,2.883,2.857,2.868,24806.843032
2026-06-03 10:00:00,2.869,2.897,2.869,2.89,21892.549662
2026-06-03 11:00:00,2.892,2.939,2.892,2.897,50497.699297
2026-06-03 12:00:00,2.896,2.915,2.874,2.91,27543.322673
2026-06-03 13:00:00,2.91,2.918,2.892,2.91,33851.179157
2026-06-03 14:00:00,2.91,2.927,2.893,2.927,58488.918028
2026-06-03 15:00:00,2.928,2.931,2.894,2.901,80763.461329
2026-06-03 16:00:00,2.903,2.91,2.825,2.853,123229.608939
2026-06-03 17:00:00,2.854,2.869,2.821,2.848,38726.078653
2026-06-03 18:00:00,2.849,2.864,2.829,2.861,20637.407606
2026-06-03 19:00:00,2.862,2.866,2.818,2.825,34975.871743
2026-06-03 20:00:00,2.823,2.847,2.768,2.782,46266.180295
2026-06-03 21:00:00,2.784,2.864,2.776,2.861,40335.520295
2026-06-03 22:00:00,2.861,2.873,2.818,2.823,30398.143158
2026-06-03 23:00:00,2.824,2.828,2.797,2.801,25033.982327
2026-06-04 00:00:00,2.8,2.826,2.742,2.769,94102.01821
2026-06-04 01:00:00,2.77,2.779,2.655,2.665,178684.941803
2026-06-04 02:00:00,2.665,2.706,2.568,2.693,297419.405257
2026-06-04 03:00:00,2.695,2.768,2.694,2.757,69814.948734
2026-06-04 04:00:00,2.758,2.771,2.734,2.741,38419.551464
2026-06-04 05:00:00,2.741,2.741,2.699,2.709,37554.369224
2026-06-04 06:00:00,2.707,2.737,2.702,2.716,31734.457311
2026-06-04 07:00:00,2.717,2.72,2.674,2.674,51746.165655
2026-06-04 08:00:00,2.675,2.695,2.653,2.685,17470.226114
2026-06-04 09:00:00,2.684,2.684,2.614,2.653,88267.10834
2026-06-04 10:00:00,2.653,2.654,2.61,2.618,75043.335286
2026-06-04 11:00:00,2.619,2.65,2.606,2.631,86639.364761
2026-06-04 12:00:00,2.632,2.687,2.61,2.68,87820.253927
2026-06-04 13:00:00,2.681,2.687,2.634,2.684,42743.974494
2026-06-04 14:00:00,2.685,2.691,2.66,2.668,28109.911025
2026-06-04 15:00:00,2.667,2.707,2.667,2.695,36816.207625
2026-06-04 16:00:00,2.694,2.695,2.655,2.668,51754.434278
2026-06-04 17:00:00,2.668,2.675,2.627,2.658,66820.542369
2026-06-04 18:00:00,2.659,2.686,2.635,2.676,14762.01769
2026-06-04 19:00:00,2.675,2.69,2.659,2.667,13517.11458
2026-06-04 20:00:00,2.666,2.666,2.644,2.66,9578.481016
2026-06-04 21:00:00,2.659,2.676,2.61,2.613,30188.413576
2026-06-04 22:00:00,2.612,2.643,2.602,2.641,32706.200168
2026-06-04 23:00:00,2.64,2.656,2.62,2.655,10120.144898
2026-06-05 00:00:00,2.654,2.666,2.625,2.626,18374.621296
2026-06-05 01:00:00,2.625,2.636,2.595,2.624,28941.834386
2026-06-05 02:00:00,2.625,2.628,2.566,2.57,47112.268238
2026-06-05 03:00:00,2.572,2.597,2.556,2.568,39539.24423
2026-06-05 04:00:00,2.569,2.615,2.557,2.612,46546.620164
2026-06-05 05:00:00,2.615,2.619,2.525,2.528,54981.095948
2026-06-05 06:00:00,2.53,2.536,2.407,2.495,283630.518973
2026-06-05 07:00:00,2.494,2.554,2.456,2.551,80740.822092
2026-06-05 08:00:00,2.553,2.554,2.514,2.52,37092.095896
2026-06-05 09:00:00,2.521,2.576,2.52,2.565,94259.367045
2026-06-05 10:00:00,2.566,2.57,2.533,2.552,62775.635183
2026-06-05 11:00:00,2.553,2.554,2.512,2.515,179315.803393
2026-06-05 12:00:00,2.513,2.536,2.484,2.515,64263.637233
2026-06-05 13:00:00,2.515,2.546,2.446,2.446,96859.850203
2026-06-05 14:00:00,2.447,2.495,2.426,2.471,186094.626788
2026-06-05 15:00:00,2.471,2.474,2.401,2.424,68427.771829
2026-06-05 16:00:00,2.42,2.488,2.371,2.475,157790.120118
2026-06-05 17:00:00,2.476,2.488,2.452,2.472,68687.097468
2026-06-05 18:00:00,2.473,2.484,2.369,2.382,97377.626238
2026-06-05 19:00:00,2.381,2.443,2.344,2.429,72026.174105
2026-06-05 20:00:00,2.43,2.481,2.404,2.475,35033.769411
2026-06-05 21:00:00,2.475,2.496,2.471,2.491,15067.836352
2026-06-05 22:00:00,2.492,2.493,2.461,2.481,33015.915224
2026-06-05 23:00:00,2.482,2.491,2.429,2.463,37250.628044
2026-06-06 00:00:00,2.462,2.486,2.461,2.479,31827.355136
2026-06-06 01:00:00,2.48,2.485,2.449,2.45,37506.701316
2026-06-06 02:00:00,2.449,2.45,2.423,2.429,27331.988844
2026-06-06 03:00:00,2.429,2.431,2.401,2.415,22385.379741
2026-06-06 04:00:00,2.413,2.426,2.317,2.34,107471.625115
2026-06-06 05:00:00,2.339,2.419,2.317,2.417,86783.349424
2026-06-06 06:00:00,2.418,2.441,2.414,2.416,39735.587679
2026-06-06 07:00:00,2.419,2.448,2.414,2.44,18269.971201
2026-06-06 08:00:00,2.439,2.462,2.434,2.449,24859.668755
2026-06-06 09:00:00,2.45,2.466,2.433,2.439,15269.011641
2026-06-06 10:00:00,2.439,2.44,2.391,2.411,34772.890415
2026-06-06 11:00:00,2.41,2.435,2.408,2.428,21243.113103
2026-06-06 12:00:00,2.429,2.461,2.42,2.455,22073.819762
2026-06-06 13:00:00,2.454,2.458,2.435,2.444,6150.762869
2026-06-06 14:00:00,2.44,2.458,2.44,2.443,10744.455896
2026-06-06 15:00:00,2.443,2.45,2.412,2.445,33829.968993
2026-06-06 16:00:00,2.445,2.454,2.425,2.448,14281.183779
2026-06-06 17:00:00,2.449,2.452,2.417,2.422,11339.283753
2026-06-06 18:00:00,2.421,2.439,2.416,2.429,32843.698752
2026-06-06 19:00:00,2.429,2.44,2.42,2.42,15754.239853
2026-06-06 20:00:00,2.421,2.435,2.414,2.432,16129.944084
2026-06-06 21:00:00,2.434,2.449,2.434,2.441,11888.118396
2026-06-06 22:00:00,2.44,2.45,2.43,2.442,13928.797207
2026-06-06 23:00:00,2.44,2.469,2.439,2.466,19994.802343
2026-06-07 00:00:00,2.467,2.481,2.462,2.47,18695.404652
2026-06-07 01:00:00,2.471,2.519,2.466,2.519,50598.092396
2026-06-07 02:00:00,2.52,2.521,2.497,2.512,25499.337025
2026-06-07 03:00:00,2.511,2.537,2.506,2.528,23787.450695
2026-06-07 04:00:00,2.53,2.554,2.514,2.55,39083.370987
2026-06-07 05:00:00,2.55,2.564,2.542,2.55,27682.589264
2026-06-07 06:00:00,2.55,2.568,2.535,2.557,32424.393008
2026-06-07 07:00:00,2.556,2.576,2.549,2.575,31490.10026
2026-06-07 08:00:00,2.575,2.596,2.564,2.594,34891.683844
2026-06-07 09:00:00,2.595,2.602,2.575,2.575,60865.607647
2026-06-07 10:00:00,2.575,2.577,2.548,2.55,46945.264442
2026-06-07 11:00:00,2.551,2.56,2.542,2.545,17733.108597
2026-06-07 12:00:00,2.544,2.546,2.495,2.516,39935.664524
2026-06-07 13:00:00,2.515,2.522,2.505,2.514,16700.067482
2026-06-07 14:00:00,2.513,2.541,2.511,2.529,131806.834186
2026-06-07 15:00:00,2.528,2.529,2.505,2.513,31810.062457
2026-06-07 16:00:00,2.514,2.53,2.511,2.526,20180.451173
2026-06-07 17:00:00,2.526,2.536,2.512,2.516,23635.692538
2026-06-07 18:00:00,2.518,2.522,2.508,2.511,7454.825008
2026-06-07 19:00:00,2.512,2.512,2.475,2.491,40899.213081
2026-06-07 20:00:00,2.489,2.515,2.484,2.505,14377.011773
2026-06-07 21:00:00,2.503,2.513,2.495,2.504,20537.703458
2026-06-07 22:00:00,2.505,2.629,2.505,2.551,59354.502824
2026-06-07 23:00:00,2.553,2.579,2.551,2.573,16790.206391
2026-06-08 00:00:00,2.572,2.591,2.552,2.579,33210.744167
2026-06-08 01:00:00,2.579,2.583,2.537,2.563,40663.90744
2026-06-08 02:00:00,2.564,2.576,2.556,2.561,15384.809271
2026-06-08 03:00:00,2.56,2.567,2.549,2.56,31459.704865
2026-06-08 04:00:00,2.563,2.563,2.536,2.538,20959.30158
2026-06-08 05:00:00,2.537,2.544,2.526,2.544,11770.079672
2026-06-08 06:00:00,2.544,2.563,2.54,2.54,10994.624251
2026-06-08 07:00:00,2.542,2.555,2.529,2.541,15101.317038
2026-06-08 08:00:00,2.541,2.542,2.509,2.512,19919.076781
2026-06-08 09:00:00,2.513,2.539,2.507,2.535,39894.902217
2026-06-08 10:00:00,2.536,2.537,2.511,2.513,25623.17203
2026-06-08 11:00:00,2.513,2.547,2.504,2.53,29911.209298
2026-06-08 12:00:00,2.53,2.561,2.497,2.555,49689.645846
2026-06-08 13:00:00,2.556,2.559,2.531,2.549,21134.779248
2026-06-08 14:00:00,2.549,2.567,2.536,2.564,17171.592261
2026-06-08 15:00:00,2.565,2.585,2.564,2.571,26255.174671
2026-06-08 16:00:00,2.572,2.597,2.561,2.563,26224.757774
2026-06-08 17:00:00,2.563,2.573,2.551,2.573,10129.08892
2026-06-08 18:00:00,2.574,2.592,2.568,2.583,39075.449906
2026-06-08 19:00:00,2.584,2.608,2.584,2.589,22955.543165
2026-06-08 20:00:00,2.59,2.591,2.574,2.583,5817.678449
2026-06-08 21:00:00,2.584,2.602,2.569,2.569,36511.010228
2026-06-08 22:00:00,2.568,2.568,2.542,2.553,34714.099105
2026-06-08 23:00:00,2.552,2.554,2.51,2.517,21368.352238
2026-06-09 00:00:00,2.516,2.517,2.458,2.469,97132.554045
2026-06-09 01:00:00,2.467,2.487,2.456,2.483,25649.026189
2026-06-09 02:00:00,2.482,2.491,2.471,2.491,14708.530706
2026-06-09 03:00:00,2.492,2.497,2.484,2.493,11991.528187
2026-06-09 04:00:00,2.492,2.527,2.489,2.513,25250.004341
2026-06-09 05:00:00,2.513,2.539,2.5,2.535,19181.760591
2026-06-09 06:00:00,2.534,2.546,2.524,2.524,11898.319475
2026-06-09 07:00:00,2.526,2.538,2.517,2.524,17222.267056
2026-06-09 08:00:00,2.525,2.529,2.51,2.52,13588.236007
2026-06-09 09:00:00,2.521,2.521,2.497,2.506,25330.284198
2026-06-09 10:00:00,2.507,2.512,2.498,2.506,18297.260816
2026-06-09 11:00:00,2.507,2.512,2.491,2.512,9549.119328
2026-06-09 12:00:00,2.512,2.525,2.511,2.524,10020.057366
2026-06-09 13:00:00,2.526,2.532,2.511,2.513,21631.455256
2026-06-09 14:00:00,2.512,2.519,2.462,2.486,56741.363556
2026-06-09 15:00:00,2.486,2.501,2.462,2.466,106822.73164
2026-06-09 16:00:00,2.465,2.475,2.437,2.462,68005.511426
2026-06-09 17:00:00,2.461,2.497,2.461,2.483,31272.70152
2026-06-09 18:00:00,2.484,2.502,2.48,2.488,22145.42027
2026-06-09 19:00:00,2.487,2.504,2.485,2.499,14369.309561
2026-06-09 20:00:00,2.501,2.513,2.497,2.505,10084.791102
2026-06-09 21:00:00,2.507,2.514,2.483,2.486,19864.906913
2026-06-09 22:00:00,2.487,2.499,2.47,2.47,15105.201582
2026-06-09 23:00:00,2.471,2.484,2.467,2.478,13137.404212
2026-06-10 00:00:00,2.48,2.494,2.464,2.492,20715.089072
2026-06-10 01:00:00,2.493,2.496,2.466,2.474,13339.225012
2026-06-10 02:00:00,2.476,2.479,2.448,2.456,15072.563867
2026-06-10 03:00:00,2.454,2.47,2.454,2.465,5110.172782
2026-06-10 04:00:00,2.466,2.468,2.444,2.45,14649.714524
2026-06-10 05:00:00,2.45,2.453,2.438,2.448,27058.040917
2026-06-10 06:00:00,2.448,2.457,2.438,2.452,6059.526187
2026-06-10 07:00:00,2.451,2.473,2.45,2.465,7792.996511
2026-06-10 08:00:00,2.465,2.465,2.437,2.442,20331.436691
2026-06-10 09:00:00,2.444,2.457,2.427,2.452,20328.083666
2026-06-10 10:00:00,2.45,2.459,2.441,2.455,10948.902364
2026-06-10 11:00:00,2.457,2.459,2.424,2.436,44996.206517
2026-06-10 12:00:00,2.435,2.484,2.423,2.468,69283.631823
2026-06-10 13:00:00,2.471,2.517,2.467,2.497,37225.846511
2026-06-10 14:00:00,2.496,2.504,2.473,2.487,26774.220397
2026-06-10 15:00:00,2.49,2.507,2.475,2.501,26483.476605
2026-06-10 16:00:00,2.503,2.504,2.457,2.468,32041.635735
2026-06-10 17:00:00,2.469,2.478,2.435,2.443,26650.875268
2026-06-10 18:00:00,2.443,2.445,2.399,2.409,112331.962109
2026-06-10 19:00:00,2.409,2.415,2.392,2.401,22584.565098
2026-06-10 20:00:00,2.4,2.41,2.384,2.392,33380.43851
2026-06-10 21:00:00,2.393,2.401,2.368,2.38,23519.856202
2026-06-10 22:00:00,2.382,2.39,2.368,2.377,27318.943256
2026-06-10 23:00:00,2.375,2.402,2.37,2.398,18126.104618
2026-06-11 00:00:00,2.397,2.418,2.396,2.409,13894.993578
2026-06-11 01:00:00,2.409,2.437,2.409,2.429,36438.157735
2026-06-11 02:00:00,2.429,2.44,2.42,2.439,22967.0597
2026-06-11 03:00:00,2.44,2.497,2.436,2.489,103529.570865
2026-06-11 04:00:00,2.489,2.502,2.475,2.492,39632.022944
2026-06-11 05:00:00,2.491,2.498,2.482,2.482,19347.585269
2026-06-11 06:00:00,2.482,2.504,2.468,2.488,73008.551951
2026-06-11 07:00:00,2.487,2.508,2.482,2.506,49185.834189
2026-06-11 08:00:00,2.508,2.538,2.504,2.525,53007.316827
2026-06-11 09:00:00,2.525,2.525,2.503,2.518,24310.488562
2026-06-11 10:00:00,2.518,2.523,2.507,2.518,8715.259726
2026-06-11 11:00:00,2.518,2.537,2.515,2.526,28355.364634
2026-06-11 12:00:00,2.526,2.53,2.489,2.506,51621.906983
2026-06-11 13:00:00,2.505,2.515,2.489,2.502,30839.516838
2026-06-11 14:00:00,2.502,2.525,2.493,2.501,45100.274189
2026-06-11 15:00:00,2.5,2.568,2.49,2.552,110520.135079
2026-06-11 16:00:00,2.553,2.556,2.509,2.511,22433.254389
2026-06-11 17:00:00,2.51,2.561,2.483,2.553,75063.503527
2026-06-11 18:00:00,2.554,2.559,2.522,2.522,25811.812195
2026-06-11 19:00:00,2.521,2.528,2.506,2.508,15400.914536
2026-06-11 20:00:00,2.508,2.51,2.483,2.491,21485.38933
2026-06-11 21:00:00,2.493,2.506,2.487,2.49,38100.084333
2026-06-11 22:00:00,2.491,2.52,2.484,2.515,29378.361375
2026-06-11 23:00:00,2.514,2.521,2.493,2.497,42082.559593
2026-06-12 00:00:00,2.498,2.514,2.492,2.506,32534.699182
2026-06-12 01:00:00,2.504,2.507,2.491,2.505,25794.356564
2026-06-12 02:00:00,2.506,2.528,2.506,2.518,12951.828384
2026-06-12 03:00:00,2.518,2.523,2.51,2.523,9206.582244
2026-06-12 04:00:00,2.524,2.53,2.513,2.524,19563.783727
2026-06-12 05:00:00,2.524,2.524,2.498,2.502,23589.112233
2026-06-12 06:00:00,2.502,2.505,2.478,2.49,44423.121407
2026-06-12 07:00:00,2.489,2.522,2.486,2.511,22772.869425
2026-06-12 08:00:00,2.511,2.523,2.51,2.521,33799.98894
2026-06-12 09:00:00,2.519,2.544,2.518,2.534,28428.738558
2026-06-12 10:00:00,2.535,2.541,2.523,2.532,35782.689445
2026-06-12 11:00:00,2.532,2.537,2.526,2.534,19140.490449
2026-06-12 12:00:00,2.533,2.541,2.525,2.534,23929.051787
2026-06-12 13:00:00,2.535,2.535,2.502,2.511,32897.221651
2026-06-12 14:00:00,2.512,2.561,2.509,2.553,73226.717056
2026-06-12 15:00:00,2.554,2.562,2.512,2.513,53759.241171
2026-06-12 16:00:00,2.514,2.546,2.507,2.54,42377.419707
2026-06-12 17:00:00,2.539,2.543,2.522,2.531,19160.674403
2026-06-12 18:00:00,2.532,2.535,2.516,2.52,5830.869184
2026-06-12 19:00:00,2.52,2.537,2.52,2.52,8959.817277
2026-06-12 20:00:00,2.521,2.526,2.511,2.517,13202.302551
2026-06-12 21:00:00,2.517,2.524,2.506,2.51,5803.741651
2026-06-12 22:00:00,2.51,2.513,2.5,2.506,7128.401062
2026-06-12 23:00:00,2.504,2.504,2.492,2.5,16192.54421
2026-06-13 00:00:00,2.501,2.502,2.49,2.499,18434.803349
2026-06-13 01:00:00,2.499,2.516,2.496,2.511,14303.906741
2026-06-13 02:00:00,2.512,2.516,2.503,2.504,53607.432186
2026-06-13 03:00:00,2.503,2.51,2.495,2.501,12822.429751
2026-06-13 04:00:00,2.501,2.505,2.49,2.491,7935.126365
2026-06-13 05:00:00,2.491,2.497,2.485,2.491,10274.416235
2026-06-13 06:00:00,2.492,2.51,2.488,2.505,13536.166423
2026-06-13 07:00:00,2.506,2.525,2.498,2.519,16803.330919
2026-06-13 08:00:00,2.518,2.526,2.51,2.515,17045.30667
2026-06-13 09:00:00,2.514,2.523,2.514,2.52,5332.184944
2026-06-13 10:00:00,2.521,2.537,2.52,2.533,13799.768048
2026-06-13 11:00:00,2.531,2.552,2.531,2.551,41603.096067
2026-06-13 12:00:00,2.551,2.562,2.544,2.557,27957.838661
2026-06-13 13:00:00,2.556,2.562,2.547,2.553,12413.857415
2026-06-13 14:00:00,2.553,2.566,2.553,2.564,26540.789353
2026-06-13 15:00:00,2.565,2.591,2.565,2.575,57568.4871
2026-06-13 16:00:00,2.575,2.575,2.534,2.545,11567.010363
2026-06-13 17:00:00,2.544,2.555,2.535,2.544,15572.834912
2026-06-13 18:00:00,2.544,2.552,2.541,2.545,5423.812033
2026-06-13 19:00:00,2.546,2.556,2.541,2.542,14046.203465
2026-06-13 20:00:00,2.542,2.549,2.537,2.546,4065.919943
2026-06-13 21:00:00,2.549,2.568,2.535,2.561,17664.768341
2026-06-13 22:00:00,2.563,2.564,2.551,2.551,17263.255929
2026-06-13 23:00:00,2.551,2.563,2.551,2.557,6190.369104
2026-06-14 00:00:00,2.557,2.558,2.546,2.549,7912.052708
2026-06-14 01:00:00,2.549,2.561,2.545,2.555,20504.2898
2026-06-14 02:00:00,2.555,2.565,2.55,2.559,22781.950899
2026-06-14 03:00:00,2.559,2.561,2.546,2.554,10236.79009
2026-06-14 04:00:00,2.554,2.555,2.53,2.533,17327.630342
2026-06-14 05:00:00,2.532,2.537,2.518,2.534,8551.631697
2026-06-14 06:00:00,2.534,2.547,2.528,2.529,15632.86983
2026-06-14 07:00:00,2.53,2.534,2.523,2.53,4703.239105
2026-06-14 08:00:00,2.53,2.543,2.526,2.531,3484.994713
2026-06-14 09:00:00,2.531,2.533,2.516,2.533,10491.345578
2026-06-14 10:00:00,2.534,2.538,2.524,2.524,24767.837725
2026-06-14 11:00:00,2.523,2.53,2.52,2.525,7146.315075
2026-06-14 12:00:00,2.526,2.527,2.511,2.515,8737.914091
2026-06-14 13:00:00,2.515,2.523,2.509,2.523,13960.438703
2026-06-14 14:00:00,2.524,2.526,2.478,2.48,40257.043562
2026-06-14 15:00:00,2.482,2.495,2.482,2.495,18015.787281
2026-06-14 16:00:00,2.492,2.499,2.487,2.491,11362.919772
2026-06-14 17:00:00,2.492,2.494,2.481,2.483,6099.920332
2026-06-14 18:00:00,2.484,2.49,2.48,2.485,4292.614126
2026-06-14 19:00:00,2.486,2.486,2.467,2.481,17315.630519
2026-06-14 20:00:00,2.482,2.499,2.479,2.491,5707.478221
2026-06-14 21:00:00,2.491,2.6,2.491,2.578,50076.871354
2026-06-14 22:00:00,2.579,2.597,2.555,2.579,32163.41523
2026-06-14 23:00:00,2.58,2.592,2.567,2.592,18004.836817
2026-06-15 00:00:00,2.592,2.607,2.576,2.582,31544.780164
2026-06-15 01:00:00,2.583,2.586,2.563,2.573,21888.754045
2026-06-15 02:00:00,2.573,2.595,2.568,2.574,7182.159164
2026-06-15 03:00:00,2.572,2.59,2.572,2.584,9364.669377
2026-06-15 04:00:00,2.583,2.591,2.577,2.584,11006.670752
2026-06-15 05:00:00,2.581,2.605,2.577,2.603,24187.826127
2026-06-15 06:00:00,2.604,2.612,2.597,2.597,21160.414774
2026-06-15 07:00:00,2.597,2.619,2.592,2.594,36144.871563
2026-06-15 08:00:00,2.596,2.616,2.59,2.608,17005.707928
2026-06-15 09:00:00,2.609,2.629,2.6,2.617,73368.594724
2026-06-15 10:00:00,2.619,2.664,2.617,2.651,68203.52789
2026-06-15 11:00:00,2.652,2.691,2.636,2.685,133280.548493
2026-06-15 12:00:00,2.687,2.705,2.674,2.687,59778.841395
2026-06-15 13:00:00,2.691,2.732,2.68,2.7,93534.324947
2026-06-15 14:00:00,2.701,2.708,2.687,2.7,54852.031933
2026-06-15 15:00:00,2.7,2.744,2.7,2.737,56070.13825
2026-06-15 16:00:00,2.738,2.745,2.724,2.728,55575.853492
2026-06-15 17:00:00,2.727,2.728,2.702,2.725,26323.221123
2026-06-15 18:00:00,2.726,2.726,2.702,2.702,32388.333279
2026-06-15 19:00:00,2.702,2.718,2.67,2.686,86448.666379
2026-06-15 20:00:00,2.688,2.709,2.68,2.696,17405.206075
2026-06-15 21:00:00,2.697,2.786,2.695,2.78,122054.574334
2026-06-15 22:00:00,2.781,2.805,2.73,2.786,389739.682218
2026-06-15 23:00:00,2.786,2.85,2.762,2.848,154765.313496
2026-06-16 00:00:00,2.848,2.98,2.829,2.975,350792.704194
2026-06-16 01:00:00,2.974,3.028,2.912,2.925,424989.427877
2026-06-16 02:00:00,2.925,2.925,2.783,2.796,269686.54111
2026-06-16 03:00:00,2.797,2.882,2.779,2.882,160107.555316
2026-06-16 04:00:00,2.883,2.896,2.846,2.884,142186.213721
2026-06-16 05:00:00,2.883,2.919,2.863,2.914,123751.235311
2026-06-16 06:00:00,2.917,2.96,2.899,2.957,120519.291646
2026-06-16 07:00:00,2.958,2.999,2.928,2.98,170507.313613
2026-06-16 08:00:00,2.981,3.022,2.95,3.003,225661.734584
2026-06-16 09:00:00,3.003,3.027,2.933,2.947,152306.033211
2026-06-16 10:00:00,2.948,3.063,2.934,3.029,184673.198774
2026-06-16 11:00:00,3.028,3.051,2.989,3.016,119260.834294
2026-06-16 12:00:00,3.016,3.08,2.993,3.074,154171.947353
2026-06-16 13:00:00,3.074,3.1,3.0,3.016,176391.196056
2026-06-16 14:00:00,3.017,3.054,2.941,2.963,185651.699949
2026-06-16 15:00:00,2.964,3.067,2.955,3.024,130068.460188
2026-06-16 16:00:00,3.025,3.155,3.014,3.086,305625.548774
2026-06-16 17:00:00,3.087,3.188,3.087,3.182,229815.495491
2026-06-16 18:00:00,3.183,3.255,3.174,3.242,228155.035203
2026-06-16 19:00:00,3.24,3.24,3.16,3.197,189580.465879
2026-06-16 20:00:00,3.195,3.326,3.188,3.28,229910.982993
2026-06-16 21:00:00,3.281,3.294,3.211,3.27,171340.005154
2026-06-16 22:00:00,3.27,3.315,3.259,3.27,160659.735426
2026-06-16 23:00:00,3.272,3.317,3.247,3.29,198749.047928
2026-06-17 00:00:00,3.291,3.433,3.291,3.41,398163.157372
2026-06-17 01:00:00,3.41,3.499,3.329,3.475,458616.831695
2026-06-17 02:00:00,3.476,3.584,3.458,3.552,459681.279478
2026-06-17 03:00:00,3.55,3.556,3.447,3.54,378783.912087
2026-06-17 04:00:00,3.542,3.618,3.488,3.546,284277.739957
2026-06-17 05:00:00,3.549,3.617,3.476,3.506,349848.180746
2026-06-17 06:00:00,3.506,3.682,3.505,3.632,907900.428378
2026-06-17 07:00:00,3.634,3.727,3.592,3.645,749633.649461
2026-06-17 08:00:00,3.647,3.648,3.443,3.487,528028.985892
2026-06-17 09:00:00,3.485,3.658,3.477,3.645,399623.98358
2026-06-17 10:00:00,3.645,3.672,3.526,3.532,473920.4704
2026-06-17 11:00:00,3.531,3.533,3.226,3.237,1660359.630463
2026-06-17 12:00:00,3.236,3.356,3.192,3.349,849097.733848
2026-06-17 13:00:00,3.348,3.35,3.283,3.312,219643.628932
2026-06-17 14:00:00,3.312,3.312,3.18,3.246,288597.140607
2026-06-17 15:00:00,3.247,3.355,3.218,3.335,294124.186268
2026-06-17 16:00:00,3.334,3.348,3.287,3.296,285491.821959
2026-06-17 17:00:00,3.297,3.31,3.271,3.309,81571.524403
2026-06-17 18:00:00,3.309,3.335,3.216,3.277,208918.109817
2026-06-17 19:00:00,3.278,3.288,3.166,3.191,234811.625987
2026-06-17 20:00:00,3.191,3.277,3.185,3.264,74255.9845
2026-06-17 21:00:00,3.264,3.315,3.229,3.247,105219.313506
2026-06-17 22:00:00,3.249,3.294,3.215,3.246,100801.475687
2026-06-17 23:00:00,3.247,3.264,3.217,3.227,102785.170913
2026-06-18 00:00:00,3.227,3.233,3.187,3.193,119082.931178
2026-06-18 01:00:00,3.193,3.249,3.193,3.224,96096.375625
2026-06-18 02:00:00,3.225,3.328,3.225,3.272,184506.110315
2026-06-18 03:00:00,3.27,3.27,3.123,3.149,335358.564959
2026-06-18 04:00:00,3.149,3.156,3.108,3.119,331416.323369
2026-06-18 05:00:00,3.118,3.124,3.067,3.091,266471.312959
2026-06-18 06:00:00,3.09,3.107,3.056,3.077,152498.939749
2026-06-18 07:00:00,3.076,3.135,3.061,3.106,146987.676975
2026-06-18 08:00:00,3.107,3.151,3.098,3.131,135766.298462
2026-06-18 09:00:00,3.132,3.153,3.116,3.137,64489.636882
2026-06-18 10:00:00,3.138,3.176,3.107,3.159,114660.702688
2026-06-18 11:00:00,3.16,3.19,3.101,3.111,73676.191279
2026-06-18 12:00:00,3.112,3.167,3.107,3.13,85418.590621
2026-06-18 13:00:00,3.13,3.15,3.081,3.121,80715.690127
2026-06-18 14:00:00,3.123,3.152,3.096,3.129,99114.486539
2026-06-18 15:00:00,3.129,3.13,3.005,3.021,270786.762528
2026-06-18 16:00:00,3.018,3.04,2.922,2.959,308428.500652
2026-06-18 17:00:00,2.96,2.979,2.934,2.947,176870.117702
2026-06-18 18:00:00,2.948,2.988,2.933,2.971,73597.426769
2026-06-18 19:00:00,2.971,3.014,2.964,3.008,53660.20147
2026-06-18 20:00:00,3.007,3.05,3.007,3.03,59545.076284
2026-06-18 21:00:00,3.031,3.065,3.014,3.049,84513.700426
2026-06-18 22:00:00,3.046,3.098,3.045,3.086,88322.878027
2026-06-18 23:00:00,3.086,3.22,3.077,3.209,316660.470841
2026-06-19 00:00:00,3.208,3.213,3.121,3.126,224368.591243
2026-06-19 01:00:00,3.126,3.145,3.1,3.124,58853.46018
2026-06-19 02:00:00,3.124,3.138,3.09,3.11,62443.651128
2026-06-19 03:00:00,3.112,3.119,3.05,3.065,159298.686956
2026-06-19 04:00:00,3.067,3.067,2.996,3.0,92529.841757
2026-06-19 05:00:00,3.001,3.045,3.001,3.045,80508.870455
2026-06-19 06:00:00,3.044,3.066,3.039,3.048,49030.466125
2026-06-19 07:00:00,3.047,3.061,3.013,3.027,50034.356984
2026-06-19 08:00:00,3.027,3.065,3.024,3.051,53792.990202
2026-06-19 09:00:00,3.052,3.086,3.042,3.057,88910.051887
2026-06-19 10:00:00,3.058,3.082,3.034,3.053,95754.090104
2026-06-19 11:00:00,3.054,3.066,3.04,3.057,60440.558114
2026-06-19 12:00:00,3.058,3.073,3.026,3.069,98203.148429
2026-06-19 13:00:00,3.07,3.115,3.053,3.111,116961.67061
2026-06-19 14:00:00,3.112,3.134,3.079,3.093,124181.619161
2026-06-19 15:00:00,3.093,3.104,3.051,3.055,75811.39018
2026-06-19 16:00:00,3.056,3.073,3.031,3.036,87627.685177
2026-06-19 17:00:00,3.038,3.07,3.035,3.063,47167.979575
2026-06-19 18:00:00,3.063,3.064,3.028,3.036,23458.634644
2026-06-19 19:00:00,3.037,3.039,3.008,3.022,38697.022037
2026-06-19 20:00:00,3.022,3.054,3.012,3.051,19737.941352
2026-06-19 21:00:00,3.051,3.072,3.035,3.043,23126.970684
2026-06-19 22:00:00,3.044,3.072,3.032,3.065,9067.312536
2026-06-19 23:00:00,3.066,3.092,3.056,3.085,19768.279941
2026-06-20 00:00:00,3.084,3.094,3.046,3.052,50001.129905
2026-06-20 01:00:00,3.05,3.054,3.031,3.038,22926.922656
2026-06-20 02:00:00,3.039,3.04,3.01,3.02,33534.806107
2026-06-20 03:00:00,3.021,3.033,3.01,3.019,42902.117365
2026-06-20 04:00:00,3.019,3.036,3.013,3.035,47172.662614
2026-06-20 05:00:00,3.036,3.061,3.03,3.054,68934.982409
2026-06-20 06:00:00,3.054,3.063,3.038,3.042,27555.031967
2026-06-20 07:00:00,3.043,3.043,3.01,3.013,41248.920732
2026-06-20 08:00:00,3.012,3.012,2.977,2.988,124104.305211
2026-06-20 09:00:00,2.989,3.015,2.987,3.013,28268.201781
2026-06-20 10:00:00,3.013,3.028,3.008,3.027,27316.027624
2026-06-20 11:00:00,3.029,3.029,2.986,3.01,41982.41878
2026-06-20 12:00:00,3.011,3.037,3.01,3.036,29803.300686
2026-06-20 13:00:00,3.036,3.037,2.96,2.981,121735.648433
2026-06-20 14:00:00,2.981,3.055,2.947,3.025,232186.817273
2026-06-20 15:00:00,3.026,3.066,3.024,3.052,64178.695946
2026-06-20 16:00:00,3.053,3.053,3.016,3.046,27230.860563
2026-06-20 17:00:00,3.047,3.047,2.986,3.003,18142.165328
2026-06-20 18:00:00,3.003,3.012,2.993,2.994,12564.538663
2026-06-20 19:00:00,2.994,3.009,2.994,3.008,5397.185538
2026-06-20 20:00:00,3.009,3.015,3.0,3.005,10717.289071
2026-06-20 21:00:00,3.006,3.019,2.995,3.009,16259.874062
2026-06-20 22:00:00,3.009,3.032,3.002,3.023,18888.743665
2026-06-20 23:00:00,3.024,3.024,3.005,3.006,14302.13034
2026-06-21 00:00:00,3.007,3.012,2.991,2.999,19115.995773
2026-06-21 01:00:00,3.0,3.007,2.968,2.977,107055.326929
2026-06-21 02:00:00,2.977,2.984,2.969,2.977,39379.135661
2026-06-21 03:00:00,2.976,2.995,2.963,2.968,35577.380575
2026-06-21 04:00:00,2.968,2.986,2.93,2.957,89565.525763
2026-06-21 05:00:00,2.959,2.979,2.953,2.976,56594.69783
2026-06-21 06:00:00,2.976,2.998,2.975,2.992,115862.789679
2026-06-21 07:00:00,2.993,3.007,2.99,3.002,30918.543076
2026-06-21 08:00:00,3.002,3.009,2.967,2.991,14902.272164
2026-06-21 09:00:00,2.992,3.058,2.99,3.052,77375.663595
2026-06-21 10:00:00,3.053,3.067,3.03,3.034,89255.635652
2026-06-21 11:00:00,3.035,3.036,3.003,3.022,69418.682943
2026-06-21 12:00:00,3.024,3.046,2.996,3.04,105763.274294
2026-06-21 13:00:00,3.04,3.04,3.021,3.039,46800.193041
2026-06-21 14:00:00,3.04,3.047,3.022,3.047,18213.469825
2026-06-21 15:00:00,3.048,3.133,3.047,3.115,116406.677724
2026-06-21 16:00:00,3.114,3.117,3.043,3.055,43140.31457
2026-06-21 17:00:00,3.056,3.074,3.029,3.035,46262.904235
2026-06-21 18:00:00,3.034,3.047,3.023,3.046,12893.372688
2026-06-21 19:00:00,3.047,3.056,3.04,3.047,11562.162713
2026-06-21 20:00:00,3.047,3.05,3.007,3.011,12250.505282
2026-06-21 21:00:00,3.011,3.03,2.98,3.015,41801.527356
2026-06-21 22:00:00,3.014,3.029,2.993,3.003,30749.646465
2026-06-21 23:00:00,3.002,3.002,2.963,2.985,65339.066607
2026-06-22 00:00:00,2.985,3.059,2.985,3.041,69267.608653
2026-06-22 01:00:00,3.045,3.095,3.035,3.067,53603.053296
2026-06-22 02:00:00,3.067,3.069,3.021,3.023,31195.663007
2026-06-22 03:00:00,3.022,3.037,2.997,3.006,50264.412186
2026-06-22 04:00:00,3.005,3.022,3.0,3.015,8823.784975
2026-06-22 05:00:00,3.014,3.073,3.014,3.04,41858.445704
2026-06-22 06:00:00,3.041,3.041,3.008,3.012,18424.444525
2026-06-22 07:00:00,3.013,3.037,3.011,3.017,16666.932808
2026-06-22 08:00:00,3.017,3.019,2.996,3.011,62875.047262
2026-06-22 09:00:00,3.009,3.021,3.007,3.012,13946.954928
2026-06-22 10:00:00,3.011,3.018,3.003,3.013,44003.650704
2026-06-22 11:00:00,3.013,3.056,3.009,3.05,69815.313815
2026-06-22 12:00:00,3.05,3.072,3.032,3.068,95550.68742
2026-06-22 13:00:00,3.069,3.113,3.059,3.112,64111.74033
2026-06-22 14:00:00,3.113,3.113,3.05,3.081,50084.520096
2026-06-22 15:00:00,3.082,3.104,3.054,3.069,61933.500927
2026-06-22 16:00:00,3.07,3.091,3.028,3.042,61382.214519
2026-06-22 17:00:00,3.041,3.043,3.012,3.03,42227.472959
2026-06-22 18:00:00,3.03,3.051,3.007,3.013,18272.956791
2026-06-22 19:00:00,3.014,3.023,3.001,3.014,11722.121021
2026-06-22 20:00:00,3.013,3.036,3.003,3.008,52120.247428
2026-06-22 21:00:00,3.009,3.014,2.98,3.001,46997.979554
2026-06-22 22:00:00,3.001,3.009,2.96,2.964,98562.143959
2026-06-22 23:00:00,2.964,2.987,2.958,2.985,87846.873742
2026-06-23 00:00:00,2.985,2.999,2.966,2.997,46905.461208
2026-06-23 01:00:00,2.996,3.011,2.965,2.992,47498.842984
2026-06-23 02:00:00,2.991,3.003,2.965,2.992,64678.049353
2026-06-23 03:00:00,2.992,2.995,2.974,2.993,15359.074599
2026-06-23 04:00:00,2.993,2.997,2.966,2.972,30074.051648
2026-06-23 05:00:00,2.972,2.985,2.968,2.979,63423.034937
2026-06-23 06:00:00,2.98,2.98,2.858,2.897,623863.918648
2026-06-23 07:00:00,2.897,2.904,2.86,2.864,108818.78932
2026-06-23 08:00:00,2.864,2.871,2.798,2.827,224757.834853
2026-06-23 09:00:00,2.828,2.847,2.828,2.843,44365.617379
2026-06-23 10:00:00,2.843,2.874,2.843,2.86,94324.493682
2026-06-23 11:00:00,2.86,2.894,2.858,2.89,70117.556509
2026-06-23 12:00:00,2.891,2.897,2.872,2.875,32759.304591
2026-06-23 13:00:00,2.875,2.915,2.866,2.906,87997.065248
2026-06-23 14:00:00,2.907,2.932,2.896,2.9,53609.752273
2026-06-23 15:00:00,2.899,2.923,2.884,2.903,42522.8536
2026-06-23 16:00:00,2.904,2.921,2.889,2.889,43606.540155
2026-06-23 17:00:00,2.888,2.908,2.886,2.892,18247.037662
2026-06-23 18:00:00,2.893,2.898,2.865,2.879,34141.223851
2026-06-23 19:00:00,2.88,2.902,2.877,2.899,23247.42225
2026-06-23 20:00:00,2.899,2.922,2.899,2.92,14260.829311
2026-06-23 21:00:00,2.92,2.937,2.917,2.922,36569.49316
2026-06-23 22:00:00,2.921,2.935,2.917,2.921,16686.028826
2026-06-23 23:00:00,2.921,2.927,2.91,2.925,26484.187677
2026-06-24 00:00:00,2.925,2.946,2.922,2.937,33812.02666
2026-06-24 01:00:00,2.939,2.949,2.924,2.934,31488.109925
2026-06-24 02:00:00,2.933,2.933,2.905,2.906,16098.63746
2026-06-24 03:00:00,2.908,2.923,2.891,2.918,43969.433439
2026-06-24 04:00:00,2.919,2.92,2.885,2.906,13847.932599
2026-06-24 05:00:00,2.907,2.923,2.904,2.913,22787.322391
2026-06-24 06:00:00,2.913,2.919,2.904,2.906,13469.742735
2026-06-24 07:00:00,2.907,2.912,2.895,2.897,27361.975047
2026-06-24 08:00:00,2.897,2.907,2.894,2.907,9467.979157
2026-06-24 09:00:00,2.906,2.906,2.894,2.899,6443.741432
2026-06-24 10:00:00,2.898,2.96,2.887,2.941,80541.040614
2026-06-24 11:00:00,2.941,2.967,2.891,2.933,99393.399703
2026-06-24 12:00:00,2.936,2.949,2.916,2.919,123043.696048
2026-06-24 13:00:00,2.919,2.921,2.838,2.856,116489.757617
2026-06-24 14:00:00,2.853,2.891,2.844,2.883,56529.574677
2026-06-24 15:00:00,2.883,2.884,2.8,2.808,135033.917254
2026-06-24 16:00:00,2.807,2.86,2.763,2.788,131360.478638
2026-06-24 17:00:00,2.789,2.807,2.727,2.733,106903.636115
2026-06-24 18:00:00,2.734,2.806,2.726,2.794,85893.975871
2026-06-24 19:00:00,2.795,2.812,2.774,2.812,34446.980557
2026-06-24 20:00:00,2.812,2.896,2.807,2.876,63005.550094
2026-06-24 21:00:00,2.878,2.901,2.863,2.9,26443.008808
2026-06-24 22:00:00,2.901,2.923,2.888,2.898,22806.403079
2026-06-24 23:00:00,2.898,2.931,2.897,2.926,62320.812434
2026-06-25 00:00:00,2.927,2.938,2.901,2.908,43061.999586
2026-06-25 01:00:00,2.909,2.932,2.903,2.927,24364.644075
2026-06-25 02:00:00,2.928,2.935,2.914,2.923,37744.192441
2026-06-25 03:00:00,2.925,2.952,2.912,2.933,37680.464615
2026-06-25 04:00:00,2.934,2.945,2.912,2.94,20833.967958
2026-06-25 05:00:00,2.941,3.034,2.938,2.973,197471.140329
2026-06-25 06:00:00,2.974,2.993,2.96,2.969,90037.407446
2026-06-25 07:00:00,2.97,2.972,2.937,2.965,109053.391232
2026-06-25 08:00:00,2.966,2.966,2.936,2.94,90163.491012
2026-06-25 09:00:00,2.941,2.953,2.935,2.951,24869.958673
2026-06-25 10:00:00,2.952,2.967,2.909,2.923,95091.05029
2026-06-25 11:00:00,2.923,2.93,2.914,2.929,50518.180545
2026-06-25 12:00:00,2.928,2.946,2.894,2.923,48711.849813
2026-06-25 13:00:00,2.925,2.953,2.744,2.754,240206.876194
2026-06-25 14:00:00,2.754,2.888,2.754,2.84,301456.01651
2026-06-25 15:00:00,2.84,2.863,2.798,2.859,82279.077941
2026-06-25 16:00:00,2.86,2.893,2.825,2.834,38310.539071
2026-06-25 17:00:00,2.835,2.874,2.83,2.862,50247.952139
2026-06-25 18:00:00,2.863,2.876,2.833,2.844,92671.522612
2026-06-25 19:00:00,2.844,2.844,2.814,2.828,26610.215975
2026-06-25 20:00:00,2.829,2.863,2.829,2.844,8993.528714
2026-06-25 21:00:00,2.843,2.895,2.843,2.893,28872.069284
2026-06-25 22:00:00,2.893,2.898,2.871,2.882,70179.473244
2026-06-25 23:00:00,2.881,2.904,2.875,2.886,11695.310529
2026-06-26 00:00:00,2.887,2.897,2.87,2.874,3857.095284
2026-06-26 01:00:00,2.873,2.874,2.836,2.844,24989.57154
2026-06-26 02:00:00,2.845,2.846,2.78,2.792,57790.035428
2026-06-26 03:00:00,2.793,2.882,2.774,2.872,47727.612061
2026-06-26 04:00:00,2.874,2.876,2.844,2.845,26190.613018
2026-06-26 05:00:00,2.845,2.877,2.841,2.866,58315.1793
2026-06-26 06:00:00,2.864,2.918,2.85,2.917,45517.206966
2026-06-26 07:00:00,2.917,2.958,2.916,2.937,84823.821309
2026-06-26 08:00:00,2.938,2.94,2.899,2.907,76334.353533
2026-06-26 09:00:00,2.909,2.911,2.871,2.871,20445.747411
2026-06-26 10:00:00,2.871,2.888,2.86,2.862,35544.842619
2026-06-26 11:00:00,2.863,2.874,2.825,2.838,31579.62798
2026-06-26 12:00:00,2.839,2.873,2.818,2.84,47844.246682
2026-06-26 13:00:00,2.839,2.898,2.81,2.897,50676.413845
2026-06-26 14:00:00,2.897,2.91,2.873,2.891,72172.503479
2026-06-26 15:00:00,2.886,2.956,2.886,2.942,71880.314158
2026-06-26 16:00:00,2.942,2.979,2.922,2.968,59876.527038
2026-06-26 17:00:00,2.968,3.026,2.967,3.007,76521.002259
2026-06-26 18:00:00,3.006,3.047,2.975,2.982,31307.230943
2026-06-26 19:00:00,2.982,3.017,2.974,2.977,36902.040121
2026-06-26 20:00:00,2.977,3.012,2.961,2.967,16423.355934
2026-06-26 21:00:00,2.968,2.989,2.957,2.976,14584.755442
2026-06-26 22:00:00,2.975,2.98,2.958,2.977,12603.384399
2026-06-26 23:00:00,2.977,2.981,2.958,2.964,18919.484119
2026-06-27 00:00:00,2.964,2.97,2.936,2.946,24961.320944
2026-06-27 01:00:00,2.947,2.948,2.936,2.937,16171.920359
2026-06-27 02:00:00,2.938,2.987,2.935,2.972,30540.407747
2026-06-27 03:00:00,2.971,2.971,2.943,2.945,14095.443508
2026-06-27 04:00:00,2.944,2.977,2.943,2.944,49086.269066
2026-06-27 05:00:00,2.944,2.945,2.925,2.942,26089.212357
2026-06-27 06:00:00,2.943,2.962,2.932,2.95,29099.156271
2026-06-27 07:00:00,2.947,2.95,2.94,2.943,9328.396308
2026-06-27 08:00:00,2.945,2.946,2.919,2.93,28211.141637
2026-06-27 09:00:00,2.929,2.931,2.911,2.926,17686.934877
2026-06-27 10:00:00,2.926,2.927,2.915,2.92,18634.285197
2026-06-27 11:00:00,2.921,2.923,2.905,2.923,9916.123897
2026-06-27 12:00:00,2.921,2.924,2.915,2.922,10230.68478
2026-06-27 13:00:00,2.921,2.942,2.918,2.94,16312.444848
2026-06-27 14:00:00,2.941,2.958,2.936,2.954,13869.094295
2026-06-27 15:00:00,2.956,3.016,2.956,2.999,39252.701761
2026-06-27 16:00:00,3.0,3.064,2.985,3.039,206888.704263
2026-06-27 17:00:00,3.04,3.048,2.991,2.994,36420.418091
2026-06-27 18:00:00,2.994,2.995,2.973,2.982,39000.240216
2026-06-27 19:00:00,2.981,2.988,2.936,2.947,22682.406707
2026-06-27 20:00:00,2.948,2.953,2.938,2.942,9960.244044
2026-06-27 21:00:00,2.945,2.951,2.921,2.937,14850.123326
2026-06-27 22:00:00,2.934,2.944,2.911,2.941,15379.246106
2026-06-27 23:00:00,2.941,2.944,2.92,2.925,106033.890812
2026-06-28 00:00:00,2.924,2.936,2.918,2.923,13677.226542
2026-06-28 01:00:00,2.923,2.923,2.912,2.919,19742.392619
2026-06-28 02:00:00,2.92,2.929,2.908,2.913,11909.814647
2026-06-28 03:00:00,2.912,2.924,2.908,2.922,42675.485054
2026-06-28 04:00:00,2.921,2.926,2.909,2.919,5147.560992
2026-06-28 05:00:00,2.918,2.918,2.887,2.907,19247.790767
2026-06-28 06:00:00,2.907,2.908,2.881,2.89,43826.026635
2026-06-28 07:00:00,2.891,2.908,2.891,2.906,31021.11246
2026-06-28 08:00:00,2.907,2.949,2.907,2.947,106587.432764
2026-06-28 09:00:00,2.949,2.979,2.926,2.932,85033.454885
2026-06-28 10:00:00,2.933,2.949,2.904,2.911,75988.778434
2026-06-28 11:00:00,2.911,2.932,2.91,2.928,40198.284764
2026-06-28 12:00:00,2.927,2.937,2.913,2.934,21598.890455
2026-06-28 13:00:00,2.934,2.939,2.913,2.923,21369.270825
2026-06-28 14:00:00,2.924,2.95,2.918,2.933,31736.747546
2026-06-28 15:00:00,2.933,2.944,2.921,2.937,36110.457893
2026-06-28 16:00:00,2.938,2.961,2.9,2.91,39139.374003
2026-06-28 17:00:00,2.911,2.917,2.873,2.899,57887.968416
2026-06-28 18:00:00,2.897,2.9,2.886,2.899,27481.591948
2026-06-28 19:00:00,2.9,2.905,2.872,2.882,12056.190341
2026-06-28 20:00:00,2.882,2.907,2.88,2.901,8741.065036
2026-06-28 21:00:00,2.899,2.903,2.872,2.88,7753.014074
2026-06-28 22:00:00,2.881,2.922,2.868,2.882,48582.292381
2026-06-28 23:00:00,2.881,2.942,2.877,2.925,31944.492306
2026-06-29 00:00:00,2.925,2.935,2.884,2.934,28286.64309
2026-06-29 01:00:00,2.933,2.942,2.908,2.929,78844.314834
2026-06-29 02:00:00,2.928,2.942,2.892,2.942,83935.966625
2026-06-29 03:00:00,2.942,2.995,2.942,2.969,149391.747623
2026-06-29 04:00:00,2.97,2.97,2.935,2.94,12529.950385
2026-06-29 05:00:00,2.941,2.957,2.905,2.957,38893.89478
2026-06-29 06:00:00,2.958,2.977,2.947,2.949,48454.04416
2026-06-29 07:00:00,2.948,2.951,2.933,2.941,47044.722711
2026-06-29 08:00:00,2.942,2.947,2.923,2.927,42063.696612
2026-06-29 09:00:00,2.928,2.958,2.928,2.954,32828.193589
2026-06-29 10:00:00,2.955,2.977,2.953,2.96,20524.29371
2026-06-29 11:00:00,2.961,2.962,2.919,2.926,41590.863144
2026-06-29 12:00:00,2.925,2.983,2.911,2.956,37773.825564
2026-06-29 13:00:00,2.955,2.986,2.921,2.94,62313.657894
2026-06-29 14:00:00,2.941,2.975,2.917,2.962,85204.653062
2026-06-29 15:00:00,2.963,2.977,2.922,2.962,29004.510678
2026-06-29 16:00:00,2.964,2.973,2.935,2.964,24744.580086
2026-06-29 17:00:00,2.965,3.016,2.965,2.991,326531.688652
2026-06-29 18:00:00,2.99,2.993,2.972,2.974,25917.075845
2026-06-29 19:00:00,2.975,2.988,2.966,2.981,16693.933023
2026-06-29 20:00:00,2.982,2.985,2.935,2.94,20249.77624
2026-06-29 21:00:00,2.939,2.943,2.924,2.939,56239.185787
2026-06-29 22:00:00,2.937,2.946,2.922,2.923,46969.074528
2026-06-29 23:00:00,2.923,2.924,2.885,2.896,177538.63403
2026-06-30 00:00:00,2.895,2.895,2.86,2.87,175318.672165
2026-06-30 01:00:00,2.87,2.884,2.863,2.879,25377.908945
2026-06-30 02:00:00,2.88,2.889,2.873,2.885,20016.615905
2026-06-30 03:00:00,2.885,2.896,2.87,2.871,17813.40928
2026-06-30 04:00:00,2.871,2.883,2.865,2.883,11694.133015
2026-06-30 05:00:00,2.882,2.892,2.879,2.889,24767.021074
2026-06-30 06:00:00,2.89,2.897,2.882,2.882,11679.050045
2026-06-30 07:00:00,2.881,2.886,2.866,2.878,89498.648643
2026-06-30 08:00:00,2.878,2.879,2.818,2.834,227380.452384
2026-06-30 09:00:00,2.833,2.844,2.829,2.836,54323.051889
2026-06-30 10:00:00,2.835,2.843,2.83,2.83,53465.033198
2026-06-30 11:00:00,2.831,2.833,2.775,2.801,230140.538557
2026-06-30 12:00:00,2.8,2.8,2.764,2.764,65387.614184
2026-06-30 13:00:00,2.766,2.786,2.75,2.781,66711.292294
2026-06-30 14:00:00,2.78,2.804,2.755,2.761,85981.700844
2026-06-30 15:00:00,2.76,2.786,2.756,2.76,33505.207313
2026-06-30 16:00:00,2.76,2.777,2.748,2.764,36132.035208
2026-06-30 17:00:00,2.765,2.778,2.759,2.766,71650.788663
2026-06-30 18:00:00,2.768,2.791,2.764,2.786,17595.25987
2026-06-30 19:00:00,2.784,2.806,2.78,2.787,20338.736603
2026-06-30 20:00:00,2.786,2.788,2.775,2.781,13080.983432
2026-06-30 21:00:00,2.781,2.787,2.777,2.786,8259.040909
2026-06-30 22:00:00,2.786,2.792,2.774,2.782,29777.926507
2026-06-30 23:00:00,2.783,2.785,2.778,2.779,11034.453366
2026-07-01 00:00:00,2.78,2.802,2.778,2.799,22771.98826
2026-07-01 01:00:00,2.799,2.809,2.741,2.798,80346.364062
2026-07-01 02:00:00,2.798,2.834,2.79,2.825,65980.939548
2026-07-01 03:00:00,2.826,2.85,2.813,2.847,79647.106168
2026-07-01 04:00:00,2.847,2.857,2.84,2.851,28189.463588
2026-07-01 05:00:00,2.851,2.851,2.828,2.836,22357.451277
2026-07-01 06:00:00,2.836,2.836,2.794,2.797,37212.348401
2026-07-01 07:00:00,2.797,2.801,2.773,2.783,30954.348117
2026-07-01 08:00:00,2.782,2.782,2.744,2.768,77853.170742
2026-07-01 09:00:00,2.766,2.776,2.754,2.759,51956.331051
2026-07-01 10:00:00,2.759,2.763,2.747,2.752,41375.151148
2026-07-01 11:00:00,2.753,2.767,2.732,2.74,37949.319441
2026-07-01 12:00:00,2.744,2.744,2.728,2.737,45414.954849
2026-07-01 13:00:00,2.738,2.79,2.715,2.781,115144.38228
2026-07-01 14:00:00,2.78,2.82,2.771,2.788,93627.354054
2026-07-01 15:00:00,2.789,2.826,2.789,2.804,52318.651945
2026-07-01 16:00:00,2.805,2.812,2.784,2.788,30595.184552
2026-07-01 17:00:00,2.789,2.817,2.776,2.813,17388.782544
2026-07-01 18:00:00,2.812,2.818,2.792,2.801,13102.495624
2026-07-01 19:00:00,2.802,2.813,2.786,2.791,8498.831486
2026-07-01 20:00:00,2.792,2.811,2.786,2.809,7864.53151
2026-07-01 21:00:00,2.81,2.853,2.81,2.847,57164.114338
2026-07-01 22:00:00,2.848,2.884,2.82,2.83,84183.569919
2026-07-01 23:00:00,2.829,2.829,2.788,2.791,50814.479519
2026-07-02 00:00:00,2.792,2.799,2.779,2.794,23599.412282
2026-07-02 01:00:00,2.796,2.835,2.795,2.822,31765.928418
2026-07-02 02:00:00,2.822,2.839,2.816,2.838,11755.416866
2026-07-02 03:00:00,2.838,2.861,2.816,2.856,61314.607167
2026-07-02 04:00:00,2.857,2.857,2.836,2.85,14790.699082
2026-07-02 05:00:00,2.851,2.852,2.828,2.836,26900.969293
2026-07-02 06:00:00,2.836,2.842,2.819,2.826,22562.430473
2026-07-02 07:00:00,2.826,2.83,2.818,2.822,22110.214815
2026-07-02 08:00:00,2.825,2.851,2.821,2.849,27220.975438
2026-07-02 09:00:00,2.849,2.904,2.836,2.888,94767.49455
2026-07-02 10:00:00,2.887,2.902,2.885,2.895,92606.544108
2026-07-02 11:00:00,2.899,3.052,2.894,3.047,604920.472321
2026-07-02 12:00:00,3.046,3.189,3.031,3.156,422763.003876
2026-07-02 13:00:00,3.157,3.22,3.125,3.19,290900.581128
2026-07-02 14:00:00,3.191,3.228,3.155,3.178,301009.144369
2026-07-02 15:00:00,3.177,3.201,3.138,3.167,185208.198245
2026-07-02 16:00:00,3.169,3.267,3.15,3.257,330437.241059
2026-07-02 17:00:00,3.259,3.289,3.233,3.242,308464.867442
2026-07-02 18:00:00,3.242,3.282,3.233,3.257,67044.962411
2026-07-02 19:00:00,3.257,3.26,3.162,3.195,103315.747175
2026-07-02 20:00:00,3.197,3.242,3.189,3.208,47994.431622
2026-07-02 21:00:00,3.209,3.212,3.189,3.204,44910.159509
2026-07-02 22:00:00,3.204,3.205,3.15,3.17,95427.68501
2026-07-02 23:00:00,3.169,3.184,3.154,3.179,29840.890651
2026-07-03 00:00:00,3.18,3.183,3.152,3.168,78874.731511
2026-07-03 01:00:00,3.167,3.216,3.163,3.205,55518.972245
2026-07-03 02:00:00,3.206,3.248,3.196,3.245,112582.80149
2026-07-03 03:00:00,3.244,3.244,3.196,3.214,41340.438025
2026-07-03 04:00:00,3.213,3.216,3.18,3.186,45196.436726
2026-07-03 05:00:00,3.185,3.204,3.174,3.191,34693.110319
2026-07-03 06:00:00,3.189,3.219,3.187,3.207,47044.960227
2026-07-03 07:00:00,3.206,3.216,3.19,3.196,47563.008305
2026-07-03 08:00:00,3.197,3.251,3.187,3.205,76678.787745
2026-07-03 09:00:00,3.206,3.229,3.194,3.2,75542.830427
2026-07-03 10:00:00,3.199,3.244,3.198,3.228,88884.776945
2026-07-03 11:00:00,3.227,3.241,3.215,3.238,111967.720615
2026-07-03 12:00:00,3.237,3.279,3.216,3.275,76867.969881
2026-07-03 13:00:00,3.277,3.31,3.259,3.281,101162.084774
2026-07-03 14:00:00,3.28,3.289,3.249,3.287,35586.94917
2026-07-03 15:00:00,3.288,3.304,3.265,3.265,30292.77665
2026-07-03 16:00:00,3.267,3.287,3.252,3.276,32367.464457
2026-07-03 17:00:00,3.275,3.288,3.259,3.268,23365.847052
2026-07-03 18:00:00,3.269,3.27,3.245,3.252,18763.054122
2026-07-03 19:00:00,3.251,3.256,3.232,3.242,37630.619895
2026-07-03 20:00:00,3.241,3.28,3.24,3.271,16951.418726
2026-07-03 21:00:00,3.272,3.275,3.245,3.253,20007.24961
2026-07-03 22:00:00,3.253,3.253,3.206,3.213,42694.407574
2026-07-03 23:00:00,3.214,3.216,3.198,3.209,21570.509036
2026-07-04 00:00:00,3.21,3.226,3.2,3.201,14937.972054
2026-07-04 01:00:00,3.202,3.202,3.171,3.18,51203.154902
2026-07-04 02:00:00,3.181,3.197,3.176,3.192,14997.985285
2026-07-04 03:00:00,3.192,3.21,3.187,3.203,11510.489199
2026-07-04 04:00:00,3.204,3.216,3.195,3.212,33968.089281
2026-07-04 05:00:00,3.211,3.211,3.184,3.201,27292.187098
2026-07-04 06:00:00,3.2,3.205,3.176,3.182,24751.595651
2026-07-04 07:00:00,3.181,3.185,3.172,3.184,13096.254464
2026-07-04 08:00:00,3.184,3.212,3.172,3.2,30422.859146
2026-07-04 09:00:00,3.202,3.203,3.179,3.191,9028.632277
2026-07-04 10:00:00,3.19,3.208,3.188,3.203,22731.085336
2026-07-04 11:00:00,3.201,3.201,3.188,3.191,10273.548926
2026-07-04 12:00:00,3.192,3.202,3.189,3.199,19854.164274
2026-07-04 13:00:00,3.199,3.22,3.183,3.194,10596.725915
2026-07-04 14:00:00,3.193,3.227,3.193,3.226,24575.268561
2026-07-04 15:00:00,3.228,3.284,3.225,3.259,64853.494798
2026-07-04 16:00:00,3.26,3.263,3.24,3.247,16916.14615
2026-07-04 17:00:00,3.248,3.267,3.234,3.259,37238.193119
2026-07-04 18:00:00,3.259,3.26,3.226,3.233,22898.847451
2026-07-04 19:00:00,3.232,3.257,3.223,3.239,13593.14604
2026-07-04 20:00:00,3.239,3.247,3.226,3.236,8070.119747
2026-07-04 21:00:00,3.236,3.254,3.23,3.242,8176.328273
2026-07-04 22:00:00,3.24,3.244,3.213,3.217,16133.716294
2026-07-04 23:00:00,3.218,3.224,3.195,3.218,18302.625332
2026-07-05 00:00:00,3.218,3.222,3.19,3.199,21526.632457
2026-07-05 01:00:00,3.2,3.208,3.181,3.189,44067.685934
2026-07-05 02:00:00,3.188,3.196,3.169,3.177,20797.507026
2026-07-05 03:00:00,3.177,3.19,3.176,3.178,5932.64764
2026-07-05 04:00:00,3.179,3.195,3.175,3.186,7445.343494
2026-07-05 05:00:00,3.185,3.195,3.175,3.179,9003.494495
2026-07-05 06:00:00,3.181,3.191,3.173,3.189,5635.413409
2026-07-05 07:00:00,3.189,3.2,3.181,3.198,5583.813029
2026-07-05 08:00:00,3.198,3.212,3.198,3.199,14776.410792
2026-07-05 09:00:00,3.2,3.205,3.147,3.157,32559.134046
2026-07-05 10:00:00,3.152,3.152,3.129,3.145,35416.660032
2026-07-05 11:00:00,3.146,3.15,3.123,3.128,85477.272083
2026-07-05 12:00:00,3.127,3.136,3.095,3.135,38238.915654
2026-07-05 13:00:00,3.133,3.139,3.123,3.139,23143.922336
2026-07-05 14:00:00,3.14,3.145,3.128,3.145,10227.70069
2026-07-05 15:00:00,3.146,3.156,3.134,3.146,27603.391371
2026-07-05 16:00:00,3.147,3.161,3.142,3.154,16591.943667
2026-07-05 17:00:00,3.154,3.167,3.148,3.158,10306.226325
2026-07-05 18:00:00,3.157,3.178,3.157,3.166,41517.583474
2026-07-05 19:00:00,3.167,3.18,3.152,3.154,23113.680141
2026-07-05 20:00:00,3.154,3.163,3.144,3.147,6240.63714
2026-07-05 21:00:00,3.147,3.188,3.137,3.173,26400.625149
2026-07-05 22:00:00,3.172,3.211,3.164,3.189,44274.682638
2026-07-05 23:00:00,3.19,3.208,3.173,3.176,38890.143179
2026-07-06 00:00:00,3.176,3.198,3.148,3.198,23301.144791
2026-07-06 01:00:00,3.198,3.201,3.168,3.169,20940.378147
2026-07-06 02:00:00,3.17,3.189,3.159,3.178,17584.032924
2026-07-06 03:00:00,3.179,3.183,3.147,3.165,11852.545384
2026-07-06 04:00:00,3.166,3.171,3.149,3.149,11383.516336
2026-07-06 05:00:00,3.147,3.148,3.105,3.124,62681.490558
2026-07-06 06:00:00,3.124,3.128,3.109,3.113,36043.793352
2026-07-06 07:00:00,3.112,3.126,3.103,3.118,25657.246355
2026-07-06 08:00:00,3.117,3.126,3.097,3.104,65830.607641
2026-07-06 09:00:00,3.104,3.118,3.099,3.116,67456.799102
2026-07-06 10:00:00,3.117,3.162,3.116,3.155,70548.414035
2026-07-06 11:00:00,3.155,3.169,3.123,3.124,104953.096863
2026-07-06 12:00:00,3.124,3.125,3.069,3.102,252909.92087
2026-07-06 13:00:00,3.102,3.146,3.075,3.125,228330.912557
2026-07-06 14:00:00,3.125,3.152,3.116,3.132,108355.348184
2026-07-06 15:00:00,3.133,3.208,3.132,3.194,87857.442549
2026-07-06 16:00:00,3.195,3.231,3.183,3.202,60122.053388
2026-07-06 17:00:00,3.201,3.22,3.188,3.192,21326.024465
2026-07-06 18:00:00,3.194,3.209,3.191,3.203,13369.422471
2026-07-06 19:00:00,3.203,3.214,3.195,3.197,21440.681459
2026-07-06 20:00:00,3.199,3.211,3.19,3.204,4794.933178
2026-07-06 21:00:00,3.204,3.267,3.2,3.227,89349.890228
2026-07-06 22:00:00,3.228,3.23,3.191,3.198,19702.032649
2026-07-06 23:00:00,3.198,3.202,3.174,3.181,16217.189703
2026-07-07 00:00:00,3.182,3.198,3.171,3.186,16309.964608
2026-07-07 01:00:00,3.185,3.185,3.149,3.164,36390.083483
2026-07-07 02:00:00,3.165,3.169,3.139,3.142,14251.383694
2026-07-07 03:00:00,3.144,3.151,3.127,3.136,43259.617227
2026-07-07 04:00:00,3.136,3.143,3.119,3.13,19584.479209
2026-07-07 05:00:00,3.128,3.148,3.107,3.143,19743.516794
2026-07-07 06:00:00,3.144,3.165,3.131,3.161,14158.57899
2026-07-07 07:00:00,3.158,3.174,3.157,3.16,33083.907841
2026-07-07 08:00:00,3.161,3.173,3.154,3.158,20022.034897
2026-07-07 09:00:00,3.157,3.173,3.153,3.169,23539.728445
2026-07-07 10:00:00,3.168,3.179,3.152,3.154,22657.617702
2026-07-07 11:00:00,3.153,3.201,3.145,3.179,44441.947724
2026-07-07 12:00:00,3.179,3.2,3.173,3.181,30154.031555
2026-07-07 13:00:00,3.18,3.18,3.138,3.153,39840.785679
2026-07-07 14:00:00,3.152,3.195,3.128,3.192,52232.316779
2026-07-07 15:00:00,3.191,3.259,3.182,3.254,74191.779444
2026-07-07 16:00:00,3.254,3.293,3.218,3.248,100366.859498
2026-07-07 17:00:00,3.247,3.28,3.236,3.276,69615.173419
2026-07-07 18:00:00,3.277,3.316,3.242,3.245,127615.803649
2026-07-07 19:00:00,3.246,3.272,3.218,3.271,36114.730016
2026-07-07 20:00:00,3.272,3.276,3.23,3.239,22534.179407
2026-07-07 21:00:00,3.24,3.256,3.194,3.2,45639.111029
2026-07-07 22:00:00,3.2,3.22,3.174,3.216,31324.211891
2026-07-07 23:00:00,3.215,3.226,3.187,3.191,24974.106011
2026-07-08 00:00:00,3.192,3.265,3.186,3.265,50704.874701
2026-07-08 01:00:00,3.266,3.275,3.167,3.172,93753.248274
2026-07-08 02:00:00,3.171,3.202,3.143,3.193,46555.518047
2026-07-08 03:00:00,3.194,3.228,3.194,3.214,33581.86606
2026-07-08 04:00:00,3.214,3.27,3.206,3.269,41528.398979
2026-07-08 05:00:00,3.27,3.385,3.26,3.34,304100.856342
2026-07-08 06:00:00,3.34,3.365,3.293,3.319,124319.253445
2026-07-08 07:00:00,3.32,3.364,3.287,3.291,159626.96951
2026-07-08 08:00:00,3.29,3.299,3.127,3.204,278254.662559
2026-07-08 09:00:00,3.204,3.291,3.202,3.241,94726.079443
2026-07-08 10:00:00,3.242,3.313,3.217,3.272,120946.639586
2026-07-08 11:00:00,3.273,3.335,3.239,3.317,117584.350907
2026-07-08 12:00:00,3.318,3.33,3.278,3.29,129399.571393
2026-07-08 13:00:00,3.291,3.304,3.244,3.301,115219.855072
2026-07-08 14:00:00,3.301,3.347,3.282,3.316,146509.645879
2026-07-08 15:00:00,3.316,3.326,3.266,3.276,90887.522568
2026-07-08 16:00:00,3.276,3.319,3.263,3.318,51779.842631
2026-07-08 17:00:00,3.319,3.388,3.309,3.311,126284.510117
2026-07-08 18:00:00,3.312,3.369,3.302,3.348,49826.439145
2026-07-08 19:00:00,3.35,3.355,3.308,3.318,32543.748532
2026-07-08 20:00:00,3.316,3.316,3.258,3.262,148027.856339
2026-07-08 21:00:00,3.262,3.265,3.227,3.255,67385.292851
2026-07-08 22:00:00,3.256,3.28,3.25,3.279,30488.018059
2026-07-08 23:00:00,3.277,3.285,3.27,3.279,22708.555486
2026-07-09 00:00:00,3.28,3.289,3.258,3.289,16378.053917
2026-07-09 01:00:00,3.29,3.39,3.29,3.306,173950.182416
2026-07-09 02:00:00,3.308,3.342,3.293,3.315,44718.228255
2026-07-09 03:00:00,3.317,3.326,3.269,3.293,117520.248819
2026-07-09 04:00:00,3.293,3.309,3.247,3.309,99849.31426
2026-07-09 05:00:00,3.307,3.373,3.306,3.365,108265.375507
2026-07-09 06:00:00,3.366,3.433,3.352,3.409,131734.622735
2026-07-09 07:00:00,3.408,3.42,3.359,3.37,62126.099005
2026-07-09 08:00:00,3.371,3.372,3.343,3.364,33893.478763
2026-07-09 09:00:00,3.363,3.373,3.333,3.373,26535.57241
2026-07-09 10:00:00,3.373,3.411,3.344,3.356,167187.912835
2026-07-09 11:00:00,3.356,3.368,3.343,3.361,82662.483183
2026-07-09 12:00:00,3.361,3.361,3.298,3.32,116950.101278
2026-07-09 13:00:00,3.318,3.347,3.297,3.339,112591.374505
2026-07-09 14:00:00,3.34,3.362,3.304,3.321,78072.967522
2026-07-09 15:00:00,3.321,3.35,3.311,3.342,58368.019987
2026-07-09 16:00:00,3.344,3.368,3.325,3.365,98344.011072
2026-07-09 17:00:00,3.365,3.403,3.356,3.4,22508.687426
2026-07-09 18:00:00,3.4,3.43,3.379,3.379,75038.852026
2026-07-09 19:00:00,3.379,3.379,3.357,3.363,9511.983915
2026-07-09 20:00:00,3.363,3.427,3.352,3.426,52679.341362
2026-07-09 21:00:00,3.428,3.439,3.397,3.423,34208.122174
2026-07-09 22:00:00,3.424,3.434,3.403,3.42,20142.318845
2026-07-09 23:00:00,3.42,3.435,3.394,3.395,30969.57641
2026-07-10 00:00:00,3.395,3.431,3.371,3.431,61349.498672
2026-07-10 01:00:00,3.431,3.54,3.41,3.511,209130.938215
2026-07-10 02:00:00,3.513,3.524,3.455,3.461,103435.154873
2026-07-10 03:00:00,3.461,3.479,3.458,3.464,26181.855589
2026-07-10 04:00:00,3.465,3.485,3.458,3.485,43423.76959
2026-07-10 05:00:00,3.485,3.545,3.483,3.531,248811.331239
2026-07-10 06:00:00,3.53,3.53,3.487,3.502,56261.395966
2026-07-10 07:00:00,3.503,3.535,3.48,3.489,45115.277433
2026-07-10 08:00:00,3.49,3.571,3.488,3.531,109405.732807
2026-07-10 09:00:00,3.532,3.609,3.51,3.574,125901.128636
2026-07-10 10:00:00,3.575,3.616,3.569,3.582,108314.865096
2026-07-10 11:00:00,3.583,3.637,3.574,3.619,104754.945788
2026-07-10 12:00:00,3.619,3.696,3.604,3.672,214123.57072
2026-07-10 13:00:00,3.673,3.687,3.628,3.629,172035.203194
2026-07-10 14:00:00,3.628,3.644,3.537,3.543,129253.560783
2026-07-10 15:00:00,3.54,3.574,3.524,3.555,87382.012739
2026-07-10 16:00:00,3.556,3.588,3.546,3.58,41586.202172
2026-07-10 17:00:00,3.579,3.586,3.533,3.536,29471.237421
2026-07-10 18:00:00,3.537,3.554,3.517,3.526,22165.938183
2026-07-10 19:00:00,3.525,3.553,3.522,3.533,10321.290713
2026-07-10 20:00:00,3.532,3.534,3.513,3.523,21044.939732
2026-07-10 21:00:00,3.523,3.569,3.522,3.568,54746.256431
2026-07-10 22:00:00,3.569,3.585,3.546,3.55,16810.439954
2026-07-10 23:00:00,3.549,3.549,3.52,3.522,41771.0644
2026-07-11 00:00:00,3.524,3.524,3.475,3.491,40316.788174
2026-07-11 01:00:00,3.491,3.51,3.484,3.493,21234.069146
2026-07-11 02:00:00,3.493,3.495,3.459,3.483,37486.377072
2026-07-11 03:00:00,3.483,3.484,3.466,3.474,11933.767697
2026-07-11 04:00:00,3.475,3.483,3.469,3.48,15272.054267
2026-07-11 05:00:00,3.48,3.515,3.478,3.503,30463.048889
2026-07-11 06:00:00,3.503,3.532,3.493,3.501,21419.020139
2026-07-11 07:00:00,3.501,3.53,3.496,3.52,26565.165876
2026-07-11 08:00:00,3.521,3.542,3.511,3.53,20219.855813
2026-07-11 09:00:00,3.531,3.548,3.525,3.543,21390.865072
2026-07-11 10:00:00,3.545,3.604,3.543,3.581,75618.878429
2026-07-11 11:00:00,3.581,3.643,3.571,3.63,59122.693466
2026-07-11 12:00:00,3.634,3.685,3.629,3.631,99384.92621
2026-07-11 13:00:00,3.631,3.745,3.609,3.728,156983.216341
2026-07-11 14:00:00,3.729,3.778,3.702,3.703,180834.393764
2026-07-11 15:00:00,3.703,3.794,3.703,3.743,147589.49503
2026-07-11 16:00:00,3.743,3.754,3.673,3.712,147954.298793
2026-07-11 17:00:00,3.712,3.724,3.68,3.699,52575.168734
2026-07-11 18:00:00,3.699,3.778,3.694,3.748,59523.942156
2026-07-11 19:00:00,3.747,3.793,3.72,3.79,40537.576938
2026-07-11 20:00:00,3.79,3.83,3.765,3.805,83544.972427
2026-07-11 21:00:00,3.804,3.847,3.774,3.779,112572.714704
2026-07-11 22:00:00,3.779,3.79,3.738,3.747,69690.234716
2026-07-11 23:00:00,3.746,3.754,3.655,3.657,72319.001567
2026-07-12 00:00:00,3.657,3.687,3.626,3.66,109246.137605
2026-07-12 01:00:00,3.66,3.692,3.657,3.668,65780.851781
2026-07-12 02:00:00,3.667,3.678,3.648,3.666,36173.149273
2026-07-12 03:00:00,3.663,3.663,3.63,3.66,55900.241908
2026-07-12 04:00:00,3.66,3.661,3.629,3.642,47147.038783
2026-07-12 05:00:00,3.642,3.65,3.618,3.637,21706.981575
2026-07-12 06:00:00,3.636,3.649,3.596,3.637,52410.246609
2026-07-12 07:00:00,3.639,3.651,3.625,3.631,14141.174499
2026-07-12 08:00:00,3.631,3.673,3.63,3.659,27119.809895
2026-07-12 09:00:00,3.659,3.676,3.63,3.648,18806.726106
2026-07-12 10:00:00,3.647,3.648,3.606,3.613,40804.000437
2026-07-12 11:00:00,3.615,3.638,3.573,3.62,48975.053052
2026-07-12 12:00:00,3.619,3.634,3.618,3.627,19626.724768
2026-07-12 13:00:00,3.628,3.661,3.616,3.634,50981.465325
2026-07-12 14:00:00,3.634,3.657,3.605,3.644,32643.145089
2026-07-12 15:00:00,3.643,3.692,3.642,3.679,63457.392423
2026-07-12 16:00:00,3.679,3.695,3.663,3.666,25088.802937
2026-07-12 17:00:00,3.666,3.667,3.629,3.639,35390.366821
2026-07-12 18:00:00,3.64,3.673,3.639,3.673,21519.221257
2026-07-12 19:00:00,3.672,3.683,3.657,3.68,8915.723074
2026-07-12 20:00:00,3.68,3.715,3.674,3.705,29308.549412
2026-07-12 21:00:00,3.706,3.731,3.652,3.66,45011.30739
2026-07-12 22:00:00,3.659,3.659,3.595,3.624,78891.926344
2026-07-12 23:00:00,3.62,3.621,3.59,3.592,39750.898352
2026-07-13 00:00:00,3.593,3.663,3.584,3.63,102397.868014
2026-07-13 01:00:00,3.631,3.635,3.557,3.559,70988.84365
2026-07-13 02:00:00,3.559,3.601,3.548,3.588,37279.950638
