tree
version=v4
num_class=1
num_tree_per_iteration=1
label_index=0
max_feature_idx=24
objective=binary sigmoid:1
feature_names=Column_0 Column_1 Column_2 Column_3 Column_4 Column_5 Column_6 Column_7 Column_8 Column_9 Column_10 Column_11 Column_12 Column_13 Column_14 Column_15 Column_16 Column_17 Column_18 Column_19 Column_20 Column_21 Column_22 Column_23 Column_24
feature_infos=[0:1] [0:1] [0.032258064516129031:1] [0:0.66666666666666663] [0:0.93333333333333335] [0:1] [-0.036780647427021113:0.14221497244351183] [-0.5:0.5] [0:1] [0.0029126213592233011:1] [0:1] none [0:0.93333333333333335] [0.016666666666666666:1] none [0:1] [0:0.98333333333333328] [-0.5:0.5] [0:1] [0:1] [-0.28809823585874128:1] [-0.16115516802598973:0.97369376520984596] [-1:1] [-0.17301314687037905:0.23246196364792726] none
tree_sizes=668 770 771 769 774 769 771 768 768 731 769 769 769 773 773 774 736 773 751 771 752 768 753 770 772 751 729 728 775 768 771 752 772 751 847 751 844 843 771 751 771 755 648 771 729 766 749 771 769 755 733 732 731 752 756 775 651 754 769 663 751 769 748 759 668 752 753 766 649 652 735 759 758 669 674 671 777 629 772 672 659 772 750 674 773 774 648 758 651 761 753 770 649 671 771 649 651 753 671 670 733 668 673 652 753 673 652 557 670 652 675 647 652 646 755 653 654 651 680 649 669 670 569 775 671 571 652 673 650 649 776 656 671 667 655 652 656 668 655 573 649 649 669 653 649 650 674 675 654 569

Tree=0
num_leaves=6
num_cat=0
split_feature=18 17 12 6 6
split_gain=37.3112 27.1286 20.7262 10.1053 3.83421
threshold=0.13500000000000004 -0.10367169636888721 0.75833333333333341 -0.0048213682272437225 0.0031747878513617264
decision_type=2 2 2 2 2
left_child=3 -2 4 -1 -3
right_child=1 2 -4 -5 -6
leaf_value=0 -0.012786885245901639 0.039534883720930225 0 -0.034054054054054053 0.0089999999999999993
leaf_weight=15.999999999999998 25.5 27.25 23.5 22.75 14.999999999999998
leaf_count=64 102 109 94 91 60
internal_value=0 0.0104416 0.0205654 -0.0229714 0.0320635
internal_weight=130 91.25 65.75 38.75 42.25
internal_count=520 365 263 155 169
is_linear=0
shrinkage=0.03


Tree=1
num_leaves=6
num_cat=0
split_feature=2 12 17 15 22
split_gain=45.4522 33.4778 19.6109 14.1883 11.1194
threshold=0.66129032258064524 0.75833333333333341 -0.1270653698120861 0.67500000000000016 -0.47795761443593593
decision_type=2 2 2 2 2
left_child=1 2 -1 -3 -4
right_child=-2 3 4 -5 -6
leaf_value=-0.0026945755410670152 -0.030655087593941359 -0.023655712081773986 0.0042029540481209535 0.0081481481481481474 0.041265589995337651
leaf_weight=15.499447092413901 28.24411752820015 23.999528869986534 15.496585607528685 15.249999999999998 31.491734817624092
leaf_count=62 113 96 62 61 126
internal_value=0 0.00951642 0.022771 -0.0104183 0.0317764
internal_weight=129.981 101.737 62.4878 39.2495 46.9883
internal_count=520 407 250 157 188
is_linear=0
shrinkage=0.03


Tree=2
num_leaves=6
num_cat=0
split_feature=2 12 17 15 6
split_gain=43.1734 31.7571 18.7466 13.5433 2.76186
threshold=0.66129032258064524 0.75833333333333341 -0.1270653698120861 0.67500000000000016 -0.00024778739941274937
decision_type=2 2 2 2 2
left_child=1 2 -1 -3 -4
right_child=-2 3 4 -5 -6
leaf_value=-0.0026334860646215832 -0.029887187401344776 -0.02307237051293257 0.037169957992193622 0.0079641603954279765 0.0092088785864260555
leaf_weight=15.499205499887465 28.229369536042213 23.99459707736969 31.713745802640915 15.249747306108473 15.244252502918242
leaf_count=62 113 96 127 61 61
internal_value=0 0.00927249 0.0221932 -0.0101188 0.0310073
internal_weight=129.931 101.702 62.4572 39.2443 46.958
internal_count=520 407 250 157 188
is_linear=0
shrinkage=0.03


Tree=3
num_leaves=6
num_cat=0
split_feature=2 12 17 18 7
split_gain=41.0297 30.1415 17.9384 12.9311 11.6274
threshold=0.66129032258064524 0.75833333333333341 -0.1270653698120861 0.67500000000000016 0.2622875658162343
decision_type=2 2 2 2 2
left_child=1 2 -1 -3 -4
right_child=-2 3 4 -5 -6
leaf_value=-0.0025737885711638753 -0.029149612680254445 -0.022508435214536736 0.041424154458252378 0.0077845185169324177 0.0054038694386458891
leaf_weight=15.498914584517477 28.202249646186829 23.983324214816093 28.425631880760193 15.249010130763052 18.482495918869972
leaf_count=62 113 96 114 61 74
internal_value=0 0.00904004 0.0216411 -0.00982857 0.0302751
internal_weight=129.842 101.639 62.407 39.2323 46.9081
internal_count=520 407 250 157 188
is_linear=0
shrinkage=0.03


Tree=4
num_leaves=6
num_cat=0
split_feature=18 17 12 1 6
split_gain=32.6905 23.2926 18.3553 6.16283 3.42329
threshold=0.12500000000000003 -0.10367169636888721 0.75833333333333341 0.41666666666666669 0.0045559857389922435
decision_type=2 2 2 2 2
left_child=3 -2 4 -1 -3
right_child=1 2 -4 -5 -6
leaf_value=-0.0031111722901735772 -0.011526732265998593 0.036612659556716685 -0.00026341258767227887 -0.032659863003559456 0.0080346269568600248
leaf_weight=16.957127943634987 26.720591455698013 27.610384657979012 23.736670136451721 19.452766478061676 15.233859583735464
leaf_count=68 107 111 95 78 61
internal_value=0 0.00939274 0.0188452 -0.0223844 0.029607
internal_weight=129.711 93.3015 66.5809 36.4099 42.8442
internal_count=520 374 267 146 172
is_linear=0
shrinkage=0.03


Tree=5
num_leaves=6
num_cat=0
split_feature=2 12 1 15 12
split_gain=38.2783 27.6964 16.4436 12.1076 3.24661
threshold=0.66129032258064524 0.75833333333333341 0.58333333333333337 0.67500000000000016 0.47500000000000003
decision_type=2 2 2 2 2
left_child=1 2 4 -3 -1
right_child=-2 3 -4 -5 -6
leaf_value=0.011218590352558266 -0.028209019722926113 -0.021655678281957531 -0.00035230429020693802 0.0076150340349529265 0.038745712062161167
leaf_weight=19.93082270026207 28.141169458627701 23.953019723296165 18.194503843784332 15.247871190309523 24.129755511879921
leaf_count=80 113 96 73 61 97
internal_value=0 0.00871122 0.0208188 -0.00933938 0.0299292
internal_weight=129.597 101.456 62.2551 39.2009 44.0606
internal_count=520 407 250 157 177
is_linear=0
shrinkage=0.03


Tree=6
num_leaves=6
num_cat=0
split_feature=15 17 6 1 6
split_gain=30.2715 21.4536 11.9563 5.70151 3.10998
threshold=0.12500000000000003 -0.10367169636888721 0.0041745055512584757 0.41666666666666669 0.01947372231629934
decision_type=2 2 2 2 2
left_child=3 -2 -3 -1 -4
right_child=1 2 4 -5 -6
leaf_value=-0.0029026971716881447 -0.011004968196277325 0.03084423069107509 -0.0037085661099736343 -0.031492305219640297 0.010851111100875072
leaf_weight=16.936972066760063 26.695089340209961 30.469724252820015 15.47099609673023 19.395131692290306 20.475705042481422
leaf_count=68 107 123 62 78 82
internal_value=0 0.00902804 0.0181269 -0.0215797 0.00343182
internal_weight=129.444 93.1115 66.4164 36.3321 35.9467
internal_count=520 374 267 146 144
is_linear=0
shrinkage=0.03


Tree=7
num_leaves=6
num_cat=0
split_feature=2 12 7 7 16
split_gain=35.6251 25.8065 15.9745 11.2195 7.72821
threshold=0.66129032258064524 0.75833333333333341 -0.20207160950783731 0.2622875658162343 0.77500000000000002
decision_type=2 2 2 2 2
left_child=1 2 -1 -4 -3
right_child=-2 4 3 -5 -6
leaf_value=-0.0022193609311323172 -0.027275640554198517 0.00023338654233815307 0.039490723242975243 0.0043887074532363447 -0.022686478024386902
leaf_weight=15.927147462964056 28.055257424712181 23.681141063570976 27.72365927696228 18.438481390476227 15.473918557167051
leaf_count=64 113 95 112 74 62
internal_value=0 0.00838551 0.0201031 0.0284418 -0.00900887
internal_weight=129.3 101.244 62.0893 46.1621 39.1551
internal_count=520 407 250 186 157
is_linear=0
shrinkage=0.03


Tree=8
num_leaves=6
num_cat=0
split_feature=2 12 18 18 7
split_gain=34.1912 29.9954 27.5302 9.03157 7.15381
threshold=0.50000000000000011 0.75833333333333341 0.48500000000000004 0.42500000000000004 0.16976588387446231
decision_type=2 2 2 2 2
left_child=1 4 -2 -3 -1
right_child=2 3 -4 -5 -6
leaf_value=0.034100029730381912 -0.036902102798754437 -0.021131033430183618 0.0044121365108111118 0.004699949269151734 0.003128207266887474
leaf_weight=31.402873694896698 26.999275490641594 17.426425293087959 20.629051610827446 17.472384721040726 15.187380924820898
leaf_count=127 109 70 83 70 61
internal_value=0 0.0115184 -0.0191487 -0.00772641 0.0264486
internal_weight=129.117 81.4891 47.6283 34.8988 46.5903
internal_count=520 328 192 140 188
is_linear=0
shrinkage=0.03


Tree=9
num_leaves=6
num_cat=0
split_feature=15 21 21 6 7
split_gain=27.4395 10.8821 10.7732 7.6313 1.89966
threshold=0.13500000000000004 0.73500530502757633 0.90791643376902964 -0.0048213682272437225 0.12114065064501478
decision_type=2 2 2 2 2
left_child=3 4 -3 -1 -2
right_child=1 2 -4 -5 -6
leaf_value=0 -0.0093815526944167459 0.025435337178184241 0 -0.029539615217045637 0.001693911133579239
leaf_weight=15.907387927174566 15.665601775050161 36.579001426696777 16.610306799411774 22.467603981494904 21.680628657341003
leaf_count=64 63 148 67 91 87
internal_value=0 0.00891669 0.0171946 -0.0198552 -0.00209418
internal_weight=128.911 90.5355 53.1893 38.375 37.3462
internal_count=520 365 215 155 150
is_linear=0
shrinkage=0.03


Tree=10
num_leaves=6
num_cat=0
split_feature=2 15 17 2 21
split_gain=31.8119 25.6233 13.1149 13.1497 5.05467
threshold=0.50000000000000011 0.48500000000000004 -0.10367169636888721 0.17741935483870971 0.76677239657213703
decision_type=2 2 2 2 2
left_child=2 -2 -1 -4 -5
right_child=1 -3 3 4 -6
leaf_value=-0.0037180340045661116 -0.03571413558639424 0.0041282195765719133 -0.00096532057463907881 0.0084329690748404136 0.038346208491638542
leaf_weight=27.382620215415955 26.851677626371384 20.610998302698135 15.067462041974066 18.93474318087101 19.922843381762505
leaf_count=110 109 83 61 76 81
internal_value=0 -0.0185242 0.0110971 0.0193155 0.0277612
internal_weight=128.77 47.4627 81.3077 53.925 38.8576
internal_count=520 192 328 218 157
is_linear=0
shrinkage=0.03


Tree=11
num_leaves=6
num_cat=0
split_feature=2 12 18 18 18
split_gain=30.2136 28.1765 24.5166 8.32299 6.48262
threshold=0.50000000000000011 0.75833333333333341 0.48500000000000004 0.42500000000000004 0.15500000000000003
decision_type=2 2 2 2 2
left_child=1 4 -2 -3 -1
right_child=2 3 -4 -5 -6
leaf_value=0.0033121502967654627 -0.034928864053938032 -0.020611682877063896 0.0040288781959684026 0.0041040133867482091 0.032927004230765194
leaf_weight=15.675809085369108 26.745691567659378 17.396238103508949 20.608950078487396 17.460932597517967 30.671746075153351
leaf_count=63 109 70 83 70 125
internal_value=0 0.01083 -0.0180627 -0.00776383 0.025377
internal_weight=128.559 81.2047 47.3546 34.8572 46.3476
internal_count=520 328 192 140 188
is_linear=0
shrinkage=0.03


Tree=12
num_leaves=6
num_cat=0
split_feature=2 12 17 17 7
split_gain=28.7147 26.88 13.6834 6.9882 6.53922
threshold=0.50000000000000011 0.75833333333333341 0.29292004089059109 -0.006131452639098465 0.16976588387446231
decision_type=2 2 2 2 2
left_child=1 4 -2 -3 -1
right_child=2 3 -4 -5 -6
leaf_value=0.032158106766818885 -0.027680872279906153 -0.018934140744340931 0.0023068015193238593 0.0035444703241206085 0.0025381714617694821
leaf_weight=31.075526669621468 32.089150682091713 18.121517986059189 15.144084155559538 16.707166492938995 15.144370704889296
leaf_count=127 131 73 61 67 61
internal_value=0 0.0105801 -0.017617 -0.00755349 0.0248195
internal_weight=128.282 81.0486 47.2332 34.8287 46.2199
internal_count=520 328 192 140 188
is_linear=0
shrinkage=0.03


Tree=13
num_leaves=6
num_cat=0
split_feature=2 17 21 20 10
split_gain=27.4681 19.4916 11.7357 7.18577 6.10774
threshold=0.66129032258064524 -0.10367169636888721 0.77985757946718182 0.46816535383668922 0.92500000000000016
decision_type=2 2 2 2 2
left_child=1 4 3 -3 -1
right_child=-2 2 -4 -5 -6
leaf_value=0.00073097571886931252 -0.024145994387263437 0.01645902493631413 0.029520849811812237 -0.0062267981982730009 -0.020462804372022175
leaf_weight=16.391839921474457 27.537353739142418 16.313387751579285 29.468766316771507 21.926789581775665 16.378282144665718
leaf_count=66 113 66 121 88 66
internal_value=0 0.00738397 0.0165135 0.00284758 -0.0095796
internal_weight=128.016 100.479 67.7089 38.2402 32.7701
internal_count=520 407 275 154 132
is_linear=0
shrinkage=0.03


Tree=14
num_leaves=6
num_cat=0
split_feature=15 17 6 1 6
split_gain=22.8667 16.9625 9.32768 5.50253 2.71889
threshold=0.12500000000000003 -0.10367169636888721 0.0041745055512584757 0.41666666666666669 0.01947372231629934
decision_type=2 2 2 2 2
left_child=3 -2 -3 -1 -4
right_child=1 2 4 -5 -6
leaf_value=-0.0011959445067864802 -0.0098553089775493055 0.027483867382459656 -0.0036566101992062893 -0.028516570051773299 0.009950364852288663
leaf_weight=16.656451746821404 26.511756926774979 29.752829313278198 15.417103752493857 18.989875495433807 20.415328085422516
leaf_count=68 107 123 62 78 82
internal_value=0 0.00785625 0.0160568 -0.0189441 0.0028956
internal_weight=127.743 92.097 65.5853 35.6463 35.8324
internal_count=520 374 267 146 144
is_linear=0
shrinkage=0.03


Tree=15
num_leaves=6
num_cat=0
split_feature=18 17 12 9 12
split_gain=21.8437 16.1679 14.2321 4.57686 1.42335
threshold=0.12500000000000003 -0.10367169636888721 0.75833333333333341 0.37572815533980591 0.45833333333333343
decision_type=2 2 2 2 2
left_child=3 -2 4 -1 -3
right_child=1 2 -4 -5 -6
leaf_value=-0.027977192595633846 -0.0096114884642675563 0.0092279248174504669 -0.00077036913997131939 -0.0022196460441668061 0.032352238599905069
leaf_weight=17.985390529036522 26.495845973491669 18.700283989310265 23.680971667170525 17.584843143820763 23.062581390142441
leaf_count=74 107 77 95 72 95
internal_value=0 0.00765192 0.0156791 -0.0185653 0.0253747
internal_weight=127.51 91.9397 65.4438 35.5702 41.7629
internal_count=520 374 267 146 172
is_linear=0
shrinkage=0.03


Tree=16
num_leaves=6
num_cat=0
split_feature=15 21 21 6 21
split_gain=20.8962 9.46711 9.07907 6.43509 1.68071
threshold=0.13500000000000004 0.73500530502757633 0.90791643376902964 -0.0048213682272437225 0.51920529918427316
decision_type=2 2 2 2 2
left_child=3 4 -3 -1 -2
right_child=1 2 -4 -5 -6
leaf_value=0 0.0017895676558665693 0.023248202876813895 0 -0.026494728377788299 -0.0083191463810922683
leaf_weight=15.786215603351591 17.839303642511368 35.967747747898102 16.420586854219437 21.928381651639938 19.333498537540436
leaf_count=64 72 148 67 91 78
internal_value=0 0.00776066 0.0156028 -0.0175201 -0.00240822
internal_weight=127.276 89.5611 52.3883 37.7146 37.1728
internal_count=520 365 215 155 150
is_linear=0
shrinkage=0.03


Tree=17
num_leaves=6
num_cat=0
split_feature=2 12 15 15 15
split_gain=25.5364 23.9613 20.8875 7.34986 5.21954
threshold=0.50000000000000011 0.75833333333333341 0.48500000000000004 0.42500000000000004 0.15500000000000003
decision_type=2 2 2 2 2
left_child=1 4 -2 -3 -1
right_child=2 3 -4 -5 -6
leaf_value=0.0030990935054691104 -0.032538912693518961 -0.019281064519361169 0.0034558522542249216 0.0038937660039462881 0.030450987315134886
leaf_weight=15.628491476178167 26.202467575669289 17.279124528169632 20.505020678043365 17.415381357073784 30.046726733446121
leaf_count=63 109 70 83 70 125
internal_value=0 0.00994324 -0.0167704 -0.00711144 0.0235053
internal_weight=127.077 80.3697 46.7075 34.6945 45.6752
internal_count=520 328 192 140 188
is_linear=0
shrinkage=0.03


Tree=18
num_leaves=6
num_cat=0
split_feature=15 17 12 9 12
split_gain=19.0178 14.9174 13.2134 4.5226 2.13516
threshold=0.12500000000000003 -0.10367169636888721 0.70833333333333337 0.37572815533980591 0.45833333333333343
decision_type=2 2 2 2 2
left_child=3 -2 4 -1 -3
right_child=1 2 -4 -5 -6
leaf_value=-0.026724908429040978 -0.0094277756420123298 0.0084366228552024934 0 -0.0014870234937845908 0.032852053428020611
leaf_weight=17.76408426463604 26.428204864263535 18.575172200798988 25.851529613137245 17.481278628110886 20.615756690502167
leaf_count=74 107 77 104 72 86
internal_value=0 0.00711094 0.0148809 -0.017438 0.0249016
internal_weight=126.716 91.4707 65.0425 35.2454 39.1909
internal_count=520 374 267 146 163
is_linear=0
shrinkage=0.03


Tree=19
num_leaves=6
num_cat=0
split_feature=2 12 15 15 15
split_gain=24.2154 22.3209 19.4267 6.93015 4.73512
threshold=0.50000000000000011 0.75833333333333341 0.48500000000000004 0.42500000000000004 0.15500000000000003
decision_type=2 2 2 2 2
left_child=1 4 -2 -3 -1
right_child=2 3 -4 -5 -6
leaf_value=0.003083332227506987 -0.031660464250362765 -0.018613440494832798 0.0030625019226343708 0.0038726713138460631 0.029543070875837924
leaf_weight=15.619205027818678 25.97274275124073 17.211930751800537 20.470194980502129 17.410534724593163 29.775969311594963
leaf_count=63 109 70 83 70 125
internal_value=0 0.00969579 -0.0163795 -0.00672981 0.0228388
internal_weight=126.461 80.0176 46.4429 34.6225 45.3952
internal_count=520 328 192 140 188
is_linear=0
shrinkage=0.03


Tree=20
num_leaves=6
num_cat=0
split_feature=18 12 21 4 1
split_gain=17.3578 11.9238 13.0954 10.5744 5.51262
threshold=0.12500000000000003 0.75833333333333341 0.90791643376902964 0.22500000000000003 0.41666666666666669
decision_type=2 2 2 2 2
left_child=4 2 -2 -3 -1
right_child=1 3 -4 -5 -6
leaf_value=0 0.023252013644773625 -0.021693208302263574 -0.0047526200567100307 0.0069579312779344997 -0.026174066651227495
leaf_weight=16.435858175158501 41.762076437473297 15.376389116048811 15.315981164574621 18.617413356900215 18.565304607152939
leaf_count=68 174 62 63 75 78
internal_value=0 0.00679759 0.0149934 -0.00558296 -0.0167201
internal_weight=126.073 91.0719 57.0781 33.9938 35.0012
internal_count=520 374 237 137 146
is_linear=0
shrinkage=0.03


Tree=21
num_leaves=6
num_cat=0
split_feature=2 12 15 15 7
split_gain=22.9701 20.5953 18.2707 6.53236 5.7275
threshold=0.50000000000000011 0.75833333333333341 0.48500000000000004 0.42500000000000004 0.13152933752266324
decision_type=2 2 2 2 2
left_child=1 4 -2 -3 -1
right_child=2 3 -4 -5 -6
leaf_value=0.029124189747417234 -0.030916994474598228 -0.017925341410622415 0.0027687601713414934 0.0038974169105853301 0.0015529297654941435
leaf_weight=29.894401386380196 25.750057563185692 17.132030323147774 20.438966900110245 17.411010235548019 15.197783827781675
leaf_count=126 109 70 83 70 62
internal_value=0 0.00943174 -0.0160242 -0.00630652 0.022112
internal_weight=125.824 79.6352 46.189 34.543 45.0922
internal_count=520 328 192 140 188
is_linear=0
shrinkage=0.03


Tree=22
num_leaves=6
num_cat=0
split_feature=2 21 2 17 17
split_gain=21.8566 10.4538 10.226 9.87555 2.08231
threshold=0.50000000000000011 0.73500530502757633 0.17741935483870971 0.27781544378662354 -0.0093637243125651165
decision_type=2 2 2 2 2
left_child=1 4 -3 -2 -1
right_child=3 2 -4 -5 -6
leaf_value=-0.0095628549789829615 -0.024594040362165146 0 0.028571563743349442 0.0005220732133570644 0.0025761393573161991
leaf_weight=15.231617599725721 30.331955105066299 18.986815258860588 26.433429926633835 15.678601175546644 18.769099801778793
leaf_count=62 128 79 111 64 76
internal_value=0 0.00922364 0.0180663 -0.015647 -0.00185226
internal_weight=125.432 79.421 45.4202 46.0106 34.0007
internal_count=520 328 190 192 138
is_linear=0
shrinkage=0.03


Tree=23
num_leaves=6
num_cat=0
split_feature=2 12 18 18 7
split_gain=20.7511 19.3993 17.2141 6.15415 5.38675
threshold=0.50000000000000011 0.75833333333333341 0.48500000000000004 0.42500000000000004 0.13152933752266324
decision_type=2 2 2 2 2
left_child=1 4 -2 -3 -1
right_child=2 3 -4 -5 -6
leaf_value=0.028224878723421255 -0.029855311758191651 -0.017514550697311334 0.0028507248776669324 0.0036208174459449217 0.0013732091711998776
leaf_weight=29.614928409457207 25.433039426803589 17.084520995616913 20.435792341828346 17.392499163746834 15.179806828498839
leaf_count=126 109 70 83 70 62
internal_value=0 0.00900648 -0.0152564 -0.00622441 0.021382
internal_weight=125.141 79.2718 45.8688 34.477 44.7947
internal_count=520 328 192 140 188
is_linear=0
shrinkage=0.03


Tree=24
num_leaves=6
num_cat=0
split_feature=2 12 17 17 22
split_gain=19.7497 18.5366 9.10399 5.23889 3.03323
threshold=0.50000000000000011 0.75833333333333341 0.27781544378662354 -0.006131452639098465 -0.2243037503768763
decision_type=2 2 2 2 2
left_child=1 4 -2 -3 -1
right_child=2 3 -4 -5 -6
leaf_value=0.0051091125313984529 -0.023564097797954219 -0.016134607198850629 0.00047749860990516113 0.0032057516221156851 0.027839995666789619
leaf_weight=18.816633969545364 30.010794833302498 17.806322649121284 15.668805211782454 16.625428333878517 25.797585114836693
leaf_count=78 128 73 64 67 110
internal_value=0 0.00880995 -0.0149 -0.00605211 0.0209433
internal_weight=124.726 79.046 45.6796 34.4318 44.6142
internal_count=520 328 192 140 188
is_linear=0
shrinkage=0.03


Tree=25
num_leaves=6
num_cat=0
split_feature=2 12 17 7 17
split_gain=18.7831 17.7241 8.80115 5.17153 5.02546
threshold=0.50000000000000011 0.75833333333333341 0.17467255488737141 0.13152933752266324 -0.006131452639098465
decision_type=2 2 2 2 2
left_child=1 3 -2 -1 -3
right_child=2 4 -4 -5 -6
leaf_value=0.027247695016565116 -0.025204746829242512 -0.015786209325578469 0 0.0010081555830337315 0.0031318663829212837
leaf_weight=29.293321445584297 24.260598495602608 17.764313444495201 21.269426599144936 15.146331086754797 16.625078052282333
leaf_count=126 104 73 88 62 67
internal_value=0 0.00862576 -0.0145298 0.0205245 -0.00588065
internal_weight=124.359 78.829 45.53 44.4397 34.3894
internal_count=520 328 192 188 140
is_linear=0
shrinkage=0.03


Tree=26
num_leaves=6
num_cat=0
split_feature=15 17 12 1 12
split_gain=14.4936 12.397 10.5987 4.98227 3.05141
threshold=0.13500000000000004 -0.10367169636888721 0.70833333333333337 0.41666666666666669 0.45833333333333343
decision_type=2 2 2 2 2
left_child=3 -2 4 -1 -3
right_child=1 2 -4 -5 -6
leaf_value=0 -0.0089203622852190058 0.0062232679329473082 0 -0.023672453284621024 0.031378117247591132
leaf_weight=17.074549198150635 24.775330647826195 17.852380096912384 25.516639307141304 19.263891205191612 19.496852725744247
leaf_count=72 102 76 103 83 84
internal_value=0 0.00651414 0.01369 -0.0148476 0.0229256
internal_weight=123.98 87.6412 62.8659 36.3384 37.3492
internal_count=520 365 263 155 160
is_linear=0
shrinkage=0.03


Tree=27
num_leaves=6
num_cat=0
split_feature=2 6 10 17 2
split_gain=17.9188 9.76029 11.7449 8.14718 7.5385
threshold=0.50000000000000011 -0.002664748364793659 0.87500000000000011 0.17467255488737141 0.24193548387096778
decision_type=2 2 2 2 2
left_child=1 2 -1 -2 -3
right_child=3 4 -4 -5 -6
leaf_value=0.028962819981670246 -0.024557027338992999 -0.016040465697573586 0 0 0.0078973176053232664
leaf_weight=25.026923552155495 24.052378296852112 15.542035758495329 17.117924913764 21.209288418292999 20.741719275712967
leaf_count=108 104 63 72 88 85
internal_value=0 0.00843753 0.0176084 -0.0142369 -0.00160386
internal_weight=123.69 78.4286 42.1448 45.2617 36.2838
internal_count=520 328 180 192 148
is_linear=0
shrinkage=0.03


Tree=28
num_leaves=6
num_cat=0
split_feature=2 12 17 7 17
split_gain=17.0597 15.9722 7.86647 4.94966 4.71972
threshold=0.50000000000000011 0.75833333333333341 0.27781544378662354 0.13152933752266324 -0.006131452639098465
decision_type=2 2 2 2 2
left_child=1 3 -2 -1 -3
right_child=2 4 -4 -5 -6
leaf_value=0.026220041658161233 -0.022071870669638498 -0.015155560341596291 0.00015536453247675416 0.00061082923741912398 0.0031692425463960765
leaf_weight=28.858492165803909 29.483286201953888 17.679710552096367 15.628018662333487 15.088415071368216 16.616341933608055
leaf_count=126 128 73 64 62 67
internal_value=0 0.00822683 -0.0139271 0.0196139 -0.00547679
internal_weight=123.354 78.243 45.1113 43.9469 34.2961
internal_count=520 328 192 188 140
is_linear=0
shrinkage=0.03


Tree=29
num_leaves=6
num_cat=0
split_feature=2 12 15 15 7
split_gain=16.2201 15.27 14.9238 5.62495 4.6962
threshold=0.50000000000000011 0.75833333333333341 0.48500000000000004 0.42500000000000004 0.13152933752266324
decision_type=2 2 2 2 2
left_child=1 4 -2 -3 -1
right_child=2 3 -4 -5 -6
leaf_value=0.025699818721038142 -0.027532881613945102 -0.016305459317641477 0.0029879279017599372 0.0039545739819403444 0.00059709701886692548
leaf_weight=28.663550049066544 24.576709628105164 16.903247132897377 20.376811683177948 17.34744356572628 15.087372183799742
leaf_count=126 109 70 83 70 62
internal_value=0 0.00805253 -0.0135828 -0.00531883 0.019223
internal_weight=122.955 78.0016 44.9535 34.2507 43.7509
internal_count=520 328 192 140 188
is_linear=0
shrinkage=0.03


Tree=30
num_leaves=6
num_cat=0
split_feature=2 12 15 15 15
split_gain=15.4453 14.604 14.3619 5.39584 4.36598
threshold=0.50000000000000011 0.75833333333333341 0.48500000000000004 0.42500000000000004 0.15500000000000003
decision_type=2 2 2 2 2
left_child=1 4 -2 -3 -1
right_child=2 3 -4 -5 -6
leaf_value=0.00086440875806930286 -0.027035525172121159 -0.015963970095590811 0.002916281070924369 0.0038625142524365184 0.025265600938466359
leaf_weight=15.415772736072539 24.373045086860657 16.854579910635948 20.373989820480347 17.347254142165184 28.135959178209305
leaf_count=63 109 70 83 70 125
internal_value=0 0.00788218 -0.0132695 -0.00516734 0.0188427
internal_weight=122.501 77.7536 44.747 34.2018 43.5517
internal_count=520 328 192 140 188
is_linear=0
shrinkage=0.03


Tree=31
num_leaves=6
num_cat=0
split_feature=18 17 6 9 6
split_gain=12.4606 11.0071 6.69522 3.76246 2.10069
threshold=0.12500000000000003 -0.10367169636888721 0.0041745055512584757 0.37572815533980591 0.01947372231629934
decision_type=2 2 2 2 2
left_child=3 -2 -3 -1 -4
right_child=1 2 4 -5 -6
leaf_value=-0.022899877360402308 -0.0083514903243897005 0.0227876222051068 -0.0040449752219557603 0 0.0081073723783741582
leaf_weight=16.711259916424751 25.619785338640213 27.577113151550293 15.269175410270689 16.686640426516533 20.166704669594765
leaf_count=74 107 123 62 72 82
internal_value=0 0.00585993 0.0127094 -0.0144335 0.00153447
internal_weight=122.031 88.6328 63.013 33.3979 35.4359
internal_count=520 374 267 146 144
is_linear=0
shrinkage=0.03


Tree=32
num_leaves=6
num_cat=0
split_feature=2 12 15 15 7
split_gain=14.6259 13.701 13.4874 5.08513 4.49768
threshold=0.50000000000000011 0.75833333333333341 0.48500000000000004 0.42500000000000004 0.13152933752266324
decision_type=2 2 2 2 2
left_child=1 4 -2 -3 -1
right_child=2 3 -4 -5 -6
leaf_value=0.024722167074519387 -0.026408076963387834 -0.015473523773106857 0.0026362139646243176 0.0037601253212368375 0.00021508122275087747
leaf_weight=28.171738788485527 24.078828573226929 16.765677243471146 20.342603981494904 17.338184952735901 15.027662009000776
leaf_count=126 109 70 83 70 62
internal_value=0 0.00767391 -0.0129723 -0.00493039 0.0183485
internal_weight=121.725 77.3033 44.4214 34.1039 43.1994
internal_count=520 328 192 140 188
is_linear=0
shrinkage=0.03


Tree=33
num_leaves=6
num_cat=0
split_feature=2 15 21 2 17
split_gain=13.9306 12.9889 8.71005 7.5914 1.74665
threshold=0.50000000000000011 0.48500000000000004 0.73500530502757633 0.17741935483870971 -0.006131452639098465
decision_type=2 2 2 2 2
left_child=2 -2 4 -4 -1
right_child=1 -3 3 -5 -6
leaf_value=-0.0093051455600142059 -0.025941003983314607 0.0025730252306274026 0 0.025151886346119003 0.001465093445010461
leaf_weight=15.212559685111044 23.870199054479599 20.339754223823547 18.317880287766457 25.152566254138947 18.366529062390327
leaf_count=63 109 83 79 111 75
internal_value=0 -0.0126747 0.00751359 0.0158928 -0.00243258
internal_weight=121.259 44.21 77.0495 43.4704 33.5791
internal_count=520 192 328 190 138
is_linear=0
shrinkage=0.03


Tree=34
num_leaves=7
num_cat=0
split_feature=15 12 12 16 10 12
split_gain=11.1994 8.48763 10.2717 10.094 4.79706 3.27201
threshold=0.12500000000000003 0.75833333333333341 0.45833333333333343 0.77500000000000002 0.72500000000000009 0.34166666666666673
decision_type=2 2 2 2 2 2
left_child=4 2 5 -3 -1 -2
right_child=1 3 -4 -5 -6 -7
leaf_value=0 0.0088878971311443181 0.0075222868314220028 0.026408141663200508 -0.020625058199629683 -0.022714530249590126 -0.0077359289214438349
leaf_weight=15.592301338911055 17.069222435355186 18.468849495053291 22.126761108636856 15.209348395466803 17.331722393631935 15.076261788606642
leaf_count=70 75 75 98 62 76 64
internal_value=0 0.00556133 0.0127751 -0.00466101 -0.0137832 0
internal_weight=120.874 87.9504 54.2722 33.6782 32.924 32.1455
internal_count=520 374 237 137 146 139
is_linear=0
shrinkage=0.03


Tree=35
num_leaves=6
num_cat=0
split_feature=2 15 21 2 17
split_gain=13.368 12.1738 8.1748 7.16491 1.6548
threshold=0.50000000000000011 0.48500000000000004 0.73500530502757633 0.17741935483870971 -0.006131452639098465
decision_type=2 2 2 2 2
left_child=2 -2 4 -4 -1
right_child=1 -3 3 -5 -6
leaf_value=-0.0089716157743821977 -0.025379120646574053 0.0022354986690118098 0 0.024565282999012873 0.0015249775161289153
leaf_weight=15.185728743672369 23.603482812643051 20.298684880137444 18.240097925066948 24.917370244860649 18.344883218407631
leaf_count=63 109 83 79 111 75
internal_value=0 -0.0124611 0.00737055 0.0155237 -0.00221897
internal_weight=120.59 43.9022 76.6881 43.1575 33.5306
internal_count=520 192 328 190 138
is_linear=0
shrinkage=0.03


Tree=36
num_leaves=7
num_cat=0
split_feature=15 12 12 4 1 12
split_gain=10.3932 8.70067 9.78332 6.21384 4.4605 3.16981
threshold=0.13500000000000004 0.75833333333333341 0.45833333333333343 0.2416666666666667 0.41666666666666669 0.32500000000000001
decision_type=2 2 2 2 2 2
left_child=4 2 5 -3 -1 -2
right_child=1 3 -4 -5 -6 -7
leaf_value=0 0.0093484517831541845 -0.016975126481929736 0.026740601800329451 0.0047906964599581789 -0.021252947185819018 -0.0070813662641486539
leaf_weight=16.44586518406868 16.026528641581539 15.672359585762022 20.970051899552345 17.475381955504417 18.364686474204063 15.245972365140913
leaf_count=72 71 64 94 71 83 65
internal_value=0 0.00558033 0.0130611 -0.00480351 -0.0128162 0
internal_weight=120.201 85.3903 52.2426 33.1477 34.8106 31.2725
internal_count=520 365 230 135 155 136
is_linear=0
shrinkage=0.03


Tree=37
num_leaves=7
num_cat=0
split_feature=15 12 12 4 10 12
split_gain=9.94698 7.75114 9.44718 9.3049 4.66141 2.83343
threshold=0.12500000000000003 0.75833333333333341 0.45833333333333343 0.22500000000000003 0.72500000000000009 0.34166666666666673
decision_type=2 2 2 2 2 2
left_child=4 2 5 -3 -1 -2
right_child=1 3 -4 -5 -6 -7
leaf_value=0 0.008286170399510755 -0.019853770546178373 0.025387215647622544 0.0071506188685755067 -0.021908226013393747 -0.0072205574076630238
leaf_weight=15.454059913754461 16.937306940555576 15.156150385737417 21.759602248668671 18.458077043294907 17.103785693645477 15.021723717451094
leaf_count=70 75 62 98 75 76 64
internal_value=0 0.00524325 0.0122033 -0.0044656 -0.013068 0
internal_weight=119.891 87.3329 53.7186 33.6142 32.5578 31.959
internal_count=520 374 237 137 146 139
is_linear=0
shrinkage=0.03


Tree=38
num_leaves=6
num_cat=0
split_feature=2 12 15 15 7
split_gain=12.9057 11.705 11.0839 4.46678 3.79356
threshold=0.50000000000000011 0.75833333333333341 0.48500000000000004 0.42500000000000004 0.12114065064501478
decision_type=2 2 2 2 2
left_child=1 4 -2 -3 -1
right_child=2 3 -4 -5 -6
leaf_value=0.023318471476628046 -0.024707360962616852 -0.014359934410009911 0.0016498591588890979 0.0036719336657082781 0.00028848038630788621
leaf_weight=27.178245902061462 23.257719337940216 16.539462506771088 20.210372611880302 17.292376965284348 15.11521729826927
leaf_count=125 109 70 83 70 63
internal_value=0 0.00725669 -0.0123087 -0.00431216 0.0172571
internal_weight=119.593 76.1253 43.4681 33.8318 42.2935
internal_count=520 328 192 140 188
is_linear=0
shrinkage=0.03


Tree=39
num_leaves=6
num_cat=0
split_feature=2 15 6 2 15
split_gain=12.2972 10.6891 7.78413 7.10346 6.29413
threshold=0.50000000000000011 0.48500000000000004 -0.002664748364793659 0.24193548387096778 0.13500000000000004
decision_type=2 2 2 2 2
left_child=2 -2 4 -4 -1
right_child=1 -3 3 -5 -6
leaf_value=0 -0.024282033877594349 0.0016103347431597099 -0.01572564411656464 0.0075875063662914173 0.023655720672810417
leaf_weight=15.362781077623366 23.045953899621964 20.207988426089287 15.41851571202278 20.352757900953293 24.736876159906387
leaf_count=65 109 83 63 85 115
internal_value=0 -0.0120284 0.00710808 -0.00168575 0.0156003
internal_weight=119.125 43.2539 75.8709 35.7713 40.0997
internal_count=520 192 328 148 180
is_linear=0
shrinkage=0.03


Tree=40
num_leaves=6
num_cat=0
split_feature=2 12 15 15 22
split_gain=11.6936 10.914 10.3102 4.27584 3.4068
threshold=0.50000000000000011 0.75833333333333341 0.48500000000000004 0.42500000000000004 -0.2243037503768763
decision_type=2 2 2 2 2
left_child=1 4 -2 -3 -1
right_child=2 3 -4 -5 -6
leaf_value=0.0017874269238821888 -0.023866497511357054 -0.014042902946258819 0.0015717554817310203 0.0035841718118366779 0.023540698288489603
leaf_weight=17.984123691916466 22.834066674113274 16.489196985960007 20.205636903643608 17.288752987980843 23.919509544968605
leaf_count=78 109 70 83 70 110
internal_value=0 0.00694067 -0.0117545 -0.00417464 0.0166697
internal_weight=118.721 75.6816 43.0397 33.7779 41.9036
internal_count=520 328 192 140 188
is_linear=0
shrinkage=0.03


Tree=41
num_leaves=6
num_cat=0
split_feature=22 17 6 6 4
split_gain=8.72797 12.9504 8.795 3.17881 2.10545
threshold=-0.70599612656175492 -0.084258989946473462 -0.00024778739941274937 0.018753976880568235 0.27500000000000008
decision_type=2 2 2 2 2
left_child=-1 4 -3 -4 -2
right_child=1 2 3 -5 -6
leaf_value=-0.015611044174188383 -0.014784133337982659 0.025045888446859784 -0.0048843113350535046 0.010321071312788845 0
leaf_weight=20.802299663424492 17.63467301428318 23.779431760311127 20.503379881381989 16.448599725961685 19.097858622670174
leaf_count=90 79 112 88 69 82
internal_value=0 0.00391069 0.0124387 0.000877338 -0.00855226
internal_weight=118.266 97.4639 60.7314 36.952 36.7325
internal_count=520 430 269 157 161
is_linear=0
shrinkage=0.03


Tree=42
num_leaves=5
num_cat=0
split_feature=2 21 17 17
split_gain=10.9471 11.1847 13.9038 2.82787
threshold=0.82258064516129037 0.73500530502757633 -0.18533321998164093 -0.029376881573101137
decision_type=2 2 2 2
left_child=1 3 -3 -1
right_child=-2 2 -4 -5
leaf_value=-0.014365772057365663 -0.01899674796357401 -0.007497424174971355 0.021541243543705096 0
leaf_weight=16.005356341600418 17.569022119045258 15.093029648065565 41.04916949570179 28.276606172323227
leaf_count=68 84 66 185 117
internal_value=0 0.00402478 0.0127786 -0.00602658
internal_weight=117.993 100.424 56.1422 44.282
internal_count=520 436 251 185
is_linear=0
shrinkage=0.03


Tree=43
num_leaves=6
num_cat=0
split_feature=2 12 18 18 16
split_gain=10.602 10.1407 9.55831 3.97537 3.51001
threshold=0.50000000000000011 0.75833333333333341 0.48500000000000004 0.42500000000000004 0.89166666666666672
decision_type=2 2 2 2 2
left_child=1 4 -2 -3 -1
right_child=2 3 -4 -5 -6
leaf_value=0.0034265485343098374 -0.023099912623498694 -0.013632128788437231 0.0014170063639014931 0.003321036114116951 0.025098897179764715
leaf_weight=22.936335921287537 22.409684240818024 16.396852612495422 20.157078102231026 17.257279187440872 18.464389339089394
leaf_count=102 109 70 83 70 86
internal_value=0 0.00658159 -0.0113002 -0.00408152 0.0160484
internal_weight=117.622 75.0549 42.5668 33.6541 41.4007
internal_count=520 328 192 140 188
is_linear=0
shrinkage=0.03


Tree=44
num_leaves=6
num_cat=0
split_feature=2 12 7 7 17
split_gain=10.1167 9.72359 5.03633 3.65691 3.49533
threshold=0.50000000000000011 0.75833333333333341 0.147819642826997 0.0951660053325976 -0.006131452639098465
decision_type=2 2 2 2 2
left_child=1 3 -2 -1 -3
right_child=2 4 -4 -5 -6
leaf_value=0.022052502133886921 -0.018814608794172041 -0.012642876015725318 0 0 0.0031328387214316737
leaf_weight=25.367944702506065 24.116764307022095 17.14700847864151 18.237371936440468 15.866805106401442 16.453422054648399
leaf_count=121 112 73 80 67 67
internal_value=0 0.00645905 -0.0110426 0.0157555 -0.00395829
internal_weight=117.189 74.8352 42.3541 41.2347 33.6004
internal_count=520 328 192 188 140
is_linear=0
shrinkage=0.03


Tree=45
num_leaves=6
num_cat=0
split_feature=2 21 7 16 2
split_gain=9.77133 10.6034 12.4254 3.62711 1.99201
threshold=0.82258064516129037 0.73500530502757633 -0.20207160950783731 0.89166666666666672 0.24193548387096778
decision_type=2 2 2 2 2
left_child=1 3 -3 -1 -4
right_child=-2 2 4 -5 -6
leaf_value=-0.013006851126929042 -0.018112046350117702 -0.0038656235706392931 0.005540192040753387 0.0011972467756405693 0.029098243541382619
leaf_weight=24.41526073217392 17.215966820716858 19.705616503953934 15.628144949674605 19.715865224599838 20.127085238695145
leaf_count=103 84 89 72 82 90
internal_value=0 0.003795 0.0124037 -0.00596381 0.0222165
internal_weight=116.808 99.592 55.4608 44.1311 35.7552
internal_count=520 436 251 185 162
is_linear=0
shrinkage=0.03


Tree=46
num_leaves=6
num_cat=0
split_feature=2 12 18 18 18
split_gain=9.54349 9.20818 8.91017 3.7118 3.4091
threshold=0.50000000000000011 0.75833333333333341 0.48500000000000004 0.42500000000000004 0.15500000000000003
decision_type=2 2 2 2 2
left_child=1 4 -2 -3 -1
right_child=2 3 -4 -5 -6
leaf_value=0 -0.022304082236717097 -0.01311394569836054 0.0014055198481535715 0.0032675245241170978 0.021283519978284048
leaf_weight=15.147992685437201 21.94626273214817 16.288308158516884 20.107016831636429 17.223612621426582 25.798840269446373
leaf_count=63 109 70 83 70 125
internal_value=0 0.00629997 -0.0107479 -0.00380551 0.0153905
internal_weight=116.512 74.4588 42.0533 33.5119 40.9468
internal_count=520 328 192 140 188
is_linear=0
shrinkage=0.03


Tree=47
num_leaves=6
num_cat=0
split_feature=2 12 15 15 16
split_gain=9.09404 8.81869 8.601 3.56343 3.50224
threshold=0.50000000000000011 0.75833333333333341 0.48500000000000004 0.42500000000000004 0.89166666666666672
decision_type=2 2 2 2 2
left_child=1 4 -2 -3 -1
right_child=2 3 -4 -5 -6
leaf_value=0.0027306817020428648 -0.021931027345265249 -0.012845323479775881 0.0013718693306389602 0.0031916930371360319 0.024099049303839923
leaf_weight=22.704169422388077 21.738209903240204 16.235429987311363 20.104888007044792 17.222653970122337 18.033595472574234
leaf_count=102 109 70 83 70 86
internal_value=0 0.00617319 -0.0105022 -0.00368838 0.0151022
internal_weight=116.039 74.1958 41.8431 33.4581 40.7378
internal_count=520 328 192 140 188
is_linear=0
shrinkage=0.03


Tree=48
num_leaves=6
num_cat=0
split_feature=2 12 22 21 9
split_gain=8.70442 11.1754 9.22891 4.66583 2.5534
threshold=0.82258064516129037 0.75833333333333341 -0.60797545207513837 0.75238490058660767 0.4762135922330098
decision_type=2 2 2 2 2
left_child=1 2 -1 -3 -4
right_child=-2 3 4 -5 -6
leaf_value=-0.0041433511159353394 -0.017224020411171877 -0.014783278442576877 0.005046077296391136 0.0024246827673114341 0.026058612012975945
leaf_weight=15.591950088739393 16.818059846758842 24.413334891200066 20.760522723197937 15.543500155210493 22.485522851347923
leaf_count=65 84 102 100 66 103
internal_value=0 0.00362148 0.0119193 -0.00722947 0.0187834
internal_weight=115.613 98.7948 58.838 39.9568 43.246
internal_count=520 436 268 168 203
is_linear=0
shrinkage=0.03


Tree=49
num_leaves=6
num_cat=0
split_feature=22 17 6 10 4
split_gain=8.0339 10.8743 6.99344 10.1787 2.09216
threshold=-0.70599612656175492 -0.084258989946473462 -0.00024778739941274937 0.82500000000000007 0.27500000000000008
decision_type=2 2 2 2 2
left_child=-1 4 -3 -4 -2
right_child=1 2 3 -5 -6
leaf_value=-0.015062876091729056 -0.013917883612988244 0.023330706116632478 -0.010113189894274429 0.017904311461779482 0
leaf_weight=20.411208689212799 17.003443121910095 22.768625900149345 20.805161014199257 15.504999026656149 18.784856289625168
leaf_count=90 79 112 90 67 82
internal_value=0 0.00383002 0.011767 0.00111729 -0.00763758
internal_weight=115.278 94.8671 59.0788 36.3102 35.7883
internal_count=520 430 269 157 161
is_linear=0
shrinkage=0.03


Tree=50
num_leaves=6
num_cat=0
split_feature=15 17 12 1 12
split_gain=6.94452 6.97618 5.16045 4.00979 3.71394
threshold=0.13500000000000004 -0.076212460009975239 0.70833333333333337 0.41666666666666669 0.45833333333333343
decision_type=2 2 2 2 2
left_child=3 -2 4 -1 -3
right_child=1 2 -4 -5 -6
leaf_value=0 -0.0059545540405349191 0.0012523010566080743 0 -0.018945572075356076 0.026161075212018534
leaf_weight=15.566093772649763 26.599727153778076 15.200848922133444 23.456967353820801 17.233280032873154 16.905253723263741
leaf_count=72 117 70 96 83 82
internal_value=0 0.00464248 0.0107791 -0.0107541 0.0177427
internal_weight=114.962 82.1628 55.5631 32.7994 32.1061
internal_count=520 365 248 155 152
is_linear=0
shrinkage=0.03


Tree=51
num_leaves=6
num_cat=0
split_feature=22 17 12 12 12
split_gain=7.66344 10.0825 3.70358 2.12672 1.06738
threshold=-0.70599612656175492 -0.084258989946473462 0.79166666666666685 0.50833333333333341 0.37500000000000006
decision_type=2 2 2 2 2
left_child=-1 3 4 -2 -3
right_child=1 2 -4 -5 -6
leaf_value=-0.014735053611558279 0 0.0030960850576596624 0 -0.012755626428716291 0.020845051567449875
leaf_weight=20.339995831251144 15.7047993093729 15.967702656984327 19.125231742858887 19.965881064534187 23.570433661341667
leaf_count=90 71 76 78 90 115
internal_value=0 0.00374778 0.0114329 -0.00726745 0.0161765
internal_weight=114.674 94.334 58.6634 35.6707 39.5381
internal_count=520 430 269 161 191
is_linear=0
shrinkage=0.03


Tree=52
num_leaves=6
num_cat=0
split_feature=22 17 12 4 12
split_gain=7.31067 9.64528 3.55457 2.10028 0.984876
threshold=-0.70599612656175492 -0.084258989946473462 0.79166666666666685 0.27500000000000008 0.37500000000000006
decision_type=2 2 2 2 2
left_child=-1 3 4 -2 -3
right_child=1 2 -4 -5 -6
leaf_value=-0.014393206173939977 -0.013398819618783187 0.0030256051385521973 0 0 0.0204297691187591
leaf_weight=20.317485049366951 16.904929280281067 15.96597398817539 19.125231742858887 18.692757278680801 23.431822314858437
leaf_count=90 79 76 78 82 115
internal_value=0 0.00366955 0.0112034 -0.00709266 0.0158632
internal_weight=114.438 94.1207 58.523 35.5977 39.3978
internal_count=520 430 269 161 191
is_linear=0
shrinkage=0.03


Tree=53
num_leaves=6
num_cat=0
split_feature=2 15 21 2 17
split_gain=8.11458 7.68467 5.9453 5.14883 1.39626
threshold=0.50000000000000011 0.48500000000000004 0.73500530502757633 0.17741935483870971 0.020775116632734941
decision_type=2 2 2 2 2
left_child=2 -2 4 -4 -1
right_child=1 -3 3 -5 -6
leaf_value=-0.0080394890221171158 -0.020950721408083149 0.0011008154137294108 0 0.021131737864525324 0.0014933024749654053
leaf_weight=16.233831495046616 21.160647332668304 19.986810907721519 17.295864790678024 23.053449913859367 16.50122395157814
leaf_count=69 109 83 79 111 69
internal_value=0 -0.00998058 0.00588714 0.013193 -0.00208298
internal_weight=114.232 41.1475 73.0844 40.3493 32.7351
internal_count=520 192 328 190 138
is_linear=0
shrinkage=0.03


Tree=54
num_leaves=6
num_cat=0
split_feature=22 17 6 10 12
split_gain=6.91888 9.05431 6.48184 9.33124 2.05917
threshold=-0.70599612656175492 -0.084258989946473462 -0.00024778739941274937 0.82500000000000007 0.50833333333333341
decision_type=2 2 2 2 2
left_child=-1 4 -3 -4 -2
right_child=1 2 3 -5 -6
leaf_value=-0.01401738510311778 0 0.022191378973234248 -0.0099698968956303726 0.016969462045089586 -0.012273724367444028
leaf_weight=20.227446839213371 15.61046428978443 22.103962033987045 20.74841733276844 15.34487311542034 19.817165598273277
leaf_count=90 71 112 90 67 90
internal_value=0 0.00358865 0.0109183 0.000694334 -0.00682892
internal_weight=113.852 93.6249 58.1973 36.0933 35.4276
internal_count=520 430 269 157 161
is_linear=0
shrinkage=0.03


Tree=55
num_leaves=6
num_cat=0
split_feature=22 12 6 0 12
split_gain=6.59612 7.19042 5.54472 4.67538 1.92057
threshold=-0.70599612656175492 0.77500000000000013 0.0045559857389922435 1.0000000180025095e-35 0.39166666666666677
decision_type=2 2 2 2 2
left_child=-1 2 4 -3 -2
right_child=1 3 -4 -5 -6
leaf_value=-0.013693680348057619 0.0045887445595524717 -0.015897782211564345 -0.0017666947121102313 0.0019657999605859661 0.023303936329607085
leaf_weight=20.203001379966736 23.461540311574936 16.144206926226616 15.31729283928871 20.354258209466934 18.024206340312958
leaf_count=90 116 69 70 86 89
internal_value=0 0.00350919 0.0102141 -0.00545332 0.0156426
internal_weight=113.505 93.3015 56.803 36.4985 41.4857
internal_count=520 430 275 155 205
is_linear=0
shrinkage=0.03


Tree=56
num_leaves=5
num_cat=0
split_feature=22 6 7 10
split_gain=6.28889 6.9104 6.03778 5.16375
threshold=-0.70599612656175492 -0.00024778739941274937 -0.20954201281714227 0.87500000000000011
decision_type=2 2 2 2
left_child=-1 2 -2 -3
right_child=1 3 -4 -5
leaf_value=-0.013378011884203189 0 -0.012062574947570334 0.019668855863509443 0.0055296765878644063
leaf_weight=20.177686929702759 21.030956357717514 26.923952057957649 26.218751415610313 18.943750247359276
leaf_count=90 97 121 130 82
internal_value=0 0.00342938 0.011276 -0.00378794
internal_weight=113.295 93.1174 47.2497 45.8677
internal_count=520 430 227 203
is_linear=0
shrinkage=0.03


Tree=57
num_leaves=6
num_cat=0
split_feature=22 17 6 10 4
split_gain=5.99237 8.60175 5.65737 8.72775 2.11619
threshold=-0.70599612656175492 -0.084258989946473462 -0.00024778739941274937 0.82500000000000007 0.27500000000000008
decision_type=2 2 2 2 2
left_child=-1 4 -3 -4 -2
right_child=1 2 3 -5 -6
leaf_value=-0.01307012506711926 -0.013158200065580083 0.021264768349661338 -0.0094321231828538958 0.016613185682762134 0
leaf_weight=20.151592463254929 16.72235681116581 21.634445816278458 20.685967043042183 15.287574440240858 18.571094185113907
leaf_count=90 79 112 90 67 82
internal_value=0 0.00334669 0.01056 0.000848548 -0.00678764
internal_weight=113.053 92.9014 57.608 35.9735 35.2935
internal_count=520 430 269 157 161
is_linear=0
shrinkage=0.03


Tree=58
num_leaves=6
num_cat=0
split_feature=2 21 17 16 2
split_gain=7.23713 8.82459 8.31723 3.19512 2.18794
threshold=0.82258064516129037 0.73500530502757633 -0.14145050745147433 0.89166666666666672 0.24193548387096778
decision_type=2 2 2 2 2
left_child=1 3 -3 -1 -4
right_child=-2 2 4 -5 -6
leaf_value=-0.01222557793956076 -0.015959527764704669 -0.0026136910196436374 0.003746623252172268 0.0010838846965672056 0.025791938240121777
leaf_weight=23.960643693804741 16.200419887900352 17.184712469577789 16.079590916633606 19.382756739854813 19.92577351629734
leaf_count=103 84 77 79 82 95
internal_value=0 0.00331166 0.0114088 -0.00553607 0.0190673
internal_weight=112.734 96.5335 53.1901 43.3434 36.0054
internal_count=520 436 251 185 174
is_linear=0
shrinkage=0.03


Tree=59
num_leaves=5
num_cat=0
split_feature=15 17 21 17
split_gain=5.77246 5.51381 4.26658 0.389293
threshold=0.12500000000000003 -0.10367169636888721 0.77985757946718182 0.26019198345813865
decision_type=2 2 2 2
left_child=-1 -2 3 -3
right_child=1 2 -4 -5
leaf_value=-0.010346195195830302 -0.0058032826310392988 0.0037517585289609271 0.017227411538132262 -0.0015336634075985502
leaf_weight=29.835849896073341 24.175725638866425 16.432819291949272 26.288863256573677 15.697022736072539
leaf_count=146 107 72 130 65
internal_value=0 0.00409135 0.0092669 0
internal_weight=112.43 82.5944 58.4187 32.1298
internal_count=520 374 267 137
is_linear=0
shrinkage=0.03


Tree=60
num_leaves=6
num_cat=0
split_feature=2 15 12 1 7
split_gain=7.04113 6.91141 6.58707 3.88579 3.67218
threshold=0.50000000000000011 0.48500000000000004 0.75833333333333341 0.58333333333333337 0.0951660053325976
decision_type=2 2 2 2 2
left_child=2 -2 4 -4 -1
right_child=1 -3 3 -5 -6
leaf_value=0.019851378698075083 -0.019990538646072677 0.00097147296030673552 -0.012148672878176451 0.0049807577623711971 0
leaf_weight=23.569829702377319 20.534698978066444 19.822673097252846 17.276416033506393 15.705822348594664 15.280782595276831
leaf_count=121 109 83 72 68 67
internal_value=0 -0.00939953 0.00550644 -0.00283022 0.0134679
internal_weight=112.19 40.3574 71.8329 32.9822 38.8506
internal_count=520 192 328 140 188
is_linear=0
shrinkage=0.03


Tree=61
num_leaves=6
num_cat=0
split_feature=2 18 12 16 18
split_gain=6.704 6.67779 6.29938 3.58249 2.96742
threshold=0.50000000000000011 0.48500000000000004 0.75833333333333341 0.89166666666666672 0.42500000000000004
decision_type=2 2 2 2 2
left_child=2 -2 3 -1 -4
right_child=1 -3 4 -5 -6
leaf_value=0.001139109681332064 -0.019661067859831179 0.0009482583984489301 -0.011381724233920592 0.022224734494404968 0.0033543267666571088
leaf_weight=21.798063308000565 20.339211627840996 19.82114651799202 15.878455400466917 16.87045606970787 17.084461480379105
leaf_count=102 109 83 70 86 70
internal_value=0 -0.00918193 0.00538991 0.0132038 -0.00272778
internal_weight=111.792 40.1604 71.6314 38.6685 32.9629
internal_count=520 192 328 188 140
is_linear=0
shrinkage=0.03


Tree=62
num_leaves=6
num_cat=0
split_feature=2 15 12 7 15
split_gain=6.4008 6.45252 6.05021 3.5972 2.84811
threshold=0.50000000000000011 0.48500000000000004 0.75833333333333341 0.0951660053325976 0.42500000000000004
decision_type=2 2 2 2 2
left_child=2 -2 3 -1 -4
right_child=1 -3 4 -5 -6
leaf_value=0.019325431807141105 -0.019337408667759588 0.00092559820480225125 -0.011149975855103435 0 0.003276613987666615
leaf_weight=23.284333720803261 20.145881935954094 19.819648250937462 15.826938316226004 15.235626295208929 17.083574235439301
leaf_count=121 109 83 70 67 70
internal_value=0 -0.00896872 0.00529612 0.0129744 -0.00263411
internal_weight=111.396 39.9655 71.4305 38.52 32.9105
internal_count=520 192 328 188 140
is_linear=0
shrinkage=0.03


Tree=63
num_leaves=6
num_cat=0
split_feature=22 17 6 6 4
split_gain=5.60769 7.5534 4.81767 2.26579 2.01977
threshold=-0.70599612656175492 -0.084258989946473462 -0.00024778739941274937 0.018753976880568235 0.27500000000000008
decision_type=2 2 2 2 2
left_child=-1 4 -3 -4 -2
right_child=1 2 3 -5 -6
leaf_value=-0.012673766198149916 -0.012516619237957643 0.020254623286631277 -0.0037527887935409759 0.0090786651841229353 0
leaf_weight=19.871343448758125 16.302386149764061 20.909395217895508 19.501254171133041 16.004043847322464 18.383354038000107
leaf_count=90 79 112 88 69 82
internal_value=0 0.00330857 0.0101527 0.000956434 -0.00618787
internal_weight=110.972 91.1004 56.4147 35.5053 34.6857
internal_count=520 430 269 157 161
is_linear=0
shrinkage=0.03


Tree=64
num_leaves=5
num_cat=0
split_feature=2 21 7 16
split_gain=6.05439 8.1124 9.22124 2.96984
threshold=0.82258064516129037 0.73500530502757633 -0.20207160950783731 0.89166666666666672
decision_type=2 2 2 2
left_child=1 3 -3 -1
right_child=-2 2 -4 -5
leaf_value=-0.011856899094459363 -0.014799341506303534 -0.0030515249586634567 0.019711372401477332 0.00092496671627125817
leaf_weight=23.767861679196358 15.596702098846434 18.647108510136604 33.414869904518127 19.279064431786537
leaf_count=103 84 89 162 82
internal_value=0 0.00306076 0.0109539 -0.00538308
internal_weight=110.706 95.1089 52.062 43.0469
internal_count=520 436 251 185
is_linear=0
shrinkage=0.03


Tree=65
num_leaves=6
num_cat=0
split_feature=22 17 6 6 4
split_gain=5.33403 7.08993 4.5118 2.17998 1.99221
threshold=-0.70599612656175492 -0.084258989946473462 -0.00024778739941274937 0.018753976880568235 0.27500000000000008
decision_type=2 2 2 2 2
left_child=-1 4 -3 -4 -2
right_child=1 2 3 -5 -6
leaf_value=-0.012410202460283057 -0.0122919343275308 0.019732599962346276 -0.003679727801432425 0.008911121940173402 0
leaf_weight=19.8015416264534 16.210490584373474 20.622791603207588 19.429554253816605 15.967613205313681 18.359272703528404
leaf_count=90 79 112 88 69 82
internal_value=0 0.00320331 0.00987472 0.000914689 -0.00597304
internal_weight=110.391 90.5897 56.02 35.3972 34.5698
internal_count=520 430 269 157 161
is_linear=0
shrinkage=0.03


Tree=66
num_leaves=6
num_cat=0
split_feature=2 15 6 10 2
split_gain=5.70906 5.92891 4.98894 5.89673 5.60754
threshold=0.50000000000000011 0.48500000000000004 -0.002664748364793659 0.87500000000000011 0.24193548387096778
decision_type=2 2 2 2 2
left_child=2 -2 3 -1 -4
right_child=1 -3 4 -5 -6
leaf_value=0.021209086018060607 -0.018630873595888012 0.00080613020115566445 -0.014344043834516844 0 0.0065077231083151667
leaf_weight=20.695335477590561 19.699351266026497 19.737888932228088 15.110291704535483 15.50599257647991 19.379228338599205
leaf_count=108 109 83 63 72 85
internal_value=0 -0.00855653 0.00499001 0.0123177 -0.0017678
internal_weight=110.128 39.4372 70.6908 36.2013 34.4895
internal_count=520 192 328 180 148
is_linear=0
shrinkage=0.03


Tree=67
num_leaves=6
num_cat=0
split_feature=2 12 1 16 9
split_gain=5.47879 7.90428 8.35823 6.5654 0.076656
threshold=0.82258064516129037 0.64166666666666672 0.58333333333333337 0.77500000000000002 0.59611650485436896
decision_type=2 2 2 2 2
left_child=1 2 4 -3 -1
right_child=-2 3 -4 -5 -6
leaf_value=0.005441470273736735 -0.014213636594235492 0.0028756244831735531 -0.0037876407342228077 -0.01723352243634051 0.023323160965814559
leaf_weight=15.129076331853865 15.32277926802635 25.889152839779854 15.412834763526915 18.518478319048882 19.468472123146057
leaf_count=76 84 113 75 80 92
internal_value=0 0.00288093 0.0109597 -0.00519111 0.0186934
internal_weight=109.741 94.418 50.0104 44.4076 34.5975
internal_count=520 436 243 193 168
is_linear=0
shrinkage=0.03


Tree=68
num_leaves=5
num_cat=0
split_feature=18 17 12 12
split_gain=4.83002 4.48052 3.96446 2.5882
threshold=0.12500000000000003 -0.076212460009975239 0.70833333333333337 0.49166666666666675
decision_type=2 2 2 2
left_child=-1 -2 3 -3
right_child=1 2 -4 -5
leaf_value=-0.00963955396309445 -0.0043924381493419236 0.00083948223515664666 0 0.022736347969076792
leaf_weight=28.739631399512291 26.840529918670654 15.140609711408617 23.418070510029793 15.337412267923353
leaf_count=146 122 74 97 81
internal_value=0 0.00375967 0.00886645 0.0152011
internal_weight=109.476 80.7366 53.8961 30.478
internal_count=520 374 252 155
is_linear=0
shrinkage=0.03


Tree=69
num_leaves=5
num_cat=0
split_feature=2 0 4 15
split_gain=5.30786 5.84254 8.57645 5.47731
threshold=0.50000000000000011 1.0000000180025095e-35 0.22500000000000003 0.48500000000000004
decision_type=2 2 2 2
left_child=1 -1 -3 -2
right_child=3 2 -4 -5
leaf_value=-0.0043137032058594288 -0.018070917574849625 0 0.024081096549398148 0.00060138120643473672
leaf_weight=26.558306217193604 19.332921802997589 24.295081630349159 19.386080101132393 19.672880798578262
leaf_count=125 109 117 86 83
internal_value=0 0.00482499 0.0114862 -0.00829164
internal_weight=109.245 70.2395 43.6812 39.0058
internal_count=520 328 203 192
is_linear=0
shrinkage=0.03


Tree=70
num_leaves=6
num_cat=0
split_feature=22 17 5 4 17
split_gain=5.04053 6.5677 1.91194 1.77446 0.55484
threshold=-0.70599612656175492 -0.084258989946473462 1.0000000180025095e-35 0.27500000000000008 0.2816149036439462
decision_type=2 2 2 2 2
left_child=-1 3 -3 -2 -4
right_child=1 2 4 -5 -6
leaf_value=-0.012119596998792418 -0.011703179840976815 0.015730935845678445 0.0054005968930582503 0 0
leaf_weight=19.584792375564575 15.940955981612204 24.004240199923515 15.837652683258058 18.283366248011589 15.382146134972571
leaf_count=90 79 134 70 82 65
internal_value=0 0.00313008 0.00961285 -0.00569275 0.00173001
internal_weight=109.033 89.4484 55.224 34.2243 31.2198
internal_count=520 430 269 161 135
is_linear=0
shrinkage=0.03


Tree=71
num_leaves=6
num_cat=0
split_feature=22 17 6 6 4
split_gain=4.80006 6.27315 3.80591 2.01271 1.70512
threshold=-0.70599612656175492 -0.084258989946473462 -0.00024778739941274937 0.018753976880568235 0.27500000000000008
decision_type=2 2 2 2 2
left_child=-1 4 -3 -4 -2
right_child=1 2 3 -5 -6
leaf_value=-0.011842682712783768 -0.011458626301125928 0.018659922440268636 -0.0033897951584438584 0.0086741515233071283 0
leaf_weight=19.558766961097717 15.900074064731596 19.985310778021812 19.251080244779587 15.871128693222998 18.283366248011589
leaf_count=90 79 112 88 69 82
internal_value=0 0.00304751 0.00940077 0.000967871 -0.00555603
internal_weight=108.85 89.291 55.1075 35.1222 34.1834
internal_count=520 430 269 157 161
is_linear=0
shrinkage=0.03


Tree=72
num_leaves=6
num_cat=0
split_feature=22 17 6 10 10
split_gain=4.57319 6.00092 3.66442 2.18233 1.75816
threshold=-0.70599612656175492 -0.084258989946473462 -0.00024778739941274937 0.72500000000000009 0.92500000000000016
decision_type=2 2 2 2 2
left_child=-1 4 -3 -4 -2
right_child=1 2 3 -5 -6
leaf_value=-0.011572367195894022 0 0.01833716252771049 -0.0048299715228463172 0.0078360528750413602 -0.011643903836819658
leaf_weight=19.532361805438995 18.983663499355316 19.817534118890762 15.27191650867462 19.830700680613518 15.15926982462406
leaf_count=90 94 112 70 87 67
internal_value=0 0.0029714 0.00920801 0.000914202 -0.00542232
internal_weight=108.595 89.0631 54.9202 35.1026 34.1429
internal_count=520 430 269 157 161
is_linear=0
shrinkage=0.03


Tree=73
num_leaves=5
num_cat=0
split_feature=2 21 7 16
split_gain=4.91777 4.82707 7.70299 1.4148
threshold=0.66129032258064524 0.73500530502757633 -0.20207160950783731 0.89166666666666672
decision_type=2 2 2 2
left_child=1 3 -3 -1
right_child=-2 2 -4 -5
leaf_value=-0.0082703784890600009 -0.011521519446748705 -0.0028531373361756545 0.018353362208320869 0.00022872840138398403
leaf_weight=20.689400345087051 21.179755240678787 18.301587775349617 29.29775046557188 18.861664012074471
leaf_count=88 113 89 149 81
internal_value=0 0.00321207 0.00956279 -0.00329966
internal_weight=108.33 87.1504 47.5993 39.5511
internal_count=520 407 238 169
is_linear=0
shrinkage=0.03


Tree=74
num_leaves=5
num_cat=0
split_feature=2 4 0 6
split_gain=4.68136 6.89749 7.77776 7.52179
threshold=0.66129032258064524 0.20833333333333337 1.0000000180025095e-35 0.0041745055512584757
decision_type=2 2 2 2
left_child=1 3 -3 -1
right_child=-2 2 -4 -5
leaf_value=0.0061121722671591428 -0.011282818760247556 -0.00089936935244065448 0.022086042788291994 -0.014785743550063369
leaf_weight=24.721592150628567 21.086213797330856 15.892376005649565 22.576802417635918 23.774818286299706
leaf_count=130 113 74 101 102
internal_value=0 0.00311507 0.0121988 -0.00343562
internal_weight=108.052 86.9656 38.4692 48.4964
internal_count=520 407 175 232
is_linear=0
shrinkage=0.03


Tree=75
num_leaves=5
num_cat=0
split_feature=2 21 7 16
split_gain=4.46033 4.39693 7.46667 1.44384
threshold=0.66129032258064524 0.73500530502757633 -0.20207160950783731 0.89166666666666672
decision_type=2 2 2 2
left_child=1 3 -3 -1
right_child=-2 2 -4 -5
leaf_value=-0.0082190157036505299 -0.011048802778093758 -0.0030257786779048822 0.017863321550607537 0.00046495103159321059
leaf_weight=20.657100707292557 20.99415011703968 18.307599231600761 29.052148327231407 18.861011907458305
leaf_count=88 113 89 149 81
internal_value=0 0.00302553 0.00912458 -0.00313989
internal_weight=107.872 86.8779 47.3597 39.5181
internal_count=520 407 238 169
is_linear=0
shrinkage=0.03


Tree=76
num_leaves=6
num_cat=0
split_feature=22 17 2 6 10
split_gain=4.32915 5.70492 3.81705 3.16484 1.94838
threshold=-0.70599612656175492 -0.084258989946473462 0.20967741935483872 -0.00024778739941274937 0.72500000000000009
decision_type=2 2 2 2 2
left_child=-1 2 -2 -3 -5
right_child=1 3 -4 4 -6
leaf_value=-0.011342307176366367 0.0027320494027753984 0.017646228274510421 -0.013606088611929997 -0.0042574071879957721 0.0076125767642484469
leaf_weight=19.406092450022697 15.224989250302313 19.377751640975475 18.699022099375725 15.151897788047789 19.738363265991211
leaf_count=90 67 112 94 70 87
internal_value=0 0.00284904 -0.00532307 0.00898804 0.00106612
internal_weight=107.598 88.192 33.924 54.268 34.8903
internal_count=520 430 161 269 157
is_linear=0
shrinkage=0.03


Tree=77
num_leaves=5
num_cat=0
split_feature=2 0 4 1
split_gain=4.18705 5.67188 7.92231 2.47088
threshold=0.50000000000000011 1.0000000180025095e-35 0.22500000000000003 0.41666666666666669
decision_type=2 2 2 2
left_child=1 -1 -3 -2
right_child=3 2 -4 -5
leaf_value=-0.0048041451383228394 0 0 0.023061503476399157 -0.013675581601876872
leaf_weight=26.180011369287968 18.234555199742317 23.816969580948353 19.145836472511292 19.94756218791008
leaf_count=125 91 117 86 101
internal_value=0 0.00422965 0.0109124 -0.00751996
internal_weight=107.325 69.1428 42.9628 38.1821
internal_count=520 328 203 192
is_linear=0
shrinkage=0.03


Tree=78
num_leaves=6
num_cat=0
split_feature=22 12 1 0 12
split_gain=4.13023 5.65856 8.98855 4.39405 1.06381
threshold=-0.70599612656175492 0.77500000000000013 0.58333333333333337 1.0000000180025095e-35 0.40833333333333338
decision_type=2 2 2 2 2
left_child=-1 2 4 -3 -2
right_child=1 3 -4 -5 -6
leaf_value=-0.011099945214754103 0.0042317873218707981 -0.015318469603022956 -0.0048301386506657065 0.00212900916176368 0.023704186594071273
leaf_weight=19.354945838451385 16.056815162301064 15.748328641057013 18.05850712954998 20.000123903155327 17.982976399362087
leaf_count=90 83 69 93 86 99
internal_value=0 0.00277789 0.00915132 -0.00502123 0.0177742
internal_weight=107.202 87.8468 52.0983 35.7485 34.0398
internal_count=520 430 275 155 182
is_linear=0
shrinkage=0.03


Tree=79
num_leaves=5
num_cat=0
split_feature=15 21 2 4
split_gain=4.09718 3.49062 5.33007 1.31707
threshold=0.12500000000000003 0.77985757946718182 0.50000000000000011 0.19166666666666668
decision_type=2 2 2 2
left_child=-1 3 -3 -2
right_child=1 2 -4 -5
leaf_value=-0.0090847866189411978 -0.0064606050731118277 0.018641772137785655 -0.00045565423049165723 0.0021533652383498689
leaf_weight=27.863457560539246 22.159756913781166 20.434398971498013 15.102465152740477 21.406494185328484
leaf_count=146 97 113 71 93
internal_value=0 0.00340507 0.00999047 -0.00120672
internal_weight=106.967 79.1031 35.5369 43.5663
internal_count=520 374 184 190
is_linear=0
shrinkage=0.03


Tree=80
num_leaves=5
num_cat=0
split_feature=18 17 21 4
split_gain=3.89217 3.80436 4.22499 0.827397
threshold=0.12500000000000003 -0.14145050745147433 0.77985757946718182 0.17500000000000002
decision_type=2 2 2 2
left_child=-1 -2 3 -3
right_child=1 2 -4 -5
leaf_value=-0.0088724036075621421 -0.0063446618316423892 -0.0035205418931620945 0.015248700010444436 0.0046228717034691646
leaf_weight=27.795260518789291 17.281039193272591 20.333809390664101 26.183268666267395 15.15187983214855
leaf_count=146 79 88 140 67
internal_value=0 0.0033128 0.00719188 0
internal_weight=106.745 78.95 61.669 35.4857
internal_count=520 374 295 155
is_linear=0
shrinkage=0.03


Tree=81
num_leaves=6
num_cat=0
split_feature=22 12 1 1 12
split_gain=3.84801 5.32367 8.70306 3.12403 1.03529
threshold=-0.70599612656175492 0.77500000000000013 0.58333333333333337 0.58333333333333337 0.40833333333333338
decision_type=2 2 2 2 2
left_child=-1 2 4 -3 -2
right_child=1 3 -4 -5 -6
leaf_value=-0.010749222655147675 0.0040546199829035604 -0.013188852858603725 -0.0048353649157558227 0.0010905528734080254 0.023333075292028292
leaf_weight=19.263103142380714 15.963919892907141 16.523701578378677 17.951885208487511 19.102027803659439 17.726889260113239
leaf_count=90 83 70 93 85 99
internal_value=0 0.00267394 0.00890332 -0.00486363 0.0174535
internal_weight=106.532 87.2684 51.6427 35.6257 33.6908
internal_count=520 430 275 155 182
is_linear=0
shrinkage=0.03


Tree=82
num_leaves=6
num_cat=0
split_feature=2 4 17 16 22
split_gain=3.8731 6.34272 4.86693 4.26357 0.934273
threshold=0.66129032258064524 0.20833333333333337 -0.14145050745147433 0.89166666666666672 -0.215403065788312
decision_type=2 2 2 2 2
left_child=1 3 -3 -1 -5
right_child=-2 2 -4 4 -6
leaf_value=-0.013994857811032362 -0.010410251749590788 0 0.019046951184003815 -0.0006204995226525773 0.0068853727025646825
leaf_weight=17.25919845700264 20.63807637989521 15.028169423341749 22.971721224486828 15.177743695676329 15.226808965206144
leaf_count=82 113 66 109 74 76
internal_value=0 0.00279311 0.0115814 -0.0035084 0.00188532
internal_weight=106.302 85.6636 37.9999 47.6638 30.4046
internal_count=520 407 175 232 150
is_linear=0
shrinkage=0.03


Tree=83
num_leaves=5
num_cat=0
split_feature=2 0 18 16
split_gain=3.69612 5.30525 4.70974 2.69684
threshold=0.50000000000000011 1.0000000180025095e-35 0.48500000000000004 0.77500000000000002
decision_type=2 2 2 2
left_child=1 -1 -2 -3
right_child=2 3 -4 -5
leaf_value=-0.0047893122664974625 -0.016566894022625771 0.017656613613495822 0.00086408396314876764 0.00017817004163978755
leaf_weight=25.876172728836536 18.334569662809372 19.491513915359974 19.400201365351677 23.008759491145611
leaf_count=125 109 87 83 116
internal_value=0 0.00394611 -0.00714869 0.0104721
internal_weight=106.111 68.3764 37.7348 42.5003
internal_count=520 328 192 203
is_linear=0
shrinkage=0.03


Tree=84
num_leaves=6
num_cat=0
split_feature=22 12 1 17 12
split_gain=3.59676 5.32008 8.329 3.04033 0.880649
threshold=-0.70599612656175492 0.77500000000000013 0.58333333333333337 0.046776062751774962 0.40833333333333338
decision_type=2 2 2 2 2
left_child=-1 2 4 -3 -2
right_child=1 3 -4 -5 -6
leaf_value=-0.010418375394687356 0.0040848915991728955 -0.011993525382621701 -0.0045660551496468135 0.0021083292944698005 0.022969868724375613
leaf_weight=19.156553700566292 15.850940912961958 20.279680997133255 17.836058780550957 15.286223858594893 17.511822625994682
leaf_count=90 83 91 93 64 99
internal_value=0 0.00258895 0.00886134 -0.00494066 0.0172633
internal_weight=105.921 86.7647 51.1988 35.5659 33.3628
internal_count=520 430 275 155 182
is_linear=0
shrinkage=0.03


Tree=85
num_leaves=6
num_cat=0
split_feature=2 4 0 12 9
split_gain=3.52101 5.95661 6.93857 5.71337 1.33548
threshold=0.66129032258064524 0.20833333333333337 1.0000000180025095e-35 0.70833333333333337 0.50679611650485445
decision_type=2 2 2 2 2
left_child=1 3 -3 4 -1
right_child=-2 2 -4 -5 -6
leaf_value=-0.00093385393852740836 -0.0099772853797807162 -0.0010694728922817833 0.02065174203341923 -0.016599702918535075 0.0081807607081649386
leaf_weight=16.264550127089024 20.410437270998955 15.572266221046446 22.211852356791496 15.054281905293463 16.147493928670883
leaf_count=88 113 74 101 65 79
internal_value=0 0.00266171 0.0112184 -0.00342602 0.0024897
internal_weight=105.661 85.2504 37.7841 47.4663 32.412
internal_count=520 407 175 232 167
is_linear=0
shrinkage=0.03


Tree=86
num_leaves=5
num_cat=0
split_feature=15 12 12 4
split_gain=3.51537 3.57516 5.87349 4.20435
threshold=0.12500000000000003 0.75833333333333341 0.45833333333333343 0.2416666666666667
decision_type=2 2 2 2
left_child=-1 2 -2 -3
right_child=1 3 -4 -5
leaf_value=-0.0085348589992554832 0 -0.013525897120951336 0.019879244685102035 0.0044686286537605809
leaf_weight=27.322196468710899 28.109590373933315 15.137625589966772 17.697643004357815 17.190835222601891
leaf_count=146 139 65 98 72
internal_value=0 0.00312016 0.0085148 -0.00303299
internal_weight=105.458 78.1357 45.8072 32.3285
internal_count=520 374 237 137
is_linear=0
shrinkage=0.03


Tree=87
num_leaves=6
num_cat=0
split_feature=22 12 0 6 17
split_gain=3.45029 4.94456 3.95856 3.14716 1.22366
threshold=-0.70599612656175492 0.77500000000000013 1.0000000180025095e-35 0.0025674984407947558 -0.031797337486448189
decision_type=2 2 2 2 2
left_child=-1 3 -3 4 -2
right_child=1 2 -4 -5 -6
leaf_value=-0.010242720177253892 0.0019965585114979545 -0.014562129774082985 0.0019803738952796262 0 0.018682280325000154
leaf_weight=19.056155040860176 17.863900274038315 15.553250327706335 19.875034838914871 15.009462103247641 17.865953966975212
leaf_count=90 92 69 86 73 110
internal_value=0 0.00252543 -0.0047006 0.00861644 0.0130822
internal_weight=105.224 86.1676 35.4283 50.7393 35.7299
internal_count=520 430 155 275 202
is_linear=0
shrinkage=0.03


Tree=88
num_leaves=5
num_cat=0
split_feature=2 0 15 21
split_gain=3.4268 4.82286 4.38349 2.44493
threshold=0.50000000000000011 1.0000000180025095e-35 0.48500000000000004 0.69371152303670069
decision_type=2 2 2 2
left_child=1 -1 -2 -3
right_child=2 3 -4 -5
leaf_value=-0.0044868090229511961 -0.016088812677251783 0 0.0007251149544509393 0.015211564887583866
leaf_weight=25.633532263338566 18.028194203972816 16.959601655602455 19.265364855527878 25.165177799761295
leaf_count=125 109 74 83 129
internal_value=0 0.00380907 -0.00692543 0.0100709
internal_weight=105.052 67.7583 37.2936 42.1248
internal_count=520 328 192 203
is_linear=0
shrinkage=0.03


Tree=89
num_leaves=6
num_cat=0
split_feature=22 17 6 6 15
split_gain=3.27169 4.77704 2.47633 1.75731 1.41438
threshold=-0.70599612656175492 -0.084258989946473462 -0.00024778739941274937 0.018753976880568235 0.27500000000000008
decision_type=2 2 2 2 2
left_child=-1 4 -3 -4 -2
right_child=1 2 3 -5 -6
leaf_value=-0.0099873394398701087 0 0.016160177405823949 -0.0030364981615980243 0.0082480564431151957 -0.010417775443513794
leaf_weight=18.981898844242096 17.669746071100235 18.340244650840759 18.790196225047112 15.540413737297056 15.48186409473419
leaf_count=90 90 112 88 69 71
internal_value=0 0.00246622 0.00822534 0.00094531 -0.00498993
internal_weight=104.804 85.8225 52.6709 34.3306 33.1516
internal_count=520 430 269 157 161
is_linear=0
shrinkage=0.03


Tree=90
num_leaves=6
num_cat=0
split_feature=2 12 16 7 6
split_gain=3.20499 3.85702 3.89942 3.19642 2.04865
threshold=0.50000000000000011 0.75833333333333341 0.89166666666666672 0.147819642826997 0.0080039944335414098
decision_type=2 2 2 2 2
left_child=1 2 -1 -2 -3
right_child=3 4 -4 -5 -6
leaf_value=0 -0.013649337634680271 -0.0093284139203157722 0.019604862864417389 0.00032927894151361389 0.0027442143982275274
leaf_weight=20.174797333776951 20.638904899358749 16.776772484183311 15.18574560433626 16.433918982744217 15.380885317921637
leaf_count=102 112 73 86 80 67
internal_value=0 0.00368044 0.0102603 -0.00672397 -0.00234711
internal_weight=104.591 67.5182 35.3605 37.0728 32.1577
internal_count=520 328 188 192 140
is_linear=0
shrinkage=0.03


Tree=91
num_leaves=6
num_cat=0
split_feature=22 12 1 1 12
split_gain=3.16443 4.63824 7.70256 2.97444 0.656121
threshold=-0.70599612656175492 0.77500000000000013 0.58333333333333337 0.58333333333333337 0.40833333333333338
decision_type=2 2 2 2 2
left_child=-1 2 4 -3 -2
right_child=1 3 -4 -5 -6
leaf_value=-0.0098127644116252286 0.0039363540624996777 -0.012716005077991914 -0.004462173293275886 0.0012637943231478474 0.022058999416729078
leaf_weight=18.932638123631477 15.627479538321493 16.388441309332848 17.56631962954998 18.914608433842659 16.891006946563721
leaf_count=90 83 70 93 85 99
internal_value=0 0.00245214 0.00841241 -0.00450964 0.0166342
internal_weight=104.32 85.3879 50.0848 35.303 32.5185
internal_count=520 430 275 155 182
is_linear=0
shrinkage=0.03


Tree=92
num_leaves=5
num_cat=0
split_feature=15 21 12 21
split_gain=3.25144 3.46058 7.41772 2.65958
threshold=0.13500000000000004 0.77985757946718182 0.75833333333333341 0.90304212289011676
decision_type=2 2 2 2
left_child=-1 2 -2 -3
right_child=1 3 -4 -5
leaf_value=-0.0078983720358545943 0.011086318706674619 0.016366722366158045 -0.011666775521018644 0
leaf_weight=28.903874129056931 15.930604331195353 18.220349982380867 25.877092719078064 15.166453346610067
leaf_count=155 75 103 110 77
internal_value=0 0.00318053 -0.00145687 0.009984
internal_weight=104.098 75.1945 41.8077 33.3868
internal_count=520 365 185 180
is_linear=0
shrinkage=0.03


Tree=93
num_leaves=5
num_cat=0
split_feature=15 17 12 12
split_gain=3.10282 3.14226 6.28919 0.761441
threshold=0.12500000000000003 -0.14145050745147433 0.70833333333333337 0.44166666666666671
decision_type=2 2 2 2
left_child=-1 -2 3 -3
right_child=1 2 -4 -5
leaf_value=-0.008041694270355032 -0.0056951347742967597 0.0035820947944250354 -0.0021271284585362041 0.020882316994867142
leaf_weight=26.852441862225533 16.980513796210289 17.362784616649151 27.564642131328583 15.08632332831621
leaf_count=146 79 89 118 88
internal_value=0 0.00298928 0.00661838 0.0149417
internal_weight=103.847 76.9943 60.0138 32.4491
internal_count=520 374 295 177
is_linear=0
shrinkage=0.03


Tree=94
num_leaves=6
num_cat=0
split_feature=22 12 1 0 12
split_gain=3.04813 4.13866 7.37188 3.67724 0.578936
threshold=-0.70599612656175492 0.77500000000000013 0.58333333333333337 1.0000000180025095e-35 0.40833333333333338
decision_type=2 2 2 2 2
left_child=-1 2 4 -3 -2
right_child=1 3 -4 -5 -6
leaf_value=-0.0096336341208376423 0.003801386902392703 -0.013747782152320068 -0.004444944632714401 0.0022655814262579304 0.0215386439447834
leaf_weight=18.833931915462017 15.575108394026755 15.385422587394713 17.486557647585869 19.780200839042664 16.55519150197506
leaf_count=90 83 69 93 86 99
internal_value=0 0.00243276 0.00810248 -0.0040859 0.0162262
internal_weight=103.616 84.7825 49.6169 35.1656 32.1303
internal_count=520 430 275 155 182
is_linear=0
shrinkage=0.03


Tree=95
num_leaves=5
num_cat=0
split_feature=15 12 12 9
split_gain=2.9508 3.03856 4.19052 3.62006
threshold=0.13500000000000004 0.70833333333333337 0.39166666666666677 0.79660194174757293
decision_type=2 2 2 2
left_child=-1 2 -2 -3
right_child=1 3 -4 -5
leaf_value=-0.0075344457856938146 0 0.0042483062882202362 0.017036965108219476 -0.012297086630139261
leaf_weight=28.711710371077061 21.839373394846916 18.523490682244301 19.307865560054779 15.011357635259627
leaf_count=155 113 80 108 64
internal_value=0 0.0030515 0.00843597 -0.00223555
internal_weight=103.394 74.6821 41.1472 33.5348
internal_count=520 365 221 144
is_linear=0
shrinkage=0.03


Tree=96
num_leaves=5
num_cat=0
split_feature=2 0 15 21
split_gain=3.08238 4.55671 3.89369 2.15743
threshold=0.50000000000000011 1.0000000180025095e-35 0.48500000000000004 0.69371152303670069
decision_type=2 2 2 2
left_child=1 -1 -2 -3
right_child=2 3 -4 -5
leaf_value=-0.0044091977181737428 -0.015341290093537288 0 0.00048646085870004328 0.014715710754160718
leaf_weight=25.173915162682533 17.544217385351658 16.776108130812645 19.045537367463112 24.660257048904896
leaf_count=125 109 74 83 129
internal_value=0 0.0036745 -0.00659201 0.00982365
internal_weight=103.2 66.6103 36.5898 41.4364
internal_count=520 328 192 203
is_linear=0
shrinkage=0.03


Tree=97
num_leaves=6
num_cat=0
split_feature=2 15 6 6 10
split_gain=2.91783 3.76593 3.2226 5.0492 4.21706
threshold=0.50000000000000011 0.48500000000000004 -0.002664748364793659 0.017327359681811091 0.82500000000000007
decision_type=2 2 2 2 2
left_child=2 -2 4 -4 -1
right_child=1 -3 3 -5 -6
leaf_value=0.018222505221320413 -0.015086866017446552 0.0004749153040661791 -0.013322001410586738 0.0066666826286766864 0
leaf_weight=17.612879619002342 17.391528159379959 19.044868424534798 15.491940781474112 17.672554045915604 15.750069960951803
leaf_count=102 109 83 69 79 78
internal_value=0 -0.0064291 0.00357339 -0.00162043 0.00983862
internal_weight=102.964 36.4364 66.5274 33.1645 33.3629
internal_count=520 192 328 148 180
is_linear=0
shrinkage=0.03


Tree=98
num_leaves=5
num_cat=0
split_feature=4 0 6 2
split_gain=3.00442 5.66833 5.26539 1.02594
threshold=0.20833333333333337 1.0000000180025095e-35 0.0035003540288571955 0.50000000000000011
decision_type=2 2 2 2
left_child=2 -2 3 -1
right_child=1 -3 -4 -5
leaf_value=0.0074085279905386232 -0.0044939839675002804 0.014047892432880257 -0.013464398332555168 -0.00023659877898445637
leaf_weight=15.676466561853887 18.366960890591145 25.91606093943119 26.764905877411366 15.92677792906761
leaf_count=92 89 122 124 93
internal_value=0 0.00546425 -0.00441017 0.00241047
internal_weight=102.651 44.283 58.3682 31.6032
internal_count=520 211 309 185
is_linear=0
shrinkage=0.03


Tree=99
num_leaves=5
num_cat=0
split_feature=4 0 6 16
split_gain=2.83404 5.41192 5.00613 2.59273
threshold=0.20833333333333337 1.0000000180025095e-35 0.0035003540288571955 0.89166666666666672
decision_type=2 2 2 2
left_child=2 -2 3 -1
right_child=1 -3 -4 -5
leaf_value=-0.0034357942475329861 -0.0043884277897871518 0.013703974484504555 -0.013139649815742525 0.010527577366254981
leaf_weight=15.956428378820421 18.364784575998783 25.895259208977222 26.727755345404148 15.599880523979662
leaf_count=94 89 122 124 91
internal_value=0 0.00529543 -0.0042985 0.00232148
internal_weight=102.544 44.26 58.2841 31.5563
internal_count=520 211 309 185
is_linear=0
shrinkage=0.03


Tree=100
num_leaves=6
num_cat=0
split_feature=22 17 2 2 2
split_gain=2.79663 4.26098 3.04837 4.25962 2.70778
threshold=-0.70599612656175492 -0.084258989946473462 0.24193548387096778 0.56451612903225812 0.24193548387096778
decision_type=2 2 2 2 2
left_child=-1 4 -3 -4 -2
right_child=1 2 3 -5 -6
leaf_value=-0.0092736153524864088 0.0016113098641596427 0 0.020974242331029413 0 -0.011961313929628263
leaf_weight=18.647808216512203 15.084328785538672 16.31125508248806 17.888154067099094 17.070795744657516 17.444870389997959
leaf_count=90 68 90 94 85 93
internal_value=0 0.00233282 0.00787737 0.0124917 -0.00469256
internal_weight=102.447 83.7994 51.2702 34.9589 32.5292
internal_count=520 430 269 179 161
is_linear=0
shrinkage=0.03


Tree=101
num_leaves=5
num_cat=0
split_feature=10 12 12 4
split_gain=2.77872 5.12182 6.72275 3.52901
threshold=0.57500000000000007 0.47500000000000003 0.74166666666666681 0.2416666666666667
decision_type=2 2 2 2
left_child=-1 -2 -3 -4
right_child=1 2 3 -5
leaf_value=0.0070454442823690852 -0.014114396782868358 0.01612201041975888 -0.014240794130858788 0.0011317308618125719
leaf_weight=29.001285821199417 21.827373415231705 15.005941107869146 15.074988976120947 21.323971472680569
leaf_count=152 115 91 66 96
internal_value=0 -0.00322384 0.00117798 -0.00473664
internal_weight=102.234 73.2323 51.4049 36.399
internal_count=520 368 253 162
is_linear=0
shrinkage=0.03


Tree=102
num_leaves=5
num_cat=0
split_feature=17 5 4 16
split_gain=2.7032 3.80378 5.90814 0.725983
threshold=-0.14145050745147433 1.0000000180025095e-35 0.20833333333333337 0.79166666666666685
decision_type=2 2 2 2
left_child=-1 3 -3 -2
right_child=1 2 -4 -5
leaf_value=-0.0076918682788870247 0.00035829278514176521 -0.010419206995484665 0.0089787431606931367 0.014975525312859304
leaf_weight=25.646068967878819 15.012700311839582 28.525696225464344 17.615841433405876 15.281585916876791
leaf_count=124 86 139 76 95
internal_value=0 0.0027586 -0.00168648 0.0105087
internal_weight=102.082 76.4358 46.1415 30.2943
internal_count=520 396 215 181
is_linear=0
shrinkage=0.03


Tree=103
num_leaves=5
num_cat=0
split_feature=15 21 2 17
split_gain=2.65916 2.94381 2.03628 0.987348
threshold=0.13500000000000004 0.77985757946718182 0.46774193548387105 0.041009038610459202
decision_type=2 2 2 2
left_child=-1 3 -3 -2
right_child=1 2 -4 -5
leaf_value=-0.0071948537525568096 -0.0060764115020772698 0.015548615061300017 0 0.001258696201234715
leaf_weight=28.173963263630867 19.944293349981308 16.029240436851978 16.469906933605671 21.277424104511738
leaf_count=155 92 92 88 93
internal_value=0 0.00293034 0.00931155 -0.00126556
internal_weight=101.895 73.7209 32.4991 41.2217
internal_count=520 365 180 185
is_linear=0
shrinkage=0.03


Tree=104
num_leaves=6
num_cat=0
split_feature=2 4 6 15 17
split_gain=2.60389 3.69135 5.15123 3.52854 2.8368
threshold=0.50000000000000011 0.22500000000000003 0.0041745055512584757 0.48500000000000004 -0.1314771530938206
decision_type=2 2 2 2 2
left_child=1 2 -1 -2 -3
right_child=3 4 -4 -5 -6
leaf_value=0.0071744303832214701 -0.01456909335830602 0 -0.012735905448247847 0.00050985293471701048 0.017403900430395754
leaf_weight=16.118687264621258 17.053247325122356 15.079988315701486 17.893064826726913 18.987080469727516 16.601618759334087
leaf_count=97 109 67 81 83 83
internal_value=0 0.00343054 -0.00205193 -0.00606881 0.0104294
internal_weight=101.734 65.6934 34.0118 36.0403 31.6816
internal_count=520 328 178 192 150
is_linear=0
shrinkage=0.03


Tree=105
num_leaves=5
num_cat=0
split_feature=22 22 20 2
split_gain=2.58852 3.37326 3.54359 3.18015
threshold=-0.70599612656175492 -0.30075587639560247 0.46816535383668922 0.27419354838709681
decision_type=2 2 2 2
left_child=-1 -2 3 -3
right_child=1 2 -4 -5
leaf_value=-0.0088973243242783766 0.012995896954101808 0.01210154776152025 -0.0088842565715651894 -0.0015028208793893263
leaf_weight=18.454777538776398 15.772725395858286 19.824917264282703 24.824708759784698 22.56283313035965
leaf_count=90 81 104 130 115
internal_value=0 0.00231843 -8.27066e-05 0.00419935
internal_weight=101.44 82.9852 67.2125 42.3878
internal_count=520 430 349 219
is_linear=0
shrinkage=0.03


Tree=106
num_leaves=5
num_cat=0
split_feature=10 17 12 17
split_gain=2.63954 6.06273 4.98282 2.3536
threshold=0.57500000000000007 -0.025122935260121656 0.49166666666666675 0.2816149036439462
decision_type=2 2 2 2
left_child=-1 -2 -3 -4
right_child=1 2 3 -5
leaf_value=0.0069587252547633344 -0.013638660054875049 -0.0081749975815028023 0.016497224798515012 0
leaf_weight=28.717881821095943 26.544809766113758 15.038265012204645 15.558465011417866 15.469913750886917
leaf_count=152 134 81 82 71
internal_value=0 -0.00309374 0.00254802 0.00982369
internal_weight=101.329 72.6115 46.0666 31.0284
internal_count=520 368 234 153
is_linear=0
shrinkage=0.03


Tree=107
num_leaves=4
num_cat=0
split_feature=10 15 2
split_gain=2.5038 3.13212 2.63926
threshold=0.57500000000000007 0.12500000000000003 0.30645161290322587
decision_type=2 2 2
left_child=-1 -2 -3
right_child=1 2 -4
leaf_value=0.006782618188192798 -0.012692965774921416 0.0063230714582171322 -0.0056574923975635325
leaf_weight=28.709571734070778 16.857894115149975 29.655480116605759 25.923318654298782
leaf_count=152 96 142 130
internal_value=0 -0.00301228 0
internal_weight=101.146 72.4367 55.5788
internal_count=520 368 272
is_linear=0
shrinkage=0.03


Tree=108
num_leaves=5
num_cat=0
split_feature=10 12 12 12
split_gain=2.38379 4.58028 6.42744 3.15516
threshold=0.57500000000000007 0.47500000000000003 0.75833333333333341 0.87500000000000011
decision_type=2 2 2 2
left_child=-1 -2 -3 -4
right_child=1 2 3 -5
leaf_value=0.0066109859503864681 -0.013337459931555199 0.015564150933225565 -0.01237592580329719 0.0020417198283990642
leaf_weight=28.701207563281059 21.520101435482502 15.423112243413923 18.925854288041592 16.48521763086319
leaf_count=152 115 94 85 74
internal_value=0 -0.00294851 0.00117546 -0.00475706
internal_weight=101.055 72.3543 50.8342 35.4111
internal_count=520 368 253 159
is_linear=0
shrinkage=0.03


Tree=109
num_leaves=5
num_cat=0
split_feature=17 6 4 16
split_gain=2.42318 4.49554 5.27176 2.89459
threshold=-0.14145050745147433 0.0041745055512584757 0.20833333333333337 0.75833333333333341
decision_type=2 2 2 2
left_child=-1 3 -3 -2
right_child=1 2 -4 -5
leaf_value=-0.0072504694388289105 0 -0.011435710673643289 0.0074845947142602393 0.017563471196731448
leaf_weight=25.384081982076168 17.284894004464149 25.367826983332634 15.642564252018927 17.210981331765652
leaf_count=124 102 118 68 108
internal_value=0 0.00269239 -0.00288579 0.010369
internal_weight=100.89 75.5063 41.0104 34.4959
internal_count=520 396 186 210
is_linear=0
shrinkage=0.03


Tree=110
num_leaves=5
num_cat=0
split_feature=4 0 6 16
split_gain=2.37563 5.16471 4.15488 2.15367
threshold=0.20833333333333337 1.0000000180025095e-35 0.0049717882785602413 0.89166666666666672
decision_type=2 2 2 2
left_child=2 -2 3 -1
right_child=1 -3 -4 -5
leaf_value=-0.0031259761637453046 -0.0045463040647005714 0.013223589078402351 -0.012286997878503148 0.0095227258007315654
leaf_weight=16.282951831817631 18.044061116874218 25.658530697226524 25.206665270030499 15.493297666311262
leaf_count=99 89 122 117 93
internal_value=0 0.00494123 -0.00391281 0.00186593
internal_weight=100.686 43.7026 56.9829 31.7762
internal_count=520 211 309 192
is_linear=0
shrinkage=0.03


Tree=111
num_leaves=5
num_cat=0
split_feature=17 6 4 15
split_gain=2.39119 4.17283 4.80375 2.03174
threshold=-0.14145050745147433 0.0041745055512584757 0.20833333333333337 0.21500000000000002
decision_type=2 2 2 2
left_child=-1 3 -3 -2
right_child=1 2 -4 -5
leaf_value=-0.0072021536159447572 0 -0.01087685584145546 0.007169381535793622 0.015726889749302503
leaf_weight=25.346441224217415 15.69638632237911 25.305539704859257 15.632354751229284 18.6102195084095
leaf_count=124 96 118 68 114
internal_value=0 0.00268378 -0.0026494 0.0101018
internal_weight=100.591 75.2445 40.9379 34.3066
internal_count=520 396 186 210
is_linear=0
shrinkage=0.03


Tree=112
num_leaves=5
num_cat=0
split_feature=22 12 9 12
split_gain=2.29785 3.33259 2.26347 1.57964
threshold=-0.70599612656175492 0.77500000000000013 0.57038834951456319 0.87500000000000011
decision_type=2 2 2 2
left_child=-1 2 -2 -3
right_child=1 3 -4 -5
leaf_value=-0.0083958448059250033 0 -0.0089543047162471742 0.013942659405322551 0.00064369464194167125
leaf_weight=18.241693995893002 27.102202624082565 18.786416932940483 20.5770363509655 15.695840626955031
leaf_count=90 163 84 112 71
internal_value=0 0.00222048 0.00746422 -0.00353751
internal_weight=100.403 82.1615 47.6792 34.4823
internal_count=520 430 275 155
is_linear=0
shrinkage=0.03


Tree=113
num_leaves=5
num_cat=0
split_feature=2 4 6 2
split_gain=2.40925 4.79032 4.13854 3.03522
threshold=0.66129032258064524 0.20833333333333337 0.0041745055512584757 0.20967741935483872
decision_type=2 2 2 2
left_child=1 2 -1 -3
right_child=-2 3 -4 -5
leaf_value=0.0039415611417524185 -0.0083653511030480458 0 -0.0117317649004435 0.017561136914217981
leaf_weight=21.953253567218781 19.223472788929939 18.657334573566914 22.712449729442596 17.723974578082561
leaf_count=130 113 89 102 86
internal_value=0 0.00234504 -0.00319895 0.0101655
internal_weight=100.27 81.047 44.6657 36.3813
internal_count=520 407 232 175
is_linear=0
shrinkage=0.03


Tree=114
num_leaves=6
num_cat=0
split_feature=2 18 4 16 17
split_gain=2.31087 3.27647 3.20844 4.36408 2.10127
threshold=0.50000000000000011 0.48500000000000004 0.22500000000000003 0.90833333333333344 -0.12785533289332088
decision_type=2 2 2 2 2
left_child=2 -2 3 -1 -4
right_child=1 -3 4 -5 -6
leaf_value=-0.012787434703636814 -0.014015456029777607 0.00054302331998065613 0 0.005662052740903323 0.016067171630961236
leaf_weight=15.192372009158133 16.666600458323956 18.837974116206169 15.175011292099954 18.172326549887657 16.023302040994167
leaf_count=77 109 83 68 101 82
internal_value=0 -0.00569621 0.00331738 -0.00174655 0.00988368
internal_weight=100.068 35.5046 64.563 33.3647 31.1983
internal_count=520 192 328 178 150
is_linear=0
shrinkage=0.03


Tree=115
num_leaves=5
num_cat=0
split_feature=17 6 4 15
split_gain=2.25386 3.90514 4.27409 1.87044
threshold=-0.14145050745147433 0.0041745055512584757 0.20833333333333337 0.21500000000000002
decision_type=2 2 2 2
left_child=-1 3 -3 -2
right_child=1 2 -4 -5
leaf_value=-0.0069601346071474406 0 -0.010294490473278793 0.0067162895536513846 0.015311930736518055
leaf_weight=25.214961357414722 15.511909782886503 25.168021284043789 15.545843198895453 18.397078864276409
leaf_count=124 96 118 68 114
internal_value=0 0.00266324 -0.00246255 0.00988532
internal_weight=99.8378 74.6229 40.7139 33.909
internal_count=520 396 186 210
is_linear=0
shrinkage=0.03


Tree=116
num_leaves=5
num_cat=0
split_feature=17 6 4 15
split_gain=2.15447 3.72955 4.08084 1.78547
threshold=-0.14145050745147433 0.0041745055512584757 0.20833333333333337 0.21500000000000002
decision_type=2 2 2 2
left_child=-1 3 -3 -2
right_child=1 2 -4 -5
leaf_value=-0.0067952542824752122 0 -0.010047378483140754 0.0065661545252238933 0.015019345241411609
leaf_weight=25.173923924565315 15.511909782886503 25.136858731508255 15.538693800568579 18.291812993586063
leaf_count=124 96 118 68 114
internal_value=0 0.00262037 -0.00236311 0.00969497
internal_weight=99.6532 74.4793 40.6756 33.8037
internal_count=520 396 186 210
is_linear=0
shrinkage=0.03


Tree=117
num_leaves=5
num_cat=0
split_feature=2 4 6 2
split_gain=2.24939 4.23277 3.67858 2.84038
threshold=0.66129032258064524 0.20833333333333337 0.0041745055512584757 0.20967741935483872
decision_type=2 2 2 2
left_child=1 2 -1 -3
right_child=-2 3 -4 -5
leaf_value=0.0038282685274426522 -0.0080694043130798993 0 -0.010957129043391741 0.016904112025186598
leaf_weight=21.756116949021816 19.014428198337555 18.574715323746204 22.630642101168633 17.494861349463463
leaf_count=130 113 89 102 86
internal_value=0 0.00232199 -0.00284131 0.00970917
internal_weight=99.4708 80.4563 44.3868 36.0696
internal_count=520 407 232 175
is_linear=0
shrinkage=0.03


Tree=118
num_leaves=5
num_cat=0
split_feature=22 22 17 6
split_gain=2.12946 3.16944 4.06305 3.06862
threshold=-0.70599612656175492 -0.30075587639560247 -0.14145050745147433 -0.00024778739941274937
decision_type=2 2 2 2
left_child=-1 -2 -3 -4
right_child=1 2 3 -5
leaf_value=-0.0080461774943016012 0.012711861073954977 -0.011214509066451026 0.012487980177610318 -0.00064651999786926196
leaf_weight=18.069255031645298 15.266272418200968 18.333212792873383 17.249803282320499 30.352614611387253
leaf_count=90 81 93 108 148
internal_value=0 0.00221515 -9.40514e-05 0.00370703
internal_weight=99.2712 81.2019 65.9356 47.6024
internal_count=520 430 349 256
is_linear=0
shrinkage=0.03


Tree=119
num_leaves=5
num_cat=0
split_feature=2 4 16 2
split_gain=2.12474 4.04605 3.75207 2.67879
threshold=0.66129032258064524 0.20833333333333337 0.89166666666666672 0.20967741935483872
decision_type=2 2 2 2
left_child=1 2 -1 -3
right_child=-2 3 -4 -5
leaf_value=-0.013037037192661952 -0.0078623704254837563 0 0.0023363591022597901 0.016527249313989158
leaf_weight=16.033189810812473 18.915195904672146 18.551630638539791 28.199572905898094 17.357685051858425
leaf_count=82 113 89 150 86
internal_value=0 0.00225747 -0.00277548 0.00950518
internal_weight=99.0573 80.1421 44.2328 35.9093
internal_count=520 407 232 175
is_linear=0
shrinkage=0.03


Tree=120
num_leaves=5
num_cat=0
split_feature=2 15 2 17
split_gain=2.05373 3.0263 2.404 6.13304
threshold=0.50000000000000011 0.48500000000000004 0.17741935483870971 -0.025122935260121656
decision_type=2 2 2 2
left_child=2 -2 -1 -4
right_child=1 -3 3 -5
leaf_value=-0.0026179286673277441 -0.01347426763180778 0.00052351914737809103 -0.0025269515114361382 0.017066692427339204
leaf_weight=22.63357388228178 16.308886051177979 18.720713600516319 18.62472116202116 22.602600671350956
leaf_count=112 109 83 95 121
internal_value=0 -0.00536362 0.00318096 0.00760127
internal_weight=98.8905 35.0296 63.8609 41.2273
internal_count=520 192 328 216
is_linear=0
shrinkage=0.03


Tree=121
num_leaves=5
num_cat=0
split_feature=2 12 12 1
split_gain=1.9332 2.66544 6.00388 4.28326
threshold=0.66129032258064524 0.75833333333333341 0.47500000000000003 0.58333333333333337
decision_type=2 2 2 2
left_child=1 2 -1 -3
right_child=-2 3 -4 -5
leaf_value=-0.00019974101659122863 -0.0075438319598799264 -0.01218490578516797 0.018855760268333303 0.0054962065200736872
leaf_weight=27.623504787683487 18.756045930087566 18.64304393529892 17.180011838674545 16.442709624767303
leaf_count=147 113 82 103 75
internal_value=0 0.00213773 0.00706185 -0.00274997
internal_weight=98.6453 79.8893 44.8035 35.0858
internal_count=520 407 250 157
is_linear=0
shrinkage=0.03


Tree=122
num_leaves=4
num_cat=0
split_feature=10 17 22
split_gain=2.11523 4.975 2.24459
threshold=0.57500000000000007 -0.025122935260121656 -0.65738260955271499
decision_type=2 2 2
left_child=-1 -2 -3
right_child=1 2 -4
leaf_value=0.0063492008449156489 -0.012460069849761496 -0.0040221674919252107 0.0075757476076387604
leaf_weight=27.967988938093185 25.807418636977673 15.556182041764258 29.095540001988411
leaf_count=152 134 80 154
internal_value=0 -0.00275969 0.0023286
internal_weight=98.4271 70.4591 44.6517
internal_count=520 368 234
is_linear=0
shrinkage=0.03


Tree=123
num_leaves=6
num_cat=0
split_feature=22 0 2 12 4
split_gain=2.02242 3.0342 4.42365 2.45922 0.908987
threshold=-0.70599612656175492 1.0000000180025095e-35 0.50000000000000011 0.74166666666666681 0.22500000000000003
decision_type=2 2 2 2 2
left_child=-1 3 4 -2 -3
right_child=1 2 -4 -5 -6
leaf_value=-0.0079037116681726621 0.0017251947790697302 0.0019971935485753375 -0.0026772639832509187 -0.011441771954776674 0.018433729129907882
leaf_weight=17.932306483387947 16.342498138546947 16.467691078782082 16.215193375945091 15.18204905092716 16.152725234627724
leaf_count=90 98 95 88 71 78
internal_value=0 0.00213099 0.00698423 -0.00367146 0.0130992
internal_weight=98.2925 80.3602 48.8356 31.5245 32.6204
internal_count=520 430 261 169 173
is_linear=0
shrinkage=0.03


Tree=124
num_leaves=5
num_cat=0
split_feature=22 12 1 1
split_gain=1.93076 2.98248 6.12899 2.50792
threshold=-0.70599612656175492 0.77500000000000013 0.58333333333333337 0.58333333333333337
decision_type=2 2 2 2
left_child=-1 2 -2 -3
right_child=1 3 -4 -5
leaf_value=-0.0077260119929549505 0.014892201233646452 -0.011189742933310992 -0.0043232114402229436 0.0018798718837322239
leaf_weight=17.909757241606712 29.898786537349224 15.808996215462683 16.436713680624962 18.118157207965851
leaf_count=90 182 70 93 85
internal_value=0 0.00208363 0.00714991 -0.00332385
internal_weight=98.1724 80.2627 46.3355 33.9272
internal_count=520 430 275 155
is_linear=0
shrinkage=0.03


Tree=125
num_leaves=4
num_cat=0
split_feature=10 17 12
split_gain=1.90144 4.78562 2.90065
threshold=0.57500000000000007 -0.025122935260121656 0.52500000000000013
decision_type=2 2 2
left_child=-1 -2 -3
right_child=1 2 -4
leaf_value=0.0059915590708602738 -0.012210146194324022 -0.0052474665225722885 0.0082421302004488817
leaf_weight=27.921720199286938 25.649942614138126 15.290030628442763 29.134646706283092
leaf_count=152 134 86 148
internal_value=0 -0.00265562 0.00232416
internal_weight=97.9963 70.0746 44.4247
internal_count=520 368 234
is_linear=0
shrinkage=0.03


Tree=126
num_leaves=5
num_cat=0
split_feature=2 0 4 18
split_gain=1.91569 4.25951 5.64409 2.81136
threshold=0.50000000000000011 1.0000000180025095e-35 0.22500000000000003 0.48500000000000004
decision_type=2 2 2 2
left_child=1 -1 -3 -2
right_child=3 2 -4 -5
leaf_value=-0.0049444408905120448 -0.013115258558350759 0 0.019609927538116068 0.00032404710322079448
leaf_weight=23.738833129405975 16.086603544652462 21.446002252399921 17.976030766963959 18.610484555363655
leaf_count=125 109 117 86 83
internal_value=0 0.00302754 0.00919492 -0.00526249
internal_weight=97.858 63.1609 39.422 34.6971
internal_count=520 328 203 192
is_linear=0
shrinkage=0.03


Tree=127
num_leaves=5
num_cat=0
split_feature=22 12 2 12
split_gain=1.82105 2.84439 3.07161 1.37818
threshold=-0.70599612656175492 0.77500000000000013 0.53225806451612911 0.87500000000000011
decision_type=2 2 2 2
left_child=-1 2 -2 -3
right_child=1 3 -4 -5
leaf_value=-0.0075545390486249572 0.012594391482094158 -0.0083857619548532158 -2.662832643595244e-05 0.00048722624929452437
leaf_weight=17.823160655796528 28.07071378082037 18.473591044545174 17.977188006043434 15.337460637092589
leaf_count=90 173 84 102 71
internal_value=0 0.00199105 0.00697176 -0.00327059
internal_weight=97.6821 79.859 46.0479 33.8111
internal_count=520 430 275 155
is_linear=0
shrinkage=0.03


Tree=128
num_leaves=5
num_cat=0
split_feature=10 17 2 17
split_gain=1.78469 4.60613 2.55508 1.89402
threshold=0.57500000000000007 0.041009038610459202 0.20967741935483872 0.2816149036439462
decision_type=2 2 2 2
left_child=-1 2 -2 -3
right_child=1 3 -4 -5
leaf_value=0.0057822174297378608 0 0.010205647716519993 -0.017302343389777253 -0.00044592956948483398
leaf_weight=27.789764575660229 15.98648291826248 15.88159568607807 16.643722333014011 21.184958711266518
leaf_count=152 80 89 100 99
internal_value=0 -0.00261278 -0.0105394 0.00336214
internal_weight=97.4865 69.6968 32.6302 37.0666
internal_count=520 368 180 188
is_linear=0
shrinkage=0.03


Tree=129
num_leaves=5
num_cat=0
split_feature=15 21 2 21
split_gain=1.7768 2.22102 1.55576 0.860994
threshold=0.13500000000000004 0.77985757946718182 0.46774193548387105 0.51920529918427316
decision_type=2 2 2 2
left_child=-1 3 -3 -2
right_child=1 2 -4 -5
leaf_value=-0.0060362156125215961 0.0019469961332714504 0.013763458860590591 0 -0.0050450903866166618
leaf_weight=26.588463060557842 15.528726972639559 15.032030217349531 15.80759561806917 24.451092824339867
leaf_count=155 72 92 88 113
internal_value=0 0.00243124 0.0081739 -0.0010808
internal_weight=97.4079 70.8194 30.8396 39.9798
internal_count=520 365 180 185
is_linear=0
shrinkage=0.03


Tree=130
num_leaves=6
num_cat=0
split_feature=22 0 2 17 4
split_gain=1.74174 2.69782 4.13445 2.30157 0.865248
threshold=-0.70599612656175492 1.0000000180025095e-35 0.50000000000000011 0.0093286440399586914 0.22500000000000003
decision_type=2 2 2 2 2
left_child=-1 3 4 -2 -3
right_child=1 2 -4 -5 -6
leaf_value=-0.0074088669210024462 -0.010727089679994677 0.001681040044137762 -0.0026938651031519919 0.0020122005308674685 0.017728574302245611
leaf_weight=17.773159183561802 16.150720253586773 16.247702486813068 16.130877695977688 15.008318230509756 15.962217330932615
leaf_count=90 87 95 88 82 78
internal_value=0 0.00193846 0.00656954 -0.00350189 0.0125598
internal_weight=97.273 79.4998 48.3408 31.159 32.2099
internal_count=520 430 261 169 173
is_linear=0
shrinkage=0.03


Tree=131
num_leaves=5
num_cat=0
split_feature=17 6 4 16
split_gain=1.75026 3.36634 3.45329 2.56111
threshold=-0.14145050745147433 0.0041745055512584757 0.20833333333333337 0.75833333333333341
decision_type=2 2 2 2
left_child=-1 3 -3 -2
right_child=1 2 -4 -5
leaf_value=-0.0062523818745629537 0 -0.0095175118542352097 0.0057435612098250778 0.016077971224356922
leaf_weight=24.579107560217381 16.305476427078247 24.710770599544048 15.261550322175024 16.283822029829025
leaf_count=124 102 118 68 108
internal_value=0 0.00232402 -0.00236588 0.00922215
internal_weight=97.1407 72.5616 39.9723 32.5893
internal_count=520 396 186 210
is_linear=0
shrinkage=0.03


Tree=132
num_leaves=5
num_cat=0
split_feature=2 12 12 12
split_gain=1.69419 2.24583 5.76228 1.67599
threshold=0.66129032258064524 0.75833333333333341 0.47500000000000003 0.87500000000000011
decision_type=2 2 2 2
left_child=1 2 -1 -3
right_child=-2 3 -4 -5
leaf_value=-0.00053206342386436043 -0.0071584550913073221 -0.0083626437551082827 0.018304869241231543 0.0020007397397453545
leaf_weight=27.0973836556077 18.444096386432648 18.736966714262962 16.745487228035927 15.929074257612227
leaf_count=147 113 83 103 74
internal_value=0 0.00196794 0.00657149 -0.00243609
internal_weight=96.953 78.5089 43.8429 34.666
internal_count=520 407 250 157
is_linear=0
shrinkage=0.03


Tree=133
num_leaves=5
num_cat=0
split_feature=22 12 1 1
split_gain=1.69424 2.57165 5.78221 2.55162
threshold=-0.70599612656175492 0.79166666666666685 0.58333333333333337 0.58333333333333337
decision_type=2 2 2 2
left_child=-1 2 -2 -3
right_child=1 3 -4 -5
leaf_value=-0.0073130566967490821 0.014244960296841044 -0.011233317899121503 -0.0044524127386368585 0.0021707936020087357
leaf_weight=17.705955967307091 29.699395313858986 15.244215369224547 16.30006006360054 17.79733207821846
leaf_count=90 184 68 94 84
internal_value=0 0.00192208 0.00665605 -0.00309981
internal_weight=96.747 79.041 45.9995 33.0415
internal_count=520 430 278 152
is_linear=0
shrinkage=0.03


Tree=134
num_leaves=5
num_cat=0
split_feature=2 0 15 16
split_gain=1.66184 3.94586 2.61274 1.83001
threshold=0.50000000000000011 1.0000000180025095e-35 0.48500000000000004 0.77500000000000002
decision_type=2 2 2 2
left_child=1 -1 -2 -3
right_child=2 3 -4 -5
leaf_value=-0.0048688755995862547 -0.012639892701722453 0.014716436461429986 0.00031572415995606248 0
leaf_weight=23.423575893044472 15.776657335460184 18.316909536719322 18.491791620850563 20.567997299134731
leaf_count=125 109 87 83 116
internal_value=0 0.00279377 -0.00497086 0.00880566
internal_weight=96.5769 62.3085 34.2684 38.8849
internal_count=520 328 192 203
is_linear=0
shrinkage=0.03


Tree=135
num_leaves=5
num_cat=0
split_feature=17 6 10 15
split_gain=1.65369 3.17225 2.93723 1.27702
threshold=-0.14145050745147433 0.0041745055512584757 0.87500000000000011 0.22500000000000003
decision_type=2 2 2 2
left_child=-1 3 -3 -2
right_child=1 2 -4 -5
leaf_value=-0.0061036321604196388 0 -0.0095670653364579271 0.0042214658236646762 0.01369718312798367
leaf_weight=24.43705990165472 15.003279648721216 21.94581463187933 17.831145852804184 17.207067400217056
leaf_count=124 98 102 84 112
internal_value=0 0.00225553 -0.00226481 0.00900444
internal_weight=96.4244 71.9873 39.777 32.2103
internal_count=520 396 186 210
is_linear=0
shrinkage=0.03


Tree=136
num_leaves=5
num_cat=0
split_feature=22 0 23 12
split_gain=1.60321 2.5071 2.54576 1.85574
threshold=-0.70599612656175492 1.0000000180025095e-35 -0.0056871545945478266 0.72500000000000009
decision_type=2 2 2 2
left_child=-1 3 -3 -2
right_child=1 2 -4 -5
leaf_value=-0.0071224251161503306 0.0010905850419839303 0.013747590566502212 0 -0.010104925773545085
leaf_weight=17.650043800473213 15.750609353184702 18.487822823226452 29.316567592322826 15.055211737751959
leaf_count=90 97 108 153 72
internal_value=0 0.0018748 0.00637785 -0.00335214
internal_weight=96.2603 78.6102 47.8044 30.8058
internal_count=520 430 261 169
is_linear=0
shrinkage=0.03


Tree=137
num_leaves=5
num_cat=0
split_feature=2 4 16 15
split_gain=1.58759 2.68677 3.40936 2.51831
threshold=0.50000000000000011 0.22500000000000003 0.92500000000000016 0.48500000000000004
decision_type=2 2 2 2
left_child=1 2 -1 -2
right_child=3 -3 -4 -5
leaf_value=-0.011033675866528838 -0.012418291399794973 0.0089450408412110691 0.0052988861367265511 0.00029256823103881318
leaf_weight=16.497110262513161 15.638514019548891 30.029373727738857 15.5545507222414 18.441657185554504
leaf_count=88 109 150 90 83
internal_value=0 0.0027588 -0.00184272 -0.00484739
internal_weight=96.1612 62.081 32.0517 34.0802
internal_count=520 328 178 192
is_linear=0
shrinkage=0.03


Tree=138
num_leaves=5
num_cat=0
split_feature=17 6 4 15
split_gain=1.64056 3.03582 3.26364 0.872555
threshold=-0.14145050745147433 0.0041745055512584757 0.20833333333333337 0.23500000000000001
decision_type=2 2 2 2
left_child=-1 3 -3 -2
right_child=1 2 -4 -5
leaf_value=-0.0060655967134418632 0 -0.0091659250696184309 0.0057224708308396205 0.013063236915711063
leaf_weight=24.359820030629635 15.217714726924898 24.48420437425375 15.187226787209509 16.758054234087467
leaf_count=124 100 118 68 110
internal_value=0 0.00227391 -0.00212058 0.00889821
internal_weight=96.007 71.6472 39.6714 31.9758
internal_count=520 396 186 210
is_linear=0
shrinkage=0.03


Tree=139
num_leaves=4
num_cat=0
split_feature=17 5 4
split_gain=1.57148 2.08378 2.91956
threshold=-0.14145050745147433 1.0000000180025095e-35 0.20833333333333337
decision_type=2 2 2
left_child=-1 -2 -3
right_child=1 2 -4
leaf_value=-0.0059219551657370443 0.0082739271501990497 -0.0074247837039506624 0.0063811463977832342
leaf_weight=24.323994092643261 27.603854730725288 27.014678113162518 16.908226862549782
leaf_count=124 181 139 76
internal_value=0 0.00224574 -0.000774738
internal_weight=95.8508 71.5268 43.9229
internal_count=520 396 215
is_linear=0
shrinkage=0.03


Tree=140
num_leaves=5
num_cat=0
split_feature=10 17 21 17
split_gain=1.5724 4.32174 2.02968 1.75922
threshold=0.57500000000000007 0.041009038610459202 0.74872627705677697 0.2816149036439462
decision_type=2 2 2 2
left_child=-1 2 -2 -3
right_child=1 3 -4 -5
leaf_value=0.00549843356844632 -0.016713176085410519 0.0099675503562445776 0 -0.00025424069334012829
leaf_weight=27.323940597474575 15.377759203314783 15.570192836225031 16.532716892659664 20.911644048988819
leaf_count=152 82 89 98 99
internal_value=0 -0.0024427 -0.0102335 0.00333752
internal_weight=95.7163 68.3923 31.9105 36.4818
internal_count=520 368 180 188
is_linear=0
shrinkage=0.03


Tree=141
num_leaves=5
num_cat=0
split_feature=2 0 7 22
split_gain=1.55827 3.79858 2.48295 1.47295
threshold=0.50000000000000011 1.0000000180025095e-35 0.147819642826997 -0.215403065788312
decision_type=2 2 2 2
left_child=1 -1 -2 -3
right_child=2 3 -4 -5
leaf_value=-0.0047657066719405802 -0.011451056699248719 0 0.001195701909865828 0.012723743189525034
leaf_weight=23.197431571781635 18.655348628759384 15.073705852031706 15.235122337937353 23.477148406207561
leaf_count=125 112 74 80 129
internal_value=0 0.00275417 -0.00480024 0.00868448
internal_weight=95.6388 61.7483 33.8905 38.5509
internal_count=520 328 192 203
is_linear=0
shrinkage=0.03


Tree=142
num_leaves=5
num_cat=0
split_feature=10 20 16 20
split_gain=1.53682 2.369 3.61091 1.01993
threshold=0.57500000000000007 0.67891874569301347 0.89166666666666672 0.46634248889170921
decision_type=2 2 2 2
left_child=-1 2 3 -2
right_child=1 -3 -4 -5
leaf_value=0.0054313429257478885 -0.002065639770938885 0.0051444222778375447 0.0028552880662550957 -0.016986692521332569
leaf_weight=27.253872580826283 21.421278685331345 15.342447876930235 16.006395325064659 15.4789497628808
leaf_count=152 119 75 91 83
internal_value=0 -0.00242757 -0.00591413 -0.0110368
internal_weight=95.5029 68.2491 52.9066 36.9002
internal_count=520 368 293 202
is_linear=0
shrinkage=0.03


Tree=143
num_leaves=5
num_cat=0
split_feature=2 0 15 22
split_gain=1.4958 3.61243 2.35949 1.41474
threshold=0.50000000000000011 1.0000000180025095e-35 0.48500000000000004 -0.215403065788312
decision_type=2 2 2 2
left_child=1 -1 -2 -3
right_child=2 3 -4 -5
leaf_value=-0.0045874301578767715 -0.012081194204907286 0 0.00018598801449941561 0.012473593540099767
leaf_weight=23.175961196422577 15.412304349243639 15.050226457417009 18.368975684046745 23.415445595979691
leaf_count=125 109 74 83 129
internal_value=0 0.00271068 -0.00469966 0.00851016
internal_weight=95.4229 61.6416 33.7813 38.4657
internal_count=520 328 192 203
is_linear=0
shrinkage=0.03


Tree=144
num_leaves=5
num_cat=0
split_feature=10 17 2 17
split_gain=1.49357 4.1982 2.24322 1.73216
threshold=0.57500000000000007 0.041009038610459202 0.20967741935483872 0.2816149036439462
decision_type=2 2 2 2
left_child=-1 2 -2 -3
right_child=1 3 -4 -5
leaf_value=0.0053697041683585011 0 0.0098932090036464772 -0.016559690784316808 -0.00025065192689456269
leaf_weight=27.173699706792831 15.695779584348204 15.503212079405783 16.020651526749134 20.866890944540501
leaf_count=152 80 89 100 99
internal_value=0 -0.00238727 -0.0101 0.00329608
internal_weight=95.2602 68.0865 31.7164 36.3701
internal_count=520 368 180 188
is_linear=0
shrinkage=0.03


Tree=145
num_leaves=5
num_cat=0
split_feature=22 12 9 12
split_gain=1.48051 2.35883 1.60543 1.20561
threshold=-0.70599612656175492 0.79166666666666685 0.57038834951456319 0.87500000000000011
decision_type=2 2 2 2
left_child=-1 2 -2 -3
right_child=1 3 -4 -5
leaf_value=-0.0068516993347132078 0 -0.0078907680451449462 0.011926082473004156 0.00037993035117433457
leaf_weight=17.477617159485817 25.262279145419598 17.602116204798222 19.747769318521023 15.095216840505598
leaf_count=90 164 81 114 71
internal_value=0 0.00183084 0.00644145 -0.0029369
internal_weight=95.185 77.7074 45.01 32.6973
internal_count=520 430 278 152
is_linear=0
shrinkage=0.03


Tree=146
num_leaves=5
num_cat=0
split_feature=2 18 2 17
split_gain=1.42473 2.26487 2.09796 5.45552
threshold=0.50000000000000011 0.48500000000000004 0.17741935483870971 -0.025122935260121656
decision_type=2 2 2 2
left_child=2 -2 -1 -4
right_child=1 -3 3 -5
leaf_value=-0.0027265789585080298 -0.011867787222839448 0.00012453267140502848 -0.0026027548726045855 0.016110722152401009
leaf_weight=21.996893413364887 15.276629932224749 18.347960256040096 17.840201146900654 21.611388929188251
leaf_count=112 109 83 95 121
internal_value=0 -0.0046015 0.00264373 0.00695771
internal_weight=95.0731 33.6246 61.4485 39.4516
internal_count=520 192 328 216
is_linear=0
shrinkage=0.03


Tree=147
num_leaves=5
num_cat=0
split_feature=22 22 20 2
split_gain=1.42285 2.24802 3.16018 2.22503
threshold=-0.70599612656175492 -0.25454235830597088 0.46816535383668922 0.27419354838709681
decision_type=2 2 2 2
left_child=-1 -2 3 -3
right_child=1 2 -4 -5
leaf_value=-0.0067361768360852487 0.010385140419525865 0.010631507992955199 -0.0090327514537544562 -0.00070688410092916126
leaf_weight=17.430795542895794 16.17288014292717 18.37671635299921 21.889157749712467 20.984802037477493
leaf_count=90 93 104 120 113
internal_value=0 0.00178543 -0.000192022 0.00383579
internal_weight=94.8544 77.4236 61.2507 39.3615
internal_count=520 430 337 217
is_linear=0
shrinkage=0.03


Tree=148
num_leaves=5
num_cat=0
split_feature=17 6 4 18
split_gain=1.37983 2.80482 3.01568 0.52018
threshold=-0.14145050745147433 0.0041745055512584757 0.20833333333333337 0.26500000000000007
decision_type=2 2 2 2
left_child=-1 3 -3 -2
right_child=1 2 -4 -5
leaf_value=-0.0056051805644253706 0 -0.0089203361798926625 0.005379545942101209 0.012430212075550246
leaf_weight=24.047369569540024 16.142201036214832 24.264465324580669 15.071340039372442 15.233940057456492
leaf_count=124 108 118 68 102
internal_value=0 0.00208532 -0.0020993 0.00854839
internal_weight=94.7593 70.7119 39.3358 31.3761
internal_count=520 396 186 210
is_linear=0
shrinkage=0.03


Tree=149
num_leaves=4
num_cat=0
split_feature=10 12 17
split_gain=1.45006 4.00502 4.45081
threshold=0.57500000000000007 0.47500000000000003 0.041009038610459202
decision_type=2 2 2
left_child=-1 -2 -3
right_child=1 2 -4
leaf_value=0.0052958677242107349 -0.012476750689390997 -0.0062828867414622671 0.0099743345474835304
leaf_weight=27.005374133586884 19.993873938918114 21.747346043586731 25.868809252977371
leaf_count=152 115 119 134
internal_value=0 -0.00236878 0.00151751
internal_weight=94.6154 67.61 47.6162
internal_count=520 368 253
is_linear=0
shrinkage=0.03


end of trees

feature_importances:
Column_12=103
Column_2=99
Column_17=83
Column_15=68
Column_6=52
Column_22=44
Column_4=41
Column_21=30
Column_18=27
Column_10=25
Column_7=24
Column_16=24
Column_1=23
Column_0=21
Column_9=9
Column_20=5
Column_5=3
Column_23=1

parameters:
[boosting: gbdt]
[objective: binary]
[metric: binary_logloss]
[tree_learner: serial]
[device_type: cpu]
[data_sample_strategy: bagging]
[data: ]
[valid: ]
[num_iterations: 150]
[learning_rate: 0.03]
[num_leaves: 31]
[num_threads: 4]
[seed: 42]
[deterministic: 0]
[force_col_wise: 0]
[force_row_wise: 0]
[histogram_pool_size: -1]
[max_depth: 4]
[min_data_in_leaf: 20]
[min_sum_hessian_in_leaf: 15]
[bagging_fraction: 0.8]
[pos_bagging_fraction: 1]
[neg_bagging_fraction: 1]
[bagging_freq: 0]
[bagging_seed: 400]
[bagging_by_query: 0]
[feature_fraction: 0.7]
[feature_fraction_bynode: 1]
[feature_fraction_seed: 30056]
[extra_trees: 0]
[extra_seed: 12879]
[early_stopping_round: 0]
[early_stopping_min_delta: 0]
[first_metric_only: 0]
[max_delta_step: 0]
[lambda_l1: 2]
[lambda_l2: 5]
[linear_lambda: 0]
[min_gain_to_split: 0]
[drop_rate: 0.1]
[max_drop: 50]
[skip_drop: 0.5]
[xgboost_dart_mode: 0]
[uniform_drop: 0]
[drop_seed: 17869]
[top_rate: 0.2]
[other_rate: 0.1]
[min_data_per_group: 100]
[max_cat_threshold: 32]
[cat_l2: 10]
[cat_smooth: 10]
[max_cat_to_onehot: 4]
[top_k: 20]
[monotone_constraints: ]
[monotone_constraints_method: basic]
[monotone_penalty: 0]
[feature_contri: ]
[forcedsplits_filename: ]
[refit_decay_rate: 0.9]
[cegb_tradeoff: 1]
[cegb_penalty_split: 0]
[cegb_penalty_feature_lazy: ]
[cegb_penalty_feature_coupled: ]
[path_smooth: 0]
[interaction_constraints: ]
[verbosity: -1]
[saved_feature_importance_type: 0]
[use_quantized_grad: 0]
[num_grad_quant_bins: 4]
[quant_train_renew_leaf: 0]
[stochastic_rounding: 1]
[linear_tree: 0]
[max_bin: 255]
[max_bin_by_feature: ]
[min_data_in_bin: 3]
[bin_construct_sample_cnt: 200000]
[data_random_seed: 175]
[is_enable_sparse: 1]
[enable_bundle: 1]
[use_missing: 1]
[zero_as_missing: 0]
[feature_pre_filter: 1]
[pre_partition: 0]
[two_round: 0]
[header: 0]
[label_column: ]
[weight_column: ]
[group_column: ]
[ignore_column: ]
[categorical_feature: ]
[forcedbins_filename: ]
[precise_float_parser: 0]
[parser_config_file: ]
[objective_seed: 16083]
[num_class: 1]
[is_unbalance: 0]
[scale_pos_weight: 1]
[sigmoid: 1]
[boost_from_average: 1]
[reg_sqrt: 0]
[alpha: 0.9]
[fair_c: 1]
[poisson_max_delta_step: 0.7]
[tweedie_variance_power: 1.5]
[lambdarank_truncation_level: 30]
[lambdarank_norm: 1]
[label_gain: ]
[lambdarank_position_bias_regularization: 0]
[eval_at: ]
[multi_error_top_k: 1]
[auc_mu_weights: ]
[num_machines: 1]
[local_listen_port: 12400]
[time_out: 120]
[machine_list_filename: ]
[machines: ]
[gpu_platform_id: -1]
[gpu_device_id: -1]
[gpu_device_id_list: ]
[gpu_use_dp: 0]
[num_gpu: 1]

end of parameters

pandas_categorical:null
