tree
version=v4
num_class=3
num_tree_per_iteration=3
label_index=0
max_feature_idx=416
objective=multiclass num_class:3
feature_names=Column_0 Column_1 Column_2 Column_3 Column_4 Column_5 Column_6 Column_7 Column_8 Column_9 Column_10 Column_11 Column_12 Column_13 Column_14 Column_15 Column_16 Column_17 Column_18 Column_19 Column_20 Column_21 Column_22 Column_23 Column_24 Column_25 Column_26 Column_27 Column_28 Column_29 Column_30 Column_31 Column_32 Column_33 Column_34 Column_35 Column_36 Column_37 Column_38 Column_39 Column_40 Column_41 Column_42 Column_43 Column_44 Column_45 Column_46 Column_47 Column_48 Column_49 Column_50 Column_51 Column_52 Column_53 Column_54 Column_55 Column_56 Column_57 Column_58 Column_59 Column_60 Column_61 Column_62 Column_63 Column_64 Column_65 Column_66 Column_67 Column_68 Column_69 Column_70 Column_71 Column_72 Column_73 Column_74 Column_75 Column_76 Column_77 Column_78 Column_79 Column_80 Column_81 Column_82 Column_83 Column_84 Column_85 Column_86 Column_87 Column_88 Column_89 Column_90 Column_91 Column_92 Column_93 Column_94 Column_95 Column_96 Column_97 Column_98 Column_99 Column_100 Column_101 Column_102 Column_103 Column_104 Column_105 Column_106 Column_107 Column_108 Column_109 Column_110 Column_111 Column_112 Column_113 Column_114 Column_115 Column_116 Column_117 Column_118 Column_119 Column_120 Column_121 Column_122 Column_123 Column_124 Column_125 Column_126 Column_127 Column_128 Column_129 Column_130 Column_131 Column_132 Column_133 Column_134 Column_135 Column_136 Column_137 Column_138 Column_139 Column_140 Column_141 Column_142 Column_143 Column_144 Column_145 Column_146 Column_147 Column_148 Column_149 Column_150 Column_151 Column_152 Column_153 Column_154 Column_155 Column_156 Column_157 Column_158 Column_159 Column_160 Column_161 Column_162 Column_163 Column_164 Column_165 Column_166 Column_167 Column_168 Column_169 Column_170 Column_171 Column_172 Column_173 Column_174 Column_175 Column_176 Column_177 Column_178 Column_179 Column_180 Column_181 Column_182 Column_183 Column_184 Column_185 Column_186 Column_187 Column_188 Column_189 Column_190 Column_191 Column_192 Column_193 Column_194 Column_195 Column_196 Column_197 Column_198 Column_199 Column_200 Column_201 Column_202 Column_203 Column_204 Column_205 Column_206 Column_207 Column_208 Column_209 Column_210 Column_211 Column_212 Column_213 Column_214 Column_215 Column_216 Column_217 Column_218 Column_219 Column_220 Column_221 Column_222 Column_223 Column_224 Column_225 Column_226 Column_227 Column_228 Column_229 Column_230 Column_231 Column_232 Column_233 Column_234 Column_235 Column_236 Column_237 Column_238 Column_239 Column_240 Column_241 Column_242 Column_243 Column_244 Column_245 Column_246 Column_247 Column_248 Column_249 Column_250 Column_251 Column_252 Column_253 Column_254 Column_255 Column_256 Column_257 Column_258 Column_259 Column_260 Column_261 Column_262 Column_263 Column_264 Column_265 Column_266 Column_267 Column_268 Column_269 Column_270 Column_271 Column_272 Column_273 Column_274 Column_275 Column_276 Column_277 Column_278 Column_279 Column_280 Column_281 Column_282 Column_283 Column_284 Column_285 Column_286 Column_287 Column_288 Column_289 Column_290 Column_291 Column_292 Column_293 Column_294 Column_295 Column_296 Column_297 Column_298 Column_299 Column_300 Column_301 Column_302 Column_303 Column_304 Column_305 Column_306 Column_307 Column_308 Column_309 Column_310 Column_311 Column_312 Column_313 Column_314 Column_315 Column_316 Column_317 Column_318 Column_319 Column_320 Column_321 Column_322 Column_323 Column_324 Column_325 Column_326 Column_327 Column_328 Column_329 Column_330 Column_331 Column_332 Column_333 Column_334 Column_335 Column_336 Column_337 Column_338 Column_339 Column_340 Column_341 Column_342 Column_343 Column_344 Column_345 Column_346 Column_347 Column_348 Column_349 Column_350 Column_351 Column_352 Column_353 Column_354 Column_355 Column_356 Column_357 Column_358 Column_359 Column_360 Column_361 Column_362 Column_363 Column_364 Column_365 Column_366 Column_367 Column_368 Column_369 Column_370 Column_371 Column_372 Column_373 Column_374 Column_375 Column_376 Column_377 Column_378 Column_379 Column_380 Column_381 Column_382 Column_383 Column_384 Column_385 Column_386 Column_387 Column_388 Column_389 Column_390 Column_391 Column_392 Column_393 Column_394 Column_395 Column_396 Column_397 Column_398 Column_399 Column_400 Column_401 Column_402 Column_403 Column_404 Column_405 Column_406 Column_407 Column_408 Column_409 Column_410 Column_411 Column_412 Column_413 Column_414 Column_415 Column_416
feature_infos=[-0.049190517062775593:0.044082708004986829] [-0.074043291294763836:0.052785627775534971] [-0.078815977175463653:0.054538381112164816] [-0.064066820143219183:0.040807064884091693] [-0.11783430190111854:0.079607686946131656] [-0.039554104736769014:0.02939961861267304] [-0.17098991619884826:0.11512353722249111] [-0.023171328253236867:0.013608616783458816] [-0.21961784834835305:0.10467558662562383] [-0.01293618446764544:0.0072594387363182911] [-0.28509186503269018:0.12903829036046352] [-0.011504521724677308:0.0054406818183341255] [-0.074718776622062694:0.049665633737242823] [-0.11845777689437421:0.072380673680042015] [-0.15995268921342326:0.088458732568462387] [-0.053623108311467334:0.02900967553083118] [-0.046855865197502795:0.025586208225731613] [-0.013695000552509369:0.014478704365713531] [0:1] [0:0.88361232083728425] [0.010184595798854477:0.57409713574097065] [0:0.67050575863795869] [-1:1] [-1:1] [-0.51749228913579381:1.3952780248785868] [0:0.26510533710231587] [-0.90441394816669674:10.326946374017135] [-0.8053779439109644:1.5971432973425939] [0:0.30106750181651171] [-0.55405836889236459:2.5086012764962633] [0:0.23715572033898322] [0:0.22562866000688947] [0:0.99999999998717948] [0:0.37221927966101698] [0:0.24130948363145463] [0:0.99999999998850575] [0:0.41260593220338998] [0:0.24130948363145463] [0:0.99999999999224809] [-0.77373893510667369:1.6275210512882137] [-0.094178758572026719:0.10450438060000222] [0:0.047519283877725881] [0.033581262887806815:0.96930477408402071] [0.10447415418150044:0.89941914751569807] [0:0.7976314071082089] [0:0.99999999997742661] [0:0.97254243535792928] [-1:1] [0:0.99999999998795186] [0:0.97676151542805589] [-1:1] [-2:1.7523975761395965] [-0.10304713950863797:0.070320320320320429] [-0.14772599029454914:0.091069182389936998] [-0.17129375617250087:0.15068855932203395] [-0.26772035295258412:0.16902860087606264] [0.046179948365554398:0.92788157361239998] [-0.99999999991452992:0] [0:1] [0:1] [0:1] [0:1] [0.090551559685997304:2.8330032682930919] [-0.88424917244673651:4.9020349865665116] [0:2.5001695556857424] [-0.78302188550448193:3.8955354870356285] [0:1.6684542079961133] [-0.41529872014976044:0.96645858530944984] [0:1.3889577759894891] [-0.23773842966205727:0.37802787896651968] [0.0027863603168361453:0.050271083218834695] [0:2.38041503299225] [0:0.037849530246202974] [0:1.7816889490607537] [-1.2098774042449536:0.77834648824174124] [0:0.99999999983050847] [0:0.93434343429624722] [0:0.96491228053245404] [0:4.9312557807903472] [0.99999999999995948:1] [0.14577589763208806:4.2686750276586904] [0.14859157338792517:7.2124828726238297] [0:12.120603595675782] [-0.92059339145681585:0.88637044278163168] [0:1] [0:1] [-6954130.3817330021:1183951.8034429995] [-133.76369065981169:35.877438955171435] [-0.094178758572026719:0.10450438060000222] [0:1] [0:1] [0:1] [0:0.99999999983050847] [0:1] [0:1] [0:1] [0:1] [0:1] [-9:8] none none none [0:1] [-0.0099315422522542347:0.5] [-0.40912772313361878:0.46916910842988413] [-0.49376064104659745:0.93837864291028117] [0:1] [0:1] [0:1] [0:1] [0:60] [0:60] [0:120] [0:120] [-1:1] [-1:1] [-1:1] [-3.8245985791156567:1.3760165733478706] [0:1] [-0.37907098369229303:0.13765961822498923] [-0.057572171940801886:0.006887680716375133] [-1:1] [0:1] [0:1] [-40:12] [-0.269611077584891:0.12966948813301676] [-0.031080373070535239:0.0019974136054594638] [-1:1] [0:1] [0:1] [-42:11] [-0.16073449480432878:0] [-0.012160485862645398:0] [-1:0] none [0:1] [-8:0] [-0.2331465209068474:0] [-0.069034928098681059:0] [-1:0] none [0:0.66666666666666663] [0.9515107935610374:1.0857055618242533] [-0.052731472516886035:0.035567787992061506] [0:1] [0:1] [-0.049857946004286058:0.064508548685947839] [0:1] [-0.19269708724798215:0.037956126718590666] [0:1] [0:1] [0:1] [-0.23497044568240499:0.099486586355630818] [0.0017409470752089797:0.23497044568240499] [0:1] [0:1] [0:1] [0:1] [0:1] none none [-1:1] [0:5] [-0.05538418515148226:0.022926756272253893] [0:1] [-0.013998251013731365:0.016476669418960959] [-1:1] [-0.99649122803520895:0] [0:1] [0:1] [0:1] [0:1] [0:1] [0:1] [-1:1] [0:1] [0:1] [0:1] [0:0.99874371859296596] [-0.7627437185929653:0.23600000000000074] [0:1] [-0.6167437185929654:0.38200000000000106] [0:1] [-0.49874371859296596:0.5] [0:1] [-0.38074371859296652:0.61799999999999933] [0:1] [-0.21274371859296581:0.78599999999999981] [0:1] [0.23599999999999999:0.78600000000000003] [-0.82377049180327622:0.89824561403508529] [0:2.527250308261408] [0:0.99874371859296596] none [0:1.6167437185929672] none [0:2.6167437185929674] none [0:1] none [0:1.6180000000000003] none [0:2.6180000000000003] none none none [0.0027863603168361453:0.050271083218834695] [0:7.2598425196850433] [0:6.5992366412213714] [1.2167901234567855:9.0287384315635588] [0:1] [0:15.240291262135957] [0:11.072727272727228] [0:22.495145631068031] [0:0.99852507374631405] [0:17.789940828402397] [0:23.039627039627039] [0:25.272503082614083] [0:0.99874371859296596] [0:25.327073552425723] [0:25.329317269076519] [0:39.99844599844598] [0:0.99594672843080523] [-10.687910290237481:7.9877016317016416] [-8.5237467018469744:10.861693861693873] [-6.3662021276595979:13.735686091686089] [-15.459636932707379:8.4249076305221493] [-12.411580594679226:11.652610441767148] [-9.3635242566510417:14.880313253012188] [-23.736040609136946:5.2799736495388609] [0:119] [0:119] [0:2] [0:1] [0:2] [0:1] [0:2] [0:1] [0:2] [0:1] [0:2] [0:1] [0:2] [0:1] [0:1.1636363636363636] [0:1] [0:1] [0:1] [0:2] [0:1] [0:2] [0:1] [0:2] [0:1] [0:2] [0:1] [0:2] [0:1] [0:2] [0:1] [0:1.1636363636363636] [0:1] [0:1] [0:1] [3:119] [0:0.33707865168539325] [-0.6049645390070949:0.60880829015543902] [0:1] [-1.2617397998460371:0.241125813904641] [0:1] [-1.6049645390070919:-0.39119170984456098] none [-2.2617397998460369:-0.75887418609535895] none [-0.26173979984603707:1.2411258139046411] [0:1] [0.39503546099290504:1.608808290155439] none [0.73826020015396299:2.2411258139046408] none [0.24608673338275988:0.74704193796664453] [0:1] [0:1] [0:1] [-0.98696453900709491:0.22680829015543943] [0:1] [-1.222964539007092:-0.0091917098445613594] [0:1] [-1.6049645390070919:-0.39119170984456098] none [-0.22296453900709501:0.99080829015543859] [0:1] [0.01303546099290513:1.2268082901554394] [0:1] [0.39503546099290504:1.608808290155439] none [0.19751773049435159:0.80440414506729974] [-1.4784064665127024:0.34098928796471256] [0:1] [-1.2034064665127002:0.61598928796471331] [0:1] [-1.1117397998460363:0.7076559546313802] [0:1] [-1.0200731331793689:0.79932262129804621] [0:1] [-0.83673979984603419:0.98265595463138] [0:1] [-0.74507313317936685:1.0743226212980459] [0:1] [-0.65340646651270273:1.1659892879647129] [0:1] [-0.37840646651270071:1.4409892879647137] [0:1] [0:1] [0:1] [0:1] [0:1] none none [0.033581262887806815:0.96930477408402071] [-0.46641873711219317:0.46930477408402071] [0:1] [0:1] [0:0.8880624570406439] [0:0.89768258028006898] [0:1] [-5.0906880469005413:3.6999437706959313] [0.10447415418150044:0.89941914751569807] [-0.39552584581849959:0.39941914751569807] [0:1] [0:1] [0:0.65175281939499852] [0:0.66473049171899368] [0:1] [-3.2663994274689108:2.4982962956483896] [0:0.7976314071082089] [-0.28837675613636193:0.2976314071082089] [0:1] [0:1] [0:0.29458918712120646] [0:0.32543802369402974] [0:1] [-1.8680372956358233:1.3650732463957858] [0:1] [0:1] [-1:1] [0:1] [0:1] [-0.4164185218677382:0.41850396218179658] [-63:115] [0:0.79883829503139625] [0:0.79105169163699918] [-0.79105169163699918:0.79883829503139625] [0:0.40227990058209001] [0:0.50186697472663067] [-0.50186697472663067:0.40227990058209001] [0:1] [0:1] [-0.58976693602704811:0.646637758365319] [-0.63724608769427504:0.69875202752754884] none none none none [0.27962277945025205:0.65943107815459856] [0.071316841343391446:0.5] [0:1] [0:1] [0:1] [0:1] [-0.5:1.4746399865193178] [-2:2] [-0.19354838709677413:0.14930886558627265] [-0.26907455758630694:0.12615596963423048] [0:1] [-0.37733552867062781:0.22691729323308274] [0:1] [-0.41592096785739852:0.047285679194301045] [0:0.75] [-0.41377335528670622:0.11955890887986076] [0:0.5] [0:75.568743814767629] [0:3] [0:15] [0:1] [0:7] [-0.30334318334723942:1] [-0.41465559419322917:1.1885367900134387] [-0.39301229244734376:0.041267694332438598] [-1:1] [-0.029161049693804397:0.009736936650840855] [0:3] [0:15] [-0.24219549393669682:0.050573220516869299] [-0.07304567298828013:0.033719685903614627] [0:1] [0:1] [-0.05538418515148226:0.022926756272253893] [0:1] [-0.29999999999999999:0.14638862345710724] [0:1] [-1:1] [0:1] none none [-0.043505654011707098:0.025505156809459063] [-0.073224560573815767:0.069451131439576264] [0.0098050704039734163:0.99428673660537537] none none none none [-1:1] [0:1] [0:1] none none
tree_sizes=1723 243 2255 1959 225 2042 2338 225 2246 2268 226 1753 2156 226 2075 1864 226 1948 2405 226 2191 2259 226 2267 2054 226 1953 2085 226 2369 2443 226 2421 2379 226 2160 1818 226 2249 2053 226 2035 2155 226 2393 2151 226 2089 1861 226 2443 2080 226 1874 2343 226 1914 1938 226 1749 1923 226 2176 1948 226 1942 2393 226 1638 2490 226 1764 2340 226 2268 1741 226 1533 2224 226 2042 1841 226 2034 1729 226 1714 1956 226 2368 1636 226 2227 2038 226 2616 2135 226 2362 1610 227 1815 2078 227 1839 2253 227 2347 1709 227 2141 2050 227 1921 2063 227 1849 1899 227 1834 2204 227 2336 1954 227 2252 1160 227 2075 1801 227 1733 1987 227 1817 1293 227 2491 1182 227 2164 1364 227 2398 1147 227 2086 1181 227 1469 1368 227 2254 1710 227 1841 1317 227 2239 1497 227 2325 1163 227 1893 1753 227 1852 1494 227 1842 1537 227 2207 1083 227 2106 1283 227 1951 1524 227 1193 1501 227 2166 1309 227 1218 1278 227 2006 1233 227 1082 1158 227 2039 1620 227 1845 1005 227 2066 1284 227 1076 1464 227 1774 1331 227 1179 1311 227 2256 1094 227 1073 1455 227 1680 1652 227 2224 1344 227 1632 1015 227 2308 1198 227 1155 1825 227 968 1567 227 1693 1607 227 1645 1334 227 1326 1115 227 1171 1380 227 1418 1326 227 1544 783 227 1908 1242 227 1693 1485 227 1092 1177 227 1164 1353 227 990 1215 227 1710 1534 227 883 1556 227 1580 1627 227 1832 1468 227 890 1716 227 1069 1015 227 1802 1190 227 1448 1179 227 1603 972 227 883 1388 227 1734 1503 227 1798 1394 227 1799 1291 227 1503 1404 227 1549 1377 227 872 1419 227 1635 1154 227 1727 1069 227 1434 1012 227 897 1204 227 1480 1375 227 1414 1210 227 1695 1580 227 875 1610 227 1608 1510 227 1396 1077 227 983 1191 227 1463 1317 227 1109 1601 227 1518 1587 227 972 1208 227 1603 1177 227 1193 1494 227 1652 1040 227 1623 1182 227 1378 1605 227 1581 1305 227 1692 1284 227 990 1403 227 1593 1053 227 1482 1504 227 1558 1177 227 1393 1162 227 1474 1185 227 1292 1075 227 1583 1614 227 1683 1423 227 1280 1316 227 1511 1322 227 1069 1177 227 1621 1397 227 1403 1031 227 1531 1495 227 1069 1200 227 1625 1488 227 1091 1302 227 1418 1248 227 1283 1625 227 1379 1285 227 1350 1497 227 1190 1061 227 1373 1183 227 976 1078 227 1385 1377 227 1352 1077 227 1302 1506 227 876 1206 227 1407 1170 227 957 895 227 1390 1296 227 1264 1471 227 896 1190 227 1376 1288 227 1371 1079 227 1394 1197 227 1092 1178 227 973 1416 227 1392 1271 227 902 1399 227 1388 1312 227 1279 1273 227 958 1121 227 1189 1201 227 1311 1092 227 1175 974 227 973 1407 227 1199 1181 227 1399 999 227 1256 877 227 988 1166 227 1370 1193 227 1191 1386 227 856 1270 227 874 1195 227 1198 1295 227 872 1077 227 1229 875 227 1206 1155 227 908 1116 227 1050 1164 227 976 879 227 1004 1181 227 1093 1101 227 1292 971 227 995 993 227 1173 1107 227 1192 1202 227 1140 1047 227 1142 1221 227 1102

Tree=0
num_leaves=15
num_cat=0
split_feature=301 297 272 162 383 130 258 394 178 71 290 221 266 365
split_gain=1061.55 83.7057 78.6068 40.1446 33.2034 30.3387 21.3108 14.2411 21.2338 9.16013 5.2447 3.80932 2.63689 2.24125
threshold=-0.18333333333333382 -0.72610658124636229 -1.2562349777492208 0.050834401487659393 14.500000000000002 -14.499999999999998 0.60294117647058842 0.019233405593874989 0.6329190758679385 0.54951451310344812 0.27902507062146781 13.808974597640844 0.15993975583016765 0.11893767253711957
decision_type=2 2 2 2 2 2 2 2 2 2 2 2 2 2
left_child=1 10 3 -2 6 -3 -5 8 -7 -4 13 -12 -11 -1
right_child=2 5 9 4 -6 7 -8 -9 -10 12 11 -13 -14 -15
leaf_value=-0.67788706888380723 -0.6950183598296571 -0.70370926894218733 -0.64260661062068847 -0.64151392067079427 -0.69054354702979603 -0.68286482681933491 -0.60947509192996208 -0.60771520706770754 -0.64113511087550312 -0.63060785901287564 -0.69607578503265533 -0.65350051118546171 -0.58718550871189901 -0.71737323600566105
leaf_weight=14.221348047256468 16.092578053474426 46.406504154205322 10.853134036064146 74.47495424747467 13.098610043525694 58.008130192756653 227.91581475734711 10.104642033576964 56.136900186538696 10.104642033576964 32.185156106948853 10.104642033576964 313.99239504337311 324.84552907943726
leaf_count=38 43 124 29 199 35 155 609 27 150 27 86 27 839 868
internal_value=-0.649283 -0.700414 -0.606898 -0.624755 -0.620617 -0.670366 -0.617048 -0.65653 -0.662232 -0.589743 -0.713461 -0.68796 -0.588203 -0.716129
internal_weight=1218.54 552.013 666.532 331.582 315.489 170.656 302.391 124.25 114.145 334.95 381.357 42.2898 324.097 339.067
internal_count=3256 1475 1781 886 843 456 808 332 305 895 1019 113 866 906
is_linear=0
shrinkage=1


Tree=1
num_leaves=1
num_cat=0
split_feature=
split_gain=
threshold=
decision_type=
left_child=
right_child=
leaf_value=-7.3951075465624854
leaf_weight=
leaf_count=3256
internal_value=
internal_weight=
internal_count=
is_linear=0
shrinkage=1


Tree=2
num_leaves=20
num_cat=0
split_feature=297 303 71 297 130 381 266 68 231 219 262 33 379 394 165 290 165 365 223
split_gain=1041.32 124.543 47.0932 43.1372 33.5899 27.8729 24.2373 18.7599 18.6287 16.5422 16.4859 13.7067 10.0991 9.7631 8.28752 5.2336 14.0622 2.2322 1.89685
threshold=-0.58625555931094131 0.012094856783975679 0.49088748350036393 -0.72610658124636229 -14.499999999999998 13.911093248238297 0.19858411026973521 0.4673096476011136 49.500000000000007 1.9793267179414247 0.23033707865168543 0.09553552161315941 0.0056381337161346421 0.016268890396569428 -0.00032156573377196339 0.27902507062146781 -0.0012370900926641497 0.11893767253711957 0.96847963133689063
decision_type=2 2 2 2 2 2 2 2 2 2 2 2 2 2 2 2 2 2 2
left_child=3 4 -3 15 10 8 9 -7 -6 -4 14 12 13 -5 -2 17 -17 -1 -12
right_child=1 2 6 11 5 7 -8 -9 -10 -11 18 -13 -14 -15 -16 16 -18 -19 -20
leaf_value=-0.71163655328301023 -0.77800336290336047 -0.70190743040575954 -0.73092168578943484 -0.69306238661883501 -0.69032299269588371 -0.73116742772750687 -0.80214616624704349 -0.78116963366323044 -0.7505686538085149 -0.78138650869414383 -0.68981614421494664 -0.75155998527081724 -0.74452772820591651 -0.74031090397374388 -0.72307889240756307 -0.74747719436182847 -0.68633239482877695 -0.67213193344975941 -0.72733817912085585
leaf_weight=14.219756901264189 10.10351148247719 11.600327998399733 15.342369288206099 68.105151474475861 17.58759406208992 20.207022964954376 335.28689956665039 92.802623987197876 29.562126189470291 146.68801856040955 28.439513802528381 16.839185804128647 11.974532127380369 10.85191974043846 10.477715611457823 10.103511482477186 32.181555092334747 324.80918395519257 11.226123869419096
leaf_count=38 27 31 41 182 47 54 896 248 79 392 76 45 32 29 28 27 86 868 30
internal_value=-0.740311 -0.778109 -0.791654 -0.68406 -0.746339 -0.758435 -0.794066 -0.771793 -0.727447 -0.776221 -0.715639 -0.713845 -0.706192 -0.699826 -0.749286 -0.676044 -0.701553 -0.673377 -0.697605
internal_weight=1218.41 729.324 508.918 489.085 220.406 160.159 497.317 113.01 47.1497 162.03 60.2469 107.771 90.9316 78.9571 20.5812 381.314 42.2851 339.029 39.6656
internal_count=3256 1949 1360 1307 589 428 1329 302 126 433 161 288 243 211 55 1019 113 906 106
is_linear=0
shrinkage=1


Tree=3
num_leaves=17
num_cat=0
split_feature=307 307 311 71 126 375 266 126 68 21 21 111 86 266 165 365
split_gain=914.421 102.708 43.8437 42.816 26.5656 24.5885 21.8497 24.0078 19.908 24.1159 12.8958 14.1631 11.2336 4.22626 8.51703 1.27483
threshold=0.15758036289951194 0.28678806782563487 0.37389341875363918 0.49088748350036393 -0.0078202284586844622 0.069530452859879813 0.19858411026973521 -0.011767357971572743 0.7867129430490819 0.14814521262575822 0.16657032755298512 50.500000000000007 -5898201.1641445002 -0.088425143787591406 -0.0004956185182291398 0.11893767253711957
decision_type=2 2 2 2 2 2 2 2 2 2 2 2 2 2 2 2
left_child=2 5 13 -3 -4 8 7 -5 9 -2 -6 -12 -10 15 -15 -1
right_child=1 3 4 6 10 -7 -8 -9 12 -11 11 -13 -14 14 -16 -17
leaf_value=-0.027899044516750716 -0.039663705663907867 -0.036949460041139366 -0.056202165569916779 -0.0021033451111018837 -0.035606679041055522 0.048607656531296242 0.058482828431005808 0.043537051025934019 -0.0048106907305372404 0.0038011668775166647 0.02072170367771918 -0.03151187935498543 0.051063845639862708 0.00065955741266743089 -0.048312760392185378 -0.063130682960491458
leaf_weight=14.6204337477684 41.55291736125946 11.618416041135786 38.989630728960037 33.951295882463455 23.231224477291107 26.448793530464172 332.31896975636482 128.15318286418915 10.831040263175963 105.34179657697678 43.79287850856781 14.606272727251051 22.38747227191925 10.116069078445433 24.373278915882111 332.82206678390503
leaf_count=39 111 31 104 91 62 71 896 344 29 282 117 39 60 27 65 888
internal_value=0 0.0363449 -0.0514986 0.0484293 -0.0236943 0.00623192 0.0507469 0.0338107 -0.000412114 -0.00870817 -0.00613474 0.0059418 0.0325757 -0.0598966 -0.0337117 -0.0620423
internal_weight=1215.16 712.604 502.552 506.042 120.62 206.562 494.423 162.104 180.113 146.895 81.6304 58.3992 33.2185 381.932 34.4893 347.443
internal_count=3256 1915 1341 1362 322 553 1331 435 482 393 218 156 89 1019 92 927
is_linear=0
shrinkage=0.05


Tree=4
num_leaves=1
num_cat=0
split_feature=
split_gain=
threshold=
decision_type=
left_child=
right_child=
leaf_value=0
leaf_weight=
leaf_count=3256
internal_value=
internal_weight=
internal_count=
is_linear=0
shrinkage=1


Tree=5
num_leaves=18
num_cat=0
split_feature=301 299 268 126 383 215 264 381 105 126 381 174 270 290 221 35 365
split_gain=926.65 74.4782 70.0643 34.8375 33.7033 21.5655 19.341 18.233 15.8021 14.9622 14.3342 13.4557 8.18812 4.25766 3.53766 2.23344 1.62836
threshold=-0.18333333333333382 -0.45110658124636072 -0.25623497774922094 -0.0078202284586844622 12.500000000000002 0.86981159047373646 54.500000000000007 13.911093248238297 -0.058845841718832337 -0.0071545202942076549 13.911093248238297 -1.0000000180025095e-35 -0.81255291199921487 0.27902507062146781 13.808974597640844 0.82136141017211084 0.11893767253711957
decision_type=2 2 2 2 2 2 2 2 2 2 2 2 2 2 2 2 2
left_child=1 13 4 15 5 10 -6 11 -9 -7 -2 -5 -4 16 -15 -3 -1
right_child=2 3 12 7 6 9 -8 8 -10 -11 -12 -13 -14 14 -16 -17 -18
leaf_value=0.027056315014408611 0.044116171952159604 0.055822454506810927 -0.016311851468441281 0 -0.026956555627759352 -0.0089078610934688381 0.045055305520345701 0.019437158733829601 -0.029110692734730093 -0.039066812566000531 -0.021574514032246386 0.052956992005110393 -0.058111841541054587 0.044108678110524775 0.0033051953201094931 0.018050798765610374 0.063570352226261312
leaf_weight=14.245646715164183 13.864042490720751 45.731676489114761 18.629709094762802 22.091158121824265 10.810710310935972 59.314507901668549 24.330450147390366 21.340723067522049 47.486572206020355 209.41373056173325 12.678157955408095 20.992311626672745 313.27372369170189 32.244865536689758 10.115419954061506 13.112781286239622 325.34261655807495
leaf_count=38 37 122 50 59 29 159 65 57 127 562 34 56 845 86 27 35 868
internal_value=0 0.0476822 -0.0397867 0.0193363 -0.0229104 -0.0284899 0.0212131 0.00216351 -0.0131786 -0.0327659 0.0120414 0.0270204 -0.056082 0.0599753 0.0363303 0.0494979 0.0624349
internal_weight=1215.02 552.704 662.315 170.755 330.412 295.27 35.1412 111.911 68.8273 268.728 26.5422 43.0835 331.903 381.949 42.3603 58.8445 339.588
internal_count=3256 1475 1781 456 886 792 94 299 184 721 71 115 895 1019 113 157 906
is_linear=0
shrinkage=0.05


Tree=6
num_leaves=21
num_cat=0
split_feature=301 305 297 71 126 10 113 393 381 130 113 266 126 174 68 266 83 51 221 74
split_gain=821.076 63.5485 60.5523 41.405 28.8137 21.3143 15.9363 25.9517 15.2985 14.9554 14.626 11.6151 13.0544 10.167 7.38787 6.26663 4.39819 4.07991 2.6012 2.26307
threshold=-0.18333333333333382 -0.057941842938504982 -0.39476502677543912 0.49088748350036393 -0.0078202284586844622 -0.0087762492647970938 11.500000000000002 -0.1199262664291663 13.911093248238297 -18.499999999999996 89.500000000000014 0.19858411026973521 -0.011767357971572743 -1.0000000180025095e-35 0.49552616866065452 -0.088425143787591406 0.22969019746773259 0.38260117152369227 13.559165526675789 -0.74804553615277258
decision_type=2 2 2 2 2 2 2 2 2 2 2 2 2 2 2 2 2 2 2 2
left_child=1 15 5 -4 17 10 9 -8 13 -7 16 12 -5 -6 -10 19 -2 -3 -17 -1
right_child=2 4 3 11 8 6 7 -9 14 -11 -12 -13 -14 -15 -16 18 -18 -19 -20 -21
leaf_value=-0.020383968302125525 0.045246514986465709 -0.05223358733201984 -0.038023956264390965 0 0 -0.012714176539414909 0.034422728838476579 -0.031844472928504362 -0.010971583909942795 0.042490189688813317 -0.0078568738338910191 0.056214807617490641 0.042532440244987556 -0.048671716548417045 0.024918003841925971 -0.037429686427757028 0.0035346239823051983 -0.0085660616159313543 -0.0020579940650630921 -0.059098710555972635
leaf_weight=11.938941001892088 68.912117481231689 42.654315978288651 10.861878007650374 23.845378965139389 19.837517946958542 16.046991050243378 16.731929421424866 52.954673767089844 16.092525273561478 29.627761214971542 16.014232337474823 315.1352274119854 95.361512154340744 17.984686225652695 45.515547454357147 33.310526996850967 10.428607195615767 10.85222542285919 10.11434632539749 341.84985247254372
leaf_count=32 186 114 29 64 53 43 45 142 43 80 43 863 258 48 122 89 28 29 27 918
internal_value=-5.3152e-06 -0.0449616 0.0376588 0.048127 -0.016672 0.0149423 0 -0.0144816 0 0.0224797 0.0320456 0.0506418 0.0344815 -0.024395 0.0146953 -0.0555223 0.0406996 -0.0451868 -0.0309334 -0.0581148
internal_weight=1206.07 550.15 655.92 445.204 152.937 210.716 115.361 69.6866 99.4303 45.6748 95.355 434.342 119.207 37.8222 61.6081 397.214 79.3407 53.5065 43.4249 353.789
internal_count=3256 1475 1781 1214 409 567 310 187 266 123 257 1185 322 101 165 1066 214 143 116 950
is_linear=0
shrinkage=0.05


Tree=7
num_leaves=1
num_cat=0
split_feature=
split_gain=
threshold=
decision_type=
left_child=
right_child=
leaf_value=0
leaf_weight=
leaf_count=3256
internal_value=
internal_weight=
internal_count=
is_linear=0
shrinkage=1


Tree=8
num_leaves=20
num_cat=0
split_feature=297 303 71 297 130 381 276 126 126 394 231 191 21 268 120 74 165 268 27
split_gain=805.044 100.426 39.7784 31.868 27.9151 24.5183 19.2508 22.5755 19.19 16.6237 16.1651 11.4182 9.61893 7.91509 5.39144 4.32972 4.49981 0.890713 0.824119
threshold=-0.58625555931094131 0.012094856783975679 0.49088748350036393 -0.72610658124636229 -14.499999999999998 13.911093248238297 1.1985841102697354 -0.011767357971572743 -0.0078202284586844622 0.0098543143390245076 49.500000000000007 0.59972375690607538 0.16657032755298512 -0.660845622204976 1.0000000180025095e-35 -0.74804553615277258 -0.005548065531424352 -0.63403043994158603 1.1610174174860493
decision_type=2 2 2 2 2 2 2 2 2 2 2 2 2 2 2 2 2 2 2
left_child=3 4 -3 15 11 10 7 -4 -5 -7 -6 -2 -10 -14 -13 -1 -17 -18 -8
right_child=1 2 6 8 5 9 18 -9 12 -11 -12 14 13 -15 -16 16 17 -19 -20
leaf_value=0.016061677100507613 -0.017261124790594246 0.036273483861171261 0.0028301089206482092 0.054087633834678253 0.047404759897959337 -0.041854153059662474 -0.056368337635752233 -0.04160383573830477 0.034086299435921993 0 -0.0086693731724840611 0.041206678406145225 0.020277812197981245 -0.017397625001274328 0 0.013719355907090384 0.059629872240697303 0.027571152500103432 -0.021477378731997131
leaf_weight=12.692463457584379 10.816604673862455 11.610537230968474 33.55418598651886 32.912115842103958 17.607044696807861 74.980018258094788 315.83527234196663 126.7550804913044 21.731328457593918 37.167338609695435 29.429892927408218 38.918752133846283 18.713054090738297 34.389499247074127 10.469438612461088 10.818750083446501 340.46162447333336 15.721000880002974 11.35003489255905
leaf_count=34 29 31 90 88 47 202 865 343 58 100 79 104 50 92 28 29 914 42 31
internal_value=4.90819e-06 -0.0335521 -0.0458974 0.0494731 -0.00500177 -0.0161079 -0.0481662 -0.0321161 0.0237047 -0.02873 0.012905 0.0229431 0.00813019 -0.0028554 0.033187 0.0564116 0.0575304 0.0585962 -0.0555155
internal_weight=1205.93 718.494 499.105 487.44 219.389 159.184 487.495 160.309 107.746 112.147 47.0369 60.2048 74.8339 53.1026 49.3882 379.694 367.001 356.183 327.185
internal_count=3256 1949 1360 1307 589 428 1329 433 288 302 126 161 200 142 132 1019 985 956 896
is_linear=0
shrinkage=0.05


Tree=9
num_leaves=20
num_cat=0
split_feature=309 297 71 272 165 375 373 21 266 383 113 41 112 105 165 74 379 262 27
split_gain=714.788 83.6236 35.9057 34.1369 35.7146 21.9624 29.7512 20.2041 17.8027 15.7896 13.6443 11.0198 10.0565 8.01047 6.92 6.24225 4.16683 0.968564 0.717156
threshold=0.24924702956617836 -0.445955378801632 0.49088748350036393 -1.6608456222049759 -0.0018915553444864908 0.03304934422280615 -0.021988981625082445 0.094132742000479372 0.19858411026973521 9.5000000000000018 12.500000000000002 0.022006056079960094 26.500000000000004 -0.035639888878445013 -0.0057249796279909976 -0.74804553615277258 1.0000000180025095e-35 0.28651685393258436 1.1610174174860493
decision_type=2 2 2 2 2 2 2 2 2 2 2 2 2 2 2 2 2 2 2
left_child=3 5 -3 14 17 6 7 -2 9 -4 -8 16 -7 -13 -1 -16 -6 -5 -10
right_child=1 2 8 4 11 12 10 -9 18 -11 -12 13 -14 -15 15 -17 -18 -19 -20
leaf_value=-0.0080303548285221692 -0.028328952310272906 -0.034299308059575588 0.038388675274431544 0.044048584007652512 -0.048944638065799545 -0.00012410729736572415 0.0069448528937618688 0.029088226939362322 0.053884944552703873 0 -0.036770355590208352 -0.034335975631901078 0.050621873178756431 0.016248986112812499 -0.012800399274750138 -0.055990643574816229 -0.0063567366435427182 0.0097507419446026464 0.020245376829943977
leaf_weight=11.894612342119215 16.016459554433823 11.59905883669853 125.41113424301147 11.205259025096895 61.420601040124893 11.073685407638548 21.571117669343948 69.587939083576202 309.03204590082169 33.531680732965469 57.88013157248497 10.07541745901108 30.16583713889122 15.667948871850966 13.784523218870161 350.2341873049736 10.444051027297972 10.423705130815504 11.239079684019087
leaf_count=32 43 31 343 30 165 30 58 188 864 90 155 27 82 42 37 952 28 28 31
internal_value=-2.65102e-05 0.0325065 0.0436929 -0.0458492 -0.0210862 0.00540847 -0.00264914 0.0171858 0.045886 0.0304105 -0.0244744 -0.0341337 0.0367809 -0.00332675 -0.0533427 -0.0546094 -0.043926 0.0327506 0.053058
internal_weight=1192.26 697.108 490.813 495.15 119.237 206.295 165.056 85.6044 479.214 158.943 79.4512 97.608 41.2395 25.7434 375.913 364.019 71.8647 21.629 320.271
internal_count=3256 1915 1359 1341 320 556 444 231 1328 433 213 262 112 69 1021 989 193 58 895
is_linear=0
shrinkage=0.05


Tree=10
num_leaves=1
num_cat=0
split_feature=
split_gain=
threshold=
decision_type=
left_child=
right_child=
leaf_value=0
leaf_weight=
leaf_count=3256
internal_value=
internal_weight=
internal_count=
is_linear=0
shrinkage=1


Tree=11
num_leaves=15
num_cat=0
split_feature=301 268 268 165 162 383 165 383 268 165 266 74 229 74
split_gain=724.496 58.4509 57.5909 35.3656 33.1289 26.9443 22.4896 16.1181 13.1672 6.90949 6.23736 6.23187 3.74321 2.45897
threshold=-0.18333333333333382 -0.660845622204976 -0.252476218495641 -0.0018915553444864908 0.050834401487659393 14.500000000000002 0.00048235139771474401 4.5000000000000009 -0.56174666836431653 -0.0057249796279909976 0.18744708800078516 -0.74804553615277258 -3.1615440376947981 -0.29149292083875078
decision_type=2 2 2 2 2 2 2 2 2 2 2 2 2 2
left_child=1 9 4 12 -2 6 -6 8 -5 -1 -4 -11 -3 -9
right_child=2 3 10 7 5 -7 -8 13 -10 11 -12 -13 -14 -15
leaf_value=0.0080961074645763045 0.042538381596511222 -0.041438131022806995 -0.014531449380317668 0.033320955920261811 -0.037777204080993443 0.038411234897908632 -0.0084080805364695685 0.014838517413528464 -0.0063320847673096065 0.012866047374686419 -0.052819141038521769 0.05605432439461383 -0.0036456366203514892 0.053363819356179315
leaf_weight=11.895761132240294 16.452680051326752 17.497314780950546 17.67749559879303 34.665881425142288 193.53914368152618 13.115581840276716 108.07589986920357 11.915060311555861 41.753600180149078 13.786719143390654 298.05835625529289 350.34943777322769 15.283239066600798 48.056493759155273
leaf_count=32 44 47 48 93 527 35 293 32 112 37 834 952 41 129
internal_value=2.56335e-05 0.0424019 -0.0356417 0.017143 -0.020534 -0.024359 -0.0276041 0.0284636 0.0116052 0.053408 -0.0509893 0.0546738 -0.0269986 0.0475752
internal_weight=1192.12 545.204 646.919 169.172 331.183 314.731 301.615 136.391 76.4195 376.032 315.736 364.136 32.7806 59.9716
internal_count=3256 1475 1781 454 899 855 820 366 205 1021 882 989 88 161
is_linear=0
shrinkage=0.05


Tree=12
num_leaves=19
num_cat=0
split_feature=301 268 305 126 162 258 68 383 381 105 174 226 217 266 105 266 51 365
split_gain=646.766 53.3588 51.4845 24.5463 22.1173 20.8456 17.4845 15.6529 13.6454 10.1076 8.96666 6.71323 6.53632 5.27445 8.3354 4.80786 3.80814 2.56674
threshold=-0.18333333333333382 -0.34397954957892918 -0.057941842938504982 -0.0078202284586844622 0.068685966631970588 0.45588235294117652 0.30929427254161296 12.500000000000002 13.911093248238297 -0.058845841718832337 -1.0000000180025095e-35 3.9414610118382907 10.032750721320909 -0.088425143787591406 0.22068028653988578 0.10069418862611294 0.38260117152369227 0.11893767253711957
decision_type=2 2 2 2 2 2 2 2 2 2 2 2 2 2 2 2 2 2
left_child=2 4 13 16 -2 12 -3 -7 10 -10 -5 15 -6 17 -15 -8 -4 -1
right_child=1 6 3 8 5 7 11 -9 9 -11 -12 -13 -14 14 -16 -17 -18 -19
leaf_value=-0.019393962770872877 -0.043270457921729108 -0.005337562947344953 -0.048081295757932678 0 -0.030667634128088685 0.029699547027464707 0.014657575162653799 -0.015055677175809582 -0.01346631321664675 0.027514799441043084 -0.045436494706384681 0.0068525104488930087 0.011048680940095203 -0.039919786755840209 0.0046829401563241368 0.049699564571451943 -0.0064878977515478459 -0.053615146946812325
leaf_weight=14.813660383224486 12.308197438716887 14.242501050233839 42.066541403532028 19.801123350858688 22.632662177085876 170.47550737857819 17.44872972369194 18.614398330450058 18.279961556196213 43.087624043226242 17.852295726537704 14.027884840965269 10.660906493663786 31.478428572416306 11.520858347415922 356.64090088009834 10.776078343391417 328.40470120310783
leaf_count=40 33 39 114 53 61 467 48 50 49 116 48 39 29 85 31 1015 29 910
internal_value=-2.9848e-05 0.0339466 -0.0403132 -0.0147908 0.014427 0.0183756 0.0450177 0.0248671 0 0.014472 -0.0225282 0.0470202 -0.0161229 -0.050029 -0.0273563 0.0483273 -0.0412988 -0.0524634
internal_weight=1175.13 637.052 538.081 151.864 234.692 222.383 402.36 189.09 99.021 61.3676 37.6534 388.118 33.2936 386.218 42.9993 374.09 52.8426 343.218
internal_count=3256 1781 1475 409 640 607 1141 517 266 165 101 1102 90 1066 116 1063 143 950
is_linear=0
shrinkage=0.05


Tree=13
num_leaves=1
num_cat=0
split_feature=
split_gain=
threshold=
decision_type=
left_child=
right_child=
leaf_value=0
leaf_weight=
leaf_count=3256
internal_value=
internal_weight=
internal_count=
is_linear=0
shrinkage=1


Tree=14
num_leaves=18
num_cat=0
split_feature=303 303 71 303 375 373 21 284 126 126 125 111 10 392 290 349 365
split_gain=632.251 83.3115 33.557 26.4825 22.2621 23.0613 21.3499 16.7872 16.629 15.9615 13.5011 10.1868 12.6096 7.36244 3.36972 11.333 1.9405
threshold=-0.12830396140559103 0.012094856783975679 0.49088748350036393 -0.26777324791302798 0.069530452859879813 -0.021988981625082445 0.094132742000479372 -0.23220965263717586 -0.0078202284586844622 -0.011767357971572743 -0.070179891329556959 50.500000000000007 -0.014978327805415805 13.500000000000002 0.27902507062146781 1.0000000180025095e-35 0.11893767253711957
decision_type=2 2 2 2 2 2 2 2 2 2 2 2 2 2 2 2 2
left_child=3 4 -3 14 5 6 -2 9 -5 -4 -7 12 -10 -9 16 -16 -1
right_child=1 2 7 8 -6 10 -8 13 11 -11 -12 -13 -14 -15 15 -17 -18
leaf_value=0.020405213500820391 0.028560836455750874 0.033677616441786067 0.006882252113533713 0.049302294724322265 -0.044353937867726963 -0.006321365229039479 -0.028095205367239834 -0.051166753486520625 -0.033362498190010234 -0.035144803997045275 0.03087875878374266 0.03533383128742057 0.013023972018790074 -0.0062889370637602615 -0.0016991526116480308 0.048114764233227129 0.054186295258509813
leaf_weight=14.070186793804167 17.874481230974197 11.566316217184065 25.689163655042648 32.327383190393448 26.863311529159546 32.942259579896927 72.843100368976593 334.97344741225243 20.488191038370132 96.393909484148026 67.399964034557343 19.036081433296204 34.690268397331238 12.95062083005905 15.25260481238365 26.535412073135376 313.10289207100868
leaf_count=38 48 31 69 88 74 89 198 957 55 267 181 51 93 36 41 72 868
internal_value=2.83628e-05 -0.0301226 -0.041683 0.0443977 -0.00413054 0.00186553 -0.0158416 -0.0438451 0.020792 -0.0259486 0.0183532 0.00629249 -0.00417247 -0.0497068 0.050857 0.0299204 0.0530836
internal_weight=1175 699.497 481.573 475.503 217.923 191.06 90.7176 470.007 106.542 122.083 100.342 74.2145 55.1785 347.924 368.961 41.788 327.173
internal_count=3256 1950 1360 1306 590 516 246 1329 287 336 270 199 148 993 1019 113 906
is_linear=0
shrinkage=0.05


Tree=15
num_leaves=16
num_cat=0
split_feature=301 268 305 162 126 383 258 21 262 266 381 290 51 365 229
split_gain=576.942 49.4833 46.5251 28.2522 23.7182 23.2583 17.3465 12.0768 13.624 6.08927 5.02242 4.29559 3.04697 2.71985 1.70636
threshold=-0.18333333333333382 -0.252476218495641 -0.070293018943807989 0.050834401487659393 -0.0078202284586844622 14.500000000000002 0.60294117647058842 0.16657032755298512 0.35393258426966295 0.18744708800078516 16.203516186834467 0.27902507062146781 0.38260117152369227 0.11893767253711957 -8.3629485285288201
decision_type=2 2 2 2 2 2 2 2 2 2 2 2 2 2 2
left_child=2 3 11 -2 12 6 -5 10 -9 -3 -6 13 -4 -1 -13
right_child=1 9 4 5 7 -7 -8 8 -10 -11 -12 14 -14 -15 -16
leaf_value=-0.017504738696049547 -0.039965660554663759 0.011557150494285033 -0.046676554659551221 0.0031711331266847317 -0.042611244704016553 -0.036353593366112623 0.031949268192946488 0.032928846002930147 -0.0084230820796690926 0.048893630655053921 -0.00084795636557909691 -0.0028168255575357153 -0.0085155017288938897 -0.051881461744822659 -0.032956941277449407
leaf_weight=14.375447034835814 16.357788920402527 17.32010155916214 44.102150321006775 74.401176303625107 15.899738401174547 13.069081246852873 221.8753550350666 33.437400460243225 38.921096742153168 282.73830103874207 15.976141452789305 10.330046921968458 11.458564460277556 308.48599547147751 36.276969701051712
leaf_count=39 44 48 121 204 43 35 616 90 105 834 43 28 31 876 99
internal_value=-5.61473e-05 0.03233 -0.0384074 0.0183212 -0.0150274 0.0219177 0.0249938 -0.000230296 0.0105726 0.0470392 -0.0249867 -0.0481826 -0.0404996 -0.0506795 -0.0278589
internal_weight=1155.03 625.762 529.264 325.703 159.795 309.346 296.277 104.234 72.3585 300.058 31.8759 369.468 55.5607 322.861 46.607
internal_count=3256 1781 1475 899 433 855 820 281 195 882 86 1042 152 915 127
is_linear=0
shrinkage=0.05


Tree=16
num_leaves=1
num_cat=0
split_feature=
split_gain=
threshold=
decision_type=
left_child=
right_child=
leaf_value=0
leaf_weight=
leaf_count=3256
internal_value=
internal_weight=
internal_count=
is_linear=0
shrinkage=1


Tree=17
num_leaves=17
num_cat=0
split_feature=301 268 305 162 126 392 165 381 105 174 276 276 165 51 365 105
split_gain=573.884 49.5578 48.3698 28.2467 23.5697 23.2544 20.8282 13.6921 10.286 8.33089 6.10328 4.86741 8.69388 3.506 2.25762 0.615399
threshold=-0.18333333333333382 -0.252476218495641 -0.057941842938504982 0.050834401487659393 -0.0078202284586844622 14.500000000000002 0.00048235139771474401 13.911093248238297 -0.058845841718832337 -1.0000000180025095e-35 1.1874470880007852 0.91592707359379533 -0.00062751331574953373 0.38260117152369227 0.11893767253711957 0.12900443332496872
decision_type=2 2 2 2 2 2 2 2 2 2 2 2 2 2 2 2
left_child=2 3 11 -2 13 6 -5 9 -9 -6 -3 14 -13 -4 -1 -14
right_child=1 10 4 5 7 -7 -8 8 -10 -11 -12 12 15 -15 -16 -17
leaf_value=0.0184796309757034 0.040029693026251312 -0.011491277101187004 0.046245856709301231 -0.034817676610473636 0 0.036417203241350081 -0.0064100337729526714 0.012817326852372905 -0.028567358139772937 0.043847131140382488 -0.048846849548479926 -0.008624363565206147 0.045912316859220786 0.0060505495120855238 0.051255917554731446 0.013110545801878613
leaf_weight=14.751672387123106 16.360542267560959 17.312477707862854 41.603368699550629 189.50224480032921 19.780416190624237 13.07057476043701 106.6471272110939 18.262663632631302 42.892173737287521 17.734140157699585 282.51235222816467 10.442967861890791 19.745471298694614 10.735146284103392 323.22034257650375 10.319476395845411
leaf_count=40 44 48 114 527 53 35 293 49 116 48 834 28 54 29 916 28
internal_value=5.3897e-05 -0.032264 0.0382869 -0.0182454 0.0135417 -0.0218438 -0.0249217 -0.000593064 -0.0154078 0.0216759 -0.0469902 0.0478446 0.0253514 0.0396799 0.0501471 0.0383767
internal_weight=1154.89 625.405 529.488 325.58 151.008 309.22 296.149 98.6694 61.1548 37.5146 299.825 378.48 40.5079 52.3385 337.972 30.0649
internal_count=3256 1781 1475 899 409 855 820 266 165 101 882 1066 110 143 956 82
is_linear=0
shrinkage=0.05


Tree=18
num_leaves=21
num_cat=0
split_feature=297 268 130 33 113 268 165 110 71 383 120 120 246 41 165 284 87 104 219 28
split_gain=506.695 71.8474 26.7375 22.6635 27.3569 21.3179 26.4706 17.4359 16.2161 9.87218 9.00396 8.52527 6.14901 5.96308 5.76294 5.16583 4.15767 2.25155 1.93986 0.518067
threshold=-0.58625555931094131 -0.34397954957892918 -15.499999999999998 0.057838075580126005 9.5000000000000018 -0.660845622204976 -0.0015205486212381402 46.500000000000007 0.51905230942351899 13.500000000000002 -0.001182697217295192 -0.024232615194243964 0.11797752808988765 0.022248813157965414 -0.0057249796279909976 -0.28201916278720879 -0.063779482007459073 -0.25670625540698994 15.430308099726586 0.05702948184469691
decision_type=2 2 2 2 2 2 2 2 2 2 2 2 2 2 2 2 2 2 2 2
left_child=5 2 7 4 -4 14 -7 11 -3 15 -9 -2 -5 19 -1 -10 -15 -16 -19 -8
right_child=1 8 3 12 -6 6 13 10 9 -11 -12 -13 -14 16 17 -17 -18 18 -20 -21
leaf_value=-0.0052258089036758245 0.0021832185669228583 -0.012435479530148218 0.039217260215206287 0.0025974028244587417 -0.0077944323160299049 0.027488888454503244 -0.023585885308165116 -0.0076066494955002242 0.012260611216190367 0.00040635286466625338 0.04292649760090006 -0.043837915385441358 0.046976797162759605 -0.0259706120590831 -0.018322977995137758 0.046495584139620662 0.011231782159241907 -0.049872417868001943 -0.01437027919582267 -0.047716815731292904
leaf_weight=11.643584936857222 10.245075792074202 10.853891134262083 40.133650094270706 12.171067178249357 103.91436147689819 20.675852030515671 26.056862860918045 17.85545298457146 18.201279610395432 15.255511790513991 11.364344596862791 38.797268807888031 57.781989932060242 11.058558911085131 16.349061906337738 338.83719971776009 11.465397179126738 314.12503701448441 10.935361355543135 35.105666369199753
leaf_count=32 28 30 112 34 285 56 72 49 51 43 31 105 163 30 46 1018 31 912 31 97
internal_value=-9.32838e-05 0.0273383 0.00832335 0.0175252 0.00549648 -0.040621 -0.0191448 -0.0159412 0.0415359 0.0433294 0.0126621 -0.0336916 0.040365 -0.0317956 -0.0466141 0.0450059 -0.00598015 -0.0478227 -0.0489728 -0.0397991
internal_weight=1132.83 675.411 292.263 214.001 144.048 457.415 104.362 78.2621 383.148 372.294 29.2198 49.0423 69.9531 83.6865 353.053 357.038 22.524 341.409 325.06 61.1625
internal_count=3256 1949 807 594 397 1307 286 213 1142 1112 80 133 197 230 1021 1069 61 989 943 169
is_linear=0
shrinkage=0.05


Tree=19
num_leaves=1
num_cat=0
split_feature=
split_gain=
threshold=
decision_type=
left_child=
right_child=
leaf_value=0
leaf_weight=
leaf_count=3256
internal_value=
internal_weight=
internal_count=
is_linear=0
shrinkage=1


Tree=20
num_leaves=19
num_cat=0
split_feature=301 272 272 165 165 71 221 137 372 392 272 392 266 387 165 74 266 229
split_gain=512.33 47.695 44.9327 29.2813 19.0739 16.2845 15.05 15.027 18.0889 12.1872 10.0512 9.94211 8.86379 5.84981 5.75003 5.81467 5.22862 3.24328
threshold=-0.18333333333333382 -1.3439795495789288 -1.6608456222049759 -0.0018915553444864908 0.00048235139771474401 0.51905230942351899 17.250957422842962 -0.14197651762067778 -0.0077863668946177014 4.5000000000000009 -1.5617466683643164 13.500000000000002 0.089041813306521098 -0.25106255682315926 -0.0057249796279909976 -0.74804553615277258 0.10069418862611294 -3.1615440376947981
decision_type=2 2 2 2 2 2 2 2 2 2 2 2 2 2 2 2 2 2
left_child=2 4 14 17 7 -3 12 -2 -9 10 -5 16 -6 -11 -1 -16 -7 -4
right_child=1 5 3 9 6 11 -8 8 -10 13 -12 -13 -14 -15 15 -17 -18 -19
leaf_value=0.0052917422945323598 0.019482840022688592 0.012502396006281797 -0.0395017422169276 0.029327464201619982 0.041473834890614826 -0.012193446278737828 -0.035440332705137294 -0.045777705757153508 -0.0090359970507304776 0.0027976654998449922 -0.0060959832935589056 -0.00033644304079383008 0.0016729538434948526 0.048266817874708406 0.0084740966655454091 0.049249189659982984 -0.046569477111188251 -0.0036565004035200143
leaf_weight=11.646293044090269 16.100678414106369 10.853037148714064 17.301159471273422 32.201573729515076 23.593101352453232 18.191651165485382 12.271438032388685 67.011355757713318 75.799961447715759 11.38627517223358 40.620999544858932 15.249713778495787 36.049092829227448 49.499018281698227 13.474056184291838 328.17493543028831 338.17173358798027 15.098824501037596
leaf_count=32 44 30 47 88 64 51 34 190 210 31 110 43 98 137 37 952 1017 41
internal_value=9.01575e-05 -0.0307442 0.0365613 0.0143255 -0.0122649 -0.0415848 0.00836991 -0.0218937 -0.0272064 0.0248023 0.00944917 -0.0433854 0.0194477 0.0410769 0.0466669 0.0478739 -0.0450702 -0.0259353
internal_weight=1132.69 613.292 519.403 166.108 230.826 382.466 71.9136 158.912 142.811 133.708 72.8226 371.613 59.6422 60.8853 353.295 341.649 356.363 32.4
internal_count=3256 1781 1475 454 640 1141 196 444 400 366 198 1111 162 168 1021 989 1068 88
is_linear=0
shrinkage=0.05


Tree=21
num_leaves=20
num_cat=0
split_feature=301 268 301 126 162 165 221 68 381 174 162 284 211 43 349 74 165 51 268
split_gain=461.875 43.8614 39.7947 19.8455 17.8225 21.1657 16.2107 14.3899 11.7469 8.87619 7.1532 4.52619 9.52713 4.48963 3.9212 3.56454 3.61952 2.8102 0.758641
threshold=-0.18333333333333382 -0.34397954957892918 -0.35943991457969432 -0.0078202284586844622 0.068685966631970588 -0.0026374751461014866 17.120750517995571 0.30929427254161296 13.911093248238297 -1.0000000180025095e-35 2.1568148553100079 -0.23220965263717586 2.586716789033408 0.72023573418656317 -29.499999999999996 -0.74804553615277258 -0.005548065531424352 0.38260117152369227 -0.63403043994158603
decision_type=2 2 2 2 2 2 2 2 2 2 2 2 2 2 2 2 2 2 2
left_child=2 4 15 17 -2 14 -7 -3 9 -5 -10 12 -9 -13 -6 -1 -17 -4 -18
right_child=1 7 3 8 5 6 -8 11 10 -11 -12 13 -14 -15 -16 16 18 -19 -20
leaf_value=-0.0095295481919040956 -0.040122654671592539 -0.0056372909824563009 -0.043507246973024938 0 0.0041115675043477589 -0.0039483994251422313 0.034555932237316372 -0.0092899316367915149 0 -0.042938285554303762 0.035987957510407037 0.045703986098581256 0.037456064605185128 0.010204672473798384 0.043683402268741872 -0.007602328995074209 -0.047893261577012479 -0.0070801063145909298 -0.020257364036924925
leaf_weight=12.261457562446592 12.195461392402647 13.944242358207701 44.437442362308502 21.908364504575729 10.978342324495314 118.73019057512283 31.815875649452209 13.506001859903334 50.172233104705811 20.289096981287003 17.579970985651016 303.24565687775612 26.165382027626038 15.011221438646315 55.491998016834259 10.370340526103972 304.76944488286972 11.355706244707106 15.148443788290022
leaf_count=34 33 39 126 59 31 327 90 38 136 56 48 945 75 44 159 29 914 31 42
internal_value=-9.12896e-05 0.0294651 -0.0351089 -0.0141999 0.0117366 0.0153855 0.0043795 0.0400776 -0.00115641 -0.0214253 0.011134 0.0420292 0.0208355 0.0442962 0.0383272 -0.04487 -0.0459343 -0.0376832 -0.0469399
internal_weight=1109.38 601.084 508.293 165.743 229.212 217.016 150.546 371.873 109.95 42.1975 67.7522 357.928 39.6714 318.257 66.4703 342.55 330.288 55.7931 319.918
internal_count=3256 1781 1475 456 640 607 417 1141 299 115 184 1102 113 989 190 1019 985 157 956
is_linear=0
shrinkage=0.05


Tree=22
num_leaves=1
num_cat=0
split_feature=
split_gain=
threshold=
decision_type=
left_child=
right_child=
leaf_value=0
leaf_weight=
leaf_count=3256
internal_value=
internal_weight=
internal_count=
is_linear=0
shrinkage=1


Tree=23
num_leaves=20
num_cat=0
split_feature=301 272 305 126 162 258 71 383 83 111 383 226 83 284 74 270 105 51 365
split_gain=459.069 43.9296 41.4168 21.1767 17.8146 17.4727 15.058 12.6084 9.20595 9.27184 9.18634 7.17692 6.86189 5.00035 4.09717 2.83134 3.87186 2.71268 0.0587694
threshold=-0.18333333333333382 -1.3439795495789288 -0.070293018943807989 -0.0078202284586844622 0.068685966631970588 0.45588235294117652 0.51905230942351899 12.500000000000002 0.12157108271028121 50.500000000000007 13.500000000000002 0.69439334657938512 0.16388001135678906 -0.23220965263717586 -0.74804553615277258 -1.0811677469041125 0.13441414898596879 0.38260117152369227 0.11967118709279288
decision_type=2 2 2 2 2 2 2 2 2 2 2 2 2 2 2 2 2 2 2
left_child=2 4 14 17 -2 12 -3 -7 9 -5 13 -10 -6 -8 -1 18 -17 -4 -16
right_child=1 6 3 8 5 7 10 -9 11 -11 -12 -13 -14 -15 15 16 -18 -19 -20
leaf_value=0.0090181512836666079 0.040184398526274506 0.011846637898138355 0.04326562424479892 -0.021001556550333447 -0.0047650998848016296 -0.025886488040792341 -0.021257782823695566 0.014333772909959533 0.040608625549671581 0.016385180094685942 -0.00031579598165136529 -0.0031854791655428526 0.036121734058731002 -0.045906691125107313 0.019029957282474204 0.034434513318292392 0 0.0071439026755687812 0.048311232803868218
leaf_weight=13.014797955751417 12.197882026433943 10.858571290969847 42.754608988761902 53.708357334136963 15.990737825632094 165.40206864476204 38.912930309772491 18.430925607681274 16.974403083324436 19.433659315109253 15.248025268316267 13.223488897085188 17.094339966773987 306.51455125212669 11.155102163553236 22.947070270776749 10.222155541181563 11.358296245336531 293.80568480491638
leaf_count=36 33 30 121 146 44 467 111 50 46 53 43 36 46 957 31 64 28 31 883
internal_value=8.71884e-05 -0.0294002 0.0349775 0.0128901 -0.0116583 -0.0153093 -0.0400267 -0.021421 -0.000131002 -0.0101571 -0.0418107 0.0213704 0.0162214 -0.0434804 0.0445472 0.0456768 0.0241454 0.0373326 0.0475983
internal_weight=1109.25 600.65 508.598 157.453 229.116 216.918 371.534 183.833 103.34 73.142 360.676 30.1979 33.0851 345.427 351.145 338.13 33.1692 54.1129 304.961
internal_count=3256 1781 1475 433 640 607 1141 517 281 199 1111 82 90 1068 1042 1006 92 152 914
is_linear=0
shrinkage=0.05


Tree=24
num_leaves=18
num_cat=0
split_feature=301 268 268 165 383 165 266 103 383 268 266 165 365 258 379 29 211
split_gain=414.115 41.5567 37.4667 26.3793 20.1076 14.0855 20.5735 20.039 10.9723 8.48898 6.42058 5.08291 4.91661 3.05339 1.84402 0.258784 0.183857
threshold=-0.18333333333333382 -0.252476218495641 -0.660845622204976 -0.0018915553444864908 14.500000000000002 0.00048235139771474401 0.12014540367006864 0.30947514069359711 4.5000000000000009 -0.56174666836431653 0.18744708800078516 -0.0057249796279909976 0.11893767253711957 0.98529411764705899 -0.22040822780479077 0.031954094126299688 5.9044799137051855
decision_type=2 2 2 2 2 2 2 2 2 2 2 2 2 2 2 2 2
left_child=2 4 11 13 5 7 -7 -2 9 -5 -3 -1 -13 -4 -10 -15 -12
right_child=1 10 3 8 -6 6 -8 -9 14 -11 16 12 -14 15 -16 -17 -18
leaf_value=-0.0042371938547535 0.031165401469639743 0.0070601690068984486 0 -0.02708062321373747 -0.036401008324844338 -0.022558866727181964 0.020859956694354007 -0.023118244857327507 -0.016158746189780974 0.005032131110319072 0.045348015136018827 -0.010316336162456693 -0.045992229124903666 0.012681442616917511 -0.046799950031715394 0.044317034554967348 0.016593732132553742
leaf_weight=11.543351501226423 178.97310110926628 16.619841992855072 10.524656087160109 33.380298942327499 14.445198833942412 42.279344975948334 64.662106335163116 15.522430479526518 17.132902473211288 41.062361150979996 244.6865571141243 15.822378039360045 305.9287137389183 10.207772463560106 39.668943375349045 11.336376100778578 10.704804092645643
leaf_count=32 517 48 29 93 39 116 184 43 48 112 800 44 945 28 113 31 34
internal_value=-0.000115326 0.028171 -0.0336693 -0.0132722 0.0153599 0.0183389 0.00309235 0.0262946 -0.0233581 -0.00921293 0.0425365 -0.0433076 -0.0445033 0.0250469 -0.0396681 0.0347472 0.0445429
internal_weight=1084.5 587.893 496.608 163.313 315.882 301.437 106.941 194.496 131.245 74.4427 272.011 333.294 321.751 32.0688 56.8018 21.5441 255.391
internal_count=3256 1781 1475 454 899 860 300 560 366 205 882 1021 989 88 161 59 834
is_linear=0
shrinkage=0.05


Tree=25
num_leaves=1
num_cat=0
split_feature=
split_gain=
threshold=
decision_type=
left_child=
right_child=
leaf_value=0
leaf_weight=
leaf_count=3256
internal_value=
internal_weight=
internal_count=
is_linear=0
shrinkage=1


Tree=26
num_leaves=17
num_cat=0
split_feature=301 268 268 165 162 383 165 383 268 266 387 165 74 258 399 29
split_gain=411.421 41.6378 39.0373 25.5804 21.8883 19.0406 18.5136 12.1065 9.66439 6.4362 6.08848 5.06942 5.25897 3.05783 0.574385 0.266765
threshold=-0.18333333333333382 -0.252476218495641 -0.660845622204976 -0.0018915553444864908 0.050834401487659393 14.500000000000002 0.00048235139771474401 4.5000000000000009 -0.56174666836431653 0.18744708800078516 -0.25106255682315926 -0.0057249796279909976 -0.74804553615277258 0.98529411764705899 0.070795306103198133 0.031954094126299688
decision_type=2 2 2 2 2 2 2 2 2 2 2 2 2 2 2 2
left_child=2 4 11 13 -2 6 -6 8 -5 -3 -9 -1 -13 -4 -11 -15
right_child=1 9 3 7 5 -7 -8 10 -10 14 -12 12 -14 15 -16 -17
leaf_value=0.0043027110965655263 0.036241368503201608 -0.0069926914117513315 0 0.0271479550097058 -0.030970213368610267 0.034149452745447985 -0.0039151835582082106 0.0013895633899565195 -0.0072223309701349939 -0.045502499714198071 0.04751612917002139 0.0070743633337199659 0.045925928913141428 -0.012619055783698922 -0.017460361783190704 -0.044260360692562888
leaf_weight=11.546490103006361 16.086173593997955 16.609034836292267 10.522775053977965 33.392378807067871 182.27793329954147 12.976256340742109 104.38205721974373 11.276298701763151 41.061543017625809 242.25617942214012 45.555590331554413 13.352924555540083 308.6992584168911 10.206643700599672 12.838554888963698 11.33311891555786
leaf_count=32 44 48 29 93 527 35 293 31 112 793 130 37 952 28 41 31
internal_value=0.000110151 -0.0281062 0.0335324 0.0127509 -0.0152836 -0.0185468 -0.0214338 0.0226886 0.00800155 -0.0424946 0.0397282 0.0433554 0.044549 -0.0249747 -0.0445043 -0.0346802
internal_weight=1084.37 587.426 496.947 163.348 315.722 299.636 286.66 131.286 74.4539 271.704 56.8319 333.599 322.052 32.0625 255.095 21.5398
internal_count=3256 1781 1475 454 899 855 820 366 205 882 161 1021 989 88 834 59
is_linear=0
shrinkage=0.05


Tree=27
num_leaves=18
num_cat=0
split_feature=309 309 284 167 68 126 231 162 354 120 393 297 266 165 365 104 105
split_gain=371.562 56.89 28.2263 23.0215 18.9886 16.6938 14.2094 20.608 17.9874 14.1038 13.6156 7.14052 4.08828 10.5841 2.95072 0.984725 0.616697
threshold=0.30782229521323007 0.11304031438952507 -0.17383502181667357 -0.13156712337783102 0.42327679299596738 -0.0071545202942076549 50.500000000000007 0.2358159191596321 0.21534223298759639 1.0000000180025095e-35 -0.0075497684552336989 -0.41869754732938796 -0.10324381926683611 -0.00093392602831611938 0.11893767253711957 0.034562680644907744 0.1399270442271707
decision_type=2 2 2 2 2 2 2 2 2 2 2 2 2 2 2 2 2
left_child=1 12 3 5 15 9 8 -8 -6 -2 -7 -4 14 -14 -1 -3 -15
right_child=2 4 11 -5 6 10 7 -9 -10 -11 -12 -13 13 16 -16 -17 -18
leaf_value=-0.012161145360731056 -0.015865046823743203 -0.047176382107583674 0.006915127243118495 -0.031074667073029534 -0.028812922320933992 0.043489669535644149 -0.040389551292841275 0.020899614564730357 0.019471693072671957 0.030861738374306537 0.010749838201006803 0.043964786822127823 0.014173640632867641 -0.042325493517300611 -0.045410690187253751 -0.013407457886223249 -0.011303080466289979
leaf_weight=13.812104433774946 42.402642995119095 25.446291089057922 18.419247806072235 19.073335289955139 67.411641597747803 89.291466981172562 12.99394255876541 84.253346472978592 22.893761694431305 22.021650522947311 59.504313409328461 254.66062182188034 11.180533498525618 23.280578255653381 271.43436029553413 10.854853898286818 10.080426454544066
leaf_count=39 118 73 52 53 187 268 36 235 65 62 173 861 31 68 875 31 29
internal_value=-0.000115753 -0.0283857 0.0307406 0.0172194 -0.00848453 0.0221419 -0.00155861 0.0112479 -0.0158037 2.8129e-05 0.0311974 0.0417492 -0.0415457 -0.0222794 -0.0441175 -0.0401452 -0.0360328
internal_weight=1059.02 553.642 505.373 232.293 223.854 213.22 187.553 97.2473 90.3054 64.4243 148.796 273.08 329.788 44.5415 285.246 36.3011 33.361
internal_count=3256 1669 1587 674 627 621 523 271 252 180 441 913 1042 128 914 104 97
is_linear=0
shrinkage=0.05


Tree=28
num_leaves=1
num_cat=0
split_feature=
split_gain=
threshold=
decision_type=
left_child=
right_child=
leaf_value=0
leaf_weight=
leaf_count=3256
internal_value=
internal_weight=
internal_count=
is_linear=0
shrinkage=1


Tree=29
num_leaves=21
num_cat=0
split_feature=309 307 284 219 130 381 64 221 165 68 86 356 270 165 111 301 262 221 104 392
split_gain=369.354 58.4328 28.2897 22.817 18.5289 16.6662 16.2784 16.6022 11.9137 11.6004 9.07915 8.27263 8.00292 14.5189 7.81817 7.16172 5.27778 2.75437 0.785129 0.466561
threshold=0.30782229521323007 0.076900433945833346 -0.17383502181667357 2.4320035801197588 -14.499999999999998 13.911093248238297 0.31560526435355363 16.177493438320194 0.00048235139771474401 0.65710141788956311 -537219.60146549996 0.73958333333333337 -1.0910882405186968 -0.0014840325590778 20.500000000000004 -0.052030880662720866 0.20786516853932588 23.190713484721098 -0.25670625540698994 6.5000000000000009
decision_type=2 2 2 2 2 2 2 2 2 2 2 2 2 2 2 2 2 2 2 2
left_child=1 12 3 11 16 9 7 -5 -8 -6 -7 19 17 -14 -15 -4 -3 18 -1 -2
right_child=2 4 15 6 5 10 8 -9 -10 -11 -12 -13 13 14 -16 -17 -18 -19 -20 -21
leaf_value=0.015032715351031154 0.013215263882298487 0 -0.0068451326761482774 0.050105322203993878 0.040565818114999298 -0.025816155883452593 -0.037333159414401719 -0.02147641842718781 -0.0038085238995653478 -0.0065357557320946495 0.0072840358522643315 -0.0066812675309454008 -0.027071145558414694 -0.0012440482746041916 0.042526259924224485 -0.04392855652007694 0.039422673342900338 0.0085840363736158967 0.044897716305756258 0.04627687641403197
leaf_weight=11.227557122707365 10.938310027122499 12.410969913005827 18.412249267101288 11.438883423805239 25.112985372543335 67.560596704483032 127.94013172388077 14.745395362377165 38.463929653167725 20.185206562280655 24.826445698738098 18.042738914489746 10.195834457874296 10.864552855491636 34.070578545331955 254.33835628628731 36.939987599849701 10.816566139459608 289.77338171005249 10.584198474884031
leaf_count=34 31 35 52 32 69 190 380 43 108 56 68 51 28 30 98 861 105 32 924 29
internal_value=0.000109377 0.0282754 -0.0306806 -0.0171451 0.00510224 -0.00412283 -0.024306 0.0100176 -0.0300838 0.0194395 -0.0164479 0.0157932 0.0398146 0.0189572 0.0314847 -0.0417082 0.0305559 0.0431276 0.0441075 0.0351853
internal_weight=1058.89 553.985 504.904 232.154 187.036 137.685 192.588 26.1843 166.404 45.2982 92.387 39.5652 366.948 55.131 44.9351 272.751 49.351 311.818 301.001 21.5225
internal_count=3256 1669 1587 674 523 383 563 75 488 125 258 111 1146 156 128 913 140 990 958 60
is_linear=0
shrinkage=0.05


Tree=30
num_leaves=22
num_cat=0
split_feature=301 286 297 370 86 381 126 311 137 381 213 66 174 68 162 74 399 268 208 29 365
split_gain=334.266 37.9498 33.2575 23.7512 22.043 17.2428 16.7545 14.9768 14.1771 10.1476 9.18727 8.54258 7.81587 7.81358 5.94592 3.49725 2.37205 1.70507 1.63648 1.3112 0.393691
threshold=-0.18333333333333382 -0.46820965263718167 -0.72610658124636229 0.49972118350904821 315523.33162899985 42.647565085986734 -0.0078202284586844622 0.61579613707029435 -0.14197651762067778 13.911093248238297 6.0028551034974962 0.81867888482786133 -1.0000000180025095e-35 0.30929427254161296 2.1568148553100079 -0.74804553615277258 0.070795306103198133 -0.6558394160583918 2.715811787019224 0.031954094126299688 0.11967118709279288
decision_type=2 2 2 2 2 2 2 2 2 2 2 2 2 2 2 2 2 2 2 2 2
left_child=2 3 15 4 8 11 18 10 -2 12 -3 -5 -8 -9 -11 -1 -15 20 -4 -19 -17
right_child=1 7 6 5 -6 -7 9 13 -10 14 -12 -13 -14 16 -16 17 -18 19 -20 -21 -22
leaf_value=-0.0065212764988472581 -0.015165263540392821 0.023788113410890196 -0.038964661910458449 -0.03775992102801852 -0.036367737411231109 0.033087789046805233 7.249227483521128e-05 0 0.030723793658698435 0.0010191389520860796 -0.029977602691795769 0.005084825358135675 -0.039774859912109849 0.042666922551464405 0.034375760514229255 -0.015217253049974372 0.014381258113055193 -0.028637128501877038 -0.0075134606510977369 0 -0.043977523955566769
leaf_weight=11.926751673221586 15.754048585891722 15.291826575994493 42.126543998718262 41.286656945943832 12.615830063819883 11.579065710306166 21.682673126459122 10.380772620439528 137.38030433654785 49.654708087444305 11.040164291858671 12.271998167037962 19.578428655862808 276.00295862555504 17.308820158243179 10.716741621494291 17.226195901632309 12.464528292417528 11.03669089078903 10.146180331706999 265.54220545291901
leaf_count=34 44 43 126 114 35 33 59 30 408 136 30 35 56 953 48 31 56 37 31 29 888
internal_value=-0.000132418 0.0258549 -0.031072 0.00982726 0.0199152 -0.0148554 -0.0119125 0.0367309 0.0254819 0 0 -0.0273098 -0.0191198 0.039839 0.0114602 -0.0406527 0.0413365 -0.0417707 -0.0340758 -0.0191624 -0.0432164
internal_weight=1033.01 560.83 472.184 230.888 165.75 65.1377 161.388 329.942 153.134 108.225 26.332 53.5587 41.2611 303.61 66.9635 310.796 293.229 298.87 53.1632 22.6107 276.259
internal_count=3256 1781 1475 669 487 182 456 1112 452 299 73 149 115 1039 184 1019 1009 985 157 66 919
is_linear=0
shrinkage=0.05


Tree=31
num_leaves=1
num_cat=0
split_feature=
split_gain=
threshold=
decision_type=
left_child=
right_child=
leaf_value=0
leaf_weight=
leaf_count=3256
internal_value=
internal_weight=
internal_count=
is_linear=0
shrinkage=1


Tree=32
num_leaves=22
num_cat=0
split_feature=301 284 297 370 86 126 381 299 126 381 213 162 30 221 392 213 74 51 268 349 365
split_gain=331.776 38.0167 34.7276 23.7574 22.0463 17.6693 17.2536 15.0033 12.2814 11.1159 9.18709 7.93171 7.6164 6.36652 5.49027 5.90255 3.48513 2.54121 1.69067 2.18121 0.384663
threshold=-0.18333333333333382 -0.23220965263717586 -0.72610658124636229 0.49972118350904821 315523.33162899985 -0.0078202284586844622 42.647565085986734 -0.20846967661452798 -0.010968671996931577 13.911093248238297 6.0028551034974962 2.1568148553100079 0.016870339846612067 12.344628556272866 13.500000000000002 9.3395638629283511 -0.74804553615277258 0.38260117152369227 -0.6558394160583918 2.5000000000000004 0.11967118709279288
decision_type=2 2 2 2 2 2 2 2 2 2 2 2 2 2 2 2 2 2 2 2 2
left_child=2 3 16 4 8 17 12 10 -2 13 -3 -11 -5 -7 15 -9 -1 -4 20 -20 -18
right_child=1 7 5 6 -6 9 -8 14 -10 11 -12 -13 -14 -15 -16 -17 18 -19 19 -21 -22
leaf_value=0.0065876458292026463 0 -0.023727714562975399 0.039829054651090531 0.046042027942481967 0.036450413394999701 0.033150542030168491 -0.033035119172151739 -0.042595814423618393 -0.03308205619255896 -0.00094040048191005438 0.030044549278012658 -0.039242747182899509 0.0060714651624852621 -0.0035939156825886688 -0.0027133452313710762 0 0.015274344782938161 0.005270574373559724 0 0.031122805007938945 0.044014767049823086
leaf_weight=11.934155583381651 35.888449251651764 15.285231769084932 42.036343634128571 25.458960741758347 12.610596984624861 26.109422951936722 11.572182238101957 279.93930152058601 117.13695830106735 49.652647733688354 11.039449363946913 17.301502227783203 28.090069830417633 15.163401335477827 12.892701357603071 10.395409971475599 10.724237501621245 11.165372639894484 10.21507188677788 12.409609586000441 265.86856165528297
leaf_count=34 100 43 126 70 35 73 33 968 352 136 30 48 79 42 38 33 31 31 29 37 888
internal_value=0.00012475 -0.0257897 0.0309239 -0.00974786 -0.0198434 0.0113844 0.0149392 -0.0366829 -0.0254146 0 0 -0.0128113 0.0273934 0.0191927 -0.0397969 -0.0412286 0.0406966 0.0341344 0.0418126 0.0192273 0.0432551
internal_weight=1032.89 560.309 472.58 230.757 165.636 161.429 65.1212 329.552 153.025 108.227 26.3247 66.9541 53.549 41.2728 303.227 290.335 311.152 53.2017 299.217 22.6247 276.593
internal_count=3256 1781 1475 669 487 456 182 1112 452 299 73 184 149 115 1039 1001 1019 157 985 66 919
is_linear=0
shrinkage=0.05


Tree=33
num_leaves=21
num_cat=0
split_feature=309 305 284 68 165 230 68 266 258 64 130 301 219 290 111 219 209 219 104 104
split_gain=302.115 49.6302 26.051 19.9516 19.2916 16.3762 16.3374 13.3 13.2057 12.4354 12.0532 6.82093 6.28483 5.1476 11.9325 7.89317 0.658132 0.547191 1.57161 0.12579
threshold=0.30782229521323007 -0.05115759140191091 -0.17383502181667357 0.45654758003346058 0.0011475804786348256 72.500000000000014 0.42497551054376165 0.12014540367006864 0.51470588235294124 0.30142063403585889 -14.499999999999998 -0.052030880662720866 8.5181374366580282 0.27902507062146781 30.500000000000004 4.410317972833492 3.3971240435317243 15.857385430285985 -0.2525526770190783 0.028703308164538591
decision_type=2 2 2 2 2 2 2 2 2 2 2 2 2 2 2 2 2 2 2 2
left_child=1 13 3 5 9 16 19 -6 12 -5 -10 -4 -8 17 15 -15 -2 18 -1 -3
right_child=2 6 11 4 7 -7 8 -9 10 -11 -12 -13 -14 14 -16 -17 -18 -19 -20 -21
leaf_value=-0.010304398112341427 -0.050324247449404252 -0.044176895797801791 0.005585757093699544 -0.010557887873708864 -0.037275182991350859 0.01821113327627787 -0.035377205451219654 0.019288378853512762 -0.019272665103255676 0.034963899251627295 0.015110478218765766 0.041915961663754109 0.0046162453017289419 -0.020664215462719938 -0.041042478991947622 0.03122684782389128 -0.014225033829243306 -0.013978194725002403 -0.043224094241989461 -0.01423836002787443
leaf_weight=10.001966446638106 13.614486545324327 21.62446624040604 18.126939415931702 13.649044930934904 17.964909344911575 18.052022278308868 30.278052449226379 16.787501960992813 29.468582928180695 135.83363896608353 105.97679740190506 234.44848367571831 10.123873472213743 10.71863502264023 25.866753548383713 11.93491020798683 10.058365076780317 10.893163144588469 250.68677976727486 10.295688927173613
leaf_count=32 38 64 52 40 49 52 85 49 84 418 300 861 28 31 79 33 28 34 869 30
internal_value=-0.000155889 -0.026218 0.0284735 0.0154616 0.0225844 -0.0142759 -0.00675108 -0.00926569 -0.000255895 0.0303535 0.00701313 0.0396004 -0.0245773 -0.0385186 -0.0194463 0.00518 -0.0401857 -0.0414942 -0.0422823 -0.038005
internal_weight=1006.41 527.87 478.535 225.96 184.235 41.7249 207.767 34.7524 175.847 149.483 135.445 252.575 40.4019 320.102 48.5203 22.6535 23.6729 271.582 260.689 31.9202
internal_count=3256 1669 1587 674 556 118 591 98 497 458 384 913 113 1078 143 64 66 935 901 94
is_linear=0
shrinkage=0.05


Tree=34
num_leaves=1
num_cat=0
split_feature=
split_gain=
threshold=
decision_type=
left_child=
right_child=
leaf_value=0
leaf_weight=
leaf_count=3256
internal_value=
internal_weight=
internal_count=
is_linear=0
shrinkage=1


Tree=35
num_leaves=19
num_cat=0
split_feature=305 268 126 83 228 71 120 377 66 110 266 370 297 383 307 162 221 70
split_gain=300.768 55.5903 23.0666 22.6413 19.9263 15.7733 14.117 13.4365 11.191 11.1663 10.1387 15.4512 7.67796 5.237 4.23152 4.09626 2.58327 0.968148
threshold=0.029008836006726896 -0.36176274474146591 -0.0067399039488402193 0.15821081980629056 2.7604926666891996 0.51905230942351899 1.0000000180025095e-35 -0.15174874636833521 0.46356333849355086 42.500000000000007 -0.088425143787591406 0.35926611415388032 -0.47602312171089672 13.500000000000002 0.082600486774759077 2.1568148553100079 23.190713484721098 0.0080968640490130354
decision_type=2 2 2 2 2 2 2 2 2 2 2 2 2 2 2 2 2 2
left_child=10 2 6 8 -5 -3 7 -2 -4 -8 14 -12 -7 -14 16 17 -1 -13
right_child=1 5 3 4 -6 12 9 -9 -10 -11 11 15 13 -15 -16 -17 -18 -19
leaf_value=0.041806257740229245 -0.00084553228127226825 0.016977657891087582 0 0.045113812970039247 -0.013700946903173188 0.00082328464622738549 0.019008824912449446 0.041878428382328345 -0.033418722398493111 -0.041299974472632818 -0.032640707589858826 0.011688863096684571 -0.038930271279369655 -0.0027227331635641546 0.0055576334877996923 0.00095130414439590727 0.0075786670113945909 0.03998337604413045
leaf_weight=281.81029489636421 25.735074073076248 11.565487921237944 34.214987993240356 22.869521379470825 28.347686022520065 10.772851914167402 10.123134553432466 45.883223533630371 100.16101849079132 14.22256889939308 10.176771014928816 13.239035218954085 312.39410322904587 13.882095783948897 13.23978343605995 16.134810537099838 10.811988055706022 30.697545260190964
leaf_count=964 72 33 96 63 81 30 29 130 299 41 28 38 1103 41 38 47 33 90
internal_value=0.0001468 -0.020893 -0.00408764 -0.0144448 0.0126819 -0.034173 0.0152684 0.0264393 -0.0251992 -0.0150604 0.0354173 0.0160449 -0.0362095 -0.0375804 0.0395056 0.0262458 0.0408005 0.0338149
internal_weight=1006.28 630.172 281.557 185.593 51.2172 348.615 95.964 71.6183 134.376 24.3457 376.11 70.2482 337.049 326.276 305.862 60.0714 292.622 43.9366
internal_count=3256 2018 811 539 144 1207 272 202 395 70 1238 203 1174 1144 1035 175 997 128
is_linear=0
shrinkage=0.05


Tree=36
num_leaves=16
num_cat=0
split_feature=301 268 297 162 383 126 258 21 231 373 74 36 268 111 365
split_gain=271.895 34.4168 29.5224 23.2985 15.8665 14.3382 13.7553 9.33061 11.0334 3.55514 3.41451 2.66951 1.60667 3.01321 0.59363
threshold=-0.18333333333333382 -0.20859574149047758 -0.72610658124636229 0.068685966631970588 14.500000000000002 -0.0078202284586844622 0.60294117647058842 0.16657032755298512 57.500000000000007 0.01044041419418318 -0.74804553615277258 0.064196473153447134 -0.6558394160583918 34.500000000000007 0.11967118709279288
decision_type=2 2 2 2 2 2 2 2 2 2 2 2 2 2 2
left_child=2 3 10 -2 6 11 -5 9 -9 -7 -1 -4 14 -14 -12
right_child=1 -3 5 4 -6 7 -8 8 -10 -11 12 -13 13 -15 -16
leaf_value=-0.005014627424855712 -0.034041958881952571 0.040432358038879103 -0.038331873107686716 0.0012475759225007688 -0.030411938406694324 -0.032175641859115617 0.026094930928326644 -0.0073750582299166633 0.029271395947420314 0 -0.013101103199979161 -0.0051816453165950856 0 -0.031997009732780607 -0.041866381739090082
leaf_weight=11.725183606147764 20.477297067642212 196.96523025631905 38.430290013551712 80.175388932228088 13.259675055742262 21.277808248996735 222.02952221035957 39.660680651664734 34.748315542936325 11.286985307931898 10.415300101041792 12.694199323654173 10.093367099761965 11.863790929317473 244.78526598215103
leaf_count=34 58 758 119 238 37 61 690 111 96 31 31 38 29 37 888
internal_value=-0.000186565 0.0238236 -0.0288915 0.0136666 0.017212 -0.0107961 0.0197438 0 0.00956376 -0.0213731 -0.0384106 -0.0317679 -0.0395761 -0.0175475 -0.0410519
internal_weight=979.888 532.907 446.981 335.942 315.465 158.098 302.205 106.974 74.409 32.5648 288.883 51.1245 277.158 21.9572 255.201
internal_count=3256 1781 1475 1023 965 456 928 299 207 92 1019 157 985 66 919
is_linear=0
shrinkage=0.05


Tree=37
num_leaves=1
num_cat=0
split_feature=
split_gain=
threshold=
decision_type=
left_child=
right_child=
leaf_value=0
leaf_weight=
leaf_count=3256
internal_value=
internal_weight=
internal_count=
is_linear=0
shrinkage=1


Tree=38
num_leaves=20
num_cat=0
split_feature=305 268 126 215 86 120 110 74 222 266 165 274 111 381 79 307 126 270 365
split_gain=271.844 51.6975 19.3968 19.7408 15.9374 13.7084 12.8938 12.642 12.4324 9.63456 16.5634 7.42862 6.02224 5.76952 4.45148 4.01346 3.78929 3.22994 2.55825
threshold=0.029008836006726896 -0.34397954957892918 -0.0067399039488402193 1.8567095657409554 -275028.4152085004 1.0000000180025095e-35 40.500000000000007 -0.37760848424460697 0.075696845670736354 -0.088425143787591406 -0.0012815299903199565 0.7733245935251688 16.500000000000004 13.911093248238297 0.99999999999999334 0.082600486774759077 -0.020037766610883075 -0.67659726081422533 0.11893767253711957
decision_type=2 2 2 2 2 2 2 2 2 2 2 2 2 2 2 2 2 2 2
left_child=9 2 5 13 -5 7 -7 -2 11 15 -11 -3 -12 -4 17 18 -16 -10 -1
right_child=1 8 3 4 -6 6 -8 -9 14 10 12 -13 -14 -15 16 -17 -18 -19 -20
leaf_value=0.011504022358903913 -0.016640458698294305 0.016618705882625533 0.042084983017336257 -0.028691797404591782 0.0057971365663391488 0.021599347507323403 -0.041795445509717109 0.032628419669925704 0.0056488035691517127 -0.030641708886590353 0 -0.030937952382815964 0.036042914274519854 0 -0.016654596211824017 0.0051951983529808926 -0.041484658526091268 -0.026900143397009982 0.040995770639619934
leaf_weight=15.416925370693205 12.798104166984556 17.888351321220402 14.370344042778017 131.96460157632828 40.382333338260651 10.077689021825792 16.410707205533981 62.5252625644207 10.65020275115967 12.275635480880736 14.63335198163986 10.385264843702315 42.536714226007462 11.887336850166319 29.98252472281456 13.161754876375197 234.98060423135757 11.120921581983565 266.3179660141468
leaf_count=45 36 52 40 396 116 29 48 178 35 34 41 38 128 33 99 38 875 43 952
internal_value=0.000175949 -0.0200101 -0.00488812 -0.0140345 -0.0203647 0.0123678 -0.0162372 0.0233021 -0.0340922 0.034294 0.0153342 -0.0005428 0.0270728 0.0236335 -0.0371879 0.0383916 -0.0390795 -0.0102033 0.0396958
internal_weight=979.767 615.424 300.416 198.605 172.347 101.812 26.4884 75.3234 315.008 364.342 69.4457 28.2736 57.1701 26.2577 286.734 294.897 264.963 21.7711 281.735
internal_count=3256 2018 876 585 512 291 77 214 1142 1238 203 90 169 73 1052 1035 974 78 997
is_linear=0
shrinkage=0.05


Tree=39
num_leaves=18
num_cat=0
split_feature=309 272 284 219 224 162 64 37 373 10 74 297 356 125 74 165 383
split_gain=248.404 42.4694 24.6012 17.8218 15.7019 14.975 17.9541 14.822 11.9986 10.9238 8.26523 6.50324 6.44333 6.25596 4.85311 3.7024 1.13665
threshold=0.30782229521323007 -1.6608456222049759 -0.17383502181667357 2.4320035801197588 -0.88730141862813861 1.4744659804405649 0.31560526435355363 0.046719361887319295 0.096704310111482519 -0.012443387277224514 -0.29877788330274196 -0.41869754732938796 0.73958333333333337 -0.22580666416451359 -0.74804553615277258 -0.005548065531424352 6.5000000000000009
decision_type=2 2 2 2 2 2 2 2 2 2 2 2 2 2 2 2 2
left_child=1 14 3 12 7 6 -5 9 10 -3 -6 -4 16 -7 -1 -16 -2
right_child=2 4 11 5 8 13 -8 -9 -10 -11 -12 -13 -14 -15 15 -17 -18
leaf_value=-0.0021382386754508725 -0.0099799502372026616 0.0084834586081548504 0.004612254327125277 -0.03304830577723105 0.0034068835757538069 0 0.0174695617188429 0.041077756446749603 0.016403837424043628 -0.033105942794175808 -0.03041755458953968 0.04030652718606316 0.0044873423384825433 0.04432693909919358 -0.0059819675725765638 -0.04018587098035515 -0.045586350884480951
leaf_weight=12.718000203371046 10.855731815099718 49.502699077129364 17.839410990476608 18.162596791982651 18.245370119810104 10.029325753450392 93.140923708677292 21.885237753391266 17.309971392154694 19.199892461299896 96.109021127223969 215.56608594954014 17.414602279663086 59.389591202139854 12.932232797145842 253.65878966450691 10.051171302795408
leaf_count=37 32 146 52 53 53 31 286 62 50 57 280 861 51 193 39 945 28
internal_value=-0.000200753 -0.0244161 0.0265173 0.0138329 -0.00766441 0.0204828 0.00813756 0.00782886 -0.0186323 -0.0033408 -0.0246456 0.037883 -0.0155277 0.0384291 -0.0373455 -0.0387971 -0.0327619
internal_weight=954.011 501.561 452.449 219.044 222.252 180.722 111.304 90.5878 131.664 68.7026 114.354 233.405 38.3215 69.4189 279.309 266.591 20.9069
internal_count=3256 1669 1587 674 648 563 339 265 383 203 333 913 111 224 1021 984 60
is_linear=0
shrinkage=0.05


Tree=40
num_leaves=1
num_cat=0
split_feature=
split_gain=
threshold=
decision_type=
left_child=
right_child=
leaf_value=0
leaf_weight=
leaf_count=3256
internal_value=
internal_weight=
internal_count=
is_linear=0
shrinkage=1


Tree=41
num_leaves=18
num_cat=0
split_feature=305 272 126 191 30 162 120 377 71 110 266 165 383 68 111 307 74
split_gain=246.051 48.8121 17.4132 19.0527 16.7839 15.6314 12.6422 11.9313 11.7439 11.3021 9.37928 15.6225 7.45672 5.41156 4.40991 3.79245 2.32101
threshold=0.029008836006726896 -1.3439795495789288 -0.0067399039488402193 0.79746490078907928 0.011032892602463812 1.9444568701779466 1.0000000180025095e-35 -0.10233099425397595 0.51905230942351899 41.500000000000007 -0.088425143787591406 -0.00093392602831611938 13.500000000000002 0.42497551054376165 16.500000000000004 0.082600486774759077 -0.74804553615277258
decision_type=2 2 2 2 2 2 2 2 2 2 2 2 2 2 2 2 2
left_child=10 2 6 5 -5 -4 7 -2 -3 -8 15 -12 13 -10 -13 16 -1
right_child=1 8 3 4 -6 -7 9 -9 12 -11 11 14 -14 -15 -16 -17 -18
leaf_value=0.0079045538508313844 0.0026208348681586984 0.013011466226197393 0.019533782433350549 0.0080670885541059625 -0.03556233581724616 -0.026952070430807908 0.018881223960845208 0.043543666081742767 -0.00086690811938743917 -0.040457899358625392 -0.026073730590316299 0 0 -0.038393072347896781 0.035130386346094659 0.0049697593958768259 0.0397901237168699
leaf_weight=11.6082746386528 41.393279939889908 10.253028333187101 56.502616047859192 25.167289674282074 92.164050757884979 22.55196675658226 10.325999081134798 33.252151131629944 12.94518807530403 15.743308186531065 14.654355883598326 13.843644440174101 14.341447055339811 266.68594448268414 40.028574436903 13.115293741226195 259.31297659873962
leaf_count=34 117 30 161 71 285 68 30 97 45 47 41 39 43 1024 123 38 963
internal_value=0.00018854 -0.0191772 -0.0044825 -0.0132075 -0.0258206 0.00516282 0.0119385 0.0224727 -0.033181 -0.0157109 0.0332421 0.0144932 -0.0350757 -0.0368604 0.0272008 0.0373925 0.038708
internal_weight=953.889 601.326 297.101 196.386 117.331 79.0546 100.715 74.6454 304.226 26.0693 352.563 68.5266 293.973 279.631 53.8722 284.037 270.921
internal_count=3256 2018 876 585 356 229 291 214 1142 77 1238 203 1112 1069 162 1035 997
is_linear=0
shrinkage=0.05


Tree=42
num_leaves=19
num_cat=0
split_feature=309 297 284 167 126 126 381 393 364 393 383 297 51 74 211 268 167 365
split_gain=224.484 40.189 23.8194 16.7121 13.1089 12.7554 17.0361 12.5174 11.5562 9.61995 7.66088 6.49442 6.23201 3.27386 2.03287 1.49631 1.46132 0.893672
threshold=0.30782229521323007 -0.72610658124636229 -0.17383502181667357 -0.13156712337783102 -0.0071545202942076549 -0.0078202284586844622 13.911093248238297 -0.0075497684552336989 0.53308900954798888 -0.1199262664291663 1.5000000000000002 -0.41869754732938796 0.41081066424023566 -0.74804553615277258 3.9663264282045687 -0.6558394160583918 -0.48322904224686908 0.11967118709279288
decision_type=2 2 2 2 2 2 2 2 2 2 2 2 2 2 2 2 2 2
left_child=1 13 3 4 8 12 9 -6 -2 -7 -8 -4 14 -1 -3 17 -17 -15
right_child=2 5 11 -5 7 6 10 -9 -10 -11 -12 -13 -14 15 -16 16 -18 -19
leaf_value=-0.0039407929608594617 -0.0209826103568873 -0.036661338327581464 0.0039098715955530831 -0.028429118780233339 0.038757221691076808 0.0062251005760998604 0 0.0064791248839816146 0.020280042208140642 -0.034350671015840203 0.028328083616866884 0.039576375538791474 0.0038261732909777857 -0.010737476506639884 -0.0057725260999286765 0 -0.026917700088162133 -0.040125010542386853
leaf_weight=11.571606040000914 32.719349414110184 44.460300981998444 17.69078516960144 18.431370705366135 79.170995220541954 18.667814522981644 53.466325283050537 56.18050542473793 29.096474587917328 37.582094669342041 43.240355789661407 206.19224314391613 11.931444734334944 10.047116696834562 12.02450507879257 10.430118560791017 10.785505563020704 224.4518645554781
leaf_count=34 93 141 52 53 268 54 151 173 87 108 126 861 34 31 36 32 34 888
internal_value=-0.000199888 -0.0235049 0.0255836 0.0130848 0.0175832 -0.00731241 0.000505589 0.0261519 -0.000749313 -0.0204074 0.0134192 0.0370674 -0.0247781 -0.0365009 -0.031549 -0.0377183 -0.0161745 -0.039228
internal_weight=928.141 488.659 439.482 215.599 197.167 221.373 152.957 135.352 61.8158 56.2499 96.7067 223.883 68.4163 267.286 56.4848 255.715 21.2156 234.499
internal_count=3256 1669 1587 674 621 650 439 441 180 162 277 913 211 1019 177 985 66 919
is_linear=0
shrinkage=0.05


Tree=43
num_leaves=1
num_cat=0
split_feature=
split_gain=
threshold=
decision_type=
left_child=
right_child=
leaf_value=0
leaf_weight=
leaf_count=3256
internal_value=
internal_weight=
internal_count=
is_linear=0
shrinkage=1


Tree=44
num_leaves=21
num_cat=0
split_feature=305 272 375 165 394 222 309 392 272 83 72 79 224 266 74 276 370 25 165 111
split_gain=222.788 45.2648 17.8701 16.9897 17.4969 11.4445 9.16764 7.36546 6.42994 6.34475 5.3668 4.70272 4.22421 4.13611 3.96697 2.99222 1.92136 1.3186 0.927269 1.00824
threshold=0.029008836006726896 -1.3439795495789288 0.069530452859879813 -0.0034821870001103946 -0.0030986538834845696 0.075696845670736354 0.050898276948307355 4.5000000000000009 -1.2337132457773576 0.096574063019876574 0.0099499854125598992 0.99999999999999334 -1.2336544577134456 0.10069418862611294 -0.74804553615277258 1.3234027391857748 0.27568907631134837 0.052293449241249006 -0.0046917783887299508 1.0000000180025095e-35
decision_type=2 2 2 2 2 2 2 2 2 2 2 2 2 2 2 2 2 2 2 2
left_child=6 2 3 10 -5 8 14 9 -3 12 -2 15 -8 -13 -1 -7 -9 -4 -16 -20
right_child=1 5 17 4 -6 11 7 16 -10 -11 -12 13 -14 -15 18 -17 -18 -19 19 -21
leaf_value=0.0026051521249103107 -0.001970632756838083 0.017346828604346425 -0.041953772273024076 -0.0054110920618519734 0.023424092800107738 0.0073181294599100584 -0.022515434704119361 0.0074855778538803963 -0.027153771887601139 0.026659362805655829 -0.036856134878904059 -0.0065653380527430655 0.0085253119103611986 -0.039115726251197025 0.011666869349080514 -0.0248299183865371 0.038631251675912831 -0.0087771159774077331 0.013188458795742956 0.041194701110100956
leaf_weight=11.21291860938072 21.786289989948273 16.495990380644802 26.717615306377411 115.36858123540878 89.52467080950737 10.327582508325579 19.74429988861084 12.874540477991102 10.844962313771246 16.819220751523972 30.378852844238281 15.50241696834564 15.902835130691527 229.77296207845211 11.098638147115706 10.231149330735205 31.978316515684128 10.148795098066328 12.328093200922011 208.96234194934368
leaf_count=33 67 48 82 339 258 35 57 42 42 51 97 49 46 925 37 43 105 33 45 822
internal_value=0.000185997 -0.0184032 -0.00425842 0.00037585 0.00710366 -0.0322286 0.0322251 0.0174195 0 0.00319874 -0.0240924 -0.0353659 -0.007787 -0.037364 0.0376534 -0.00768273 0.0317658 -0.0354227 0.0390773 0.0400547
internal_weight=928.021 587.1 293.925 257.058 204.893 293.175 340.921 97.3192 27.341 52.4664 52.1651 265.834 35.6471 245.275 243.602 20.5587 44.8529 36.8664 232.389 221.29
internal_count=3256 2018 876 761 597 1142 1238 301 90 154 164 1052 103 974 937 78 147 115 904 867
is_linear=0
shrinkage=0.05


Tree=45
num_leaves=19
num_cat=0
split_feature=309 272 284 219 27 162 19 162 64 163 231 297 357 86 365 112 165 392
split_gain=203.92 37.5967 22.762 15.7357 15.1743 19.1006 20.7223 14.0419 16.3015 9.55596 9.47344 6.35249 5.81183 5.63055 4.66374 4.08602 3.5875 0.382783
threshold=0.30782229521323007 -1.6608456222049759 -0.17383502181667357 2.4320035801197588 0.23559168901967606 1.7323285865786633 0.43212876581099496 1.4744659804405649 0.31560526435355363 -0.0053458911323682077 17.500000000000004 -0.41869754732938796 0.26041666666666669 -5888142.0703135012 0.11893767253711957 26.500000000000004 -0.005548065531424352 6.5000000000000009
decision_type=2 2 2 2 2 2 2 2 2 2 2 2 2 2 2 2 2 2
left_child=1 14 3 12 10 9 -7 8 -5 -6 15 -4 -2 -9 -1 -3 -16 -14
right_child=2 4 11 7 5 6 -8 13 -10 -11 -12 -13 17 -15 16 -17 -18 -19
leaf_value=-0.0033243517444797861 0.0038496326483106868 -0.020169692667424282 0.0034975833751153896 -0.03221431521523041 0.0059177390202697399 0.028382237878955965 -0.024786618299690855 0 0.016083646567829245 -0.035150917286099995 0.035664446310390306 0.03887215894356813 -0.010825527995000299 0.042901078676536558 -0.004863005563849632 0.013605745179599553 -0.038667093819373145 -0.041706735971630104
leaf_weight=14.655515491962431 17.199014216661453 15.659371197223665 17.578140020370483 18.111274689435959 13.648254305124281 39.025861710309982 29.014374345541 10.644513204693792 90.766045272350311 82.082684725522995 25.423587381839752 196.85833850502968 10.352075561881067 55.44399981200695 12.622859597206114 13.121686100959776 231.03920492529869 10.21840590238571
leaf_count=44 51 47 52 53 39 114 86 35 286 249 74 861 31 189 39 39 938 29
internal_value=-0.000196618 -0.0226803 0.0247397 0.0125219 -0.00695211 -0.0146485 0.00491637 0.0189333 0.00695418 -0.0287875 0.0149761 0.0362906 -0.0151604 0.0367857 -0.0355287 -0.00336698 -0.037199 -0.031643
internal_weight=903.465 476.293 427.172 212.735 217.976 163.771 68.0402 174.966 108.877 95.7309 54.2046 214.436 37.7695 66.0885 258.318 28.7811 243.662 20.5705
internal_count=3256 1669 1587 674 648 488 200 563 339 288 160 913 111 224 1021 86 977 60
is_linear=0
shrinkage=0.05


Tree=46
num_leaves=1
num_cat=0
split_feature=
split_gain=
threshold=
decision_type=
left_child=
right_child=
leaf_value=0
leaf_weight=
leaf_count=3256
internal_value=
internal_weight=
internal_count=
is_linear=0
shrinkage=1


Tree=47
num_leaves=18
num_cat=0
split_feature=268 268 165 137 246 71 393 112 72 165 105 299 266 39 104 219 379
split_gain=203.285 44.9185 26.2803 14.2733 13.8192 13.2574 12.3564 15.1943 10.898 10.6577 6.87772 6.67981 5.74928 4.18844 3.38163 2.15307 2.17736
threshold=-0.61030683069502756 -0.36176274474146591 0.00048235139771474401 -0.14197651762067778 0.24157303370786518 0.51905230942351899 -0.070820528360851162 10.500000000000002 0.012782578478613431 -0.0040318092417419953 0.22543554088097448 -0.2015247353559472 0.19858411026973521 -0.015859165536796383 -0.26991377354624863 15.57357864584592 0.0056381337161346421
decision_type=2 2 2 2 2 2 2 2 2 2 2 2 2 2 2 2 2
left_child=9 2 3 -2 -5 -3 8 -8 -4 10 13 -7 -13 -1 -11 16 -16
right_child=1 5 6 4 -6 11 7 -9 -10 14 -12 12 -14 -15 15 -17 -18
leaf_value=0.034988847370599763 0.022073386668993646 0.016893987945693474 0.039943788302855693 0.0013617756405011456 -0.030600233729480487 0.0018383928855025809 0.030774714049945386 -0.021069051881436672 -0.0064549510875144024 0.0042051153808481427 -0.024044955322964398 -0.019043803305676552 -0.038550768338209494 -0.00062261749072376426 0.039902878531270565 0.0059741274707711539 0.017034931835462456
leaf_weight=13.951993599534035 18.707548797130585 11.113065659999846 50.068624824285507 44.900772988796234 103.61523059010506 10.568393021821974 19.022859394550323 35.915496319532394 13.335409432649611 12.506300657987593 10.213534206151961 72.289128661155701 209.46887481212616 10.82195371389389 230.45619468390942 10.430503785610197 25.96267181634903
leaf_count=46 55 33 150 136 323 30 53 103 39 42 30 239 905 34 903 34 101
internal_value=0.000180978 -0.0170728 -0.00258488 -0.0153801 -0.0207715 -0.0303853 0.0150166 -0.00159075 0.0295813 0.0325238 0.00439108 -0.0325053 -0.0339749 0.0192456 0.035786 0.0370176 0.038004
internal_weight=903.349 589.005 285.566 167.224 148.516 303.439 118.342 54.9384 63.404 314.343 34.9875 292.326 281.758 24.7739 279.356 266.849 256.419
internal_count=3256 2066 859 514 459 1207 345 156 189 1190 110 1174 1144 80 1080 1038 1004
is_linear=0
shrinkage=0.05


Tree=48
num_leaves=16
num_cat=0
split_feature=297 268 375 373 228 309 32 124 392 56 262 365 79 290 104
split_gain=184.002 36.4278 20.7132 30.5527 19.002 12.749 12.5519 10.9595 7.9283 8.67219 9.10832 3.76834 0.700435 0.64643 0.386615
threshold=-0.58625555931094131 -0.20859574149047758 0.03304934422280615 -0.021988981625082445 1.9260007513600543 0.050898276948307355 0.87557937526927787 -1.4999999999999998 6.5000000000000009 0.59166451267691922 0.30898876404494385 0.11893767253711957 0.99999999999999334 0.27902507062146781 0.069273131344616726
decision_type=2 2 2 2 2 2 2 2 2 2 2 2 2 2 2
left_child=5 2 3 6 -5 11 -2 -4 9 10 -7 -1 -3 -13 -10
right_child=1 12 7 4 -6 8 -8 -9 14 -11 -12 13 -14 -15 -16
leaf_value=-0.0044599665334148627 0.022845218151801783 0.013653529218712268 -0.0094340882588159133 -0.031616693970154153 0.0040724283402715517 0.031606125862166171 -0.018270022989379971 0.040513260898638562 -0.036729253399175599 -0.028990628216636963 -0.0077097150121618043 -0.039125454868940118 0.038983738331095356 -0.017178299673866224 -0.0096952304159818384
leaf_weight=13.413182228803633 143.56607167422771 13.498746350407599 10.180766820907591 70.365883156657219 70.282864898443222 19.422590672969818 17.613911032676697 61.492969185113907 28.589967399835587 21.92291447520256 37.322117611765862 191.55021549761295 150.45137415826321 18.976429343223572 10.12988932430744
leaf_count=41 471 58 31 209 214 56 55 211 102 67 112 831 700 65 33
internal_value=-0.00020238 0.0179413 0.00900138 0.00295435 -0.013722 -0.0288239 0.0177958 0.032655 -0.0142231 -0.00397602 0.00582176 -0.0359681 0.0374805 -0.0376505 -0.0320608
internal_weight=878.78 537.453 373.502 301.829 140.649 341.327 161.18 71.6737 117.387 78.6676 56.7447 223.94 163.95 210.527 38.7199
internal_count=3256 1949 1191 949 423 1307 526 242 370 235 168 937 758 896 135
is_linear=0
shrinkage=0.05


Tree=49
num_leaves=1
num_cat=0
split_feature=
split_gain=
threshold=
decision_type=
left_child=
right_child=
leaf_value=0
leaf_weight=
leaf_count=3256
internal_value=
internal_weight=
internal_count=
is_linear=0
shrinkage=1


Tree=50
num_leaves=22
num_cat=0
split_feature=268 268 166 74 381 86 137 270 30 73 230 297 309 27 262 74 323 28 111 27 365
split_gain=184.423 41.5577 19.4341 18.503 13.8503 11.2042 14.5458 8.71246 13.2197 9.1443 8.33676 6.78887 6.19397 6.82013 8.21948 4.04734 3.21599 1.32926 1.03126 0.975373 0.696722
threshold=-0.61030683069502756 -0.36176274474146591 1.0000000180025095e-35 -0.37760848424460697 42.647565085986734 -228178.72932900046 -0.14197651762067778 -0.79076758908691491 0.016529915612983989 0.79582685011970533 72.500000000000014 -0.47602312171089672 0.050898276948307355 0.14303206715252639 0.32022471910112366 -0.74804553615277258 0.28561135747896299 0.05062892135797372 1.0000000180025095e-35 1.1200125026048207 0.28625256498163604
decision_type=2 2 2 2 2 2 2 2 2 2 2 2 2 2 2 2 2 2 2 2 2
left_child=12 2 5 -4 -5 6 -2 8 10 -10 -3 -9 15 14 -14 -1 -16 -15 -17 -13 -20
right_child=1 7 3 4 -6 -7 -8 11 9 -11 -12 19 13 17 16 18 -18 -19 20 -21 -22
leaf_value=0.0011792312842964477 0.017959968688678961 0.036016930847562488 -0.032580310683065786 0.025549216966036254 -0.015203438351471152 0.016456536548404364 -0.028397895793968536 0 0.0091819571601186381 -0.037348001189207253 -0.011582832474054741 -0.038430623724155032 -0.029799458163049453 0.012539055754510284 0 0.011142118992427851 0.031823935511362825 0.038381379302593971 0.039839983998416165 -0.009648312948295816 0.011576266584316344
leaf_weight=11.010779976844786 16.572037428617477 14.102974727749826 18.088207989931107 101.23302355408669 22.285176247358322 19.402797907590866 104.76220917701721 10.180426955223082 10.058252766728399 46.93572710454464 15.435815319418905 185.7139543145895 11.53891137242317 20.128207102417946 10.605017706751825 11.686413049697874 12.480432525277136 25.27957709133625 190.55765250325203 10.211294516921042 10.396842151880263
leaf_count=33 49 41 53 302 63 57 335 29 31 168 51 849 34 68 33 45 38 82 817 38 40
internal_value=0.000184914 -0.0163882 -0.00244773 0.0103148 0.0176153 -0.0155843 -0.0213835 -0.0295078 -0.0144376 -0.0282545 0.0108319 -0.0352979 0.0315801 0.017325 0 0.0361638 0.0171116 0.029446 0.0377018 -0.03735 0.0388146
internal_weight=878.666 574.982 282.343 141.606 123.518 140.737 121.334 292.638 86.5328 56.994 29.5388 206.106 303.684 80.0321 34.6244 223.652 23.0855 45.4078 212.641 195.925 200.954
internal_count=3256 2066 859 418 365 441 384 1207 291 199 92 916 1190 255 105 935 71 150 902 887 857
is_linear=0
shrinkage=0.05


Tree=51
num_leaves=18
num_cat=0
split_feature=309 297 270 167 68 28 165 33 270 258 62 297 290 105 365 213 191
split_gain=167.607 33.3809 20.7167 15.3777 11.2974 11.8774 10.9841 10.8228 10.1544 8.1307 8.04269 6.45556 3.61014 6.47972 2.62068 0.517998 0.074179
threshold=0.30782229521323007 -0.72610658124636229 -0.80141588973026467 -0.13156712337783102 0.42327679299596738 0.049518653767040524 0.0011475804786348256 0.058444169658740733 -0.89606492203180388 0.69117647058823539 0.35559278594975979 -0.41869754732938796 0.27902507062146781 0.21620491972920711 0.11893767253711957 8.3650419794673816 0.84270386266094677
decision_type=2 2 2 2 2 2 2 2 2 2 2 2 2 2 2 2 2
left_child=1 12 3 6 16 9 10 -7 -8 -6 -2 -4 14 -14 -1 -13 -3
right_child=2 4 11 -5 5 7 8 -9 -10 -11 -12 15 13 -15 -16 -17 -18
leaf_value=-0.0066371444694953308 0.00061712495350131711 -0.037571511723627576 0.0026308957926104693 -0.029996431495130649 -0.011648174032148344 -0.02298336321333859 -0.039861613816024738 0.0052714847618997749 0.013239885395159679 0.028612958753417045 0.027781317397812606 0.038137172799847963 -0.028665035497028552 0.012813914018275377 -0.038316842568659283 0.011222411631822084 -0.012688362143383891
leaf_weight=12.22121089696884 40.943487226963043 21.650356590747833 18.55288365483284 17.177192836999893 13.559766739606856 67.625166460871696 13.163466811180117 59.052501916885376 16.043732643127441 40.945769608020782 111.66593898832798 175.26756875216961 23.057425990700722 10.61028680205345 190.97058352828026 10.353940322995184 12.273009136319159
leaf_count=38 129 72 56 50 40 201 36 179 49 120 381 841 80 33 868 45 38
internal_value=-0.000217846 -0.0211168 0.0230704 0.0109671 -0.0064258 -0.000985799 0.0155317 -0.00960917 -0.0106239 0.0176423 0.0209672 0.0342957 -0.0340028 -0.0142506 -0.0367782 0.0371033 -0.0316856
internal_weight=855.134 451.966 403.168 198.994 215.107 181.183 181.817 126.678 29.2072 54.5055 152.609 204.174 236.86 33.6677 203.192 185.622 33.9234
internal_count=3256 1669 1587 645 650 540 595 380 85 160 510 942 1019 113 906 886 110
is_linear=0
shrinkage=0.05


Tree=52
num_leaves=1
num_cat=0
split_feature=
split_gain=
threshold=
decision_type=
left_child=
right_child=
leaf_value=0
leaf_weight=
leaf_count=3256
internal_value=
internal_weight=
internal_count=
is_linear=0
shrinkage=1


Tree=53
num_leaves=16
num_cat=0
split_feature=272 272 375 30 393 394 165 364 270 365 379 297 383 34 103
split_gain=167.84 39.1049 22.6932 20.6704 17.7501 15.4893 9.92316 9.1082 6.27857 3.49393 2.67922 4.72628 2.38477 1.39326 1.2448
threshold=-1.6103068306950277 -1.2524762184956406 0.069530452859879813 0.016315326421092902 -0.070820528360851162 -0.0024480764977160559 -0.0040318092417419953 0.51173005594441612 -0.79076758908691491 0.11893767253711957 0.0056381337161346421 -0.89583439815997601 4.5000000000000009 0.0099858198169374204 0.10611232295777449
decision_type=2 2 2 2 2 2 2 2 2 2 2 2 2 2 2
left_child=6 2 3 4 -2 -5 7 13 12 -8 14 -12 -3 -1 -11
right_child=1 8 -4 5 -6 -7 9 -9 -10 10 11 -13 -14 -15 -16
leaf_value=0.033875749507438192 0.029391263368578599 0.0084677881953986855 -0.0399595725791317 -0.023775524987023417 -0.0045361750400267388 0.0048366365278301755 0.0059430595474208748 -0.025887166788789402 -0.037530506845700279 0.0094096158808220053 0.030591395853926714 -0.0078287157940346054 -0.020337084890256051 0.0025459300256107458 0.038686718207635196
leaf_weight=11.279753386974336 72.622718557715416 10.318159446120264 40.984996631741524 115.34481528401375 72.881010830402374 73.178106889128685 15.994084417819975 12.215084686875342 166.25691808760166 10.670938834547995 14.248541802167894 10.134036317467688 10.289215162396429 10.580357745289801 208.02197919785976
leaf_count=37 226 35 141 375 217 225 49 38 810 39 65 36 37 35 891
internal_value=0.000198486 -0.0157278 -0.00614914 -0.00153349 0.0123124 -0.0125064 0.0307435 0.00335633 -0.0342865 0.0340753 0.0356282 0.0136888 -0.00455318 0.0228604 0.0376304
internal_weight=855.021 561.876 375.012 334.027 145.504 188.523 293.145 34.0752 186.864 259.07 243.075 24.3826 20.6074 21.8601 218.693
internal_count=3256 2066 1184 1043 443 600 1190 110 882 1080 1031 101 72 72 930
is_linear=0
shrinkage=0.05


Tree=54
num_leaves=21
num_cat=0
split_feature=309 297 284 219 162 162 130 381 162 393 297 86 34 165 290 349 365 111 213 105
split_gain=152.402 31.3464 20.3833 13.1348 13.3658 13.0514 10.3322 12.7407 10.5926 7.70613 5.99721 5.6462 5.04445 3.70244 3.68369 7.43191 2.56059 1.33233 0.857754 0.275587
threshold=0.30782229521323007 -0.72610658124636229 -0.17383502181667357 2.4320035801197588 1.4744659804405649 1.2647926667784695 -14.499999999999998 13.911093248238297 2.1568148553100079 -0.1199262664291663 -0.41869754732938796 -5888142.0703135012 0.068502168310963368 -0.0014840325590778 0.27902507062146781 1.0000000180025095e-35 0.11893767253711957 26.500000000000004 4.9475794518181315 0.37938194006927972
decision_type=2 2 2 2 2 2 2 2 2 2 2 2 2 2 2 2 2 2 2 2
left_child=1 14 3 12 5 -5 13 9 -9 -8 -4 -6 18 -3 16 -16 -1 -15 -2 -12
right_child=2 6 10 4 11 -7 7 8 -10 -11 19 -13 -14 17 15 -17 -18 -19 -20 -21
leaf_value=-0.0063245764738980338 -0.0074707470786394697 0 0.0024067229345110736 0.013670782928740723 0 -0.029653207721771324 0.0051789440661169943 0.00039473529254224066 0.036611250280663268 -0.031535094053245359 0.038293697403084526 0.041217313790984735 0.0074362210849319363 -0.0093844141363723255 0.011392710072014943 -0.031845677384931388 -0.037703410102119653 -0.038726426768536007 -0.036647391372345066 0.01416649346412456
leaf_weight=12.165315866470335 11.497109383344652 12.221036583185194 17.291256248950958 86.964095696806908 10.203604623675345 18.185912773013115 17.993270486593246 80.968567162752151 25.299984097480774 36.307187557220459 157.87946665287018 51.700726911425591 12.340237155556677 13.114867255091665 13.435148924589155 19.560830101370811 182.13436475396156 27.193079471588135 13.146502256393431 12.779914557933806
leaf_count=38 35 36 52 287 35 52 54 241 76 108 799 189 38 40 41 72 868 95 38 62
internal_value=-0.000221225 -0.0204001 0.0223056 0.0107584 0.0168379 0.00510078 -0.00619131 0 0.010243 -0.0188626 0.0342133 0.0348469 -0.0146549 -0.024786 -0.03325 -0.0133688 -0.0361182 -0.0316454 -0.0271322 0.0370508
internal_weight=832.382 440.394 391.989 204.038 167.054 105.15 213.098 160.569 106.269 54.3005 187.951 61.9043 36.9838 52.529 227.296 32.996 194.3 40.3079 24.6436 170.659
internal_count=3256 1669 1587 674 563 339 650 479 317 162 913 224 111 171 1019 113 906 135 73 861
is_linear=0
shrinkage=0.05


Tree=55
num_leaves=1
num_cat=0
split_feature=
split_gain=
threshold=
decision_type=
left_child=
right_child=
leaf_value=0
leaf_weight=
leaf_count=3256
internal_value=
internal_weight=
internal_count=
is_linear=0
shrinkage=1


Tree=56
num_leaves=17
num_cat=0
split_feature=272 272 165 221 137 246 165 167 373 74 284 383 74 211 29 83
split_gain=152.871 36.8667 20.6794 15.8395 12.4584 12.7379 9.45745 9.01038 8.01334 6.80278 5.62167 4.6576 4.46751 3.11466 2.05708 0.461034
threshold=-1.6103068306950277 -1.3617627447414657 0.00048235139771474401 17.551764548315855 -0.14197651762067778 0.24157303370786518 -0.0040318092417419953 -0.039504191188900688 0.096704310111482519 -0.053567130786586002 -0.28943112992409731 13.500000000000002 -0.74804553615277258 5.5694586172809606 0.23721836852844017 -0.61346455883630369
decision_type=2 2 2 2 2 2 2 2 2 2 2 2 2 2 2 2
left_child=6 2 4 8 -2 -6 9 10 -4 -1 -3 -12 -8 -11 15 -14
right_child=1 7 3 -5 5 -7 12 -9 -10 13 11 -13 14 -15 -16 -17
leaf_value=-0.024527291571771553 0.021567320097540383 -0.00088754637720297146 0.026002556320207565 -0.032455283580080374 0.0025897272506398305 -0.028517075258618414 0 0.0055242524486287343 -0.01240671791985487 0 -0.033926722447636032 0 0.013067411655276943 0.03255916340619585 0.0071498831565167927 0.036996356522855309
leaf_weight=10.462965399026869 18.337694823741913 18.742147147655487 90.369694292545319 12.748762607574461 43.714192777872086 99.226245284080505 12.258459270000456 15.419260069727896 12.166920840740202 10.147237941622736 226.97745309770107 11.625214695930479 13.025429785251616 13.072359740734099 12.589243859052656 211.38762071728706
leaf_count=33 55 63 272 38 136 323 37 54 35 33 1052 38 56 44 54 933
internal_value=0.000199896 -0.0151039 -0.00198692 0.013768 -0.013599 -0.0188037 0.0299334 -0.028056 0.0207481 0.00306162 -0.0303005 -0.0323642 0.0332868 0.0187844 0.0348015 0.036018
internal_weight=832.271 549.328 276.564 115.285 161.278 142.94 282.943 272.764 102.537 33.6826 257.345 238.603 249.261 23.2196 237.002 224.413
internal_count=3256 2066 859 345 514 459 1190 1207 307 110 1153 1090 1080 77 1043 989
is_linear=0
shrinkage=0.05


Tree=57
num_leaves=17
num_cat=0
split_feature=297 274 375 375 113 165 297 126 113 56 231 379 162 19 83 105
split_gain=138.431 30.8334 18.7332 18.5991 28.2256 12.7789 11.3374 10.5631 9.44768 7.63769 10.3284 4.50995 3.89428 2.2077 2.07703 0.569096
threshold=-0.58625555931094131 0.79673959673959693 0.03304934422280615 -1.0000000180025095e-35 9.5000000000000018 0.00059754975730763485 -0.79007207293208359 -0.0078202284586844622 98.500000000000014 0.57057109407643869 48.500000000000007 -0.41119477163813112 1.9444568701779466 0.59223772525958807 -0.22809093641063688 0.37938194006927972
decision_type=2 2 2 2 2 2 2 2 2 2 2 2 2 2 2 2
left_child=6 2 3 5 -5 -2 11 -8 -4 10 -9 -1 -11 -13 -15 -3
right_child=1 15 8 4 -6 -7 7 9 -10 12 -12 13 -14 14 -16 -17
leaf_value=-0.0012097350800791447 0.021568685754777255 0.037416964144664638 0.038676948683075196 0.020377857273155851 -0.036068521651166398 -0.0029682151642797436 -0.035769442044311449 -0.01245460469638416 -0.0079818890461817327 -0.035847508711784208 0.027682090874949411 -0.03871266699693187 0 -0.0268556619572798 0 0.011607114094548055
leaf_weight=13.107688143849371 114.52724067866802 126.50778536498547 58.101479679346085 30.762958377599716 59.211443841457367 89.805080816149712 33.106117054820061 28.097628310322762 10.030756831169127 17.401224672794346 28.570080250501633 155.05916039645672 10.366990923881529 12.515507966279985 11.262006178498266 11.540772899985312
leaf_count=59 397 681 216 100 177 288 131 87 32 57 85 750 32 57 49 58
internal_value=-0.000219868 0.0159435 0.00797067 0.00219835 -0.0161965 0.0106565 -0.0264207 -0.0129994 0.0310578 -0.00257881 0.00731748 -0.0340565 -0.0231439 -0.0361294 -0.0149659 0.0359065
internal_weight=809.974 500.488 362.439 294.307 89.9744 204.332 309.486 117.542 68.1322 84.4359 56.6677 191.944 27.7682 178.837 23.7775 138.049
internal_count=3256 1949 1210 962 277 685 1307 392 248 261 172 915 89 856 106 739
is_linear=0
shrinkage=0.05


Tree=58
num_leaves=1
num_cat=0
split_feature=
split_gain=
threshold=
decision_type=
left_child=
right_child=
leaf_value=0
leaf_weight=
leaf_count=3256
internal_value=
internal_weight=
internal_count=
is_linear=0
shrinkage=1


Tree=59
num_leaves=15
num_cat=0
split_feature=268 268 375 373 126 399 165 364 74 379 268 111 34 105
split_gain=139.093 34.9528 20.8788 19.4196 15.7253 15.4224 9.0518 8.25906 4.40734 2.20374 4.56946 2.40035 1.37626 0.581669
threshold=-0.61030683069502756 -0.20618661706744887 0.069530452859879813 -0.021988981625082445 -0.0071545202942076549 0.09171557581521593 -0.0040318092417419953 0.51173005594441612 -0.74804553615277258 0.0056381337161346421 -0.75102629176962321 1.0000000180025095e-35 0.0099858198169374204 0.37938194006927972
decision_type=2 2 2 2 2 2 2 2 2 2 2 2 2 2
left_child=6 2 3 4 -2 -5 7 12 -8 11 -11 -10 -1 -3
right_child=1 13 -4 5 -6 -7 8 -9 9 10 -12 -13 -14 -15
leaf_value=0.032654902343480334 0.0081165778887658194 -0.037407855186118465 -0.038766292219888948 0.01346485198716342 -0.023938550465050345 -0.034959178805397194 0 -0.025117074665133084 0.0051988998945185381 0.02999996520140736 -0.0077884715056787072 0.037408002841204262 0.0016582688031690552 -0.011539000787359777
leaf_weight=10.901389837265016 50.250906050205231 127.47205229103565 42.254350438714027 166.96566189825535 123.36731798946857 14.865735799074171 12.155871719121931 12.047896191477774 10.809814289212225 14.338287875056269 10.018724858760832 192.57007375359535 10.331873491406439 11.514858543872831
leaf_count=37 157 688 157 528 432 46 37 38 44 71 35 893 35 58
internal_value=0.000196487 -0.0145108 -0.00669618 -0.00245179 -0.0143974 0.00873223 0.029116 0.00270381 0.0324957 0.0340493 0.0134793 0.0360388 0.021708 -0.0359059
internal_weight=809.865 536.691 397.704 355.45 173.618 181.831 273.174 33.2812 239.893 227.737 24.357 203.38 21.2333 138.987
internal_count=3256 2066 1320 1163 589 574 1190 110 1080 1043 106 937 72 746
is_linear=0
shrinkage=0.05


Tree=60
num_leaves=17
num_cat=0
split_feature=299 268 284 27 162 19 162 397 370 30 262 113 323 365 165 105
split_gain=126.896 32.8368 20.2001 16.587 14.3937 22.1289 11.3578 11.0291 10.6141 10.1965 7.74122 5.77727 5.58009 4.62976 4.6026 0.963098
threshold=-0.20846967661452798 -0.660845622204976 -0.17383502181667357 0.23559168901967606 1.7323285865786633 0.43212876581099496 0.068685966631970588 -0.0053458911323682077 0.47517761103250794 0.016870339846612067 0.26404494382022475 28.500000000000004 0.23200900044645822 0.11893767253711957 -0.0057249796279909976 0.37938194006927972
decision_type=2 2 2 2 2 2 2 2 2 2 2 2 2 2 2 2
left_child=1 13 6 8 7 -6 -2 -5 12 10 -8 -11 -3 -1 -15 -4
right_child=2 3 15 4 5 -7 9 -9 -10 11 -12 -13 -14 14 -16 -17
leaf_value=-6.027817656598239e-05 -0.030176941172904617 0.035778588195193174 0.036773120517242977 0.0093051886045599462 0.026634927117950485 -0.026314692751101394 0.021849184337812459 -0.031340334173584443 -0.021796305139864747 0.0064287718738709537 -0.018827971617586953 0.031819652561499122 0 0 -0.035427204343461166 0.01103353956935961
leaf_weight=13.955305248498915 12.503486752510069 37.530291542410851 153.92522589862347 16.8448226749897 43.263877615332603 31.03108911216259 14.103856831789015 87.855986133217812 11.103367850184439 44.82416895031929 31.537138089537621 64.51364503800869 15.873877644538878 10.127159863710402 187.38495634496212 12.853496521711348
leaf_count=44 36 119 832 50 134 96 48 281 34 158 96 236 51 32 945 64
internal_value=-0.000212154 -0.0174136 0.0229996 -0.0045466 -0.0125062 0.00370939 0.010038 -0.0242598 0.0163734 0.0141105 -0.00465778 0.0223051 0.025933 -0.0317259 -0.0336795 0.0353139
internal_weight=789.232 454.971 334.261 243.503 178.996 74.295 167.482 104.701 64.5075 154.979 45.641 109.338 53.4042 211.467 197.512 166.779
internal_count=3256 1786 1470 765 561 230 574 331 204 538 144 394 170 1021 977 896
is_linear=0
shrinkage=0.05


Tree=61
num_leaves=1
num_cat=0
split_feature=
split_gain=
threshold=
decision_type=
left_child=
right_child=
leaf_value=0
leaf_weight=
leaf_count=3256
internal_value=
internal_weight=
internal_count=
is_linear=0
shrinkage=1


Tree=62
num_leaves=19
num_cat=0
split_feature=305 268 36 379 231 113 297 392 397 20 365 379 162 64 19 111 208 79
split_gain=126.993 31.5395 17.3071 15.8764 20.6184 10.2433 7.68929 7.21448 7.01637 4.85443 5.56976 4.51468 3.6311 3.21516 2.22694 3.57256 2.18608 0.627387
threshold=0.029008836006726896 -0.20618661706744887 0.064196473153447134 1.0000000180025095e-35 54.500000000000007 89.500000000000014 -0.79007207293208359 4.5000000000000009 0.0035170108504715418 0.18770753118845071 0.17226817081932708 -0.41119477163813112 1.9117478405722979 0.42279982292209534 0.59223772525958807 30.500000000000004 0.74918648251872 0.99999999999999334
decision_type=2 2 2 2 2 2 2 2 2 2 2 2 2 2 2 2 2 2
left_child=6 2 3 4 -2 8 11 9 -4 10 -8 -1 -11 -5 -13 -16 -9 -3
right_child=1 17 5 13 -6 -7 7 16 -10 12 -12 14 -14 -15 15 -17 -18 -19
leaf_value=0.00053091711779843778 0.028562724651743733 -0.010768337801784718 -0.035709722782275181 -0.00041468428016031814 -0.0041853042574486847 0.01129131550179145 0.009488283821704635 0.0025473454785111161 -0.007519698653270482 0.031331287143411955 -0.031706462677784507 0.038221634453141466 -0.0010939676309920906 -0.039424750032154225 -0.0039386306191344323 0.029559830925700178 0.034852658275063189 -0.036913420663782691
leaf_weight=12.876411512494085 66.76032418012619 11.148237079381941 74.955820545554161 10.091504126787184 146.81539165973663 17.160815238952637 10.597757667303087 10.877212494611738 40.550658270716667 13.190849468111994 14.907255277037619 148.21038188040257 12.218590095639227 22.666371509432793 10.097274303436281 13.138681441545485 31.823572143912315 121.03764791786671
leaf_count=59 204 57 273 38 477 59 33 42 140 44 44 750 38 81 41 65 122 689
internal_value=0.000186709 -0.0145209 -0.006899 0.00079493 0.00607419 -0.0212551 0.0272812 0.0139825 -0.0266759 3.47805e-05 -0.0136382 0.0334365 0.01551 -0.0298485 0.0355696 0.0143113 0.028425 -0.0353662
internal_weight=789.125 511.187 379.001 246.334 213.576 132.667 277.938 93.6152 115.506 50.9145 25.505 184.323 25.4094 32.7579 171.446 23.236 42.7008 132.186
internal_count=3256 2018 1272 800 681 472 1238 323 413 159 77 915 82 119 856 106 164 746
is_linear=0
shrinkage=0.05


Tree=63
num_leaves=17
num_cat=0
split_feature=299 299 284 68 28 111 162 67 165 35 32 284 349 104 365 105
split_gain=116.141 30.5649 19.4201 11.0245 12.9672 12.4118 10.4875 12.3053 8.54212 7.51292 6.35781 3.7882 6.69698 3.70722 2.92366 1.03193
threshold=-0.20846967661452798 -0.45110658124636072 -0.17383502181667357 0.42327679299596738 0.049518653767040524 16.500000000000004 0.068685966631970588 -0.027594280186595484 0.0001660994832210112 0.45796657973125759 0.70462172054206251 -0.48524381926683541 1.0000000180025095e-35 0.034562680644907744 0.11893767253711957 0.37938194006927972
decision_type=2 2 2 2 2 2 2 2 2 2 2 2 2 2 2 2
left_child=1 11 6 13 8 -6 -2 9 -5 -8 -9 14 -13 -3 -1 -4
right_child=2 3 15 4 5 -7 7 10 -10 -11 -12 12 -14 -15 -16 -17
leaf_value=-0.0036718570363807549 -0.029119267643364088 -0.039851564644757254 0.036296983681740072 0.034614272488961748 0.012046552313445751 -0.018563517919794898 -0.031816326516326647 0.025896807669785717 0 0.0084696099665718758 -0.008692173617562823 0.012323637422332724 -0.029647140959030562 -0.0024631662834053167 -0.036141831381721355 0.010248826609054611
leaf_weight=11.62752842903137 12.367778360843657 23.341337040066719 146.84526073932648 33.447419866919518 45.247010290622711 96.046465799212456 17.350885897874832 102.63593934476376 31.121894761919975 21.684407576918602 11.37779378890991 13.011832982301714 17.980201527476311 13.464203611016272 158.18988367915154 12.523878142237661
leaf_count=38 36 82 832 104 142 301 56 376 95 71 35 41 73 43 867 64
internal_value=-0.000195978 -0.0168517 0.0223401 -0.00455832 0 -0.00836795 0.00964712 0.0135998 0.0181725 -0.0092404 0.0218834 -0.0311766 -0.0110226 -0.0286467 -0.0343102 0.0347851
internal_weight=768.264 443.478 324.786 242.668 205.863 141.293 165.417 153.049 64.5693 39.0353 114.014 200.809 30.992 36.8055 169.817 159.369
internal_count=3256 1786 1470 767 642 443 574 538 199 127 411 1019 114 125 905 896
is_linear=0
shrinkage=0.05


Tree=64
num_leaves=1
num_cat=0
split_feature=
split_gain=
threshold=
decision_type=
left_child=
right_child=
leaf_value=0
leaf_weight=
leaf_count=3256
internal_value=
internal_weight=
internal_count=
is_linear=0
shrinkage=1


Tree=65
num_leaves=17
num_cat=0
split_feature=268 268 126 215 162 354 124 165 364 381 355 74 29 79 28 83
split_gain=116.474 31.1006 16.0451 19.991 14.9891 12.8132 10.1191 8.14254 7.73988 7.20643 5.73922 4.52885 2.22942 1.49499 1.27906 0.683604
threshold=-0.61030683069502756 -0.20859574149047758 -0.0071545202942076549 1.1114640976644885 1.4744659804405649 0.021464378793238197 -31.499999999999996 -0.0040318092417419953 0.51173005594441612 13.911093248238297 0.21710160751347804 -0.74804553615277258 0.23721836852844017 0.99999999999999334 0.084136963032332882 -0.61346455883630369
decision_type=2 2 2 2 2 2 2 2 2 2 2 2 2 2 2 2
left_child=7 2 5 9 -5 10 -7 8 14 -4 -2 -9 15 -3 -1 -13
right_child=1 13 3 4 -6 6 -8 11 -10 -11 -12 12 -14 -15 -16 -17
leaf_value=0.032387376091171059 -0.033805131980925836 -0.007599552595293952 0.036162836457855063 -0.0053831000529127176 -0.031954507644728534 -0.022838558888119927 0.022811367810494657 0 -0.024749177952026066 -0.0054416679510220275 0.0067785790526917276 0.010369723972675809 0.0042625289825055793 -0.036512222051588321 0.0019874794565637724 0.035156558816323367
leaf_weight=10.00060583651066 19.149826854467396 11.19805273413658 21.866812840104103 113.10430327057838 109.78995069861412 10.48483109474182 87.715476393699646 11.84501203894615 11.773294687271116 13.565220385789869 10.055858716368673 11.908898547291754 11.41915540397167 116.84968966245651 10.652165517210959 186.78072118759155
leaf_count=35 65 58 69 382 397 37 279 37 38 47 32 56 54 700 37 933
internal_value=0.00016832 -0.0134541 -0.00609402 -0.0132786 -0.0189431 0.00806015 0.0169107 0.0277124 0.00233054 0.0197521 -0.0189494 0.0311178 0.0327912 -0.0345971 0.0210626 0.0340952
internal_weight=768.16 513.78 385.732 258.326 222.894 127.406 98.2003 254.38 32.4261 35.432 29.2057 221.954 210.109 128.048 20.6528 198.69
internal_count=3256 2066 1308 895 779 413 316 1190 110 116 97 1080 1043 758 72 989
is_linear=0
shrinkage=0.05


Tree=66
num_leaves=21
num_cat=0
split_feature=299 299 284 74 33 379 86 2 220 28 67 335 299 270 349 268 365 412 43 379
split_gain=106.059 28.6543 18.776 13.1022 11.9743 13.1338 11.2726 10.3691 9.39066 9.90524 7.34543 4.88565 4.81541 3.80195 6.38212 3.65542 2.99015 0.913025 0.847524 0.143407
threshold=-0.20846967661452798 -0.45110658124636072 -0.17383502181667357 -0.29877788330274196 0.058444169658740733 1.0000000180025095e-35 -5911106.4221590022 -0.0038881578643526747 7.9329895474257475 0.074395908590132245 -0.023349607460894203 0.57980603726874902 -0.31125555931094212 -1.1032438192668359 1.0000000180025095e-35 -0.47179257667979374 0.11893767253711957 0.80000000000000016 0.69984941716693971 -0.41119477163813112
decision_type=2 2 2 2 2 2 2 2 2 2 2 2 2 2 2 2 2 2 2 2
left_child=1 13 7 12 5 -5 -6 10 9 -9 -2 -10 -3 16 -15 -12 -1 18 -4 -18
right_child=2 3 17 4 6 -7 -8 8 11 -11 15 -13 -14 14 -16 -17 19 -19 -20 -21
leaf_value=-0.0029965362789413329 -0.0052526719206179547 -0.0011657736312023486 0.037233835716697701 -0.024352897558127671 -0.024314299231064887 0.017762586137760602 0.020477843326436453 -0.028613418840488871 0.030848550226514445 0.015739390980361322 0 -0.0050282387201407127 0.031140400062526708 0.012332184351930883 -0.028922536945098061 0.034636788460238113 -0.011881680222739397 0.0082061813555061574 0.011174946842416168 -0.03679384110006096
leaf_weight=11.484234690666197 15.754078418016432 13.625053107738493 129.77100399136543 118.94111941754818 16.119923174381256 18.179876863956451 45.972383350133896 38.580731108784676 20.462829008698467 14.198399901390074 10.565435856580732 11.191780403256415 27.543626695871353 12.934964001178743 17.419409915804863 52.377642571926117 10.361982539296148 10.213259011507033 12.297896340489386 140.49059583246708
leaf_count=38 52 46 784 378 50 55 151 119 74 52 37 35 87 41 73 205 56 57 55 811
internal_value=-0.000196764 -0.0162805 0.0216751 -0.00441154 -0.00991749 -0.0181515 0.00749645 0.0092016 -0.00247776 -0.0155806 0.0219752 0.017384 0.0199635 -0.0305369 -0.0103155 0.0294772 -0.0337598 0.0342793 0.0356005 -0.0356727
internal_weight=748.486 433.073 315.413 240.382 199.213 137.121 62.0923 163.131 84.4337 52.7791 78.6972 31.6546 41.1687 192.691 30.3544 62.9431 162.337 152.282 142.069 150.853
internal_count=3256 1786 1470 767 634 433 201 574 280 171 294 109 133 1019 114 242 905 896 839 867
is_linear=0
shrinkage=0.05


Tree=67
num_leaves=1
num_cat=0
split_feature=
split_gain=
threshold=
decision_type=
left_child=
right_child=
leaf_value=0
leaf_weight=
leaf_count=3256
internal_value=
internal_weight=
internal_count=
is_linear=0
shrinkage=1


Tree=68
num_leaves=14
num_cat=0
split_feature=268 268 375 373 125 19 309 27 231 69 63 28 79
split_gain=106.023 29.4915 18.2166 15.9922 13.9866 13.7261 5.56313 4.76004 6.07512 4.28137 2.17449 1.62766 0.776878
threshold=-0.61030683069502756 -0.20618661706744887 0.069530452859879813 -0.021988981625082445 -0.070179891329556959 0.42853799956089295 0.050898276948307355 0.14303206715252639 6.5000000000000009 -0.046548300542010305 -0.43774838061156662 0.05062892135797372 0.99999999999999334
decision_type=2 2 2 2 2 2 2 2 2 2 2 2 2
left_child=6 2 3 5 -5 -2 9 8 -8 -1 -11 -9 -3
right_child=1 12 -4 4 -6 -7 7 11 -10 10 -12 -13 -14
leaf_value=0.0014900725403927271 -0.024515085433671126 -0.0091712475844325618 -0.037018811442081669 -0.011566477205951546 0.01780326883734416 0.0038735951793057218 0.017180767148083143 0.0071114808939414104 -0.022619321899308327 0.0082172377084171536 0.036477373002370465 0.03345100419548646 -0.036049361019615436
leaf_weight=14.18924270570278 100.26621726155281 10.555437058210371 39.033706560730934 55.423444703221321 121.95298084616661 66.645677402615547 17.961194455623627 17.826828435063362 14.591675028204916 14.198583930730818 144.51145642995834 22.289176002144814 108.9385186880827
leaf_count=72 358 57 157 188 386 231 59 68 46 74 789 82 689
internal_value=0.00016688 -0.0129072 -0.00587339 -0.00190903 0.00830939 -0.0130173 0.0269706 0.0132984 0 0.032108 0.0344577 0.0242151 -0.034366
internal_weight=748.384 502.816 383.322 344.288 177.376 166.912 245.568 72.6689 32.5529 172.899 158.71 40.116 119.494
internal_count=3256 2066 1320 1163 574 589 1190 255 105 935 863 150 746
is_linear=0
shrinkage=0.05


Tree=69
num_leaves=22
num_cat=0
split_feature=299 297 266 74 33 379 86 2 356 162 162 268 213 15 290 349 62 365 397 105 379
split_gain=96.8904 26.7179 17.7076 12.1421 10.982 12.2297 10.585 9.70516 7.74267 12.5012 6.59256 5.09282 5.05429 4.09062 3.85842 6.07018 3.66607 3.09523 1.4244 1.27509 0.211805
threshold=-0.20846967661452798 -0.72610658124636229 0.20923241091308503 -0.29877788330274196 0.058444169658740733 1.0000000180025095e-35 -5911106.4221590022 -0.0038881578643526747 0.69791666666666685 1.4744659804405649 0.43887621012674854 -0.42902205382993336 5.5425430483494962 0.0055572314106903994 0.27902507062146781 1.0000000180025095e-35 0.38042688636642646 0.11893767253711957 0.007380183807556809 0.37938194006927972 -0.41119477163813112
decision_type=2 2 2 2 2 2 2 2 2 2 2 2 2 2 2 2 2 2 2 2 2
left_child=1 14 7 10 5 -5 -6 11 9 -9 -3 12 -2 -10 17 -16 -13 -1 -12 -4 -19
right_child=2 3 19 4 6 -7 -8 8 13 -11 18 16 -14 -15 15 -17 -18 20 -20 -21 -22
leaf_value=-0.0021905975665733437 -0.014631239978418446 -0.0074394402633124537 0.035409498826219563 -0.023543411506951856 -0.023737046571421491 0.017208458910868776 0.019799610011218435 -0.026907111301763861 0.03399749120663461 0.019909769202091369 0.041259035091405286 0 0.025825799328680704 -0.0013836049709199073 0.012413159474652866 -0.028160993324653955 0.036045149761234484 -0.011118770602966337 0.0083231607507520018 0.0081891091349583778 -0.036361583692724769
leaf_weight=11.329410523176191 15.301893949508669 12.072629451751707 132.6560123115778 118.0490504950285 16.014934420585632 18.019765287637711 45.499547258019447 42.544190883636475 14.605203062295915 17.010469049215317 17.239468544721607 10.053229570388792 10.092547908425329 10.11742267012596 12.869537711143495 16.745084375143051 42.519233003258705 10.074690967798231 11.449480235576628 11.702971458435057 133.77447254955769
leaf_count=38 49 42 827 378 50 55 151 133 52 65 54 36 40 32 41 72 172 56 37 64 812
internal_value=-0.000178957 -0.0157114 0.0210402 -0.00429295 -0.00961833 -0.0175323 0.00711334 0.0090181 -0.00225345 -0.0124221 0.0192679 0.0214515 0.000716553 0.0191318 -0.0298688 -0.00947581 0.0299882 -0.033191 0.0317248 0.0337537 -0.0351974
internal_weight=729.741 423.138 306.603 238.345 197.583 136.069 61.5145 162.244 84.2773 59.5547 40.7616 77.9669 25.3944 24.7226 184.793 29.6146 52.5725 155.179 28.6889 144.359 143.849
internal_count=3256 1786 1470 767 634 433 201 579 282 198 133 297 89 84 1019 113 208 906 91 891 868
is_linear=0
shrinkage=0.05


Tree=70
num_leaves=1
num_cat=0
split_feature=
split_gain=
threshold=
decision_type=
left_child=
right_child=
leaf_value=0
leaf_weight=
leaf_count=3256
internal_value=
internal_weight=
internal_count=
is_linear=0
shrinkage=1


Tree=71
num_leaves=15
num_cat=0
split_feature=268 284 375 373 110 211 299 105 10 364 305 28 28 111
split_gain=96.8815 27.8613 17.2738 16.0534 16.4842 14.9876 5.83769 5.64618 12.7381 5.24908 2.68714 6.83221 1.85728 1.56062
threshold=-0.61030683069502756 -0.1293161010896838 0.069530452859879813 -0.021988981625082445 47.500000000000007 1.1510199779657779 -0.12960935880666927 0.21620491972920711 -0.012443387277224514 0.50481762424615906 -0.070293018943807989 0.053848391307448541 0.084136963032332882 1.0000000180025095e-35
decision_type=2 2 2 2 2 2 2 2 2 2 2 2 2 2
left_child=7 2 3 5 -5 -2 -3 10 9 -9 13 -12 -13 -1
right_child=1 6 -4 4 -6 -7 -8 8 -10 -11 11 12 -14 -15
leaf_value=0.0057584483451421538 0.017637364885225708 -0.001515306480605331 -0.036142026730216791 0.022093263967625162 -0.0091888769863612274 -0.020303949207300685 -0.035369368940309974 0.0034721865774285121 0.030830263068136233 -0.03944239574992589 -0.0095105358331820239 0.038923631527428219 0.0052650811399063205 0.035397006684999087
leaf_weight=10.162916168570517 28.949031040072441 18.019109189510345 36.167191103100777 102.25760024785995 65.264679759740829 122.9424063116312 118.86166542768478 10.422467991709711 26.152262911200523 10.280824854969977 14.247693955898283 16.824940577149395 11.406819775700567 137.68346916139126
leaf_count=48 94 57 150 329 217 448 771 48 142 32 48 55 36 781
internal_value=0.000146828 -0.0124188 -0.0047716 -0.000761206 0.00966565 -0.0125483 -0.0313983 0.0262743 0.00845542 -0.0180238 0.0302031 0.0150283 0.0287371 0.0338462
internal_weight=729.643 492.462 355.581 319.414 167.522 151.891 136.881 237.181 46.8556 20.7033 190.326 42.4795 28.2318 147.846
internal_count=3256 2066 1238 1088 546 542 828 1190 222 80 968 139 91 829
is_linear=0
shrinkage=0.05


Tree=72
num_leaves=21
num_cat=0
split_feature=309 268 284 27 162 28 2 370 397 220 28 67 323 74 335 268 225 83 27 86
split_gain=88.326 25.1354 17.3555 13.4312 12.0096 14.4631 9.07064 9.05818 8.88471 8.36851 8.77443 6.99604 5.02193 4.82864 4.61396 3.43528 2.98534 2.25451 0.89138 0.187148
threshold=0.34153032338547057 -0.660845622204976 -0.17383502181667357 0.23559168901967606 1.7323285865786633 0.077988884369123088 -0.0038881578643526747 0.47517761103250794 -0.0053458911323682077 7.9329895474257475 0.074395908590132245 -0.023349607460894203 0.23200900044645822 -0.74804553615277258 0.57980603726874902 -0.47179257667979374 -3.0449300527715724 0.62293960375535684 1.0738957177909072 89564.260871999999
decision_type=2 2 2 2 2 2 2 2 2 2 2 2 2 2 2 2 2 2 2 2
left_child=1 13 6 7 8 -6 11 12 -5 10 -8 -2 -3 -1 -11 -13 -15 -18 19 -4
right_child=2 3 18 4 5 -7 9 -9 -10 14 -12 15 -14 16 -16 -17 17 -19 -20 -21
leaf_value=0 -0.0058366184879056274 0.033853910979806681 0.036207134427401769 0.0079516012020595887 0.025985897366840833 -0.017016455700983243 -0.027118841228490228 -0.020529054505777689 -0.028872730860331347 0.029882253822498511 0.014825345403706553 0 0 -0.001321573338286684 -0.0051362867267915084 0.033465488880667742 -0.03485662247524874 -0.0053936602910645863 0.0092708538436815455 0.011230350219914673
leaf_weight=11.229285195469854 15.559044644236563 35.782940030097961 116.68157790601254 16.369969114661217 35.243735104799271 36.226007550954819 38.349268943071365 10.608860418200491 83.735779032111168 19.853615745902065 13.906783267855642 10.437187403440474 15.423663079738615 11.548857495188711 11.117705076932905 49.877321898937225 144.55849941074848 12.345093429088591 11.822201967239378 10.221607998013495
leaf_count=37 52 119 777 50 112 118 119 34 281 74 52 37 51 53 35 205 857 74 55 64
internal_value=-0.000156173 -0.0151477 0.020414 -0.00397005 -0.0113072 0.00371037 0.00846282 0.0152044 -0.0223099 -0.00243879 -0.0148526 0.0206929 0.0242564 -0.0290892 0.0164964 0.0282786 -0.0311771 -0.0329959 0.0332984 0.0348861
internal_weight=710.899 413.073 297.826 233.391 171.575 71.4697 159.101 61.8155 100.106 83.2274 52.2561 75.8736 51.2066 179.682 30.9713 60.3145 168.452 156.904 138.725 126.903
internal_count=3256 1786 1470 765 561 230 574 204 331 280 171 294 170 1021 109 242 984 931 896 841
is_linear=0
shrinkage=0.05


Tree=73
num_leaves=1
num_cat=0
split_feature=
split_gain=
threshold=
decision_type=
left_child=
right_child=
leaf_value=0
leaf_weight=
leaf_count=3256
internal_value=
internal_weight=
internal_count=
is_linear=0
shrinkage=1


Tree=74
num_leaves=20
num_cat=0
split_feature=268 268 165 268 21 7 162 220 44 126 64 399 36 74 266 83 11 191 105
split_gain=88.6906 21.1751 15.5919 14.4231 13.9723 12.5539 14.9298 11.73 11.2413 8.16493 6.13047 5.10243 4.97413 4.13511 2.61888 2.54987 1.33506 1.07301 0.948505
threshold=-0.4637048744731575 -0.69544551032754975 0.00048235139771474401 -0.20618661706744887 0.17370220906863923 -0.00066116829042700543 1.9117478405722979 7.9329895474257475 0.61199024166733273 -0.0078202284586844622 0.30844468974311506 -0.17397824151973557 0.020881715064080365 -0.74804553615277258 0.019265444424276103 0.62293960375535684 -0.00040309997895615618 1.00361703174994 0.37502221302674738
decision_type=2 2 2 2 2 2 2 2 2 2 2 2 2 2 2 2 2 2 2
left_child=1 13 5 4 7 9 -7 11 -9 -3 -6 -2 -12 -1 17 -15 -16 -4 -5
right_child=3 2 14 18 10 6 -8 8 -10 -11 12 -13 -14 15 16 -17 -18 -19 -20
leaf_value=0 0.038960683369148097 0.012988124173410288 0.03842069871003425 -0.035296881958293821 0.0038448986709434391 0.024835482108519796 -0.025432551678831045 -0.031792059261845647 0.009695588592778033 -0.02378802449952137 0.0019654626272345294 0.004483689394650164 -0.029955480996200701 0.034826946828040765 -0.0023016155109668933 0.0038068756119029063 0.017914404973372263 0.008032904916106514 -0.0076864300594858756
leaf_weight=10.131140053272246 18.330444097518921 15.426276341080664 33.631023019552231 97.728529050946236 15.629832968115805 55.619210809469223 16.200783059000969 31.438193455338478 26.442733764648438 64.559486776590347 10.227221563458441 31.455358684062958 95.383884996175766 135.72442848980427 10.061137467622759 11.647127777338026 10.890090584754942 10.125094890594481 10.151470690965651
leaf_count=34 56 51 127 687 54 182 56 118 86 219 34 107 383 825 31 70 39 38 59
internal_value=0.000121667 0.0168871 0.00629266 -0.0183346 -0.0106653 -0.00226266 0.0122629 0.00204343 -0.0124735 -0.0158796 -0.0221305 0.0196177 -0.026435 0.0307496 0.0263131 0.0328327 0.00704644 0.033425 -0.0334279
internal_weight=710.803 374.016 216.513 336.788 228.908 151.806 71.82 107.667 57.8809 79.9858 121.241 49.7858 105.611 157.503 64.7073 147.372 20.9512 43.7561 107.88
internal_count=3256 1672 743 1584 838 508 238 367 204 270 471 163 417 929 235 895 70 165 746
is_linear=0
shrinkage=0.05


Tree=75
num_leaves=15
num_cat=0
split_feature=268 284 165 74 10 397 381 165 297 335 74 379 236 379
split_gain=80.4633 25.1473 16.7042 16.4148 10.4081 18.4867 9.24894 7.23968 5.56245 5.17386 4.36766 2.4524 3.54182 0.972491
threshold=-0.61030683069502756 -0.1293161010896838 0.00048235139771474401 -0.37760848424460697 -0.020623733167956581 0.0098321090984500106 42.647565085986734 -0.0040318092417419953 -0.40447753089637034 0.38564912184101036 -0.74804553615277258 0.0056381337161346421 0.56250000000000011 -0.11925619526814595
decision_type=2 2 2 2 2 2 2 2 2 2 2 2 2 2
left_child=7 2 4 -4 13 -6 -5 9 -3 -1 -9 12 -12 -2
right_child=1 8 3 6 5 -7 -8 10 -10 -11 11 -13 -14 -15
leaf_value=-0.016247979541307866 0.011178647757623254 0.0011196344526916522 0.0315558663645856 -0.021811629499602664 -0.0086631695636474448 0.02890744678409737 0.011864401642874702 0 0.03460592508191955 0.02257026446465444 -0.0040877994704447765 -0.0082425451323556061 -0.035082104609807395 0.033417709363887792
leaf_weight=19.935940921306614 18.432897180318832 17.716597571969032 18.2648606300354 102.90405985713005 86.965511530637741 47.764719545841217 21.137470155954361 11.331299379467962 107.65366418659687 10.522792294621466 14.707621842622755 19.650444984436035 144.37491871416569 50.697014093399048
leaf_count=74 68 57 63 341 286 192 73 37 771 36 74 106 863 215
internal_value=-0.000153117 0.011426 0.00420883 -0.00861994 0.0134009 0.00463291 -0.0155348 -0.024957 0.0304001 -0.000521529 -0.028545 -0.0304254 -0.0326538 0.0288926
internal_weight=692.06 471.537 346.167 142.306 203.86 134.73 124.042 220.523 125.37 30.4587 190.064 178.733 159.083 69.1299
internal_count=3256 2066 1238 477 761 478 414 1190 828 110 1080 1043 937 283
is_linear=0
shrinkage=0.05


Tree=76
num_leaves=1
num_cat=0
split_feature=
split_gain=
threshold=
decision_type=
left_child=
right_child=
leaf_value=0
leaf_weight=
leaf_count=3256
internal_value=
internal_weight=
internal_count=
is_linear=0
shrinkage=1


Tree=77
num_leaves=13
num_cat=0
split_feature=268 268 375 33 68 126 165 364 74 379 236 105
split_gain=81.3515 24.6871 16.0787 13.6852 16.7205 14.4981 7.2154 6.64211 4.35962 2.43574 3.52705 0.899695
threshold=-0.61030683069502756 -0.20618661706744887 0.069530452859879813 0.054734832098045798 0.93874120708990028 -0.0071545202942076549 -0.0040318092417419953 0.51173005594441612 -0.74804553615277258 0.0056381337161346421 0.56250000000000011 0.36785353171498397
decision_type=2 2 2 2 2 2 2 2 2 2 2 2
left_child=6 2 3 4 -2 -5 7 -1 -8 10 -10 -3
right_child=1 11 -4 5 -6 -7 8 -9 9 -11 -12 -13
leaf_value=0.018889457109702419 0.0084174134011564521 -0.034929565999745699 -0.035595557725613312 0.017569710697640753 -0.033742141182450912 -0.030552541754934905 0 -0.024714693880302143 0.0041701311491337484 0.0083308028873833387 0.035110920555299699 -0.0077404784579346454
leaf_weight=19.28712530434132 230.26245565712452 92.239830821752548 36.163817718625069 16.997413635253906 22.903179034590721 62.147037953138351 11.343061000108717 11.186545208096502 14.736554041504858 19.689693614840508 144.74761262536049 10.261924400925635
leaf_count=72 766 684 157 56 89 252 37 38 74 106 863 62
internal_value=0.000116091 -0.011547 -0.00523234 -0.00149003 0.00405768 -0.0193447 0.0250176 0.000608705 0.0285935 0.0304684 0.0326895 -0.032979
internal_weight=691.966 470.976 368.474 332.31 253.166 79.1445 220.991 30.4737 190.517 179.174 159.484 102.502
internal_count=3256 2066 1320 1163 855 308 1190 110 1080 1043 937 746
is_linear=0
shrinkage=0.05


Tree=78
num_leaves=20
num_cat=0
split_feature=299 309 284 126 381 258 174 67 104 162 177 219 379 377 36 191 19 105 43
split_gain=73.474 22.4255 16.3463 9.70983 16.3855 9.28141 8.98292 8.34466 7.28429 7.60557 7.14886 5.33052 4.75305 3.75721 4.87415 3.92913 2.61858 1.56294 0.185402
threshold=-0.20846967661452798 0.050898276948307355 -0.17383502181667357 -0.0067399039488402193 13.911093248238297 0.30882352941176477 -1.0000000180025095e-35 -0.027594280186595484 0.086738103720099088 1.4744659804405649 0.4579665797456231 3.4936823104693118 -0.41119477163813112 -0.15174874636833521 0.06265222432858851 0.64107422675175441 0.59223772525958807 0.37938194006927972 0.69984941716693971
decision_type=2 2 2 2 2 2 2 2 2 2 2 2 2 2 2 2 2 2 2
left_child=1 12 7 13 6 -6 -5 10 9 -9 -2 -12 -1 14 -3 -15 -14 18 -4
right_child=2 3 17 4 5 -7 -8 8 -10 -11 11 -13 16 15 -16 -17 -18 -19 -20
leaf_value=0 -0.031991268067620635 -0.021889907116369303 0.035853121500179219 0 -0.023767788566980204 0.019150908031866958 -0.03682852507302186 -0.0072252201178711773 0.033452145215118773 0.02227214983734116 -0.015154453799260406 0.027487351833475605 -0.035178973623016939 0 0.020915638765611255 -0.030629600682830785 -0.009262014271425997 0.005680354399467665 0.011816167576770582
leaf_weight=11.218586027622221 18.216684028506279 10.13509437441826 104.79375427216291 32.756655097007751 10.841943189501761 96.868753656744957 28.586936965584755 45.81620942056179 33.637857258319855 34.874650359153748 10.128191009163858 12.091191470623015 115.01165874302387 10.173951655626295 10.467307448387144 48.273518338799477 19.48778823018074 10.8118599653244 11.169454500079153
leaf_count=62 59 34 778 104 32 321 100 154 134 152 31 44 766 38 33 187 109 64 54
internal_value=-0.000112535 -0.0140883 0.0192036 -0.00458474 0.00196627 0.0138522 -0.0177994 0.00762892 0.0146295 0.00526751 -0.0106566 0.00657694 -0.0295142 -0.0187636 0 -0.0249596 -0.0320715 0.0324456 0.0343146
internal_weight=675.362 393.822 281.54 248.104 169.054 107.711 61.3436 154.765 114.329 80.6909 40.4361 22.2194 145.718 79.0499 20.6024 58.4475 134.499 126.775 115.963
internal_count=3256 1786 1470 849 557 353 204 574 440 306 134 75 937 292 67 225 875 896 832
is_linear=0
shrinkage=0.05


Tree=79
num_leaves=1
num_cat=0
split_feature=
split_gain=
threshold=
decision_type=
left_child=
right_child=
leaf_value=0
leaf_weight=
leaf_count=3256
internal_value=
internal_weight=
internal_count=
is_linear=0
shrinkage=1


Tree=80
num_leaves=18
num_cat=0
split_feature=268 297 126 268 21 125 231 104 373 67 87 379 191 83 69 105 406
split_gain=74.3313 19.0219 13.7338 13.062 12.5763 11.2314 10.6134 10.5453 9.7189 7.14472 6.25896 5.10576 4.31667 3.57549 2.66652 0.948047 0.802855
threshold=-0.4637048744731575 -0.79007207293208359 -0.0062975917458328859 -0.20618661706744887 0.17370220906863923 -0.035614336333419074 69.500000000000014 -0.18884166888788562 0.096704310111482519 -0.035309702917052703 0.025788809479015188 -0.41119477163813112 0.53571837568223368 -0.26830465545198989 -0.046548300542010305 0.36069633716931759 0.006056602411469326
decision_type=2 2 2 2 2 2 2 2 2 2 2 2 2 2 2 2 2
left_child=1 11 10 4 7 -4 -7 -2 -9 13 16 -1 -11 -6 -13 -5 -3
right_child=3 2 5 15 9 6 -8 8 -10 12 -12 14 -14 -15 -16 -17 -18
leaf_value=0 -0.033640574163702315 0.03571467849454419 -0.038204071956310169 -0.03457894234532051 0.021822401287785891 0.017399140222161838 -0.010582712766642821 0.016053002320581485 -0.026324959543227666 0 -0.00068265889493616244 0.0022682685665728034 -0.031168301152087432 -0.012417907268651055 0.03470847776265984 -0.0071863864148224866 0.0078646144401817233
leaf_weight=10.792014881968496 13.968292549252508 42.32614654302597 16.381093665957451 87.26125468313694 10.288047179579737 60.946288287639618 67.747106000781059 78.764696806669235 12.685239046812056 11.025671035051344 15.826108545064924 10.657378748059271 81.564585760235786 14.109440833330153 120.68173643946648 10.107281044125555 10.139236092567442
leaf_count=59 51 170 56 683 37 210 228 263 53 42 54 63 339 53 793 63 39
internal_value=7.3073e-05 0.0158169 0.0059287 -0.0172589 -0.010006 -0.00254279 0.00238367 0.00211065 0.00899583 -0.0211209 0.0239761 0.029887 -0.0273225 0.00100424 0.0325578 -0.0325334 0.0319504
internal_weight=675.272 355.497 213.366 319.775 222.406 145.074 128.693 105.418 91.4499 116.988 68.2915 142.131 92.5903 24.3975 131.339 97.3685 52.4654
internal_count=3256 1672 757 1584 838 494 438 367 316 471 263 915 381 90 856 746 209
is_linear=0
shrinkage=0.05


Tree=81
num_leaves=16
num_cat=0
split_feature=297 268 375 68 86 191 297 126 56 231 112 379 19 162 105
split_gain=67.0575 20.0763 15.0283 11.7715 10.4244 9.77973 8.05761 8.76532 6.74211 8.60492 5.22064 5.08599 3.18517 1.91806 0.935988
threshold=-0.58625555931094131 -0.20618661706744887 0.03304934422280615 0.7867129430490819 -5964280.5810664902 0.7544919963730069 -0.79590634691715823 -0.0078202284586844622 0.57057109407643869 48.500000000000007 26.500000000000004 -0.41119477163813112 0.61384597524874651 1.9117478405722979 0.36069633716931759
decision_type=2 2 2 2 2 2 2 2 2 2 2 2 2 2 2
left_child=6 2 3 5 -5 -2 11 -8 9 -9 -4 -1 -13 -10 -3
right_child=1 14 10 4 -6 -7 7 8 13 -11 -12 12 -14 -15 -16
leaf_value=0 -0.015940622052868388 0.034253617111563238 0.0024294103619308264 -0.013094213643557409 0.034509191631873513 0.0048565002832472752 -0.03225922894485677 -0.0094154946636649216 -0.032374823536676388 0.02817886469106827 0.038093701034820501 -0.035427104017027908 -0.0058159519946027922 -0.0010400360458969592 0.0069431702851639873
leaf_weight=10.618697583675383 99.02232164144516 82.81313069909811 18.274692073464394 12.376029983162878 37.767747044563293 119.30901351571083 27.968939252197742 26.014031320810318 13.013543583452703 26.962653532624245 39.176979772746563 106.92909286916256 15.888589784502981 12.442303597927092 10.025369897484778
leaf_count=58 327 683 78 44 157 430 139 88 50 86 167 753 91 42 63
internal_value=-9.40286e-05 0.011882 0.00572037 0.000453889 0.0217434 -0.00443817 -0.021099 -0.009711 -0.000164113 0.00930981 0.02826 -0.0294001 -0.0322238 -0.0205405 0.0321358
internal_weight=658.603 418.765 325.927 268.475 50.1438 218.331 239.838 106.401 78.4325 52.9767 57.4517 133.436 122.818 25.4558 92.8385
internal_count=3256 1949 1203 958 201 757 1307 405 266 174 245 902 844 92 746
is_linear=0
shrinkage=0.05


Tree=82
num_leaves=1
num_cat=0
split_feature=
split_gain=
threshold=
decision_type=
left_child=
right_child=
leaf_value=0
leaf_weight=
leaf_count=3256
internal_value=
internal_weight=
internal_count=
is_linear=0
shrinkage=1


Tree=83
num_leaves=18
num_cat=0
split_feature=268 297 126 268 125 83 0 221 87 375 379 126 394 19 105 262 266
split_gain=67.806 17.7789 13.0021 12.4754 10.2578 10.6696 9.89313 7.60653 6.10253 5.69809 5.0762 4.67756 3.20544 3.16755 0.868649 0.844508 0.491388
threshold=-0.4637048744731575 -0.79590634691715823 -0.0062975917458328859 -0.20618661706744887 -0.035614336333419074 -0.15076432810272114 -0.002467264279176764 16.177493438320194 0.025788809479015188 0.03304934422280615 -0.41119477163813112 -0.020037766610883075 0.0017189888016032608 0.61384597524874651 0.35558271486586396 0.20786516853932588 0.042318408813254604
decision_type=2 2 2 2 2 2 2 2 2 2 2 2 2 2 2 2 2
left_child=1 10 8 6 -4 -6 11 9 15 -8 -1 -2 -9 -12 -5 -3 -13
right_child=3 2 4 14 5 -7 7 12 -10 -11 13 16 -14 -15 -16 -17 -18
leaf_value=0 0 0.010373164314094236 -0.036661366791367493 -0.034226165623604456 -0.010222630162411081 0.017907756621148456 0.0085604445221754751 -0.033157107333396905 -0.00097866121998748442 -0.020473398475954738 0.035449576498676937 -0.013399942793527565 0 0.0059051365088972716 -0.0073725619433687734 0.036047428909663691 -0.035996808022603244
leaf_weight=10.642378255724905 13.080517217516897 13.515967056155203 16.200448006391525 82.293115310370922 70.329900726675987 58.414033994078636 101.59621332585812 20.631861746311191 15.719434037804602 16.586538068950176 107.26254123449326 16.910648062825203 11.326201006770132 15.925497040152548 10.226482279598711 39.04193551838398 38.811171099543571
leaf_count=58 42 57 57 681 243 199 346 94 54 72 753 70 42 91 65 160 172
internal_value=5.19503e-05 0.0152646 0.00584934 -0.0167239 -0.00239111 0.00227838 -0.00965236 -0.00194682 0.0234087 0.00366708 0.0294427 -0.0249872 -0.0226707 0.0322576 -0.0321062 0.0312616 -0.0310254
internal_weight=658.515 347.052 213.222 311.463 144.944 128.744 218.943 150.141 68.2773 118.183 133.83 68.8023 31.9581 123.188 92.5196 52.5579 55.7218
internal_count=3256 1672 770 1584 499 442 838 554 271 418 902 284 136 844 746 217 242
is_linear=0
shrinkage=0.05


Tree=84
num_leaves=15
num_cat=0
split_feature=268 284 30 373 397 220 355 130 165 364 297 28 394 268
split_gain=61.4727 21.397 15.8024 13.8808 9.86957 7.90968 16.0418 6.70728 6.42861 6.02401 5.04124 4.96786 9.92446 5.08782
threshold=-0.61030683069502756 -0.1293161010896838 0.016315326421092902 0.096704310111482519 -0.0050313856371331485 6.1218769495855794 -0.013533512797492915 -26.499999999999996 -0.0040318092417419953 0.51173005594441612 -0.40447753089637034 0.053482359146020814 -0.011344126083985382 -0.660845622204976
decision_type=2 2 2 2 2 2 2 2 2 2 2 2 2 2
left_child=8 2 3 4 -2 6 -4 -7 9 -1 -3 12 -10 -14
right_child=1 10 5 -5 -6 7 -8 -9 11 -11 -12 -13 13 -15
leaf_value=-0.017635088897427889 0.002737431887733217 0.00097576309838162179 0.017683474818017086 0.029043491054511317 -0.026115458569388173 -0.0055709850062733227 -0.019061957910701494 0.030986973269421 0.015669122120089547 0.024484995324410078 0.033594078243321251 -0.035365610578095584 -0.031523089153578314 0
leaf_weight=18.63344115018845 41.817564330995083 17.375374242663383 77.408032834529877 16.795578859746456 76.351746097207069 11.624359995126722 43.436890482902527 66.087706975638866 16.082716375589371 10.898065343499182 92.924240246415138 89.026421315968037 50.645936116576195 14.213293135166166
leaf_count=72 145 57 324 62 261 39 147 260 75 38 771 592 361 52
internal_value=-6.59851e-05 0.0102138 0.0036294 -0.00923923 -0.0156774 0.012632 0.00393004 0.0248952 -0.0229945 0 0.029059 -0.0266822 -0.0156132 -0.0244567
internal_weight=643.321 443.821 333.522 134.965 118.169 198.557 120.845 77.7121 199.5 29.5315 110.3 169.968 80.9419 64.8592
internal_count=3256 2066 1238 468 406 770 471 299 1190 110 828 1080 488 413
is_linear=0
shrinkage=0.05


Tree=85
num_leaves=1
num_cat=0
split_feature=
split_gain=
threshold=
decision_type=
left_child=
right_child=
leaf_value=0
leaf_weight=
leaf_count=3256
internal_value=
internal_weight=
internal_count=
is_linear=0
shrinkage=1


Tree=86
num_leaves=15
num_cat=0
split_feature=274 266 30 373 163 217 130 110 165 364 297 74 379 236
split_gain=62.272 20.317 15.6562 14.0153 10.6105 7.68555 10.5711 7.94859 6.40831 6.02642 5.66277 4.3019 2.49207 3.63613
threshold=0.38969316930497228 0.2538176330674991 0.016315326421092902 0.096704310111482519 -0.0050313856371331485 7.4979328163534946 -15.499999999999998 30.500000000000004 -0.0040318092417419953 0.51173005594441612 -0.40447753089637034 -0.74804553615277258 0.0056381337161346421 0.68750000000000011
decision_type=2 2 2 2 2 2 2 2 2 2 2 2 2 2
left_child=8 2 3 4 -2 7 -7 -4 9 -1 -3 -10 13 -13
right_child=1 10 5 -5 -6 6 -8 -9 11 -11 -12 12 -14 -15
leaf_value=0.017702740252920273 -0.0037643703874392304 0 0.020100213612152491 -0.029306466086840805 0.026191697850565951 0.00083200504194841721 -0.030493947676862962 -0.011663575469953901 0 -0.024412104341203091 -0.033563054114987688 0.0043131151784021899 0.0062404301537394777 0.034119862427370883
leaf_weight=18.651309490203861 41.793964147567749 16.678702265024185 26.523073703050613 17.097213104367256 76.395243108272552 34.706293500959873 82.189085751771927 55.52488861978054 10.935079619288443 10.895142033696173 92.367030382156372 16.422867670655251 18.206818461418152 124.84721259027719
leaf_count=72 145 55 93 63 261 115 364 201 37 38 769 92 106 845
internal_value=2.13558e-05 -0.0103444 -0.00395479 0.00883599 0.0153551 -0.0129025 -0.0209881 -0.000460791 0.0230601 0 -0.0288521 0.0267349 0.0287933 0.0311631
internal_weight=643.234 443.275 334.23 135.286 118.189 198.943 116.895 82.048 199.958 29.5465 109.046 170.412 159.477 141.27
internal_count=3256 2066 1242 469 406 773 479 294 1190 110 824 1080 1043 937
is_linear=0
shrinkage=0.05


Tree=87
num_leaves=17
num_cat=0
split_feature=268 268 165 21 126 6 74 66 373 28 213 163 227 104 105 373
split_gain=55.9416 17.1625 10.7615 10.6267 13.1117 10.0807 9.1995 8.94459 8.3486 7.08578 10.6249 8.25575 5.36871 2.21639 0.791347 0.209412
threshold=-0.56174666836431653 -0.20618661706744887 -0.0040318092417419953 0.14814521262575822 -0.0071545202942076549 -0.018968759118208132 -0.37760848424460697 0.45892708450276781 0.077788105288976742 0.053482359146020814 6.0633086896430655 -0.0050313856371331485 -3.4421296743646677 0.036950840494284883 0.34733938986808882 0.077788105288976742
decision_type=2 2 2 2 2 2 2 2 2 2 2 2 2 2 2 2
left_child=2 3 12 6 5 -5 -2 -6 -8 10 11 -4 -1 -14 -3 -11
right_child=1 14 9 4 7 -7 8 -9 -10 15 -12 -13 13 -15 -16 -17
leaf_value=-0.016566348032215419 0.020757781175859094 0.03356640233442916 0.0067226641903848153 -0.03688362032146765 0.00022488409569678056 0.0050741396143868158 -0.022079273104112854 0.028736876148212277 0.018789571841908381 -0.035389536597099057 0.022736103493819396 -0.028332970462889163 0 0.031740178976340218 0.00739280166399197 -0.01494579792770055
leaf_weight=14.047377564013003 18.967826217412949 73.326894901692867 18.436358749866486 16.005457624793053 42.663073778152466 50.876613333821297 68.515628531575203 98.77452763915062 11.420849390327929 87.184599660336971 14.191034927964209 62.320434033870697 11.410684019327165 11.848192617297171 10.394191883504389 17.173343785107136
leaf_count=55 70 675 87 49 155 182 235 422 50 557 71 387 45 42 71 103
internal_value=-4.38432e-05 0.0114644 -0.0191726 0.00565814 0.0121018 -0.00540357 -0.00737995 0.020666 -0.0151689 -0.0237702 -0.0124123 -0.0197788 0.00409062 0.018938 0.0312616 -0.0330027
internal_weight=627.557 390.945 236.612 307.224 208.32 66.8821 98.9043 141.438 79.9365 199.306 94.9478 80.7568 37.3063 23.2589 83.7211 104.358
internal_count=3256 1909 1347 1163 808 231 355 577 285 1205 545 474 142 87 746 660
is_linear=0
shrinkage=0.05


Tree=88
num_leaves=1
num_cat=0
split_feature=
split_gain=
threshold=
decision_type=
left_child=
right_child=
leaf_value=0
leaf_weight=
leaf_count=3256
internal_value=
internal_weight=
internal_count=
is_linear=0
shrinkage=1


Tree=89
num_leaves=21
num_cat=0
split_feature=268 299 126 191 231 21 356 68 36 87 268 69 105 286 67 191 64 74 104 68
split_gain=57.1419 18.3324 14.3616 11.5776 10.0531 9.85114 7.84569 6.97851 6.72991 6.52288 5.21978 5.15854 4.53731 4.28192 4.42929 4.21168 2.49324 2.48693 2.20235 1.23233
threshold=-0.42902205382993336 -0.5209063469171572 -0.0067399039488402193 0.80100603876189358 96.500000000000014 0.13049853372434014 0.55208333333333337 0.50266144880376917 0.021256401161418758 0.025788809479015188 -0.21940883190883159 -0.046548300542010305 0.017774147322391461 -0.53200382783082467 -0.014943930152630789 0.7472066676149357 0.72474631891709074 -0.36658764758805379 -0.22263073853261203 0.43651264121572747
decision_type=2 2 2 2 2 2 2 2 2 2 2 2 2 2 2 2 2 2 2 2
left_child=1 11 9 4 -4 6 10 -5 15 17 16 -1 -8 14 -10 -7 -2 -3 -13 -15
right_child=5 2 3 7 -6 8 12 -9 13 -11 -12 18 -14 19 -16 -17 -18 -19 -20 -21
leaf_value=-5.7612197669359102e-05 0.031933508717775422 0.00097118497540685494 0.02372706483830448 0.0080720730149919945 -0.011900432250295958 0.013910539719186843 -0.02991256260783004 -0.023382072393325321 0.012866949804756556 -0.0026509497196413171 -0.01353973188618781 0.0047207953039992414 0.00031922525324601343 -0.0068378107480828836 -0.021923159027953654 -0.018481033478206742 0 0.033097734142460998 0.034075749883179476 -0.035599182165085889
leaf_weight=11.049757547676561 19.67898498475552 10.6384991556406 47.57741317898035 18.847439013421535 28.071728363633156 15.502791061997412 25.236047692596912 69.577874764800072 10.144887462258341 17.738180994987488 10.137887626886366 12.273309513926504 16.408822327852249 10.13396270573139 21.749424248933792 17.830101020634174 10.431892201304434 52.427199296653271 99.45438165217638 102.56095315515995
leaf_count=69 67 43 158 70 93 63 125 259 34 62 87 68 83 49 96 95 38 215 765 717
internal_value=0 0.0127204 0.00444736 -0.0038329 0.00992111 -0.0177581 -0.00257253 -0.016086 -0.0243128 0.0213926 0.012024 0.0283239 -0.0176597 -0.0289394 -0.00926945 -0.0021352 0.022588 0.0287253 0.0314947 -0.0336894
internal_weight=627.472 367.656 244.878 164.074 75.6491 259.816 81.8936 88.4253 177.922 80.8039 40.2488 122.777 41.6449 144.589 31.8943 33.3329 30.1109 63.0657 111.728 112.695
internal_count=3256 1802 900 580 251 1454 400 329 1054 320 192 902 208 896 130 158 105 258 833 766
is_linear=0
shrinkage=0.05


Tree=90
num_leaves=14
num_cat=0
split_feature=268 284 375 373 36 211 105 10 119 299 28 307 119
split_gain=51.093 19.1074 13.9762 13.9735 14.2109 11.8867 6.01624 10.2044 5.76711 4.7439 3.42528 6.08144 3.95919
threshold=-0.61030683069502756 -0.1293161010896838 0.03304934422280615 -0.021988981625082445 0.04793264291970481 1.1704177636652566 0.21620491972920711 -0.012443387277224514 -0.016271697994036154 -0.12960935880666927 0.053482359146020814 0.021373647722858196 -0.040780349101090838
decision_type=2 2 2 2 2 2 2 2 2 2 2 2 2
left_child=6 2 3 5 -5 -2 10 -8 -4 -3 11 12 -1
right_child=1 9 8 4 -6 -7 7 -9 -10 -11 -12 -13 -14
leaf_value=0 -0.017756997782165527 0.00082420556404972582 -0.0028239768283245593 -0.0016356518945501823 -0.03756897276416226 0.017053805407310201 0.02145277297090907 -0.026562977312245824 0.033151191829579936 0.03292199397322889 -0.032937540072494866 0.01151547482410757 -0.030676285143042943
leaf_weight=11.615331061184405 27.414820954203606 17.178821638226509 10.755849927663801 94.032809048891068 38.088842675089836 109.88098891824484 18.364236027002335 19.496897168457508 44.538290500640869 84.14802248030901 89.37338288128376 13.251521110534666 34.767862610518932
leaf_count=71 96 57 44 325 119 446 80 142 208 771 593 48 256
internal_value=-2.36444e-05 0.00945235 0.00326416 -0.00134868 -0.0129689 0.00951543 -0.0216991 -0.00218453 0.0255104 0.0281396 -0.0261876 -0.0141801 -0.0227874
internal_weight=612.908 426.038 324.712 269.417 132.122 137.296 186.869 37.8611 55.2941 101.327 149.008 59.6347 46.3832
internal_count=3256 2066 1238 986 444 542 1190 222 252 828 968 375 327
is_linear=0
shrinkage=0.05


Tree=91
num_leaves=1
num_cat=0
split_feature=
split_gain=
threshold=
decision_type=
left_child=
right_child=
leaf_value=0
leaf_weight=
leaf_count=3256
internal_value=
internal_weight=
internal_count=
is_linear=0
shrinkage=1


Tree=92
num_leaves=20
num_cat=0
split_feature=274 297 21 165 258 68 284 104 274 86 69 73 17 222 163 309 68 264 19
split_gain=52.2566 14.7708 10.6802 9.63181 7.99881 11.7307 7.8164 7.63451 8.16559 7.58811 5.18429 8.00923 4.74728 4.67644 3.02016 2.87524 2.32736 1.69746 1.45828
threshold=0.53629512552684255 -0.79590634691715823 0.14814521262575822 0.00048235139771474401 0.69117647058823539 0.52664769077325035 -0.29358378658378442 -0.14213391509150899 0.78235895018073121 -5049901.9255099921 -0.018896609431440056 0.82108590318454155 -0.00096939245450358702 0.088991525423729193 -0.013320759089145647 0.47418844645463926 0.43121435010506687 49.500000000000007 0.22306572461097687
decision_type=2 2 2 2 2 2 2 2 2 2 2 2 2 2 2 2 2 2 2
left_child=1 10 7 4 -3 -6 12 -2 9 -9 11 -1 17 -8 -5 -14 -15 -4 -16
right_child=2 3 6 14 5 -7 13 8 -10 -11 -12 -13 15 16 18 -17 -18 -19 -20
leaf_value=-0.021199409575984089 -0.029984946581517964 0.026622266913814044 0 0 0.011306521318288913 -0.018228787485312186 0 0.030964560772314943 -0.021336783718648365 -0.00075323844103928944 0.03350810783232247 0.027934098783234041 -0.0028974460686873567 -0.0029644021324372895 0.0051598449888117966 0.025851264236004923 -0.034365681005393452 -0.026674717270364856 0.033485157136543639
leaf_weight=11.392613731324674 17.229399763047695 18.75675056874752 10.264897137880327 10.340472623705862 52.755916953086853 78.147833324968815 11.007252879440783 28.40452167391777 20.191864810883999 39.596918694674969 91.059223294258118 15.486895546317099 16.063386172056202 10.612482830882071 11.785018563270567 10.551752790808676 106.9174991697073 19.180729612708092 33.077203661203384
leaf_count=53 94 69 39 35 201 282 49 96 179 142 719 130 59 50 44 35 754 87 139
internal_value=0 0.0138338 -0.0152663 0.00526327 -0.00111101 -0.00596564 -0.0224537 -0.00194678 0.00378867 0.0125398 0.0278079 0.00539834 -0.00536355 -0.029235 0.0225702 0.008276 -0.0320895 -0.0188583 0.0278788
internal_weight=612.823 322.802 290.021 204.863 149.661 130.904 184.598 105.423 88.1933 68.0014 117.939 26.8795 56.0608 128.537 55.2027 26.6151 117.53 29.4456 44.8622
internal_count=3256 1672 1584 770 552 483 1073 511 417 238 902 183 220 853 218 94 804 126 183
is_linear=0
shrinkage=0.05


Tree=93
num_leaves=18
num_cat=0
split_feature=266 284 370 381 112 104 74 309 163 83 365 297 365 373 78 214 125
split_gain=46.7434 15.8909 14.8367 14.0396 12.599 13.0033 12.2787 9.4574 6.92188 8.21509 5.44776 4.58906 4.41805 4.27438 3.40585 2.14262 0.591875
threshold=-0.091221812465992078 -0.1293161010896838 0.49972118350904821 42.647565085986734 48.500000000000007 0.095641855214492047 -0.37760848424460697 0.11304031438952507 0.01574122898267399 -0.44777589431070469 0.18533479388219989 -0.40447753089637034 0.11893767253711957 0.01044041419418318 1.0153168729962931 0.53543441318771645 -0.1724265532157748
decision_type=2 2 2 2 2 2 2 2 2 2 2 2 2 2 2 2 2
left_child=7 2 4 6 15 -6 -4 12 9 13 -11 -3 -1 -9 -5 -2 -14
right_child=1 11 3 14 5 -7 -8 8 -10 10 -12 -13 16 -15 -16 -17 -18
leaf_value=0 0.0064154129063184037 0.00077234115486121636 0.023118875414929567 0.036191927751043337 -0.023693923386400501 0.025352737810046433 -0.018884585492542356 -0.0067497740243601962 0.021544454537709076 -0.0063727992954571329 -0.039969547453995079 0.03258945721422922 -0.0082154787041965795 0.025905023726293649 0 0.03403356534927747 -0.033026836982990908
leaf_weight=10.215050771832464 15.066371805965899 17.078946083784103 16.795607164502144 17.523366011679176 28.270655952394009 20.530957467854023 115.00654262304306 19.821758612990379 14.528766632080076 30.937843397259712 25.281411930918694 80.043823212385178 10.623980492353438 13.365911856293677 10.004582107067106 59.775569953024387 93.819382317364216
leaf_count=40 59 57 62 69 103 89 431 68 55 109 91 771 77 52 38 268 817
internal_value=-2.8144e-05 0.0104618 0.00414724 -0.00567996 0.0170402 -0.00182138 -0.0127658 -0.0183886 -0.00653766 -0.0121934 -0.0235848 0.0276846 -0.0282656 0.00607714 0.0245291 0.0295776 -0.0312682
internal_weight=598.691 380.096 282.974 159.33 123.644 48.8016 131.802 218.594 103.936 89.4069 56.2193 97.1228 114.658 33.1877 27.5279 74.8419 104.443
internal_count=3256 1947 1119 600 519 192 493 1309 375 320 200 828 934 120 107 327 894
is_linear=0
shrinkage=0.05


Tree=94
num_leaves=1
num_cat=0
split_feature=
split_gain=
threshold=
decision_type=
left_child=
right_child=
leaf_value=0
leaf_weight=
leaf_count=3256
internal_value=
internal_weight=
internal_count=
is_linear=0
shrinkage=1


Tree=95
num_leaves=23
num_cat=0
split_feature=272 272 165 130 130 21 356 72 36 110 355 125 72 284 67 217 272 372 1 120 70 262
split_gain=47.988 16.1696 12.2474 9.23681 10.5055 8.75038 7.28461 7.06374 6.57264 5.1547 4.97148 4.71173 5.80968 4.20055 4.01349 3.41413 3.41183 2.64885 2.54206 2.45831 0.953902 0.011781
threshold=-1.4290220538299332 -1.6954455103275496 -0.0034254089457675992 -14.499999999999998 -7.4999999999999991 0.13049853372434014 0.55208333333333337 0.010284240192530004 0.021256401161418758 44.500000000000007 -0.015432602005724249 -0.1333954918231022 0.0076248077724025325 -0.29600382783082574 -0.014943930152630789 7.4704415677843139 -1.3535441483276187 -0.0051521681881048212 0.011994410030641502 1.0000000180025095e-35 0.0048846261207660009 0.073033707865168551
decision_type=2 2 2 2 2 2 2 2 2 2 2 2 2 2 2 2 2 2 2 2 2 2
left_child=1 11 7 19 -5 6 10 9 15 -3 16 12 -1 14 -10 -7 -2 18 -8 -4 -15 -13
right_child=5 2 3 4 -6 8 17 -9 13 -11 -12 21 -14 20 -16 -17 -18 -19 -20 -21 -22 -23
leaf_value=-0.019396451351879115 0.015637250325391792 0.02521569628505967 0.034531802435427632 -0.035244575830110918 0.0079610346441419365 0.013450866574783378 0.0071973077677492782 -0.033647726214571967 0.012467681165883541 -0.014767115290724969 0.03328520658568139 0.011602199357656197 0.023558295457271856 -0.0080871228666183886 -0.020847001074002086 -0.016144421006365473 -0.017231969186893011 -0.03190604288410083 -0.021066329752649909 0.0025979796531562902 -0.034914812314153297 0.033804223139199292
leaf_weight=10.030857264995577 11.898606300354002 10.59731061756611 36.746482573449612 12.713810458779333 119.52944641560316 14.928324341773985 14.737755194306375 25.772667661309242 10.102037370204927 16.453543171286583 13.693542674183844 11.486970476806162 15.430251084268091 10.856471493840216 20.882172301411629 17.469873353838921 13.456272087991239 15.500897921621798 10.002167776226996 11.887933567166327 93.283862307667732 81.145083300769329
leaf_count=52 38 37 153 43 427 62 66 100 34 63 52 86 116 74 96 96 102 96 46 50 692 675
internal_value=0 0.011878 0.00388798 0.0102396 0.0027479 -0.0167291 -0.00220548 -0.0163469 -0.0231502 0.000186116 0.0120111 0.0267891 0.00461798 -0.0279336 -0.00837211 -0.00111087 -2.11864e-05 -0.0170333 -0.00346951 0.0282989 -0.0328895 0.0320242
internal_weight=598.606 351.794 233.701 180.878 132.243 246.812 79.2892 52.8235 167.523 27.0509 39.0484 118.093 25.4611 135.125 30.9842 32.3982 25.3549 40.2408 24.7399 48.6344 104.14 92.6321
internal_count=3256 1802 873 673 470 1454 400 200 1054 100 192 929 168 896 130 158 140 208 112 203 766 761
is_linear=0
shrinkage=0.05


Tree=96
num_leaves=19
num_cat=0
split_feature=266 268 165 165 286 112 214 220 238 264 372 162 68 370 246 394 386 105
split_gain=42.7205 14.8137 12.6067 9.3533 9.10508 8.73397 7.41506 7.22535 6.79531 5.82607 7.16351 6.38771 4.53607 4.34845 2.65941 2.38401 2.1615 0.878001
threshold=-0.091221812465992078 -0.20618661706744887 -0.0006808574815245894 -0.0040318092417419953 -0.47124368122533439 61.500000000000007 0.165703961160764 6.8858905499478515 1.9615384615384619 27.500000000000004 0.071183722857875123 0.81952711155613434 0.63858881465887241 0.49972118350904821 0.39887640449438205 0.010827862334045537 -0.12699336257199792 0.33059753713179602
decision_type=2 2 2 2 2 2 2 2 2 2 2 2 2 2 2 2 2 2
left_child=3 2 5 12 7 13 -6 -4 -7 11 16 -5 -1 -2 -14 -12 -11 -3
right_child=1 17 4 9 6 8 -8 -9 -10 10 15 -13 14 -15 -16 -17 -18 -19
leaf_value=-0.014994558021814222 0.034356833730399362 0.032688384626404297 -0.020794655241182989 -0.01988251426467507 -0.0043872990938975563 0.016158524431144312 0.0236319732025611 0.003771725452116491 -0.027576443388584372 -0.011028200340636167 0.014862645220052132 0.023545707220125597 0 0 0.028790007307364592 -0.014215371568177346 -0.034986726234314987 0.0061838997793007104
leaf_weight=15.71049954742193 56.57232865691185 62.388082325458527 72.630221426486969 17.125982142984871 41.249976560473442 16.777586758136749 43.723079331219196 43.218023851513863 12.713443920016291 21.516553193330765 10.262382067739965 11.459164641797541 10.031210049986841 12.835323125123976 14.025710374116896 11.996175266802309 100.29746648669243 10.086310066282747
leaf_count=63 259 667 275 131 155 68 196 150 46 148 62 47 41 52 58 88 671 79
internal_value=-6.6612e-07 0.010104 0.0048646 -0.0178315 -0.00215072 0.0192444 0.00977596 -0.0113454 -0.0019619 -0.0228295 -0.0268607 -0.000307229 0.00277829 0.0286533 0.0166085 0 -0.0315222 0.0300546
internal_weight=584.62 372.194 299.72 212.425 200.821 98.8987 84.9731 115.848 29.491 172.658 144.073 28.5851 39.7674 69.4077 24.0569 22.2586 121.814 72.4744
internal_count=3256 1947 1201 1309 776 425 351 425 114 1147 969 178 162 311 99 150 819 746
is_linear=0
shrinkage=0.05


Tree=97
num_leaves=1
num_cat=0
split_feature=
split_gain=
threshold=
decision_type=
left_child=
right_child=
leaf_value=0
leaf_weight=
leaf_count=3256
internal_value=
internal_weight=
internal_count=
is_linear=0
shrinkage=1


Tree=98
num_leaves=21
num_cat=0
split_feature=268 299 126 217 137 21 356 41 36 87 365 73 394 355 266 105 162 268 238 73
split_gain=43.8367 15.2394 12.4936 9.97106 8.88844 8.2509 6.88864 6.32228 6.31498 6.0699 5.017 4.95543 9.37076 4.66372 4.37077 4.31073 3.37974 3.1034 2.54908 1.85714
threshold=-0.42902205382993336 -0.5209063469171572 -0.0067399039488402193 8.0065630054920671 -1.0000000180025095e-35 0.13049853372434014 0.55208333333333337 0.028532293674977099 0.021256401161418758 0.025788809479015188 0.12120058066039982 0.81528114594513246 -0.010542446783210922 -0.015432602005724249 0.037226001511715338 0.017774147322391461 1.3703418883729614 -0.35354414832761899 0.65384615384615397 0.92192589248954693
decision_type=2 2 2 2 2 2 2 2 2 2 2 2 2 2 2 2 2 2 2 2
left_child=1 11 9 4 -4 6 13 -5 16 19 -10 12 -1 17 -12 -8 18 -2 -7 -3
right_child=5 2 3 7 -6 8 15 -9 10 -11 14 -13 -14 -15 -16 -17 -18 -19 -20 -21
leaf_value=-0.021648647580426165 0.014897131717610446 0.010169138748770746 -0.017180342078788133 -0.021844916527060318 0.019486607315610253 0.00021289118883043094 -0.028916946239515885 0.010562822455295467 0 -0.0032078622889894839 -0.0013871419567308835 0.03330604882017317 0.029669171709581912 0.032486886393489588 -0.034134990874440711 0.0011636820260558095 0.016874744335104472 -0.016657740932968835 -0.028730115207669372 0.034785497620116901
leaf_weight=12.546143576502802 11.857115715742109 21.928729809820652 19.225747853517532 70.268884733319283 54.56498059630394 10.534331567585474 23.882740624248981 14.70546120405197 12.290611766278742 17.15619783103466 15.128898218274115 79.014324337244034 16.72672738134861 13.567795395851133 103.13539676368237 15.587348848581312 11.337452158331869 13.078005135059358 10.040976680815218 37.959260530769825
leaf_count=56 38 95 63 278 188 57 125 51 68 62 63 718 128 52 765 83 47 102 54 163
internal_value=0 0.0114386 0.0039362 -0.00385518 0.00898416 -0.0162365 -0.00202531 -0.0154992 -0.0225944 0.0201593 -0.0273954 0.0267802 0.00615758 0.0118484 -0.030496 -0.0166173 -0.00085489 0 -0.0136493 0.0274821
internal_weight=584.537 344.096 235.809 158.765 73.7907 240.441 77.973 84.9743 162.468 77.0442 130.555 108.287 29.2729 38.5029 118.264 39.4701 31.9128 24.9351 20.5753 59.888
internal_count=3256 1802 900 580 251 1454 400 329 1054 320 896 902 184 192 828 208 158 140 111 258
is_linear=0
shrinkage=0.05


Tree=99
num_leaves=14
num_cat=0
split_feature=268 266 375 373 36 32 66 299 165 365 44 379 387
split_gain=39.311 15.7424 12.6768 12.0175 12.8544 10.0579 5.11971 4.89351 4.85833 4.40457 3.74529 3.36468 1.40887
threshold=-0.61030683069502756 0.2538176330674991 0.03304934422280615 -0.021988981625082445 0.04793264291970481 0.87557937526927787 0.37630583128451811 -0.12960935880666927 -0.0040318092417419953 0.12280152538785856 0.35740439001848889 0.0056381337161346421 -0.25106255682315926
decision_type=2 2 2 2 2 2 2 2 2 2 2 2 2
left_child=8 2 3 5 -5 -2 -4 -3 10 -10 -1 12 -11
right_child=1 7 6 4 -6 -7 -8 -9 9 11 -12 -13 -14
leaf_value=-0.017192049541046858 0.013784553204535713 0 -0.0006370867380096518 -0.0014708061847238016 -0.036094949975700237 -0.027780119359779559 0.032692604209368412 0.032007235629392297 0 -0.0096342231273496611 0.016183095813281083 -0.0004500762223662085 -0.032399660994801668
leaf_weight=13.934721000492575 118.72595766186714 16.168770119547844 11.613985374569891 91.864368788897991 37.08552323281765 13.047239437699316 40.484427012503147 72.921732909977436 14.788793347775934 17.933251433074474 13.64001791924238 14.820273697376249 94.759683229029179
leaf_count=57 499 55 47 326 119 45 206 769 62 130 53 101 787
internal_value=-1.40842e-06 0.00843365 0.00287517 -0.00153293 -0.0124018 0.00877136 0.024725 0.0266786 -0.0200472 -0.0237013 0 -0.0266416 -0.0295529
internal_weight=571.789 401.912 312.822 260.723 128.95 131.773 52.0984 89.0905 169.877 142.302 27.5747 127.513 112.693
internal_count=3256 2066 1242 989 445 544 253 824 1190 1080 110 1018 917
is_linear=0
shrinkage=0.05


Tree=100
num_leaves=1
num_cat=0
split_feature=
split_gain=
threshold=
decision_type=
left_child=
right_child=
leaf_value=0
leaf_weight=
leaf_count=3256
internal_value=
internal_weight=
internal_count=
is_linear=0
shrinkage=1


Tree=101
num_leaves=16
num_cat=0
split_feature=268 284 375 373 36 214 66 111 226 379 299 73 230 163 77
split_gain=39.9832 15.8175 12.4144 12.8297 12.703 7.59804 5.12512 4.91085 7.41683 4.55213 4.42372 3.78412 2.95685 1.17075 0.420094
threshold=-0.61030683069502756 -0.1293161010896838 0.03304934422280615 -0.021988981625082445 0.04793264291970481 0.20408163265306131 0.37630583128451811 17.500000000000004 -0.39911668151163787 0.0056381337161346421 -0.12960935880666927 0.89960556767151778 12.500000000000002 -0.014753287102907917 0.089021555357123042
decision_type=2 2 2 2 2 2 2 2 2 2 2 2 2 2 2
left_child=7 2 3 5 -5 -2 -4 8 11 13 -3 -1 -10 -9 -15
right_child=1 10 6 4 -6 -7 -8 9 12 -11 -12 -13 -14 14 -16
leaf_value=-0.032387003366947276 0.014223484437094853 -0.00035155808493935034 0.0007127910501419152 0.0017106716064757728 0.036172561246457714 -0.015095548287466558 -0.032644124818529172 0.0085370373158551154 0 0 -0.031990173472019927 0.0033989517709326332 0.030957404557042774 0.013785381234763715 0.035489546910106418
leaf_weight=10.857967160642149 23.388869240880013 16.801802828907967 11.619379788637159 91.566781178116798 37.09694330394268 107.81724069267511 40.289457567036152 14.546466156840323 11.96653266251087 16.517809145152569 72.813663810491562 10.137451581656931 20.65814358741045 16.484643578529358 69.142727121710777
leaf_count=38 81 57 47 325 119 461 205 70 80 95 771 55 170 128 554
internal_value=0 -0.00858149 -0.00298003 0.00138729 0.0126244 -0.00929544 -0.0246359 0.0201226 0.00589287 0.0259319 -0.0268017 -0.0147597 0.0207109 0.02984 0.0324834
internal_weight=571.706 401.394 311.779 259.87 128.664 131.206 51.9088 170.312 53.6201 116.692 89.6155 20.9954 32.6247 100.174 85.6274
internal_count=3256 2066 1238 986 444 542 252 1190 343 847 828 93 250 752 682
is_linear=0
shrinkage=0.05


Tree=102
num_leaves=18
num_cat=0
split_feature=266 284 30 74 86 307 64 112 83 111 27 34 299 258 73 213 25
split_gain=35.8965 13.4236 13.573 10.4774 10.1311 8.31816 7.91823 6.61597 5.80398 8.40809 5.61643 5.38342 4.25257 4.12662 3.75446 3.53379 0.497011
threshold=-0.091221812465992078 -0.1293161010896838 0.016315326421092902 -0.37760848424460697 -5181284.2793039931 0.021373647722858196 1.2552471021107092 62.500000000000007 -0.19931405200767741 13.500000000000002 0.60226175592325815 0.011703386652136409 -0.12960935880666927 0.95588235294117652 0.75886066130008489 6.6904704071458037 0.029318933685176206
decision_type=2 2 2 2 2 2 2 2 2 2 2 2 2 2 2 2 2
left_child=5 2 3 10 -5 14 7 -4 11 -10 -2 15 -3 -13 -1 -7 -11
right_child=1 12 6 4 -6 8 -8 -9 9 16 -12 13 -14 -15 -16 -17 -18
leaf_value=-0.0021081630011638565 -0.0042272479042675514 0.00041381982435265792 0.02380983299842921 -0.035086746652351106 -0.0019961978613128248 0.0033664817667787986 -0.020585718221657577 -0.00067929071747384556 0.009501094707015087 -0.011373977500868347 0.036168915156554564 -0.0009566066821489939 0.031642723706684965 0.032584740354889535 -0.03119835943905519 -0.029069051451120126 -0.039413519514250012
leaf_weight=17.560206092894077 11.970233105123045 16.810462519526482 101.81140003353357 37.856190755963326 62.40182276815176 14.373481757938864 11.295547775924204 31.92377845197916 14.348171338438986 11.727930396795275 14.628774821758268 11.282447881996633 69.226109601557255 17.653627619147301 84.147598437964916 10.847761198878286 19.787132799625397
leaf_count=113 45 57 460 154 224 56 47 132 55 45 57 44 771 69 821 36 70
internal_value=-2.89898e-05 0.0093688 0.00359346 -0.00800677 -0.0156314 -0.0168406 0.0140345 0.0177117 -0.00568365 -0.0184353 0.0177145 0.00464117 0.0263221 0.0190797 -0.0268577 -0.0104196 -0.0323232
internal_weight=559.653 357.924 271.888 126.857 100.258 201.728 145.031 133.735 100.021 45.8632 26.599 54.1573 86.0366 28.9361 101.708 25.2212 31.5151
internal_count=3256 1947 1119 480 378 1309 639 592 375 170 102 205 828 113 934 92 115
is_linear=0
shrinkage=0.05


Tree=103
num_leaves=1
num_cat=0
split_feature=
split_gain=
threshold=
decision_type=
left_child=
right_child=
leaf_value=0
leaf_weight=
leaf_count=3256
internal_value=
internal_weight=
internal_count=
is_linear=0
shrinkage=1


Tree=104
num_leaves=16
num_cat=0
split_feature=266 268 167 220 219 86 309 163 375 163 365 113 15 105 219
split_gain=36.6593 12.8244 11.1403 8.9 12.7998 10.3108 8.28822 5.71033 4.88914 5.85023 4.31729 1.58962 1.43173 0.791455 0.554777
threshold=-0.091221812465992078 -0.20618661706744887 -0.81761339454921067 6.8138213498285136 2.0632593881397741 -5233421.9532854958 0.11304031438952507 0.01574122898267399 0.03304934422280615 -0.0078256279326268264 0.12280152538785856 36.500000000000007 -0.0080267612402270278 0.30820743337743778 12.813659566400881
decision_type=2 2 2 2 2 2 2 2 2 2 2 2 2 2 2
left_child=6 2 11 5 -5 -4 10 8 9 -8 -1 -2 -10 -3 -12
right_child=1 13 3 4 -6 -7 7 -9 12 -11 14 -13 -14 -15 -16
leaf_value=0 -0.0071815558849696775 -0.032043427197697975 0.024043093821549587 0.0078256605540972333 -0.024179065397568339 -0.0032746145353130802 -0.0022646357878317262 -0.020159460626804449 0.001512650551845966 0.027256245687510845 0.03243372754165607 -0.035278757993647124 -0.019715285733395413 -0.0062125147359319358 0.007548011955234993
leaf_weight=11.764508306980131 14.381520166993139 55.244184836745262 55.957037642598152 50.228615194559097 68.645728148519993 75.688361003994942 20.478653863072395 13.837900206446646 10.119517266750337 45.588608436286449 80.191847369074821 27.096301048994064 10.000095099210737 10.21977926045656 10.129662968218325
leaf_count=52 69 658 223 181 295 297 72 55 43 166 808 136 39 88 74
internal_value=0 -0.0095461 -0.00472047 -0.000417885 -0.0103859 0.00824265 0.0169315 0.00577797 0.0110411 0.0176809 0.0269071 -0.0278023 -0.00806481 -0.0291901 0.0305109
internal_weight=559.572 357.462 291.998 250.52 118.874 131.645 202.111 100.025 86.1869 66.0673 102.086 41.4778 20.1196 65.464 90.3215
internal_count=3256 1947 1201 996 476 520 1309 375 320 238 934 205 82 746 882
is_linear=0
shrinkage=0.05


Tree=105
num_leaves=20
num_cat=0
split_feature=266 297 305 126 125 258 262 56 68 72 353 73 111 125 394 120 87 70 30
split_gain=33.0032 11.851 10.7372 8.50988 10.5675 10.8397 7.28819 6.74295 5.87555 5.47223 5.2576 4.91282 9.05105 4.72195 4.63749 2.87118 2.50099 2.28358 2.09052
threshold=0.042318408813254604 -0.79590634691715823 0.16473524473718085 -0.0062975917458328859 -0.035614336333419074 1.0441176470588236 0.23033707865168543 0.59356371573822198 0.42497551054376165 0.01373985756493641 0.03494700517511732 0.81528114594513246 19.500000000000004 -0.21764746465454429 0.012610404083286177 -0.0022256236544218595 0.025788809479015188 0.0080073316626043389 0.030186797572506145
decision_type=2 2 2 2 2 2 2 2 2 2 2 2 2 2 2 2 2 2 2
left_child=1 11 7 6 -5 -6 18 15 10 17 -4 12 -1 -10 -15 -2 -8 -9 -3
right_child=2 3 8 4 5 -7 16 9 13 -11 -12 -13 -14 14 -16 -17 -18 -19 -20
leaf_value=0.022837186975950965 0 -0.0075480296569744674 -0.024983512361529351 0.036733994178525679 -0.017934758640434183 0.010945150019923447 -0.034034478939381357 0 -0.0013862453414394695 0.012911234841532762 0.016747454726492403 -0.032425254616945974 -0.029006998515821239 0.031785858671572763 0.0023715833934693535 0.028999288851379253 -0.0022444806860739733 -0.029275598349413436 0.019202164680960754
leaf_weight=12.049257822334768 14.134057715535166 10.102014400064947 10.289792329072954 17.077705562114716 57.086835466325283 66.553271383047104 37.728983446955681 10.51163813471794 11.771031923592089 11.175528824329374 14.287823304533957 68.439389877021313 15.301477082073687 105.98422269523144 20.142600476741791 15.657551407814024 11.95734568685293 26.693946078419685 10.585001572966574
leaf_count=62 50 51 37 72 225 253 170 38 76 36 72 717 122 914 132 52 46 94 37
internal_value=-2.49372e-05 -0.0109405 0.013653 -0.00390783 0.00293048 -0.00210338 -0.0178238 -0.000979826 0.0208857 -0.0128036 0 -0.0253429 -0.00452009 0.0248305 0.0276398 0.0161117 -0.0278964 -0.0221583 0.00472694
internal_weight=547.529 306.881 240.648 211.091 140.718 123.64 70.3733 78.1727 162.475 48.3811 24.5776 95.7901 27.3507 137.898 126.127 29.7916 49.6863 37.2056 20.687
internal_count=3256 1755 1501 854 550 478 304 270 1231 168 109 901 184 1122 1046 102 216 132 88
is_linear=0
shrinkage=0.05


Tree=106
num_leaves=1
num_cat=0
split_feature=
split_gain=
threshold=
decision_type=
left_child=
right_child=
leaf_value=0
leaf_weight=
leaf_count=3256
internal_value=
internal_weight=
internal_count=
is_linear=0
shrinkage=1


Tree=107
num_leaves=21
num_cat=0
split_feature=266 165 305 266 393 221 66 394 104 68 353 125 394 30 265 225 365 113 72 62
split_gain=34.1136 13.2399 9.60787 7.65505 6.89694 6.87875 6.75991 5.94017 6.88463 5.88385 5.2598 4.73095 4.65923 3.62666 3.30999 3.63501 2.96773 2.73936 2.38933 2.06511
threshold=0.042318408813254604 -0.0034254089457675992 0.16473524473718085 -0.22136068869254255 -0.067791951267462944 19.67608920395806 0.4437530153865461 0.019444568701779467 -0.22263073853261203 0.42497551054376165 0.03494700517511732 -0.21764746465454429 0.012610404083286177 0.014433432263196664 0.093073593073593086 1.3960008582325905 0.14313442558080838 25.500000000000004 0.010897986864444464 0.67874148916339327
decision_type=2 2 2 2 2 2 2 2 2 2 2 2 2 2 2 2 2 2 2 2
left_child=1 3 4 18 13 7 -7 8 -3 10 -4 -11 -13 19 -6 -16 -8 -5 -1 -2
right_child=2 5 9 17 14 6 16 -9 -10 11 -12 12 -14 -15 15 -17 -18 -19 -20 -21
leaf_value=0.021995533874052012 0.0034673601675346052 -0.0082834946121030147 0.025052291288889639 0 -0.029193990153795497 -0.030267262389548528 0.028016809118442117 -0.0074382004038770922 0.02485036631511504 0.0014899216619527885 -0.016684414789531924 -0.031750971836073012 -0.0022690510620705204 -0.0051428880099293056 -0.019189518668507738 0.017426766429492032 -0.0032844784221342845 -0.03053721876097883 -0.0032846286209095364 0.035208057118650077
leaf_weight=15.771213442087175 13.649905681610109 13.337579876184462 10.293490804731848 12.414307639002798 16.546699956059456 12.025126442313192 10.722603298723699 14.374975703656672 180.44819723814726 11.74519209563732 14.265758611261843 105.62729782611132 20.099036887288094 11.731542244553564 10.259950652718546 10.845298036932943 10.402286224067209 26.142051070928574 11.59884376823902 15.148889139294623
leaf_count=78 52 70 37 50 54 49 49 93 1121 76 72 914 132 42 34 35 64 123 58 53
internal_value=0 0.0110422 -0.0139687 -0.00803985 0 0.0164948 -0.00316253 0.0198625 0.0222243 -0.0208113 0 -0.0247699 -0.027589 0.0142649 -0.0143614 0 0.0120392 -0.0221167 0.0103698 0.0234826
internal_weight=547.45 307.237 240.213 65.9264 78.1823 241.311 33.15 208.161 193.786 162.031 24.5592 137.472 125.726 40.5303 37.6519 21.1052 21.1249 38.5564 27.3701 28.7988
internal_count=3256 1755 1501 309 270 1446 162 1284 1191 1231 109 1122 1046 147 123 69 113 173 136 105
is_linear=0
shrinkage=0.05


Tree=108
num_leaves=15
num_cat=0
split_feature=299 270 68 126 83 242 74 111 111 299 19 234 216 77
split_gain=30.1776 13.529 8.26037 10.1715 9.65201 6.86907 6.81206 5.16192 5.91589 4.43435 3.90405 3.69819 2.23516 1.51646
threshold=-0.38010071474983786 -0.74618236693250084 0.42497551054376165 -0.0071545202942076549 0.15328323626704357 1.1323529411764708 -0.35815136570161127 18.500000000000004 12.500000000000002 -0.12960935880666927 0.31223534246557361 1.5000000000000002 0.92779106559151037 0.066666666649998443
decision_type=2 2 2 2 2 2 2 2 2 2 2 2 2 2
left_child=7 2 5 6 -5 10 -4 8 11 -3 -2 -1 -9 -14
right_child=1 9 3 4 -6 -7 -8 12 -10 -11 -12 -13 13 -15
leaf_value=0.0058231497046717573 -0.039446288891761938 0 0.017845998560023568 0.019807072306233547 -0.0043033848533116951 0.0073937167064075304 -0.015732013772012034 -0.00059094986407944559 0.022294288792618966 0.031013433756499259 0 -0.024459926160462938 -0.0058780604314880892 -0.032061995575490457
leaf_weight=10.38514871150255 22.015020579099655 15.886816412210463 15.446397610008715 128.85404508560896 54.766990274190903 16.413065627217293 65.738407924771309 11.648737139999865 11.175302490592001 62.815195627510548 10.357655644416807 26.252920530736446 12.933297000825403 71.236788377165794
leaf_count=73 80 55 58 590 211 66 245 81 51 769 33 210 107 627
internal_value=0 0.00709398 0.0021754 0.00582829 0.0123944 -0.0158758 -0.00834116 -0.019464 -0.00436012 0.0252808 -0.0287135 -0.0148236 -0.0261336 -0.028953
internal_weight=535.926 392.294 313.592 264.806 183.621 48.7857 81.1848 143.632 47.8134 78.702 32.3727 36.6381 95.8188 84.1701
internal_count=3256 2107 1283 1104 801 179 303 1149 334 824 113 283 815 734
is_linear=0
shrinkage=0.05


Tree=109
num_leaves=1
num_cat=0
split_feature=
split_gain=
threshold=
decision_type=
left_child=
right_child=
leaf_value=0
leaf_weight=
leaf_count=3256
internal_value=
internal_weight=
internal_count=
is_linear=0
shrinkage=1


Tree=110
num_leaves=19
num_cat=0
split_feature=305 284 375 165 34 264 21 356 105 290 39 365 112 118 36 19 305 125
split_gain=31.033 14.0902 12.4105 10.1367 9.68902 9.12849 8.5141 4.73614 5.10812 4.50742 7.25388 4.10816 4.03037 3.847 1.7373 1.61291 1.22347 0.296934
threshold=-0.012960742517098774 -0.23524368122533343 0.03304934422280615 -0.0026374751461014866 0.01114182924451493 37.500000000000007 0.14814521262575822 0.55208333333333337 0.017774147322391461 0.27902507062146781 0.47525009135416568 0.11893767253711957 26.500000000000004 1.0000000180025095e-35 0.011804808591349842 0.29901710316819391 -0.070293018943807989 -0.15610253719141973
decision_type=2 2 2 2 2 2 2 2 2 2 2 2 2 2 2 2 2 2
left_child=9 2 3 4 -2 -5 7 13 -9 11 -11 -1 -4 -3 -8 -12 17 -13
right_child=1 6 12 5 -6 -7 14 8 -10 10 15 16 -14 -15 -16 -17 -18 -19
leaf_value=-9.6495159520094986e-05 0.014695193303636651 -0.0092843867701692534 0 -0.011223915928846787 -0.025795726066563687 0.019442996641348305 -0.0037664408851844737 -0.032563205284846589 0.001388010413760723 -0.026087498149423752 0 0.010449034462243871 -0.032459909588807095 0.020926483904032192 -0.032617493107080363 0.024594433733137563 0.004667246400727766 0.033051289930843906
leaf_weight=10.507970243692396 19.167881265282631 14.512936845421789 13.323882579803465 26.383220627903938 37.434361636638641 112.36780715733767 10.859076805412768 20.092912726104259 15.779606290161608 10.499569639563559 11.081968389451506 12.211599335074423 29.730114571750164 19.793247006833553 72.028069943189621 19.469446770846844 10.931034587323664 69.675469897687435
leaf_count=43 73 96 62 98 164 396 59 129 94 38 46 110 138 105 692 97 50 766
internal_value=0 -0.00728871 0.000148113 0.00577772 -0.0111954 0.0131449 -0.0189725 -0.00494034 -0.0173879 0.0196017 0.00372647 0.0251555 -0.0230224 0.00708691 -0.0296835 0.0168793 0.0284496 0.0307581
internal_weight=535.85 391.473 238.407 195.353 56.6022 138.751 153.066 70.1787 35.8725 144.377 41.051 103.326 43.054 34.3062 82.8871 30.5514 92.8181 81.8871
internal_count=3256 2106 931 731 237 494 1175 424 223 1150 181 969 200 201 751 143 926 876
is_linear=0
shrinkage=0.05


Tree=111
num_leaves=18
num_cat=0
split_feature=266 284 30 74 381 305 6 74 215 190 67 167 297 125 62 119 220
split_gain=27.8543 11.215 11.8221 8.83916 9.27244 7.07641 5.42243 5.02852 6.23733 4.45135 5.87668 4.10506 3.92798 3.88755 3.86505 3.45431 3.173
threshold=-0.091221812465992078 -0.1293161010896838 0.016315326421092902 -0.37760848424460697 42.647565085986734 -0.070293018943807989 0.0011965204760123855 -0.22180083260225122 3.4999999999999996 0.035103383458646338 -0.025014041598482081 -0.6074111614472758 -0.40447753089637034 -0.1333954918231022 0.53073745990838239 -1.0000000180025095e-35 6.5992846230120845
decision_type=2 2 2 2 2 2 2 2 2 2 2 2 2 2 2 2 2
left_child=5 2 3 6 -5 13 -2 15 -9 11 -11 -4 -3 16 -10 -7 -1
right_child=1 12 9 4 -6 7 -8 8 14 10 -12 -13 -14 -15 -16 -17 -18
leaf_value=-0.021101166977108256 -0.0072279532188337858 0 0.017978348480236096 -0.023015722210897073 0.011925381366863858 -0.0037287461457842365 0.033499659441776887 -0.035698259155726123 -0.020770788019778507 -0.0026117922394074062 0.02840740339410544 -0.0065262643342489518 0.030719649413318825 -0.030966542870405841 0.005931337062988571 0.02813346195277517 0.012763650595248264
leaf_weight=10.475556142628195 10.271453663706781 16.385213121771812 24.311877876520157 76.171805262565613 20.822263479232788 11.966654054820539 15.174558430910109 17.617243312299252 16.656088925898075 15.877609737217425 58.944746010005474 39.819070801138878 60.127279445528984 69.815425507724285 37.523379907011986 13.01294396817684 10.056995034217833
leaf_count=100 38 57 117 300 78 52 64 75 58 63 298 161 771 771 145 45 63
internal_value=0 0.0084649 0.00320268 -0.00777415 -0.0148819 -0.0154202 0.0162735 -0.00510363 -0.0120849 0.0131871 0.0213356 0.00240685 0.0250145 -0.0254161 -0.00206218 0.0123194 -0.00287666
internal_weight=525.03 337.906 261.393 122.44 96.9941 187.124 25.446 96.7763 71.7967 138.953 74.8224 64.1309 76.5125 90.348 54.1795 24.9796 20.5326
internal_count=3256 1947 1119 480 378 1309 102 375 278 639 361 278 828 934 203 97 163
is_linear=0
shrinkage=0.05


Tree=112
num_leaves=1
num_cat=0
split_feature=
split_gain=
threshold=
decision_type=
left_child=
right_child=
leaf_value=0
leaf_weight=
leaf_count=3256
internal_value=
internal_weight=
internal_count=
is_linear=0
shrinkage=1


Tree=113
num_leaves=17
num_cat=0
split_feature=266 284 30 309 373 163 64 112 83 117 72 25 365 297 262 211
split_gain=28.5462 10.813 11.7838 7.05436 6.77537 9.18031 5.81351 6.23507 5.11689 5.43795 4.76915 4.28988 4.22906 3.94399 1.57656 0.252136
threshold=-0.091221812465992078 -0.1293161010896838 0.016315326421092902 0.11304031438952507 0.096704310111482519 -0.0050313856371331485 1.2552471021107092 62.500000000000007 -0.19931405200767741 -0.43831360023976002 0.010474744603551899 0.063738375496986591 0.12280152538785856 -0.40447753089637034 0.24157303370786518 4.4404497798787865
decision_type=2 2 2 2 2 2 2 2 2 2 2 2 2 2 2 2
left_child=3 2 4 12 5 -2 7 -4 10 -10 11 -5 -1 -3 -11 -14
right_child=1 13 6 8 -6 -7 -8 -9 9 14 -12 -13 15 -15 -16 -17
leaf_value=0 -0.0064243138673303855 0 -0.022823048497035023 -0.0059115660556055801 -0.020450707156184786 0.022732704179883902 0.016350351992006948 0.0012860137674043624 -0.0078696142016109853 0.0074809047233248497 -0.025145350522222137 0.026916639551593305 0.032561339252574338 -0.030689303705881799 0.03717781139119785 0.01315412684111498
leaf_weight=11.300642311573027 37.554783701896667 16.373937696218491 96.830731429159641 24.429360128939152 14.7928164973855 70.106425762176514 10.912051640450953 31.03910157084465 11.348052769899367 14.286015406250952 16.361541762948036 11.652814656496046 61.499498337507248 59.851655498147011 18.704826042056084 17.910508431494236
leaf_count=52 144 57 460 94 63 273 47 132 44 53 69 42 708 771 73 174
internal_value=0 -0.00865513 -0.00348062 0.0155161 0.00747281 0.0122118 -0.0134516 -0.0166934 0.00519871 0.0173924 -0.00459202 0.00466336 0.0254717 -0.0249545 0.0274029 0.0294291
internal_weight=524.955 337.462 261.236 187.493 122.454 107.661 138.782 127.87 96.7826 44.3389 52.4437 36.0822 90.7106 76.2256 32.9908 79.41
internal_count=3256 1947 1119 1309 480 417 639 592 375 170 205 136 934 828 126 882
is_linear=0
shrinkage=0.05


Tree=114
num_leaves=18
num_cat=0
split_feature=266 165 21 28 213 64 266 16 74 372 355 222 365 356 113 284 72
split_gain=25.7549 11.2515 10.6565 7.9436 9.85357 7.02938 6.47682 6.30263 7.94232 8.25506 5.2701 4.55348 5.12783 2.61799 2.47403 2.45764 2.28879
threshold=0.042318408813254604 -0.0034254089457675992 0.14814521262575822 0.050408413401306508 6.0633086896430655 0.34737152620912048 -0.22136068869254255 -0.0019232007365951153 -0.27471025294705526 -0.0051521681881048212 -0.25253031537890464 0.097845617204948387 0.1279546747225826 0.73958333333333337 25.500000000000004 -0.28943112992409731 0.010897986864444464
decision_type=2 2 2 2 2 2 2 2 2 2 2 2 2 2 2 2 2
left_child=1 6 7 4 5 -3 16 -2 -9 -10 -5 -4 -13 -12 -8 -14 -1
right_child=2 3 11 10 -6 -7 14 8 9 -11 13 12 15 -15 -16 -17 -18
leaf_value=-0.020944117574943924 -0.025320969398759014 -0.029112900305740753 -0.0019461237015483295 0.0035822440828360684 0.024951362352272615 -0.00033962127917895721 0 0.032580765784398467 -0.018134913193598862 0.018467337895745443 -0.033248096623625156 -0.00099854824729290808 0.0085721058673181357 -0.010810305378171703 0.02955522178723682 0.032564975864615348 0.0043194051815569909
leaf_weight=15.038567177951338 17.319243267178535 33.950821846723557 14.117935068905352 11.376064546406267 18.778013490140438 58.665721528232098 12.076327741146086 17.838032927364111 34.839086055755615 22.387984149158001 74.358827777206898 13.30427001044154 22.232290543615818 29.383697673678398 24.657795339822769 82.57764482870698 11.049805112183092
leaf_count=78 79 224 68 76 94 339 50 118 164 156 532 90 97 181 123 729 58
internal_value=0 -0.00990617 0.0125237 -0.015136 -0.00483675 -0.0119926 0.00802134 -3.08638e-05 0.00591249 -0.00277882 -0.0243028 0.0214707 0.0246614 -0.0278437 0.0212689 0.0283195 -0.00918288
internal_weight=513.952 289.336 224.616 226.513 111.395 92.6165 62.8225 92.3843 75.0651 57.2271 115.119 132.232 118.114 103.743 36.7341 104.81 26.0884
internal_count=3256 1755 1501 1446 657 563 309 517 438 320 789 984 916 713 173 826 136
is_linear=0
shrinkage=0.05


Tree=115
num_leaves=1
num_cat=0
split_feature=
split_gain=
threshold=
decision_type=
left_child=
right_child=
leaf_value=0
leaf_weight=
leaf_count=3256
internal_value=
internal_weight=
internal_count=
is_linear=0
shrinkage=1


Tree=116
num_leaves=16
num_cat=0
split_feature=292 297 165 46 246 137 112 221 73 394 72 86 73 65 137
split_gain=26.7744 13.2886 12.4875 7.82745 7.78284 9.70715 5.78832 5.7859 4.90794 7.53009 4.66849 4.32058 4.17896 2.29019 1.31703
threshold=0.76475631877466665 -0.79590634691715823 0.00048235139771474401 0.86529993173506903 0.26404494382022475 -0.14197651762067778 17.500000000000004 16.515710774859773 0.81528114594513246 -0.010542446783210922 0.01386272911620808 -428295.2342805005 1.0681390847267986 -0.025019871442492621 -0.1286574657111054
decision_type=2 2 2 2 2 2 2 2 2 2 2 2 2 2 2
left_child=1 8 4 11 6 -6 -3 10 9 -1 -4 14 -5 -13 -2
right_child=3 2 7 12 5 -7 -8 -9 -10 -11 -12 13 -14 -15 -16
leaf_value=-0.021168924100084203 -0.0078577096626394338 -0.010138549350456671 0.027780843538960792 0.01688746045835246 0.017966740726415881 -0.017796418446341902 0.019375353569450658 -0.010099827118955634 0.031674460765539827 0.027325786953132647 -0.0032904496020477875 0.011327090680636665 -0.017713100797578766 -0.016065465053815082 -0.031681239805352278
leaf_weight=12.014045901596548 15.247971095144747 21.570878647267818 63.390312857925892 19.983481671661142 18.796070292592049 113.90060622990131 41.829447858035564 12.163348302245138 60.445353157818317 13.530914746224878 10.66868110001087 10.592963468283417 10.383155301213263 12.788539849221705 76.57242215052247
leaf_count=56 96 96 261 101 73 491 171 49 718 128 36 69 64 116 731
internal_value=0 0.00719186 0.00167153 -0.017924 -0.00511979 -0.012077 0.00857636 0.0173304 0.0240867 0.00293884 0.0227021 -0.0238069 0.00302924 -0.00188319 -0.0286261
internal_weight=513.878 368.31 282.319 145.569 196.097 132.697 63.4003 86.2223 85.9903 25.545 74.059 115.202 30.3666 23.3815 91.8204
internal_count=3256 2079 1177 1177 831 564 267 346 902 184 297 1012 165 185 827
is_linear=0
shrinkage=0.05


Tree=117
num_leaves=17
num_cat=0
split_feature=266 284 370 381 74 399 137 309 163 163 373 297 365 217 392 98
split_gain=23.4345 10.3859 10.7169 12.0243 8.5098 7.90905 7.13213 6.86671 5.52158 3.89105 4.7244 3.72212 3.23533 2.42967 0.148127 0.0812224
threshold=-0.10324381926683611 -0.1293161010896838 0.49972118350904821 42.647565085986734 -0.37760848424460697 0.054201642827116932 -0.1286574657111054 0.073473534491516293 0.01574122898267399 0.0053442275174910943 0.017513197503545078 -0.40447753089637034 0.12403666421412977 7.1053434344823145 5.5000000000000009 1.5000000000000002
decision_type=2 2 2 2 2 2 2 2 2 2 2 2 2 2 2 2
left_child=7 2 5 4 -4 6 -2 12 9 10 -9 -3 -1 -5 -11 -14
right_child=1 11 3 13 -6 -7 -8 8 -10 14 -12 -13 15 -15 -16 -17
leaf_value=0 -0.0079119210339413625 0 0.017786284488295757 0 -0.017960850056958355 -0.01802275817153701 0.024522204491353772 -0.011201230525129096 0.022184054991893468 -0.035340706270583035 0.019291418824547515 0.030106754332232689 -0.0328329580386394 0.033720975565757871 -0.0095286703281502461 -0.012016687409246968
leaf_weight=10.336889356374739 16.691242456436157 16.195373833179474 15.733430743217466 10.007236756384374 108.18814863264561 13.105448186397551 87.413320895284414 41.283977083861828 12.007689997553824 10.77740052342415 14.370529361069201 54.878042418509722 52.996166504919529 15.512383997440336 11.083199508488176 13.86446203291416
leaf_count=53 66 57 65 42 448 45 437 172 51 38 63 771 660 67 49 172
internal_value=0 0.0074803 0.00263593 -0.00597143 -0.0127152 0.0139013 0.0187792 -0.0152597 -0.00485392 -0.0103338 -0.00189129 0.0241374 -0.0260705 0.0229156 -0.0269944 -0.0299335
internal_weight=504.445 337.725 266.651 149.441 123.922 117.21 104.105 166.72 89.5228 77.5151 55.6545 71.0734 77.1975 25.5196 21.8606 66.8606
internal_count=3256 1998 1170 622 513 548 503 1258 373 322 235 828 885 109 87 832
is_linear=0
shrinkage=0.05


Tree=118
num_leaves=1
num_cat=0
split_feature=
split_gain=
threshold=
decision_type=
left_child=
right_child=
leaf_value=0
leaf_weight=
leaf_count=3256
internal_value=
internal_weight=
internal_count=
is_linear=0
shrinkage=1


Tree=119
num_leaves=16
num_cat=0
split_feature=286 299 126 125 113 46 120 69 111 353 399 87 73 82 49
split_gain=24.4557 12.609 11.6705 11.0598 11.4741 7.27906 6.97188 5.51982 6.02085 4.80497 4.64627 4.00979 3.91793 3.90484 1.37678
threshold=-0.47124368122533439 -0.5209063469171572 -0.0067399039488402193 -0.035614336333419074 14.500000000000002 0.86529993173506903 1.0000000180025095e-35 -0.018896609431440056 20.500000000000004 0.088081947380450609 -0.060395407339102834 0.024066228590964082 1.0681390847267986 0.60123746686566848 0.86381076655183586
decision_type=2 2 2 2 2 2 2 2 2 2 2 2 2 2 2
left_child=1 7 6 -4 -5 10 11 8 -1 -8 14 -3 -7 -12 -2
right_child=5 2 3 4 -6 12 9 -9 -10 -11 13 -13 -14 -15 -16
leaf_value=-0.023400032735227533 -0.031883490140012287 0.029248500416431813 -0.035957614677173476 -0.021029951441919173 0.0075903050088171609 0.016306210296940651 0.016223715917041363 0.03078474259973504 0.024151582482634996 -0.023160171857221516 0.012053438505042416 0 -0.017331085714071857 -0.020323218308199036 -0.0038251677386070167
leaf_weight=10.042374297976496 71.853778820484877 56.606451816856861 22.722130179405212 46.083708964288235 118.48712037503719 19.855132129043344 10.126655809581282 62.460859075188637 10.561853811144827 14.20668178796768 14.137085527181627 11.213720440864561 10.248694557696579 15.74732246622443 10.017340976744888
leaf_count=55 726 248 103 191 485 101 49 719 128 61 92 40 64 129 65
internal_value=0 0.0068953 0.00153221 -0.00543904 -0.000358676 -0.0173808 0.0159508 0.0236745 0 -0.00495902 -0.023187 0.0240514 0.00281135 -0.00378432 -0.0292961
internal_weight=504.371 362.512 279.446 187.293 164.571 141.859 92.1535 83.0651 20.6042 24.3333 111.756 67.8202 30.1038 29.8844 81.8711
internal_count=3256 2079 1177 779 676 1177 398 902 183 110 1012 288 165 221 791
is_linear=0
shrinkage=0.05


Tree=120
num_leaves=20
num_cat=0
split_feature=270 165 21 28 213 64 270 305 355 222 365 15 221 44 356 162 292 265 74
split_gain=21.7122 10.2158 9.70339 7.40959 9.06166 6.57206 5.81068 5.5638 4.95953 4.30474 5.03917 4.22806 3.04404 2.97042 2.51556 2.40069 2.31207 2.24001 1.96662
threshold=-0.95768159118674523 -0.0034254089457675992 0.14814521262575822 0.050408413401306508 6.0633086896430655 0.34737152620912048 -1.2213606886925423 0.16473524473718085 -0.25253031537890464 0.097845617204948387 0.1279546747225826 0.0012187213923100782 14.343196427937238 0.63890521900032338 0.73958333333333337 1.0502034743897051 0.71056887007590286 0.15557476231633538 0.055883703269412853
decision_type=2 2 2 2 2 2 2 2 2 2 2 2 2 2 2 2 2 2 2
left_child=1 6 7 4 5 -3 18 12 -5 -4 -11 -9 15 -13 -10 -2 -12 -8 -1
right_child=2 3 9 8 -6 -7 17 11 14 10 16 13 -14 -15 -16 -17 -18 -19 -20
leaf_value=0.0029936340741695822 0 -0.028286177323736013 -0.0022593565920958052 0.003829935017606412 0.024429640915231979 0 0.028036368648131672 -0.012649929969710878 -0.032403192077839905 -0.0018504032865934448 0.0082073491685797657 0.027803361207806628 0.0058767027651578799 0 -0.010031206002477845 -0.028744922863893387 0.031892584062769076 0 -0.020370383218863752
leaf_weight=11.975183140486481 10.072900399565695 32.356016431003809 13.856870125979183 11.029568567872046 18.462385378777981 57.039153765887022 25.311057008802891 10.085662506520746 70.624730478972197 12.912476971745489 21.845589943230152 25.005160767585039 10.225477784872053 11.447149962186812 28.348800044506788 22.81235958635807 77.417624812573195 10.402900397777556 13.360124740749596
leaf_count=63 40 224 68 76 94 339 124 67 532 90 97 227 37 66 181 80 729 49 73
internal_value=0 -0.00923812 0.0117558 -0.0143477 -0.00426153 -0.011329 0.00803312 -0.000327508 -0.0234189 0.0205461 0.0237828 0.0107704 -0.0133134 0.0189869 -0.0269692 -0.0206662 0.0275626 0.0207405 -0.00841465
internal_weight=494.591 278.91 215.681 217.861 107.858 89.3952 61.0493 89.6487 110.003 126.033 112.176 46.538 43.1107 36.4523 98.9735 32.8853 99.2632 35.714 25.3353
internal_count=3256 1755 1501 1446 657 563 309 517 789 984 916 360 157 293 713 120 826 173 136
is_linear=0
shrinkage=0.05


Tree=121
num_leaves=1
num_cat=0
split_feature=
split_gain=
threshold=
decision_type=
left_child=
right_child=
leaf_value=0
leaf_weight=
leaf_count=3256
internal_value=
internal_weight=
internal_count=
is_linear=0
shrinkage=1


Tree=122
num_leaves=21
num_cat=0
split_feature=266 165 21 28 37 375 266 163 354 26 105 44 222 354 256 111 356 19 113 74
split_gain=22.6656 10.2143 8.75722 7.39168 7.23118 9.32987 5.81658 5.28593 5.14183 4.81207 4.96371 7.81998 4.30976 3.64822 2.91074 2.88757 2.73508 2.54452 2.37536 1.96601
threshold=0.042318408813254604 -0.0034254089457675992 0.14814521262575822 0.050408413401306508 0.039305474821847645 0.054491563549983198 -0.22136068869254255 0.0069735230467090426 0.21951409694885357 -0.03995967999640359 1.0000000180025095e-35 0.5978377593659715 0.097845617204948387 0.024641448935285675 1.7857142857142858 59.500000000000007 0.59375000000000011 0.53124317341430061 25.500000000000004 0.055883703269412853
decision_type=2 2 2 2 2 2 2 2 2 2 2 2 2 2 2 2 2 2 2 2
left_child=1 6 9 4 5 -3 19 -6 13 14 16 -12 -4 -5 -2 17 -11 -14 -8 -1
right_child=2 3 12 8 7 -7 18 -9 -10 10 11 -13 15 -15 -16 -17 -18 -19 -20 -21
leaf_value=-0.0029004079698343298 0.027723740647315077 0.029199040672952117 0.0023470198213501026 0.0063741390775520967 -0.021928678304632007 -0.011638009509742154 0 0.0080220070417893492 0 -0.00071008108335306826 -0.018124749384402311 0.027745068485913928 -0.029529936567274213 0.033669980688513533 -8.4914015740303599e-05 0 -0.033699857270302273 -0.00034739156101159065 -0.028965496743633818 0.020437719539222035
leaf_weight=11.984850939363243 16.876345474272966 40.430378995835781 13.856827110052107 22.457268122583628 29.147854458540678 16.561279967427254 11.898700952529905 21.854126147925854 17.14640136808157 14.205146830528976 14.249939631670715 16.137432023882866 86.640124082565308 70.618908021599054 11.350933060050012 13.164685040712355 16.741118010133505 12.05303969234228 23.763624176383018 13.37925263866782
leaf_count=63 86 258 68 140 144 94 50 161 121 93 85 78 727 528 79 86 96 103 123 73
internal_value=0 0.00934527 -0.0121108 0.0144449 0.00436864 0.0165101 -0.00793119 -0.00843636 0.0234984 0 -0.00791454 0.00504138 -0.020465 0.0280092 0.0160061 -0.0237137 -0.0214306 -0.026573 -0.0206686 0.00850696
internal_weight=494.518 279.243 215.276 218.216 107.994 56.9917 61.0264 51.002 110.223 89.5609 61.3336 30.3874 125.715 93.0762 28.2273 111.858 30.9463 98.6932 35.6623 25.3641
internal_count=3256 1755 1501 1446 657 352 309 305 789 517 352 163 984 668 165 916 189 830 173 136
is_linear=0
shrinkage=0.05


Tree=123
num_leaves=17
num_cat=0
split_feature=305 375 373 222 19 165 120 126 111 394 65 86 297 105 305 25
split_gain=20.1151 11.1512 13.9105 12.4385 11.8304 11.0291 9.78308 5.08286 4.87693 5.6673 4.21857 3.85102 2.99355 1.97956 1.23458 0.339331
threshold=-0.012960742517098774 0.03304934422280615 -0.021988981625082445 0.59283794162826442 0.42853799956089295 0.0015328188019582782 -1.0000000180025095e-35 -0.0071545202942076549 18.500000000000004 -0.0059059369264820574 0.023782257150534173 -5088973.3515779991 -0.7718310993036257 0.25928996611796212 -0.057941842938504982 0.055417639703953421
decision_type=2 2 2 2 2 2 2 2 2 2 2 2 2 2 2 2
left_child=8 2 4 6 7 -6 -4 -2 9 -1 -5 -3 -11 14 -10 -13
right_child=1 11 3 10 5 -7 -8 -9 13 12 -12 15 -14 -15 -16 -17
leaf_value=0.019157375395494159 0.0044543177020052128 0 -0.017169134510741636 -0.041928376059732007 0.013918259969386539 -0.025774341353196561 0.013170239966224474 0.031598287303032269 -0.030814835841573376 -0.027736421067204305 -0.0023702616611762546 0.034147765321496396 0.00039483234851627478 -0.00026761101251479433 -0.0058906314608889801 0.0089321146020971392
leaf_weight=15.115169875323771 31.583869613707066 12.672624595463274 43.4313909932971 27.83500362932682 34.390783969312906 29.095456123352051 59.094912189990282 60.651849161833525 56.961491428315639 16.752416804432869 12.699392881244419 39.285014852881432 11.637385979294779 11.697398565709589 12.951569601893423 10.175676513463257
leaf_count=76 159 58 205 109 230 136 288 465 651 209 64 330 49 112 53 62
internal_value=0 0.00593761 0.0016537 -0.00930747 0.0120242 -0.00386282 0 0.0232616 -0.017099 -0.00204372 -0.0317008 0.0247452 -0.0156765 -0.0241767 -0.0273157 0.0307206
internal_weight=486.031 360.916 298.783 143.061 155.722 63.4862 102.526 92.2357 125.115 43.505 40.5344 62.1333 28.3898 81.6105 69.9131 49.4607
internal_count=3256 2106 1656 666 990 366 493 624 1150 334 173 450 258 816 704 392
is_linear=0
shrinkage=0.05


Tree=124
num_leaves=1
num_cat=0
split_feature=
split_gain=
threshold=
decision_type=
left_child=
right_child=
leaf_value=0
leaf_weight=
leaf_count=3256
internal_value=
internal_weight=
internal_count=
is_linear=0
shrinkage=1


Tree=125
num_leaves=20
num_cat=0
split_feature=284 165 266 112 104 21 381 163 356 372 394 112 356 394 118 265 125 66 36
split_gain=20.972 11.6356 10.2807 12.9132 8.79539 6.81716 6.01315 8.6537 7.51504 6.14566 4.97906 4.45758 4.06904 3.85095 3.2977 2.89724 2.21374 1.52306 1.48606
threshold=-0.23524368122533343 -0.0006808574815245894 -0.22136068869254255 48.500000000000007 0.09793474719307628 0.14814521262575822 42.647565085986734 0.0064150255580401345 0.73958333333333337 -0.0051521681881048212 -0.015771337908638269 7.5000000000000009 0.55208333333333337 0.018935766802018587 1.0000000180025095e-35 0.18079673135852914 -0.13464769287798115 0.7121267204032754 0.011804808591349842
decision_type=2 2 2 2 2 2 2 2 2 2 2 2 2 2 2 2 2 2 2
left_child=1 2 16 11 -5 12 8 -8 10 -10 -3 -4 14 -9 -2 -14 -1 -18 -7
right_child=5 6 3 4 -6 18 7 13 9 -11 -12 -13 15 -15 -16 -17 17 -19 -20
leaf_value=-0.0015443506377918487 -0.0078872504348274693 0.0071106006070999822 0 0.02249762849707794 -0.017748440317651961 -0.0024440696121779799 -0.029965569417509733 0.033822826572692623 0.013678627324083377 -0.029275165280308532 0.033053277960830511 -0.03234173794739733 -0.025233689213999572 -0.0011268185481809175 0.020730670032817981 0.0018274115706340408 0.023715168192845474 0 -0.030224883596878208
leaf_weight=11.432435389608143 13.352483633905647 33.763677980750799 16.944986499845982 32.599703624844551 18.037801750004292 10.180930655449627 13.990437008440493 11.031972441822292 19.524384710937742 10.02916271984577 76.564960420131683 50.139605145901442 22.417960468679667 11.792826745659111 18.66735665127635 10.355989541858433 34.873097516596317 10.214699845761059 60.047065574675798
leaf_count=80 96 218 85 129 91 59 68 47 121 49 537 253 164 69 105 59 256 76 694
internal_value=0 0.00642584 -0.00249608 -0.0110773 0.00703837 -0.0165523 0.0153968 -0.00128584 0.0200722 -0.000716611 0.0259537 -0.025181 -0.00364015 0.0157961 0.0077157 -0.015849 0.0141946 0.0190726 -0.0271454
internal_weight=485.962 350.94 174.242 117.722 50.6375 135.022 176.697 36.8152 139.882 29.5535 110.329 67.0846 64.7938 22.8248 32.0198 32.774 56.5202 45.0878 70.228
internal_count=3256 2079 970 558 220 1177 1109 184 925 170 755 338 424 116 201 223 412 332 753
is_linear=0
shrinkage=0.05


Tree=126
num_leaves=10
num_cat=0
split_feature=297 284 394 394 373 399 125 297 276
split_gain=18.7594 11.5437 8.42888 13.7146 7.70753 5.69688 4.50351 3.54583 0.209854
threshold=-0.79590634691715823 -0.1293161010896838 0.019233405593874989 0.012034137512381917 0.023802104804202088 0.08806394763827595 -0.1333954918231022 -0.40447753089637034 0.83266595985846636
decision_type=2 2 2 2 2 2 2 2 2
left_child=6 2 3 4 -2 -5 -1 -3 -8
right_child=1 7 -4 5 -6 -7 8 -9 -10
leaf_value=0 -0.0017241993079403159 0 0.027797945849313478 -0.039265962855562359 0.019366386179575704 0 -0.032201795017586604 0.029399893102037035 -0.0085199748991172976
leaf_weight=19.485637541860342 225.39341505244374 15.651228398084639 23.034453719854355 28.339317373931408 49.769412528723478 10.1264077052474 45.53894379734993 49.166349105536938 10.020853526890276
leaf_count=162 1003 57 109 108 266 40 645 771 95
internal_value=0 0.00427844 0.000333121 -0.00177039 0.00207848 -0.0286674 -0.0224954 0.023112 -0.0294396
internal_weight=476.526 401.481 336.663 313.629 275.163 38.4657 75.0454 64.8176 55.5598
internal_count=3256 2354 1526 1417 1269 148 902 828 740
is_linear=0
shrinkage=0.05


Tree=127
num_leaves=1
num_cat=0
split_feature=
split_gain=
threshold=
decision_type=
left_child=
right_child=
leaf_value=0
leaf_weight=
leaf_count=3256
internal_value=
internal_weight=
internal_count=
is_linear=0
shrinkage=1


Tree=128
num_leaves=18
num_cat=0
split_feature=284 165 270 64 21 381 358 163 137 355 356 270 118 265 125 212 36
split_gain=19.5232 10.7547 9.49163 7.16957 6.4463 5.58594 8.21524 8.05027 5.43387 4.08827 3.806 3.07644 3.04266 2.79172 2.15043 1.52827 1.45675
threshold=-0.23524368122533343 -0.0006808574815245894 -1.2213606886925423 0.3204919746606178 0.14814521262575822 42.647565085986734 -0.169359616043573 0.0064150255580401345 -0.1286574657111054 -0.23721530669797844 0.55208333333333337 -1.0521813571727352 1.0000000180025095e-35 0.18079673135852914 -0.13464769287798115 0.76119893231543589 0.011804808591349842
decision_type=2 2 2 2 2 2 2 2 2 2 2 2 2 2 2 2 2
left_child=1 2 14 -4 10 6 -3 -7 -5 -8 12 -9 -2 -12 -1 -16 -6
right_child=4 5 3 8 16 7 9 11 -10 -11 13 -13 -14 -15 15 -17 -18
leaf_value=-0.001732290652930386 -0.0075831121848851518 -0.0082155738469998473 0.020661211604914988 0.0069721685864233898 -0.0022504651103559029 -0.029235273534008135 -0.0012429501468163295 0.030446809451541681 -0.020582301165548975 0.027276488043436655 -0.024808696804938621 -0.0006483803199867779 0.019950750180309292 0.0017955635213001903 0.0065051466223533527 0.029448171909833971 -0.029826464232694413
leaf_weight=11.329634834080933 13.181551650166513 18.829829759895802 12.151850014925001 17.715809978544712 10.141682136803864 13.651401184499262 10.152462158352135 11.711298584938048 85.917427103966475 107.99932024255395 22.005833983421326 10.71421240270138 18.573536150157452 10.315921939909456 25.257483199238777 18.965911950916052 57.842658512294292
leaf_count=80 96 108 42 72 59 68 60 81 444 757 164 35 105 59 149 183 694
internal_value=0 0.006239 -0.00239066 -0.0107138 -0.0161634 0.014962 0.0195167 -0.00122293 -0.0153394 0.0244431 -0.00355936 0.0153004 0.00741479 -0.0154707 0.0137628 0.0186491 -0.0266861
internal_weight=476.458 344.397 171.338 115.785 132.061 173.059 136.982 36.0769 103.633 118.152 64.0768 22.4255 31.7551 32.3218 55.553 44.2234 67.9843
internal_count=3256 2079 970 558 1177 1109 925 184 516 817 424 116 201 223 412 332 753
is_linear=0
shrinkage=0.05


Tree=129
num_leaves=16
num_cat=0
split_feature=266 284 407 394 309 67 191 66 83 78 73 297 120 365 112
split_gain=17.3584 8.05601 8.88647 6.48909 5.32032 5.28536 5.25728 5.01172 6.11233 4.40781 4.23572 3.47087 2.90741 1.86852 1.40049
threshold=-0.091221812465992078 -0.1293161010896838 0.37595291281968868 0.019444568701779467 0.073473534491516293 -0.025014041598482081 0.7544919963730069 0.69543876072667354 -0.28777881652374332 1.8786154291180264 0.77900317455567614 -0.40447753089637034 -0.018124607834203717 0.15871298531523864 68.500000000000014
decision_type=2 2 2 2 2 2 2 2 2 2 2 2 2 2 2
left_child=4 2 5 6 10 -2 -4 8 9 -6 -1 -3 -9 -10 -7
right_child=1 11 3 -5 7 14 -8 12 13 -11 -12 -13 -14 -15 -16
leaf_value=0 -0.0028975608295751915 0 -0.017408371824551041 0.023756820509738701 0.014676907782149841 0.029286457494697733 0.00047249625055969282 0 -0.0041589895002994296 -0.019707890944512165 -0.029557978279619274 0.029088894882494182 0.030510646184059839 -0.034111151852403369 0.0017821334297098434
leaf_weight=15.535863928496836 18.956464868038893 15.539347775280474 65.386699296534061 15.907082967460154 24.425805121660233 41.549365658313036 89.809151884168386 14.094969585537912 13.083957463502882 10.635781392455099 54.673208981752396 47.043571855872869 10.020768135786055 21.90732628852129 10.097128212451933
leaf_count=131 79 57 276 70 106 238 406 64 57 41 773 771 37 100 50
internal_value=0 0.00700606 0.00252114 -0.00343175 -0.0130059 0.0171788 -0.00693222 -0.00432216 -0.0113988 0.00220152 -0.0233158 0.0226575 0.0133774 -0.0254403 0.0252172
internal_weight=468.666 304.289 241.706 171.103 164.378 70.603 155.196 94.1686 70.0529 35.0616 70.2091 62.5829 24.1157 34.9913 51.6465
internal_count=3256 1947 1119 752 1309 367 682 405 304 147 904 828 101 157 288
is_linear=0
shrinkage=0.05


Tree=130
num_leaves=1
num_cat=0
split_feature=
split_gain=
threshold=
decision_type=
left_child=
right_child=
leaf_value=0
leaf_weight=
leaf_count=3256
internal_value=
internal_weight=
internal_count=
is_linear=0
shrinkage=1


Tree=131
num_leaves=15
num_cat=0
split_feature=286 290 370 381 46 394 375 111 86 354 73 41 231 142
split_gain=17.9477 10.1152 10.6601 7.23585 6.21591 6.00611 7.25339 5.77483 4.2971 4.11699 3.41108 2.65277 1.50156 0.842105
threshold=-0.47124368122533439 0.10773074064899797 0.49972118350904821 42.647565085986734 0.86529993173506903 -0.0043689578473486415 0.03304934422280615 52.500000000000007 -428295.2342805005 0.25167771685154705 1.0655047909079027 0.024350581744698643 113.50000000000001 1.0169994653301564
decision_type=2 2 2 2 2 2 2 2 2 2 2 2 2 2
left_child=1 13 5 9 8 7 -7 -3 12 -4 -6 -10 -2 -1
right_child=4 2 3 -5 10 6 -8 -9 11 -11 -12 -13 -14 -15
leaf_value=0.02881355500531578 -0.029505099984426748 -0.023108797222731178 0.023398674440690659 -0.011326194589624444 0.016248568138125162 0.010579137498088143 -0.018607487509709936 0.0081496106265706129 -0.016339421729600765 -0.0054183140086918281 -0.015514881937391915 0.014920256262517938 -0.0027321454279358669 0.003998800283622159
leaf_weight=43.237320076674223 68.401987217366695 59.427553445100784 83.63065030798316 19.05484152212739 18.625519793480638 72.858333010226488 26.111283510923386 14.920590475201605 10.783012498170139 10.157776329666374 10.009251948446034 10.261419363319872 10.927697964012621 10.191856294870375
leaf_count=557 720 276 468 95 99 335 155 77 113 52 66 72 107 64
internal_value=0 0.00599904 0.00197191 0.0138631 -0.0157002 -0.00559077 0.00206756 -0.0161165 -0.0214959 0.0196898 0.00314675 0 -0.0266584 0.0254303
internal_weight=468.599 339.59 286.161 112.843 129.009 173.318 98.9696 74.3481 100.374 93.7884 28.6348 21.0444 79.3297 53.4292
internal_count=3256 2079 1458 615 1177 843 490 353 1012 520 165 185 827 621
is_linear=0
shrinkage=0.05


Tree=132
num_leaves=18
num_cat=0
split_feature=266 284 30 74 246 137 383 309 111 83 223 15 393 83 297 66 162
split_gain=16.0566 7.83891 8.87717 7.37777 6.35583 6.28741 6.24772 5.42874 4.66892 4.76419 4.28873 4.07049 3.79964 3.75912 3.37702 1.78845 1.5909
threshold=-0.10324381926683611 -0.1293161010896838 0.016315326421092902 -0.37760848424460697 0.24157303370786518 -0.1286574657111054 2.5000000000000004 0.073473534491516293 12.500000000000002 -0.27927676439743038 -3.6310478455240731 0.00060332559462973861 -0.070820528360851162 0.46700224927646022 -0.40447753089637034 0.64934544078152145 1.4212350876104676
decision_type=2 2 2 2 2 2 2 2 2 2 2 2 2 2 2 2 2
left_child=7 2 3 11 10 -6 -5 13 15 12 -4 -2 -10 -1 -3 -9 -11
right_child=1 14 4 6 5 -7 -8 8 9 16 -12 -13 -14 -15 -16 -17 -18
leaf_value=-0.029029593727733227 -0.005343012233102639 0 0.015498591351994731 0 -0.007326881118868438 0.023126890741895299 -0.026283979928960095 0 -0.016696169066955754 -0.032515566751112848 -0.018245024016665948 0.030078699282091916 0.015116655322208211 0 0.028775496848200566 0.026851822630120148 -0.0036546166669769228
leaf_weight=54.81248838827014 10.025059908628466 15.451892927289007 10.480361465364693 44.954900924116373 16.754017010331154 82.647196050733328 47.463566642254591 10.005733370780947 12.248702354729174 19.440444298088551 23.677021007984877 14.429151654243467 20.235690549015999 10.142836574465035 45.061183400452137 10.096574671566485 12.651720926165579
leaf_count=756 41 57 69 171 67 420 223 46 55 91 112 67 84 129 771 43 54
internal_value=0 0.006431 0.00220108 -0.0075113 0.0110445 0.0174414 -0.0142012 -0.0133389 -0.00400672 -0.0109537 -0.00613058 0.0147392 0.00131469 -0.024055 0.0222183 0.0146699 -0.0238476
internal_weight=460.579 310.944 250.431 116.873 133.559 99.4012 92.4185 149.634 84.6789 64.5766 34.1574 24.4542 32.4844 64.9553 60.5131 20.1023 32.0922
internal_count=3256 1998 1170 502 668 487 394 1258 373 284 181 108 139 885 828 89 145
is_linear=0
shrinkage=0.05


Tree=133
num_leaves=1
num_cat=0
split_feature=
split_gain=
threshold=
decision_type=
left_child=
right_child=
leaf_value=0
leaf_weight=
leaf_count=3256
internal_value=
internal_weight=
internal_count=
is_linear=0
shrinkage=1


Tree=134
num_leaves=16
num_cat=0
split_feature=266 284 407 386 211 67 165 28 213 72 356 165 297 83 112
split_gain=16.5919 7.2115 7.78664 6.00371 5.31 5.09425 5.07827 6.28806 9.28394 5.21508 4.61363 3.39768 3.38788 1.64328 1.33846
threshold=-0.091221812465992078 -0.1293161010896838 0.37595291281968868 0.090097607246318448 1.1118978590544182 -0.025014041598482081 -0.0040318092417419953 0.053482359146020814 6.0633086896430655 0.010202122479304314 0.69791666666666685 -0.0006808574815245894 -0.40447753089637034 -0.44777589431070469 68.500000000000014
decision_type=2 2 2 2 2 2 2 2 2 2 2 2 2 2 2
left_child=6 2 5 10 -5 -2 9 8 11 -1 -4 -8 -3 -9 -7
right_child=1 12 3 4 -6 14 7 13 -10 -11 -12 -13 -14 -15 -16
leaf_value=0.015787958103765827 0.0030679202171315532 0 0.01462104895709458 0.008564135181220808 -0.023994346719547047 -0.028692410298598432 0 0.0050948824194109437 -0.027264480835187732 -0.020051798083689315 -0.0055735328309725538 0.025640723910497622 -0.028736628373302393 0.032546668555183782 -0.0015975432762504651
leaf_weight=14.918135739862917 18.83646373078227 15.440065272152422 90.313995264470577 15.520918756723402 29.498245991766453 40.465107571333647 21.388126716017723 12.549909859895704 13.35130289942026 19.14792188256979 34.401136208325624 29.175358820706606 44.81997974216938 50.656634531915188 10.028900586068628
leaf_count=63 79 57 386 73 147 238 137 104 78 99 146 310 771 518 50
internal_value=0 -0.00700251 -0.00275218 0.00280624 -0.0118944 -0.0166035 0.0127415 0.0173163 0.00489648 -0.00300045 0.00865905 0.0153735 -0.0221439 0.0283291 -0.024637
internal_weight=460.512 299.325 239.065 169.734 45.0192 69.3305 161.187 127.121 63.9148 34.0661 124.715 50.5635 60.26 63.2065 50.494
internal_count=3256 1947 1119 752 220 367 1309 1147 525 162 532 447 828 622 288
is_linear=0
shrinkage=0.05


Tree=135
num_leaves=11
num_cat=0
split_feature=297 284 375 165 34 399 68 69 309 297
split_gain=14.7832 9.27144 7.55255 7.35057 8.18888 6.64821 5.79653 5.41474 3.70096 3.23676
threshold=-0.79590634691715823 -0.1293161010896838 0.03304934422280615 -0.0025000280889666761 0.01114182924451493 0.09171557581521593 0.52664769077325035 -0.018896609431440056 0.27500000000000074 -0.40447753089637034
decision_type=2 2 2 2 2 2 2 2 2 2
left_child=7 2 3 4 -2 -5 8 -1 -4 -3
right_child=1 9 6 5 -6 -7 -8 -9 -10 -11
leaf_value=0.00011466784340140193 -0.0097381013294633289 0 -0.018965556413495191 -0.010326486481822737 0.024146239598390448 0.023574168512509559 0.032085400661620751 -0.02909121527408421 0.014776266700477034 0.028372383392647495
leaf_weight=17.833454869687557 24.986608609557152 15.451892927289007 11.336409963667395 193.4936846755445 41.559615738689899 12.003797233104704 27.059314347803593 50.030085351318121 15.758511733263729 42.785244699567556
leaf_count=183 109 57 66 842 214 48 157 719 90 771
internal_value=0 0.00380703 0.000296999 -0.00298853 0.0108332 -0.00779572 0.0169672 -0.0210309 0 0.0216732
internal_weight=452.299 384.435 326.198 272.044 66.5462 205.497 54.1542 67.8635 27.0949 58.2371
internal_count=3256 2354 1526 1213 323 890 313 902 156 828
is_linear=0
shrinkage=0.05


Tree=136
num_leaves=1
num_cat=0
split_feature=
split_gain=
threshold=
decision_type=
left_child=
right_child=
leaf_value=0
leaf_weight=
leaf_count=3256
internal_value=
internal_weight=
internal_count=
is_linear=0
shrinkage=1


Tree=137
num_leaves=22
num_cat=0
split_feature=266 231 162 14 274 21 66 162 221 34 16 357 377 385 66 126 3 221 214 266 191
split_gain=15.5222 7.25059 8.75205 7.8329 7.34422 7.01978 4.44101 4.13387 5.88074 4.80788 4.09923 4.84244 5.05608 3.88337 3.85113 4.80611 4.77053 3.2884 2.17643 1.43761 1.31665
threshold=0.042318408813254604 68.500000000000014 0.43887621012674854 0.0018517914702748828 0.25775831134333987 0.14814521262575822 0.58240866461674778 1.0429607425776257 14.384010062839995 0.040495819051974684 -0.014728121047771908 0.32291666666666669 1.0000000180025095e-35 1.0000000180025095e-35 0.44843544348832715 -0.0078202284586844622 -0.00026375533831907155 12.379512561759991 0.165703961160764 0.14703253788745005 0.62083537375774134
decision_type=2 2 2 2 2 2 2 2 2 2 2 2 2 2 2 2 2 2 2 2 2
left_child=1 10 13 4 -4 7 -5 9 18 -2 -1 -12 -13 17 16 19 -7 -3 -9 -16 -17
right_child=5 2 3 6 -6 14 -8 8 -10 -11 11 12 -14 -15 15 20 -18 -19 -20 -21 -22
leaf_value=-0.0064620010430240975 0.0046841237922561219 -0.0091054518932755305 0.011792216119914756 0.022440010213033809 -0.028406413692179274 0.013352351642854424 -0.01014524190158724 0.030815014882357352 -0.011312703797401947 -0.03034846188545285 -0.00041243171415814131 0.031290348468212249 0.00039835231986893335 0.034152671423535542 0.0079339581406741213 -0.0055652964993791977 -0.022075062782711204 0.022739596808807161 0.0017342859297203427 -0.014262793194862865 -0.035064053350533551
leaf_weight=12.207440871745346 14.427415080368521 16.24540072306991 10.892191480845211 21.374559760093689 46.835472714155912 17.322941362857822 13.494653612375258 19.768703181296587 18.445624221116304 16.213201239705086 18.891332264989614 67.572891887277365 20.500824488699436 17.858002074062824 11.123473271727564 10.018969070166348 14.247979689389465 10.176573265343903 14.979109123349188 10.479325126856564 49.158836577087641
leaf_count=65 100 99 128 188 216 120 95 90 112 123 109 538 139 112 43 105 108 66 92 115 493
internal_value=0 0.0080095 0 -0.00860074 -0.0197904 -0.010554 0.00870425 0 0.00872328 -0.0134201 0.016864 0.0200844 0.0248986 0.0176977 -0.0185602 -0.0242485 -0.00171795 0.00252845 0.0207376 -0.00122741 -0.0313835
internal_weight=452.235 256.049 136.877 92.5969 57.7277 196.186 34.8692 83.8341 53.1934 30.6406 119.172 106.965 88.0737 44.28 112.352 80.7806 31.5709 26.422 34.7478 21.6028 59.1778
internal_count=3256 1755 904 627 344 1501 283 517 294 223 851 786 677 277 984 756 228 165 182 158 598
is_linear=0
shrinkage=0.05


Tree=138
num_leaves=10
num_cat=0
split_feature=297 284 394 394 162 125 297 399 262
split_gain=13.6291 8.70475 7.2531 12.2402 6.39122 4.73127 3.11994 2.79724 0.156594
threshold=-0.79590634691715823 -0.1293161010896838 0.019233405593874989 0.012034137512381917 0.068685966631970588 -0.1333954918231022 -0.40447753089637034 0.082106545066159872 0.11797752808988765
decision_type=2 2 2 2 2 2 2 2 2
left_child=5 2 3 4 -2 -1 -3 -5 -7
right_child=1 6 -4 7 -6 8 -8 -9 -10
leaf_value=0 -0.024492330885049571 0 0.026336444562764585 -0.036947303659658391 0.0043550909346144924 -0.0082750419538210208 0.028051738520542692 -0.0025890640301539252 -0.031444205150588565
leaf_weight=17.92526226118207 17.529017113149166 15.332073315978048 21.904814004898071 24.331574991345406 246.14959367737174 10.022002518177031 41.083558432757854 12.427305333316324 37.707404874265194
leaf_count=162 80 57 109 99 1189 132 771 49 608
internal_value=0 0.00367349 0.000271713 -0.00170547 0.00199591 -0.0205245 0.0212736 -0.027661 -0.0283419
internal_weight=444.413 378.758 322.342 300.437 263.679 65.6547 56.4156 36.7589 47.7294
internal_count=3256 2354 1526 1417 1269 902 828 148 740
is_linear=0
shrinkage=0.05


Tree=139
num_leaves=1
num_cat=0
split_feature=
split_gain=
threshold=
decision_type=
left_child=
right_child=
leaf_value=0
leaf_weight=
leaf_count=3256
internal_value=
internal_weight=
internal_count=
is_linear=0
shrinkage=1


Tree=140
num_leaves=19
num_cat=0
split_feature=296 165 112 266 104 11 113 162 354 162 126 355 112 141 66 399 34 65
split_gain=14.4333 8.73676 7.34183 10.7995 8.96104 6.06288 6.84264 5.95792 5.49671 6.61986 6.3894 4.13094 4.06519 3.71122 3.69581 4.27765 2.74088 0.724747
threshold=0.57337815938098247 -0.0006808574815245894 47.500000000000007 -0.22136068869254255 0.11711047685124372 0.0016914031004887644 16.500000000000004 1.8693192551508089 0.023260049095757965 1.4744659804405649 -0.006223084818405277 0.1758578362791714 7.5000000000000009 1.0000000180025095e-35 0.38564434306989631 -0.2995624869248904 0.012376621566294902 -0.20959933124534411
decision_type=2 2 2 2 2 2 2 2 2 2 2 2 2 2 2 2 2 2
left_child=1 2 3 16 7 14 -7 -4 11 13 -11 -3 -5 -10 -2 -16 -1 -17
right_child=5 8 4 12 -6 6 -8 -9 9 10 -12 -13 -14 -15 15 17 -18 -19
leaf_value=0.023166789412155331 0.00012309569151050783 -0.018592105285369975 0.028840461187771768 0 -0.017673875358413513 -0.014426389107227627 0.031460578260116639 -0.0077345827595120924 0.03410439749872992 0.023902553649414016 -0.0095284922487620036 0.014063650738291961 -0.030934755123656506 0.005537256541954679 0.00087507094555543661 -0.0060504009797055416 -0.0027766561632026365 -0.03132451414598289
leaf_weight=16.736347258090976 13.800930060446261 18.624151159077883 40.181764397770166 16.230698604136705 18.200600527226925 14.808318566530945 11.22772793471813 10.937072105705736 55.733071472495794 20.279075339436531 32.229975555092096 13.496833521872757 45.712906271219254 21.333228960633278 10.510569613426922 10.09321444109082 13.838845074176787 60.374796591699123
leaf_count=107 104 102 237 85 100 142 68 76 388 131 231 85 251 172 91 102 114 670
internal_value=0 0.00543044 -0.00251931 -0.0118109 0.00916611 -0.014617 0.0048458 0.0200962 0.0135917 0.0181673 0.00307591 -0.00341769 -0.0236919 0.0273248 -0.0204594 -0.0244417 0.0107363 -0.0287799
internal_weight=444.35 323.535 161.838 92.5188 69.3194 120.816 26.036 51.1188 161.696 129.575 52.5091 32.121 61.9436 77.0663 94.7795 80.9786 30.5752 70.468
internal_count=3256 2079 970 557 413 1177 210 313 1109 922 362 187 336 560 967 863 221 772
is_linear=0
shrinkage=0.05


Tree=141
num_leaves=12
num_cat=0
split_feature=297 284 375 162 165 68 73 111 9 309 46
split_gain=12.7895 8.0632 7.02252 7.45059 10.0915 5.37269 5.3056 5.02121 3.50577 3.29669 3.25918
threshold=-0.79590634691715823 -0.1293161010896838 0.03304934422280615 0.2454350196548605 -0.0025000280889666761 0.52664769077325035 0.81528114594513246 16.500000000000004 0.0011513927624208222 0.27500000000000074 0.87082066810115444
decision_type=2 2 2 2 2 2 2 2 2 2 2
left_child=6 2 3 8 -5 9 7 -1 -2 -4 -3
right_child=1 10 5 4 -6 -7 -8 -9 -10 -11 -12
leaf_value=0.02211043106125329 -0.033034397868256904 0.027714793912381859 -0.018079948855560062 0.019388344221200976 -0.0051588610508699921 0.031396050597624507 -0.02959477992951717 -0.021207621020969191 0 0.014145243816177528 0
leaf_weight=10.501910299062731 24.174956303089857 39.989701125770807 10.996930960565807 51.136060297489166 180.73925888538361 26.153139013797045 43.23894901201129 10.234340641647576 10.284914150834082 15.323657318949698 14.628683764487503
leaf_count=61 114 718 66 262 786 157 718 123 51 90 110
internal_value=0 0.00354824 0.00027506 -0.00290681 0.000220216 0.0166101 -0.0201652 0 -0.0236154 0 0.020777
internal_weight=437.403 373.427 318.809 266.335 231.875 52.4737 63.9752 20.7363 34.4599 26.3206 54.6184
internal_count=3256 2354 1526 1213 1048 313 902 184 165 156 828
is_linear=0
shrinkage=0.05


Tree=142
num_leaves=1
num_cat=0
split_feature=
split_gain=
threshold=
decision_type=
left_child=
right_child=
leaf_value=0
leaf_weight=
leaf_count=3256
internal_value=
internal_weight=
internal_count=
is_linear=0
shrinkage=1


Tree=143
num_leaves=21
num_cat=0
split_feature=266 165 220 375 163 21 162 49 74 104 375 162 66 3 126 207 262 66 266 217
split_gain=13.3817 7.16373 6.94406 7.58435 6.71583 6.7113 6.54398 4.69772 4.28254 3.90605 3.68111 4.73442 3.6207 4.48557 4.47849 2.93975 2.44018 3.84756 1.23275 1.0146
threshold=0.042318408813254604 -0.0034254089457675992 7.14044025157233 0.08270617379191271 0.0069735230467090426 0.14814521262575822 1.9117478405722979 0.15147546901648218 -0.017145879459416272 -0.14213391509150899 0.03304934422280615 1.0429607425776257 0.44843544348832715 -0.00026375533831907155 -0.0078202284586844622 1.5317223498750485 0.21910112359550563 0.60908822036174792 0.14703253788745005 6.358418301610933
decision_type=2 2 2 2 2 2 2 2 2 2 2 2 2 2 2 2 2 2 2 2
left_child=1 7 3 8 15 9 -6 16 -3 -2 11 -11 13 -7 18 -4 -1 -18 -14 -16
right_child=5 2 4 -5 6 12 -8 -9 -10 10 -12 -13 14 -15 19 -17 17 -19 -20 -21
leaf_value=-0.012082578029884234 -0.021476800370901921 0.03343763263493698 0.0012812909029584086 -0.012213101863986404 0.031867971593171222 0.013120956346723892 -0.0078236994967583306 -0.025248075135041254 0.011392780158182824 -0.006299282151397508 -0.015491224462536344 0.021552104754988255 0.0071378418279209963 -0.021585806710622782 -0.0067122626291876196 -0.026347832653229375 0.029478570664464295 -0.0055175529226718948 -0.013560442994808698 -0.034528101647817805
leaf_weight=11.944557957351206 12.91472742334008 55.639891684055328 10.055290188640358 13.511279951781033 18.928083930164576 17.04308591037989 14.949306093156336 20.161927826702595 57.935671001672745 18.898390360176563 11.766908742487429 38.030567809939384 11.007602013647558 13.820447869598864 10.419208887964485 21.658518385142088 12.399074085056784 10.5519947335124 10.041989851742981 45.662796199321747
leaf_count=69 95 489 76 87 154 120 120 109 402 128 95 199 43 108 111 118 67 64 115 487
internal_value=0 0.00754803 0.0121565 0.0188593 -0.000358607 -0.00997624 0.0137855 -0.00751313 0.0232039 0.000304879 0.00582451 0.0116196 -0.0179943 -0.00147942 -0.0236758 -0.0167936 0.00260188 0.0126842 -0.00111732 -0.0308098
internal_weight=437.341 247.736 192.678 127.087 65.5912 189.606 33.8774 55.0576 113.576 81.6106 68.6959 56.929 107.995 30.8635 77.1316 31.7138 34.8956 22.9511 21.0496 56.082
internal_count=3256 1755 1446 978 468 1501 274 309 891 517 422 327 984 228 756 194 200 131 158 598
is_linear=0
shrinkage=0.05


Tree=144
num_leaves=10
num_cat=0
split_feature=290 270 167 224 231 394 299 11 19
split_gain=12.0833 7.63191 7.27308 7.56234 8.56155 4.8667 3.36267 2.26259 0.927041
threshold=0.10773074064899797 -0.74618236693250084 -0.13156712337783102 1.821855554453724 67.500000000000014 0.012034137512381917 -0.12960935880666927 -0.0002979358681240995 0.45822231712183842
decision_type=2 2 2 2 2 2 2 2 2
left_child=8 2 3 4 -2 -5 -3 -4 -1
right_child=1 6 7 5 -6 -7 -8 -9 -10
leaf_value=-0.028023458752118559 -0.010615099331821013 0 0 0.028209321705855963 0.0079798201881452237 0 0.027445531419227249 -0.028657280058341783 -0.004078874480127676
leaf_weight=33.819889716804028 120.53721004351974 14.504142627120016 10.096927627921103 38.259886622428894 119.67495899274945 20.097236208617687 37.957179348915815 23.485046539455652 11.770017240196465
leaf_count=484 681 55 54 186 651 108 769 131 137
internal_value=0 0.00294635 0 0.00263168 -0.00116127 0.0183527 0.0201169 -0.0209749 -0.0235042
internal_weight=430.202 384.613 332.151 298.569 240.212 58.3571 52.4613 33.582 45.5899
internal_count=3256 2635 1811 1626 1332 294 824 185 621
is_linear=0
shrinkage=0.05


Tree=145
num_leaves=1
num_cat=0
split_feature=
split_gain=
threshold=
decision_type=
left_child=
right_child=
leaf_value=0
leaf_weight=
leaf_count=3256
internal_value=
internal_weight=
internal_count=
is_linear=0
shrinkage=1


Tree=146
num_leaves=18
num_cat=0
split_feature=270 165 174 264 162 54 335 73 124 162 126 49 7 262 72 62 4
split_gain=12.3784 6.54108 6.53459 6.00538 6.70228 5.76481 6.27568 8.29126 4.95118 4.89566 4.81839 4.45846 4.25644 2.37151 2.41024 1.67504 0.157228
threshold=-0.95768159118674523 -0.0034254089457675992 -1.0000000180025095e-35 29.500000000000004 0.43887621012674854 -0.014453961341314102 0.61631618753121098 1.0681390847267986 1.5000000000000002 1.3703418883729614 -0.0062975917458328859 0.15676551071052702 -0.0019557663419563216 0.21910112359550563 0.0097832983943260416 0.32179387165425916 0.00086918249474045946
decision_type=2 2 2 2 2 2 2 2 2 2 2 2 2 2 2 2 2
left_child=1 11 16 4 -3 -4 12 -8 9 -5 -10 13 -7 -1 -15 -6 -2
right_child=2 3 5 8 15 6 7 -9 10 -11 -12 -13 -14 14 -16 -17 -18
leaf_value=-0.011635440029691793 -0.030617376788134004 0.01661550633732696 0.024802076513369724 0.0287889481313599 -0.032816008328701539 0.00073726109656165463 0.032293764423025194 -0.013214631644054923 0.016427489416559259 0.0067918872661730748 -0.021935126279815101 -0.025213618579887093 -0.020168859215229904 0.025436609528463373 -0.0017364570390692065 -0.00056414291080687134 -0.0081474068829245402
leaf_weight=12.569845326244829 30.257189113646746 16.205493628978729 11.894583486020563 72.517823442816734 12.338479977101089 29.138493210077286 17.206571578979492 15.528297513723372 12.779358215630056 52.153502225875854 13.361671376973389 18.867583729326725 71.960091423243284 12.485384937375786 10.089145876467226 10.156177412718533 10.633526775985954
leaf_count=73 368 152 76 560 53 207 83 114 134 385 84 105 564 71 60 78 89
internal_value=0 0.00728519 -0.00970565 0.0117257 -0.00459616 -0.00410848 -0.00753079 0.0100099 0.016247 0.0203544 -0.00170482 -0.00721526 -0.0138154 0.00235959 0.0125581 -0.0219956 -0.0268696
internal_weight=430.143 243.524 186.619 189.513 38.7002 145.728 133.833 32.7349 150.812 124.671 26.141 54.012 101.099 35.1444 22.5745 22.4947 40.8907
internal_count=3256 1755 1501 1446 283 1044 968 197 1163 945 218 309 771 204 131 131 457
is_linear=0
shrinkage=0.05


Tree=147
num_leaves=10
num_cat=0
split_feature=297 284 394 394 370 73 112 46 265
split_gain=11.4378 7.08784 6.42184 10.746 8.40097 5.09928 3.73474 3.04887 0.55342
threshold=-0.79590634691715823 -0.1293161010896838 0.019233405593874989 0.012034137512381917 0.49972118350904821 0.81528114594513246 80.500000000000014 0.87082066810115444 0.07778738115816769
decision_type=2 2 2 2 2 2 2 2 2
left_child=5 2 3 4 -2 8 -5 -3 -1
right_child=1 7 -4 6 -6 -7 -8 -9 -10
leaf_value=0.0081990880362060887 0.010241391066073684 0.027073536111809696 0.02531930306790094 -0.037926924489116678 -0.0076642377974688401 -0.029184397747830944 -0.0006694713653553517 0 -0.0062225316696475387
leaf_weight=10.069361697882416 139.88503453508019 37.29555519297719 20.987515483051538 21.979521259665489 115.9602721594274 40.577911917120218 13.23524075001478 14.336161304265259 10.04136663675308
leaf_count=86 734 718 109 89 535 718 59 110 98
internal_value=0 0.00339489 0.000319582 -0.00155296 0.00193784 -0.0195606 -0.0263842 0.0200278 0
internal_weight=424.368 363.679 312.048 291.06 255.845 60.6886 35.2148 51.6317 20.1107
internal_count=3256 2354 1526 1417 1269 902 148 828 184
is_linear=0
shrinkage=0.05


Tree=148
num_leaves=1
num_cat=0
split_feature=
split_gain=
threshold=
decision_type=
left_child=
right_child=
leaf_value=0
leaf_weight=
leaf_count=3256
internal_value=
internal_weight=
internal_count=
is_linear=0
shrinkage=1


Tree=149
num_leaves=13
num_cat=0
split_feature=297 375 373 36 86 120 130 126 69 105 83 86
split_gain=11.7327 7.11342 10.0256 11.1109 9.71053 8.05487 8.03201 6.52732 5.08348 4.04225 3.00663 2.58901
threshold=-0.79590634691715823 0.03304934422280615 -0.021988981625082445 0.049506547171408004 -5979886.378041002 -0.001182697217295192 -19.499999999999996 -0.00029721918284619781 -0.018896609431440056 -0.15583045528071532 -0.31387033105370543 -5041947.3683814975
decision_type=2 2 2 2 2 2 2 2 2 2 2 2
left_child=8 2 4 5 10 -4 -6 -5 -1 -3 -2 -11
right_child=1 9 3 7 6 -7 -8 -9 -10 11 -12 -13
leaf_value=-0.0011400957576308275 0.033965371466580352 0.0041315892419411205 0.017547712489345443 0 0.012508164066721309 -0.0097580449965489219 -0.019814814396898375 0.044452672134297828 0.028118027142594593 0 0 -0.03047612382794658
leaf_weight=16.690298952162266 11.22882252559066 10.922475542873142 39.699532881379128 14.770490325987337 18.922736719250679 70.399407714605331 112.81874771416187 25.202007886022329 44.294375266879797 10.075874675065277 10.5822247415781 38.70195285603404
leaf_count=183 47 79 221 95 110 371 846 97 719 67 71 350
internal_value=0 -0.00355241 -0.000216661 0.00871755 -0.00926744 0 -0.0146259 0.0302836 0.0196512 -0.0188978 0.018938 -0.0249609
internal_weight=424.309 363.324 303.624 150.071 153.553 110.099 131.741 39.9725 60.9847 59.7003 21.811 48.7778
internal_count=3256 2354 1858 784 1074 592 956 192 902 496 118 417
is_linear=0
shrinkage=0.05


Tree=150
num_leaves=12
num_cat=0
split_feature=290 284 370 381 65 394 74 71 21 78 19
split_gain=10.6706 7.06607 6.63273 7.53824 6.8362 7.00499 6.37854 5.70571 2.96154 2.93752 0.966367
threshold=0.10773074064899797 -0.1293161010896838 0.49972118350904821 42.647565085986734 -0.063022075928367047 -0.0085296934388290318 -0.28854883024421391 1.4233746337122588 0.08903495526782694 0.90743402498834225 0.45822231712183842
decision_type=2 2 2 2 2 2 2 2 2 2 2
left_child=10 2 4 6 5 -2 -4 -6 -3 -5 -1
right_child=1 8 3 9 7 -7 -8 -9 -10 -11 -12
leaf_value=-0.027439736133621075 0.017719243327664919 0 0.0070161348562533359 0.029743003715878791 0.018301102656464466 -0.018432228253978406 -0.018398507924007858 -0.010234988241451019 0.026478883978849583 0 -0.0031721363086291785
leaf_weight=31.717052910476923 15.633442535996435 13.533286955207585 27.2764164917171 12.956253580749037 99.143449891358614 39.646764919161797 101.46768854558468 16.717690747231245 36.761173572391272 11.82867670804262 11.2973725348711
leaf_count=484 85 119 153 76 565 214 560 88 709 66 137
internal_value=0 0.00272604 0 -0.00751207 0.00667058 -0.0069647 -0.0125973 0.0136085 0.0196002 0.0156117 -0.022775
internal_weight=417.979 374.965 324.67 153.529 171.141 55.2802 128.744 115.861 50.2945 24.7849 43.0144
internal_count=3256 2635 1807 855 952 299 713 653 828 142 621
is_linear=0
shrinkage=0.05


Tree=151
num_leaves=1
num_cat=0
split_feature=
split_gain=
threshold=
decision_type=
left_child=
right_child=
leaf_value=0
leaf_weight=
leaf_count=3256
internal_value=
internal_weight=
internal_count=
is_linear=0
shrinkage=1


Tree=152
num_leaves=20
num_cat=0
split_feature=284 165 112 266 104 21 394 354 163 19 112 355 356 105 379 34 36 230 365
split_gain=11.0094 7.46821 6.69673 9.2973 7.71469 5.58322 5.10797 4.92422 5.67998 6.6681 3.74351 3.63483 3.30545 4.53671 2.66245 2.63086 2.6072 1.09463 0.518743
threshold=-0.23524368122533343 -0.0006808574815245894 47.500000000000007 -0.22136068869254255 0.11711047685124372 0.14814521262575822 0.018697659308293039 0.023260049095757965 -0.014753287102907917 0.41994103046922604 7.5000000000000009 0.1758578362791714 0.55208333333333337 0.017774147322391461 1.0000000180025095e-35 0.012376621566294902 0.054072285664854329 17.500000000000004 0.15706982419844812
decision_type=2 2 2 2 2 2 2 2 2 2 2 2 2 2 2 2 2 2 2
left_child=1 2 3 15 6 12 -4 11 9 -9 -5 -3 16 -14 -10 -1 -2 -7 -19
right_child=5 7 4 10 -6 17 -8 8 14 -11 -12 -13 13 -15 -16 -17 -18 18 -20
leaf_value=0.022261410545672516 0.022130228066626834 -0.018074878407189455 0.02748952464616022 0 -0.016628436114495295 -0.0021895372139014067 -0.0071362194713833101 -0.030019357434497379 0.024995341947093429 0.01926026902466571 -0.030188365040426619 0.012998981544359937 -0.02956599318953218 0.0055668630457601127 0 -0.0037715986782459552 -0.0038921554156578679 -0.0087496485816784455 -0.032372921782055919
leaf_weight=15.784103360027077 15.519754506647589 18.021021027117971 38.129090987145901 15.566688053309916 17.185620576143265 10.030334286391733 10.162823386490343 10.537164751440288 88.377941843122244 10.225142762064932 43.333306189626455 12.830558054149149 15.769121371209623 12.666071388870476 12.758162524551151 13.120685800909994 13.084306575357912 12.592929914593695 32.224125441163778
leaf_count=107 89 102 237 85 100 98 76 50 739 56 251 85 129 94 77 114 112 173 482
internal_value=0 0.00484721 -0.0026743 -0.0117723 0.00877705 -0.0132804 0.0192367 0.0126221 0.0171344 -0.00427809 -0.0230426 -0.00366811 -0.00117378 -0.0132882 0.022007 0.00963366 0.00940524 -0.0242927 -0.0277462
internal_weight=417.919 306.032 153.282 87.8048 65.4775 111.887 48.2919 152.75 121.898 20.7623 58.9 30.8516 57.0393 28.4352 101.136 28.9048 28.6041 54.8474 44.8171
internal_count=3256 2079 970 557 413 1177 313 1109 922 106 336 187 424 223 816 221 201 753 655
is_linear=0
shrinkage=0.05


Tree=153
num_leaves=15
num_cat=0
split_feature=266 167 375 37 224 74 111 83 390 163 81 92 222 92
split_gain=9.95106 5.9823 5.87267 7.07401 7.49202 6.78827 4.2748 4.5736 3.72152 3.275 2.36414 1.74652 1.73777 0.241356
threshold=-0.10324381926683611 -0.81761339454921067 0.069530452859879813 0.043441043589110433 0.71046494442114272 -0.37408565760193813 14.500000000000002 -0.28316798912689811 -0.017054567193314826 0.0025839214395119575 0.69745083639860028 0.45768679872314566 0.59863864662750499 0.64796071367705943
decision_type=2 2 2 2 2 2 2 2 2 2 2 2 2 2
left_child=6 12 3 4 -3 -5 8 9 10 11 -1 -8 -2 -9
right_child=1 2 -4 5 -6 -7 7 13 -10 -11 -12 -13 -14 -15
leaf_value=0.026434080450165199 0 -0.021355687342572687 0.026844690982502487 0.028331792884732983 0.015059204863664626 0.00045116423718370133 -0.0042751060062238373 -0.030835521761740477 -0.015329790159582411 -0.021300659258703867 0 0.017400611882140492 0.028980096116440097 -0.0090970062233689964
leaf_weight=12.63066725805402 10.22732864692807 57.127638027071953 18.766370793804526 24.389505682513118 14.450530380010603 128.00768601149321 12.919436030089857 36.963287319988012 15.455051589757202 13.592452216893433 12.774550646543501 13.879552267491816 28.204163189977407 12.301902770996092
leaf_count=73 93 325 216 180 89 817 99 438 173 137 108 89 278 141
internal_value=0 0.00527799 0.00202707 -0.000159384 -0.0130236 0.00569573 -0.011271 -0.0172601 0.00101217 -0.00294466 0.013283 0.00589474 0.0229711 -0.0271976
internal_weight=411.69 281.173 242.742 223.975 71.5782 152.397 130.517 89.6566 40.8603 40.3914 25.4052 26.799 38.4315 49.2652
internal_count=3256 1998 1627 1411 414 997 1258 904 354 325 181 188 371 579
is_linear=0
shrinkage=0.05


Tree=154
num_leaves=1
num_cat=0
split_feature=
split_gain=
threshold=
decision_type=
left_child=
right_child=
leaf_value=0
leaf_weight=
leaf_count=3256
internal_value=
internal_weight=
internal_count=
is_linear=0
shrinkage=1


Tree=155
num_leaves=16
num_cat=0
split_feature=266 373 394 220 394 21 83 111 83 390 163 81 20 75 75
split_gain=10.3936 5.7582 9.87956 7.77728 6.80959 6.67012 6.02579 4.27001 4.54907 3.71712 3.27222 2.36926 2.00763 1.7449 0.230404
threshold=-0.10324381926683611 0.077788105288976742 0.012034137512381917 6.8858905499478515 0.018935766802018587 0.21288352641484978 0.65325154626165383 14.500000000000002 -0.28316798912689811 -0.017054567193314826 0.0025839214395119575 0.69745083639860028 0.27508696271283339 0.45768679872314566 0.64796071367705943
decision_type=2 2 2 2 2 2 2 2 2 2 2 2 2 2 2
left_child=7 2 3 5 -4 -2 -5 9 10 11 13 -1 -3 -9 -10
right_child=1 12 4 6 -6 -7 -8 8 14 -11 -12 -13 -14 -15 -16
leaf_value=-0.026343826613077655 0.012292403410779354 -0.032606512987722686 0.041223423752667715 -0.024426018296584587 -0.0022532805600164372 -0.0091762030055388792 0.0092815985611069043 0.0043811165899081614 0.030879677398169648 0.015425346924721701 0.021366709558567391 0 -0.00060783595730407773 -0.017297310964436926 0.0091983953827572008
leaf_weight=12.630035366863014 64.072343645617366 21.80241971835494 17.01208242028952 68.199459563940763 12.155562393367289 74.966535709798336 12.212343182414768 12.93391163647175 37.099988054484129 15.503807991743086 13.635250590741633 12.794725850224493 10.384899586439131 13.881648041307924 12.345221493393181
leaf_count=73 409 218 71 516 55 574 75 99 438 173 137 108 80 89 141
internal_value=0 -0.00551406 -0.00257558 -0.00646831 0.0230299 0.000415686 -0.0185576 0.0113879 0.0173599 -0.000880776 0.0030665 -0.0131617 -0.0246355 -0.00577547 0.0272556
internal_weight=411.63 280.806 248.618 219.451 29.1676 139.039 80.4118 130.825 89.896 40.9286 40.4508 25.4248 32.1873 26.8156 49.4452
internal_count=3256 1998 1700 1574 126 983 591 1258 904 354 325 181 298 188 579
is_linear=0
shrinkage=0.05


Tree=156
num_leaves=11
num_cat=0
split_feature=290 309 264 165 70 191 242 270 167 120
split_gain=9.54334 6.38332 6.31488 7.64636 6.72603 5.41156 6.14002 3.99036 0.619448 0.207785
threshold=0.10773074064899797 0.75697104966628814 32.000000000000007 -0.0025000280889666761 0.006658125112673041 0.83486229597600425 0.8970588235294118 -1.2213606886925423 -0.82790051818012167 -0.0023824255203901408
decision_type=2 2 2 2 2 2 2 2 2 2
left_child=8 2 5 7 -5 6 -2 -4 -1 -7
right_child=1 -3 3 4 -6 9 -8 -9 -10 -11
leaf_value=-0.0034232002366098692 -0.027426496604366187 0.027875615453409053 -0.0083650800771374774 -0.024913278272441518 -0.0023094255387444236 0.010375019371374054 0.013173971503758004 0.020379142803416087 -0.026078128484363222 0.034943163238069307
leaf_weight=10.459010059013961 10.272341221570967 20.526123568415642 11.57649179920554 39.43169217929244 181.12813950888813 11.920320708304645 27.920925166457891 43.593194780871272 30.435704359784722 18.814155735075474
leaf_count=101 56 512 56 264 1087 93 177 303 520 87
internal_value=0 0.00261133 0.000735336 -0.00252843 -0.00685428 0.0140473 0 0.0133677 -0.0220531 0.0286666
internal_weight=406.078 365.183 344.657 275.73 220.56 68.9277 38.1933 55.1697 40.8947 30.7345
internal_count=3256 2635 2123 1710 1351 413 233 359 621 180
is_linear=0
shrinkage=0.05


Tree=157
num_leaves=1
num_cat=0
split_feature=
split_gain=
threshold=
decision_type=
left_child=
right_child=
leaf_value=0
leaf_weight=
leaf_count=3256
internal_value=
internal_weight=
internal_count=
is_linear=0
shrinkage=1


Tree=158
num_leaves=20
num_cat=0
split_feature=286 165 112 266 104 21 220 167 16 163 265 112 379 73 162 111 104 230 365
split_gain=9.90341 6.68932 6.0215 8.40652 7.01778 5.25707 4.53031 4.71396 3.91955 3.81016 3.76167 3.51263 3.32084 3.08077 2.69544 2.69057 2.13426 0.711449 0.617025
threshold=-0.47124368122533439 -0.0006808574815245894 47.500000000000007 -0.22136068869254255 0.11711047685124372 0.14814521262575822 6.7849900292369769 -0.13156712337783102 0.00070821498285386316 -0.014753287102907917 0.14576098059244127 7.5000000000000009 1.0000000180025095e-35 1.0293627409190633 1.9117478405722979 17.500000000000004 -0.031658135537334174 18.500000000000004 0.15706982419844812
decision_type=2 2 2 2 2 2 2 2 2 2 2 2 2 2 2 2 2 2 2
left_child=1 2 3 16 10 13 9 8 -8 -3 -4 -5 -11 15 -15 -2 -1 -7 -19
right_child=5 6 4 11 -6 17 7 -9 -10 12 -12 -13 -14 14 -16 -17 -18 18 -20
leaf_value=-0.0046199564036850946 -0.0061408673085763229 0 0.0053515904729868049 0 -0.016040569540613964 -0.0038270579148023741 0.015387891144169236 0.023010262604981169 -0.014982131106527642 0.029201990174758448 0.036878827468893767 -0.029365129751775118 0 -0.02672063830497148 0.0015581172607946002 0.019638385783524826 0.019207548844560721 -0.0075649048934082544 -0.031904531107964818
leaf_weight=10.592573165893556 12.88761627674103 17.641633041203022 31.303234037011862 15.27041135728359 16.762561183422804 10.471689421683548 10.530896190553902 15.321249101310967 35.825773388147354 57.090354263782501 15.800793848931788 41.741574868559837 12.166668854653834 14.112057216465475 10.051672555506228 18.716859541833401 17.706647966057062 11.91421136073768 30.108135357499123
leaf_count=74 101 94 221 85 100 107 84 124 231 503 92 251 73 132 51 140 147 170 476
internal_value=0 0.00461791 -0.00257878 -0.0113503 0.00837377 -0.0128406 0.0120816 0.000743621 -0.00655394 0.0192794 0.0185001 -0.0222836 0.0243777 -0.000986736 -0.0142436 0.00806024 0.00910332 -0.0237986 -0.0270782
internal_weight=406.017 297.754 149.178 85.3112 63.8666 108.262 148.577 61.6779 46.3567 86.8987 47.104 57.012 69.257 55.7682 24.1637 31.6045 28.2992 52.494 42.0223
internal_count=3256 2079 970 557 413 1177 1109 439 315 670 313 336 576 424 183 241 221 753 646
is_linear=0
shrinkage=0.05


Tree=159
num_leaves=13
num_cat=0
split_feature=297 375 394 37 399 111 372 69 393 165 63 27
split_gain=9.03083 6.58699 7.99114 9.98379 8.1844 7.09354 7.01485 4.70858 3.91332 2.96208 0.524797 0.0696379
threshold=-0.79590634691715823 0.03304934422280615 -0.0024480764977160559 0.037124190569140049 -0.29350499179089479 59.500000000000007 -0.0051521681881048212 -0.018896609431440056 -0.10779504828269414 0.00059754975730763485 0.084574764128177118 0.098330528920268681
decision_type=2 2 2 2 2 2 2 2 2 2 2 2
left_child=7 2 4 10 9 -6 -5 -1 -3 -2 -4 -10
right_child=1 8 3 6 5 -7 -8 -9 11 -11 -12 -13
leaf_value=0.0019707133864206661 0 0 -0.040215404945180444 -0.019002488575406574 0.015815770555782142 -0.016522622153623077 0.0090295843880978718 -0.027124445703087675 0.0082124998282872442 -0.031465217277022312 -0.010722298672220958 0.030401495609628806
leaf_weight=15.630974650382994 12.557171920314433 17.473622674122453 19.57407354563475 31.764289766550064 128.57943010888994 15.51280429586768 58.525946596637368 39.257483374327421 10.333411630243061 12.946051388978956 10.514655526727436 28.064559906721115
leaf_count=183 116 126 89 168 919 94 354 719 70 61 57 300
internal_value=0 0.003022 0 -0.00978925 0.0068736 0.0117284 -0.00059014 -0.0183023 0.0182711 -0.0171489 -0.0333266 0.0266658
internal_weight=400.734 345.846 289.974 120.379 169.595 144.092 90.2902 54.8885 55.8716 25.5032 30.0887 38.398
internal_count=3256 2354 1858 668 1190 1013 522 902 496 177 146 370
is_linear=0
shrinkage=0.05


Tree=160
num_leaves=1
num_cat=0
split_feature=
split_gain=
threshold=
decision_type=
left_child=
right_child=
leaf_value=0
leaf_weight=
leaf_count=3256
internal_value=
internal_weight=
internal_count=
is_linear=0
shrinkage=1


Tree=161
num_leaves=21
num_cat=0
split_feature=266 21 262 394 126 125 231 26 105 44 70 365 36 379 83 240 356 228 191 64
split_gain=9.35152 5.64024 5.59733 7.51921 4.31723 8.20587 6.2915 3.94853 4.20155 6.63987 3.7468 3.62621 3.25988 2.98366 2.51648 2.37805 1.80266 1.6509 1.61203 0.369454
threshold=0.042318408813254604 0.14814521262575822 0.23033707865168543 -0.0043689578473486415 -0.0045703235130004618 -0.035614336333419074 109.50000000000001 -0.03995967999640359 1.0000000180025095e-35 0.59411142784340576 0.0070935602862028145 0.13644540850536926 0.021256401161418758 -0.072674996395041089 -0.26830465545198989 0.88095238095238104 0.59375000000000011 1.8149470847849443 0.64107422675175441 0.77544773921302113
decision_type=2 2 2 2 2 2 2 2 2 2 2 2 2 2 2 2 2 2 2 2
left_child=2 7 3 14 10 -6 -7 17 16 -10 -4 -3 -13 -5 -1 -15 -9 -2 -14 -12
right_child=1 11 4 13 5 6 -8 8 9 -11 19 12 18 15 -16 -17 -18 -19 -20 -21
leaf_value=-0.0015516232450015425 0.027110608801762838 0.0018804219764044527 0 -0.0053583906517413564 -0.029791732358381257 0.019141538757019051 -0.010351576538615652 -0.00041418321902739961 -0.017221243824308407 0.027592213187050931 0.034195769534050381 0 -0.0040938031211527814 0.027429700410191611 -0.035469700629293388 0 -0.030645398825175307 0 -0.030292169460938264 0.0085555392419617519
leaf_weight=12.830289307981731 13.209744427353145 16.567494940012693 17.190774641931057 19.588290117681026 11.383943550288675 58.963439958170056 20.888821611180902 12.060999207198622 11.643790494650604 14.617620490491388 32.045702895149589 17.847225056961179 13.014388013631104 17.663981020450596 15.65262797474861 10.581276122480629 14.027846047654746 10.99883673340082 49.831178179010749 10.064111977815626
leaf_count=84 74 140 167 172 60 469 164 93 82 81 273 114 152 130 79 76 96 91 578 81
internal_value=0 -0.00874601 0.00654739 -0.00390157 0.012143 0.00435359 0.0107274 0.000831443 -0.00621747 0.00628558 0.022538 -0.0165829 -0.0209027 0.0074106 -0.023383 0.0175305 -0.0198723 0.016917 -0.0260599 0.0301528
internal_weight=400.672 173.819 226.853 76.3165 150.537 91.2362 79.8523 76.5588 52.3503 26.2614 59.3006 97.2603 80.6928 47.8335 28.4829 28.2453 26.0888 24.2086 62.8456 42.1098
internal_count=3256 1501 1755 541 1214 693 633 517 352 163 521 984 844 378 163 206 189 165 730 354
is_linear=0
shrinkage=0.05


Tree=162
num_leaves=10
num_cat=0
split_feature=290 284 167 220 130 74 297 9 19
split_gain=8.48018 5.9199 5.77079 9.32044 6.93287 6.6787 2.81251 1.99326 1.11675
threshold=0.10773074064899797 -0.1293161010896838 -0.13156712337783102 6.5992846230120845 -26.499999999999996 -0.017145879459416272 -0.40447753089637034 6.1836981452123587e-05 0.45822231712183842
decision_type=2 2 2 2 2 2 2 2 2
left_child=8 2 3 5 -5 -2 -3 -4 -1
right_child=1 6 7 4 -6 -7 -8 -9 -10
leaf_value=-0.026371731190050846 -0.015380233572364588 0 0 -0.011958851749623686 0.02029769797880783 0.0036008604947079894 0.026162931246929391 -0.02830719262568826 -0.0012200786927167809
leaf_weight=28.346894901245832 76.643327347934246 14.231883779168127 11.516212634742262 16.422327663749456 83.832106281071901 101.86187127791345 32.065602269023657 19.449303675442934 10.582787837833164
leaf_count=484 477 57 65 92 477 576 771 120 137
internal_value=0 0.00245925 0 0.00224618 0.0143357 -0.00439293 0.0185542 -0.0195678 -0.0213034
internal_weight=394.952 356.023 309.725 278.76 100.254 178.505 46.2975 30.9655 38.9297
internal_count=3256 2635 1807 1622 569 1053 828 185 621
is_linear=0
shrinkage=0.05


Tree=163
num_leaves=1
num_cat=0
split_feature=
split_gain=
threshold=
decision_type=
left_child=
right_child=
leaf_value=0
leaf_weight=
leaf_count=3256
internal_value=
internal_weight=
internal_count=
is_linear=0
shrinkage=1


Tree=164
num_leaves=17
num_cat=0
split_feature=284 370 270 112 66 381 21 270 74 355 162 34 162 207 43 191
split_gain=8.95309 5.90257 5.28958 5.15485 6.26689 5.09568 4.82176 3.95909 3.34275 3.02793 2.84006 3.01127 2.7517 2.08117 1.24906 0.760173
threshold=-0.23524368122533343 0.49972118350904821 -1.3057903192009472 47.500000000000007 0.53096371476058535 42.647565085986734 0.14814521262575822 -1.1294070342823812 -0.27269328145223248 -0.21064102297614559 1.0542446783210926 0.052202850537684059 1.2524323628877623 0.99932065217391153 0.6297028221684654 0.65998413749683416
decision_type=2 2 2 2 2 2 2 2 2 2 2 2 2 2 2 2
left_child=1 2 -1 7 -5 8 10 -4 12 -10 11 -2 -3 14 -12 -8
right_child=6 5 3 4 -6 -7 15 -9 9 -11 13 -13 -14 -15 -16 -17
leaf_value=0.020776118700151034 0.00032084950708014264 0.016327446180364955 0 0.023460157918631513 -0.0059392916349498212 -0.0079007385606737878 -0.0048602354077308873 -0.02058560048850033 0 0.027700953855532413 0 -0.03112704179735867 -0.014971387299420512 -0.007403818235994117 0.024099173548873452 -0.027202795114096415
leaf_weight=20.833769910037518 10.796551089733841 11.275373060256245 40.19184971600771 26.711735807359219 39.985311113297939 18.18079062923789 12.408359846100209 52.841266516596079 10.065731983631848 59.209189243614674 10.072438988834621 10.322081729769705 10.712896335870026 10.432980410754679 13.119498692452906 37.730475908145308
leaf_count=351 102 105 250 140 220 108 171 302 60 473 72 96 70 85 69 582
internal_value=0 0.00444147 -0.000887237 -0.00435099 0.00562061 0.0134667 -0.0124055 -0.0119727 0.0183698 0.0235741 -0.000960477 -0.0149366 0 0.00695671 0.0154339 -0.0232009
internal_weight=394.89 290.008 180.564 159.73 66.697 109.444 104.882 93.0331 91.2632 69.2749 54.7436 21.1186 21.9883 33.6249 23.1919 50.1388
internal_count=3256 2079 1263 912 360 816 1177 552 708 533 424 198 175 226 141 753
is_linear=0
shrinkage=0.05


Tree=165
num_leaves=15
num_cat=0
split_feature=297 126 126 191 21 231 266 72 209 372 399 374 397 86
split_gain=8.01766 5.89026 9.2112 7.83883 7.80541 7.50892 6.49207 4.24632 3.22375 3.81211 3.08231 2.56925 1.15278 0.856099
threshold=-0.79590634691715823 -0.0071545202942076549 -0.00029721918284619781 0.7544919963730069 0.12544489580320337 95.500000000000014 0.13259254569245812 0.0066367929103998751 4.0194975113998757 -0.0051521681881048212 -0.11856121803262215 1.0000000180025095e-35 0.0062691491848691503 -5440358.9338699942
decision_type=2 2 2 2 2 2 2 2 2 2 2 2 2 2
left_child=7 6 12 5 -5 -4 8 -1 9 -2 13 -10 -3 -8
right_child=1 2 3 4 -6 -7 10 -9 11 -11 -12 -13 -14 -15
leaf_value=0.00090257676467142989 -0.033733802261899364 0.036927381319575486 -0.019954074158546119 -0.0080994680115540636 0.019572992227024504 0.010278913441670347 0.002153525715764952 -0.026679465363528939 -0.013323472605150991 -0.003803327256903629 -0.0060734742345478852 0.016067854829933347 0.0067090104244510191 0.0287104594923163
leaf_weight=16.140419416129589 26.927986316382885 23.989214979112148 51.567994244396687 31.633648693561554 80.760999493300915 28.144216429442167 10.030132459476588 36.216185245662928 12.751709077507257 24.423337928950787 12.913906212896107 11.048426479101181 10.442091271281241 12.803387716412546
leaf_count=201 126 218 335 185 665 172 90 701 67 145 82 47 84 138
internal_value=0 0.00283208 0.00752397 0.00276881 0.0113432 -0.00868947 -0.006259 -0.0176852 -0.0146897 -0.0214141 0.00993951 0 0.0303709 0.020585
internal_weight=389.794 337.437 226.538 192.107 112.395 79.7122 110.899 52.3566 75.1515 51.3513 35.7474 23.8001 34.4313 22.8335
internal_count=3256 2354 1659 1357 850 507 695 902 385 271 310 114 302 228
is_linear=0
shrinkage=0.05


Tree=166
num_leaves=1
num_cat=0
split_feature=
split_gain=
threshold=
decision_type=
left_child=
right_child=
leaf_value=0
leaf_weight=
leaf_count=3256
internal_value=
internal_weight=
internal_count=
is_linear=0
shrinkage=1


Tree=167
num_leaves=16
num_cat=0
split_feature=299 126 381 399 231 394 125 266 120 69 36 399 388 146 209
split_gain=8.27309 6.26224 9.87796 9.07051 6.88606 11.382 6.82889 6.47794 4.51233 4.46133 3.55122 3.08055 1.60313 1.22648 1.09066
threshold=-0.5209063469171572 -0.0071545202942076549 13.911093248238297 -0.10948066505889943 32.500000000000007 -0.0024480764977160559 -0.018677737625776295 0.13259254569245812 1.0000000180025095e-35 -0.018896609431440056 0.061054389139257557 -0.11856121803262215 -0.16912021928875684 0.0035800116453349302 3.7257824685150172
decision_type=2 2 2 2 2 2 2 2 2 2 2 2 2 2 2
left_child=9 7 4 14 13 -6 -5 8 10 -1 -2 12 -9 -3 -4
right_child=1 2 3 6 5 -7 -8 11 -10 -11 -12 -13 -14 -15 -16
leaf_value=-0.0019537561111239118 0.030000638640642421 0.035958772407810077 -0.036635122705426765 0.027682549744482261 -0.020024321556808392 0.029265208682696539 -0.0099584895191941955 0 -0.0034352516584449985 0.026676706453634316 5.0722536483984244e-05 0.0061687365396271279 -0.030695686558068615 0.0064366217637509514 -0.014136030948486811
leaf_weight=15.31589108891785 38.078074019402266 13.941402662545444 37.301183534786105 10.732053663581608 34.551828732714057 13.683985970914362 79.827491976320744 10.016242496669291 19.587129678577185 37.316749140620232 17.551988936960697 12.909003440290688 12.751748245209457 12.724083881825207 23.442629650235176
leaf_count=183 202 60 386 60 267 73 544 82 107 719 76 82 146 79 190
internal_value=0 -0.00300684 -0.00784547 -0.0151969 0.00637618 -0.00417071 -0.00421869 0.00637078 0.014777 0.0177905 0.02189 -0.00983075 -0.0205046 0.0256325 -0.0298105
internal_weight=389.731 337.099 226.205 151.303 74.9013 48.2358 90.5595 110.894 75.2172 52.6326 55.6301 35.677 22.768 26.6655 60.7438
internal_count=3256 2354 1659 1180 479 340 604 695 385 902 278 310 228 139 576
is_linear=0
shrinkage=0.05


Tree=168
num_leaves=13
num_cat=0
split_feature=290 264 64 303 111 191 242 258 219 229 73 303
split_gain=7.39089 5.52802 8.69981 7.80415 5.15088 4.25842 5.34637 4.25506 3.15192 0.903958 0.688888 0.636301
threshold=0.10773074064899797 32.000000000000007 0.30455022222453715 0.063316970456182856 17.500000000000004 0.83486229597600425 0.8970588235294118 0.60294117647058842 5.3158074280407392 -8.0745617711836584 0.81056091568630773 -0.3317387395987455
decision_type=2 2 2 2 2 2 2 2 2 2 2 2
left_child=11 5 9 4 -4 6 -2 -5 -8 -3 -7 -1
right_child=1 2 3 7 -6 10 8 -9 -10 -11 -12 -13
leaf_value=-0.02484188587341761 -0.024007246025752119 -0.0063216351188537358 0.0079784123047340807 0 -0.0090122185064004396 0.034805327799272687 0.028991833496849875 0.025224221217338527 0 -0.036552327288886487 0.007836917954047366 -0.0024072641376510274
leaf_weight=26.457051988691092 10.009509095922111 10.13006315380335 63.026914808899164 21.554295841604471 125.54585980251431 19.146627441048626 13.510261045768859 43.096871232613921 15.158153869211672 13.986905822530387 11.387953937053679 10.277028888463972
leaf_count=560 64 95 325 260 736 125 106 612 120 95 97 61
internal_value=0 0.00227712 -0.000752982 0.00192341 -0.00303641 0.0146383 0.00176326 0.0166223 0.0137617 -0.0278023 0.0278393 -0.0204794
internal_weight=383.287 346.553 277.341 253.224 188.573 69.2125 38.6779 64.6512 28.6684 24.117 30.5346 36.7341
internal_count=3256 2635 2123 1933 1061 512 290 872 226 190 222 621
is_linear=0
shrinkage=0.05


Tree=169
num_leaves=1
num_cat=0
split_feature=
split_gain=
threshold=
decision_type=
left_child=
right_child=
leaf_value=0
leaf_weight=
leaf_count=3256
internal_value=
internal_weight=
internal_count=
is_linear=0
shrinkage=1


Tree=170
num_leaves=16
num_cat=0
split_feature=284 370 381 290 65 71 394 21 225 354 387 220 105 210 229
split_gain=7.62647 5.65826 4.94716 4.76638 4.71891 5.44488 4.94216 4.433 2.99151 3.95433 2.90688 2.79682 2.93411 0.733557 0.687316
threshold=-0.23220965263717586 0.49972118350904821 42.647565085986734 0.076866644347731425 -0.063022075928367047 1.4233746337122588 -0.0085296934388290318 0.14814521262575822 3.5159657408081801 0.21744559522067738 -0.09728173757021881 8.0213456284152986 -0.017149818815072972 0.20076562859112967 -1.6716436036352182
decision_type=2 2 2 2 2 2 2 2 2 2 2 2 2 2 2
left_child=1 3 8 -1 6 -6 -5 10 9 -3 -2 13 -13 -12 -9
right_child=7 2 -4 4 5 -7 -8 14 -10 -11 11 12 -14 -15 -16
leaf_value=0.0199165722606892 -0.022053937962796394 0.027450328945295217 -0.0079721105782088447 -0.014335161557944979 -0.015356330033822019 0.013184466503611644 0.017476887477448261 -0.027423679752829486 0 -0.00023216455460155542 0.025740304096368211 -0.022418737681572206 0.0088638369218543098 0.0012671726070573152 -0.0057358792890970789
leaf_weight=19.643814345821738 10.236289618536828 59.460873190313578 18.218049705028534 13.581717956811188 91.872971031814814 15.996202033013104 35.864311812445521 32.235715074464679 18.218620516359806 11.755557551980017 10.104576744139196 11.469674371182919 10.329151432961226 10.735383745282887 13.499959897249935
leaf_count=352 128 492 110 74 541 90 211 581 142 80 56 92 61 84 162
internal_value=0 0.00408141 0.0129937 -0.00118879 -0.00445947 -0.0104307 0.0074653 -0.0118528 0.0179256 0.0223825 -0.000777374 0.00434886 -0.00630048 0.0169766 -0.0227951
internal_weight=383.223 284.612 107.653 176.959 157.315 107.869 49.446 98.6108 89.4351 71.2164 52.8751 42.6388 21.7988 20.84 45.7357
internal_count=3256 2092 824 1268 916 631 285 1164 714 572 421 293 153 140 743
is_linear=0
shrinkage=0.05


Tree=171
num_leaves=13
num_cat=0
split_feature=297 375 373 36 19 130 120 166 125 125 86 15
split_gain=6.78492 6.07742 6.8279 9.3728 9.03514 7.7765 6.72809 6.05352 4.38615 3.19439 3.13923 2.11951
threshold=-0.79590634691715823 0.03304934422280615 -0.021988981625082445 0.049506547171408004 0.42853799956089295 -19.499999999999996 -0.001182697217295192 1.0000000180025095e-35 -0.1333954918231022 -0.079556797028283818 -5088973.3515779991 -0.0090276117559440223
decision_type=2 2 2 2 2 2 2 2 2 2 2 2
left_child=8 2 4 6 5 -2 -4 -6 -1 -5 -3 -12
right_child=1 10 3 9 7 -7 -8 -9 -10 -11 11 -13
leaf_value=0.002694241007682448 -0.012805326365217487 -0.0010058404621789035 -0.016688860724818948 -0.0025851828090650199 0.0092405946877621957 0.024988699869088596 0.0094069050639455833 -0.020960207203949865 -0.026144473448179384 -0.038832231911132067 0.00018646796850517794 0.030578480172718966
leaf_weight=15.065324647352098 12.988514767959712 12.082368373870848 35.95519289560616 12.460067126899956 26.103727333247662 67.448305279016495 64.470878019928932 32.432165766134858 34.413238318637013 24.126201007515192 11.131787087768314 29.64750431291759
leaf_count=162 81 77 221 74 219 589 371 185 740 118 90 329
internal_value=0 0.00258841 -0.000275355 -0.00827615 0.00726861 0.0180457 0 -0.0068859 -0.0167588 -0.0288822 0.0176467 0.0240056
internal_weight=378.325 328.847 275.985 137.012 138.973 80.4368 100.426 58.5359 49.4786 36.5863 52.8617 40.7793
internal_count=3256 2354 1858 784 1074 670 592 404 902 192 496 419
is_linear=0
shrinkage=0.05


Tree=172
num_leaves=1
num_cat=0
split_feature=
split_gain=
threshold=
decision_type=
left_child=
right_child=
leaf_value=0
leaf_weight=
leaf_count=3256
internal_value=
internal_weight=
internal_count=
is_linear=0
shrinkage=1


Tree=173
num_leaves=20
num_cat=0
split_feature=266 231 162 44 73 336 21 220 365 110 86 272 37 110 68 372 191 110 28
split_gain=7.19127 5.12589 6.92387 5.02478 7.11486 4.87651 4.26978 5.7557 4.06317 3.83302 7.44085 3.55348 3.16073 2.55452 2.53885 2.5048 2.21399 1.78434 0.679669
threshold=0.042318408813254604 68.500000000000014 0.43887621012674854 0.61631618753121098 1.0681390847267986 0.011647611668883119 0.12544489580320337 7.7539816200931577 0.13644540850536926 21.500000000000004 -5805263.5476294877 -1.6869246481434792 0.082962573186678559 47.500000000000007 0.57731756818549007 -1.0000000180025095e-35 0.54842978696617062 16.500000000000004 0.093563917923009859
decision_type=2 2 2 2 2 2 2 2 2 2 2 2 2 2 2 2 2 2 2
left_child=1 9 15 6 -5 11 7 17 -8 10 -1 -4 -7 18 -12 -3 -10 -2 -11
right_child=3 2 5 4 -6 12 8 -9 16 13 14 -13 -14 -15 -16 -17 -18 -19 -20
leaf_value=0.027398345410410377 0 0.027123239596441768 0.0013219804339653146 0.030737331615058396 -0.012597337219039604 0.020773983781416455 0.0022151463142101526 -0.023291216254967651 0 0.032023103696970812 0.00015253397276754284 -0.026421847706273757 -0.008338525884627003 0 -0.025480376951981992 0 -0.02532892932082392 0.024278358078755224 0.0064353399188314016
leaf_weight=15.356267297640441 10.059625867754223 18.729927496984601 11.196690028533338 15.61668372154236 14.867249721661208 14.103533579036595 16.140439283102751 11.712338721379636 10.023121040314434 33.411006050184369 13.521652845665814 37.098381068557501 15.112907713279126 12.402233667671679 14.338589088991283 19.053195787593722 69.552409064024687 15.494611991569398 10.469914326444266
leaf_count=173 85 145 144 83 118 140 145 101 93 316 93 198 145 90 99 132 790 86 80
internal_value=0 0.00590634 -0.000901883 -0.00789668 0.00887433 -0.00976794 -0.0122198 0.000898383 -0.0177059 0.0140786 0.00137738 -0.0193139 0.00478866 0.0224245 -0.0126141 0.0154413 -0.0222857 0.0150185 0.0277869
internal_weight=378.261 214.794 115.295 163.466 30.4839 77.5115 132.983 37.2666 95.716 99.4997 43.2165 48.2951 29.2164 56.2832 27.8602 37.7831 79.5755 25.5542 43.8809
internal_count=3256 1755 904 1501 201 627 1300 272 1028 851 365 342 285 486 192 277 883 171 396
is_linear=0
shrinkage=0.05


Tree=174
num_leaves=9
num_cat=0
split_feature=266 309 221 394 394 264 228 297
split_gain=6.36476 5.14747 5.28006 5.6706 10.6807 1.52633 0.794239 0.590412
threshold=-0.27485264535624337 0.75697104966628814 20.438907322223091 0.019233405593874989 0.012034137512381917 47.500000000000007 4.6465834703603752 -0.79590634691715823
decision_type=2 2 2 2 2 2 2 2
left_child=7 2 3 4 -2 -4 -5 -1
right_child=1 -3 5 6 -6 -7 -8 -9
leaf_value=-0.02405182008829727 0 0.026642366879034249 0.031690451900030933 0.030139210031449277 -0.030033309417774393 0.0027986784253435253 0.0030333357311471834 -0.001994638372446129
leaf_weight=24.497982697561383 241.95434834994376 17.087379163131118 13.188119530677797 11.275557801127436 30.754092713817954 13.276711478829382 10.07085959240794 10.046023812144993
leaf_count=554 1610 512 82 71 172 123 69 63
internal_value=0 0.00204808 0.000347478 -0.0015019 -0.00368523 0.0206538 0.0213544 -0.0196409
internal_weight=372.151 337.607 320.52 294.055 272.708 26.4648 21.3464 34.544
internal_count=3256 2639 2127 1922 1782 205 140 617
is_linear=0
shrinkage=0.05


Tree=175
num_leaves=1
num_cat=0
split_feature=
split_gain=
threshold=
decision_type=
left_child=
right_child=
leaf_value=0
leaf_weight=
leaf_count=3256
internal_value=
internal_weight=
internal_count=
is_linear=0
shrinkage=1


Tree=176
num_leaves=19
num_cat=0
split_feature=286 165 112 266 104 11 211 163 217 381 16 365 162 69 260 165 256 137
split_gain=6.81561 5.50466 5.07991 6.75413 6.07989 5.02198 4.75974 4.36648 4.0363 3.66225 3.59906 5.2707 3.52567 3.17904 2.47533 1.38712 0.953452 0.397793
threshold=-0.46820965263718167 -0.0006808574815245894 47.500000000000007 -0.11555342302427686 0.09793474719307628 0.0017113501953858192 3.1372311655549967 0.011751960903803224 6.9919874225348391 13.911093248238297 0.00063734649622765197 0.16934611963539856 1.3190119091389565 -0.0042121658060203506 0.9363636363636364 0.0001575077949430226 0.92857142857142871 -1.0000000180025095e-35
decision_type=2 2 2 2 2 2 2 2 2 2 2 2 2 2 2 2 2 2
left_child=1 2 3 13 6 9 -4 -7 15 -2 12 -12 -10 -1 -11 -3 -5 -6
right_child=5 8 4 16 17 7 -8 -9 10 14 11 -13 -14 -15 -16 -17 -18 -19
leaf_value=-0.014754379956130999 0 0.001402768573951 -0.0023038021286761827 -0.0040437667048210521 0 0.028440440432091565 0.030185630396771041 -0.010479220816886951 0.027934801588538449 -0.028501243903076037 -0.021965348358027166 0.0081248482965706244 0 0.012248439163461444 0 0.027988858182600253 -0.030739149872053576 -0.018604905677174672
leaf_weight=13.205482466146348 18.243093870580196 10.799303574487565 13.250267183408139 10.116517182439564 10.016375651583076 10.422267923131587 26.639837140217423 10.768684007227419 20.88127007894218 45.154400927945971 21.398707093670964 30.678452176973224 20.51472844555974 27.569060897454619 10.56666676700115 33.916729312390089 27.858978968113661 10.085374478250742
leaf_count=99 193 72 72 69 80 66 191 138 206 623 121 272 153 217 144 295 174 71
internal_value=0 0.00395044 -0.00278538 -0.0112085 0.00748498 -0.0113616 0.0188216 0.00774877 0.0109828 -0.0175751 0.00412592 -0.00385448 0.0148737 0.00194911 -0.0236804 0.0231078 -0.0256646 -0.0123699
internal_weight=372.086 276.931 138.742 78.75 59.9919 95.1551 39.8901 21.191 138.189 73.9642 93.4732 52.0772 41.396 40.7745 55.7211 44.716 37.9755 20.1018
internal_count=3256 2092 973 559 414 1164 263 204 1119 960 752 393 359 316 767 367 243 151
is_linear=0
shrinkage=0.05


Tree=177
num_leaves=11
num_cat=0
split_feature=290 399 162 394 225 113 196 165 126 19
split_gain=6.14556 5.09017 7.13261 9.27062 8.90999 7.82569 5.83137 2.24644 1.83676 1.0545
threshold=0.10773074064899797 -0.29350499179089479 2.2050988165903846 0.012034137512381917 2.9300561914466754 7.5000000000000009 1.7591697319076258 0.00059754975730763485 -0.0039307764959451976 0.4519548880986391
decision_type=2 2 2 2 2 2 2 2 2 2
left_child=9 7 3 4 -3 -5 -4 -2 -8 -1
right_child=1 2 6 5 -6 -7 8 -9 -10 -11
leaf_value=-0.024743533300922806 0 -0.00033931536992988314 -0.0066736646219823729 0.0064067222121391284 0.023919497439773479 -0.035018456982598402 0.004407571999532128 -0.030670058668084393 0.035382107704617645 0
leaf_weight=24.09298175945878 11.173628780990841 171.46343198046088 11.532725911587475 14.07953644171357 44.215994333848357 27.413921235129237 11.35754727385938 12.786043198779224 29.722162432968616 10.000914299860595
leaf_count=479 118 1338 87 113 392 144 98 72 273 142
internal_value=0 0.00204818 0.00396001 0.000248143 0.00466521 -0.0203541 0.0202126 -0.0185061 0.0288355 -0.0193935
internal_weight=367.839 333.745 309.785 257.173 215.679 41.4935 52.6124 23.9597 41.0797 34.0939
internal_count=3256 2635 2445 1987 1730 257 458 190 371 621
is_linear=0
shrinkage=0.05


Tree=178
num_leaves=1
num_cat=0
split_feature=
split_gain=
threshold=
decision_type=
left_child=
right_child=
leaf_value=0
leaf_weight=
leaf_count=3256
internal_value=
internal_weight=
internal_count=
is_linear=0
shrinkage=1


Tree=179
num_leaves=17
num_cat=0
split_feature=266 0 262 10 113 268 191 111 126 125 231 206 262 26 19 64
split_gain=6.34601 5.4079 4.83333 6.16775 5.77516 3.96076 4.24205 3.69046 3.60752 6.84328 5.27805 3.44973 3.27852 2.41889 1.44008 0.302051
threshold=0.042318408813254604 -0.002467264279176764 0.23033707865168543 -0.012836888320610777 3.5000000000000004 -0.091026204069683744 0.76476390287568441 17.500000000000004 -0.0045703235130004618 -0.035614336333419074 109.50000000000001 0.0070935602862028145 0.16292134831460678 0.28570364553682542 0.45383193108524378 0.74566011198284698
decision_type=2 2 2 2 2 2 2 2 2 2 2 2 2 2 2 2
left_child=2 14 3 -1 -5 6 12 -8 11 -10 -11 -4 -3 -6 -2 -13
right_child=1 5 8 4 13 -7 7 -9 9 10 -12 15 -14 -15 -16 -17
leaf_value=-0.025587407876537949 -0.030570862846225733 -0.0067339561465455545 0 -0.02072128555414569 0.02239913527194461 -0.024983979299309636 -0.022737952154966025 0.00078565273822374902 -0.028144923488613166 0.017900984530738726 -0.010042147500231226 0.032894993377438939 0.019993567819074843 -0.0013719327226446234 -0.001998705192943752 0.0081125974359353547
leaf_weight=21.021930394694209 24.503043401986361 11.262188674882053 15.780150447040795 12.120220415294169 27.054569635540247 13.453674815595148 20.674538774415851 43.425144527107477 10.70242105424404 54.30567523650825 19.205701185390353 28.229010481387377 35.089428227394819 10.344437645748256 10.51389163546264 10.086888294667004
leaf_count=136 279 77 167 89 240 403 140 312 60 469 164 259 193 76 97 95
internal_value=0 -0.00750494 0.00564252 -0.00439319 0.00459981 -0.00194959 0.00100189 -0.00673381 0.0110994 0.00363683 0.00983952 0.0210395 0.0124718 0.0149729 -0.0241419 0.0286439
internal_weight=367.773 158.922 208.851 70.5412 49.5192 123.905 110.451 64.0997 138.31 84.2138 73.5114 54.096 46.3516 37.399 35.0169 38.3159
internal_count=3256 1501 1755 541 405 1125 722 452 1214 693 633 521 270 316 376 354
is_linear=0
shrinkage=0.05


Tree=180
num_leaves=13
num_cat=0
split_feature=297 375 394 37 19 166 111 73 265 393 56 260
split_gain=5.82387 5.75575 5.76663 8.16711 6.4301 7.10841 6.80385 4.31531 3.33653 3.12237 0.767567 0.438845
threshold=-0.79590634691715823 0.03304934422280615 -0.0024480764977160559 0.037124190569140049 0.42853799956089295 1.0000000180025095e-35 48.500000000000007 0.81528114594513246 0.16046986721144027 -0.10779504828269414 0.3528957498274779 0.88181818181818195
decision_type=2 2 2 2 2 2 2 2 2 2 2 2
left_child=7 2 4 11 6 -6 -2 -1 -5 -3 -11 -4
right_child=1 9 3 8 5 -7 -8 -9 -10 10 -12 -13
leaf_value=0.0014424130487317372 0.021671248059668691 0 -0.038644666170830642 0.0055156660228277785 0.010659099897773174 -0.022287575819016577 -0.0059630967531354162 -0.02685438713634572 -0.015135518528586045 0.0060624808112722181 0.031353203912865439 -0.010159802233720828
leaf_weight=17.135736998170614 69.693994455039501 16.205045722424984 16.8291807807982 58.588714294135571 26.15553187392652 31.780158340930939 26.969086647033691 29.509814562276006 25.308090254664421 11.652880074456332 22.829397456720471 10.641641717404125
leaf_count=184 579 126 81 379 219 184 208 718 143 112 258 65
internal_value=0 0.00241309 -0.000414089 -0.00912534 0.00559819 -0.00680051 0.0135121 -0.0159931 -0.000445987 0.0173733 0.0253098 -0.0313378
internal_weight=363.299 316.654 265.966 111.368 154.599 57.9357 96.6631 46.6456 83.8968 50.6873 34.4823 27.4708
internal_count=3256 2354 1858 668 1190 403 787 902 522 496 370 146
is_linear=0
shrinkage=0.05


Tree=181
num_leaves=1
num_cat=0
split_feature=
split_gain=
threshold=
decision_type=
left_child=
right_child=
leaf_value=0
leaf_weight=
leaf_count=3256
internal_value=
internal_weight=
internal_count=
is_linear=0
shrinkage=1


Tree=182
num_leaves=10
num_cat=0
split_feature=299 375 66 86 104 399 73 393 260
split_gain=6.04848 5.53293 6.29638 8.97283 5.22929 5.90896 4.30958 3.13199 0.174167
threshold=-0.5209063469171572 0.03304934422280615 0.79346926433092058 -5979886.378041002 -0.2170540145131423 0.09171557581521593 0.81528114594513246 -0.10779504828269414 0.9363636363636364
decision_type=2 2 2 2 2 2 2 2 2
left_child=6 2 4 -4 -2 -6 -1 -3 -9
right_child=1 7 3 -5 5 -7 -8 8 -10
leaf_value=-0.0013080287148808556 -0.024134478951863839 0 0.017046944994720408 -0.031120447197763735 0.0081426584836859738 -0.023083595590683213 0.026910988077502074 -0.029686183697464189 -0.0074406847225497426
leaf_weight=17.186541266739368 12.270985914394258 16.206731226295233 10.063428830355404 29.401726417243481 201.2221263833344 12.790036128833888 29.720275718718767 23.661471784114838 10.709970112890003
leaf_count=184 112 126 52 271 1354 69 718 276 94
internal_value=0 -0.00260354 0.00016446 -0.017324 0.00361938 0.00575277 0.0161126 -0.0172753 -0.0252463
internal_weight=363.233 316.326 265.748 39.4652 226.283 214.012 46.9068 50.5782 34.3714
internal_count=3256 2354 1858 323 1535 1423 902 496 370
is_linear=0
shrinkage=0.05


Tree=183
num_leaves=13
num_cat=0
split_feature=284 214 220 394 74 165 112 71 380 264 264 213
split_gain=5.69169 4.43597 6.17629 7.16268 5.73853 8.48682 5.99758 4.05896 3.92336 2.33629 1.04597 0.081374
threshold=-0.1293161010896838 0.16264380613078105 6.4432194345747851 -0.0038592176914631344 -0.017145879459416272 -0.0025876562712270974 7.5000000000000009 0.78644267977647153 0.25000000000000006 92.500000000000014 64.500000000000014 5.5425430483494962
decision_type=2 2 2 2 2 2 2 2 2 2 2 2
left_child=1 10 4 7 5 -3 -6 -4 -5 11 -1 -2
right_child=9 2 3 8 6 -7 -8 -9 -10 -11 -12 -13
leaf_value=-0.0012116799800574024 0.028598842468852061 0.01398921322627069 0 -0.0078843510179960798 -0.016156701885299645 -0.024864225484287086 0.0092544355029223358 0.032787292940567613 0.019157397202799482 0 -0.025298593534552299 0.0069821728832873339
leaf_weight=11.668633397668598 18.851127136498693 14.245500322431324 10.845215093344448 52.10445786267519 29.860370745882392 59.22066218405962 73.747739754617214 31.442886259406805 14.487636920064686 10.890571674332021 21.111138744279742 10.36313430033624
leaf_count=84 488 123 94 392 201 524 530 204 107 131 169 209
internal_value=0 -0.00233224 -7.82463e-05 0.00897269 -0.00597795 -0.0164232 0.00121325 0.0243621 -0.000710501 0.0170149 -0.0189423 0.0238472
internal_weight=358.839 318.734 285.954 108.88 177.074 73.4662 103.608 42.2881 66.5921 40.1048 32.7798 29.2143
internal_count=3256 2428 2175 797 1378 647 731 298 499 828 253 697
is_linear=0
shrinkage=0.05


Tree=184
num_leaves=1
num_cat=0
split_feature=
split_gain=
threshold=
decision_type=
left_child=
right_child=
leaf_value=0
leaf_weight=
leaf_count=3256
internal_value=
internal_weight=
internal_count=
is_linear=0
shrinkage=1


Tree=185
num_leaves=19
num_cat=0
split_feature=284 165 112 270 64 11 163 191 130 105 364 104 220 66 375 1 86 208
split_gain=5.8896 5.2484 4.58299 6.06478 5.6071 4.46989 3.75779 3.74214 3.23027 6.29167 3.51336 3.19272 2.89037 2.36616 2.88994 1.48841 1.42282 0.396634
threshold=-0.23220965263717586 -0.0006808574815245894 47.500000000000007 -1.1155534230242765 0.34345352758942121 0.0017113501953858192 0.011751960903803224 0.69999999999999996 -15.499999999999998 0.12676533285525451 0.54717882303221488 -0.057041706935842637 4.980815987972762 0.38564434306989631 -0.27596877645612428 0.0066800913913952495 -421309.13139300037 1.7578830428342418
decision_type=2 2 2 2 2 2 2 2 2 2 2 2 2 2 2 2 2 2
left_child=1 2 3 12 -4 13 -7 15 10 -10 -9 -6 -1 -2 -15 -3 -16 -5
right_child=5 7 4 17 11 6 -8 8 9 -11 -12 -13 -14 14 16 -17 -18 -19
leaf_value=0.011533075340118029 0.00053702998932845169 0.029774240354206928 0.035742396215902889 -0.029306277000060534 0.016401941163765608 0.026661107751447727 -0.009765126223106331 0.026015825070861032 0.0069914977890145518 -0.027147424712767234 -0.004020806170141839 -0.0094644782198284854 -0.014537767804346083 0 -0.031204192034553851 0.0048348024615669982 -0.0025666533648935697 -0.0057953419691627889
leaf_weight=26.71362653747201 10.744726521894334 27.120807381346822 10.226179337128995 26.631453119218349 14.620044864714144 10.197300717234613 10.314049638807772 23.067236084491014 40.813166409730911 16.016867317259312 10.317216634750364 33.190880617126822 12.908284446224568 14.265185846015809 35.648924609646201 15.89425256103277 10.021038684993981 10.06109034642577
leaf_count=204 101 237 73 188 110 66 138 224 323 130 76 231 112 161 572 129 126 55
internal_value=0 0.00365657 -0.00301017 -0.0111286 0.00686813 -0.0108587 0.00730886 0.0106647 0.00391222 -0.00267323 0.0157929 -6.93721e-05 0.00144101 -0.0168925 -0.0206882 0.0225616 -0.0264933 -0.0250445
internal_weight=358.772 267.581 134.352 76.3145 58.0371 91.1912 20.5114 133.23 90.2145 56.83 33.3845 47.8109 39.6219 70.6799 59.9351 43.0151 45.67 36.6925
internal_count=3256 2092 973 559 414 1164 204 1119 753 453 300 341 316 960 859 366 698 243
is_linear=0
shrinkage=0.05


Tree=186
num_leaves=11
num_cat=0
split_feature=290 399 162 194 399 113 266 174 19 380
split_gain=5.39042 4.67461 6.40354 5.38181 5.0941 8.66715 8.12674 1.75655 0.843023 0.835872
threshold=0.10773074064899797 -0.29350499179089479 2.2050988165903846 0.7591697319076256 -0.060395407339102834 3.5000000000000004 0.10069418862611294 -1.0000000180025095e-35 0.44246582751236224 1.0000000180025095e-35
decision_type=2 2 2 2 2 2 2 2 2 2
left_child=8 7 4 -4 6 -6 -3 -2 -1 -5
right_child=1 2 3 9 5 -7 -8 -9 -10 -11
leaf_value=-0.023907374024468801 0 -0.0022178334262935046 -0.0064249259832800075 0.03355608265605229 0.012307502560298701 -0.020669596070645911 0.020197595557774149 -0.029179516758616519 -0.00052033955706207971 0.0068155576024817137
leaf_weight=22.055546540766954 10.857274612411857 110.03444388322532 11.095630619674919 27.863457230851054 25.759537979960442 55.608242245391011 57.761551732197404 12.133910119533539 10.153974084183572 11.017230391502379
leaf_count=469 109 712 87 274 143 411 721 81 152 97
internal_value=0 0.00196799 0.00383836 0.0196433 0.000274009 -0.0095706 0.00542487 -0.018078 -0.0186273 0.0282037
internal_weight=354.341 322.131 299.14 49.9763 249.164 81.3678 167.796 22.9912 32.2095 38.8807
internal_count=3256 2635 2445 458 1987 554 1433 190 621 371
is_linear=0
shrinkage=0.05


Tree=187
num_leaves=1
num_cat=0
split_feature=
split_gain=
threshold=
decision_type=
left_child=
right_child=
leaf_value=0
leaf_weight=
leaf_count=3256
internal_value=
internal_weight=
internal_count=
is_linear=0
shrinkage=1


Tree=188
num_leaves=10
num_cat=0
split_feature=290 221 64 141 10 111 264 71 19
split_gain=5.5632 4.38284 4.59942 6.03819 5.30477 5.30218 4.82904 1.27243 0.832102
threshold=0.10773074064899797 20.438907322223091 0.31560526435355363 1.0000000180025095e-35 0.068836216774460529 15.500000000000002 32.000000000000007 0.69076239608678602 0.44246582751236224
decision_type=2 2 2 2 2 2 2 2 2
left_child=8 2 6 5 -5 -4 -2 -3 -1
right_child=1 7 3 4 -6 -7 -8 -9 -10
leaf_value=0.023979367020545039 -0.0053105716530313114 -0.0018298857985226203 -0.0089417347753427533 -0.021953036184699005 0.008186333694055704 0.0079294551648032875 0.031779933747002692 -0.029599851076254881 0.00065400153769189706
leaf_weight=22.191880948841572 10.218715395778419 11.401458309963347 67.165432462468743 55.177963411435485 14.908478043973444 129.82852553017437 18.404616573825479 14.782658297568558 10.19546591863036
leaf_count=469 86 111 503 505 103 1036 145 146 152
internal_value=0 -0.00214659 -0.000149589 -0.00242417 -0.0147849 0.00187934 0.0177097 -0.0206522 0.0187275
internal_weight=354.275 321.888 295.704 267.08 70.0864 196.994 28.6233 26.1841 32.3873
internal_count=3256 2635 2378 2147 608 1539 231 257 621
is_linear=0
shrinkage=0.05


Tree=189
num_leaves=11
num_cat=0
split_feature=284 167 220 394 297 165 36 372 297 10
split_gain=5.17654 4.61583 6.58765 6.11246 4.72297 4.32608 3.86838 3.39725 2.22414 1.88164
threshold=-0.1293161010896838 -0.13156712337783102 6.5992846230120845 -0.0038592176914631344 -0.79590634691715823 -0.0025000280889666761 0.040324720646574157 -0.047281870458583335 -0.40447753089637034 0.00099397515021063128
decision_type=2 2 2 2 2 2 2 2 2 2
left_child=1 2 4 7 -1 -6 -5 -4 -2 -3
right_child=8 9 3 6 5 -7 -8 -9 -10 -11
leaf_value=-0.027350674631148444 0 0 0.0017515207380400626 0.0072455849934430694 0.0099577330328736759 -0.0076285459500261762 -0.019964382151552343 0.036408715395539464 0.024294865845818182 -0.027368733956431524
leaf_weight=19.745667580515146 13.039767928421496 10.227307790890338 14.627833550795911 47.118500934913754 44.752730367705226 117.71271807327867 14.662383172661064 22.676780112087727 25.637436416000128 20.820080429315567
leaf_count=516 57 68 107 349 287 626 116 164 771 195
internal_value=0 -0.00225161 0 0.0100529 -0.00576349 -0.00238934 0 0.0252014 0.0164971 -0.0196439
internal_weight=351.021 312.344 281.297 99.0855 182.211 162.465 61.7809 37.3046 38.6772 31.0474
internal_count=3256 2428 2165 736 1429 913 465 271 828 263
is_linear=0
shrinkage=0.05


Tree=190
num_leaves=1
num_cat=0
split_feature=
split_gain=
threshold=
decision_type=
left_child=
right_child=
leaf_value=0
leaf_weight=
leaf_count=3256
internal_value=
internal_weight=
internal_count=
is_linear=0
shrinkage=1


Tree=191
num_leaves=18
num_cat=0
split_feature=284 370 381 11 381 397 112 104 276 3 74 327 323 1 231 364 11
split_gain=5.27109 4.61689 4.14228 4.03814 3.52958 3.50442 3.26789 6.26045 5.52608 3.99507 2.82788 2.67928 2.17736 2.0432 1.63525 0.960789 0.398435
threshold=-0.23524368122533343 0.49972118350904821 42.647565085986734 0.0017113501953858192 13.911093248238297 0.011751960903803224 47.500000000000007 0.09793474719307628 0.83266595985846636 -0.0037428107731048983 -0.27269328145223248 0.48812267998110531 0.22983761747277903 0.0079960243171312024 104.50000000000001 0.59158578159359865 -0.0033136549114385345
decision_type=2 2 2 2 2 2 2 2 2 2 2 2 2 2 2 2 2
left_child=1 6 10 4 -2 -5 8 9 12 -8 -3 -10 -1 -12 16 -9 -6
right_child=3 2 -4 5 14 -7 7 15 11 -11 13 -13 -14 -15 -16 -17 -18
leaf_value=-0.0014925111687835923 0.00042424641131808103 0 -0.0077396705199160188 0.025940683718576853 -0.0063967649601299574 -0.0093881856593276431 0.030475811853235498 -0.020965808092907847 -0.023103358950111091 0 0.028472334330855865 3.9282090005072169e-05 0.020200736980633533 0.0047664030215052063 0 0 -0.030178920153311722
leaf_weight=26.643178552389145 18.405452597886324 19.768993614241481 16.581496149301529 10.035773402079942 10.052853750064967 10.149981388822196 23.206978121772408 12.16768465191126 43.318907421082258 22.579082464799285 40.649303063750267 11.350217889994381 13.356082314625381 20.339322827756405 10.009722409769891 10.035107271745799 32.306686094030738
leaf_count=314 198 175 108 66 130 139 164 87 288 182 353 57 88 180 121 83 523
internal_value=0 0.00355144 0.0120441 -0.0102442 -0.0159574 0.0071036 -0.00135505 0.00646471 -0.00750905 0.0171522 0.0168348 -0.0176795 0.00549224 0.0219421 -0.0223289 -0.0130091 -0.0264336
internal_weight=350.957 259.996 97.3391 90.9605 70.7747 20.1858 162.657 67.9889 94.6684 45.7861 80.7576 54.6691 39.9993 60.9886 52.3693 22.2028 42.3595
internal_count=3256 2079 816 1177 972 205 1263 516 747 346 708 345 402 533 774 170 653
is_linear=0
shrinkage=0.05


Tree=192
num_leaves=11
num_cat=0
split_feature=284 32 356 353 304 105 130 174 297 230
split_gain=4.80455 4.06678 4.41461 5.57592 5.08849 4.70546 4.68041 2.62006 2.15296 1.44025
threshold=-0.1293161010896838 0.82851573375390763 0.73958333333333337 0.22039517069805656 1.0000000180025095e-35 0.061610689862493455 -15.499999999999998 -0.49999999999999994 -0.40447753089637034 99.500000000000014
decision_type=2 2 2 2 2 2 2 2 2 2
left_child=1 2 4 5 7 -4 -6 -1 -2 -3
right_child=8 9 3 -5 6 -7 -8 -9 -10 -11
leaf_value=0 0 -0.024484374776430676 0.031172133873546212 -0.0096617122954105114 -0.012787501422157156 0 0.0073179663680077714 -0.020979267980860871 0.023950974865769803 0
leaf_weight=24.626157207414508 12.965936888009308 22.422872191295028 29.95713784173131 17.987658698111773 35.866174772381783 16.294202446937561 104.16891288757324 46.153952607885003 24.753400982357562 11.603903679177163
leaf_count=306 57 182 193 146 181 110 582 637 771 91
internal_value=0 -0.00217258 0 0.0110971 -0.0035904 0.0202824 0.00165873 -0.0142984 0.0160874 -0.0177304
internal_weight=346.8 309.081 275.054 64.239 210.815 46.2513 140.035 70.7801 37.7193 34.0268
internal_count=3256 2428 2155 449 1706 303 763 943 828 273
is_linear=0
shrinkage=0.05


Tree=193
num_leaves=1
num_cat=0
split_feature=
split_gain=
threshold=
decision_type=
left_child=
right_child=
leaf_value=0
leaf_weight=
leaf_count=3256
internal_value=
internal_weight=
internal_count=
is_linear=0
shrinkage=1


Tree=194
num_leaves=9
num_cat=0
split_feature=297 163 394 162 394 73 394 66
split_gain=4.9602 4.89096 7.36739 5.95335 7.37733 3.80912 3.22643 0.216695
threshold=-0.79590634691715823 -0.021429223085953835 -0.029884786166134155 2.1764413929419475 0.012034137512381917 0.81528114594513246 -0.05534713098949217 0.63902917457399255
decision_type=2 2 2 2 2 2 2 2
left_child=5 6 -3 4 -4 -1 -2 -5
right_child=1 2 3 7 -6 -7 -8 -9
leaf_value=-0.00109671932162412 0 0.028591897818179363 -0.0039761940436002872 -0.030530907623888867 0.01909986691792739 0.026036772874077449 -0.032823321391077916 -0.006805148028020804
leaf_weight=16.596161464229226 10.074073638767006 17.474158795550466 194.46167526952922 14.696041572839023 38.998973585665226 26.731794577091932 17.452408693730831 10.252641806378959
leaf_count=184 85 106 1541 121 222 718 184 95
internal_value=0 -0.00238584 -0.000100538 -0.00253791 0 0.0151664 -0.0213915 -0.0243468
internal_weight=346.738 303.41 275.883 258.409 233.461 43.328 27.5265 24.9487
internal_count=3256 2354 2085 1979 1763 902 269 216
is_linear=0
shrinkage=0.05


Tree=195
num_leaves=10
num_cat=0
split_feature=284 167 220 113 62 130 78 46 1
split_gain=4.59003 4.16242 6.067 5.7073 6.22299 5.55768 4.4209 2.07097 1.52068
threshold=-0.1293161010896838 -0.13156712337783102 6.5992846230120845 3.5000000000000004 0.52608432024276819 -26.499999999999996 0.38623677056317612 0.87082066810115444 0.008579997764308513
decision_type=2 2 2 2 2 2 2 2 2
left_child=1 2 3 -1 -5 -4 -7 -2 -3
right_child=7 8 5 4 -6 6 -8 -9 -10
leaf_value=0.018549605471815271 0.023361691465557874 -0.02745381574717666 -0.013623193778365348 -0.019068447597949088 0 -0.010384217816424414 0.019988851525315644 0 -0.00037308984846280994
leaf_weight=17.758740792050958 24.928594336844981 17.718207171186808 16.298050442710519 74.880753541365266 86.413852693513036 10.04022056236863 70.810410901904106 12.078492712229489 12.287672137841581
leaf_count=110 718 168 114 633 686 81 541 110 95
internal_value=0 -0.00213538 0 -0.00556349 -0.00881294 0.00975621 0.0153842 0.0158614 -0.0189208
internal_weight=343.215 306.208 276.202 179.053 161.295 97.1487 80.8506 37.0071 30.0059
internal_count=3256 2428 2165 1429 1319 736 622 828 263
is_linear=0
shrinkage=0.05


Tree=196
num_leaves=1
num_cat=0
split_feature=
split_gain=
threshold=
decision_type=
left_child=
right_child=
leaf_value=0
leaf_weight=
leaf_count=3256
internal_value=
internal_weight=
internal_count=
is_linear=0
shrinkage=1


Tree=197
num_leaves=18
num_cat=0
split_feature=266 0 231 394 165 162 278 191 74 163 375 28 66 120 19 28 20
split_gain=4.79914 4.97474 4.39508 7.53905 3.30853 3.5789 3.2581 3.43776 3.17621 3.00145 3.06202 2.90432 2.88475 1.69065 0.943231 0.765245 0.151468
threshold=0.042318408813254604 -0.0025950155623345023 68.500000000000014 -0.0043689578473486415 -0.0034821870001103946 1.9117478405722979 1.9092773757407908 0.76476390287568441 -0.079259708888411731 -0.020691356424779945 0.03304934422280615 0.059201084566544222 0.44513075113534289 -0.0039778719912326168 0.4519548880986391 0.061440308706032877 0.13003046719414194
decision_type=2 2 2 2 2 2 2 2 2 2 2 2 2 2 2 2 2
left_child=2 14 9 11 -5 -6 7 13 -9 -1 12 16 -11 -3 -2 -12 -4
right_child=1 6 3 4 5 -7 -8 8 -10 10 15 -13 -14 -15 -16 -17 -18
leaf_value=-0.0062727324617541467 -0.029696182977478232 0.021649619627696265 -0.0096959308014645217 -0.0098009944113778488 0.020478157123674245 -0.0054509933792009219 -0.023713891743072452 0.0040938245857949787 -0.01707382571064597 0 -0.008333947256621687 0 0.027327591521660761 0.00037892791190587312 -0.0030933941687904948 0.0085363036149154331 -0.03662001782370651
leaf_weight=12.055240366607903 21.278881229460243 19.957890141755342 10.055292148143055 16.265234481543303 41.568325852975249 13.642762046307324 11.594299428164957 30.482056198641658 29.925602318719029 10.067062120884655 10.34637729264796 10.296950956806539 47.281444318592548 24.578373905271292 10.04742580745369 10.533218586817382 13.175801202654837
leaf_count=86 265 120 66 102 421 144 406 234 223 84 77 97 503 154 99 101 74
internal_value=0 -0.00679454 0.00503812 -0.00151804 0.00715851 0.0132613 -0.00136947 0.00122641 -0.00591563 0.0130029 0.0167108 -0.0204526 0.0224213 0.0117275 -0.0236364 0 -0.0293141
internal_weight=343.152 147.865 195.288 105.004 71.4763 55.2111 116.538 104.944 60.4077 90.2833 78.2281 33.528 57.3485 44.5363 31.3263 20.8796 23.2311
internal_count=3256 1501 1755 904 667 565 1137 731 457 851 765 237 587 274 364 178 140
is_linear=0
shrinkage=0.05


Tree=198
num_leaves=14
num_cat=0
split_feature=290 265 141 264 111 162 64 126 303 113 28 264 28
split_gain=4.41687 4.40981 4.62526 5.21487 11.2463 5.43745 4.03044 3.35265 3.14197 2.48453 1.88035 0.571029 0.0659844
threshold=0.10773074064899797 0.15045248868778285 1.0000000180025095e-35 38.500000000000007 17.500000000000004 0.33297185743325081 0.4347771166749746 -0.0062975917458328859 0.10976487851488335 34.500000000000007 0.038963821832434811 66.500000000000014 0.062951250493804081
decision_type=2 2 2 2 2 2 2 2 2 2 2 2 2
left_child=11 2 3 5 -5 -2 10 -4 9 -8 -3 -1 -9
right_child=1 6 7 4 -6 -7 8 12 -10 -11 -12 -13 -14
leaf_value=-0.023842174584543442 -0.0097523928005029594 -0.034427882178515036 0 0.016556077941249196 -0.015456192848878759 0.022967247462530857 -0.015491170430029986 0.031176547280743119 0.021494933183872435 0.0046337568293667994 -0.0025366665991130972 -0.0031615844455681972 0.0083515624374665628
leaf_weight=16.894397135823969 13.461517713963984 13.479575324803593 18.609469464048743 37.58352053258568 78.087012056261301 40.475068406201899 27.256290310993791 23.866341521963477 10.493163201957939 23.601529132574797 12.373248355463145 13.03262474760413 10.179894513450561
leaf_count=338 104 88 165 328 654 338 165 239 185 165 94 283 110
internal_value=0 0.00178944 0.00564185 0.00119677 -0.00447788 0.0138393 -0.00733627 0.018225 0 -0.00548556 -0.0227483 -0.0174633 0.0269305
internal_weight=339.394 309.467 222.263 169.607 115.671 53.9366 87.2038 52.6557 61.351 50.8578 25.8528 29.927 34.0462
internal_count=3256 2635 1938 1424 982 442 697 514 515 330 182 621 349
is_linear=0
shrinkage=0.05


Tree=199
num_leaves=1
num_cat=0
split_feature=
split_gain=
threshold=
decision_type=
left_child=
right_child=
leaf_value=0
leaf_weight=
leaf_count=3256
internal_value=
internal_weight=
internal_count=
is_linear=0
shrinkage=1


Tree=200
num_leaves=16
num_cat=0
split_feature=297 126 381 399 260 83 163 125 231 112 125 244 146 130 120
split_gain=4.52894 4.55973 7.9257 6.68327 6.03714 5.27179 6.38659 5.20547 4.68373 5.66744 3.72422 2.58615 1.32802 0.422446 0.354605
threshold=-0.79590634691715823 -0.0071545202942076549 13.911093248238297 -0.10948066505889943 0.3727272727272728 -0.057063201503123502 0.0085436863869574903 -0.070179891329556959 32.500000000000007 32.500000000000007 -0.1333954918231022 0.62727272727272732 0.0035800116453349302 -27.499999999999996 -0.018124607834203717
decision_type=2 2 2 2 2 2 2 2 2 2 2 2 2 2 2
left_child=10 5 8 14 -5 6 13 11 12 -10 -1 -7 -3 -2 -4
right_child=1 2 3 4 -6 7 -8 -9 9 -11 -12 -13 -14 -15 -16
leaf_value=-0.0032922817805168267 0.0088627887018456839 0.03348589890701207 -0.011293469132447075 0.01858204802174207 -0.01170608368693624 0 -0.0053287969537443814 0.016629845345292833 -0.015142997874334192 0.021499239898487219 0.024615234652021166 -0.024430980230746621 0.0035546880650135625 0.035526303064745128 -0.032274358469149021
leaf_weight=13.780954945832489 10.425647977739567 12.712306976318361 16.160344067960978 18.265831956639886 62.643914967775345 12.933395856991408 15.774746088311074 15.372203631326554 29.558542709797621 12.163490502163766 28.089505259878933 22.799756729975343 11.49155681952834 21.851271061226729 35.30761178676039
leaf_count=162 74 60 189 131 473 89 110 97 258 82 740 191 79 134 387
internal_value=0 -0.00231741 -0.00678273 -0.0138576 -0.0038526 0.00606024 0.0176648 -0.00430123 0.00668288 -0.00261684 0.0147096 -0.0151872 0.0230722 0.0298173 -0.0275894
internal_weight=339.331 297.461 198.304 132.378 80.9097 99.157 48.0517 51.1054 65.9259 41.722 41.8705 35.7332 24.2039 32.2769 51.468
internal_count=3256 2354 1659 1180 604 695 318 377 479 340 902 280 139 208 576
is_linear=0
shrinkage=0.05


Tree=201
num_leaves=8
num_cat=0
split_feature=303 399 163 265 68 64 174
split_gain=4.16522 4.19949 5.55646 4.45173 6.00961 3.18061 0.819582
threshold=0.39065326889067703 -0.29350499179089479 -0.020691356424779945 0.15045248868778285 0.64813738535285081 0.4347771166749746 -1.0000000180025095e-35
decision_type=2 2 2 2 2 2 2
left_child=1 6 -3 4 -4 -5 -1
right_child=-2 2 3 5 -6 -7 -8
leaf_value=-0.003570128860470824 0.024671994706224672 0.025959342451496066 0.0074599053067967592 -0.024762781094297123 -0.011530068980375729 -0.0025714720179766466 -0.030015757349098632
leaf_weight=11.17908981628716 13.188679178245364 16.762421004474163 152.50482763070613 26.786250177770853 52.786625284701586 50.42442955262959 11.335903672501445
leaf_count=96 511 151 1319 186 502 411 80
internal_value=0 -0.0013118 0.000181554 -0.00142956 0.00224122 -0.0115318 -0.0208083
internal_weight=334.968 321.78 299.265 282.502 205.291 77.2107 22.515
internal_count=3256 2745 2569 2418 1821 597 176
is_linear=0
shrinkage=0.05


Tree=202
num_leaves=1
num_cat=0
split_feature=
split_gain=
threshold=
decision_type=
left_child=
right_child=
leaf_value=0
leaf_weight=
leaf_count=3256
internal_value=
internal_weight=
internal_count=
is_linear=0
shrinkage=1


Tree=203
num_leaves=18
num_cat=0
split_feature=284 165 112 266 104 217 399 210 265 130 105 105 113 69 86 355 208
split_gain=4.30843 4.33572 3.96939 5.14472 4.77064 3.45674 3.29299 3.69272 3.01514 2.86095 5.58469 2.84108 2.81406 2.60593 2.6046 0.865505 0.405838
threshold=-0.23524368122533343 -0.0006808574815245894 47.500000000000007 -0.11555342302427686 0.11711047685124372 6.9919874225348391 -0.060395407339102834 0.24562888967684471 0.14576098059244127 -15.499999999999998 0.14863786562891376 1.0000000180025095e-35 16.500000000000004 -0.0042121658060203506 -5323792.5668074926 -0.023808007829839561 1.7005397119407257
decision_type=2 2 2 2 2 2 2 2 2 2 2 2 2 2 2 2 2
left_child=1 2 3 13 8 15 7 14 -4 11 -11 -7 -8 -1 -2 -3 -5
right_child=6 5 4 16 -6 9 12 -9 -10 10 -12 -13 -14 -15 -16 -17 -18
leaf_value=-0.014535553894143472 0.0095604622132274553 0.0035112311095689928 0.002605631222496959 -0.028744160441699931 -0.014652684534828013 0 -0.012389773402982364 -0.02792314880116864 0.032489014004648875 0.0055722145200384548 -0.028556377792633571 0.028299259036324565 0.016859313270696362 0.010869586534884304 -0.016774679344747596 0.026699331458707162 -0.0053966037776688189
leaf_weight=12.141309192404149 16.42392315436155 12.015028625726698 26.516387669369578 23.723048456013203 14.433186737820504 15.539187312126161 10.307418851181867 29.208609741181135 13.982211470603941 38.654999308288097 13.281193807721136 15.061928080394862 15.837758939713238 25.370537394657731 14.11018457636237 28.172318773344159 10.123094387352465
leaf_count=99 144 111 221 183 100 141 115 595 92 335 109 157 148 217 175 256 58
internal_value=0 0.00326207 -0.0029195 -0.0107677 0.00644208 0.00993878 -0.00953973 -0.015949 0.0156015 0.00309279 -0.00332788 0.0148022 0.00352428 0.000945123 -0.00153027 0.0216499 -0.024126
internal_weight=334.902 249.014 126.29 71.358 54.9318 122.725 85.8879 59.7427 40.4986 82.5373 51.9362 30.6011 26.1452 37.5118 30.5341 40.1873 33.8461
internal_count=3256 2079 970 557 413 1109 1177 914 313 742 444 298 263 316 319 367 241
is_linear=0
shrinkage=0.05


Tree=204
num_leaves=11
num_cat=0
split_feature=290 399 162 394 216 264 399 165 274 264
split_gain=4.01036 3.99793 5.44586 6.89785 7.71263 5.74077 5.68953 1.45008 0.640965 0.576642
threshold=0.10773074064899797 -0.29350499179089479 2.1764413929419475 0.012034137512381917 7.5003969263258758 51.500000000000007 0.08806394763827595 0.00059754975730763485 0.44393375383448797 66.500000000000014
decision_type=2 2 2 2 2 2 2 2 2 2
left_child=9 7 3 4 -3 -4 -5 -2 -7 -1
right_child=1 2 5 6 -6 8 -8 -9 -10 -11
leaf_value=-0.023353504442920812 0 0 -0.0081953559335771302 -0.031077959747063563 0.029158532543812423 0.0065341849157148002 0.0054133236390281683 -0.027730493119910962 0.033019509310009264 -0.0026866724962821289
leaf_weight=16.252650205977265 10.077990030869843 172.59636959061027 11.098014739342032 25.62529010232538 23.638615861535072 10.079634480178354 12.515769658610223 11.368230838328598 25.880039628595114 12.773900376632808
leaf_count=338 118 1488 86 188 232 95 69 72 287 283
internal_value=0 0.00167044 0.00346991 5.6565e-05 0.00411098 0.0184493 -0.0183667 -0.0174262 0.0279538 -0.0169233
internal_weight=331.907 302.88 281.434 234.376 196.235 47.0577 38.1411 21.4462 35.9597 29.0266
internal_count=3256 2635 2445 1977 1720 468 257 190 382 621
is_linear=0
shrinkage=0.05


Tree=205
num_leaves=1
num_cat=0
split_feature=
split_gain=
threshold=
decision_type=
left_child=
right_child=
leaf_value=0
leaf_weight=
leaf_count=3256
internal_value=
internal_weight=
internal_count=
is_linear=0
shrinkage=1


Tree=206
num_leaves=9
num_cat=0
split_feature=297 375 163 11 379 125 399 393
split_gain=4.16214 4.58725 5.75219 4.93999 4.23953 3.53208 2.64866 2.54676
threshold=-0.79590634691715823 0.03304934422280615 -0.021429223085953835 -0.0028025132166600848 0.0056381337161346421 -0.1333954918231022 -0.28752184668417446 -0.10779504828269414
decision_type=2 2 2 2 2 2 2 2
left_child=5 2 6 -4 -5 -1 -2 -3
right_child=1 7 3 4 -6 -7 -8 -9
leaf_value=-0.0031139208649558561 0 0 0.027648454064763486 0.0035585050106446969 -0.018505271730113796 0.024231487384418028 -0.031730577158375857 -0.023692836299262023
leaf_weight=13.651483094319699 10.106931066140534 15.12490965053439 16.179335305467248 181.52708809450269 21.462972971610725 27.052884949371219 15.488611091859637 31.245761307887733
leaf_count=162 96 126 118 1281 190 740 173 370
internal_value=0 -0.00220345 0.000397972 0.0033048 0.00074735 0.0143321 -0.0204795 -0.0161374
internal_weight=331.84 291.136 244.765 219.169 202.99 40.7044 25.5955 46.3707
internal_count=3256 2354 1858 1589 1471 902 269 496
is_linear=0
shrinkage=0.05


Tree=207
num_leaves=13
num_cat=0
split_feature=284 214 220 78 74 126 125 83 126 264 264 68
split_gain=3.95438 3.55693 4.53007 4.88463 7.4507 4.77203 6.95203 4.04031 2.40593 1.89548 1.02864 0.0914901
threshold=-0.1293161010896838 0.16264380613078105 6.4432194345747851 0.656379399413757 0.16088781005407385 -0.0078202284586844622 -0.035614336333419074 -0.071133034613963961 -0.0062975917458328859 91.500000000000014 64.500000000000014 0.60676560706253524
decision_type=2 2 2 2 2 2 2 2 2 2 2 2
left_child=1 10 5 8 -5 7 -7 -3 -4 11 -1 -2
right_child=9 2 3 4 -6 6 -8 -9 -10 -11 -12 -13
leaf_value=0 0.027394394801166417 -0.027742343022898339 -0.018342996230889568 0.025700259720751836 -0.013129655756150048 0.024686749098662433 -0.0054587423697476031 0 0.0042319444485626277 0 -0.023895093084450432 0.0059192279461319029
leaf_weight=10.822504527866842 14.560912360437216 31.433660971932113 16.046300189569592 48.779116837307811 12.284966126084326 20.677654471248388 96.003060381859541 15.839445694349704 22.912898126989603 10.04137412086129 19.211295893415809 10.031230626627801
leaf_count=84 420 263 135 366 107 170 785 160 189 139 169 269
internal_value=0 -0.0020252 0 0.00815686 0.0168589 -0.00517469 0 -0.0180619 -0.00452116 0.0151763 -0.0174947 0.0220427
internal_weight=328.644 294.011 263.977 100.023 61.0641 163.954 116.681 47.2731 38.9592 34.6335 30.0338 24.5921
internal_count=3256 2428 2175 797 473 1378 955 423 324 828 253 689
is_linear=0
shrinkage=0.05


Tree=208
num_leaves=1
num_cat=0
split_feature=
split_gain=
threshold=
decision_type=
left_child=
right_child=
leaf_value=0
leaf_weight=
leaf_count=3256
internal_value=
internal_weight=
internal_count=
is_linear=0
shrinkage=1


Tree=209
num_leaves=16
num_cat=0
split_feature=284 370 381 105 299 62 112 71 124 383 74 353 55 86 19
split_gain=3.99628 3.92358 3.70336 3.15438 3.31514 3.113 4.61048 3.79582 3.57616 2.62369 2.45005 2.27513 1.98855 1.76167 1.12651
threshold=-0.23524368122533343 0.49972118350904821 42.647565085986734 0.31502710469386158 -0.22040829359672756 0.52608432024276819 35.500000000000007 1.4233746337122588 1.5000000000000002 11.500000000000002 -0.27269328145223248 0.085029728353614012 -0.045498993807172421 -5645935.5315334918 0.42240755940983676
decision_type=2 2 2 2 2 2 2 2 2 2 2 2 2 2 2
left_child=1 5 10 4 14 6 11 13 -8 -6 -3 -1 -12 -7 -2
right_child=3 2 -4 -5 9 7 8 -9 -10 -11 12 -13 -14 -15 -16
leaf_value=0.00084057484170529332 -0.0073391526987498503 0 -0.0076953919965741246 0.0091018688720966578 -0.026473888472217905 0 0.023730610329864565 0.011352701016926403 -0.0018207356283698869 0 0 -0.022458742732779018 0.02587758060410468 -0.019890173349641691 0.012413689956358271
leaf_weight=18.706219203770164 11.474615246057512 18.84065412543714 15.760814497247337 13.84347807522863 38.152248146943748 17.463771181181073 32.289287703111768 13.452462511137126 16.202913479879498 10.088104171678422 12.985514871776102 13.222062375396488 43.602217158302665 42.258681487292051 10.233357660472391
leaf_count=167 56 175 108 133 869 161 269 86 162 77 100 105 433 313 42
internal_value=0 0.00316588 0.01127 -0.00930036 -0.0138523 -0.00144995 0.0048716 -0.00897207 0.0146133 -0.0208536 0.0160131 -0.00847684 0.020983 -0.0146714 0.000325538
internal_weight=328.576 244.785 91.1892 83.7918 69.9483 153.595 80.4205 73.1749 48.4922 48.2404 75.4284 31.9283 56.5877 59.7225 21.708
internal_count=3256 2079 816 1177 1044 1263 703 560 431 946 708 272 533 474 98
is_linear=0
shrinkage=0.05


Tree=210
num_leaves=11
num_cat=0
split_feature=272 399 373 375 399 105 68 297 258 174
split_gain=3.69322 3.7259 4.82003 6.74723 6.28594 4.59982 4.66536 3.93961 3.63153 0.725117
threshold=-1.0907226242592092 -0.29350499179089479 -0.021988981625082445 0.03304934422280615 0.09171557581521593 -0.035639888878445013 0.51392396320059086 -0.64125574675594177 0.42647058823529416 -1.0000000180025095e-35
decision_type=2 2 2 2 2 2 2 2 2 2
left_child=1 9 5 4 -4 6 -3 -5 -7 -1
right_child=-2 2 3 7 -6 8 -8 -9 -10 -11
leaf_value=-0.0032153500378731374 0.024008937218391504 0.022633816932232792 -0.014782533644664239 -0.010717259201964532 0.017776387056053375 -0.0047473903192468622 -0.010355357215777721 0.018799578747427062 0.022795515394631531 -0.028774679492160712
leaf_weight=11.008060652762651 12.154056220315395 10.76724258251488 116.90210129320621 11.36233597435057 13.021217653527854 10.618884479627011 41.730027643032372 35.679518803022802 50.866715574637055 10.856499465182424
leaf_count=98 504 94 970 185 105 122 375 323 402 78
internal_value=0 -0.00125551 0.000160748 -0.00480328 -0.0108157 0.00822065 -0.00183054 0.0104559 0.0172638 -0.0198579
internal_weight=324.967 312.813 290.948 176.965 129.923 113.983 52.4973 47.0419 61.4856 21.8646
internal_count=3256 2752 2576 1583 1075 993 469 508 524 176
is_linear=0
shrinkage=0.05


Tree=211
num_leaves=1
num_cat=0
split_feature=
split_gain=
threshold=
decision_type=
left_child=
right_child=
leaf_value=0
leaf_weight=
leaf_count=3256
internal_value=
internal_weight=
internal_count=
is_linear=0
shrinkage=1


Tree=212
num_leaves=10
num_cat=0
split_feature=297 375 163 394 394 72 393 64 56
split_gain=3.84387 4.3052 5.42344 4.74829 5.02363 3.47941 2.33816 2.04872 0.857104
threshold=-0.79590634691715823 0.03304934422280615 -0.021429223085953835 -0.029884786166134155 -0.0024480764977160559 0.0066367929103998751 -0.10779504828269414 1.0793957015593871 0.3528957498274779
decision_type=2 2 2 2 2 2 2 2 2
left_child=5 2 7 -4 -5 -1 -3 -2 -8
right_child=1 6 3 4 -6 -7 8 -9 -10
leaf_value=-0.0034076539701015048 -0.031711766401571917 0 0.02694126207068839 -0.0070927063511281464 0.0085192047772350669 0.02400958620716322 -0.0037684183682638603 0 -0.029571960784264852
leaf_weight=13.386271199211476 13.336059726774694 14.904100058600305 16.38671494089067 97.002248455770314 101.97193037439138 26.155030926689506 10.657443852163853 11.425233202986417 19.675435577519238
leaf_count=201 171 126 106 815 668 701 112 98 258
internal_value=0 -0.0021324 0.000399161 0.0032391 0.000668357 0.0139667 -0.0157958 -0.0201809 -0.023161
internal_weight=324.9 285.359 240.122 215.361 198.974 39.5413 45.237 24.7613 30.3329
internal_count=3256 2354 1858 1589 1483 902 496 269 370
is_linear=0
shrinkage=0.05


Tree=213
num_leaves=11
num_cat=0
split_feature=108 165 104 229 373 266 103 55 72 126
split_gain=3.55194 3.53634 4.27637 4.85167 4.78132 3.78996 2.80841 1.71575 1.04267 0.986762
threshold=1.0000000180025095e-35 -0.0025000280889666761 -0.22263073853261203 -14.895955522971642 0.077788105288976742 -0.22136068869254255 0.28570730069486044 0.02308108698161793 0.0098930519132839016 -0.0071545202942076549
decision_type=2 2 2 2 2 2 2 2 2 2
left_child=1 5 7 -4 -5 8 9 -3 -1 -7
right_child=-2 2 3 4 -6 6 -8 -9 -10 -11
leaf_value=-0.015809100398451501 0.024159938269626733 0 0.021920014495808535 -0.011490230274906615 0.0090279458633955537 0.0040788732681867395 -0.0015732736657064047 0.027504325622312614 0.001288636860825858 0.028830300726273239
leaf_weight=11.931726187467577 11.449728920124469 10.047105253674092 10.437265667133031 181.33946921583265 28.490418702363968 12.184703845530747 11.283992019481955 10.232706031762062 10.045194402337073 24.077236399054527
leaf_count=113 126 100 135 1780 349 78 87 79 93 316
internal_value=0 -0.00119289 -0.00420584 -0.00644638 -0.00838138 0.00828514 0.016225 0.0156764 -0.00677612 0.022734
internal_weight=321.52 310.07 240.547 220.267 209.83 69.5229 47.5459 20.2798 21.9769 36.2619
internal_count=3256 3130 2443 2264 2129 687 481 179 206 394
is_linear=0
shrinkage=0.05


Tree=214
num_leaves=1
num_cat=0
split_feature=
split_gain=
threshold=
decision_type=
left_child=
right_child=
leaf_value=0
leaf_weight=
leaf_count=3256
internal_value=
internal_weight=
internal_count=
is_linear=0
shrinkage=1


Tree=215
num_leaves=20
num_cat=0
split_feature=270 0 231 394 110 105 191 399 399 165 399 73 70 11 105 383 357 19 375
split_gain=3.75996 4.52887 4.15601 6.20758 3.09326 2.95611 2.82253 3.03369 3.18042 2.7887 3.76327 2.33802 2.0899 2.14052 1.98557 1.66935 1.54204 0.857269 0.653782
threshold=-0.95768159118674523 -0.002467264279176764 68.500000000000014 -0.0043689578473486415 21.500000000000004 -0.030748653987505061 0.76476390287568441 -0.060395407339102834 -0.25880719065541452 -0.0034821870001103946 0.08806394763827595 1.1968571020620977 0.0075718195075837585 -0.0034638008527011484 0.15526492398519301 3.5000000000000004 0.46875000000000006 0.44246582751236224 0.03304934422280615
decision_type=2 2 2 2 2 2 2 2 2 2 2 2 2 2 2 2 2 2 2
left_child=2 17 4 5 12 -4 14 8 -8 -5 -11 18 -1 -14 15 -3 -9 -2 -6
right_child=1 6 3 9 11 -7 7 16 -10 10 -12 -13 13 -15 -16 -17 -18 -19 -20
leaf_value=-0.015198425515524231 -0.028768265578312829 -0.010852349169283229 0 -0.009551937164037445 0.030876783228741253 -0.030457991929677072 0.0024487916380427715 -0.0043945947386232823 -0.023956473863350345 0.018879705799548945 -0.0103582344018609 0 -0.0029076917133165274 0.021109211610347275 0.021435141306655466 0.010217435104365825 0.018185904444235807 -0.0028558265778549519 0.0058218811564140494
leaf_weight=10.157079953700302 19.722201372496787 14.765206711366774 12.71441885828972 15.576581757515667 27.027254305779934 19.274302901700139 11.810307164676486 10.105963889509441 29.893510087393224 41.674044049344957 10.054395919665692 10.16449869610369 12.961180130019782 13.612246124073865 14.239806497469543 16.934635345824063 10.131221458315848 10.008073532953857 10.627003127709029
leaf_count=59 270 163 103 102 295 134 109 80 437 482 83 85 109 197 113 145 78 106 106
internal_value=0 -0.00626509 0.00455741 -0.00196212 0.0125899 -0.0194772 -0.000812704 -0.00801554 -0.0156977 0.00612716 0.0120269 0.0206211 0.000108086 0.00859762 0.00777334 0 0.00564646 -0.0226343 0.0259869
internal_weight=321.454 137.611 183.843 99.2937 84.5493 31.9887 107.881 61.941 41.7038 67.305 51.7284 47.8188 36.7305 26.5734 45.9396 31.6998 20.2372 29.7303 37.6543
internal_count=3256 1501 1755 904 851 237 1125 704 546 667 565 486 365 306 421 308 158 376 401
is_linear=0
shrinkage=0.05


Tree=216
num_leaves=9
num_cat=0
split_feature=297 394 394 399 62 72 72 211
split_gain=3.47845 4.17718 8.39028 4.13384 4.9881 3.29934 2.38341 0.688859
threshold=-0.79590634691715823 0.019233405593874989 0.012034137512381917 -0.29350499179089479 0.51267626017267121 0.0066367929103998751 0.0070779739383894638 2.8959908117204027
decision_type=2 2 2 2 2 2 2 2
left_child=5 2 3 7 -5 -1 -4 -2
right_child=1 -3 6 4 -6 -7 -8 -9
leaf_value=0.0032925570764356631 -0.023776459098093256 0.023094849928547809 0 -0.0016681998489034616 0.013237631514076377 -0.023675594841282413 -0.032021977801178485 -0.00023297700846889184
leaf_weight=13.131132130511103 10.454043917357923 18.618690267205238 10.495513431727888 100.98227070271969 108.9754769988358 24.976221601478755 20.350137000903487 10.184715464711187
leaf_count=201 75 157 63 932 904 701 121 102
internal_value=0 0.00196052 2.14299e-05 0.00357825 0.00591116 -0.0136044 -0.0230517 -0.0157775
internal_weight=318.168 280.061 261.442 230.597 209.958 38.1074 30.8457 20.6388
internal_count=3256 2354 2197 2013 1836 902 184 177
is_linear=0
shrinkage=0.05


Tree=217
num_leaves=1
num_cat=0
split_feature=
split_gain=
threshold=
decision_type=
left_child=
right_child=
leaf_value=0
leaf_weight=
leaf_count=3256
internal_value=
internal_weight=
internal_count=
is_linear=0
shrinkage=1


Tree=218
num_leaves=9
num_cat=0
split_feature=297 394 394 216 373 72 83 72
split_gain=3.66198 4.04634 8.64783 4.37618 4.58192 3.29751 2.8132 2.37295
threshold=-0.79590634691715823 0.019233405593874989 0.012034137512381917 7.5003969263258758 0.023802104804202088 0.0066367929103998751 0.37578164612949211 0.0070779739383894638
decision_type=2 2 2 2 2 2 2 2
left_child=5 2 3 4 -2 -1 -5 -4
right_child=1 -3 7 6 -6 -7 -8 -9
leaf_value=-0.0031410572541064998 0.0025634864373997425 -0.023032115829210744 0 -0.030313908290174354 -0.016342881740302958 0.02375766389384017 0 0.032082957972428328
leaf_weight=13.180746662430463 163.76670151017606 18.57759274635464 10.498579356819393 20.230011668056253 36.283295180648565 25.151632288470864 10.033294478431342 20.378867033869028
leaf_count=201 1317 157 63 213 404 701 79 121
internal_value=0 -0.00218463 -0.000267867 -0.00387683 -0.000810136 0.0137421 -0.0207441 0.0231348
internal_weight=318.101 279.768 261.191 230.313 200.05 38.3324 30.2633 30.8774
internal_count=3256 2354 2197 2013 1721 902 292 184
is_linear=0
shrinkage=0.05


Tree=219
num_leaves=13
num_cat=0
split_feature=284 165 74 137 231 162 356 111 381 72 111 46
split_gain=3.46077 3.23849 4.15139 3.17431 4.40191 4.9857 2.92722 2.02422 2.02255 2.60352 1.81751 1.63818
threshold=-0.1293161010896838 0.00048235139771474401 -0.31326471821794039 -0.1286574657111054 69.500000000000014 0.43887621012674854 0.65625000000000011 11.500000000000002 42.647565085986734 0.013616159184897966 26.500000000000004 0.87082066810115444
decision_type=2 2 2 2 2 2 2 2 2 2 2 2
left_child=1 3 10 7 6 -6 -5 -1 9 -4 -3 -2
right_child=11 2 8 4 5 -7 -8 -9 -10 -11 -12 -13
leaf_value=0 0.021919476317420659 0.022041002877973684 -0.022417188323270845 -0.0078400877307450729 -0.0031705485666129567 0.022015212029695759 0.01706058801155302 -0.026809691614542941 0 0 -0.0019287604554588146 0
leaf_weight=14.432076061144473 21.439922352321446 10.293365308083596 53.297962888143957 62.666905532591045 24.676351775415242 51.74946809373796 10.68388459458947 10.549772048369048 16.135754665359855 17.559621439315379 10.614708773791788 11.203692097216843
leaf_count=120 718 69 513 572 192 462 78 90 114 113 105 110
internal_value=0 -0.00187556 -0.00865766 0.00210609 0.00514603 0.0134411 -0.00303048 -0.0129305 -0.0136331 -0.0171735 0.00906554 0.0146472
internal_weight=315.303 282.66 107.901 174.758 149.777 76.4258 73.3508 24.9818 86.9933 70.8576 20.9081 32.6436
internal_count=3256 2428 914 1514 1304 654 650 210 740 626 174 828
is_linear=0
shrinkage=0.05


Tree=220
num_leaves=1
num_cat=0
split_feature=
split_gain=
threshold=
decision_type=
left_child=
right_child=
leaf_value=0
leaf_weight=
leaf_count=3256
internal_value=
internal_weight=
internal_count=
is_linear=0
shrinkage=1


Tree=221
num_leaves=15
num_cat=0
split_feature=286 165 11 246 137 266 226 375 73 72 265 231 390 262
split_gain=3.51276 3.92871 3.49621 2.86728 4.09286 5.5203 2.96142 3.38624 2.78942 2.16676 2.03229 1.52246 1.36857 0.886015
threshold=-0.46820965263718167 0.00048235139771474401 0.0017113501953858192 0.26404494382022475 -0.1286574657111054 -0.22814222858354741 -1.3354043786176193 1.0000000180025095e-35 0.77206320899071956 0.013674085707243587 0.15557476231633538 17.500000000000004 -0.0098664396586969332 0.25280898876404501
decision_type=2 2 2 2 2 2 2 2 2 2 2 2 2 2
left_child=1 3 10 6 13 -6 7 -1 -3 12 11 -2 -10 -5
right_child=2 8 -4 4 5 -7 -8 -9 9 -11 -12 -13 -14 -15
leaf_value=0.022312241492376688 0 -0.006750407905659098 0.0076295172413329759 0 0.0080086003599368627 -0.018542284084268636 -0.011879138328840945 -0.0052046662651556832 0.025495900259935225 0 0 -0.025157707713198415 0.0032338832507105945 0.019523238845166345
leaf_weight=30.878558047115803 10.792857211083172 11.206508886069058 17.842606329359114 10.149238251149656 22.425862979143858 65.186507110483944 10.179814387112854 11.405468972399829 37.82910876441747 11.049214581027625 15.424879239872096 33.612343818880618 16.178296205587685 11.072226574644445
leaf_count=251 153 77 204 82 337 455 66 87 423 75 210 597 151 88
internal_value=0 0.00290046 -0.00915272 -0.00127926 -0.00612109 -0.0111542 0.00765122 0.0139327 0.0120853 0.0162191 -0.0150787 -0.020212 0.0202254 0.0114016
internal_weight=315.233 237.561 77.6727 161.298 108.834 87.6124 52.4638 42.284 76.2631 65.0566 59.8301 44.4052 54.0074 21.2215
internal_count=3256 2092 1164 1366 962 792 404 338 726 649 960 750 574 170
is_linear=0
shrinkage=0.05


Tree=222
num_leaves=14
num_cat=0
split_feature=309 265 141 64 231 113 303 355 393 303 153 126 28
split_gain=3.28377 2.88038 4.2621 4.09109 4.01858 4.78291 3.56515 3.43642 2.70111 2.17234 1.98381 1.89948 1.5364
threshold=0.75697104966628814 0.14656311962987445 1.0000000180025095e-35 0.4347771166749746 54.500000000000007 3.5000000000000004 -0.19676738141650343 -0.22948327622510004 -0.070820528360851162 -0.096866535693651681 0.013830361904162832 -0.0067399039488402193 0.038963821832434811
decision_type=2 2 2 2 2 2 2 2 2 2 2 2 2
left_child=1 2 4 12 7 -6 -4 -1 10 -10 -5 -8 -3
right_child=-2 3 6 8 5 -7 11 -9 9 -11 -12 -13 -14
leaf_value=0.0068321663261654737 0.023367417293705596 -0.035037132237941082 -0.0046231913212982948 0.0030726273538911383 0.023629065484412595 -0.001324906031610303 0.0021340387931977731 -0.016353293056730219 -0.0047874190051431439 0.019167569403485241 -0.01908583573923401 0.030404724554061971 -0.0043340167280483261
leaf_weight=16.294020910747349 11.301211151294408 13.840422560460867 12.8894877564162 10.275313308462502 21.988252252340317 68.635952225886285 13.638327995315189 57.588748387061059 10.521154501475396 18.33246611431241 21.391889709979296 22.971628961153332 12.30479543097317
leaf_count=159 512 96 243 91 162 644 83 504 111 151 190 203 107
internal_value=0 -0.00114835 0.00178907 -0.00877658 -0.00187137 0.00475879 0.0143184 -0.0105226 -0.000481565 0.00923475 -0.0108099 0.0220946 -0.0242363
internal_weight=311.974 300.672 214.006 86.666 164.507 90.6242 49.4994 73.8828 60.5208 28.8536 31.6672 36.61 26.1452
internal_count=3256 2744 1998 746 1469 806 529 663 543 262 281 286 203
is_linear=0
shrinkage=0.05


Tree=223
num_leaves=1
num_cat=0
split_feature=
split_gain=
threshold=
decision_type=
left_child=
right_child=
leaf_value=0
leaf_weight=
leaf_count=3256
internal_value=
internal_weight=
internal_count=
is_linear=0
shrinkage=1


Tree=224
num_leaves=20
num_cat=0
split_feature=266 231 162 21 26 7 28 110 105 44 365 120 385 36 73 284 167 357 354
split_gain=3.40416 3.6666 4.53936 3.41002 3.14294 3.09761 2.97315 2.9363 2.92953 3.34028 2.81054 2.47632 2.39051 2.14322 1.99634 1.36608 1.33191 0.613758 0.368568
threshold=0.042318408813254604 68.500000000000014 0.43887621012674854 0.14814521262575822 -0.03995967999640359 0.0031369855899290315 0.058617856994635308 21.500000000000004 1.0000000180025095e-35 0.60332280138575023 0.13644540850536926 -0.017213545276588801 1.0000000180025095e-35 0.021256401161418758 1.1910145665374952 -0.29600382783082574 -0.79453185702355622 0.38541666666666669 0.036855953881642388
decision_type=2 2 2 2 2 2 2 2 2 2 2 2 2 2 2 2 2 2 2
left_child=1 7 12 4 -2 6 -4 11 17 -10 -5 -1 -3 -12 18 -15 -13 -6 -9
right_child=3 2 5 10 8 -7 -8 14 9 -11 13 16 -14 15 -16 -17 -18 -19 -20
leaf_value=0.017785867858218569 0.017568798272249796 0 -0.023083347928187743 0.0039303614321122482 -0.026057709376343458 0.007254389590827328 0.0006028969410276125 0.0060042296100714923 -0.010088419984124394 0.023999980538769929 0 -0.018255396746163763 0.02707694329721403 -0.00082435624938824838 0 -0.02744760407479695 0.0005828128215929002 -0.0017946945923183267 0.029551770035793373
leaf_weight=11.318905881606041 19.601095404475927 19.731754337437451 35.826552238315344 13.414811280556021 10.302080005407335 14.587183615192769 13.882621958851812 10.034035375341771 10.157670292072 10.745662910863755 13.718526002950965 11.960311394184826 12.288832834921775 10.308625571429728 10.261066684499381 35.330330581404269 12.610038370825352 10.109847389161585 25.71450203564018
leaf_count=169 165 165 302 140 90 173 152 98 90 73 114 77 112 71 88 659 119 99 300
internal_value=0 0.00436617 -0.00181637 -0.00608175 0.00194128 -0.00978484 -0.0158619 0.0120333 -0.005032 0.00615628 -0.0132685 0 0.0122239 -0.0179594 0.0200155 -0.0228839 -0.00776228 -0.017946 0.0252093
internal_weight=311.904 178.216 96.3169 133.689 60.9164 64.2964 49.7092 81.8989 41.3153 20.9033 72.7723 35.8893 32.0206 59.3575 46.0096 45.639 24.5703 20.4119 35.7485
internal_count=3256 1755 904 1501 517 627 454 851 352 163 984 365 277 844 486 730 196 189 398
is_linear=0
shrinkage=0.05


Tree=225
num_leaves=11
num_cat=0
split_feature=108 399 373 375 113 105 120 299 7 174
split_gain=3.19089 2.93899 5.19793 6.22688 4.67182 4.57445 3.55367 3.41314 2.91756 0.653485
threshold=1.0000000180025095e-35 -0.29350499179089479 -0.021988981625082445 0.03304934422280615 3.5000000000000004 -0.035639888878445013 -0.023667286007648166 -0.36625574675594236 0.0032518824463327882 -1.0000000180025095e-35
decision_type=2 2 2 2 2 2 2 2 2 2
left_child=1 9 5 4 -4 6 -3 -5 -7 -1
right_child=-2 2 3 7 -6 8 -8 -9 -10 -11
leaf_value=-0.0021581361706102566 0.023336812953430087 0.014690267992148582 0.0043940767395026946 -0.010201190561932201 -0.016734687398931563 0.023164540236321335 -0.011583739437890886 0.017733667436131917 -0.00023061240492845705 -0.02639193592712908
leaf_weight=10.805539814755321 10.917458106763659 16.223886218853295 29.969093037769198 10.783094272017477 92.279621902853251 47.269661989994347 33.427324443124235 33.974152073264122 12.435701383277772 10.365758382715285
leaf_count=124 126 198 223 185 922 510 327 421 130 90
internal_value=0 -0.00115033 0.000131838 -0.00520289 -0.0111746 0.00864527 -0.00170102 0.00973849 0.0177164 -0.0178949
internal_weight=308.451 297.534 276.363 167.006 122.249 109.357 49.6512 44.7572 59.7054 21.1713
internal_count=3256 3130 2916 1751 1145 1165 525 606 640 214
is_linear=0
shrinkage=0.05


Tree=226
num_leaves=1
num_cat=0
split_feature=
split_gain=
threshold=
decision_type=
left_child=
right_child=
leaf_value=0
leaf_weight=
leaf_count=3256
internal_value=
internal_weight=
internal_count=
is_linear=0
shrinkage=1


Tree=227
num_leaves=14
num_cat=0
split_feature=107 265 72 25 307 37 394 299 66 373 105 40 25
split_gain=3.273 3.3235 3.18758 5.18648 4.27239 4.70481 4.15775 2.48461 2.2604 1.81092 0.216597 0.0928496 0.0900664
threshold=1.0000000180025095e-35 0.15045248868778285 0.0076505574760242449 0.021484416984133559 0.021373647722858196 0.065896023837541104 -0.0065484078258770109 -0.020506936891529409 0.77684463861668773 0.017513197503545078 -0.07145111350547674 -0.0015780938479995363 0.039919731135270871
decision_type=2 2 2 2 2 2 2 2 2 2 2 2 2
left_child=1 2 3 6 11 -6 -1 8 9 -3 -5 -4 -2
right_child=12 7 4 10 5 -7 -8 -9 -10 -11 -12 -13 -14
leaf_value=-0.018511159420348065 0.023665270878126796 0.02012078141969106 0.0042781306613145853 -0.0099719042713205096 0.0033736587712472812 -0.015814147878273441 0.01391885935693575 -0.012181465208974986 -0.0055375104057179513 0 -0.03352474088708398 0.024364766162087267 0.0043041573173449275
leaf_weight=14.35116426926106 10.273338597267868 40.726895580068231 10.000408468768002 12.444120309315624 70.294145675376058 50.353216826915741 19.963200952857733 10.000722294673322 11.934407498687504 16.904823888093233 19.467485526576638 10.944558899849651 10.724342498928307
leaf_count=158 120 312 230 115 597 493 223 209 91 153 199 253 103
internal_value=0 -0.00157436 -0.00502748 -0.0138502 -0.000353358 -0.00441955 0 0.00669414 0.0104881 0.0147411 -0.0274185 0.0185999 0.0176346
internal_weight=308.383 287.385 207.818 66.226 141.592 120.647 34.3144 79.5668 69.5661 57.6317 31.9116 20.945 20.9977
internal_count=3256 3033 2268 695 1573 1090 381 765 556 465 314 483 223
is_linear=0
shrinkage=0.05


Tree=228
num_leaves=8
num_cat=0
split_feature=309 399 397 65 167 377 174
split_gain=3.05338 3.18941 4.25125 3.45252 3.81737 2.75986 0.607043
threshold=0.75697104966628814 -0.29350499179089479 -0.020691356424779945 -0.064823954095237932 -0.13156712337783102 -0.23339726174873507 -1.0000000180025095e-35
decision_type=2 2 2 2 2 2 2
left_child=1 6 -3 5 -5 -4 -1
right_child=-2 2 3 4 -6 -7 -8
leaf_value=-0.0026351074274359753 0.022940003941902824 0.024032138218569404 0.0089948487774206901 0.005496247653361706 -0.014353647574911865 -0.014089306723049111 -0.027166754674067158
leaf_weight=10.513293018564582 10.771099044010041 14.744416439905761 10.965069446712731 157.17547025810927 24.738849697634578 66.428445508703589 10.24123514816165
leaf_count=96 512 151 126 1469 239 583 80
internal_value=0 -0.00113922 0.000202351 -0.00122137 0.00233735 -0.00998321 -0.0187472
internal_weight=305.578 294.807 274.052 259.308 181.914 77.3935 20.7545
internal_count=3256 2744 2568 2417 1708 709 176
is_linear=0
shrinkage=0.05


Tree=229
num_leaves=1
num_cat=0
split_feature=
split_gain=
threshold=
decision_type=
left_child=
right_child=
leaf_value=0
leaf_weight=
leaf_count=3256
internal_value=
internal_weight=
internal_count=
is_linear=0
shrinkage=1


Tree=230
num_leaves=21
num_cat=0
split_feature=270 0 258 394 110 86 105 7 354 217 21 405 53 119 73 105 229 86 375 19
split_gain=3.15499 4.19726 3.39481 5.20934 2.70704 4.47765 2.65697 2.51624 2.36187 2.29012 3.35983 3.72671 2.14008 2.03111 1.94117 1.7187 1.57928 1.26196 0.567471 0.258976
threshold=-0.95768159118674523 -0.0025950155623345023 1.0147058823529413 -0.0043689578473486415 21.500000000000004 -5805263.5476294877 -0.030748653987505061 -0.00026499060329793206 0.017369864994703426 7.6081917345781624 0.12544489580320337 0.0057067942732509274 -0.0032514834960638002 -0.031951062993669135 1.1605382892449254 -0.0076386625495008234 -1.7103307086614348 -5028779.8073754953 0.03304934422280615 0.42853799956089295
decision_type=2 2 2 2 2 2 2 2 2 2 2 2 2 2 2 2 2 2 2 2
left_child=2 19 4 6 5 -1 -4 -5 -9 15 11 -11 -12 -7 18 17 -17 -3 -6 -2
right_child=1 9 3 7 14 13 -8 8 -10 10 12 -13 -14 -15 -16 16 -18 -19 -20 -21
leaf_value=0.023107460233031278 -0.027669957267808826 0.0073662040052342882 0 -0.0071416670026557263 0.030005411305515262 -0.023373836657966402 -0.028798966276387318 0 0.021028227654248922 0.021330878525213141 0 -0.011650595357631138 -0.025598486450576437 0.00087735024071174767 0 0 0.025744374053672428 -0.013682648352418482 0.0051768659857650869 -0.0054017632099745069
leaf_weight=11.675436438992618 17.078037522733215 10.479857118800284 12.293443482369186 18.982145994901657 23.796386195346713 12.42104952316731 18.292217405512929 17.856873106211424 27.222792165353894 13.951540684327485 10.498428229242561 12.821978300809858 22.175028920173645 11.045938633382322 10.999839271418749 10.343633404001595 13.107669482938944 10.158418975770472 10.035358676686881 10.273786992765961
leaf_count=173 251 99 103 176 281 91 134 159 332 122 163 96 332 101 100 130 85 110 105 113
internal_value=0 -0.00589664 0.00426576 -0.00170411 0.0117397 0 -0.0181114 0.0058436 0.0124558 -0.000584134 -0.00725941 0.00427413 -0.0176766 -0.0112641 0.0195082 0.00724357 0.0159479 -0.00130071 0.0250197 -0.0223137
internal_weight=305.51 130.888 174.621 94.6475 79.974 35.1424 30.5857 64.0618 45.0797 103.537 59.447 26.7735 32.6735 23.467 44.8316 44.0896 23.4513 20.6383 33.8317 27.3518
internal_count=3256 1501 1755 904 851 365 237 667 491 1137 713 218 495 192 486 424 215 209 386 364
is_linear=0
shrinkage=0.05


Tree=231
num_leaves=10
num_cat=0
split_feature=290 373 394 224 221 162 162 244 19
split_gain=3.04559 3.49433 4.34785 5.02862 4.33717 4.13664 4.02784 2.93105 0.291402
threshold=0.10773074064899797 0.077788105288976742 0.012034137512381917 1.821855554453724 19.93003542510117 3.1339557908256381 1.9117478405722979 0.80909090909090919 0.41119454847240366
decision_type=2 2 2 2 2 2 2 2 2
left_child=8 2 3 4 -2 -5 -4 -3 -1
right_child=1 7 6 5 -6 -7 -8 -9 -10
leaf_value=-0.020168972843020768 -0.0051464004741525009 0.025964004107892139 -0.033660416967032356 0.022772520589723205 0.021100786222752022 -0.0064230071646998003 0 -0.00065481279064545184 -0.0014207258306870487
leaf_weight=15.847526398487391 150.43259778153151 21.714664577506483 14.883639993146064 39.730424574576318 14.140385908074675 12.111573287285863 12.227869579568504 11.571906621567903 10.057864462025462
leaf_count=438 1366 268 103 412 178 100 78 130 183
internal_value=0 0.00152319 -0.000429736 0.00181422 -0.00225544 0.0150618 -0.0183986 0.0160431 -0.0155226
internal_weight=302.718 276.813 243.526 216.415 164.573 51.842 27.1115 33.2866 25.9054
internal_count=3256 2635 2237 2056 1544 512 181 398 621
is_linear=0
shrinkage=0.05


Tree=232
num_leaves=1
num_cat=0
split_feature=
split_gain=
threshold=
decision_type=
left_child=
right_child=
leaf_value=0
leaf_weight=
leaf_count=3256
internal_value=
internal_weight=
internal_count=
is_linear=0
shrinkage=1


Tree=233
num_leaves=10
num_cat=0
split_feature=290 373 394 216 162 162 390 221 19
split_gain=3.18386 3.34014 4.51663 5.94551 4.25536 4.01982 2.16967 2.12091 0.30986
threshold=0.10773074064899797 0.077788105288976742 0.012034137512381917 7.5003969263258758 0.43887621012674854 1.9117478405722979 -0.026419560168716435 9.7010000757633179 0.41376601199570073
decision_type=2 2 2 2 2 2 2 2 2
left_child=8 2 3 4 -2 -4 -5 -3 -1
right_child=1 7 5 6 -6 -7 -8 -9 -10
leaf_value=0.020321736147719077 0.012729591980304752 0 0.033699920984317615 0 -0.0034805186797501526 0 -0.029977230761366935 -0.023676961396862553 0.001360729393102779
leaf_weight=16.033473394811157 53.967268689535558 10.363403359428046 14.918755607679488 10.065650070086123 131.75753138493747 12.226252092048524 20.435806136578321 22.85827943123877 10.022671512328087
leaf_count=441 453 100 103 112 1305 78 186 298 180
internal_value=0 -0.00174346 0.000160797 -0.00213304 0.0010923 0.0184851 -0.0216039 -0.0159318 0.0156426
internal_weight=302.649 276.593 243.371 216.226 185.725 27.145 30.5015 33.2217 26.0561
internal_count=3256 2635 2237 2056 1758 181 298 398 621
is_linear=0
shrinkage=0.05


Tree=234
num_leaves=16
num_cat=0
split_feature=107 0 191 21 27 268 284 355 262 264 162 387 226 30 371
split_gain=2.93915 3.49678 2.86072 3.50439 4.40874 2.91684 2.67484 1.92221 3.22487 1.82955 2.2977 1.80235 1.07152 0.61187 0.211053
threshold=1.0000000180025095e-35 -0.0010112627007915354 0.74979328163534942 0.12885016760483162 0.89167423153134018 -0.62569656576876509 -0.28943112992409731 -0.011862269376958808 0.18539325842696633 72.500000000000014 2.2050988165903846 -1.0000000180025095e-35 -1.8791337806217514 0.016218277389198402 0.14749148546108554
decision_type=2 2 2 2 2 2 2 2 2 2 2 2 2 2 2
left_child=1 6 7 4 -4 -5 9 12 -9 11 -11 -1 -3 -8 -2
right_child=14 2 3 5 -6 -7 13 8 -10 10 -12 -13 -14 -15 -16
leaf_value=0 -0.023276522034498915 -0.0086601500997895674 -0.02132356665591081 -0.0084778506330756218 0.01284171711295906 0.015071162262973781 0.003304814815026977 0 -0.027619344956022945 -0.014903046093044749 0.0098490038673756594 0.016343696923000989 0.010987579783044864 0.02774435033881581 -0.0029631413004119504
leaf_weight=31.413726191036403 10.416413269005718 11.253028688021006 24.374743688851595 12.533746231347321 10.059322154149411 48.405507996678352 10.053534903563561 17.889559385366738 25.128529594279826 22.013915219344199 10.045459653250871 30.099868092685938 10.334683494642375 16.11463210452348 10.024888737127183
leaf_count=258 106 135 225 242 109 550 131 199 229 206 100 234 107 308 117
internal_value=0 0.00131941 -0.00328271 0.00179952 -0.00977781 0.00927518 0.00780535 -0.0112718 -0.0170611 0.00294674 -0.00554199 0.00819787 0 0.0213748 -0.0171015
internal_weight=300.162 279.72 159.979 95.3733 34.4341 60.9393 119.741 64.6058 43.0181 93.573 32.0594 61.5136 21.5877 26.1682 20.4413
internal_count=3256 3033 1796 1126 334 792 1237 670 428 798 306 492 242 439 223
is_linear=0
shrinkage=0.05


Tree=235
num_leaves=1
num_cat=0
split_feature=
split_gain=
threshold=
decision_type=
left_child=
right_child=
leaf_value=0
leaf_weight=
leaf_count=3256
internal_value=
internal_weight=
internal_count=
is_linear=0
shrinkage=1


Tree=236
num_leaves=8
num_cat=0
split_feature=297 397 394 162 394 72 83
split_gain=3.06731 3.4169 5.05377 4.27214 4.81839 2.80141 2.17453
threshold=-0.79590634691715823 -0.021429223085953835 -0.029884786166134155 2.1764413929419475 0.012034137512381917 0.0066367929103998751 -0.31752777733529297
decision_type=2 2 2 2 2 2 2
left_child=5 6 -3 4 -4 -1 -2
right_child=1 2 3 -5 -6 -7 -8
leaf_value=-0.0023270754558947274 0 0.02523418742122531 -0.0032800147184619309 -0.022171173095579949 0.016653006615918297 0.022876046385503987 -0.03097575625534937
leaf_weight=12.706346599385141 10.152771656401457 15.177011622115968 172.00273300893605 20.883704638108611 33.64758329000324 22.848074235022068 12.673502477817236
leaf_count=201 106 106 1541 216 222 701 163
internal_value=0 -0.00199058 0 -0.00214891 0 0.0130919 -0.0192823
internal_weight=300.092 264.537 241.711 226.534 205.65 35.5544 22.8263
internal_count=3256 2354 2085 1979 1763 902 269
is_linear=0
shrinkage=0.05


Tree=237
num_leaves=14
num_cat=0
split_feature=284 370 381 224 65 112 71 0 268 74 240 297 113
split_gain=2.87742 2.91078 4.0692 3.27773 3.22507 3.88519 3.44413 2.61165 2.49264 2.24086 1.82289 1.42772 1.30899
threshold=-0.1293161010896838 0.49972118350904821 42.647565085986734 1.8065010382704123 -0.063022075928367047 46.500000000000007 1.4233746337122588 -0.0031795605640664334 -0.73072400990099662 -0.23100930527528096 0.88095238095238104 -0.40447753089637034 49.500000000000007
decision_type=2 2 2 2 2 2 2 2 2 2 2 2 2
left_child=1 4 3 7 5 12 8 -3 -6 -5 -7 -2 -1
right_child=11 2 -4 9 6 10 -8 -9 -10 -11 -12 -13 -14
leaf_value=0.016961071342119615 0 0 0.010870772524432002 0.01507640056696645 -0.0049520814360920172 0 -0.011351360689468241 -0.023119937758613752 0.015377080812703154 -0.0085985991669053005 -0.031602847378573079 0.021390059994511108 -0.0031625454828063007
leaf_weight=10.894491374492647 11.310136064887049 10.689300473779438 19.483806764706969 12.603731389157472 12.935185441747306 10.838116968050599 14.942612955346702 51.885165007784963 74.955674419179559 24.80046918336302 13.24945496302098 18.625514037907124 10.235505322925745
leaf_count=121 57 91 155 91 297 127 108 481 537 238 90 771 92
internal_value=0 -0.00179172 -0.00761341 -0.0119129 0.0026327 -0.00764189 0.0077116 -0.0186502 0.0117704 0 -0.0207579 0.013858 0.0059597
internal_weight=297.449 267.514 119.462 99.9787 148.051 45.2176 102.833 62.5745 87.8909 37.4042 24.0876 29.9357 21.13
internal_count=3256 2428 1056 901 1372 430 942 572 834 329 217 828 213
is_linear=0
shrinkage=0.05


Tree=238
num_leaves=1
num_cat=0
split_feature=
split_gain=
threshold=
decision_type=
left_child=
right_child=
leaf_value=0
leaf_weight=
leaf_count=3256
internal_value=
internal_weight=
internal_count=
is_linear=0
shrinkage=1


Tree=239
num_leaves=15
num_cat=0
split_feature=284 126 125 113 264 354 265 21 348 38 73 111 209 365
split_gain=2.89745 3.14832 5.60736 5.4334 4.47334 3.53505 3.86392 2.61086 2.37325 1.91189 1.862 1.22541 1.14984 0.698725
threshold=-0.23220965263717586 -0.0062975917458328859 -0.035614336333419074 3.5000000000000004 32.000000000000007 0.017369864994703426 0.051082251082251083 0.14814521262575822 -0.070822408739244905 0.5306810475629915 1.0293627409190633 20.500000000000004 3.9760788028076699 0.15706982419844812
decision_type=2 2 2 2 2 2 2 2 2 2 2 2 2 2
left_child=1 5 -3 9 -5 -1 8 10 -7 -4 11 -2 -8 -9
right_child=7 2 3 4 -6 6 12 13 -10 -11 -12 -13 -14 -15
leaf_value=-0.0064400459583236333 0 -0.027033265738909563 0 -0.016635512685637312 0.011586237127125379 -0.016724126639104726 0.029937402062105257 -0.0011529316132793245 0.012440638453403206 -0.029306915941856079 -0.010711973204926851 0.018715561969189432 0.0052466860223538735 -0.023919656941392156
leaf_weight=18.455016324296594 10.210124230012299 16.036259761080146 10.984477158635856 12.554949905723332 89.629297790117562 10.003581477329137 29.6127411974594 10.017806470394136 11.835396165028213 12.437667284160851 18.961758849211037 11.841257982887326 13.643177861347793 21.155737530440092
leaf_count=143 118 120 77 134 859 83 317 212 159 80 182 121 120 531
internal_value=0 0.00271301 -0.00154512 0.00187488 0.00726782 0.0103129 0.0158712 -0.0086025 0 -0.0179145 0 0.00923166 0.0240761 -0.01881
internal_weight=297.379 225.193 141.643 125.606 102.184 83.5499 65.0949 72.1867 21.839 23.4221 41.0131 22.0514 43.2559 31.1735
internal_count=3256 2092 1270 1150 993 822 679 1164 242 157 421 239 437 743
is_linear=0
shrinkage=0.05


Tree=240
num_leaves=14
num_cat=0
split_feature=107 0 191 21 49 268 284 7 262 165 36 258 371
split_gain=2.80106 3.18498 2.70837 3.25834 2.9622 2.72257 2.53391 1.93715 2.58489 1.7115 2.17867 1.15794 0.102847
threshold=1.0000000180025095e-35 -0.0010112627007915354 0.74979328163534942 0.12544489580320337 0.73870717817492182 -0.62569656576876509 -0.28943112992409731 -0.00043035000977648114 0.17415730337078653 0.0012070629918698526 0.042929052188499635 1.1911764705882355 0.12231214955249321
decision_type=2 2 2 2 2 2 2 2 2 2 2 2 2
left_child=1 6 7 4 -4 -5 9 11 -9 10 -1 -3 -2
right_child=12 2 3 5 -6 -7 -8 8 -10 -11 -12 -13 -14
leaf_value=0.016547111936860953 -0.022544150645243177 -0.0085140679384063042 -0.02617172067191062 -0.0081387296440464021 0.00061401908589824733 0.014675576540951796 0.0209971722600093 0 -0.025612030949192111 -0.012074207380647711 0 0.011529563823645545 -0.0033860163465561743
leaf_weight=27.536469712853432 10.018164235167207 12.715536475181581 12.578754530288277 12.332555517554281 20.425217847339809 48.098217801190913 25.367680810391903 13.90415866859257 26.363709594123065 11.539746931754051 53.082499271258712 10.207234227098523 10.084190635941921
leaf_count=219 104 133 122 246 197 561 439 151 259 127 452 127 119
internal_value=0 0.00133428 -0.00309442 0.00188489 -0.00953615 0.00906671 0.00758129 -0.010964 -0.0171995 0.00281745 0.00590369 0 -0.0167856
internal_weight=294.254 274.152 156.625 93.4347 33.004 60.4308 117.526 63.1906 40.2679 92.1587 80.619 22.9228 20.1024
internal_count=3256 3033 1796 1126 319 807 1237 670 410 798 671 260 223
is_linear=0
shrinkage=0.05


Tree=241
num_leaves=1
num_cat=0
split_feature=
split_gain=
threshold=
decision_type=
left_child=
right_child=
leaf_value=0
leaf_weight=
leaf_count=3256
internal_value=
internal_weight=
internal_count=
is_linear=0
shrinkage=1


Tree=242
num_leaves=14
num_cat=0
split_feature=107 265 72 64 305 37 163 64 297 10 28 308 371
split_gain=2.90443 2.99077 3.00826 4.45366 3.77688 4.00124 3.52354 2.84012 2.33914 2.0793 1.22987 0.257616 0.0920656
threshold=1.0000000180025095e-35 0.15045248868778285 0.0076505574760242449 0.34737152620912048 -0.070293018943807989 0.065228647326319569 -0.0050313856371331485 0.4347771166749746 -0.39909726740402951 -0.014978327805415805 0.038963821832434811 1.0000000180025095e-35 0.12231214955249321
decision_type=2 2 2 2 2 2 2 2 2 2 2 2 2
left_child=1 2 3 6 -4 -6 -1 10 9 -9 -3 -5 -2
right_child=12 7 4 11 5 -7 -8 8 -10 -11 -12 -13 -14
leaf_value=-0.020451091088118996 0.022612236402537261 0.030011537004854913 0.018012955940583688 -0.032774686634412485 0.0031910558297265053 -0.014824422647144101 0.011370871076193317 -0.0050808967720878291 -0.017021280502046505 0.015141928692731644 0.0014584141192207018 -0.0097837539394398845 0.0034993228840712446
leaf_weight=10.621497704647483 10.038490462116899 11.912230367772283 19.763667596504092 18.018246334046125 66.592512016184628 48.687548634596169 21.066299581900239 17.219567973166704 12.236393710598348 23.647833938710392 10.904132472351192 13.38242092728615 10.094893360510467
leaf_count=118 104 100 483 242 588 502 252 150 218 193 104 83 119
internal_value=0 -0.00154827 -0.00491314 -0.0136797 -0.000247194 -0.00417792 0 0.0064526 0 0.00571646 0.0200577 -0.0261375 0.016887
internal_weight=294.186 274.052 198.132 63.0885 135.044 115.28 31.6878 75.9202 53.1038 40.8674 22.8164 31.4007 20.1334
internal_count=3256 3033 2268 695 1573 1090 370 765 561 343 204 325 223
is_linear=0
shrinkage=0.05


Tree=243
num_leaves=11
num_cat=0
split_feature=399 163 265 68 138 387 64 393 28 165
split_gain=2.79932 3.71347 3.19704 4.7585 4.66384 3.84594 2.55554 1.8571 1.21301 0.757698
threshold=-0.29350499179089479 -0.020691356424779945 0.15045248868778285 0.64813738535285081 -0.01909981665092125 0.53472331707319865 0.4347771166749746 -0.070820528360851162 0.038963821832434811 0.00059754975730763485
decision_type=2 2 2 2 2 2 2 2 2 2
left_child=9 -2 3 4 -3 -5 8 -8 -4 -1
right_child=1 2 6 5 -6 -7 7 -9 -10 -11
leaf_value=-0.00069619257059582416 0.023608327318811313 0.026351421447236789 -0.030858840154395047 -0.02015926191881114 0.00292056554819799 0.0064906181835155952 -0.009802911100051194 0.0091938716544372103 -0.0026061127763170417 -0.025161500627856867
leaf_weight=10.473663786426188 14.520866646431385 25.62032456882298 13.098356173373761 30.013670935295522 113.78937208838761 17.278988744132221 25.831239628605545 19.331804449670017 11.459061765111981 10.274952178820966
leaf_count=140 199 301 108 327 1302 228 250 207 110 84
internal_value=0 0.00132595 -1.55613e-06 0.00322278 0.00804213 -0.00962184 -0.00910023 -0.000567122 -0.0212088 -0.0165651
internal_weight=291.692 270.944 256.423 186.702 139.41 47.2927 69.7205 45.163 24.5574 20.7486
internal_count=3256 3032 2833 2158 1603 555 675 457 218 224
is_linear=0
shrinkage=0.05


Tree=244
num_leaves=1
num_cat=0
split_feature=
split_gain=
threshold=
decision_type=
left_child=
right_child=
leaf_value=0
leaf_weight=
leaf_count=3256
internal_value=
internal_weight=
internal_count=
is_linear=0
shrinkage=1


Tree=245
num_leaves=11
num_cat=0
split_feature=108 167 220 394 126 125 83 16 266 372
split_gain=2.74731 2.8461 3.84045 6.72387 3.49013 5.31159 3.58604 3.06721 1.50779 1.05185
threshold=1.0000000180025095e-35 -0.13156712337783102 6.5992846230120845 -0.0038592176914631344 -0.0078202284586844622 -0.035614336333419074 -0.071133034613963961 0.00070821498285386316 0.18744708800078516 -0.047281870458583335
decision_type=2 2 2 2 2 2 2 2 2 2
left_child=1 2 4 9 6 -6 -1 -5 -3 -4
right_child=-2 8 3 7 5 -7 -8 -9 -10 -11
leaf_value=0.024422918201628993 -0.022333404427122158 0.022003097130249682 -0.0066820227248985623 0.017768868534257031 -0.022742497142518522 0.0039809733752309293 -0.0014452497954333939 -0.0058285336578923382 0 -0.033347965632770968
leaf_weight=30.285910408012569 10.257323350757359 19.76976264920086 13.055490085855125 16.956216922029853 19.758663778193295 95.258278369437903 16.173893718980253 39.02230635471642 10.593142814934252 20.493277920410037
leaf_count=283 126 226 153 182 249 1064 200 404 121 248
internal_value=0 0.000948402 -0.000678188 -0.00898184 0.00370145 -0.000647579 0.0148652 0.00101174 0.0147456 -0.0257392
internal_weight=291.624 281.367 251.004 89.5273 161.477 115.017 46.4598 55.9785 30.3629 33.5488
internal_count=3256 3130 2783 987 1796 1313 483 586 347 401
is_linear=0
shrinkage=0.05


Tree=246
num_leaves=9
num_cat=0
split_feature=108 165 104 229 379 49 72 64
split_gain=2.68374 2.76025 3.44669 3.73799 3.52591 3.42499 1.99061 1.9422
threshold=1.0000000180025095e-35 -0.0025000280889666761 -0.22263073853261203 -14.273796811309596 1.0000000180025095e-35 0.17758094343267991 0.010284240192530004 0.49549780220839962
decision_type=2 2 2 2 2 2 2 2
left_child=1 5 -3 -4 -5 6 7 -1
right_child=-2 2 3 4 -6 -7 -8 -9
leaf_value=0.00029088444971612186 0.021987136229954324 0.014540181719787699 0.018570274673672265 -0.011104933424839912 0.0062127602783502607 0.02082774581622085 0.010523863418336611 -0.023674108738273011
leaf_weight=11.574853428639473 10.143926888704298 18.414321756921709 10.379968009423463 157.57339490950108 29.9640848999843 25.443189787678421 14.905384215526281 11.074472229927776
leaf_count=121 126 179 155 1752 357 297 169 100
internal_value=0 -0.00112153 -0.00395985 -0.00612137 -0.0080213 0.00760449 -0.000999321 -0.010876
internal_weight=289.474 279.33 216.332 197.917 187.537 62.9979 37.5547 22.6493
internal_count=3256 3130 2443 2264 2109 687 390 221
is_linear=0
shrinkage=0.05


Tree=247
num_leaves=1
num_cat=0
split_feature=
split_gain=
threshold=
decision_type=
left_child=
right_child=
leaf_value=0
leaf_weight=
leaf_count=3256
internal_value=
internal_weight=
internal_count=
is_linear=0
shrinkage=1


Tree=248
num_leaves=10
num_cat=0
split_feature=297 163 375 11 74 72 112 83 307
split_gain=2.7494 3.14922 4.02 3.86356 2.95462 2.5576 2.0024 1.7117 1.32926
threshold=-0.79590634691715823 -0.021429223085953835 0.03304934422280615 -0.0028025132166600848 -0.040962778692280592 0.0076248077724025325 26.500000000000004 -0.30004485386743202 0.18333333333333346
decision_type=2 2 2 2 2 2 2 2 2
left_child=5 7 3 -3 -5 -1 -4 -2 -8
right_child=1 2 6 4 -6 -7 8 -9 -10
leaf_value=-0.00048663063911237722 0 0.025550983594627381 0 0.0072328085305402917 -0.0053404615489733636 0.023400260028971935 -0.0014334483021737189 -0.030028911272869316 -0.029221311792074378
leaf_weight=14.448818136006592 10.194912890903653 14.263826807029544 11.940799463540314 86.130140515975654 93.681193695403636 19.479419316165149 11.168094471096994 11.534816383849828 16.563088173978031
leaf_count=272 111 118 136 733 738 630 70 158 290
internal_value=0 -0.00192142 0 0.00288949 0.000428524 0.0126606 -0.0140342 -0.0188931 -0.0208898
internal_weight=289.405 255.477 233.747 194.075 179.811 33.9282 39.672 21.7297 27.7312
internal_count=3256 2354 2085 1589 1471 902 496 269 360
is_linear=0
shrinkage=0.05


Tree=249
num_leaves=12
num_cat=0
split_feature=284 167 220 74 165 385 137 365 162 216 1
split_gain=2.5726 2.77282 3.90993 4.0518 5.63945 3.96786 3.92594 2.63174 2.53038 1.4591 1.25894
threshold=-0.1293161010896838 -0.13156712337783102 6.470631665299444 -0.021024374000437843 -0.0025876562712270974 2.5000000000000004 -0.097534879396047811 0.17326481811786171 0.41605228961557611 5.9445745785410971 0.008579997764308513
decision_type=2 2 2 2 2 2 2 2 2 2 2
left_child=1 2 3 4 -1 -5 7 -4 -8 -2 -3
right_child=9 10 6 5 -6 -7 8 -9 -10 -11 -12
leaf_value=0.012517680393008837 0.022823958924559795 -0.025064269106000042 0.0085805534531525878 0.0066420670234422774 -0.021407154122930511 -0.022403461964665802 -0.0022330207020224719 -0.019753430245106934 0.020047917769148573 0 0
leaf_weight=11.627698561176656 14.964416320435705 14.192126017063858 10.216989085078241 74.970889137126505 51.714108585380018 10.522623664699493 11.012127641588448 14.365246054716406 49.824464519508183 13.661025904119013 10.381048302166162
leaf_count=123 533 168 103 622 536 116 90 105 470 295 95
internal_value=0 -0.00165943 0 -0.00476328 -0.0141414 0.0018638 0.00846106 -0.00651195 0.0153162 0.0134375 -0.01666
internal_weight=287.453 258.827 234.254 148.835 63.3418 85.4935 85.4188 24.5822 60.8366 28.6254 24.5732
internal_count=3256 2428 2165 1397 659 738 768 208 560 828 263
is_linear=0
shrinkage=0.05


Tree=250
num_leaves=1
num_cat=0
split_feature=
split_gain=
threshold=
decision_type=
left_child=
right_child=
leaf_value=0
leaf_weight=
leaf_count=3256
internal_value=
internal_weight=
internal_count=
is_linear=0
shrinkage=1


Tree=251
num_leaves=12
num_cat=0
split_feature=297 126 126 217 365 83 163 125 260 125 244
split_gain=2.65952 2.95324 5.62881 4.73274 4.20532 3.8831 4.85986 3.33071 3.23902 2.47743 2.00768
threshold=-0.79590634691715823 -0.0067399039488402193 -0.00029721918284619781 7.5415544421597138 0.1507466442071623 -0.057063201503123502 0.0085436863869574903 -0.070179891329556959 1.0090909090909093 -0.1333954918231022 0.62727272727272732
decision_type=2 2 2 2 2 2 2 2 2 2 2
left_child=9 5 -3 8 -5 6 -2 10 -4 -1 -7
right_child=1 2 3 4 -6 7 -8 -9 -10 -11 -12
leaf_value=-0.0020353162225883038 0.027281686807706096 -0.027405721214941878 0.014106667239588592 0.010041807571962401 -0.015328580499118337 0 -0.004292922998458802 0.013328061897736894 -0.0119619677666171 0.022030914792770206 -0.022379272444314608
leaf_weight=12.166153775528072 27.870027607306838 23.205374852754176 49.807605150155723 16.54971176199615 66.717445422895253 11.240731151774527 14.959662900306283 12.870803914964197 10.868536049500106 21.308289466425776 19.818386438302696
leaf_count=162 208 285 423 141 709 89 127 97 84 740 191
internal_value=0 -0.00195433 -0.00594473 -0.00165581 -0.00953265 0.00511817 0.0156031 -0.00438275 0.00830836 0.0124653 -0.0137176
internal_weight=287.383 253.908 167.149 143.943 83.2672 86.7596 42.8297 43.9299 60.6761 33.4744 31.0591
internal_count=3256 2354 1642 1357 850 712 335 377 507 902 280
is_linear=0
shrinkage=0.05


Tree=252
num_leaves=11
num_cat=0
split_feature=399 163 265 68 387 65 64 34 165 187
split_gain=2.63521 3.27227 2.99282 4.39934 3.77114 3.65692 2.35399 1.80252 0.634138 0.173431
threshold=-0.29350499179089479 -0.020691356424779945 0.15045248868778285 0.65427589659156149 0.53472331707319865 -0.092454204189455033 0.4347771166749746 0.045032080367153386 0.00027849193905193757 0.19167131242741137
decision_type=2 2 2 2 2 2 2 2 2 2
left_child=8 -2 3 5 -5 -3 9 -8 -1 -4
right_child=1 2 6 4 -6 -7 7 -9 -10 -11
leaf_value=-0.00065292357520660145 0.022660536836881504 -0.0044798914881141764 -0.027516977741775184 -0.021124810682835161 0.0060907234115213918 0.012693843691291435 0.0077071037566224521 -0.011082069545154657 -0.024191645112247712 -0.0064186040850758757
leaf_weight=10.052629832178356 13.888488151133059 36.981147903949022 11.774054771289231 26.322943084873259 16.7030820986256 102.05052627064288 22.737756337039173 21.321914463303983 10.116488473489879 12.214980063028632
leaf_count=132 199 423 82 301 228 1206 240 217 92 136
internal_value=0 0.00135688 0 0.00326897 -0.00976481 0.00777562 -0.00880199 -0.000449931 -0.0162212 -0.0205341
internal_weight=284.164 263.995 250.106 182.058 43.026 139.032 68.0487 44.0597 20.1691 23.989
internal_count=3256 3032 2833 2158 529 1629 675 457 224 218
is_linear=0
shrinkage=0.05


Tree=253
num_leaves=1
num_cat=0
split_feature=
split_gain=
threshold=
decision_type=
left_child=
right_child=
leaf_value=0
leaf_weight=
leaf_count=3256
internal_value=
internal_weight=
internal_count=
is_linear=0
shrinkage=1


Tree=254
num_leaves=13
num_cat=0
split_feature=270 36 86 379 370 67 63 28 165 213 165 111
split_gain=2.52827 2.95863 4.62561 3.05363 3.08814 3.25276 3.1164 2.44395 3.0493 2.24993 2.43596 0.588969
threshold=-1.1032438192668359 0.070143297132289298 -5943096.3666109955 1.0000000180025095e-35 0.446099462600071 -0.042996254585350495 0.34506489517182776 0.053482359146020814 -0.0040318092417419953 6.0633086896430655 -0.0006808574815245894 47.500000000000007
decision_type=2 2 2 2 2 2 2 2 2 2 2 2
left_child=7 3 -3 4 5 -2 -6 9 -9 10 -1 -4
right_child=1 2 11 -5 6 -7 -8 8 -10 -11 -12 -13
leaf_value=-0.0063110821102501397 0.012069269961281796 0.0063868424348653939 -0.027931631897627637 -0.01640954681486868 0.014885495917721425 -0.015691121439526275 -0.0051245482370672673 -0.00047053859960577508 0.022552308405302819 -0.019280867640279691 0.019409272162821792 -0.0051967143591595023
leaf_weight=15.221279771067202 10.992509389296172 15.683922683820127 24.488271453417838 19.711688913404942 61.79439346678555 29.998491067439318 21.517231278121471 17.32203445956111 31.946940490044653 10.539826336316763 13.070015451870859 11.806298016570507
leaf_count=149 83 132 346 239 513 313 167 127 606 79 297 205
internal_value=0 -0.00330736 -0.0131943 0.000117434 0.00345596 -0.00679466 0.00913964 0.00674449 0.0139389 -0.00153351 0.00469496 -0.02277
internal_weight=284.093 195.993 51.9785 144.014 124.303 40.991 83.3116 88.1001 49.269 38.8311 28.2913 36.2946
internal_count=3256 1998 683 1315 1076 396 680 1258 733 525 446 551
is_linear=0
shrinkage=0.05


Tree=255
num_leaves=6
num_cat=0
split_feature=399 33 104 299 393
split_gain=2.52574 3.13086 3.17085 3.4729 3.56788
threshold=-0.29350499179089479 0.10371071114499393 -0.2170540145131423 -0.5209063469171572 1.0000000180025095e-35
decision_type=2 2 2 2 2
left_child=-1 2 -2 -4 -5
right_child=1 -3 3 4 -6
leaf_value=-0.015963177422479907 0.018406775512961226 0.021278379059779268 -0.019368663239581866 -0.001571076357496708 0.022835160043982818
leaf_weight=19.968974670395255 18.065301902592182 15.306154540739952 22.247912688180804 193.11428487347439 13.178626727778463
leaf_count=224 202 177 761 1699 193
internal_value=0 0.00131962 0 -0.00184714 5.41395e-05
internal_weight=281.881 261.912 246.606 228.541 206.293
internal_count=3256 3032 2855 2653 1892
is_linear=0
shrinkage=0.05


Tree=256
num_leaves=1
num_cat=0
split_feature=
split_gain=
threshold=
decision_type=
left_child=
right_child=
leaf_value=0
leaf_weight=
leaf_count=3256
internal_value=
internal_weight=
internal_count=
is_linear=0
shrinkage=1


Tree=257
num_leaves=17
num_cat=0
split_feature=266 0 258 394 110 86 165 373 68 381 11 86 215 73 119 62
split_gain=2.53477 3.41121 3.10743 4.17454 2.26537 3.53672 2.11865 2.61195 2.0013 1.8959 2.54565 3.327 1.91117 1.68731 1.64737 0.390533
threshold=0.042318408813254604 -0.0025950155623345023 1.0147058823529413 -0.0033123529150995696 21.500000000000004 -5805263.5476294877 -0.0034821870001103946 0.017513197503545078 0.7093548464365439 13.911093248238297 0.0017489702416750854 -5233421.9532854958 2.7610404128228105 1.1605382892449254 -0.031951062993669135 0.53355132120335591
decision_type=2 2 2 2 2 2 2 2 2 2 2 2 2 2 2 2
left_child=2 15 4 8 5 -1 -5 -8 -4 12 11 -11 -3 -6 -7 -2
right_child=1 9 3 6 13 14 7 -9 -10 10 -12 -13 -14 -15 -16 -17
leaf_value=0.021529963271225156 -0.0049730509652200598 0.021717453262360756 -0.024791031130730508 -0.0084798454600161829 0.024169049727330173 -0.021424521277183334 0.022444802301466935 0 0 0.0025370971160446217 0.0087726594126526277 -0.020634187257214113 -0.0012003728122477663 0 0.00069900876390201845 -0.027889610607395022
leaf_weight=10.608254764229057 11.052716451697053 13.003258038312199 19.867675261572007 14.062483171001075 30.934671754017472 11.478389219380913 21.485868002288043 21.786382302641869 10.821669924072919 20.630992077291012 17.734289298765361 32.015527404844761 11.991864325478671 10.334816621616481 10.35702477861196 13.641583516728131
leaf_count=173 162 120 139 102 386 91 323 232 108 213 183 502 119 100 101 202
internal_value=0 -0.00556695 0.00391336 -0.00196208 0.0113836 0 0.00536349 0.0112009 -0.016391 -0.000519576 -0.00518757 -0.0110081 0.00998582 0.0187746 -0.0101007 -0.0210878
internal_weight=281.807 120.07 161.737 88.0241 73.7132 32.4437 57.3347 43.2723 30.6893 95.3759 70.3808 52.6465 24.9951 41.2695 21.8354 24.6943
internal_count=3256 1501 1755 904 851 365 657 555 247 1137 898 715 239 486 192 364
is_linear=0
shrinkage=0.05


Tree=258
num_leaves=11
num_cat=0
split_feature=284 167 220 113 62 78 372 223 216 1
split_gain=2.406 2.54323 3.71098 3.4893 3.8518 3.22354 4.94347 1.93489 1.35338 1.15934
threshold=-0.1293161010896838 -0.13156712337783102 6.470631665299444 3.5000000000000004 0.52608432024276819 0.66553118526530908 -0.013863034291498598 0.069907994699645662 5.9445745785410971 0.008579997764308513
decision_type=2 2 2 2 2 2 2 2 2 2
left_child=1 2 3 -1 -5 7 -7 -4 -2 -3
right_child=8 9 5 4 -6 6 -8 -9 -10 -11
leaf_value=0.015606331016551659 0.02236737353532544 -0.024491520393665187 -0.016697238758131804 -0.016585914148239705 0 -0.0022828741831101983 0.02674393896856176 0.0055929915309447529 0 0
leaf_weight=14.336661297827957 14.403114921879025 13.584735062904658 13.158991850912573 60.46835024561733 69.841665976680815 18.973187481053174 33.25909498333931 17.75695329066366 13.42292237235233 10.171825818717478
leaf_count=103 533 168 136 619 675 179 285 168 295 95
internal_value=0 -0.00164841 0 -0.00474866 -0.00766398 0.00830931 0.0157435 -0.00305806 0.0131411 -0.016232
internal_weight=279.378 251.551 227.795 144.647 130.31 83.1482 52.2323 30.9159 27.826 23.7566
internal_count=3256 2428 2165 1397 1294 768 464 304 828 263
is_linear=0
shrinkage=0.05


Tree=259
num_leaves=1
num_cat=0
split_feature=
split_gain=
threshold=
decision_type=
left_child=
right_child=
leaf_value=0
leaf_weight=
leaf_count=3256
internal_value=
internal_weight=
internal_count=
is_linear=0
shrinkage=1


Tree=260
num_leaves=15
num_cat=0
split_feature=284 165 11 137 246 266 264 216 191 264 7 9 260 86
split_gain=2.4531 3.04011 2.70999 2.43502 3.68021 4.59218 2.63847 2.03156 1.51515 1.47971 0.889847 0.627083 0.610901 0.133225
threshold=-0.23220965263717586 0.00048235139771474401 0.0017113501953858192 -0.1286574657111054 0.27528089887640456 -0.22814222858354741 30.500000000000004 6.1498794765840312 0.92369263067936036 91.500000000000014 0.003975614501162573 0.0027148067050727369 0.77272727272727282 -4484817.4447464971
decision_type=2 2 2 2 2 2 2 2 2 2 2 2 2 2
left_child=1 3 9 11 6 -6 -5 8 -3 12 -9 -1 13 -2
right_child=2 7 -4 4 5 -7 -8 10 -10 -11 -12 -13 -14 -15
leaf_value=0.020555483854523073 -0.027551429637256649 0.021573745250599241 0.0069018104106450678 -0.0071992475518827571 0.0073000048233861749 -0.018382909774336962 0.014661588081668023 -0.01084320575005532 0 0 0.0072406941597489005 0 -0.002034978548664509 -0.005921712187247242
leaf_weight=10.115894093178214 17.675228427164257 34.757513758726418 16.049967427738011 17.736544539220631 19.354122873395681 56.814126884564757 30.288003798574209 10.077715808525683 11.656061030924318 12.738633335568009 10.103847476653753 10.678810970857738 11.244546593166886 10.009487250354143
leaf_count=128 347 400 204 133 326 441 271 99 123 155 104 67 252 206
internal_value=0 0.00250871 -0.00822341 -0.00128453 -0.00430531 -0.0111961 0.00565938 0.011185 0.0167027 -0.0139574 0 0.0129235 -0.0184992 -0.0227042
internal_weight=279.301 211.583 67.7179 144.988 124.193 76.1682 48.0245 66.5951 46.4136 51.6679 20.1816 20.7947 38.9293 27.6847
internal_count=3256 2092 1164 1366 1171 767 404 726 523 960 203 195 805 553
is_linear=0
shrinkage=0.05


Tree=261
num_leaves=13
num_cat=0
split_feature=107 0 191 68 284 65 21 355 262 126 365 264
split_gain=2.31712 2.73012 2.27106 3.1608 2.13976 2.12824 1.92658 1.64513 2.73468 1.58475 2.25065 2.11505
threshold=1.0000000180025095e-35 -0.0010112627007915354 0.74979328163534942 0.65983738550032922 -0.28943112992409731 -0.10674946614464824 0.12360530993112684 -0.011862269376958808 0.18539325842696633 -0.0067399039488402193 0.16934611963539856 32.000000000000007
decision_type=2 2 2 2 2 2 2 2 2 2 2 2
left_child=1 4 7 5 9 -4 -5 -3 -9 10 -1 -11
right_child=-2 2 3 6 -6 -7 -8 8 -10 11 -12 -13
leaf_value=0.0085783775017518778 -0.015654579758775645 0 -0.0030013209665764829 -0.023138256656892051 0.020045946361869488 0.015024992367059632 0 0 -0.026094786832865827 0.024419980410872729 -0.01512590551611076 0.0010229003445902469
leaf_weight=12.178322833031414 18.961751178838313 19.658008503727615 18.473305534571409 12.503173890523614 23.470027775969356 40.432005694136024 16.616054804529995 16.629058671183884 22.959483126178384 12.072300346568225 20.441571239382029 42.525183740071952
leaf_count=96 223 242 242 122 439 521 241 199 229 95 199 408
internal_value=0 0.00125456 -0.00295128 0.00168763 0.0072205 0.00869259 -0.0104144 -0.0103959 -0.015954 0.00266316 -0.00489529 0.0080669
internal_weight=276.92 257.958 147.271 88.0245 110.687 58.9053 29.1192 59.2466 39.5885 87.2174 32.6199 54.5975
internal_count=3256 3033 1796 1126 1237 763 363 670 428 798 295 503
is_linear=0
shrinkage=0.05


Tree=262
num_leaves=1
num_cat=0
split_feature=
split_gain=
threshold=
decision_type=
left_child=
right_child=
leaf_value=0
leaf_weight=
leaf_count=3256
internal_value=
internal_weight=
internal_count=
is_linear=0
shrinkage=1


Tree=263
num_leaves=9
num_cat=0
split_feature=299 394 394 216 137 69 112 83
split_gain=2.37013 2.79282 6.05704 3.23206 3.66785 2.24773 1.69099 1.60997
threshold=-0.5209063469171572 0.019233405593874989 0.012034137512381917 7.5003969263258758 -0.14197651762067778 -0.018896609431440056 80.500000000000014 0.31988584485916693
decision_type=2 2 2 2 2 2 2 2
left_child=5 2 3 4 -2 -1 -4 -5
right_child=1 -3 6 7 -6 -7 -8 -9
leaf_value=-0.0024180130000405133 0.018222418470165456 -0.020470894242925135 0.030053082762472223 -0.027553909887416392 -0.0034217732944332294 0.021068639453715218 7.1218188547382969e-05 0
leaf_weight=10.885862834751608 19.115465881302953 15.700206113979219 15.842749036848547 15.978964848443868 157.3014679546468 20.892370511777699 10.945812472142277 10.180501748807727
leaf_count=183 152 157 99 196 1569 719 85 96
internal_value=0 -0.00185969 -0.000122712 -0.00338458 -0.00053238 0.0120709 0.0207219 -0.0188711
internal_weight=276.843 245.065 229.365 202.576 176.417 31.7782 26.7886 26.1595
internal_count=3256 2354 2197 2013 1721 902 184 292
is_linear=0
shrinkage=0.05


Tree=264
num_leaves=10
num_cat=0
split_feature=399 163 265 68 138 393 219 35 36
split_gain=2.37036 2.97992 2.81492 3.97354 3.87636 3.11837 1.89596 2.76368 2.38949
threshold=-0.29350499179089479 -0.020691356424779945 0.15045248868778285 0.64813738535285081 -0.039452361890753011 -0.14371869281657926 5.0685979746618539 0.78030424492100681 0.075650285776888274
decision_type=2 2 2 2 2 2 2 2 2
left_child=-1 -2 3 4 -3 -5 7 -4 -8
right_child=1 2 6 5 -6 -7 8 -9 -10
leaf_value=-0.015587120361694691 0.02200324910469827 0.028914929928884975 0.0130446065279794 0.002668570943564113 0.0036630144581553722 -0.021156755876566735 -0.028472979124688831 -0.01275595605805714 0
leaf_weight=19.604315342381597 13.284014512784777 16.356312933377922 16.67424117680639 21.994323834776878 115.25928099919111 22.285988728515804 16.619019535370175 18.887406312860548 13.74734936468303
leaf_count=224 199 196 172 317 1407 238 153 187 163
internal_value=0 0.00129672 0 0.00321193 0.00774704 -0.00884661 -0.00867877 0 -0.0172526
internal_weight=274.712 255.108 241.824 175.896 131.616 44.2803 65.928 35.5616 30.3664
internal_count=3256 3032 2833 2158 1603 555 675 359 316
is_linear=0
shrinkage=0.05


Tree=265
num_leaves=1
num_cat=0
split_feature=
split_gain=
threshold=
decision_type=
left_child=
right_child=
leaf_value=0
leaf_weight=
leaf_count=3256
internal_value=
internal_weight=
internal_count=
is_linear=0
shrinkage=1


Tree=266
num_leaves=10
num_cat=0
split_feature=107 354 231 74 64 80 25 112 266
split_gain=2.27296 2.53276 3.3873 4.61843 4.21589 2.96775 2.10098 1.40554 1.18998
threshold=1.0000000180025095e-35 0.2565994448948779 46.500000000000007 0.21349797489082548 0.34737152620912048 1.0393077826183805 0.046551766309828095 33.500000000000007 0.042318408813254604
decision_type=2 2 2 2 2 2 2 2 2
left_child=1 2 5 4 -4 7 -5 -1 -7
right_child=-2 -3 3 6 -6 8 -8 -9 -10
leaf_value=0.02091297875824924 0.015341511542699485 -0.017904723516944138 0.0054910202300188513 0 -0.013475746960415681 0.005590897945548727 0.025037471026431325 0 -0.012648640457055719
leaf_weight=34.361022309400141 18.829370988532901 18.450242801569402 34.816813672892749 13.888184705749156 98.790727900341153 10.896183296106758 13.626545638777314 15.895158951636402 15.080027675721793
leaf_count=367 223 259 408 128 1173 156 140 210 192
internal_value=0 -0.00145061 0 -0.00406313 -0.00815514 0.00852536 0.0130168 0.015519 -0.00348547
internal_weight=274.634 255.805 237.355 161.122 133.608 76.2324 27.5147 50.2562 25.9762
internal_count=3256 3033 2774 1849 1581 925 268 577 348
is_linear=0
shrinkage=0.05


Tree=267
num_leaves=12
num_cat=0
split_feature=284 165 74 137 246 266 36 381 265 216 380
split_gain=2.2431 2.39543 3.00674 2.53841 3.48773 4.2835 3.06856 1.39065 1.80734 1.28429 0.917275
threshold=-0.1293161010896838 0.00048235139771474401 -0.31326471821794039 -0.1286574657111054 0.27528089887640456 -0.22814222858354741 0.039322857586359235 42.647565085986734 0.055362614913176712 5.4392910579333194 1.0000000180025095e-35
decision_type=2 2 2 2 2 2 2 2 2 2 2
left_child=1 3 -3 10 6 -6 -5 8 -4 -2 -1
right_child=9 2 7 4 5 -7 -8 -9 -10 -11 -12
leaf_value=0 0.02365375762088856 0.0077850359852429697 0 0.015319748039821723 -0.0068226669800666691 0.017829960207767361 -0.011409980002452694 0 -0.02128359040633316 0 -0.021402950571788846
leaf_weight=11.866952928714454 11.555223198607566 18.141681614331901 18.618444791063666 10.247152942232786 18.953679939731956 61.545352858491242 40.529386970214546 14.103935929015277 41.829697294160724 15.448284414131193 10.114855226129293
leaf_count=101 488 174 197 77 326 531 370 114 429 340 109
internal_value=0 -0.0016464 -0.00796896 0.00193724 0.0048954 0.0113901 -0.00453221 -0.0126002 -0.015775 0.0128223 -0.0121939
internal_weight=272.955 245.951 92.6938 153.257 131.276 80.499 50.7765 74.5521 60.4481 27.0035 21.9818
internal_count=3256 2428 914 1514 1304 857 447 740 626 828 210
is_linear=0
shrinkage=0.05


Tree=268
num_leaves=1
num_cat=0
split_feature=
split_gain=
threshold=
decision_type=
left_child=
right_child=
leaf_value=0
leaf_weight=
leaf_count=3256
internal_value=
internal_weight=
internal_count=
is_linear=0
shrinkage=1


Tree=269
num_leaves=8
num_cat=0
split_feature=297 163 394 162 394 72 86
split_gain=2.26854 2.6696 3.94972 3.324 3.94191 2.24344 0.374106
threshold=-0.79590634691715823 -0.021429223085953835 -0.029884786166134155 2.1764413929419475 0.012034137512381917 0.0076248077724025325 -5691490.4858674938
decision_type=2 2 2 2 2 2 2
left_child=5 6 -3 4 -4 -1 -2
right_child=1 2 3 -5 -6 -7 -8
leaf_value=-0.00037235454007288451 -0.0027959645795436988 0.023277665349896941 -0.0031273975764057431 -0.020602790133583682 0.015568407310514046 0.022550042722882566 -0.025249445402115902
leaf_weight=13.637790139764549 10.076049906201662 13.713530804961918 158.15334916207939 18.504369946196675 31.156151088885963 17.609731695614755 10.026020552497355
leaf_count=272 98 106 1541 216 222 630 171
internal_value=0 -0.00180555 0 -0.00196991 0 0.0119295 -0.0179837
internal_weight=272.877 241.629 221.527 207.814 189.31 31.2475 20.1021
internal_count=3256 2354 2085 1979 1763 902 269
is_linear=0
shrinkage=0.05


Tree=270
num_leaves=10
num_cat=0
split_feature=399 163 265 284 28 359 64 34 28
split_gain=2.16811 2.8228 2.60774 3.01195 2.61969 2.26953 2.11163 1.50072 1.047
threshold=-0.29350499179089479 -0.020691356424779945 0.15045248868778285 -0.23220965263717586 0.049232362874782019 -0.035087805055308847 0.4347771166749746 0.038321539928484354 0.038963821832434811
decision_type=2 2 2 2 2 2 2 2 2
left_child=-1 -2 3 4 -3 -5 8 -8 -4
right_child=1 2 6 5 -6 -7 7 -9 -10
leaf_value=-0.015044252696226912 0.021611058341638227 0.0064636985301753398 -0.028864864097533707 -0.0002035832354546685 -0.0070079573484899725 0.02288819299270934 0.0082410787704310495 -0.0093307150099489321 -0.0016419220219951959
leaf_weight=19.260708305053413 12.928068482317029 67.803964777849615 12.258976538665594 10.365636544302104 70.124467048794031 25.376465109176934 18.971316458191723 22.98737433925271 10.708188228309153
leaf_count=224 199 647 108 198 786 527 205 252 110
internal_value=0 0.00122511 0 0.00306767 -3.40433e-05 0.0154035 -0.00845583 -0.000253865 -0.019754
internal_weight=270.785 251.524 238.596 173.671 137.928 35.7421 64.9259 41.9587 22.9672
internal_count=3256 3032 2833 2158 1433 725 675 457 218
is_linear=0
shrinkage=0.05


Tree=271
num_leaves=1
num_cat=0
split_feature=
split_gain=
threshold=
decision_type=
left_child=
right_child=
leaf_value=0
leaf_weight=
leaf_count=3256
internal_value=
internal_weight=
internal_count=
is_linear=0
shrinkage=1


Tree=272
num_leaves=15
num_cat=0
split_feature=286 370 381 11 137 266 72 1 381 70 383 55 264 10
split_gain=2.23233 2.74864 2.68753 2.43617 2.17538 2.56183 3.00113 2.05093 1.98376 1.323 1.26014 1.03647 0.622304 0.510434
threshold=-0.46820965263718167 0.49972118350904821 42.647565085986734 0.0017113501953858192 -0.1286574657111054 -0.19364919354838919 0.0070407226660094422 0.0079960243171312024 13.911093248238297 0.012570761347278954 4.5000000000000009 -0.038628474076808743 90.500000000000014 0.040565422588892834
decision_type=2 2 2 2 2 2 2 2 2 2 2 2 2 2
left_child=1 4 7 8 13 9 -7 11 -2 -6 -9 -3 -10 -1
right_child=3 2 -4 -5 5 6 -8 10 12 -11 -12 -13 -14 -15
leaf_value=0.018369077832071336 0 0.00047177561473945228 -0.006765611879317221 0.0064305194992903218 0.0099203357336146158 0.0024629791313358681 -0.017757435662245587 -0.0096274031730210746 -0.023416785213134436 -0.0074982496606145286 0.01204127236380107 0.024908256720578784 -0.0015896184740687687 0
leaf_weight=10.184856530278923 13.198572664987294 10.041818025521932 13.722099794074891 15.566496831364928 30.170335399918258 21.821688586845994 46.714350778609514 10.445120189338924 26.439850856550038 10.561794488690792 10.132850905414669 31.508509476669133 10.085814514663069 10.113406448625026
leaf_count=120 193 94 110 204 444 132 398 92 628 105 133 395 139 69
internal_value=0 0.0024415 0.00990812 -0.00797053 -0.00167772 -0.00484815 -0.0107871 0.0145005 -0.0135366 0.00405585 0 0.0205543 -0.0192328 0.0116697
internal_weight=270.708 205.417 75.8504 65.2907 129.566 109.268 68.536 62.1283 49.7242 40.7321 20.578 41.5503 36.5257 20.2983
internal_count=3256 2092 824 1164 1268 1079 530 714 960 549 225 489 767 189
is_linear=0
shrinkage=0.05


Tree=273
num_leaves=13
num_cat=0
split_feature=399 373 373 11 82 110 21 220 36 357 120 110
split_gain=2.06928 2.65715 3.49636 3.47241 3.42541 2.90034 2.74643 2.87156 2.55424 2.14867 2.09181 1.08627
threshold=-0.29350499179089479 -0.021988981625082445 0.01044041419418318 -0.00021447935414625749 1.5338391362171715 33.500000000000007 0.15990481591732988 6.8858905499478515 0.056722983890152477 0.11458333333333336 -1.0000000180025095e-35 49.500000000000007
decision_type=2 2 2 2 2 2 2 2 2 2 2 2
left_child=-1 4 3 -3 6 8 7 -2 -4 -7 -5 -8
right_child=1 2 5 10 -6 9 11 -9 -10 -11 -12 -13
leaf_value=-0.014751171596425847 -0.018463433825928334 -0.030295078896869079 -0.019615580149440745 -0.014122414450420121 -0.0088912012353052766 -0.0040271671509711782 0.022877950851880498 0.01172864382092359 0.0030452513796045575 0.017546370684744263 0.005141364604093094 0.0011447703415196973
leaf_weight=19.187469119206071 10.34175647608936 15.698262127116321 16.226505083963275 21.724231489002705 19.316541346721351 10.22577496152371 39.401440907735378 16.124031893908978 25.71373474271968 36.260616920888424 25.634653281886131 12.883142438717185
leaf_count=224 136 173 183 238 219 116 544 195 409 412 291 116
internal_value=0 0.00116925 -0.00273485 -0.0116325 0.00759679 0.0032367 0.0124306 0 -0.00533372 0.0118339 -0.00301724 0.0187799
internal_weight=268.738 249.551 151.484 63.0571 98.0669 88.4266 78.7504 26.4658 41.9402 46.4864 47.3589 52.2846
internal_count=3256 3032 1822 702 1210 1120 991 331 592 528 529 660
is_linear=0
shrinkage=0.05


Tree=274
num_leaves=1
num_cat=0
split_feature=
split_gain=
threshold=
decision_type=
left_child=
right_child=
leaf_value=0
leaf_weight=
leaf_count=3256
internal_value=
internal_weight=
internal_count=
is_linear=0
shrinkage=1


Tree=275
num_leaves=7
num_cat=0
split_feature=297 163 394 162 394 401
split_gain=2.05315 2.5829 3.6151 3.17108 3.7247 2.23691
threshold=-0.79590634691715823 -0.021429223085953835 -0.029884786166134155 2.1764413929419475 0.012034137512381917 -1.0000000180025095e-35
decision_type=2 2 2 2 2 2
left_child=5 -2 -3 4 -4 -1
right_child=1 2 3 -5 -6 -7
leaf_value=-0.00066717235873953087 -0.01776120832748063 0.022557474540638198 -0.0029538606286555456 -0.020214552288657955 0.01532075575243992 0.022407763194276776
leaf_weight=13.66164905158803 19.706257828976959 13.402875872328876 156.09963524062186 18.092607805505395 30.756672619841993 16.940085503272712
leaf_count=402 269 106 1541 216 222 500
internal_value=0 -0.00171096 0 -0.00182332 0 0.0114785
internal_weight=268.66 238.058 218.352 204.949 186.856 30.6017
internal_count=3256 2354 2085 1979 1763 902
is_linear=0
shrinkage=0.05


Tree=276
num_leaves=14
num_cat=0
split_feature=284 370 381 1 112 104 266 3 165 74 74 42 216
split_gain=2.11193 2.19043 3.17126 3.01897 2.69087 4.16168 3.46253 2.80202 2.18658 2.03598 1.7962 1.59953 1.19904
threshold=-0.1293161010896838 0.49972118350904821 42.647565085986734 0.0077910286400278981 47.500000000000007 0.099841245026783612 -0.16733404014153377 -0.0037428107731048983 0.0001575077949430226 -0.30246199375786759 0.20610545347142742 0.23128860961583103 5.4392910579333194
decision_type=2 2 2 2 2 2 2 2 2 2 2 2 2
left_child=1 4 3 9 6 7 11 -6 -8 -3 -5 -1 -2
right_child=12 2 -4 10 5 -7 8 -9 -10 -11 -12 -13 -14
leaf_value=-0.016651703482870206 0.023254314442245853 0 0.0098249371872026897 0.0076346493568367566 -0.026392449117169273 0.012482215801610443 0.022609470996569181 0 0 -0.023646505851413955 -0.014195594758469088 0.0036851173300516669 0
leaf_weight=11.413570421747865 11.060342105571182 13.339416318573056 17.574628666974604 24.627422031015158 20.073304946534336 16.693958774209023 35.216978159733117 18.38622775953263 11.65761950239539 39.919431389775127 11.292485792189835 20.261657118797302 15.087870704010127
leaf_count=89 488 129 155 232 186 171 340 193 80 441 99 313 340
internal_value=0 -0.00166401 -0.00702685 -0.011102 0.00231235 -0.0054561 0.00838011 -0.0147883 0.0167958 -0.0183331 0 -0.00300758 0.0125702
internal_weight=266.605 240.457 106.753 89.1788 133.703 55.1535 78.5498 38.4595 46.8746 53.2588 35.9199 31.6752 26.1482
internal_count=3256 2428 1056 901 1372 550 822 379 420 570 331 402 828
is_linear=0
shrinkage=0.05


Tree=277
num_leaves=1
num_cat=0
split_feature=
split_gain=
threshold=
decision_type=
left_child=
right_child=
leaf_value=0
leaf_weight=
leaf_count=3256
internal_value=
internal_weight=
internal_count=
is_linear=0
shrinkage=1


Tree=278
num_leaves=14
num_cat=0
split_feature=284 126 125 113 372 264 110 399 46 86 38 209 335
split_gain=2.09019 2.57915 4.2542 4.26194 3.87056 3.75683 3.31085 2.1653 2.85015 1.97865 1.57927 0.634218 0.130762
threshold=-0.23220965263717586 -0.0062975917458328859 -0.035614336333419074 3.5000000000000004 -0.0051521681881048212 32.000000000000007 44.500000000000007 -0.060395407339102834 0.82884551839431519 -5537480.7511699954 0.5306810475629915 3.5029363874841999 0.53658099713194918
decision_type=2 2 2 2 2 2 2 2 2 2 2 2 2
left_child=1 4 -3 10 11 -5 9 8 -2 -6 -4 -1 -9
right_child=7 2 3 5 6 -7 -8 12 -10 -11 -12 -13 -14
leaf_value=0.028494278240707854 -0.023300487708368484 -0.02488587563724147 0 -0.015984224674647145 -0.0020112952889811721 0.010884963135998033 -0.01441954903343202 0.0070519434529813787 0 0.021190596974585373 -0.027592957578411133 0.0038729682286975466 0
leaf_weight=19.653461572714154 26.901602035854012 14.293028365820645 10.270864585414531 11.374732526019214 10.152464322745802 80.385175364557654 19.07367106154561 10.003148153424265 17.155952662229538 16.109352848026901 11.052916528657077 10.093550427816806 10.006518513895569
leaf_count=218 726 120 77 134 100 859 158 144 180 236 80 110 114
internal_value=0 0.00242717 -0.00159318 0.00148719 0.00968716 0.00662596 0 -0.00773736 -0.0139127 0.0112257 -0.0166601 0.022787 0.00372772
internal_weight=266.526 202.459 127.377 113.084 75.0825 91.7599 45.3355 64.0672 44.0576 26.2618 21.3238 29.747 20.0097
internal_count=3256 2092 1270 1150 822 993 494 1164 906 336 157 328 258
is_linear=0
shrinkage=0.05


Tree=279
num_leaves=14
num_cat=0
split_feature=107 0 217 21 27 268 286 7 262 264 383 162 231
split_gain=1.95513 2.43186 2.09904 2.65255 3.14864 1.96813 1.87457 1.4549 2.05694 1.37753 1.34611 1.09995 0.374318
threshold=1.0000000180025095e-35 -0.0010112627007915354 7.4979328163534946 0.12885016760483162 0.87136037267438793 -0.62569656576876509 -0.52543112992409846 -0.00043035000977648114 0.17415730337078653 72.500000000000014 9.5000000000000018 2.014415992520552 71.500000000000014
decision_type=2 2 2 2 2 2 2 2 2 2 2 2 2
left_child=1 6 7 4 -4 -5 9 12 -9 10 -1 -11 -3
right_child=-2 2 3 5 -6 -7 -8 8 -10 11 -12 -13 -14
leaf_value=0.012239540003668973 -0.014699126144531305 -0.0054968004670494734 -0.019926859122316981 -0.0062103518381497582 0.0093241902250900295 0.013781578837904405 0.019361268140405511 0 -0.023785922822753765 -0.012748996569719801 -0.0024541121767135362 0.0039906170483957112 0.0063971304409057676
leaf_weight=39.774627697654068 18.156822334043682 10.085880766622724 20.572910309303555 10.973867988679556 10.106959575787185 42.340440275613219 21.858521162066609 12.500279224477707 23.544988970272243 17.754790142178539 15.411356319207696 10.357045644894241 10.205407521687446
leaf_count=361 223 124 215 242 119 550 439 151 259 192 131 114 136
internal_value=0 0.00112875 -0.00291544 0.00161572 -0.00883383 0.00866707 0.00691916 -0.0102539 -0.015904 0.00251522 0.00736188 -0.00518452 0
internal_weight=263.644 245.487 140.331 83.9942 30.6799 53.3143 105.156 56.3366 36.0453 83.2978 55.186 28.1118 20.2913
internal_count=3256 3033 1796 1126 334 792 1237 670 410 798 492 306 260
is_linear=0
shrinkage=0.05


Tree=280
num_leaves=1
num_cat=0
split_feature=
split_gain=
threshold=
decision_type=
left_child=
right_child=
leaf_value=0
leaf_weight=
leaf_count=3256
internal_value=
internal_weight=
internal_count=
is_linear=0
shrinkage=1


Tree=281
num_leaves=16
num_cat=0
split_feature=270 0 231 394 105 110 7 354 68 66 120 167 110 265 62
split_gain=1.98736 2.97215 2.59204 3.56397 2.2225 2.07452 1.88586 1.70731 1.68745 2.88445 1.77348 1.00492 0.972117 0.896003 0.392491
threshold=-0.95768159118674523 -0.0025950155623345023 68.500000000000014 -0.0043689578473486415 -0.030748653987505061 21.500000000000004 -0.00026499060329793206 0.017369864994703426 0.42497551054376165 0.61214394013951678 -0.019891738751122209 -0.79453185702355622 37.500000000000007 0.089061467283542653 0.53355132120335591
decision_type=2 2 2 2 2 2 2 2 2 2 2 2 2 2 2
left_child=2 14 5 4 -4 11 -5 -8 -3 13 -11 -1 -7 -10 -2
right_child=1 8 3 6 -6 12 7 -9 9 10 -12 -13 -14 -15 -16
leaf_value=-0.0087668723602895952 -0.0038550881205555443 0.011607092461936487 0 -0.0068010751735783793 -0.026542727419441553 0.025843278577161913 0 0.018964202674388836 -0.025425528336327077 0.013854540263005902 -0.0049690419410616761 0.0079141322145949277 0.0047120935637575542 -0.0037270223634810456 -0.026822860932449833
leaf_weight=12.938977989368142 10.266866242978724 18.386981012299657 10.942870582453908 16.791316783986986 16.106920241378248 19.936477010603994 15.544273117557166 23.069576214067638 12.352974687237294 20.096043308265507 19.932823276612908 17.55234160553664 18.472451104782522 18.639183068647981 12.536305748391895
leaf_count=108 162 122 103 176 134 288 159 332 264 235 251 257 198 265 202
internal_value=0 -0.00507424 0.00360137 -0.0018836 -0.0162191 0.0106655 0.00473276 0.0110785 -0.000181106 -0.00425523 0.00362619 0 0.0179655 -0.0153273 -0.0200701
internal_weight=263.566 112.211 151.355 82.455 27.0498 68.9002 55.4052 38.6138 89.408 71.021 40.0289 30.4913 38.4089 30.9922 22.8032
internal_count=3256 1501 1755 904 237 851 667 491 1137 1015 486 365 486 529 364
is_linear=0
shrinkage=0.05


Tree=282
num_leaves=13
num_cat=0
split_feature=284 165 74 137 246 270 36 265 21 297 1 120
split_gain=1.95478 2.052 2.67749 2.22607 3.10887 3.73394 2.69966 1.71899 1.178 1.1323 0.796663 0.487628
threshold=-0.1293161010896838 0.00048235139771474401 -0.37760848424460697 -0.1286574657111054 0.27528089887640456 -1.228142228583547 0.039698489495036217 0.051082251082251083 0.20553288015886148 -0.40447753089637034 0.0066800913913952495 -0.016661556733885138
decision_type=2 2 2 2 2 2 2 2 2 2 2 2
left_child=1 3 -3 11 6 -6 -5 10 -9 -2 -4 -1
right_child=9 2 7 4 5 -7 -8 8 -10 -11 -12 -13
leaf_value=0 0 0.010864875968935516 -0.0081192342635556421 0.014265749306479825 -0.0062319198921155037 0.017090896603840996 -0.011008262676639093 -0.019892862093041044 0 0.019677964329794254 0.0087995959310626908 -0.018372465867385709
leaf_weight=10.721805665642025 10.126060899347069 11.698184122331439 10.504079152829947 10.008892918936906 18.234333198517561 58.809100697748363 39.017791302409023 41.108405604958534 14.11203468358144 15.389970550779251 11.224461042322217 10.316972305998204
leaf_count=103 57 113 136 80 326 531 367 423 140 771 102 107
internal_value=0 -0.00158086 -0.00757135 0.00177507 0.00462602 0.0109196 -0.0043624 -0.011302 -0.0157868 0.0122658 0 -0.011674
internal_weight=261.272 235.756 88.6472 147.109 126.07 77.0434 49.0267 76.949 55.2204 25.516 21.7285 21.0388
internal_count=3256 2428 914 1514 1304 857 447 801 563 828 238 210
is_linear=0
shrinkage=0.05


Tree=283
num_leaves=1
num_cat=0
split_feature=
split_gain=
threshold=
decision_type=
left_child=
right_child=
leaf_value=0
leaf_weight=
leaf_count=3256
internal_value=
internal_weight=
internal_count=
is_linear=0
shrinkage=1


Tree=284
num_leaves=7
num_cat=0
split_feature=107 354 353 65 120 34
split_gain=1.93113 2.30834 2.95905 2.4961 3.338 2.03958
threshold=1.0000000180025095e-35 0.2565994448948779 0.0054553971945307386 -0.063022075928367047 -0.022667017110735928 0.071209515090117109
decision_type=2 2 2 2 2 2
left_child=1 2 -1 5 -5 -4
right_child=-2 -3 3 4 -6 -7
leaf_value=0.019398693003914964 0.014420158948934029 -0.017442981570641027 0.010847506983604456 0.0057104563684806662 -0.010122018341709213 -0.0089840142131681709
leaf_weight=15.280692853033541 18.02508098538965 17.465235687792301 51.822718254290521 41.358423976227641 105.45148129248992 11.791143981739877
leaf_count=142 223 259 655 575 1241 161
internal_value=0 -0.0013608 0 -0.00155857 -0.00530299 0.00618199
internal_weight=261.195 243.17 225.704 210.424 146.81 63.6139
internal_count=3256 3033 2774 2632 1816 816
is_linear=0
shrinkage=0.05


Tree=285
num_leaves=15
num_cat=0
split_feature=284 30 220 10 10 112 397 16 37 381 262 224 297 69
split_gain=1.84696 2.01797 2.77827 2.88199 2.80473 4.46954 2.85677 2.33091 3.28423 2.82542 1.81457 1.2996 1.10366 1.07646
threshold=-0.1293161010896838 0.015746039080032123 6.1218769495855794 0.02170076699939975 -0.018206091138638702 7.5000000000000009 0.010326536355294477 0.0010883552454272745 0.054755546189540059 41.347015543072871 0.18539325842696633 1.4185800737141558 -0.40447753089637034 -0.0020393458337963906
decision_type=2 2 2 2 2 2 2 2 2 2 2 2 2 2
left_child=1 7 4 13 5 -3 -6 9 -9 -1 -10 -5 -2 -4
right_child=12 2 3 11 6 -7 -8 8 10 -11 -12 -13 -14 -15
leaf_value=-0.022966593535277302 0 -0.014254536919455755 0.030066012350854179 -0.012936322980024046 -0.020606265701206994 0.013614626305918904 0.0051212402118609307 0.018448597476504496 0.0046307901501866913 0.0019462551545724558 -0.016854231547493062 0.0076306145338414094 0.019389623460698526 0.0024567926312942107
leaf_weight=31.136427299585193 10.111658960580828 17.970557053107768 15.148671286180617 10.172102257609369 29.53684328077361 38.555776559747756 10.608852675184606 13.910455769859253 10.074796794913711 11.230655984953044 20.62527862470597 14.941520997323094 15.082713144365696 10.516647624783216
leaf_count=352 57 186 137 129 275 404 134 137 80 109 243 140 771 102
internal_value=0 -0.00156056 0.00173774 0.0110707 -0.00284862 0.00364277 -0.0127653 -0.00757929 0 -0.0155686 -0.00853527 0 0.0119692 0.0219382
internal_weight=259.623 234.429 147.451 50.7789 96.672 56.5263 40.1457 86.9776 44.6105 42.3671 30.7001 25.1136 25.1944 25.6653
internal_count=3256 2428 1507 508 999 590 409 921 460 461 323 269 828 239
is_linear=0
shrinkage=0.05


Tree=286
num_leaves=1
num_cat=0
split_feature=
split_gain=
threshold=
decision_type=
left_child=
right_child=
leaf_value=0
leaf_weight=
leaf_count=3256
internal_value=
internal_weight=
internal_count=
is_linear=0
shrinkage=1


Tree=287
num_leaves=9
num_cat=0
split_feature=162 264 64 381 162 297 213 265
split_gain=1.88703 2.94345 4.91619 3.62622 5.00111 2.23669 1.7015 0.499489
threshold=0.068685966631970588 32.000000000000007 0.33375392015639532 13.911093248238297 0.85746214540022303 -0.64916481444062912 4.6217948717948873 0.09039836567926457
decision_type=2 2 2 2 2 2 2 2
left_child=-1 5 -3 6 -5 -2 -4 -7
right_child=1 2 3 4 -6 7 -8 -9
leaf_value=0.016067641555247741 0 0.022448765851300654 0 -0.018464771824071122 0.00079429229132145377 -0.02611275257436986 0.019997007178828533 -0.0045355143864319637
leaf_weight=13.890200853347777 16.395440793596208 21.384849707130343 11.167562614660708 44.418566429521888 100.67700948659331 17.409957810305063 21.79038494778797 12.414942634291945
leaf_count=175 239 303 150 558 1199 207 279 146
internal_value=0 -0.00119827 0.00126111 -0.00133724 -0.00501854 -0.0122563 0.0125455 -0.0198896
internal_weight=259.549 245.659 199.438 178.054 145.096 46.2203 32.9579 29.8249
internal_count=3256 3081 2489 2186 1757 592 429 353
is_linear=0
shrinkage=0.05


Tree=288
num_leaves=8
num_cat=0
split_feature=399 397 104 104 104 55 220
split_gain=1.86874 2.53529 2.55804 2.33558 3.92783 3.29586 3.19526
threshold=-0.29350499179089479 -0.013978373504276548 -0.014530887384278841 -0.2170540145131423 -0.053794120785390059 -0.0011364109875548476 8.8025082111212942
decision_type=2 2 2 2 2 2 2
left_child=-1 2 -2 -3 6 -6 -5
right_child=1 3 -4 4 5 -7 -8
leaf_value=-0.014241223988094007 0.026655627180017068 0.016698001113856855 -0.00033891055132299279 -0.017820552523376117 0.011987634667206945 -0.0033958267065356956 0.0082402370305697942
leaf_weight=18.461860246025026 15.295648539904507 14.549121405929325 10.117516839411108 51.246150878258049 52.003246449865401 85.300466626416892 10.184492846950887
leaf_count=224 245 156 125 673 685 1014 134
internal_value=0 0.00114906 0.0152477 -0.000487841 -0.00222346 0.00220597 -0.0125414
internal_weight=257.159 238.697 25.4132 213.283 198.734 137.304 61.4306
internal_count=3256 3032 370 2662 2506 1699 807
is_linear=0
shrinkage=0.05


Tree=289
num_leaves=1
num_cat=0
split_feature=
split_gain=
threshold=
decision_type=
left_child=
right_child=
leaf_value=0
leaf_weight=
leaf_count=3256
internal_value=
internal_weight=
internal_count=
is_linear=0
shrinkage=1


Tree=290
num_leaves=16
num_cat=0
split_feature=266 258 394 174 110 86 365 19 66 242 373 258 393 225 110
split_gain=1.92319 2.42903 3.23981 2.10018 1.9542 2.13664 1.86178 2.27897 1.78217 2.00955 1.99991 1.75028 1.47681 1.23826 0.848813
threshold=0.042318408813254604 1.0147058823529413 -0.0043689578473486415 -1.0000000180025095e-35 21.500000000000004 -5740915.4288839968 0.15706982419844812 0.50797762776966071 0.53616593687182246 0.92647058823529427 0.0014383787105477499 1.1323529411764708 -0.070820528360851162 -1.263786480747022 37.500000000000007
decision_type=2 2 2 2 2 2 2 2 2 2 2 2 2 2 2
left_child=1 4 13 -2 5 -1 11 12 9 -4 -10 -5 -8 -3 -6
right_child=3 2 8 6 14 -7 7 -9 10 -11 -12 -13 -14 -15 -16
leaf_value=0.016298986693215528 -0.018560172711793742 0 0.023235664229109072 0.022519359609207455 0.025327439076988784 -0.0088374597995665126 0 0.0089114605031433789 0.0062466826510269181 0 -0.018428052368505542 -0.00030673441228497674 -0.018062921151654306 -0.023633583210415927 0.0047691042773351953
leaf_weight=10.536948192398997 20.401379532646388 11.005975597538056 16.040817464701835 10.683359955437483 19.215430746786296 19.348169356584549 23.984183865133669 14.689120877068488 13.626031630672516 13.507530675735323 10.949980926699935 11.41559442784637 28.120380660519007 15.393898340873418 18.168182114139199
leaf_count=188 457 91 237 95 288 177 300 138 175 146 109 144 367 146 198
internal_value=0 0.00356626 -0.00178371 -0.0050732 0.0104848 0 -0.000928867 -0.00557464 0.00455857 0.0127078 -0.00374287 0.0101087 -0.0108287 -0.0156255 0.0176709
internal_weight=257.087 147.793 80.5242 109.294 67.2687 29.8851 88.8926 66.7937 54.1244 29.5483 24.576 22.099 52.1046 26.3999 37.3836
internal_count=3256 1755 904 1501 851 365 1044 805 667 383 284 239 667 237 486
is_linear=0
shrinkage=0.05


Tree=291
num_leaves=10
num_cat=0
split_feature=270 32 162 381 231 394 83 297 37
split_gain=1.77155 2.6107 2.1513 2.35174 2.33284 3.55229 3.10224 1.08716 0.690051
threshold=-0.76569418691795288 0.82851573375390763 0.2358159191596321 32.907219468822156 69.500000000000014 0.0037840249259769592 -0.071133034613963961 -0.40447753089637034 0.079393862325740527
decision_type=2 2 2 2 2 2 2 2 2
left_child=1 2 3 -1 6 -6 -4 -2 -3
right_child=7 8 4 -5 5 -7 -8 -9 -10
leaf_value=-0.022336251567334278 0 -0.0017305406011409866 -0.010859480355435264 0.0028252795266360455 0.018408309859926739 -0.00062472098578030336 0.0070521298078583435 0.01832185431264504 -0.026091846243613187
leaf_weight=17.556850929744545 15.032154753804209 10.804107524454595 52.766947399359196 10.263672293163834 40.620882335118949 44.726843876764178 36.962288228794932 16.331511975266039 10.025986170396207
leaf_count=241 86 126 536 117 384 473 366 803 124
internal_value=0 -0.00170275 0 -0.0120598 0.00224279 0.00818551 -0.00295248 0.0104763 -0.0173629
internal_weight=255.091 223.728 202.897 27.8205 175.077 85.3477 89.7292 31.3637 20.8301
internal_count=3256 2367 2117 358 1759 857 902 889 250
is_linear=0
shrinkage=0.05


Tree=292
num_leaves=1
num_cat=0
split_feature=
split_gain=
threshold=
decision_type=
left_child=
right_child=
leaf_value=0
leaf_weight=
leaf_count=3256
internal_value=
internal_weight=
internal_count=
is_linear=0
shrinkage=1


Tree=293
num_leaves=12
num_cat=0
split_feature=297 126 126 191 231 365 83 163 401 30 270
split_gain=1.87695 2.41324 4.4298 3.87003 3.35919 3.33153 3.08046 3.79869 2.10476 1.76402 1.41234
threshold=-0.79590634691715823 -0.0067399039488402193 -0.00029721918284619781 0.7544919963730069 95.500000000000014 0.1507466442071623 -0.057063201503123502 0.0085436863869574903 -1.0000000180025095e-35 0.017030920191169394 -0.846499006268154
decision_type=2 2 2 2 2 2 2 2 2 2 2
left_child=8 6 -3 4 -4 -5 7 -2 -1 10 -8
right_child=1 2 3 5 -6 -7 9 -9 -10 -11 -12
leaf_value=-0.00062503460347881131 0.025677870176597967 -0.025860749907052612 0.017141863479773641 0.0088061188668566784 -0.0065763575916566418 -0.014532207226994784 0.015837882703291093 -0.0032254776514733133 0.022126693753243009 -0.016406360658473573 -0.0049179855845859419
leaf_weight=13.139328017830849 24.911804342642426 20.157740020658821 34.821798427961767 15.150114920921622 18.787272490561008 59.642183078452945 10.416770111769436 13.530639747157691 15.941189025063068 14.824698261916636 13.694434524513783
leaf_count=402 208 285 335 141 172 709 100 127 500 125 152
internal_value=0 -0.0017165 -0.00557089 -0.00148737 0.00803856 -0.00900471 0.00499324 0.0148012 0.0111912 -0.00386419 0.0029652
internal_weight=255.018 225.937 148.559 128.401 53.6091 74.7923 77.3783 38.4424 29.0805 38.9359 24.1112
internal_count=3256 2354 1642 1357 507 850 712 335 902 377 252
is_linear=0
shrinkage=0.05


Tree=294
num_leaves=10
num_cat=0
split_feature=399 162 65 373 105 373 73 104 221
split_gain=1.73257 2.42653 2.61004 2.76728 3.06488 2.57784 2.38097 2.22012 1.69316
threshold=-0.29350499179089479 2.2050988165903846 -0.090214512557327139 -0.021988981625082445 -0.035639888878445013 0.01044041419418318 0.94906998893942751 0.11254654277708094 16.177493438320194
decision_type=2 2 2 2 2 2 2 2 2
left_child=-1 2 7 4 -4 -5 -3 8 -2
right_child=1 6 3 5 -6 -7 -8 -9 -10
leaf_value=-0.013825875108862344 -0.021386853515098284 0 -0.0009562541744014422 -0.010990852750790758 0.021468243043493013 0.0044577760280905482 0.02375585248625544 0.0057739506178518078 0
leaf_weight=18.123180416412652 30.298556491732597 16.114191842265427 20.922634108457714 45.11136246426031 29.185715177096426 53.877051756251603 18.5650026910007 10.412589875515549 10.021361504681407
leaf_count=224 362 228 293 506 350 714 313 116 150
internal_value=0 0.00111189 -0.000837825 0.00225419 0.0116384 -0.00220848 0.0128458 -0.0104739 -0.0159334
internal_weight=252.632 234.508 199.829 149.097 50.1083 98.9884 34.6792 50.7325 40.3199
internal_count=3256 3032 2491 1863 643 1220 541 628 512
is_linear=0
shrinkage=0.05


Tree=295
num_leaves=1
num_cat=0
split_feature=
split_gain=
threshold=
decision_type=
left_child=
right_child=
leaf_value=0
leaf_weight=
leaf_count=3256
internal_value=
internal_weight=
internal_count=
is_linear=0
shrinkage=1


Tree=296
num_leaves=14
num_cat=0
split_feature=137 220 167 78 62 120 191 37 112 266 111 71 74
split_gain=1.80758 2.53102 3.82407 3.30327 2.99403 4.41364 2.83195 2.17862 1.68883 1.54525 1.02746 0.459905 0.041911
threshold=-0.1286574657111054 6.470631665299444 -0.23370904364797554 0.76956737689710597 0.52608432024276819 -0.019891738751122209 1.2727929449291686 0.086240047739636574 1.5000000000000002 0.09285907332838246 17.500000000000004 1.007923762222559 0.04762038274240226
decision_type=2 2 2 2 2 2 2 2 2 2 2 2 2
left_child=7 4 3 -3 6 -6 9 11 -7 -2 -4 -1 -5
right_child=1 2 10 12 5 8 -8 -9 -10 -11 -12 -13 -14
leaf_value=0.026879384054682671 0.019986708729926705 0 -0.0026998354265987349 -0.032919902811880744 0.013913195249568924 0.0001742829943377849 -0.010091526800765305 -0.001265365698074822 -0.017195379043649928 0 0.01333680191746933 0.0038148362022025501 -0.0090425192486870334
leaf_weight=10.851896102540197 36.766934946645051 19.781096472870559 14.666512298397722 18.334949548356239 18.06616026815027 12.459464151412247 10.009978137910364 18.576188827864826 40.444626989308745 17.869258248247206 13.335965640842913 11.193153945729135 10.201413732953368
leaf_count=165 435 335 167 199 240 150 130 207 485 290 202 110 141
internal_value=0 -0.00200744 -0.00922027 -0.0175676 0.00180267 -0.0047486 0.0096256 0.00915089 -0.0124204 0.0144428 0.00387623 0.0190247 -0.0276417
internal_weight=252.558 211.936 76.3199 48.3175 135.616 70.9703 64.6462 40.6212 52.9041 54.6362 28.0025 22.0451 28.5364
internal_count=3256 2774 1044 675 1730 875 855 482 635 725 369 275 340
is_linear=0
shrinkage=0.05


Tree=297
num_leaves=8
num_cat=0
split_feature=297 394 394 399 62 125 348
split_gain=1.6952 2.33848 4.60914 2.15745 3.17315 1.81531 1.70676
threshold=-0.79590634691715823 0.019233405593874989 0.012034137512381917 -0.29350499179089479 0.52470198828634529 -0.1333954918231022 -0.0019862523730693536
decision_type=2 2 2 2 2 2 2
left_child=5 2 3 -2 -5 -1 -4
right_child=1 -3 6 4 -6 -7 -8
leaf_value=0.0011516358776738798 -0.012208558152940852 0.019153425985661506 -0.028705658511852916 -0.0016337558573510239 0.011560533446030141 -0.020230333850969482 0
leaf_weight=11.02356161363423 16.907174918800592 14.148713208269326 14.43629331327975 83.29398379707709 83.429871822707355 17.311448642518371 10.063132823444901
leaf_count=162 177 157 99 966 870 740 85
internal_value=0 0.00140525 0 0.00276028 0.00476181 -0.0110023 -0.0191654
internal_weight=250.614 222.279 208.13 183.631 166.724 28.335 24.4994
internal_count=3256 2354 2197 2013 1836 902 184
is_linear=0
shrinkage=0.05


Tree=298
num_leaves=1
num_cat=0
split_feature=
split_gain=
threshold=
decision_type=
left_child=
right_child=
leaf_value=0
leaf_weight=
leaf_count=3256
internal_value=
internal_weight=
internal_count=
is_linear=0
shrinkage=1


Tree=299
num_leaves=7
num_cat=0
split_feature=299 163 394 162 394 72
split_gain=1.83104 2.37126 2.97853 2.74419 3.22022 2.02594
threshold=-0.5209063469171572 -0.021429223085953835 -0.029884786166134155 2.1764413929419475 0.012034137512381917 0.0076248077724025325
decision_type=2 2 2 2 2 2
left_child=5 -2 -3 4 -4 -1
right_child=1 2 3 -5 -6 -7
leaf_value=-0.00057188525655992581 -0.017586277640784801 0.021066120447261125 -0.002827156519786306 -0.01935703219184905 0.014650423160611853 0.021878288606110168
leaf_weight=12.741278064902874 18.284372407477349 12.473871909081934 145.43769088387489 16.855604694690555 28.980459143873304 15.766301478724925
leaf_count=272 269 106 1541 216 222 630
internal_value=0 -0.00170559 0 -0.00172682 0 0.0111583
internal_weight=250.54 222.032 203.748 191.274 174.418 28.5076
internal_count=3256 2354 2085 1979 1763 902
is_linear=0
shrinkage=0.05


Tree=300
num_leaves=12
num_cat=0
split_feature=266 32 220 394 74 165 112 25 231 299 206
split_gain=1.68212 2.44903 1.91047 3.12141 2.864 4.12718 3.13799 1.70896 1.35924 1.02257 0.201361
threshold=0.23430581308204701 0.82851573375390763 6.470631665299444 -0.0038592176914631344 -0.017145879459416272 -0.0025876562712270974 7.5000000000000009 0.021484416984133559 61.500000000000007 -0.12960935880666927 0.0097348241218083512
decision_type=2 2 2 2 2 2 2 2 2 2 2
left_child=1 2 4 8 5 -1 -6 -5 -4 -2 -3
right_child=9 10 3 7 6 -7 -8 -9 -10 -11 -12
leaf_value=0.011070050844780166 0 -0.0031209540633356037 0 -0.016424486844131704 -0.011674428110958734 -0.019709547386440068 0.0093332603256557432 0.0037502016617829074 0.026979383748311183 0.017999109362712842 -0.023335847868463475
leaf_weight=10.017787780612705 14.748874712735416 10.20363808469847 10.528992025181653 10.984975456260143 22.269854144658893 41.340559062547982 51.543957232497633 34.684915968216956 16.584104006178677 15.857997971586881 10.129304934758691
leaf_count=124 86 105 114 124 203 508 518 355 171 803 145
internal_value=0 -0.00171695 0 0.00637891 -0.00363389 -0.0125064 0.00213584 -0.000788373 0.0189878 0.0102821 -0.0170399
internal_weight=248.895 218.288 197.955 72.783 125.172 51.3583 73.8138 45.6699 27.1131 30.6069 20.3329
internal_count=3256 2367 2117 764 1353 632 721 479 285 889 250
is_linear=0
shrinkage=0.05


Tree=301
num_leaves=1
num_cat=0
split_feature=
split_gain=
threshold=
decision_type=
left_child=
right_child=
leaf_value=0
leaf_weight=
leaf_count=3256
internal_value=
internal_weight=
internal_count=
is_linear=0
shrinkage=1


Tree=302
num_leaves=15
num_cat=0
split_feature=268 162 28 72 126 73 38 64 162 5 386 64 19 219
split_gain=1.77268 2.44471 3.71251 3.47662 2.71831 2.7111 2.49378 1.98352 3.29246 2.51957 2.5787 1.64131 1.41734 1.25426
threshold=-0.42902205382993336 0.43887621012674854 0.058617856994635308 0.010161533493065271 -0.0039307764959451976 1.1462842483044036 0.30140891690156379 0.30844468974311506 1.0389571904311281 0.0067421933825528866 -0.049327384886033325 0.34558971277012812 0.26127625711272751 4.5081461827600231
decision_type=2 2 2 2 2 2 2 2 2 2 2 2 2 2
left_child=1 6 5 -4 -5 11 -1 -2 12 10 -10 -3 -9 -8
right_child=7 2 3 4 -6 -7 13 8 9 -11 -12 -13 -14 -15
leaf_value=-0.0018116160618077315 0.008570763955156829 0 0.024911795998248505 0.01854629220506995 -0.0085340820108301529 0.0088821842767846538 0.0025762282652441663 -0.00051871626889943897 0.0049364200722326152 0.014428896699385227 -0.018493498725515506 -0.020166132831627746 -0.029359983217268449 0.030854390252327876
leaf_weight=11.493000606074927 15.234309859573839 14.525156134739516 17.861076334957033 10.212631965987383 27.908557506278157 11.354257185477762 11.291224762331696 10.121452567167582 15.504017767962063 15.145011363085358 21.906091045122597 33.333001328632236 18.118888199795038 14.81021070666611
leaf_count=137 183 161 246 146 339 146 140 139 231 133 440 286 328 201
internal_value=0 0.00322105 -7.00593e-05 0.00849333 0 -0.00898915 0.0137971 -0.00533192 -0.00876302 -0.000134005 -0.00790043 -0.0144861 -0.0216661 0.0218663
internal_weight=248.819 152.789 115.195 55.9823 38.1212 59.2124 37.5944 96.0298 80.7955 52.5551 37.4101 47.8582 28.2403 26.1014
internal_count=3256 1802 1324 731 485 593 478 1454 1271 804 671 447 467 341
is_linear=0
shrinkage=0.05


Tree=303
num_leaves=13
num_cat=0
split_feature=130 356 353 65 162 120 305 69 111 34 19 217
split_gain=1.6458 1.94518 3.63073 2.03903 3.52521 2.99734 2.29178 2.21398 1.92265 1.85059 1.41974 0.314994
threshold=-36.499999999999993 0.73958333333333337 0.209217643037544 -0.082920410386212881 1.5012571716291336 -0.019891738751122209 -0.012960742517098774 0.016213366542358058 15.500000000000002 0.069570179292961734 0.40849144952360888 10.324741887905594
decision_type=2 2 2 2 2 2 2 2 2 2 2 2
left_child=-1 3 8 4 11 7 -7 -5 -3 -4 -6 -2
right_child=1 2 9 5 10 6 -8 -9 -10 -11 -12 -13
leaf_value=-0.015562102289554184 -0.025785633329223873 0.027098144571684302 -0.018853449685676735 0 0.016102502110736303 -0.005948784296239744 0.010681496161589525 -0.02517423256295408 0 0.0058200928109678404 -0.0057492911509935468 -0.0041660788603811866
leaf_weight=13.199949784670023 18.314168857876215 21.479713721666485 10.368291611783208 21.486644566990435 10.287838317919524 21.852382802870125 74.617440036963671 11.757591764442621 11.680952450260518 10.973084340337662 10.176648889202623 10.139775171410291
leaf_count=179 205 265 100 369 157 423 879 119 140 155 118 147
internal_value=0 0.000899852 0.00903203 -0.00141425 -0.00994116 0.00157674 0.00634593 -0.010263 0.0190835 -0.0049592 0.00375934 -0.0208031
internal_weight=246.334 233.135 54.502 178.632 48.9184 129.714 96.4698 33.2442 33.1607 21.3414 20.4645 28.4539
internal_count=3256 3077 660 2417 627 1790 1302 488 405 255 275 352
is_linear=0
shrinkage=0.05


Tree=304
num_leaves=1
num_cat=0
split_feature=
split_gain=
threshold=
decision_type=
left_child=
right_child=
leaf_value=0
leaf_weight=
leaf_count=3256
internal_value=
internal_weight=
internal_count=
is_linear=0
shrinkage=1


Tree=305
num_leaves=16
num_cat=0
split_feature=191 167 215 130 399 113 86 110 110 386 1 220 46 120 113
split_gain=1.72283 2.19765 2.42468 1.98883 3.04393 3.52178 2.93865 3.13314 2.56235 1.89293 1.80992 1.95983 1.74652 0.714947 0.449112
threshold=0.80302248573439317 -0.66059010868706591 4.7510472947968294 -15.499999999999998 -0.049831382527684411 3.5000000000000004 -6083414.5902224947 27.500000000000004 44.500000000000007 0.022250627653993996 0.0050806021327567405 6.4432194345747851 0.76381774299509597 -0.0047092560658369967 36.500000000000007
decision_type=2 2 2 2 2 2 2 2 2 2 2 2 2 2 2
left_child=1 2 -1 8 6 -6 -5 -8 14 -7 11 -3 -12 -14 -2
right_child=3 10 -4 4 5 9 7 -9 -10 -11 12 -13 13 -15 -16
leaf_value=-0.016589830238896441 0.021839515908456172 0.023924479191268808 0.0073232721662805367 0.0058125663308869089 -0.016588643784188725 0.024265937002430873 -0.028967760237938324 -0.0019676533232964775 -0.0086099803875526997 0 -0.011839972429686303 0 0.016349521605585837 0 0.0016932193031101161
leaf_weight=18.723702435847372 12.015653459355237 25.553823084104806 14.904832308180628 10.123799555003641 10.672268409281967 14.117314624134453 30.292749678716063 22.880878219846636 14.60517757758498 10.603366073220966 13.405022319406269 15.014023290947078 11.417612630408255 10.270336893387141 11.658710885327308
leaf_count=223 163 358 194 122 105 160 475 349 121 160 165 227 156 118 160
internal_value=0 0.0045283 -0.00489429 -0.00378433 -0.00767887 0.00281799 -0.0141643 -0.0189651 0.00487347 0.0138884 0.00937889 0.0162072 0 0.00914916 0.015099
internal_weight=246.259 109.289 33.6285 136.97 98.6904 35.3929 63.2974 53.1736 38.2795 24.7207 75.6608 40.5678 35.093 21.6879 23.6744
internal_count=3256 1441 417 1815 1371 425 946 824 444 320 1024 585 439 274 323
is_linear=0
shrinkage=0.05


Tree=306
num_leaves=12
num_cat=0
split_feature=107 21 286 66 120 365 221 110 297 230 230
split_gain=1.59729 1.90128 2.96824 2.14158 1.84704 1.76594 1.557 1.43714 0.852464 0.784324 0.132542
threshold=1.0000000180025095e-35 0.14814521262575822 -0.52543112992409846 0.61214394013951678 -0.0073488161100621055 0.15706982419844812 19.007775248709791 47.500000000000007 -0.47101263797792342 61.500000000000007 51.500000000000007
decision_type=2 2 2 2 2 2 2 2 2 2 2
left_child=1 3 6 4 -1 -4 7 -3 -5 -6 -7
right_child=-2 2 5 8 9 10 -8 -9 -10 -11 -12
leaf_value=0.01762806516011944 -0.013777670219267766 -0.0064887175709537103 0 -0.020469681942263101 -0.011843140976605528 0.0059975408667988601 0.014320558020012406 0.004922321690221448 0 0.0023350855953742805 0.027856072168771451
leaf_weight=10.444210418034343 16.886898664757609 69.863550696987659 13.173062845598905 19.92748204339296 14.334768434986474 10.095373894553633 13.765315660275517 37.419378674123436 11.629650757648049 10.635917041916398 15.609701943583785
leaf_count=140 223 848 249 232 159 204 139 331 159 178 394
internal_value=-4.84771e-08 0.00097427 0.00410439 -0.00564125 0.001654 0.0155799 0 -0.00202963 -0.0147081 -0.0044138 0.0225372
internal_weight=243.785 226.898 159.926 66.972 35.4149 38.8781 121.048 107.283 31.5571 24.9707 25.7051
internal_count=3256 3033 2165 868 477 847 1318 1179 391 337 598
is_linear=0
shrinkage=0.05


Tree=307
num_leaves=1
num_cat=0
split_feature=
split_gain=
threshold=
decision_type=
left_child=
right_child=
leaf_value=0
leaf_weight=
leaf_count=3256
internal_value=
internal_weight=
internal_count=
is_linear=0
shrinkage=1


Tree=308
num_leaves=16
num_cat=0
split_feature=272 162 28 28 73 38 64 162 5 386 37 64 19 219 86
split_gain=1.69346 2.24174 3.44049 2.98313 2.50408 2.37991 1.82579 3.15733 2.32394 2.40422 1.71321 1.49345 1.32873 1.19559 0.634983
threshold=-1.4290220538299332 0.43887621012674854 0.058617856994635308 0.10363275113373645 1.1462842483044036 0.30140891690156379 0.30844468974311506 1.0389571904311281 0.0067421933825528866 -0.049327384886033325 0.071567407835596744 0.34558971277012812 0.262695413473716 4.5081461827600231 -5662424.3016734906
decision_type=2 2 2 2 2 2 2 2 2 2 2 2 2 2 2
left_child=1 5 4 10 11 -1 -2 12 9 -9 -4 -3 -8 -7 -5
right_child=6 2 3 14 -6 13 7 8 -10 -11 -12 -13 -14 -15 -16
leaf_value=-0.0017758695293523894 0.0081419188838270685 0 0.023745107771423354 0.00069053203346150613 0.0085943265202049826 0.0024099342136934231 -0.00055893659896074602 0.0047656817394394757 0.014023302186461833 -0.018033764162459658 0 -0.019399501442205334 -0.028952630635646428 0.03042451379080325 -0.012465250697891244
leaf_weight=11.310228798072783 14.970807530917225 14.296917466446756 24.19310372043401 10.115141564980151 11.1833259887062 11.125516198109837 10.040525970980527 15.20465656742453 14.898294689133762 21.252044585999105 10.172563443891702 32.786228226497769 17.541613553185016 14.301043665036557 10.317950468510388
leaf_count=137 183 161 356 132 146 140 142 231 133 440 144 286 325 201 99
internal_value=0 0.00323467 0 0.00840138 -0.00859082 0.0134637 -0.00521434 -0.008563 0 -0.00761843 0.0171961 -0.0139413 -0.0213204 0.0214735 -0.00456428
internal_weight=243.71 149.802 113.065 54.7988 58.2665 36.7368 93.9079 78.9371 51.355 36.4567 34.3657 47.0831 27.5821 25.4266 20.4331
internal_count=3256 1802 1324 731 593 478 1454 1271 804 671 500 447 467 341 231
is_linear=0
shrinkage=0.05


Tree=309
num_leaves=11
num_cat=0
split_feature=266 165 74 28 20 28 230 19 191 301
split_gain=1.51506 2.22985 2.37243 1.80452 2.16337 2.18177 1.9498 1.24579 2.05311 0.922322
threshold=0.23430581308204701 0.00048235139771474401 -0.27269328145223248 0.11375678445406488 0.10241532331313209 0.059201084566544222 37.500000000000007 0.44544937194660933 0.70883732932595678 -0.037810864229706233
decision_type=2 2 2 2 2 2 2 2 2 2
left_child=1 3 -3 4 6 -6 -1 8 -4 -2
right_child=9 2 7 -5 5 -7 -8 -9 -10 -11
leaf_value=0.0033972054722393717 0 0.0043351205276786669 -0.016573630063277299 0.017661580242459844 0.009247188429665017 -0.0068789404739959363 -0.017944914845021535 -0.022304828109435196 0.0053122729723809343 0.017367318853591551
leaf_weight=10.800276437308638 14.335760768502952 19.54615454049781 16.400912079028785 13.015526396222411 62.32299447664991 24.915932653937489 23.927805870771408 24.308155570179224 16.895800852682441 15.1075570480898
leaf_count=138 86 221 193 172 644 343 200 261 195 803
internal_value=0 -0.00171367 -0.00844924 0.00187376 0 0.00401182 -0.01024 -0.013612 -0.00456933 0.00986272
internal_weight=241.577 212.134 77.151 134.983 121.967 87.2389 34.7281 57.6049 33.2967 29.4433
internal_count=3256 2367 870 1497 1325 987 338 649 388 889
is_linear=0
shrinkage=0.05


Tree=310
num_leaves=1
num_cat=0
split_feature=
split_gain=
threshold=
decision_type=
left_child=
right_child=
leaf_value=0
leaf_weight=
leaf_count=3256
internal_value=
internal_weight=
internal_count=
is_linear=0
shrinkage=1


Tree=311
num_leaves=13
num_cat=0
split_feature=137 220 167 78 65 191 381 126 37 46 111 74
split_gain=1.66777 2.25433 3.51348 2.90959 2.00564 3.09498 2.56862 2.17538 1.91839 0.954621 0.892158 0.194734
threshold=-0.1286574657111054 6.470631665299444 -0.23370904364797554 0.76956737689710597 -0.088720743088001416 0.967451778913205 13.911093248238297 -0.006223084818405277 0.086240047739636574 0.43121749194028608 17.500000000000004 -0.05854706943635727
decision_type=2 2 2 2 2 2 2 2 2 2 2 2
left_child=8 4 3 -3 5 -2 9 -8 11 -6 -4 -1
right_child=1 2 10 -5 6 -7 7 -9 -10 -11 -12 -13
leaf_value=0.024593148525440103 0.025388722632561644 0 -0.0022341026899395252 -0.02676065764306202 0.019314478496651785 -0.0021745683997868113 0.0037811403964113418 -0.012533917886914698 -0.00079571683533374382 0 0.012767374397215793 0.0037332411475520678
leaf_weight=11.077735231257977 16.997226540930573 18.963800990954041 13.929664838593455 27.14289429038763 12.652064948342742 13.877477649133651 25.56026168493554 49.118385781068355 17.682399364188313 11.585599945392458 12.885261697694657 10.028603259939699
leaf_count=139 189 335 167 340 130 186 332 734 207 159 202 136
internal_value=0 -0.00190052 -0.00886915 -0.017072 0.00175011 0.0124282 -0.00135998 -0.00637572 0.00905501 0.0112584 0.00385681 0.0184538
internal_weight=241.501 202.713 72.9216 46.1067 129.791 30.8747 98.9163 74.6786 38.7887 24.2377 26.8149 21.1063
internal_count=3256 2774 1044 675 1730 375 1355 1066 482 289 369 275
is_linear=0
shrinkage=0.05


Tree=312
num_leaves=12
num_cat=0
split_feature=297 375 401 209 260 126 16 244 15 112 307
split_gain=1.52097 2.08107 1.91203 1.86418 2.22786 4.34361 4.08249 1.9242 1.59914 1.52904 0.722365
threshold=-0.79590634691715823 0.03304934422280615 -1.0000000180025095e-35 4.3213633923778829 0.55454545454545456 -0.0071545202942076549 -0.00036735119111278909 0.64545454545454561 0.006746358555859107 26.500000000000004 0.18333333333333379
decision_type=2 2 2 2 2 2 2 2 2 2 2
left_child=2 3 -1 4 6 -6 -2 -5 -9 -3 -11
right_child=1 9 -4 7 5 -7 -8 8 -10 10 -12
leaf_value=0.00070206954957967543 -0.023778106913800987 0 -0.021513310441694425 0.0020319892522571905 -0.0064369756829267032 0.016132392407871784 0.0038262493939706082 -0.023971252945931484 0 0.0017549664205195794 0.026648755022754052
leaf_weight=12.182838043663651 16.800658133812249 10.121349269524215 14.786478138994426 17.576576699037105 28.925811865366995 51.705166593659669 33.018462787847966 19.300960859749466 12.726737017743288 10.040740495547654 12.567737168166785
leaf_count=402 147 136 500 162 265 652 390 130 112 74 286
internal_value=0 0.00126086 -0.0107439 -0.000655002 0.00220317 0.00749746 -0.00535803 -0.00881894 -0.0158653 0.0123699 0.0190463
internal_weight=239.754 212.784 26.9693 180.054 130.45 80.631 49.8191 49.6043 32.0277 32.7298 22.6085
internal_count=3256 2354 902 1858 1454 917 537 404 242 496 360
is_linear=0
shrinkage=0.05


Tree=313
num_leaves=1
num_cat=0
split_feature=
split_gain=
threshold=
decision_type=
left_child=
right_child=
leaf_value=0
leaf_weight=
leaf_count=3256
internal_value=
internal_weight=
internal_count=
is_linear=0
shrinkage=1


Tree=314
num_leaves=13
num_cat=0
split_feature=297 126 126 191 365 258 83 104 25 213 73 9
split_gain=1.64776 2.02838 3.89952 3.54728 2.94508 2.82767 2.65518 1.70551 2.06737 1.68113 1.52633 1.62511
threshold=-0.79590634691715823 -0.0067399039488402193 -0.00029721918284619781 0.7544919963730069 0.1507466442071623 1.8088235294117649 -0.057063201503123502 -0.076548222729803647 0.032149579293834885 6.0633086896430655 1.0655047909079027 0.00073909310851227883
decision_type=2 2 2 2 2 2 2 2 2 2 2 2
left_child=9 6 -3 5 -5 -4 7 -2 -9 -1 11 -8
right_child=1 2 3 4 -6 -7 10 8 -10 -11 -12 -13
leaf_value=0.019870788132068287 0.029233885661386374 -0.024988757161319979 0.016668708476095001 0.0082038699353394664 -0.01408715258017283 -0.0055457577886029227 -0.0076276959741360785 0.019405038113011221 -0.0055696987076469875 -0.00093884410419963924 -0.01695592556267601 0.014608976685066397
leaf_weight=16.687999175861481 10.664922611787913 18.565237718168646 32.762376938015223 14.499836539849637 56.244327694643289 17.569780215155333 12.565080627799036 10.207221851684155 15.41224289825186 10.448144055902956 11.755010311491786 12.297187258489428
leaf_count=654 85 285 335 141 709 172 128 93 157 248 130 119
internal_value=0 -0.00157782 -0.00524299 -0.00128131 -0.00869245 0.00810088 0.00471374 0.0140823 0.00362467 0.0109035 -0.00367098 0.00196504
internal_weight=239.679 212.543 139.642 121.076 70.7442 50.3322 72.9017 36.2844 25.6195 27.1361 36.6173 24.8623
internal_count=3256 2354 1642 1357 850 507 712 335 250 902 377 247
is_linear=0
shrinkage=0.05


Tree=315
num_leaves=12
num_cat=0
split_feature=107 21 286 66 120 370 112 365 383 111 264
split_gain=1.46568 1.83178 2.69553 2.02942 1.68593 1.67434 1.76 1.66089 1.29967 1.05169 0.870889
threshold=1.0000000180025095e-35 0.14814521262575822 -0.52543112992409846 0.61214394013951678 -0.0073488161100621055 0.49719155780156626 47.500000000000007 0.15706982419844812 4.5000000000000009 15.500000000000002 58.500000000000007
decision_type=2 2 2 2 2 2 2 2 2 2 2
left_child=1 3 5 4 -1 6 -3 -4 -7 -5 -6
right_child=-2 2 7 9 10 8 -8 -9 -10 -11 -12
leaf_value=0.016973321200222501 -0.013356310555767742 0.0094239372646190492 0 0 0.0027747362649142154 0 -0.0037919639164128399 0.022087870646897368 -0.021716119236835578 -0.020673095250466178 -0.012491009400381017
leaf_weight=10.179133111145346 16.455403501633555 53.486196023412049 12.876990862190722 10.793507278431209 10.914889115840198 17.730631398502741 36.586381817236543 24.664185417117551 10.251411474775521 19.897102024406195 13.488156805746256
leaf_count=140 223 578 249 151 164 202 380 598 158 240 173
internal_value=-7.05174e-06 0.000929821 0.00405328 -0.00563439 0.00149938 0 0.00356939 0.0151819 -0.00984032 -0.0145745 -0.00428214
internal_weight=237.324 220.869 155.596 65.2728 34.5822 118.055 90.0726 37.5412 27.982 30.6906 24.403
internal_count=3256 3033 2165 868 477 1318 958 847 360 391 337
is_linear=0
shrinkage=0.05


Tree=316
num_leaves=1
num_cat=0
split_feature=
split_gain=
threshold=
decision_type=
left_child=
right_child=
leaf_value=0
leaf_weight=
leaf_count=3256
internal_value=
internal_weight=
internal_count=
is_linear=0
shrinkage=1


Tree=317
num_leaves=7
num_cat=0
split_feature=107 355 364 397 66 28
split_gain=1.54579 1.86689 2.41796 2.12225 1.94779 1.58213
threshold=1.0000000180025095e-35 -0.22948327622510004 0.43944987274773745 -0.013320759089145647 0.62509943472509477 0.07530263291962945
decision_type=2 2 2 2 2 2
left_child=1 -1 5 -4 -5 -3
right_child=-2 2 3 4 -6 -7
leaf_value=-0.0156462914486598 0.013466921689045279 0 -0.019567524142453455 -0.0041550152047362086 0.0072738679321514956 0.022942894938254587
leaf_weight=17.418649992905557 16.481262037530541 14.937466490315275 12.846292051486669 108.28735446743667 52.727614761795849 14.550539639312772
leaf_count=308 223 214 227 1397 676 211
internal_value=0 -0.00121694 0 -0.00207574 -4.29555e-05 0.0127518
internal_weight=237.249 220.768 203.349 173.861 161.015 29.488
internal_count=3256 3033 2725 2300 2073 425
is_linear=0
shrinkage=0.05


Tree=318
num_leaves=12
num_cat=0
split_feature=130 141 125 264 111 167 72 265 265 280 220
split_gain=1.43584 1.84729 3.02193 2.61641 4.40014 4.09989 3.25945 2.2547 1.73802 1.62867 0.857276
threshold=-36.499999999999993 1.0000000180025095e-35 -0.035614336333419074 32.000000000000007 15.500000000000002 -0.6074111614472758 0.0099215794182766093 0.09039836567926457 0.14576098059244127 0.48888888888176874 6.0169882457307873
decision_type=2 2 2 2 2 2 2 2 2 2 2
left_child=-1 3 -3 7 6 -6 -5 10 9 -4 -2
right_child=1 2 8 4 5 -7 -8 -9 -10 -11 -12
leaf_value=-0.014850828587848509 0.0014549721857436582 0.022812749381837468 -0.0020521907945182495 -0.0060433122575195017 0 -0.022069419699108084 0.019853497687068761 -0.0029907087962599659 -0.013209736868105599 0.020513371725056476 0.025573552599461702
leaf_weight=12.652285550255327 11.53134563053027 19.836895478423685 10.929693842306735 17.827504058834165 43.696300653740764 43.695958291180432 21.559869175311178 17.470990449655801 13.230649830773471 10.131814724300055 13.432267701253293
leaf_count=179 155 311 180 182 611 594 315 193 171 203 162
internal_value=-2.47615e-05 0.000779928 0.00870592 -0.00157263 -0.00540132 -0.0117567 0.00735436 0.008367 0 0.00792932 0.0175719
internal_weight=235.996 223.343 54.1291 169.214 126.78 87.3923 39.3874 42.4346 34.2922 21.0615 24.9636
internal_count=3256 3077 865 2212 1702 1205 497 510 554 383 317
is_linear=0
shrinkage=0.05


Tree=319
num_leaves=1
num_cat=0
split_feature=
split_gain=
threshold=
decision_type=
left_child=
right_child=
leaf_value=0
leaf_weight=
leaf_count=3256
internal_value=
internal_weight=
internal_count=
is_linear=0
shrinkage=1


Tree=320
num_leaves=14
num_cat=0
split_feature=265 141 220 163 66 354 72 297 66 74 299 126 68
split_gain=1.5268 2.26773 2.32673 2.54612 2.54552 2.11923 2.66507 1.91292 1.77921 2.05336 1.1772 1.00594 0.825737
threshold=0.14656311962987445 1.0000000180025095e-35 4.980815987972762 0.012135690791754276 0.60908822036174792 0.2226361698808966 0.0075925759078171217 -0.64125574675594177 0.77021891455550129 -0.040962778692280592 -0.27500000000000008 -0.0067399039488402193 0.51981786787418072
decision_type=2 2 2 2 2 2 2 2 2 2 2 2 2
left_child=1 2 5 4 -4 6 -1 -3 9 12 -11 -9 -2
right_child=8 7 3 -5 -6 -7 -8 11 -10 10 -12 -13 -14
leaf_value=-0.0018004143400589688 0.027952084618671477 0.001205752803228749 -0.0092209957124365621 -0.02205861695305468 0.010404974489537824 -0.0057976490464941924 0.021703487896520549 -0.0015822550388255238 -0.0083158757465220026 0.011372810514599006 -0.0078263140337441004 -0.026940017115360773 0.0049502851540298605
leaf_weight=12.763214717619119 13.478090067859741 10.435019446536897 32.894591229502112 14.114274993073193 27.590133917983621 13.629531491547821 29.300899358466268 11.12524903193116 11.283823441248385 10.477904512081297 16.587622799444944 16.343799325637523 15.898881060536949
leaf_count=144 156 246 392 246 342 241 371 102 148 165 185 306 212
internal_value=0 -0.00257735 0.000270368 -0.00502856 0 0.00811416 0.0138172 -0.0128905 0.00615545 0.0101633 0 -0.0194779 0.0186599
internal_weight=235.923 168.197 130.293 74.599 60.4847 55.6936 42.0641 37.9041 67.7263 56.4425 27.0655 27.469 29.377
internal_count=3256 2390 1736 980 734 756 515 654 866 718 350 408 368
is_linear=0
shrinkage=0.05


Tree=321
num_leaves=10
num_cat=0
split_feature=266 32 357 353 167 46 223 105 301
split_gain=1.46331 2.1818 1.60157 2.9949 2.56268 2.8257 2.34432 1.85082 0.81351
threshold=0.23430581308204701 0.82851573375390763 0.26041666666666669 0.22039517069805656 -0.63697376447537557 0.53312101908143361 -2.6242169781949438 0.061610689862493455 -0.052030880662720866
decision_type=2 2 2 2 2 2 2 2 2
left_child=1 2 3 7 6 -6 -4 -1 -2
right_child=8 -3 4 -5 5 -7 -8 -9 -10
leaf_value=0.024787534846291981 0 -0.01653547911051528 -0.0014279604081481661 -0.008953800559167396 -0.019721769198787903 0 0.01681345137917313 0 0.016596318573903864
leaf_weight=19.734820488840345 13.01644639670849 19.213001839350909 58.805696228519082 12.216739186085759 32.099800034426153 32.180982687044889 19.933895782567561 11.174699907191096 15.418000069679691
leaf_count=185 78 250 680 142 406 383 213 108 811
internal_value=-1.99246e-07 -0.00172364 0 0.00816408 -0.00252303 -0.00989518 0.00302597 0.0165979 0.00983285
internal_weight=233.794 205.36 186.147 43.1263 143.02 64.2808 78.7396 30.9095 28.4344
internal_count=3256 2367 2117 435 1682 789 893 293 889
is_linear=0
shrinkage=0.05


Tree=322
num_leaves=1
num_cat=0
split_feature=
split_gain=
threshold=
decision_type=
left_child=
right_child=
leaf_value=0
leaf_weight=
leaf_count=3256
internal_value=
internal_weight=
internal_count=
is_linear=0
shrinkage=1


Tree=323
num_leaves=15
num_cat=0
split_feature=268 64 2 117 373 110 29 82 73 86 105 112 370 373
split_gain=1.52051 1.67602 2.52234 1.56979 2.12336 2.4815 2.74139 2.41502 1.54501 1.46643 1.06335 1.75551 1.0248 0.713001
threshold=-0.42902205382993336 0.30844468974311506 -0.0037758129221078783 -0.45244216908950202 -0.021988981625082445 47.500000000000007 0.045519149630868568 1.5338391362171715 0.9138490809576173 -5782382.7201144947 0.31502710469386158 19.500000000000004 0.446099462600071 0.042406252904726556
decision_type=2 2 2 2 2 2 2 2 2 2 2 2 2 2
left_child=3 -2 -3 8 7 13 -7 9 12 -5 11 -4 -1 -6
right_child=1 2 10 4 5 6 -8 -9 -10 -11 -12 -13 -14 -15
leaf_value=-0.018012241695490556 0.0078140712242295227 -0.024148268242740994 0.003136134770381294 0.0038467458069324349 0.027844030395420084 0.014331780105579032 -0.016913710353815167 0.016058101942547098 0.0070826859084266933 -0.014484775078128207 0.0088586626519753364 -0.014057573381530518 0 0.0057605623241572665
leaf_weight=16.820237726904455 14.479053506627677 16.785217304946855 20.137135560391471 10.480369999539102 19.245073355268687 12.010678641032429 10.179417151957749 11.30963576491922 12.706041650846599 24.751781186088923 11.077013222035019 27.274286892265081 11.531409872230141 14.935212224721907
leaf_count=173 183 360 291 138 307 152 101 121 217 220 118 502 156 217
internal_value=0 -0.005062 -0.00838209 0.00311338 0.00655816 0.012884 0 -0.000410505 -0.00424482 -0.00785001 -0.00208687 -0.00601098 -0.0111081 0.0207828
internal_weight=233.723 89.7527 75.2737 143.97 102.912 56.3704 22.1901 46.5418 41.0577 35.2322 58.4884 47.4114 28.3516 34.1803
internal_count=3256 1454 1271 1802 1256 777 253 479 546 358 911 793 329 524
is_linear=0
shrinkage=0.05


Tree=324
num_leaves=9
num_cat=0
split_feature=266 32 162 231 394 83 412 299
split_gain=1.37563 2.04868 1.6411 1.84069 3.02581 2.73032 1.59208 0.788743
threshold=0.23430581308204701 0.82851573375390763 0.2358159191596321 69.500000000000014 0.0037840249259769592 -0.071133034613963961 -0.44999999999999996 -0.12960935880666927
decision_type=2 2 2 2 2 2 2 2
left_child=1 2 6 5 -5 -4 -1 -2
right_child=7 -3 3 4 -6 -7 -8 -9
leaf_value=-0.022996453665866636 0 -0.016120631504080225 -0.010616396285126499 0.01735605560866002 -0.0009041933132972 0.006920742840224094 0 0.016704969461486623
leaf_weight=11.125597491860391 13.892401147633793 19.029794335365295 48.094766909256577 37.044326972216368 40.795576418749988 33.486752583179623 14.015029191970823 14.228831394575534
leaf_count=160 86 250 536 384 473 366 198 803
internal_value=-2.53492e-05 -0.00170884 0 0.00194239 0.00748902 -0.00283663 -0.0111363 0.00954599
internal_weight=231.713 203.592 184.562 159.421 77.8399 81.5815 25.1406 28.1212
internal_count=3256 2367 2117 1759 857 902 358 889
is_linear=0
shrinkage=0.05


Tree=325
num_leaves=1
num_cat=0
split_feature=
split_gain=
threshold=
decision_type=
left_child=
right_child=
leaf_value=0
leaf_weight=
leaf_count=3256
internal_value=
internal_weight=
internal_count=
is_linear=0
shrinkage=1


Tree=326
num_leaves=12
num_cat=0
split_feature=137 141 34 62 386 56 213 225 353 244 353
split_gain=1.49238 2.23188 3.51857 2.48669 2.39215 2.56541 2.51581 2.51455 2.17142 1.79306 0.529018
threshold=-0.1286574657111054 1.0000000180025095e-35 0.022605196460121362 0.4369839055391927 0.090097607246318448 0.48275578679939679 4.7633546707714611 3.5159657408081801 0.063639464135511137 0.86363636363636365 0.017606524590821949
decision_type=2 2 2 2 2 2 2 2 2 2 2
left_child=9 4 3 -3 5 6 -2 -7 10 -1 -6
right_child=1 2 -4 -5 8 7 -8 -9 -10 -11 -12
leaf_value=0.017750580376959074 -0.015392514121404655 0.018176299015075625 -0.023417283364857312 -0.01150134373778338 -0.002520785217805045 0.01797286460531752 0.0048133632909704736 -0.0047693704673407687 0.0040067273378065977 -0.0011561242966761176 -0.024924915822386817
leaf_weight=20.919985597487539 20.237514714244753 10.58746143942699 24.060946801211685 10.580965544097124 10.909500679932536 42.955025415867567 38.758066864218563 10.843886344693599 12.545306008774785 16.357440785970539 12.88607043516822
leaf_count=290 244 153 416 192 160 573 489 133 179 192 235
internal_value=0 -0.00181608 -0.0112571 0.00168693 0.00088404 0.00477769 -0.00172088 0.0124988 -0.00937285 0.0087447 -0.0179515
internal_weight=231.642 194.365 45.2294 21.1684 149.135 112.794 58.9956 53.7989 36.3409 37.2774 23.7956
internal_count=3256 2774 761 345 2013 1439 733 706 574 482 395
is_linear=0
shrinkage=0.05


Tree=327
num_leaves=8
num_cat=0
split_feature=299 394 394 221 74 401 349
split_gain=1.35503 1.81239 3.70521 1.98805 2.49131 1.79561 1.34552
threshold=-0.5209063469171572 0.019233405593874989 0.012034137512381917 18.771586269963059 -0.025441333873884756 -1.0000000180025095e-35 -1.4999999999999998
decision_type=2 2 2 2 2 2 2
left_child=5 2 3 4 -2 -1 -4
right_child=1 -3 6 -5 -6 -7 -8
leaf_value=0.00070349315325951903 -0.0059528992971481683 0.017583105455520602 -0.028478055037271122 0.019403916541156731 0.0064384164103265642 -0.021078330226630228 -0.00018084996946161571
leaf_weight=11.845447684638202 71.299250372219831 12.616647343616931 11.233127716928722 12.993146397173403 84.499376783147454 14.042916771955788 11.404135281220077
leaf_count=402 846 157 85 255 912 500 99
internal_value=-3.21566e-06 0.00119801 0 0.00251113 0.000447494 -0.010343 -0.0178622
internal_weight=229.934 204.046 191.429 168.792 155.799 25.8884 22.6373
internal_count=3256 2354 2197 2013 1758 902 184
is_linear=0
shrinkage=0.05


Tree=328
num_leaves=1
num_cat=0
split_feature=
split_gain=
threshold=
decision_type=
left_child=
right_child=
leaf_value=0
leaf_weight=
leaf_count=3256
internal_value=
internal_weight=
internal_count=
is_linear=0
shrinkage=1


Tree=329
num_leaves=7
num_cat=0
split_feature=297 397 394 162 394 401
split_gain=1.4769 2.09364 2.31814 2.10806 2.54124 1.792
threshold=-0.79590634691715823 -0.021429223085953835 -0.029884786166134155 2.1764413929419475 0.012034137512381917 -1.0000000180025095e-35
decision_type=2 2 2 2 2 2
left_child=5 -2 -3 4 -4 -1
right_child=1 2 3 -5 -6 -7
leaf_value=-0.00051451530555752059 -0.017043436543749495 0.019462703147098023 -0.0025174238314754393 -0.017705121032272324 0.013569932881360314 0.021171148861510135
leaf_weight=11.909653668291867 16.689690293977037 11.304204667918382 134.01791321276687 15.013090220745651 26.788125467021018 14.141233219299465
leaf_count=402 269 106 1541 216 222 500
internal_value=0 -0.00153189 0 -0.00145193 5.67177e-05 0.0105067
internal_weight=229.864 203.813 187.123 175.819 160.806 26.0509
internal_count=3256 2354 2085 1979 1763 902
is_linear=0
shrinkage=0.05


Tree=330
num_leaves=10
num_cat=0
split_feature=399 163 265 68 381 377 36 13 36
split_gain=1.35894 1.86826 1.81912 2.87308 2.41796 1.76688 1.36136 2.28432 1.71614
threshold=-0.29350499179089479 -0.020691356424779945 0.14656311962987445 0.64813738535285081 27.092987790498274 -0.23339726174873507 0.041283558499940809 0.007889608035487005 0.075650285776888274
decision_type=2 2 2 2 2 2 2 2 2
left_child=-1 -2 3 4 -3 -5 7 -4 -8
right_child=1 2 6 5 -6 -7 8 -9 -10
leaf_value=-0.012846645053446501 0.019029880875441968 -0.0050640429426795693 0.015235598563470018 0.0017010311584783528 0.011168139951102999 -0.01735137438732166 -0.023940820537799334 -0.010726590173516296 0
leaf_weight=16.467693121172488 10.406465446576474 24.371991022024304 11.664023444987835 15.487600474618374 83.811835535569116 20.744828090537339 16.461213966831568 17.049961922224611 11.994861193001269
leaf_count=224 199 315 176 255 1258 291 168 197 173
internal_value=-4.04517e-06 0.000926349 -2.91574e-05 0.00271582 0.00702363 -0.00842562 -0.00758386 0 -0.014772
internal_weight=228.46 211.993 201.586 144.416 108.184 36.2324 57.1701 28.714 28.4561
internal_count=3256 3032 2833 2119 1573 546 714 373 341
is_linear=0
shrinkage=0.05


Tree=331
num_leaves=1
num_cat=0
split_feature=
split_gain=
threshold=
decision_type=
left_child=
right_child=
leaf_value=0
leaf_weight=
leaf_count=3256
internal_value=
internal_weight=
internal_count=
is_linear=0
shrinkage=1


Tree=332
num_leaves=13
num_cat=0
split_feature=217 27 21 266 217 110 83 262 301 393 83 406
split_gain=1.46748 1.97717 2.72728 2.34941 1.83127 2.27307 1.43192 1.39841 0.927978 1.18267 0.846576 0.724925
threshold=7.6081917345781624 0.89167423153134018 0.12544489580320337 0.030145748138828993 5.9307831756251632 47.500000000000007 -0.36902650328564751 0.24157303370786518 -0.052030880662720866 -0.05758592241144412 0.21410835112784302 -0.0018402659953115628
decision_type=2 2 2 2 2 2 2 2 2 2 2 2
left_child=4 2 10 7 5 11 -5 -4 9 -6 -2 -1
right_child=1 -3 3 6 8 -7 -8 -9 -10 -11 -12 -13
leaf_value=-0.00027148999502721316 0 -0.020357554712558137 -0.0096581849751402726 0 0.022971359369510863 -0.01622909532343373 -0.021444245351358401 0.0052028289887334793 0 0.0017819024455721349 0.021251356301409438 0.012638752200158133
leaf_weight=11.339690132066607 12.201722337864341 12.425931923557071 19.649547099135816 10.039976926753296 19.262245832476761 15.712954534683375 22.728582384530455 48.100237715989351 12.751388065982608 18.285935630090538 11.683869950473307 14.207436098251492
leaf_count=134 147 158 242 184 305 183 486 624 246 191 156 200
internal_value=0 -0.00330249 -0.000767261 -0.00479301 0.00476129 -0.00203585 -0.0151887 0 0.0110757 0.0147805 0.0129591 0.00573043
internal_weight=228.39 136.83 124.404 100.518 91.5597 41.2601 32.7686 67.7498 50.2996 37.5482 23.8856 25.5471
internal_count=3256 1997 1839 1536 1259 517 670 866 742 496 303 334
is_linear=0
shrinkage=0.05


Tree=333
num_leaves=12
num_cat=0
split_feature=266 165 137 246 266 264 265 264 19 16 301
split_gain=1.34367 1.91419 1.88738 2.30323 2.80752 1.72965 1.47113 1.28116 1.05787 0.816708 0.72074
threshold=0.23430581308204701 0.00048235139771474401 -0.1286574657111054 0.27528089887640456 -0.22814222858354741 30.500000000000004 0.098180845371856618 41.500000000000007 0.43212876581099496 0.005441626955561326 -0.052030880662720866
decision_type=2 2 2 2 2 2 2 2 2 2 2
left_child=1 2 -1 5 -5 -4 7 -3 -9 -8 -2
right_child=10 6 3 4 -6 -7 9 8 -10 -11 -12
leaf_value=-0.011292845776463514 0 0.011909480337057987 0.006933094643651553 -0.0048838825413990167 0.016269135142460197 -0.011619785929540938 -0.019869000531880079 0 -0.016787251399037206 0 0.016069638017578006
leaf_weight=18.521113046444952 12.678641287609937 10.209097234997897 15.986525511369107 16.133297485299408 50.236015304923058 26.489505784120411 24.167948308866471 16.60286194365472 11.10179769201204 10.062949979677795 14.713966743787749
leaf_count=208 78 119 147 326 518 298 291 207 124 129 811
internal_value=-1.9282e-05 -0.0017022 0.0016768 0.00457447 0.0104176 -0.00354091 -0.00816175 0 -0.00657995 -0.015272 0.00955104
internal_weight=226.904 199.511 127.366 108.845 66.3693 42.476 72.1447 37.9138 27.7047 34.2309 27.3926
internal_count=3256 2367 1497 1289 844 445 870 450 331 420 889
is_linear=0
shrinkage=0.05


Tree=334
num_leaves=1
num_cat=0
split_feature=
split_gain=
threshold=
decision_type=
left_child=
right_child=
leaf_value=0
leaf_weight=
leaf_count=3256
internal_value=
internal_weight=
internal_count=
is_linear=0
shrinkage=1


Tree=335
num_leaves=12
num_cat=0
split_feature=266 126 372 125 113 240 375 113 399 46 227
split_gain=1.42997 1.99659 2.73927 2.66345 2.86154 2.4691 2.23759 2.12764 1.98352 2.07849 0.158877
threshold=0.14192779168026784 -0.0062975917458328859 -0.0051521681881048212 -0.035614336333419074 3.5000000000000004 0.88095238095238104 0.069530452859879813 34.500000000000007 -0.060395407339102834 0.82884551839431519 1.0110872089052634
decision_type=2 2 2 2 2 2 2 2 2 2 2
left_child=1 2 10 -3 -5 -4 -6 -7 9 -2 -1
right_child=8 3 5 4 6 7 -8 -9 -10 -11 -12
leaf_value=0.0067739181418560376 -0.021784431097880589 -0.02162393840564987 -0.015880547218554194 -0.014924796930776427 0.0098589457886022122 0.020757825114769781 -0.010329811017421815 -0.0033131036055648114 0.0043017525478069732 0 0.027897055948580399
leaf_weight=12.202085833996536 23.188813667278737 11.581659548915921 12.163814107421784 17.789123612456024 64.629067927598953 14.416273768991234 12.37902006274089 11.869605324696748 18.949403681792319 15.015541607514022 12.647730554454027
leaf_count=127 738 116 166 153 818 172 167 150 269 182 198
internal_value=0 0.00227739 0.00921505 -0.00153318 0.000998142 0 0.00572303 0.00895515 -0.00667394 -0.0132482 0.0211672
internal_weight=226.832 169.678 63.2995 106.379 94.7972 38.4497 77.0081 26.2859 57.1538 38.2044 24.8498
internal_count=3256 2067 813 1254 1138 488 985 322 1189 920 325
is_linear=0
shrinkage=0.05


Tree=336
num_leaves=10
num_cat=0
split_feature=106 21 286 23 105 370 28 399 383
split_gain=1.30657 1.55638 3.08071 1.97106 1.68172 1.51883 1.79404 1.17559 0.829109
threshold=1.0000000180025095e-35 0.14814521262575822 -0.52543112992409846 1.0000000180025095e-35 1.0000000180025095e-35 0.49719155780156626 0.084713567532646278 -0.049831382527684411 4.5000000000000009
decision_type=2 2 2 2 2 2 2 2 2
left_child=1 3 5 -1 -5 6 -3 -4 -7
right_child=-2 2 7 4 -6 8 -8 -9 -10
leaf_value=-0.017496660790919497 0.012808894949022792 -0.0030594294895087033 0.020541118692275259 0.011388103174569749 -0.0099170144594041415 -0.00086764553430689723 0.01224599905162374 0 -0.02202338077090667
leaf_weight=26.417424767278135 14.678605952998621 72.530134623404592 21.111891117878262 15.080005010589959 15.907802541274576 16.05863306531683 22.247329697012901 10.47881559981033 10.387679126579313
leaf_count=400 222 817 616 196 211 206 259 164 165
internal_value=-1.27208e-05 -0.00131012 0.00107163 -0.00821649 0 -0.00228039 0.000287384 0.0144621 -0.0122724
internal_weight=224.898 210.22 152.814 57.4052 30.9878 121.224 94.7775 31.5907 26.4463
internal_count=3256 3034 2227 807 407 1447 1076 780 371
is_linear=0
shrinkage=0.05


Tree=337
num_leaves=1
num_cat=0
split_feature=
split_gain=
threshold=
decision_type=
left_child=
right_child=
leaf_value=0
leaf_weight=
leaf_count=3256
internal_value=
internal_weight=
internal_count=
is_linear=0
shrinkage=1


Tree=338
num_leaves=15
num_cat=0
split_feature=217 191 138 130 399 86 16 113 62 373 19 209 262 7
split_gain=1.39453 1.68737 1.94365 1.68316 2.56975 2.79735 2.3 2.18044 2.47506 1.67014 1.28945 1.22942 1.2339 1.16748
threshold=7.6081917345781624 0.59307831756251639 -1.0000000180025095e-35 -15.499999999999998 -0.075434778928230403 -6083414.5902224947 0.0045788644683133718 6.5000000000000009 0.44743285875255329 0.0014383787105477499 0.51260197075884462 3.1543070154928841 0.16292134831460678 -0.0002240582990196138
decision_type=2 2 2 2 2 2 2 2 2 2 2 2 2 2
left_child=1 2 -1 6 5 -5 9 -6 -9 -2 -7 -3 -13 -4
right_child=3 11 13 4 7 10 -8 8 -10 -11 -12 12 -14 -15
leaf_value=-0.01754387845109465 0.024588483423070566 0 -0.0059966235946151336 0.0056444542676998182 -0.013953437717173382 -0.02386580349068658 -0.0098209560866172902 0.020449806836784146 -0.0053353620988136558 0 -0.00091801881481093264 0 0.020656448890368748 0.011575423711052749
leaf_weight=11.645794905722139 12.434204221237453 12.853195718955247 10.04683228954673 10.073128556832669 10.107916824985294 33.601574361557141 12.217665615025906 18.15221870481037 10.518106644740326 14.152957514859734 13.339055088348685 10.922816570382563 25.753726944327354 19.00816113082692
leaf_count=136 181 228 153 139 117 617 130 286 115 188 224 159 355 228
internal_value=0 0.00467799 -0.00184041 -0.00324187 -0.00695603 -0.0135758 0.00457194 0.00185585 0.00980207 0.013201 -0.0187928 0.0107855 0.0152143 0.00394687
internal_weight=224.827 90.2305 40.7008 134.597 95.792 57.0138 38.8048 38.7782 28.6703 26.5872 46.9406 49.5297 36.6765 29.055
internal_count=3256 1259 517 1997 1498 980 499 518 401 369 841 742 514 381
is_linear=0
shrinkage=0.05


Tree=339
num_leaves=14
num_cat=0
split_feature=107 0 191 21 15 272 272 264 355 262 262 19 83
split_gain=1.23594 1.54537 1.45393 1.84647 2.19937 1.32332 1.23434 1.35259 1.19806 1.75229 0.781929 0.558046 0.335806
threshold=1.0000000180025095e-35 -0.0010112627007915354 0.74979328163534942 0.12885016760483162 0.0036039826763145846 -1.6103068306950277 -1.4637048744731573 72.500000000000014 -0.011862269376958808 0.18539325842696633 0.21910112359550563 0.44544937194660933 -0.1389078432684405
decision_type=2 2 2 2 2 2 2 2 2 2 2 2 2
left_child=1 6 8 4 -4 -5 7 10 -3 -10 -1 12 -8
right_child=-2 2 3 5 -6 -7 11 -9 9 -11 -12 -13 -14
leaf_value=0.014449651938246164 -0.012561729212715787 0 -0.021593751598502069 -0.0029068165795879948 0.0030395111232007048 0.013158078754019253 0.0018919968539877294 -0.0087739238563973223 0 -0.023318346215048656 0 0 0.022005821787646453
leaf_weight=14.371765205636619 15.563213885761796 15.524631225969641 12.170131189748647 11.673063645139335 14.148893246892838 32.888332546921447 10.006858072942123 19.217421876266599 13.540715326555075 18.446725403890014 20.903302748687565 10.014688462251796 14.551142862299457
leaf_count=142 223 242 165 257 169 535 205 253 199 229 244 152 241
internal_value=0 0.000873618 -0.00256325 0.00140922 -0.00768974 0.00798062 0.00591992 0.000140202 -0.00921112 -0.0144256 0.0066099 0.0129604 0.0167224
internal_weight=223.021 207.458 118.392 70.8804 26.319 44.5614 89.0652 54.4925 47.5121 31.9874 35.2751 34.5727 24.558
internal_count=3256 3033 1796 1126 334 792 1237 639 670 428 386 598 446
is_linear=0
shrinkage=0.05


Tree=340
num_leaves=1
num_cat=0
split_feature=
split_gain=
threshold=
decision_type=
left_child=
right_child=
leaf_value=0
leaf_weight=
leaf_count=3256
internal_value=
internal_weight=
internal_count=
is_linear=0
shrinkage=1


Tree=341
num_leaves=7
num_cat=0
split_feature=163 394 106 124 375 124
split_gain=1.31387 2.07799 1.60069 1.74408 2.54124 2.28261
threshold=-0.021429223085953835 -0.029884786166134155 1.0000000180025095e-35 -8.4999999999999982 0.03304934422280615 -20.499999999999996
decision_type=2 2 2 2 2 2
left_child=-1 -2 3 5 -5 -3
right_child=1 2 -4 4 -6 -7
leaf_value=-0.011985512111503576 0.019378097988236295 0 -0.015621015452712479 0.0084790856150380785 -0.0067920164873274142 -0.021817770212939055
leaf_weight=17.974592805141583 11.557805646676568 37.771129002794623 12.524933634791521 98.684000476729125 31.163940906291828 13.273893102072178
leaf_count=307 170 541 193 1243 588 214
internal_value=0 0.00114284 0 0.00107723 0.00436699 -0.00614396
internal_weight=222.95 204.976 193.418 180.893 129.848 51.045
internal_count=3256 2949 2779 2586 1831 755
is_linear=0
shrinkage=0.05


Tree=342
num_leaves=14
num_cat=0
split_feature=25 74 394 74 124 264 215 162 412 26 372 104 215
split_gain=1.26526 3.1291 2.92204 3.04666 2.3487 2.31656 2.07172 1.55475 1.94813 1.30436 0.668717 0.51081 0.238777
threshold=0.057680863051897339 -0.040962778692280592 -0.010460215560433859 -0.2438934922226926 1.5000000000000002 29.500000000000004 3.30696494064071 1.0542446783210926 -0.69999999999999996 0.07454928209540336 -0.0051521681881048212 -0.053794120785390059 3.8374677224995781
decision_type=2 2 2 2 2 2 2 2 2 2 2 2 2
left_child=1 2 3 12 5 -4 9 -2 -9 10 -3 -8 -1
right_child=7 6 4 -5 -6 -7 11 8 -10 -11 -12 -13 -14
leaf_value=0.023763824970442899 0.0029044030523202933 -0.013515816132756903 0.00038265367431601822 -0.01008978026862953 0.0044613236087316975 -0.021533439730768624 0.0022231968687209634 0 -0.021218548966166813 0.010830147262503023 0 0.023425242608747943 0.0040271040307515967
leaf_weight=11.543842931743713 17.921853960026056 10.727565125562252 11.026015974115579 11.693697827635331 13.961455922108142 36.17296080943197 10.423299329355357 13.203992050606756 21.654554081615061 17.840097739361227 11.991077352315186 21.720437242649496 11.856222249567507
leaf_count=166 243 167 186 160 281 548 171 194 290 199 171 281 199
internal_value=0 0.00193479 -0.00357972 0.00675147 -0.0103255 -0.0157007 0.00974871 -0.00672065 -0.0128279 0.000667528 -0.0057011 0.0187494 0.0172517
internal_weight=221.737 168.957 96.2542 35.0938 61.1604 47.199 72.7025 52.7804 34.8585 40.5587 22.7186 32.1437 23.4001
internal_count=3256 2529 1540 525 1015 734 989 727 484 537 338 452 365
is_linear=0
shrinkage=0.05


Tree=343
num_leaves=1
num_cat=0
split_feature=
split_gain=
threshold=
decision_type=
left_child=
right_child=
leaf_value=0
leaf_weight=
leaf_count=3256
internal_value=
internal_weight=
internal_count=
is_linear=0
shrinkage=1


Tree=344
num_leaves=14
num_cat=0
split_feature=286 126 372 126 264 231 230 113 105 299 190 62 227
split_gain=1.30782 1.84015 2.70061 2.2 2.62192 2.20804 2.15454 1.64125 1.32638 1.50156 1.31557 0.417771 0.138271
threshold=-0.46820965263718167 -0.0062975917458328859 -0.0051521681881048212 -0.00029721918284619781 32.000000000000007 100.50000000000001 33.500000000000007 34.500000000000007 0.30820743337743778 -0.22040829359672756 0.014471818884783933 0.39693543938487896 1.0110872089052634
decision_type=2 2 2 2 2 2 2 2 2 2 2 2 2
left_child=1 2 12 -3 10 -6 -4 -8 9 -2 -5 -11 -1
right_child=8 3 6 4 5 -7 7 -9 -10 11 -12 -13 -14
leaf_value=0.0065014565208747549 0 -0.018043079843855388 -0.014932307381872071 0 0.011297707252726198 -0.0068315881784046977 0.018703766640455016 -0.0021043716427458863 0.0054321357707019478 -0.0016331250648556981 -0.023427648968528007 -0.022066331113010408 0.027412090161941578
leaf_weight=11.932819635607304 14.324796847999094 14.450986289419232 12.371497671585528 10.109182677231731 53.601058766245842 17.89005371183157 14.138425937388094 12.01191567443311 10.2594908028841 10.018015930894764 10.21809417195618 18.002540230518207 12.338874047156422
leaf_count=127 92 165 165 103 674 226 172 157 139 327 102 606 201
internal_value=0 0.00206149 0.00876965 -0.00157665 0.000976495 0.00599736 0 0.00819759 -0.00675643 -0.0109761 -0.0130388 -0.0172372 0.0208112
internal_weight=221.668 169.063 62.7935 106.269 91.8184 71.4911 38.5218 26.1503 52.6048 42.3454 20.3273 28.0206 24.2717
internal_count=3256 2092 822 1270 1105 900 494 329 1164 1025 205 933 328
is_linear=0
shrinkage=0.05


Tree=345
num_leaves=13
num_cat=0
split_feature=266 370 381 224 62 4 381 110 28 74 80 297
split_gain=1.22674 1.80972 2.31183 1.8034 1.54748 2.12358 2.22831 1.38141 1.89418 0.907448 0.741251 0.638363
threshold=0.23430581308204701 0.49972118350904821 42.647565085986734 1.7431266846361133 0.52608432024276819 -0.011993073678681855 35.732719988944694 47.500000000000007 0.089364899437071779 -0.18218040805945004 1.0658172823899672 -0.41869754732938796
decision_type=2 2 2 2 2 2 2 2 2 2 2 2
left_child=1 4 3 10 5 -1 -7 8 -6 -5 -3 -2
right_child=11 2 -4 9 7 6 -8 -9 -10 -11 -12 -13
leaf_value=-0.01648677742788562 0 -0.021584818001949627 0.0080881302608421975 0.0095783186368486525 -0.0047995111388760281 0.012812845500908294 -0.0085561690693995024 0.021169150816146929 0.015996400713808895 -0.0077122032420645324 -0.00204612510179747 0.015669018399779952
leaf_weight=16.987517404835671 12.323316235095264 29.921143303159624 14.306791094131766 10.240443357266487 25.637024475261569 23.688229131512344 17.468547522556037 13.398665078915654 13.463057203218339 14.718900725711135 13.672400694806127 14.073126216186209
leaf_count=179 78 366 145 104 311 318 247 136 171 210 180 811
internal_value=0 -0.00154817 -0.00715775 -0.011244 0.00229087 -0.00266108 0.00264557 0.00852365 0.00180299 0 -0.0170562 0.00939708
internal_weight=219.899 193.503 82.8597 68.5529 110.643 58.1443 41.1568 52.4987 39.1001 24.9593 43.5935 26.3964
internal_count=3256 2367 1005 860 1362 744 565 618 482 314 546 889
is_linear=0
shrinkage=0.05


Tree=346
num_leaves=1
num_cat=0
split_feature=
split_gain=
threshold=
decision_type=
left_child=
right_child=
leaf_value=0
leaf_weight=
leaf_count=3256
internal_value=
internal_weight=
internal_count=
is_linear=0
shrinkage=1


Tree=347
num_leaves=12
num_cat=0
split_feature=297 126 125 113 394 231 266 120 220 375 231
split_gain=1.30205 1.7125 2.9074 3.12742 3.37618 2.86451 1.9072 1.80845 1.368 1.32765 0.527749
threshold=-0.79590634691715823 -0.0067399039488402193 -0.035614336333419074 14.500000000000002 -0.012733340523012225 88.500000000000014 0.13259254569245812 1.0000000180025095e-35 6.5992846230120845 -0.14235706920145016 92.500000000000014
decision_type=2 2 2 2 2 2 2 2 2 2 2
left_child=8 6 -3 5 -5 -4 7 9 -1 -2 -8
right_child=1 2 3 4 -6 -7 10 -9 -10 -11 -12
leaf_value=0.021802925063855116 8.3170642989550324e-06 -0.0250789139321233 0.00015090675597397756 -0.0085857420488185798 0.010982740321930546 -0.026209415954851618 -0.013049024809936744 -0.002455305903528604 0 0.023731253763165955 0
leaf_weight=10.006866073235871 13.878139959648246 13.409818169428034 12.946932254359128 31.996019465383142 51.477026239270344 18.308404955547303 10.285701324697586 12.670903536491094 14.744789299555121 19.947581786662344 10.157063957769422
leaf_count=546 91 241 105 462 581 253 175 107 356 189 150
internal_value=0 -0.0015762 -0.00510739 -0.00176877 0.0028661 -0.0147736 0.0043976 0.0102277 0.00997812 0.0161495 -0.00634195
internal_weight=219.829 195.078 128.138 114.728 83.473 31.2553 66.9394 46.4966 24.7517 33.8257 20.4428
internal_count=3256 2354 1642 1401 1043 358 712 387 902 280 325
is_linear=0
shrinkage=0.05


Tree=348
num_leaves=9
num_cat=0
split_feature=399 163 104 165 373 16 104 364
split_gain=1.22419 1.75307 2.70454 1.68292 2.44063 3.01414 0.848581 0.551583
threshold=-0.29350499179089479 -0.01188987871940385 -0.016757581368496175 -0.0034821870001103946 0.077788105288976742 0.0010883552454272745 0.036950840494284883 0.499183353004996
decision_type=2 2 2 2 2 2 2 2
left_child=-1 2 -2 6 5 -5 -3 -6
right_child=1 3 -4 4 7 -7 -8 -9
leaf_value=-0.012343725151796705 0.025582329624135883 0 -0.0027944998918781189 -0.01311720242717148 0.017168047880433173 0.0012565430872886084 0.017995350929738387 0
leaf_weight=15.720861178822814 14.114033752353864 11.648570344783368 10.064209796953945 65.386243185959756 11.762550705811011 65.202542431652546 12.961442762054501 10.962806143797932
leaf_count=224 290 154 164 940 218 881 168 217
internal_value=0 0.00100707 0.0129261 -0.000523732 -0.00278172 -0.00569911 0.0105058 0.0107487
internal_weight=217.823 202.102 24.1782 177.924 153.314 130.589 24.61 22.7254
internal_count=3256 3032 454 2578 2256 1821 322 435
is_linear=0
shrinkage=0.05


Tree=349
num_leaves=1
num_cat=0
split_feature=
split_gain=
threshold=
decision_type=
left_child=
right_child=
leaf_value=0
leaf_weight=
leaf_count=3256
internal_value=
internal_weight=
internal_count=
is_linear=0
shrinkage=1


Tree=350
num_leaves=8
num_cat=0
split_feature=297 397 373 394 394 72 19
split_gain=1.26688 1.82194 1.97287 1.51909 1.78449 1.50438 0.745082
threshold=-0.79590634691715823 -0.021429223085953835 0.077788105288976742 -0.029884786166134155 0.012034137512381917 0.0076248077724025325 0.36633655381346802
decision_type=2 2 2 2 2 2 2
left_child=5 -2 3 -3 -5 -1 -4
right_child=1 2 6 4 -6 -7 -8
leaf_value=-2.9221402481749758e-05 -0.016401799633182036 0.018189923000833424 -0.019982793776395322 -0.0016505641388452935 0.013863370504824328 0.020008443729250158 0
leaf_weight=11.422607557382436 15.754808990284799 10.613412790000437 12.223306055646391 124.42432765942067 18.455052833072841 13.080415020696817 11.778706160373984
leaf_count=272 269 106 226 1466 146 630 141
internal_value=0 -0.00158103 0 0.00213904 0.000254438 0.00986519 -0.0124957
internal_weight=217.753 193.25 177.495 153.493 142.879 24.503 24.002
internal_count=3256 2354 2085 1718 1612 902 367
is_linear=0
shrinkage=0.05


Tree=351
num_leaves=10
num_cat=0
split_feature=270 167 113 113 222 379 359 270 162
split_gain=1.14325 1.75495 2.12159 2.71716 3.11198 2.61145 3.49461 0.76661 0.656873
threshold=-0.76569418691795288 -0.13156712337783102 51.500000000000007 35.500000000000007 0.50231369868228193 0.0056381337161346421 0.038244167330489347 -1.1623889562756273 1.2166019327817914
decision_type=2 2 2 2 2 2 2 2 2
left_child=1 2 3 4 -1 6 -4 -5 -2
right_child=8 -3 5 7 -6 -7 -8 -9 -10
leaf_value=0.0068642970416761002 0.01692947331250353 -0.015554180233863339 -0.023664698694676974 0.00010952343356864746 -0.012019755010035989 0.006451496957296618 0.0042917493429342479 0.020648469828973764 0
leaf_weight=49.017057325225323 11.250920956721531 16.853778858669102 28.386431562714279 11.900437557138501 33.999488852918148 16.63639431912452 11.955083507113157 21.843269588425756 14.734810872934757
leaf_count=533 458 251 349 209 445 191 153 236 431
internal_value=0 -0.00146571 0 0.00398248 -0.000437872 -0.00753415 -0.0145027 0.0153661 0.00917913
internal_weight=216.578 190.592 173.738 116.76 83.0165 56.9779 40.3415 33.7437 25.9857
internal_count=3256 2367 2116 1423 978 693 502 445 889
is_linear=0
shrinkage=0.05


Tree=352
num_leaves=1
num_cat=0
split_feature=
split_gain=
threshold=
decision_type=
left_child=
right_child=
leaf_value=0
leaf_weight=
leaf_count=3256
internal_value=
internal_weight=
internal_count=
is_linear=0
shrinkage=1


Tree=353
num_leaves=13
num_cat=0
split_feature=290 365 74 221 120 231 354 217 162 9 265 83
split_gain=1.25125 1.7675 2.02814 2.94102 2.30735 1.67411 1.48531 1.33399 1.23363 1.14886 0.937942 0.859693
threshold=0.29095401642464241 0.14313442558080838 -0.067183501062596934 14.9617122014114 -0.019891738751122209 67.500000000000014 0.027410906221502884 5.4828085195300211 0.44206237980457536 0.00093256392403795474 0.089061467283542653 -0.44777589431070469
decision_type=2 2 2 2 2 2 2 2 2 2 2 2
left_child=5 6 3 10 -4 11 -2 -6 -7 -10 -3 -1
right_child=1 2 4 -5 7 8 -8 -9 9 -11 -12 -13
leaf_value=0 -0.0033994812306969119 0 0.0036859411700106109 -0.012090025250815747 0 0.0092024190516933543 0.016267884672724036 -0.019675163900516934 -0.017540187441873547 0 0.018049691196831197 0.018223081532980755
leaf_weight=11.442328036762772 10.804340369533749 12.539929898455741 13.56858553458005 19.048341896384954 10.028872285503892 12.876854474656282 16.433636008296162 43.415765766752884 12.091208341531457 15.562156341038643 17.038040903629735 21.655937621369958
leaf_count=139 145 214 183 337 107 205 183 590 155 309 185 504
internal_value=0 -0.0029198 -0.00585935 0.00101893 -0.0113943 0.00495909 0.00724971 -0.0161012 -0.000847139 -0.00760052 0.0113319 0.0129337
internal_weight=216.506 142.878 115.64 48.6263 67.0132 73.6285 27.238 53.4446 40.5302 27.6534 29.578 33.0983
internal_count=3256 1944 1616 736 880 1312 328 697 669 464 399 643
is_linear=0
shrinkage=0.05


Tree=354
num_leaves=11
num_cat=0
split_feature=165 54 372 74 397 66 228 407 111 120
split_gain=1.10285 1.91757 2.27638 2.70788 2.04111 2.34293 1.90132 1.75463 1.26531 0.205552
threshold=-0.0034254089457675992 -0.015462104775020856 -0.013863034291498598 -0.23100930527528096 -0.0053458911323682077 0.46356333849355086 0.70469897875817777 0.24761465936330959 42.500000000000007 -0.0047092560658369967
decision_type=2 2 2 2 2 2 2 2 2 2
left_child=7 8 3 -3 -4 -6 -5 -1 9 -2
right_child=1 2 4 6 5 -7 -8 -9 -10 -11
leaf_value=-0.0015633975907316047 -0.0043380534376661539 0.0075129730314277068 0.024668596000054353 0.001039958391908689 -0.0065600492117834433 0.01035441053164656 -0.01927611421904105 0.017608841189666588 0 -0.024057761550662315
leaf_weight=16.971483026398346 11.671136510092763 17.986856758128852 10.298001560615374 10.266426161164416 33.302395703271031 40.121042164275423 31.341317438986152 18.192503628088161 12.816959675168617 11.955414677271621
leaf_count=207 178 355 162 164 469 701 402 269 215 134
internal_value=0 -0.00169278 0.000655387 -0.00623851 0.00618521 0.00207198 -0.0134096 0.00764994 -0.0115422 -0.0177807
internal_weight=214.924 179.76 143.316 59.5946 83.7214 73.4234 41.6077 35.164 36.4435 23.6266
internal_count=3256 2780 2253 921 1332 1170 566 476 527 312
is_linear=0
shrinkage=0.05


Tree=355
num_leaves=1
num_cat=0
split_feature=
split_gain=
threshold=
decision_type=
left_child=
right_child=
leaf_value=0
leaf_weight=
leaf_count=3256
internal_value=
internal_weight=
internal_count=
is_linear=0
shrinkage=1


Tree=356
num_leaves=9
num_cat=0
split_feature=290 264 64 162 141 111 162 393
split_gain=1.19878 1.59397 3.1329 2.71274 2.20487 3.05453 2.17885 1.03064
threshold=0.10773074064899797 32.000000000000007 0.30142063403585889 0.41605228961557611 1.0000000180025095e-35 17.500000000000004 1.2647926667784695 -0.030048497945560103
decision_type=2 2 2 2 2 2 2 2
left_child=-1 3 -3 -2 5 -4 -6 -5
right_child=1 2 4 7 6 -7 -8 -9
leaf_value=0.011050383686005538 0.0028454199250543765 0.021567918191288348 -0.0090288212185120533 -0.0021654960716434627 -0.020511954904657889 0.0083032370561157108 0.0004153688931784013 -0.029158120544164553
leaf_weight=18.2893933407031 16.968072924297303 13.387472900096325 34.406684443820268 10.994272403884681 22.644234600709751 69.952583892736584 15.39377989550121 12.815712897107003
leaf_count=621 163 179 451 170 323 906 264 179
internal_value=0 -0.00141093 0.000649148 -0.00992834 -0.00137808 0.00203061 -0.0114132 -0.0201962
internal_weight=214.852 196.563 155.785 40.7781 142.397 104.359 38.038 23.81
internal_count=3256 2635 2123 512 1944 1357 587 349
is_linear=0
shrinkage=0.05


Tree=357
num_leaves=14
num_cat=0
split_feature=25 74 394 74 124 353 167 266 399 86 217 74 8
split_gain=1.20753 2.86089 2.62172 2.68031 2.02938 1.71643 1.7138 1.67711 1.44817 1.88606 1.43718 1.19744 0.294839
threshold=0.057680863051897339 -0.040962778692280592 -0.010460215560433859 -0.2438934922226926 1.5000000000000002 0.057818550414387916 -0.68661442517861315 -0.049698493406304202 -0.072596251119240479 -5000809.0909584947 7.1319390298400034 0.21349797489082548 -0.0057598938039883111
decision_type=2 2 2 2 2 2 2 2 2 2 2 2 2
left_child=1 2 3 12 5 -4 -3 -8 9 11 -9 -2 -1
right_child=8 6 4 -5 -6 -7 7 10 -10 -11 -12 -13 -14
leaf_value=0.0026581310735876319 0 0.021387594160757278 0 -0.0092684104887262534 0.0039518456303782095 -0.022219237871282396 -0.0097847820197852747 0 -0.019820707115046382 0.013279045998348457 0.017816293757089603 -0.017348907134553754 0.022808767177840722
leaf_weight=10.645134604768828 12.927334552165119 20.169290006160736 17.761132297571748 11.263118501286952 13.363230736926196 27.618265212047845 12.410082333721219 19.024794195778668 12.150331013370304 11.810653309570627 18.375418982934207 13.936160031007601 11.827947047306225
leaf_count=200 239 266 284 160 281 450 278 215 128 168 230 192 165
internal_value=0 0.00203755 -0.00331728 0.00659517 -0.0098637 -0.0149583 0.00964461 0.00299799 -0.00658213 -9.57251e-05 0.00888879 -0.00839355 0.0166638
internal_weight=213.283 162.458 92.4788 33.7362 58.7426 45.3794 69.9796 49.8103 50.8245 38.6741 37.4002 26.8635 22.4731
internal_count=3256 2529 1540 525 1015 734 989 723 727 599 445 431 365
is_linear=0
shrinkage=0.05


Tree=358
num_leaves=1
num_cat=0
split_feature=
split_gain=
threshold=
decision_type=
left_child=
right_child=
leaf_value=0
leaf_weight=
leaf_count=3256
internal_value=
internal_weight=
internal_count=
is_linear=0
shrinkage=1


Tree=359
num_leaves=13
num_cat=0
split_feature=268 162 28 72 165 7 165 64 162 33 21 9
split_gain=1.23486 1.67702 2.60561 2.78596 1.85924 1.74998 1.73042 1.38606 2.32269 1.82466 1.19376 0.59474
threshold=-0.42902205382993336 0.43887621012674854 0.058617856994635308 0.010161533493065271 -0.0039466892177166544 -0.00048553325569822276 0.00024638466529172323 0.30844468974311506 1.0389571904311281 0.048936265881364495 0.1008839950372189 -0.00088609348677398659
decision_type=2 2 2 2 2 2 2 2 2 2 2 2
left_child=1 5 6 -4 -5 -1 11 -2 -9 10 -10 -3
right_child=7 2 3 4 -6 -7 -8 8 9 -11 -12 -13
leaf_value=0 0.0070563403157890064 -2.1743391389055617e-05 0.022977440336604999 -0.016416573989333848 0.0066867073407682184 0.020911656454295127 0.0014207709474529737 -0.019788875328122346 0.016214892787765292 -0.015649977389344091 -0.00037239420249034146 -0.019755479163372225
leaf_weight=13.444464927073566 13.060629246756433 10.899000361561777 15.68434529728256 10.038301736116408 22.367591014131904 18.923252217937261 19.436374894808978 23.913055411074311 11.915082613937555 11.785311711952088 20.703512255102396 21.040721802972257
leaf_count=185 183 101 246 108 377 293 267 467 118 280 406 225
internal_value=0 0.00275067 -8.25774e-05 0.00753373 0 0.0121395 -0.00815361 -0.00494942 -0.00814602 0 0.00513831 -0.0150327
internal_weight=213.212 131.834 99.4663 48.0902 32.4059 32.3677 51.3761 81.3776 68.317 44.4039 32.6186 31.9397
internal_count=3256 1802 1324 731 485 478 593 1454 1271 804 524 326
is_linear=0
shrinkage=0.05


Tree=360
num_leaves=14
num_cat=0
split_feature=25 74 68 246 215 33 162 1 163 68 385 268 244
split_gain=1.15936 2.68043 2.53332 2.63151 1.8739 1.67361 1.40399 1.27219 1.22237 0.958216 0.908684 0.682233 0.336724
threshold=0.057680863051897339 -0.040962778692280592 0.53934694988102827 0.17415730337078653 3.30696494064071 0.032418905569685519 1.0542446783210926 0.0066800913913952495 -0.020691356424779945 0.6438452839588541 2.5000000000000004 -0.4637048744731575 0.75454545454545474
decision_type=2 2 2 2 2 2 2 2 2 2 2 2 2
left_child=1 2 3 -1 7 9 -2 11 -8 -4 -7 -3 -10
right_child=6 4 5 -5 -6 10 8 -9 12 -11 -12 -13 -14
leaf_value=0.0043255820184764544 0.0027826016803722928 -0.013189735166029178 0.018584796592955852 -0.020782178926384801 0.018125034478058796 -0.011705427072250677 0 0.011002575337145102 -0.0035134558003573563 0 0.0034296050306385851 0 -0.025262019733369351
leaf_weight=10.15242404816672 16.935372323729098 11.595152630936356 15.952517511323096 27.347531657433137 30.715693498263136 16.417517923982818 11.127026974689214 16.461381221190095 10.582058093044909 10.865311664761974 10.931288986466823 10.561938640195875 11.611265878193079
leaf_count=220 243 187 217 447 452 275 171 175 159 177 204 175 154
internal_value=0 0.00200551 -0.00318498 -0.0129332 0.00940657 0.00301373 -0.0064837 0.000464181 -0.0124108 0.0117982 -0.00426743 -0.0057561 -0.0185299
internal_weight=211.256 161.001 91.6666 37.5 69.3342 54.1666 50.2557 38.6185 33.3204 26.8178 27.3488 22.1571 22.1933
internal_count=3256 2529 1540 667 989 873 727 537 484 394 479 362 313
is_linear=0
shrinkage=0.05


Tree=361
num_leaves=1
num_cat=0
split_feature=
split_gain=
threshold=
decision_type=
left_child=
right_child=
leaf_value=0
leaf_weight=
leaf_count=3256
internal_value=
internal_weight=
internal_count=
is_linear=0
shrinkage=1


Tree=362
num_leaves=8
num_cat=0
split_feature=297 163 375 112 113 401 68
split_gain=1.19986 1.65907 1.80756 1.70456 1.86656 1.51734 1.31484
threshold=-0.79590634691715823 -0.021429223085953835 0.03304934422280615 1.0000000180025095e-35 74.500000000000014 -1.0000000180025095e-35 0.52575031143492656
decision_type=2 2 2 2 2 2 2
left_child=5 -2 3 -3 -5 -1 -4
right_child=1 2 6 4 -6 -7 -8
leaf_value=-0.00041320649232506456 -0.01593772877308855 0.014768955613408291 0 0.0020822365564333537 -0.01684860248946644 0.020031537889542754 -0.02100775708893925
leaf_weight=10.983948802575469 15.267472838517277 19.962696047499776 15.749963491223754 111.84639737848192 11.684152532834558 12.695820170454681 12.994368009269236
leaf_count=402 269 160 254 1233 196 500 242
internal_value=0 -0.0016078 0 0.00225857 0 0.00969398 -0.0109001
internal_weight=211.185 187.505 172.238 143.493 123.531 23.6798 28.7443
internal_count=3256 2354 2085 1589 1429 902 496
is_linear=0
shrinkage=0.05


Tree=363
num_leaves=10
num_cat=0
split_feature=25 375 113 373 125 19 125 268 165
split_gain=1.11478 1.45616 1.82516 3.71444 3.86545 2.19834 1.86482 1.30065 2.21795
threshold=0.057680863051897339 0.069530452859879813 3.5000000000000004 -0.021988981625082445 -0.077149671768072983 0.39845725959981859 -0.12025761002360931 -0.39555212025236536 -0.0040318092417419953
decision_type=2 2 2 2 2 2 2 2 2
left_child=1 2 6 5 -5 -4 -1 8 -2
right_child=7 -3 3 4 -6 -7 -8 -9 -10
leaf_value=-0.0025568168602042598 0 0.015684817910744921 0.015030994843311669 0.0063289564375214203 -0.017791992574186854 -0.0046755679411525936 0.019100084992934592 0.0025598028758661039 -0.022326042745398275
leaf_weight=10.188335040118547 14.551627413369713 14.427720031468196 31.094743136316538 18.987736293580383 48.163828392280266 17.141552371205762 19.926944511011243 16.646698616677895 18.682443660218269
leaf_count=95 154 357 577 285 746 233 236 275 298
internal_value=0 0.00199284 9.05108e-06 -0.00255805 -0.0102798 0.00718836 0.0106956 -0.00636132 -0.0120517
internal_weight=209.812 159.931 145.503 115.388 67.1516 48.2363 30.1153 49.8808 33.2341
internal_count=3256 2529 2172 1841 1031 810 331 727 452
is_linear=0
shrinkage=0.05


Tree=364
num_leaves=1
num_cat=0
split_feature=
split_gain=
threshold=
decision_type=
left_child=
right_child=
leaf_value=0
leaf_weight=
leaf_count=3256
internal_value=
internal_weight=
internal_count=
is_linear=0
shrinkage=1


Tree=365
num_leaves=14
num_cat=0
split_feature=270 0 231 394 110 216 365 21 87 110 162 370 223
split_gain=1.18209 1.87268 1.70495 1.95931 1.40015 1.25152 1.4542 1.37583 1.13295 0.862383 0.766402 0.63794 0.624862
threshold=-0.95768159118674523 -0.002467264279176764 67.500000000000014 -0.0043689578473486415 21.500000000000004 7.5003969263258758 0.14380866420397165 0.16741695793142161 0.025788809479015188 37.500000000000007 0.61606936586872674 0.49972118350904821 -2.6242169781949438
decision_type=2 2 2 2 2 2 2 2 2 2 2 2 2
left_child=2 -2 4 12 11 6 -3 -8 10 -6 -5 -1 -4
right_child=1 5 3 8 9 -7 7 -9 -10 -11 -12 -13 -14
leaf_value=-0.0063558572569683766 -0.017638072903118772 0.016228891654052956 0 0.016322008718704342 0.02441133015318895 -0.011643280903490106 0.0057646727279858263 -0.01099949254463628 -0.0045954788300959773 0.0021099591894000696 0 0.0081115615353584483 -0.019779298445798347
leaf_weight=13.19338215980679 18.107695199782029 12.806535821873693 10.441514982841911 15.563671779818835 14.953573636477815 16.051824232796207 23.81180053576827 18.217078261775896 16.226231284905225 13.897842167410998 12.649832955095915 11.296717200428246 12.521424677222965
leaf_count=139 376 145 111 247 285 250 312 418 179 191 247 225 131
internal_value=-1.16902e-05 -0.00452653 0.002941 -0.00174765 0.00953063 0 0.00307263 -0.000639941 0.00356568 0.016449 0.00985178 0 -0.0131801
internal_weight=209.739 88.9949 120.744 67.4027 53.3415 70.8872 54.8354 42.0289 44.4397 28.8514 28.2135 24.4901 22.9629
internal_count=3256 1501 1755 915 840 1125 875 730 673 476 494 364 242
is_linear=0
shrinkage=0.05


Tree=366
num_leaves=10
num_cat=0
split_feature=399 33 65 25 165 265 356 305 162
split_gain=1.1006 1.54324 1.52911 1.99221 1.38572 1.29833 1.1783 0.779422 0.411029
threshold=-0.29350499179089479 0.10371071114499393 -0.03797269817715581 0.058295936467248601 -0.00080987249489102562 0.055362614913176712 0.71875000000000011 0.091666666666666966 1.4606111980634386
decision_type=2 2 2 2 2 2 2 2 2
left_child=-1 2 5 4 -4 8 -7 -5 -2
right_child=1 -3 3 7 -6 6 -8 -9 -10
leaf_value=-0.011767289130052669 -0.0011361363186874458 0.016887887138000435 0.014466806086608662 -0.016527814498429157 0.00075654324037093684 -0.015906644591078347 0 0 0.0092265695186821532
leaf_weight=15.287063176976515 13.262335970764981 11.296618774766101 35.684277107706293 10.159900820814075 52.330196365481243 30.924743800191209 15.290551655925809 13.778058191062881 10.014506662264465
leaf_count=224 236 177 530 187 879 493 212 173 145
internal_value=0 0.00105851 0 0.0034006 0.00715818 -0.00586482 -0.0107031 -0.00781761 0.00196382
internal_weight=208.028 192.741 181.445 111.952 88.0145 69.4921 46.2153 23.938 23.2768
internal_count=3256 3032 2855 1769 1409 1086 705 360 381
is_linear=0
shrinkage=0.05


Tree=367
num_leaves=1
num_cat=0
split_feature=
split_gain=
threshold=
decision_type=
left_child=
right_child=
leaf_value=0
leaf_weight=
leaf_count=3256
internal_value=
internal_weight=
internal_count=
is_linear=0
shrinkage=1


Tree=368
num_leaves=10
num_cat=0
split_feature=301 66 373 124 401 67 378 120 19
split_gain=1.16712 1.42056 2.00409 1.9317 1.41977 1.33745 1.48569 1.47007 0.84404
threshold=-0.42923968025049158 0.78434951663844521 0.077788105288976742 -15.499999999999998 -1.0000000180025095e-35 0.015450285118429054 1.0000000180025095e-35 -0.020509436415766576 0.36633655381346802
decision_type=2 2 2 2 2 2 2 2 2
left_child=4 2 5 -3 -1 6 -2 -7 -4
right_child=1 3 8 -5 -6 7 -8 -9 -10
leaf_value=-9.1294957011936383e-05 0.011250666828259941 0 -0.021238241598597673 -0.024127729722803706 0.019668924911874625 0.0085972210132598103 -0.0010280639711794527 -0.0083420109594839146 0
leaf_weight=10.880574961192906 54.997653470840305 11.627256408799441 10.911323370411994 12.265283081680534 12.409136860165745 13.116812048014252 30.214317918987945 40.266993166180328 11.266994032543151
leaf_count=402 673 139 215 200 500 153 400 434 140
internal_value=-3.00653e-05 -0.00164204 0 -0.0122831 0.00957842 0.00244352 0.00644318 -0.00305715 -0.0128612
internal_weight=207.956 184.667 160.774 23.8925 23.2897 138.596 85.212 53.3838 22.1783
internal_count=3256 2354 2015 339 902 1660 1073 587 355
is_linear=0
shrinkage=0.05


Tree=369
num_leaves=13
num_cat=0
split_feature=266 165 74 349 165 407 34 383 309 19 393 162
split_gain=1.09027 1.61308 1.84488 1.42187 1.46383 2.26385 1.23646 1.17607 0.990289 0.784564 0.840568 0.585865
threshold=0.23430581308204701 0.00048235139771474401 -0.27269328145223248 -3.4999999999999996 -0.0034254089457675992 0.24761465936330959 0.012123598026267429 5.5000000000000009 0.27500000000000135 0.44544937194660933 -0.074827972733058273 1.2166019327817914
decision_type=2 2 2 2 2 2 2 2 2 2 2 2
left_child=1 3 -3 4 5 -1 -5 -8 -6 10 -4 -2
right_child=11 2 9 6 8 -7 7 -9 -10 -11 -12 -13
leaf_value=-0.0058708889854963741 0.016648719486579023 0.0041551235638042491 -0.013700364291262604 -0.00054667063593059494 -0.015695631055688494 0.019375570935695932 0.019343999768103859 0 0 -0.020352097097765736 0.00067017793485864112 0
leaf_weight=13.883688696194442 10.784405427053573 16.537211064249277 10.874349653022366 16.327175607439131 20.296271261759102 12.682964549865572 22.508815417531878 11.280054262839256 19.636034084949642 20.534073800314218 17.355228591011837 14.157551489770411
leaf_count=151 458 221 198 188 384 148 259 174 193 261 190 431
internal_value=0 -0.00141371 -0.00767531 0.00177915 -0.00243977 0.00523374 0.00814019 0.0133992 -0.0087185 -0.0126616 -0.00404879 0.00918265
internal_weight=206.858 181.916 65.3009 116.615 66.499 26.5667 50.116 33.7889 39.9323 48.7637 28.2296 24.942
internal_count=3256 2367 870 1497 876 299 621 433 577 649 388 889
is_linear=0
shrinkage=0.05


Tree=370
num_leaves=1
num_cat=0
split_feature=
split_gain=
threshold=
decision_type=
left_child=
right_child=
leaf_value=0
leaf_weight=
leaf_count=3256
internal_value=
internal_weight=
internal_count=
is_linear=0
shrinkage=1


Tree=371
num_leaves=14
num_cat=0
split_feature=290 36 86 11 141 105 64 231 394 167 66 393 165
split_gain=1.15269 1.60412 2.21704 1.50811 2.04945 1.91078 1.56566 1.45142 2.08355 1.32247 0.975314 0.764995 0.320722
threshold=0.29095401642464241 0.070143297132289298 -5943096.3666109955 -0.00031524850454583969 1.0000000180025095e-35 1.0000000180025095e-35 0.43041087024386765 67.500000000000014 -0.0033123529150995696 -0.23370904364797554 0.53616593687182246 -0.070820528360851162 0.00061492317372332801
decision_type=2 2 2 2 2 2 2 2 2 2 2 2 2
left_child=7 3 -3 4 12 6 -5 11 -9 -7 -10 -1 -2
right_child=1 2 -4 5 -6 9 -8 8 10 -11 -12 -13 -14
leaf_value=0.021777795734160044 0.0022859170889291676 0.0027831714892293147 -0.019805089870512074 0 -0.0048198234668281855 -0.004067321812231418 -0.019432778034782314 -0.014529559003284055 0.015422187288623341 0.013746997204574002 -0.00046544589597856645 0.0022626783202512268 0.022888182108997481
leaf_weight=11.948162884684281 10.060824817046525 11.304379542823879 24.139617417473346 14.250776709988711 11.789034492103381 15.385093340184541 21.634448854252696 15.294323679059742 12.968905408866705 15.511427870951591 10.517190417740492 19.373217122862116 12.606865819543598
leaf_count=326 147 125 542 172 165 203 326 156 302 156 211 317 108
internal_value=-4.58617e-05 -0.00293493 -0.0116453 0 0.00843075 -0.00398464 -0.0117719 0.00479245 -0.000618101 0.00382631 0.00717297 0.0124168 0.017028
internal_weight=206.784 136.682 35.444 101.238 34.4567 66.7817 35.8852 70.1018 38.7804 30.8965 23.4861 31.3214 22.6677
internal_count=3256 1944 667 1277 420 857 498 1312 669 359 513 643 255
is_linear=0
shrinkage=0.05


Tree=372
num_leaves=9
num_cat=0
split_feature=266 167 224 56 231 381 52 297
split_gain=1.03819 1.53722 1.87137 2.11253 2.02125 1.34636 1.06984 0.569451
threshold=0.23430581308204701 -0.13156712337783102 1.821855554453724 0.55681326389333641 67.500000000000014 34.134362940569815 -0.0012684489392306151 -0.41869754732938796
decision_type=2 2 2 2 2 2 2 2
left_child=1 2 3 4 -1 -4 -5 -2
right_child=7 -3 5 6 -6 -7 -8 -9
leaf_value=-0.005955141604812684 0 -0.014929935490911934 0.019042754484465949 0 0.0073144494474127481 0 -0.020740414240622437 0.015075956069523701
leaf_weight=52.245316902874038 11.587801286950709 15.874481296166776 16.970156634226445 10.075796964578332 55.197866512462497 12.725440100766717 17.315011563245207 13.081124396761878
leaf_count=726 78 251 178 147 679 146 240 811
internal_value=0 -0.00140902 0 -0.00241308 0.000422766 0.0108877 -0.0141259 0.00898026
internal_weight=205.073 180.404 164.53 134.834 107.443 29.6956 27.3908 24.6689
internal_count=3256 2367 2116 1792 1405 324 387 889
is_linear=0
shrinkage=0.05


Tree=373
num_leaves=1
num_cat=0
split_feature=
split_gain=
threshold=
decision_type=
left_child=
right_child=
leaf_value=0
leaf_weight=
leaf_count=3256
internal_value=
internal_weight=
internal_count=
is_linear=0
shrinkage=1


Tree=374
num_leaves=14
num_cat=0
split_feature=217 348 365 104 167 1 104 72 401 223 110 28 104
split_gain=1.16084 1.64534 1.68489 2.45777 1.39751 1.29749 2.01589 1.2833 3.18877 1.18199 0.995677 0.921295 0.442357
threshold=7.6081917345781624 -0.026657104718480838 0.13940959685046703 0.060134930725050967 -0.66059010868706591 0.0050806021327567405 0.0029271852190917982 0.010605036364090882 1.0000000180025095e-35 -2.552491291417267 48.500000000000007 0.056743366947320878 -0.061886501417526087
decision_type=2 2 2 2 2 2 2 2 2 2 2 2 2
left_child=4 7 -3 12 9 10 -7 8 -2 -1 -6 -10 -4
right_child=1 2 3 -5 5 6 -8 -9 11 -11 -12 -13 -14
leaf_value=0.0045330012834747871 -0.0075679323928694352 0.0037593093742891125 -0.0062653401025796517 0 0.021424580285418535 -0.010251005490159995 0.014402410488915086 -0.0085709847648018488 0.0023935218559805612 -0.013754790470661499 0 0.025653591456425796 -0.027949484503642527
leaf_weight=11.105405984446408 17.253772771684453 13.152500068768857 13.373245632275941 19.500443118391559 19.412387104006488 15.882665471173825 11.730222459882496 14.439191378420217 13.859541652258487 13.565614021848885 10.452489629387854 14.004611088428645 17.267118195537478
leaf_count=144 307 168 268 374 337 219 171 269 207 216 172 156 248
internal_value=-2.24342e-05 -0.00330223 -0.0088911 -0.0131752 0.00423871 0.0086782 0 0.00197952 0.00671899 -0.00411682 0.0154041 0.0170613 -0.0213743
internal_weight=204.999 122.85 63.2933 50.1408 82.1488 57.4778 27.6129 59.5571 45.1179 24.671 29.8649 27.8642 30.6404
internal_count=3256 1997 1058 890 1259 899 390 939 670 360 509 363 516
is_linear=0
shrinkage=0.05


Tree=375
num_leaves=10
num_cat=0
split_feature=106 290 0 62 209 167 224 126 187
split_gain=1.01841 1.20653 1.45201 1.66444 1.87788 1.25315 1.61014 0.827494 0.683591
threshold=1.0000000180025095e-35 0.076866644347731425 -0.0010112627007915354 0.54188359338001468 3.6389964157706047 -0.64365028373112632 1.6948007894412118 -0.0078202284586844622 1.0000000180025095e-35
decision_type=2 2 2 2 2 2 2 2 2
left_child=1 -1 3 4 -3 8 -7 -5 -4
right_child=-2 2 5 7 -6 6 -8 -9 -10
leaf_value=-0.015140080077279287 0.01190810079206262 0.0056568961709044553 -0.00087317041910607129 0 -0.014030609834184133 -0.014388506370199134 0 0.016112127349036328 0.012372447786341364
leaf_weight=11.141340446891261 13.366737155243753 26.456668744795024 12.295422337250786 13.097197558265178 16.402163130231202 37.416361497715116 34.045690233586356 28.229703905060887 11.19813697831705
leaf_count=492 222 383 184 144 163 539 504 419 206
internal_value=0 -0.00107936 0 0.00472298 -0.00121222 -0.00414777 -0.0076362 0.0116716 0.00423915
internal_weight=203.649 190.283 179.141 84.1857 42.8588 94.9556 71.4621 41.3269 23.4936
internal_count=3256 3034 2542 1109 546 1433 1043 563 390
is_linear=0
shrinkage=0.05


Tree=376
num_leaves=1
num_cat=0
split_feature=
split_gain=
threshold=
decision_type=
left_child=
right_child=
leaf_value=0
leaf_weight=
leaf_count=3256
internal_value=
internal_weight=
internal_count=
is_linear=0
shrinkage=1


Tree=377
num_leaves=12
num_cat=0
split_feature=137 220 167 78 244 65 381 268 110 46 5
split_gain=1.1647 1.61278 2.7341 2.22527 1.38 1.34723 1.59574 1.55341 1.45784 0.771803 0.473187
threshold=-0.1286574657111054 6.470631665299444 -0.23370904364797554 0.76956737689710597 0.86363636363636365 -0.088720743088001416 13.911093248238297 -0.660845622204976 26.500000000000004 0.40655564050081899 0.0041109206795344475
decision_type=2 2 2 2 2 2 2 2 2 2 2
left_child=4 5 3 -3 -1 8 9 -8 -2 -7 -4
right_child=1 2 10 -5 -6 6 7 -9 -10 -11 -12
leaf_value=0.016335679023509131 0 0 -0.00074187452949144863 -0.025125671491448721 -0.00088543025871886641 0.016858013279062958 0.0083433788225531647 -0.0095592954350650974 0.022260736882858453 0 0.0099377721010271008
leaf_weight=18.373511689249426 14.353708068607377 15.566281283739952 10.360592419514434 23.211363989859819 14.186518156901 10.726693992037328 10.050741557963191 53.20944634382613 11.272701880196108 10.078132299240677 12.186731972964479
leaf_count=290 228 335 177 340 192 123 293 773 147 166 192
internal_value=-4.85593e-06 -0.00192474 -0.00833894 -0.0162147 0.00798462 0.00134407 -0.00128408 -0.00571135 0.0109432 0.00910056 0.00356242
internal_weight=203.576 171.016 61.325 38.7776 32.56 109.691 84.065 63.2602 25.6264 20.8048 22.5473
internal_count=3256 2774 1044 675 482 1730 1355 1066 375 289 369
is_linear=0
shrinkage=0.05


Tree=378
num_leaves=14
num_cat=0
split_feature=25 74 394 74 124 264 110 258 162 412 377 110 244
split_gain=0.99885 2.44718 2.26 2.31739 1.77134 1.78615 1.3789 1.58217 1.32593 1.5924 1.11943 0.583361 0.193473
threshold=0.057680863051897339 -0.040962778692280592 -0.010460215560433859 -0.2438934922226926 1.5000000000000002 35.500000000000007 59.500000000000007 0.98529411764705899 1.0542446783210926 -0.69999999999999996 -1.0000000180025095e-35 44.500000000000007 0.82727272727272738
decision_type=2 2 2 2 2 2 2 2 2 2 2 2 2
left_child=1 2 3 12 5 -4 7 10 -2 -10 -3 -9 -1
right_child=8 6 4 -5 -6 -7 -8 11 9 -11 -12 -13 -14
leaf_value=0.0028870404294570888 0.0029155795304349899 -0.0063739880862327975 0 -0.0086920402293748002 0.0036287825004723351 -0.020061143452237029 -0.003074672200616046 0.0045903616697367247 0 -0.019993712936893428 0.010411287205378239 0.029465786490107365 0.02184147062822063
leaf_weight=10.903006001375617 16.22066354076378 11.791899129282685 11.601914879865943 10.714863028842954 12.5757341790013 31.559164522215724 11.277283228002487 10.905996146611871 12.007091014180334 19.694539412390441 19.413996846880764 13.090942532755433 10.54420580412261
leaf_count=155 243 216 227 160 281 507 165 160 194 290 279 169 210
internal_value=0 0.00188204 -0.0031568 0.00616442 -0.00942685 -0.0143026 0.00911258 0.0124915 -0.00617178 -0.0121124 0.00260409 0.021779 0.0157876
internal_weight=202.301 154.379 87.8989 32.1621 55.7368 43.1611 66.4801 55.2028 47.9223 31.7016 31.2059 23.9969 21.4472
internal_count=3256 2529 1540 525 1015 734 989 824 727 484 495 329 365
is_linear=0
shrinkage=0.05


Tree=379
num_leaves=1
num_cat=0
split_feature=
split_gain=
threshold=
decision_type=
left_child=
right_child=
leaf_value=0
leaf_weight=
leaf_count=3256
internal_value=
internal_weight=
internal_count=
is_linear=0
shrinkage=1


Tree=380
num_leaves=14
num_cat=0
split_feature=217 348 365 104 264 119 72 217 110 209 262 406 104
split_gain=1.09614 1.56538 1.61157 2.33511 1.37079 2.43868 3.06409 1.32914 1.71982 0.948279 0.857774 0.505783 0.40568
threshold=7.6081917345781624 -0.026657104718480838 0.13940959685046703 0.060134930725050967 32.000000000000007 1.0000000180025095e-35 0.0099215794182766093 5.9307831756251632 47.500000000000007 3.1543070154928841 0.17415730337078653 -0.0018402659953115628 -0.061886501417526087
decision_type=2 2 2 2 2 2 2 2 2 2 2 2 2
left_child=7 4 -3 12 -2 6 -6 8 11 -9 -11 -1 -4
right_child=1 2 3 -5 5 -7 -8 9 -10 10 -12 -13 -14
leaf_value=0 -0.0099479514189632148 0.0036649342820321618 -0.0060680038672518283 0 0.024481537800450565 -0.0072689983832016072 -0.0038526242981722202 0 -0.014887274636863498 0 0.01916569443143815 0.011201757753137101 -0.027408929183799613
leaf_weight=10.234824447426945 12.41822810936719 13.02886115061119 13.218863291433079 19.262644397094846 21.645779781742025 14.651510869618503 10.020352815743534 11.550710774958132 13.887316480977459 10.83782373415306 22.000918940640986 12.481860701460391 16.988247778499503
leaf_count=134 181 168 268 374 311 243 204 228 183 169 345 200 248
internal_value=0 -0.00320166 -0.00869137 -0.0129221 0.00196831 0.00658781 0.0145157 0.00417898 -0.00175088 0.00992519 0.0140145 0.00513536 -0.0209676
internal_weight=202.228 121.234 62.4986 49.4698 58.7359 46.3176 31.6661 80.9935 36.604 44.3895 32.8387 22.7167 30.2071
internal_count=3256 1997 1058 890 939 758 515 1259 517 742 514 334 516
is_linear=0
shrinkage=0.05


Tree=381
num_leaves=11
num_cat=0
split_feature=266 32 126 209 381 260 11 5 390 297
split_gain=1.01127 1.4528 1.28917 2.22194 2.0194 1.89771 1.73322 1.56559 1.19857 0.521614
threshold=0.23430581308204701 0.82851573375390763 -0.0062975917458328859 3.4781437631585752 13.520711923064527 0.35454545454545461 -2.6737297030010595e-05 -0.0031010088568647616 -0.017054567193314826 -0.41869754732938796
decision_type=2 2 2 2 2 2 2 2 2 2
left_child=1 2 3 8 6 -6 -4 -5 -1 -2
right_child=9 -3 4 7 5 -7 -8 -9 -10 -11
leaf_value=-0.00055160519054176828 0 -0.01432859951618967 -0.018580466921081781 -0.0091052889984053684 -0.0047727865099690785 0.013077144443679134 0.0019430113781849093 0.010613310763402602 -0.025217254105491776 0.014857500974443896
leaf_weight=13.747419534251096 11.407257134094836 16.383075378835201 12.347232211614029 12.389050249010323 13.59316448215395 53.862386921653524 19.526408135192469 21.643435994628817 13.152638101018963 12.786023700609801
leaf_count=204 78 250 196 118 161 732 234 230 242 811
internal_value=0 -0.00139084 0 -0.00539845 0.00364522 0.00872042 -0.00548809 0.00192876 -0.0156041 0.00895494
internal_weight=200.838 176.645 160.262 60.9325 99.3292 67.4556 31.8736 34.0325 26.9001 24.1933
internal_count=3256 2367 2117 794 1323 893 430 348 446 889
is_linear=0
shrinkage=0.05


Tree=382
num_leaves=1
num_cat=0
split_feature=
split_gain=
threshold=
decision_type=
left_child=
right_child=
leaf_value=0
leaf_weight=
leaf_count=3256
internal_value=
internal_weight=
internal_count=
is_linear=0
shrinkage=1


Tree=383
num_leaves=15
num_cat=0
split_feature=266 0 258 394 110 191 399 86 66 29 219 355 110 370
split_gain=1.12932 1.65533 1.4177 1.62034 1.13685 1.00663 1.08681 1.30608 0.961049 0.860137 0.841471 0.611965 0.566931 0.542035
threshold=0.042318408813254604 -0.002467264279176764 1.0147058823529413 -0.0033123529150995696 21.500000000000004 0.74979328163534942 -0.060395407339102834 -5416605.603099999 0.56707023077687591 0.0023045693345631339 6.5431930912412462 -0.0057945678262763317 37.500000000000007 0.49972118350904821
decision_type=2 2 2 2 2 2 2 2 2 2 2 2 2 2
left_child=2 -2 4 10 13 11 7 -7 9 -5 -4 -3 -6 -1
right_child=1 5 3 8 12 6 -8 -9 -10 -11 -12 -13 -14 -15
leaf_value=-0.0058637492323490338 -0.017156107127327524 0 -0.019530607035124974 0.017954886467299192 0.022080850339514402 0 0.0030343125950099397 -0.021943613099777937 -0.0029810596384421875 0 0 0.011237121865581234 0.0024297077248535545 0.007691094501529507
leaf_weight=12.746252337936314 17.273472208995372 10.362728019244971 12.048218660987915 12.29772667726502 14.533719329629095 14.511961120646445 13.069360774010418 11.99115007184446 17.696898583788425 10.578088685870169 10.642339852638541 18.084484398365021 14.173064532224087 10.755461772438137
leaf_count=139 376 195 124 242 288 219 161 340 246 169 123 210 198 226
internal_value=-4.21567e-05 -0.00455143 0.00289749 -0.00149521 0.00891796 -5.69762e-05 -0.00570232 -0.0115758 0.00359332 0.0103676 -0.0118973 0.00600103 0.0151035 0
internal_weight=200.765 85.2932 115.472 63.2633 52.2085 68.0197 39.5725 26.5031 40.5727 22.8758 22.6906 28.4472 28.7068 23.5017
internal_count=3256 1501 1755 904 851 1125 720 559 657 411 247 405 486 365
is_linear=0
shrinkage=0.05


Tree=384
num_leaves=11
num_cat=0
split_feature=266 165 137 266 72 265 262 75 373 162
split_gain=0.965971 1.46823 1.47296 1.85444 1.86923 1.2295 1.02751 0.940931 0.566552 0.507818
threshold=0.23430581308204701 0.00048235139771474401 -0.1286574657111054 -0.1508724010401459 0.0069871570657513496 0.098180845371856618 0.30898876404494385 0.43308457702603814 -0.08301258894441331 1.2166019327817914
decision_type=2 2 2 2 2 2 2 2 2 2
left_child=1 2 -1 6 -5 7 -4 -3 -7 -2
right_child=9 5 3 4 -6 8 -8 -9 -10 -11
leaf_value=-0.010244956401704178 0.015853740678647168 -0.0084344153991565002 0.0039755385249342192 -0.00045776832807531008 0.016084255394500164 0 -0.010452251915471056 0.0070007754298861968 -0.019329533710150532 0
leaf_weight=16.357063221279532 10.272993909660729 16.331275409786031 16.570131321903318 19.074542413465679 39.124884722754359 10.710103713907303 21.195506913587451 16.93665652256459 18.900384390726686 13.692954446189104
leaf_count=208 458 223 266 152 496 152 375 227 268 431
internal_value=0 -0.0013983 0.00168254 0.00446973 0.010089 -0.0074867 -0.00306866 0 -0.0144044 0.00875408
internal_weight=199.166 175.201 112.322 95.9651 58.1994 62.8784 37.7656 33.2679 29.6105 23.9659
internal_count=3256 2367 1497 1289 648 870 641 450 420 889
is_linear=0
shrinkage=0.05


Tree=385
num_leaves=1
num_cat=0
split_feature=
split_gain=
threshold=
decision_type=
left_child=
right_child=
leaf_value=0
leaf_weight=
leaf_count=3256
internal_value=
internal_weight=
internal_count=
is_linear=0
shrinkage=1


Tree=386
num_leaves=8
num_cat=0
split_feature=297 72 373 394 216 62 29
split_gain=1.08821 1.42392 1.22184 1.71059 2.69963 1.25388 0.397643
threshold=-0.74088374735870099 0.0076248077724025325 0.077788105288976742 0.012034137512381917 7.5003969263258758 0.52608432024276819 0.019519441744551228
decision_type=2 2 2 2 2 2 2
left_child=1 -1 3 4 5 -2 -4
right_child=2 -3 6 -5 -6 -7 -8
leaf_value=-0.0010357163235675448 0.0062303683046053765 0.017380167774397545 -0.018421139838421717 0.014100770129509017 -0.018770000562057274 -0.003811458175003557 0
leaf_weight=12.852132795378568 54.071322841569781 15.859631100902332 10.600335989845918 15.591657713986931 17.724579610396177 62.171136580174789 10.223477084189652
leaf_count=304 703 689 214 136 271 797 142
internal_value=-9.95203e-06 0.0082419 -0.00180743 0 -0.00205759 0.000479513 -0.0123285
internal_weight=199.094 28.7118 170.383 149.559 133.967 116.242 20.8238
internal_count=3256 993 2263 1907 1771 1500 356
is_linear=0
shrinkage=0.05


Tree=387
num_leaves=12
num_cat=0
split_feature=107 167 15 372 224 9 372 272 354 130 4
split_gain=0.932422 1.11696 2.88385 2.95521 1.50817 1.36583 1.20043 1.18507 1.12004 0.855634 0.178353
threshold=1.0000000180025095e-35 -0.63697376447537557 -0.00066466013792004536 -0.0051521681881048212 -2.1210105893821183 1.0000000180025095e-35 -1.0000000180025095e-35 -1.4290220538299332 0.2226361698808966 -2.4999999999999996 -0.0099004530087659585
decision_type=2 2 2 2 2 2 2 2 2 2 2
left_child=1 4 6 5 8 -4 -3 -5 9 -1 -6
right_child=-2 2 3 7 10 -7 -8 -9 -10 -11 -12
leaf_value=-0.014060594247118134 -0.011286344178971281 0 0.0037866239904192156 0.0011461408050376287 0.0019859059665021496 -0.012082515999437875 -0.02433506167347663 0.020036013965535563 0.011569889531588412 0 0.019863414887472425
leaf_weight=11.591488956939424 13.974536963505669 13.099245175486432 14.827760326443238 23.576675014104694 10.092142661102118 29.866735029732808 14.043033894384278 19.791536492761225 12.347517398884518 20.580026975832883 14.160909001249818
leaf_count=149 223 242 284 317 159 474 190 391 277 310 240
internal_value=0 0.000950184 -0.00173289 0.00227872 0.00602601 -0.00586243 -0.0153387 0.0115836 0 -0.00460441 0.0152964
internal_weight=197.952 183.977 115.205 88.0627 68.7721 44.6945 27.1423 43.3682 44.519 32.1715 24.2531
internal_count=3256 3033 1898 1466 1135 758 432 708 736 459 399
is_linear=0
shrinkage=0.05


Tree=388
num_leaves=1
num_cat=0
split_feature=
split_gain=
threshold=
decision_type=
left_child=
right_child=
leaf_value=0
leaf_weight=
leaf_count=3256
internal_value=
internal_weight=
internal_count=
is_linear=0
shrinkage=1


Tree=389
num_leaves=14
num_cat=0
split_feature=217 126 20 86 86 110 78 191 110 222 209 383 191
split_gain=1.0844 1.44477 2.57729 1.59768 1.7605 1.39707 1.37263 1.17563 1.57258 1.13894 0.91248 0.486661 0.424881
threshold=7.6081917345781624 -0.0062975917458328859 0.15708129784447977 -827534.81849850004 -6022932.045188495 27.500000000000004 0.656379399413757 0.59307831756251639 47.500000000000007 0.4820792585024079 3.1543070154928841 1.5000000000000002 0.51760511717580937
decision_type=2 2 2 2 2 2 2 2 2 2 2 2 2
left_child=7 2 -2 4 -3 -6 -4 8 12 -5 -9 -12 -1
right_child=1 3 6 9 5 -7 -8 10 -10 -11 11 -13 -14
leaf_value=0.011382521141412005 0.018225068733201736 0.001049805967488591 0.0064360095748135131 -0.0078460636061097565 -0.025939450663466337 -0.0020317435741401125 -0.012640337106464792 0 -0.014253113796315268 0.010529497957251889 0 0.017736588614309639 0
leaf_weight=10.356804206036033 15.601885704789309 10.288502171169965 10.066350905224683 12.016022691037508 21.17841376340948 15.591753281652926 19.331582635175437 11.334881851682438 13.429286777973173 14.418702366761861 10.426636152435092 21.769017826532945 12.069579054601489
leaf_count=148 228 154 183 139 472 334 254 228 183 233 165 349 186
internal_value=-6.85957e-06 -0.00324765 0.00293412 -0.00765301 -0.0130047 -0.017977 -0.00457386 0.00416562 -0.00138488 0.000529766 0.0096066 0.0136683 0.00512688
internal_weight=197.879 118.493 44.9998 73.4934 47.0587 36.7702 29.3979 79.3862 35.8557 26.4347 43.5305 32.1957 22.4264
internal_count=3256 1997 665 1332 960 806 437 1259 517 372 742 514 334
is_linear=0
shrinkage=0.05


Tree=390
num_leaves=9
num_cat=0
split_feature=399 397 165 288 86 28 19 113
split_gain=0.986503 1.32289 1.32154 1.69104 1.69666 1.50906 0.840447 0.709289
threshold=-0.29350499179089479 -0.01188987871940385 -0.0034821870001103946 -0.89930581137388699 -4270583.3793319939 0.049996369747987747 0.3849772363152078 20.500000000000004
decision_type=2 2 2 2 2 2 2 2
left_child=-1 6 7 5 -5 -4 -2 -3
right_child=1 2 3 4 -6 -7 -8 -9
leaf_value=-0.011400236998583469 0.020091458618980304 0 0 0.011658925321187922 -0.005793281610839288 -0.013604908439942659 0 0.016717530240441963
leaf_weight=14.534700823947786 10.818185773678126 10.318323877872901 50.924680897733197 30.277286333031952 17.272278280928731 39.786311999429017 10.370859405957161 12.076390769565476
leaf_count=224 258 147 683 634 240 699 196 175
internal_value=0 0.00100676 -0.000329397 -0.00249783 0.00436274 -0.00665215 0.011989 0.00980272
internal_weight=196.379 181.844 160.655 138.261 47.5496 90.711 21.189 22.3947
internal_count=3256 3032 2578 2256 874 1382 454 322
is_linear=0
shrinkage=0.05


Tree=391
num_leaves=1
num_cat=0
split_feature=
split_gain=
threshold=
decision_type=
left_child=
right_child=
leaf_value=0
leaf_weight=
leaf_count=3256
internal_value=
internal_weight=
internal_count=
is_linear=0
shrinkage=1


Tree=392
num_leaves=13
num_cat=0
split_feature=265 266 64 28 167 16 92 365 113 15 126 268
split_gain=1.0216 1.4592 1.38989 1.25996 1.84088 1.87906 1.41879 1.30811 0.970368 0.638259 0.502566 0.432945
threshold=0.14656311962987445 0.16374976237032249 0.4347771166749746 0.048757470326111364 -0.63697376447537557 0.00070821498285386316 0.47058823521337129 0.2201013093556041 33.500000000000007 0.0012187213923100782 -1.0000000180025095e-35 -0.60840240006906587
decision_type=2 2 2 2 2 2 2 2 2 2 2 2
left_child=1 3 -2 4 -1 -6 7 -5 10 -3 -4 -8
right_child=2 9 8 6 5 -7 11 -9 -10 -11 -12 -13
leaf_value=-0.017716064478962606 0.015867370925746731 0 0.012881694306249926 0.018336726476144736 0.014224945759409647 -0.0078464282805645654 0.0027190586699249227 0 -0.008269765763097325 -0.018713318489175939 0 -0.0071237764071011532
leaf_weight=17.209838810376823 17.295070726424456 11.548525069374593 10.755832788534462 21.110307922121137 13.302368178497998 19.727256782352924 11.808589142980056 12.306444726418702 17.467033941298723 14.59802198782563 10.657638883218169 18.520282336510718
leaf_count=190 238 439 145 301 217 241 244 203 329 367 154 188
internal_value=-8.13547e-06 -0.00253386 0.00525645 0 -0.00571881 9.91549e-05 0.0045941 0.0115243 0 -0.0125176 0.00648338 -0.00189146
internal_weight=196.307 140.132 56.1756 113.985 50.2395 33.0296 63.7456 33.4168 38.8805 26.1465 21.4135 30.3289
internal_count=3256 2390 866 1584 648 458 936 504 628 806 299 432
is_linear=0
shrinkage=0.05


Tree=393
num_leaves=13
num_cat=0
split_feature=25 74 394 74 119 231 162 412 167 74 1 244
split_gain=0.94355 2.18297 2.02839 2.11613 1.28296 1.53883 1.22017 1.47768 1.11238 1.36513 1.36596 0.151083
threshold=0.057680863051897339 -0.040962778692280592 -0.010460215560433859 -0.2438934922226926 0.0012759393157856704 96.500000000000014 1.0542446783210926 -0.69999999999999996 -0.68661442517861315 0.21349797489082548 0.0023164632645859 0.82727272727272738
decision_type=2 2 2 2 2 2 2 2 2 2 2 2
left_child=1 2 3 11 5 -4 -2 -8 -3 10 -10 -1
right_child=6 8 4 -5 -6 -7 7 -9 9 -11 -12 -13
leaf_value=0.0027037107055564121 0.0026931016390308125 0.018928260472340561 -0.020401189028609698 -0.0082268134114928792 0.00086749536856638968 0 0 -0.019526321295351812 -0.00022480560742072902 -0.0075484554951865237 0.016958663106722893 0.0211384580052035
leaf_weight=10.624536974122753 15.593953804112969 18.295336939394474 24.971956077963114 10.449975915951653 14.170589405111967 14.494340695673598 11.591751397121696 19.100244436180223 13.164224148495125 13.731932014692573 18.825574192451313 10.150467453058807
leaf_count=155 243 266 450 160 343 222 194 290 236 212 275 210
internal_value=0 0.00188962 -0.00291695 0.00596544 -0.00901278 -0.0135484 -0.00607105 -0.0118513 0.0088527 0.00287754 0.00904546 0.0153446
internal_weight=195.165 148.879 84.8619 31.225 53.6369 39.4663 46.2859 30.692 64.0171 45.7217 31.9898 20.775
internal_count=3256 2529 1540 525 1015 672 727 484 989 723 511 365
is_linear=0
shrinkage=0.05


Tree=394
num_leaves=1
num_cat=0
split_feature=
split_gain=
threshold=
decision_type=
left_child=
right_child=
leaf_value=0
leaf_weight=
leaf_count=3256
internal_value=
internal_weight=
internal_count=
is_linear=0
shrinkage=1


Tree=395
num_leaves=13
num_cat=0
split_feature=191 126 126 19 162 162 401 167 405 120 215 394
split_gain=1.02428 1.30371 1.86068 1.66586 1.79767 2.32901 1.21886 1.09968 1.3073 1.28268 1.26688 0.554648
threshold=0.80302248573439317 -0.0062975917458328859 -0.0099893570176262086 0.56401283737954233 1.3190119091389565 0.93253156723519537 1.0000000180025095e-35 -0.66059010868706591 0.00096511486641810153 -0.0047092560658369967 4.7510472947968294 -0.0063855702436445552
decision_type=2 2 2 2 2 2 2 2 2 2 2 2
left_child=7 2 6 4 5 -3 -2 10 11 -10 -1 -9
right_child=1 3 -4 -5 -6 -7 -8 8 9 -11 -12 -13
leaf_value=-0.013245247685614085 -0.011751544004034579 -0.012810094396084982 0.018830853965252099 0.0040107671422086556 -0.020650860142715121 0.014134575073071812 0.0059144007741844208 0.00026510522329193585 0.010376341511233622 -0.0076466119941787499 0.0054640503981403582 0.020851218643910971
leaf_weight=14.359848498366775 16.57536473730579 16.571909129386771 10.404434459749607 15.380816619377581 26.595067338319495 10.108132543973623 13.111142769921573 10.403940663905816 15.281338979955761 18.179546718019992 12.009789941599591 16.11220624204725
leaf_count=223 251 350 163 235 481 163 172 157 304 273 194 290
internal_value=-1.68201e-05 -0.00344724 0.0027306 -0.0077158 -0.0120231 -0.000520219 -0.0025929 0.00371459 0.00761878 0 -0.0033341 0.0153159
internal_weight=195.094 108.747 40.0909 68.6559 53.2751 26.68 29.6865 86.3467 59.977 33.4609 26.3696 26.5161
internal_count=3256 1815 586 1229 994 513 423 1441 1024 577 417 447
is_linear=0
shrinkage=0.05


Tree=396
num_leaves=10
num_cat=0
split_feature=106 266 0 62 142 167 224 120 187
split_gain=0.895858 1.0081 1.21429 1.38175 1.50281 1.07774 1.41376 1.00155 0.56201
threshold=1.0000000180025095e-35 -0.30579031920094751 -0.0010112627007915354 0.56427891078204084 1.0081004644663882 -0.64365028373112632 1.6948007894412118 -0.020509436415766576 1.0000000180025095e-35
decision_type=2 2 2 2 2 2 2 2 2
left_child=1 -1 3 4 -3 8 -7 -5 -4
right_child=-2 2 5 7 -6 6 -8 -9 -10
leaf_value=-0.014227322387433419 0.01136593253333067 0.0042325129469206468 -0.0004741470030619557 0 -0.014192528862322829 -0.013766512512075663 0 0.016444599853858537 0.011469726822203614
leaf_weight=10.476408737478776 12.729697259841485 29.592359678586945 11.725670796120541 12.86615706165321 12.909663518425075 35.455804146593437 32.545926150633022 24.795773575082421 10.593307143077253
leaf_count=490 222 428 184 202 145 540 504 335 206
internal_value=0 -0.00106234 0 0.00437238 -0.000831848 -0.00393611 -0.00727095 0.0111031 0.00390732
internal_weight=193.691 180.961 170.485 80.164 42.502 90.3207 68.0017 37.6619 22.319
internal_count=3256 3034 2544 1110 573 1434 1044 537 390
is_linear=0
shrinkage=0.05


Tree=397
num_leaves=1
num_cat=0
split_feature=
split_gain=
threshold=
decision_type=
left_child=
right_child=
leaf_value=0
leaf_weight=
leaf_count=3256
internal_value=
internal_weight=
internal_count=
is_linear=0
shrinkage=1


Tree=398
num_leaves=12
num_cat=0
split_feature=297 72 375 373 222 19 120 124 70 231 353
split_gain=1.01392 1.33312 1.14206 1.49092 2.12447 1.89836 1.63077 1.24272 1.08815 0.816941 0.438882
threshold=-0.74088374735870099 0.0076248077724025325 0.03304934422280615 -0.021988981625082445 0.47733922735886897 0.42853799956089295 -0.001182697217295192 -19.499999999999996 0.012515769606931062 19.500000000000004 0.047157571974641758
decision_type=2 2 2 2 2 2 2 2 2 2 2
left_child=1 -1 3 5 6 7 -5 -2 -7 -4 -6
right_child=2 -3 9 4 10 8 -8 -9 -10 -11 -12
leaf_value=-0.00086753560599932787 0 0.017051371716247377 0 0.0097741071226412572 0.0014501918846448636 0.011144011696609772 -0.0080745965027823885 -0.018054916173406012 -0.0049371433674441356 -0.017548327910090387 0.022438468003706191
leaf_weight=12.555734049528839 12.080166679807006 15.329924235818906 10.65477941837162 17.457344448659569 10.173188576009126 17.59259600983933 29.609744228888303 25.883429289329797 14.213038192130623 14.61355767212808 13.455551303457467
leaf_count=304 175 689 137 198 119 183 297 482 204 345 123
internal_value=0 0.00806378 -0.0017664 0 0.00508825 -0.00500009 -0.000266807 -0.0124099 0.0027151 -0.0109374 0.0164612
internal_weight=193.619 27.8857 165.733 140.465 70.6958 69.7692 47.0671 37.9636 31.8056 25.2683 23.6287
internal_count=3256 993 2263 1781 737 1044 495 657 387 482 242
is_linear=0
shrinkage=0.05


Tree=399
num_leaves=10
num_cat=0
split_feature=165 54 74 30 74 34 113 266 37
split_gain=0.91194 1.5317 1.72821 1.58701 1.60155 1.48384 1.32198 1.15134 0.355345
threshold=-0.0034254089457675992 -0.015462104775020856 0.25408321289179908 0.015746039080032123 -0.064602468684197112 0.011491728357597241 39.500000000000007 -0.031085124812977993 0.079777803188767801
decision_type=2 2 2 2 2 2 2 2 2
left_child=5 6 3 4 -3 -1 -2 -5 -4
right_child=1 2 8 7 -6 -7 -8 -9 -10
leaf_value=-0.0017897815236039205 -0.019252663508646326 -0.0068629829036914855 0 0 0.0080550554966128032 0.016421972553603878 0 0.01939450558978412 -0.017186537621780757
leaf_weight=14.52622079709545 17.3686409057118 42.425570142222568 11.405648505082356 19.03980218200013 25.912863125326112 17.32793446443975 15.414607786573468 18.835999350063503 10.085076204501091
leaf_count=190 230 845 188 333 425 286 297 345 117
internal_value=0 -0.00166136 0.000521245 0.00355385 -0.000404553 0.00724323 -0.0108918 0.0114246 -0.0110246
internal_weight=192.342 160.488 127.705 106.214 68.3384 31.8542 32.7832 37.8758 21.4907
internal_count=3256 2780 2253 1948 1270 476 527 678 305
is_linear=0
shrinkage=0.05


Tree=400
num_leaves=1
num_cat=0
split_feature=
split_gain=
threshold=
decision_type=
left_child=
right_child=
leaf_value=0
leaf_weight=
leaf_count=3256
internal_value=
internal_weight=
internal_count=
is_linear=0
shrinkage=1


Tree=401
num_leaves=13
num_cat=0
split_feature=217 27 11 105 7 213 191 110 19 191 303 393
split_gain=1.00036 1.27444 1.99815 1.78669 1.40611 1.24298 1.06224 1.4306 0.80302 0.372905 0.202646 0.320037
threshold=7.6081917345781624 0.89167423153134018 0.0012078140803193362 0.18092763781567842 -0.0019557663419563216 5.202078665670915 0.59307831756251639 47.500000000000007 0.22180110140200507 0.51760511717580937 0.037768688915309899 -0.030048497945560103
decision_type=2 2 2 2 2 2 2 2 2 2 2 2
left_child=6 2 3 4 -2 -4 7 9 -8 -1 11 -10
right_child=1 -3 5 -5 -6 -7 8 -9 10 -11 -12 -13
leaf_value=0.010918292588447783 0.0059997308796041308 -0.017740746043942213 0 -0.01787640211706466 -0.0082247872925659184 0.020517016319387085 0 -0.013695794093031583 0.02223500132009491 0 0.00042973522995144758 0.0020733004554002853
leaf_weight=10.035024742595853 33.40999851655215 10.664479000959544 12.603713813703509 17.432670281268656 29.590287793660536 11.49039667076431 10.197421310003845 13.049570404458789 11.524177429499103 11.688488967716692 10.159277285682036 10.423699283972384
leaf_count=148 562 158 214 298 582 183 180 183 231 186 204 127
internal_value=0 -0.00315206 -0.000745195 -0.00497238 0 0.010509 0.00407019 -0.00121357 0.00930969 0.00501431 0.0130011 0.0160646
internal_weight=192.269 115.192 104.527 80.433 63.0003 24.0941 77.0777 34.7731 42.3046 21.7235 32.1072 21.9479
internal_count=3256 1997 1839 1442 1144 397 1259 517 742 334 562 358
is_linear=0
shrinkage=0.05


Tree=402
num_leaves=10
num_cat=0
split_feature=399 70 265 72 64 397 112 64 37
split_gain=0.927296 1.1826 1.62562 1.61582 1.93013 1.50794 1.18742 0.917644 0.885139
threshold=-0.29350499179089479 0.013215945140243808 0.16046986721144027 0.0077306717824864373 0.34737152620912048 0.0084544439987140133 10.500000000000002 0.4347771166749746 0.066416986620128057
decision_type=2 2 2 2 2 2 2 2 2
left_child=-1 2 3 4 -2 -5 -3 -4 -9
right_child=1 6 7 5 -6 -7 -8 8 -10
leaf_value=-0.011168360135581453 0 0 -0.018099310154909062 -0.0081651383336374013 0.017540571332519485 0.0065324355001604361 0.019365124565623643 0.0071336049507568682 -0.01006545058536956
leaf_weight=14.301043431274591 23.057026026071981 11.458599033765497 14.808148348471148 43.278901615762152 26.354099984979257 22.17867394676432 13.138182185823096 10.472331156022848 12.087447206024079
leaf_count=224 417 191 199 741 383 504 247 185 165
internal_value=0 0.000943959 -0.000463483 0.00217294 0.00895834 -0.00238682 0.0105703 -0.00936563 -0.000225185
internal_weight=191.134 176.833 152.237 114.869 49.4111 65.4576 24.5968 37.3679 22.5598
internal_count=3256 3032 2594 2045 800 1245 438 549 350
is_linear=0
shrinkage=0.05


Tree=403
num_leaves=1
num_cat=0
split_feature=
split_gain=
threshold=
decision_type=
left_child=
right_child=
leaf_value=0
leaf_weight=
leaf_count=3256
internal_value=
internal_weight=
internal_count=
is_linear=0
shrinkage=1


Tree=404
num_leaves=11
num_cat=0
split_feature=268 19 68 260 71 165 393 103 225 14
split_gain=0.970561 1.17041 2.02092 1.98117 1.09134 1.12213 1.4726 1.51666 1.02919 0.0237797
threshold=-0.42902205382993336 0.47821999192709747 0.42497551054376165 0.3727272727272728 1.4156012167002296 -0.0040318092417419953 -0.067791951267462944 0.23703163647610728 2.5335467387098931 0.012559048954905984
decision_type=2 2 2 2 2 2 2 2 2 2
left_child=4 2 -2 -4 5 -1 8 -8 -7 -5
right_child=1 -3 3 9 -6 6 7 -9 -10 -11
leaf_value=-0.0099800763683959952 0.0053800036619185455 0.0039831126593414846 0 -0.025859836066350353 0.015450713969255795 0.014757002732320258 -0.0078020391532350021 0.010383472704213886 0 -0.0058315434373411986
leaf_weight=16.779446228407323 12.693714310415087 18.94473773939535 14.079612502362577 17.004993910901252 11.702571363653986 28.588801391422749 36.732281615491956 11.77886945940554 12.655328197870402 10.101239725947378
leaf_count=179 113 301 310 565 146 613 444 197 223 165
internal_value=0 -0.00464389 -0.0086064 -0.0141213 0.0025546 0.000297146 0.00301814 -0.00206823 0.00986538 -0.0213818
internal_weight=191.062 72.8243 53.8796 41.1858 118.237 106.535 89.7553 48.5112 41.2441 27.1062
internal_count=3256 1454 1153 1040 1802 1656 1477 641 836 730
is_linear=0
shrinkage=0.05


Tree=405
num_leaves=9
num_cat=0
split_feature=399 163 165 349 372 37 19 113
split_gain=0.881125 1.13626 1.16757 1.80989 1.36958 1.25521 0.736097 0.657
threshold=-0.29350499179089479 -0.01188987871940385 -0.0034821870001103946 -2.4999999999999996 -0.011249843027742899 0.022987405158781244 0.3849772363152078 20.500000000000004
decision_type=2 2 2 2 2 2 2 2
left_child=-1 6 7 5 -5 -4 -2 -3
right_child=1 2 3 4 -6 -7 -8 -9
leaf_value=-0.010925931652517026 0.019127291821470837 0 0.0015661785267497873 -0.005728552519479093 0.006696828826568451 -0.013930389527876947 0 0.016050983871480708
leaf_weight=14.237133861985056 10.145612731575968 10.049602453596892 10.346164307789875 30.501633550040424 53.678753694053739 39.325608427869156 10.051888273563234 11.661180902970953
leaf_count=224 258 147 187 475 901 693 196 175
internal_value=0 0.000900983 -0.000324053 -0.00241909 0.00157893 -0.00984796 0.0113134 0.00929452
internal_weight=189.998 175.76 155.563 133.852 84.1804 49.6718 20.1975 21.7108
internal_count=3256 3032 2578 2256 1376 880 454 322
is_linear=0
shrinkage=0.05


Tree=406
num_leaves=1
num_cat=0
split_feature=
split_gain=
threshold=
decision_type=
left_child=
right_child=
leaf_value=0
leaf_weight=
leaf_count=3256
internal_value=
internal_weight=
internal_count=
is_linear=0
shrinkage=1


Tree=407
num_leaves=14
num_cat=0
split_feature=268 19 36 258 117 373 110 81 65 25 29 373 21
split_gain=0.945257 1.10736 1.36545 1.45472 1.10469 1.42229 1.83979 1.08687 1.03182 0.631209 0.434084 0.336552 0.160533
threshold=-0.42902205382993336 0.47821999192709747 0.011327219886970453 0.42647058823529416 -0.45244216908950202 -0.021988981625082445 47.500000000000007 1.2731286092300649 -0.11170642086338832 0.057291146093143695 -0.050668760424970642 0.042406252904726556 0.12885016760483162
decision_type=2 2 2 2 2 2 2 2 2 2 2 2 2
left_child=4 2 -2 -4 8 7 11 9 -1 -6 -10 -7 -5
right_child=1 -3 3 12 5 6 -8 -9 10 -11 -12 -13 -14
leaf_value=0.005233033743914468 0.0023261041713465054 0.0037555023085444174 0 -0.0040972011319339282 -0.011695593712084002 0.025208276380214608 0 0.010540824462415749 0 0 -0.015856241840624116 0.0046606229543639166 -0.022521754132143062
leaf_weight=10.382196789607404 13.086625176947562 18.888665847131051 10.179808497778138 11.096851171460004 17.541942066047344 15.234227447072046 18.350833594799042 10.375858858460559 10.037374618463218 10.958597984630613 12.583761523477733 12.182485030498354 19.02496787533164
leaf_count=201 143 301 220 182 177 307 253 139 175 163 170 217 608
internal_value=0 -0.00458713 -0.00846822 -0.0130463 0.00254133 0.00577317 0.0115236 -0.000143142 -0.00414905 -0.00625344 -0.0105151 0.0190821 -0.0182296
internal_weight=189.924 72.2769 53.3883 40.3016 117.647 84.6439 45.7675 38.8764 33.0033 28.5005 22.6211 27.4167 30.1218
internal_count=3256 1454 1153 1010 1802 1256 777 479 546 340 345 524 790
is_linear=0
shrinkage=0.05


Tree=408
num_leaves=14
num_cat=0
split_feature=276 370 112 276 104 211 74 25 1 211 34 297 112
split_gain=0.844921 1.43827 1.23933 1.90596 1.87363 1.40346 1.21243 1.3943 1.6513 0.570329 0.558235 0.482503 0.123021
threshold=1.2343058130820472 0.49972118350904821 47.500000000000007 0.83266595985846636 0.099841245026783612 3.1372311655549967 -0.27269328145223248 0.045751017063130651 0.0075108338023921481 3.2088864344330879 0.012376621566294902 -0.41869754732938796 10.500000000000002
decision_type=2 2 2 2 2 2 2 2 2 2 2 2 2
left_child=1 2 3 10 5 -4 -3 8 -8 -5 -1 -2 -9
right_child=11 6 4 9 -6 -7 7 12 -10 -11 -12 -13 -14
leaf_value=-0.010325243819899865 0 0.0020911717082050907 0 0.002870885374092491 0.0096259982623416659 -0.020119378219079952 -0.011211342890383759 -0.025448554840981026 0.010531938530902568 0.021397589804806251 0.0021725093182786218 0.014193285457514899 -0.0060036766774434029
leaf_weight=10.228337824577467 10.777652127668263 17.881365087581798 11.758517918642612 16.077237415593117 11.392211042344568 15.390994985122232 17.436836596112702 11.825808359775694 11.291609210195018 16.499019377864897 13.72825305094011 11.764165936969219 12.833819692023097
leaf_count=150 78 257 153 175 170 223 262 169 105 239 252 811 212
internal_value=0 -0.00142594 0.00220058 0.00708444 -0.00375372 -0.0114256 -0.00683048 -0.0106576 -0.000901589 0.0146727 -0.00186387 0.00831978 -0.0188852
internal_weight=188.886 166.344 95.0746 56.5328 38.5417 27.1495 71.2694 53.3881 28.7284 32.5763 23.9566 22.5418 24.6596
internal_count=3256 2367 1362 816 546 376 1005 748 367 414 402 889 381
is_linear=0
shrinkage=0.05


Tree=409
num_leaves=1
num_cat=0
split_feature=
split_gain=
threshold=
decision_type=
left_child=
right_child=
leaf_value=0
leaf_weight=
leaf_count=3256
internal_value=
internal_weight=
internal_count=
is_linear=0
shrinkage=1


Tree=410
num_leaves=15
num_cat=0
split_feature=217 126 126 78 62 69 191 110 67 365 209 262 0 226
split_gain=0.933703 1.22341 1.96951 2.74052 1.45621 1.26202 0.997154 1.3195 0.89374 0.859429 0.806707 0.756245 0.399956 0.314548
threshold=7.6081917345781624 -0.0062975917458328859 -0.0099893570176262086 0.64861807201431232 0.46439246111408855 0.037388039792590429 0.59307831756251639 47.500000000000007 -0.00036193733950812263 0.1558479809394788 3.1543070154928841 0.17415730337078653 -0.0011729172204076666 -1.0887945313905363
decision_type=2 2 2 2 2 2 2 2 2 2 2 2 2 2
left_child=6 2 3 -2 8 -6 7 13 9 -3 -8 -12 -5 -1
right_child=1 4 -4 12 5 -7 10 -9 -10 -11 11 -13 -14 -15
leaf_value=0.010107326071165802 0.014121211996288258 0.0016749934641141784 0.018998581410279734 -0.00071504103708870052 -0.019788610528187013 0 0 -0.013236818038514328 0.0095475361453153211 -0.013384862158220753 0 0.018034496542842251 -0.019998072581101766 0
leaf_weight=10.323214185656978 10.433903004042802 10.010099024511875 10.9249309618026 11.238621847704051 24.039476496051066 10.226387786446137 10.942462650593368 12.805595388635991 12.443445230135692 13.402980138314886 10.103267705999317 20.429816256742924 10.495829371269794 10.991888321936132
leaf_count=175 184 169 183 140 513 135 228 183 219 296 169 345 158 159
internal_value=0 -0.00303267 0.00269421 -0.00256961 -0.00720202 -0.0141233 0.0040125 -0.00110462 0 -0.00559419 0.00913697 0.0130717 -0.0133446 0.00486165
internal_weight=188.812 113.216 43.0933 32.1684 70.1224 34.2659 75.5962 34.1207 35.8565 23.4131 41.4755 30.5331 21.7345 21.3151
internal_count=3256 1997 665 482 1332 648 1259 517 684 465 742 514 298 334
is_linear=0
shrinkage=0.05


Tree=411
num_leaves=12
num_cat=0
split_feature=399 373 82 375 36 113 105 268 19 10 399
split_gain=0.823906 1.12105 1.93863 1.60578 2.14181 1.58708 1.56766 1.29363 1.04601 0.758581 0.306453
threshold=-0.29350499179089479 -0.021988981625082445 1.5338391362171715 0.03304934422280615 0.049506547171408004 11.500000000000002 -0.033327018940056741 -0.56174666836431653 0.39702710023287052 0.011871032015356721 -0.11434033867009653
decision_type=2 2 2 2 2 2 2 2 2 2 2
left_child=-1 2 6 4 5 -3 8 -5 -2 -8 -6
right_child=1 3 -4 7 10 -7 9 -9 -10 -11 -12
leaf_value=-0.010628319228592097 0.0088349785421666781 0.009799225253994584 -0.0076947770953956669 -0.0016362372723900999 -0.0033585654786546537 -0.0066846202302222133 0.023459853970288127 0.016171438068363124 -0.0098465344738767353 0.0010594420633899106 -0.025398191204237527
leaf_weight=14.047201144043354 14.074996724724771 19.883047824725509 13.998570902040226 12.58253048732877 10.028334548696877 36.619643780402839 19.050333836930808 15.058582506375386 10.224826174555345 10.993852000916375 10.795329100918023
leaf_count=224 274 235 219 233 173 627 398 399 167 152 155
internal_value=0 0.000872095 0.00591458 -0.002021 -0.00603462 0 0.0105113 0.00706686 0 0.0176165 -0.0186425
internal_weight=187.357 173.31 68.3426 104.967 77.3264 56.5027 54.344 27.6411 24.2998 30.0442 20.8237
internal_count=3256 3032 1210 1822 1190 862 991 632 441 550 328
is_linear=0
shrinkage=0.05


Tree=412
num_leaves=1
num_cat=0
split_feature=
split_gain=
threshold=
decision_type=
left_child=
right_child=
leaf_value=0
leaf_weight=
leaf_count=3256
internal_value=
internal_weight=
internal_count=
is_linear=0
shrinkage=1


Tree=413
num_leaves=11
num_cat=0
split_feature=299 19 375 373 36 86 104 372 231 104
split_gain=0.926396 1.10472 1.0508 1.36329 2.20332 1.68389 2.55868 1.36352 0.757874 0.547225
threshold=-0.4658837473586997 0.37056420878677576 0.03304934422280615 -0.021988981625082445 0.04683426884669941 -5979886.378041002 0.050369188458800521 -0.0051521681881048212 19.500000000000004 -0.05542537301072923
decision_type=2 2 2 2 2 2 2 2 2 2
left_child=1 -1 3 5 7 -2 -7 -5 -4 -6
right_child=2 -3 8 4 9 6 -8 -9 -10 -11
leaf_value=0.017244135735817335 0.0096886575192757715 0 0 0.0084183818621957427 0.025627686170474603 -0.017239563793073405 0.0021582550029239562 -0.0075923375832593915 -0.017073596724801795 0.0020639623543850434
leaf_weight=12.525605735136198 10.683191409567369 14.419768254505469 10.374652711441742 19.102561001200229 10.082313634455206 33.454838977311738 23.254209322622046 28.977543612010777 14.093172331107779 10.317013252992181
leaf_count=603 114 390 137 221 84 641 289 316 345 116
internal_value=0 0.00787036 -0.00168016 0 0.004981 -0.00481915 -0.00873908 -0.00013149 -0.0106031 0.0176396
internal_weight=187.285 26.9454 160.339 135.872 68.4794 67.3922 56.709 48.0801 24.4678 20.3993
internal_count=3256 993 2263 1781 737 1044 930 537 482 200
is_linear=0
shrinkage=0.05


Tree=414
num_leaves=11
num_cat=0
split_feature=266 165 74 137 266 72 262 264 78 297
split_gain=0.814458 1.46916 1.54112 1.1539 1.61702 1.6738 0.83517 0.713938 0.701111 0.462809
threshold=0.23430581308204701 0.00048235139771474401 -0.27269328145223248 -0.1286574657111054 -0.1508724010401459 0.0069871570657513496 0.30898876404494385 61.500000000000007 0.97115417281176719 -0.41869754732938796
decision_type=2 2 2 2 2 2 2 2 2 2
left_child=1 3 -3 -1 6 -6 -5 -4 -9 -2
right_child=9 2 7 4 5 -7 -8 8 -10 -11
leaf_value=-0.0089622138054470703 0 0.0033168048590073323 -0.00038705545179877225 0.003466692676091095 -0.00033053822410358602 0.015689769458955154 -0.0097388729730947844 -0.00069814005599117348 -0.023097097589478092 0.013997848596357649
leaf_weight=15.345145447179673 10.645233677700164 14.879719166550784 16.185885693877935 15.59932562150061 17.780053305439651 36.205344676971436 19.867621913785115 10.404565451899545 17.419487307779491 11.481314260629004
leaf_count=208 78 221 219 266 152 496 375 163 267 811
internal_value=0 -0.0014608 -0.00774138 0.00172188 0.00432685 0.00979644 -0.0028135 -0.0125168 -0.0172265 0.00817797
internal_weight=185.814 163.687 58.8897 104.797 89.4523 53.9854 35.4669 44.0099 27.8241 22.1265
internal_count=3256 2367 870 1497 1289 648 641 649 430 889
is_linear=0
shrinkage=0.05


Tree=415
num_leaves=1
num_cat=0
split_feature=
split_gain=
threshold=
decision_type=
left_child=
right_child=
leaf_value=0
leaf_weight=
leaf_count=3256
internal_value=
internal_weight=
internal_count=
is_linear=0
shrinkage=1


Tree=416
num_leaves=13
num_cat=0
split_feature=268 2 28 28 28 167 216 246 260 68 141 111
split_gain=0.896431 1.06403 1.01627 2.24387 1.3047 1.1886 0.941234 0.878027 0.79978 0.950411 0.602391 0.680516
threshold=-0.42902205382993336 -0.0037758129221078783 0.050408413401306508 0.10363275113373645 0.043815189037285256 -0.63697376447537557 7.5003969263258758 0.20786516853932588 0.3727272727272728 0.46218224844603722 1.0000000180025095e-35 15.500000000000002
decision_type=2 2 2 2 2 2 2 2 2 2 2 2
left_child=2 -2 4 10 5 -1 8 -7 -3 -10 11 -4
right_child=1 6 3 -5 -6 7 -8 -9 9 -11 -12 -13
leaf_value=-0.0065270282217652189 -0.015106795922518493 0.013166889939379393 0.00073257563714823636 -0.005799299421439601 -0.013110392763116539 0 -0.010876797867195056 0.017361941463278817 0.0093281611143481036 -0.0071763984854229636 0 0.021127517973036351
leaf_weight=13.868770114611829 15.105434112600049 10.616147480439393 11.61656219884753 17.421257262118161 15.716394885908811 10.768657710170379 13.841483998810871 12.502168770879505 10.006108526838945 21.163427339284681 10.908690563403068 22.206162569578737
leaf_count=159 390 167 147 250 174 162 251 239 101 545 230 441
internal_value=0 -0.00446882 0.0025521 0.00693008 -0.00179648 0.00236761 -0.000102042 0.00971184 0.00284017 -6.09697e-05 0.0129881 0.016111
internal_weight=185.741 70.7326 115.009 62.1527 52.856 37.1396 55.6272 23.2708 41.7857 31.1695 44.7314 33.8227
internal_count=3256 1454 1802 1068 734 560 1064 401 813 646 818 588
is_linear=0
shrinkage=0.05


Tree=417
num_leaves=11
num_cat=0
split_feature=165 49 66 124 264 83 120 66 68 37
split_gain=0.790784 1.79079 1.69301 2.20753 1.54889 2.24469 1.44703 1.96511 0.818738 0.639587
threshold=-0.0025000280889666761 0.17758094343267991 0.61775497236147758 -8.4999999999999982 27.500000000000004 -0.039958310756444841 -0.020509436415766576 0.67697181370849413 0.63627356883164954 0.084614697346106091
decision_type=2 2 2 2 2 2 2 2 2 2
left_child=1 8 3 -2 -5 -6 9 -8 -1 -4
right_child=2 -3 6 4 5 -7 7 -9 -10 -11
leaf_value=-0.0098188371234431832 0.016635332313329306 0.017475839865762604 -0.024896108345338883 0.011904937799261845 -0.015223180330621209 0.0022682753168271805 -0.014474413225009572 0.010758340210550351 0.0056887468392253374 -0.0035727232353043475
leaf_weight=13.895522286416965 17.221470538759604 16.109692058409564 12.352595234522598 12.045159784378482 28.808959822868928 32.5492373786401 10.621388186467813 14.789373857784083 11.247918904293327 14.853822888107969
leaf_count=216 273 301 268 233 531 563 137 280 175 279
internal_value=0 0.00562935 -0.00198219 0.00172929 -0.00162933 -0.00549422 -0.00902211 0 -0.001238 -0.0164206
internal_weight=184.495 41.2531 143.242 90.6248 73.4034 61.3582 52.6172 25.4108 25.1434 27.2064
internal_count=3256 692 2564 1600 1327 1094 964 417 391 547
is_linear=0
shrinkage=0.05


Tree=418
num_leaves=1
num_cat=0
split_feature=
split_gain=
threshold=
decision_type=
left_child=
right_child=
leaf_value=0
leaf_weight=
leaf_count=3256
internal_value=
internal_weight=
internal_count=
is_linear=0
shrinkage=1


Tree=419
num_leaves=9
num_cat=0
split_feature=299 19 373 66 65 378 120 86
split_gain=0.866686 1.0441 0.997446 1.54662 1.04446 1.76074 1.29978 0.919651
threshold=-0.4658837473586997 0.37056420878677576 0.077788105288976742 0.77284189214379539 0.077886159333268271 1.0000000180025095e-35 -0.016661556733885138 -5706373.8091649963
decision_type=2 2 2 2 2 2 2 2
left_child=1 -1 3 4 5 -2 -6 -5
right_child=2 -3 -4 7 6 -7 -8 -9
leaf_value=0.016943554757298595 0.011539775881125832 0 -0.011397641243910789 0 0.0087724038271112907 -0.0029220020021931995 -0.0087854662331766885 -0.019533317712534224
leaf_weight=12.243558994028719 49.434389823349193 14.251722768181933 19.280753056867979 10.048891866346823 10.095975695876403 25.902336499653757 31.722280846326612 11.443802907597272
leaf_count=603 661 390 356 128 112 413 351 242
internal_value=0 0.00773765 -0.00157813 0 0.00233415 0.00600776 -0.00312748 -0.0114515
internal_weight=184.424 26.4953 157.928 138.648 117.155 75.3367 41.8183 21.4927
internal_count=3256 993 2263 1907 1537 1074 463 370
is_linear=0
shrinkage=0.05


Tree=420
num_leaves=10
num_cat=0
split_feature=106 21 286 29 68 221 120 30 377
split_gain=0.799392 1.11547 2.24526 1.53733 0.941154 1.6313 1.388 0.624922 0.48692
threshold=1.0000000180025095e-35 0.14814521262575822 -0.52543112992409846 0.13054399799005204 0.53934694988102827 8.5010542643811213 -0.018890619433853614 0.0111931469376106 -0.15174874636833521
decision_type=2 2 2 2 2 2 2 2 2
left_child=1 3 4 8 5 -3 -6 -4 -1
right_child=-2 2 7 -5 6 -7 -8 -9 -10
leaf_value=0 0.010835485828688046 0.0053587863858011045 0 0.0032117552442904383 -0.0067084088603641331 -0.013796642645052263 0.0079227899640453917 0.020026478260309084 -0.01757378177233359
leaf_weight=10.835892666829745 12.078494314802809 10.170005355495958 10.865099827060478 14.179813032504169 22.705179746961221 30.379702266305685 35.684803319629282 14.19051862566266 22.14381242427044
leaf_count=229 222 128 227 196 399 493 427 553 382
internal_value=0 -0.00114457 0.00103055 -0.00757994 -0.00201984 -0.00780608 0.00136913 0.0137861 -0.0134905
internal_weight=183.233 171.155 123.995 47.1595 98.9397 40.5497 58.39 25.0556 32.9797
internal_count=3256 3034 2227 807 1447 621 826 780 611
is_linear=0
shrinkage=0.05


Tree=421
num_leaves=1
num_cat=0
split_feature=
split_gain=
threshold=
decision_type=
left_child=
right_child=
leaf_value=0
leaf_weight=
leaf_count=3256
internal_value=
internal_weight=
internal_count=
is_linear=0
shrinkage=1


Tree=422
num_leaves=14
num_cat=0
split_feature=266 231 162 21 3 26 7 110 190 103 66 110 370
split_gain=0.867192 1.23022 1.25547 1.0146 1.26704 1.07231 0.972085 0.934709 0.799063 0.773241 0.487027 0.447815 0.298351
threshold=0.042318408813254604 68.500000000000014 0.43887621012674854 0.14814521262575822 -0.00016266887505950176 -0.03995967999640359 0.0028042392091450767 21.500000000000004 0.12678320273256943 0.21729900949267386 0.46865149243543508 37.500000000000007 0.4901394664975165
decision_type=2 2 2 2 2 2 2 2 2 2 2 2 2
left_child=1 7 -3 5 10 -2 8 12 -4 -7 -5 -9 -1
right_child=3 2 6 4 -6 9 -8 11 -10 -11 -12 -13 -14
leaf_value=-0.004379392380912582 0.012844550459914041 0.0072875639002936352 -0.017383715871665702 0.0062155485325167603 -0.018053775055407829 0.0030924397901861246 0.0021120168882322091 0.020986478531344648 0 -0.011016699460724463 -0.0069478250350912879 0.0019507778786664314 0.0059773532695125255
leaf_weight=11.461161880986767 11.194596634013577 18.802105856826529 18.438486983999613 10.173330706544222 18.563288365956396 11.143283628858628 10.431748749688266 13.262386861490087 10.128958458546547 14.79119469411671 11.680106144747695 12.977194536011664 10.113411345053462
leaf_count=135 165 277 291 170 391 138 200 288 136 214 423 198 230
internal_value=0 0.00274973 -0.00146128 -0.00408903 -0.00942987 0.000749088 -0.00708899 0.00861001 -0.0119142 -0.0035343 0 0.0144482 0
internal_weight=183.161 105.615 57.8013 77.5458 40.4167 37.1291 38.9992 47.8142 28.5674 25.9345 21.8534 26.2396 21.5746
internal_count=3256 1755 904 1501 984 517 627 851 427 352 593 486 365
is_linear=0
shrinkage=0.05


Tree=423
num_leaves=12
num_cat=0
split_feature=25 74 68 246 124 215 191 268 165 6 274
split_gain=0.821824 1.85895 1.86086 1.4262 1.40442 1.14766 1.13126 0.959925 1.56912 0.926101 0.504089
threshold=0.057680863051897339 -0.040962778692280592 0.53934694988102827 0.20786516853932588 -19.499999999999996 3.30696494064071 1.0863602980952174 -0.38567231890525377 -0.0054772567991885355 0.0078183291064268454 0.5709779461700667
decision_type=2 2 2 2 2 2 2 2 2 2 2
left_child=1 2 3 -1 -4 9 -6 8 -2 -3 -11
right_child=7 5 4 -5 6 -7 -8 -9 -10 10 -12
leaf_value=0 0.0010920641423774777 -0.0076340712153124841 -0.0067495506514391734 -0.018744736827637568 0.015806305512685272 0.015809741345589625 -0.00015255754074306705 0.0023355526876793513 -0.01839739344172384 0 0.01410821139619628
leaf_weight=10.845483741024507 10.088323189876975 12.571053171763195 16.555827703559771 21.287344278302044 20.226597162894908 25.979111628723331 10.151009761262683 12.927276080707086 20.251781253842637 10.739426950458439 10.439649089472367
leaf_count=261 119 181 299 406 372 452 202 262 346 153 203
internal_value=0 0.0016896 -0.00285942 -0.0118917 0.0026661 0.00835717 0.00944107 -0.00597138 -0.0109022 0.000437736 0.00764948
internal_weight=182.063 138.796 79.0663 32.1328 46.9334 59.7292 30.3776 43.2674 30.3401 33.7501 21.1791
internal_count=3256 2529 1540 667 873 989 574 727 465 537 356
is_linear=0
shrinkage=0.05


Tree=424
num_leaves=1
num_cat=0
split_feature=
split_gain=
threshold=
decision_type=
left_child=
right_child=
leaf_value=0
leaf_weight=
leaf_count=3256
internal_value=
internal_weight=
internal_count=
is_linear=0
shrinkage=1


Tree=425
num_leaves=12
num_cat=0
split_feature=217 126 20 19 162 104 138 268 78 110 167
split_gain=0.869803 1.09682 2.11624 1.30196 1.98013 2.6837 0.922198 1.09293 0.718323 0.714164 0.464717
threshold=7.6081917345781624 -0.0062975917458328859 0.15708129784447977 0.5464136260011806 1.3190119091389565 0.094208587461441631 -1.0000000180025095e-35 -0.42902205382993336 0.7120669522543035 47.500000000000007 -0.25638649283351195
decision_type=2 2 2 2 2 2 2 2 2 2 2
left_child=6 2 -2 4 5 -3 -1 9 -4 -8 -9
right_child=1 3 8 -5 -6 -7 7 10 -10 -11 -12
leaf_value=-0.0034503058278774947 0.016999655577085351 0.011278587251713035 0.0021880183810311367 0.0027740394872562161 -0.020334048841130492 -0.017801681077766689 0.017873354028078391 -0.0072955078768633472 -0.010855478905592006 0 0.0054434042553192057
leaf_weight=19.261921670986339 14.274316533003001 15.802032930543648 10.786528591066601 16.249464672990143 24.81282903929241 10.624206659267655 21.272634886903692 11.040187506470831 16.570808726828545 10.30729990173131 10.989281078334896
leaf_count=323 228 337 209 286 501 208 374 269 228 165 128
internal_value=0 -0.00295442 0.00249536 -0.00698868 -0.0109888 0 0.00397009 0.00756105 -0.00435761 0.0131379 0
internal_weight=181.992 109.12 41.6317 67.4885 51.2391 26.4262 72.8713 53.6094 27.3573 31.5799 22.0295
internal_count=3256 1997 665 1332 1046 545 1259 936 437 539 397
is_linear=0
shrinkage=0.05


Tree=426
num_leaves=9
num_cat=0
split_feature=399 70 265 68 65 112 377 68
split_gain=0.783382 1.00661 1.42352 1.94774 1.52109 1.07704 0.913454 0.732308
threshold=-0.29350499179089479 0.013138920101316265 0.16046986721144027 0.64813738535285081 1.0000000180025095e-35 10.500000000000002 -0.15174874636833521 0.51981786787418072
decision_type=2 2 2 2 2 2 2 2
left_child=-1 2 3 4 -2 -3 -5 -4
right_child=1 5 7 6 -6 -7 -8 -9
leaf_value=-0.010562954399562396 0 0 -0.015684361546941177 0 0.012321994605299201 0.018387349697238927 -0.018134646441594581 0
leaf_weight=13.5598243905697 44.653415949549526 11.095019662287088 17.263838105835021 10.763065859675409 41.54356586211361 12.619281073566524 11.098210601718163 18.063437078380957
leaf_count=224 842 194 253 253 759 257 179 295
internal_value=0 0.000806997 -0.000516976 0.00199907 0.00576103 0.00984297 -0.00972812 -0.00907162
internal_weight=180.66 167.1 143.386 108.058 86.197 23.7143 21.8613 35.3273
internal_count=3256 3032 2581 2033 1601 451 432 548
is_linear=0
shrinkage=0.05


Tree=427
num_leaves=1
num_cat=0
split_feature=
split_gain=
threshold=
decision_type=
left_child=
right_child=
leaf_value=0
leaf_weight=
leaf_count=3256
internal_value=
internal_weight=
internal_count=
is_linear=0
shrinkage=1


Tree=428
num_leaves=13
num_cat=0
split_feature=217 126 20 86 86 110 138 353 231 72 222 20
split_gain=0.832663 1.03931 1.99179 1.27151 1.38602 1.17597 0.890727 1.20717 1.22766 0.802445 0.721745 0.567821
threshold=7.6081917345781624 -0.0062975917458328859 0.15708129784447977 -827534.81849850004 -5979886.378041002 27.500000000000004 -1.0000000180025095e-35 0.062739921597712703 23.500000000000004 0.0076718979462274328 0.4820792585024079 0.29290659403018821
decision_type=2 2 2 2 2 2 2 2 2 2 2 2
left_child=6 2 -2 4 -3 -6 -1 8 -8 -4 -5 -9
right_child=1 3 9 10 5 -7 7 11 -10 -11 -12 -13
leaf_value=-0.0033737988554806107 0.016570910887000943 0.00017982218721725101 -0.013206892205964705 -0.0058195130651143975 -0.024413581626503096 -0.0012233577349536624 0.0086862215060820487 0.017063557279466207 -0.012606380203877289 0.00076774558936987464 0.0091452529346551358 0
leaf_weight=19.181904593948275 14.106007617898284 10.030841338215394 11.513737400528045 10.948056519962849 18.52517300308682 14.39317759615369 10.100787480594592 22.952584764687344 10.092989064520223 15.705549270147456 13.031760653015224 10.00573323946446
leaf_count=323 228 174 140 139 452 334 187 380 208 297 233 161
internal_value=0 -0.00290196 0.00239461 -0.00684977 -0.0118488 -0.016615 0.00389815 0.00745298 -5.42756e-05 -0.00421321 0.000572413 0.013064
internal_weight=180.588 108.254 41.3253 66.929 42.9492 32.9184 72.334 53.1521 20.1938 27.2193 23.9798 32.9583
internal_count=3256 1997 665 1332 960 786 1259 936 395 437 372 541
is_linear=0
shrinkage=0.05


Tree=429
num_leaves=13
num_cat=0
split_feature=25 74 68 246 124 162 412 110 258 191 72 110
split_gain=0.769761 1.73738 1.77469 1.33475 1.31157 1.15048 1.27825 1.101 1.34988 1.06665 0.82597 0.573918
threshold=0.057680863051897339 -0.040962778692280592 0.53934694988102827 0.20786516853932588 -19.499999999999996 1.0542446783210926 -0.69999999999999996 58.500000000000007 0.98529411764705899 1.0863602980952174 0.0094477559300540481 45.500000000000007
decision_type=2 2 2 2 2 2 2 2 2 2 2 2
left_child=1 2 3 -1 -4 -2 -7 8 10 -6 -3 -10
right_child=5 7 4 -5 9 6 -8 -9 11 -11 -12 -13
leaf_value=0 0.0028536359673916501 0.009990781691507333 -0.006486283059630879 -0.01834867744663184 0.01543467637886718 0 -0.019042785266847953 -0.0026870654300280368 0.0032728711148818494 -5.4494019349920207e-06 -0.004955302582380073 0.028388677002191821
leaf_weight=10.716120333643632 14.346927111735566 14.506576493964532 16.370730418711901 20.993645428214222 19.934602060122419 10.603748006047679 17.670670266728852 10.4803032760974 10.046215065289291 10.087494531646369 12.8287309120642 11.044680414721368
leaf_count=261 243 258 299 406 372 194 290 169 165 202 237 160
internal_value=0 0.00160176 -0.00280376 -0.0116874 0.00259699 -0.00585732 -0.0117259 0.00810342 0.0114315 0.00920344 0.00153182 0.0203981
internal_weight=179.63 137.009 78.1026 31.7098 46.3928 42.6213 28.2744 58.9065 48.4262 30.0221 27.3353 21.0909
internal_count=3256 2529 1540 667 873 727 484 989 820 574 495 325
is_linear=0
shrinkage=0.05


Tree=430
num_leaves=1
num_cat=0
split_feature=
split_gain=
threshold=
decision_type=
left_child=
right_child=
leaf_value=0
leaf_weight=
leaf_count=3256
internal_value=
internal_weight=
internal_count=
is_linear=0
shrinkage=1


Tree=431
num_leaves=9
num_cat=0
split_feature=297 72 373 66 124 265 29 74
split_gain=0.826178 1.21829 0.893953 1.37809 1.24975 1.10788 1.19609 1.08446
threshold=-0.74088374735870099 0.0076248077724025325 0.077788105288976742 0.77284189214379539 -15.499999999999998 0.16046986721144027 0.020471750665443381 -0.021024374000437843
decision_type=2 2 2 2 2 2 2 2
left_child=1 -1 3 5 -5 6 -2 -7
right_child=2 -3 -4 4 -6 7 -8 -9
leaf_value=-0.0008637954188742249 0.0038108675456149767 0.016656804056617094 -0.010965566739189987 0 -0.021030177165917013 0.017751852090642922 -0.0078234770369159101 0
leaf_weight=11.852686432888733 51.587308285641484 14.007746428716926 18.757455484941602 10.089828258147465 10.593894943478515 16.141112623969097 33.006989639019594 13.521415703929959
leaf_count=304 738 689 356 135 235 174 442 183
internal_value=0 0.00763901 -0.00155994 0 -0.0110422 0.00218038 -0.000270278 0.0100831
internal_weight=179.558 25.8604 153.698 134.941 20.6837 114.257 84.5943 29.6625
internal_count=3256 993 2263 1907 370 1537 1180 357
is_linear=0
shrinkage=0.05


Tree=432
num_leaves=10
num_cat=0
split_feature=399 373 82 21 375 113 83 268 260
split_gain=0.758638 0.938604 1.78924 1.38309 1.35067 1.56875 2.48749 1.1047 0.371737
threshold=-0.29350499179089479 -0.021988981625082445 1.5338391362171715 0.15990481591732988 0.03304934422280615 3.5000000000000004 0.45419914809302803 -0.56174666836431653 0.35454545454545461
decision_type=2 2 2 2 2 2 2 2 2
left_child=-1 2 3 -2 5 -3 -7 -6 -5
right_child=1 4 -4 8 7 6 -8 -9 -10
leaf_value=-0.010458876325969141 0 0.0048000255656853079 -0.0076816409470684454 0.0011398606140668483 -0.0013261930298523858 -0.015986954254965085 0.0056174566381944485 0.015263457321497743 0.019184558565201716
leaf_weight=13.394053390715269 17.045485303271562 18.187157230451703 13.451160309836267 10.738438030821269 12.055538367247211 42.534289263887331 12.935885774670167 14.142081238678655 24.038577407714911
leaf_count=224 331 232 219 175 233 768 190 399 485
internal_value=0 0.000783775 0.00551941 0.0100908 -0.00189642 -0.00569726 -0.0100639 0.00656495 0.0154693
internal_weight=178.523 165.129 65.2737 51.8225 99.855 73.6573 55.4702 26.1976 34.777
internal_count=3256 3032 1210 991 1822 1190 958 632 660
is_linear=0
shrinkage=0.05


Tree=433
num_leaves=1
num_cat=0
split_feature=
split_gain=
threshold=
decision_type=
left_child=
right_child=
leaf_value=0
leaf_weight=
leaf_count=3256
internal_value=
internal_weight=
internal_count=
is_linear=0
shrinkage=1


Tree=434
num_leaves=14
num_cat=0
split_feature=191 11 113 213 62 33 167 46 264 215 262 1 220
split_gain=0.818678 1.00769 1.77048 1.42167 1.09652 1.08372 0.837933 1.23349 1.24173 0.913793 0.635694 0.294858 0.294209
threshold=0.80302248573439317 0.0015371607594076855 67.500000000000014 5.7805167318642603 0.45900774752514278 0.032229963021079618 -0.66059010868706591 0.5469819469117817 91.500000000000014 4.7510472947968294 0.80337078651685401 0.0077910286400278981 5.4817231513276541
decision_type=2 2 2 2 2 2 2 2 2 2 2 2 2
left_child=6 2 3 5 -3 -2 9 12 11 -1 -5 -9 -8
right_child=1 4 -4 10 -6 -7 7 8 -10 -11 -12 -13 -14
leaf_value=-0.011788111632338106 -0.012082922028286973 0.01562223677111991 0.0056875553494753709 -0.022578988549384782 -0.0028799648425781761 0.0049310029982038055 0.021813154657962901 0 0.011129971557507407 0.0045678530776115172 -0.0009386089441965088 -0.011708874636050399 0.0019761971568440276
leaf_weight=12.713754458585756 11.965965158888141 10.260720990831034 17.599497739109211 20.127985565573912 10.209011818049474 19.131542823743075 11.121404194505887 10.002118639647962 13.61338762519881 10.981256692786699 10.349185739411039 10.008635729085652 10.365348091116173
leaf_count=223 222 173 362 341 144 400 217 243 192 194 173 195 177
internal_value=0 -0.0031191 -0.00595415 -0.0101656 0.0050755 -0.000636465 0.00357938 0.00712751 0 -0.00267358 -0.0174667 -0.00674318 0.0157001
internal_weight=178.45 99.6439 79.1742 61.5747 20.4697 31.0975 78.8059 55.1109 33.6241 23.695 30.4772 20.0108 21.4868
internal_count=3256 1815 1498 1136 317 622 1441 1024 630 417 514 438 394
is_linear=0
shrinkage=0.05


Tree=435
num_leaves=13
num_cat=0
split_feature=25 74 68 246 66 162 412 110 258 394 72 110
split_gain=0.759816 1.6163 1.62161 1.23017 1.22962 1.11792 1.20465 1.01066 1.29228 0.764441 0.757504 0.354808
threshold=0.057680863051897339 -0.040962778692280592 0.53934694988102827 0.20786516853932588 0.62509943472509477 0.87395607938945419 -0.69999999999999996 58.500000000000007 0.98529411764705899 -0.0038592176914631344 0.0094477559300540481 46.500000000000007
decision_type=2 2 2 2 2 2 2 2 2 2 2 2
left_child=1 2 3 -1 9 -2 -7 8 10 -4 -3 -10
right_child=5 7 4 -5 -6 6 -8 -9 11 -11 -12 -13
leaf_value=0 0.0027836205566639685 0.0095911309504482095 0.016834261554685179 -0.017682313029822646 -0.0053438759291712613 0 -0.018731859686258328 -0.0022978537692217565 0.0042567957306042315 0 -0.0047821010119978155 0.027588742029760402
leaf_weight=10.583047971129419 14.123832725221289 14.312809508410284 13.486223642015831 20.590170182753354 18.732759031117894 10.521034967037847 17.548808399587873 10.333420988405122 10.399271609727295 13.728534610243512 12.648517781635745 10.301696549868209
leaf_count=261 230 258 227 406 409 199 298 169 169 237 237 156
internal_value=0 0.00162134 -0.00262927 -0.0112179 0.00250659 -0.00583072 -0.0116247 0.00794471 0.0111569 0.00955919 0.00137566 0.0199998
internal_weight=177.31 135.116 77.1207 31.1732 45.9475 42.1937 28.0698 57.9957 47.6623 27.2148 26.9613 20.701
internal_count=3256 2529 1540 667 873 727 497 989 820 464 495 325
is_linear=0
shrinkage=0.05


Tree=436
num_leaves=1
num_cat=0
split_feature=
split_gain=
threshold=
decision_type=
left_child=
right_child=
leaf_value=0
leaf_weight=
leaf_count=3256
internal_value=
internal_weight=
internal_count=
is_linear=0
shrinkage=1


Tree=437
num_leaves=9
num_cat=0
split_feature=297 72 375 397 393 74 74 16
split_gain=0.797986 1.15659 0.852759 1.12619 1.58319 1.96012 1.0099 0.527064
threshold=-0.74088374735870099 0.0076248077724025325 0.03304934422280615 -0.021429223085953835 -0.14371869281657926 -0.079259708888411731 0.079295106479759417 -0.0028744098423102112
decision_type=2 2 2 2 2 2 2 2
left_child=1 -1 3 -2 6 -6 -5 -4
right_child=2 -3 7 4 5 -7 -8 -9
leaf_value=-0.00066537349460713306 -0.012779918449203249 0.016389376522679286 0 -0.013909445788200865 0.013901939513955569 -5.389205456434554e-05 0.0014830495071451984 -0.015652830247847343
leaf_weight=11.79322692519054 12.07352381502278 13.754115888616068 10.334645471768455 18.666139026172463 35.889097774634138 52.030139800626785 10.068570682778953 12.628259923658332
leaf_count=304 268 689 179 324 431 639 119 303
internal_value=0 0.00752247 -0.00156638 0 0.001719 0.00536375 -0.00731006 -0.00983523
internal_weight=177.238 25.5473 151.69 128.727 116.654 87.9192 28.7347 22.9629
internal_count=3256 993 2263 1781 1513 1070 443 482
is_linear=0
shrinkage=0.05


Tree=438
num_leaves=11
num_cat=0
split_feature=305 375 105 105 222 375 163 163 16 342
split_gain=0.752053 1.24401 1.01194 0.846922 1.1835 0.824453 1.41219 1.09118 1.07761 0.43633
threshold=0.091666666666666966 0.03304934422280615 -0.056896021834688656 0.017774147322391461 0.57230810032583179 -0.089272324966300207 0.0053442275174910943 0.0055894529098682441 0.000496903326271544 -0.074908163777869408
decision_type=2 2 2 2 2 2 2 2 2 2
left_child=2 5 9 -4 -5 7 8 -2 -7 -1
right_child=1 -3 3 4 -6 6 -8 -9 -10 -11
leaf_value=0 -0.0023370797310190601 0.01587054193030828 0.0088864696625357755 -0.012836916046026934 0.0029519253564710668 -0.0057698858668233108 -0.015703925263415252 0.013426777925283058 0.009321733062192767 -0.015259849951319477
leaf_weight=10.08230992476456 11.348273451090792 12.344916660105808 16.732537446776405 17.221617915201932 18.291541301878169 20.065026405267417 13.838349779602138 19.596687361365184 19.338305445155129 17.380477303406224
leaf_count=208 240 382 233 355 330 338 151 371 279 369
internal_value=0 0.00275411 -0.00368837 0 -0.00380992 0 -0.00336546 0.00647718 0.000593094 -0.0109537
internal_weight=176.24 96.5316 79.7085 52.2457 35.5132 84.1866 53.2417 30.945 39.4033 27.4628
internal_count=3256 1761 1495 918 685 1379 768 611 617 577
is_linear=0
shrinkage=0.05


Tree=439
num_leaves=1
num_cat=0
split_feature=
split_gain=
threshold=
decision_type=
left_child=
right_child=
leaf_value=0
leaf_weight=
leaf_count=3256
internal_value=
internal_weight=
internal_count=
is_linear=0
shrinkage=1


Tree=440
num_leaves=12
num_cat=0
split_feature=272 71 28 5 162 28 264 2 216 386 377
split_gain=0.82334 1.00161 0.966621 1.60857 1.1201 1.01047 1.6577 0.947173 0.784203 0.671033 0.809455
threshold=-1.4290220538299332 1.4156012167002296 0.050408413401306508 -0.0070531315955312248 2.1568148553100079 0.043815189037285256 37.500000000000007 -0.0037758129221078783 7.5003969263258758 0.044404554769979739 -1.0000000180025095e-35
decision_type=2 2 2 2 2 2 2 2 2 2 2
left_child=1 2 5 -4 -5 6 -1 -2 9 10 -9
right_child=7 -3 3 4 -6 -7 -8 8 -10 -11 -12
leaf_value=-0.011806432224261263 -0.014774130626420266 0.015081887236541792 -0.0044583844124450435 0.017759111962529189 0 -0.014270904225444215 0.0096244107970453723 -0.00012209656353511907 -0.010243524013146878 -0.0045703120701606507 0.013226005829799154
leaf_weight=12.317409199662508 14.180683916667475 10.967662969604133 18.918686131713912 21.785978484200314 12.145145980874075 14.252403792459516 18.690065267728642 10.040758875198661 13.117005818989126 11.816857827478087 17.933869301108647
leaf_count=176 390 146 298 450 242 160 330 240 251 301 272
internal_value=0 0.00245439 0.000142645 0.00506215 0.0116553 -0.00452337 0 -0.00444238 -0.000134744 0.00251362 0.00727303
internal_weight=176.167 109.077 98.1097 52.8498 33.9311 45.2599 31.0075 67.0892 52.9085 39.7915 27.9746
internal_count=3256 1802 1656 990 692 666 506 1454 1064 813 512
is_linear=0
shrinkage=0.05


Tree=441
num_leaves=11
num_cat=0
split_feature=286 370 381 27 80 323 112 54 66 301
split_gain=0.73768 1.28114 1.53701 1.33945 1.17454 0.979037 1.09137 0.828124 0.824045 0.448899
threshold=-0.38369418691795421 0.49972118350904821 42.647565085986734 0.82276947121945387 1.0658172823899672 0.22983761747277903 45.500000000000007 -0.0020664182715878217 0.58978114598112719 -0.052030880662720866
decision_type=2 2 2 2 2 2 2 2 2 2
left_child=1 5 3 4 -3 6 7 -1 -8 -2
right_child=9 2 -4 -5 -6 -7 8 -9 -10 -11
leaf_value=0.014771312144718197 0 -0.020839548452642874 0.0063095283782906358 0 0 -0.0059641706946997244 -0.0084312460946713227 0 0.0066231673240110638 0.013869693904554715
leaf_weight=28.334269466344267 10.092815026640894 26.097499962663278 11.624337512068449 16.156759698409587 12.35075534833595 19.937523669097573 16.775043856585402 10.704739833716301 12.115133790764956 10.842367507517336
leaf_count=468 78 396 145 258 206 242 298 167 187 811
internal_value=0 -0.0013902 -0.00668234 -0.0105006 -0.0152982 0.0021374 0.00537187 0.0106482 -0.000521107 0.00802278
internal_weight=175.031 154.096 66.2294 54.605 38.4483 87.8667 67.9292 39.039 28.8902 20.9352
internal_count=3256 2367 1005 860 602 1362 1120 635 485 889
is_linear=0
shrinkage=0.05


Tree=442
num_leaves=1
num_cat=0
split_feature=
split_gain=
threshold=
decision_type=
left_child=
right_child=
leaf_value=0
leaf_weight=
leaf_count=3256
internal_value=
internal_weight=
internal_count=
is_linear=0
shrinkage=1


Tree=443
num_leaves=11
num_cat=0
split_feature=266 126 372 246 126 264 258 36 113 6
split_gain=0.805893 1.34851 1.58777 1.40093 1.07234 1.55404 1.32764 0.938831 0.752283 0.63443
threshold=0.14192779168026784 -0.0062975917458328859 -0.0051521681881048212 0.61235955056179792 -0.00029721918284619781 32.000000000000007 1.9558823529411768 0.011327219886970453 30.500000000000004 0.0047245999135954219
decision_type=2 2 2 2 2 2 2 2 2 2
left_child=1 2 -1 8 -3 -6 -7 -2 -4 -9
right_child=7 4 3 -5 5 6 -8 9 -10 -11
leaf_value=0.0187307854887785 0.0023955017398711986 -0.01427184657359116 0.016056727947620249 -0.012364504315012854 -0.01161613449528001 0.0096265929062399891 -0.0057924412799955274 0 0 -0.016584126302411753
leaf_weight=18.393128839321434 12.909407539758829 11.348509531468151 10.163744353689259 10.011255825636907 15.825441102497278 41.290247557684779 13.724174613133071 14.294755994807931 10.187645214376969 16.809818245470524
leaf_count=325 159 162 147 165 201 665 226 569 176 461
internal_value=0 0.00174579 0.00826586 0 -0.00169 0.000146419 0.0048176 -0.00584557 0.00804979 -0.0106418
internal_weight=174.958 130.944 48.7558 30.3626 82.1884 70.8399 55.0144 44.014 20.3514 31.1046
internal_count=3256 2067 813 488 1254 1092 891 1189 323 1030
is_linear=0
shrinkage=0.05


Tree=444
num_leaves=14
num_cat=0
split_feature=25 74 265 163 110 258 73 274 165 130 393 78 110
split_gain=0.731576 1.50806 1.49199 0.951372 0.946145 1.21396 0.881455 0.87776 1.46055 0.615708 0.488151 0.399424 0.330167
threshold=0.057680863051897339 -0.040962778692280592 0.09039836567926457 -0.0017332677863905876 58.500000000000007 0.98529411764705899 0.8454286925047938 0.61432768109474623 -0.0040318092417419953 -1.4999999999999998 -0.093118171822527615 0.82208458756135883 46.500000000000007
decision_type=2 2 2 2 2 2 2 2 2 2 2 2 2
left_child=1 2 3 -1 5 11 -4 8 -2 -8 -5 -3 -7
right_child=7 4 6 10 -6 12 9 -9 -10 -11 -12 -13 -14
leaf_value=0.013617787523640699 0 0.0083408255062877718 0 0.0042076381030564658 -0.0019774197821201146 0.004095509732444976 -0.02236755010081385 0.0022410217031801852 -0.019081915128840221 -0.00054585396733482293 -0.007798395541680019 -0.0016817646304325817 0.027186434039440838
leaf_weight=12.769443608005529 12.214134994428607 11.382375045097435 15.864174219197592 11.198804782237856 10.143799692159517 10.268775818869473 11.730686777271329 12.462210195721125 16.7722878663335 10.951660764869304 13.081515829311686 15.074941005092112 10.002628123853354
leaf_count=267 156 202 323 288 169 169 170 262 309 251 241 293 156
internal_value=0 0.00171317 -0.00240888 0.00372233 0.00787356 0.0110077 -0.00934874 -0.0056747 -0.0105321 -0.0150728 -0.000574282 0.00134306 0.0196738
internal_weight=173.917 132.469 75.5963 37.0498 56.8725 46.7287 38.5465 41.4486 28.9864 22.6823 24.2803 26.4573 20.2714
internal_count=3256 2529 1540 796 989 820 744 727 465 421 529 495 325
is_linear=0
shrinkage=0.05


Tree=445
num_leaves=1
num_cat=0
split_feature=
split_gain=
threshold=
decision_type=
left_child=
right_child=
leaf_value=0
leaf_weight=
leaf_count=3256
internal_value=
internal_weight=
internal_count=
is_linear=0
shrinkage=1


Tree=446
num_leaves=12
num_cat=0
split_feature=217 348 113 78 379 167 74 264 119 72 20
split_gain=0.797423 1.0651 1.21928 0.980222 0.807832 1.11322 0.822922 0.766925 1.86065 1.46283 0.575866
threshold=7.6081917345781624 -0.026657104718480838 70.500000000000014 0.62039788005247487 1.0000000180025095e-35 -0.66059010868706591 -0.19831874863791327 32.000000000000007 1.0000000180025095e-35 0.0097832983943260416 0.28177658223119056
decision_type=2 2 2 2 2 2 2 2 2 2 2
left_child=4 7 3 -3 5 -1 -7 -2 9 -9 -8
right_child=1 2 -4 -5 -6 6 10 8 -10 -11 -12
leaf_value=-0.0024739764407001904 -0.0075648046149497149 0 0.0023921616514055487 -0.0169943450454123 -0.0052455233429272797 0 0.019278758343067443 0.0208313899748452 -0.0071731941006933156 0 0.00054344601803612202
leaf_weight=14.74522137432359 10.787625760538502 13.144481131108476 12.664959316025486 27.906430955510587 11.753259753342716 10.043592190602793 20.71284454013221 17.14291416970082 12.598842910490928 10.045002067112362 12.299647278385235
leaf_count=268 181 285 279 494 201 220 338 295 243 220 232
internal_value=0 -0.0029924 -0.0078746 -0.0121243 0.00377297 0.00659746 0.0107485 0.00141037 0.00537224 0.0129772 0.0143136
internal_weight=173.845 104.29 53.7159 41.0509 69.5546 57.8013 43.0561 50.5744 39.7868 27.1879 33.0125
internal_count=3256 1997 1058 779 1259 1058 790 939 758 515 570
is_linear=0
shrinkage=0.05


Tree=447
num_leaves=11
num_cat=0
split_feature=305 375 105 34 11 165 394 399 103 334
split_gain=0.719849 1.15917 0.901065 0.820319 1.44415 1.43406 0.764933 2.02608 0.737459 0.418109
threshold=0.091666666666666966 0.03304934422280615 -0.056896021834688656 0.014963160626456097 0.0017113501953858192 0.0015328188019582782 -0.0043689578473486415 -0.1934242570384351 0.19185290553016701 -0.13204283755588972
decision_type=2 2 2 2 2 2 2 2 2 2
left_child=2 3 9 -2 5 -5 7 -4 -8 -1
right_child=1 -3 6 4 -6 -7 8 -9 -10 -11
leaf_value=0 -0.0077304453698441022 0.015600444861316587 -0.0043599209860419978 0.014821649879361172 -0.0076619621099838723 -0.00025465438708045161 -0.01422291256172141 0.018986897097032225 0 -0.014845473467047472
leaf_weight=10.312018595868723 19.67556905769743 12.061644674511625 14.475493343314158 28.026754371239804 15.291146908421068 19.502867546747439 10.451174466637896 12.999751412076874 13.43199860001914 16.646578231826425
leaf_count=215 278 382 243 584 202 315 187 177 311 362
internal_value=0 0.00280518 -0.00356234 0 0.00325112 0.00799803 0 0.00582748 -0.00571295 -0.0104708
internal_weight=172.875 94.558 78.317 82.4963 62.8208 47.5296 51.3584 27.4752 23.8832 26.9586
internal_count=3256 1761 1495 1379 1101 899 918 420 498 577
is_linear=0
shrinkage=0.05


Tree=448
num_leaves=1
num_cat=0
split_feature=
split_gain=
threshold=
decision_type=
left_child=
right_child=
leaf_value=0
leaf_weight=
leaf_count=3256
internal_value=
internal_weight=
internal_count=
is_linear=0
shrinkage=1


Tree=449
num_leaves=11
num_cat=0
split_feature=297 72 126 126 191 365 6 163 231 209
split_gain=0.824054 1.03776 0.866414 1.62914 1.90755 1.40154 1.26949 1.1395 1.10674 0.137081
threshold=-0.74088374735870099 0.0076248077724025325 -0.0067399039488402193 -0.00029721918284619781 0.74979328163534942 0.1507466442071623 0.0078183291064268454 0.0054672371821792923 96.500000000000014 3.4506131409163365
decision_type=2 2 2 2 2 2 2 2 2 2
left_child=1 -1 6 -4 8 -6 7 9 -5 -2
right_child=2 -3 3 4 5 -7 -8 -9 -10 -11
leaf_value=-2.0787864361865248e-05 0.021168513510968465 0.016028394287226255 -0.020083444290810406 0.01292040558480656 0.0047852437989765661 -0.012182873213687002 -0.0051880814360044528 -0.00011790653487528654 -0.0026339744454049524 0.0026712016648556252
leaf_weight=11.591991944704207 10.604969435604295 13.332914002239702 12.163088353234341 23.184908809140325 10.107722304761408 40.224898964166641 19.705716937314719 10.673116078600286 10.98592997388914 10.22742592403665
leaf_count=304 121 689 279 323 140 702 296 151 154 97
internal_value=-8.64552e-06 0.00757342 -0.00174318 -0.00468488 -0.00128451 -0.00776035 0.00283924 0.00932367 0.00676555 0.0156648
internal_weight=172.803 24.9249 147.878 96.6665 84.5035 50.3326 51.2112 31.5055 34.1708 20.8324
internal_count=3256 993 2263 1598 1319 842 665 369 477 218
is_linear=0
shrinkage=0.05


Tree=450
num_leaves=13
num_cat=0
split_feature=25 74 265 162 412 394 68 217 372 303 36 44
split_gain=0.7082 1.46188 1.41822 1.06374 1.14502 1.04189 0.901472 0.876259 1.42746 0.640156 0.498683 0.436835
threshold=0.057680863051897339 -0.040962778692280592 0.09039836567926457 1.0542446783210926 -0.69999999999999996 -0.0077320158302094369 0.53934694988102827 6.7452684162386527 -0.013863034291498598 -0.091666666666664995 0.048692989548244851 0.47745446585866819
decision_type=2 2 2 2 2 2 2 2 2 2 2 2
left_child=1 2 5 -2 -5 -1 -4 11 -9 -7 -8 -3
right_child=3 7 6 4 -6 9 10 8 -10 -11 -12 -13
leaf_value=0.012893390632084346 0.0028011808952502228 0.0070471359976434118 -0.016894725349244046 0 -0.018426049992707989 -0.010451705050840032 0.0053879714681775784 0 0.019938271358135612 0.0036618999213240684 -0.0078930954929988788 -0.0050110447641762944
leaf_weight=15.297753660823217 13.710917194373904 10.561752499546857 17.061098201666027 10.192235508002339 16.973612196976323 10.687026364961637 10.141910047037529 11.227771403733643 20.527133282739669 10.596511221025141 10.887323491857385 13.669572832761331
leaf_count=274 243 151 329 194 290 286 179 232 363 236 236 243
internal_value=0 0.00168585 -0.0023828 -0.00562975 -0.0113978 0.00360414 -0.00919273 0.00780526 0.0129007 -0.00178161 0 0
internal_weight=171.535 130.658 74.6716 40.8768 27.1658 36.5813 38.0903 55.9862 31.7549 21.2835 21.0292 24.2313
internal_count=3256 2529 1540 727 484 796 744 989 595 522 415 394
is_linear=0
shrinkage=0.05


Tree=451
num_leaves=1
num_cat=0
split_feature=
split_gain=
threshold=
decision_type=
left_child=
right_child=
leaf_value=0
leaf_weight=
leaf_count=3256
internal_value=
internal_weight=
internal_count=
is_linear=0
shrinkage=1


Tree=452
num_leaves=10
num_cat=0
split_feature=299 72 126 33 162 72 120 284 375
split_gain=0.768136 0.978415 0.827934 1.60328 1.71756 1.32083 1.22036 1.38693 0.915844
threshold=-0.4658837473586997 0.0076248077724025325 -0.0067399039488402193 0.010396475607704953 2.1568148553100079 0.009541280277834659 1.0000000180025095e-35 -0.21825023762967721 -0.14235706920145016
decision_type=2 2 2 2 2 2 2 2 2
left_child=1 -1 6 -4 5 -5 7 8 -2
right_child=2 -3 3 4 -6 -7 -8 -9 -10
leaf_value=0 0 0.015646933124401827 0.007798597460980692 -0.0074652350147392651 -0.019241392757229261 0.0072030429299721026 -0.0076986025260716608 -0.0036360217967822852 0.020432351244644903
leaf_weight=11.51931917271577 11.163115913979707 13.131848101038484 15.265334396855904 41.093139305012301 21.29870098514948 18.218272833153605 12.805797808803616 10.521603063447403 16.44512583129108
leaf_count=304 84 689 194 669 448 287 181 222 178
internal_value=0 0.00737378 -0.00166813 -0.00456561 -0.00770087 -0.00202739 0.00280931 0.00785815 0.0137992
internal_weight=171.462 24.6512 146.811 95.8754 80.6101 59.3114 50.9356 38.1298 27.6082
internal_count=3256 993 2263 1598 1404 956 665 484 262
is_linear=0
shrinkage=0.05


Tree=453
num_leaves=9
num_cat=0
split_feature=399 70 265 68 126 377 68 390
split_gain=0.709091 0.910019 1.21398 1.65332 1.48634 0.775681 0.55464 0.180224
threshold=-0.29350499179089479 0.013138920101316265 0.16046986721144027 0.64813738535285081 -0.019948248693717526 -0.15174874636833521 0.51981786787418072 -0.020961850399916489
decision_type=2 2 2 2 2 2 2 2
left_child=-1 2 3 4 -2 -5 -4 -3
right_child=1 7 6 5 -6 -7 -8 -9
leaf_value=-0.010177754646054049 -0.002793199847392719 0 -0.014555771859319888 0 0.010187662636784578 -0.016980913121321529 0 0.013960023590488599
leaf_weight=12.931550458539276 25.571895294357091 10.673603468108924 16.074865877861157 10.30215853569098 55.78854274621699 10.405414855573325 17.090945968404412 11.504101377795449
leaf_count=224 418 200 253 253 1183 179 295 251
internal_value=0 0.000873627 -0.000393881 0.00195504 0.00556079 -0.00901394 -0.00856775 0.00971445
internal_weight=170.343 157.412 135.234 102.068 81.3604 20.7076 33.1658 22.1777
internal_count=3256 3032 2581 2033 1601 432 548 451
is_linear=0
shrinkage=0.05


Tree=454
num_leaves=1
num_cat=0
split_feature=
split_gain=
threshold=
decision_type=
left_child=
right_child=
leaf_value=0
leaf_weight=
leaf_count=3256
internal_value=
internal_weight=
internal_count=
is_linear=0
shrinkage=1


Tree=455
num_leaves=12
num_cat=0
split_feature=276 36 260 231 74 372 66 74 10 219 354
split_gain=0.748477 1.20352 1.41565 1.04894 0.956807 1.39881 1.54893 0.834148 0.741913 0.66003 0.650676
threshold=0.91883225309588734 0.069640849412462971 0.75454545454545474 59.500000000000007 -0.064602468684197112 -0.011249843027742899 0.42714376003415344 -0.27762940125317043 -0.010156582985681529 4.3640969444208002 0.17040327140726688
decision_type=2 2 2 2 2 2 2 2 2 2 2
left_child=3 4 -3 10 7 -6 -7 -2 -5 -10 -1
right_child=1 2 -4 8 5 6 -8 -9 9 -11 -12
leaf_value=0.018051354293732152 0 -0.02088520377518226 0 -0.0098838568013043335 0.0053469943016335175 0.00079918182712206674 -0.018530871247640402 0.013953787159779031 -0.0010498263841559889 0.012084258199494304 0
leaf_weight=13.245135042350741 18.623985252808779 13.903211182099769 15.120606104726901 12.544578040484337 16.120457390788943 10.502324266359212 19.183840193785727 15.867539291968567 13.565379892708735 10.488196795806287 11.103937183273954
leaf_count=364 352 335 326 181 213 97 326 257 342 233 230
internal_value=0 -0.00271032 -0.0109417 0.00404458 0 -0.00405802 -0.0107169 0.00650877 -0.000202946 0.00353388 0.011579
internal_weight=170.269 109.322 29.0238 60.9472 80.2981 45.8066 29.6862 34.4915 36.5982 24.0536 24.3491
internal_count=3256 1906 661 1350 1245 636 423 609 756 575 594
is_linear=0
shrinkage=0.05


Tree=456
num_leaves=10
num_cat=0
split_feature=74 231 64 15 36 110 34 244 394
split_gain=0.682379 1.27681 1.97408 1.71043 2.45298 1.57185 1.10059 0.740073 0.751191
threshold=0.21349797489082548 72.500000000000014 0.34558971277012812 -0.00066466013792004536 0.083222771047187935 23.500000000000004 0.039213440124490156 0.31818181818181823 0.0085746214540022309
decision_type=2 2 2 2 2 2 2 2 2
left_child=1 3 -3 4 -1 -5 -2 -4 -9
right_child=6 2 7 5 -6 -7 -8 8 -10
leaf_value=-0.023528474551267508 0.00059515128913846744 -0.0073815963932400853 0 0.015411236358678543 0 -0.0033448192802612076 -0.013835558843079205 0.020571345242012887 0.0013990467327636713
leaf_weight=15.488578155986032 18.474940746207722 12.822570977034045 12.672301832819356 15.284828208386896 19.712229379103519 19.210195874562487 18.595479042967781 22.489167254185304 14.633744912687687
leaf_count=263 323 285 246 357 384 374 318 428 278
internal_value=0 0.00152803 0.00678388 -0.00259135 -0.0103632 0.00420063 -0.00588975 0.0115908 0.0149295
internal_weight=169.384 132.314 62.6178 69.6958 35.2008 34.495 37.0704 49.7952 37.1229
internal_count=3256 2615 1237 1378 647 731 641 952 706
is_linear=0
shrinkage=0.05


Tree=457
num_leaves=1
num_cat=0
split_feature=
split_gain=
threshold=
decision_type=
left_child=
right_child=
leaf_value=0
leaf_weight=
leaf_count=3256
internal_value=
internal_weight=
internal_count=
is_linear=0
shrinkage=1


Tree=458
num_leaves=8
num_cat=0
split_feature=297 72 163 137 141 113 34
split_gain=0.736736 0.937268 0.782462 0.990826 1.28169 1.25039 1.20402
threshold=-0.74088374735870099 0.0076248077724025325 -0.021429223085953835 -0.14197651762067778 1.0000000180025095e-35 3.5000000000000004 0.022605196460121362
decision_type=2 2 2 2 2 2 2
left_child=1 -1 -2 -4 5 -5 -6
right_child=2 -3 3 4 6 -7 -8
leaf_value=0 -0.012662884439284487 0.015449938128569599 0.01042146332191541 -0.010902827095537287 0 0.003877995396593348 -0.017715970414448102
leaf_weight=11.438576139975341 11.59386222460307 12.923571365419773 15.278764904011039 14.013317044358699 12.855186589760708 72.962570351781324 18.243571624392644
leaf_count=304 268 689 184 180 219 1059 353
internal_value=0 0.00729917 -0.00161115 -2.61461e-05 -0.00201575 0.000656723 -0.0103566
internal_weight=169.309 24.3621 144.947 133.353 118.075 86.9759 31.0988
internal_count=3256 993 2263 1995 1811 1239 572
is_linear=0
shrinkage=0.05


Tree=459
num_leaves=9
num_cat=0
split_feature=399 70 265 66 390 112 111 64
split_gain=0.690268 0.853105 1.13997 1.05409 1.14643 0.901882 0.650954 0.484799
threshold=-0.29350499179089479 0.013138920101316265 0.16046986721144027 0.62509943472509477 -0.016051859190143233 10.500000000000002 17.500000000000004 0.4347771166749746
decision_type=2 2 2 2 2 2 2 2
left_child=-1 2 3 4 -2 -3 -5 -4
right_child=1 5 7 6 -6 -7 -8 -9
leaf_value=-0.010096527156061848 0.014396324192295052 0 -0.015321009410986922 0 0.0001746919126489803 0.017511123094034107 -0.012318370421897065 -0.00029833795654769703
leaf_weight=12.834595811320467 21.090023971628398 10.274206469301136 12.796538496622814 12.663557176012548 53.622895727050491 11.606550406315362 13.515740736969745 19.960834131226875
leaf_count=224 415 194 199 265 1051 257 302 349
internal_value=0 0.000838624 -0.000382722 0.00189206 0.00523336 0.00945494 -0.00548777 -0.00835825
internal_weight=168.365 155.53 133.65 100.892 74.7129 21.8808 26.1793 32.7574
internal_count=3256 3032 2581 2033 1466 451 567 548
is_linear=0
shrinkage=0.05


Tree=460
num_leaves=1
num_cat=0
split_feature=
split_gain=
threshold=
decision_type=
left_child=
right_child=
leaf_value=0
leaf_weight=
leaf_count=3256
internal_value=
internal_weight=
internal_count=
is_linear=0
shrinkage=1


Tree=461
num_leaves=12
num_cat=0
split_feature=268 71 2 28 165 65 162 392 266 353 66
split_gain=0.730943 0.900582 0.869148 0.833161 1.72752 1.71982 0.872251 0.828882 0.618497 0.597345 0.275186
threshold=-0.42902205382993336 1.4156012167002296 -0.0037758129221078783 0.050408413401306508 -0.0026374751461014866 -0.045183872884280711 2.1568148553100079 6.5000000000000009 0.22874983326664147 0.106102925307601 0.61775497236147758
decision_type=2 2 2 2 2 2 2 2 2 2 2
left_child=1 3 -2 5 -5 -1 -6 -7 9 -4 -10
right_child=2 -3 8 4 6 7 -8 -9 10 -11 -12
leaf_value=0.0064071726606168894 -0.01441442010643134 0.014454396042007113 0.0090778493958553648 -0.0053595310555678731 0.017624723401652286 -0.017981681152014699 0 0 -0.011857532948852924 -0.0023876443904447125 0
leaf_weight=15.426666402723638 13.477100104559211 10.535491450689731 18.744786011520777 18.065296530723572 19.868117636069655 17.068946595536548 12.44838063768111 10.784848932875319 10.177963533438744 11.539917739573864 10.152592427446505
leaf_count=268 390 146 201 274 447 219 269 179 441 125 297
internal_value=0 0.00231923 -0.00431767 3.0718e-05 0.0047594 -0.00434516 0.0118065 -0.0119648 -4.05682e-05 0.00338533 -0.00706605
internal_weight=168.29 104.198 64.0924 93.6623 50.3818 43.2805 32.3165 27.8538 50.6153 30.2847 20.3306
internal_count=3256 1802 1454 1656 990 666 716 398 1064 326 738
is_linear=0
shrinkage=0.05


Tree=462
num_leaves=12
num_cat=0
split_feature=305 375 110 117 265 112 165 266 104 365 65
split_gain=0.668979 1.10029 0.901551 1.32906 0.924867 0.728665 1.13486 1.4941 1.1158 0.942133 0.313577
threshold=0.091666666666666966 0.03304934422280615 48.500000000000007 -0.35529254828424439 0.051082251082251083 54.500000000000007 0.0001575077949430226 0.10069418862611294 -0.010630375704968217 0.18024736310741815 -0.057170362802987144
decision_type=2 2 2 2 2 2 2 2 2 2 2
left_child=2 5 3 10 -5 6 9 -8 -7 -2 -1
right_child=1 -3 -4 4 -6 8 7 -9 -10 -11 -12
leaf_value=-0.0020463103974074255 0.020765672400947705 0.015315072119078199 0.004072910137971327 0 -0.017498773584881881 -0.017182243750357592 -0.015265150128641772 0.0049171948635387489 0 0 0.0073878884740885943
leaf_weight=10.7080615980085 10.668778161518278 11.619899974204598 18.532849375391379 11.181773169897495 24.769858732819557 10.081384835066276 10.725790215656163 21.165275565930642 16.089688301319256 11.260507648810743 10.718450651271267
leaf_count=211 289 382 333 232 495 107 92 436 215 240 224
internal_value=0 0.00267774 -0.00354926 -0.00691934 -0.0126073 0 0.00363106 -0.00116651 -0.00606351 0.0119145 0.000953858
internal_weight=167.522 91.6113 75.911 57.3781 35.9516 79.9914 53.8204 31.8911 26.1711 21.9293 21.4265
internal_count=3256 1761 1495 1162 727 1379 1057 528 322 529 435
is_linear=0
shrinkage=0.05


Tree=463
num_leaves=1
num_cat=0
split_feature=
split_gain=
threshold=
decision_type=
left_child=
right_child=
leaf_value=0
leaf_weight=
leaf_count=3256
internal_value=
internal_weight=
internal_count=
is_linear=0
shrinkage=1


Tree=464
num_leaves=12
num_cat=0
split_feature=266 36 86 11 73 381 120 231 305 83 86
split_gain=0.724309 1.12643 1.12415 0.925862 1.39766 1.13224 0.997972 0.88613 0.743691 0.541191 0.512233
threshold=-0.091221812465992078 0.069640849412462971 -5898201.1641445002 -0.00031524850454583969 1.0313617557248127 28.590153426077517 -0.0013807625754699846 67.500000000000014 0.1473533448472388 -0.40934115590724646 -5440358.9338699942
decision_type=2 2 2 2 2 2 2 2 2 2 2
left_child=7 3 -3 5 6 -2 -5 9 -6 -1 -9
right_child=1 2 -4 4 8 -7 -8 10 -10 -11 -12
leaf_value=0 0.018285847199180801 0 -0.017027494078161648 0.013289265898675016 0 0 -0.0026171151056892557 -0.0080820012997850233 -0.019796811137057814 0.015917439518712544 0.0033931561221608648
leaf_weight=10.028702660696583 10.635527905542405 10.685002592392268 19.013849307782948 11.284955598413946 10.149285268969836 17.012850790051743 19.984281863318756 12.731030612252654 11.681811420945449 15.245321600465102 18.99446459650062
leaf_count=166 135 140 536 203 93 283 252 209 305 475 459
internal_value=0 -0.00258174 -0.0104521 0 -0.00323172 0.00751037 0.00232524 0.00419248 -0.012524 0.0107538 -7.22109e-05
internal_weight=167.447 110.448 29.6989 80.7487 53.1003 27.6484 31.2692 56.9995 21.8311 25.274 31.7255
internal_count=3256 1947 676 1271 853 418 455 1309 398 641 668
is_linear=0
shrinkage=0.05


Tree=465
num_leaves=9
num_cat=0
split_feature=399 10 78 15 74 220 73 221
split_gain=0.661324 0.843749 0.886032 1.83661 1.2455 1.70058 0.658728 0.424107
threshold=-0.29350499179089479 -0.034039342271535759 0.6239540879126263 -0.00040226829711368663 0.21349797489082548 6.470631665299444 0.94723166275647175 9.1872567921571129
decision_type=2 2 2 2 2 2 2 2
left_child=-1 6 3 -3 5 -4 -2 -6
right_child=1 2 4 -5 7 -7 -8 -9
leaf_value=-0.00991737742337131 0.017098047524911317 -0.019850013054587692 -0.0018323935200846185 0.00067678426069101363 0 0.012272397812539216 0 -0.012684185019720566
leaf_weight=12.689440047368405 10.057030482799748 13.852179309818892 33.384551862487569 18.544994494412094 10.010348656214775 37.257073808694258 18.289374657324515 12.202813527779652
leaf_count=224 256 250 706 387 161 684 382 206
internal_value=0 0.000838819 -0.000619646 -0.00762588 0.00146538 0.00512455 0.00832084 -0.00741343
internal_weight=166.288 153.598 125.252 32.3972 92.8548 70.6416 28.3464 22.2132
internal_count=3256 3032 2394 637 1757 1390 638 367
is_linear=0
shrinkage=0.05


Tree=466
num_leaves=1
num_cat=0
split_feature=
split_gain=
threshold=
decision_type=
left_child=
right_child=
leaf_value=0
leaf_weight=
leaf_count=3256
internal_value=
internal_weight=
internal_count=
is_linear=0
shrinkage=1


Tree=467
num_leaves=11
num_cat=0
split_feature=299 126 381 399 19 270 174 120 375 209
split_gain=0.715145 0.995777 1.75059 1.59433 1.47001 1.24562 1.03931 0.873397 0.606745 0.123063
threshold=-0.5209063469171572 -0.0067399039488402193 13.911093248238297 -0.10948066505889943 0.23537006834732874 -0.86740745430754174 -1.0000000180025095e-35 -0.00024094997595064391 -0.14235706920145016 3.7257824685150172
decision_type=2 2 2 2 2 2 2 2 2 2
left_child=-1 5 6 9 -5 7 -3 8 -2 -4
right_child=1 2 3 4 -6 -7 -8 -9 -10 -11
leaf_value=0.0081900451477355408 0 -0.0037428757315330625 -0.025080877721657509 -0.016319323937325356 0.0027782676784886256 -0.005676176076437927 0.011486435429293174 0 0.020237463961967621 -0.0048374146698222193
leaf_weight=18.761782770277932 10.918043203651903 14.941981712589039 12.78959687810857 10.338841266697271 30.057261711219326 15.840705191018058 18.068845480447635 10.175835310481487 13.800411294680091 10.520177365397101
leaf_count=902 91 221 376 173 431 325 258 120 176 183
internal_value=0 -0.00147686 -0.00463721 -0.00955326 -0.0017476 0.00353981 0.00346705 0.00916114 0.0139108 -0.0194384
internal_weight=166.213 147.452 96.7167 63.7059 40.3961 50.735 33.0108 34.8943 24.7185 23.3098
internal_count=3256 2354 1642 1163 604 712 479 387 267 559
is_linear=0
shrinkage=0.05


Tree=468
num_leaves=13
num_cat=0
split_feature=165 49 83 68 113 167 68 111 219 386 68 207
split_gain=0.648587 1.48489 1.12147 1.20625 1.62543 1.5143 1.14271 1.09917 1.586 0.650939 0.61255 0.171292
threshold=-0.0025000280889666761 0.17758094343267991 -0.14622910553628879 0.63858881465887241 50.500000000000007 -0.17394918167955573 0.71725104587547683 26.500000000000004 7.395031863605305 -1.0000000180025095e-35 0.63627356883164954 1.7772542715509492
decision_type=2 2 2 2 2 2 2 2 2 2 2 2
left_child=1 10 7 4 5 -4 -5 -2 -9 -6 -1 -10
right_child=2 -3 3 6 9 -7 -8 8 11 -11 -12 -13
leaf_value=-0.0089184633056375029 -0.018093736332475182 0.016679439639655274 0.019310833807008276 -0.015407083356664235 0.0027419155534177454 0 0.0013551807672266011 0.011784490718648601 -0.013951457745831506 -0.010823689383446699 0.0048767004648410522 0
leaf_weight=12.559287805575879 14.956904884544199 14.488468855037352 22.745739261154085 13.912961666705089 11.027649085037412 10.076039639068766 13.093491891864685 10.309450946515428 10.107994550140576 11.604312927694989 10.288096198812125 10.015376606141215
leaf_count=216 273 301 454 271 191 152 309 209 241 246 175 218
internal_value=0 0.00539805 -0.00184646 0.00114703 0.00576174 0.012741 -0.00629097 -0.00805202 -0.000440512 -0.00271575 -0.000927091 -0.0095822
internal_weight=165.186 37.3359 127.85 82.4602 55.4537 32.8218 27.0065 45.3897 30.4328 22.632 22.8474 20.1234
internal_count=3256 692 2564 1623 1043 606 580 941 668 437 391 459
is_linear=0
shrinkage=0.05


Tree=469
num_leaves=1
num_cat=0
split_feature=
split_gain=
threshold=
decision_type=
left_child=
right_child=
leaf_value=0
leaf_weight=
leaf_count=3256
internal_value=
internal_weight=
internal_count=
is_linear=0
shrinkage=1


Tree=470
num_leaves=7
num_cat=0
split_feature=107 355 364 355 31 105
split_gain=0.715041 0.986314 1.11642 1.08877 1.27259 1.11695
threshold=1.0000000180025095e-35 -0.22948327622510004 0.43944987274773745 -0.015432602005724249 0.013297315875109105 0.017774147322391461
decision_type=2 2 2 2 2 2
left_child=1 -1 -3 4 -4 -5
right_child=-2 2 3 5 -6 -7
leaf_value=-0.013347415783775855 0.010182101427484998 0.010199944149047815 0 -0.003353004090715483 -0.017349437577434262 0.0074694774286165003
leaf_weight=12.219431511941364 11.87329189875163 19.871223291265778 12.877400087076241 54.45845127850771 17.897708682226948 35.912835988332517
leaf_count=308 223 425 269 965 351 715
internal_value=0 -0.00125381 0 -0.00182073 -0.00959396 0.000514078
internal_weight=165.11 153.237 141.018 121.146 30.7751 90.3713
internal_count=3256 3033 2725 2300 620 1680
is_linear=0
shrinkage=0.05


Tree=471
num_leaves=10
num_cat=0
split_feature=106 21 296 23 126 353 231 265 399
split_gain=0.634272 0.971348 1.72514 1.31456 0.727231 0.743273 0.705373 0.481462 0.0728992
threshold=1.0000000180025095e-35 0.15990481591732988 0.54420810670361397 1.0000000180025095e-35 -0.0062975917458328859 0.083465546418646036 96.500000000000014 0.14576098059244127 -0.11959932965043814
decision_type=2 2 2 2 2 2 2 2 2
left_child=1 3 4 -1 5 -3 -6 -5 -4
right_child=-2 2 8 7 6 -7 -8 -9 -10
leaf_value=-0.015030857762784287 0.010041833887426729 -0.015620723027657865 0.018086852661956559 0.0060865991938998153 -0.00095677300503205849 0 0.011000975620277589 -0.0061533323169893558 0.0018074024235170323
leaf_weight=22.319321181625128 10.949202905176206 12.503987015224995 10.53172324143816 15.346439932938667 41.626121637178585 18.005898839095607 11.995941112283615 10.838641116628422 10.12446074944455
leaf_count=476 222 234 459 287 634 284 218 172 270
internal_value=0 -0.00107038 0.00126884 -0.00687431 -0.00151152 -0.0075791 0.00127641 0 0.0134623
internal_weight=164.242 153.293 104.788 48.5044 84.1319 30.5099 53.6221 26.1851 20.6562
internal_count=3256 3034 2099 935 1370 518 852 459 729
is_linear=0
shrinkage=0.05


Tree=472
num_leaves=1
num_cat=0
split_feature=
split_gain=
threshold=
decision_type=
left_child=
right_child=
leaf_value=0
leaf_weight=
leaf_count=3256
internal_value=
internal_weight=
internal_count=
is_linear=0
shrinkage=1


Tree=473
num_leaves=12
num_cat=0
split_feature=217 348 113 138 111 191 110 70 191 113 143
split_gain=0.700158 0.971221 1.0616 0.762135 0.73348 0.702379 0.914556 0.621666 0.582871 0.489833 0.0834863
threshold=7.6081917345781624 -0.026657104718480838 70.500000000000014 -1.0000000180025095e-35 14.500000000000002 0.59307831756251639 48.500000000000007 0.0066892622463169248 0.967451778913205 17.500000000000004 0.0002892253523343325
decision_type=2 2 2 2 2 2 2 2 2 2 2
left_child=5 3 7 -2 -5 6 -1 -3 -6 -7 -11
right_child=1 2 -4 4 8 9 -8 -9 -10 10 -12
leaf_value=0.0040248100275120042 0.011451600303146549 0 0.0019188682323654288 -0.010566270294347719 -0.0027866604155984587 0 -0.012087105310779637 -0.015241792451966777 0.0098150144693983869 0.015684998684939482 0.0018151829735986681
leaf_weight=19.088961101602766 11.828086301684378 10.398088632151483 11.93779700307641 12.521096232580019 10.833367340965198 10.011278059799222 10.301618051016701 28.495985352550633 12.685662532574495 13.413044601911681 12.652025951771064
leaf_count=340 220 195 279 265 209 229 177 584 245 269 244
internal_value=0 -0.00286602 -0.0076662 0.00139992 -0.00124472 0.00365574 -0.000675326 -0.0117284 0.00246638 0.00824467 0.0115551
internal_weight=164.167 98.7001 50.8319 47.8682 36.0401 65.4669 29.3906 38.8941 23.519 36.0763 26.0651
internal_count=3256 1997 1058 939 719 1259 517 779 454 742 513
is_linear=0
shrinkage=0.05


Tree=474
num_leaves=10
num_cat=0
split_feature=399 10 113 65 393 141 110 268 110
split_gain=0.630283 0.813642 1.17493 0.796918 0.948413 1.03167 0.919255 1.07124 0.828247
threshold=-0.29350499179089479 -0.034039342271535759 67.500000000000014 -0.039506259989994012 -0.14371869281657926 1.0000000180025095e-35 47.500000000000007 -0.38288809336487972 58.500000000000007
decision_type=2 2 2 2 2 2 2 2 2
left_child=-1 2 -2 4 -3 -6 7 -5 -8
right_child=1 3 -4 6 5 -7 8 -9 -10
leaf_value=-0.0097775903337242055 0.016735163010739768 0.0035909000111558837 0 -0.00676919434940405 -0.015278193655198093 0 0.016977223321495642 0.0078591268263895463 0
leaf_weight=12.458082647295667 14.916172483237462 10.28808152861893 12.96130977058783 34.895327725447714 24.887695870012976 10.276165850227697 12.882716328836977 13.931317321141249 15.91567017766647
leaf_count=224 331 257 307 663 408 259 228 348 231
internal_value=0 0.000797418 0.00820822 -0.000639953 -0.00597672 -0.0101483 0.00197086 -0.00141733 0.00887956
internal_weight=163.413 150.954 27.8775 123.077 45.4519 35.1639 77.625 48.8266 28.7984
internal_count=3256 3032 638 2394 924 667 1470 1011 459
is_linear=0
shrinkage=0.05


Tree=475
num_leaves=1
num_cat=0
split_feature=
split_gain=
threshold=
decision_type=
left_child=
right_child=
leaf_value=0
leaf_weight=
leaf_count=3256
internal_value=
internal_weight=
internal_count=
is_linear=0
shrinkage=1


Tree=476
num_leaves=8
num_cat=0
split_feature=299 72 354 364 364 70 28
split_gain=0.689956 0.854523 0.727399 1.00342 1.11834 1.24196 1.11689
threshold=-0.4658837473586997 0.0076248077724025325 0.2226361698808966 0.43944987274773745 0.48545696080610534 0.013138920101316265 0.051110524509836545
decision_type=2 2 2 2 2 2 2
left_child=1 -1 3 -2 6 -6 -5
right_child=2 -3 -4 4 5 -7 -8
leaf_value=0 0.010198944411664503 0.015017891250398969 -0.011013317711878332 -0.019851099132608966 0.0036021894567994091 -0.012363137702200959 0
leaf_weight=11.178688680985944 16.524115290027112 12.475403234595431 15.050639023655092 12.35655031912029 69.416672225808725 11.259505982976405 15.077460121945476
leaf_count=304 242 689 323 233 1076 165 224
internal_value=0 0.00712726 -0.00161232 0 -0.00207346 0.000413097 -0.0103486
internal_weight=163.339 23.6541 139.685 124.634 108.11 80.6762 27.434
internal_count=3256 993 2263 1940 1698 1241 457
is_linear=0
shrinkage=0.05


Tree=477
num_leaves=7
num_cat=0
split_feature=221 64 72 74 62 399
split_gain=0.620376 1.31094 2.16947 1.2682 1.07894 0.669846
threshold=18.771586269963059 0.340384815710225 0.0076505574760242449 -0.28854883024421391 0.54489596437742138 -0.089752439335872569
decision_type=2 2 2 2 2 2
left_child=1 -1 5 -4 -5 -3
right_child=-2 2 3 4 -6 -7
leaf_value=-0.013347593450095317 0.0078198709239220062 0.020257837137300491 0.0092296381938248052 -0.012692548879075938 -0.00035190349164889822 0.00010455864375968165
leaf_weight=16.741201999364421 18.370881484705023 12.36809527827427 13.133488520281388 29.784298902843148 59.081747726770118 13.078347464790566
leaf_count=369 419 223 279 680 1107 179
internal_value=0 -0.00128781 0.000183591 -0.00275293 -0.00531168 0.012761
internal_weight=162.558 144.187 127.446 102 88.866 25.4464
internal_count=3256 2837 2468 2066 1787 402
is_linear=0
shrinkage=0.05


Tree=478
num_leaves=1
num_cat=0
split_feature=
split_gain=
threshold=
decision_type=
left_child=
right_child=
leaf_value=0
leaf_weight=
leaf_count=3256
internal_value=
internal_weight=
internal_count=
is_linear=0
shrinkage=1


Tree=479
num_leaves=12
num_cat=0
split_feature=217 348 113 78 138 217 110 217 37 19 393
split_gain=0.689511 0.918638 0.998977 0.875754 0.714753 0.645923 0.850459 0.581213 0.490384 0.474855 0.141557
threshold=7.6081917345781624 -0.026657104718480838 70.500000000000014 0.62039788005247487 -1.0000000180025095e-35 5.9307831756251632 48.500000000000007 10.459952906292234 0.039305474821847645 0.24212674629393535 -0.030048497945560103
decision_type=2 2 2 2 2 2 2 2 2 2 2
left_child=5 4 3 -3 -2 6 -1 8 -6 -7 -11
right_child=1 2 -4 -5 7 9 -8 -9 -10 10 -12
leaf_value=0.0039857240316782177 0.011064042468559484 0 0.0016527234250209252 -0.016256767365057521 0 0 -0.011652832049174756 0.0037941502551525862 -0.013756607299586145 0.015718995103090671 0.0011617894037496477
leaf_weight=18.94795286864974 11.707435235381125 12.283775368938221 11.815346042276358 26.155071970424615 10.106096488190817 10.381923091132192 10.146770050167104 15.535829363972878 10.087241697125135 13.234431058168409 12.082291035214441
leaf_count=340 220 285 279 494 187 229 177 314 218 306 207
internal_value=0 -0.00288874 -0.00757879 -0.0115372 0.00124379 0.00361008 -0.000489757 -0.00129079 -0.00734344 0.00802246 0.0113965
internal_weight=162.484 97.6908 50.2542 38.4388 47.4366 64.7934 29.0947 35.7292 20.1933 35.6986 25.3167
internal_count=3256 1997 1058 779 939 1259 517 719 405 742 513
is_linear=0
shrinkage=0.05


Tree=480
num_leaves=11
num_cat=0
split_feature=25 162 113 126 397 19 365 110 174 265
split_gain=0.64735 0.94556 0.843864 1.1079 1.08245 2.12082 1.83374 1.34685 0.730975 0.0728503
threshold=0.057680863051897339 1.0542446783210926 3.5000000000000004 -0.0062975917458328859 -0.0050313856371331485 0.39845725959981859 0.14948328114150669 46.500000000000007 -1.0000000180025095e-35 0.098180845371856618
decision_type=2 2 2 2 2 2 2 2 2 2
left_child=2 -2 3 -1 5 9 -6 -8 -3 -4
right_child=1 8 4 -5 6 -7 7 -9 -10 -11
leaf_value=0 0.0024151344650705565 0 0.019592026908893445 0.017469747705318756 -0.016854491709403462 -0.0083764955842523282 -0.0045140100988370312 0.012280467251491929 -0.018289584479956825 0.0029692360182544328
leaf_weight=11.1860987523105 12.898957409895955 12.610795560176483 12.368568949983457 14.089174804510549 17.496175549924374 10.236775249708442 32.248127920436673 14.570370805682613 13.084609266952613 11.04943047382403
leaf_count=197 243 247 282 212 334 168 807 272 237 257
internal_value=0 -0.00555137 0.0016327 0.00930038 -6.78518e-05 0.00632768 -0.00429016 0.000133725 -0.0111274 0.0148693
internal_weight=161.839 38.5944 123.245 25.2753 97.9694 33.6548 64.3147 46.8185 25.6954 23.418
internal_count=3256 727 2529 409 2120 707 1413 1079 484 539
is_linear=0
shrinkage=0.05


Tree=481
num_leaves=1
num_cat=0
split_feature=
split_gain=
threshold=
decision_type=
left_child=
right_child=
leaf_value=0
leaf_weight=
leaf_count=3256
internal_value=
internal_weight=
internal_count=
is_linear=0
shrinkage=1


Tree=482
num_leaves=11
num_cat=0
split_feature=272 71 19 68 11 28 165 65 162 219
split_gain=0.683308 0.835319 0.812791 1.37872 0.889407 0.721744 1.59402 1.50059 0.799465 0.687517
threshold=-1.4290220538299332 1.4156012167002296 0.47821999192709747 0.42497551054376165 0.0013332547484414816 0.050408413401306508 -0.0026374751461014866 -0.045183872884280711 2.1568148553100079 5.3158074280407392
decision_type=2 2 2 2 2 2 2 2 2 2
left_child=1 5 3 -2 -5 7 -7 -1 -8 -9
right_child=2 -3 -4 4 -6 6 8 9 -10 -11
leaf_value=0.0059645621183268237 0.0036902715132467387 0.014100227096971819 0.0029393857775511819 -0.017955818575264605 0 -0.0052491822871370292 0.017133397920544618 -0.018514580121204948 0 0
leaf_weight=14.829045149497686 10.923256930662317 10.138388884719459 16.334975050529465 23.45708451338578 10.780509295873342 17.461062817601487 19.023929979535755 13.322245711926373 11.871348105836658 13.623366099549456
leaf_count=268 113 146 301 781 259 274 447 174 269 224
internal_value=0 0.00225221 -0.0042854 -0.00795715 -0.0130138 0 0.00451143 -0.00411751 0.0114793 -0.0113774
internal_weight=161.765 100.269 61.4958 45.1609 34.2376 90.131 48.3563 41.7747 30.8953 26.9456
internal_count=3256 1802 1454 1153 1040 1656 990 666 716 398
is_linear=0
shrinkage=0.05


Tree=483
num_leaves=13
num_cat=0
split_feature=305 393 105 73 394 212 40 21 113 162 68 290
split_gain=0.620156 0.789129 0.919712 0.847209 0.811348 0.696936 0.665465 1.03904 0.722151 0.630413 0.574216 0.0963175
threshold=0.091666666666666966 -0.030048497945560103 -0.047235720914033386 0.86336814205068502 -0.0038592176914631344 1.3736579218812726 -0.012304762575404584 0.17370220906863923 28.500000000000004 1.0429607425776257 0.45654758003346058 0.43159753787879035
decision_type=2 2 2 2 2 2 2 2 2 2 2 2
left_child=1 3 -3 -1 -4 -5 8 9 -2 -8 -9 -12
right_child=6 2 4 5 -6 -7 7 10 -10 -11 11 -13
leaf_value=0 -0.011905995608289213 -0.0070966445410119558 0.016463025522655796 0 0 -0.017844239284186641 0.0060683239540690673 0 0.0025194469804267349 -0.006661768441912708 0.0033656941013111979 0.020999916294815357
leaf_weight=11.032011114293708 11.115451543475503 12.531784844584761 10.192780602490529 10.250629612244667 11.017632943112403 18.129752788576297 14.145291740773244 11.324870517477391 10.664256345713509 18.286198729416355 11.206506656482818 10.876973377773536
leaf_count=213 142 260 142 228 173 479 265 142 254 335 123 500
internal_value=0 -0.00348536 0.000906949 -0.00822282 0.00799436 -0.0126048 0.0026268 0.00539908 -0.00337503 0 0.0112456 0.0155174
internal_weight=160.774 73.1546 33.7422 39.4124 21.2104 28.3804 87.6195 65.8398 21.7797 32.4315 33.4084 22.0835
internal_count=3256 1495 575 920 315 707 1761 1365 396 600 765 623
is_linear=0
shrinkage=0.05


Tree=484
num_leaves=1
num_cat=0
split_feature=
split_gain=
threshold=
decision_type=
left_child=
right_child=
leaf_value=0
leaf_weight=
leaf_count=3256
internal_value=
internal_weight=
internal_count=
is_linear=0
shrinkage=1


Tree=485
num_leaves=7
num_cat=0
split_feature=297 163 137 258 56 16
split_gain=0.675634 0.912703 0.960262 1.11138 1.9798 0.959755
threshold=-0.79590634691715823 -0.021429223085953835 -0.14197651762067778 1.1323529411764708 0.57640481523458942 -0.00036735119111278909
decision_type=2 2 2 2 2 2
left_child=-1 -2 -3 5 -5 -4
right_child=1 2 3 4 -6 -7
leaf_value=0.0080596595008427512 -0.013468562037501597 0.010550957847342201 0.0073285043192060379 -0.014637111823566973 0.0036539461759851101 -0.0038133154364911773
leaf_weight=18.229318375466391 11.287736452883108 15.179898610338567 37.867810574476607 32.386159197427332 17.626886749407277 28.122440596809611
leaf_count=902 269 198 550 590 248 499
internal_value=0 -0.00145996 0 -0.00177946 -0.00740538 0.00189621
internal_weight=160.7 142.471 131.183 116.003 50.013 65.9903
internal_count=3256 2354 2085 1887 838 1049
is_linear=0
shrinkage=0.05


Tree=486
num_leaves=10
num_cat=0
split_feature=266 165 265 34 113 78 111 73 15
split_gain=0.601139 1.19775 0.907943 0.900757 1.18643 0.999848 1.16245 0.823766 0.570015
threshold=0.23430581308204701 0.00048235139771474401 0.051082251082251083 0.011703386652136409 39.500000000000007 0.76956737689710597 34.500000000000007 0.91656518052690228 -0.00040226829711368663
decision_type=2 2 2 2 2 2 2 2 2
left_child=1 3 -3 4 -1 8 -7 -4 -5
right_child=-2 2 7 5 -6 6 -8 -9 -10
leaf_value=-0.01258118586853125 0.0074979444461656525 3.746033640367229e-05 0 -0.0093674231668874827 0.0048764341744479385 0.016237883741275976 0 -0.016556160813384114 0.0036311758978590579
leaf_weight=17.644116984680299 19.153304246952757 14.892449769424273 11.875845405273138 10.878778848098593 10.975259735248981 24.593356509692967 12.409973768633789 23.689675985020585 13.731960020493714
leaf_count=221 889 265 200 202 200 376 253 405 245
internal_value=0 -0.00133843 -0.00747446 0.00168662 -0.00447757 0.00539862 0.0104511 -0.0116747 -0.000697254
internal_weight=159.845 140.691 50.458 90.2334 28.6194 61.6141 37.0033 35.5655 24.6107
internal_count=3256 2367 870 1497 421 1076 629 605 447
is_linear=0
shrinkage=0.05


Tree=487
num_leaves=1
num_cat=0
split_feature=
split_gain=
threshold=
decision_type=
left_child=
right_child=
leaf_value=0
leaf_weight=
leaf_count=3256
internal_value=
internal_weight=
internal_count=
is_linear=0
shrinkage=1


Tree=488
num_leaves=12
num_cat=0
split_feature=217 126 20 62 381 0 72 290 383 270 231
split_gain=0.670156 0.872239 1.51708 0.947882 0.965199 0.608094 0.576098 0.52531 0.422326 0.327353 0.583461
threshold=7.6081917345781624 -0.0062975917458328859 0.15708129784447977 0.46439246111408855 16.203516186834467 -0.0007322340927141416 0.0076718979462274328 0.34972026681995116 1.5000000000000002 -0.79337944599030541 84.500000000000014
decision_type=2 2 2 2 2 2 2 2 2 2 2
left_child=5 2 -2 8 -5 7 -4 -1 -3 10 -7
right_child=1 3 6 4 -6 9 -8 -9 -10 -11 -12
leaf_value=0.003281391137641343 0.015263650432276199 0.0045641431447272056 -0.011579310192154663 0 -0.019202069805938818 0.016799295476391377 0.00033139693936155466 -0.0086650374816461314 -0.0062958844780879458 0 0
leaf_weight=17.687500071246181 12.468303667847065 17.043106454540979 10.502144623547794 11.652585854404608 17.579108609352261 13.52242103405297 13.801262890920041 11.552080894703975 13.102892156806773 10.021664702799169 10.838284937664865
leaf_count=324 228 367 140 268 380 237 297 245 317 232 221
internal_value=0 -0.00285412 0.00214537 -0.00670608 -0.012671 0.00360895 -0.00369103 -0.000254673 0 0.00798894 0.0108218
internal_weight=159.771 96.1494 36.7717 59.3777 29.2317 63.622 24.3034 29.2396 30.146 34.3824 24.3607
internal_count=3256 1997 665 1332 648 1259 437 569 684 690 458
is_linear=0
shrinkage=0.05


Tree=489
num_leaves=11
num_cat=0
split_feature=25 74 68 242 256 246 215 268 215 1
split_gain=0.623671 1.26922 1.19984 0.827822 1.18045 0.774836 0.770523 0.731078 1.23392 0.71359
threshold=0.057680863051897339 -0.040962778692280592 0.53934694988102827 0.60294117647058842 1.5952380952380956 0.23033707865168543 3.30696494064071 -0.39555212025236536 6.7454934737108365 0.0030930944956449884
decision_type=2 2 2 2 2 2 2 2 2 2
left_child=1 2 5 -4 -5 -1 9 8 -2 -3
right_child=7 6 3 4 -6 -7 -8 -9 -10 -11
leaf_value=0 -0.019814468246327942 -0.0064238394929339139 -0.0055998916690148115 -0.0021748119577052602 0.014828023814103667 -0.015837544661541997 0.014059001712723904 0.0010779658844984022 0 0.0075589120818716528
leaf_weight=10.441077633178795 12.62714574148413 12.221735157305377 12.957938232924787 10.131876934552567 18.242858620011248 17.340376240084879 22.491631983197294 12.870130106690338 12.40878662210889 17.244022189406678
leaf_count=283 270 267 332 205 336 384 452 275 182 270
internal_value=0 0.0016005 -0.00228876 0.00218953 0.00753569 -0.0101398 0.00752633 -0.00550877 -0.0104312 0.000161425
internal_weight=158.978 121.072 69.1141 41.3327 28.3747 27.7815 51.9574 37.9061 25.0359 29.4658
internal_count=3256 2529 1540 873 541 667 989 727 452 537
is_linear=0
shrinkage=0.05


Tree=490
num_leaves=1
num_cat=0
split_feature=
split_gain=
threshold=
decision_type=
left_child=
right_child=
leaf_value=0
leaf_weight=
leaf_count=3256
internal_value=
internal_weight=
internal_count=
is_linear=0
shrinkage=1


Tree=491
num_leaves=12
num_cat=0
split_feature=266 36 260 11 105 268 381 167 231 394 354
split_gain=0.676165 1.00955 1.15918 0.811313 1.06527 1.07833 0.977474 0.810355 0.750934 0.876481 0.426604
threshold=-0.091221812465992078 0.069640849412462971 0.75454545454545474 -0.00031524850454583969 1.0000000180025095e-35 -0.43261856577631636 37.571796290283089 -0.23370904364797554 67.500000000000014 -0.0033123529150995696 0.16730411748147161
decision_type=2 2 2 2 2 2 2 2 2 2 2
left_child=8 3 -3 6 5 -5 -2 -6 10 -10 -1
right_child=1 2 -4 4 7 -7 -8 -9 9 -11 -12
leaf_value=0.015254919735210207 0.014712031744808752 -0.019338484867147242 0 0 -0.0034982242019802575 -0.01751182873587567 -0.00062911377681560277 0.011585846486446122 -0.010097322515531585 0.0054526576669738725 0
leaf_weight=13.827893019071782 15.157647813204678 13.418157675303521 14.561132878065107 10.997459867037835 11.656794715905564 15.50840092403814 10.942475332063621 12.391305766534058 12.382850095164033 17.94850017176941 10.111679573659783
leaf_count=399 244 340 336 112 203 382 174 156 155 513 242
internal_value=0 -0.00258314 -0.01023 0 -0.00316463 -0.0100498 0.00716026 0.00284858 0.00412016 0 0.0102847
internal_weight=158.904 104.633 27.9793 76.6541 50.554 26.5059 26.1001 24.0481 54.2709 30.3314 23.9396
internal_count=3256 1947 676 1271 853 494 418 359 1309 668 641
is_linear=0
shrinkage=0.05


Tree=492
num_leaves=9
num_cat=0
split_feature=399 70 68 191 244 10 354 381
split_gain=0.599156 0.718953 0.884569 1.07221 1.90278 1.06057 0.805321 0.365322
threshold=-0.29350499179089479 0.013138920101316265 0.65983738550032922 0.77244472124592412 0.28181818181818186 1.0000000180025095e-35 0.073433909509765014 16.203516186834467
decision_type=2 2 2 2 2 2 2 2
left_child=-1 2 3 6 -5 -4 -2 -3
right_child=1 7 5 4 -6 -7 -8 -9
leaf_value=-0.0096420761490296578 -0.008958639033293565 0 0 -0.0078602874066902011 0.01080102210770429 -0.018220743656370424 0.0032220184760191339 0.014643591447245502
leaf_weight=12.12320964259561 28.983621035702527 10.32979187811725 10.982113817008214 13.167033918434752 47.422163116279989 11.172585999360306 13.774041673517784 10.00483583146706
leaf_count=224 567 197 236 230 1008 253 287 254
internal_value=0 0.000785744 -0.000328751 0.0012699 0.00577981 -0.00903589 -0.00398804 0.00896488
internal_weight=157.959 145.836 125.502 103.347 60.5892 22.1547 42.7577 20.3346
internal_count=3256 3032 2581 2092 1238 489 854 451
is_linear=0
shrinkage=0.05


Tree=493
num_leaves=1
num_cat=0
split_feature=
split_gain=
threshold=
decision_type=
left_child=
right_child=
leaf_value=0
leaf_weight=
leaf_count=3256
internal_value=
internal_weight=
internal_count=
is_linear=0
shrinkage=1


Tree=494
num_leaves=12
num_cat=0
split_feature=297 72 191 348 113 213 406 72 70 244 33
split_gain=0.658195 0.760705 0.693883 1.06068 1.40535 0.932695 0.99455 0.602403 0.701137 0.494298 0.296042
threshold=-0.74088374735870099 0.0076248077724025325 0.74979328163534942 -0.042230960209772177 66.500000000000014 5.2745633194452113 -0.0020728625360648674 0.0099215794182766093 0.0080597039535081662 0.44545454545454549 0.022617638307752357
decision_type=2 2 2 2 2 2 2 2 2 2 2
left_child=1 -1 5 7 9 6 -2 8 -4 -5 -8
right_child=2 -3 3 4 -6 -7 10 -9 -10 -11 -12
leaf_value=0 -0.009909241460087646 0.014579993223026669 0 -0.00028587198703959506 0.0020396178932476977 0.012117511242219645 0.0093324030238507889 -0.0063802007247198622 0.013998950425776473 -0.018871962892464941 0
leaf_weight=10.884736987529324 17.538208132260479 11.998848645831456 14.079546850174667 10.985177781898527 10.838358487468211 14.341197985224424 11.318550709867852 11.352214414393528 10.696413082769139 22.759763881796971 11.092556572752072
leaf_count=304 277 689 230 198 231 200 169 241 122 406 189
internal_value=0 0.00705043 -0.00161256 -0.00469051 -0.0097074 0.00209658 -0.000931754 0.000492239 0.00579027 -0.0146996 0.00446655
internal_weight=157.886 22.8836 135.002 80.7115 44.5833 54.2905 39.9493 36.1282 24.776 33.7449 22.4111
internal_count=3256 993 2263 1428 835 835 635 593 352 604 358
is_linear=0
shrinkage=0.05


Tree=495
num_leaves=10
num_cat=0
split_feature=165 49 66 124 264 83 224 246 66
split_gain=0.605497 1.32228 1.31542 1.3788 1.05545 1.47274 0.979839 0.536 0.51491
threshold=-0.0025000280889666761 0.17758094343267991 0.61775497236147758 -8.4999999999999982 27.500000000000004 -0.039958310756444841 2.0808086895960605 0.23033707865168543 0.60908822036174792
decision_type=2 2 2 2 2 2 2 2 2
left_child=1 8 3 -2 -5 -6 7 -4 -1
right_child=2 -3 6 4 5 -7 -8 -9 -10
leaf_value=-0.0086024292152038113 0.013944796260313136 0.016094463960177201 -0.022888073262463018 0.010356310173616321 -0.013502901614300731 0.0014883524222208339 0 -0.0036984901716191339 0.0041924113752717816
leaf_weight=11.393705358030276 15.18757804611232 13.848359691211952 10.437616793555209 10.320906032575293 23.995015864376906 28.021361055667516 15.157408477971329 18.380276279058307 10.36457091977354
leaf_count=197 273 301 224 233 531 563 312 428 194
internal_value=0 0.00526786 -0.00188504 0.00153042 -0.00123031 -0.00487746 -0.00868381 -0.013723 -0.00071859
internal_weight=157.107 35.6066 121.5 77.5249 62.3373 52.0164 43.9753 28.8179 21.7583
internal_count=3256 692 2564 1600 1327 1094 964 652 391
is_linear=0
shrinkage=0.05


Tree=496
num_leaves=1
num_cat=0
split_feature=
split_gain=
threshold=
decision_type=
left_child=
right_child=
leaf_value=0
leaf_weight=
leaf_count=3256
internal_value=
internal_weight=
internal_count=
is_linear=0
shrinkage=1


Tree=497
num_leaves=9
num_cat=0
split_feature=284 365 219 373 231 394 74 225
split_gain=0.644755 0.922114 1.24776 1.0371 0.754872 0.809138 0.682074 0.442513
threshold=-0.46316774690411316 0.14313442558080838 8.7698634385985148 -0.11689573578167971 59.500000000000007 -0.0033123529150995696 -0.069915145704764731 -2.2620397741095997
decision_type=2 2 2 2 2 2 2 2
left_child=4 -2 3 -3 7 -6 -5 -1
right_child=1 2 -4 6 5 -7 -8 -9
leaf_value=0 0.0055015569774038526 0.0073702438794110607 -0.016581047153725773 0.0003565959267270082 -0.0089347708294534572 0.0053091407281499001 -0.0097344810928618429 0.015980490553560902
leaf_weight=10.135614617262037 19.37776869116351 18.098217924241908 16.574767998652533 15.568060191813855 14.321078539360313 19.709135254612193 30.96990193426609 12.277549946797079
leaf_count=157 319 306 451 305 190 566 525 437
internal_value=0 -0.00260662 -0.00526213 -0.00101364 0.00390845 0 -0.00553228 0.0104877
internal_weight=157.032 100.589 81.2109 64.6362 56.4434 34.0302 46.538 22.4132
internal_count=3256 1906 1587 1136 1350 756 830 594
is_linear=0
shrinkage=0.05


Tree=498
num_leaves=10
num_cat=0
split_feature=305 375 393 264 113 393 111 105 67
split_gain=0.591721 0.912419 0.862399 1.03938 1.23573 0.728958 1.04833 0.850948 0.629533
threshold=0.091666666666666966 0.03304934422280615 -0.14371869281657926 37.500000000000007 44.500000000000007 -0.030048497945560103 24.500000000000004 -0.047235720914033386 0.0077485768383320783
decision_type=2 2 2 2 2 2 2 2 2
left_child=5 2 -2 -4 -5 6 -1 -7 -9
right_child=1 -3 3 4 -6 7 -8 8 -10
leaf_value=0 0.0094131137651834972 0.014404113480552441 0.0078472927834406844 -0.01374251418856517 0.0002428056619849957 -0.0070009237048741738 -0.01516628102412286 0 0.014915900704468941
leaf_weight=18.032718265196308 16.685536593431607 10.771490263869053 11.564905123552306 24.5401006329339 21.669749455759302 12.235995843191629 20.16568977443967 10.316231849370526 10.359395433682947
leaf_count=330 352 382 225 376 426 260 590 185 130
internal_value=0 0.00255558 0 -0.00260281 -0.00655317 -0.00349077 -0.00810692 0.000704266 0.00768543
internal_weight=156.342 85.2318 74.4603 57.7748 46.2099 71.11 38.1984 32.9116 20.6756
internal_count=3256 1761 1379 1027 802 1495 920 575 315
is_linear=0
shrinkage=0.05


Tree=499
num_leaves=1
num_cat=0
split_feature=
split_gain=
threshold=
decision_type=
left_child=
right_child=
leaf_value=0
leaf_weight=
leaf_count=3256
internal_value=
internal_weight=
internal_count=
is_linear=0
shrinkage=1


Tree=500
num_leaves=8
num_cat=0
split_feature=297 68 260 86 104 15 83
split_gain=0.651168 0.69406 1.22601 1.28943 1.25166 0.887823 0.655489
threshold=-0.79590634691715823 0.42497551054376165 0.3727272727272728 -5943096.3666109955 0.065645620107423933 8.2373533711297805e-05 -0.075388132507794983
decision_type=2 2 2 2 2 2 2
left_child=-1 6 5 -4 -5 -3 -2
right_child=1 2 3 4 -6 -7 -8
leaf_value=0.0080397002977667959 0.013278388139346071 0.014258357770263467 0.0054841132977770475 -0.014045660758267343 0 -0.00058746653984459332 0
leaf_weight=17.711457865545526 10.231564221438022 10.867156443651767 11.758854205021633 46.156271938350983 27.595173628418706 16.699345901957713 15.246861910447477
leaf_count=902 118 157 156 904 502 346 171
internal_value=0 -0.00142934 -0.00338514 -0.00654258 -0.00925097 0.00445423 0.00493727
internal_weight=156.267 138.555 113.077 85.5103 73.7514 27.5665 25.4784
internal_count=3256 2354 2065 1562 1406 503 289
is_linear=0
shrinkage=0.05


Tree=501
num_leaves=12
num_cat=0
split_feature=268 117 110 62 373 112 117 33 213 373 123
split_gain=0.56811 1.0085 1.10463 1.44404 1.25738 1.11745 0.928277 0.578035 0.543332 0.247425 0.239201
threshold=-0.36176274474146591 -0.45244216908950202 47.500000000000007 0.45900774752514278 -0.021988981625082445 10.500000000000002 -0.44771208476151797 0.011626367763366154 6.0841582472747229 0.023802104804202088 1.0000000180025095e-35
decision_type=2 2 2 2 2 2 2 2 2 2 2
left_child=1 8 4 -4 5 -3 -2 -8 10 -6 -1
right_child=6 2 3 -5 9 -7 7 -9 -10 -11 -12
leaf_value=0.0044505834476687139 -0.0032004917476693485 -0.010098571682599644 -0.0087046608052625679 0.011926162184410369 -0.022750294878035798 0.0065170599568960185 0 0.01631475910035261 0.012080836720395203 -0.0041355505609211819 -0.0048156220255283523
leaf_weight=10.288874615216628 11.997982346103525 16.287216348107904 10.629038212122397 15.883366098627446 13.141555964713918 16.64779114862904 10.488028282998132 14.263589618261902 11.35590511607006 13.05734053137712 11.436298940330744
leaf_count=232 391 249 181 196 311 243 187 629 177 255 205
internal_value=0 -0.0018955 -0.00500628 0.00191682 -0.00885762 -0.000465493 0.00497271 0.0106539 0.00451912 -0.0165633 0
internal_weight=155.477 118.727 85.6463 26.5124 59.1339 32.935 36.7496 24.7516 33.0811 26.1989 21.7252
internal_count=3256 2049 1435 377 1058 492 1207 816 614 566 437
is_linear=0
shrinkage=0.05


Tree=502
num_leaves=1
num_cat=0
split_feature=
split_gain=
threshold=
decision_type=
left_child=
right_child=
leaf_value=0
leaf_weight=
leaf_count=3256
internal_value=
internal_weight=
internal_count=
is_linear=0
shrinkage=1


Tree=503
num_leaves=12
num_cat=0
split_feature=270 126 372 110 399 46 217 105 110 187 268
split_gain=0.619735 0.997687 1.09776 1.0395 0.833058 1.13505 0.806308 1.0723 0.766964 0.700044 0.342947
threshold=-0.85807220831973208 -0.0062975917458328859 -0.0051521681881048212 44.500000000000007 -0.060395407339102834 0.82884551839431519 8.2163340098108737 0.12311910920739048 48.500000000000007 0.15151667103397379 -0.59754529729585582
decision_type=2 2 2 2 2 2 2 2 2 2 2
left_child=1 2 -1 -4 5 -2 8 10 9 -3 -8
right_child=4 6 3 -5 -6 -7 7 -9 -10 -11 -12
leaf_value=0.016946018846641219 -0.018242572794051389 0 0.0087367377421071913 -0.0090024570914631306 0.0018995163313921056 0 0.0048024580561702749 -0.018119679421460227 -0.0040271983166391273 0.016278674959703348 -0.0052354466939582732
leaf_weight=15.80949124926701 15.328641358064489 11.306070103193635 15.550575864035638 11.594172043260185 13.012573118088765 10.992203435511327 12.008856517495586 10.664788570022209 12.219360936433075 11.264789981534703 15.650562814436855
leaf_count=325 738 207 333 155 269 182 250 191 150 236 220
internal_value=0 0.00161933 0.00760396 0 -0.00540584 -0.0105476 -0.00140082 -0.00661032 0.00308395 0.00890993 0
internal_weight=155.402 116.069 42.9542 27.1447 39.3334 26.3208 73.1144 38.3242 34.7902 22.5709 27.6594
internal_count=3256 2067 813 488 1189 920 1254 661 593 443 470
is_linear=0
shrinkage=0.05


Tree=504
num_leaves=11
num_cat=0
split_feature=74 211 74 68 231 1 386 113 83 265
split_gain=0.589609 1.1047 1.03073 1.47224 1.22935 1.1705 0.662589 0.57895 0.483295 0.360182
threshold=0.21349797489082548 2.4880179652844032 -0.040962778692280592 0.53934694988102827 54.500000000000007 0.0015843010483106437 0.10554473880732708 35.500000000000007 0.137725408007385 0.089061467283542653
decision_type=2 2 2 2 2 2 2 2 2 2
left_child=2 -2 3 9 -5 7 -6 -4 -7 -1
right_child=1 -3 5 4 6 8 -8 -9 -10 -11
leaf_value=0 -0.014380704275187351 0.00070342548088210262 -0.0079714957423689566 -0.0068870906644169817 0.013205224980453498 0.02169274063144461 0 0.0064443503696379849 0.0010498845198674441 -0.014543769962948148
leaf_weight=11.166489743976856 16.206568031338975 17.536462198360823 10.977033315459268 13.810279767727478 22.202849666820839 11.354033824987711 12.05990628688596 10.465277416747993 11.08718573709484 17.392737832386047
leaf_count=329 262 379 237 302 507 190 228 238 228 356
internal_value=0 -0.00576322 0.00143293 -0.00156389 0.00300865 0.00749784 0.00857249 0 0.0147858 -0.0103994
internal_weight=154.259 33.743 120.516 76.6323 48.073 43.8835 34.2628 21.4423 22.4412 28.5592
internal_count=3256 641 2615 1722 1037 893 735 475 418 685
is_linear=0
shrinkage=0.05


Tree=505
num_leaves=1
num_cat=0
split_feature=
split_gain=
threshold=
decision_type=
left_child=
right_child=
leaf_value=0
leaf_weight=
leaf_count=3256
internal_value=
internal_weight=
internal_count=
is_linear=0
shrinkage=1


Tree=506
num_leaves=7
num_cat=0
split_feature=107 354 364 394 231 29
split_gain=0.604306 0.81882 0.779891 1.06767 0.960279 0.712489
threshold=1.0000000180025095e-35 0.2565994448948779 0.43944987274773745 -0.0024480764977160559 74.500000000000014 0.024211205577416076
decision_type=2 2 2 2 2 2
left_child=1 2 -1 4 -4 -5
right_child=-2 -3 3 5 -6 -7
leaf_value=0.0085668539903467743 0.0096405672254867326 -0.012979791978418443 -0.00018992223716243683 0.0070924326324715223 -0.015231589369482674 -0.0027514507526518548
leaf_weight=19.375916772871278 11.113152550184166 10.332123565487562 35.446934467530809 35.353615646134131 18.656180069549009 23.906526391627267
leaf_count=474 223 259 656 815 416 413
internal_value=0 -0.00116743 0 -0.0016257 -0.00678001 0.00237694
internal_weight=154.184 143.071 132.739 113.363 54.1031 59.2601
internal_count=3256 3033 2774 2300 1072 1228
is_linear=0
shrinkage=0.05


Tree=507
num_leaves=12
num_cat=0
split_feature=25 74 74 16 162 162 217 372 165 162 165
split_gain=0.566203 1.18761 1.01661 1.64182 0.999885 0.868688 0.74788 0.982089 0.422861 0.273773 0.167116
threshold=0.057680863051897339 -0.040962778692280592 -0.23100930527528096 0.0012048879034494634 1.0460215560433863 1.0542446783210926 6.7452684162386527 -0.0077863668946177014 -0.001585587004975135 1.0389571904311281 0.00038755467754929236
decision_type=2 2 2 2 2 2 2 2 2 2 2
left_child=1 2 3 4 -1 -2 9 -8 -7 -3 -4
right_child=5 6 10 -5 -6 8 7 -9 -10 -11 -12
leaf_value=-0.013197924566784938 0.0022888493230450507 0.0050048163169903286 -0.00018326705734765341 0.013581961986856326 0.0019876633162035028 0 0 0.01888605102387541 -0.016011369921830981 -0.00492943690016567 -0.015533818198873084
leaf_weight=14.990960954688491 12.179087614873422 11.204144714982251 10.697561183944346 15.73939554300159 14.818150047794914 10.573130059521645 11.344946451601574 17.171839401591569 13.750214165309444 10.524796711397356 10.559073627693577
leaf_count=334 243 179 282 360 329 202 278 317 282 215 235
internal_value=0 0.00150165 -0.00230131 0.00108121 -0.00463368 -0.00538335 0.00734177 0.0122633 -0.0108844 0 -0.0108479
internal_weight=153.553 117.051 66.8051 45.5485 29.8091 36.5024 50.2457 28.5168 24.3233 21.7289 21.2566
internal_count=3256 2529 1540 1023 663 727 989 595 484 394 517
is_linear=0
shrinkage=0.05


Tree=508
num_leaves=1
num_cat=0
split_feature=
split_gain=
threshold=
decision_type=
left_child=
right_child=
leaf_value=0
leaf_weight=
leaf_count=3256
internal_value=
internal_weight=
internal_count=
is_linear=0
shrinkage=1


Tree=509
num_leaves=12
num_cat=0
split_feature=299 72 191 348 113 213 406 240 162 244 55
split_gain=0.621858 0.702979 0.625126 0.970325 1.34021 0.894256 1.01628 0.625152 0.547793 0.415731 0.227346
threshold=-0.4658837473586997 0.0076248077724025325 0.74979328163534942 -0.042230960209772177 66.500000000000014 5.1818462056827963 -0.0020728625360648674 0.6428571428571429 1.0801154776317492 0.44545454545454549 0.0082664126833060809
decision_type=2 2 2 2 2 2 2 2 2 2 2
left_child=1 -1 5 7 9 6 -2 -4 -9 -5 -8
right_child=2 -3 3 4 -6 -7 10 8 -10 -11 -12
leaf_value=0 -0.010609172319452102 0.014306894482538255 -0.0068846183024455707 -0.00030534665563367817 0.0020896986785751406 0.011342919519295037 0 0 0.01176170008500689 -0.018324625849960054 0.0087921779091984214
leaf_weight=10.69245842495002 16.243884376250207 11.541094364598392 10.646511830156667 10.663900644169187 10.550289653358048 15.508785785641519 10.930802565999331 10.962619241909126 13.566349658532998 22.123113998910412 10.049435606924815
leaf_count=304 269 689 215 198 231 220 205 180 198 406 141
internal_value=0 0.00695025 -0.00158137 -0.00454946 -0.00941418 0.00194762 -0.00127777 0.000403098 0.00578807 -0.0143779 0.00428539
internal_weight=153.479 22.2336 131.246 78.5128 43.3373 52.7329 37.2241 35.1755 24.529 32.787 20.9802
internal_count=3256 993 2263 1428 835 835 615 593 378 604 346
is_linear=0
shrinkage=0.05


Tree=510
num_leaves=11
num_cat=0
split_feature=305 375 393 163 120 105 393 105 73 103
split_gain=0.551599 0.849241 0.753049 0.914126 0.685086 0.662318 0.78681 0.688248 0.37923 0.200025
threshold=0.091666666666666966 0.03304934422280615 -0.14371869281657926 0.0052912663885712205 -0.0047092560658369967 -0.056896021834688656 -0.030048497945560103 0.050399058922917968 0.96854094332816065 0.22069055025596798
decision_type=2 2 2 2 2 2 2 2 2 2
left_child=5 2 -2 4 -4 9 7 -7 -8 -1
right_child=1 -3 3 -5 -6 6 8 -9 -10 -11
leaf_value=-0.00011793125283518646 0.0088851571058759845 0.014034494821770062 -0.0063818762829898849 -0.01199623562571705 0.0058566295563775086 0.00058480160380474679 0 -0.012110434481976871 0.01254302823625998 -0.014456832200982052
leaf_weight=12.54302425181959 16.273703799466603 10.469157200423068 13.604457805864508 15.305383322993292 27.567734718322757 10.577524528373035 10.387193200178446 14.363076460547743 10.249823354650287 11.376853573950937
leaf_count=310 352 382 228 202 597 201 166 391 160 267
internal_value=0 0.00247903 0 -0.00246378 0.000521964 -0.00342234 0 -0.00545207 0.00693403 -0.00964628
internal_weight=152.718 83.2204 72.7513 56.4776 41.1722 69.4975 45.5776 24.9406 20.637 23.9199
internal_count=3256 1761 1379 1027 825 1495 918 592 326 577
is_linear=0
shrinkage=0.05


Tree=511
num_leaves=1
num_cat=0
split_feature=
split_gain=
threshold=
decision_type=
left_child=
right_child=
leaf_value=0
leaf_weight=
leaf_count=3256
internal_value=
internal_weight=
internal_count=
is_linear=0
shrinkage=1


Tree=512
num_leaves=11
num_cat=0
split_feature=270 36 86 11 73 381 120 231 394 354
split_gain=0.608123 0.954338 0.924794 0.730633 1.10906 0.875476 0.873533 0.647854 0.704195 0.522225
threshold=-1.0811677469041125 0.069640849412462971 -5805263.5476294877 -0.00031524850454583969 1.0313617557248127 37.571796290283089 -0.0013807625754699846 59.500000000000007 -0.0033123529150995696 0.17040327140726688
decision_type=2 2 2 2 2 2 2 2 2 2
left_child=7 3 -3 5 6 -2 -5 9 -9 -1
right_child=1 2 -4 4 -6 -7 -8 8 -10 -11
leaf_value=0.016063088956065858 0.014383018504142628 0 -0.017692575279850766 0.012584850628705211 -0.011871306371182666 -0.00026016134288223282 -0.0028608145179907993 -0.008243514356666079 0.0052167460269759644 0
leaf_weight=11.666538174264135 14.115712899016218 11.658873847685756 14.120020056609063 10.42308126029093 19.23591020796448 10.332253661821595 17.833648365689442 14.011584994848816 19.210846425266936 10.034408572479149
leaf_count=364 236 163 498 203 391 168 247 190 566 230
internal_value=0 -0.00256219 -0.0102897 0 -0.00306268 0.00702081 0.00189803 0.0038512 0 0.0100175
internal_weight=152.643 97.7195 25.7789 71.9406 47.4926 24.448 28.2567 54.9234 33.2224 21.7009
internal_count=3256 1906 661 1245 841 404 450 1350 756 594
is_linear=0
shrinkage=0.05


Tree=513
num_leaves=11
num_cat=0
split_feature=74 211 74 68 256 1 78 113 83 265
split_gain=0.550117 1.03801 0.951464 1.36993 1.12631 1.10935 0.728355 0.540615 0.422362 0.32806
threshold=0.21349797489082548 2.4880179652844032 -0.040962778692280592 0.53934694988102827 1.5952380952380956 0.0015843010483106437 0.66553118526530908 35.500000000000007 0.137725408007385 0.089061467283542653
decision_type=2 2 2 2 2 2 2 2 2 2
left_child=2 -2 3 9 -5 7 -6 -4 -7 -1
right_child=1 -3 5 4 6 8 -8 -9 -10 -11
leaf_value=0 -0.014021012801418598 0.00061707511611128858 -0.0078126144932705588 -0.0065291241561788466 0 0.021063810320263457 0.012922500306297966 0.0061904234834345524 0.0010188178478805967 -0.014089186306968943
leaf_weight=11.022305939579384 15.963818887248634 17.291844183462672 10.810990713653156 13.587045013788154 10.669657525024375 11.097811945248397 23.112425704137422 10.270848917309193 10.91734687599819 17.0852739084512
leaf_count=329 262 379 237 302 282 190 453 238 228 356
internal_value=0 -0.00560934 0.0013889 -0.00148492 0.00292516 0.00727564 0.00830939 0 0.0144366 -0.0100898
internal_weight=151.829 33.2557 118.574 75.4767 47.3691 43.097 33.7821 21.0818 22.0152 28.1076
internal_count=3256 641 2615 1722 1037 893 735 475 418 685
is_linear=0
shrinkage=0.05


Tree=514
num_leaves=1
num_cat=0
split_feature=
split_gain=
threshold=
decision_type=
left_child=
right_child=
leaf_value=0
leaf_weight=
leaf_count=3256
internal_value=
internal_weight=
internal_count=
is_linear=0
shrinkage=1


Tree=515
num_leaves=8
num_cat=0
split_feature=305 163 375 393 68 71 68
split_gain=0.598101 0.826995 0.825994 1.0079 1.50504 0.557011 0.317162
threshold=-0.15423968025049059 -0.021429223085953835 0.03304934422280615 -0.14371869281657926 0.65589438714823201 1.0335971740750163 0.51981786787418072
decision_type=2 2 2 2 2 2 2
left_child=-1 -2 3 5 -5 -3 -4
right_child=1 2 6 4 -6 -7 -8
leaf_value=0.007779565374175461 -0.013066669320982355 -0.01205494557573881 0 0.00048793664824389385 0.018068771058217199 0 -0.01387626106252084
leaf_weight=17.253367484896444 10.687503672786987 12.865513930330055 10.059661860694179 64.13353349850513 14.402346743736414 12.215034038759766 10.137584931741001
leaf_count=902 269 289 238 963 169 168 258
internal_value=0 -0.00139996 0 0.00175463 0.00487143 -0.00570231 -0.00865266
internal_weight=151.755 134.501 123.814 103.616 78.5359 25.0805 20.1972
internal_count=3256 2354 2085 1589 1132 457 496
is_linear=0
shrinkage=0.05


Tree=516
num_leaves=9
num_cat=0
split_feature=266 165 74 268 137 246 112 393
split_gain=0.559705 1.06525 1.07454 0.802117 1.05887 1.44947 0.624939 0.861651
threshold=0.23430581308204701 0.00048235139771474401 -0.27269328145223248 -0.71806337406980136 -0.1286574657111054 0.26404494382022475 10.500000000000002 -0.070820528360851162
decision_type=2 2 2 2 2 2 2 2
left_child=1 3 -3 -1 -5 -6 -4 -8
right_child=-2 2 6 4 5 -7 7 -9
leaf_value=-0.0083289902730902653 0.0073421081123470622 0.002079327951921432 -0.021393045741858328 -0.0073952989684302048 -0.0011673731074085202 0.012511344514660181 -0.013076882031628864 0.0023917632626568358
leaf_weight=11.523010907112619 18.083911510650069 12.183590547647325 11.360800742520949 10.564758465625344 23.602878394071013 39.727748141158372 11.044519876828415 12.925272202584894
leaf_count=521 889 221 195 123 297 556 270 184
internal_value=0 -0.00139017 -0.0073488 0.00149571 0.00394316 0.00683736 -0.0118128 -0.00354356
internal_weight=151.016 132.933 47.5142 85.4184 73.8954 63.3306 35.3306 23.9698
internal_count=3256 2367 870 1497 976 853 649 454
is_linear=0
shrinkage=0.05


Tree=517
num_leaves=1
num_cat=0
split_feature=
split_gain=
threshold=
decision_type=
left_child=
right_child=
leaf_value=0
leaf_weight=
leaf_count=3256
internal_value=
internal_weight=
internal_count=
is_linear=0
shrinkage=1


Tree=518
num_leaves=10
num_cat=0
split_feature=270 126 70 36 111 264 381 390 213
split_gain=0.601696 0.955198 0.824385 0.754457 0.938287 0.724322 0.892971 1.03538 0.202633
threshold=-0.85807220831973208 -0.0062975917458328859 0.0078279634094838377 0.011327219886970453 35.500000000000007 32.000000000000007 13.911093248238297 -0.010440421491888783 4.358289026660783
decision_type=2 2 2 2 2 2 2 2 2
left_child=1 2 -1 -2 -5 -3 -7 -8 -4
right_child=3 5 8 4 -6 6 7 -9 -10
leaf_value=0 0.0019642419240226551 -0.010440556455204884 0.00050516191055032954 -0.019387769314665446 0 0.010592513324142757 -0.012638905258924091 0.0019743897246697717 0.016966848337369146
leaf_weight=16.924980236915872 11.39528065943159 14.692345615942029 10.029649300500752 11.306060316681398 15.554977737134321 14.85230531496927 14.020305401645595 27.386473861988637 14.778963404009117
leaf_count=332 159 221 185 563 467 353 272 408 296
internal_value=0 0.0016187 0.00755585 -0.00539571 -0.0100761 -0.00136225 0.000573372 -0.00236728 0.0128822
internal_weight=150.941 112.685 41.7336 38.2563 26.861 70.9514 56.2591 41.4068 24.8086
internal_count=3256 2067 813 1189 1030 1254 1033 680 481
is_linear=0
shrinkage=0.05


Tree=519
num_leaves=10
num_cat=0
split_feature=268 117 265 87 117 33 372 9 69
split_gain=0.525022 0.916775 0.968833 0.949855 0.837809 0.546082 0.524692 0.402168 0.252121
threshold=-0.36176274474146591 -0.45244216908950202 0.055362614913176712 0.036349672123702666 -0.44771208476151797 0.011626367763366154 -0.013863034291498598 1.0000000180025095e-35 -0.0098332375480628658
decision_type=2 2 2 2 2 2 2 2 2
left_child=1 6 7 8 -2 -6 -1 -3 -4
right_child=4 2 3 -5 5 -7 -8 -9 -10
leaf_value=-0.00048071636499660766 -0.0029019066524818148 0.0083468567354397574 -0.00023411418428877858 0 0 0.01595373704576392 0.0094072511460487149 -0.0016873952313538527 -0.01579207007545911
leaf_weight=12.965043639764191 11.605646495474501 11.520076029584745 10.526022789301349 18.907649828935973 10.250750919803979 13.59080650139367 18.943202250404283 14.895473514683543 26.888126498088241
leaf_count=282 391 202 214 245 187 629 332 269 505
internal_value=0 -0.00190417 -0.00493096 -0.00866069 0.00480045 0.0103179 0.00426119 0.00139383 -0.0129945
internal_weight=150.093 114.646 82.7373 56.3218 35.4472 23.8416 31.9082 26.4155 37.4141
internal_count=3256 2049 1435 964 1207 816 614 471 719
is_linear=0
shrinkage=0.05


Tree=520
num_leaves=1
num_cat=0
split_feature=
split_gain=
threshold=
decision_type=
left_child=
right_child=
leaf_value=0
leaf_weight=
leaf_count=3256
internal_value=
internal_weight=
internal_count=
is_linear=0
shrinkage=1


Tree=521
num_leaves=11
num_cat=0
split_feature=270 36 260 2 113 117 19 70 299 388
split_gain=0.580376 0.912808 1.09676 0.655934 0.834239 0.816225 0.65492 0.593683 0.402912 0.309535
threshold=-1.0811677469041125 0.069640849412462971 0.75454545454545474 -0.0044206581651750091 16.500000000000004 0.13304565863428972 0.45652238072391577 0.009353465799252671 -0.48363272750043051 -1.0000000180025095e-35
decision_type=2 2 2 2 2 2 2 2 2 2
left_child=6 3 -3 -2 -5 -6 8 -8 -1 -10
right_child=1 2 -4 4 5 -7 7 -9 9 -11
leaf_value=0.015324257588142064 -0.0086230117870584305 -0.019358678692409825 0 -0.0038402059624758583 0.01169851760144066 -0.00061459764966099474 -0.010028657304159432 0.0039073311696623527 0.0076445403040748417 -0.0015636432230193926
leaf_weight=11.507380043505689 12.519641698803751 12.06076873856364 13.207319687469861 19.123242126544937 28.277840452035889 10.813712297705932 10.177222975995393 10.103962064953519 10.07589492807165 12.151675518602131
leaf_count=684 246 335 326 330 507 162 182 194 137 153
internal_value=0 -0.00250294 -0.0101325 0 0.00281724 0.00730347 0.00381706 -0.00132933 0.00812801 0.00104122
internal_weight=150.019 96.0025 25.2681 70.7344 58.2148 39.0916 54.0161 20.2812 33.735 22.2276
internal_count=3256 1906 661 1245 999 669 1350 376 974 290
is_linear=0
shrinkage=0.05


Tree=522
num_leaves=9
num_cat=0
split_feature=106 21 292 357 68 120 83 29
split_gain=0.523509 0.810344 1.40124 0.947612 0.662174 0.785146 0.626547 0.500493
threshold=1.0000000180025095e-35 0.15990481591732988 0.70641621341621563 0.40625000000000006 0.53934694988102827 -0.018890619433853614 -0.047313904121331699 0.082336777991503754
decision_type=2 2 2 2 2 2 2 2
left_child=1 3 4 7 6 -6 -3 -1
right_child=-2 2 -4 -5 5 -7 -8 -9
leaf_value=-0.0057400039216077697 0.0093139594340153949 -0.011586501215625961 0.012679076107857321 -0.013549622860054681 -0.0047129344865871709 0.0073273704057345212 0 0.0073710155534416058
leaf_weight=12.182223529089244 10.0554610498948 21.337202378315855 18.447983386577107 21.275633179116994 17.376121279667132 27.439467816380784 10.413211523205971 10.822701849043368
leaf_count=258 222 428 729 499 372 403 167 178
internal_value=0 -0.00111282 0.00107981 -0.00664511 -0.00145922 0.00161056 -0.00699601 0
internal_weight=149.35 139.295 95.014 44.2806 76.566 44.8156 31.7504 23.0049
internal_count=3256 3034 2099 935 1370 775 595 436
is_linear=0
shrinkage=0.05


Tree=523
num_leaves=1
num_cat=0
split_feature=
split_gain=
threshold=
decision_type=
left_child=
right_child=
leaf_value=0
leaf_weight=
leaf_count=3256
internal_value=
internal_weight=
internal_count=
is_linear=0
shrinkage=1


Tree=524
num_leaves=10
num_cat=0
split_feature=266 36 260 52 68 34 75 117 393
split_gain=0.569661 0.844171 1.00126 0.559407 0.694284 0.591206 0.53468 0.722438 0.310513
threshold=-0.091221812465992078 0.069640849412462971 0.75454545454545474 -0.0038438624029283881 0.65589438714823201 0.060025926297677924 0.52173913026466923 -0.46013641467944638 -0.067791951267462944
decision_type=2 2 2 2 2 2 2 2 2
left_child=6 3 -3 -2 5 -5 7 -1 -8
right_child=1 2 -4 4 -6 -7 8 -9 -10
leaf_value=0 -0.006217436657958912 -0.018381986910424017 0 0.0033260249630360883 0.012313249311943119 -0.009070291106000581 0.0028096253578454374 0.013207403138339719 -0.0070932392752948827
leaf_weight=10.293288721586579 19.238300596247427 12.410536372684875 13.633712948882019 30.375606760499068 12.002177593531085 10.477533422410486 10.781296971021222 19.770984727074392 10.292109615169464
leaf_count=294 348 340 336 544 197 182 281 527 207
internal_value=0 -0.00242263 -0.00964884 0 0.00310603 0 0.00391684 0.0080937 -0.000231119
internal_weight=149.276 98.1379 26.0442 72.0936 52.8553 40.8531 51.1377 30.0643 21.0734
internal_count=3256 1947 676 1271 923 726 1309 821 488
is_linear=0
shrinkage=0.05


Tree=525
num_leaves=8
num_cat=0
split_feature=399 70 265 72 64 74 81
split_gain=0.533817 0.649089 0.871911 0.83547 1.18219 0.779561 0.357742
threshold=-0.29350499179089479 0.013138920101316265 0.16046986721144027 0.0077306717824864373 0.34737152620912048 -0.21920321699485015 0.78207668635901018
decision_type=2 2 2 2 2 2 2
left_child=-1 2 3 4 -2 -5 -4
right_child=1 -3 6 5 -6 -7 -8
leaf_value=-0.0093358964894339532 0 0.0087425592559065499 0 0.0069472787252456928 0.014528336184095767 -0.0059059067949959769 -0.011525145184422159
leaf_weight=11.465061308001166 18.272188899689354 19.016659878077917 10.753346080426128 11.100714000116566 21.318919087643735 38.511872786388267 18.225567326997407
leaf_count=224 417 451 199 326 383 907 349
internal_value=0 0.000725442 -0.00033648 0.00170641 0.00715034 -0.00184754 -0.00775863
internal_weight=148.664 137.199 118.183 89.2037 39.5911 49.6126 28.9789
internal_count=3256 3032 2581 2033 800 1233 548
is_linear=0
shrinkage=0.05


Tree=526
num_leaves=1
num_cat=0
split_feature=
split_gain=
threshold=
decision_type=
left_child=
right_child=
leaf_value=0
leaf_weight=
leaf_count=3256
internal_value=
internal_weight=
internal_count=
is_linear=0
shrinkage=1


Tree=527
num_leaves=8
num_cat=0
split_feature=290 221 165 1 87 77 68
split_gain=0.543703 0.870285 0.597077 0.962756 0.773914 0.665826 0.557526
threshold=0.10773074064899797 17.551764548315855 0.00047381570967635456 0.0033839578503064298 -0.0418259835867461 0.24184686278180526 0.52823066892864012
decision_type=2 2 2 2 2 2 2
left_child=-1 2 3 6 -4 -6 -2
right_child=1 -3 4 -5 5 -7 -8
leaf_value=0.0084092237641319369 0.0060268003904664158 -0.011025044133404369 -0.0031512743296427531 -0.013034157667443936 0 0.01386085882715314 -0.0037074661269804431
leaf_weight=13.180815618834457 22.991487845196389 16.668542669853196 13.903192948666399 14.152527983183971 17.983080261677969 19.990658506692853 29.719755672267638
leaf_count=621 386 410 223 276 344 368 628
internal_value=0 -0.00124643 0 -0.00269425 0.00423784 0.00819614 0
internal_weight=148.59 135.409 118.741 66.8638 51.8769 37.9737 52.7112
internal_count=3256 2635 2225 1290 935 712 1014
is_linear=0
shrinkage=0.05


Tree=528
num_leaves=12
num_cat=0
split_feature=25 74 394 72 217 372 72 268 165 126 119
split_gain=0.523338 1.1097 0.979197 1.12218 0.674329 0.859515 0.620527 0.609079 1.13003 0.354672 0.258733
threshold=0.057680863051897339 -0.040962778692280592 -0.010460215560433859 0.0067519248572806669 6.7452684162386527 -0.0077863668946177014 0.0077075039836541738 -0.39555212025236536 -0.0040318092417419953 -0.00029721918284619781 -1.0000000180025095e-35
decision_type=2 2 2 2 2 2 2 2 2 2 2
left_child=1 2 6 -4 9 -6 -1 8 -2 -3 -5
right_child=7 4 3 10 5 -7 -8 -9 -10 -11 -12
leaf_value=0.012143949410593153 0 0.0061819084099626158 -0.016002243011777703 -0.0049200521347139104 0 0.018222870005113707 -0.00020452125094633667 0.00057448610294100471 -0.018547103889343382 -0.0052479960235770869 0.0044605335920353253
leaf_weight=10.791619704687038 10.477123601827769 10.073201030725615 16.982016642112285 10.760818145587111 10.804396336316133 16.590603688848205 13.182022346300071 11.94028626475483 12.720774517278189 11.054235739167778 12.76801640272606
leaf_count=228 154 206 387 297 278 317 297 275 298 188 331
internal_value=0 0.00144826 -0.00226648 -0.00728846 0.00719997 0.0119723 0.00423284 -0.00528446 -0.00992914 0 0
internal_weight=148.145 113.007 64.4845 40.5109 48.5224 27.395 23.9736 35.1382 23.1979 21.1274 23.5288
internal_count=3256 2529 1540 1015 989 595 525 727 452 394 628
is_linear=0
shrinkage=0.05


Tree=529
num_leaves=1
num_cat=0
split_feature=
split_gain=
threshold=
decision_type=
left_child=
right_child=
leaf_value=0
leaf_weight=
leaf_count=3256
internal_value=
internal_weight=
internal_count=
is_linear=0
shrinkage=1


Tree=530
num_leaves=10
num_cat=0
split_feature=270 399 46 370 392 28 28 20 28
split_gain=0.554093 0.765133 0.962084 0.663216 0.940593 0.66923 1.33432 0.768314 0.225354
threshold=-0.85807220831973208 -0.060395407339102834 0.82884551839431519 0.49972118350904821 5.5000000000000009 0.084136963032332882 0.059201084566544222 0.10561473534347039 0.062718399670807015
decision_type=2 2 2 2 2 2 2 2 2
left_child=3 2 -2 5 8 6 7 -1 -5
right_child=1 -3 -4 4 -6 -7 -8 -9 -10
leaf_value=0.005680959796403505 -0.017597088815070338 0.0016902198400062856 0 -0.0033469550484839677 0.015814613099354707 -0.0088518443669633202 0.013976615382191266 -0.0072015052830837409 0.0052661332186973442
leaf_weight=11.515020137187092 14.394885973888451 12.550483442610128 10.523582400870508 14.314469209639357 13.962097685551269 17.534227767959237 13.399479610030538 29.554731559590437 10.321194567368364
leaf_count=155 738 269 182 213 313 313 296 496 281
internal_value=0 -0.00524391 -0.0103336 0.00154848 0.00674194 -0.000727172 0.00134377 -0.00231415 0
internal_weight=148.07 37.469 24.9185 110.601 38.5978 72.0035 54.4692 41.0698 24.6357
internal_count=3256 1189 920 2067 807 1260 947 651 494
is_linear=0
shrinkage=0.05


Tree=531
num_leaves=10
num_cat=0
split_feature=399 373 82 21 375 36 120 268 113
split_gain=0.504304 0.659853 1.28936 0.898955 0.887648 1.1773 0.886663 0.649455 0.264409
threshold=-0.29350499179089479 -0.021988981625082445 1.6209319835508589 0.15990481591732988 0.03304934422280615 0.049506547171408004 -0.001182697217295192 -0.56174666836431653 29.500000000000004
decision_type=2 2 2 2 2 2 2 2 2
left_child=-1 2 3 -2 5 6 -3 -6 -5
right_child=1 4 -4 8 7 -7 -8 -9 -10
leaf_value=-0.0091176719523511553 0 -0.0095621624767857471 -0.0071064029060545243 0.0012647747648814346 0 -0.015604904999843211 0.0042463935280855104 0.012922494900459292 0.017972200408994776
leaf_weight=11.375341513194142 14.130951272207311 14.800178692908956 10.262171262409536 11.255945431417787 10.067147585097702 16.103404504014179 29.669966249493882 11.244478732289279 18.393131930264644
leaf_count=224 338 337 198 237 233 328 525 399 437
internal_value=0 0.000687735 0.00507771 0.00927511 -0.00169757 -0.00518432 0 0.00557293 0.0138599
internal_weight=147.303 135.927 54.0422 43.78 81.8852 60.5735 44.4701 21.3116 29.6491
internal_count=3256 3032 1210 1012 1822 1190 862 632 674
is_linear=0
shrinkage=0.05


Tree=532
num_leaves=1
num_cat=0
split_feature=
split_gain=
threshold=
decision_type=
left_child=
right_child=
leaf_value=0
leaf_weight=
leaf_count=3256
internal_value=
internal_weight=
internal_count=
is_linear=0
shrinkage=1


Tree=533
num_leaves=12
num_cat=0
split_feature=297 191 348 113 213 113 163 240 19 62 244
split_gain=0.543705 0.56934 0.914385 1.22212 0.797298 0.689809 0.872188 0.534046 0.489333 0.48333 0.349013
threshold=-0.74088374735870099 0.74979328163534942 -0.042230960209772177 66.500000000000014 5.2745633194452113 13.500000000000002 -0.0044017971084278759 0.6428571428571429 0.3829833154223779 0.51267626017267121 0.44545454545454549
decision_type=2 2 2 2 2 2 2 2 2 2 2
left_child=8 4 7 10 5 -2 -7 -3 -1 -9 -4
right_child=1 2 3 -5 -6 6 -8 9 -10 -11 -12
leaf_value=0.013140410858254443 -0.010776020357488349 -0.00626162217933365 -0.00022775174757313761 0.0017509872288829437 0.011436205710390335 -0.0043128859301690466 0.011092253723780237 0.011275861476888954 0 0 -0.017845245434914451
leaf_weight=10.245179790537806 10.967224316438658 10.168143057497216 10.198659807327205 10.065672303200698 13.420163008850066 12.947778511676004 13.422639397205787 12.995639665285127 11.069827962666748 10.5572446542792 21.169554077263456
leaf_count=620 175 215 198 231 200 243 217 205 373 173 406
internal_value=0 -0.00151413 -0.00442515 -0.0092596 0.00187241 -0.00092043 0.00215806 0.000424627 0.00661418 0.00557554 -0.014092
internal_weight=147.228 125.913 75.1549 41.4339 50.7578 37.3376 26.3704 33.721 21.315 23.5529 31.3682
internal_count=3256 2263 1428 835 835 635 460 593 993 378 604
is_linear=0
shrinkage=0.05


Tree=534
num_leaves=8
num_cat=0
split_feature=266 165 265 348 73 323 165
split_gain=0.506377 0.940251 0.806855 0.764296 0.719438 0.603853 0.901185
threshold=0.23430581308204701 0.00048235139771474401 0.051082251082251083 0.01148081838676219 0.91656518052690228 0.22983761747277903 -0.0036153383404738935
decision_type=2 2 2 2 2 2 2
left_child=1 3 -3 5 -4 6 -1
right_child=-2 2 4 -5 -6 -7 -8
leaf_value=0.012385126639475401 0.0070352705322715607 3.0307827379598739e-05 0 0.010357328199072324 -0.016033951763343449 -0.0086825248363218976 -0.0013267368134038827
leaf_weight=11.950387997785581 17.507777471211739 13.653448949567972 10.79994280869141 16.069071419071406 21.374282056232914 15.71468353376258 39.352306790649891
leaf_count=178 889 265 200 313 405 220 786
internal_value=0 -0.00137915 -0.00708441 0.00132409 -0.0112702 -0.000478719 0.00145429
internal_weight=146.422 128.914 45.8277 83.0864 32.1742 67.0174 51.3027
internal_count=3256 2367 870 1497 605 1184 964
is_linear=0
shrinkage=0.05


Tree=535
num_leaves=1
num_cat=0
split_feature=
split_gain=
threshold=
decision_type=
left_child=
right_child=
leaf_value=0
leaf_weight=
leaf_count=3256
internal_value=
internal_weight=
internal_count=
is_linear=0
shrinkage=1


Tree=536
num_leaves=11
num_cat=0
split_feature=272 82 373 117 110 86 2 276 353 69
split_gain=0.53605 0.690555 0.961367 0.664481 0.722848 0.597792 0.591793 0.476025 0.442223 0.357533
threshold=-1.4290220538299332 1.292402551385464 -0.021988981625082445 -0.45244216908950202 47.500000000000007 -5691490.4858674938 -0.0037758129221078783 1.2287498332666418 0.106102925307601 0.0042495051715190088
decision_type=2 2 2 2 2 2 2 2 2 2
left_child=1 2 5 -4 -5 -1 -2 8 -8 -3
right_child=6 9 3 4 -6 -7 7 -9 -10 -11
leaf_value=0 -0.012955793204203198 0.014574835906596369 -0.0018199916467649226 0.015853958826322699 0 -0.012304385145325064 0.0083712326545763837 -0.0066190768565198167 -0.0015896502203131058 0
leaf_weight=11.319484278792517 11.280539818166288 11.324075589305723 12.39791005477309 13.764072428923102 10.334704615408553 17.486425602110103 16.310282530728731 17.755201147519983 10.087735689245163 14.286312931450082
leaf_count=258 390 223 277 371 186 258 201 738 125 229
internal_value=0 0.00212126 0 0.00449011 0.00942362 -0.00710838 -0.00396261 0 0.00309021 0.00866669
internal_weight=146.347 90.913 65.3026 36.4967 24.0988 28.8059 55.4338 44.1532 26.398 25.6104
internal_count=3256 1802 1350 834 557 516 1454 1064 326 452
is_linear=0
shrinkage=0.05


Tree=537
num_leaves=7
num_cat=0
split_feature=399 70 265 24 167 81
split_gain=0.498444 0.599562 0.80335 0.781533 1.08268 0.313735
threshold=-0.29350499179089479 0.013138920101316265 0.16046986721144027 0.86670110540591649 -0.63697376447537557 0.78207668635901018
decision_type=2 2 2 2 2 2
left_child=-1 2 3 4 -2 -4
right_child=1 -3 5 -5 -6 -7
leaf_value=-0.0090900218779077745 0.0064969206642512857 0.008474063370567891 0 0.012572353680495377 -0.0051130028246166971 -0.011088480088688341
leaf_weight=11.281712085357865 31.090996999992058 18.624074171413668 10.562265974294862 10.898445571772752 45.491891481273342 17.835543353925459
leaf_count=224 723 451 199 222 1088 349
internal_value=0 0.000692986 -0.000319282 0.00163883 0 -0.00752407
internal_weight=145.785 134.503 115.879 87.4813 76.5829 28.3978
internal_count=3256 3032 2581 2033 1811 548
is_linear=0
shrinkage=0.05


Tree=538
num_leaves=1
num_cat=0
split_feature=
split_gain=
threshold=
decision_type=
left_child=
right_child=
leaf_value=0
leaf_weight=
leaf_count=3256
internal_value=
internal_weight=
internal_count=
is_linear=0
shrinkage=1


Tree=539
num_leaves=8
num_cat=0
split_feature=299 126 178 162 72 266 17
split_gain=0.530905 0.76081 1.46188 1.21703 1.17315 0.858978 0.64982
threshold=-0.5209063469171572 -0.0067399039488402193 0.16657099119785782 2.1568148553100079 0.009541280277834659 0.13259254569245812 -0.0012626657752910456
decision_type=2 2 2 2 2 2 2
left_child=-1 5 -3 4 -4 6 -2
right_child=1 2 3 -5 -6 -7 -8
leaf_value=0.0074417265263617485 0 0.0071641594700424431 -0.007741998168768454 -0.018580919950727883 0.0068913659385350283 -0.0044305496485647303 0.013848687601268173
leaf_weight=16.507496970472857 12.90131454379298 15.316081789787857 36.646048584021628 17.590705243812408 15.287923960480837 14.002570875221862 17.457653190940619
leaf_count=902 150 221 706 426 289 325 237
internal_value=0 -0.00136674 -0.00435203 -0.00776984 -0.00238306 0.0032009 0.00830153
internal_weight=145.71 129.202 84.8408 69.5247 51.934 44.3615 30.359
internal_count=3256 2354 1642 1421 995 712 387
is_linear=0
shrinkage=0.05


Tree=540
num_leaves=10
num_cat=0
split_feature=25 162 113 126 86 220 381 9 174
split_gain=0.506518 0.80879 0.62912 0.837997 0.817739 1.07724 1.09577 0.735701 0.505583
threshold=0.057680863051897339 1.0542446783210926 3.5000000000000004 -0.0062975917458328859 275085.11967099918 6.5992846230120845 34.890247099301099 0.00049802629780459917 -1.0000000180025095e-35
decision_type=2 2 2 2 2 2 2 2 2
left_child=2 -2 3 -1 5 6 -4 -7 -3
right_child=1 8 4 -5 -6 7 -8 -9 -10
leaf_value=0 0.0021536670529343415 0 -0.0094865137385011667 0.015764363502159789 -0.011240267758224785 0.017848587387970041 0.0039477910582360123 0 -0.017090765984260355
leaf_weight=10.089688228676096 11.50433295429684 11.299691875581628 25.563023237453308 12.671063959831372 11.906609805999322 10.946485602937175 23.919933407334611 15.651639391318893 11.577527331421154
leaf_count=197 243 247 688 212 189 280 557 406 237
internal_value=0 -0.00527295 0.00141248 0.0083579 -5.09729e-05 0.00142786 -0.00218527 0.00937916 -0.0107565
internal_weight=145.13 34.3816 110.748 22.7608 87.9877 76.0811 49.483 26.5981 22.8772
internal_count=3256 727 2529 409 2120 1931 1245 686 484
is_linear=0
shrinkage=0.05


Tree=541
num_leaves=1
num_cat=0
split_feature=
split_gain=
threshold=
decision_type=
left_child=
right_child=
leaf_value=0
leaf_weight=
leaf_count=3256
internal_value=
internal_weight=
internal_count=
is_linear=0
shrinkage=1


Tree=542
num_leaves=12
num_cat=0
split_feature=268 19 66 386 162 28 72 165 7 260 30
split_gain=0.514955 0.634755 0.769423 0.654943 0.630093 1.04963 1.29168 0.801272 0.662691 0.368519 0.321326
threshold=-0.42902205382993336 0.47821999192709747 0.45239700492612728 -0.049327384886033325 0.43887621012674854 0.058617856994635308 0.010161533493065271 0.00024638466529172323 -9.1615463934824324e-05 0.82727272727272738 0.041480466949564532
decision_type=2 2 2 2 2 2 2 2 2 2 2
left_child=4 2 -2 -4 8 7 -7 9 -1 -6 -8
right_child=1 -3 3 -5 5 6 10 -9 -10 -11 -12
leaf_value=0 0 0.0024745241698994839 0 -0.017682948048449242 -0.0001406281870795884 0.01779519643426495 0.0037793981732741457 0.00046489757804945144 0.015689114023853947 -0.01803497297516558 -0.0065972521325492169
leaf_weight=10.064875119831415 13.762524417485109 14.602142968855331 10.639001068426294 15.955010160629174 11.71727150026709 11.001904880627988 10.308725379290992 13.813048530602826 11.756916488287969 10.342743797227739 11.089220686117185
leaf_count=204 316 301 303 534 176 246 273 267 274 150 212
internal_value=0 -0.00391194 -0.0073873 -0.0120395 0.00207396 0 0.0058338 -0.00604247 0.00892154 -0.0116802 0
internal_weight=145.053 54.9587 40.3565 26.594 90.0947 68.2729 32.3999 35.8731 21.8218 22.06 21.3979
internal_count=3256 1454 1153 837 1802 1324 731 593 478 326 485
is_linear=0
shrinkage=0.05


Tree=543
num_leaves=10
num_cat=0
split_feature=399 373 82 105 375 1 113 307 10
split_gain=0.485399 0.578321 1.19327 0.881904 0.830253 1.27084 1.17743 0.577214 0.155216
threshold=-0.29350499179089479 -0.021988981625082445 1.6209319835508589 -0.033327018940056741 0.03304934422280615 0.0077910286400278981 3.5000000000000004 0.18333333333333346 -0.0072368102890137927
decision_type=2 2 2 2 2 2 2 2 2
left_child=-1 2 3 -2 5 6 -3 -6 -5
right_child=1 4 -4 8 7 -7 -8 -9 -10
leaf_value=-0.0090228375556927875 0 0.00041204192041937752 -0.0068926813627396312 0.019623909335618063 0 0.0055599547042478265 -0.014055085371995025 0.012666779444418184 0.0022402648833029582
leaf_weight=11.164294617483391 19.247411711025052 12.408725474262608 10.078353171586057 13.07404142129235 10.383555762935432 13.563646576134486 33.249977738945745 10.499521683377678 10.636606133077294
leaf_count=224 451 199 198 323 243 214 777 389 238
internal_value=0 0.000665848 0.00482374 0.00893097 -0.00156013 -0.00499908 -0.00931277 0.00550176 0.014825
internal_weight=144.306 133.142 53.0364 42.9581 80.1054 59.2223 45.6587 20.8831 23.7106
internal_count=3256 3032 1210 1012 1822 1190 976 632 561
is_linear=0
shrinkage=0.05


Tree=544
num_leaves=1
num_cat=0
split_feature=
split_gain=
threshold=
decision_type=
left_child=
right_child=
leaf_value=0
leaf_weight=
leaf_count=3256
internal_value=
internal_weight=
internal_count=
is_linear=0
shrinkage=1


Tree=545
num_leaves=10
num_cat=0
split_feature=305 72 68 126 258 264 120 215 219
split_gain=0.517103 0.870779 0.799241 0.762355 0.942302 0.753614 0.746639 0.530141 0.353487
threshold=-0.05115759140191091 0.0076248077724025325 0.42497551054376165 -0.0071545202942076549 0.3970588235294118 51.500000000000007 -0.03843128126529221 4.7510472947968294 2.9034863471795247
decision_type=2 2 2 2 2 2 2 2 2
left_child=1 -1 5 7 -5 -2 -6 8 -4
right_child=2 -3 3 4 6 -7 -8 -9 -10
leaf_value=-0.00081783557693284898 0 0.013404051188021125 0.0012562237384397849 0.0025125572857502567 0 0.014353316725444723 -0.012790559483592685 0.0096733205180891419 -0.0084953202429394609
leaf_weight=12.887679445440883 11.049006993649529 14.349446177715434 10.553363441256812 11.198414778977165 10.258681057719512 10.006780102849005 43.084367659757845 10.747718998463823 10.093744156649334
leaf_count=331 142 747 180 291 191 104 965 121 184
internal_value=0 0.00560765 -0.00168807 -0.003951 -0.00710192 0.00575089 -0.010034 0.0011274 -0.00186955
internal_weight=144.229 27.2371 116.992 95.9363 64.5415 21.0558 53.343 31.3948 20.6471
internal_count=3256 1078 2178 1932 1447 246 1156 485 364
is_linear=0
shrinkage=0.05


Tree=546
num_leaves=12
num_cat=0
split_feature=25 74 265 162 217 372 36 120 174 55 162
split_gain=0.497585 1.03787 0.909526 0.784116 0.653064 0.788566 0.595026 0.543841 0.461842 0.158626 0.155976
threshold=0.057680863051897339 -0.040962778692280592 0.09039836567926457 1.0542446783210926 6.7452684162386527 -0.0077863668946177014 0.060859251365562243 -0.016661556733885138 -1.0000000180025095e-35 0.0025056364162207028 1.0389571904311281
decision_type=2 2 2 2 2 2 2 2 2 2 2
left_child=1 2 6 -2 9 -6 -1 -4 -5 -3 -9
right_child=3 4 7 8 5 -7 -8 10 -10 -11 -12
leaf_value=-0.00063910103037609302 0.0020270155283489562 0.0039947619072906422 0 0 0 0.017845258480837761 0.011102688209615351 -0.016976438266664069 -0.016805088069276702 -0.0037528002397200343 -0.0007729426176566707
leaf_weight=19.910392557503659 11.371488747885449 10.250322629581207 10.148832952254454 11.187643376761114 10.412178734142801 16.134426661708858 10.937258640304206 11.225644468679095 11.450266556348653 10.144048261223359 10.266190674854441
leaf_count=544 243 198 265 247 278 317 252 231 237 196 248
internal_value=0 0.00139533 -0.00222506 -0.00526284 0.00706015 0.0118114 0.0026619 -0.00825083 -0.0106836 0 -0.0123206
internal_weight=143.439 109.429 62.4883 34.0094 46.941 26.5466 30.8477 31.6407 22.6379 20.3944 21.4918
internal_count=3256 2529 1540 727 989 595 796 744 484 394 479
is_linear=0
shrinkage=0.05


Tree=547
num_leaves=1
num_cat=0
split_feature=
split_gain=
threshold=
decision_type=
left_child=
right_child=
leaf_value=0
leaf_weight=
leaf_count=3256
internal_value=
internal_weight=
internal_count=
is_linear=0
shrinkage=1


Tree=548
num_leaves=7
num_cat=0
split_feature=167 225 260 68 274 167
split_gain=0.509655 1.05968 0.72133 0.801836 1.00965 0.641494
threshold=-0.13156712337783102 2.9300561914466754 0.3727272727272728 0.42497551054376165 0.5709779461700667 -0.23370904364797554
decision_type=2 2 2 2 2 2
left_child=1 2 -1 -4 -5 -3
right_child=-2 5 3 4 -6 -7
leaf_value=0.0087302123732018472 0.0072430206615882913 -0.016946299297681666 0.0086810134645675194 0 -0.013157388248503399 0
leaf_weight=19.828371247218456 16.76011788949836 12.520504881395029 11.74024378985632 52.390883833286352 17.30195889621973 12.819255669484845
leaf_count=417 379 274 244 978 735 229
internal_value=0 -0.0013537 0.00056517 -0.00107033 -0.0036913 -0.0100342
internal_weight=143.361 126.601 101.261 81.4331 69.6928 25.3398
internal_count=3256 2877 2374 1957 1713 503
is_linear=0
shrinkage=0.05


Tree=549
num_leaves=11
num_cat=0
split_feature=25 74 68 311 365 191 33 120 265 126
split_gain=0.477394 0.999942 0.868236 0.607665 0.681503 0.605017 0.559204 0.471426 0.45866 0.216199
threshold=0.057680863051897339 -0.040962778692280592 0.53934694988102827 0.57926411528466903 0.21881590578817253 0.67495860590103496 0.032418905569685519 -1.0000000180025095e-35 0.12429775280898878 -1.0000000180025095e-35
decision_type=2 2 2 2 2 2 2 2 2 2
left_child=1 2 8 4 -2 9 -4 -7 -1 -3
right_child=3 5 6 -5 -6 7 -8 -9 -10 -11
leaf_value=0 -0.017992336845671517 0.0048067393590825866 0.0079171087818521169 6.6231868904744566e-05 0 0 -0.00260219467169479 0.017224244281347945 -0.016085256670363469 -0.00424335318822477
leaf_weight=14.193850569077769 10.015674539492467 10.002623293083163 18.566493034712039 13.491404730244538 10.355205699568613 12.288390666130001 18.806488505215384 14.112606882757971 10.653786838636732 10.333024883060714
leaf_count=437 199 208 394 336 192 288 479 308 230 185
internal_value=0 0.00134603 -0.0022044 -0.00518402 -0.0103628 0.00692589 0.00158521 0.0115148 -0.00925651 0
internal_weight=142.82 108.957 62.2206 33.8623 20.3709 46.7366 37.373 26.401 24.8476 20.3356
internal_count=3256 2529 1540 727 391 989 873 596 667 393
is_linear=0
shrinkage=0.05


Tree=550
num_leaves=1
num_cat=0
split_feature=
split_gain=
threshold=
decision_type=
left_child=
right_child=
leaf_value=0
leaf_weight=
leaf_count=3256
internal_value=
internal_weight=
internal_count=
is_linear=0
shrinkage=1


Tree=551
num_leaves=7
num_cat=0
split_feature=290 221 64 72 30 104
split_gain=0.501538 0.760921 0.795516 1.22175 0.833156 0.54777
threshold=0.10773074064899797 17.551764548315855 0.34345352758942121 0.0077306717824864373 0.016529915612983989 -0.021645939159998434
decision_type=2 2 2 2 2 2
left_child=-1 2 -2 5 -5 -4
right_child=1 -3 3 4 -6 -7
leaf_value=0.0082151036298238507 0.01053796710354874 -0.010504728264557785 0 0.0081385612723161894 -0.0018613722550539892 -0.017920903083368002
leaf_weight=12.752472303458488 13.380547611275686 15.967473059310576 10.008381602237934 27.056588222738355 52.586396748898551 10.989993673050774
leaf_count=621 257 410 174 595 1021 178
internal_value=0 -0.00119761 0 -0.00127979 0.00110294 -0.0114087
internal_weight=142.742 129.989 114.022 100.641 79.643 20.9984
internal_count=3256 2635 2225 1968 1616 352
is_linear=0
shrinkage=0.05


Tree=552
num_leaves=10
num_cat=0
split_feature=305 110 167 88 30 260 264 111 223
split_gain=0.469503 0.649908 0.937888 0.572255 1.03355 1.55336 0.768646 0.420797 0.386637
threshold=0.091666666666666966 48.500000000000007 -0.6074111614472758 -0.012304762575404584 0.0111931469376106 0.3727272727272728 61.500000000000007 29.500000000000004 0.22464474208119722
decision_type=2 2 2 2 2 2 2 2 2
left_child=1 2 7 -2 6 -6 -5 -1 -4
right_child=3 -3 8 4 5 -7 -8 -9 -10
leaf_value=0.0070176595641688591 -0.0034181654931469425 0.0031741397861927336 -0.017978844402302092 0.0048723849737556972 -0.0010247138405786672 0.017913304350889687 -0.010175203562206027 -0.004722208227699802 0
leaf_weight=10.556646210839974 19.391736286866944 16.145512681920081 13.983738424023615 13.355993215111086 10.495365147129631 22.027286857308354 11.986905017984098 14.236449401709249 10.071604614844544
leaf_count=153 396 333 383 341 193 600 231 367 259
internal_value=0 -0.00331371 -0.00648202 0.00230698 0.00512097 0.0108239 -0.000804509 0 -0.01293
internal_weight=142.251 64.994 48.8484 77.2573 57.8656 32.5227 25.3429 24.7931 24.0553
internal_count=3256 1495 1162 1761 1365 793 572 520 642
is_linear=0
shrinkage=0.05


Tree=553
num_leaves=1
num_cat=0
split_feature=
split_gain=
threshold=
decision_type=
left_child=
right_child=
leaf_value=0
leaf_weight=
leaf_count=3256
internal_value=
internal_weight=
internal_count=
is_linear=0
shrinkage=1


Tree=554
num_leaves=10
num_cat=0
split_feature=276 36 111 370 392 28 28 20 1
split_gain=0.49763 0.652004 0.791522 0.577364 0.830186 0.576896 1.16511 0.670692 0.347344
threshold=1.1419277916802681 0.011327219886970453 35.500000000000007 0.49972118350904821 5.5000000000000009 0.084136963032332882 0.059201084566544222 0.10394805194805269 0.0066800913913952495
decision_type=2 2 2 2 2 2 2 2 2
left_child=3 -2 -3 5 8 6 7 -1 -5
right_child=1 2 -4 4 -6 -7 -8 -9 -10
leaf_value=0.0054055617661744578 0.001645792481912588 -0.018458867638521406 0 0.0055891021945454339 0.015191873052220568 -0.0082910451678379401 0.013350972312469617 -0.0067914450253375586 -0.0052156717915992678
leaf_weight=10.968284873291848 10.92072054883465 10.386410157720094 14.750672292313537 12.378751149750316 13.242596241761929 16.919407648965716 12.854718143120406 28.490390981780365 11.261411761632187
leaf_count=153 159 563 467 311 313 313 296 498 183
internal_value=0 -0.00503469 -0.00958004 0.00152582 0.00647714 -0.000579178 0.00132548 -0.00208105 0
internal_weight=142.173 36.0578 25.1371 106.116 36.8828 69.2328 52.3134 39.4587 23.6402
internal_count=3256 1189 1030 2067 807 1260 947 651 494
is_linear=0
shrinkage=0.05


Tree=555
num_leaves=11
num_cat=0
split_feature=25 65 30 414 162 191 70 174 162 216
split_gain=0.459736 0.798164 0.741643 1.33166 0.738631 0.583019 0.567277 0.443785 0.360758 0.85956
threshold=0.057680863051897339 -0.063022075928367047 0.015746039080032123 1.0000000180025095e-35 1.0542446783210926 0.66298790101873306 0.0070173438723686232 -1.0000000180025095e-35 1.8648663282682445 3.8785137356464507
decision_type=2 2 2 2 2 2 2 2 2 2
left_child=1 8 5 -4 -2 -3 -7 -6 9 -1
right_child=4 2 3 -5 7 6 -8 -9 -10 -11
leaf_value=-0.015765801667516285 0.0018696159445927383 -0.0091332726872902469 0.015451869222752837 -0.00038611456648935375 0 -0.0011032878624337133 0.010983999968877604 -0.016478054181999456 0.00022959702360690005 0
leaf_weight=11.710446257027799 11.240818841848521 10.711750535294412 25.29097474279115 13.963777082448358 11.05976977071259 11.588916171109306 11.208188503049312 11.255128183634953 10.239468724699689 13.204018944292327
leaf_count=275 243 233 567 303 247 287 271 237 264 329
internal_value=0 0.00129135 0.00455802 0.00900724 -0.00513625 0 0.00348748 -0.0104438 -0.00398647 -0.00734885
internal_weight=141.473 107.918 72.7636 39.2548 33.5557 33.5089 22.7971 22.3149 35.1539 24.9145
internal_count=3256 2529 1661 870 727 791 558 484 868 604
is_linear=0
shrinkage=0.05


Tree=556
num_leaves=1
num_cat=0
split_feature=
split_gain=
threshold=
decision_type=
left_child=
right_child=
leaf_value=0
leaf_weight=
leaf_count=3256
internal_value=
internal_weight=
internal_count=
is_linear=0
shrinkage=1


Tree=557
num_leaves=7
num_cat=0
split_feature=309 354 364 364 356 207
split_gain=0.4861 0.637022 0.704341 0.877762 0.892047 0.548303
threshold=0.073473534491516293 0.2226361698808966 0.43944987274773745 0.48545696080610534 0.73958333333333337 2.1642810808965423
decision_type=2 2 2 2 2 2
left_child=-1 2 -2 5 -5 -4
right_child=1 -3 3 4 -6 -7
leaf_value=0.0065868348637075011 0.0093019344769810549 -0.01057644944870237 -0.01516994363001886 0.005591554863342809 -0.0051704029086929761 0
leaf_weight=19.444034343934618 14.272477778547907 13.395645460346712 13.537291244603695 42.531909678597003 28.135832978994586 10.079035844304597
leaf_count=976 243 327 296 719 532 163
internal_value=0 -0.00139018 0 -0.0016546 0.000591974 -0.00956464
internal_weight=141.396 121.952 108.557 94.2841 70.6677 23.6163
internal_count=3256 2280 1953 1710 1251 459
is_linear=0
shrinkage=0.05


Tree=558
num_leaves=9
num_cat=0
split_feature=165 34 40 372 349 272 113 393
split_gain=0.451819 0.836354 0.812443 0.916187 0.870432 0.715129 0.553509 0.44979
threshold=-0.0034254089457675992 0.014963160626456097 -0.011147985769001525 -0.013863034291498598 -2.4999999999999996 -1.3617627447414657 47.500000000000007 -0.070820528360851162
decision_type=2 2 2 2 2 2 2 2
left_child=1 -1 -2 5 -5 7 -6 -4
right_child=2 -3 3 4 6 -7 -8 -9
leaf_value=-0.00016636206106328689 -0.010299140020318051 0.014438826116128232 -0.015107377332108872 -0.0026903284231618424 0.011781025692747863 0.0018044121687962478 0 0
leaf_weight=13.15129604318645 19.125623302767053 10.930268709780647 14.760995703865772 18.084203979931772 29.484945914940909 11.650064436253158 10.300605314085258 13.370939681772144
leaf_count=225 410 251 411 447 664 389 261 198
internal_value=0 0.00548158 -0.00162377 0 0.00425379 -0.00527192 0.00854613 -0.00969994
internal_weight=140.859 24.0816 116.777 97.6518 57.8698 39.782 39.7856 28.1319
internal_count=3256 476 2780 2370 1372 998 925 609
is_linear=0
shrinkage=0.05


Tree=559
num_leaves=1
num_cat=0
split_feature=
split_gain=
threshold=
decision_type=
left_child=
right_child=
leaf_value=0
leaf_weight=
leaf_count=3256
internal_value=
internal_weight=
internal_count=
is_linear=0
shrinkage=1


Tree=560
num_leaves=11
num_cat=0
split_feature=276 0 258 162 394 354 217 21 33 297
split_gain=0.490478 0.777681 0.659155 0.668977 0.497644 0.485867 0.462844 0.506039 0.441883 0.0959835
threshold=1.0423184088132549 -0.002467264279176764 1.0147058823529413 0.43887621012674854 0.0085746214540022309 0.18847172259984799 7.4979328163534946 0.12885016760483162 0.028113934736119336 -0.48619735128093894
decision_type=2 2 2 2 2 2 2 2 2 2
left_child=2 -2 5 -4 -5 8 9 -8 -1 -3
right_child=1 6 3 4 -6 -7 7 -9 -10 -11
leaf_value=0 -0.013677295831526583 0.0077835968292717149 0.0058917836285519096 -0.010772277767214252 0 0 0 -0.010838233449211771 0.015274750538996407 0
leaf_weight=10.049049267545344 11.534021844563538 10.180669149383904 14.404862702707758 17.214212507708002 13.447903924272394 10.555239482666364 14.601934622507544 12.865036388102451 15.796163731371051 10.132522186264394
leaf_count=228 376 104 277 309 318 243 234 486 380 301
internal_value=0 -0.00352582 0.00231209 -0.000832597 -0.00572056 0.00724146 0 -0.00443228 0.0106648 0.00489489
internal_weight=140.782 59.3142 81.4674 45.067 30.6621 36.4005 47.7802 27.467 25.8452 20.3132
internal_count=3256 1501 1755 904 627 851 1125 720 608 405
is_linear=0
shrinkage=0.05


Tree=561
num_leaves=7
num_cat=0
split_feature=399 206 265 68 65 68
split_gain=0.447073 0.545476 0.724057 1.04362 0.954467 0.333629
threshold=-0.29350499179089479 0.013138920101316265 0.16046986721144027 0.64813738535285081 1.0000000180025095e-35 0.51981786787418072
decision_type=2 2 2 2 2 2
left_child=-1 2 3 4 -2 -4
right_child=1 -3 5 -5 -6 -7
leaf_value=-0.008809661476008231 0 0.0081334437425597053 -0.012407960825093664 -0.0078991558576724085 0.010534423013645837 0
leaf_weight=10.89706603111699 34.877664877101779 17.90075380273629 13.134957840782592 16.733767956902739 32.541522627056111 14.110294318583327
leaf_count=224 842 451 253 432 759 295
internal_value=-3.33042e-06 0.000543856 -0.000419968 0.0014383 0.00470372 -0.00738613
internal_weight=140.196 129.299 111.398 84.153 67.4192 27.2453
internal_count=3256 3032 2581 2033 1601 548
is_linear=0
shrinkage=0.05


Tree=562
num_leaves=1
num_cat=0
split_feature=
split_gain=
threshold=
decision_type=
left_child=
right_child=
leaf_value=0
leaf_weight=
leaf_count=3256
internal_value=
internal_weight=
internal_count=
is_linear=0
shrinkage=1


Tree=563
num_leaves=10
num_cat=0
split_feature=305 68 260 120 103 103 19 393 27
split_gain=0.479684 0.724384 1.14318 1.11512 1.68401 1.02728 0.674542 0.653903 0.503245
threshold=-0.05115759140191091 0.42497551054376165 0.3727272727272728 -0.020509436415766576 0.26258334210480588 0.21576369157632988 0.25628609080737447 -0.030048497945560103 0.6460815659617849
decision_type=2 2 2 2 2 2 2 2 2
left_child=7 6 8 5 -5 -4 -2 -1 -3
right_child=1 2 3 4 -6 -7 -8 -9 -10
leaf_value=0.012797660302514433 0.013340571349197859 0.010155416307264962 0.01063233677765207 -0.017153716719390484 0.00021373972146266577 -0.008193933602687253 -1.7101467082252397e-05 0 -0.00061735816521327495
leaf_weight=12.531011425424369 10.523880714084955 13.504424591490535 11.94508890877478 33.658012754051015 13.65492468344746 10.089349358808247 10.001936769462189 14.027761340723371 10.182528194156474
leaf_count=670 126 236 175 800 246 226 120 408 249
internal_value=0 -0.00157814 -0.00379179 -0.00723749 -0.0114337 6.58277e-05 0.00553409 0.00554521 0.00410204
internal_weight=140.119 113.56 93.0343 69.3474 47.3129 22.0344 20.5258 26.5588 23.687
internal_count=3256 2178 1932 1447 1046 401 246 1078 485
is_linear=0
shrinkage=0.05


Tree=564
num_leaves=10
num_cat=0
split_feature=74 211 74 68 231 40 372 242 213
split_gain=0.454021 0.805498 0.734747 1.1085 0.925296 0.790493 0.835025 0.757819 0.259692
threshold=0.21349797489082548 2.4880179652844032 -0.040962778692280592 0.53934694988102827 54.500000000000007 -0.012304762575404584 -0.013863034291498598 0.60294117647058842 4.6023359644104538
decision_type=2 2 2 2 2 2 2 2 2
left_child=2 -2 3 8 -5 -4 -7 -6 -1
right_child=1 -3 5 4 7 6 -8 -9 -10
leaf_value=0 -0.013046495578981427 0 -0.0016452769375955648 -0.0060648860034521008 0 0 0.016353028177033511 0.013666701281701006 -0.013214483001834804
leaf_weight=10.002443551318722 14.674188381410206 15.837040926213374 10.029948202194644 12.555682332778813 12.955802286975088 10.739436352509076 18.902602233807556 18.115523419575766 15.675233991467392
leaf_count=341 262 379 223 302 353 272 398 382 344
internal_value=-4.91414e-05 -0.00544789 0.00112134 -0.00143535 0.00257149 0.00654636 0.0107464 0.00775563 -0.00954345
internal_weight=139.488 30.5112 108.977 69.3047 43.627 39.672 29.642 31.0713 25.6777
internal_count=3256 641 2615 1722 1037 893 670 735 685
is_linear=0
shrinkage=0.05


Tree=565
num_leaves=1
num_cat=0
split_feature=
split_gain=
threshold=
decision_type=
left_child=
right_child=
leaf_value=0
leaf_weight=
leaf_count=3256
internal_value=
internal_weight=
internal_count=
is_linear=0
shrinkage=1


Tree=566
num_leaves=7
num_cat=0
split_feature=163 394 165 224 264 353
split_gain=0.480244 0.580526 0.67471 0.937967 1.57934 1.25664
threshold=-0.021429223085953835 -0.020541186441704325 -0.0036153383404738935 1.3492585960262138 59.500000000000007 0.044841292678833543
decision_type=2 2 2 2 2 2
left_child=-1 -2 -3 5 -5 -4
right_child=1 2 3 4 -6 -7
leaf_value=-0.0089185320747048272 0.0089728575596682448 -0.0091675978280854435 -0.0015533820541543614 -0.01639007991337367 0.0022176529505050012 0.011324683243688348
leaf_weight=10.924677383853121 16.16764446569141 15.64963577443268 25.440982994798105 13.951618389110079 22.800558130373247 34.474629636970349
leaf_count=307 369 314 619 344 502 801
internal_value=0 0.000841184 -9.87315e-05 0.00109952 -0.00429213 0.00524844
internal_weight=139.41 128.485 112.317 96.6678 36.7522 59.9156
internal_count=3256 2949 2580 2266 846 1420
is_linear=0
shrinkage=0.05


Tree=567
num_leaves=9
num_cat=0
split_feature=266 56 207 297 126 231 372 15
split_gain=0.437031 0.787966 0.966671 0.765537 1.05829 1.30891 0.664939 0.393186
threshold=0.23430581308204701 0.56727217647416428 1.4824633338590132 -0.79590634691715823 -0.0067399039488402193 42.500000000000007 -0.0051521681881048212 0.0045702600958847711
decision_type=2 2 2 2 2 2 2 2
left_child=1 3 7 -1 6 -6 -5 -3
right_child=-2 2 -4 4 5 -7 -8 -9
leaf_value=-0.0094245147266567783 0.0064908188355017257 -0.019383692946982577 0.00046528776675093379 -0.012492406144351454 0 0.015025926564221132 0.00029443781246906012 -0.00047277023783495352
leaf_weight=10.98912711360026 16.55564739566762 11.901478732936086 11.903387568658216 10.030525061069058 24.327257252531126 24.680410328088328 17.517513240221888 10.931411021039819
leaf_count=617 889 257 207 144 332 391 210 209
internal_value=-4.68361e-05 -0.00146531 -0.0076451 0.000606577 0.00297607 0.00756628 -0.00349422 -0.0133718
internal_weight=138.837 122.281 34.7363 87.5448 76.5557 49.0077 27.548 22.8329
internal_count=3256 2367 673 1694 1077 723 354 466
is_linear=0
shrinkage=0.05


Tree=568
num_leaves=1
num_cat=0
split_feature=
split_gain=
threshold=
decision_type=
left_child=
right_child=
leaf_value=0
leaf_weight=
leaf_count=3256
internal_value=
internal_weight=
internal_count=
is_linear=0
shrinkage=1


Tree=569
num_leaves=9
num_cat=0
split_feature=266 365 191 104 19 319 213 87
split_gain=0.469541 0.637912 0.755833 1.07002 0.573314 0.442839 0.412868 0.388985
threshold=-0.091221812465992078 0.14948328114150669 0.7544919963730069 0.060134930725050967 0.45652238072391577 0.39043504802906676 5.2983304863075738 0.011708831703123203
decision_type=2 2 2 2 2 2 2 2
left_child=4 7 6 -4 5 -1 -3 -2
right_child=1 2 3 -5 -6 -7 -8 -9
leaf_value=0 0 -0.002715038560330858 -0.015620934094736291 0 -0.00094456665761009039 0.015180096174328726 0.0081642647153366693 0.01012373414846808
leaf_weight=18.121499072643932 10.538103027967738 18.494860596721995 22.559730201610364 19.024683728872333 18.700784986373037 11.076284658163784 10.108084609499199 10.134442903217858
leaf_count=379 255 368 546 442 368 562 171 165
internal_value=0 -0.00219252 -0.00478011 -0.00893815 0.00376801 0.00814603 0 0.00397311
internal_weight=138.758 90.8599 70.1874 41.5844 47.8986 29.1978 28.6029 20.6725
internal_count=3256 1947 1527 988 1309 941 539 420
is_linear=0
shrinkage=0.05


Tree=570
num_leaves=10
num_cat=0
split_feature=25 74 394 72 73 305 73 68 215
split_gain=0.433541 0.879471 0.821494 0.956868 0.639615 0.55212 0.524539 0.493861 0.227688
threshold=0.057680863051897339 -0.040962778692280592 -0.010460215560433859 0.0067519248572806669 0.85130815273108862 0.12093078195133534 1.2148568891301548 0.5607889655570768 4.3566959696988183
decision_type=2 2 2 2 2 2 2 2 2
left_child=1 2 4 -4 -1 -2 7 -3 -5
right_child=5 6 3 8 -6 -7 -8 -9 -10
leaf_value=0.011532950697401068 -0.010100608928890458 0.013792928978423489 -0.015301226440947852 0.0045004444534002333 -0.0015294984558686707 0 0 0 -0.0045326362134233932
leaf_weight=11.49750396498712 19.768537301686592 21.071064717369154 15.755934443441218 11.210871096700432 10.922466040763537 13.044150064582935 11.859449137991758 12.31188300688518 10.696506691630928
leaf_count=248 391 377 387 343 277 336 305 307 285
internal_value=-6.89983e-05 0.00114463 -0.00220677 -0.0070116 0.00377281 -0.00513033 0.00649227 0.0095881 0
internal_weight=138.138 105.326 60.0833 37.6633 22.42 32.8127 45.2424 33.3829 21.9074
internal_count=3256 2529 1540 1015 525 727 989 684 628
is_linear=0
shrinkage=0.05


Tree=571
num_leaves=1
num_cat=0
split_feature=
split_gain=
threshold=
decision_type=
left_child=
right_child=
leaf_value=0
leaf_weight=
leaf_count=3256
internal_value=
internal_weight=
internal_count=
is_linear=0
shrinkage=1


Tree=572
num_leaves=8
num_cat=0
split_feature=397 68 393 381 68 48 143
split_gain=0.46682 0.731919 1.33707 0.640961 1.0453 0.877864 0.667576
threshold=-0.021429223085953835 0.65983738550032922 -0.14371869281657926 27.092987790498274 0.41656113188691818 0.25720966824514824 -0.00037871086330015785
decision_type=2 2 2 2 2 2 2
left_child=-1 3 -3 6 -5 -6 -2
right_child=1 2 -4 4 5 -7 -8
leaf_value=-0.0088067323151390861 0.012948904386168931 -0.00055048785649493824 0.017174183748247633 0.0060922718109294206 0 -0.011347239641114367 0
leaf_weight=10.831371633626985 11.193040193524213 14.183818016317675 14.612822098424656 14.433649277430957 22.862892259261571 36.756217942864168 13.186635664431376
leaf_count=307 227 387 329 262 477 1012 255
internal_value=0 0.000850982 0.00764315 -0.000810428 -0.00352634 -0.00683378 0.00509541
internal_weight=138.06 127.229 28.7966 98.4324 74.0528 59.6191 24.3797
internal_count=3256 2949 716 2233 1751 1489 482
is_linear=0
shrinkage=0.05


Tree=573
num_leaves=7
num_cat=0
split_feature=276 32 71 62 34 120
split_gain=0.416037 0.7629 0.629235 1.01812 0.987366 0.82316
threshold=1.2343058130820472 0.82851573375390763 1.3945984261813644 0.52608432024276819 0.022937943441630731 -0.020509436415766576
decision_type=2 2 2 2 2 2
left_child=1 2 3 4 -1 -5
right_child=-2 -3 -4 5 -6 -7
leaf_value=-0.009414635533019371 0.0063147347023683647 -0.012077604958555636 -0.0097370195476970366 0 0.0027184227786298458 0.012329771507519969
leaf_weight=26.402547285659239 16.384910819819197 11.911058560945092 11.554923137882723 17.605428129551001 27.530513069476001 26.160295280627906
leaf_count=528 889 250 164 378 578 469
internal_value=-7.07277e-05 -0.00146862 0 0.00138492 -0.00252611 0.00712658
internal_weight=137.55 121.165 109.254 97.6988 53.9331 43.7657
internal_count=3256 2367 2117 1953 1106 847
is_linear=0
shrinkage=0.05


Tree=574
num_leaves=1
num_cat=0
split_feature=
split_gain=
threshold=
decision_type=
left_child=
right_child=
leaf_value=0
leaf_weight=
leaf_count=3256
internal_value=
internal_weight=
internal_count=
is_linear=0
shrinkage=1


Tree=575
num_leaves=8
num_cat=0
split_feature=167 220 11 297 213 165 53
split_gain=0.472512 0.918254 1.2462 0.631856 0.631384 0.493624 0.972178
threshold=-0.13156712337783102 6.470631665299444 0.0016914031004887644 -0.68962729365311526 6.0633086896430655 -0.0026374751461014866 -0.0038246211266739767
decision_type=2 2 2 2 2 2 2
left_child=1 3 4 -1 -3 -5 -7
right_child=-2 2 -4 5 -6 6 -8
leaf_value=0.011197843594771384 0.0072282669506066339 -0.0024596775660620874 0.0026499351183549595 -0.007057922280480293 -0.020564010559333257 0.01000407038290479 -0.0029417803342685501
leaf_weight=11.461458206526002 16.172321286285296 19.561553451407235 14.420404612552373 16.699230042693671 12.788514818879774 21.390970033535268 24.977330348745454
leaf_count=614 379 540 303 339 235 355 491
internal_value=0 -0.00120193 -0.00671093 0.00173622 -0.0121688 0 0.0022627
internal_weight=137.472 121.299 46.7705 74.529 32.3501 63.0675 46.3683
internal_count=3256 2877 1078 1799 775 1185 846
is_linear=0
shrinkage=0.05


Tree=576
num_leaves=10
num_cat=0
split_feature=25 74 74 162 162 215 1 215 174
split_gain=0.411818 0.812535 0.787072 1.0321 0.68844 0.531853 0.493607 0.483414 0.419815
threshold=0.057680863051897339 -0.040962778692280592 -0.23100930527528096 1.0460215560433863 1.0542446783210926 3.30696494064071 0.0066800913913952495 3.8374677224995781 -1.0000000180025095e-35
decision_type=2 2 2 2 2 2 2 2 2
left_child=1 2 3 -1 -2 6 -3 -5 -6
right_child=4 5 -4 7 8 -7 -8 -9 -10
leaf_value=-0.0059955660837119635 0.0016821735571486568 -0.004695020133215308 -0.010033217956412436 0.015208564610009351 0 0.011965064077738549 0.0077079406587267311 0 -0.016159249284729778
leaf_weight=18.290932031348348 10.891854170477016 13.978850085637534 18.965987697127275 10.219266003987288 10.710618942743166 19.452223279920872 11.470865790033711 12.069987193332052 10.9035748669412
leaf_count=475 243 362 517 248 247 452 175 300 237
internal_value=-7.15184e-05 0.00110445 -0.00210717 0.00088559 -0.0050324 0.00627254 0 0.00855088 -0.01024
internal_weight=136.954 104.448 59.5462 40.5802 32.506 44.9019 25.4497 22.2893 21.6142
internal_count=3256 2529 1540 1023 727 989 537 548 484
is_linear=0
shrinkage=0.05


Tree=577
num_leaves=1
num_cat=0
split_feature=
split_gain=
threshold=
decision_type=
left_child=
right_child=
leaf_value=0
leaf_weight=
leaf_count=3256
internal_value=
internal_weight=
internal_count=
is_linear=0
shrinkage=1


Tree=578
num_leaves=9
num_cat=0
split_feature=266 105 165 0 228 220 36 105
split_gain=0.453851 0.818569 0.759824 0.703278 0.469732 0.627602 0.443069 0.510593
threshold=0.042318408813254604 0.21096667650525225 0.00012739208320870183 -0.002467264279176764 1.187879200225481 2.3986489185755762 0.066796520346891555 0.0089452523524900206
decision_type=2 2 2 2 2 2 2 2
left_child=1 2 4 -2 5 -1 7 -5
right_child=3 -3 -4 6 -6 -7 -8 -9
leaf_value=0 -0.013122633921990659 -0.0063545363868278597 0.013151428687234576 -0.001054832190892437 -0.0040854735305289481 0.011928910922213883 -0.0075354486843799626 0.0088971000656690256
leaf_weight=14.247351910104046 11.181492190982679 14.085610321955754 18.385178368189372 18.262263823417015 18.852395763620734 13.771688731736502 12.10697023704415 15.983200496877542
leaf_count=250 376 319 565 406 359 262 389 330
internal_value=0 0.0023396 0.00514557 -0.00336124 0.000400498 0.00513397 0 0.00259004
internal_weight=136.876 79.3422 65.2566 57.5339 46.8714 28.019 46.3524 34.2455
internal_count=3256 1755 1436 1501 871 512 1125 736
is_linear=0
shrinkage=0.05


Tree=579
num_leaves=9
num_cat=0
split_feature=284 30 69 62 72 412 62 1
split_gain=0.413215 0.615148 0.753421 1.03168 0.657317 0.617965 0.475495 0.437376
threshold=-0.1293161010896838 0.015746039080032123 -0.0043412558331334386 0.52608432024276819 0.0075925759078171217 -0.69999999999999996 0.99176866384686846 0.003162844206770266
decision_type=2 2 2 2 2 2 2 2
left_child=1 4 5 -4 7 -3 -5 -1
right_child=-2 2 3 6 -6 -7 -8 -9
leaf_value=-0.0053421825977595936 0.0072717747958826644 0 -0.0116205162848644 0.0071747475257570416 -0.011409923590436395 0.012722028746432718 -0.0027661277577492333 0.0069927653375339432
leaf_weight=13.025928372400815 12.412002131226471 10.419416849967094 16.743503781268373 20.223442196962424 22.638507056981325 17.195973274996504 13.691738269058986 10.008032099925911
leaf_count=281 828 188 333 437 491 342 207 149
internal_value=-3.13064e-05 -0.00131107 0.000870503 -0.00203096 -0.00590035 0.00750368 0.00190845 0
internal_weight=136.359 123.947 78.2741 50.6587 45.6725 27.6154 33.9152 23.034
internal_count=3256 2428 1507 977 921 530 644 430
is_linear=0
shrinkage=0.05


Tree=580
num_leaves=1
num_cat=0
split_feature=
split_gain=
threshold=
decision_type=
left_child=
right_child=
leaf_value=0
leaf_weight=
leaf_count=3256
internal_value=
internal_weight=
internal_count=
is_linear=0
shrinkage=1


Tree=581
num_leaves=11
num_cat=0
split_feature=266 165 217 4 113 276 36 365 373 228
split_gain=0.461604 0.659809 0.789516 0.702992 0.610409 0.903882 0.584535 0.499198 0.471609 0.423064
threshold=0.14192779168026784 -0.0006808574815245894 6.9919874225348391 -0.0099004530087659585 28.500000000000004 0.77506622765772848 0.011327219886970453 0.17041396618880025 1.0000000180025095e-35 2.03790221296657
decision_type=2 2 2 2 2 2 2 2 2 2
left_child=1 3 -3 4 -1 -6 -2 -4 -5 -8
right_child=6 2 7 8 5 -7 9 -9 -10 -11
leaf_value=0.0093526019824446954 0.0013277482043795694 0.014505828460616668 -0.0048798385632335302 -0.014803389034809863 0.0050044558724528822 -0.012418193444572888 0 0.0065104783354269728 0 -0.015882564715620065
leaf_weight=14.850118974456562 10.486410812241955 14.929846797254866 15.041869247914294 10.330392650095748 10.211360653978774 10.115352527238427 13.537077708926519 16.307340348255821 10.0473948973231 10.422819123603402
leaf_count=226 159 365 295 157 163 212 580 440 209 450
internal_value=0 0.00158464 0.00604204 -0.00139395 0.0018386 -0.00200428 -0.00487727 0 -0.00863272 -0.00929314
internal_weight=136.28 101.834 46.2791 55.5546 35.1768 20.3267 34.4463 31.3492 20.3778 23.9599
internal_count=3256 2067 1100 967 601 375 1189 735 366 1030
is_linear=0
shrinkage=0.05


Tree=582
num_leaves=8
num_cat=0
split_feature=74 211 77 357 299 65 383
split_gain=0.407797 0.75556 0.670208 0.90992 0.829951 0.614794 0.539099
threshold=0.21349797489082548 2.4880179652844032 0.08252151706374844 0.26041666666666669 -0.36018559171651648 -0.096474916920589834 4.5000000000000009
decision_type=2 2 2 2 2 2 2
left_child=2 -2 -1 6 -5 -6 -4
right_child=1 -3 3 4 5 -7 -8
leaf_value=0.0095459369889413451 -0.012686842061532722 0 0 -0.012338354686309894 -0.0077487656332889052 0.0033825986342499873 0.014029234061455897
leaf_weight=16.740373752021696 14.275553338462489 15.47346139338333 11.046375202189667 16.661290660849772 15.274392534920478 35.431150767428335 10.762957089813424
leaf_count=411 262 379 242 676 299 733 254
internal_value=-2.07903e-05 -0.00521808 0.00108344 -0.000221707 -0.00361242 0 0.00740684
internal_weight=135.666 29.749 105.917 89.1762 67.3668 50.7055 21.8093
internal_count=3256 641 2615 2204 1708 1032 496
is_linear=0
shrinkage=0.05


Tree=583
num_leaves=1
num_cat=0
split_feature=
split_gain=
threshold=
decision_type=
left_child=
right_child=
leaf_value=0
leaf_weight=
leaf_count=3256
internal_value=
internal_weight=
internal_count=
is_linear=0
shrinkage=1


Tree=584
num_leaves=8
num_cat=0
split_feature=305 33 126 162 162 83 117
split_gain=0.441783 0.604413 1.07734 1.07841 1.05706 0.777846 0.388288
threshold=-0.070293018943807989 0.010396475607704953 -0.0067399039488402193 2.1568148553100079 1.0389571904311281 -0.071133034613963961 -0.30734228102228267
decision_type=2 2 2 2 2 2 2
left_child=6 -2 5 4 -4 -3 -1
right_child=1 2 3 -5 -6 -7 -8
leaf_value=0 0.0052069183211072506 0.0096135731360214166 -0.0098014987810579324 -0.01779235939290123 0.0040762103529412242 -0.0035487047294664102 0.011311781713643916
leaf_weight=11.346738049411217 19.277839824091643 18.49607836198993 21.551514822698664 16.36364904709626 23.079732513753697 14.134294967167078 11.337077228352426
leaf_count=450 333 268 469 443 467 234 592
internal_value=0 -0.00144096 -0.00344641 -0.00748279 -0.00177058 0.00269011 0.00579932
internal_weight=135.587 112.903 93.6253 60.9949 44.6312 32.6304 22.6838
internal_count=3256 2214 1881 1379 936 502 1042
is_linear=0
shrinkage=0.05


Tree=585
num_leaves=8
num_cat=0
split_feature=399 36 270 78 231 394 5
split_gain=0.423566 0.517225 1.03785 0.741059 0.679362 1.02558 0.677557
threshold=-0.29350499179089479 0.06519661849472054 -1.1508724010401457 1.723369866038061 72.500000000000014 -0.0030986538834845696 -0.00024961209058771411
decision_type=2 2 2 2 2 2 2
left_child=-1 3 -3 4 6 -6 -2
right_child=1 2 -4 -5 5 -7 -8
leaf_value=-0.0086956165324713168 -0.016147298828857033 -0.0016791654304318471 0.012373486715934683 0.0088050551999082471 0.012660658840031598 -0.0035901178883713195 0
leaf_weight=10.556545700936111 13.603018881171009 16.00895876949653 21.462691301712766 10.3965507625835 10.143562477082012 32.467571424669586 20.358332160627469
leaf_count=224 335 341 637 191 257 788 483
internal_value=-1.57022e-05 0.000515657 0.00545492 -0.00116767 -0.00343098 0 -0.00844354
internal_weight=134.997 124.441 37.4717 86.969 76.5725 42.6111 33.9614
internal_count=3256 3032 978 2054 1863 1045 818
is_linear=0
shrinkage=0.05


Tree=586
num_leaves=1
num_cat=0
split_feature=
split_gain=
threshold=
decision_type=
left_child=
right_child=
leaf_value=0
leaf_weight=
leaf_count=3256
internal_value=
internal_weight=
internal_count=
is_linear=0
shrinkage=1


Tree=587
num_leaves=10
num_cat=0
split_feature=266 36 86 19 2 26 357 42 105
split_gain=0.438735 0.770718 0.631054 0.54077 0.467182 0.44562 0.538809 0.382865 0.182369
threshold=-0.091221812465992078 0.069640849412462971 -5805263.5476294877 0.45652238072391577 -0.0044206581651750091 0.10580955274530825 0.30208333333333343 0.39043504802906676 -0.0076386625495008234
decision_type=2 2 2 2 2 2 2 2 2
left_child=3 4 -3 7 -2 6 -6 -1 -7
right_child=1 2 -4 -5 5 8 -8 -9 -10
leaf_value=0 -0.0070572179800940911 0 -0.015936987600197759 -0.00088798185480890685 0 -0.005650363867175357 0.011321421540017215 0.014713730609917623 0.00082108973575604571
leaf_weight=17.65220124414191 11.846556860837152 10.911295106401669 12.517907183966598 18.311622989713214 10.550685320165941 11.429098775610329 19.430274751153775 10.636381251737474 11.631886703427879
leaf_count=379 254 169 507 368 266 192 381 562 178
internal_value=0 -0.00218739 -0.00945706 0.00364755 2.86952e-06 0.00276525 0.00680653 0.00798513 -0.000748842
internal_weight=134.918 88.3177 23.4292 46.6002 64.8885 53.0419 29.981 28.2886 23.061
internal_count=3256 1947 676 1309 1271 1017 647 941 370
is_linear=0
shrinkage=0.05


Tree=588
num_leaves=9
num_cat=0
split_feature=103 165 407 54 163 126 393 71
split_gain=0.392045 0.578651 0.96944 0.622701 0.833596 0.793521 0.350175 0.259241
threshold=0.27931410668227169 -0.0025000280889666761 0.24149107095304853 -0.015462104775020856 0.0066854351159837374 -0.01205245221843315 -0.093118171822527615 0.91594671989238463
decision_type=2 2 2 2 2 2 2 2
left_child=1 2 -1 -3 5 -5 -6 -2
right_child=7 3 -4 4 6 -7 -8 -9
leaf_value=-6.9161332111396432e-05 -0.010842886612150729 -0.0089694039986070936 0.015835519666835086 -0.00041313149293001317 0 0.010228946593921451 -0.0098629050390823744 0
leaf_weight=10.232450882263949 10.221005302155392 16.006399680161849 12.608097446733153 20.407446053344756 11.827574527822435 28.945873959572054 14.007984480820596 10.128904740384312
leaf_count=215 204 330 326 446 399 775 309 252
internal_value=-1.80271e-05 0.000794564 0.00759454 -0.000565364 0.000859731 0.00510192 -0.00519778 -0.00622997
internal_weight=134.386 114.036 22.8405 91.1953 75.1889 49.3533 25.8356 20.3499
internal_count=3256 2800 541 2259 1929 1221 708 456
is_linear=0
shrinkage=0.05


Tree=589
num_leaves=1
num_cat=0
split_feature=
split_gain=
threshold=
decision_type=
left_child=
right_child=
leaf_value=0
leaf_weight=
leaf_count=3256
internal_value=
internal_weight=
internal_count=
is_linear=0
shrinkage=1


Tree=590
num_leaves=10
num_cat=0
split_feature=270 399 46 165 4 62 216 162 162
split_gain=0.431268 0.667414 0.672289 0.595078 0.668604 0.836467 0.647836 0.605174 0.373575
threshold=-0.85807220831973208 -0.060395407339102834 0.81789958620009739 -0.0006808574815245894 -0.0099004530087659585 0.52470198828634529 6.4181955892080209 1.4744659804405649 1.198470112406941
decision_type=2 2 2 2 2 2 2 2 2
left_child=3 2 -2 4 5 -1 7 -5 -7
right_child=1 -3 -4 6 -6 8 -8 -9 -10
leaf_value=0.011414501140069202 -0.016452912855405556 0.0017571738896806867 0 0.014085513669445181 -0.0084178549683996285 -0.0090576287811642755 -0.0003723612019640441 0 0.00055164248686551153
leaf_weight=12.897630789317189 12.305036684614608 11.349565385142339 10.343059498933142 21.008481182972901 20.077152325306088 10.16758514614776 13.448586260667069 11.054035426175686 11.655423658899961
leaf_count=207 718 269 202 544 366 189 251 305 205
internal_value=0 -0.00475948 -0.00979817 0.00152442 -0.00127996 0.0018632 0.00580207 0.00962822 -0.00246475
internal_weight=134.307 33.9977 22.6481 100.309 54.7978 34.7206 45.5111 32.0625 21.823
internal_count=3256 1189 920 2067 967 601 1100 849 394
is_linear=0
shrinkage=0.05


Tree=591
num_leaves=10
num_cat=0
split_feature=399 399 10 383 117 113 11 219 38
split_gain=0.408954 0.484392 0.798692 0.978508 0.688862 0.969995 0.686063 0.889502 0.479587
threshold=-0.29350499179089479 -0.10948066505889943 -0.010156582985681529 6.5000000000000009 0.35370217212501798 13.500000000000002 0.00029430238842742545 4.4720522496010275 0.33297168669478255
decision_type=2 2 2 2 2 2 2 2 2
left_child=-1 2 3 -2 5 -3 -4 -8 -7
right_child=1 4 6 -5 -6 8 7 -9 -10
leaf_value=-0.0085806999078188121 0.017444830569454377 0.0023273418485589771 -0.0090071841521717246 0 0.0060670966158457669 0 0.012075454303564317 -0.0036859899786993778 -0.014582083461038522
leaf_weight=10.49833212350495 14.55416814965429 14.138477438711559 13.86745152948424 14.920608318294397 10.641622700612059 10.116250362421853 13.354745436343366 10.710431327228433 20.942848028615117
leaf_count=224 475 321 395 305 183 294 314 245 500
internal_value=-4.07843e-05 0.000477225 0.00357475 0.00944311 -0.00240386 -0.00568921 -0.000121511 0.00358226 -0.01069
internal_weight=133.745 123.247 67.4074 29.4748 55.8392 45.1976 37.9326 24.0652 31.0591
internal_count=3256 3032 1734 780 1298 1115 954 559 794
is_linear=0
shrinkage=0.05


Tree=592
num_leaves=1
num_cat=0
split_feature=
split_gain=
threshold=
decision_type=
left_child=
right_child=
leaf_value=0
leaf_weight=
leaf_count=3256
internal_value=
internal_weight=
internal_count=
is_linear=0
shrinkage=1


Tree=593
num_leaves=10
num_cat=0
split_feature=270 36 260 19 74 213 258 163 191
split_gain=0.4222 0.709886 0.878556 0.525739 0.466083 0.714404 0.672083 0.463592 0.174742
threshold=-1.0811677469041125 0.069640849412462971 0.75454545454545474 0.45652238072391577 -0.064602468684197112 5.2983304863075738 1.1911764705882355 -0.0037900511139479574 0.64107422675175441
decision_type=2 2 2 2 2 2 2 2 2
left_child=3 4 -3 7 6 8 -2 -1 -6
right_child=1 2 -4 -5 5 -7 -8 -9 -10
leaf_value=0 0.012596060576198654 -0.018030378565180499 0 -0.0010010297890130852 0 0.0027243070438910744 0 0.011592294019048882 -0.013639224678102994
leaf_weight=10.003845269675368 12.780800252920017 10.54233724891674 11.699137247167526 18.673593430081382 10.452908324892634 15.594003129983319 13.987940400489606 19.887675047619268 10.043637515744193
leaf_count=212 251 335 326 376 174 284 358 762 178
internal_value=0 -0.00221293 -0.00934889 0.00347886 0 -0.00295623 0.00525986 0.00763369 -0.00920205
internal_weight=133.666 85.1008 22.2415 48.5651 62.8593 36.0905 26.7687 29.8915 20.4965
internal_count=3256 1906 661 1350 1245 636 609 974 352
is_linear=0
shrinkage=0.05


Tree=594
num_leaves=9
num_cat=0
split_feature=25 74 265 73 305 397 73 390
split_gain=0.440337 0.772439 0.7181 0.603534 0.525735 0.489895 0.470414 0.44564
threshold=0.057680863051897339 -0.040962778692280592 0.09039836567926457 0.8454286925047938 0.12093078195133534 0.0051744228703174732 1.2148568891301548 -0.017798713377268568
decision_type=2 2 2 2 2 2 2 2
left_child=1 2 5 -4 -2 -1 7 -3
right_child=4 6 3 -5 -6 -7 -8 -9
leaf_value=0.0090907803366719712 -0.010092980509724903 0 0 -0.012839759956499283 0 -0.0013834622791157464 0 0.012996952733914494
leaf_weight=13.658055876672735 19.135783679201271 10.674441313021811 11.929508880130017 17.258252641360741 12.487171218730508 14.906282949959857 11.403341409226412 21.624658374057621
leaf_count=416 391 286 323 421 336 380 305 398
internal_value=-7.93402e-06 0.00123864 -0.00191105 -0.00754207 -0.00521218 0.00242876 0.0063269 0.00928856
internal_weight=133.077 101.455 57.7521 29.1878 31.623 28.5643 43.7024 32.2991
internal_count=3256 2529 1540 744 727 796 989 684
is_linear=0
shrinkage=0.05


Tree=595
num_leaves=1
num_cat=0
split_feature=
split_gain=
threshold=
decision_type=
left_child=
right_child=
leaf_value=0
leaf_weight=
leaf_count=3256
internal_value=
internal_weight=
internal_count=
is_linear=0
shrinkage=1


Tree=596
num_leaves=10
num_cat=0
split_feature=274 19 66 117 373 69 20 386 262
split_gain=0.422902 0.558758 0.626152 0.522871 0.659337 0.770248 0.449241 0.413738 0.303796
threshold=0.5709779461700667 0.47821999192709747 0.45239700492612728 -0.45244216908950202 -0.021988981625082445 0.012771445265517769 0.10394805194805269 -0.031460437792596267 0.30898876404494385
decision_type=2 2 2 2 2 2 2 2 2
left_child=3 2 -2 8 6 -6 -5 -4 -1
right_child=1 -3 7 4 5 -7 -8 -9 -10
leaf_value=-0.0080105253131942077 0 0.0023626755630019535 0 0.006115037332193575 0.014990591361600773 0 -0.0054864137749827593 -0.016966590437353143 0
leaf_weight=12.372420850326309 12.669869450619442 13.46324882248882 11.052510840992907 10.672743923380041 19.275196020491425 12.681514310068449 17.325996176921763 13.016334983403796 10.468284527072681
leaf_count=238 316 301 357 131 529 248 348 480 308
internal_value=0 -0.00364238 -0.00711344 0.00202388 0.00476876 0.00938666 0 -0.0114941 -0.00296346
internal_weight=132.998 50.202 36.7387 82.7962 59.9555 31.9567 27.9987 24.0688 22.8407
internal_count=3256 1454 1153 1802 1256 777 479 837 546
is_linear=0
shrinkage=0.05


Tree=597
num_leaves=10
num_cat=0
split_feature=25 74 74 16 162 162 72 78 174
split_gain=0.407157 0.728046 0.685221 1.04941 0.667765 0.655411 0.469984 0.642512 0.386713
threshold=0.057680863051897339 -0.040962778692280592 -0.23100930527528096 0.0012048879034494634 1.0542446783210926 1.0460215560433863 0.0076505574760242449 1.0521288838803098 -1.0000000180025095e-35
decision_type=2 2 2 2 2 2 2 2 2
left_child=1 2 3 5 -2 -1 -3 -8 -6
right_child=4 6 -4 -5 8 -7 7 -9 -10
leaf_value=-0.01129668287259104 0.0016175976828760809 0.013746205305647019 -0.0094187836670103758 0.011698330159197107 0 0.0013317839068154741 0.0073099907031342545 -0.0054870048446982907 -0.015988896734288001
leaf_weight=12.68725327588618 10.502288251067514 12.41173589043319 18.307681047532242 13.554568927153012 10.453965314198287 12.968070114613509 18.675616607244596 12.431412393809294 10.589838656189384
leaf_count=334 243 198 517 360 247 329 461 330 237
internal_value=-7.69669e-06 0.00117891 -0.00186689 0.000893461 -0.00502787 -0.00369732 0.00614009 0.000697109 -0.010212
internal_weight=132.582 101.036 57.5176 39.2099 31.5461 25.6553 43.5188 31.107 21.0438
internal_count=3256 2529 1540 1023 727 663 989 791 484
is_linear=0
shrinkage=0.05


Tree=598
num_leaves=1
num_cat=0
split_feature=
split_gain=
threshold=
decision_type=
left_child=
right_child=
leaf_value=0
leaf_weight=
leaf_count=3256
internal_value=
internal_weight=
internal_count=
is_linear=0
shrinkage=1


Tree=599
num_leaves=9
num_cat=0
split_feature=297 126 33 162 72 120 266 86
split_gain=0.418711 0.608872 1.2456 1.05179 0.844547 0.702782 0.762718 0.131828
threshold=-0.79590634691715823 -0.0067399039488402193 0.010396475607704953 2.1568148553100079 0.009541280277834659 1.0000000180025095e-35 0.13259254569245812 -5444669.4591004923
decision_type=2 2 2 2 2 2 2 2
left_child=-1 5 -3 4 -4 6 7 -2
right_child=1 2 3 -5 -6 -7 -8 -9
leaf_value=0.006943792565705125 0.0010438324677232728 0.0072778890311205992 -0.0068785838344714509 -0.017507132882650194 0.0058325587104323708 -0.0050127139633583135 0 0.017598567020573327
leaf_weight=15.059343893313779 10.036943495739253 12.928632422699591 32.948953469865955 16.687079433409963 14.412851006258277 10.216860307147725 10.203168343985451 10.008855449268596
leaf_count=902 136 199 690 452 301 193 239 144
internal_value=0 -0.00120891 -0.00405681 -0.00731378 -0.00190058 0.00296436 0.00737168 0.0126941
internal_weight=132.503 117.443 76.9775 64.0489 47.3618 40.4658 30.249 20.0458
internal_count=3256 2354 1642 1443 991 712 519 280
is_linear=0
shrinkage=0.05


end of trees

feature_importances:
Column_165=146
Column_162=130
Column_74=125
Column_266=117
Column_297=111
Column_126=109
Column_394=105
Column_268=99
Column_399=78
Column_68=77
Column_284=76
Column_105=72
Column_113=69
Column_72=67
Column_365=67
Column_19=64
Column_375=64
Column_110=63
Column_373=63
Column_381=63
Column_231=60
Column_86=58
Column_163=57
Column_21=56
Column_28=56
Column_111=55
Column_191=54
Column_265=53
Column_120=52
Column_83=51
Column_104=51
Column_36=50
Column_112=50
Column_167=48
Column_264=48
Column_64=45
Column_66=45
Column_73=44
Column_299=44
Column_393=41
Column_270=40
Column_217=38
Column_125=37
Column_220=37
Column_305=37
Column_25=35
Column_262=33
Column_290=33
Column_383=33
Column_258=32
Column_309=31
Column_370=31
Column_372=31
Column_379=31
Column_62=30
Column_137=30
Column_221=29
Column_272=28
Column_71=27
Column_213=27
Column_11=26
Column_130=26
Column_34=25
Column_65=25
Column_354=25
Column_219=24
Column_301=24
Column_1=23
Column_30=23
Column_174=22
Column_397=22
Column_0=21
Column_70=21
Column_78=21
Column_260=21
Column_356=21
Column_10=20
Column_246=20
Column_33=19
Column_69=19
Column_355=19
Column_37=18
Column_215=18
Column_364=18
Column_27=17
Column_46=17
Column_353=17
Column_16=16
Column_124=16
Column_211=16
Column_216=16
Column_286=16
Column_107=15
Column_7=14
Column_15=14
Column_67=14
Column_117=14
Column_209=14
Column_224=14
Column_244=14
Column_276=14
Column_392=14
Column_20=13
Column_29=13
Column_222=13
Column_303=13
Column_141=12
Column_307=12
Column_87=11
Column_274=11
Column_348=11
Column_349=11
Column_377=11
Column_386=11
Column_2=10
Column_32=10
Column_56=10
Column_103=10
Column_230=10
Column_9=9
Column_119=9
Column_225=9
Column_357=9
Column_390=9
Column_401=9
Column_412=9
Column_44=8
Column_49=8
Column_51=8
Column_82=8
Column_229=8
Column_26=7
Column_106=7
Column_138=7
Column_223=7
Column_228=7
Column_387=7
Column_5=6
Column_55=6
Column_79=6
Column_214=6
Column_226=6
Column_242=6
Column_323=6
Column_3=5
Column_4=5
Column_6=5
Column_38=5
Column_54=5
Column_81=5
Column_207=5
Column_240=5
Column_335=5
Column_406=5
Column_407=5
Column_40=4
Column_41=4
Column_43=4
Column_75=4
Column_77=4
Column_108=4
Column_187=4
Column_208=4
Column_256=4
Column_385=4
Column_35=3
Column_63=3
Column_80=3
Column_92=3
Column_118=3
Column_166=3
Column_190=3
Column_206=3
Column_227=3
Column_236=3
Column_292=3
Column_311=3
Column_371=3
Column_380=3
Column_14=2
Column_17=2
Column_23=2
Column_39=2
Column_42=2
Column_52=2
Column_53=2
Column_142=2
Column_143=2
Column_146=2
Column_178=2
Column_210=2
Column_212=2
Column_238=2
Column_296=2
Column_359=2
Column_378=2
Column_388=2
Column_405=2
Column_8=1
Column_13=1
Column_24=1
Column_31=1
Column_48=1
Column_88=1
Column_98=1
Column_123=1
Column_153=1
Column_177=1
Column_194=1
Column_196=1
Column_234=1
Column_278=1
Column_280=1
Column_288=1
Column_304=1
Column_308=1
Column_319=1
Column_327=1
Column_334=1
Column_336=1
Column_342=1
Column_358=1
Column_374=1
Column_414=1

parameters:
[boosting: gbdt]
[objective: multiclass]
[metric: multi_logloss]
[tree_learner: serial]
[device_type: cpu]
[data_sample_strategy: bagging]
[data: ]
[valid: ]
[num_iterations: 200]
[learning_rate: 0.05]
[num_leaves: 31]
[num_threads: 8]
[seed: 42]
[deterministic: 0]
[force_col_wise: 0]
[force_row_wise: 0]
[histogram_pool_size: -1]
[max_depth: 5]
[min_data_in_leaf: 20]
[min_sum_hessian_in_leaf: 10]
[bagging_fraction: 0.8]
[pos_bagging_fraction: 1]
[neg_bagging_fraction: 1]
[bagging_freq: 0]
[bagging_seed: 400]
[bagging_by_query: 0]
[feature_fraction: 0.7]
[feature_fraction_bynode: 1]
[feature_fraction_seed: 30056]
[extra_trees: 0]
[extra_seed: 12879]
[early_stopping_round: 0]
[early_stopping_min_delta: 0]
[first_metric_only: 0]
[max_delta_step: 0]
[lambda_l1: 1]
[lambda_l2: 3]
[linear_lambda: 0]
[min_gain_to_split: 0]
[drop_rate: 0.1]
[max_drop: 50]
[skip_drop: 0.5]
[xgboost_dart_mode: 0]
[uniform_drop: 0]
[drop_seed: 17869]
[top_rate: 0.2]
[other_rate: 0.1]
[min_data_per_group: 100]
[max_cat_threshold: 32]
[cat_l2: 10]
[cat_smooth: 10]
[max_cat_to_onehot: 4]
[top_k: 20]
[monotone_constraints: ]
[monotone_constraints_method: basic]
[monotone_penalty: 0]
[feature_contri: ]
[forcedsplits_filename: ]
[refit_decay_rate: 0.9]
[cegb_tradeoff: 1]
[cegb_penalty_split: 0]
[cegb_penalty_feature_lazy: ]
[cegb_penalty_feature_coupled: ]
[path_smooth: 0]
[interaction_constraints: ]
[verbosity: -1]
[saved_feature_importance_type: 0]
[use_quantized_grad: 0]
[num_grad_quant_bins: 4]
[quant_train_renew_leaf: 0]
[stochastic_rounding: 1]
[linear_tree: 0]
[max_bin: 255]
[max_bin_by_feature: ]
[min_data_in_bin: 3]
[bin_construct_sample_cnt: 200000]
[data_random_seed: 175]
[is_enable_sparse: 1]
[enable_bundle: 1]
[use_missing: 1]
[zero_as_missing: 0]
[feature_pre_filter: 1]
[pre_partition: 0]
[two_round: 0]
[header: 0]
[label_column: ]
[weight_column: ]
[group_column: ]
[ignore_column: ]
[categorical_feature: ]
[forcedbins_filename: ]
[precise_float_parser: 0]
[parser_config_file: ]
[objective_seed: 16083]
[num_class: 3]
[is_unbalance: 0]
[scale_pos_weight: 1]
[sigmoid: 1]
[boost_from_average: 1]
[reg_sqrt: 0]
[alpha: 0.9]
[fair_c: 1]
[poisson_max_delta_step: 0.7]
[tweedie_variance_power: 1.5]
[lambdarank_truncation_level: 30]
[lambdarank_norm: 1]
[label_gain: ]
[lambdarank_position_bias_regularization: 0]
[eval_at: ]
[multi_error_top_k: 1]
[auc_mu_weights: ]
[num_machines: 1]
[local_listen_port: 12400]
[time_out: 120]
[machine_list_filename: ]
[machines: ]
[gpu_platform_id: -1]
[gpu_device_id: -1]
[gpu_use_dp: 0]
[num_gpu: 1]

end of parameters

pandas_categorical:null
