tree
version=v4
num_class=1
num_tree_per_iteration=1
label_index=0
max_feature_idx=24
objective=binary sigmoid:1
feature_names=Column_0 Column_1 Column_2 Column_3 Column_4 Column_5 Column_6 Column_7 Column_8 Column_9 Column_10 Column_11 Column_12 Column_13 Column_14 Column_15 Column_16 Column_17 Column_18 Column_19 Column_20 Column_21 Column_22 Column_23 Column_24
feature_infos=[0:1] [0:1] [0.032258064516129031:1] [0:0.66666666666666663] [0:0.98333333333333328] [0:1] [-0.071231330214405419:0.048155576664183908] [-0.5:0.5] [0:1] [0.00081037277147487841:1] [0:1] none [0:1] [0.033333333333333333:1] none [0:1] [0:0.98333333333333328] [-0.5:0.5] [0:1] [0:0.66666666666666663] none none none none none
tree_sizes=831 752 955 728 856 927 961 729 749 750 749 914 746 729 758 854 858 732 726 979 739 760 761 787 762 845 892 950 932 847 866 888 886 847 789 868 975 891 787 872 861 850 850 783 788 882 947 953 868 865 861 757 787 763 784 768 864 768 894 849 770 843 852 891 895 778 871 893 681 900 764 764 783 769 679 787 786 679 793 972 789 934 679 973 764 855 679 854 952 955 762 834 874 772 973 678 866 958 868 795 769 955 669 679 677 773 893 782 780 777 853 855 879 770 757 669 778 657 782 663 764 778 759 857 753 749 875 676 718 746 873 673 762 672 673 744 761 744 746 755 848 671 748 858 651 664 675 730 747 760

Tree=0
num_leaves=8
num_cat=0
split_feature=2 16 7 10 7 10 7
split_gain=38.6085 22.2454 22.3482 16.3731 15.5578 2.1021 0.792857
threshold=0.69354838709677435 0.90833333333333344 -0.29477353741028361 0.97500000000000009 0.099573878940060215 0.87500000000000011 -0.43715134613478196
decision_type=2 2 2 2 2 2 2
left_child=1 2 6 -4 -2 -3 -1
right_child=4 5 3 -5 -6 -7 -8
leaf_value=0 -0.036198347107438016 0 0.037278106508875739 0.0030000000000000001 0 -0.017999999999999999 -0.0074999999999999997
leaf_weight=15.000000000000002 25.25 15.75 37.25 25 15.249999999999998 15 14.999999999999998
leaf_count=60 101 63 149 100 61 60 60
internal_value=0 0.0084375 0.0158869 0.0256506 -0.0237363 -0.0113287 -0.00342857
internal_weight=163.5 123 92.25 62.25 40.5 30.75 30
internal_count=654 492 369 249 162 123 120
is_linear=0
shrinkage=0.03


Tree=1
num_leaves=6
num_cat=0
split_feature=2 6 7 7 4
split_gain=36.5878 31.3278 23.6439 14.8143 9.54992
threshold=0.69354838709677435 0.014496015141402309 -0.30742316093146965 0.099573878940060215 0.091666666666666688
decision_type=2 2 2 2 2
left_child=1 2 -1 -2 -4
right_child=3 -3 4 -5 -6
leaf_value=-0.003853727507684904 -0.035301641873452069 -0.016350466341927543 0.0012248565689586613 0 0.032368440999717987
leaf_weight=28.749490454792976 25.241729930043221 28.748757064342499 15.998441204428671 15.249999999999998 49.488891080021858
leaf_count=115 101 115 64 61 198
internal_value=0 0.00818507 0.0167214 -0.0231379 0.0262379
internal_weight=163.477 122.986 94.2368 40.4917 65.4873
internal_count=654 492 377 162 262
is_linear=0
shrinkage=0.03


Tree=2
num_leaves=8
num_cat=0
split_feature=2 12 2 16 16 12 10
split_gain=34.6882 25.598 9.55867 9.06674 8.94674 7.96344 2.54104
threshold=0.69354838709677435 0.64166666666666672 0.87096774193548399 0.89166666666666672 0.57500000000000007 0.84166666666666679 0.37500000000000006
decision_type=2 2 2 2 2 2 2
left_child=1 4 -2 5 -1 -3 -6
right_child=2 3 -4 -5 6 -7 -8
leaf_value=0.00019027466084358175 -0.032545752563497621 0.016538474373362717 0 -0.020017173982884971 0.0079716547701156361 -0.0093445888020524462 0.032227890958120578
leaf_weight=21.742234230041504 24.97350287437439 15.244051575660707 15.494253635406492 21.495720908045769 17.742658019065857 15.74896292388439 30.976132914423943
leaf_count=87 100 61 62 86 71 63 124
internal_value=0 0.00794347 -0.0225624 -0.00677444 0.0194249 0.00224808 0.0260753
internal_weight=163.418 122.95 40.4678 52.4887 70.461 30.993 48.7188
internal_count=654 492 162 210 282 124 195
is_linear=0
shrinkage=0.03


Tree=3
num_leaves=6
num_cat=0
split_feature=2 6 12 7 9
split_gain=33.0722 29.2501 27.3866 13.8144 10.6539
threshold=0.69354838709677435 0.014496015141402309 0.82500000000000007 0.099573878940060215 0.27106969205834691
decision_type=2 2 2 2 2
left_child=1 2 4 -2 -1
right_child=3 -3 -4 -5 -6
leaf_value=0 -0.033809290821446333 -0.015921122981762275 -0.010662745199116783 0 0.029976089052677488
leaf_weight=15.23868592083454 25.188197076320648 28.742293670773506 20.746420234441757 15.248874753713606 58.180719897150993
leaf_count=61 101 115 83 61 233
internal_value=0 0.00775418 0.016024 -0.0220413 0.0245292
internal_weight=163.345 122.908 94.1658 40.4371 73.4194
internal_count=654 492 377 162 294
is_linear=0
shrinkage=0.03


Tree=4
num_leaves=7
num_cat=0
split_feature=2 4 10 2 8 2
split_gain=31.3262 20.8207 9.16293 8.83396 7.78888 8.33946
threshold=0.69354838709677435 0.091666666666666688 0.92500000000000016 0.87096774193548399 1.0000000180025095e-35 0.43548387096774199
decision_type=2 2 2 2 2 2
left_child=1 2 -1 -2 5 -3
right_child=3 4 -4 -5 -6 -7
leaf_value=0.0021762511288817492 -0.03110879336553871 -0.00060322850113684288 -0.024014160655280278 0 0.026314376258538833 0.021640256060973577
leaf_weight=17.488293439149857 24.900602623820305 39.966003268957138 16.488083809614182 15.487546771764753 33.43014170229435 15.463191166520117
leaf_count=70 100 160 66 62 134 62
internal_value=0 0.00750879 -0.0104442 -0.0215027 0.0152033 0.00588629
internal_weight=163.224 122.836 33.9764 40.3881 88.8593 55.4292
internal_count=654 492 136 162 356 222
is_linear=0
shrinkage=0.03


Tree=5
num_leaves=8
num_cat=0
split_feature=2 12 7 12 7 3 2
split_gain=29.8484 22.47 12.9201 7.67524 7.84765 2.64184 4.57779
threshold=0.69354838709677435 0.64166666666666672 0.088833521415305858 0.12500000000000003 -0.28309527284396024 1.0000000180025095e-35 0.14516129032258066
decision_type=2 2 2 2 2 2 2
left_child=1 3 -2 -1 -5 -3 -7
right_child=2 5 -4 4 -6 6 -8
leaf_value=0 -0.032842520917749814 -0.013924148407575523 0 5.429569842520849e-05 0.029356680066445859 0.0097041939213698743 -0.0098713139504223012
leaf_weight=15.224489837884901 24.343311101198196 19.48500369489193 15.992538332939146 15.23779174685478 39.864751383662224 15.232749640941618 17.727874860167503
leaf_count=61 98 78 64 61 160 61 71
internal_value=0 0.00731718 -0.0210154 0.0181061 0.0229305 -0.0064225 0
internal_weight=163.109 122.773 40.3358 70.327 55.1025 52.4456 32.9606
internal_count=654 492 162 282 221 210 132
is_linear=0
shrinkage=0.03


Tree=6
num_leaves=8
num_cat=0
split_feature=2 12 7 16 16 12 10
split_gain=28.3614 21.3885 12.3626 8.29021 8.08295 7.17653 0.984351
threshold=0.69354838709677435 0.64166666666666672 0.099573878940060215 0.89166666666666672 0.6083333333333335 0.84166666666666679 0.37500000000000006
decision_type=2 2 2 2 2 2 2
left_child=1 4 -2 5 -1 -3 -6
right_child=2 3 -4 -5 6 -7 -8
leaf_value=0.0011562410650099045 -0.031708805764545288 0.015882273457504013 0 -0.018974147728744752 0.008238937094922771 -0.0086295402323225516 0.030275262423474506
leaf_weight=25.707464382052422 25.020503506064415 15.226733326911928 15.245697870850561 21.469063222408295 16.704273015260696 15.743790671229361 27.846931144595146
leaf_count=103 101 61 61 86 67 63 112
internal_value=0 0.00711665 -0.0205186 -0.00626729 0.0176561 0.00228624 0.0248888
internal_weight=162.964 122.698 40.2662 52.4396 70.2587 30.9705 44.5512
internal_count=654 492 162 210 282 124 179
is_linear=0
shrinkage=0.03


Tree=7
num_leaves=6
num_cat=0
split_feature=4 9 12 16 17
split_gain=23.2308 29.3248 18.6769 14.9848 10.858
threshold=0.091666666666666688 0.15153970826580229 0.80833333333333346 0.52500000000000002 -1.0000000180025095e-35
decision_type=2 2 2 2 2
left_child=4 -2 3 -3 -1
right_child=1 2 -4 -5 -6
leaf_value=-0.026313882078906489 -0.021605726174161032 0 -0.0074907978093711634 0.02919684211493586 0
leaf_weight=29.59953299164772 18.894873157143593 17.713632941246033 19.439952567219734 54.691769927740097 22.448497697710991
leaf_count=119 76 71 78 220 90
internal_value=0 0.0076212 0.0150585 0.0219806 -0.0157688
internal_weight=162.788 110.74 91.8454 72.4054 52.048
internal_count=654 445 369 291 209
is_linear=0
shrinkage=0.03


Tree=8
num_leaves=6
num_cat=0
split_feature=2 6 12 7 10
split_gain=26.5793 26.3593 22.7542 11.4249 2.24552
threshold=0.69354838709677435 0.014496015141402309 0.82500000000000007 0.099573878940060215 0.32500000000000001
decision_type=2 2 2 2 2
left_child=1 2 4 -2 -1
right_child=3 -3 -4 -5 -6
leaf_value=0.0053720785216537659 -0.030717089147495852 -0.015573410618288567 -0.0094256748205848798 0 0.025990928242894343
leaf_weight=17.193132281303406 24.897071912884712 28.694013237953186 20.719258934259415 15.245254546403883 55.871578931808472
leaf_count=69 101 115 83 61 225
internal_value=0 0.0068575 0.0147687 -0.0199277 0.0225625
internal_weight=162.62 122.478 93.784 40.1423 73.0647
internal_count=654 492 377 162 294
is_linear=0
shrinkage=0.03


Tree=9
num_leaves=6
num_cat=0
split_feature=2 6 12 7 16
split_gain=25.2187 25.0219 21.6849 10.9534 5.23955
threshold=0.69354838709677435 0.014496015141402309 0.82500000000000007 0.088833521415305858 0.89166666666666672
decision_type=2 2 2 2 2
left_child=1 2 4 -2 -1
right_child=3 -3 -4 -5 -6
leaf_value=0.026198184345559403 -0.030436426700096681 -0.015179903465930875 -0.009200467375826556 0 0.0017566737067733003
leaf_weight=56.752309441566467 24.058856606483459 28.684463366866112 20.712126165628433 15.988757908344267 16.199092447757721
leaf_count=229 98 115 83 64 65
internal_value=0 0.00665223 0.0143769 -0.0194613 0.0220014
internal_weight=162.396 122.348 93.6635 40.0476 72.9514
internal_count=654 492 377 162 294
is_linear=0
shrinkage=0.03


Tree=10
num_leaves=6
num_cat=0
split_feature=2 6 12 7 10
split_gain=23.9433 23.751 20.6676 10.4849 2.04437
threshold=0.69354838709677435 0.014496015141402309 0.82500000000000007 0.088833521415305858 0.32500000000000001
decision_type=2 2 2 2 2
left_child=1 2 4 -2 -1
right_child=3 -3 -4 -5 -6
leaf_value=0.0049230142035315248 -0.029787200768567865 -0.014797735311220811 -0.0089809085361738702 0 0.024742973845786106
leaf_weight=17.174848884344101 23.956256687641144 28.671829998493195 20.704281315207481 15.988757908344267 55.642041429877281
leaf_count=69 98 115 83 64 225
internal_value=0 0.00645096 0.0139948 -0.019018 0.0214559
internal_weight=162.138 122.193 93.5212 39.945 72.8169
internal_count=654 492 377 162 294
is_linear=0
shrinkage=0.03


Tree=11
num_leaves=8
num_cat=0
split_feature=2 12 7 12 7 3 2
split_gain=22.7416 17.2669 10.0564 6.85682 7.20337 2.29562 4.52827
threshold=0.69354838709677435 0.64166666666666672 0.099573878940060215 0.12500000000000003 -0.28309527284396024 1.0000000180025095e-35 0.14516129032258066
decision_type=2 2 2 2 2 2 2
left_child=1 3 -2 -1 -5 -3 -7
right_child=2 5 -4 4 -6 6 -8
leaf_value=0 -0.028799912066724036 -0.012674462311150551 0 0 0.026553519507204536 0.009940637646420997 -0.0095825408621242631
leaf_weight=15.167932659387587 24.589319482445717 19.419530734419823 15.245254546403883 15.184102013707159 39.410622641444206 15.181145787239073 17.664980337023735
leaf_count=61 101 78 61 61 160 61 71
internal_value=0 0.00625868 -0.0185884 0.0157981 0.0204121 -0.00569415 0
internal_weight=161.863 122.028 39.8346 69.7627 54.5947 52.2657 32.8461
internal_count=654 492 162 282 221 210 132
is_linear=0
shrinkage=0.03


Tree=12
num_leaves=6
num_cat=0
split_feature=2 6 12 2 16
split_gain=21.605 22.339 19.1443 6.9889 4.93711
threshold=0.69354838709677435 0.014496015141402309 0.82500000000000007 0.87096774193548399 0.89166666666666672
decision_type=2 2 2 2 2
left_child=1 2 4 -2 -1
right_child=3 -3 -4 -5 -6
leaf_value=0.02470206186327796 -0.026798581621353838 -0.014501181354615315 -0.0086178733794008491 0 0.0011563323982009023
leaf_weight=56.38865527510643 24.300506964325905 28.646466001868248 20.688548520207405 15.415984645485876 16.172379985451698
leaf_count=229 100 115 83 62 65
internal_value=0 0.00608068 0.0134304 -0.0181635 0.0206406
internal_weight=161.613 121.896 93.2496 39.7165 72.561
internal_count=654 492 377 162 294
is_linear=0
shrinkage=0.03


Tree=13
num_leaves=6
num_cat=0
split_feature=2 6 7 7 16
split_gain=20.5464 21.2109 15.7225 9.4819 9.46694
threshold=0.69354838709677435 0.014496015141402309 -0.30742316093146965 0.088833521415305858 0.89166666666666672
decision_type=2 2 2 2 2
left_child=1 2 -1 -2 -4
right_child=3 -3 4 -5 -6
leaf_value=-0.0033804698040271973 -0.028108631927686718 -0.014138294911227332 0.027334791027458321 0 0
leaf_weight=28.63102163374424 23.629202291369438 28.628878340125084 47.275178343057632 15.981872528791426 17.167822197079659
leaf_count=115 98 115 193 64 69
internal_value=0 0.00589673 0.0130777 -0.0177694 0.0209708
internal_weight=161.314 121.703 93.074 39.6111 64.443
internal_count=654 492 377 162 262
is_linear=0
shrinkage=0.03


Tree=14
num_leaves=6
num_cat=0
split_feature=4 9 12 16 17
split_gain=18.5141 24.5745 14.4742 13.6529 9.28785
threshold=0.091666666666666688 0.15153970826580229 0.80833333333333346 0.52500000000000002 -1.0000000180025095e-35
decision_type=2 2 2 2 2
left_child=4 -2 3 -3 -1
right_child=1 2 -4 -5 -6
leaf_value=-0.024145158505110603 -0.020161325628825409 -0.00024518275200797985 -0.0061458215412557348 0.026693825778678151 0
leaf_weight=29.240464180707932 18.630902245640755 17.581824854016304 19.298840075731277 53.895835444331169 22.336446464061737
leaf_count=119 76 71 78 220 90
internal_value=0 0.00665037 0.0135449 0.0197001 -0.0143206
internal_weight=160.984 109.407 90.7765 71.4777 51.5769
internal_count=654 445 369 291 209
is_linear=0
shrinkage=0.03


Tree=15
num_leaves=7
num_cat=0
split_feature=2 4 7 7 10 10
split_gain=19.2179 14.035 11.599 8.78883 7.05225 6.46364
threshold=0.69354838709677435 0.091666666666666688 -0.28755515437685769 0.099573878940060215 0.92500000000000016 0.97500000000000009
decision_type=2 2 2 2 2 2
left_child=1 4 -3 -2 -1 -4
right_child=3 2 5 -5 -6 -7
leaf_value=0.0017966329040709874 -0.026954045458683549 -0.0012242772526350526 0.027255569823586089 0 -0.020973230724711724 0.0028651152302417255
leaf_weight=17.41614955663681 24.173272892832756 30.109844550490379 34.720539957284927 15.238529592752455 16.338809505105019 22.716534242033958
leaf_count=70 101 121 143 61 66 92
internal_value=0 0.00563541 0.0120915 -0.0172955 -0.00896066 0.019572
internal_weight=160.714 121.302 87.5469 39.4118 33.755 57.4371
internal_count=654 492 356 162 136 235
is_linear=0
shrinkage=0.03


Tree=16
num_leaves=7
num_cat=0
split_feature=2 16 8 2 2 10
split_gain=18.2829 13.6052 7.39327 9.39814 6.11775 4.85776
threshold=0.69354838709677435 0.89166666666666672 1.0000000180025095e-35 0.43548387096774199 0.87096774193548399 0.62500000000000011
decision_type=2 2 2 2 2 2
left_child=1 2 3 -1 -2 -3
right_child=4 5 -4 -5 -6 -7
leaf_value=-0.0035840234426181665 -0.025073236197283646 0.00072285430243361156 0.023003447111194425 0.020203715267975514 0 -0.017521355504089897
leaf_weight=39.38172659277916 23.89310809969902 15.879079759120939 30.987010911107063 16.048466876149178 15.382404908537863 18.810335218906403
leaf_count=159 100 64 127 66 62 76
internal_value=0 0.00548679 0.0119673 0.00341207 -0.0169084 -0.00861935
internal_weight=160.382 121.107 86.4172 55.4302 39.2755 34.6894
internal_count=654 492 352 225 162 140
is_linear=0
shrinkage=0.03


Tree=17
num_leaves=6
num_cat=0
split_feature=2 6 7 16 7
split_gain=17.4509 19.1327 13.5672 8.33132 8.29889
threshold=0.69354838709677435 0.014496015141402309 -0.30742316093146965 0.89166666666666672 0.088833521415305858
decision_type=2 2 2 2 2
left_child=1 2 -1 -4 -2
right_child=4 -3 3 -5 -6
leaf_value=-0.0029381744631181914 -0.026344843354583796 -0.013639347019380531 0.025651768734172239 0 0
leaf_weight=28.57392555475235 23.183895498514175 28.545512095093727 46.688120156526566 17.133536502718925 15.971247538924215
leaf_count=115 98 115 193 69 64
internal_value=0 0.00535667 0.0122404 0.0196277 -0.0165485
internal_weight=160.096 120.941 92.3956 63.8217 39.1551
internal_count=654 492 377 262 162
is_linear=0
shrinkage=0.03


Tree=18
num_leaves=6
num_cat=0
split_feature=2 6 16 9 2
split_gain=16.5824 18.1736 6.91077 8.00531 5.72297
threshold=0.69354838709677435 0.014496015141402309 0.92500000000000016 0.23217179902755272 0.87096774193548399
decision_type=2 2 2 2 2
left_child=1 2 3 -1 -2
right_child=4 -3 -4 -5 -6
leaf_value=0 -0.024132391524178263 -0.013300466672074266 -0.0027590083652608809 0.020899199590697411 0
leaf_weight=19.764368623495102 23.6468416005373 28.522377103567123 15.405774384737013 57.015583112835884 15.364986181259153
leaf_count=80 100 115 62 235 62
internal_value=0 0.00519433 0.0119239 0.0155922 -0.0161874
internal_weight=159.72 120.708 92.1857 76.78 39.0118
internal_count=654 492 377 315 162
is_linear=0
shrinkage=0.03


Tree=19
num_leaves=8
num_cat=0
split_feature=8 6 6 3 15 10 10
split_gain=14.8924 8.65258 7.14872 8.71556 5.44424 5.17488 3.63206
threshold=1.0000000180025095e-35 0.016288027979725842 0.014496015141402309 1.0000000180025095e-35 0.33500000000000008 0.82500000000000007 0.37500000000000006
decision_type=2 2 2 2 2 2 2
left_child=2 6 3 4 -1 -5 -2
right_child=1 -3 -4 5 -6 -7 -8
leaf_value=-0.020040859136327159 0.0031681806353795615 -0.0026522684252291021 -0.022341573339492469 -0.0021113890414998847 0 0.014161920246813278 0.028880239288545887
leaf_weight=23.983670204877853 15.657758697867392 15.092723593115805 16.719967558979988 27.888737410306931 16.902445644140244 25.018723174929619 18.135231733322144
leaf_count=100 64 61 68 115 68 102 76
internal_value=-3.30661e-05 0.012625 -0.00645589 -0.00202933 -0.0121206 0.00510611 0.0204573
internal_weight=159.399 48.8857 110.514 93.7936 40.8861 52.9075 33.793
internal_count=654 201 453 385 168 217 140
is_linear=0
shrinkage=0.03


Tree=20
num_leaves=6
num_cat=0
split_feature=2 6 16 9 2
split_gain=15.2193 16.4791 6.48076 7.5512 5.49729
threshold=0.69354838709677435 0.014496015141402309 0.92500000000000016 0.23217179902755272 0.87096774193548399
decision_type=2 2 2 2 2
left_child=1 2 3 -1 -2
right_child=4 -3 -4 -5 -6
leaf_value=0 -0.02341434505901693 -0.012650990484208953 -0.0027569914196507142 0.020125212672602831 0
leaf_weight=19.758662045001984 23.446573436260223 28.461644545197487 15.405319631099699 56.722743466496468 15.357643663883207
leaf_count=80 100 115 62 235 62
internal_value=-2.83479e-05 0.0049326 0.0113701 0.0149466 -0.0155909
internal_weight=159.153 120.348 91.8867 76.4814 38.8042
internal_count=654 492 377 315 162
is_linear=0
shrinkage=0.03


Tree=21
num_leaves=6
num_cat=0
split_feature=2 6 12 9 12
split_gain=14.4574 15.622 15.1353 8.35031 5.36072
threshold=0.69354838709677435 0.014496015141402309 0.82500000000000007 0.27106969205834691 0.32500000000000001
decision_type=2 2 2 2 2
left_child=1 2 3 -1 -2
right_child=4 -3 -4 -5 -6
leaf_value=0 -0.025001172032397052 -0.01233879428636429 -0.0083015856417993153 0.022602082624057156 -0.00027354804981488088
leaf_weight=15.027188166975973 18.989697813987732 28.433267906308174 20.647293508052826 56.03385591506958 19.683643624186516
leaf_count=61 81 115 83 233 81
internal_value=-6.31934e-05 0.00476397 0.0110507 0.0176386 -0.0152615
internal_weight=158.815 120.142 91.7083 71.061 38.6733
internal_count=654 492 377 294 162
is_linear=0
shrinkage=0.03


Tree=22
num_leaves=6
num_cat=0
split_feature=4 9 12 17 12
split_gain=14.0149 18.5058 11.3494 10.2996 6.03588
threshold=0.10833333333333335 0.15153970826580229 0.80833333333333346 0.094742349263595219 0.29166666666666669
decision_type=2 2 2 2 2
left_child=3 -2 4 -1 -3
right_child=1 2 -4 -5 -6
leaf_value=-0.019649727707952522 -0.017468374656897639 0 -0.0055762814905626536 0.0045643452962534827 0.022561705869123348
leaf_weight=40.207090094685555 17.59716671705246 15.340721830725668 17.39929772913456 16.525459155440331 51.365432247519493
leaf_count=166 73 64 71 67 213
internal_value=-0.000111649 0.00610866 0.0124184 -0.0118261 0.0180103
internal_weight=158.435 101.703 84.1055 56.7325 66.7062
internal_count=654 421 348 233 277
is_linear=0
shrinkage=0.03


Tree=23
num_leaves=6
num_cat=0
split_feature=8 2 12 16 12
split_gain=13.5658 13.2297 8.39985 11.7246 11.2331
threshold=1.0000000180025095e-35 0.37096774193548393 0.27500000000000008 0.87500000000000011 0.82500000000000007
decision_type=2 2 2 2 2
left_child=2 -2 -1 4 -4
right_child=1 -3 3 -5 -6
leaf_value=-0.022473782207488139 0.022726225095763258 -0.005859382708273215 0.014584942095577263 -0.01564868227179126 -0.0098114244141550427
leaf_weight=18.568021461367607 31.487312182784081 16.911371931433678 40.847455829381943 30.518940344452858 19.813289120793343
leaf_count=79 131 70 169 124 81
internal_value=-0.000119075 0.0120009 -0.00627689 -0.00135783 0.00556236
internal_weight=158.146 48.3987 109.748 91.1797 60.6607
internal_count=654 201 453 374 250
is_linear=0
shrinkage=0.03


Tree=24
num_leaves=6
num_cat=0
split_feature=4 9 6 17 1
split_gain=12.684 20.2573 9.71111 7.10972 5.1214
threshold=0.058333333333333341 0.15153970826580229 0.011524376555856699 -1.0000000180025095e-35 0.75000000000000011
decision_type=2 2 2 2 2
left_child=3 -2 4 -1 -3
right_child=1 2 -4 -5 -6
leaf_value=-0.02383654813576002 -0.019373951039540822 0.021977066733316328 -0.0022024760778404733 0 0.0016782920240979717
leaf_weight=22.104567393660545 19.763344660401344 45.63299423456192 29.106374964118004 17.007166147232056 24.289185076951981
leaf_count=93 82 191 118 69 101
internal_value=-0.000141801 0.00441901 0.0104472 -0.014285 0.0163092
internal_weight=157.904 118.792 99.0286 39.1117 69.9222
internal_count=654 492 410 162 292
is_linear=0
shrinkage=0.03


Tree=25
num_leaves=7
num_cat=0
split_feature=2 12 16 17 9 10
split_gain=13.0373 10.3735 6.27021 5.24027 4.85924 0.915692
threshold=0.69354838709677435 0.64166666666666672 0.6083333333333335 -0.07813449228584339 0.34278768233387363 0.37500000000000006
decision_type=2 2 2 2 2 2
left_child=1 2 -1 -3 -2 -4
right_child=4 3 5 -5 -6 -7
leaf_value=0 -0.02348141928158673 0.0021931441037083654 0.0045975923003477885 -0.014498309247143267 0 0.023011616729348636
leaf_weight=25.153078347444534 19.810821413993835 29.00743243098259 16.315153330564499 22.569133102893829 18.488850653171539 26.23716601729393
leaf_count=103 85 118 67 92 77 112
internal_value=-0.000154906 0.00442239 0.0120314 -0.00468609 -0.0146608 0.018439
internal_weight=157.582 119.282 67.7054 51.5766 38.2997 42.5523
internal_count=654 492 282 210 162 179
is_linear=0
shrinkage=0.03


Tree=26
num_leaves=7
num_cat=0
split_feature=8 12 17 12 12 4
split_gain=12.4553 7.8916 8.77647 11.4056 9.47989 7.84748
threshold=1.0000000180025095e-35 0.27500000000000008 -0.080837258332006764 0.82500000000000007 0.62500000000000011 0.091666666666666688
decision_type=2 2 2 2 2 2
left_child=1 -1 3 -3 -4 -2
right_child=5 2 4 -5 -6 -7
leaf_value=-0.021838399999115299 -0.0028589530892947149 0.019946428382238899 0.0026275338946641145 -0.0061818932929687143 -0.021581248911463929 0.019118854168750539
leaf_weight=18.391782224178314 15.062081471085547 24.0101298391819 18.867657646536827 22.691448956727982 25.247259795665741 33.031301826238632
leaf_count=79 62 99 79 93 103 139
internal_value=-0.000145891 -0.00607169 -0.0012795 0.00672055 -0.0107923 0.0114846
internal_weight=157.302 109.208 90.8165 46.7016 44.1149 48.0934
internal_count=654 453 374 192 182 201
is_linear=0
shrinkage=0.03


Tree=27
num_leaves=8
num_cat=0
split_feature=2 16 7 10 7 10 18
split_gain=12.0401 9.57632 10.5198 9.64053 6.86023 3.81869 2.26088
threshold=0.69354838709677435 0.89166666666666672 -0.28755515437685769 0.97500000000000009 0.099573878940060215 0.62500000000000011 0.46500000000000002
decision_type=2 2 2 2 2 2 2
left_child=1 2 6 -4 -2 -3 -1
right_child=4 5 3 -5 -6 -7 -8
leaf_value=0.002766591931292417 -0.023021012319453752 0.00047366249037329088 0.026925819653792749 0 0 -0.015474982272876739 -0.010239204363389487
leaf_weight=15.344361349940302 22.909392446279526 15.761603921651838 31.624756783246994 22.569680139422417 15.191722467541693 18.554338008165359 15.064457446336744
leaf_count=62 101 64 136 93 61 76 61
internal_value=-0.000151641 0.00423545 0.00981574 0.017378 -0.0141394 -0.0074949 -0.002518
internal_weight=157.02 118.919 84.6033 54.1944 38.1011 34.3159 30.4088
internal_count=654 492 352 229 162 140 123
is_linear=0
shrinkage=0.03


Tree=28
num_leaves=8
num_cat=0
split_feature=2 16 7 7 16 4 15
split_gain=11.4627 9.10951 10.0539 6.61812 5.80215 2.29807 2.16733
threshold=0.69354838709677435 0.89166666666666672 -0.28755515437685769 0.088833521415305858 0.54166666666666685 0.058333333333333341 0.46500000000000002
decision_type=2 2 2 2 2 2 2
left_child=1 2 6 -2 -4 -3 -1
right_child=3 5 4 -5 -6 -7 -8
leaf_value=0.0027040124667915468 -0.022893232704348055 -0.013203016838398494 0 0 0.0225183864098847 0 -0.010007981224759823
leaf_weight=15.344212934374811 22.023960962891579 18.835135295987129 15.025947660207747 15.918461382389067 38.951788663864136 15.443084120750425 15.065628722310064
leaf_count=62 98 77 62 64 167 63 61
internal_value=-0.000139379 0.00413316 0.00959214 -0.0138244 0.0170102 -0.00728871 -0.00242321
internal_weight=156.608 118.666 84.3876 37.9424 53.9777 34.2782 30.4098
internal_count=654 492 352 162 229 140 123
is_linear=0
shrinkage=0.03


Tree=29
num_leaves=7
num_cat=0
split_feature=2 12 7 16 17 10
split_gain=10.9013 8.87357 6.37447 5.86498 4.7996 0.77546
threshold=0.69354838709677435 0.64166666666666672 0.088833521415305858 0.6083333333333335 -0.07813449228584339 0.37500000000000006
decision_type=2 2 2 2 2 2
left_child=1 3 -2 -1 -3 -5
right_child=2 4 -4 5 -6 -7
leaf_value=0 -0.022468078586911196 0.0021649751456319683 0 0.0041479113919770712 -0.013800017172414093 0.021717696981968699
leaf_weight=25.064216792583466 21.864529475569725 28.922401234507561 15.918461382389067 16.216005742549896 22.461834222078323 25.781165450811386
leaf_count=103 98 118 64 67 92 112
internal_value=-0.000142458 0.00401485 -0.0135237 0.0111176 -0.00435463 0.0173733
internal_weight=156.229 118.446 37.783 67.0614 51.3842 41.9972
internal_count=654 492 162 282 210 179
is_linear=0
shrinkage=0.03


Tree=30
num_leaves=7
num_cat=0
split_feature=6 2 12 7 16 4
split_gain=10.5787 13.3794 11.6022 5.22226 2.48641 1.21975
threshold=0.014496015141402309 0.69354838709677435 0.82500000000000007 0.081319038414725764 0.89166666666666672 0.14166666666666669
decision_type=2 2 2 2 2 2
left_child=1 2 4 -3 -1 -2
right_child=5 3 -4 -5 -6 -7
leaf_value=0.018793568750475564 -0.020551725174161151 -0.019499501208248077 -0.0069087881598410613 0 0.00060241002963966274 -0.0020807278845634269
leaf_weight=53.493636131286621 16.12793500721455 19.049581289291382 20.537698164582253 15.434139177203177 16.034173458814621 15.21313916146755
leaf_count=229 67 86 83 62 65 62
internal_value=-0.000122043 0.00352482 0.00984101 -0.0106095 0.0157253 -0.0147567
internal_weight=155.89 124.549 90.0655 34.4837 69.5278 31.3411
internal_count=654 525 377 148 294 129
is_linear=0
shrinkage=0.03


Tree=31
num_leaves=7
num_cat=0
split_feature=8 12 16 12 4 7
split_gain=10.8523 7.16068 9.91592 9.0522 6.47099 0.599025
threshold=1.0000000180025095e-35 0.27500000000000008 0.87500000000000011 0.82500000000000007 0.10833333333333335 0.24763431439532188
decision_type=2 2 2 2 2 2
left_child=1 -1 3 -3 -2 -6
right_child=4 2 -4 -5 5 -7
leaf_value=-0.020891356848993878 -0.0013926625410650845 0.013435724917078787 -0.014367736165331997 -0.0084678843568089298 0.0046807731874404677 0.023926550597730134
leaf_weight=17.992085188627243 16.386442512273788 40.186652034521103 30.228276923298836 19.588297128677368 15.22072008252144 15.852795839309691
leaf_count=79 68 169 124 81 64 69
internal_value=-0.000148215 -0.00573105 -0.00112887 0.00523203 0.0107472 0.0181181
internal_weight=155.455 107.995 90.0032 59.7749 47.46 31.0735
internal_count=654 453 374 250 201 133
is_linear=0
shrinkage=0.03


Tree=32
num_leaves=7
num_cat=0
split_feature=8 12 1 12 4 7
split_gain=10.4049 6.82586 9.23944 13.8931 6.25817 0.539693
threshold=1.0000000180025095e-35 0.27500000000000008 0.41666666666666669 0.82500000000000007 0.10833333333333335 0.24763431439532188
decision_type=2 2 2 2 2 2
left_child=1 -1 -3 -4 -2 -6
right_child=4 2 3 -5 5 -7
leaf_value=-0.020454211625880327 -0.0013607322602223709 -0.01566242283168949 0.015551120609106177 -0.010024740180612604 0.0045774372697199167 0.023491764875590085
leaf_weight=17.93306776881218 16.38517564535141 24.363492503762245 38.462980389595032 27.063987001776695 15.21043272316456 15.755825996398924
leaf_count=79 68 101 161 112 64 69
internal_value=-0.000146795 -0.00562397 -0.00111116 0.00417521 0.0105251 0.0177973
internal_weight=155.175 107.824 89.8905 65.527 47.3514 30.9663
internal_count=654 453 374 273 201 133
is_linear=0
shrinkage=0.03


Tree=33
num_leaves=7
num_cat=0
split_feature=6 2 7 16 7 4
split_gain=10.0783 12.2443 9.40587 5.28748 4.8767 0.976188
threshold=0.014496015141402309 0.69354838709677435 -0.30742316093146965 0.89166666666666672 0.081319038414725764 0.14166666666666669
decision_type=2 2 2 2 2 2
left_child=1 2 -1 -4 -3 -2
right_child=5 4 3 -5 -6 -7
leaf_value=-0.0028486816364475488 -0.019925601941377262 -0.01879327544424678 0.020890816781816358 0 0 -0.0022035956368252146
leaf_weight=28.286917433142662 16.029215618968014 18.789358913898468 44.185717850923538 17.003489896655083 15.415512204170225 15.177321612834929
leaf_count=115 67 86 193 69 62 62
internal_value=-0.00014616 0.00342019 0.00949196 0.0158876 -0.0101174 -0.0144582
internal_weight=154.888 123.681 89.4761 61.1892 34.2049 31.2065
internal_count=654 525 377 262 148 129
is_linear=0
shrinkage=0.03


Tree=34
num_leaves=6
num_cat=0
split_feature=8 12 16 12 6
split_gain=9.85508 6.47097 8.92621 8.06131 5.76438
threshold=1.0000000180025095e-35 0.27500000000000008 0.87500000000000011 0.82500000000000007 0.013573868024135518
decision_type=2 2 2 2 2
left_child=1 -1 3 -3 -2
right_child=4 2 -4 -5 -6
leaf_value=-0.020016509203246911 0.016920791660177029 0.012718818178277524 -0.013697189847889358 -0.0079390981235480957 -0.0016282409828035985
leaf_weight=17.796086013317108 31.97006967663765 39.941588521003723 30.116214528679848 19.507041320204735 15.115362271666525
leaf_count=79 139 169 124 81 62
internal_value=-0.000172103 -0.00552017 -0.00109928 0.00491927 0.0102295
internal_weight=154.446 107.361 89.5648 59.4486 47.0854
internal_count=654 453 374 250 201
is_linear=0
shrinkage=0.03


Tree=35
num_leaves=7
num_cat=0
split_feature=6 2 12 7 2 4
split_gain=9.45998 11.4102 9.70107 4.66006 2.53142 0.893264
threshold=0.014496015141402309 0.69354838709677435 0.82500000000000007 0.081319038414725764 0.50000000000000011 0.14166666666666669
decision_type=2 2 2 2 2 2
left_child=1 2 4 -3 -1 -2
right_child=5 3 -4 -5 -6 -7
leaf_value=0.018002644694028593 -0.019388903426737294 -0.018346679018423455 -0.0060301000849390038 0 0.00074020415101616653 -0.0020978900086870843
leaf_weight=50.379436731338501 15.939138904213907 18.616296231746674 20.457109570503235 15.406646355986593 18.191218286752701 15.161536306142805
leaf_count=216 67 86 83 62 78 62
internal_value=-0.000191356 0.003263 0.00915297 -0.00980973 0.0146001 -0.0140796
internal_weight=154.151 123.051 89.0278 34.0229 68.5707 31.1007
internal_count=654 525 377 148 294 129
is_linear=0
shrinkage=0.03


Tree=36
num_leaves=8
num_cat=0
split_feature=8 4 6 18 7 10 7
split_gain=9.21763 5.67473 5.05467 5.65338 11.4757 2.08669 0.529098
threshold=1.0000000180025095e-35 0.10833333333333335 0.014496015141402309 0.38500000000000006 -0.16623582086785116 0.82500000000000007 0.24763431439532188
decision_type=2 2 2 2 2 2 2
left_child=2 -2 3 5 -5 -1 -3
right_child=1 6 -4 4 -6 -7 -8
leaf_value=-0.012937907881505162 -0.0013343937091805432 0.004054834421758296 -0.018953896635364408 -0.007201142376631514 0.022754785679333478 0 0.022391999992512922
leaf_weight=27.106220334768295 16.288104265928268 15.095120862126352 16.158485725522041 17.149119585752487 16.219504594802856 30.288562133908272 15.443849503993986
leaf_count=115 68 64 68 71 68 131 69
internal_value=-0.000213518 0.0098569 -0.00540332 -0.00150072 0.00686359 -0.00748557 0.0168621
internal_weight=153.749 46.8271 106.922 90.7634 33.3686 57.3948 30.539
internal_count=654 201 453 385 139 246 133
is_linear=0
shrinkage=0.03


Tree=37
num_leaves=7
num_cat=0
split_feature=8 12 1 12 6 10
split_gain=8.83747 6.18533 8.55516 12.1516 5.22313 2.94142
threshold=1.0000000180025095e-35 0.27500000000000008 0.41666666666666669 0.82500000000000007 0.013573868024135518 0.37500000000000006
decision_type=2 2 2 2 2 2
left_child=1 -1 -3 -4 5 -2
right_child=4 2 3 -5 -6 -7
leaf_value=-0.019515495980020767 0.00094961526549700243 -0.015043303618453727 0.014818192518884955 -0.0091262165866436325 -0.001488582422570445 0.02373392943952336
leaf_weight=17.629832059144974 15.14002199470997 24.171582132577896 38.11710113286972 26.870705977082253 15.082649797201155 16.492412462830544
leaf_count=79 64 101 161 112 62 75
internal_value=-0.000208706 -0.00529936 -0.000964093 0.00411584 0.0096554 0.0160848
internal_weight=153.504 106.789 89.1594 64.9878 46.7151 31.6324
internal_count=654 453 374 273 201 139
is_linear=0
shrinkage=0.03


Tree=38
num_leaves=6
num_cat=0
split_feature=8 2 12 16 12
split_gain=8.47782 10.9618 5.89653 7.99213 7.08268
threshold=1.0000000180025095e-35 0.37096774193548393 0.27500000000000008 0.87500000000000011 0.82500000000000007
decision_type=2 2 2 2 2
left_child=2 -2 -1 4 -4
right_child=1 -3 3 -5 -6
leaf_value=-0.019113600079992629 0.019638069842079737 -0.0066055052861060644 0.01207923819826579 -0.012937610591353182 -0.0072536455717458793
leaf_weight=17.56660969555378 30.118343770503998 16.464085936546326 39.679730921983719 29.943799257278442 19.410028174519539
leaf_count=79 131 70 169 124 81
internal_value=-0.000208036 0.00945817 -0.00520414 -0.000951297 0.00472206
internal_weight=153.183 46.5824 106.6 89.0336 59.0898
internal_count=654 201 453 374 250
is_linear=0
shrinkage=0.03


Tree=39
num_leaves=7
num_cat=0
split_feature=6 7 15 6 3 4
split_gain=8.76881 10.2933 14.5232 5.20474 4.47885 0.724934
threshold=0.014496015141402309 0.11269418320704165 0.38500000000000006 -1.0000000180025095e-35 1.0000000180025095e-35 0.14166666666666669
decision_type=2 2 2 2 2 2
left_child=1 3 -3 -1 -5 -2
right_child=5 2 -4 4 -6 -7
leaf_value=-0.011867033050728532 -0.01866468976435277 0 0.030562680623764719 -0.0057534420541404735 0.011050520235483908 -0.0020619559165867846
leaf_weight=31.858004167675972 15.798737406730654 27.67108927667141 19.345343351364136 19.09150741994381 24.01295505464077 15.099592879414557
leaf_count=140 67 118 84 82 101 62
internal_value=-0.000226968 0.00310141 0.0136343 -0.00319395 0.00253613 -0.0136398
internal_weight=152.877 121.979 47.0164 74.9625 43.1045 30.8983
internal_count=654 525 202 323 183 129
is_linear=0
shrinkage=0.03


Tree=40
num_leaves=7
num_cat=0
split_feature=6 2 12 12 2 4
split_gain=8.41617 10.0025 8.29657 2.471 2.24888 0.662883
threshold=0.014496015141402309 0.69354838709677435 0.82500000000000007 0.52500000000000013 0.50000000000000011 0.14166666666666669
decision_type=2 2 2 2 2 2
left_child=1 2 4 -3 -1 -2
right_child=5 3 -4 -5 -6 -7
leaf_value=0.01690432111520148 -0.018299131516787255 -0.016553780937746072 -0.0053382857205373684 0 0.0004640697138762847 -0.002015629395372504
leaf_weight=49.680852323770523 15.731817528605463 15.141466647386549 20.382817417383194 18.47720830142498 18.089485362172127 15.098176643252371
leaf_count=216 67 70 83 78 78 62
internal_value=-0.00023521 0.00301972 0.00858325 -0.00923755 0.0136739 -0.0133934
internal_weight=152.602 121.772 88.1532 33.6187 67.7703 30.83
internal_count=654 525 377 148 294 129
is_linear=0
shrinkage=0.03


Tree=41
num_leaves=7
num_cat=0
split_feature=6 7 10 3 16 7
split_gain=8.05218 9.66715 5.49193 5.79887 4.58962 3.86783
threshold=0.014496015141402309 0.11269418320704165 0.87500000000000011 1.0000000180025095e-35 0.87500000000000011 -0.17948674713053761
decision_type=2 2 2 2 2 2
left_child=1 2 5 -4 -3 -1
right_child=-2 4 3 -5 -6 -7
leaf_value=-0.02094449472522206 -0.013152785719911861 0.019229980400572201 -0.0068811401913072435 0.012845711917717087 0 0
leaf_weight=15.009880080819128 30.760786354541779 30.422614812850952 17.553735211491585 22.882608309388161 16.337770283222198 19.268498420715332
leaf_count=65 129 135 78 97 67 83
internal_value=-0.000268215 0.00291109 -0.00317564 0.00314674 0.0131631 -0.0116125
internal_weight=152.236 121.475 74.7147 40.4363 46.7604 34.2784
internal_count=654 525 323 175 202 148
is_linear=0
shrinkage=0.03


Tree=42
num_leaves=7
num_cat=0
split_feature=6 2 7 16 7 4
split_gain=7.63056 9.35452 7.53616 4.52051 4.01036 0.692293
threshold=0.014496015141402309 0.69354838709677435 -0.30742316093146965 0.89166666666666672 0.081319038414725764 0.14166666666666669
decision_type=2 2 2 2 2 2
left_child=1 2 -1 -4 -3 -2
right_child=5 4 3 -5 -6 -7
leaf_value=-0.0026587783270154612 -0.017686321152341422 -0.017092495054088334 0.018803801964688876 0 0 -0.0016748540073360644
leaf_weight=28.069252550601959 15.613980710506441 18.119755819439888 42.765651002526283 16.913828030228615 15.339458405971525 15.086840718984602
leaf_count=115 67 86 193 69 62 62
internal_value=-0.000276111 0.00281206 0.00822328 0.014079 -0.00904322 -0.0128352
internal_weight=151.909 121.208 87.7487 59.6795 33.4592 30.7008
internal_count=654 525 377 262 148 129
is_linear=0
shrinkage=0.03


Tree=43
num_leaves=6
num_cat=0
split_feature=8 2 2 2 2
split_gain=7.7895 9.96381 4.30427 5.97737 9.68434
threshold=1.0000000180025095e-35 0.37096774193548393 0.11290322580645162 0.40322580645161293 0.69354838709677435
decision_type=2 2 2 2 2
left_child=2 -2 -1 -4 -5
right_child=1 -3 3 4 -6
leaf_value=0.0054812451297884326 0.01883814349052642 -0.0062207825853503483 -0.017531925807454198 0.011257926196770412 -0.011785570834339579
leaf_weight=17.845803663134575 29.58251066505909 16.345763474702835 32.206543162465096 24.218684956431389 31.264721915125847
leaf_count=75 131 70 134 104 140
internal_value=-0.000299459 0.00900645 -0.00511633 -0.0080997 -0.000635855
internal_weight=151.464 45.9283 105.536 87.69 55.4834
internal_count=654 201 453 378 244
is_linear=0
shrinkage=0.03


Tree=44
num_leaves=6
num_cat=0
split_feature=8 2 12 1 12
split_gain=7.34743 9.53615 5.54084 7.89993 10.422
threshold=1.0000000180025095e-35 0.37096774193548393 0.27500000000000008 0.41666666666666669 0.82500000000000007
decision_type=2 2 2 2 2
left_child=2 -2 -1 -4 -5
right_child=1 -3 3 4 -6
leaf_value=-0.018563644092074019 0.018419267344128985 -0.0060776627060895256 -0.014447849435540202 0.014041585656946597 -0.0081600422255063906
leaf_weight=17.200575411319733 29.463122934103012 16.346491232514381 23.902658611536026 37.670486748218536 26.63281138241291
leaf_count=79 131 70 101 161 112
internal_value=-0.000279228 0.00875914 -0.00496953 -0.000821246 0.00405516
internal_weight=151.216 45.8096 105.407 88.206 64.3033
internal_count=654 201 453 374 273
is_linear=0
shrinkage=0.03


Tree=45
num_leaves=7
num_cat=0
split_feature=18 7 2 9 17 17
split_gain=7.1848 16.7367 6.56678 6.6185 3.18191 2.74134
threshold=0.38500000000000006 0.088833521415305858 0.69354838709677435 0.86264181523500827 -0.12077746818296196 -0.17917612298404142
decision_type=2 2 2 2 2 2
left_child=2 5 3 4 -1 -2
right_child=1 -3 -4 -5 -6 -7
leaf_value=-0.00046286343391392263 0.00043341836300259503 0.023626315704503069 -0.016320635112549799 -0.01192459573237396 0.012987871886419684 -0.012986853868074792
leaf_weight=16.573040336370468 16.291464075446129 25.701469883322716 29.317204311490059 21.646217048168182 24.799724832177162 16.570015758275986
leaf_count=69 70 113 133 93 107 69
internal_value=-0.000297052 0.00714983 -0.00576121 0 0.00683698 -0.00557027
internal_weight=150.899 58.5629 92.3362 63.019 41.3728 32.8615
internal_count=654 252 402 269 176 139
is_linear=0
shrinkage=0.03


Tree=46
num_leaves=8
num_cat=0
split_feature=6 7 18 10 3 7 4
split_gain=7.57397 8.40111 13.3021 5.2195 5.00316 2.85919 0.507
threshold=0.014496015141402309 0.11269418320704165 0.38500000000000006 0.87500000000000011 1.0000000180025095e-35 -0.16623582086785116 0.14166666666666669
decision_type=2 2 2 2 2 2 2
left_child=1 3 -3 5 -5 -1 -2
right_child=6 2 -4 4 -6 -7 -8
leaf_value=-0.019235548992632839 -0.017416516770121362 0 0.02890524471968527 -0.0059452025510202009 0.01231985270141746 0 -0.001912660691138582
leaf_weight=15.052511319518088 15.54088079929352 27.339897304773331 18.785270541906357 17.293797105550766 22.726469993591309 18.842020377516747 15.025841280817984
leaf_count=66 67 118 84 78 97 82 62
internal_value=-0.000293063 0.00280271 0.0124315 -0.00285262 0.00331062 -0.0111625 -0.0128225
internal_weight=150.607 120.04 46.1252 73.9148 40.0203 33.8945 30.5667
internal_count=654 525 202 323 175 148 129
is_linear=0
shrinkage=0.03


Tree=47
num_leaves=8
num_cat=0
split_feature=6 7 18 10 12 7 4
split_gain=7.25427 8.03973 12.825 4.99466 3.15586 2.71655 0.456228
threshold=0.014496015141402309 0.11269418320704165 0.38500000000000006 0.87500000000000011 0.80833333333333346 -0.16623582086785116 0.14166666666666669
decision_type=2 2 2 2 2 2 2
left_child=1 3 -3 5 -5 -1 -2
right_child=6 2 -4 4 -6 -7 -8
leaf_value=-0.018842482484702654 -0.017079686829310308 0 0.028404272364999459 0.011275857543002803 -0.0027883163930988936 0 -0.0018697360024204366
leaf_weight=15.010462835431097 15.471602872014047 27.339897304773331 18.633580356836319 19.390018865466118 20.565208092331886 18.842020377516747 15.024483099579809
leaf_count=66 67 118 84 88 87 82 62
internal_value=-0.000318777 0.00270546 0.0121502 -0.00281381 0.00319728 -0.0109513 -0.0125954
internal_weight=150.277 119.781 45.9735 73.8077 39.9552 33.8525 30.4961
internal_count=654 525 202 323 175 148 129
is_linear=0
shrinkage=0.03


Tree=48
num_leaves=7
num_cat=0
split_feature=15 2 15 12 4 16
split_gain=6.40118 6.18895 4.45171 4.00816 3.15932 7.11773
threshold=0.38500000000000006 0.69354838709677435 0.49500000000000005 0.50833333333333341 0.10833333333333335 0.6083333333333335
decision_type=2 2 2 2 2 2
left_child=1 4 -2 -4 -1 -6
right_child=2 -3 3 -5 5 -7
leaf_value=-0.0082399697248985767 0.018261180834255698 -0.015810252955888338 0.010191311901795969 -0.0064042849820272326 -0.006339213939531645 0.015203647864667727
leaf_weight=21.372550293803215 15.49500088393688 29.089878007769585 18.138600125908852 24.357629343867302 18.30028124153614 23.217045798897743
leaf_count=89 67 133 83 102 78 102
internal_value=-0.00034149 -0.00551643 0.00670031 0 0 0.00475729
internal_weight=149.971 91.9798 57.9912 42.4962 62.8899 41.5173
internal_count=654 402 252 185 269 180
is_linear=0
shrinkage=0.03


Tree=49
num_leaves=7
num_cat=0
split_feature=6 7 15 2 15 4
split_gain=6.89057 7.70421 12.106 7.92297 7.77957 0.388536
threshold=0.014496015141402309 0.11269418320704165 0.38500000000000006 0.69354838709677435 0.48500000000000004 0.14166666666666669
decision_type=2 2 2 2 2 2
left_child=1 3 -3 4 -1 -2
right_child=5 2 -4 -5 -6 -7
leaf_value=0.011360377709110586 -0.016649329219694652 0 0.027774798271698382 -0.017350116869337243 -0.0096318698512089396 -0.0018232558350095094
leaf_weight=34.237745940685272 15.378049522638323 27.317284062504768 18.430714651942253 19.489860057830811 19.815917029976845 15.012849345803259
leaf_count=146 67 118 84 94 83 62
internal_value=-0.000325231 0.00261854 0.0118947 -0.0027777 0.00248472 -0.012313
internal_weight=149.682 119.292 45.748 73.5435 54.0537 30.3909
internal_count=654 525 202 323 229 129
is_linear=0
shrinkage=0.03


Tree=50
num_leaves=7
num_cat=0
split_feature=15 7 2 9 7 3
split_gain=5.98159 14.4703 5.63605 5.82207 2.76953 1.25109
threshold=0.38500000000000006 0.088833521415305858 0.69354838709677435 0.86264181523500827 -0.28602262307210696 0.50000000000000011
decision_type=2 2 2 2 2 2
left_child=2 5 3 4 -1 -2
right_child=1 -3 -4 -5 -6 -7
leaf_value=-0.00016004269797437697 -0.0098915621939916817 0.022062478510837671 -0.015238094233027294 -0.011229367886975367 0.012208945406928537 0
leaf_weight=16.78149177134037 17.034356161952019 25.022086918354034 28.824514135718346 21.564515545964241 24.398751571774483 15.654364243149756
leaf_count=69 71 113 133 93 107 68
internal_value=-0.000343139 0.00646368 -0.00536695 0 0.00639758 -0.00522753
internal_weight=149.28 57.7108 91.5693 62.7448 41.1802 32.6887
internal_count=654 252 402 269 176 139
is_linear=0
shrinkage=0.03


Tree=51
num_leaves=6
num_cat=0
split_feature=6 7 2 0 9
split_gain=6.61437 7.167 7.34033 2.7395 1.76992
threshold=0.014496015141402309 0.11269418320704165 0.69354838709677435 0.75000000000000011 0.85980551053484611
decision_type=2 2 2 2 2
left_child=1 2 3 -1 -3
right_child=-2 4 -4 -5 -6
leaf_value=-0.00099960354074014142 -0.012104142290885389 0.015338319087869036 -0.01677532233379864 0.011365153151144622 0
leaf_weight=37.635193601250648 30.298713311553001 30.255906596779823 19.247425734996796 16.321076899766922 15.19745099544525
leaf_count=158 129 133 94 71 69
internal_value=-0.000343242 0.00254265 -0.00264769 0.00236954 0.011525
internal_weight=148.956 118.657 73.2037 53.9563 45.4534
internal_count=654 525 323 229 202
is_linear=0
shrinkage=0.03


Tree=52
num_leaves=6
num_cat=0
split_feature=8 2 12 1 12
split_gain=6.55461 8.58855 5.25271 7.36014 9.03963
threshold=1.0000000180025095e-35 0.37096774193548393 0.27500000000000008 0.41666666666666669 0.84166666666666679
decision_type=2 2 2 2 2
left_child=2 -2 -1 -4 -5
right_child=1 -3 3 4 -6
leaf_value=-0.01820290673316078 0.01755937828630201 -0.0057578344770765778 -0.013998024529675784 0.012610779021375406 -0.0084671772860126625
leaf_weight=16.706376969814301 28.826900109648705 16.141731694340706 23.545758485794067 40.245235413312912 23.18609231710434
leaf_count=79 131 70 101 176 97
internal_value=-0.000328883 0.00825015 -0.00481014 -0.000735653 0.00397363
internal_weight=148.652 44.9686 103.683 86.9771 63.4313
internal_count=654 201 453 374 273
is_linear=0
shrinkage=0.03


Tree=53
num_leaves=6
num_cat=0
split_feature=6 7 18 2 18
split_gain=6.36817 6.79005 11.1481 6.88298 7.22799
threshold=0.014496015141402309 0.11269418320704165 0.38500000000000006 0.69354838709677435 0.48500000000000004
decision_type=2 2 2 2 2
left_child=1 3 -3 4 -1
right_child=-2 2 -4 -5 -6
leaf_value=0.010885014946261606 -0.011905375475864758 0 0.026674218693023055 -0.016320482709521997 -0.0093777431706260732
leaf_weight=34.059331566095352 30.205790087580681 27.236641183495522 18.039333924651146 19.048869907855988 19.763291135430336
leaf_count=146 129 118 84 94 83
internal_value=-0.000347185 0.00248398 0.0112469 -0.00256258 0.00225997
internal_weight=148.353 118.147 45.276 72.8715 53.8226
internal_count=654 525 202 323 229
is_linear=0
shrinkage=0.03


Tree=54
num_leaves=6
num_cat=0
split_feature=8 2 12 1 12
split_gain=6.28119 8.18378 4.9499 6.9307 8.53559
threshold=1.0000000180025095e-35 0.37096774193548393 0.27500000000000008 0.41666666666666669 0.84166666666666679
decision_type=2 2 2 2 2
left_child=2 -2 -1 -4 -5
right_child=1 -3 3 4 -6
leaf_value=-0.017818714976826508 0.01719390993633254 -0.0055613876180756385 -0.013659229275843699 0.012230545316730226 -0.008264078696043578
leaf_weight=16.551018849015236 28.632800444960594 16.111611559987068 23.457287311553955 40.072221472859383 23.134602233767509
leaf_count=79 131 70 101 176 97
internal_value=-0.00034712 0.00805858 -0.00474947 -0.000763149 0.00379363
internal_weight=147.96 44.7444 103.215 86.6641 63.2068
internal_count=654 201 453 374 273
is_linear=0
shrinkage=0.03


Tree=55
num_leaves=6
num_cat=0
split_feature=6 7 18 6 6
split_gain=6.12015 6.44688 10.4559 4.59183 3.3117
threshold=0.014496015141402309 0.12943658035294595 0.38500000000000006 -1.0000000180025095e-35 0.0046633785607411724
decision_type=2 2 2 2 2
left_child=1 3 -3 -1 -5
right_child=-2 2 -4 4 -6
leaf_value=-0.010667183742007945 -0.011711283902175688 0 0.026725569307121565 0.012449594013437077 -0.0019782511637263856
leaf_weight=31.509576335549355 30.111774101853371 26.937857672572136 16.671845689415932 16.177974283695221 26.249249428510666
leaf_count=145 129 117 78 71 114
internal_value=-0.000364676 0.0024116 0.0111737 -0.00237679 0.00299065
internal_weight=147.658 117.547 43.6097 73.9368 42.4272
internal_count=654 525 195 330 185
is_linear=0
shrinkage=0.03


Tree=56
num_leaves=7
num_cat=0
split_feature=8 6 10 9 1 0
split_gain=6.00125 3.56029 5.18777 9.23044 3.34208 1.05746
threshold=1.0000000180025095e-35 0.0046633785607411724 0.87500000000000011 0.36750405186385743 0.41666666666666669 1.0000000180025095e-35
decision_type=2 2 2 2 2 2
left_child=1 2 3 -1 -2 -3
right_child=4 5 -4 -5 -6 -7
leaf_value=-0.018470274411177844 0.017031016764956934 -0.00042783299446376476 0.012952414709213335 0.0064989371861690426 0 -0.013879400973550523
leaf_weight=19.741651847958565 15.966523617506025 18.45616315305233 15.668724969029425 20.292323932051659 28.586306244134903 28.72921596467495
leaf_count=88 75 80 72 88 126 125
internal_value=-0.000346471 -0.00466297 0 -0.00516525 0.00787568 -0.0103128
internal_weight=147.441 102.888 55.7027 40.034 44.5528 47.1854
internal_count=654 453 248 176 201 205
is_linear=0
shrinkage=0.03


Tree=57
num_leaves=6
num_cat=0
split_feature=6 8 18 7 2
split_gain=5.77319 6.13198 3.87762 7.71945 3.56923
threshold=0.014496015141402309 1.0000000180025095e-35 0.38500000000000006 -0.16623582086785116 0.56451612903225812
decision_type=2 2 2 2 2
left_child=1 2 4 -4 -1
right_child=-2 -3 3 -5 -6
leaf_value=0 -0.011364900911898217 0.013199245827846687 -0.0055129037010971365 0.019176810315219336 -0.013505477861565045
leaf_weight=29.520430982112885 30.017024382948875 29.872233405709267 16.66158327460289 15.385292306542395 25.845069244503975
leaf_count=125 129 140 71 68 121
internal_value=-0.000314436 0.00237214 -0.0011926 0.00570916 -0.00632345
internal_weight=147.302 117.285 87.4124 32.0469 55.3655
internal_count=654 525 385 139 246
is_linear=0
shrinkage=0.03


Tree=58
num_leaves=7
num_cat=0
split_feature=8 2 2 2 2 9
split_gain=5.53845 7.8354 3.77276 5.55841 6.85851 0.909077
threshold=1.0000000180025095e-35 0.37096774193548393 0.11290322580645162 0.40322580645161293 0.69354838709677435 0.41329011345218808
decision_type=2 2 2 2 2 2
left_child=2 -2 -1 5 -5 -4
right_child=1 -3 3 4 -6 -7
leaf_value=0.0054271678660624025 0.016655985829557796 -0.0056460965176727508 -0.0037280151537833627 0.0098633613966364626 -0.0098733930713524581 -0.022443857452551313
leaf_weight=17.537293374538422 28.281269624829292 16.083183452486992 16.026682719588283 23.628738522529602 29.749271616339684 15.655979886651037
leaf_count=75 131 70 68 104 140 66
internal_value=-0.000296764 0.00760253 -0.00446469 -0.00735843 -1.22927e-05 -0.0164107
internal_weight=146.962 44.3645 102.598 85.0607 53.378 31.6827
internal_count=654 201 453 378 244 134
is_linear=0
shrinkage=0.03


Tree=59
num_leaves=7
num_cat=0
split_feature=6 7 15 10 3 9
split_gain=5.57904 5.78272 9.75076 4.50638 3.50285 2.80274
threshold=0.014496015141402309 0.12943658035294595 0.38500000000000006 0.87500000000000011 1.0000000180025095e-35 0.30551053484602925
decision_type=2 2 2 2 2 2
left_child=1 3 -3 5 -5 -1
right_child=-2 2 -4 4 -6 -7
leaf_value=-0.016437312458158826 -0.011179969210567851 0 0.025876247218947285 -0.0038952774593795764 0.011112771261099018 0
leaf_weight=18.598391830921173 29.930340498685837 26.811820179224014 16.331162512302399 17.030960395932198 22.421344146132469 15.569013208150862
leaf_count=83 129 117 78 79 97 71
internal_value=-0.000297936 0.00234329 0.0106955 -0.00215706 0.00357485 -0.0099189
internal_weight=146.693 116.763 43.143 73.6197 39.4523 34.1674
internal_count=654 525 195 330 176 154
is_linear=0
shrinkage=0.03


Tree=60
num_leaves=6
num_cat=0
split_feature=6 8 18 7 12
split_gain=5.29751 5.57139 3.56951 7.17016 2.07536
threshold=0.014496015141402309 1.0000000180025095e-35 0.38500000000000006 -0.16623582086785116 0.75833333333333341
decision_type=2 2 2 2 2
left_child=1 2 4 -4 -1
right_child=-2 -3 3 -5 -6
leaf_value=-0.0096561355017882322 -0.010912019710977707 0.012653900359323641 -0.0052254083647344171 0.018580625163629752 0
leaf_weight=38.652059569954872 29.869049951434135 29.551288023591042 16.583150893449787 15.231125399470328 16.492082700133324
leaf_count=174 129 140 71 68 72
internal_value=-0.000291348 0.00227462 -0.00109637 0.00551759 -0.00605124
internal_weight=146.379 116.51 86.9584 31.8143 55.1441
internal_count=654 525 385 139 246
is_linear=0
shrinkage=0.03


Tree=61
num_leaves=7
num_cat=0
split_feature=6 7 15 10 9 9
split_gain=5.04551 5.36857 9.2207 4.3054 2.94486 2.61798
threshold=0.014496015141402309 0.12943658035294595 0.38500000000000006 0.87500000000000011 0.4031604538087521 0.30551053484602925
decision_type=2 2 2 2 2 2
left_child=1 3 -3 5 -5 -1
right_child=-2 2 -4 4 -6 -7
leaf_value=-0.015998933235871655 -0.010650596622449956 0 0.025203676471902924 0.011595354121793447 -0.001950800129746408 0
leaf_weight=18.542838409543037 29.807796493172646 26.764648422598839 16.085225194692612 18.016566187143326 21.36160172522068 15.537726849317549
leaf_count=83 129 117 78 81 95 71
internal_value=-0.000266098 0.00222995 0.0103191 -0.00208078 0.00350305 -0.00969061
internal_weight=146.116 116.309 42.8499 73.4587 39.3782 34.0806
internal_count=654 525 195 330 176 154
is_linear=0
shrinkage=0.03


Tree=62
num_leaves=7
num_cat=0
split_feature=12 16 7 0 15 10
split_gain=4.93321 6.16957 11.2223 4.3666 3.57314 2.74528
threshold=0.091666666666666688 0.89166666666666672 -0.28602262307210696 1.0000000180025095e-35 0.18500000000000003 0.57500000000000007
decision_type=2 2 2 2 2 2
left_child=-1 2 3 -2 -4 -3
right_child=1 5 4 -5 -6 -7
leaf_value=-0.012389770932161748 0.0048209510100210773 0 0 -0.012363514046227358 0.020610880298896673 -0.013683138750597321
leaf_weight=21.376537591218948 15.37524703145027 18.137797951698303 15.046295180916784 22.858049139380455 33.421330317854881 19.657669752836227
leaf_count=102 67 76 67 99 158 85
internal_value=-0.000258047 0.00175964 0.00644385 -0.00430676 0.0156562 -0.00708112
internal_weight=145.873 124.496 86.7009 38.2333 48.4676 37.7955
internal_count=654 552 391 166 225 161
is_linear=0
shrinkage=0.03


Tree=63
num_leaves=7
num_cat=0
split_feature=8 2 2 2 2 9
split_gain=5.10849 7.31679 3.61903 5.01343 6.34963 1.09164
threshold=1.0000000180025095e-35 0.37096774193548393 0.11290322580645162 0.40322580645161293 0.69354838709677435 0.41329011345218808
decision_type=2 2 2 2 2 2
left_child=2 -2 -1 5 -5 -4
right_child=1 -3 3 4 -6 -7
leaf_value=0.0053966223373096527 0.016207041258841263 -0.0053726747825946636 -0.003145711095129595 0.0094440615546429359 -0.009618196307531246 -0.021913432951240125
leaf_weight=17.440449014306068 27.85277596116066 15.980443358421324 15.984609469771387 23.392979338765144 29.400929838418961 15.506830945610998
leaf_count=75 131 70 68 104 140 66
internal_value=-0.000247668 0.0073664 -0.00428213 -0.00714693 -4.72342e-05 -0.0157677
internal_weight=145.559 43.8332 101.726 84.2853 52.7939 31.4914
internal_count=654 201 453 378 244 134
is_linear=0
shrinkage=0.03


Tree=64
num_leaves=7
num_cat=0
split_feature=8 12 17 12 12 4
split_gain=4.84087 4.78404 6.41448 5.76907 5.31261 3.51377
threshold=1.0000000180025095e-35 0.27500000000000008 -0.080837258332006764 0.62500000000000011 0.84166666666666679 0.10833333333333335
decision_type=2 2 2 2 2 2
left_child=1 -1 4 -4 -3 -2
right_child=5 2 3 -5 -6 -7
leaf_value=-0.0171308342431503 -0.0011219701595433897 0.014857430635099677 0.0013879075205315539 -0.017514470478459963 -0.0028556709973158183 0.013043744873598087
leaf_weight=16.014222666621208 15.603765994310377 25.453512951731682 17.60809887945652 23.667346686124802 18.830620139837265 28.111935138702393
leaf_count=79 68 113 79 103 79 133
internal_value=-0.000249593 -0.00418769 -0.000290493 -0.00887545 0.00658241 0.00715964
internal_weight=145.29 101.574 85.5596 41.2754 44.2841 43.7157
internal_count=654 453 374 182 192 201
is_linear=0
shrinkage=0.03


Tree=65
num_leaves=6
num_cat=0
split_feature=8 2 2 2 2
split_gain=4.59257 6.95893 3.41693 4.84431 5.89843
threshold=1.0000000180025095e-35 0.37096774193548393 0.11290322580645162 0.40322580645161293 0.69354838709677435
decision_type=2 2 2 2 2
left_child=2 -2 -1 -4 -5
right_child=1 -3 3 4 -6
leaf_value=0.0052721109322692071 0.015662918290071215 -0.0053901405036212054 -0.01537068083911218 0.0092069871623938569 -0.0092139161083774779
leaf_weight=17.404865860939026 27.645684793591499 15.963197037577627 31.402259260416031 23.327960252761841 29.244926631450653
leaf_count=75 131 70 134 104 140
internal_value=-0.000251946 0.00696029 -0.00409965 -0.00690353 0
internal_weight=144.989 43.6089 101.38 83.9751 52.5729
internal_count=654 201 453 378 244
is_linear=0
shrinkage=0.03


Tree=66
num_leaves=7
num_cat=0
split_feature=12 16 7 0 18 10
split_gain=4.54642 5.59667 10.5141 4.11462 2.7123 2.60646
threshold=0.091666666666666688 0.89166666666666672 -0.28602262307210696 1.0000000180025095e-35 0.35500000000000004 0.57500000000000007
decision_type=2 2 2 2 2 2
left_child=-1 2 3 -2 -4 -3
right_child=1 5 4 -5 -6 -7
leaf_value=-0.01195253345459249 0.0046147062215424429 0 0.0045402040713572872 -0.012051891718685153 0.023430644508176366 -0.013184175019314943
leaf_weight=21.124639391899109 15.311549112200735 18.075451552867889 27.537371218204498 22.722838342189789 20.434860795736313 19.529587596654892
leaf_count=102 67 76 126 99 99 85
internal_value=-0.000232505 0.00169068 0.00618967 -0.00419155 0.0151718 -0.00670952
internal_weight=144.736 123.612 86.0066 38.0344 47.9722 37.605
internal_count=654 552 391 166 225 161
is_linear=0
shrinkage=0.03


Tree=67
num_leaves=7
num_cat=0
split_feature=6 2 3 15 9 15
split_gain=4.84026 4.96047 7.65646 4.19856 2.39006 1.05834
threshold=0.014496015141402309 0.50000000000000011 1.0000000180025095e-35 0.35500000000000004 0.5555105348460293 0.10500000000000002
decision_type=2 2 2 2 2 2
left_child=1 2 -1 5 -4 -3
right_child=-2 3 4 -5 -6 -7
leaf_value=-0.0039764389915930036 -0.010434604451873646 -4.2203895742942909e-05 0.0048561517134682779 0.0048422328009612315 0.024077779360640209 -0.015648752876790746
leaf_weight=22.977001428604126 29.533862888813019 15.246107742190363 27.761062890291214 17.418281227350235 15.712081596255301 15.793759882450102
leaf_count=105 129 76 121 79 73 71
internal_value=-0.000210776 0.00224212 0.00764932 -0.00407228 0.0148081 -0.0107173
internal_weight=144.442 114.908 66.4501 48.4581 43.4731 31.0399
internal_count=654 525 299 226 194 147
is_linear=0
shrinkage=0.03


Tree=68
num_leaves=5
num_cat=0
split_feature=6 2 3 7
split_gain=4.59947 4.75053 7.36854 4.09615
threshold=0.014496015141402309 0.50000000000000011 1.0000000180025095e-35 0.15458403509814408
decision_type=2 2 2 2
left_child=1 2 -1 -3
right_child=-2 3 -4 -5
leaf_value=-0.0038776991923802993 -0.010184913936922476 -0.01130877472568699 0.014532598750127527 0.00373556168474105
leaf_weight=22.982448980212212 29.473669365048409 27.640059560537338 43.335719913244247 20.785460099577904
leaf_count=105 129 135 194 91
internal_value=-0.000200856 0.00218083 0.00748668 -0.00398304
internal_weight=144.217 114.744 66.3182 48.4255
internal_count=654 525 299 226
is_linear=0
shrinkage=0.03


Tree=69
num_leaves=7
num_cat=0
split_feature=8 12 17 6 12 4
split_gain=4.39706 4.39175 6.06455 5.60649 4.89394 3.16977
threshold=1.0000000180025095e-35 0.27500000000000008 -0.080837258332006764 -0.0083167344333204812 0.84166666666666679 0.10833333333333335
decision_type=2 2 2 2 2 2
left_child=1 -1 4 -4 -3 -2
right_child=5 2 3 -5 -6 -7
leaf_value=-0.016472723719689799 -0.00086271443564536917 0.01443007075342816 0.0017767985770053482 -0.016967504582993648 -0.0025262412578533184 0.012495892021624039
leaf_weight=15.758082658052443 15.525093406438826 25.235352039337158 16.746293947100639 24.166421711444855 18.744068011641502 27.766558185219765
leaf_count=79 68 113 73 109 79 133
internal_value=-0.000202291 -0.00399308 -0.000221683 -0.00863035 0.00645812 0.00686951
internal_weight=143.942 100.65 84.8921 40.9127 43.9794 43.2917
internal_count=654 453 374 182 192 201
is_linear=0
shrinkage=0.03


Tree=70
num_leaves=6
num_cat=0
split_feature=6 8 15 15 2
split_gain=4.36684 4.4323 3.1787 4.64063 2.67015
threshold=0.014496015141402309 1.0000000180025095e-35 0.38500000000000006 0.53500000000000014 0.56451612903225812
decision_type=2 2 2 2 2
left_child=1 2 4 -4 -1
right_child=-2 -3 3 -5 -6
leaf_value=0 -0.009957145624841051 0.01149527639945978 0.01544067411510173 -0.0033851674961128493 -0.011905870032483539
leaf_weight=29.333982139825821 29.351552650332451 28.720480695366859 16.018003180623058 15.153911024332045 25.070001184940338
leaf_count=125 129 140 73 66 121
internal_value=-0.000204828 0.002109 -0.000839407 0.00542708 -0.00559454
internal_weight=143.648 114.296 85.5759 31.1719 54.404
internal_count=654 525 385 139 246
is_linear=0
shrinkage=0.03


Tree=71
num_leaves=6
num_cat=0
split_feature=6 8 18 18 12
split_gain=4.1521 4.2219 3.0089 4.45579 1.70903
threshold=0.014496015141402309 1.0000000180025095e-35 0.38500000000000006 0.53500000000000014 0.75833333333333341
decision_type=2 2 2 2 2
left_child=1 2 4 -4 -1
right_child=-2 -3 3 -5 -6
leaf_value=-0.0087678120753656649 -0.0097189657873395178 0.0112353861940851 0.015114701406028183 -0.0033088676174731191 0
leaf_weight=37.94485379755497 29.292178332805634 28.62047004699707 15.980950623750688 15.153552100062369 16.370566666126251
leaf_count=174 129 140 73 66 72
internal_value=-0.00019216 0.00205572 -0.000806677 0.00527018 -0.00545219
internal_weight=143.363 114.07 85.4499 31.1345 54.3154
internal_count=654 525 385 139 246
is_linear=0
shrinkage=0.03


Tree=72
num_leaves=6
num_cat=0
split_feature=12 9 12 12 15
split_gain=4.11662 7.13788 9.795 2.54583 1.68675
threshold=0.091666666666666688 0.20826580226904379 0.6083333333333335 0.82500000000000007 0.35500000000000004
decision_type=2 2 2 2 2
left_child=-1 -2 4 -4 -3
right_child=1 2 3 -5 -6
leaf_value=-0.011408109747672457 -0.0099488334130801229 0.0052085438159248472 0.0016388651332009696 -0.010349336032635735 0.0237177929486793
leaf_weight=20.850829049944878 27.618257790803909 23.775764003396034 35.942210733890533 16.993350207805634 17.965774312615395
leaf_count=102 124 107 159 73 89
internal_value=-0.000171204 0.00164614 0.00595984 -0.00173499 0.0161436
internal_weight=143.146 122.295 94.6771 52.9356 41.7415
internal_count=654 552 428 232 196
is_linear=0
shrinkage=0.03


Tree=73
num_leaves=6
num_cat=0
split_feature=6 8 15 15 12
split_gain=3.99034 3.90274 2.75226 4.21668 1.65273
threshold=0.014496015141402309 1.0000000180025095e-35 0.38500000000000006 0.53500000000000014 0.75833333333333341
decision_type=2 2 2 2 2
left_child=1 2 4 -4 -1
right_child=-2 -3 3 -5 -6
leaf_value=-0.0084547268857574475 -0.0095177701308956954 0.010890797124666786 0.014738633517348445 -0.00316157175872983 0
leaf_weight=37.879469364881516 29.206806287169456 28.442375853657722 15.877946034073831 15.122622609138487 16.342369720339775
leaf_count=174 129 140 73 66 72
internal_value=-0.000155084 0.00204475 -0.00068247 0.00511362 -0.0051614
internal_weight=142.872 113.665 85.2224 31.0006 54.2218
internal_count=654 525 385 139 246
is_linear=0
shrinkage=0.03


Tree=74
num_leaves=5
num_cat=0
split_feature=12 9 12 16
split_gain=3.94455 6.80555 11.3245 12.0925
threshold=0.091666666666666688 0.15153970826580229 0.84166666666666679 0.87500000000000011
decision_type=2 2 2 2
left_child=-1 -2 3 -3
right_child=1 2 -4 -5
leaf_value=-0.011165080556059427 -0.011679574789268957 0.018556292693615372 -0.013155410314967446 -0.0027783258484774323
leaf_weight=20.768459931015968 20.427695006132126 53.00075726211071 17.069561347365379 31.390424519777298
leaf_count=102 92 250 73 137
internal_value=-0.000134441 0.0016381 0.00530562 0.0102379
internal_weight=142.657 121.888 101.461 84.3912
internal_count=654 552 460 387
is_linear=0
shrinkage=0.03


Tree=75
num_leaves=6
num_cat=0
split_feature=6 2 12 7 8
split_gain=3.85121 4.42714 5.25344 3.59461 0.60049
threshold=0.014496015141402309 0.50000000000000011 0.82500000000000007 0.15458403509814408 1.0000000180025095e-35
decision_type=2 2 2 2 2
left_child=1 2 4 -3 -1
right_child=-2 3 -4 -5 -6
leaf_value=0.0046914367834310694 -0.0093867709421819861 -0.010904119958988025 -0.0030375822537118805 0.0031465779287195728 0.018539159235840603
leaf_weight=27.492360413074493 29.113694578409195 27.141997337341309 19.948506519198418 20.513017073273659 18.082031562924385
leaf_count=121 129 135 83 91 95
internal_value=-0.000175467 0.00198322 0.00715476 -0.00399205 0.0126617
internal_weight=142.292 113.178 65.5229 47.655 45.5744
internal_count=654 525 299 226 216
is_linear=0
shrinkage=0.03


Tree=76
num_leaves=6
num_cat=0
split_feature=12 9 12 16 15
split_gain=3.74666 6.41008 8.93154 2.38339 1.59195
threshold=0.091666666666666688 0.20826580226904379 0.6083333333333335 0.89166666666666672 0.35500000000000004
decision_type=2 2 2 2 2
left_child=-1 -2 4 -4 -3
right_child=1 2 3 -5 -6
leaf_value=-0.010932917739309106 -0.0094054632209405065 0.0048364779325938074 0.0021143403770370805 -0.0091739086133997595 0.022912886477751634
leaf_weight=20.652380809187889 27.463152796030045 23.605507835745811 32.371673658490181 20.281801864504814 17.588349804282188
leaf_count=102 124 107 142 90 89
internal_value=-0.000155064 0.00156493 0.00569563 -0.00161164 0.015498
internal_weight=141.963 121.31 93.8473 52.6535 41.1939
internal_count=654 552 428 232 196
is_linear=0
shrinkage=0.03


Tree=77
num_leaves=5
num_cat=0
split_feature=12 9 12 16
split_gain=3.57478 6.17634 10.5599 11.3034
threshold=0.091666666666666688 0.15153970826580229 0.84166666666666679 0.87500000000000011
decision_type=2 2 2 2
left_child=-1 -2 3 -3
right_child=1 2 -4 -5
leaf_value=-0.010680645331949581 -0.01114520995007821 0.017964591210404307 -0.012748240779372843 -0.0026766186862111543
leaf_weight=20.624499976634979 20.307578012347221 52.496679797768593 16.988306283950806 31.262735053896904
leaf_count=102 92 250 73 137
internal_value=-0.000137809 0.00153482 0.00506423 0.0098676
internal_weight=141.68 121.055 100.748 83.7594
internal_count=654 552 460 387
is_linear=0
shrinkage=0.03


Tree=78
num_leaves=6
num_cat=0
split_feature=6 7 15 6 6
split_gain=3.70016 3.75061 8.0424 4.04667 3.48858
threshold=0.014496015141402309 0.12943658035294595 0.35500000000000004 -1.0000000180025095e-35 0.0046633785607411724
decision_type=2 2 2 2 2
left_child=1 3 -3 -1 -5
right_child=-2 2 -4 4 -6
leaf_value=-0.0096989847045424252 -0.0092303900594520264 -0.00041142433287549173 0.022554362978043346 0.013169320014131059 -0.0017766673474114651
leaf_weight=30.020342350006104 28.965917512774467 24.845482647418976 16.339752614498138 15.672107964754103 25.473025396466255
leaf_count=145 129 112 83 71 114
internal_value=-0.000178092 0.0019383 0.00885619 -0.00159606 0.00342609
internal_weight=141.317 112.351 41.1852 71.1655 41.1451
internal_count=654 525 195 330 185
is_linear=0
shrinkage=0.03


Tree=79
num_leaves=8
num_cat=0
split_feature=2 10 9 10 9 2 7
split_gain=3.60992 6.70497 10.8094 4.95869 4.47762 3.57298 3.32238
threshold=0.46774193548387105 0.97500000000000009 0.38938411669367917 0.92500000000000016 0.49473257698541334 0.11290322580645162 0.15458403509814408
decision_type=2 2 2 2 2 2 2
left_child=1 2 -1 6 -3 -6 -2
right_child=3 4 -4 -5 5 -7 -8
leaf_value=-0.0040040914523674642 -0.020371329862724219 0.0065237727171208529 0.023194937894379004 0.0046000745016071395 0 -0.018356641125217898 -4.8916622042889343e-05
leaf_weight=15.939487323164938 17.667569473385811 15.512768074870108 24.101386502385139 15.092412322759627 17.015374809503555 15.824436172842978 19.958027914166451
leaf_count=68 88 67 123 76 75 68 89
internal_value=-0.000170086 0.00305922 0.0117929 -0.00642023 -0.00347593 -0.0100231 -0.0122694
internal_weight=141.111 88.3935 40.0409 52.718 48.3526 32.8398 37.6256
internal_count=654 401 191 253 210 143 177
is_linear=0
shrinkage=0.03


Tree=80
num_leaves=6
num_cat=0
split_feature=6 7 15 6 6
split_gain=3.43936 3.41859 7.70839 3.78664 1.9046
threshold=0.014496015141402309 0.12943658035294595 0.35500000000000004 -0.0084678537612436471 0.0040020856230176269
decision_type=2 2 2 2 2
left_child=1 3 -3 -1 -5
right_child=-2 2 -4 4 -6
leaf_value=-0.011641205092016819 -0.0089252808474020017 -0.00050993459323615017 0.022024292958173326 0.007990724901505401 -0.0017518464841512328
leaf_weight=19.672842144966125 28.858737245202065 24.774068310856819 16.113387554883957 23.922141447663307 27.409900277853012
leaf_count=93 129 112 83 114 123
internal_value=-0.000173337 0.00185585 0.00849523 -0.0014853 0.0020296
internal_weight=140.751 111.892 40.8875 71.0049 51.332
internal_count=654 525 195 330 237
is_linear=0
shrinkage=0.03


Tree=81
num_leaves=8
num_cat=0
split_feature=2 6 8 9 15 12 15
split_gain=3.50251 6.89575 3.99238 3.26536 3.17616 2.24096 2.10477
threshold=0.46774193548387105 0.004202445887811935 1.0000000180025095e-35 0.36426256077795793 0.35500000000000004 0.80833333333333346 0.085000000000000006
decision_type=2 2 2 2 2 2 2
left_child=1 3 5 -1 6 -3 -2
right_child=4 2 -4 -5 -6 -7 -8
leaf_value=0 0 0 0.0058257210651435085 0.018698326880145649 0.00064018457074838727 -0.015366752711333408 -0.017684776074883671
leaf_weight=15.141561761498449 15.073754563927649 16.194452747702599 16.72603914141655 21.884225785732269 19.879091635346413 18.118805155158043 17.568201333284378
leaf_count=64 78 72 75 111 93 79 82
internal_value=-0.000173038 0.00300615 -0.00323526 0.0123988 -0.0063448 -0.00935745 -0.0117126
internal_weight=140.586 88.0651 51.0393 37.0258 52.521 34.3133 32.642
internal_count=654 401 226 175 253 151 160
is_linear=0
shrinkage=0.03


Tree=82
num_leaves=5
num_cat=0
split_feature=12 9 12 16
split_gain=3.43587 5.65312 9.79065 10.5085
threshold=0.091666666666666688 0.15153970826580229 0.84166666666666679 0.87500000000000011
decision_type=2 2 2 2
left_child=-1 -2 3 -3
right_child=1 2 -4 -5
leaf_value=-0.010544257117250981 -0.010648223123760951 0.017429674722131874 -0.012247546729810412 -0.0025042428247174912
leaf_weight=20.391254842281342 20.161967307329178 51.845528706908226 16.876955285668373 31.049603670835495
leaf_count=102 92 250 73 137
internal_value=-0.00015881 0.001478 0.00489236 0.00956278
internal_weight=140.325 119.934 99.7721 82.8951
internal_count=654 552 460 387
is_linear=0
shrinkage=0.03


Tree=83
num_leaves=8
num_cat=0
split_feature=2 10 9 10 9 2 7
split_gain=3.37049 6.08293 10.0189 4.58323 4.22898 3.39839 3.00612
threshold=0.46774193548387105 0.97500000000000009 0.38938411669367917 0.92500000000000016 0.49473257698541334 0.11290322580645162 0.15458403509814408
decision_type=2 2 2 2 2 2 2
left_child=1 2 -1 6 -3 -6 -2
right_child=3 4 -4 -5 5 -7 -8
leaf_value=-0.003758439869960324 -0.019716146916045427 0.0064167724906049502 0.022451042663585018 0.0042534138572817943 0 -0.017825251965786538 -8.6144529059281364e-05
leaf_weight=15.912780001759527 17.426535204052925 15.458001121878622 23.608736276626587 15.025773972272871 16.928176134824753 15.732707142829893 19.873300582170486
leaf_count=68 88 67 123 76 75 68 89
internal_value=-0.000198138 0.00291888 0.0113136 -0.00626473 -0.00326231 -0.00968019 -0.0119222
internal_weight=139.966 87.6404 39.5215 52.3256 48.1189 32.6609 37.2998
internal_count=654 401 191 253 210 143 177
is_linear=0
shrinkage=0.03


Tree=84
num_leaves=6
num_cat=0
split_feature=6 2 12 9 7
split_gain=3.24126 3.83905 4.16618 4.35083 2.84939
threshold=0.014496015141402309 0.50000000000000011 0.82500000000000007 0.44773095623987041 0.15458403509814408
decision_type=2 2 2 2 2
left_child=1 2 3 -1 -3
right_child=-2 4 -4 -5 -6
leaf_value=0 -0.0087198005831708308 -0.010013324605836401 -0.0021879100469250783 0.018675139957042501 0.0023778633723361572
leaf_weight=18.907449245452881 28.683950662612915 26.571680262684822 19.792626529932022 25.450443968176842 20.20104393362999
leaf_count=87 129 135 83 129 91
internal_value=-0.000200071 0.00176656 0.00666659 0.0116545 -0.00378989
internal_weight=139.607 110.923 64.1505 44.3579 46.7727
internal_count=654 525 299 216 226
is_linear=0
shrinkage=0.03


Tree=85
num_leaves=7
num_cat=0
split_feature=0 15 17 7 16 17
split_gain=3.27858 5.7935 6.25782 4.64144 4.08744 2.46083
threshold=1.0000000180025095e-35 0.25500000000000006 -0.019026318698535005 -0.30451282679258768 0.79166666666666685 -0.087644203214678681
decision_type=2 2 2 2 2 2
left_child=5 2 -2 -3 -5 -1
right_child=1 3 -4 4 -6 -7
leaf_value=0.011676316737119816 -0.019573394806339128 -0.0069664260246919798 0.00042542981827362926 0.018336274690270337 0 0
leaf_weight=22.557952269911766 26.375745788216591 19.262467175722122 15.183579444885252 15.564328216016294 15.935474194586275 24.405818283557892
leaf_count=103 125 84 69 82 78 113
internal_value=-0.00019277 -0.00381128 -0.0117172 0.00205557 0.009415 0.00544815
internal_weight=139.285 92.3216 41.5593 50.7623 31.4998 46.9638
internal_count=654 438 194 244 160 216
is_linear=0
shrinkage=0.03


Tree=86
num_leaves=5
num_cat=0
split_feature=12 9 12 16
split_gain=3.14303 5.14886 9.10093 9.83093
threshold=0.091666666666666688 0.15153970826580229 0.84166666666666679 0.87500000000000011
decision_type=2 2 2 2
left_child=-1 -2 3 -3
right_child=1 2 -4 -5
leaf_value=-0.010167595842274012 -0.010194583081804744 0.016892432059006431 -0.011835657151372822 -0.0024089714182664369
leaf_weight=20.133021533489227 20.015011250972748 51.23654019087553 16.786533430218697 30.908740282058716
leaf_count=102 92 250 73 137
internal_value=-0.000173162 0.00137634 0.0046724 0.00921988
internal_weight=139.08 118.947 98.9318 82.1453
internal_count=654 552 460 387
is_linear=0
shrinkage=0.03


Tree=87
num_leaves=7
num_cat=0
split_feature=0 15 17 7 16 17
split_gain=3.08229 5.4496 6.05495 4.2797 3.86996 2.35214
threshold=1.0000000180025095e-35 0.25500000000000006 -0.019026318698535005 -0.30451282679258768 0.79166666666666685 -0.087644203214678681
decision_type=2 2 2 2 2 2
left_child=5 2 -2 -3 -5 -1
right_child=1 3 -4 4 -6 -7
leaf_value=0.011347805642598074 -0.01918338122038819 -0.0066691008552423534 0.00046495323293487261 0.017823822434850003 0 0
leaf_weight=22.506574779748917 26.239700317382812 19.19359527528286 15.164796963334082 15.357736490666868 15.898606494069098 24.364261664450169
leaf_count=103 125 84 69 82 78 113
internal_value=-0.000211648 -0.00374077 -0.0114193 0.00194043 0.00907279 0.0052417
internal_weight=138.725 91.8544 41.4045 50.4499 31.2563 46.8708
internal_count=654 438 194 244 160 216
is_linear=0
shrinkage=0.03


Tree=88
num_leaves=8
num_cat=0
split_feature=2 6 10 8 9 12 7
split_gain=3.13365 6.14718 4.0284 3.69862 2.62606 1.99257 1.86126
threshold=0.46774193548387105 0.004202445887811935 0.87500000000000011 1.0000000180025095e-35 0.36426256077795793 0.80833333333333346 0.15458403509814408
decision_type=2 2 2 2 2 2 2
left_child=1 4 6 5 -1 -3 -2
right_child=2 3 -4 -5 -6 -7 -8
leaf_value=0 -0.018091585100250284 0 0.00342638597137638 0.0056371672171395427 0.017588475888815892 -0.014694388736840008 -0.00085066873542324081
leaf_weight=15.088379040360449 16.82573139667511 15.986927241086958 15.514340519905089 16.562365934252739 21.198765575885773 17.934639751911163 19.408491462469101
leaf_count=64 86 72 80 75 111 79 87
internal_value=-0.000192002 0.00280894 -0.00608536 -0.00304751 0.0117922 -0.00900885 -0.0115347
internal_weight=138.52 86.7711 51.7486 50.4839 36.2871 33.9216 36.2342
internal_count=654 401 253 226 175 151 173
is_linear=0
shrinkage=0.03


Tree=89
num_leaves=8
num_cat=0
split_feature=2 6 10 8 9 17 6
split_gain=2.99633 5.88278 3.8917 3.54632 2.5115 1.33055 1.00634
threshold=0.46774193548387105 0.004202445887811935 0.87500000000000011 1.0000000180025095e-35 0.36426256077795793 -0.14424801032339726 -0.010251949341858134
decision_type=2 2 2 2 2 2 2
left_child=1 4 6 5 -1 -3 -2
right_child=2 3 -4 -5 -6 -7 -8
leaf_value=0 -0.0021423937316588245 -0.0136391064367711 0.0033481742939756674 0.0055085455244100121 0.017261556987352187 0 -0.017308432899729963
leaf_weight=15.088379040360449 20.862637594342228 17.686864897608757 15.517199292778967 16.557439863681793 21.049222618341446 16.175467640161514 15.257264420390131
leaf_count=64 97 77 80 75 111 74 76
internal_value=-0.000178837 0.00274938 -0.00595607 -0.00295915 0.0115641 -0.00881948 -0.0113334
internal_weight=138.194 86.5574 51.6371 50.4198 36.1376 33.8623 36.1199
internal_count=654 401 253 226 175 151 173
is_linear=0
shrinkage=0.03


Tree=90
num_leaves=6
num_cat=0
split_feature=6 2 12 9 7
split_gain=2.9574 3.42812 3.52948 4.01285 2.53479
threshold=0.014496015141402309 0.50000000000000011 0.82500000000000007 0.44773095623987041 0.15458403509814408
decision_type=2 2 2 2 2
left_child=1 2 3 -1 -3
right_child=-2 4 -4 -5 -6
leaf_value=0 -0.0083567393127929185 -0.0094780172113504875 -0.0016031818387182933 0.017850143651075182 0.0021811291887195629
leaf_weight=18.786905705928802 28.418760910630226 26.164442270994186 19.672864317893982 24.82940149307251 20.06207737326622
leaf_count=87 129 135 83 129 91
internal_value=-0.00016995 0.00170265 0.00638013 0.0110097 -0.00352773
internal_weight=137.934 109.516 63.2892 43.6163 46.2265
internal_count=654 525 299 216 226
is_linear=0
shrinkage=0.03


Tree=91
num_leaves=7
num_cat=0
split_feature=0 15 5 7 16 10
split_gain=2.96737 5.14842 4.93473 3.86452 3.65571 1.58889
threshold=1.0000000180025095e-35 0.25500000000000006 1.0000000180025095e-35 -0.30451282679258768 0.79166666666666685 0.87500000000000011
decision_type=2 2 2 2 2 2
left_child=5 2 -2 -3 -5 -1
right_child=1 3 -4 4 -6 -7
leaf_value=0 0 -0.0062359818478279969 -0.019442102668923402 0.017325872299580516 0 0.0096692862860156669
leaf_weight=21.419531896710396 19.233170107007027 19.085857018828392 21.896271899342537 15.06695142388344 15.757632099092005 25.166121698915958
leaf_count=103 92 84 102 82 78 113
internal_value=-0.000163784 -0.00365653 -0.0111407 0.0018711 0.0087354 0.00519162
internal_weight=137.626 91.0399 41.1294 49.9104 30.8246 46.5857
internal_count=654 438 194 244 160 216
is_linear=0
shrinkage=0.03


Tree=92
num_leaves=7
num_cat=0
split_feature=12 16 7 17 10 15
split_gain=2.89023 3.49318 6.63051 2.25587 1.83475 1.72837
threshold=0.091666666666666688 0.89166666666666672 -0.28602262307210696 -0.17216427494436859 0.57500000000000007 0.35500000000000004
decision_type=2 2 2 2 2 2
left_child=-1 2 3 -2 -3 -4
right_child=1 4 5 -5 -6 -7
leaf_value=-0.0098224515714040572 0.0013971673592533408 0 0.0033069778798547451 -0.010646793818480927 -0.010828918254831345 0.019686510854465752
leaf_weight=19.794546484947205 21.062028527259827 17.611904412508011 26.153818175196648 15.717157766222952 18.745199739933014 18.316290594637394
leaf_count=102 94 76 126 72 85 99
internal_value=-0.000155523 0.00131638 0.00507695 -0.00297177 -0.00523457 0.0125741
internal_weight=137.401 117.606 81.2493 36.7792 36.3571 44.4701
internal_count=654 552 391 166 161 225
is_linear=0
shrinkage=0.03


Tree=93
num_leaves=6
num_cat=0
split_feature=0 18 17 7 17
split_gain=2.83512 4.7914 5.72345 3.67301 2.22739
threshold=1.0000000180025095e-35 0.25500000000000006 -0.019026318698535005 0.081319038414725764 -0.087644203214678681
decision_type=2 2 2 2 2
left_child=4 2 -2 -3 -1
right_child=1 3 -4 -5 -6
leaf_value=0.011042618023958412 -0.018423186030057988 -0.0036893633609695552 0.00067993279882748426 0.010779648675099014 0
leaf_weight=22.377851217985153 25.961356341838837 28.6950513869524 15.024859905242918 20.928873099386692 24.137907572090626
leaf_count=103 125 134 69 110 113
internal_value=-0.000137008 -0.00357285 -0.010803 0.00174266 0.00508831
internal_weight=137.126 90.6101 40.9862 49.6239 46.5158
internal_count=654 438 194 244 216
is_linear=0
shrinkage=0.03


Tree=94
num_leaves=8
num_cat=0
split_feature=2 6 10 12 9 7 18
split_gain=2.83003 5.36452 3.75393 2.40129 2.17176 1.56221 1.2529
threshold=0.46774193548387105 0.004202445887811935 0.87500000000000011 0.80833333333333346 0.36426256077795793 0.15458403509814408 0.16500000000000004
decision_type=2 2 2 2 2 2 2
left_child=1 4 5 6 -1 -2 -3
right_child=2 3 -4 -5 -6 -7 -8
leaf_value=0 -0.017259129438591477 -0.0022466860219731697 0.0033669469399174117 -0.010105667772753077 0.016584508159145195 -0.00088236793392894287 0.0073113705094272705
leaf_weight=15.075509086251257 16.511774867773056 15.444310635328295 15.329092636704443 19.615518137812614 20.668084606528282 19.31028063595295 15.029060594737528
leaf_count=64 86 68 80 87 111 87 71
internal_value=-0.000115833 0.00272845 -0.00577509 -0.00269107 0.0111939 -0.0110902 0.00114193
internal_weight=136.984 85.8325 51.1511 50.0889 35.7436 35.8221 30.4734
internal_count=654 401 253 226 175 173 139
is_linear=0
shrinkage=0.03


Tree=95
num_leaves=5
num_cat=0
split_feature=12 9 12 6
split_gain=2.70332 4.40907 7.9415 7.65436
threshold=0.091666666666666688 0.15153970826580229 0.84166666666666679 0.017320276980707709
decision_type=2 2 2 2
left_child=-1 -2 3 -3
right_child=1 2 -4 -5
leaf_value=-0.009508912023686155 -0.009396987296855645 0.013896800555226204 -0.010994601528892358 -0.0048346107739177472
leaf_weight=19.641405582427979 19.73582361638546 61.568514950573444 16.561180621385574 19.159348845481873
leaf_count=102 92 303 73 84
internal_value=-0.000109578 0.00130129 0.00441134 0.00872865
internal_weight=136.666 117.025 97.289 80.7279
internal_count=654 552 460 387
is_linear=0
shrinkage=0.03


Tree=96
num_leaves=7
num_cat=0
split_feature=16 12 7 0 6 12
split_gain=2.76879 3.85465 4.46769 3.44625 1.28073 0.491047
threshold=0.89166666666666672 0.29166666666666669 -0.1811452517919587 1.0000000180025095e-35 -0.0095037319400674263 0.62500000000000011
decision_type=2 2 2 2 2 2
left_child=1 -1 3 -3 -2 -4
right_child=4 2 5 -5 -6 -7
leaf_value=-0.0061738955156764794 0 0.008518431803423621 0.018306037780523352 -0.0074572661744823172 -0.010496820581574022 0.0026941839673094857
leaf_weight=25.028612993657589 15.450987309217451 15.510876476764677 16.185404449701309 24.010112717747688 23.874628767371178 16.272178366780281
leaf_count=139 66 67 89 108 108 77
internal_value=-0.000153963 0.00213831 0.00602137 0 -0.00676545 0.0134854
internal_weight=136.333 97.0072 71.9786 39.521 39.3256 32.4576
internal_count=654 480 341 175 174 166
is_linear=0
shrinkage=0.03


Tree=97
num_leaves=8
num_cat=0
split_feature=2 6 10 8 9 17 17
split_gain=2.79732 5.0447 3.61152 3.38769 1.97202 1.17243 0.489731
threshold=0.46774193548387105 0.004202445887811935 0.87500000000000011 1.0000000180025095e-35 0.36426256077795793 -0.14424801032339726 0.088184418761877867
decision_type=2 2 2 2 2 2 2
left_child=1 4 6 5 -1 -3 -2
right_child=2 3 -4 -5 -6 -7 -8
leaf_value=0 -0.014587158275571426 -0.012912031414347734 0.0031604440153334894 0.0057546869504094865 0.016142943394841427 0 -0.0010259181609973006
leaf_weight=15.015847727656363 20.03911580145359 17.478234902024269 15.251711770892141 16.373976305127144 20.414922215044498 15.982727289199827 15.541964232921599
leaf_count=64 101 77 80 75 111 74 72
internal_value=-0.000130251 0.00270248 -0.00577294 -0.00253114 0.0109505 -0.00836681 -0.0109983
internal_weight=136.099 85.2657 50.8328 49.8349 35.4308 33.461 35.5811
internal_count=654 401 253 226 175 151 173
is_linear=0
shrinkage=0.03


Tree=98
num_leaves=7
num_cat=0
split_feature=16 7 15 0 17 7
split_gain=2.63404 3.42956 4.67341 3.49454 1.93683 0.490516
threshold=0.89166666666666672 -0.1811452517919587 0.35500000000000004 1.0000000180025095e-35 0.079580614245543385 0.23456345679132354
decision_type=2 2 2 2 2 2
left_child=1 3 5 -1 -2 -3
right_child=4 2 -4 -5 -6 -7
leaf_value=0.0048743602613067535 -0.011242793967845157 0.0034204857398676199 0.017801712400370519 -0.0094420831392890078 0 -0.0030896916629222461
leaf_weight=18.355956539511681 23.971524715423584 15.202158927917482 18.224837429821491 28.387262716889381 15.239306315779684 16.485501900315285
leaf_count=85 108 75 102 136 66 82
internal_value=-0.000117161 0.00211262 0.00757859 -0.00273272 -0.00658806 0
internal_weight=135.867 96.6557 49.9125 46.7432 39.2108 31.6877
internal_count=654 480 259 221 174 157
is_linear=0
shrinkage=0.03


Tree=99
num_leaves=6
num_cat=0
split_feature=2 8 3 3 17
split_gain=2.6976 3.41657 3.18338 2.4996 1.76198
threshold=0.46774193548387105 1.0000000180025095e-35 1.0000000180025095e-35 1.0000000180025095e-35 -0.080837258332006764
decision_type=2 2 2 2 2
left_child=1 3 -2 -1 -5
right_child=2 -3 -4 4 -6
leaf_value=-0.0090063289250585845 0.00061394805886757944 0.010434920929428142 -0.011828679913432172 0.0087674641051105756 -0.0016212588820687813
leaf_weight=19.619260638952255 22.590285822749138 28.823853962123394 28.11222617328167 18.690612182021141 17.820275545120239
leaf_count=88 115 148 138 83 82
internal_value=-9.10432e-05 0.00268948 -0.00565028 -0.000834615 0.00266699
internal_weight=135.657 84.954 50.7025 56.1301 36.5109
internal_count=654 401 253 253 165
is_linear=0
shrinkage=0.03


Tree=100
num_leaves=6
num_cat=0
split_feature=0 15 17 7 17
split_gain=2.5232 4.47991 5.28515 3.09899 2.09598
threshold=1.0000000180025095e-35 0.25500000000000006 -0.021341625642730417 0.081319038414725764 -0.087644203214678681
decision_type=2 2 2 2 2
left_child=4 2 -2 -3 -1
right_child=1 3 -4 -5 -6
leaf_value=0.010647840092446393 -0.0179209625465779 -0.0031104591992874918 0.0003110913194457158 0.010164605895366578 0
leaf_weight=22.2039894759655 25.170473083853722 28.306146532297134 15.420945793390272 20.529463730752468 23.899915635585785
leaf_count=103 122 134 72 110 113
internal_value=-7.83379e-05 -0.00337225 -0.010404 0.00178134 0.00484156
internal_weight=135.531 89.427 40.5914 48.8356 46.1039
internal_count=654 438 194 244 216
is_linear=0
shrinkage=0.03


Tree=101
num_leaves=8
num_cat=0
split_feature=2 6 10 8 12 9 7
split_gain=2.53382 4.76394 3.46632 3.13678 1.80313 1.78611 1.35681
threshold=0.46774193548387105 0.004202445887811935 0.87500000000000011 1.0000000180025095e-35 0.80833333333333346 0.36426256077795793 0.15458403509814408
decision_type=2 2 2 2 2 2 2
left_child=1 5 6 4 -3 -1 -2
right_child=2 3 -4 -5 -6 -7 -8
leaf_value=0 -0.016496601643771674 0 0.0032535353785758713 0.0054785937386289379 -0.013522349898771591 0.015688145742402248 -0.00081861252365450488
leaf_weight=15.000580012798308 16.212591826915741 15.70873776078224 15.194918558001516 16.312663145363331 17.591710805892944 20.147602669894695 19.221484616398811
leaf_count=64 86 72 80 75 79 111 87
internal_value=-5.94275e-05 0.00262603 -0.00546583 -0.00243858 -0.00809238 0.0106828 -0.0106287
internal_weight=135.39 84.7613 50.629 49.6131 33.3004 35.1482 35.4341
internal_count=654 401 253 226 151 175 173
is_linear=0
shrinkage=0.03


Tree=102
num_leaves=5
num_cat=0
split_feature=6 8 15 10
split_gain=2.46007 2.22206 1.6518 1.31298
threshold=0.014496015141402309 1.0000000180025095e-35 0.38500000000000006 0.82500000000000007
decision_type=2 2 2 2
left_child=1 2 3 -1
right_child=-2 -3 -4 -5
leaf_value=-0.0083664237538143352 -0.007619265610659968 0.0086146719592788499 0.0042128720067730243 0
leaf_weight=24.580331698060036 27.918608665466309 25.957532674074173 29.003617435693741 27.623652935028076
leaf_count=115 129 140 139 131
internal_value=-4.54312e-05 0.00164446 -0.000257953 -0.00394187
internal_weight=135.084 107.165 81.2076 52.204
internal_count=654 525 385 246
is_linear=0
shrinkage=0.03


Tree=103
num_leaves=5
num_cat=0
split_feature=12 9 12 6
split_gain=2.47682 3.9236 7.08435 7.04398
threshold=0.091666666666666688 0.15153970826580229 0.84166666666666679 0.017320276980707709
decision_type=2 2 2 2
left_child=-1 -2 3 -3
right_child=1 2 -4 -5
leaf_value=-0.009121163193949693 -0.0087701014158431262 0.01340989969730438 -0.010264338149819797 -0.0045600234662924906
leaf_weight=19.319104418158531 19.51644167304039 60.721304178237915 16.348596155643463 19.022307932376862
leaf_count=102 92 303 73 84
internal_value=-2.99126e-05 0.00130698 0.0042797 0.00839914
internal_weight=134.928 115.609 96.0922 79.7436
internal_count=654 552 460 387
is_linear=0
shrinkage=0.03


Tree=104
num_leaves=5
num_cat=0
split_feature=2 6 7 6
split_gain=2.58779 2.87168 3.62509 2.62016
threshold=0.11290322580645162 0.010090126171266924 0.38749239001077512 -0.0017829591837992262
decision_type=2 2 2 2
left_child=-1 2 3 -2
right_child=1 -3 -4 -5
leaf_value=0.0076834705805266289 -0.0079556297406910767 -0.0098787758300461111 0.011780268689353534 0.0023160008593072208
leaf_weight=22.775003381073475 36.819514207541943 28.554630726575851 15.021279186010359 31.433995380997658
leaf_count=109 180 132 79 154
internal_value=-7.54533e-05 -0.0024304 0 -0.00257079
internal_weight=134.604 111.829 83.2748 68.2535
internal_count=654 545 413 334
is_linear=0
shrinkage=0.03


Tree=105
num_leaves=6
num_cat=0
split_feature=16 7 6 0 6
split_gain=2.48541 3.04011 4.61078 3.15675 1.15605
threshold=0.89166666666666672 -0.1811452517919587 0.010517284879050128 1.0000000180025095e-35 -0.0095037319400674263
decision_type=2 2 2 2 2
left_child=1 3 -3 -1 -2
right_child=4 2 -4 -5 -6
leaf_value=0.004776681789025683 0 0.013238372512441249 -0.0030866490716238404 -0.008861830634035537 -0.0099358842600085675
leaf_weight=18.273257315158844 15.366580694913862 34.134505286812782 15.022866129875181 28.126683503389359 23.592161729931831
leaf_count=85 66 188 71 136 108
internal_value=-4.31554e-05 0.00212694 0.00731708 -0.00238121 -0.00636734
internal_weight=134.516 95.5573 49.1574 46.3999 38.9587
internal_count=654 480 259 221 174
is_linear=0
shrinkage=0.03


Tree=106
num_leaves=7
num_cat=0
split_feature=2 10 10 0 0 7
split_gain=2.53493 3.82117 3.35107 2.5939 4.07768 1.09195
threshold=0.46774193548387105 0.57500000000000007 0.87500000000000011 1.0000000180025095e-35 0.75000000000000011 0.13892477851222226
decision_type=2 2 2 2 2 2
left_child=1 -1 5 -3 -5 -2
right_child=2 3 -4 4 -6 -7
leaf_value=0.013120383820890421 -0.016344600304551354 0.0056639783793239699 0.0030695124847208584 -0.013364410491897951 0.0025763486247771797 -0.0013004256585535563
leaf_weight=18.598881080746651 15.300208687782286 25.575680837035179 15.099814131855963 22.301664635539055 17.576205983757973 19.82217863202095
leaf_count=96 83 116 80 100 89 90
internal_value=-4.51027e-05 0.00265125 -0.00547572 -0.000191991 -0.00549729 -0.0105696
internal_weight=134.275 84.0524 50.2222 65.4536 39.8779 35.1224
internal_count=654 401 253 305 189 173
is_linear=0
shrinkage=0.03


Tree=107
num_leaves=6
num_cat=0
split_feature=2 17 12 7 12
split_gain=2.52898 2.44205 4.79011 3.11365 1.45371
threshold=0.11290322580645162 -0.021341625642730417 0.34166666666666673 0.1265013914717234 0.64166666666666672
decision_type=2 2 2 2 2
left_child=-1 2 -2 -3 -4
right_child=1 3 4 -5 -6
leaf_value=0.007651491767713927 -0.018683940515857679 -0.0047464403719977167 0.0039276230883902872 0.0084642729807062871 -0.0055239565722907382
leaf_weight=22.724434919655323 15.097445920109747 21.866431370377541 22.886994451284409 27.705967843532562 23.778326138854027
leaf_count=109 82 110 107 136 110
internal_value=-2.51295e-05 -0.00236926 -0.00636493 0.00163658 0
internal_weight=134.06 111.335 61.7628 49.5724 46.6653
internal_count=654 545 299 246 217
is_linear=0
shrinkage=0.03


Tree=108
num_leaves=6
num_cat=0
split_feature=2 8 2 2 2
split_gain=2.41212 3.01799 3.43047 3.24491 3.13834
threshold=0.11290322580645162 1.0000000180025095e-35 0.37096774193548393 0.40322580645161293 0.69354838709677435
decision_type=2 2 2 2 2
left_child=-1 3 -3 -2 -5
right_child=1 2 -4 4 -6
leaf_value=0.0074623133915476978 -0.012754710262263821 0.012180194877467293 -0.0035350754462112775 0.0069893326232327926 -0.0069692985373252716
leaf_weight=22.728207372128963 29.937844142317772 18.015541717410088 15.214922145009039 21.585839331150055 26.413121670484543
leaf_count=109 134 97 70 104 140
internal_value=-2.11896e-05 -0.00232303 0.00389408 -0.00577225 0
internal_weight=133.895 111.167 33.2305 77.9368 47.999
internal_count=654 545 167 378 244
is_linear=0
shrinkage=0.03


Tree=109
num_leaves=6
num_cat=0
split_feature=0 15 17 15 17
split_gain=2.27666 4.07118 4.87094 2.99128 2.01569
threshold=1.0000000180025095e-35 0.25500000000000006 -0.021341625642730417 0.50500000000000012 -0.087644203214678681
decision_type=2 2 2 2 2
left_child=4 2 -2 -3 -1
right_child=1 3 -4 -5 -6
leaf_value=0.010396480388683214 -0.017209357509344395 0.0091103455417905141 0.00026532761262111203 -0.0039019373226341731 0
leaf_weight=21.985057547688484 24.833949461579323 24.014634415507317 15.245413184165953 23.976864248514175 23.630460739135742
leaf_count=103 122 120 72 124 113
internal_value=-3.92496e-06 -0.0031888 -0.00993917 0.0017223 0.00466734
internal_weight=133.686 88.0709 40.0794 47.9915 45.6155
internal_count=654 438 194 244 216
is_linear=0
shrinkage=0.03


Tree=110
num_leaves=7
num_cat=0
split_feature=16 12 7 17 17 12
split_gain=2.45153 3.29953 3.63017 1.69377 1.58686 0.48134
threshold=0.89166666666666672 0.29166666666666669 -0.1811452517919587 0.079580614245543385 -0.17917612298404142 0.62500000000000011
decision_type=2 2 2 2 2 2
left_child=1 -1 4 -2 -3 -4
right_child=3 2 5 -5 -6 -7
leaf_value=-0.0055646142008826073 -0.010651565714883652 0.0047122650869556365 0.017275473739091701 0 -0.0060418040612089984 0.0021561852374433646
leaf_weight=24.038347132503986 23.713482350111008 20.533314049243927 15.594491526484491 15.136779800057409 18.59218293428421 15.984151467680929
leaf_count=139 108 93 89 66 82 77
internal_value=0 0.00217779 0.00579632 -0.00628713 0 0.0126037
internal_weight=133.593 94.7425 70.7041 38.8503 39.1255 31.5786
internal_count=654 480 341 174 175 166
is_linear=0
shrinkage=0.03


Tree=111
num_leaves=7
num_cat=0
split_feature=16 12 7 0 6 12
split_gain=2.32802 3.16751 3.50521 2.63143 1.10692 0.440683
threshold=0.89166666666666672 0.29166666666666669 -0.1811452517919587 1.0000000180025095e-35 -0.0095037319400674263 0.62500000000000011
decision_type=2 2 2 2 2 2
left_child=1 -1 3 -3 -2 -4
right_child=4 2 5 -5 -6 -7
leaf_value=-0.005429831588121113 0 0.0077682187832401666 0.016987931863558545 -0.0062914520821864429 -0.0096251140711270233 0.0021073655787855971
leaf_weight=24.020379580557346 15.330957397818564 15.430870100855826 15.469234898686411 23.684124827384949 23.469809755682945 15.979707032442091
leaf_count=139 66 67 89 108 108 77
internal_value=0 0.002135 0.00569304 0 -0.00612142 0.0123993
internal_weight=133.385 94.5843 70.5639 39.115 38.8008 31.4489
internal_count=654 480 341 175 174 166
is_linear=0
shrinkage=0.03


Tree=112
num_leaves=7
num_cat=0
split_feature=2 10 4 10 2 7
split_gain=2.34136 3.55904 2.65072 2.61766 1.87715 1.17044
threshold=0.46774193548387105 0.57500000000000007 0.10833333333333335 0.82500000000000007 0.17741935483870971 0.18264366864151124
decision_type=2 2 2 2 2 2
left_child=1 -1 -3 5 -4 -2
right_child=3 2 4 -5 -6 -7
leaf_value=0.012763699618069687 -0.015143419014915751 -0.0089360379915869956 0.0095988245742780996 0.001820584250535032 -0.0003505212632089772 -0.00019650975362874289
leaf_weight=18.42595187574625 16.075202651321888 19.267684951424599 18.158301368355751 15.771092265844343 27.60839170217514 17.856284439563751
leaf_count=96 87 89 85 85 131 81
internal_value=0 0.00263403 -8.55925e-05 -0.0052251 0.00297168 -0.00985429
internal_weight=133.163 83.4603 65.0344 49.7026 45.7667 33.9315
internal_count=654 401 305 253 216 168
is_linear=0
shrinkage=0.03


Tree=113
num_leaves=6
num_cat=0
split_feature=2 8 2 2 2
split_gain=2.29049 2.88732 3.14492 3.09725 2.89585
threshold=0.11290322580645162 1.0000000180025095e-35 0.37096774193548393 0.40322580645161293 0.69354838709677435
decision_type=2 2 2 2 2
left_child=-1 3 -3 -2 -5
right_child=1 2 -4 4 -6
leaf_value=0.0073571670521451957 -0.012447711249888757 0.011829421654725069 -0.0031575614869908315 0.0067534646224712159 -0.0067015230663209427
leaf_weight=22.583972200751305 29.768538683652878 17.847136922180653 15.116594240069388 21.468333095312119 26.152380794286728
leaf_count=109 134 97 70 104 140
internal_value=0 -0.00221975 0.00386551 -0.00561729 0
internal_weight=132.937 110.353 32.9637 77.3893 47.6207
internal_count=654 545 167 378 244
is_linear=0
shrinkage=0.03


Tree=114
num_leaves=6
num_cat=0
split_feature=16 12 9 12 17
split_gain=2.19544 2.95277 2.7616 6.53544 1.57855
threshold=0.89166666666666672 0.29166666666666669 0.20826580226904379 0.80833333333333346 0.079580614245543385
decision_type=2 2 2 2 2
left_child=1 -1 -3 -4 -2
right_child=4 2 3 -5 -6
leaf_value=-0.0051895147940651818 -0.010180633940034762 -0.0019664947502068667 0.015648703305400261 -0.0037258143321092251 0
leaf_weight=23.82668049633503 23.553310915827751 17.504062637686729 37.10956697165966 15.658138915896414 15.080246388912199
leaf_count=139 108 80 192 69 66
internal_value=0 0.00210035 0.00554972 0.00903605 -0.00593841
internal_weight=132.732 94.0984 70.2718 52.7677 38.6336
internal_count=654 480 341 261 174
is_linear=0
shrinkage=0.03


Tree=115
num_leaves=5
num_cat=0
split_feature=2 6 9 12
split_gain=2.1975 4.13999 3.73198 1.91771
threshold=0.14516129032258066 0.010517284879050128 0.18354943273905999 0.2416666666666667
decision_type=2 2 2 2
left_child=-1 2 -2 -4
right_child=1 -3 3 -5
leaf_value=0.0060810306180434153 -0.0091451093635208404 -0.01237954962237231 -0.0014759536041800165 0.007867655035678621
leaf_weight=30.239505529403687 18.559085480868816 23.662460088729858 15.284142740070818 44.728854686021805
leaf_count=144 89 112 88 221
internal_value=0 -0.00250822 0.000309441 0.00463463
internal_weight=132.474 102.235 78.5721 60.013
internal_count=654 510 398 309
is_linear=0
shrinkage=0.03


Tree=116
num_leaves=6
num_cat=0
split_feature=2 6 3 17 17
split_gain=2.19876 3.96336 3.19904 1.861 1.22515
threshold=0.46774193548387105 0.004202445887811935 1.0000000180025095e-35 -0.14107421357239491 -0.054833605578417807
decision_type=2 2 2 2 2
left_child=1 4 -2 -3 -1
right_child=2 3 -4 -5 -6
leaf_value=0.015232470523050819 0.00123762972208609 -0.0084229996115937431 -0.011469360466417227 0.0014432871316665753 0.0001086847561184201
leaf_weight=16.572618663311005 21.987080067396164 20.771918088197708 27.370747603476048 28.040841713547707 17.608969688415527
leaf_count=80 115 94 138 132 95
internal_value=0 0.00251916 -0.0051119 -0.00203278 0.00998075
internal_weight=132.352 82.9943 49.3578 48.8128 34.1816
internal_count=654 401 253 226 175
is_linear=0
shrinkage=0.03


Tree=117
num_leaves=5
num_cat=0
split_feature=6 8 15 10
split_gain=2.05079 1.79497 1.44925 1.26424
threshold=0.014496015141402309 1.0000000180025095e-35 0.38500000000000006 0.82500000000000007
decision_type=2 2 2 2
left_child=1 2 3 -1
right_child=-2 -3 -4 -5
leaf_value=-0.0080008640295069541 -0.0069590830331312655 0.0079224799421903688 0.004152631688302464 0
leaf_weight=24.172476403415203 27.403655737638474 25.13867574930191 28.34021133184433 27.259056851267815
leaf_count=115 129 140 139 131
internal_value=0 0.00158592 -5.26603e-05 -0.00359575
internal_weight=132.314 104.91 79.7717 51.4315
internal_count=654 525 385 246
is_linear=0
shrinkage=0.03


Tree=118
num_leaves=6
num_cat=0
split_feature=2 10 3 0 0
split_gain=2.07971 3.26554 3.08555 2.20462 3.88194
threshold=0.46774193548387105 0.57500000000000007 1.0000000180025095e-35 1.0000000180025095e-35 0.75000000000000011
decision_type=2 2 2 2 2
left_child=1 -1 -2 -3 -5
right_child=2 3 -4 4 -6
leaf_value=0.012260981914482565 0.0012602627292647819 0.0052720874327733241 -0.011206349391633383 -0.012828621435530032 0.0028105343167850638
leaf_weight=18.181348420679569 21.970915772020817 25.330370433628559 27.32632889598608 22.096532262861729 17.265651799738407
leaf_count=96 115 116 138 100 89
internal_value=0 0.00249332 -0.00494076 -7.35862e-05 -0.00507263
internal_weight=132.171 82.8739 49.2972 64.6926 39.3622
internal_count=654 401 253 305 189
is_linear=0
shrinkage=0.03


Tree=119
num_leaves=5
num_cat=0
split_feature=2 6 9 12
split_gain=2.05721 2.28389 2.69096 2.77135
threshold=0.11290322580645162 0.013543431585770762 0.15153970826580229 0.15833333333333335
decision_type=2 2 2 2
left_child=-1 2 -2 -4
right_child=1 -3 3 -5
leaf_value=0.0070316943988236345 -0.0094389988531166716 -0.010027601642698006 -0.0058211106184059115 0.0061357803661016546
leaf_weight=22.476621843874454 15.741421207785605 20.344044014811516 15.079995863139628 58.422420911490917
leaf_count=109 76 97 83 289
internal_value=0 -0.00207404 0 0.00270384
internal_weight=132.065 109.588 89.2438 73.5024
internal_count=654 545 448 372
is_linear=0
shrinkage=0.03


Tree=120
num_leaves=6
num_cat=0
split_feature=0 15 17 15 17
split_gain=1.99849 3.6167 4.72881 2.85721 1.8581
threshold=1.0000000180025095e-35 0.25500000000000006 -0.021341625642730417 0.50500000000000012 -0.087644203214678681
decision_type=2 2 2 2 2
left_child=4 2 -2 -3 -1
right_child=1 3 -4 -5 -6
leaf_value=0.0099880918968423965 -0.016634472790464781 0.0089480277830214956 0.00065466067195523272 -0.003835858620233916 0
leaf_weight=21.790636703372002 24.479849569499493 23.647863827645779 15.04883900284767 23.619259066879749 23.342353440821171
leaf_count=103 122 120 72 124 113
internal_value=0 -0.00294887 -0.00937051 0.00165615 0.00446709
internal_weight=131.929 86.7958 39.5287 47.2671 45.133
internal_count=654 438 194 244 216
is_linear=0
shrinkage=0.03


Tree=121
num_leaves=6
num_cat=0
split_feature=2 10 3 4 2
split_gain=1.96341 3.13421 2.97607 2.48555 1.63514
threshold=0.46774193548387105 0.57500000000000007 1.0000000180025095e-35 0.10833333333333335 0.17741935483870971
decision_type=2 2 2 2 2
left_child=1 -1 -2 -3 -5
right_child=2 3 -4 4 -6
leaf_value=0.01203617841726784 0.0012737642414071537 -0.0086699922506708275 -0.010963449598176762 0.0090642895423840471 -9.2270818926360761e-05
leaf_weight=18.089642710983753 21.895264595746994 19.149066314101219 27.259728565812111 18.04323972761631 27.396613352000713
leaf_count=96 115 89 138 85 131
internal_value=0 0.00244553 -0.00479032 -5.01644e-05 0.00289218
internal_weight=131.834 82.6786 49.155 64.5889 45.4399
internal_count=654 401 253 305 216
is_linear=0
shrinkage=0.03


Tree=122
num_leaves=6
num_cat=0
split_feature=16 6 7 17 6
split_gain=2.05392 2.61112 4.20799 1.50413 0.690281
threshold=0.89166666666666672 0.010517284879050128 -0.1811452517919587 0.079580614245543385 0.0010935439778611002
decision_type=2 2 2 2 2
left_child=1 2 4 -2 -1
right_child=3 -3 -4 -5 -6
leaf_value=-0.0054282160418437676 -0.0098882470411470452 -0.0041242877404007571 0.01256721212460073 0 0.0012879770622000824
leaf_weight=15.146699436008928 23.376918688416481 27.24646408110857 33.027996547520161 15.010793864727018 17.901318743824959
leaf_count=81 108 128 188 66 83
internal_value=0 0.00208546 0.00560022 -0.00572268 -0.000522084
internal_weight=131.71 93.3225 66.076 38.3877 33.048
internal_count=654 480 352 174 164
is_linear=0
shrinkage=0.03


Tree=123
num_leaves=7
num_cat=0
split_feature=16 12 7 0 17 4
split_gain=1.93628 2.5755 2.97406 2.33667 1.44401 0.00815228
threshold=0.89166666666666672 0.29166666666666669 -0.1811452517919587 1.0000000180025095e-35 0.079580614245543385 0.22500000000000003
decision_type=2 2 2 2 2 2
left_child=1 -1 3 -3 -2 -4
right_child=4 2 5 -5 -6 -7
leaf_value=-0.0047590588752853451 -0.0096606422848471811 0.0073594431247196342 0.0020450882032289988 -0.0059126291767283151 0 0.015024656908639526
leaf_weight=23.481149144470692 23.328392386436462 15.404783993959425 15.040478318929674 23.543278306722641 15.010793864727018 15.694098278880118
leaf_count=139 108 67 72 108 66 94
internal_value=0 0.00201464 0.0052664 0 -0.00556924 0.0115268
internal_weight=131.503 93.1638 69.6826 38.9481 38.3392 30.7346
internal_count=654 480 341 175 174 166
is_linear=0
shrinkage=0.03


Tree=124
num_leaves=6
num_cat=0
split_feature=2 8 2 2 17
split_gain=1.99826 2.62009 2.92851 2.78586 1.07501
threshold=0.11290322580645162 1.0000000180025095e-35 0.40322580645161293 0.69354838709677435 -0.017219340537449165
decision_type=2 2 2 2 2
left_child=-1 2 -2 -4 -3
right_child=1 4 3 -5 -6
leaf_value=0.0069719972772228737 -0.011954802428111599 0 0.0068148292196091457 -0.0064727072664102839 0.0082579134605037414
leaf_weight=22.340149953961372 29.502759888768196 15.478002130985258 21.255934700369835 25.740489430725574 16.991564407944679
leaf_count=109 134 78 104 140 89
internal_value=0 -0.00202959 -0.00530702 0 0.00376862
internal_weight=131.309 108.969 76.4992 46.9964 32.4696
internal_count=654 545 378 244 167
is_linear=0
shrinkage=0.03


Tree=125
num_leaves=6
num_cat=0
split_feature=2 8 2 2 17
split_gain=1.89609 2.48932 2.78443 2.65375 1.03497
threshold=0.11290322580645162 1.0000000180025095e-35 0.40322580645161293 0.69354838709677435 -0.017219340537449165
decision_type=2 2 2 2 2
left_child=-1 2 -2 -4 -3
right_child=1 4 3 -5 -6
leaf_value=0.0068004645864165316 -0.011662303216096332 0 0.006657138199117639 -0.0063208587757722602 0.0080765398977634996
leaf_weight=22.34262128174305 29.461464256048203 15.478002130985258 21.225554391741753 25.689005628228188 16.964643478393555
leaf_count=109 134 78 104 140 89
internal_value=0 -0.0019706 -0.00517712 0 0.00365899
internal_weight=131.161 108.819 76.376 46.9146 32.4426
internal_count=654 545 378 244 167
is_linear=0
shrinkage=0.03


Tree=126
num_leaves=7
num_cat=0
split_feature=12 17 9 12 6 9
split_gain=1.87833 3.21142 6.88456 4.48141 3.99483 1.04933
threshold=0.091666666666666688 -0.080837258332006764 0.35372771474878451 0.6083333333333335 0.0046633785607411724 0.61588330632090771
decision_type=2 2 2 2 2 2
left_child=-1 4 -3 -4 -2 -6
right_child=1 2 3 -5 5 -7
leaf_value=-0.0079771335799807448 0.015724060308562923 -0.016876589285428418 0.012009352984488835 -0.0045002537814488224 -0.0049753088802054436 0.0046023761002877287
leaf_weight=18.500977769494057 20.186051599681377 16.993384540081024 21.776427358388901 22.498527377843857 15.908501118421556 15.150935485959051
leaf_count=102 100 84 116 105 72 75
internal_value=0 0.00128825 -0.00261597 0.0027969 0.00684042 0
internal_weight=131.015 112.514 61.2683 44.275 51.2455 31.0594
internal_count=654 552 305 221 247 147
is_linear=0
shrinkage=0.03


Tree=127
num_leaves=5
num_cat=0
split_feature=9 7 17 3
split_gain=1.76615 4.02823 2.89036 1.46625
threshold=0.86264181523500827 0.12943658035294595 -0.052605134375546633 1.0000000180025095e-35
decision_type=2 2 2 2
left_child=1 2 3 -1
right_child=-2 -3 -4 -5
leaf_value=-0.0024621301805558683 -0.0069736188174148563 0.010242236242646217 -0.0091048603682898303 0.0060962318669096184
leaf_weight=20.250764653086662 23.087123297154903 29.58675043284893 27.047719113528728 30.839266046881676
leaf_count=106 120 148 139 141
internal_value=0 0.00140847 -0.00162954 0.00171713
internal_weight=130.812 107.725 78.1377 51.09
internal_count=654 534 386 247
is_linear=0
shrinkage=0.03


Tree=128
num_leaves=6
num_cat=0
split_feature=16 6 9 17 6
split_gain=1.87178 2.53151 1.60177 1.7319 0.899421
threshold=0.89166666666666672 0.010517284879050128 0.20826580226904379 -0.19714746078977888 -0.0095037319400674263
decision_type=2 2 2 2 2
left_child=1 2 -1 -4 -2
right_child=4 -3 3 -5 -6
leaf_value=0 0 -0.0040865909149480862 0 0.012036941267122811 -0.0086477322821183721
leaf_weight=19.691005975008011 15.186115160584448 27.065311118960381 15.247522786259649 30.496546819806099 23.003918379545212
leaf_count=95 66 128 85 172 108
internal_value=0 0.00202511 0.00551553 0.00840447 -0.00545402
internal_weight=130.69 92.5004 65.4351 45.7441 38.19
internal_count=654 480 352 257 174
is_linear=0
shrinkage=0.03


Tree=129
num_leaves=6
num_cat=0
split_feature=0 15 17 15 17
split_gain=1.84225 3.20862 4.31736 2.616 1.75424
threshold=1.0000000180025095e-35 0.25500000000000006 -0.031164561178778711 0.50500000000000012 -0.087644203214678681
decision_type=2 2 2 2 2
left_child=4 2 -2 -3 -1
right_child=1 3 -4 -5 -6
leaf_value=0.0097149496602336131 -0.016492334531377023 0.0085522514748050237 0 -0.0037351335528396285 0
leaf_weight=21.657006777822971 22.133695356547832 23.350605368614197 16.954087279736996 23.302184566855431 23.108612477779388
leaf_count=103 112 120 82 124 113
internal_value=0 -0.00281871 -0.00890315 0.00148586 0.00433934
internal_weight=130.506 85.7406 39.0878 46.6528 44.7656
internal_count=654 438 194 244 216
is_linear=0
shrinkage=0.03


Tree=130
num_leaves=7
num_cat=0
split_feature=12 17 9 9 6 9
split_gain=1.73183 2.99806 6.51134 4.22906 3.76639 1.0329
threshold=0.091666666666666688 -0.080837258332006764 0.35372771474878451 0.74594813614262578 0.0046633785607411724 0.61588330632090771
decision_type=2 2 2 2 2 2
left_child=-1 4 -3 -4 -2 -6
right_child=1 2 3 -5 5 -7
leaf_value=-0.0077049359586426648 0.015220052467545417 -0.016459626221508969 0.010630286873819924 -0.005553810760231077 -0.0049794280244175844 0.0045257057635015646
leaf_weight=18.372893884778023 20.159275718033314 16.907174207270145 25.393638744950294 18.591300509870052 15.874656006693842 15.116530090570448
leaf_count=102 100 84 129 92 72 75
internal_value=0 0.00120905 -0.0025574 0.00269617 0.00658985 0
internal_weight=130.415 112.043 60.8921 43.9849 51.1505 30.9912
internal_count=654 552 305 221 247 147
is_linear=0
shrinkage=0.03


Tree=131
num_leaves=5
num_cat=0
split_feature=2 6 3 3
split_gain=1.85 3.1645 3.05297 1.64777
threshold=0.46774193548387105 0.004202445887811935 1.0000000180025095e-35 1.0000000180025095e-35
decision_type=2 2 2 2
left_child=1 -1 -2 -3
right_child=2 3 -4 -5
leaf_value=0.0091409694686289261 0.0015390362023214115 -0.0080432729562015491 -0.01098509833187479 0.0014175036784735032
leaf_weight=33.562648579478264 21.60059754550457 18.868715040385723 26.865627944469452 29.368549451231956
leaf_count=175 115 91 138 135
internal_value=0 0.00241054 -0.00465916 -0.00156404
internal_weight=130.266 81.7999 48.4662 48.2373
internal_count=654 401 253 226
is_linear=0
shrinkage=0.03


Tree=132
num_leaves=6
num_cat=0
split_feature=16 6 7 6 7
split_gain=1.77383 2.31395 3.77096 0.869654 0.469405
threshold=0.89166666666666672 0.010517284879050128 -0.1811452517919587 -0.0095037319400674263 -0.40114412538871169
decision_type=2 2 2 2 2
left_child=1 2 4 -2 -1
right_child=3 -3 -4 -5 -6
leaf_value=0.00096604380482590447 0 -0.0038254954299022296 0.011998438118925703 -0.0084672474660465284 -0.0043136155109858984
leaf_weight=15.75946284085512 15.158957317471502 26.97887559235096 32.368575274944305 22.926129758358002 16.971837587654591
leaf_count=76 66 128 188 108 88
internal_value=0 0.00197063 0.00533012 -0.0053201 -0.00039022
internal_weight=130.164 92.0788 65.0999 38.0851 32.7313
internal_count=654 480 352 174 164
is_linear=0
shrinkage=0.03


Tree=133
num_leaves=5
num_cat=0
split_feature=2 6 9 4
split_gain=1.85296 3.09172 2.8194 3.92638
threshold=0.14516129032258066 0.010517284879050128 0.18354943273905999 0.10833333333333335
decision_type=2 2 2 2
left_child=-1 2 -2 -4
right_child=1 -3 3 -5
leaf_value=0.0056983650435451713 -0.0080637885010265975 -0.010857841711071134 -0.0037822846207001149 0.0099952097287900072
leaf_weight=29.843361720442772 18.258088774979115 23.144146330654621 21.946883469820023 36.781625784933567
leaf_count=144 89 112 110 199
internal_value=0 -0.0022585 9.93702e-05 0.00401226
internal_weight=129.974 100.131 76.9866 58.7285
internal_count=654 510 398 309
is_linear=0
shrinkage=0.03


Tree=134
num_leaves=5
num_cat=0
split_feature=2 6 9 4
split_gain=1.77287 2.93303 2.67093 3.7474
threshold=0.14516129032258066 0.010517284879050128 0.18354943273905999 0.10833333333333335
decision_type=2 2 2 2
left_child=-1 2 -2 -4
right_child=1 -3 3 -5
leaf_value=0.0055508173245828272 -0.0078840296216914074 -0.010606565875106139 -0.0036909826336462542 0.0097536774541618944
leaf_weight=29.850335627794266 18.228601858019829 23.100788444280624 21.938883543014526 36.686952620744705
leaf_count=144 89 112 110 199
internal_value=0 -0.00222969 4.92967e-05 0.00388474
internal_weight=129.806 99.9552 76.8544 58.6258
internal_count=654 510 398 309
is_linear=0
shrinkage=0.03


Tree=135
num_leaves=6
num_cat=0
split_feature=0 15 17 15 17
split_gain=1.76632 2.86497 4.19232 2.46664 1.63902
threshold=1.0000000180025095e-35 0.25500000000000006 -0.031164561178778711 0.50500000000000012 -0.087644203214678681
decision_type=2 2 2 2 2
left_child=4 2 -2 -3 -1
right_child=1 3 -4 -5 -6
leaf_value=0.0094170852589733744 -0.01609609915871597 0.0081863267884054892 0 -0.0038234458159781331 0
leaf_weight=21.62316457927227 21.93409363925457 23.144447237253189 16.861516386270523 23.116271011531353 22.959483943879604
leaf_count=103 112 120 82 124 113
internal_value=0 -0.0027956 -0.00855474 0.00122703 0.00422687
internal_weight=129.639 85.0563 38.7956 46.2607 44.5826
internal_count=654 438 194 244 216
is_linear=0
shrinkage=0.03


Tree=136
num_leaves=6
num_cat=0
split_feature=2 3 6 12 17
split_gain=1.75157 2.92971 2.81458 2.01573 1.13183
threshold=0.46774193548387105 1.0000000180025095e-35 0.004202445887811935 0.80833333333333346 -0.054833605578417807
decision_type=2 2 2 2 2
left_child=2 -2 4 -4 -1
right_child=1 -3 3 -5 -6
leaf_value=0.013598335230880047 0.0014820617001596495 -0.010779918947684311 0.0021390750086285508 -0.0085651456739743847 0
leaf_weight=16.229888744652271 21.491394057869911 26.700214378535748 29.157992847263813 18.924067378044128 17.044278912246227
leaf_count=80 115 138 139 87 95
internal_value=0 -0.00455831 0.00233589 -0.0013535 0.00871515
internal_weight=129.548 48.1916 81.3562 48.0821 33.2742
internal_count=654 253 401 226 175
is_linear=0
shrinkage=0.03


Tree=137
num_leaves=6
num_cat=0
split_feature=0 15 6 15 15
split_gain=1.6575 2.73861 3.62807 2.36081 1.36999
threshold=1.0000000180025095e-35 0.25500000000000006 0.00014434289172216011 0.50500000000000012 0.25500000000000006
decision_type=2 2 2 2 2
left_child=4 2 -2 -3 -1
right_child=1 3 -4 -5 -6
leaf_value=0.0087309933446345165 0 0.0080504317624493504 -0.015715417271609609 -0.0036776417913085791 0
leaf_weight=22.253581307828426 18.208444103598595 23.113455228507519 20.50791347771883 23.104684233665466 22.293629072606564
leaf_count=109 92 120 102 124 107
internal_value=0 -0.00268259 -0.00833152 0.00122938 0.00412861
internal_weight=129.482 84.9345 38.7164 46.2181 44.5472
internal_count=654 438 194 244 216
is_linear=0
shrinkage=0.03


Tree=138
num_leaves=6
num_cat=0
split_feature=8 2 2 2 2
split_gain=1.69898 2.1966 2.49293 2.39593 1.28394
threshold=1.0000000180025095e-35 0.11290322580645162 0.40322580645161293 0.69354838709677435 0.33870967741935493
decision_type=2 2 2 2 2
left_child=1 -1 -3 -4 -2
right_child=4 2 3 -5 -6
leaf_value=0.0050199849027237195 0.0091471878377255931 -0.01117978306853658 0.006305037362503178 -0.0061102757025461004 0
leaf_weight=16.142028480768204 20.099275030195713 29.182063266634941 20.878751218318939 25.200960591435432 17.877525582909584
leaf_count=75 117 134 104 140 84
internal_value=0 -0.0024624 -0.00502752 0 0.00468806
internal_weight=129.381 91.4038 75.2618 46.0797 37.9768
internal_count=654 453 378 244 201
is_linear=0
shrinkage=0.03


Tree=139
num_leaves=6
num_cat=0
split_feature=16 12 7 0 6
split_gain=1.61548 2.15748 2.60431 2.03054 0.837134
threshold=0.89166666666666672 0.29166666666666669 -0.1811452517919587 1.0000000180025095e-35 -0.0095037319400674263
decision_type=2 2 2 2 2
left_child=1 -1 3 -3 -2
right_child=4 2 -4 -5 -6
leaf_value=-0.0042821711881365944 0 0.0068468791294900438 0.010865464447298231 -0.005555735957207676 -0.0081710680729548835
leaf_weight=22.680996991693974 15.115275129675863 15.375952690839766 29.981313362717628 23.259633705019951 22.791483029723167
leaf_count=139 66 67 166 108 108
internal_value=0 0.00191138 0.00492546 0 -0.00506817
internal_weight=129.205 91.2979 68.6169 38.6356 37.9068
internal_count=654 480 341 175 174
is_linear=0
shrinkage=0.03


Tree=140
num_leaves=7
num_cat=0
split_feature=2 3 6 8 17 17
split_gain=1.66589 2.85609 2.63065 2.60444 1.09832 0.997339
threshold=0.46774193548387105 1.0000000180025095e-35 0.004202445887811935 1.0000000180025095e-35 -0.054833605578417807 -0.14424801032339726
decision_type=2 2 2 2 2 2
left_child=2 -2 4 5 -1 -4
right_child=1 -3 3 -5 -6 -7
leaf_value=0.013309573506783901 0.0015336112348957782 -0.010584728768776768 -0.010847657113873154 0.0060000404325608707 0 0
leaf_weight=16.139194957911968 21.417107976973057 26.612481087446213 16.833166733384129 15.825661264359949 16.966631755232811 15.22328642010689
leaf_count=80 115 138 77 75 95 74
internal_value=0 -0.00441444 0.0023277 -0.00120883 0.00850473 -0.00671624
internal_weight=129.018 48.0296 80.9879 47.8821 33.1058 32.0565
internal_count=654 253 401 226 175 151
is_linear=0
shrinkage=0.03


Tree=141
num_leaves=5
num_cat=0
split_feature=2 6 16 9
split_gain=1.58286 2.64764 3.24525 3.2353
threshold=0.14516129032258066 0.010517284879050128 0.87500000000000011 0.20826580226904379
decision_type=2 2 2 2
left_child=-1 2 3 -2
right_child=1 -3 -4 -5
leaf_value=0.0053175714443728503 -0.0034124168834252511 -0.010067010598685753 -0.0077700853837152648 0.0096218254673134176
leaf_weight=29.714289799332619 16.665625095367432 22.879445478320122 22.07680244743824 37.621493443846703
leaf_count=144 83 112 97 218
internal_value=0 -0.0020614 7.09818e-05 0.00465808
internal_weight=128.958 99.2434 76.3639 54.2871
internal_count=654 510 398 301
is_linear=0
shrinkage=0.03


Tree=142
num_leaves=6
num_cat=0
split_feature=8 6 12 17 17
split_gain=1.57849 1.63678 2.93299 2.22214 1.09195
threshold=1.0000000180025095e-35 0.0046633785607411724 0.80833333333333346 -0.087644203214678681 -0.019026318698535005
decision_type=2 2 2 2 2
left_child=1 3 -3 -1 -2
right_child=4 2 -4 -5 -6
leaf_value=0.0078452568412268973 0 0 -0.013922049767417607 -0.0035941368080084461 0.0085866067769887668
leaf_weight=20.545809328556061 17.441479988396168 22.910184726119041 18.944794684648514 28.646055169403553 20.337341919541359
leaf_count=107 95 114 91 141 106
internal_value=0 -0.00236073 -0.00653561 0.000359554 0.00454931
internal_weight=128.826 91.0468 41.855 49.1919 37.7788
internal_count=654 453 205 248 201
is_linear=0
shrinkage=0.03


Tree=143
num_leaves=7
num_cat=0
split_feature=12 17 12 6 10 17
split_gain=1.57139 2.63554 3.02924 2.88906 0.891931 0.539056
threshold=0.091666666666666688 -0.080837258332006764 0.6083333333333335 0.0046633785607411724 0.52500000000000013 -0.20601867051545714
decision_type=2 2 2 2 2 2
left_child=-1 3 4 -2 -3 -5
right_child=1 2 -4 5 -6 -7
leaf_value=-0.0073522777572118262 0.013866885231914464 0 -0.0092512947562643395 -0.0033188486800949982 0.0070261298666831626 0.0035792169589745565
leaf_weight=18.091524824500084 19.907058335840702 15.67936682701111 28.056574329733849 15.610933959484102 16.241454184055328 15.14908955991268
leaf_count=102 100 74 135 72 96 75
internal_value=0 0.00119815 -0.00231677 0.00627115 0.00258062 0
internal_weight=128.736 110.644 59.9774 50.6671 31.9208 30.76
internal_count=654 552 305 247 170 147
is_linear=0
shrinkage=0.03


Tree=144
num_leaves=5
num_cat=0
split_feature=9 2 15 17
split_gain=1.58949 3.06159 5.45832 4.84765
threshold=0.86264181523500827 0.69354838709677435 0.72500000000000009 -0.12746823999305398
decision_type=2 2 2 2
left_child=1 2 3 -1
right_child=-2 -3 -4 -5
leaf_value=0 -0.0066692832870537035 -0.00556606463590433 -0.0069653013263474353 0.016386933252694129
leaf_weight=27.660758152604103 22.482441395521164 28.527857348322868 17.225558280944824 32.693608343601227
leaf_count=128 120 158 91 157
internal_value=0 0.00136868 0.00482792 0.00938724
internal_weight=128.59 106.108 77.5799 60.3544
internal_count=654 534 376 285
is_linear=0
shrinkage=0.03


Tree=145
num_leaves=5
num_cat=0
split_feature=2 6 16 9
split_gain=1.53443 2.44534 2.99209 3.09108
threshold=0.14516129032258066 0.010517284879050128 0.87500000000000011 0.20826580226904379
decision_type=2 2 2 2
left_child=-1 2 3 -2
right_child=1 -3 -4 -5
leaf_value=0.0052038225808051361 -0.0034364658268401039 -0.0097577793745246867 -0.0075564930296210132 0.0093111967618119754
leaf_weight=29.621194027364254 16.623060368001461 22.771693393588066 22.016991496086121 37.409272074699402
leaf_count=144 83 112 97 218
internal_value=0 -0.00206673 0 0.00441409
internal_weight=128.442 98.821 76.0493 54.0323
internal_count=654 510 398 301
is_linear=0
shrinkage=0.03


Tree=146
num_leaves=5
num_cat=0
split_feature=9 7 6 6
split_gain=1.5212 3.68654 3.25065 2.73519
threshold=0.86264181523500827 0.12943658035294595 -0.0084678537612436471 0.0040020856230176269
decision_type=2 2 2 2
left_child=1 2 -1 -4
right_child=-2 -3 3 -5
leaf_value=-0.011492071777266419 -0.0065625053799855297 0.0098723502299408773 0.0092098064334239799 -0.0026131474014672819
leaf_weight=18.052491404116154 22.446392446756363 28.844023026525974 21.646246343851089 37.323217891156673
leaf_count=93 120 148 113 180
internal_value=0 0.00129895 -0.00158629 0.00116946
internal_weight=128.312 105.866 77.022 58.9695
internal_count=654 534 386 293
is_linear=0
shrinkage=0.03


Tree=147
num_leaves=6
num_cat=0
split_feature=8 15 15 7 17
split_gain=1.54 1.46216 4.75209 3.09802 1.04632
threshold=1.0000000180025095e-35 0.50500000000000012 0.35500000000000004 0.024374758565765441 -0.019026318698535005
decision_type=2 2 2 2 2
left_child=1 2 3 -1 -2
right_child=4 -3 -4 -5 -6
leaf_value=0 0 -0.0085901403512762264 0.011924006688872696 -0.012445750988654834 0.0084150514840218814
leaf_weight=33.13092890381813 17.364870265126228 20.138370625674725 16.527581967413425 20.851200915873051 20.258866302669048
leaf_count=170 95 100 86 97 106
internal_value=0 -0.00237393 0 -0.00454062 0.00445768
internal_weight=128.272 90.6481 70.5097 53.9821 37.6237
internal_count=654 453 353 267 201
is_linear=0
shrinkage=0.03


Tree=148
num_leaves=6
num_cat=0
split_feature=2 3 10 4 2
split_gain=1.57233 2.77158 2.39712 1.92758 1.2481
threshold=0.46774193548387105 1.0000000180025095e-35 0.57500000000000007 0.10833333333333335 0.17741935483870971
decision_type=2 2 2 2 2
left_child=2 -2 -1 -4 -5
right_child=1 -3 3 4 -6
leaf_value=0.010753388758038059 0.0015148103036845418 -0.010433566961864186 -0.0076335335769463749 0.0080668447845352632 0
leaf_weight=17.403101779520512 21.333274036645889 26.379065498709679 18.686492875218391 17.710775263607502 26.646560825407505
leaf_count=96 115 138 89 85 131
internal_value=0 -0.00431598 0.00225159 0 0.00268032
internal_weight=128.159 47.7123 80.4469 63.0438 44.3573
internal_count=654 253 401 305 216
is_linear=0
shrinkage=0.03


Tree=149
num_leaves=6
num_cat=0
split_feature=12 2 12 15 15
split_gain=1.53607 2.42542 3.14609 2.38748 2.17192
threshold=0.091666666666666688 0.46774193548387105 0.80833333333333346 0.35500000000000004 0.13500000000000004
decision_type=2 2 2 2 2
left_child=-1 2 4 -3 -2
right_child=1 3 -4 -5 -6
leaf_value=-0.0073067652795626211 0 -0.009952144791517346 -0.0012328388533381991 0.0021179034349787813 0.014301518233083369
leaf_weight=17.958427257835865 16.456153571605682 22.245954714715481 28.991036280989647 15.954496510326861 26.439011082053185
leaf_count=102 78 112 132 84 146
internal_value=0 0.00116702 0.00469635 -0.00386052 0.00966673
internal_weight=128.045 110.087 71.8862 38.2005 42.8952
internal_count=654 552 356 196 224
is_linear=0
shrinkage=0.03


end of trees

feature_importances:
Column_2=125
Column_12=106
Column_6=94
Column_7=90
Column_17=56
Column_9=55
Column_16=52
Column_10=47
Column_15=47
Column_8=43
Column_4=30
Column_0=24
Column_3=21
Column_18=15
Column_1=7
Column_5=1

parameters:
[boosting: gbdt]
[objective: binary]
[metric: binary_logloss]
[tree_learner: serial]
[device_type: cpu]
[data_sample_strategy: bagging]
[data: ]
[valid: ]
[num_iterations: 150]
[learning_rate: 0.03]
[num_leaves: 31]
[num_threads: 4]
[seed: 42]
[deterministic: 0]
[force_col_wise: 0]
[force_row_wise: 0]
[histogram_pool_size: -1]
[max_depth: 4]
[min_data_in_leaf: 20]
[min_sum_hessian_in_leaf: 15]
[bagging_fraction: 0.8]
[pos_bagging_fraction: 1]
[neg_bagging_fraction: 1]
[bagging_freq: 0]
[bagging_seed: 400]
[bagging_by_query: 0]
[feature_fraction: 0.7]
[feature_fraction_bynode: 1]
[feature_fraction_seed: 30056]
[extra_trees: 0]
[extra_seed: 12879]
[early_stopping_round: 0]
[early_stopping_min_delta: 0]
[first_metric_only: 0]
[max_delta_step: 0]
[lambda_l1: 2]
[lambda_l2: 5]
[linear_lambda: 0]
[min_gain_to_split: 0]
[drop_rate: 0.1]
[max_drop: 50]
[skip_drop: 0.5]
[xgboost_dart_mode: 0]
[uniform_drop: 0]
[drop_seed: 17869]
[top_rate: 0.2]
[other_rate: 0.1]
[min_data_per_group: 100]
[max_cat_threshold: 32]
[cat_l2: 10]
[cat_smooth: 10]
[max_cat_to_onehot: 4]
[top_k: 20]
[monotone_constraints: ]
[monotone_constraints_method: basic]
[monotone_penalty: 0]
[feature_contri: ]
[forcedsplits_filename: ]
[refit_decay_rate: 0.9]
[cegb_tradeoff: 1]
[cegb_penalty_split: 0]
[cegb_penalty_feature_lazy: ]
[cegb_penalty_feature_coupled: ]
[path_smooth: 0]
[interaction_constraints: ]
[verbosity: -1]
[saved_feature_importance_type: 0]
[use_quantized_grad: 0]
[num_grad_quant_bins: 4]
[quant_train_renew_leaf: 0]
[stochastic_rounding: 1]
[linear_tree: 0]
[max_bin: 255]
[max_bin_by_feature: ]
[min_data_in_bin: 3]
[bin_construct_sample_cnt: 200000]
[data_random_seed: 175]
[is_enable_sparse: 1]
[enable_bundle: 1]
[use_missing: 1]
[zero_as_missing: 0]
[feature_pre_filter: 1]
[pre_partition: 0]
[two_round: 0]
[header: 0]
[label_column: ]
[weight_column: ]
[group_column: ]
[ignore_column: ]
[categorical_feature: ]
[forcedbins_filename: ]
[precise_float_parser: 0]
[parser_config_file: ]
[objective_seed: 16083]
[num_class: 1]
[is_unbalance: 0]
[scale_pos_weight: 1]
[sigmoid: 1]
[boost_from_average: 1]
[reg_sqrt: 0]
[alpha: 0.9]
[fair_c: 1]
[poisson_max_delta_step: 0.7]
[tweedie_variance_power: 1.5]
[lambdarank_truncation_level: 30]
[lambdarank_norm: 1]
[label_gain: ]
[lambdarank_position_bias_regularization: 0]
[eval_at: ]
[multi_error_top_k: 1]
[auc_mu_weights: ]
[num_machines: 1]
[local_listen_port: 12400]
[time_out: 120]
[machine_list_filename: ]
[machines: ]
[gpu_platform_id: -1]
[gpu_device_id: -1]
[gpu_device_id_list: ]
[gpu_use_dp: 0]
[num_gpu: 1]

end of parameters

pandas_categorical:null
